Component,q1,q2,q3,q4,q5,q6,q7,Energy,Error,Num_Transitions,E_marvel,e_E_marvel,Residual
0,0,0,0,0,0,1,e,0.0,,59,0.0,0.0,0.0
0,0,0,0,0,1,1,e,2322.435433011997,0.0015721812872566572,2,2322.4351855707,0.001574,0.0002474412967785611
0,0,1,0,0,0,1,e,1355.6544291253485,0.001044030650891055,1,1355.6544223136,0.001044,6.8117485625407426e-06
0,0,1,0,0,0,2,e,1244.593950423399,0.00030066592756745815,2,1244.5939362127,0.0003007,1.4210698964234325e-05
0,0,1,0,0,1,1,e,3655.1218671584097,0.0013361713961913717,3,3655.1224028811,0.001338,-0.0005357226900741807
0,0,1,0,0,1,2,e,3547.2814047881,0.0015721812872566572,2,3547.2811573468,0.001574,0.0002474413004165399
0,0,1,0,0,2,1,e,5930.289413130404,0.0015721812872566572,1,5930.2891656891,0.001574,0.0002474413040545187
0,0,1,0,0,2,2,e,5825.332293130404,0.0015721812872566572,2,5825.3320456891,0.001574,0.0002474413040545187
0,0,2,0,0,0,2,e,2585.6660231304036,0.0015721812872566572,1,2585.6657756891,0.001574,0.00024744130359977135
0,0,2,0,0,0,3,e,2473.490373130404,0.0015721812872566572,1,2473.4901256891,0.001574,0.0002474413040545187
0,0,2,0,0,1,1,e,5013.945997947574,0.0012157935680040424,2,5013.9457505063,0.001218,0.00024744127404119354
0,0,2,0,0,1,2,e,4866.9020061491965,0.0012133235347589694,2,4866.9017587079,0.001216,0.0002474412967785611
0,0,2,0,0,1,3,e,4755.559344999526,0.0012133235347589694,3,4755.5590975582,0.001216,0.00024744132588239154
0,0,3,0,0,1,1,e,6391.961113130404,0.0015721812872566572,1,6391.9608656891,0.001574,0.0002474413040545187
0,0,3,0,0,1,2,e,6207.760213130404,0.0015721812872566572,1,6207.7599656891,0.001574,0.0002474413040545187
0,0,3,0,0,1,3,e,6073.762105609088,0.0013361713961913717,2,6073.7618581678,0.001338,0.00024744128859310877
0,0,3,0,0,1,4,e,5946.978913130403,0.0015721812872566572,1,5946.9786656891,0.001574,0.000247441303145024
0,0,4,0,0,1,2,e,7570.713613130403,0.0015721812872566572,1,7570.7133656891,0.001574,0.000247441303145024
0,0,4,0,0,1,3,e,7399.615113130403,0.0015721812872566572,1,7399.6148656891,0.001574,0.000247441303145024
0,0,4,0,0,1,4,e,7271.590113130404,0.0015721812872566572,1,7271.5898656891,0.001574,0.000247441303145024
0,1,0,0,0,0,1,e,0.7142131304037775,0.0012131586870644747,62,0.7139656891,0.001215,0.00024744130377751805
0,1,0,0,0,1,1,e,2323.1427783336458,2.256102834535696e-05,5,2323.1427647104,2.256e-05,1.3623245649796445e-05
0,1,0,0,0,2,1,e,4621.031699798772,0.0003,2,4621.0316986739,0.0003,1.1248721420997754e-06
0,1,0,0,0,3,1,e,6894.408795,0.001,2,6894.408795,0.001,0.0
0,1,0,1,1,0,1,e,660.4159246540202,0.0011010903686800644,15,660.4151910842,0.001181,0.000733569820113189
0,1,0,1,1,0,1,f,660.4181199777847,0.0007107292030020998,14,660.4171610562,0.0007472,0.0009589215846972365
0,1,0,1,1,1,1,e,2970.532875011658,0.0012693053218197738,1,2970.5322497741,0.00129,0.0006252375578696956
0,1,0,1,1,1,1,f,2970.537038528766,0.0014911740341086953,1,2970.5369032431,0.001532,0.00013528566614695592
0,1,0,1,1,3,1,e,7517.262715011658,0.0012693053218197738,1,7517.2620897741,0.00129,0.0006252375578696956
0,1,0,1,1,3,1,f,7517.266878528766,0.0014911740341086953,1,7517.2667432431,0.001532,0.00013528566614695592
0,1,1,0,0,0,1,e,1356.3686635716385,0.0012502615726319032,3,1356.3704805978,0.001602,-0.0018170261614613992
0,1,1,0,0,0,2,e,1245.307623145941,0.0012496615541817712,2,1245.3076267521,0.001252,-3.60615899808181e-06
0,1,1,0,0,1,1,e,3655.8314491253486,0.0003,7,3655.8314423136,0.0003,6.811748789914418e-06
0,1,1,0,0,1,2,e,3547.988868159202,0.0003,7,3547.988861852,0.0003,6.307202056632377e-06
0,1,1,0,0,2,1,e,5930.9921853406895,0.00100024996875781,1,5930.9921717172,0.001,1.362348939437652e-05
0,1,1,0,0,2,2,e,5826.034397670344,0.001,4,5826.0343908586,0.001,6.811744242440909e-06
0,1,1,0,0,3,2,e,8079.45818534069,0.002000124996093994,1,8079.4581717172,0.002,1.3623490303871222e-05
0,1,1,1,1,0,1,e,2036.7532053406894,0.00100024996875781,1,2036.7531917172,0.001,1.362348939437652e-05
0,1,1,1,1,1,1,e,4323.9423050116575,0.0012693053218197738,1,4323.9416797741,0.00129,0.0006252375578696956
0,1,1,1,1,1,1,f,4323.946468528766,0.0014911740341086953,1,4323.9463332431,0.001532,0.00013528566614695592
0,1,1,1,1,1,2,e,4175.778040607846,0.0007714505816965853,3,4175.777350206,0.0008052,0.000690401846441091
0,1,1,1,1,1,2,f,4175.778458272256,0.0011412274094149684,3,4175.7775863561,0.001219,0.0008719161560293287
0,1,1,1,1,2,1,f,6586.836813130403,0.0015721812872566572,1,6586.8365656891,0.001574,0.000247441303145024
0,1,1,1,1,2,2,e,6441.543995011658,0.0012693053218197738,2,6441.5433697741,0.00129,0.0006252375578696956
0,1,1,1,1,2,2,f,6441.547038892214,0.0014874138630522442,2,6441.5465483867,0.001548,0.0004905055138806347
0,1,2,0,0,0,1,e,2738.9571653406892,0.00100024996875781,1,2738.9571517172,0.001,1.362348939437652e-05
0,1,2,0,0,0,2,e,2586.381207670345,0.001,2,2586.3812008586,0.001,6.81174469718826e-06
0,1,2,0,0,0,3,e,2474.2040276703447,0.001,2,2474.2040208586,0.001,6.81174469718826e-06
0,1,2,0,0,1,1,e,5014.65574401999,4.582575694955841e-05,5,5014.6557484097,4.583e-05,-4.389709829411004e-06
0,1,2,0,0,1,2,e,4867.609241315006,2e-05,10,4867.6092304093,2e-05,1.0905706403718796e-05
0,1,2,0,0,1,3,e,4756.267499531791,2.4494897427831785e-05,7,4756.2674820161,2.449e-05,1.7515691070002504e-05
0,1,2,0,0,2,2,e,7124.5941,0.001,1,7124.5941,0.001,0.0
0,1,2,1,1,1,1,e,5695.487965011657,0.0012693053218197738,1,5695.4873397741,0.00129,0.0006252375569602009
0,1,2,1,1,1,1,f,5695.4921285287655,0.0014911740341086953,1,5695.4919932431,0.001532,0.00013528566523746122
0,1,2,1,1,1,2,e,5520.206355823961,0.0007909083385576358,2,5520.2057305864,0.0008239,0.0006252375605981797
0,1,2,1,1,1,2,f,5520.210512669144,0.00111265448365609,2,5520.2103773835,0.001166,0.00013528564431908308
0,1,2,1,1,1,3,e,5368.1311773977,0.0008000224996836026,2,5368.1305521602,0.0008326,0.0006252375005715294
0,1,2,1,1,1,3,f,5368.135340914809,0.0011191514642799698,2,5368.1352056291,0.001172,0.0001352857088932069
0,1,3,0,0,0,3,e,3812.0445053406897,0.00030083217912982643,1,3812.0444917172,0.0003008,1.3623489849123871e-05
0,1,3,0,0,1,1,e,6392.673092670344,0.001,2,6392.6730858586,0.001,6.811744242440909e-06
0,1,3,0,0,1,2,e,6208.4698,0.001,1,6208.4698,0.001,0.0
0,1,3,0,0,1,3,e,6074.467106405808,0.0005604462507680821,3,6074.4670954079,0.0005604,1.099790824810043e-05
0,1,3,0,0,1,4,e,5947.688,0.001,1,5947.688,0.001,0.0
0,1,3,1,1,1,1,e,7082.304215011658,0.0012693053218197738,1,7082.3035897741,0.00129,0.0006252375578696956
0,1,3,1,1,1,2,e,6879.038615011657,0.0012693053218197738,1,6879.0379897741,0.00129,0.0006252375569602009
0,1,3,1,1,1,2,f,6879.042778528766,0.0014911740341086953,1,6879.0426432431,0.001532,0.00013528566523746122
0,1,3,1,1,1,3,e,6709.364415011658,0.0012693053218197738,1,6709.3637897741,0.00129,0.0006252375578696956
0,1,3,1,1,1,3,f,6709.368578528765,0.0014911740341086953,1,6709.3684432431,0.001532,0.00013528566523746122
0,1,3,1,1,1,4,f,6547.943378528766,0.0014911740341086953,1,6547.9432432431,0.001532,0.00013528566523746122
0,1,4,0,0,1,2,e,7571.421732333226,0.00100024996875781,2,7571.4217289147,0.001,3.4185259210062213e-06
0,1,4,0,0,1,3,e,7400.321442670343,0.001,2,7400.3214358586,0.001,6.811742423451506e-06
0,1,4,0,0,1,4,e,7272.295681421471,0.001,3,7272.2956705574,0.001,1.0864071555261035e-05
0,1,4,0,0,1,5,e,7124.4268926703435,0.001,2,7124.4268858586,0.001,6.811743332946207e-06
0,1,4,1,1,1,3,e,8058.409715011658,0.0012693053218197738,1,8058.4090897741,0.00129,0.0006252375578696956
0,10,0,0,0,0,1,e,39.2611796150652,3.343650699460099e-05,120,39.2611236723,3.344e-05,5.594276520071162e-05
0,10,0,0,0,1,1,e,2361.387215863888,0.0012128326347851958,7,2361.3869701033,0.001215,0.0002457605878589675
0,10,0,0,0,2,1,e,4658.973610878167,0.0012493014047858908,4,4658.9733658251,0.001252,0.0002450530673741014
0,10,0,0,0,3,1,e,6932.047673210286,0.0015718632256020242,3,6932.0474283347,0.001574,0.0002448755858495133
0,10,0,1,1,0,1,e,699.0079753296803,0.0007514891882123122,45,699.0079752838,0.000787,4.588036972563714e-08
0,10,0,1,1,0,1,f,699.0657616579263,0.0010462963251392982,42,699.0649849884,0.001046,0.0007766695262034773
0,10,0,1,1,1,1,e,3008.8272984924424,0.0014469402199123501,2,3008.8267184273,0.001447,0.0005800651424578973
0,10,0,1,1,1,1,f,3008.883507299982,0.0011767480613963212,2,3008.8827726922,0.001199,0.0007346077818510821
0,10,0,1,1,2,1,e,5294.1361807659305,0.0010898330147320735,2,5294.135632017,0.00109,0.0005487489306688076
0,10,0,1,1,2,1,f,5294.184605096045,0.0005510154262813338,2,5294.1830784043,0.0007317,0.001526691744402342
0,10,0,1,1,3,1,e,7554.955529944835,0.0014469402199123501,1,7554.9549429321,0.001447,0.0005870127351954579
0,10,0,1,1,3,1,f,7555.0085121211505,0.0011767480613963212,1,7555.0077579946,0.001199,0.0007541265504187322
0,10,0,2,2,0,1,e,1359.2243724246532,0.005044799302251776,13,1359.2232907705,0.005063,0.0010816541532676638
0,10,0,2,2,0,1,f,1359.223612606745,0.005026927491022722,10,1359.2228427232,0.005027,0.0007698835449900798
0,10,0,2,2,1,1,e,3656.7533517096,0.005107837115648854,1,3656.752878375,0.005108,0.0004733345999738958
0,10,0,2,2,1,1,f,3656.7541186644135,0.005142956348249517,1,3656.7533328471,0.00516,0.0007858173134991375
0,10,0,2,2,3,1,e,8178.3892017096,0.005107837115648854,1,8178.388728375,0.005108,0.00047333459951914847
0,10,0,2,2,3,1,f,8178.389968664414,0.005142956348249517,1,8178.3891828471,0.00516,0.0007858173139538849
0,10,1,0,0,0,1,e,1394.9679789027211,6.0224579699654204e-05,8,1394.9680099319,6.022e-05,-3.102917889918899e-05
0,10,1,0,0,0,2,e,1283.83387371514,6.0224579699654204e-05,15,1283.8338212891,6.022e-05,5.2426040156206e-05
0,10,1,0,0,1,1,e,3694.1237819451685,0.0012493014047858908,7,3694.1235359405,0.001252,0.00024600466849733493
0,10,1,0,0,1,2,e,3586.219914438137,0.0012493014047858908,6,3586.2196693106,0.001252,0.0002451275372550299
0,10,1,0,0,2,1,e,5968.977480052478,0.0015718632256020242,2,5968.9772349994,0.001574,0.0002450530782880378
0,10,1,0,0,2,2,e,5863.970730228005,0.0015718632256020242,3,5863.9704849976,0.001574,0.00024523040519852657
0,10,1,0,0,3,1,e,8219.578820052478,0.0023389643007108935,2,8219.5785749994,0.00234,0.0002450530791975325
0,10,1,0,0,3,2,e,8117.1019700524785,0.0023389643007108935,2,8117.1017249994,0.00234,0.0002450530782880378
0,10,1,1,1,0,1,e,2075.361135052479,0.0015718632256020242,2,2075.3608899994,0.001574,0.00024505307874278515
0,10,1,1,1,0,1,f,2075.4548396150653,0.0010005588438467773,1,2075.4547836723,0.001001,5.594276535703102e-05
0,10,1,1,1,0,2,e,1924.0107257883744,0.0008113790729369349,3,1924.0127169631,0.001574,-0.001991174725617384
0,10,1,1,1,0,2,f,1924.092359615065,0.0010005588438467773,3,1924.0923036723,0.001001,5.5942765129657346e-05
0,10,1,1,1,1,1,e,4362.2526975890405,0.0010879503665149435,6,4362.2519490481,0.001088,0.0007485409405489918
0,10,1,1,1,1,1,f,4362.342603206711,0.000689010885255088,7,4362.3418707508,0.0007266,0.0007324559110202244
0,10,1,1,1,1,2,e,4214.05766832508,0.0010879503665149435,8,4214.0568472505,0.001088,0.0008210745800170116
0,10,1,1,1,1,2,f,4214.136654832042,0.000689010885255088,6,4214.1359622748,0.0007266,0.0006925572424734128
0,10,1,1,1,2,1,e,6624.841779525901,0.0015718632256020242,1,6624.8415350051,0.001574,0.0002445208010612987
0,10,1,1,1,2,1,f,6624.926179615066,0.0010005588438467773,1,6624.9261236723,0.001001,5.594276626652572e-05
0,10,1,1,1,2,2,e,6479.532226150998,0.0014469402199123501,4,6479.5318595715,0.001448,0.00036657949840446236
0,10,1,1,1,2,2,f,6479.610384738342,0.0010005588438467773,3,6479.6098763522,0.001001,0.000508386141518713
0,10,1,2,2,1,1,e,5026.104452973184,0.005017967716117752,2,5026.1043231762,0.005018,0.00012979698476556223
0,10,1,2,2,1,1,f,5026.105218215823,0.005035871324805669,2,5026.1047771822,0.005054,0.0004410336223372724
0,10,1,2,2,1,2,e,4847.145694866129,0.005017967716117752,3,4847.1450796421,0.005018,0.0006152240284791333
0,10,1,2,2,1,2,f,4847.146458406154,0.0050537115073973115,3,4847.1455310401,0.005071,0.0009273660543840379
0,10,1,2,2,2,1,f,7276.36617532968,0.001250894080248204,1,7276.3661752838,0.001273,4.588036972563714e-08
0,10,2,0,0,0,1,e,2777.6165850524785,0.0015718632256020242,2,2777.6163399994,0.001574,0.0002450530782880378
0,10,2,0,0,0,2,e,2624.8981250524785,0.0015718632256020242,2,2624.8978799994,0.001574,0.0002450530782880378
0,10,2,0,0,0,3,e,2512.7541550524784,0.0015718632256020242,2,2512.7539099994,0.001574,0.0002450530782880378
0,10,2,0,0,1,1,e,5053.011949888699,0.0012127876978267878,9,5053.0117048274,0.001215,0.0002450612992106471
0,10,2,0,0,1,2,e,4905.8220971551145,0.0012291273327039798,11,4905.8217093023,0.001231,0.0003878528141285642
0,10,2,0,0,1,3,e,4794.530867198747,0.001212870149686272,9,4794.5306216234,0.001215,0.0002455753465255839
0,10,2,0,0,2,1,e,7304.238030052478,0.0015718632256020242,2,7304.2377849994,0.001574,0.0002450530782880378
0,10,2,0,0,2,2,e,7162.499701585695,0.0015725975327463794,2,7162.4994590676,0.001574,0.00024251809554698411
0,10,2,0,0,2,3,e,7051.576832468902,0.0015719268430814456,4,7051.5766079048,0.001574,0.0002245641016997979
0,10,2,1,1,0,2,e,3290.39701626713,0.0012493814469568532,2,3290.3967706819,0.001252,0.00024558523000450805
0,10,2,1,1,1,1,e,5733.825609897608,0.0010557632310324127,4,5733.8250312263,0.001056,0.0005786713081761263
0,10,2,1,1,1,1,f,5733.953435725173,0.0006405747419310256,4,5733.9527497831,0.0006808,0.0006859420727778343
0,10,2,1,1,1,2,e,5558.461418125465,0.0010469651379105228,5,5558.4608395762,0.001047,0.0005785492649010848
0,10,2,1,1,1,2,f,5558.566617250607,0.0006274838643343748,4,5558.5659026583,0.0006685,0.0007145923073039739
0,10,2,1,1,1,3,e,5406.422827640637,0.0010445659385601275,4,5406.4222430487,0.001045,0.0005845919367857277
0,10,2,1,1,1,3,f,5406.5300263578065,0.0006222828938674113,5,5406.5292856786,0.0006637,0.0007406792065012269
0,10,2,1,1,2,2,f,7802.335979615065,0.0010005588438467773,1,7802.3359236723,0.001001,5.594276535703102e-05
0,10,2,2,2,1,3,e,6026.835904236768,0.005035871324805669,1,6026.8361179774,0.005036,-0.00021374063180701341
0,10,2,2,2,1,3,f,6026.836667767231,0.005035871324805669,1,6026.8365715173,0.005054,9.62499307206599e-05
0,10,3,0,0,0,2,e,3989.5242005790565,0.0012493814469568532,1,3989.5239549938,0.001252,0.0002455852563798544
0,10,3,0,0,0,3,e,3850.4968435387173,0.0012493014047858908,4,3850.4965984857,0.001252,0.0002450530173518928
0,10,3,0,0,1,1,e,6431.085280052479,0.0015718632256020242,2,6431.0850349994,0.001574,0.0002450530791975325
0,10,3,0,0,1,2,e,6246.7450605574895,0.0013357971402874016,5,6246.7448154477,0.001338,0.00024510978983016685
0,10,3,0,0,1,3,e,6112.624886050466,0.0012284799550664226,9,6112.6242342621,0.001253,0.000651788365757966
0,10,3,0,0,1,4,e,5986.007364788919,0.0012812349511311342,6,5986.0071293636,0.001283,0.00023542531926068477
0,10,3,1,1,0,4,e,4336.790380579057,0.00233900705428607,1,4336.7901349938,0.00234,0.0002455852563798544
0,10,3,1,1,1,1,e,7120.672529944834,0.0014469402199123501,1,7120.6719429321,0.001447,0.0005870127342859632
0,10,3,1,1,1,1,f,7120.838382478815,0.0011798881302903254,1,7120.8376673897,0.001202,0.0007150891151468386
0,10,3,1,1,1,2,e,6917.3088299448345,0.0014469402199123501,1,6917.3082429321,0.001447,0.0005870127342859632
0,10,3,1,1,1,2,f,6917.449297299982,0.0011767480613963212,2,6917.4485626922,0.001199,0.0007346077827605768
0,10,3,1,1,1,3,e,6747.5787670400505,0.0014483563097525414,1,6747.5781939225,0.001448,0.0005731175506298314
0,10,3,1,1,1,3,f,6747.70359729998,0.0011767480613963212,2,6747.7028626922,0.001199,0.0007346077800320927
0,10,3,1,1,1,4,e,6586.254429944835,0.0014469402199123501,1,6586.2538429321,0.001447,0.0005870127342859632
0,10,3,1,1,1,4,f,6586.392047299982,0.0011767480613963212,2,6586.3913126922,0.001199,0.0007346077818510821
0,10,3,2,2,1,4,e,7196.198449236768,0.0051254268114958,2,7196.1986629774,0.005125,-0.00021374063180701341
0,10,3,2,2,1,4,f,7196.199212767232,0.0051254268114958,2,7196.1991165173,0.005143,9.62499316301546e-05
0,10,4,0,0,1,1,e,7823.665880579057,0.0015719268430814456,1,7823.6656349938,0.001574,0.0002455852563798544
0,10,4,0,0,1,2,e,7609.762617766433,0.0015718632256020242,3,7609.7625779606,0.001574,3.980583369411761e-05
0,10,4,0,0,1,3,e,7438.5007300524785,0.0015718632256020242,2,7438.5004849994,0.001574,0.0002450530782880378
0,10,4,0,0,1,4,e,7310.447959396475,0.0015718632256020242,3,7310.4477076572,0.001574,0.00025173927497235127
0,10,4,0,0,1,5,e,7162.804461903665,0.0015718632256020242,3,7162.8042339418,0.001574,0.00022796186476625735
0,10,4,1,1,1,2,f,8291.639582478816,0.0011798881302903254,1,8291.6388673897,0.001202,0.0007150891160563333
0,10,4,1,1,1,3,e,8096.613198492442,0.0014469402199123501,2,8096.6126184273,0.001447,0.0005800651424578973
0,10,4,1,1,1,3,f,8096.766847299981,0.0011767480613963212,2,8096.7661126922,0.001423,0.0007346077809415874
0,10,4,1,1,1,4,f,7928.449897299981,0.0011767480613963212,2,7928.4491626922,0.001199,0.0007346077809415874
0,10,4,1,1,1,5,e,7754.531983399993,0.0014146087798398539,1,7754.531442458,0.001415,0.0005409419927673298
0,10,4,1,1,1,5,f,7754.714178070212,0.0011767480613963212,3,7754.7131119186,0.001236,0.0010661516125765047
0,10,5,0,0,1,5,e,8495.88641808448,0.0015727247057257033,1,8495.8861529726,0.001574,0.000265111879343749
0,11,0,0,0,0,1,e,47.11347952590063,0.001212746469794903,103,47.1132350051,0.001215,0.00024452080062786763
0,11,0,0,0,1,1,e,2369.176952317285,3.357082066318905e-05,8,2369.1768974673,3.357e-05,5.4849985190230655e-05
0,11,0,0,0,2,1,e,4666.7016450958745,0.00030185758231324915,4,4666.7015901168,0.0003019,5.4979074775474146e-05
0,11,0,0,0,3,1,e,6939.71421050872,0.0010005588438467773,4,6939.7141555297,0.001001,5.497901929629734e-05
0,11,0,1,1,0,1,e,706.8690299448351,0.0010457705293227572,45,706.8684429321,0.001046,0.0005870127350817711
0,11,0,1,1,0,1,f,706.9384121211505,0.000620270908555286,48,706.9376579946,0.0006618,0.0007541265504187322
0,11,0,1,1,1,1,e,3016.6265931289054,0.001250894080248204,2,3016.6266803126,0.001271,-8.718369463167619e-05
0,11,0,1,1,1,1,f,3016.694167923397,0.00144700932961747,2,3016.6933802203,0.001447,0.0007877030971030763
0,11,0,1,1,2,1,e,5301.872831838704,0.0008091575866294525,3,5301.8709007955,0.0008403,0.0019310432035126723
0,11,0,1,1,2,1,f,5301.936884188868,0.001088042278590313,1,5301.9360854522,0.001088,0.0007987366680026753
0,11,0,1,1,3,1,e,7562.632998128903,0.001250894080248204,2,7562.6330853126,0.001271,-8.71836973601603e-05
0,11,0,1,1,3,1,f,7562.697457923396,0.00144700932961747,2,7562.6966702203,0.001537,0.0007877030957388342
0,11,0,2,2,0,1,e,1367.1043242367684,0.005026927491022722,10,1367.1045379774,0.005027,-0.00021374063157963974
0,11,0,2,2,0,1,f,1367.1050877672317,0.005026927491022722,10,1367.1049915173,0.005045,9.62499316301546e-05
0,11,0,2,2,1,1,e,3664.575022424653,0.005142956348249517,1,3664.5739407705,0.00516,0.0010816541530402901
0,11,0,2,2,1,1,f,3664.574262606745,0.0051254268114958,1,3664.5734927232,0.005125,0.0007698835447627062
0,11,0,2,2,3,1,e,8186.088308046253,0.0051254268114958,1,8186.0868758388,0.005143,0.0014322074530355167
0,11,0,2,2,3,1,f,8186.087557091069,0.005142956348249517,1,8186.0864343685,0.005143,0.001122722569562029
0,11,1,0,0,0,1,e,1402.8307899770418,0.0012136980678900333,9,1402.830580064,0.001216,0.00020991304177186976
0,11,1,0,0,0,2,e,1291.6817956060347,0.0012136980678900333,15,1291.6816018264,0.001216,0.0001937796346282994
0,11,1,0,0,1,1,e,3701.9232898221176,0.00030185758231324915,8,3701.92323419,0.0003019,5.563211743719876e-05
0,11,1,0,0,1,2,e,3594.006849797326,0.00030185758231324915,7,3594.0068415893,0.0003019,8.208025974454358e-06
0,11,1,0,0,2,1,e,5976.7137796150655,0.0010005588438467773,1,5976.7137236723,0.001001,5.594276535703102e-05
0,11,1,0,0,2,2,e,5871.697343544168,0.0010005588438467773,3,5871.6972882439,0.001001,5.5300267376878764e-05
0,11,1,0,0,3,1,e,8227.252247659155,0.0010018118585842354,3,8227.2521817016,0.001002,6.59575543977553e-05
0,11,1,0,0,3,2,e,8124.7694055087195,0.002000279480472666,2,8124.7693505297,0.002,5.497901929629734e-05
0,11,1,1,1,0,1,e,2083.2251205087186,0.0010005588438467773,2,2083.2250655297,0.001001,5.497901884154999e-05
0,11,1,1,1,0,2,e,1931.8713087318797,0.0010005678387795603,3,1931.8708341091,0.001001,0.0004746227796204039
0,11,1,1,1,0,2,f,1931.966877764853,0.0006888657343778975,4,1931.9661500738,0.0007265,0.0007276910530435998
0,11,1,1,1,1,1,e,4370.055849060369,0.000689010885255088,9,4370.0557077655,0.0007403,0.0001412948686265736
0,11,1,1,1,1,1,f,4370.163052788322,0.001088042278590313,6,4370.1623412021,0.001088,0.0007115862217688118
0,11,1,1,1,1,2,e,4221.855205205724,0.000689010885255088,7,4221.8551332959,0.0008267,7.190982432803139e-05
0,11,1,1,1,1,2,f,4221.949033195978,0.0010879503665149435,6,4221.9488686799,0.001088,0.00016451607734779827
0,11,1,1,1,2,1,e,6632.582927472374,0.0010005588438467773,2,6632.5828994781,0.001001,2.7994273295917083e-05
0,11,1,1,1,2,1,f,6632.686861657927,0.001447320282453058,1,6632.6860849884,0.001447,0.000776669527112972
0,11,1,1,1,2,2,e,6487.270592255512,0.0010005588438467773,6,6487.2705131558,0.001001,7.909971282060724e-05
0,11,1,1,1,2,2,f,6487.363520243897,0.00144700932961747,5,6487.3628411773,0.001447,0.000679066597513156
0,11,1,2,2,1,1,e,5033.930815235452,0.005035871324805669,2,5033.9295583047,0.005054,0.0012569307527883211
0,11,1,2,2,1,1,f,5033.930059848906,0.005035871324805669,2,5033.9291135458,0.005036,0.0009463031065024552
0,11,1,2,2,1,2,e,4854.968667220565,0.005035871324805669,2,4854.9672350132,0.005054,0.0014322073657240253
0,11,1,2,2,1,2,f,4854.967916265381,0.0050537115073973115,2,4854.9667935428,0.005054,0.0011227225813854602
0,11,1,2,2,2,1,f,7284.130229944834,0.0014469402199123501,1,7284.1296429321,0.001447,0.0005870127342859632
0,11,1,2,2,2,2,e,7108.205582424653,0.005142956348249517,1,7108.2045007705,0.00516,0.0010816541525855428
0,11,2,0,0,0,1,e,2785.491020508719,0.0010005588438467773,2,2785.4909655297,0.001001,5.497901884154999e-05
0,11,2,0,0,0,2,e,2632.743605508719,0.0010005588438467773,2,2632.7435505297,0.001001,5.497901929629734e-05
0,11,2,0,0,0,3,e,2520.6059505087187,0.0010005588438467773,2,2520.6058955297,0.001001,5.497901884154999e-05
0,11,2,0,0,1,1,e,5060.824513057212,3.4899856733230304e-05,8,5060.8244461,3.49e-05,6.695721185678849e-05
0,11,2,0,0,1,2,e,4913.605274934975,3.4899856733230304e-05,9,4913.6052178244,3.49e-05,5.7110574744001497e-05
0,11,2,0,0,1,3,e,4802.3245335082665,0.0002027757381937001,10,4802.3242952516,0.0002028,0.00023825666630727937
0,11,2,0,0,2,1,e,7311.990570508719,0.0010005588438467773,2,7311.9905155297,0.001001,5.497901929629734e-05
0,11,2,0,0,2,2,e,7170.22110347778,0.0010005588438467773,5,7170.2213140178,0.001001,-0.00021054001990705729
0,11,2,0,0,2,3,e,7059.312867408207,0.0010005588438467773,6,7059.3128664714,0.001001,9.368068276671693e-07
0,11,2,1,1,0,2,e,3298.2499496150654,0.00030185758231324915,2,3298.2498936723,0.0003019,5.594276535703102e-05
0,11,2,1,1,0,3,e,3144.422249615065,0.0010005588438467773,1,3144.4221936723,0.001001,5.594276490228367e-05
0,11,2,1,1,1,1,e,5741.634573917546,0.000762650640857267,2,5741.6345738717,0.0007976,4.5845808926969767e-08
0,11,2,1,1,1,1,f,5741.787430342162,0.00105434150065337,2,5741.7866536727,0.001054,0.0007766694625388482
0,11,2,1,1,1,2,e,5566.253947290104,0.0007525529881676108,5,5566.2540372272,0.000786,-8.993709525384475e-05
0,11,2,1,1,1,2,f,5566.379446194708,0.0010466307849475859,5,5566.3786615809,0.001047,0.0007846138078093645
0,11,2,1,1,1,3,e,5414.222477506085,0.0007531507153286121,4,5414.2228107718,0.0007865,-0.00033326571519864956
0,11,2,1,1,1,3,f,5414.350492954194,0.0010445745545436189,4,5414.349719006,0.001045,0.0007739481943644932
0,11,2,1,1,2,2,e,7809.960579615065,0.0010005588438467773,1,7809.9605236723,0.001001,5.594276535703102e-05
0,11,2,2,2,1,3,e,6034.6667302354535,0.005035871324805669,2,6034.6654733047,0.005054,0.0012569307536978158
0,11,2,2,2,1,3,f,6034.6659748489055,0.005035871324805669,2,6034.6650285458,0.005036,0.0009463031055929605
0,11,3,0,0,0,2,e,3997.3825905087183,0.00030185758231324915,2,3997.3832759613,0.0003019,-0.0006854525818198454
0,11,3,0,0,0,3,e,3858.3294205545903,0.00030185758231324915,4,3858.3291569669,0.0003019,0.0002635876903696044
0,11,3,0,0,1,1,e,6438.908970508719,0.0010005588438467773,2,6438.9089155297,0.001001,5.497901929629734e-05
0,11,3,0,0,1,2,e,6254.541049621799,0.0005609973261968366,5,6254.54099454,0.000561,5.508179947355529e-05
0,11,3,0,0,1,3,e,6120.396548017231,0.00018980779752159817,8,6120.396468124,0.0001898,7.989323057699949e-05
0,11,3,0,0,1,4,e,5993.812417567143,0.00035545041848336596,5,5993.8123697804,0.0003555,4.7786742470634636e-05
0,11,3,1,1,1,1,e,7128.48897532968,0.001250894080248204,1,7128.4889752838,0.001273,4.588036972563714e-08
0,11,3,1,1,1,1,f,7128.685861657927,0.001447320282453058,1,7128.6850849884,0.001447,0.0007766695262034773
0,11,3,1,1,1,2,e,6925.105298128904,0.001250894080248204,2,6925.1053853126,0.001271,-8.718369645066559e-05
0,11,3,1,1,1,2,f,6925.272207923396,0.00144700932961747,2,6925.2714202203,0.001447,0.0007877030966483289
0,11,3,1,1,1,3,e,6755.362748128905,0.001250894080248204,2,6755.3628353126,0.001271,-8.718369463167619e-05
0,11,3,1,1,1,3,f,6755.511807923396,0.00144700932961747,2,6755.5110202203,0.001447,0.0007877030957388342
0,11,3,1,1,1,4,e,6594.058515728645,0.001250894080248204,3,6594.0586319888,0.001271,-0.00011626015475485474
0,11,3,1,1,1,4,f,6594.222666678554,0.00144700932961747,3,6594.2218752976,0.001447,0.0007913809540696093
0,11,3,2,2,1,4,e,7204.029822424653,0.005142956348249517,1,7204.0287407705,0.00516,0.0010816541525855428
0,11,3,2,2,1,4,f,7204.029062606744,0.0051254268114958,1,7204.0282927232,0.005125,0.0007698835443079588
0,11,4,0,0,1,1,e,7831.500661402372,0.0010005678387795603,1,7831.5006073871,0.001001,5.401527232606895e-05
0,11,4,0,0,1,2,e,7617.573270508719,0.0010005588438467773,2,7617.5732155297,0.001001,5.497901929629734e-05
0,11,4,0,0,1,3,e,7446.277463188146,0.0010005588438467773,4,7446.2773753223,0.001001,8.786584567133104e-05
0,11,4,0,0,1,4,e,7318.218019433335,0.0010005588438467773,4,7318.2179677717,0.001001,5.166163464309648e-05
0,11,4,0,0,1,5,e,7170.62082417472,0.0010005588438467773,2,7170.6207604799,0.001001,6.369481980073033e-05
0,11,4,1,1,1,3,f,8104.579354188868,0.00144700932961747,1,8104.5785554522,0.001447,0.0007987366680026753
0,11,4,1,1,1,4,e,7936.080648128903,0.001250894080248204,2,7936.0807353126,0.001271,-8.71836973601603e-05
0,11,4,1,1,1,4,f,7936.255161657927,0.001447320282453058,1,7936.2543849884,0.001447,0.000776669527112972
0,11,4,1,1,1,5,e,7762.3416187059265,0.001250894080248204,3,7762.3430697699,0.001271,-0.0014510639730360708
0,11,4,1,1,1,5,f,7762.556659615066,0.0014146087798398539,1,7762.5566036723,0.001415,5.594276535703102e-05
0,12,0,0,0,0,1,e,55.6786614023722,3.3704599092705445e-05,111,55.6786073871,3.37e-05,5.401527219817126e-05
0,12,0,0,0,1,1,e,2377.6755517629936,0.0012126677203587138,7,2377.675308762,0.001215,0.00024300099357787985
0,12,0,0,0,2,1,e,4675.133147801094,0.0012492213574863344,4,4675.1329040179,0.001251,0.00024378319449169794
0,12,0,0,0,3,1,e,6948.078095622195,0.00157179960554773,4,6948.077851839,0.001574,0.00024378319540119264
0,12,0,1,1,0,1,e,715.4447209281293,0.0007514891882123122,49,715.4448953413,0.0007849,-0.0001744131707255292
0,12,0,1,1,0,1,f,715.5258541888672,0.0010458661482235668,45,715.5250554522,0.001046,0.0007987366672068674
0,12,0,1,1,1,1,e,3025.135354309209,0.0014467674312065501,2,3025.1347701803,0.001447,0.000584128908940329
0,12,0,1,1,1,1,f,3025.2157430820366,0.0011759829930743045,2,3025.2149947373,0.001198,0.0007483447366212204
0,12,0,1,1,2,1,e,5310.318849944835,0.0010879503665149435,1,5310.3182629321,0.001088,0.0005870127351954579
0,12,0,1,1,2,1,f,5310.388632436669,0.000689010885255088,2,5310.3875009019,0.0007266,0.0011315347683193977
0,12,0,1,1,3,1,e,7571.008058673583,0.0014467674312065501,1,7571.0074774286,0.001447,0.0005812449826407828
0,12,0,2,2,0,1,e,1375.7038080462528,0.005026927491022722,12,1375.7023758388,0.005045,0.001432207452808143
0,12,0,2,2,0,1,f,1375.703057091069,0.005044799302251776,12,1375.7019343685,0.005045,0.0011227225691072817
0,12,0,2,2,1,1,e,3673.1046042367684,0.0051254268114958,1,3673.1048179774,0.005125,-0.00021374063180701341
0,12,0,2,2,1,1,f,3673.105367767231,0.0051254268114958,1,3673.1052715173,0.005143,9.624993117540726e-05
0,12,0,2,2,3,1,e,8194.485624236768,0.0051254268114958,1,8194.4858379774,0.005125,-0.00021374063180701341
0,12,0,2,2,3,1,f,8194.486387767232,0.0051254268114958,1,8194.4862915173,0.005143,9.624993253964931e-05
0,12,1,0,0,0,1,e,1411.407248734375,6.0224579699654204e-05,16,1411.4071772876,6.022e-05,7.144677488213347e-05
0,12,1,0,0,0,2,e,1300.24226300077,6.200806399170998e-05,16,1300.2422187382,6.201e-05,4.4262569872444146e-05
0,12,1,0,0,1,1,e,3710.432599960487,0.0012492213574863344,8,3710.4323552835,0.001251,0.0002446769872221921
0,12,1,0,0,1,2,e,3602.5024807962063,0.0012492213574863344,8,3602.5022381973,0.001251,0.0002425989064249734
0,12,1,0,0,2,1,e,5985.155606718489,0.00157179960554773,1,5985.1553636728,0.001574,0.00024304568887600908
0,12,1,0,0,2,2,e,5880.1274781221955,0.00157179960554773,2,5880.127234339,0.001781,0.00024378319540119264
0,12,1,0,0,3,1,e,8235.624501492453,0.0015725975327463794,2,8235.6242078622,0.001574,0.00029363025350903627
0,12,1,0,0,3,2,e,8133.1343080009165,0.0015725975327463794,3,8133.1340566397,0.001574,0.0002513612162147183
0,12,1,1,1,0,1,e,2091.8038431221953,0.00157179960554773,2,2091.803599339,0.001574,0.00024378319540119264
0,12,1,1,1,0,1,f,2091.937381402372,0.0010005678387795603,1,2091.9373273871,0.001001,5.40152718713216e-05
0,12,1,1,1,0,2,e,1940.4438894012746,0.00081014566591447,4,1940.4443113422,0.0008413,-0.00042194092543468287
0,12,1,1,1,0,2,f,1940.5558012664296,0.0010005678387795603,3,1940.5550867622,0.001001,0.0007145042295633175
0,12,1,1,1,1,1,e,4378.567757757513,0.0010877205523478904,6,4378.5671740325,0.001088,0.0005837250137119554
0,12,1,1,1,1,1,f,4378.695265535727,0.0006877034244498132,8,4378.694517191,0.0007254,0.000748344727071526
0,12,1,1,1,1,2,e,4230.3614677865635,0.0010877205523478904,9,4230.3606932551,0.001088,0.0007745314633211819
0,12,1,1,1,1,2,f,4230.473379166382,0.0006877034244498132,8,4230.4726308217,0.0007254,0.0007483446825062856
0,12,1,1,1,2,1,e,6641.028793122196,0.00157179960554773,2,6641.028549339,0.001574,0.00024378319540119264
0,12,1,1,1,2,2,e,6495.711548961529,0.0014467674312065501,5,6495.7111003941,0.001447,0.00044856742897536606
0,12,1,1,1,2,2,f,6495.821518746103,0.0010005678387795603,5,6495.8209092673,0.001001,0.0006094788031987264
0,12,1,2,2,1,1,e,5042.465439133266,0.005035871324805669,2,5042.4658242537,0.005036,-0.000385120433747943
0,12,1,2,2,1,1,f,5042.466202008118,0.005017967716117752,2,5042.4662777044,0.005036,-7.569628269266104e-05
0,12,1,2,2,1,2,e,4863.500158078221,0.005035871324805669,4,4863.5005431986,0.005036,-0.0003851203791782609
0,12,1,2,2,1,2,f,4863.500920953073,0.005017967716117752,4,4863.5009966493,0.005036,-7.569622721348424e-05
0,12,1,2,2,2,1,f,7292.599920928129,0.001250894080248204,1,7292.6000953413,0.001271,-0.00017441317140765022
0,12,1,2,2,2,2,f,7116.671256249004,0.005107837115648854,2,7116.6715038915,0.005125,-0.000247642496105982
0,12,2,0,0,0,1,e,2794.082058122195,0.00157179960554773,2,2794.081814339,0.001574,0.0002437831949464453
0,12,2,0,0,0,2,e,2641.3030281221954,0.00157179960554773,2,2641.302784339,0.001574,0.00024378319540119264
0,12,2,0,0,0,3,e,2529.1722181221953,0.00157179960554773,2,2529.171974339,0.001574,0.00024378319540119264
0,12,2,0,0,1,1,e,5069.348054032154,0.0012127052403613995,8,5069.3478102964,0.001215,0.00024373575433855876
0,12,2,0,0,1,2,e,4922.096820557831,0.0012290459714754368,10,4922.0965857488,0.001231,0.0002348090310988482
0,12,2,0,0,1,3,e,4810.827020536026,0.0012127052403613995,9,4810.8267774576,0.001215,0.0002430784261377994
0,12,2,0,0,2,3,e,7067.751320135481,0.0015718632256020242,3,7067.7512923472,0.001574,2.778828093141783e-05
0,12,2,1,1,0,2,e,3306.816122186451,0.0012493014047858908,2,3306.8158776657,0.001252,0.0002445207510390901
0,12,2,1,1,0,3,e,3152.9916095259005,0.0015718632256020242,1,3152.9913650051,0.001574,0.00024452080060655135
0,12,2,1,1,1,1,e,5750.153732751322,0.0010538197189272935,4,5750.1534499313,0.001054,0.0002828200222211308
0,12,2,1,1,1,1,f,5750.334390763481,0.0006344572483627245,4,5750.3338610282,0.0006898,0.0005297352809066069
0,12,2,1,1,1,2,e,5574.754137412359,0.0010459617583831638,6,5574.7535540893,0.001046,0.000583323058890528
0,12,2,1,1,1,2,f,5574.902991352807,0.0006195449943305167,5,5574.9022430061,0.0006611,0.000748346706131997
0,12,2,1,1,1,3,e,5422.73075284416,0.0010445745545436189,6,5422.7301705103,0.001045,0.0005823338597110705
0,12,2,1,1,1,3,f,5422.882110585922,0.0006201096677201541,6,5422.8813828593,0.0006616,0.0007277266222445178
0,12,2,1,1,2,2,e,7818.393779525901,0.0015718632256020242,1,7818.3935350051,0.001574,0.0002445208010612987
0,12,3,0,0,0,2,e,4005.958113122195,0.0012492213574863344,2,4005.9573298783,0.001251,0.0007832438950572396
0,12,3,0,0,0,3,e,3866.8739594065987,0.0012492213574863344,4,3866.8737156234,0.001251,0.0002437831985844241
0,12,3,0,0,1,1,e,6447.445043122195,0.00157179960554773,2,6447.444799339,0.001574,0.00024378319449169794
0,12,3,0,0,1,2,e,6263.047021196213,0.0013357222765230802,7,6263.0465772796,0.001338,0.00044391661322151776
0,12,3,0,0,1,3,e,6128.875660478624,0.0012412344661666464,9,6128.8751916355,0.001243,0.000468843123599072
0,12,3,0,0,1,4,e,6002.326821250207,0.001250225179717638,6,6002.3265201021,0.001265,0.00030114810670056613
0,12,3,1,1,0,4,e,4353.231179525901,0.0023389643007108935,1,4353.2309350051,0.00234,0.0002445208010612987
0,12,3,1,1,1,1,e,7137.014229944834,0.0014469402199123501,1,7137.0136429321,0.001447,0.0005870127342859632
0,12,3,1,1,1,1,f,7137.245943082035,0.0011759829930743045,2,7137.2451947373,0.001198,0.0007483447352569783
0,12,3,1,1,1,2,e,6933.609094309209,0.0014467674312065501,2,6933.6085101803,0.001447,0.0005841289084855816
0,12,3,1,1,1,2,f,6933.807543082037,0.0011759829930743045,2,6933.8067947373,0.001198,0.0007483447370759677
0,12,3,1,1,1,3,e,6763.854144309209,0.0014467674312065501,2,6763.8535601803,0.001447,0.0005841289093950763
0,12,3,1,1,1,3,f,6764.031143082035,0.0011759829930743045,2,6764.0303947373,0.001198,0.0007483447343474836
0,12,3,1,1,1,4,e,6602.572475764,0.0014467674312065501,3,6602.5718925964,0.001447,0.0005831675998706487
0,12,3,1,1,1,4,f,6602.766668082037,0.0011759829930743045,2,6602.7659197373,0.001198,0.0007483447370759677
0,12,3,2,2,1,4,e,7212.57272734684,0.0051254268114958,4,7212.5727783515,0.005125,-5.10046602357761e-05
0,12,3,2,2,1,4,f,7212.573487077873,0.005107837115648854,4,7212.5732287848,0.005125,0.00025829307287494885
0,12,4,0,0,1,1,e,7840.05390671849,0.00157179960554773,1,7840.0536636728,0.001574,0.00024304568978550378
0,12,4,0,0,1,2,e,7626.093858740476,0.00157179960554773,3,7626.0936262473,0.001574,0.00023249317655427149
0,12,4,0,0,1,3,e,7454.7612530726765,0.00157179960554773,4,7454.7610189486,0.001574,0.0002341240760870278
0,12,4,0,0,1,4,e,7326.696605561549,0.00157179960554773,3,7326.6963579893,0.001574,0.00024757224946370116
0,12,4,0,0,1,5,e,7179.14859607616,0.00157179960554773,3,7179.1487914564,0.001574,-0.0001953802402567817
0,12,4,1,1,1,3,f,8113.102793082036,0.0011759829930743045,2,8113.1020447373,0.001198,0.000748344736166473
0,12,4,1,1,1,4,e,7944.565794309209,0.0014467674312065501,2,7944.5652101803,0.001447,0.0005841289093950763
0,12,4,1,1,1,4,f,7944.777493082038,0.0011759829930743045,2,7944.7767447373,0.001198,0.0007483447379854624
0,12,4,1,1,1,5,e,7770.860093702731,0.001414615142008596,2,7770.8595657688,0.001806,0.000527933931152802
0,12,4,1,1,1,5,f,7771.116098756792,0.0011759829930743045,2,7771.1153111159,0.001635,0.0007876408917582012
0,12,5,0,0,1,5,e,8512.154995606035,0.0015725975327463794,1,8512.1548018264,0.001574,0.00019377963508304674
0,13,0,0,0,0,1,e,64.95830671849012,0.0012126640095261342,106,64.9580636728,0.001215,0.0002430456901265643
0,13,0,0,0,1,1,e,2386.881391732163,3.667424164178451e-05,5,2386.8813370193,3.667e-05,5.4712862947781105e-05
0,13,0,0,0,2,1,e,4684.265758898009,0.0003018873962258113,4,4684.2657045452,0.0003019,5.435280945675913e-05
0,13,0,0,0,3,1,e,6957.138178026448,0.0010005678387795603,4,6957.1381236737,0.001001,5.4352748520614114e-05
0,13,0,1,1,0,1,e,724.7345586735831,0.0010455314438121888,53,724.7339774286,0.001046,0.0005812449830955302
0,13,0,1,1,0,1,f,724.8301740429238,0.0006188182285615057,48,724.82943148,0.0006604,0.0007425629237332032
0,13,0,1,1,1,1,e,3034.353859545987,0.0012501743878355531,2,3034.3540298451,0.00127,-0.00017029911305144196
0,13,0,1,1,1,1,f,3034.443857827343,0.00144700932961747,2,3034.4430291863,0.001669,0.0008286410429718671
0,13,0,1,1,2,1,e,5319.459491487047,0.00080804455322711,4,5319.4590272273,0.0008384,0.00046425974687736016
0,13,0,1,1,2,1,f,5319.550188745281,0.001088042278590313,3,5319.5495809595,0.001088,0.0006077857806303655
0,13,0,1,1,3,1,e,7580.079859545987,0.0012501743878355531,2,7580.0800298451,0.001827,-0.00017029911305144196
0,13,0,1,1,3,1,f,7580.168122827343,0.00144700932961747,2,7580.1672941863,0.001709,0.0008286410429718671
0,13,0,2,2,0,1,e,1385.0159140297621,0.005044799302251776,13,1385.01647053,0.005045,-0.0005565002379626094
0,13,0,2,2,0,1,f,1385.016676249004,0.005008991914547277,15,1385.0169238915,0.005027,-0.000247642496105982
0,13,0,2,2,1,1,e,3682.3480380462524,0.0051254268114958,1,3682.3466058388,0.005143,0.0014322074525807693
0,13,0,2,2,1,1,f,3682.347287091069,0.005142956348249517,1,3682.3461643685,0.005143,0.0011227225691072817
0,13,0,2,2,3,1,e,8203.583017688754,0.0051254268114958,1,8203.5848372205,0.005143,-0.00181953174615046
0,13,0,2,2,3,1,f,8203.582282202031,0.005160426338976268,1,8203.5844285337,0.00516,-0.0021463316697918344
0,13,1,0,0,0,1,e,1420.6995219840903,0.0012136980678900333,10,1420.6992160764,0.001216,0.0003059076902900415
0,13,1,0,0,0,2,e,1309.5166304402721,0.0012136980678900333,18,1309.5163752901,0.001216,0.000255150172051799
0,13,1,0,0,1,1,e,3719.6499823412473,0.0003018873962258113,10,3719.6499521494,0.0003019,3.0191847145033535e-05
0,13,1,0,0,1,2,e,3611.705170785459,0.0003018873962258113,9,3611.7049838729,0.0003019,0.00018691255900193937
0,13,1,0,0,2,1,e,5994.298618026448,0.0010005678387795603,2,5994.2985636737,0.001001,5.435274761111941e-05
0,13,1,0,0,2,2,e,5889.259445818423,0.0010005678387795603,3,5889.2593915781,0.001001,5.424032315204386e-05
0,13,1,0,0,3,1,e,8244.69361802645,0.0020002839798388627,2,8244.6935636737,0.002,5.4352749430108815e-05
0,13,1,0,0,3,2,e,8142.195028213871,0.0010019206555411462,4,8142.1951971341,0.001002,-0.00016892022904357873
0,13,1,1,1,0,1,e,2101.0975930264485,0.0010005678387795603,2,2101.0975386737,0.001001,5.4352748520614114e-05
0,13,1,1,1,0,1,f,2101.25386671849,0.00157179960554773,1,2101.2536236728,0.001574,0.00024304568978550378
0,13,1,1,1,0,2,e,1949.7278812091456,0.0010006677770369144,3,1949.7273207261,0.001001,0.0005604830455467891
0,13,1,1,1,0,2,f,1949.8608534706595,0.0006888657343778975,4,1949.8600207517,0.0007265,0.0008327189596002427
0,13,1,1,1,1,1,e,4387.7891544685535,0.00080804455322711,8,4387.7893247677,0.0008384,-0.00017029914670274593
0,13,1,1,1,1,1,f,4387.937062653058,0.0010877205523478904,8,4387.9363801101,0.001088,0.000682542958202248
0,13,1,1,1,1,2,e,4239.576205097157,0.00080804455322711,6,4239.5763748201,0.0008384,-0.0001697229427009006
0,13,1,1,1,1,2,f,4239.706185342917,0.0010877205523478904,8,4239.7054324509,0.001088,0.0007528920168624609
0,13,1,1,1,2,1,e,6650.177368026448,0.0010005678387795603,2,6650.1773136737,0.001001,5.435274761111941e-05
0,13,1,1,1,2,1,f,6650.318830453681,0.00144700932961747,2,6650.3183095625,0.001447,0.0005208911807130789
0,13,1,1,1,2,2,e,6504.855171917265,0.0010005678387795603,5,6504.8552973535,0.001001,-0.00012543623506644508
0,13,1,1,1,2,2,f,6504.984046640513,0.00144700932961747,4,6504.9833718744,0.001447,0.0006747661127519677
0,13,1,1,1,3,2,f,8745.716099755191,0.0014146858308472592,1,8745.7152815351,0.001415,0.0008182200908777304
0,13,1,2,2,1,2,e,4872.745077484327,0.005017967716117752,5,4872.7453042129,0.005036,-0.00022672857267025393
0,13,1,2,2,1,2,f,4872.74432828907,0.0050537115073973115,5,4872.7448705913,0.005054,-0.0005423022303148173
0,13,1,2,2,2,1,e,7301.775897485526,0.0011759829930743045,2,7301.7756134107,0.001198,0.00028407482568582054
0,13,1,2,2,2,1,f,7301.776854188867,0.00144700932961747,1,7301.7760554522,0.001447,0.0007987366670931806
0,13,1,2,2,2,2,e,7125.844168046253,0.0051254268114958,1,7125.8427358388,0.005143,0.0014322074530355167
0,13,1,2,2,2,2,f,7125.8430970910695,0.005142956348249517,1,7125.8419743685,0.005143,0.001122722569562029
0,13,2,0,0,0,1,e,2803.3882080264484,0.0010005678387795603,2,2803.3881536737,0.001001,5.4352748520614114e-05
0,13,2,0,0,0,2,e,2650.5747230264487,0.0010005678387795603,2,2650.5746686737,0.001001,5.4352748520614114e-05
0,13,2,0,0,0,3,e,2538.451298026449,0.0010005678387795603,2,2538.4512436737,0.001001,5.4352748975361465e-05
0,13,2,0,0,1,1,e,5078.580965082034,3.51567916624939e-05,10,5078.5809107327,3.516e-05,5.4349333368008956e-05
0,13,2,0,0,1,2,e,4931.295203919451,3.51567916624939e-05,8,4931.2951499383,3.516e-05,5.398115081334254e-05
0,13,2,0,0,1,3,e,4820.037188868084,3.51567916624939e-05,9,4820.0371339171,3.516e-05,5.495098412211519e-05
0,13,2,0,0,2,1,e,7329.605861402372,0.0010005678387795603,1,7329.6058073871,0.001001,5.401527232606895e-05
0,13,2,0,0,2,2,e,7187.770396905384,0.0010006677770369144,4,7187.7703397509,0.001001,5.715448332921369e-05
0,13,2,0,0,2,3,e,7076.89330180794,0.0010005678387795603,3,7076.8933065402,0.001001,-4.732260094897356e-06
0,13,2,1,1,0,2,e,3316.0977060812716,0.0003018873962258113,2,3316.097652066,0.0003019,5.401527141657425e-05
0,13,2,1,1,0,3,e,3162.284201402372,0.0010005678387795603,1,3162.2841473871,0.001001,5.401527232606895e-05
0,13,2,1,1,1,1,e,5759.381633261323,0.000762650640857267,4,5759.3820575662,0.0007956,-0.0004243048770149471
0,13,2,1,1,1,1,f,5759.591885845896,0.0010595923744534971,3,5759.5905653918,0.001063,0.0013204540964579792
0,13,2,1,1,1,2,e,5583.962755987441,0.0007513561073152996,5,5583.9629305991,0.0007839,-0.00017461165953136515
0,13,2,1,1,1,2,f,5584.1355623968075,0.0010466307849475859,5,5584.1347637689,0.001047,0.0007986279078977532
0,13,2,1,1,1,3,e,5431.9493468940755,0.0007525529881676108,4,5431.9495259652,0.000786,-0.00017907112487591803
0,13,2,1,1,1,3,f,5432.124146265821,0.0010446702829122688,5,5432.1233177671,0.001045,0.0008284987206934602
0,13,2,1,1,2,2,e,7827.529461402372,0.0010005678387795603,1,7827.5294073871,0.001001,5.401527232606895e-05
0,13,2,1,1,2,2,f,7827.6998067184895,0.00157179960554773,1,7827.6995636728,0.001574,0.00024304568978550378
0,13,2,2,2,1,2,e,6234.820492688755,0.005038412448380938,1,6234.8223122205,0.005056,-0.0018195317452409654
0,13,2,2,2,1,2,f,6234.819757202032,0.005074012219141772,1,6234.8219035337,0.005074,-0.002146331667972845
0,13,2,2,2,1,3,e,6052.460712867504,0.005035871324805669,2,6052.4570973892,0.005077,0.0036154783047095407
0,13,2,2,2,1,3,f,6052.459969646551,0.0050537115073973115,2,6052.4566541087,0.005076,0.003315537851449335
0,13,3,0,0,0,2,e,4015.2437030264487,0.0003018873962258113,2,4015.2438873145,0.0003022,-0.00018428805151415872
0,13,3,0,0,0,3,e,3876.130437613605,0.0003018873962258113,4,3876.1303832608,0.0003019,5.4352804909285624e-05
0,13,3,0,0,1,1,e,6456.691568026448,0.0010005678387795603,2,6456.6915136737,0.001001,5.4352748520614114e-05
0,13,3,0,0,1,2,e,6272.26075395986,0.0005610133688246653,7,6272.2606304887,0.000561,0.00012347115989541635
0,13,3,0,0,1,3,e,6138.059526735876,0.00028678389076097,7,6138.0593289196,0.0003571,0.0001978162754312507
0,13,3,0,0,1,4,e,6011.5504372492305,0.00044736562228226697,5,6011.550499104,0.0004476,-6.185476922837552e-05
0,13,3,1,1,0,4,e,4362.517661402372,0.0020002839798388627,1,4362.5176073871,0.002,5.401527232606895e-05
0,13,3,1,1,1,1,e,7146.247998163844,0.0012501743878355531,1,7146.2481643489,0.00127,-0.0001661850556047284
0,13,3,1,1,1,1,f,7146.521922827343,0.00144700932961747,2,7146.5210941863,0.001447,0.0008286410429718671
0,13,3,1,1,1,2,e,6942.821559545987,0.0012501743878355531,2,6942.8217298451,0.00127,-0.00017029911305144196
0,13,3,1,1,1,2,f,6943.052522827343,0.00144700932961747,2,6943.0516941863,0.001447,0.0008286410429718671
0,13,3,1,1,1,3,e,6773.052959545987,0.0012501743878355531,2,6773.0531298451,0.00127,-0.00017029911305144196
0,13,3,1,1,1,3,f,6773.258422827343,0.00144700932961747,2,6773.2575941863,0.001447,0.0008286410429718671
0,13,3,1,1,1,4,e,6611.795539085273,0.0012501743878355531,3,6611.7950752992,0.00127,0.0004637860729417298
0,13,3,1,1,1,4,f,6612.021842373501,0.00144700932961747,3,6612.0210037643,0.001447,0.0008386092013097368
0,13,3,2,2,1,4,e,7221.828048046253,0.0051254268114958,1,7221.8266158388,0.005143,0.0014322074530355167
0,13,3,2,2,1,4,f,7221.827297091069,0.005142956348249517,1,7221.8261743685,0.005143,0.001122722569562029
0,13,4,0,0,1,1,e,7849.313668026448,0.0010005678387795603,2,7849.3136136737,0.001106,5.435274761111941e-05
0,13,4,0,0,1,2,e,7635.321792572384,0.0010005678387795603,4,7635.3215300048,0.001001,0.0002625675842864439
0,13,4,0,0,1,3,e,7463.952065115326,0.0010005678387795603,5,7463.9520508098,0.001001,1.4305525837698951e-05
0,13,4,0,0,1,4,e,7335.879625691188,0.0010005678387795603,3,7335.8796269476,0.001001,-1.2564114513224922e-06
0,13,4,0,0,1,5,e,7188.386052357856,0.0010005678387795603,3,7188.385658676,0.001001,0.0003936818557122024
0,13,4,1,1,1,3,e,8122.082259545987,0.0012501743878355531,2,8122.0824298451,0.00127,-0.00017029911305144196
0,13,4,1,1,1,3,f,8122.3354728273425,0.00144700932961747,2,8122.3346441863,0.001447,0.0008286410429718671
0,13,4,1,1,1,4,e,7953.758409545987,0.0012501743878355531,2,7953.7585798451,0.00127,-0.00017029911305144196
0,13,4,1,1,1,4,f,7954.006491465819,0.00144700932961747,1,7954.0056329203,0.001447,0.0008585455188949709
0,13,4,1,1,1,5,e,7780.088086192721,0.0012501743878355531,4,7780.0886933126,0.001271,-0.0006071198795325472
0,13,4,1,1,1,5,f,7780.384871266429,0.001414615142008596,1,7780.3841567622,0.001415,0.0007145042291085701
0,13,5,0,0,1,5,e,8521.347241020676,0.001044622419824503,1,8521.3473534954,0.001045,-0.00011247472320974339
0,14,0,0,0,0,1,e,74.95077465052509,3.655133376499414e-05,122,74.9507199603,3.655e-05,5.46902250846415e-05
0,14,0,0,0,1,1,e,2396.795951868381,0.001212585254734693,5,2396.7957134874,0.001215,0.00023838098104533856
0,14,0,0,0,2,1,e,4694.101891305339,0.001249141305057198,4,4694.1016505995,0.001251,0.00024070583913271548
0,14,0,0,0,3,1,e,6966.896393805338,0.0015717359829182508,4,6966.8959224203,0.001573,0.0004713850385087426
0,14,0,1,1,0,1,e,734.7389981638437,0.0007502906103637443,46,734.7391643489,0.0007829,-0.00016618505628684943
0,14,0,1,1,0,1,f,734.8486914658184,0.0010458661482235668,44,734.8478329203,0.001046,0.0008585455184402235
0,14,0,1,1,1,1,e,3044.2794132298604,0.0014466983099457882,2,3044.2788341235,0.001447,0.0005791063604192459
0,14,0,1,1,1,1,f,3044.387151446313,0.0011759829930743045,2,3044.3863965139,0.001196,0.000754932413201459
0,14,0,1,1,2,1,e,5329.311169936891,0.001087628613084448,3,5329.307740112,0.001088,0.0034298248910999973
0,14,0,1,1,2,1,f,5329.411385912116,0.0005412356233656465,3,5329.4116661751,0.0005412,-0.0002802629842335591
0,14,0,1,1,3,1,e,7589.852258673583,0.0014467674312065501,1,7589.8516774286,0.001447,0.0005812449826407828
0,14,0,1,1,3,1,f,7589.954674042924,0.0011759829930743045,1,7589.95393148,0.001198,0.0007425629237332032
0,14,0,2,2,0,1,e,1395.0457176887542,0.005026927491022722,12,1395.0475372205,0.005045,-0.0018195317459230864
0,14,0,2,2,0,1,f,1395.0449822020314,0.005062608023538856,10,1395.0471285337,0.005063,-0.002146331668654966
0,14,0,2,2,1,1,e,3692.299597874384,0.005142956348249517,2,3692.3001842977,0.005143,-0.0005864233162355958
0,14,0,2,2,1,1,f,3692.3003122327686,0.005107837115648854,2,3692.3006110539,0.005108,-0.0002988211313095235
0,14,0,2,2,3,1,e,8213.381377874382,0.005142956348249517,2,8213.3819642977,0.005143,-0.0005864233171450906
0,14,0,2,2,3,1,f,8213.382092232769,0.005107837115648854,2,8213.3823910539,0.005108,-0.00029882113085477613
0,14,1,0,0,0,1,e,1430.7054855022702,6.200806399170998e-05,11,1430.7054544681,6.201e-05,3.103417020611232e-05
0,14,1,0,0,0,2,e,1319.5037410206755,0.0003020529754860892,20,1319.5038534954,0.0003024,-0.00011247472457398544
0,14,1,0,0,1,1,e,3729.577238459899,0.001249141305057198,8,3729.5769810051,0.001251,0.00025745479888428235
0,14,1,0,0,1,2,e,3621.6160236638607,0.001249141305057198,6,3621.6157832857,0.001251,0.00024037816046984517
0,14,1,0,0,2,1,e,6004.146121305339,0.0015717359829182508,2,6004.1458805995,0.001573,0.00024070583913271548
0,14,1,0,0,2,2,e,5899.094181305339,0.0015717359829182508,2,5899.0939405995,0.001573,0.00024070583913271548
0,14,1,0,0,3,1,e,8254.461891305338,0.0023388787912159963,2,8254.4616505995,0.00234,0.00024070583822322078
0,14,1,0,0,3,2,e,8151.953194825037,0.0015725339423999726,3,8151.9529529089,0.001574,0.00024191613647417398
0,14,1,1,1,0,1,e,2111.1063763053385,0.0015717359829182508,2,2111.1061355995,0.001573,0.00024070583867796813
0,14,1,1,1,0,1,f,2111.285844650525,0.0010006677770369144,1,2111.2857899603,0.001001,5.4690225169906626e-05
0,14,1,1,1,0,2,e,1959.727936277634,0.0015717359829182508,3,1959.7280509135,0.001573,-0.00011463586611171195
0,14,1,1,1,0,2,f,1959.8806997551906,0.0010006677770369144,4,1959.8798815351,0.001001,0.0008182200906503567
0,14,1,1,1,1,1,e,4397.719341243202,0.001087628613084448,5,4397.7188331982,0.001088,0.0005080450018795091
0,14,1,1,1,1,1,f,4397.891335898911,0.0006877034244498132,7,4397.8904922424,0.0007219,0.000843656511278823
0,14,1,1,1,1,2,e,4249.499787523757,0.001087628613084448,9,4249.4991365837,0.001088,0.0006509400564027601
0,14,1,1,1,1,2,f,4249.650027052952,0.0006877034244498132,9,4249.6497158587,0.0007219,0.00031119425239012344
0,14,1,1,1,2,1,e,6660.029217786137,0.0014466983099457882,1,6660.0286408184,0.001447,0.0005769677372882143
0,14,1,1,1,2,1,f,6660.191974650525,0.0010006677770369144,1,6660.1919199603,0.001001,5.4690224715159275e-05
0,14,1,1,1,2,2,e,6514.703029762326,0.0014466983099457882,5,6514.702518804,0.001447,0.000510958326231048
0,14,1,1,1,2,2,f,6514.851768087153,0.0010006677770369144,5,6514.8511532032,0.001001,0.0006148839529487304
0,14,1,1,1,3,2,e,8755.360937865444,0.001414756516153928,1,8755.3598202206,0.001415,0.0011176448442711262
0,14,1,2,2,1,1,e,5061.671054029763,0.0050537115073973115,1,5061.67161053,0.005054,-0.000556500237507862
0,14,1,2,2,1,1,f,5061.671816249003,0.005017967716117752,1,5061.6720638915,0.005036,-0.0002476424970154767
0,14,1,2,2,1,2,e,4882.69945658998,0.0050537115073973115,4,4882.7000430133,0.005054,-0.0005864233198735747
0,14,1,2,2,1,2,f,4882.700170948365,0.005017967716117752,4,4882.7004697695,0.005018,-0.00029882113540224964
0,14,1,2,2,2,2,e,7135.721594029762,0.005142956348249517,1,7135.72215053,0.005143,-0.0005565002384173567
0,14,1,2,2,2,2,f,7135.722510894022,0.005107837115648854,3,7135.7219346318,0.005108,0.0005762622222391656
0,14,2,0,0,0,1,e,2813.410455892187,0.0015717359829182508,1,2813.4102175261,0.001573,0.00023836608716010232
0,14,2,0,0,0,2,e,2660.5597663053386,0.0015717359829182508,2,2660.5595255995,0.001573,0.00024070583867796813
0,14,2,0,0,0,3,e,2548.4447913053386,0.0015717359829182508,2,2548.4445505995,0.001573,0.00024070583867796813
0,14,2,0,0,1,1,e,5088.524718607185,0.0012126227772889639,10,5088.5244778022,0.001215,0.00024080498496914515
0,14,2,0,0,1,2,e,4941.201666585943,0.0012289646048605305,11,4941.2013889471,0.001231,0.0002776388428173959
0,14,2,0,0,1,3,e,4829.956395373205,0.0012126227772889639,11,4829.9561584314,0.001215,0.00023694180526945274
0,14,2,0,0,2,1,e,7339.467400954434,0.0014466983099457882,4,7339.4655198545,0.001447,0.0018810999345078017
0,14,2,0,0,2,2,e,7197.596967686483,0.00157179960554773,3,7197.5967087858,0.001574,0.0002589006835478358
0,14,2,0,0,2,3,e,7086.738060839404,0.0015717359829182508,4,7086.738258952,0.001573,-0.00019811259608104592
0,14,2,1,1,0,2,e,3326.091790479958,0.0012492213574863344,2,3326.0915474343,0.001251,0.00024304565795318922
0,14,2,1,1,0,3,e,3172.2823167184897,0.00157179960554773,1,3172.2820736728,0.001574,0.00024304568978550378
0,14,2,1,1,1,1,e,5769.319684486182,0.0010535824599906738,4,5769.3190363283,0.001054,0.0006481578820967115
0,14,2,1,1,1,1,f,5769.562901426408,0.0006303459367680575,4,5769.5621491624,0.0006712,0.0007522640080424026
0,14,2,1,1,1,2,e,5593.879608923249,0.0010447660025096528,6,5593.8790386617,0.001047,0.0005702615490008611
0,14,2,1,1,1,2,f,5594.079919230582,0.0006195449943305167,4,5594.0791523644,0.0006573,0.0007668661819479894
0,14,2,1,1,1,3,e,5441.874105164408,0.0010446702829122688,6,5441.8735210108,0.001045,0.0005841536085426924
0,14,2,1,1,1,3,f,5442.07794938734,0.0006208349216981917,5,5442.0771977216,0.0006585,0.0007516657396990922
0,14,2,1,1,2,2,e,7837.36760671849,0.00157179960554773,1,7837.3673636728,0.001574,0.00024304568978550378
0,14,2,2,2,1,3,e,6062.425967874385,0.0050537115073973115,2,6062.4261588521,0.005054,-0.0001909777156470227
0,14,2,2,2,1,3,f,6062.4266792604985,0.005,3,6062.426549224,0.005,0.00013003649837628473
0,14,3,0,0,0,2,e,4025.2462913053387,0.001249141305057198,2,4025.2464991838,0.001251,-0.0002078784614241158
0,14,3,0,0,0,3,e,3886.0991829266536,0.0012492213574863344,3,3886.0989402379,0.001251,0.00024268875358757214
0,14,3,0,0,1,1,e,6466.650071305338,0.0015717359829182508,2,6466.6498305995,0.001573,0.00024070583822322078
0,14,3,0,0,1,2,e,6282.183369266353,0.001335647408562604,7,6282.1831293363,0.001338,0.000239930052885029
0,14,3,0,0,1,3,e,6147.951528402564,0.001235217794560943,9,6147.9512710843,0.001237,0.0002573182637206628
0,14,3,0,0,1,4,e,6021.48354444813,0.0012411538985959798,6,6021.4832982107,0.001243,0.0002462374295646441
0,14,3,1,1,0,4,e,4372.52560671849,0.0023389215463542165,1,4372.5253636728,0.00234,0.00024304568978550378
0,14,3,1,1,1,1,e,7156.19693822986,0.0014466983099457882,2,7156.1963591235,0.001447,0.0005791063604192459
0,14,3,1,1,1,1,f,7156.509846446313,0.0011759829930743045,2,7156.5090915139,0.001196,0.0007549324127467116
0,14,3,1,1,1,2,e,6952.74243822986,0.0014466983099457882,2,6952.7418591235,0.001447,0.0005791063604192459
0,14,3,1,1,1,2,f,6953.008696446313,0.0011759829930743045,2,6953.0079415139,0.001196,0.0007549324127467116
0,14,3,1,1,1,3,e,6782.959417786137,0.0014466983099457882,1,6782.9588408184,0.001447,0.0005769677372882143
0,14,3,1,1,1,3,f,6783.197146446313,0.0011759829930743045,2,6783.1963915139,0.001196,0.0007549324127467116
0,14,3,1,1,1,4,e,6621.72850822986,0.0014466983099457882,2,6621.7279291235,0.002055,0.0005791063604192459
0,14,3,1,1,1,4,f,6621.98956391411,0.0011759829930743045,3,6621.9888048585,0.001196,0.0007590556097056833
0,14,3,2,2,1,4,e,7231.792241719007,0.005142956348249517,2,7231.7928580654,0.005143,-0.0006163463931443403
0,14,3,2,2,1,4,f,7231.792908216533,0.005107837115648854,2,7231.7932582163,0.005108,-0.00034999976742255967
0,14,4,0,0,1,1,e,7859.28580671849,0.00157179960554773,1,7859.2855636728,0.001574,0.00024304568978550378
0,14,4,0,0,1,2,e,7645.263271305339,0.0015717359829182508,2,7645.2630305995,0.001573,0.00024070583913271548
0,14,4,0,0,1,3,e,7473.849319731854,0.0015717359829182508,3,7473.8493602131,0.001573,-4.048124628752703e-05
0,14,4,0,0,1,4,e,7345.770053065187,0.0015717359829182508,3,7345.7698117542,0.001573,0.00024131098689395003
0,14,4,0,0,1,5,e,7198.334855294915,0.0015717359829182508,4,7198.3345978347,0.001573,0.0002574602149252314
0,14,4,1,1,1,2,e,8326.929258673583,0.0014467674312065501,1,8326.9286774286,0.001447,0.0005812449835502775
0,14,4,1,1,1,3,e,8131.986558673583,0.0014467674312065501,1,8131.9859774286,0.001447,0.0005812449835502775
0,14,4,1,1,1,3,f,8132.279096446313,0.0011759829930743045,2,8132.2783415139,0.001196,0.0007549324127467116
0,14,4,1,1,1,4,e,7963.660658673583,0.0014467674312065501,1,7963.6600774286,0.001447,0.0005812449835502775
0,14,4,1,1,1,4,f,7963.944046446313,0.0011759829930743045,2,7963.9432915139,0.001196,0.0007549324136562063
0,14,4,1,1,1,5,e,7790.025458673583,0.0014467674312065501,1,7790.0248774286,0.001447,0.0005812449826407828
0,14,4,1,1,1,5,f,7790.369871523742,0.0012140164743527988,1,7790.3691482951,0.001234,0.0007232286425278289
0,15,0,0,0,0,1,e,85.6575358921873,0.0012125815436497456,114,85.6572975261,0.001215,0.00023836608730221087
0,15,0,0,0,1,1,e,2407.4178316282823,3.667424164178451e-05,5,2407.4177768756,3.667e-05,5.475268244481413e-05
0,15,0,0,0,2,1,e,4704.639446469356,0.00030221846402892063,4,4704.6393918465,0.0003022,5.462285571411485e-05
0,15,0,0,0,3,1,e,6977.349294772108,0.0010006677770369144,4,6977.3492401493,0.001001,5.4622807510895655e-05
0,15,0,1,1,0,1,e,745.4579177861373,0.0010454357942982439,49,745.4573408184,0.001045,0.0005769677372882143
0,15,0,1,1,0,1,f,745.5837188497021,0.0006188182285615057,46,745.5829515478,0.0006566,0.0007673019021012806
0,15,0,1,1,1,1,e,3054.9168376910984,0.0012501743878355531,2,3054.9168386195,0.001881,-9.284017323807348e-07
0,15,0,1,1,1,1,f,3055.037104390971,0.0014466983099457882,2,3055.0362362556,0.001447,0.0008681353706379014
0,15,0,1,1,2,1,e,5339.861922349957,0.00080804455322711,3,5339.859817311,0.0008365,0.0021050389568699757
0,15,0,1,1,2,1,f,5339.976529878995,0.001087628613084448,3,5339.9778585734,0.001088,-0.001328694404946873
0,15,0,1,1,3,1,e,7600.321062691099,0.0012501743878355531,2,7600.3210636195,0.001269,-9.284012776333839e-07
0,15,0,1,1,3,1,f,7600.43760439097,0.0014466983099457882,2,7600.4367362556,0.001447,0.0008681353692736593
0,15,0,2,2,0,1,e,1405.7930417190062,0.005044799302251776,13,1405.7936580654,0.005045,-0.0006163463938264613
0,15,0,2,2,0,1,f,1405.793708216533,0.005008991914547277,15,1405.7940582163,0.005009,-0.0003499997669678123
0,15,0,2,2,1,1,e,3702.9626225217294,0.0051254268114958,1,3702.9637593411,0.005125,-0.0011368193704583973
0,15,0,2,2,1,1,f,3702.9619440455126,0.005142956348249517,1,3702.9633460111,0.005143,-0.0014019655873198644
0,15,0,2,2,3,1,e,8223.878340105242,0.0051254268114958,2,8223.8798182808,0.005125,-0.001478175558077055
0,15,0,2,2,3,1,f,8223.877633123771,0.005142956348249517,2,8223.8794072724,0.005143,-0.001774148628101102
0,15,1,0,0,0,1,e,1441.4269743568589,0.0012136156722785019,14,1441.4267466081,0.001216,0.00022774875878894818
0,15,1,0,0,0,2,e,1330.204316584885,0.0012136156722785019,17,1330.2040740636,0.001216,0.00024252128491752956
0,15,1,0,0,1,1,e,3740.212449376754,0.00030221846402892063,9,3740.2123959677,0.0003022,5.340905408957042e-05
0,15,1,0,0,1,2,e,3632.233947074123,0.00030221846402892063,9,3632.2339338323,0.0003022,1.3241823126008967e-05
0,15,1,0,0,2,1,e,6014.695844772108,0.0010006677770369144,2,6014.6957901493,0.001001,5.4622808420390356e-05
0,15,1,0,0,2,2,e,5909.629888064914,0.0010006677770369144,3,5909.6298334196,0.001001,5.464531386678573e-05
0,15,1,0,0,3,1,e,8264.926444772107,0.002000333972115656,2,8264.9263901493,0.002,5.4622807510895655e-05
0,15,1,0,0,3,2,e,8162.4082172711505,0.001044622419824503,3,8162.4082740467,0.001045,-5.6775549637677614e-05
0,15,1,1,1,0,1,e,2121.829294772108,0.0010006677770369144,2,2121.8292401493,0.001001,5.4622807965643005e-05
0,15,1,1,1,0,1,f,2122.035065892187,0.0015717359829182508,1,2122.0348275261,0.001573,0.00023836608716010232
0,15,1,1,1,0,2,e,1970.4424378654444,0.0010007677053142751,5,1970.4413202206,0.001001,0.0011176448444984999
0,15,1,1,1,0,2,f,1970.6163315237422,0.0006883574652751287,3,1970.6156082951,0.0007225,0.0007232286423004552
0,15,1,1,1,1,1,e,4408.359628962607,0.00080804455322711,3,4408.3596227746,0.0008365,6.1880064095021226e-06
0,15,1,1,1,1,1,f,4408.5549434953455,0.001087628613084448,7,4408.5541586892,0.001088,0.0007848061450204113
0,15,1,1,1,1,2,e,4260.132071039723,0.00080804455322711,4,4260.1320719681,0.0008365,-9.28376721276436e-07
0,15,1,1,1,1,2,f,4260.303839263663,0.001087628613084448,5,4260.3029837416,0.001088,0.0008555220629204996
0,15,1,1,1,2,1,e,6670.585900934439,0.0010006677770369144,2,6670.5857914251,0.001001,0.000109509339381475
0,15,1,1,1,2,1,f,6670.771635892187,0.0015717359829182508,1,6670.7713975261,0.001573,0.00023836608670535497
0,15,1,1,1,2,2,e,6525.253640428954,0.0010006677770369144,5,6525.2535097149,0.001001,0.00013071405373921152
0,15,1,1,1,2,2,f,6525.423030174812,0.0014466983099457882,3,6525.4223655692,0.001447,0.000664605611746083
0,15,1,1,1,3,2,e,8765.830393645236,0.0018628349363268876,1,8765.8301893038,0.001864,0.00020434143516467884
0,15,1,1,1,3,2,f,8765.99921834434,0.001414756516153928,1,8765.9983255018,0.001567,0.0008928425395424711
0,15,1,2,2,1,1,e,5072.341670105242,0.005035871324805669,2,5072.3431482808,0.005036,-0.001478175558077055
0,15,1,2,2,1,1,f,5072.340963123772,0.0050537115073973115,2,5072.3427372724,0.005054,-0.001774148628101102
0,15,1,2,2,1,2,e,4893.3651475676015,0.005035871324805669,2,4893.366284387,0.005036,-0.0011368193981979857
0,15,1,2,2,1,2,f,4893.364469091384,0.0050537115073973115,2,4893.365871057,0.005054,-0.0014019656155142002
0,15,1,2,2,2,1,e,7322.2446188497015,0.0011759829930743045,1,7322.2438515478,0.001196,0.0007673019017602201
0,15,1,2,2,2,1,f,7322.2446177861375,0.0014466983099457882,1,7322.2440408184,0.001447,0.0005769677372882143
0,15,1,2,2,2,2,e,7146.304669299747,0.0051254268114958,3,7146.3062612607,0.005125,-0.0015919609531920287
0,15,2,0,0,0,1,e,2824.147754772108,0.0010006677770369144,2,2824.1477001493,0.001001,5.4622807965643005e-05
0,15,2,0,0,0,2,e,2671.2576397721077,0.0010006677770369144,2,2671.2575851493,0.001001,5.4622807510895655e-05
0,15,2,0,0,0,3,e,2559.150949772108,0.0010006677770369144,2,2559.1508951493,0.001001,5.4622807965643005e-05
0,15,2,0,0,1,1,e,5099.177945793363,3.789459064299285e-05,9,5099.177891304,3.789e-05,5.4489362810272723e-05
0,15,2,0,0,1,2,e,4951.814814102174,3.789459064299285e-05,9,4951.8147595516,3.789e-05,5.4550573622691445e-05
0,15,2,0,0,1,3,e,4840.583074609583,4.044749683231338e-05,12,4840.5830198751,4.045e-05,5.473448254633695e-05
0,15,2,0,0,2,1,e,7350.039474650525,0.0010006677770369144,1,7350.0394199603,0.001001,5.4690225624653976e-05
0,15,2,0,0,2,2,e,7208.126603698421,0.0010006677770369144,3,7208.126562473,0.001001,4.122542031836929e-05
0,15,2,0,0,2,3,e,7097.286085492661,0.0010006677770369144,6,7097.2859313142,0.001001,0.0001541784613436903
0,15,2,1,1,0,2,e,3336.8002334578646,0.00030221846402892063,2,3336.8001787676,0.0003022,5.469026473292615e-05
0,15,2,1,1,0,3,e,3182.994754650525,0.0010006677770369144,1,3182.9946999603,0.001001,5.4690225169906626e-05
0,15,2,1,1,1,1,e,5779.96796948592,0.0007632404601434596,4,5779.9676918033,0.0007953,0.00027768261952587636
0,15,2,1,1,1,1,f,5780.244676880506,0.0010516349176401475,4,5780.243811583,0.001052,0.0008652975056975265
0,15,2,1,1,1,2,e,5604.505077174089,0.0007508901384357101,4,5604.5053693291,0.0007835,-0.0002921550112660043
0,15,2,1,1,1,2,f,5604.732938155214,0.0010458661482235668,6,5604.7320673401,0.001046,0.0008708151135579101
0,15,2,1,1,1,3,e,5452.509055858031,0.0007513561073152996,4,5452.5090567864,0.0007819,-9.2836853582412e-07
0,15,2,1,1,1,3,f,5452.7409243039765,0.0010446702829122688,4,5452.7400476449,0.001045,0.0008766590763116255
0,15,2,1,1,2,2,e,7847.906074650525,0.0010006677770369144,1,7847.9060199603,0.001001,5.4690224715159275e-05
0,15,2,1,1,2,2,f,7848.128235892187,0.0015717359829182508,1,7848.1279975261,0.001573,0.00023836608670535497
0,15,2,2,2,1,3,e,6073.1049576887535,0.005035871324805669,1,6073.1067772205,0.005054,-0.00181953174615046
0,15,2,2,2,1,3,f,6073.1042222020305,0.005071488933242388,1,6073.1063685337,0.005071,-0.0021463316697918344
0,15,3,0,0,0,2,e,4035.9620597721078,0.00030221846402892063,2,4035.9620051493,0.0003022,5.4622807965643005e-05
0,15,3,0,0,0,3,e,3896.778518441832,0.00030221846402892063,4,3896.778463819,0.0003022,5.46228320672526e-05
0,15,3,0,0,1,1,e,6477.318894772108,0.0010006677770369144,2,6477.3188401493,0.001001,5.4622808420390356e-05
0,15,3,0,0,1,2,e,6292.81466967598,0.0003948987211931687,8,6292.8145540441,0.0003949,0.00011563188036234351
0,15,3,0,0,1,3,e,6158.548029706569,0.00018095579570712845,9,6158.5491992429,0.0005612,-0.0011695363309627282
0,15,3,0,0,1,4,e,6032.1258558381805,0.0003161407914205315,6,6032.1258453146,0.0003161,1.0523580385779496e-05
0,15,3,1,1,0,4,e,4383.243174650524,0.002000333972115656,1,4383.2431199603,0.002,5.4690224715159275e-05
0,15,3,1,1,1,1,e,7166.852712691099,0.0012501743878355531,2,7166.8527136195,0.001269,-9.284003681386821e-07
0,15,3,1,1,1,2,e,6963.372362691099,0.0012501743878355531,2,6963.3723636195,0.001269,-9.284012776333839e-07
0,15,3,1,1,1,2,f,6963.67655439097,0.0014466983099457882,2,6963.6756862556,0.001447,0.0008681353692736593
0,15,3,1,1,1,3,e,6793.573112691099,0.0012501743878355531,2,6793.5731136195,0.001269,-9.284012776333839e-07
0,15,3,1,1,1,4,e,6632.369898163844,0.0012501743878355531,1,6632.3700643489,0.00127,-0.0001661850565142231
0,15,3,1,1,1,4,f,6632.668027316123,0.0014466983099457882,2,6632.6671495908,0.001447,0.000877725322425249
0,15,3,2,2,1,4,e,7242.470331133903,0.005,5,7242.4717946741,0.005,-0.0014635401976192952
0,15,3,2,2,1,4,f,7242.469635623772,0.005142956348249517,4,7242.4714097724,0.005143,-0.001774148628101102
0,15,4,0,0,1,1,e,7869.972474650525,0.0010006677770369144,1,7869.9724199603,0.001001,5.4690225624653976e-05
0,15,4,0,0,1,3,e,7484.453394772108,0.0010006677770369144,2,7484.4533401493,0.001001,5.4622808420390356e-05
0,15,4,0,0,1,4,e,7356.365801562522,0.0010006677770369144,4,7356.3657784142,0.001001,2.3148322725319304e-05
0,15,4,0,0,1,5,e,7208.992774650525,0.0010006677770369144,1,7208.9927199603,0.001001,5.4690224715159275e-05
0,15,4,1,1,1,2,e,8337.565327218354,0.0012514535548712943,1,8337.56516289,0.001269,0.00016432835400337353
0,15,4,1,1,1,3,e,8142.598498163844,0.0012501743878355531,1,8142.5986643489,0.00127,-0.0001661850556047284
0,15,4,1,1,1,3,f,8142.931454390973,0.0014466983099457882,2,8142.9305862556,0.001447,0.0008681353729116381
0,15,4,1,1,1,4,e,7974.265198163844,0.0012501743878355531,1,7974.2653643489,0.00127,-0.0001661850565142231
0,15,4,1,1,1,4,f,7974.590804390971,0.0014466983099457882,2,7974.5899362556,0.001447,0.0008681353710926487
0,15,4,1,1,1,5,e,7800.673516747995,0.0012514535548712943,2,7800.6734919017,0.001269,2.4846294763847254e-05
0,15,4,1,1,1,5,f,7801.06612490508,0.001414756516153928,2,7801.065249211,0.001447,0.0008756940796956769
0,16,0,0,0,0,1,e,97.0771148936908,3.919183588453086e-05,114,97.0770603383,3.919e-05,5.455539080401195e-05
0,16,0,0,0,1,1,e,2418.7482870937492,0.001212585254734693,7,2418.7480485826,0.001215,0.00023851114929129835
0,16,0,0,0,2,1,e,4715.880177078508,0.0012490612474974957,4,4715.8799170984,0.001251,0.0002599801073301933
0,16,0,0,0,3,1,e,6988.500575119207,0.0015716723577132734,3,6988.5003079344,0.001573,0.0002671848069439875
0,16,0,1,1,0,1,e,756.8914272183536,0.0007524200954254212,44,756.89126289,0.0007809,0.00016432835354862618
0,16,0,1,1,0,1,f,757.0332173161228,0.0010454357942982439,47,757.0323395908,0.001045,0.0008777253227663095
0,16,0,1,1,1,1,e,3066.2571330435826,0.0014466983099457882,2,3066.2566291166,0.001952,0.0005039269826738746
0,16,0,1,1,1,1,f,3066.399079023352,0.0011759829930743045,2,3066.3982939859,0.001195,0.0007850374518056924
0,16,0,1,1,2,1,e,5351.11985776508,0.001087628613084448,2,5351.1194558224,0.001088,0.00040194268058257876
0,16,0,1,1,2,1,f,5351.248011538206,0.0005813226298708833,3,5351.2490394278,0.0005813,-0.0010278895942974486
0,16,0,1,1,3,1,e,7611.487638301028,0.0014484253518908042,1,7611.4872074147,0.001448,0.0004308863281039521
0,16,0,2,2,0,1,e,1417.2556625217294,0.005026927491022722,14,1417.2567993411,0.005027,-0.001136819370685771
0,16,0,2,2,0,1,f,1417.2549840455124,0.005044799302251776,12,1417.2563860111,0.005045,-0.001401965587547238
0,16,0,2,2,1,1,e,3714.3378969025484,0.0051254268114958,2,3714.3386111246,0.005133,-0.0007142220515561348
0,16,0,2,2,1,1,f,3714.338570209398,0.005107837115648854,2,3714.3390224717,0.005117,-0.0004522623021330219
0,16,0,2,2,3,1,e,8235.076161902547,0.0051254268114958,2,8235.0768761246,0.005125,-0.0007142220529203769
0,16,0,2,2,3,1,f,8235.076835209398,0.005107837115648854,2,8235.0772874717,0.005108,-0.0004522623021330219
0,16,1,0,0,0,1,e,1452.8615515510403,6.360031446463139e-05,10,1452.8615371205,6.36e-05,1.4430540204557474e-05
0,16,1,0,0,0,2,e,1341.6175756852085,6.200806399170998e-05,17,1341.617479863,6.201e-05,9.582220855008927e-05
0,16,1,0,0,1,1,e,3751.557378915332,0.0012490612474974957,7,3751.5570439439,0.001251,0.0003349714315845631
0,16,1,0,0,1,2,e,3643.5603311373134,0.0012490612474974957,10,3643.5600603647,0.001251,0.0002707726134758559
0,16,1,0,0,2,2,e,5920.869220505697,0.0015716723577132734,3,5920.8689677303,0.001573,0.00025277539680246264
0,16,1,0,0,3,1,e,8276.088887812453,0.0023388360352961895,2,8276.0886278324,0.00234,0.00025998005367000587
0,16,1,0,0,3,2,e,8173.560399299197,0.0015724646259932208,3,8173.560142009,0.001574,0.0002572901976236608
0,16,1,1,1,0,1,e,2133.2672028124516,0.0015716723577132734,2,2133.2669428324,0.001573,0.0002599800513962691
0,16,1,1,1,0,1,f,2133.4999048936907,0.0010007677053142751,1,2133.4998503383,0.001001,5.4555390761379385e-05
0,16,1,1,1,0,2,e,1981.8694936452366,0.0015716723577132734,3,1981.8692893038,0.001573,0.0002043414365289209
0,16,1,1,1,0,2,f,1982.0685183443404,0.0010007677053142751,4,1982.0676255018,0.001207,0.0008928425404519658
0,16,1,1,1,1,1,e,4419.708186651587,0.0010899247680459417,3,4419.7077446235,0.00109,0.00044202808749105316
0,16,1,1,1,1,1,f,4419.930370801165,0.0006877034244498132,3,4419.929585,0.0007197,0.0007858011649659602
0,16,1,1,1,1,2,e,4271.472873028893,0.001087628613084448,5,4271.4723668908,0.001088,0.0005061380934421322
0,16,1,1,1,1,2,f,4271.667874740927,0.0006877034244498132,7,4271.6670877481,0.0007197,0.0007869928267609794
0,16,1,1,1,2,1,e,6681.846276839163,0.0014466983099457882,2,6681.8458691723,0.001708,0.0004076668628840707
0,16,1,1,1,2,1,f,6682.055916871696,0.0010007677053142751,2,6682.055505943,0.001001,0.000410928696510382
0,16,1,1,1,2,2,e,6536.506543043582,0.0014466983099457882,4,6536.5061374344,0.001447,0.00040560918114351807
0,16,1,1,1,2,2,f,6536.69987619742,0.0010007677053142751,5,6536.6992372564,0.001001,0.0006389410200426937
0,16,1,1,1,3,2,f,8777.188859135375,0.0012159917762879812,1,8777.188164912,0.001233,0.0006942233740119264
0,16,1,2,2,1,1,e,5083.722831902549,0.005035871324805669,2,5083.7235461246,0.005036,-0.0007142220511013875
0,16,1,2,2,1,1,f,5083.7235052093965,0.005017967716117752,2,5083.7239574717,0.005018,-0.0004522623030425166
0,16,1,2,2,1,2,e,4904.74159826826,0.005035871324805669,5,4904.7425287619,0.005036,-0.0009304936402259045
0,16,1,2,2,1,2,f,4904.742273200696,0.005017967716117752,5,4904.7429407325,0.005018,-0.0006675318036286626
0,16,1,2,2,2,1,f,7333.5374272183535,0.0012514535548712943,1,7333.53726289,0.001269,0.00016432835309387883
0,16,1,2,2,2,2,f,7157.595182202263,0.0051254268114958,1,7157.5957367272,0.005125,-0.000554524937797396
0,16,2,0,0,0,1,e,2835.601467812452,0.0015716723577132734,2,2835.6012078324,0.001573,0.00025998005185101647
0,16,2,0,0,0,2,e,2682.669367812452,0.0015716723577132734,2,2682.6691078324,0.001573,0.00025998005185101647
0,16,2,0,0,0,3,e,2570.5714528124518,0.0015716723577132734,2,2570.5711928324,0.001573,0.00025998005185101647
0,16,2,0,0,1,1,e,5110.541850362577,0.0012125403086083366,11,5110.5415450261,0.001215,0.00030533647714037215
0,16,2,0,0,1,2,e,4963.135888065023,0.0012125403086083366,9,4963.1356053634,0.001215,0.0002827016232913593
0,16,2,0,0,1,3,e,4851.918743551679,0.0012125403086083366,9,4851.918483689,0.001215,0.00025986267883126857
0,16,2,0,0,2,1,e,7361.313559732716,0.0015716723577132734,1,7361.3132781386,0.001573,0.00028159411613160046
0,16,2,0,0,2,2,e,7219.357137211737,0.0015716723577132734,3,7219.3568646648,0.001573,0.000272546936685103
0,16,2,0,0,2,3,e,7108.53707392751,0.0015716723577132734,4,7108.5368159648,0.001573,0.00025796271074796095
0,16,2,1,1,0,2,e,3348.2216558921873,0.001249141305057198,2,3348.2214175261,0.001251,0.00023836608716010232
0,16,2,1,1,0,3,e,3194.424695892187,0.0015717359829182508,1,3194.4244575261,0.001573,0.00023836608716010232
0,16,2,1,1,1,1,e,5791.324895375841,0.0010576086232628778,2,5791.3243184081,0.001058,0.0005769677409261931
0,16,2,1,1,1,1,f,5791.639946699688,0.0006369740968045717,4,5791.6391999961,0.000669,0.0007467035884474171
0,16,2,1,1,1,2,e,5615.8377585283215,0.0010485876215176296,3,5615.837327642,0.001049,0.0004308863217374892
0,16,2,1,1,1,2,f,5616.097123939443,0.0006201096677201541,6,5616.0963391199,0.0006554,0.0007848195427868632
0,16,2,1,1,1,3,e,5463.852520914814,0.0010466307849475859,5,5463.8520253593,0.001047,0.0004955555141350487
0,16,2,1,1,1,3,f,5464.116328635064,0.0006234067692927307,4,5464.1155169504,0.0006561,0.0008116846638586139
0,16,2,1,1,2,2,e,7859.147535892187,0.0015717359829182508,1,7859.1472975261,0.001573,0.00023836608670535497
0,16,2,1,1,2,2,f,7859.398614893691,0.0010007677053142751,1,7859.3985603383,0.001001,5.4555391216126736e-05
0,16,2,2,2,1,2,e,6266.808809086089,0.005078228037416202,1,6266.8096211838,0.005078,-0.0008120977108774241
0,16,2,2,2,1,2,f,6266.809479162664,0.005,2,6266.8100224225,0.005,-0.0005432598363768193
0,16,2,2,2,1,3,e,6084.49493208609,0.005035871324805669,1,6084.4957441838,0.005036,-0.0008120977099679294
0,16,2,2,2,1,3,f,6084.495612202263,0.005035871324805669,1,6084.4961667272,0.005036,-0.0005545249368879013
0,16,3,0,0,0,2,e,4047.3939828124526,0.0012490612474974957,2,4047.3931836871,0.001251,0.0007991253523869091
0,16,3,0,0,0,3,e,3908.1711663445626,0.0012490612474974957,4,3908.1709063645,0.001251,0.0002599800627649529
0,16,3,0,0,1,1,e,6488.699947812453,0.0015716723577132734,2,6488.6996878324,0.001573,0.00025998005276051117
0,16,3,0,0,1,2,e,6304.1547609194995,0.0013355725364052676,8,6304.1545066269,0.001338,0.0002542925994930556
0,16,3,0,0,1,3,e,6169.853818524169,0.001237118830185686,8,6169.8535170872,0.001239,0.0003014369685843121
0,16,3,0,0,1,4,e,6043.4780962411405,0.001265798167165682,5,6043.4778389183,0.001268,0.0002573228402980021
0,16,3,1,1,1,1,e,7178.217938301028,0.0014484253518908042,1,7178.2175074147,0.001448,0.0004308863281039521
0,16,3,1,1,1,1,f,7178.626554023348,0.0011759829930743045,2,7178.6257689859,0.001195,0.0007850374477129662
0,16,3,1,1,1,2,e,6974.709878043579,0.0014466983099457882,2,6974.7093741166,0.001447,0.0005039269790358958
0,16,3,1,1,1,2,f,6975.055754023349,0.0011759829930743045,2,6975.0549689859,0.001195,0.0007850374495319556
0,16,3,1,1,1,3,e,6804.894178043581,0.0014466983099457882,2,6804.8936741166,0.001447,0.0005039269808548852
0,16,3,1,1,1,3,f,6805.201404023353,0.0011759829930743045,2,6805.2006189859,0.001195,0.0007850374522604397
0,16,3,1,1,1,4,e,6643.720474796064,0.0014466983099457882,3,6643.7199952159,0.001447,0.000479580164210347
0,16,3,1,1,1,4,f,6644.0588657479,0.0011759829930743045,3,6644.0580747986,0.001195,0.0007909493006081902
0,16,3,2,2,1,4,e,7253.859455297061,0.0051254268114958,3,7253.8602021443,0.005125,-0.0007468472394975834
0,16,3,2,2,1,4,f,7253.860130873684,0.005107837115648854,3,7253.8606172236,0.005108,-0.00048634991526341764
0,16,4,0,0,1,1,e,7881.371297812452,0.0015716723577132734,2,7881.3710378324,0.001573,0.00025998005185101647
0,16,4,0,0,1,2,e,7667.272042733252,0.0015716723577132734,4,7667.2717888002,0.001573,0.0002539330525905825
0,16,4,0,0,1,3,e,7495.765396641663,0.0015716723577132734,4,7495.7651490841,0.001573,0.0002475575629432569
0,16,4,0,0,1,4,e,7367.668497812452,0.0015716723577132734,2,7367.6682378324,0.001573,0.00025998005185101647
0,16,4,0,0,1,5,e,7220.361675013606,0.0015716723577132734,3,7220.3610922096,0.001574,0.0005828040057167527
0,16,4,1,1,1,2,e,8348.91272804358,0.0014466983099457882,2,8348.9122241166,0.001447,0.0005039269799453905
0,16,4,1,1,1,3,e,8153.917117786137,0.0014466983099457882,1,8153.9165408184,0.001447,0.0005769677372882143
0,16,4,1,1,1,4,e,7985.5787177861375,0.0014466983099457882,1,7985.5781408184,0.001447,0.0005769677372882143
0,16,4,1,1,1,5,e,7812.030207984206,0.001414756516153928,3,7812.0289879166,0.001415,0.0012200676055726944
0,16,4,1,1,1,5,f,7812.477392394028,0.0011759829930743045,3,7812.4767626829,0.001195,0.0006297111285675783
0,17,0,0,0,0,1,e,109.21095973271667,0.0012124990721645934,115,109.2106781386,0.001215,0.00028159411667161294
0,17,0,0,0,1,1,e,2430.7858949447145,3.9306488014067104e-05,7,2430.7858403633,3.931e-05,5.4581414588028565e-05
0,17,0,0,0,2,1,e,4727.82279715496,0.0003025491695576109,4,4727.822648243,0.0003025,0.0001489119604229927
0,17,0,0,0,3,1,e,7000.347221375145,0.0010007677053142751,4,7000.3470724632,0.001001,0.00014891194496158278
0,17,0,1,1,0,1,e,769.0386383010286,0.0010478244127715291,42,769.0382074147,0.001048,0.0004308863286723863
0,17,0,1,1,0,1,f,769.1991891970031,0.0006213984229139948,44,769.198386424,0.0006542,0.00080277300310172
0,17,0,1,1,1,1,e,3078.3123331134116,0.0012514535548712943,2,3078.3121855648,0.001268,0.00014754861149413045
0,17,0,1,1,1,1,f,3078.4679310915335,0.0014466983099457882,2,3078.4670430621,0.001447,0.0008880294335540384
0,17,0,1,1,2,1,e,5363.07740811341,0.0008100222219173989,2,5363.0772605648,0.003131,0.00014754860967514105
0,17,0,1,1,2,1,f,5363.223910963352,0.001087628613084448,3,5363.2244303828,0.001089,-0.0005194194482101011
0,17,0,1,1,3,1,e,7623.350948113413,0.0012514535548712943,2,7623.3508005648,0.001268,0.00014754861331311986
0,17,0,1,1,3,1,f,7623.499101091534,0.0014466983099457882,2,7623.4982130621,0.001447,0.0008880294335540384
0,17,0,2,2,0,1,e,1429.4339820860898,0.005026927491022722,15,1429.4347941838,0.005027,-0.0008120977101953031
0,17,0,2,2,0,1,f,1429.4346622022629,0.005026927491022722,16,1429.4352167272,0.005027,-0.000554524937115275
0,17,0,2,2,1,1,e,3726.422423576641,0.0051254268114958,2,3726.4235646829,0.005125,-0.0011411062591832888
0,17,0,2,2,1,1,f,3726.4217578148896,0.005142956348249517,2,3726.4231663328,0.005143,-0.001408517910476803
0,17,1,0,0,0,1,e,1465.0120009512439,0.0012135258546895488,16,1465.0117329279,0.001216,0.0002680233437786228
0,17,1,0,0,0,2,e,1353.744405042572,0.0012135258546895488,17,1353.7441490973,0.001216,0.0002559452721015987
0,17,1,0,0,1,1,e,3763.6103553673,0.0003025491695576109,9,3763.6102481137,0.0003025,0.00010725360016294871
0,17,1,0,0,1,2,e,3655.593589045317,0.0003025491695576109,8,3655.5934457956,0.0003025,0.00014324971698442823
0,17,1,0,0,2,1,e,6037.906414893691,0.0010007677053142751,1,6037.9063603383,0.001001,5.4555391216126736e-05
0,17,1,0,0,2,2,e,5932.80929921466,0.0010007677053142751,3,5932.8094803153,0.001001,-0.00018110063956555678
0,17,1,0,0,3,1,e,8287.948151375145,0.0020003839631430763,2,8287.9480024632,0.002,0.00014891194587107748
0,17,1,0,0,3,2,e,8185.408758702051,0.0010020204588729713,3,8185.4086790889,0.001002,7.961315168358851e-05
0,17,1,1,1,0,1,e,2145.4193513751447,0.0010007677053142751,2,2145.4192024632,0.001001,0.00014891194496158278
0,17,1,1,1,0,1,f,2145.6818697327167,0.0015716723577132734,1,2145.6815881386,0.001573,0.0002815941165863478
0,17,1,1,1,0,2,e,1994.0114668602553,0.0010069935451630263,3,1994.0115432146,0.001021,-7.635434462827106e-05
0,17,1,1,1,0,2,f,1994.234759135375,0.0006918352405016673,5,1994.234064912,0.0007214,0.0006942233751487947
0,17,1,1,1,1,1,e,4431.7665364124505,0.0008100222219173989,5,4431.7663517375,0.0008354,0.00018467495010554558
0,17,1,1,1,1,1,f,4432.015601786342,0.001087628613084448,5,4432.014817727,0.001088,0.0007840593416403863
0,17,1,1,1,1,2,e,4283.522280804343,0.0008100222219173989,8,4283.5221332557,0.0008354,0.00014754864241695032
0,17,1,1,1,1,2,f,4283.740764658587,0.001087628613084448,7,4283.7398754932,0.001088,0.0008891653869795846
0,17,1,1,1,2,1,e,6693.808351375144,0.0010007677053142751,2,6693.8082024632,0.001001,0.00014891194405208807
0,17,1,1,1,2,1,f,6694.046488524423,0.0014466983099457882,2,6694.0459088647,0.001447,0.0005796597224616562
0,17,1,1,1,2,2,e,6548.464152533987,0.0010007677053142751,6,6548.4639552232,0.001001,0.0001973107864614576
0,17,1,1,1,2,2,f,6548.680002819767,0.0014466983099457882,5,6548.6792360774,0.001447,0.0007667423669772688
0,17,1,2,2,1,1,e,5095.814244631552,0.0050537115073973115,1,5095.8153900246,0.005054,-0.0011453930474090157
0,17,1,2,2,1,1,f,5095.813591584267,0.005071488933242388,1,5095.8150066545,0.005071,-0.0014150702336337417
0,17,1,2,2,1,2,e,4916.829661604164,0.005035871324805669,4,4916.8308097028,0.005036,-0.001148098635894712
0,17,1,2,2,1,2,f,4916.828995842412,0.0050537115073973115,4,4916.830412555,0.005054,-0.0014167125882522669
0,17,1,2,2,2,1,f,7345.533717316123,0.0014466983099457882,1,7345.5328395908,0.001447,0.0008777253233347437
0,17,1,2,2,2,2,e,7169.58827252173,0.0051254268114958,1,7169.5894093411,0.005125,-0.00113681937000365
0,17,1,2,2,2,2,f,7169.589081584267,0.005160426338976268,1,7169.5904966545,0.00516,-0.0014150702336337417
0,17,2,0,0,0,1,e,2847.770966375145,0.0010007677053142751,2,2847.7708174632,0.001001,0.00014891194496158278
0,17,2,0,0,0,2,e,2694.793461375145,0.0010007677053142751,2,2694.7933124632,0.001001,0.00014891194496158278
0,17,2,0,0,0,3,e,2582.704521375145,0.0010007677053142751,2,2582.7043724632,0.001001,0.00014891194496158278
0,17,2,0,0,1,1,e,5122.615211378372,0.00011677328461596,7,5122.6149564326,0.000205,0.00025494577221252257
0,17,2,0,0,1,2,e,4975.163880233684,4.044749683231338e-05,10,4975.1638234993,4.045e-05,5.673438408848597e-05
0,17,2,0,0,1,3,e,4863.9619043463435,0.00020380382724571194,9,4863.9617514718,0.0002038,0.0001528745433461154
0,17,2,0,0,2,1,e,7373.28954195108,0.0010007677053142751,2,7373.2894492889,0.001001,9.26621796679683e-05
0,17,2,0,0,2,2,e,7231.288901375145,0.0010007677053142751,2,7231.2887524632,0.001001,0.00014891194496158278
0,17,2,0,0,2,3,e,7120.490496525357,0.0010019206555411462,2,7120.4904261324,0.001002,7.039295724098338e-05
0,17,2,1,1,0,2,e,3360.3566479212136,0.0003025491695576109,2,3360.3565933658,0.0003025,5.455541349874693e-05
0,17,2,1,1,0,3,e,3206.5668848936907,0.0010007677053142751,1,3206.5668303383,0.001001,5.4555390761379385e-05
0,17,2,1,1,1,1,e,5803.392655304814,0.0007635679406575422,3,5803.3918345119,0.0007905,0.000820792914055346
0,17,2,1,1,1,1,f,5803.745534635668,0.0010534875414545727,4,5803.7446681547,0.001053,0.0008664809683978092
0,17,2,1,1,1,2,e,5627.879342177108,0.000753017928073429,7,5627.8791956388,0.0007803,0.00014653830749011831
0,17,2,1,1,1,2,f,5628.1701033520585,0.0010462007455550775,6,5628.1692127881,0.001046,0.0008905639588192571
0,17,2,1,1,1,3,e,5475.905185124347,0.0007534825810859863,5,5475.9051631197,0.0007807,2.2004646780260373e-05
0,17,2,1,1,1,3,f,5476.200783764431,0.0010447660025096528,6,5476.1998897477,0.001046,0.0008940167317632586
0,17,2,1,1,2,2,e,7871.091314893691,0.0010007677053142751,1,7871.0912603383,0.001001,5.4555390306632034e-05
0,17,2,2,2,1,2,e,6278.893352521729,0.005043619731898907,1,6278.8944893411,0.005044,-0.0011368193709131447
0,17,2,2,2,1,2,f,6278.892674045512,0.005061432603522446,1,6278.8940760111,0.005061,-0.0014019655882293591
0,17,2,2,2,1,3,e,6096.599397,0.005,1,6096.599397,0.005,0.0
0,17,3,0,0,0,2,e,4059.5369363751447,0.0003025491695576109,2,4059.5373179705,0.0003628,-0.00038159535552040325
0,17,3,0,0,0,3,e,3920.274503989823,0.0003025491695576109,4,3920.2743550779,0.0003025,0.00014891192313370993
0,17,3,0,0,1,1,e,6500.791301375145,0.0010007677053142751,2,6500.7911524632,0.001001,0.00014891194496158278
0,17,3,0,0,1,2,e,6316.202855327947,0.0005613697533711626,6,6316.202706416,0.0005614,0.00014891194678057218
0,17,3,0,0,1,3,e,6181.8638848183655,0.0002386315151022597,8,6181.8637608201,0.0002386,0.00012399826573528117
0,17,3,0,0,1,4,e,6055.537578401124,0.00035545041848336596,5,6055.5381540255,0.000405,-0.0005756243763244129
0,17,3,1,1,0,4,e,4406.823914893691,0.0020003839631430763,1,4406.8238603383,0.002,5.4555391216126736e-05
0,17,3,1,1,1,1,e,7190.297748113413,0.0012514535548712943,2,7190.2976005648,0.001268,0.00014754861331311986
0,17,3,1,1,1,1,f,7190.7535010915335,0.0014466983099457882,2,7190.7526130621,0.001447,0.0008880294335540384
0,17,3,1,1,1,2,e,6986.757798113411,0.0012514535548712943,2,6986.7576505648,0.001268,0.00014754861058463575
0,17,3,1,1,1,2,f,6987.145651091533,0.0014466983099457882,2,6987.1447630621,0.001447,0.0008880294335540384
0,17,3,1,1,1,3,e,6816.92239811341,0.0012514535548712943,2,6816.9222505648,0.001268,0.00014754860967514105
0,17,3,1,1,1,3,f,6817.268051091533,0.0014466983099457882,2,6817.2671630621,0.001447,0.0008880294335540384
0,17,3,1,1,1,4,e,6655.781161745096,0.0012514535548712943,3,6655.7810197897,0.001268,0.0001419553964296938
0,17,3,1,1,1,4,f,6656.160279016671,0.0014466983099457882,3,6656.1593875526,0.001447,0.0008914640711736865
0,17,4,0,0,1,2,e,7679.339914893691,0.0010007677053142751,1,7679.3398603383,0.001001,5.4555390306632034e-05
0,17,4,0,0,1,3,e,7507.78301291671,0.0010007677053142751,4,7507.7825913968,0.001001,0.00042151990965066943
0,17,4,0,0,1,4,e,7379.676368950251,0.0010007677053142751,4,7379.6762592978,0.001001,0.00010965245110128308
0,17,4,0,0,1,5,e,7232.43971774778,0.0010007677053142751,3,7232.4395951837,0.001001,0.00012256408081157133
0,17,4,1,1,1,2,f,8361.459701091533,0.0014466983099457882,2,8361.4588130621,0.001737,0.0008880294335540384
0,17,4,1,1,1,3,e,8165.943227218353,0.0012514535548712943,1,8165.94306289,0.001269,0.00016432835309387883
0,17,4,1,1,1,3,f,8166.3677010915335,0.0014466983099457882,2,8166.3668130621,0.001447,0.0008880294335540384
0,17,4,1,1,1,4,e,7997.600448113413,0.0012514535548712943,2,7997.6003005648,0.001268,0.00014754861331311986
0,17,4,1,1,1,4,f,7998.017017316123,0.0014466983099457882,1,7998.0161395908,0.001447,0.0008777253233347437
0,17,4,1,1,1,5,e,7824.095307557755,0.0012875309705012924,2,7824.0951804689,0.001304,0.00012708885515166912
0,17,4,1,1,1,5,f,7824.596027892354,0.001419167361518718,1,7824.5941871007,0.001429,0.0018407916541036684
0,18,0,0,0,0,1,e,122.05778785659868,0.0001184736257569591,115,122.0575445882,0.000204,0.00024326839867683248
0,18,0,0,0,1,1,e,2443.5321106870024,0.001212495360815867,10,2443.531824096,0.001215,0.0002865910023501783
0,18,0,0,0,2,1,e,4740.467576996097,0.0012490540420654343,4,4740.4672904893,0.001251,0.000286506797237962
0,18,0,0,0,3,1,e,7012.891835711694,0.0015716666313184866,4,7012.8915492049,0.001573,0.0002865067935999832
0,18,0,1,1,0,1,e,781.900869008468,0.0007524200954254212,52,781.9007382396,0.0007797,0.00013076886807539267
0,18,0,1,1,0,1,f,782.0790848669446,0.0010459617583831638,43,782.0781865335,0.001047,0.0008983334446384106
0,18,0,1,1,1,1,e,3091.074115993396,0.0014484253518908042,2,3091.0736880168,0.001448,0.00042797659580173786
0,18,0,1,1,1,1,f,3091.248324235691,0.0011773427708191017,2,3091.2475616709,0.001195,0.0007625647913300782
0,18,0,1,1,2,1,e,5375.737410993395,0.0010899247680459417,2,5375.7369830168,0.002562,0.0004279765953469905
0,18,0,1,1,2,1,f,5375.902167841492,0.0006017773674707284,3,5375.9026316913,0.0007219,-0.00046384980760194594
0,18,0,1,1,3,1,e,7635.9118709933955,0.0014484253518908042,2,7635.9114430168,0.001448,0.0004279765953469905
0,18,0,1,1,3,1,f,7636.077829235692,0.0011773427708191017,2,7636.0770666709,0.001195,0.0007625647913300782
0,18,0,2,2,0,1,e,1442.3296146315529,0.005044799302251776,10,1442.3307600246,0.005045,-0.001145393047181642
0,18,0,2,2,0,1,f,1442.3289615842668,0.005062608023538856,10,1442.3303766545,0.005063,-0.0014150702331789944
0,18,0,2,2,1,1,e,3739.216796760022,0.005107837115648854,2,3739.2176053355,0.005108,-0.0008085754780040588
0,18,0,2,2,1,1,f,3739.217146847822,0.0051254268114958,2,3739.2177029366,0.005125,-0.0005560887780120538
0,18,0,2,2,3,1,e,8259.568971433955,0.005107837115648854,1,8259.5697764873,0.005108,-0.0008050533451751107
0,18,0,2,2,3,1,f,8259.56966149338,0.005142956348249517,1,8259.570219146,0.005143,-0.000557652620045701
0,18,1,0,0,0,1,e,1477.8760004930512,6.360031446463139e-05,7,1477.8759306247,6.36e-05,6.986835114730638e-05
0,18,1,0,0,0,2,e,1366.5835973655062,6.360031446463139e-05,17,1366.5835524017,6.36e-05,4.4963806203668355e-05
0,18,1,0,0,1,1,e,3776.372740835914,0.0012490540420654343,8,3776.3724531792,0.001251,0.0002876567141356645
0,18,1,0,0,1,2,e,3668.3347480949856,0.0012490540420654343,8,3668.3346011808,0.001251,0.00014691418573420378
0,18,1,0,0,2,1,e,6050.565395711694,0.0015716666313184866,2,6050.5651092049,0.001573,0.0002865067935999832
0,18,1,0,0,2,2,e,5945.452969732716,0.0015716723577132734,1,5945.4526881386,0.001573,0.00028159411613160046
0,18,1,0,0,3,1,e,8300.50541915554,0.001572401030271858,4,8300.5051110205,0.001574,0.00030813503872195724
0,18,1,0,0,3,2,e,8197.95505117111,0.001572401030271858,4,8197.9542839782,0.001574,0.0007671929088246543
0,18,1,1,1,0,1,e,2158.2884590722124,0.0008105775718584865,3,2158.2885149047,0.000836,-5.5832487760199e-05
0,18,1,1,1,0,1,f,2158.579530237756,0.0010069935451630263,2,2158.5786931202,0.001021,0.000837117555875011
0,18,1,1,1,0,2,e,2006.8670914702739,0.000811009247789444,4,2006.8670416341,0.0008364,4.983617395737383e-05
0,18,1,1,1,0,2,f,2007.1159178923535,0.0010069935451630263,5,2007.1140771007,0.001021,0.001840791653648921
0,18,1,1,1,1,1,e,4444.533086858815,0.0010899247680459417,5,4444.5326587941,0.00109,0.0004280647153791506
0,18,1,1,1,1,1,f,4444.812420488283,0.0006900260864634032,5,4444.8116567063,0.0007197,0.0007637819835508708
0,18,1,1,1,1,2,e,4296.280098070833,0.0010899247680459417,6,4296.2794661598,0.00109,0.0006319110334516154
0,18,1,1,1,1,2,f,4296.52462833828,0.0006900260864634032,8,4296.5240379189,0.0007197,0.0005904193803871749
0,18,1,1,1,2,1,e,6706.47613169067,0.0015716666313184866,1,6706.4758402712,0.001573,0.00029141947015887126
0,18,1,1,1,2,1,f,6706.740187856599,0.0010069935451630263,1,6706.7399445882,0.001021,0.00024326839866262162
0,18,1,1,1,2,2,e,6561.124333419189,0.0014484253518908042,5,6561.1234809359,0.001448,0.0008524832883267663
0,18,1,1,1,2,2,f,6561.3653289005915,0.0010069935451630263,4,6561.3647062119,0.001021,0.0006226886916920193
0,18,1,2,2,1,1,e,5108.617246760023,0.005017967716117752,2,5108.6180553355,0.005018,-0.0008085754770945641
0,18,1,2,2,1,1,f,5108.617931847822,0.005035871324805669,2,5108.6184879366,0.005036,-0.0005560887784668012
0,18,1,2,2,1,2,e,4929.628128870114,0.005017967716117752,4,4929.6289374456,0.005018,-0.0008085754861895111
0,18,1,2,2,1,2,f,4929.628813957914,0.005035871324805669,4,4929.6293700467,0.005036,-0.0005560887866522535
0,18,1,2,2,2,1,e,7358.236838301028,0.0014484253518908042,1,7358.2364074147,0.001448,0.0004308863281039521
0,18,1,2,2,2,2,e,7182.289531433955,0.005107837115648854,1,7182.2903364873,0.005108,-0.0008050533451751107
0,18,2,0,0,0,1,e,2860.655590711693,0.0015716666313184866,2,2860.6553042049,0.001573,0.00028650679314523586
0,18,2,0,0,0,2,e,2707.6309057116932,0.0015716666313184866,2,2707.6306192049,0.001573,0.00028650679314523586
0,18,2,0,0,0,3,e,2595.551720711693,0.0015716666313184866,2,2595.5514342049,0.001573,0.00028650679314523586
0,18,2,0,0,1,1,e,5135.39919603576,0.0012125328861519592,7,5135.398847834,0.001215,0.0003482017600617837
0,18,2,0,0,1,2,e,4987.899553636271,0.0012288759091136907,11,4987.8995107776,0.001231,4.2858670894929674e-05
0,18,2,0,0,1,3,e,4876.713453584885,0.0012288759091136907,12,4876.7132494199,0.001231,0.00020416498500708258
0,18,2,0,0,2,1,e,7385.971372299834,0.0014470784360220423,2,7385.970782336,0.002715,0.0005899638335904456
0,18,2,0,0,2,2,e,7243.922788038252,0.001572401030271858,3,7243.9225031107,0.001574,0.0002849275524567929
0,18,2,0,0,2,3,e,7133.146836597147,0.0015716723577132734,3,7133.1465359723,0.001573,0.0003006248471137951
0,18,2,1,1,0,2,e,3373.205722000696,0.0012490612474974957,3,3373.2054396572,0.001251,0.00028234349611011567
0,18,2,1,1,0,3,e,3219.425109732717,0.0015716723577132734,1,3219.4248281386,0.001573,0.00028159411704109516
0,18,2,1,1,1,1,e,5816.168502054593,0.0010558579449907075,2,5816.1680711683,0.001056,0.00043088629263365874
0,18,2,1,1,1,1,f,5816.56456646041,0.0006328791353805243,2,5816.5637425375,0.0006651,0.0008239229100581724
0,18,2,1,1,1,2,e,5640.628208716788,0.0010521102603814868,5,5640.6277783863,0.001052,0.0004303304885979742
0,18,2,1,1,1,2,f,5640.954096143878,0.0006226845108078408,5,5640.9533336033,0.0006554,0.0007625405778526329
0,18,2,1,1,1,3,e,5488.665641416023,0.001050159987811381,6,5488.6652037852,0.00105,0.0004376308233986492
0,18,2,1,1,1,3,f,5488.9970974002645,0.0006234067692927307,5,5488.9961936438,0.0006561,0.0009037564641403151
0,18,2,1,1,2,2,e,7883.739659732716,0.0015716723577132734,1,7883.7393781386,0.001573,0.00028159411613160046
0,18,2,1,1,2,2,f,7884.058687856599,0.0010069935451630263,1,7884.0584445882,0.001021,0.00024326839957211632
0,18,2,2,2,1,3,e,6109.41759208609,0.005035871324805669,1,6109.4184041838,0.005036,-0.0008120977099679294
0,18,2,2,2,1,3,f,6109.418272202262,0.005035871324805669,1,6109.4188267272,0.005036,-0.000554524937797396
0,18,3,0,0,0,2,e,4072.3971807116936,0.0012490540420654343,2,4072.3968942049,0.001251,0.0002865067935999832
0,18,3,0,0,0,3,e,3933.0898464456386,0.0012490540420654343,4,3933.0895599389,0.001251,0.00028650673857555375
0,18,3,0,0,1,1,e,6513.594145711693,0.0015716666313184866,2,6513.5938592049,0.001573,0.0002865067935999832
0,18,3,0,0,1,2,e,6328.959769750158,0.001335565797705227,7,6328.9595447119,0.001338,0.0002250382576676202
0,18,3,0,0,1,3,e,6194.58103659532,0.001237030719101187,8,6194.5803057681,0.001338,0.0007308272206500988
0,18,3,0,0,1,4,e,6068.307438211694,0.0015716666313184866,4,6068.3071517049,0.001573,0.0002865067935999832
0,18,3,1,1,0,4,e,4419.683959732716,0.0023388360352961895,1,4419.6836781386,0.00234,0.00028159411613160046
0,18,3,1,1,1,1,e,7203.084720993395,0.0014484253518908042,2,7203.0842930168,0.001448,0.0004279765953469905
0,18,3,1,1,1,1,f,7203.5960891970035,0.0011773427708191017,1,7203.595286424,0.001195,0.0008027730036701541
0,18,3,1,1,1,2,e,6999.511420993395,0.0014484253518908042,2,6999.5109930168,0.001448,0.0004279765953469905
0,18,3,1,1,1,2,f,6999.946479235692,0.0011773427708191017,2,6999.9457166709,0.001195,0.0007625647922395729
0,18,3,1,1,1,3,e,6829.657670993396,0.0014484253518908042,2,6829.6572430168,0.001448,0.0004279765962564852
0,18,3,1,1,1,3,f,6830.044369274379,0.0011787009798926952,1,6830.0436469178,0.001196,0.0007223565789900022
0,18,3,1,1,1,4,e,6668.549848685763,0.001450977601481153,2,6668.5494236189,0.001451,0.0004250668634995236
0,18,3,1,1,1,4,f,6668.973919248588,0.0011773427708191017,3,6668.9731700865,0.001195,0.0007491620872315252
0,18,3,2,2,1,4,e,7278.773701651333,0.005107837115648854,3,7278.7745090528,0.005108,-0.000807401466772717
0,18,3,2,2,1,4,f,7278.774256847822,0.0051254268114958,2,7278.7748129366,0.005125,-0.0005560887784668012
0,18,4,0,0,1,1,e,7906.303459732717,0.0015716723577132734,1,7906.3031781386,0.001573,0.00028159411704109516
0,18,4,0,0,1,2,e,7692.119680341981,0.0015716723577132734,2,7692.1194055333,0.001573,0.00027480868084239773
0,18,4,0,0,1,3,e,7520.507398821984,0.0015716666313184866,3,7520.5071225024,0.001573,0.0002763195834631915
0,18,4,0,0,1,4,e,7392.3911141238295,0.0015716666313184866,4,7392.3907955863,0.001573,0.0003185375298926374
0,18,4,0,0,1,5,e,7245.228645711693,0.0015716666313184866,2,7245.2283592049,0.001573,0.0002865067935999832
0,18,4,1,1,1,2,f,8374.28536927438,0.0011787009798926952,1,8374.2846469178,0.001196,0.0007223565789900022
0,18,4,1,1,1,3,f,8179.151889197004,0.0011773427708191017,1,8179.151086424,0.001195,0.0008027730036701541
0,18,4,1,1,1,4,e,8010.328170993395,0.0014484253518908042,2,8010.3277430168,0.001448,0.0004279765953469905
0,18,4,1,1,1,4,f,8010.7917692743795,0.0011787009798926952,1,8010.7910469178,0.001196,0.0007223565798994969
0,18,4,1,1,1,5,e,7836.869747690012,0.0014191737032512967,2,7836.8693438914,0.001638,0.00040379861275141593
0,18,4,1,1,1,5,f,7837.42951972728,0.0012159917762879812,2,7837.4284531544,0.001233,0.0010665728805179242
0,18,5,0,0,1,5,e,8577.917705042571,0.0015724646259932208,1,8577.9174490973,0.001574,0.00025594527141947765
0,19,0,0,0,0,1,e,135.6182316906702,0.0012124916494557808,109,135.6179402712,0.001215,0.00029141947018729297
0,19,0,0,0,1,1,e,2456.985644049513,0.00011851160280748887,8,2456.985400837,0.0002041,0.00024321251339642913
0,19,0,0,0,2,1,e,4753.814538068484,0.00032254612073314413,4,4753.8142948095,0.0003628,0.00024325898357346887
0,19,0,0,0,3,1,e,7026.131998045547,0.0010069935451630263,4,7026.1317547865,0.001021,0.000243259047238098
0,19,0,1,1,0,1,e,795.4767036857628,0.0010513496088361853,50,795.4762786189,0.001051,0.0004250668628174026
0,19,0,1,1,0,1,f,795.6753692743796,0.0006239679478947617,45,795.6746469178,0.0006566,0.0007223565795584364
0,19,0,1,1,1,1,e,3104.5446260809567,0.0012514535548712943,2,3104.5444927082,0.001268,0.00013337275686353678
0,19,0,1,1,1,1,f,3104.737680980592,0.0014470784360220423,2,3104.7367544032,0.001448,0.000926577391965111
0,19,0,1,1,2,1,e,5389.101968966229,0.0008100222219173989,3,5389.0994466786,0.0009814,0.0025222876292900764
0,19,0,1,1,2,1,f,5389.289246433015,0.0010904292732681015,2,5389.2886586464,0.001091,0.0005877866151422495
0,19,0,1,1,3,1,e,7649.1724690084675,0.0012514535548712943,1,7649.1723382396,0.001268,0.00013076886716589797
0,19,0,1,1,3,1,f,7649.358284866944,0.0014470784360220423,1,7649.3573865335,0.001448,0.0008983334437289159
0,19,0,2,2,0,1,e,1455.9405714339548,0.005008991914547277,16,1455.9413764873,0.005009,-0.0008050533451751107
0,19,0,2,2,0,1,f,1455.941261493381,0.005044799302251776,14,1455.9418191461,0.005045,-0.0005576527189532499
0,19,0,2,2,1,1,e,3752.720518479478,0.005142956348249517,2,3752.7217047381,0.005227,-0.0011862586220559024
0,19,0,2,2,1,1,f,3752.7196766302513,0.005,3,3752.7216935423,0.005,-0.0020169120484752057
0,19,0,2,2,3,1,e,8272.863362327404,0.005160426338976268,1,8272.8645894516,0.00516,-0.0012271241957932943
0,19,0,2,2,3,1,f,8272.862169661446,0.005160426338976268,1,8272.8636699039,0.005178,-0.0015002424534031888
0,19,1,0,0,0,1,e,1491.4551815817574,0.0012134434473843434,17,1491.454822521,0.001216,0.0003590607573187299
0,19,1,0,0,0,2,e,1380.1366600293616,0.0012134434473843434,15,1380.1363498892,0.001216,0.00031014016167318914
0,19,1,0,0,1,1,e,3789.843475012113,0.00032254612073314413,8,3789.8432317531,0.0003628,0.00024325901267729932
0,19,1,0,0,1,2,e,3681.783407385478,0.00032254612073314413,10,3681.7831588507,0.0003628,0.00024853477771102916
0,19,1,0,0,2,1,e,6063.928455545547,0.0010069935451630263,2,6063.9282122865,0.001021,0.000243259047238098
0,19,1,0,0,2,2,e,5958.7976228565985,0.0010069935451630263,2,5958.7973795882,0.001021,0.00024326839866262162
0,19,1,0,0,3,1,e,8313.760700361458,0.001008238563039522,3,8313.7604801329,0.001022,0.0002202285577368457
0,19,1,0,0,3,2,e,8211.195049437854,0.001008238563039522,3,8211.1948004317,0.001022,0.00024900615426304284
0,19,1,1,1,0,1,e,2171.8684732344964,0.0010070024826185882,1,2171.8682299849,0.001021,0.00024324959622390452
0,19,1,1,1,0,1,f,2172.19400169067,0.0015716666313184866,1,2172.1937102712,0.001573,0.00029141947015887126
0,19,1,1,1,0,2,e,2020.4359516942627,0.0010070024826185882,4,2020.435569164,0.001021,0.0003825302626410121
0,19,1,1,1,0,2,f,2020.7129303191869,0.0006918352405016673,4,2020.7114913967,0.0007244,0.0014389224868409656
0,19,1,1,1,1,1,e,4458.008482832157,0.0006923409564658152,6,4458.0091039591,0.0008354,-0.0006211269428604282
0,19,1,1,1,1,1,f,4458.3187240998595,0.0010881341829020903,4,4458.3177975225,0.001089,0.0009265773596780491
0,19,1,1,1,1,2,e,4309.746267951063,0.0008100222219173989,8,4309.7461345783,0.0008354,0.000133372762320505
0,19,1,1,1,1,2,f,4310.0179719818925,0.0010881341829020903,7,4310.0165191807,0.001089,0.0014528011924994644
0,19,1,1,1,2,1,e,6719.845760033188,0.0010069935451630263,3,6719.8455542709,0.001021,0.0002057622878055554
0,19,1,1,1,2,1,f,6720.139377094237,0.0014488050248394363,1,6720.1384222729,0.001449,0.0009548213365633273
0,19,1,1,1,2,2,e,6574.486915511664,0.0010070024826185882,5,6574.4865161782,0.001057,0.00039933346397447167
0,19,1,1,1,2,2,f,6574.755317122608,0.0014470784360220423,5,6574.7543118476,0.001448,0.0010052750085378648
0,19,1,2,2,1,1,e,5122.130533479478,0.0050537115073973115,2,5122.1317197381,0.005054,-0.0011862586225106497
0,19,1,2,2,1,1,f,5122.129975622856,0.005071488933242388,2,5122.1314332792,0.005071,-0.0014576563435184653
0,19,1,2,2,1,2,e,4943.137436547587,0.005071488933242388,2,4943.1386636718,0.005071,-0.0012271242130736937
0,19,1,2,2,1,2,f,4943.1362438816295,0.005071488933242388,2,4943.1377441241,0.005089,-0.0015002424706835882
0,19,1,2,2,2,2,e,7195.694574631552,0.005142956348249517,1,7195.6957200246,0.005143,-0.0011453930474090157
0,19,1,2,2,2,2,f,7195.692874661446,0.005160426338976268,2,7195.6943749039,0.005178,-0.0015002424543126835
0,19,2,0,0,0,1,e,2874.255605545548,0.0010069935451630263,2,2874.2553622865,0.001021,0.0002432590481475927
0,19,2,0,0,0,2,e,2721.1808005455478,0.0010069935451630263,2,2721.1805572865,0.001021,0.00024325904769284534
0,19,2,0,0,0,3,e,2609.1119655455477,0.0010069935451630263,2,2609.1117222865,0.001021,0.00024325904769284534
0,19,2,0,0,1,1,e,5148.892677262758,0.0001188949115816148,10,5148.8924338353,0.0002043,0.00024342745837202528
0,19,2,0,0,1,2,e,5001.342350175712,0.0001188949115816148,10,5001.3421062847,0.0002043,0.00024389101236010902
0,19,2,0,0,1,3,e,4890.172965429361,0.0002324564475337262,10,4890.1726884637,0.0002857,0.00027696566121448996
0,19,2,0,0,2,2,e,7257.2577271201735,0.0010069935451630263,3,7257.257877582,0.001021,-0.00015046182670630515
0,19,2,0,0,2,3,e,7146.506536455528,0.0010020204588729713,4,7146.5060343388,0.001002,0.0005021167271479499
0,19,2,1,1,0,2,e,3386.7673852703183,0.00032254612073314413,4,3386.7668465077,0.0005051,0.0005387626183619432
0,19,2,1,1,0,3,e,3232.9967278565987,0.0010069935451630263,1,3232.9964845882,0.001021,0.00024326839866262162
0,19,2,1,1,1,1,e,5829.654713118846,0.0007672261726505424,3,5829.6544342923,0.0008479,0.000278826546491473
0,19,2,1,1,1,1,f,5830.09432614677,0.0010541043591599459,4,5830.093389619,0.001055,0.0009365277701363084
0,19,2,1,1,1,2,e,5654.085827509198,0.0007534825810859863,7,5654.0856942386,0.0007807,0.00013327059787116013
0,19,2,1,1,1,2,f,5654.446950075597,0.0010491120054598555,6,5654.4460323905,0.00105,0.0009176850971925887
0,19,2,1,1,1,3,e,5502.135451448491,0.0007556030704013847,5,5502.1353194484,0.0007828,0.00013200009107094957
0,19,2,1,1,1,3,f,5502.5023057402495,0.0010471561488144927,5,5502.5013666702,0.001048,0.0009390700497533544
0,19,2,1,1,2,2,e,7897.090587856599,0.0010069935451630263,1,7897.0903445882,0.001021,0.00024326839866262162
0,19,2,1,1,2,2,f,7897.44273169067,0.0015716666313184866,1,7897.4424402712,0.001573,0.00029141947015887126
0,19,2,1,1,2,3,e,7746.663687856599,0.0010069935451630263,1,7746.6634445882,0.001021,0.00024326839866262162
0,19,2,2,2,1,2,e,6305.191156202368,0.005054314988205623,2,6305.1923118158,0.005054,-0.0011556134322745493
0,19,2,2,2,1,2,f,6305.190435676417,0.00507209029888073,2,6305.1918613973,0.005072,-0.0014257208831622847
0,19,2,2,2,1,3,e,6122.9515146315525,0.0050537115073973115,1,6122.9526600246,0.005054,-0.0011453930474090157
0,19,2,2,2,1,3,f,6122.950861584267,0.005071488933242388,1,6122.9522766545,0.005071,-0.001415070232724247
0,19,3,0,0,0,2,e,4085.970035545548,0.00032254612073314413,2,4085.9697922865,0.0004961,0.0002432590481475927
0,19,3,0,0,0,3,e,3946.616919261144,0.00032254612073314413,4,3946.6166760021,0.0003628,0.00024325904405486654
0,19,3,0,0,1,1,e,6527.107755545548,0.0010069935451630263,2,6527.1075122865,0.001021,0.000243259047238098
0,19,3,0,0,1,2,e,6342.4249856672695,0.0004445728286793965,8,6342.4249081433,0.0004446,7.752396959403995e-05
0,19,3,0,0,1,3,e,6208.003301722646,0.00022944498251214823,9,6208.0028940641,0.0002833,0.0004076585464645177
0,19,3,0,0,1,4,e,6081.786593763717,0.0003822891575757806,5,6081.7863661135,0.0004168,0.00022765021731174784
0,19,3,1,1,0,4,e,4433.261887856599,0.0020035059271187594,1,4433.2616445882,0.00201,0.00024326839866262162
0,19,3,1,1,0,4,f,4433.72073169067,0.0023388321872250687,1,4433.7204402712,0.00234,0.00029141947015887126
0,19,3,1,1,1,1,e,7216.582763153446,0.0012527314157472064,1,7216.5826271769,0.001269,0.0001359765456072637
0,19,3,1,1,1,1,f,7217.1494848669445,0.0014470784360220423,1,7217.1485865335,0.001448,0.0008983334446384106
0,19,3,1,1,1,2,e,7012.975216080957,0.0012514535548712943,2,7012.9750827082,0.001268,0.00013337275686353678
0,19,3,1,1,1,2,f,7013.45648098059,0.0014470784360220423,2,7013.4555544032,0.001448,0.0009265773896913743
0,19,3,1,1,1,3,e,6843.101166080956,0.0012514535548712943,2,6843.1010327082,0.001268,0.00013337275595404208
0,19,3,1,1,1,3,f,6843.53028098059,0.0014470784360220423,2,6843.5293544032,0.001448,0.0009265773896913743
0,19,3,1,1,1,4,e,6682.028369008468,0.0012514535548712943,1,6682.0282382396,0.001268,0.00013076886807539267
0,19,3,1,1,1,4,f,6682.498176351808,0.0014470784360220423,3,6682.4972403598,0.001448,0.0009359920077258721
0,19,3,2,2,1,4,e,7292.297744631553,0.005142956348249517,1,7292.2988900246,0.005143,-0.0011453930474090157
0,19,3,2,2,1,4,f,7292.298491584266,0.005160426338976268,1,7292.2999066545,0.00516,-0.0014150702336337417
0,19,4,0,0,1,1,e,7919.838455545548,0.0010069935451630263,2,7919.8382122865,0.001021,0.0002432590481475927
0,19,4,0,0,1,2,e,7705.609855545547,0.0010069935451630263,2,7705.6096122865,0.001021,0.000243259047238098
0,19,4,0,0,1,3,e,7533.9387637101545,0.0010020204588729713,4,7533.9385678698,0.001002,0.00019584035453590332
0,19,4,0,0,1,4,e,7405.811036152204,0.0010020204588729713,3,7405.8108589916,0.001002,0.00017716060392558575
0,19,4,0,0,1,5,e,7258.726401332325,0.0010020204588729713,3,7258.7262273886,0.001002,0.0001739437248033937
0,19,4,1,1,1,2,e,8387.209866080957,0.0012514535548712943,2,8387.2097327082,0.001364,0.00013337275777303148
0,19,4,1,1,1,2,f,8387.817877094236,0.0014488050248394363,1,8387.8169222729,0.001449,0.0009548213365633273
0,19,4,1,1,1,3,e,8192.116369008469,0.0012514535548712943,1,8192.1162382396,0.001268,0.00013076886898488738
0,19,4,1,1,1,3,f,8192.643780980596,0.0014470784360220423,2,8192.6428544032,0.001448,0.0009265773951483425
0,19,4,1,1,1,4,e,8023.762316080956,0.0012514535548712943,2,8023.7621827082,0.001268,0.00013337275595404208
0,19,4,1,1,1,4,f,8024.277477094237,0.0014488050248394363,1,8024.2765222729,0.001449,0.0009548213365633273
0,19,4,1,1,1,5,f,7850.977477094238,0.0014488050248394363,1,7850.9765222729,0.001449,0.000954821337472822
0,2,0,0,0,0,1,e,2.1415853406895167,2.23606797749979e-05,82,2.1415717172,2.236e-05,1.3623489516501053e-05
0,2,0,0,0,1,1,e,2324.5597249802017,0.0012505814647594934,3,2324.559282662,0.001253,0.0004423182017490035
0,2,0,0,0,2,1,e,4622.437925018425,0.0012496215427080313,4,4622.4376676396,0.001252,0.00025737882515386445
0,2,0,0,0,3,1,e,6895.803890110169,0.0015721176800736006,4,6895.8036327314,0.001574,0.00025737876876519294
0,2,0,1,1,0,1,e,661.8447150116576,0.0007817518787953118,31,661.8440897741,0.0008151,0.0006252375576423219
0,2,0,1,1,0,1,f,661.8488785287658,0.001106164544721987,31,661.8487432431,0.00116,0.0001352856658058954
0,2,0,1,1,1,1,e,2971.9545564317837,0.0014623269128344728,2,2971.9535081593,0.001515,0.001048272483785695
0,2,0,1,1,1,1,f,2971.9567203261377,0.0011963009654764973,2,2971.9558911518,0.001218,0.0008291743374684302
0,2,0,1,1,3,1,e,7518.660916431784,0.0014623269128344728,2,7518.6598681593,0.001515,0.0010482724846951896
0,2,0,1,1,3,1,f,7518.664110326137,0.0011963009654764973,2,7518.6632811518,0.001928,0.0008291743370136828
0,2,0,2,2,0,1,e,1321.9639844617277,0.005115662224971466,5,1321.9642771747,0.005117,-0.0002927129723957478
0,2,0,2,2,0,1,f,1321.963400738437,0.005026927491022722,6,1321.9638871214,0.005027,-0.00048638296289027494
0,2,0,2,2,3,1,e,8141.992449710469,0.005107837115648854,2,8141.9926479266,0.005108,-0.00019821613022941165
0,2,0,2,2,3,1,f,8141.993108788036,0.005196152422706632,2,8141.9930582496,0.005196,5.0538435971247964e-05
0,2,1,0,0,0,1,e,1357.798379325764,0.00030182776545573136,3,1357.7983861123,0.0003018,-6.786536005165544e-06
0,2,1,0,0,0,2,e,1246.7344589237273,0.00030066592756745815,5,1246.7344399549,0.0003007,1.8968827362186857e-05
0,2,1,0,0,1,1,e,3657.249936504633,0.0012496215427080313,9,3657.2497824586,0.001252,0.0001540460330033966
0,2,1,0,0,1,2,e,3549.4052511774735,0.0012496215427080313,7,3549.4049860822,0.001252,0.0002650952733347367
0,2,1,0,0,2,1,e,5932.399727089931,0.0015721176800736006,1,5932.3994597737,0.001574,0.0002673162307473831
0,2,1,0,0,2,2,e,5827.439767610168,0.0015721176800736006,4,5827.4395102314,0.001574,0.00025737876785569824
0,2,1,0,0,3,2,e,8080.85200708993,0.002339135310323026,1,8080.8517397737,0.00234,0.0002673162307473831
0,2,1,1,1,0,1,e,2038.1886870899302,0.0015721176800736006,1,2038.1884197737,0.001574,0.00026731623029263574
0,2,1,1,1,0,1,f,2038.1871353406896,0.00100024996875781,1,2038.1871217172,0.001,1.3623489621750196e-05
0,2,1,1,1,1,1,e,4325.364315009951,0.0011412274094149684,3,4325.3634406392,0.001219,0.0008743707503526821
0,2,1,1,1,1,1,f,4325.3695383536615,0.0007218974996493615,4,4325.3679909323,0.0007578,0.00154742136146524
0,2,1,1,1,1,2,e,4177.195387107915,0.0011461239025515524,2,4177.1952024226,0.001198,0.00018468531470716698
0,2,1,1,1,1,2,f,4177.198137169449,0.0007218974996493615,3,4177.1974620653,0.0007578,0.0006751041491952492
0,2,1,1,1,2,1,e,6588.243513130404,0.0015721812872566572,1,6588.2432656891,0.001574,0.0002474413040545187
0,2,1,1,1,2,2,e,6442.952554609413,0.0014623269128344728,3,6442.9519660837,0.001515,0.0005885257123736665
0,2,1,1,1,2,2,f,6442.956281655743,0.001226839842848283,3,6442.9554339622,0.001248,0.0008476935427097487
0,2,1,2,2,1,2,e,4810.165160738437,0.005035871324805669,1,4810.1656471214,0.005036,-0.00048638296266290126
0,2,1,2,2,1,2,f,4810.165744461728,0.005124451190127584,1,4810.1660371747,0.005125,-0.00029271297262312146
0,2,2,0,0,0,1,e,2740.388750110167,0.0015721176800736006,2,2740.3884927314,0.001574,0.00025737876694620354
0,2,2,0,0,0,2,e,2587.8080951101665,0.0015721176800736006,2,2587.8078377314,0.001574,0.0002573787664914562
0,2,2,0,0,0,3,e,2475.632670110167,0.0015721176800736006,2,2475.6324127314,0.001574,0.00025737876694620354
0,2,2,0,0,1,1,e,5016.076626284859,0.0012137355560417598,5,5016.0763703132,0.001216,0.0002559716594987549
0,2,2,0,0,1,2,e,4869.024923068808,0.0012131174716407311,9,4869.0246660829,0.001215,0.0002569859079812886
0,2,2,0,0,1,3,e,4757.685063223074,0.0012131999010880276,8,4757.6848262302,0.001215,0.000236992874306452
0,2,2,0,0,2,2,e,7125.998613130403,0.0015721812872566572,1,7125.9983656891,0.001574,0.000247441303145024
0,2,2,0,0,2,3,e,7015.006621679552,0.0016004543105006153,1,7015.0061784366,0.001602,0.00044324295231490396
0,2,2,1,1,1,1,e,5696.912662954169,0.0010936178491593852,3,5696.9113109199,0.001163,0.001352034269075375
0,2,2,1,1,1,1,f,5696.915709081834,0.0006990965598542164,3,5696.9149962519,0.0007362,0.0007128299339456134
0,2,2,1,1,1,2,e,5521.6262686935415,0.0010699532700076204,4,5521.6248145857,0.001141,0.0014541078417096287
0,2,2,1,1,1,2,f,5521.629279222385,0.000661465040648408,4,5521.6285561123,0.0007005,0.0007231100844364846
0,2,2,1,1,1,3,e,5369.552268791519,0.001071634265969505,4,5369.5510137712,0.001142,0.0012550203191494802
0,2,2,1,1,1,3,f,5369.555265197142,0.0006641806983043093,4,5369.5547573422,0.0007031,0.0005078549420431955
0,2,3,0,0,0,3,e,3813.4680670899306,0.0012496215427080313,1,3813.4677997737,0.001252,0.0002673162307473831
0,2,3,0,0,1,1,e,6394.094913130403,0.0015721812872566572,1,6394.0946656891,0.001574,0.000247441303145024
0,2,3,0,0,1,2,e,6209.886440298959,0.001336096553397246,4,6209.8862823341,0.001338,0.00015796485968166962
0,2,3,0,0,1,3,e,6075.881140606921,0.001336096553397246,5,6075.8808821684,0.001338,0.0002584385210866458
0,2,3,0,0,1,4,e,5949.107713130404,0.0015721812872566572,1,5949.1074656891,0.001574,0.0002474413040545187
0,2,3,1,1,1,1,e,7083.729608209547,0.0014623269128344728,1,7083.7282452344,0.001515,0.0013629751474582008
0,2,3,1,1,1,2,e,6880.459016431784,0.0014623269128344728,2,6880.4579681593,0.001515,0.001048272483785695
0,2,3,1,1,1,2,f,6880.46270067449,0.0011963009654764973,1,6880.4620012474,0.001218,0.0006994270906943711
0,2,3,1,1,1,3,e,6710.7826664317845,0.0014623269128344728,2,6710.7816181593,0.001515,0.0010482724846951896
0,2,3,1,1,1,3,f,6710.786560326137,0.0011963009654764973,2,6710.7857311518,0.001218,0.0008291743370136828
0,2,3,1,1,1,4,e,6549.359508209547,0.0014623269128344728,1,6549.3581452344,0.001515,0.0013629751474582008
0,2,3,1,1,1,4,f,6549.362600674491,0.0011963009654764973,1,6549.3619012474,0.001218,0.0006994270906943711
0,2,4,0,0,1,2,e,7572.843470110166,0.0015721176800736006,2,7572.8432127314,0.001574,0.00025737876603670884
0,2,4,0,0,1,3,e,7401.7357701101655,0.0015721176800736006,2,7401.7355127314,0.001574,0.00025737876512721414
0,2,4,0,0,1,4,e,7273.70932708993,0.0015721176800736006,1,7273.7090597737,0.001574,0.0002673162307473831
0,2,4,1,1,1,3,e,8059.826708209547,0.0014623269128344728,1,8059.8253452344,0.001515,0.0013629751474582008
0,2,4,1,1,1,4,e,7891.529008209547,0.0014623269128344728,1,7891.5276452344,0.001515,0.0013629751474582008
0,20,0,0,0,0,1,e,149.89182323449654,0.00011854956769216833,126,149.8915799849,0.0002041,0.00024324959653654332
0,20,0,0,0,1,1,e,2471.1470687390765,0.001212412883468334,7,2471.1467846771,0.001215,0.0002840619763446739
0,20,0,0,0,2,1,e,4767.863738519161,0.0012489739789122909,4,4767.8634505857,0.001251,0.0002879334615499829
0,20,0,0,0,3,1,e,7040.06903934485,0.0015716030033058603,4,7040.0687514113,0.001573,0.00028793355068046367
0,20,0,1,1,0,1,e,809.7671631534457,0.0007545435706438694,45,809.7670271769,0.0007818,0.00013597654572095053
0,20,0,1,1,0,1,f,809.9860770942371,0.0010483491784706086,49,809.9851222729,0.001049,0.0009548213371317615
0,20,0,1,1,1,1,e,3118.7231825669955,0.001450977601481153,2,3118.7227389973,0.001451,0.0004435696955624735
0,20,0,1,1,1,1,f,3118.9370881245713,0.0011787009798926952,2,3118.936393068,0.001196,0.0006950565712031676
0,20,0,1,1,2,1,e,5403.169867666069,0.0010933142274753402,3,5403.1668938147,0.001094,0.00297385136855155
0,20,0,1,1,2,1,f,5403.374016717832,0.0006312321284598876,3,5403.3743999888,0.0006527,-0.00038327096808643546
0,20,0,2,2,0,1,e,1470.267462327403,0.005062608023538856,14,1470.2686894516,0.005063,-0.0012271241969301627
0,20,0,2,2,0,1,f,1470.266269661446,0.005062608023538856,15,1470.2677699039,0.00508,-0.0015002424540853099
0,20,0,2,2,1,1,e,3766.9382014485986,0.005107837115648854,2,3766.9384560062,0.005108,-0.00025455760123804794
0,20,0,2,2,1,1,f,3766.9391156653023,0.005142956348249517,2,3766.939194213,0.005143,-7.854769773985026e-05
0,20,0,2,2,3,1,e,8286.858331463241,0.005107837115648854,1,8286.8580355252,0.005125,0.00029593804174510296
0,20,0,2,2,3,1,f,8286.859269837223,0.005142956348249517,1,8286.85886928,0.005143,0.0004005572227470111
0,20,1,0,0,0,1,e,1505.7482502694195,0.00012862736878285275,13,1505.7480415561,0.0002101,0.00020871331958005612
0,20,1,0,0,0,2,e,1394.4019463840152,0.00012862736878285275,16,1394.4016945043,0.0002101,0.00025187971527884656
0,20,1,0,0,1,1,e,3804.023113079876,0.0012489739789122909,9,3804.0228160356,0.001251,0.00029704427606702666
0,20,1,0,0,1,2,e,3695.939477181111,0.0012489739789122909,7,3695.9391912799,0.001251,0.0002859012111002812
0,20,1,0,0,2,1,e,6077.9942943448505,0.0015716030033058603,2,6077.9940064113,0.001573,0.00028793355068046367
0,20,1,0,0,2,2,e,5972.845336999029,0.0015716030033058603,1,5972.8450525515,0.001573,0.0002844475293386495
0,20,1,0,0,3,1,e,8327.711043751875,0.0016000737483003714,3,8327.7106285199,0.001602,0.0004152319743297994
0,20,1,0,0,3,2,e,8225.132964344852,0.002338789430453285,2,8225.1326764113,0.00234,0.00028793355158995837
0,20,1,1,1,0,1,e,2186.1650859248048,0.000811009247789444,3,2186.1649641704,0.0008364,0.00012175440497230738
0,20,1,1,1,0,1,f,2186.5261843731205,0.0010070024826185882,2,2186.5253678811,0.001092,0.0008164920204762893
0,20,1,1,1,0,2,e,2034.7206608892022,0.0008129797045437235,3,2034.7200228724,0.0008383,0.0006380168022133148
0,20,1,1,1,0,2,f,2035.0239732344965,0.0010070024826185882,1,2035.0237299849,0.001021,0.0002432495964512782
0,20,1,1,1,1,1,e,4472.193914879479,0.0010933142274753402,6,4472.1934739012,0.001093,0.0004409782786751748
0,20,1,1,1,1,1,f,4472.53662062486,0.0006923409564658152,5,4472.5359247419,0.0007219,0.0006958829599170713
0,20,1,1,1,1,2,e,4323.920604972569,0.0010933142274753402,6,4323.9201639943,0.001093,0.0004409782686707331
0,20,1,1,1,1,2,f,4324.220884742002,0.0006923409564658152,7,4324.2201926953,0.0007219,0.000692046702170046
0,20,1,1,1,2,1,e,6733.919417688216,0.001450977601481153,2,6733.919059445,0.001451,0.000358243215487164
0,20,1,1,1,2,1,f,6734.244796254439,0.0010070024826185882,2,6734.2443134513,0.001021,0.000482803139675525
0,20,1,1,1,2,2,e,6588.552427453401,0.001450977601481153,5,6588.5520157082,0.001451,0.00041174520083586685
0,20,1,1,1,2,2,f,6588.848959146553,0.0010070024826185882,5,6588.8483544514,0.001021,0.0006046951530152
0,20,1,1,1,3,2,e,8828.639922837896,0.001419180044955537,1,8828.6396805635,0.001429,0.00024227439644164406
0,20,1,1,1,3,2,f,8828.932701100322,0.0012173068635311312,1,8828.9319142466,0.001234,0.000786853723184322
0,20,1,2,2,1,1,e,5136.355315531842,0.005,3,5136.3567631615,0.005,-0.0014476296573775471
0,20,1,2,2,1,1,f,5136.356125665302,0.0050537115073973115,2,5136.356204213,0.005153,-7.854769773985026e-05
0,20,1,2,2,1,2,e,4957.3585713568555,0.005017967716117752,4,4957.3588862345,0.005018,-0.0003148776440866641
0,20,1,2,2,1,2,f,4957.359385573558,0.0050537115073973115,4,4957.3595135317,0.005054,-0.00012795814200217137
0,20,1,2,2,2,1,e,7385.761477094237,0.0014488050248394363,1,7385.7605222729,0.001449,0.000954821337472822
0,20,1,2,2,2,1,f,7385.760966213915,0.0011787009798926952,2,7385.7605370473,0.001196,0.0004291666145945783
0,20,1,2,2,2,2,e,7209.805431463243,0.005107837115648854,1,7209.8051355252,0.005125,0.00029593804265459767
0,20,1,2,2,2,2,f,7209.804977055941,0.005142956348249517,3,7209.8060237705,0.005143,-0.0010467145593793248
0,20,2,0,0,0,1,e,2888.5721993448497,0.0015716030033058603,2,2888.5719114113,0.001573,0.00028793354977096897
0,20,2,0,0,0,2,e,2735.4437593448492,0.0015716030033058603,2,2735.4434714113,0.001573,0.0002879335493162216
0,20,2,0,0,0,3,e,2623.3855593448498,0.0015716030033058603,2,2623.3852714113,0.001573,0.00028793354977096897
0,20,2,0,0,1,1,e,5163.096375645655,0.0012124504113570995,8,5163.0960875337,0.001215,0.00028811195534217404
0,20,2,0,0,1,2,e,5015.492605520247,0.0012125328861519592,10,5015.49231386,0.001215,0.0002916602470577345
0,20,2,0,0,1,3,e,4904.3404583545125,0.0012125328861519592,11,4904.3401666944,0.001215,0.00029166011245251866
0,20,2,0,0,2,1,e,7413.448494344851,0.0015716030033058603,2,7413.4482064113,0.001573,0.00028793355068046367
0,20,2,0,0,2,2,e,7271.294756548362,0.0015716030033058603,3,7271.2950502491,0.001573,-0.00029370073843892897
0,20,2,0,0,2,3,e,7160.567880524281,0.0015716666313184866,4,7160.5673726274,0.001574,0.0005078968806628836
0,20,2,1,1,0,2,e,3401.043348610905,0.0012489739789122909,4,3401.0431925756,0.001251,0.00015603530482621863
0,20,2,1,1,0,3,e,3247.2781516906703,0.0015716666313184866,1,3247.2778602712,0.001573,0.00029141947015887126
0,20,2,1,1,1,1,e,5843.85066863979,0.0010570884541986068,3,5843.850364991,0.001057,0.00030364878966793185
0,20,2,1,1,1,1,f,5844.336366428103,0.0006393246436670496,4,5844.3358054391,0.0006712,0.0005609890031337272
0,20,2,1,1,1,2,e,5668.25084188812,0.0010517775430194352,5,5668.2504032675,0.001052,0.0004386206201161258
0,20,2,1,1,1,2,f,5668.6505698014025,0.0006259680503028889,6,5668.6498734663,0.0006585,0.0006963351024751319
0,20,2,1,1,1,3,e,5516.3132331884335,0.0010531334198476468,4,5516.3127798809,0.001054,0.0004533075334620662
0,20,2,1,1,1,3,f,5516.719048067947,0.0006268460736097818,6,5516.7183493542,0.0006593,0.0006987137476244243
0,20,2,1,1,2,2,e,7911.14453169067,0.0015716666313184866,1,7911.1442402712,0.001573,0.00029141947015887126
0,20,2,1,1,2,2,f,7911.531723234496,0.0010070024826185882,1,7911.5314799849,0.001021,0.00024324959576915717
0,20,2,1,1,2,3,e,7760.73483169067,0.0015716666313184866,1,7760.7345402712,0.001573,0.00029141947015887126
0,20,2,2,2,1,2,e,6319.405053433955,0.005040198408793051,1,6319.4058584873,0.00504,-0.0008050533451751107
0,20,2,2,2,1,2,f,6319.405743493381,0.005075785653472771,1,6319.4063011461,0.005076,-0.0005576527191806235
0,20,2,2,2,1,3,e,6137.2009610114255,0.005,3,6137.20176367,0.005,-0.0008026585746847559
0,20,2,2,2,1,3,f,6137.201651664614,0.0050537115073973115,2,6137.2022093173,0.005054,-0.0005576526864388143
0,20,3,0,0,0,2,e,4100.258219344851,0.0012489739789122909,2,4100.2576257828,0.001251,0.0005935620511081652
0,20,3,0,0,0,3,e,3960.8556478310875,0.0012489739789122909,4,3960.8553598976,0.001251,0.0002879334874705819
0,20,3,0,0,1,1,e,6541.3328943448505,0.0015716030033058603,2,6541.3326064113,0.001573,0.00028793355068046367
0,20,3,0,0,1,2,e,6356.5993251254,0.0013086424263334885,7,6356.5990168212,0.001311,0.0003083042001890135
0,20,3,0,0,1,3,e,6222.132074817565,0.001245329273726431,9,6222.1314857895,0.001255,0.0005890280644962331
0,20,3,0,0,1,4,e,6095.973659052256,0.001245329273726431,6,6095.9736248749,0.001248,3.4177355701103806e-05
0,20,3,1,1,1,1,e,7230.789757566996,0.001450977601481153,2,7230.7893139973,0.001451,0.0004435696955624735
0,20,3,1,1,1,1,f,7231.415646974763,0.0011808200540302488,1,7231.4149792183,0.001198,0.0006677564633719157
0,20,3,1,1,1,2,e,7027.146957566995,0.001450977601481153,2,7027.1465139973,0.001451,0.0004435696955624735
0,20,3,1,1,1,3,e,6857.251107566995,0.001450977601481153,2,6857.2506639973,0.001451,0.0004435696955624735
0,20,3,1,1,1,3,f,6857.72546927438,0.0011787009798926952,1,6857.7247469178,0.001196,0.0007223565798994969
0,20,3,1,1,1,4,e,6696.214592194073,0.001450977601481153,3,6696.2141424568,0.001451,0.0004497372729019844
0,20,3,1,1,1,4,f,6696.734866974763,0.0011808200540302488,2,6696.7341992183,0.001198,0.000667756462462421
0,20,3,2,2,1,4,e,7306.535086448599,0.005107837115648854,2,7306.5353410062,0.005125,-0.0002545576007833006
0,20,3,2,2,1,4,f,7306.5319598372225,0.005142956348249517,2,7306.53155928,0.005143,0.0004005572227470111
0,20,4,0,0,1,1,e,7934.087656999029,0.0015716030033058603,1,7934.0873725515,0.001573,0.00028444752842915477
0,20,4,0,0,1,2,e,7719.807756757152,0.0015716030033058603,3,7719.8079671347,0.001573,-0.00021037754868302727
0,20,4,0,0,1,3,e,7548.077807575201,0.0015716030033058603,4,7548.0771627786,0.001573,0.0006447966015912243
0,20,4,0,0,1,4,e,7419.9370622269,0.0015716030033058603,4,7419.9367801228,0.001573,0.0002821040998242097
0,20,4,0,0,1,5,e,7272.936260090485,0.0015716030033058603,3,7272.9359484479,0.001573,0.0003116425850748783
0,20,4,1,1,1,2,e,8401.394411448227,0.001451409659606825,1,8401.3939493758,0.001452,0.0004620724266715115
0,20,4,1,1,1,3,e,8206.263603685762,0.001450977601481153,1,8206.2631786189,0.001451,0.0004250668625900289
0,20,4,1,1,1,3,f,8206.84735812457,0.0011787009798926952,2,8206.846663068,0.001196,0.0006950565712031676
0,20,4,1,1,1,4,e,8037.906511448228,0.001451409659606825,1,8037.9060493758,0.001452,0.0004620724284905009
0,20,4,1,1,1,4,f,8038.472858124571,0.0011787009798926952,2,8038.472163068,0.001196,0.0006950565712031676
0,20,4,1,1,1,5,e,7864.548971694262,0.0014191737032512967,1,7864.548589164,0.001429,0.00038253026195889106
0,20,4,1,1,1,5,f,7865.23696927438,0.0011787009798926952,1,7865.2362469178,0.001196,0.0007223565798994969
0,21,0,0,0,0,1,e,164.87885699902927,0.0012124091718557725,121,164.8785725515,0.001215,0.00028444752925338435
0,21,0,0,0,1,1,e,2486.0160939610273,0.00011858752042268193,7,2486.0158511807,0.0002041,0.0002427803274258622
0,21,0,0,0,2,1,e,4782.614926751793,0.00032257402251266296,4,4782.6146839898,0.0003628,0.00024276199292216916
0,21,0,0,0,3,1,e,7054.702368036196,0.0010070024826185882,4,7054.7021252742,0.001021,0.00024276199656014796
0,21,0,1,1,0,1,e,824.7714114482282,0.0010519458160951065,46,824.7709493758,0.001053,0.0004620724281494404
0,21,0,1,1,0,1,f,825.0127469747628,0.0006279617822765968,40,825.0120792183,0.0006604,0.0006677564628034816
0,21,0,1,1,1,1,e,3133.611395698546,0.0012527314157472064,2,3133.6110527586,0.001421,0.00034293994576728437
0,21,0,1,1,1,1,f,3133.846075895005,0.0014488050248394363,2,3133.8451376017,0.001449,0.0009382933048982522
0,21,0,1,1,2,1,e,5417.939319316974,0.000811995073876683,3,5417.9384431106,0.00105,0.0008762063744143234
0,21,0,1,1,2,1,f,5418.164274609888,0.0010904292732681015,3,5418.1661837459,0.001093,-0.001909136011818191
0,21,0,1,1,3,1,e,7677.780663153446,0.0012527314157472064,1,7677.7805271769,0.001269,0.0001359765456072637
0,21,0,1,1,3,1,f,7678.004677094237,0.0014488050248394363,1,7678.0037222729,0.001449,0.000954821337472822
0,21,0,2,2,0,1,e,1485.3100314632427,0.005008991914547277,12,1485.3097355252,0.005027,0.00029593804265459767
0,21,0,2,2,0,1,f,1485.3109698372225,0.005044799302251776,14,1485.31056928,0.005045,0.00040055722251963743
0,21,0,2,2,1,1,e,3781.864764035777,0.005160426338976268,2,3781.8662063345,0.00516,-0.001442298722849955
0,21,0,2,2,1,1,f,3781.864646977532,0.005142956348249517,2,3781.8662529496,0.005205,-0.0016059720678640588
0,21,1,0,0,0,1,e,1520.7560209553872,0.0012490940717175788,11,1520.7555112996,0.001251,0.0005096557872548146
0,21,1,0,0,0,2,e,1409.3803001885458,0.0012134434473843434,18,1409.3800577793,0.001216,0.00024240924585683388
0,21,1,0,0,1,1,e,3818.9111748561877,0.00032257402251266296,7,3818.9109320531,0.0003628,0.00024280308753077406
0,21,1,0,0,1,2,e,3710.8029238950216,0.00032257402251266296,5,3710.8025661499,0.0003628,0.000357745121618791
0,21,1,0,0,2,1,e,6092.763038036197,0.0010070024826185882,2,6092.7627952742,0.001021,0.00024276199746964267
0,21,1,0,0,2,2,e,5987.593908036197,0.0010070024826185882,2,5987.5936652742,0.001021,0.00024276199656014796
0,21,1,0,0,3,1,e,8342.359261515718,0.0010082474894588134,3,8342.3590021276,0.001022,0.000259388118138304
0,21,1,0,0,3,2,e,8239.76895581052,0.0010082564157990765,3,8239.7687136366,0.001022,0.000242173919104971
0,21,1,1,1,0,1,e,2201.176993036196,0.0010070024826185882,2,2201.1775645205,0.001021,-0.0005714843036912498
0,21,1,1,1,0,1,f,2201.570966999029,0.0015716030033058603,1,2201.5706825515,0.001573,0.0002844475293386495
0,21,1,1,1,0,2,e,2049.7170228378964,0.0010070114199948281,2,2049.7167805635,0.001021,0.00024227439644164406
0,21,1,1,1,0,2,f,2050.052601100323,0.0006941440772635029,5,2050.0518142466,0.0007236,0.000786853723184322
0,21,1,1,1,1,1,e,4487.08773007984,0.000811995073876683,5,4487.0871445226,0.0008398,0.0005855572399013909
0,21,1,1,1,1,1,f,4487.464181720692,0.0010904292732681015,4,4487.4632434274,0.001091,0.0009382932921653264
0,21,1,1,1,1,2,e,4338.803669087294,0.00069594252636263,5,4338.8032857185,0.0007254,0.00038336879424605286
0,21,1,1,1,1,2,f,4339.133196617413,0.0010904292732681015,8,4339.1322583241,0.001091,0.0009382933130837046
0,21,1,1,1,2,1,e,6748.696057995671,0.0010070114199948281,2,6748.6958688702,0.001021,0.00018912547147920122
0,21,1,1,1,2,1,f,6749.054517046634,0.0014488050248394363,2,6749.0538974122,0.001485,0.0006196344338604831
0,21,1,1,1,2,2,e,6603.320923205736,0.0010070024826185882,5,6603.3206002038,0.001021,0.000323001936521905
0,21,1,1,1,2,2,f,6603.646808371201,0.0014488050248394363,4,6603.6459243809,0.001449,0.0008839903002808569
0,21,1,2,2,1,1,e,5151.2907490357775,0.005071488933242388,2,5151.2919124393,0.005071,-0.0011634035226961714
0,21,1,2,2,1,1,f,5151.291351977532,0.0050537115073973115,2,5151.2929579496,0.005098,-0.0016059720683188061
0,21,1,2,2,1,2,e,4972.288678301832,0.005071488933242388,4,4972.2901206006,0.005071,-0.0014422987678699428
0,21,1,2,2,1,2,f,4972.287733491294,0.0050537115073973115,4,4972.2893394633,0.005089,-0.0016059720064731664
0,21,1,2,2,2,2,e,7224.619910132986,0.005160426338976268,3,7224.6212807069,0.00516,-0.001370573913845874
0,21,2,0,0,0,1,e,2903.6035380361964,0.0010070024826185882,2,2903.6032952742,0.001021,0.00024276199656014796
0,21,2,0,0,0,2,e,2750.419358036196,0.0010070024826185882,2,2750.4191152742,0.001021,0.0002427619961054006
0,21,2,0,0,0,3,e,2638.3720030361965,0.0010070024826185882,2,2638.3717602742,0.001021,0.00024276199656014796
0,21,2,0,0,1,1,e,5178.009739509102,0.00011897058459972365,10,5178.0094965808,0.0002046,0.00024292830130434595
0,21,2,0,0,1,2,e,5030.349499829339,0.00023249516123997077,8,5030.3493163286,0.0002858,0.00018350073878536932
0,21,2,0,0,1,3,e,4919.215604001029,0.00011897058459972365,9,4919.2153616206,0.0002043,0.00024238042897195555
0,21,2,0,0,2,1,e,7428.2417469747625,0.0011808200540302488,1,7428.2410792183,0.001198,0.000667756462462421
0,21,2,0,0,2,2,e,7286.034238036196,0.0010070024826185882,2,7286.0339952742,0.001021,0.00024276199656014796
0,21,2,0,0,2,3,e,7175.33304907958,0.0010070024826185882,5,7175.333307444,0.001021,-0.00025836442000581883
0,21,2,1,1,0,2,e,3416.033479274728,0.00032257402251266296,4,3416.0326346202,0.0003628,0.0008446545280094142
0,21,2,1,1,0,3,e,3262.2761732344966,0.0010070024826185882,1,3262.2759299849,0.001021,0.00024324959667865187
0,21,2,1,1,1,1,e,5858.755550813109,0.000758772693235596,4,5858.7553220334,0.0007858,0.00022877970877743792
0,21,2,1,1,1,1,f,5859.290112291824,0.0010560473474234002,4,5859.2891788895,0.001057,0.0009334023234259803
0,21,2,1,1,1,2,e,5683.123889048507,0.0007577836102740677,5,5683.1230921626,0.000786,0.0007968859072207124
0,21,2,1,1,1,2,f,5683.563091601866,0.0010491120054598555,3,5683.5621394523,0.00105,0.0009521495667286217
0,21,2,1,1,1,3,e,5531.199078080032,0.0007556030704013847,5,5531.198776839,0.0007828,0.0003012410325027304
0,21,2,1,1,1,3,f,5531.64545303213,0.0010491120054598555,4,5531.6445111178,0.00105,0.0009419143298146082
0,21,2,1,1,2,2,e,7925.897323234496,0.0010070024826185882,1,7925.8970799849,0.001021,0.00024324959576915717
0,21,2,1,1,2,3,e,7775.510723234496,0.0010070024826185882,1,7775.5104799849,0.001021,0.00024324959667865187
0,21,2,2,2,1,2,e,6334.328653327403,0.005077607704421444,1,6334.3298804516,0.005078,-0.001227124196702789
0,21,2,2,2,1,2,f,6334.327460661446,0.005077607704421444,1,6334.3289609039,0.005095,-0.0015002424543126835
0,21,2,2,2,1,3,e,6152.169364628609,0.00508920425999979,2,6152.1694355206,0.005109,-7.089199061738327e-05
0,21,2,2,2,1,3,f,6152.169098104083,0.0050537115073973115,2,6152.168445875,0.005127,0.0006522290832435829
0,21,3,0,0,0,2,e,4115.258713036197,0.00032257402251266296,2,4115.2584702742,0.00105,0.00024276199746964267
0,21,3,0,0,0,3,e,3975.8052963848204,0.00032257402251266296,4,3975.8050536228,0.0003628,0.0002427620202070102
0,21,3,0,0,1,1,e,6556.268438036197,0.0010070024826185882,2,6556.2681952742,0.001021,0.00024276199746964267
0,21,3,0,0,1,2,e,6371.482241620076,0.0005724106917240452,8,6371.4814973711,0.000596,0.0007442489759341697
0,21,3,0,0,1,3,e,6236.966887889005,0.00028121344206847584,9,6236.966625581,0.0003266,0.0002623080054036109
0,21,3,0,0,1,4,e,6110.869988520658,0.0003173026945993368,6,6110.8697439359,0.0003582,0.00024458475763822207
0,21,3,1,1,0,4,e,4462.555923234497,0.0020035104192391916,1,4462.5556799849,0.00201,0.00024324959667865187
0,21,3,1,1,1,1,f,7246.399724695772,0.0014502192937621537,1,7246.3988029305,0.001451,0.0009217652723236824
0,21,3,1,1,1,2,e,7042.026563153446,0.0012527314157472064,1,7042.0264271769,0.001269,0.0001359765456072637
0,21,3,1,1,1,2,f,7042.611877094238,0.0014488050248394363,1,7042.6109222729,0.001449,0.000954821337472822
0,21,3,1,1,1,3,e,6872.1087631534465,0.0012527314157472064,1,6872.1086271769,0.001269,0.0001359765465167584
0,21,3,1,1,1,3,f,6872.629100895005,0.0014488050248394363,2,6872.6281626017,0.001449,0.0009382933048982522
0,21,3,1,1,1,4,e,6711.109803243648,0.0012543667725191064,2,6711.1092533402,0.001271,0.0005499034477907117
0,21,3,1,1,1,4,f,6711.681502161927,0.0014488050248394363,3,6711.680569378,0.001449,0.000932783927055425
0,21,3,2,2,1,4,e,7321.483795744151,0.005177837386399848,1,7321.4854532174,0.005178,-0.0016574732489971211
0,21,3,2,2,1,4,f,7321.477572749561,0.005142956348249517,3,7321.4789951237,0.005178,-0.001422374139110616
0,21,4,0,0,1,1,e,7949.045338036197,0.0010070024826185882,2,7949.0450952742,0.001021,0.00024276199656014796
0,21,4,0,0,1,2,e,7734.717688036197,0.0010070024826185882,2,7734.7174452742,0.001021,0.00024276199656014796
0,21,4,0,0,1,3,e,7562.9220087806025,0.0010070024826185882,3,7562.9217773682,0.001021,0.00023141240217228187
0,21,4,0,0,1,4,e,7434.768914288524,0.0010070024826185882,4,7434.7686694676,0.001021,0.00024482092339894734
0,21,4,0,0,1,5,e,7287.854414899321,0.0010070024826185882,4,7287.8541803745,0.001021,0.00023452482037100708
0,21,4,1,1,1,3,e,8221.115718243647,0.0012543667725191064,1,8221.1151683402,0.001271,0.000549903446881217
0,21,4,1,1,1,4,e,8052.751018243647,0.0012543667725191064,1,8052.7504683402,0.001271,0.000549903446881217
0,21,4,1,1,1,4,f,8053.377100895006,0.0014488050248394363,2,8053.3761626017,0.001485,0.000938293305807747
0,21,4,1,1,1,5,f,7880.207577094237,0.0014488050248394363,1,7880.2066222729,0.001449,0.000954821337472822
0,22,0,0,0,0,1,e,180.57905283789614,0.00011862546101069535,112,180.5788105635,0.0002041,0.00024227439612900525
0,22,0,0,0,1,1,e,2501.592827638965,0.001212412883468334,6,2501.5925433379,0.001215,0.0002843010647666233
0,22,0,0,0,2,1,e,4798.068297606205,0.0012489739789122909,4,4798.0680106327,0.001251,0.0002869735053536715
0,22,0,0,0,3,1,e,7070.03223226217,0.0015716030033058603,4,7070.0319452886,0.001573,0.0002869735699277953
0,22,0,1,1,0,1,e,840.4896182436472,0.000757255571125099,40,840.4890683402,0.0007844,0.0005499034472222775
0,22,0,1,1,0,1,f,840.7537246957725,0.001050302813478094,39,840.7528029305,0.001051,0.0009217652724373693
0,22,0,1,1,1,1,e,3149.208227390691,0.001451409659606825,2,3149.2077487252,0.00156,0.00047866549084574217
0,22,0,1,1,1,1,f,3149.4636436734836,0.0011808200540302488,2,3149.4629275129,0.001198,0.0007161605835790397
0,22,0,1,1,2,1,e,5433.414034582977,0.0010938875627778204,3,5433.4112865319,0.001096,0.002748051077105629
0,22,0,1,1,2,1,f,5433.6620003722055,0.0006988819642829539,1,5433.6612358076,0.0007282,0.0007645646055607358
0,22,0,1,1,3,1,e,7693.133267390691,0.001451409659606825,2,7693.1327887252,0.001452,0.00047866549084574217
0,22,0,1,1,3,1,f,7693.378963673482,0.0011808200540302488,2,7693.3782475129,0.001321,0.0007161605817600503
0,22,0,2,2,0,1,e,1501.069025744151,0.005080354318352216,13,1501.0706832174,0.00508,-0.0016574732489971211
0,22,0,2,2,0,1,f,1501.0689342936187,0.005044799302251776,12,1501.0706459952,0.005098,-0.0017117015813710168
0,22,0,2,2,1,1,e,3797.5028999494807,0.005107837115648854,2,3797.5022409601,0.005125,0.0006589893805539759
0,22,0,2,2,1,1,f,3797.5031771745707,0.0051254268114958,2,3797.5029824157,0.005125,0.00019475887074804632
0,22,0,2,2,3,1,e,8316.946431463242,0.005107837115648854,1,8316.9461355252,0.005125,0.00029593804174510296
0,22,0,2,2,3,1,f,8316.947369837224,0.005142956348249517,1,8316.94696928,0.005143,0.0004005572245660005
0,22,1,0,0,0,1,e,1536.4775932554776,0.00012869731931940153,10,1536.4773493934,0.0002101,0.0002438620776956668
0,22,1,0,0,0,2,e,1425.0713346976822,0.00012876723185655583,14,1425.0710928179,0.0002102,0.00024187978215195471
0,22,1,0,0,1,1,e,3834.5080224698845,0.0012489739789122909,9,3834.5077367792,0.001251,0.0002856906844499463
0,22,1,0,0,1,2,e,3726.3734611504747,0.0012489739789122909,9,3726.3731755228,0.001251,0.00028562767465700745
0,22,1,0,0,2,1,e,6108.23393976217,0.0015716030033058603,2,6108.2336527886,0.001573,0.0002869735699277953
0,22,1,0,0,2,2,e,6003.044530683216,0.0015716030033058603,3,6003.0442428677,0.001573,0.0002878155164580676
0,22,1,0,0,3,1,e,8357.707493890981,0.0016000737483003714,3,8357.7070584626,0.001602,0.0004354283810243942
0,22,1,0,0,3,2,e,8255.10009519567,0.001572401030271858,3,8255.0997990125,0.001574,0.0002961831705761142
0,22,1,1,1,0,1,e,2216.901467133748,0.0008150067484383181,2,2216.9007121422,0.0008413,0.0007549915480922209
0,22,1,1,1,0,1,f,2217.3341310617216,0.0010070114199948281,2,2217.3333294408,0.001092,0.0008016209217203141
0,22,1,1,1,0,2,e,2065.4285938721678,0.00081977801873434,3,2065.4281101692,0.0008449,0.00048370296781286015
0,22,1,1,1,0,2,f,2065.7951251275663,0.0010070114199948281,3,2065.7944673189,0.001021,0.000657808666346682
0,22,1,1,1,1,1,e,4502.690318153254,0.0010938875627778204,4,4502.689840703,0.001094,0.00047745025403855834
0,22,1,1,1,1,1,f,4503.102646563659,0.00069594252636263,6,4503.1016678739,0.0007282,0.000978689758994733
0,22,1,1,1,1,2,e,4354.394552802337,0.0010938875627778204,8,4354.3940741368,0.001094,0.00047866553722997196
0,22,1,1,1,1,2,f,4354.75551959517,0.00069594252636263,8,4354.7546249183,0.0007282,0.0008946768703026464
0,22,1,1,1,2,1,e,6764.176484223626,0.001451409659606825,2,6764.1761109636,0.001452,0.0003732600262082997
0,22,1,1,1,2,1,f,6764.567249906326,0.0010070114199948281,2,6764.5667948909,0.001021,0.0004550154253593064
0,22,1,1,1,2,2,e,6618.792313778394,0.001451409659606825,4,6618.7918795191,0.001452,0.0004342592937973677
0,22,1,1,1,2,2,f,6619.1488059063895,0.0011808200540302488,3,6619.1480736112,0.001198,0.0007322951896640006
0,22,1,1,1,3,2,f,8859.00174252531,0.0018628301049746858,1,8859.0014530258,0.001864,0.000289499510472524
0,22,1,2,2,1,1,e,5166.937279949481,0.005017967716117752,2,5166.935829508,0.005054,0.0014504414812108735
0,22,1,2,2,1,1,f,5166.939022174571,0.005035871324805669,2,5166.939272506,0.005036,-0.0002503314290152048
0,22,1,2,2,1,2,e,4987.930531784343,0.005017967716117752,4,4987.9298727949,0.005036,0.000658989442854363
0,22,1,2,2,1,2,f,4987.930809009433,0.005035871324805669,4,4987.9306142505,0.005036,0.00019475893259368604
0,22,1,2,2,2,2,e,7240.141338435718,0.0051254268114958,1,7240.1403163949,0.005143,0.0010220408184977714
0,22,2,0,0,0,1,e,2919.3502797621695,0.0015716030033058603,2,2919.3499927886,0.001573,0.000286973569473048
0,22,2,0,0,0,2,e,2766.107819762169,0.0015716030033058603,2,2766.1075327886,0.001573,0.0002869735690183006
0,22,2,0,0,0,3,e,2654.071674762169,0.0015716030033058603,2,2654.0713877886,0.001573,0.0002869735690183006
0,22,2,0,0,1,1,e,5193.633097967533,0.0012124504113570995,7,5193.6328109298,0.001215,0.000287037732960016
0,22,2,0,0,1,2,e,5045.9138655513625,0.0012124504113570995,7,5045.9135809476,0.001215,0.00028460376233852003
0,22,2,0,0,1,3,e,4934.798730144123,0.0012287945312378307,11,4934.7983917017,0.001231,0.0003384424226169358
0,22,2,0,0,2,1,e,7443.74322252531,0.0015716666313184866,1,7443.7429330258,0.001573,0.0002894995095630293
0,22,2,0,0,2,2,e,7301.472352844101,0.0015716030033058603,5,7301.4723281732,0.001573,2.467090052959975e-05
0,22,2,0,0,2,3,e,7190.798823640192,0.0015716030033058603,5,7190.7985494718,0.001573,0.0002741683920248761
0,22,2,1,1,0,2,e,3431.7356326062063,0.0012489739789122909,4,3431.7353456327,0.001251,0.0002869735062631662
0,22,2,1,1,0,3,e,3277.9896869990293,0.0015716030033058603,1,3277.9894025515,0.001573,0.0002844475293386495
0,22,2,1,1,1,1,e,5874.37006583661,0.0010625864670698569,4,5874.3697715785,0.001063,0.0002942581095339847
0,22,2,1,1,1,1,f,5874.955109772836,0.0006425231513338644,2,5874.9543452082,0.0006743,0.0007645646364835557
0,22,2,1,1,1,2,e,5698.704760138542,0.0010523735078383529,5,5698.7042892756,0.001053,0.00047086294216569513
0,22,2,1,1,1,2,f,5699.185366136728,0.0006331950726277013,4,5699.1845900778,0.0006654,0.000776058927840495
0,22,2,1,1,1,3,e,5546.794295542944,0.0010507568700703317,5,5546.7938201757,0.001054,0.0004753672446895507
0,22,2,1,1,1,3,f,5547.281921100731,0.0006292344555092322,5,5547.2812146746,0.0006616,0.000706426130818727
0,22,2,1,1,2,2,e,7941.356456999029,0.0015716030033058603,1,7941.3561725515,0.001573,0.0002844475293386495
0,22,3,0,0,0,2,e,4130.97547476217,0.0012489739789122909,2,4130.9747775471,0.001251,0.0006972150704314117
0,22,3,0,0,0,3,e,3991.4669723768484,0.0012489739789122909,4,3991.4666854033,0.001251,0.00028697354855466983
0,22,3,0,0,1,1,e,6571.91588976217,0.0015716030033058603,2,6571.9156027886,0.001573,0.0002869735699277953
0,22,3,0,0,1,2,e,6387.072494460956,0.0013354909209725087,7,6387.0721661314,0.001338,0.00032832955548656173
0,22,3,0,0,1,3,e,6252.50801876913,0.0012298150267418266,9,6252.5071095756,0.001235,0.0009091935298783937
0,22,3,0,0,1,4,e,6126.4750436858885,0.0012524156658234517,6,6126.4747767609,0.001255,0.0002669249888640479
0,22,3,1,1,1,1,e,7261.335823333154,0.001451788552097033,1,7261.3353280746,0.001453,0.0004952585541104781
0,22,3,1,1,1,2,e,7057.613911448228,0.001451409659606825,1,7057.6134493758,0.001452,0.0004620724275810062
0,22,3,1,1,1,2,f,7058.255646974762,0.0011808200540302488,1,7058.2549792183,0.001198,0.000667756462462421
0,22,3,1,1,1,3,e,6887.673417390691,0.001451409659606825,2,6887.6729387252,0.001452,0.00047866549084574217
0,22,3,1,1,1,3,f,6888.242880372205,0.0011825548613066542,1,6888.2421158076,0.0012,0.0007645646046512411
0,22,3,1,1,1,4,e,6726.714343333154,0.001451788552097033,2,6726.7138480746,0.001453,0.0004952585541104781
0,22,3,1,1,1,4,f,6727.340092573057,0.0011808200540302488,3,6727.3393602778,0.001198,0.0007322952569666086
0,22,4,0,0,1,1,e,7964.718656999029,0.0015716030033058603,1,7964.7183725515,0.001573,0.0002844475293386495
0,22,4,0,0,1,3,e,7578.4734751670685,0.0015716030033058603,4,7578.473143664,0.001573,0.00033150306808238383
0,22,4,0,0,1,4,e,7450.30738976217,0.0015716030033058603,2,7450.3071027886,0.001573,0.0002869735699277953
0,22,4,0,0,1,5,e,7303.48203976217,0.0015716030033058603,2,7303.4817527886,0.001573,0.0002869735699277953
0,22,4,1,1,1,3,e,8236.67851739069,0.001451409659606825,2,8236.6780387252,0.001452,0.00047866548993624747
0,22,4,1,1,1,3,f,8237.382413673484,0.0011808200540302488,2,8237.3816975129,0.001198,0.0007161605844885344
0,22,4,1,1,1,4,e,8068.307411448228,0.001451409659606825,1,8068.3069493758,0.001452,0.0004620724275810062
0,22,4,1,1,1,4,f,8068.989880372204,0.0011825548613066542,1,8068.9891158076,0.0012,0.0007645646046512411
0,22,5,0,0,1,5,e,8635.889600188546,0.001572401030271858,1,8635.8893577793,0.001574,0.00024240924540208653
0,23,0,0,0,0,1,e,196.9925225253096,0.0012124916494557808,117,196.9922330258,0.001215,0.000289499509591451
0,23,0,0,0,1,1,e,2517.877049429896,0.00011866338946785568,8,2517.8768072713,0.0002042,0.00024215859593823552
0,23,0,0,0,2,1,e,4814.223624552731,0.00032260192187896216,4,4814.2233823978,0.0003629,0.00024215493067458738
0,23,0,0,0,3,1,e,7086.0585339564,0.0010070114199948281,4,7086.0582918015,0.001021,0.00024215490066126222
0,23,0,1,1,0,1,e,856.9222233331534,0.00105246852684534,46,856.9217280746,0.001054,0.0004952585534283571
0,23,0,1,1,0,1,f,857.2096803722046,0.00063121787046946,45,857.2089158076,0.0006635,0.0007645646046512411
0,23,0,1,1,1,1,e,3165.5109531487415,0.0012543667725191064,2,3165.5104273455,0.001271,0.0005258032415440539
0,23,0,1,1,1,1,f,3165.7920024072127,0.0014502192937621537,2,3165.791353666,0.001451,0.00064874121289904
0,23,0,1,1,2,1,e,5449.5878904368765,0.000817579353946759,2,5449.5874645289,0.0008428,0.00042590797693264904
0,23,0,1,1,2,1,f,5449.861466492007,0.001093862879889431,2,5449.8611051738,0.001097,0.00036131820706941653
0,23,0,1,1,3,1,e,7709.181213148741,0.0012543667725191064,2,7709.1806873455,0.001271,0.0005258032415440539
0,23,0,1,1,3,1,f,7709.4489774072135,0.0014502192937621537,2,7709.448328666,0.001451,0.0006487412138085347
0,23,0,2,2,0,1,e,1517.5449684357181,0.005026927491022722,9,1517.5439463949,0.005045,0.001022040818043024
0,23,0,2,2,0,1,f,1517.5445845119184,0.005026927491022722,10,1517.5445955513,0.005027,-1.1039381661248626e-05
0,23,0,2,2,1,1,e,3813.848381163474,0.005177837386399848,2,3813.8501747611,0.005399,-0.0017935976256922004
0,23,0,2,2,1,1,f,3813.848094095764,0.0051254268114958,2,3813.8497634076,0.005195,-0.0016693118363946269
0,23,0,2,2,3,1,e,8333.039656582798,0.005195190083144217,1,8333.0415863048,0.005195,-0.0019297220023872796
0,23,0,2,2,3,1,f,8333.037923897908,0.0051254268114958,1,8333.0395508199,0.005212,-0.0016269219922833145
0,23,1,0,0,0,1,e,1552.9134818703935,0.0012134434473843434,13,1552.9132547692,0.001216,0.000227101193559065
0,23,1,0,0,0,2,e,1441.475170412423,0.0012134434473843434,17,1441.4748696245,0.001216,0.0003007879231518018
0,23,1,0,0,1,1,e,3850.8132870861805,0.00032260192187896216,7,3850.8130449181,0.0003629,0.00024216808060373296
0,23,1,0,0,1,2,e,3742.651316323612,0.00032260192187896216,9,3742.6510822763,0.0003629,0.00023404731200571405
0,23,1,0,0,2,1,e,6124.410315074906,0.001007020357291748,1,6124.4100730395,0.001021,0.00024203540579037508
0,23,1,0,0,2,2,e,6019.196978956401,0.0010070114199948281,4,6019.1967368015,0.001021,0.00024215490066126222
0,23,1,0,0,3,1,e,8373.7509939564,0.002003514911349551,2,8373.7507518015,0.00201,0.00024215489975176752
0,23,1,0,0,3,2,e,8271.126929365037,0.0010082564157990765,3,8271.1266856356,0.001022,0.00024372943698836025
0,23,1,1,1,0,1,e,2233.3392650749056,0.001007020357291748,1,2233.3390230395,0.001021,0.00024203540579037508
0,23,1,1,1,0,1,f,2233.8124625253095,0.0015716666313184866,1,2233.8121730258,0.001573,0.0002894995095630293
0,23,1,1,1,0,2,e,2081.8537781648483,0.001007020357291748,2,2081.8533220636,0.001021,0.00045610124834638555
0,23,1,1,1,0,2,f,2082.25174252531,0.0015716666313184866,2,2082.2514530258,0.001573,0.00028949951001777663
0,23,1,1,1,1,1,e,4519.001356455739,0.0008145158070903228,6,4519.0008306525,0.0008398,0.0005258032397250645
0,23,1,1,1,1,1,f,4519.451305149842,0.0010923076489707465,5,4519.4506481437,0.001093,0.0006570061414095107
0,23,1,1,1,1,2,e,4370.693592802226,0.0008145158070903228,5,4370.6930662694,0.0008398,0.0005265328254608903
0,23,1,1,1,1,2,f,4371.08722632435,0.0010923076489707465,8,4371.0865775831,0.001093,0.0006487412501883227
0,23,1,1,1,2,1,e,6780.358593045125,0.0010070114199948281,3,6780.3581617515,0.001021,0.0004312936252972577
0,23,1,1,1,2,1,f,6780.787223610536,0.0014502192937621537,2,6780.7866179782,0.001451,0.000605632335464179
0,23,1,1,1,2,2,e,6634.966446797305,0.0010070114199948281,4,6634.9659340541,0.001163,0.0005127432050358038
0,23,1,1,1,2,2,f,6635.355004364603,0.0014502192937621537,4,6635.3545136898,0.001451,0.0004906748026769492
0,23,1,2,2,1,2,e,5004.283588227694,0.00508920425999979,4,5004.2854543045,0.005089,-0.0018660768055269727
0,23,1,2,2,1,2,f,5004.280075242552,0.005035871324805669,4,5004.2816931044,0.005107,-0.0016178618479898432
0,23,1,2,2,2,1,f,7432.336524014461,0.0014502192937621537,2,7432.3358155026,0.001451,0.0007085118613758823
0,23,1,2,2,2,2,e,7256.364975744151,0.005177837386399848,1,7256.3666332174,0.005178,-0.0016574732489971211
0,23,2,0,0,0,1,e,2935.8125489564013,0.0010070114199948281,2,2935.8123068015,0.001021,0.00024215490111600957
0,23,2,0,0,0,2,e,2782.509093956401,0.0010070114199948281,2,2782.5088518015,0.001021,0.00024215490111600957
0,23,2,0,0,0,3,e,2670.484313956401,0.0010070114199948281,2,2670.4840718015,0.001021,0.00024215490111600957
0,23,2,0,0,1,1,e,5209.9661893093225,0.00011904620951546506,10,5209.9659468299,0.0002044,0.00024247942292277003
0,23,2,0,0,1,2,e,5062.185131387043,0.00011904620951546506,11,5062.1848891355,0.0002044,0.0002422515426587779
0,23,2,0,0,1,3,e,4951.0894030356485,0.00011904620951546506,7,4951.0891596003,0.0002044,0.00024343534823856317
0,23,2,0,0,2,2,e,7317.614676654545,0.001007020357291748,2,7317.6144462525,0.001021,0.00023040204541757703
0,23,2,0,0,2,3,e,7206.969875658865,0.0010070114199948281,3,7206.9696318896,0.001021,0.0002437692646708456
0,23,2,1,1,0,2,e,3448.1515417086944,0.00032260192187896216,4,3448.1512995538,0.0003629,0.0002421548942947993
0,23,2,1,1,0,3,e,3294.4135228378964,0.0010070114199948281,1,3294.4132805635,0.001021,0.00024227439644164406
0,23,2,1,1,1,1,e,5890.693625217806,0.0007733278735439451,4,5890.6930986958,0.0007999,0.000526522006111918
0,23,2,1,1,1,1,f,5891.331957949175,0.0010611955521957297,2,5891.331582232,0.001065,0.00037571717530227033
0,23,2,1,1,1,2,e,5714.992944354681,0.0007589044735669964,5,5714.9924185741,0.000786,0.0005257805805740645
0,23,2,1,1,1,2,f,5715.5174831133445,0.001050731173992663,6,5715.5164482727,0.001051,0.0010348406449338654
0,23,2,1,1,1,3,e,5563.096858093385,0.0007629128390583028,4,5563.0963569122,0.0007898,0.0005011811854274129
0,23,2,1,1,1,3,f,5563.629456133636,0.001050748304780931,6,5563.6287609269,0.001053,0.0006952067360543879
0,23,2,1,1,2,2,e,7957.513552837896,0.0010070114199948281,1,7957.5133105635,0.001021,0.00024227439553214936
0,23,2,1,1,2,3,e,7807.172452837896,0.0010070114199948281,1,7807.1722105635,0.001021,0.00024227439644164406
0,23,2,2,2,1,2,e,6366.310581744151,0.005100245092149985,1,6366.3122392174,0.0051,-0.0016574732489971211
0,23,2,2,2,1,2,f,6366.310490293618,0.005064829710858995,1,6366.3122019952,0.005118,-0.0017117015813710168
0,23,2,2,2,1,3,e,6184.274435744151,0.005138375229583765,1,6184.2760932174,0.005138,-0.0016574732489971211
0,23,2,2,2,1,3,f,6184.274344293618,0.005103224470861536,1,6184.2760559952,0.005156,-0.0017117015822805115
0,23,3,0,0,0,2,e,4147.4041139564015,0.00032260192187896216,2,4147.4038718015,0.0003629,0.00024215490157075692
0,23,3,0,0,0,3,e,4007.8398377920244,0.00032260192187896216,2,4007.8395955177,0.0003629,0.00024227432413681527
0,23,3,0,0,1,1,e,6588.273833956401,0.0010070114199948281,2,6588.2735918015,0.001021,0.00024215490157075692
0,23,3,0,0,1,2,e,6403.371257323445,0.0005454016868327417,7,6403.3710228735,0.0005701,0.00023444994531018892
0,23,3,0,0,1,3,e,6268.753668805381,0.00024633513756668984,8,6268.7536874754,0.0005835,-1.86700190170086e-05
0,23,3,0,0,1,4,e,6142.788543956401,0.0010070114199948281,4,6142.7883018015,0.001021,0.00024215490066126222
0,23,3,1,1,0,4,f,4495.393122525309,0.0023388321872250687,1,4495.3928330258,0.00234,0.0002894995086535346
0,23,3,1,1,1,1,e,7277.673508053835,0.001256358229168735,1,7277.6730063507,0.001273,0.0005017031344323186
0,23,3,1,1,1,1,f,7278.495230118653,0.0014513910568830165,1,7278.4948544015,0.001454,0.0003757171534743975
0,23,3,1,1,1,2,e,7073.909418243647,0.0012543667725191064,1,7073.9088683402,0.001271,0.0005499034477907117
0,23,3,1,1,1,2,f,7074.609524695772,0.0014502192937621537,1,7074.6086029305,0.001451,0.0009217652723236824
0,23,3,1,1,1,3,e,6903.943863148742,0.0012543667725191064,2,6903.9433373455,0.001271,0.0005258032415440539
0,23,3,1,1,1,3,f,6904.5658774072135,0.0014502192937621537,2,6904.565228666,0.001451,0.0006487412138085347
0,23,3,1,1,1,4,e,6743.027178148742,0.0012543667725191064,2,6743.0266523455,0.001271,0.0005258032415440539
0,23,3,1,1,1,4,f,6743.709524695772,0.0014502192937621537,1,6743.7086029305,0.001451,0.0009217652723236824
0,23,4,0,0,1,1,e,7981.102652837896,0.0010070114199948281,1,7981.1024105635,0.001021,0.00024227439644164406
0,23,4,0,0,1,2,e,7766.663052837896,0.0010070114199948281,1,7766.6628105636,0.001021,0.00024227429639722686
0,23,4,0,0,1,3,e,7594.7302255870645,0.0010070114199948281,5,7594.7299826734,0.001021,0.00024291366480611032
0,23,4,0,0,1,4,e,7466.549358669961,0.0010070114199948281,4,7466.5491159934,0.001021,0.00024267656135634752
0,23,4,0,0,1,5,e,7319.819411654546,0.001007020357291748,2,7319.8191812525,0.001521,0.00023040204541757703
0,23,4,1,1,1,3,e,8252.945908053835,0.001256358229168735,1,8252.9454063507,0.001273,0.0005017031344323186
0,23,4,1,1,1,3,f,8253.712530118653,0.0014513910568830165,1,8253.7121544015,0.001454,0.0003757171525649028
0,23,4,1,1,1,4,e,8084.568313148741,0.0012543667725191064,2,8084.5677873455,0.001271,0.0005258032415440539
0,23,4,1,1,1,5,e,7911.3878138721675,0.001293072310429699,1,7911.3873301692,0.001309,0.0004837029673581128
0,23,4,1,1,1,5,f,7912.284955127566,0.001419180044955537,1,7912.2842973189,0.001429,0.0006578086658919347
0,24,0,0,0,0,1,e,214.11901507490575,0.00011870130580579139,110,214.1187730395,0.0002042,0.00024203540573353166
0,24,0,0,0,1,1,e,2534.868870863563,0.001212495360815867,5,2534.8685811671,0.001215,0.0002896964633691823
0,24,0,0,0,2,1,e,4831.080371418666,0.0012490540420654343,4,4831.0801004932,0.001251,0.00027092546588391997
0,24,0,0,0,3,1,e,7102.781179102151,0.0015716666313184866,4,7102.7809081767,0.001573,0.00027092545133200474
0,24,0,1,1,0,1,e,874.068208053835,0.0007605498011307346,42,874.0677063507,0.0007876,0.0005017031350007528
0,24,0,1,1,0,1,f,874.3810301186531,0.0010519201490607544,44,874.3806544015,0.001055,0.000375717153133337
0,24,0,1,1,1,1,e,3182.524509524712,0.0014514785565071225,2,3182.5239083563,0.001453,0.0006011684117765981
0,24,0,1,1,1,1,f,3182.8283073864486,0.0011825548613066542,2,3182.8275425064,0.0012,0.0007648800487913832
0,24,0,1,1,2,1,e,5466.4705595247115,0.0010939789760319894,2,5466.4699583563,0.003027,0.0006011684117765981
0,24,0,1,1,2,1,f,5466.761691862017,0.0005920219590521959,3,5466.761406582,0.0007305,0.0002852800171240233
0,24,0,1,1,3,1,e,7725.928015716271,0.0014514785565071225,1,7725.927308638,0.001455,0.0007070782712617074
0,24,0,1,1,3,1,f,7726.218024400692,0.0011839915540239297,1,7726.2172592053,0.001202,0.0007651953919776133
0,24,0,2,2,0,1,e,1534.734656582797,0.005098038838612355,8,1534.7365863048,0.005098,-0.0019297220030694007
0,24,0,2,2,0,1,f,1534.732923897908,0.005026927491022722,8,1534.7345508199,0.005116,-0.0016269219920559408
0,24,0,2,2,1,1,e,3830.9072784357186,0.0051254268114958,1,3830.9062563949,0.005143,0.0010220408184977714
0,24,0,2,2,1,1,f,3830.9068945119184,0.0051254268114958,1,3830.9069055513,0.005125,-1.1039381661248626e-05
0,24,0,2,2,3,1,e,8349.832228068743,0.005142956348249517,1,8349.8311635217,0.00516,0.0010645470429153647
0,24,0,2,2,3,1,f,8349.831887622782,0.005107837115648854,1,8349.8318663909,0.005108,2.123188278346788e-05
0,24,1,0,0,0,1,e,1570.0636182341866,0.00012961095632700194,10,1570.0633994654,0.0002107,0.0002187687866808119
0,24,1,0,0,0,2,e,1458.591532069353,0.00012876723185655583,13,1458.5912875527,0.0002102,0.0002445166530833376
0,24,1,0,0,1,1,e,3867.8272423231965,0.0012490540420654343,9,3867.8269679545,0.001251,0.00027436869640951045
0,24,1,0,0,1,2,e,3759.6363050291693,0.0012490540420654343,10,3759.6361378034,0.001251,0.00016722576947358903
0,24,1,0,0,2,1,e,6141.285766602152,0.0015716666313184866,2,6141.2854956767,0.001573,0.00027092545224149944
0,24,1,0,0,2,2,e,6036.050851602152,0.0015716666313184866,4,6036.0505806767,0.001573,0.00027092545224149944
0,24,1,0,0,3,1,e,8390.49018457183,0.0016000737483003714,3,8390.4897984986,0.001602,0.00038607323040196206
0,24,1,0,0,3,2,e,8287.850517385854,0.0016000737483003714,3,8287.8503768723,0.001602,0.00014051355356059503
0,24,1,1,1,0,1,e,2250.4941606789935,0.001571730256755274,1,2250.4939083276,0.001573,0.00025235139355572755
0,24,1,1,1,0,1,f,2251.0071950749057,0.001007020357291748,1,2251.0069530395,0.001021,0.00024203540579037508
0,24,1,1,1,0,2,e,2098.990699965753,0.0008214840229730581,3,2098.9899985139,0.0008465,0.0007014518528194458
0,24,1,1,1,0,2,f,2099.425504848141,0.001007020357291748,4,2099.4249884805,0.001021,0.0005163676410120388
0,24,1,1,1,1,1,e,4536.021735540305,0.0010939789760319894,7,4536.0211226954,0.001096,0.0006128449049356277
0,24,1,1,1,1,1,f,4536.510656246637,0.0006988819642829539,5,4536.5098563431,0.0007282,0.0007999035369721241
0,24,1,1,1,1,2,e,4387.70132682789,0.0010939789760319894,6,4387.7007256595,0.001096,0.0006011683899487252
0,24,1,1,1,1,2,f,4388.1285855195965,0.0006988819642829539,6,4388.1278206838,0.0007282,0.000764835796871921
0,24,1,1,1,2,1,e,6797.2455496401935,0.0014514785565071225,3,6797.2451333305,0.001455,0.00041630969371908577
0,24,1,1,1,2,1,f,6797.709315074906,0.001007020357291748,1,6797.7090730395,0.001021,0.00024203540579037508
0,24,1,1,1,2,2,e,6651.843629594,0.0014514785565071225,5,6651.8431393408,0.001453,0.0004902532000414794
0,24,1,1,1,2,2,f,6652.265745273105,0.001007020357291748,3,6652.2651548849,0.001021,0.0005903882047277875
0,24,1,2,2,1,1,e,5200.362788068744,0.0050537115073973115,1,5200.3617235217,0.005071,0.0010645470438248594
0,24,1,2,2,1,1,f,5200.362447622782,0.005017967716117752,1,5200.3624263909,0.005018,2.123188278346788e-05
0,24,1,2,2,1,2,e,5021.347046600855,0.005035871324805669,4,5021.3460245601,0.005054,0.0010220407548331423
0,24,1,2,2,1,2,f,5021.346684415974,0.005017967716117752,4,5021.3466987123,0.005018,-1.4296326298790518e-05
0,24,1,2,2,2,1,e,7449.267826725903,0.0014513910568830165,2,7449.267391238,0.001453,0.0004354879038146464
0,24,1,2,2,2,2,f,7273.296524511918,0.0051254268114958,2,7273.2965355513,0.005125,-1.1039382115995977e-05
0,24,2,0,0,0,1,e,2952.9908516021515,0.0015716666313184866,2,2952.9905806767,0.001573,0.00027092545133200474
0,24,2,0,0,0,2,e,2799.6228416021513,0.0015716666313184866,2,2799.6225706767,0.001573,0.00027092545133200474
0,24,2,0,0,0,3,e,2687.6102616021517,0.0015716666313184866,2,2687.6099906767,0.001573,0.0002709254517867521
0,24,2,0,0,1,1,e,5227.00917237575,0.0012125328861519592,8,5227.0088649472,0.001215,0.00030742854960408295
0,24,2,0,0,1,2,e,5079.163577978,0.0012288759091136907,12,5079.1633109777,0.001231,0.0002670002995728282
0,24,2,0,0,1,3,e,4968.087871038116,0.0012125328861519592,10,4968.0876001117,0.001215,0.0002709264153963886
0,24,2,0,0,2,1,e,7476.853566602152,0.0015716666313184866,2,7476.8532956767,0.001573,0.00027092545133200474
0,24,2,0,0,2,2,e,7334.458205422031,0.0015716666313184866,3,7334.4574687745,0.001574,0.0007366475310845999
0,24,2,0,0,2,3,e,7223.840029031963,0.0015716666313184866,4,7223.8397874362,0.001573,0.00024159576332749566
0,24,2,1,1,0,2,e,3465.2804762351793,0.0012490540420654343,4,3465.2802312751,0.001251,0.00024496007927155006
0,24,2,1,1,0,3,e,3311.5533125253096,0.0015716666313184866,1,3311.5530230258,0.001573,0.0002894995095630293
0,24,2,1,1,1,1,e,5907.727582385057,0.0010582013041005006,4,5907.7270125576,0.00106,0.0005698274571841466
0,24,2,1,1,1,1,f,5908.420808012221,0.000651180466537503,3,5908.4200200642,0.0006825,0.0007879480208430323
0,24,2,1,1,1,2,e,5731.989839251597,0.0010532283702977241,6,5731.9892379689,0.001055,0.0006012826970618335
0,24,2,1,1,1,2,f,5732.559591347018,0.0006319303759117771,5,5732.5588266153,0.0006642,0.000764731717936229
0,24,2,1,1,1,3,e,5580.1081057333,0.0010508520352552019,5,5580.1072566816,0.001058,0.0008490517002428533
0,24,2,1,1,1,3,f,5580.686303612084,0.0006340630883437388,5,5580.6855262907,0.0006662,0.0007773213837936055
0,24,2,1,1,2,2,e,7974.37642252531,0.0015716666313184866,1,7974.3761330258,0.001573,0.0002894995095630293
0,24,2,1,1,2,2,f,7974.932015074906,0.001007020357291748,1,7974.9317730395,0.001021,0.00024203540669986978
0,24,2,1,1,2,3,e,7824.05572252531,0.0015716666313184866,1,7824.0554330258,0.001573,0.0002894995095630293
0,24,2,2,2,1,2,e,6383.368337435718,0.005039097141353797,1,6383.3673153949,0.005057,0.0010220408175882767
0,24,2,2,2,1,2,f,6383.367953511917,0.005039097141353797,1,6383.3679645513,0.005039,-1.1039383025490679e-05
0,24,3,0,0,0,2,e,4164.54690252531,0.0012490540420654343,1,4164.5466130258,0.001251,0.0002894995095630293
0,24,3,0,0,0,3,e,4024.9245213269223,0.0012490540420654343,4,4024.9243945352,0.001251,0.0001267917223231052
0,24,3,0,0,1,1,e,6605.342966602152,0.0015716666313184866,2,6605.3426956767,0.001573,0.00027092545224149944
0,24,3,0,0,1,2,e,6420.378805362049,0.001335565797705227,7,6420.3785382884,0.001338,0.0002670736494110315
0,24,3,0,0,1,3,e,6285.707615669407,0.0012524156658234517,9,6285.7065053049,0.001338,0.001110364506530459
0,24,3,0,0,1,4,e,6159.810571988427,0.0012972031452320796,5,6159.8104323501,0.001299,0.0001396383268001955
0,24,3,1,1,0,4,e,4511.85182252531,0.0023388321872250687,1,4511.8515330258,0.00234,0.000289499510472524
0,24,3,1,1,1,1,e,7294.720523333153,0.001451788552097033,1,7294.7200280746,0.001453,0.0004952585532009834
0,24,3,1,1,1,1,f,7295.6189803722045,0.0011825548613066542,1,7295.6182158076,0.0012,0.0007645646046512411
0,24,3,1,1,1,2,e,7090.913923333153,0.001451788552097033,1,7090.9134280746,0.001453,0.0004952585532009834
0,24,3,1,1,1,3,e,6920.922669524711,0.0014514785565071225,2,6920.9220683563,0.001453,0.0006011684108671034
0,24,3,1,1,1,3,f,6921.5981523864475,0.0011825548613066542,2,6921.5973875064,0.0012,0.0007648800474271411
0,24,3,1,1,1,4,e,6760.049938255232,0.0014514785565071225,3,6760.0493017835,0.001453,0.0006364717319229385
0,24,3,1,1,1,4,f,6760.790009724529,0.0011825548613066542,3,6760.7892447394,0.0012,0.0007649851295354892
0,24,3,2,2,1,4,e,7370.592783068743,0.005142956348249517,2,7370.5917185217,0.005161,0.0010645470429153647
0,24,3,2,2,1,4,f,7370.582267622783,0.005107837115648854,1,7370.5822463909,0.005108,2.123188278346788e-05
0,24,4,0,0,1,2,e,7783.700916602152,0.0015716666313184866,2,7783.7006456767,0.001573,0.00027092545133200474
0,24,4,0,0,1,3,e,7611.695116602152,0.0015716666313184866,2,7611.6948456767,0.001573,0.00027092545133200474
0,24,4,0,0,1,4,e,7483.498567872246,0.0015716666313184866,3,7483.4982869926,0.001573,0.0002808796461977181
0,24,4,0,0,1,5,e,7336.866916602152,0.0015716666313184866,2,7336.8666456767,0.001573,0.00027092545224149944
0,24,4,1,1,1,2,e,8465.212815716272,0.0014514785565071225,1,8465.212108638,0.001455,0.0007070782721712021
0,24,4,1,1,1,3,e,8269.922215716271,0.0014514785565071225,1,8269.921508638,0.001455,0.0007070782703522127
0,24,4,1,1,1,3,f,8270.754424400693,0.0011839915540239297,1,8270.7536592053,0.001202,0.000765195392887108
0,24,4,1,1,1,4,e,8101.535619524711,0.0014514785565071225,2,8101.5350183563,0.001453,0.0006011684117765981
0,24,4,1,1,1,4,f,8102.347602386448,0.0011825548613066542,2,8102.3468375064,0.001452,0.0007648800474271411
0,24,4,1,1,1,5,f,7929.395183505978,0.0011825548613066542,2,7929.3940337169,0.0012,0.001149789078226604
0,25,0,0,0,0,1,e,231.9587106789936,0.0012125741214457778,111,231.9584583276,0.001215,0.000252351393612571
0,25,0,0,0,1,1,e,2552.568005840189,0.00011957842614786332,7,2552.5677647017,0.0002047,0.00024113848894558032
0,25,0,0,0,2,1,e,4848.63941599176,0.0003226298188326677,4,4848.6391744739,0.0003629,0.0002415178596493206
0,25,0,0,0,3,1,e,7120.20001142754,0.001007020357291748,4,7120.1997699096,0.001021,0.00024151793968485435
0,25,0,1,1,0,1,e,891.9290157162716,0.001052040873730674,48,891.928308638,0.001057,0.0007070782716027679
0,25,0,1,1,0,1,f,892.2674244006917,0.0006339053557117181,41,892.2666592053,0.0006661,0.0007651953916365528
0,25,0,1,1,1,1,e,3200.244659772195,0.001256358229168735,2,3200.2439759677,0.001273,0.0006838044951109623
0,25,0,1,1,1,1,f,3200.573132015763,0.0014513910568830165,2,3200.5727034673,0.002041,0.0004285484628780978
0,25,0,1,1,2,1,e,5484.050995178718,0.0007889803546350188,3,5484.0478364313,0.0008063,0.0031587474177285912
0,25,0,1,1,2,1,f,5484.367175724493,0.001093862879889431,2,5484.3663193593,0.001097,0.0008563651927033789
0,25,0,1,1,3,1,e,7743.371274772196,0.001256358229168735,2,7743.3705909677,0.001273,0.0006838044955657097
0,25,0,1,1,3,1,f,7743.684297015766,0.0014513910568830165,2,7743.6838684673,0.001454,0.0004285484656065819
0,25,0,2,2,0,1,e,1552.6408280687435,0.005044799302251776,11,1552.6397635217,0.005063,0.0010645470435974858
0,25,0,2,2,0,1,f,1552.6404876227825,0.005008991914547277,8,1552.6404663909,0.005009,2.1231882556094206e-05
0,25,0,2,2,1,1,e,3848.6753482733066,0.005195190083144217,2,3848.6773161052,0.005195,-0.0019678318935802963
0,25,0,2,2,1,1,f,3848.675887132255,0.005107837115648854,2,3848.6758560801,0.005108,3.105215500909253e-05
0,25,0,2,2,3,1,e,8367.323078273306,0.005195190083144217,2,8367.3250461052,0.005195,-0.001967831893125549
0,25,0,2,2,3,1,f,8367.323617132253,0.005107837115648854,2,8367.3235860801,0.005108,3.105215364485048e-05
0,25,1,0,0,0,1,e,1587.9282735566694,0.0012490940717175788,10,1587.9278299096,0.001251,0.0004436470694599848
0,25,1,0,0,0,2,e,1476.4204427777015,0.0012490940717175788,11,1476.4203674701,0.001251,7.530760149165872e-05
0,25,1,0,0,1,1,e,3885.549289020086,0.0003226298188326677,8,3885.5491470086,0.0003629,0.00014201148587744683
0,25,1,0,0,1,2,e,3777.3282625070424,0.0003226298188326677,8,3777.3280511594,0.0003629,0.00021134764256203198
0,25,1,0,0,2,1,e,6158.86619892754,0.001007020357291748,2,6158.8659574096,0.001021,0.00024151793968485435
0,25,1,0,0,2,2,e,6053.606463545084,0.001007020357291748,3,6053.6062221997,0.001021,0.00024134538398357108
0,25,1,0,0,3,1,e,8407.927561360899,0.0010083645174241308,3,8407.9272556117,0.001022,0.0003057491994695738
0,25,1,0,0,3,2,e,8305.26963892754,0.002003519403449839,2,8305.2693974096,0.00201,0.00024151794059434906
0,25,1,1,1,0,1,e,2268.3604927801725,0.0010071196552545283,1,2268.3602517798,0.001021,0.00024100037262542173
0,25,1,1,1,0,1,f,2268.9179506789937,0.001571730256755274,1,2268.9176983276,0.001573,0.00025235139355572755
0,25,1,1,1,0,2,e,2116.8430480507022,0.0010071196552545283,4,2116.8422795276,0.001021,0.0007685231021241634
0,25,1,1,1,0,2,f,2117.313766639751,0.0007014527781682812,4,2117.3122316262,0.0007306,0.0015350135508924723
0,25,1,1,1,1,1,e,4553.750133208901,0.000817579353946759,7,4553.7494293278,0.0008428,0.0007038811017991975
0,25,1,1,1,1,1,f,4554.280001081287,0.001093862879889431,5,4554.2795227438,0.001097,0.000478337487038516
0,25,1,1,1,1,2,e,4405.416325775226,0.000817579353946759,6,4405.4156164667,0.0008428,0.0007093085259839427
0,25,1,1,1,1,2,f,4405.879334046796,0.0010943902411845602,6,4405.8788630845,0.001099,0.0004709622962764115
0,25,1,1,1,2,1,e,6814.833415074906,0.001007020357291748,1,6814.8331730395,0.001021,0.00024203540579037508
0,25,1,1,1,2,1,f,6815.338110678994,0.001571730256755274,1,6815.3378583276,0.001573,0.0002523513940104749
0,25,1,1,1,2,2,e,6669.421955990688,0.001007020357291748,4,6669.4214515922,0.001273,0.0005043984874646412
0,25,1,1,1,2,2,f,6669.880003748408,0.0014513910568830165,5,6669.8794588458,0.001454,0.0005449026075439178
0,25,1,2,2,1,1,e,5218.1391682733065,0.005106858133921483,2,5218.1410885723,0.005107,-0.0019202989933546633
0,25,1,2,2,1,1,f,5218.142387132255,0.005017967716117752,2,5218.1443185501,0.005124,-0.0019314178452987107
0,25,1,2,2,1,2,e,5039.12001629409,0.005124451190127584,2,5039.1220222358,0.005125,-0.0020059417092852527
0,25,1,2,2,1,2,f,5039.122825519381,0.005,3,5039.1211420531,0.005,0.0016834662810651935
0,25,1,2,2,2,1,e,7466.906624400692,0.0011839915540239297,1,7466.9058592053,0.001202,0.0007651953919776133
0,25,1,2,2,2,2,e,7290.9303665827965,0.005195190083144217,1,7290.9322963048,0.005195,-0.0019297220032967743
0,25,1,2,2,2,2,f,7290.929103897908,0.0051254268114958,1,7290.9307308199,0.005212,-0.0016269219922833145
0,25,2,0,0,0,1,e,2970.8838089275396,0.001007020357291748,2,2970.8835674096,0.001021,0.00024151793968485435
0,25,2,0,0,0,2,e,2817.449168927539,0.001007020357291748,2,2817.4489274096,0.001021,0.000241517939230107
0,25,2,0,0,0,3,e,2705.448418927539,0.001007020357291748,2,2705.4481774096,0.001021,0.000241517939230107
0,25,2,0,0,1,1,e,5244.761725821962,0.00011912178642045293,7,5244.7614843166,0.0002044,0.00024150536137312884
0,25,2,0,0,1,2,e,5096.849021395525,0.00023257256931977167,7,5096.8485440175,0.0002858,0.00047737802469782764
0,25,2,0,0,1,3,e,4985.793710646939,0.00011995832609702421,9,4985.7934718623,0.0002049,0.00023878463889559498
0,25,2,0,0,2,2,e,7352.000667030647,0.0010071196552545283,3,7352.0010862788,0.001021,-0.0004192481537756976
0,25,2,0,0,2,3,e,7241.412853572129,0.001007020357291748,2,7241.4126102961,0.001021,0.0002432760293231695
0,25,2,1,1,0,2,e,3483.122879111025,0.0003226298188326677,4,3483.1226375931,0.0003629,0.00024151792513293913
0,25,2,1,1,0,3,e,3329.4040750749054,0.001007020357291748,1,3329.4038330395,0.001021,0.00024203540533562773
0,25,2,1,1,1,1,e,5925.469720006586,0.0007816239505030535,4,5925.468726222,0.0008079,0.000993784585261892
0,25,2,1,1,1,1,f,5926.220982580701,0.0010689415325451622,4,5926.220688517,0.001072,0.0002940637014035019
0,25,2,1,1,1,2,e,5749.695597931995,0.0007684634018611425,2,5749.6952960302,0.0007952,0.00030190179495548364
0,25,2,1,1,1,2,f,5750.311181329841,0.0010526803883420645,6,5750.3107638713,0.001056,0.000417458541051019
0,25,2,1,1,1,3,e,5597.827397682945,0.0007647457093701147,6,5597.8266614454,0.0007916,0.0007362375454249559
0,25,2,1,1,1,3,f,5598.453582142238,0.0010507568700703317,5,5598.4532199237,0.001057,0.0003622185377025744
0,25,2,1,1,2,2,e,7991.939715074906,0.001007020357291748,1,7991.9394730395,0.001021,0.00024203540669986978
0,25,2,1,1,2,2,f,7992.542710678994,0.001571730256755274,1,7992.5424583276,0.001573,0.0002523513940104749
0,25,3,0,0,0,2,e,4182.403513927538,0.0003226298188326677,2,4182.4042588563,0.0003629,-0.0007449287613781053
0,25,3,0,0,0,3,e,4042.7197414504753,0.0003226298188326677,4,4042.7194999326,0.0003629,0.00024151787556547788
0,25,3,0,0,1,1,e,6623.12269892754,0.001007020357291748,2,6623.1224574096,0.001021,0.00024151793968485435
0,25,3,0,0,1,2,e,6438.094379397057,0.0005724421368138443,6,6438.0941378792,0.0005961,0.0002415178569208365
0,25,3,0,0,1,3,e,6303.365222101247,0.0003176460294100967,9,6303.3647901223,0.0003745,0.0004319789468354429
0,25,3,0,0,1,4,e,6177.541938052421,0.00035423297418506937,6,6177.5418156339,0.0003913,0.00012241852073202608
0,25,3,1,1,0,4,e,4529.712615074906,0.002003519403449839,1,4529.7123730395,0.00201,0.00024203540669986978
0,25,3,1,1,1,1,e,7312.478341490555,0.0012603317023704512,1,7312.4774755846,0.001277,0.0008659059549245285
0,25,3,1,1,1,1,f,7313.450047015764,0.0014513910568830165,2,7313.4496184673,0.001506,0.0004285484637875925
0,25,3,1,1,1,2,e,7108.626108053835,0.001256358229168735,1,7108.6256063507,0.001273,0.0005017031353418133
0,25,3,1,1,1,2,f,7109.449330118653,0.0014513910568830165,1,7109.4489544015,0.001454,0.0003757171534743975
0,25,3,1,1,1,3,e,6938.608608053835,0.001256358229168735,1,6938.6081063507,0.001273,0.0005017031353418133
0,25,3,1,1,1,3,f,6939.339230118653,0.0014513910568830165,1,6939.3388544015,0.001454,0.0003757171534743975
0,25,3,1,1,1,4,f,6778.581430118653,0.0014513910568830165,1,6778.5810544015,0.001454,0.0003757171525649028
0,25,4,0,0,1,1,e,8016.006415074906,0.001007020357291748,1,8016.0061730395,0.001021,0.00024203540579037508
0,25,4,0,0,1,2,e,7801.447898927539,0.001007020357291748,2,7801.4476574096,0.001021,0.00024151793968485435
0,25,4,0,0,1,3,e,7629.36569310748,0.001007020357291748,4,7629.3654663702,0.001021,0.0002267372801725287
0,25,4,0,0,1,4,e,7501.1530827801735,0.0010071196552545283,1,7501.1528417798,0.001021,0.00024100037353491643
0,25,4,0,0,1,5,e,7354.62324892754,0.001007020357291748,2,7354.6230074096,0.001021,0.00024151793968485435
0,25,4,1,1,1,3,e,8287.603641490554,0.0012603317023704512,1,8287.6027755846,0.001277,0.0008659059531055391
0,25,4,1,1,1,3,f,8288.506230118654,0.0014513910568830165,1,8288.5058544015,0.001454,0.0003757171543838922
0,25,4,1,1,1,4,e,8119.210841490555,0.0012603317023704512,1,8119.2099755846,0.001277,0.0008659059549245285
0,25,4,1,1,1,4,f,8120.087963912873,0.001451788552097033,1,8120.0874825331,0.001455,0.00048137977319129277
0,25,4,1,1,1,5,e,7946.157855728154,0.0012603317023704512,2,7946.1570720493,0.001285,0.0007836788536224049
0,25,4,1,1,1,5,f,7947.211654848141,0.001419186386631439,1,7947.2111384805,0.001429,0.0005163676405572915
0,26,0,0,0,0,1,e,250.5111827801727,0.00011954078801814886,111,250.5109417798,0.0002047,0.00024100037271068686
0,26,0,0,0,1,1,e,2570.9747292069615,0.0012125778325534405,5,2570.9744773832,0.001215,0.00025182376157317776
0,26,0,0,0,2,1,e,4866.900326009545,0.0012491341000869362,4,4866.9000741858,0.001251,0.00025182374520227313
0,26,0,0,0,3,1,e,7138.315307706794,0.001571730256755274,4,7138.315055883,0.001573,0.0002518237934054923
0,26,0,1,1,0,1,e,910.5027414905551,0.0007670958219153588,41,910.5018755846,0.0007939,0.0008659059550382153
0,26,0,1,1,0,1,f,910.8684639128733,0.00105246852684534,38,910.8679825331,0.001057,0.0004813797733049796
0,26,0,1,1,1,1,e,3218.674795265583,0.0014514785565071225,2,3218.6740219192,0.001455,0.0007733463826298248
0,26,0,1,1,1,1,f,3219.0301677446223,0.0011839915540239297,2,3219.0293965031,0.001202,0.0007712415222158597
0,26,0,1,1,2,1,e,5502.339629532605,0.0010939789760319894,2,5502.3392932961,0.001098,0.0003362365050634253
0,26,0,1,1,2,1,f,5502.678606313804,0.000701310202406895,2,5502.6777052039,0.0007305,0.0009011099045892479
0,26,0,1,1,3,1,e,7761.511025265583,0.0014514785565071225,2,7761.5102519192,0.001455,0.0007733463835393195
0,26,0,1,1,3,1,f,7761.851722744622,0.0011839915540239297,2,7761.8498120828,0.001203,0.0019106618219666416
0,26,0,2,2,0,1,e,1571.2618999638155,0.005115662224971466,10,1571.2639059055,0.005117,-0.002005941684501522
0,26,0,2,2,0,1,f,1571.2647103666018,0.005008991914547277,11,1571.2630213402,0.005009,0.0016890264016637957
0,26,0,2,2,1,1,e,3867.1528092975573,0.005142956348249517,2,3867.1517447505,0.00516,0.00106454705746728
0,26,0,2,2,1,1,f,3867.1529161520466,0.005107837115648854,2,3867.1528979009,0.005108,1.8251146684633568e-05
0,26,1,0,0,0,1,e,1606.50621007758,0.00012961095632700194,14,1606.5058722128,0.0002107,0.00033786477979447227
0,26,1,0,0,0,2,e,1494.96185634065,0.00012961095632700194,13,1494.9616511963,0.0002107,0.00020514435004770348
0,26,1,0,0,1,1,e,3903.9801330737514,0.0012491341000869362,10,3903.979880244,0.001251,0.00025282975138907204
0,26,1,0,0,1,2,e,3795.727756012585,0.0012491341000869362,8,3795.7275034077,0.001251,0.00025260488473577425
0,26,1,0,0,2,1,e,6177.148624734592,0.0015717359829182508,1,6177.1483734384,0.001573,0.00025129619189101504
0,26,1,0,0,2,2,e,6071.863635678994,0.001571730256755274,2,6071.8633833276,0.001573,0.0002523513940104749
0,26,1,0,0,3,1,e,8426.062910284705,0.0015725339423999726,3,8426.062620681,0.001574,0.0002896037058235379
0,26,1,0,0,3,2,e,8323.386216970623,0.0015725339423999726,4,8323.386025731,0.001574,0.00019123962192679755
0,26,1,1,1,0,1,e,2286.942574734592,0.0015717359829182508,1,2286.9423234384,0.001573,0.0002512961923457624
0,26,1,1,1,0,1,f,2287.544432780173,0.0010071196552545283,1,2287.5441917798,0.001021,0.00024100037308016908
0,26,1,1,1,0,2,e,2135.405601843173,0.0008214840229730581,2,2135.4063853467,0.001618,-0.0007835035271455126
0,26,1,1,1,0,2,f,2135.9142227801726,0.0010071196552545283,2,2135.9139817798,0.001021,0.00024100037262542173
0,26,1,1,1,1,1,e,4572.187977281865,0.0010939789760319894,4,4572.1872534193,0.001098,0.0007238625648824382
0,26,1,1,1,1,1,f,4572.759864440412,0.000701310202406895,6,4572.7590940456,0.0007305,0.0007703948112975922
0,26,1,1,1,1,2,e,4423.840346414192,0.0010939789760319894,6,4423.8395173098,0.001098,0.000829104392323643
0,26,1,1,1,1,2,f,4424.33955035812,0.000701310202406895,8,4424.3387791166,0.0007305,0.000771241519942123
0,26,1,1,1,2,1,e,6833.127210678994,0.001571730256755274,1,6833.1269583276,0.001573,0.0002523513940104749
0,26,1,1,1,2,2,e,6687.70492002016,0.0014514785565071225,4,6687.7042606193,0.001455,0.0006594008600586676
0,26,1,1,1,2,2,f,6688.198724751734,0.0010071196552545283,5,6688.1980595584,0.001021,0.0006651933335888316
0,26,1,2,2,1,2,e,5057.606380536089,0.0050537115073973115,4,5057.6053159891,0.005071,0.0010645469892551773
0,26,1,2,2,1,2,f,5057.606090951027,0.005,5,5057.6060727299,0.005,1.822112699301215e-05
0,26,1,2,2,2,1,f,7485.258732945625,0.0011839915540239297,2,7485.257917395,0.001202,0.0008155506247931044
0,26,1,2,2,2,2,e,7309.2712030687435,0.005142956348249517,2,7309.2701385217,0.00516,0.0010645470438248594
0,26,2,0,0,0,1,e,2989.4920377067933,0.001571730256755274,2,2989.491785883,0.001573,0.0002518237934054923
0,26,2,0,0,0,2,e,2835.988222706793,0.001571730256755274,2,2835.987970883,0.001573,0.000251823792950745
0,26,2,0,0,0,3,e,2723.999862706793,0.001571730256755274,2,2723.999610883,0.001573,0.000251823792950745
0,26,2,0,0,1,1,e,5263.2241711875395,0.0012126153553373797,7,5263.2238872993,0.001215,0.000283888239209773
0,26,2,0,0,1,2,e,5115.241017858528,0.0012126153553373797,11,5115.2407914036,0.001215,0.0002264549275423633
0,26,2,0,0,1,3,e,5004.206996892286,0.001212739048600316,8,5004.2067330537,0.001215,0.0002638385858517722
0,26,2,0,0,2,1,e,7512.7825157162715,0.0014514785565071225,1,7512.781808638,0.001455,0.0007070782712617074
0,26,2,0,0,2,2,e,7370.245839145632,0.0015717359829182508,2,7370.245491674,0.001573,0.00034747163226711564
0,26,2,0,0,2,3,e,7259.689381261905,0.001571730256755274,4,7259.6894207103,0.001573,-3.9448395000363234e-05
0,26,2,1,1,0,2,e,3501.678207706793,0.0012491341000869362,4,3501.677955883,0.001251,0.000251823792950745
0,26,2,1,1,0,3,e,3347.9709706789936,0.001571730256755274,1,3347.9707183276,0.001573,0.00025235139355572755
0,26,2,1,1,1,1,e,5943.92172749445,0.001064748796665204,4,5943.9210240899,0.001072,0.0007034045502223307
0,26,2,1,1,1,1,f,5944.733502662079,0.0006587381877498829,2,5944.7327253744,0.0006897,0.0007772876797389472
0,26,2,1,1,1,2,e,5768.105868405611,0.0010532283702977241,3,5768.1051166256,0.001058,0.0007517800104324124
0,26,2,1,1,1,2,f,5768.77238030852,0.0006351661200032633,4,5768.771609067,0.0006673,0.000771241519942123
0,26,2,1,1,1,3,e,5616.256087342453,0.0010508520352552019,5,5616.2554745806,0.001058,0.0006127618526079459
0,26,2,1,1,1,3,f,5616.930825685926,0.0006367385648757267,6,5616.9300733597,0.0006688,0.0007523262256654561
0,26,2,1,1,2,2,e,8010.208410678994,0.001571730256755274,1,8010.2081583276,0.001573,0.0002523513940104749
0,26,2,1,1,2,2,f,8010.854782780173,0.0010071196552545283,1,8010.8545417798,0.001021,0.00024100037353491643
0,26,2,1,1,2,3,e,7859.929010678994,0.001571730256755274,1,7859.9287583276,0.001573,0.0002523513940104749
0,26,3,0,0,0,2,e,4200.975560678993,0.0012491341000869362,1,4200.9753083276,0.001251,0.0002523513931009802
0,26,3,0,0,0,3,e,4061.2269855508293,0.0012491341000869362,4,4061.2267337271,0.001251,0.00025182372928611585
0,26,3,0,0,1,1,e,6641.613617706794,0.001571730256755274,2,6641.613365883,0.001573,0.0002518237934054923
0,26,3,0,0,1,2,e,6456.51850593006,0.001335647408562604,4,6456.5182544634,0.001338,0.00025146666030195775
0,26,3,0,0,1,3,e,6321.729461488766,0.0012869871794233226,9,6321.7290198255,0.001289,0.0004416632664288045
0,26,3,0,0,1,4,e,6195.9809139114805,0.001308802124081406,5,6195.9806493068,0.001311,0.0002646046805239166
0,26,3,1,1,0,4,f,4549.156382780173,0.002003569314997612,1,4549.1561417798,0.00201,0.00024100037262542173
0,26,3,1,1,1,1,e,7330.946725265583,0.0014514785565071225,2,7330.9459519192,0.001455,0.0007733463835393195
0,26,3,1,1,1,1,f,7331.994972744621,0.0011839915540239297,2,7331.9942015031,0.001202,0.0007712415208516177
0,26,3,1,1,1,2,e,7127.046575265583,0.0014514785565071225,2,7127.0458019192,0.001455,0.0007733463826298248
0,26,3,1,1,1,3,e,6956.999775265583,0.0014514785565071225,2,6956.9990019192,0.001455,0.0007733463826298248
0,26,3,1,1,1,4,e,6796.219015716271,0.0014514785565071225,1,6796.218308638,0.001455,0.0007070782712617074
0,26,3,1,1,1,4,f,6797.085324400692,0.0011839915540239297,1,6797.0845592053,0.001202,0.0007651953919776133
0,26,4,0,0,1,2,e,7819.904370775916,0.001571730256755274,3,7819.9041546023,0.001573,0.00021617361562675796
0,26,4,0,0,1,3,e,7647.743067706794,0.001571730256755274,2,7647.742815883,0.001573,0.000251823794314987
0,26,4,0,0,1,4,e,7519.512832069682,0.001571730256755274,3,7519.512571894,0.001573,0.0002601756823423784
0,26,4,0,0,1,5,e,7373.089224734593,0.0015717359829182508,1,7373.0889734384,0.001573,0.00025129619280050974
0,26,4,1,1,1,2,e,8501.374834814895,0.0014519263066698667,1,8501.3739952003,0.001457,0.0008396145949518541
0,26,4,1,1,1,3,e,8305.993525265583,0.0014514785565071225,2,8305.9927519192,0.001455,0.0007733463826298248
0,26,4,1,1,1,3,f,8306.967321088554,0.001185342144699158,1,8306.9665438009,0.001203,0.0007772876542730955
0,26,4,1,1,1,4,e,8137.592575265583,0.0014514785565071225,2,8137.5918019192,0.001455,0.0007733463826298248
0,26,4,1,1,1,4,f,8138.537524400692,0.0011839915540239297,1,8138.5367592053,0.001202,0.0007651953919776133
0,26,4,1,1,1,5,e,7964.606888050702,0.0014192568477904201,1,7964.6061195276,0.001429,0.0007685231021241634
0,27,0,0,0,0,1,e,269.7768247345923,0.0012125815436497456,112,269.7765734384,0.001215,0.000251296192288919
0,27,0,0,0,1,1,e,2590.088597618067,0.00013892084076912292,5,2590.088282219,0.0002166,0.00031539906694888487
0,27,0,0,0,2,1,e,4885.862448707532,0.00032293962283993583,4,4885.8622078949,0.0003632,0.00024081263200059766
0,27,0,0,0,3,1,e,7157.125932950651,0.0010071196552545283,4,7157.125692138,0.001021,0.0002408126510999864
0,27,0,1,1,0,1,e,929.7912348148939,0.0010526585391284298,40,929.7903952003,0.00106,0.0008396145938149857
0,27,0,1,1,0,1,f,930.1845210885546,0.0006364243867106288,43,930.1837438009,0.0006685,0.000777287654614156
0,27,0,1,1,1,1,e,3237.8127117648173,0.0012603317023704512,2,3237.8118108881,0.001277,0.0009008767174236709
0,27,0,1,1,1,1,f,3238.195023875141,0.001451788552097033,2,3238.1946019141,0.001455,0.00042196104095637565
0,27,0,1,1,2,1,e,5521.322486764818,0.0008236722649209452,2,5521.3215858881,0.00324,0.0009008767174236709
0,27,0,1,1,2,1,f,5521.69213131896,0.0010943902411845602,2,5521.6908229436,0.001099,0.001308375359258207
0,27,0,1,1,3,1,e,7780.348256764818,0.0012603317023704512,2,7780.3473558881,0.001277,0.0009008767183331656
0,27,0,1,1,3,1,f,7780.714178875141,0.001451788552097033,2,7780.7137569141,0.001455,0.00042196104186587036
0,27,0,2,2,0,1,e,1590.600480526371,0.005062608023538856,8,1590.5994159793,0.00508,0.0010645470711097005
0,27,0,2,2,0,1,f,1590.600234681311,0.005008991914547277,8,1590.6002194108,0.005009,1.5270510857590125e-05
0,27,0,2,2,1,1,e,3886.3406099638155,0.005212485011968861,1,3886.3426159055,0.005213,-0.0020059416847288958
0,27,0,2,2,1,1,f,3886.343420366602,0.005107837115648854,1,3886.3417313402,0.005108,0.0016890264018911694
0,27,0,2,2,3,1,e,8404.40168078712,0.005196152422706632,2,8404.4030540067,0.005196,-0.001373219580273144
0,27,0,2,2,3,1,f,8404.404904816143,0.005107837115648854,2,8404.4026942434,0.005108,0.0022105727439338807
0,27,1,0,0,0,1,e,1625.7987769141637,0.0012136156722785019,11,1625.7986320408,0.001216,0.00014487336375168525
0,27,1,0,0,0,2,e,1514.2159607954636,0.0012136156722785019,18,1514.215683916,0.001216,0.00027687946362675575
0,27,1,0,0,1,1,e,3923.1189711714655,0.00032293962283993583,9,3923.1187242952,0.0003632,0.0002468762654643797
0,27,1,0,0,1,2,e,3814.8337002441986,0.00032293962283993583,9,3814.8334605087,0.0003632,0.00023973549832589924
0,27,1,0,0,2,1,e,6196.134910450651,0.0010071196552545283,2,6196.134669638,0.001021,0.0002408126510999864
0,27,1,0,0,2,2,e,6090.822627950651,0.0010071196552545283,4,6090.822387138,0.001021,0.0002408126510999864
0,27,1,0,0,3,1,e,8444.893668366924,0.0010108407391869402,3,8444.8933668535,0.001024,0.00030151342434692197
0,27,1,0,0,3,2,e,8342.197425450651,0.002003569314997612,2,8342.197184638,0.00201,0.0002408126510999864
0,27,1,1,1,0,1,e,2306.2386504506508,0.0010071196552545283,2,2306.238409638,0.001021,0.00024081265064523905
0,27,1,1,1,0,1,f,2306.886914734592,0.0015717359829182508,1,2306.8866634384,0.001573,0.0002512961923457624
0,27,1,1,1,0,2,e,2154.686849372906,0.0010072189434278925,2,2154.6860711691,0.001021,0.0007782038060213381
0,27,1,1,1,0,2,f,2155.2322487266424,0.0007038721474813448,2,2155.2315377699,0.000733,0.0007109567422958207
0,27,1,1,1,1,1,e,4591.333364587753,0.0008288160230111384,2,4591.3324287402,0.0008537,0.0009358475526823895
0,27,1,1,1,1,1,f,4591.949552627986,0.0010943902411845602,5,4591.9491288683,0.001099,0.00042375968587293755
0,27,1,1,1,1,2,e,4442.971126176051,0.0008236722649209452,5,4442.9702263579,0.0008487,0.0008998181510833092
0,27,1,1,1,1,2,f,4443.508861514315,0.0010943902411845602,5,4443.5084377546,0.001099,0.000423759714976768
0,27,1,1,1,2,1,e,6852.122682780173,0.0010071196552545283,1,6852.1224417798,0.001021,0.00024100037262542173
0,27,1,1,1,2,1,f,6852.708024734592,0.0015717359829182508,1,6852.7077734384,0.001573,0.00025129619189101504
0,27,1,1,1,2,2,e,6706.68960632676,0.0010071196552545283,6,6706.6887909964,0.001021,0.0008153303606377449
0,27,1,1,1,2,2,f,6707.220236580571,0.001451788552097033,4,6707.2198038097,0.001455,0.00043277087024762295
0,27,1,2,2,1,1,e,5255.826345787119,0.005107837115648854,2,5255.8263949621,0.005108,-4.9174980631505605e-05
0,27,1,2,2,1,1,f,5255.835809816144,0.005017967716117752,2,5255.8335992434,0.005018,0.0022105727439338807
0,27,1,2,2,1,2,e,5076.803356475191,0.005107837115648854,4,5076.8047780676,0.005108,-0.0014215924084055587
0,27,1,2,2,1,2,f,5076.804947476694,0.005017967716117752,4,5076.8037799966,0.005018,0.0011674800944092567
0,27,1,2,2,2,1,e,7504.299221088554,0.001185342144699158,1,7504.2984438009,0.001203,0.0007772876542730955
0,27,1,2,2,2,2,e,7328.314751610423,0.005196152422706632,1,7328.3154921078,0.005196,-0.0007404973775919643
0,27,1,2,2,2,2,f,7328.316380366602,0.005107837115648854,1,7328.3146913402,0.005108,0.0016890264023459167
0,27,2,0,0,0,1,e,3008.815330450651,0.0010071196552545283,2,3008.815089638,0.001021,0.0002408126510999864
0,27,2,0,0,0,2,e,2855.239435450651,0.0010071196552545283,2,2855.239194638,0.001021,0.0002408126510999864
0,27,2,0,0,0,3,e,2743.263815450651,0.0010071196552545283,2,2743.263574638,0.001021,0.00024081265064523905
0,27,2,0,0,1,1,e,5282.395904572519,0.00011995832609702421,6,5282.3956635612,0.0002049,0.00024101131839415757
0,27,2,0,0,1,2,e,5134.33989771804,0.00023300214591286494,12,5134.3396368348,0.0002862,0.0002608832401165273
0,27,2,0,0,1,3,e,5023.32776749289,0.00011995832609702421,11,5023.3275277193,0.0002049,0.0002397735906924936
0,27,2,0,0,2,1,e,7531.799638121129,0.0010072189434278925,1,7531.7993974961,0.001021,0.00024062502870947355
0,27,2,0,0,2,2,e,7389.1924002421165,0.0010071196552545283,3,7389.1921290791,0.001021,0.00027116301680507604
0,27,2,0,0,2,3,e,7278.668241356235,0.0010083645174241308,3,7278.668897038,0.001022,-0.0006556817652381142
0,27,2,1,1,0,2,e,3520.946852744229,0.00032293962283993583,4,3520.9466119315,0.0003632,0.00024081272931653075
0,27,2,1,1,0,3,e,3367.249252780173,0.0010071196552545283,1,3367.2490117798,0.001021,0.00024100037262542173
0,27,2,1,1,1,1,e,5963.081691495279,0.0007857073246444887,4,5963.0804881595,0.0008119,0.0012033357788823196
0,27,2,1,1,1,1,f,5963.9565408636,0.0010660712921751528,3,5963.9560798359,0.001073,0.00046102770011202665
0,27,2,1,1,1,2,e,5787.22436739193,0.0007681380084333803,5,5787.2234930003,0.0007949,0.0008743916305320454
0,27,2,1,1,1,2,f,5787.942283606694,0.0010547938187152974,4,5787.9416481777,0.00106,0.0006354289944283664
0,27,2,1,1,1,3,e,5635.390572467203,0.0007694387564972275,4,5635.3896769168,0.0007961,0.0008955504026744165
0,27,2,1,1,1,3,f,5636.11741193612,0.0010541774044248908,4,5636.1169899751,0.001059,0.0004219610200379975
0,27,2,1,1,2,2,e,8029.174182780173,0.0010071196552545283,1,8029.1739417798,0.001021,0.00024100037353491643
0,27,2,1,1,2,3,e,7878.919882780173,0.0010071196552545283,1,7878.9196417798,0.001021,0.00024100037262542173
0,27,3,0,0,0,2,e,4220.259762780172,0.00032293962283993583,1,4220.2595217798,0.0003632,0.00024100037262542173
0,27,3,0,0,0,3,e,4080.444706092853,0.00032293962283993583,4,4080.4443184653,0.0003632,0.00038762755275456584
0,27,3,0,0,1,1,e,6660.815082780173,0.0010071196552545283,1,6660.8148417798,0.001021,0.00024100037262542173
0,27,3,0,0,1,2,e,6475.649957532756,0.0005726168003123903,6,6475.6497167201,0.0005962,0.0002408126565569546
0,27,3,0,0,1,3,e,6340.799041321479,0.0003452520818184881,7,6340.7987663718,0.0003831,0.0002749496788965189
0,27,3,0,0,1,4,e,6215.128019742381,0.00032710701612774984,5,6215.1277966718,0.0003669,0.0002230705813417444
0,27,3,1,1,0,4,e,4567.5725827801725,0.002003569314997612,1,4567.5723417798,0.00201,0.00024100037262542173
0,27,3,1,1,1,1,f,7351.252628875141,0.001451788552097033,2,7351.2522069141,0.001455,0.00042196104186587036
0,27,3,1,1,1,2,e,7146.1731567648185,0.0012603317023704512,2,7146.1722558881,0.001277,0.0009008767183331656
0,27,3,1,1,1,2,f,7147.131778875141,0.001451788552097033,2,7147.1313569141,0.001455,0.00042196104095637565
0,27,3,1,1,1,3,e,6976.098041490554,0.0012603317023704512,1,6976.0971755846,0.001277,0.0008659059540150338
0,27,3,1,1,1,3,f,6976.9491288751415,0.001451788552097033,2,6976.9487069141,0.001455,0.00042196104186587036
0,27,3,1,1,1,4,e,6815.365741490555,0.0012603317023704512,1,6815.3648755846,0.001277,0.0008659059549245285
0,27,3,2,2,1,4,e,7426.104032663871,0.005,2,7426.1047446806,0.005,-0.0007120167283574119
0,27,3,2,2,1,4,f,7426.090429265686,0.0051254268114958,2,7426.0876971466,0.005125,0.0027321190864313394
0,27,4,0,0,1,1,e,8053.761082780174,0.0010071196552545283,1,8053.7608417798,0.001021,0.00024100037353491643
0,27,4,0,0,1,2,e,7839.070710326293,0.0010071196552545283,3,7839.0704371629,0.001021,0.0002731633931034594
0,27,4,0,0,1,3,e,7666.826424099355,0.0010072189434278925,2,7666.8261348545,0.001021,0.00028924485468451167
0,27,4,0,0,1,4,e,7538.577751949728,0.0010072189434278925,3,7538.5775110794,0.001021,0.00024087032761599403
0,27,4,0,0,1,5,e,7392.263911428877,0.0010071196552545283,2,7392.2636219963,0.001021,0.0002894325771194417
0,27,4,1,1,1,3,e,8325.087372039081,0.001263699331328461,1,8325.0864361915,0.00128,0.00093584758178622
0,27,4,1,1,1,3,f,8326.13712887514,0.001451788552097033,2,8326.1367069141,0.00159,0.00042196104004688095
0,27,4,1,1,1,4,e,8156.678206764818,0.0012603317023704512,2,8156.6773058881,0.001277,0.0009008767183331656
0,27,4,1,1,1,4,f,8157.697278875141,0.001451788552097033,2,8157.6968569141,0.001455,0.00042196104095637565
0,27,4,1,1,1,5,f,7984.985542780173,0.0014192568477904201,1,7984.9853017798,0.001429,0.00024100037353491643
0,27,5,0,0,1,5,e,8724.244161387403,0.0010084636830347436,1,8724.2438845457,0.001022,0.0002768417034531012
0,28,0,0,0,0,1,e,289.7550381211288,0.00012037441588643328,112,289.7547974961,0.0002052,0.00024062502876631697
0,28,0,0,0,1,1,e,2609.9097778351547,0.001212585254734693,9,2609.9095264801,0.001215,0.00025135505484286114
0,28,0,0,0,2,1,e,4905.526742951786,0.001249141305057198,4,4905.5264932822,0.001251,0.0002496695860827458
0,28,0,0,0,3,1,e,7176.63329531417,0.0015717359829182508,4,7176.6329102228,0.001573,0.00038509136993525317
0,28,0,1,1,0,1,e,949.7921720390801,0.0007726163342824171,36,949.7912361915,0.0007992,0.0009358475800809174
0,28,0,1,1,0,1,f,950.2147938374088,0.001053996204926754,43,950.2144312952,0.001061,0.0003625422087907282
0,28,0,1,1,1,1,e,3257.658320819917,0.0014519263066698667,2,3257.657491231,0.001457,0.0008295889169858128
0,28,0,1,1,1,1,f,3258.0696707191455,0.001185342144699158,2,3258.06884916,0.001203,0.000821559145606443
0,28,0,1,1,2,1,e,5541.015024814894,0.0010945729760961577,1,5541.0141852003,0.001102,0.0008396145940423594
0,28,0,1,1,2,1,f,5541.408952588262,0.0007035879475943288,2,5541.4075490325,0.0007327,0.0014035557614988647
0,28,0,1,1,3,1,e,7799.882875819914,0.0014519263066698667,2,7799.882046231,0.001457,0.0008295889147120761
0,28,0,1,1,3,1,f,7800.275655719146,0.001185342144699158,2,7800.27483416,0.001305,0.0008215591460611904
0,28,0,2,2,0,1,e,1610.6522616104226,0.005099019513592785,10,1610.6530021078,0.005099,-0.0007404973773645906
0,28,0,2,2,0,1,f,1610.6558992656858,0.005026927491022722,10,1610.6531671466,0.005027,0.0027321190857492184
0,28,0,2,2,1,1,e,3906.234010526371,0.005160426338976268,1,3906.2329459793,0.005178,0.0010645470711097005
0,28,0,2,2,1,1,f,3906.243774681311,0.005107837115648854,1,3906.2437594108,0.005108,1.52705110849638e-05
0,28,0,2,2,3,1,e,8423.990568324534,0.005160426338976268,2,8423.9899749226,0.005178,0.0005934019336564234
0,28,0,2,2,3,1,f,8423.991510981145,0.005107837115648854,2,8423.9912408587,0.005108,0.0002701224439078942
0,28,1,0,0,0,1,e,1645.8049598250552,0.00014764484413619055,10,1645.8046279613,0.0002223,0.00033186375526383927
0,28,1,0,0,0,2,e,1534.1821613874042,0.0001303802132227126,13,1534.1818845457,0.0002112,0.00027684170413522224
0,28,1,0,0,1,1,e,3942.966334589507,0.001249141305057198,7,3942.9660888398,0.001251,0.0002457497071191028
0,28,1,0,0,1,2,e,3834.646795958443,0.001249141305057198,10,3834.6465456879,0.001251,0.0002502705428923946
0,28,1,0,0,2,1,e,6215.821924734592,0.0015717359829182508,1,6215.8216734384,0.001573,0.00025129619280050974
0,28,1,0,0,2,2,e,6110.48249531417,0.0015717359829182508,4,6110.4822456445,0.001573,0.00024966966975625837
0,28,1,0,0,3,1,e,8464.421360357755,0.0015725339423999726,3,8464.4208458384,0.001574,0.0005145193554199068
0,28,1,0,0,3,2,e,8361.70592853775,0.0015725339423999726,4,8361.7056706684,0.001574,0.00025786935111682396
0,28,1,1,1,0,1,e,2326.248610893749,0.00157179960554773,1,2326.2483628506,0.001574,0.00024804314898574376
0,28,1,1,1,0,1,f,2326.9449881211285,0.0010072189434278925,1,2326.9447474961,0.001021,0.00024062502870947355
0,28,1,1,1,0,2,e,2174.677513526824,0.0008317667942398277,2,2174.6766327023,0.0008565,0.0008808245238469681
0,28,1,1,1,0,2,f,2175.2629981211285,0.0010072189434278925,1,2175.2627574961,0.001021,0.0002406250282547262
0,28,1,1,1,1,1,e,4611.188475646973,0.00109516665398468,5,4611.1875744396,0.001104,0.0009012073724079528
0,28,1,1,1,1,1,f,4611.850006365224,0.0007035879475943288,7,4611.8491799252,0.0007327,0.0008264400239568204
0,28,1,1,1,1,2,e,4462.810777385559,0.0010945729760961577,8,4462.8099477966,0.001102,0.0008295889592773165
0,28,1,1,1,1,2,f,4463.387958065046,0.0007035879475943288,7,4463.3871316251,0.0007327,0.0008264399466497707
0,28,1,1,1,2,1,e,6871.82113781417,0.0015717359829182508,2,6871.8208881445,0.001573,0.00024966966975625837
0,28,1,1,1,2,1,f,6872.449838121129,0.0010072189434278925,1,6872.4495974961,0.001021,0.00024062502870947355
0,28,1,1,1,2,2,e,6726.376104818625,0.0014519263066698667,5,6726.3749307183,0.001459,0.0011741003254428506
0,28,1,1,1,2,2,f,6726.946367661993,0.0010072189434278925,4,6726.9457024043,0.001021,0.0006652576921624132
0,28,1,2,2,1,1,e,5275.735463324535,0.005071488933242388,2,5275.7348699226,0.005089,0.0005934019345659181
0,28,1,2,2,1,1,f,5275.744550981147,0.005017967716117752,2,5275.7442808587,0.005018,0.0002701224466363783
0,28,1,2,2,1,2,e,5096.712953186921,0.005071488933242388,4,5096.7114174947,0.005089,0.0015356922212959034
0,28,1,2,2,1,2,f,5096.711941715092,0.005017967716117752,4,5096.7121844933,0.005018,-0.00024277820830320707
0,28,2,0,0,0,1,e,3028.854102814171,0.0015717359829182508,2,3028.8538531445,0.001573,0.0002496696706657531
0,28,2,0,0,0,2,e,2875.203217814171,0.0015717359829182508,2,2875.2029681445,0.001573,0.0002496696706657531
0,28,2,0,0,0,3,e,2763.2403078141706,0.0015717359829182508,2,2763.2400581445,0.001573,0.0002496696706657531
0,28,2,0,0,1,1,e,5302.277556740264,0.0012126227772889639,9,5302.2773070691,0.001215,0.0002496711640560534
0,28,2,0,0,1,2,e,5154.145818245537,0.0012126227772889639,11,5154.1455669407,0.001215,0.0002513048375476501
0,28,2,0,0,1,3,e,5043.155902909097,0.0012126227772889639,11,5043.1556525922,0.001215,0.00025031689710885985
0,28,2,0,0,2,1,e,7551.524634814894,0.0014519263066698667,1,7551.5237952003,0.001457,0.0008396145940423594
0,28,2,0,0,2,2,e,7408.838716384278,0.00157179960554773,3,7408.8383956486,0.001574,0.00032073567763291067
0,28,2,0,0,2,3,e,7298.347322921828,0.0015717359829182508,5,7298.3470647272,0.001573,0.00025819462825893424
0,28,2,1,1,0,2,e,3540.927763135271,0.001249141305057198,4,3540.9278715384,0.001251,-0.00010840312870641355
0,28,2,1,1,0,3,e,3387.2416747345924,0.0015717359829182508,1,3387.2414234384,0.001573,0.0002512961923457624
0,28,2,1,1,1,1,e,5982.952649971947,0.001066906743815972,3,5982.9518226068,0.001076,0.0008273651465060539
0,28,2,1,1,1,1,f,5983.891826138012,0.0006677843963436103,4,5983.8906909074,0.0006984,0.0011352306119079003
0,28,2,1,1,1,2,e,5807.051606500877,0.0010534182455226413,5,5807.0507730593,0.001061,0.0008334415770150372
0,28,2,1,1,1,2,f,5807.822792761215,0.000644310484161169,4,5807.8219271784,0.000676,0.0008655828150949674
0,28,2,1,1,1,3,e,5655.234556385566,0.001050947191822691,6,5655.2337297997,0.001062,0.0008265858659797232
0,28,2,1,1,1,3,f,5656.014550738949,0.0006392464313549197,4,5656.0137359228,0.0006711,0.0008148161487042671
0,28,3,0,0,0,2,e,4240.260154734593,0.001249141305057198,1,4240.2599034384,0.001251,0.00025129619280050974
0,28,3,0,0,0,3,e,4100.373659052702,0.001249141305057198,4,4100.3734093831,0.001251,0.00024966960245365044
0,28,3,0,0,1,1,e,6680.727424734592,0.0015717359829182508,1,6680.7271734384,0.001573,0.00025129619189101504
0,28,3,0,0,1,2,e,6495.490048804829,0.001335647408562604,6,6495.4897991352,0.001338,0.0002496696288289968
0,28,3,0,0,1,3,e,6360.573478113052,0.0012390976555542344,9,6360.5737612118,0.001252,-0.0002830987477864255
0,28,3,0,0,1,4,e,6234.982545334501,0.0012501451915677634,5,6234.9823005991,0.001252,0.00024473540088365553
0,28,3,1,1,0,4,e,4587.570224734593,0.0023388787912159963,1,4587.5699734384,0.00234,0.00025129619280050974
0,28,3,1,1,1,1,e,7370.012575819915,0.0014519263066698667,2,7370.011746231,0.0015,0.0008295889147120761
0,28,3,1,1,1,1,f,7371.223121088554,0.001185342144699158,1,7371.2223438009,0.001203,0.0007772876542730955
0,28,3,1,1,1,2,f,7167.039305719146,0.001185342144699158,2,7167.03848416,0.001203,0.0008215591460611904
0,28,3,1,1,1,3,e,6995.904134814894,0.0014519263066698667,1,6995.9032952003,0.001457,0.0008396145940423594
0,28,3,1,1,1,3,f,6996.817605719146,0.001185342144699158,2,6996.81678416,0.001203,0.0008215591460611904
0,28,3,1,1,1,4,f,6836.220521088554,0.001185342144699158,1,6836.2197438009,0.001203,0.0007772876542730955
0,28,3,2,2,1,4,e,7446.0305261227,0.005177837386399848,2,7446.030403866,0.005195,0.00012225670070620254
0,28,3,2,2,1,4,f,7446.011479687238,0.005,3,7446.0109650064,0.005,0.000514680838023196
0,28,4,0,0,1,2,e,7858.947750893749,0.00157179960554773,1,7858.9475028506,0.001574,0.0002480431485309964
0,28,4,0,0,1,3,e,7686.6166508937495,0.00157179960554773,1,7686.6164028506,0.001574,0.0002480431494404911
0,28,4,0,0,1,4,e,7558.3475121412675,0.0015717359829182508,3,7558.3472534017,0.001573,0.0002587395674709114
0,28,4,0,0,1,5,e,7412.14913781417,0.0015717359829182508,2,7412.1488881445,0.001573,0.00024966966975625837
0,28,4,1,1,1,2,f,8541.677221088554,0.001185342144699158,1,8541.6764438009,0.001203,0.0007772876542730955
0,28,4,1,1,1,3,e,8344.887625819916,0.0014519263066698667,2,8344.886796231,0.001687,0.0008295889165310655
0,28,4,1,1,1,3,f,8346.015021088555,0.001185342144699158,1,8346.0142438009,0.001203,0.0007772876542730955
0,28,4,1,1,1,4,e,8176.472575819914,0.0014519263066698667,2,8176.471746231,0.001457,0.0008295889138025814
0,28,4,1,1,1,4,f,8177.565605719145,0.001185342144699158,2,8177.5647841601,0.001203,0.0008215590451072785
0,29,0,0,0,0,1,e,310.446350893749,0.0012126640095261342,109,310.4461028506,0.001215,0.00024804314898574376
0,29,0,0,0,1,1,e,2630.4379253230595,0.00012041179344233687,9,2630.4376866419,0.0002052,0.00023868115931691136
0,29,0,0,0,2,1,e,4925.89214825339,0.0003232491299292235,4,4925.8919099076,0.0003634,0.0002383457895120955
0,29,0,0,0,3,1,e,7196.835966615518,0.0010072189434278925,3,7196.8357290295,0.001021,0.00023758601855661254
0,29,0,1,1,0,1,e,970.5077168249402,0.001053275842312924,47,970.5068972617,0.001062,0.00081956324015664
0,29,0,1,1,0,1,f,970.9605903497356,0.0006430676480744463,41,970.9597245192,0.0006748,0.0008658305356448182
0,29,0,1,1,1,1,e,3278.213094947665,0.001263699331328461,2,3278.2121489066,0.00196,0.0009460410651627171
0,29,0,1,1,1,1,f,3278.6521666553353,0.001451932505318343,2,3278.6518413705,0.001458,0.000325284835525963
0,29,0,1,1,2,1,e,5561.405194947664,0.0008288160230111384,2,5561.4042489066,0.001484,0.0009460410647079698
0,29,0,1,1,2,1,f,5561.831532299463,0.0010945811984498911,3,5561.833471344,0.001105,-0.001939044536811707
0,29,0,1,1,3,1,e,7820.11444785625,0.0012662685339216164,1,7820.1134916218,0.001283,0.0009562344503137865
0,29,0,1,1,3,1,f,7820.534826655334,0.001451932505318343,2,7820.5345013705,0.001458,0.0003252848337069736
0,29,0,2,2,0,1,e,1631.4205561227004,0.005080354318352216,9,1631.420433866,0.005098,0.00012225670047882886
0,29,0,2,2,0,1,f,1631.4226872809818,0.005026927491022722,10,1631.4221623066,0.005027,0.0005249743817330454
0,29,0,2,2,1,1,e,3926.8458416104227,0.005196152422706632,1,3926.8465821078,0.005196,-0.000740497377137217
0,29,0,2,2,1,1,f,3926.849479265686,0.0051254268114958,1,3926.8467471466,0.005125,0.002732119085976592
0,29,1,0,0,0,1,e,1666.525184129541,0.0012136156722785019,8,1666.5248270476,0.001216,0.0003570819410469994
0,29,1,0,0,0,2,e,1554.860679141822,0.0012136156722785019,15,1554.8604361828,0.001216,0.00024295902198900876
0,29,1,0,0,1,1,e,3963.521618981369,0.0003232491299292235,8,3963.5214031896,0.0003634,0.00021579176927843946
0,29,1,0,0,1,2,e,3855.1662286295086,0.0003232491299292235,8,3855.1660792337,0.0003634,0.00014939580842110445
0,29,1,0,0,2,1,e,6236.212179491921,0.0010072189434278925,2,6236.2119411461,0.001021,0.00023834582134441007
0,29,1,0,0,2,2,e,6130.843816991921,0.0010072189434278925,4,6130.8435786461,0.001021,0.00023834582134441007
0,29,1,0,0,3,1,e,8484.649529491922,0.002003619225302053,2,8484.6492911461,0.00201,0.00023834582316339947
0,29,1,0,0,3,2,e,8381.909887751131,0.0010084636830347436,3,8381.9096652293,0.001022,0.0002225218322564615
0,29,1,1,1,0,1,e,2346.972340862714,0.0010072278788834234,1,2346.9721047962,0.001021,0.00023606651438967674
0,29,1,1,1,0,1,f,2347.719310893749,0.00157179960554773,1,2347.7190628506,0.001574,0.00024804314898574376
0,29,1,1,1,0,2,e,2195.3841320763404,0.0010072278788834234,2,2195.3822417008,0.001021,0.0018903755403698597
0,29,1,1,1,0,2,f,2196.009600893749,0.00157179960554773,1,2196.0093528506,0.001574,0.00024804314898574376
0,29,1,1,1,1,1,e,4631.750632950334,0.0008288160230111384,7,4631.749717769,0.0008537,0.0009151813337666681
0,29,1,1,1,1,1,f,4632.459506871528,0.0010945811984498911,4,4632.4591843154,0.001102,0.00032255612768494757
0,29,1,1,1,1,2,e,4483.357050843357,0.0008288160230111384,6,4483.3561033747,0.0008537,0.0009474686567045865
0,29,1,1,1,1,2,f,4483.975154277139,0.0010945811984498911,8,4483.9748289923,0.001102,0.0003252848391639418
0,29,1,1,1,2,1,e,6892.221620862713,0.0010072278788834234,1,6892.2213847962,0.001021,0.0002360665130254347
0,29,1,1,1,2,1,f,6892.896550893749,0.00157179960554773,1,6892.8963028506,0.001574,0.0002480431494404911
0,29,1,1,1,2,2,e,6746.764889795749,0.0010072189434278925,6,6746.7641796531,0.001021,0.0007101426490407903
0,29,1,1,1,2,2,f,6747.375560927978,0.001451932505318343,3,6747.3752480623,0.001458,0.00031286567809729604
0,29,1,2,2,1,1,e,5296.354191610422,0.005107837115648854,1,5296.3549321078,0.005108,-0.0007404973775919643
0,29,1,2,2,1,1,f,5296.36862589332,0.005035871324805669,2,5296.3650022254,0.005036,0.0036236679206922418
0,29,1,2,2,1,2,e,5117.334082436107,0.005107837115648854,4,5117.3348229335,0.005108,-0.0007404973930533743
0,29,1,2,2,1,2,f,5117.33687914859,0.005035871324805669,3,5117.3349649643,0.005036,0.0019141842903991346
0,29,1,2,2,2,1,f,7544.526793837409,0.0014528964175053911,1,7544.5264312952,0.001458,0.00036254220867704134
0,29,2,0,0,0,1,e,3049.6083894919216,0.0010072189434278925,2,3049.6081511461,0.001021,0.00023834582134441007
0,29,2,0,0,0,2,e,2895.8793794919216,0.0010072189434278925,2,2895.8791411461,0.001021,0.00023834582134441007
0,29,2,0,0,0,3,e,2783.9296194919216,0.0010072189434278925,2,2783.9293811461,0.001021,0.00023834582179915742
0,29,2,0,0,1,1,e,5322.8684105665,0.00012078907235342112,10,5322.8681779835,0.0002054,0.00023258300007000798
0,29,2,0,0,1,2,e,5174.6581403784385,0.00012078907235342112,8,5174.6578759524,0.0002066,0.0002644260384840891
0,29,2,0,0,1,3,e,5063.6909307554515,0.00012086355943790503,7,5063.6906946385,0.0002054,0.0002361169517826056
0,29,2,0,0,2,2,e,7429.187899257081,0.0010072189434278925,3,7429.1876838142,0.001021,0.0002154428811991238
0,29,2,0,0,2,3,e,7318.729538750932,0.0010072189434278925,2,7318.7293111335,0.001021,0.00022761743184673833
0,29,2,1,1,0,2,e,3561.6224774277007,0.0003232491299292235,4,3561.6222390819,0.0003634,0.00023834580088077928
0,29,2,1,1,0,3,e,3407.9456981211288,0.0010072189434278925,1,3407.9454574961,0.001021,0.00024062502870947355
0,29,2,1,1,1,1,e,6003.530391260361,0.0007997099474184373,2,6003.5294350259,0.0008254,0.0009562344612277229
0,29,2,1,1,1,1,f,6004.537113495691,0.0010734095211055285,4,6004.5370237334,0.001084,8.976229128165869e-05
0,29,2,1,1,1,2,e,5827.585122805766,0.0007736510841458181,4,5827.5841819274,0.0008002,0.000940878366236575
0,29,2,1,1,1,2,f,5828.4113306528425,0.0010534267891030681,6,5828.4110212243,0.001062,0.00030942854209570214
0,29,2,1,1,1,3,e,5675.785114363801,0.0007757808969032428,6,5675.784176589,0.0008023,0.0009377748010592768
0,29,2,1,1,1,3,f,5676.620302930549,0.0010509557554911624,5,5676.6199858884,0.001064,0.00031704214870842407
0,29,2,1,1,2,2,e,8069.215338121129,0.0010072189434278925,1,8069.2150974961,0.001021,0.00024062502961896826
0,29,3,0,0,0,2,e,4260.971178121128,0.0003232491299292235,1,4260.9709374961,0.0003634,0.00024062502779997885
0,29,3,0,0,0,3,e,4121.013661235042,0.0003232491299292235,4,4121.0134228893,0.0003634,0.0002383457413088763
0,29,3,0,0,1,1,e,6701.350479491922,0.0010072189434278925,2,6701.3502411461,0.001021,0.00023834582134441007
0,29,3,0,0,1,2,e,6516.037949848363,0.0005727914105501233,6,6516.0377115026,0.0005964,0.00023834576222725445
0,29,3,0,0,1,3,e,6381.055179908547,0.0005727914105501233,7,6381.0548189158,0.0005964,0.0003609927471188712
0,29,3,0,0,1,4,e,6255.545884924875,0.00032710701612774984,5,6255.545664032,0.0003669,0.00022089287540438818
0,29,3,1,1,0,4,e,4608.283338121129,0.002003619225302053,1,4608.2830974961,0.00201,0.00024062502961896826
0,29,3,1,1,1,1,f,7391.906276655335,0.001451932505318343,2,7391.9059513705,0.001458,0.000325284835525963
0,29,3,1,1,1,2,e,7186.55337203908,0.001263699331328461,1,7186.5524361915,0.00128,0.0009358475799672306
0,29,3,1,1,1,3,e,7016.415809947665,0.001263699331328461,2,7016.4148639066,0.00128,0.0009460410656174645
0,29,3,1,1,1,3,f,7017.3929938374085,0.0014528964175053911,1,7017.3926312952,0.001458,0.00036254220867704134
0,29,3,1,1,1,4,f,6856.854893837409,0.0014528964175053911,1,6856.8545312952,0.001458,0.00036254220867704134
0,29,3,2,2,1,4,e,7466.66582528014,0.00521344415909483,1,7466.6665657776,0.005213,-0.0007404974603559822
0,29,4,0,0,1,1,e,8094.363738121129,0.0010072189434278925,1,8094.3634974961,0.001021,0.00024062502961896826
0,29,4,0,0,1,2,e,7879.531259120924,0.0010072189434278925,2,7879.5309333495,0.001021,0.0003257714242863585
0,29,4,0,0,1,3,e,7707.112873457084,0.0010072189434278925,3,7707.1126222793,0.001021,0.0002511777838662965
0,29,4,0,0,1,4,e,7578.823014937994,0.0010072189434278925,4,7578.8227729022,0.001021,0.00024203579414461274
0,29,4,0,0,1,5,e,7432.740479491921,0.0010072189434278925,2,7432.7402411461,0.001021,0.00023834582134441007
0,29,4,1,1,1,3,f,8366.606076655335,0.001451932505318343,2,8366.6057513705,0.001458,0.0003252848346164683
0,29,4,1,1,1,4,e,8196.967672039082,0.001263699331328461,1,8196.9667361915,0.00128,0.00093584758178622
0,29,4,1,1,1,4,f,8198.142126655333,0.001451932505318343,2,8198.1418013705,0.001458,0.0003252848327974789
0,29,4,1,1,1,5,f,8025.608816007195,0.0014193336464693564,2,8025.6084341946,0.001993,0.00038181259515113197
0,3,0,0,0,0,1,e,4.283527089930203,0.001213076254816654,87,4.2832597737,0.001215,0.0002673162302029297
0,3,0,0,0,1,1,e,2326.6836381747385,0.00100024996875781,2,2326.6836400751,0.001,-1.9003614397661295e-06
0,3,0,0,0,2,1,e,4624.545453587583,0.00030083217912982643,4,4624.545455488,0.0003008,-1.9004164641955867e-06
0,3,0,0,0,3,1,e,6897.894393896722,0.00100024996875781,3,6897.8943906225,0.001,3.2742218536441214e-06
0,3,0,1,1,0,1,e,663.9913082095469,0.0010669582934679312,33,663.9899452344,0.001138,0.0013629751468897666
0,3,0,1,1,0,1,f,663.994400674491,0.0006566094729746137,33,663.9937012474,0.0006959,0.0006994270909217448
0,3,0,1,1,1,1,e,2974.0808669074936,0.0012605697124713094,2,2974.0804777303,0.001281,0.00038917719348319224
0,3,0,1,1,1,1,f,2974.088553777421,0.0014695577566057078,2,2974.088123504,0.002417,0.0004302734209886694
0,3,0,1,1,3,1,e,7520.75153880333,0.0012605697124713094,1,7520.7513856865,0.001281,0.0001531168300061836
0,3,0,1,1,3,1,f,7520.762749026077,0.0014695577566057078,1,7520.762023765,0.001472,0.0007252610766954604
0,3,0,2,2,0,1,e,1324.112798682502,0.005008991914547277,8,1324.1127087318,0.005009,8.99507019767043e-05
0,3,0,2,2,0,1,f,1324.1135331143453,0.005099019513592785,9,1324.1131393246,0.005099,0.0003937897452033212
0,3,0,2,2,1,1,e,3621.9152777475756,0.005195190083144217,2,3621.914844583,0.005196,0.0004331645754973579
0,3,0,2,2,1,1,f,3621.9141901870858,0.005,3,3621.9140195577,0.005,0.00017062938559320173
0,3,0,2,2,3,1,e,8144.093089536499,0.005195190083144217,3,8144.0926694969,0.005196,0.0004200395987936645
0,3,0,2,2,3,1,f,8144.0923872447875,0.005,4,8144.0922431544,0.005,0.00014409038703888655
0,3,1,0,0,0,1,e,1359.9435704321793,0.0012495815299531279,3,1359.9432182122,0.001252,0.0003522199792769243
0,3,1,0,0,0,2,e,1248.8756416795516,0.0012495815299531279,9,1248.8751984366,0.001252,0.00044324295163278293
0,3,1,0,0,1,1,e,3659.3770617426208,0.00030083217912982643,8,3659.377063643,0.0003008,-1.900379174912814e-06
0,3,1,0,0,1,2,e,3551.528835414111,0.00030083217912982643,6,3551.5288351403,0.0003008,2.738111106737051e-07
0,3,1,0,0,2,1,e,5934.510313174739,0.00100024996875781,2,5934.5103150751,0.001,-1.9003609850187786e-06
0,3,1,0,0,2,2,e,5829.546920674738,0.00100024996875781,4,5829.5469225751,0.001,-1.9003618945134804e-06
0,3,1,0,0,3,1,e,8185.389045608756,0.0010445573225055674,3,8185.3890507665,0.001045,-5.157744453754276e-06
0,3,1,0,0,3,2,e,8082.941998174739,0.002000124996093994,2,8082.9420000751,0.002,-1.9003609850187786e-06
0,3,1,1,1,0,1,e,2040.3281631747382,0.00100024996875781,2,2040.3281650751,0.001,-1.9003618945134804e-06
0,3,1,1,1,0,1,f,2040.3389270899302,0.0015721176800736006,1,2040.3386597737,0.001574,0.00026731623006526206
0,3,1,1,1,0,2,e,1889.0096610087871,0.0010003499387714282,1,1889.009678433,0.001,-1.7424212956029805e-05
0,3,1,1,1,0,2,f,1889.0202990847872,0.0007089682644519429,1,1889.0197785541,0.0007455,0.000520530687253995
0,3,1,1,1,1,1,e,4327.492415301989,0.000824036406962702,4,4327.49188679,0.0008557,0.0005285119896143442
0,3,1,1,1,1,1,f,4327.5028738691635,0.0011178550889985696,4,4327.5024980712,0.001121,0.0003757979638976394
0,3,1,1,1,1,2,e,4179.3210970591845,0.0007218974996493615,5,4179.320376065,0.0007578,0.0007209941841210821
0,3,1,1,1,1,2,f,4179.33122474655,0.0011083320801997928,5,4179.330600761,0.001177,0.0006239855501917191
0,3,1,1,1,2,1,e,6590.354263174739,0.00100024996875781,2,6590.3542650751,0.001,-1.9003609850187786e-06
0,3,1,1,1,2,2,e,6445.0630897267,0.00100024996875781,5,6445.062645283,0.001218,0.00044444369996199384
0,3,1,1,1,2,2,f,6445.070614715818,0.0014911740341086953,3,6445.0717979175,0.001532,-0.0011832016816697433
0,3,1,2,2,1,1,f,4991.24709416322,0.005017967716117752,1,4991.2462596963,0.005018,0.0008344669204234378
0,3,1,2,2,1,2,e,4812.299744919905,0.005106858133921483,4,4812.3001980022,0.005108,-0.00045308229528018273
0,3,1,2,2,1,2,f,4812.2990442908895,0.005017967716117752,4,4812.2997860993,0.005018,-0.0007418084105665912
0,3,1,2,2,2,2,f,7065.861997450828,0.005107837115648854,2,7065.8618234089,0.005187,0.00017404192840331234
0,3,2,0,0,0,1,e,2742.5369431747386,0.00100024996875781,2,2742.5369450751,0.001,-1.9003614397661295e-06
0,3,2,0,0,0,2,e,2589.947098174738,0.00100024996875781,2,2589.9471000751,0.001,-1.9003618945134804e-06
0,3,2,0,0,0,3,e,2477.7740981747384,0.00100024996875781,2,2477.7741000751,0.001,-1.9003614397661295e-06
0,3,2,0,0,1,1,e,5018.207264589622,3.3166247903554e-05,9,5018.2072724411,3.317e-05,-7.851477676013019e-06
0,3,2,0,0,1,2,e,4871.14746286611,2.4494897427831785e-05,9,4871.1474644874,2.449e-05,-1.6212898117373697e-06
0,3,2,0,0,1,3,e,4759.8105136683935,2.4494897427831785e-05,9,4759.8104833144,2.607e-05,3.0353993679455016e-05
0,3,2,0,0,2,3,e,7017.115933734096,0.00100024996875781,2,7017.1158910981,0.001,4.26359956691158e-05
0,3,2,1,1,1,1,e,5699.040465203093,0.0011114117148923704,3,5699.0398683125,0.001135,0.0005968905925328727
0,3,2,1,1,1,1,f,5699.052305365478,0.0014695577566057078,3,5699.0512262129,0.001472,0.0010791525783133693
0,3,2,1,1,1,2,e,5523.749841323866,0.0007698285523413638,4,5523.7496875465,0.0008036,0.0001537773659947561
0,3,2,1,1,1,2,f,5523.761107175582,0.0010785175010170212,4,5523.7603291692,0.001081,0.0007780063815516769
0,3,2,1,1,1,3,e,5371.678441188533,0.0007716449960960026,3,5371.6783019753,0.0008054,0.00013921323261456564
0,3,2,1,1,1,3,f,5371.689670688727,0.0010798147989354472,4,5371.6889453876,0.001083,0.0007253011272041476
0,3,3,0,0,0,3,e,3815.604641008787,0.0010003499387714282,1,3815.604658433,0.001,-1.742421318340348e-05
0,3,3,0,0,1,1,e,6396.230241008787,0.0010003499387714282,1,6396.230258433,0.001,-1.742421318340348e-05
0,3,3,0,0,1,2,e,6212.012896009598,0.0005604462507680821,5,6212.0128440194,0.0005604,5.199019778956426e-05
0,3,3,0,0,1,3,e,6078.001195083119,0.0005606246516163912,6,6078.0011633125,0.0007489,3.177061898895772e-05
0,3,3,0,0,1,4,e,5951.236612452754,0.00100024996875781,3,5951.2366195278,0.001,-7.075045687088277e-06
0,3,3,1,1,1,2,e,6882.58423880333,0.0012605697124713094,1,6882.5840856865,0.001281,0.0001531168300061836
0,3,3,1,1,1,2,f,6882.597063777422,0.0014695577566057078,2,6882.596633504,0.001472,0.00043027342144341674
0,3,3,1,1,1,3,e,6712.904826907493,0.0012605697124713094,2,6712.9044377303,0.001281,0.0003891771930284449
0,3,3,1,1,1,3,f,6712.917613777419,0.0014695577566057078,2,6712.917183504,0.002158,0.00043027341962442733
0,3,3,1,1,1,4,f,6551.49966377742,0.0014695577566057078,2,6551.499233504,0.001472,0.00043027342053392204
0,3,3,2,2,1,4,e,7161.314361033425,0.005195190083144217,1,7161.3132019913,0.005196,0.001159042124527332
0,3,3,2,2,1,4,f,7161.3134625800185,0.005,2,7161.312660208,0.005,0.0008023720183700789
0,3,4,0,0,1,2,e,7574.971977245217,0.00100024996875781,3,7574.9720531266,0.001,-7.588138305436587e-05
0,3,4,0,0,1,3,e,7403.856813174739,0.00100024996875781,2,7403.8568150751,0.001,-1.9003609850187786e-06
0,3,4,0,0,1,4,e,7275.828252825659,0.00100024996875781,3,7275.8282302098,0.001,2.2615859052166343e-05
0,3,4,0,0,1,5,e,7127.98028534069,0.00100024996875781,1,7127.9802717172,0.001,1.3623490303871222e-05
0,3,4,1,1,1,3,e,8061.948738803329,0.0012605697124713094,1,8061.9485856865,0.001281,0.0001531168290966889
0,3,4,1,1,1,4,e,7893.649138803329,0.0012605697124713094,1,7893.6489856865,0.001281,0.0001531168290966889
0,30,0,0,0,0,1,e,331.85002086271425,0.0001204491593993084,118,331.8497847962,0.0002052,0.00023606651421914648
0,30,0,0,0,1,1,e,2651.6734844980756,0.0012126677203587138,8,2651.6732367488,0.001215,0.000247749275786191
0,30,0,0,0,2,1,e,4946.9593194344325,0.0012492213574863344,4,4946.9590727904,0.001251,0.00024664403281349223
0,30,0,0,0,3,1,e,7217.735287255533,0.00157179960554773,4,7217.7350406115,0.001574,0.00024664403281349223
0,30,0,1,1,0,1,e,991.9357478562497,0.0007768114314297903,41,991.9347916218,0.0008033,0.0009562344497453523
0,30,0,1,1,0,1,f,992.4196594732609,0.0010526670888747307,40,992.4193714459,0.001063,0.0002880273609662254
0,30,0,1,1,1,1,e,3299.4734115832803,0.0014523739187963958,2,3299.4725359895,0.001459,0.000875593780165218
0,30,0,1,1,1,1,f,3299.943271220138,0.0011889222009870957,2,3299.9422961394,0.001206,0.0009750807380441984
0,30,0,1,1,2,1,e,5582.5016815832805,0.00109516665398468,2,5582.5008059895,0.001667,0.0008755937806199654
0,30,0,1,1,2,1,f,5582.956843240454,0.0007096027057445595,3,5582.9565606311,0.0007452,0.0002826093541443697
0,30,0,1,1,3,1,e,7841.040981583281,0.0014523739187963958,2,7841.0401059895,0.001459,0.0008755937806199654
0,30,0,1,1,3,1,f,7841.491406220138,0.0011889222009870957,2,7841.4904311394,0.001745,0.000975080737589451
0,30,0,2,2,0,1,e,1652.90275528014,0.005116639522186413,7,1652.9034957776,0.005117,-0.0007404974601286085
0,30,0,2,2,0,1,f,1652.909552520956,0.005044799302251776,6,1652.9085298855,0.005045,0.0010226354559108586
0,30,0,2,2,1,1,e,3948.162401246666,0.005195190083144217,1,3948.1622863533,0.005212,0.00011489336611703038
0,30,0,2,2,1,1,f,3948.164958401489,0.005142956348249517,1,3948.16443621,0.005143,0.0005221914889261825
0,30,0,2,2,3,1,e,8465.263828684685,0.005177837386399848,2,8465.2637101096,0.005195,0.00011857508434331976
0,30,0,2,2,3,1,f,8465.266172841237,0.0051254268114958,2,8465.2656492583,0.005125,0.0005235829376033507
0,30,1,0,0,0,1,e,1687.9588801207196,0.0001303802132227126,6,1687.9584692028,0.0002112,0.000410917919680287
0,30,1,0,0,0,2,e,1576.2511393807367,0.0001303802132227126,14,1576.2509247709,0.0002112,0.0002146098368029925
0,30,1,0,0,1,1,e,3984.785360417808,0.0012492213574863344,6,3984.7851163573,0.001251,0.00024406050806646817
0,30,1,0,0,1,2,e,3876.3928720721956,0.0012492213574863344,10,3876.3926243804,0.001251,0.00024769179572103894
0,30,1,0,0,2,1,e,6257.306750893749,0.00157179960554773,1,6257.3065028506,0.001574,0.0002480431494404911
0,30,1,0,0,2,2,e,6151.906978617318,0.0015718632256020242,2,6151.9067333723,0.001574,0.00024524501804989995
0,30,1,0,0,3,1,e,8505.567904755533,0.0023389215463542165,2,8505.5676581115,0.00234,0.00024664403281349223
0,30,1,0,0,3,2,e,8402.808736996434,0.0015725975327463794,3,8402.808805747,0.001574,-6.875056533317547e-05
0,30,1,1,1,0,1,e,2368.410378617318,0.0015718632256020242,1,2368.4101333723,0.001574,0.00024524501804989995
0,30,1,1,1,0,1,f,2369.208570862714,0.0010072278788834234,1,2369.2083347962,0.001021,0.00023606651438967674
0,30,1,1,1,0,2,e,2216.8029507700544,0.0008317667942398277,2,2216.8003370017,0.001802,0.0026137683544220636
0,30,1,1,1,0,2,f,2217.470508176982,0.0010072278788834234,3,2217.4701070941,0.001021,0.00040108288203555276
0,30,1,1,1,1,1,e,4653.021766770653,0.00109516665398468,4,4653.0211700635,0.001104,0.0005967071529084933
0,30,1,1,1,1,1,f,4653.7798943903435,0.0007096027057445595,6,4653.7788882543,0.0008422,0.0010061360435429378
0,30,1,1,1,1,2,e,4504.612005279509,0.00109516665398468,8,4504.6111296857,0.001104,0.0008755938088143012
0,30,1,1,1,1,2,f,4505.272163509278,0.0007096027057445595,6,4505.2709739906,0.0007987,0.0011895186771653243
0,30,1,1,1,2,1,e,6913.326868778668,0.0014523739187963958,3,6913.3264311615,0.001459,0.0004376171673357021
0,30,1,1,1,2,1,f,6914.0468208627135,0.0010072278788834234,1,6914.0465847962,0.001021,0.0002360665139349294
0,30,1,1,1,2,2,e,6767.856849445377,0.0014523739187963958,5,6767.8560993617,0.001459,0.0007500836763938423
0,30,1,1,1,2,2,f,6768.508491681263,0.0010072278788834234,3,6768.5070571363,0.001211,0.0014345449626489426
0,30,1,2,2,1,1,f,5317.695398401489,0.0050537115073973115,1,5317.69487621,0.005054,0.0005221914889261825
0,30,1,2,2,1,2,e,5138.672968684683,0.00508920425999979,2,5138.6728501096,0.005107,0.00011857508252433036
0,30,1,2,2,1,2,f,5138.670665501398,0.005035871324805669,4,5138.6701418035,0.005036,0.0005236978977336548
0,30,1,2,2,2,1,f,7565.68994785625,0.0012662685339216164,1,7565.6889916218,0.001283,0.0009562344503137865
0,30,1,2,2,2,2,e,7389.674296205344,0.005177837386399848,3,7389.6741293595,0.005195,0.00016684584443282802
0,30,2,0,0,0,1,e,3071.0778397555337,0.00157179960554773,2,3071.0775931115,0.001574,0.00024664403372298693
0,30,2,0,0,0,2,e,2917.2675697555337,0.00157179960554773,2,2917.2673231115,0.001574,0.00024664403372298693
0,30,2,0,0,0,3,e,2805.330978617318,0.0015718632256020242,1,2805.3307333723,0.001574,0.00024524501804989995
0,30,2,0,0,1,1,e,5344.169032374039,0.0012127052403613995,8,5344.1687824616,0.001215,0.0002499124384485185
0,30,2,0,0,1,2,e,5195.877370709099,0.0012127052403613995,9,5195.8771240836,0.001215,0.0002466254982209648
0,30,2,0,0,1,3,e,5084.933331301812,0.0012127052403613995,9,5084.9330846359,0.001215,0.0002466659125275328
0,30,2,0,0,2,2,e,7450.237019606943,0.00157179960554773,3,7450.2367959428,0.001574,0.00022366414304997306
0,30,2,0,0,2,3,e,7339.813559879355,0.0015725339423999726,2,7339.8132953648,0.001574,0.0002645145550559391
0,30,2,1,1,0,2,e,3583.03005406746,0.0012492213574863344,4,3583.0295173677,0.001251,0.000536699759777548
0,30,2,1,1,0,3,e,3429.3655208937494,0.00157179960554773,1,3429.3652728506,0.001574,0.0002480431494404911
0,30,2,1,1,1,1,e,6024.819083498583,0.0010687413157541912,4,6024.8180694774,0.001082,0.0010140211825273582
0,30,2,1,1,1,1,f,6025.894137887069,0.0006677843963436103,3,6025.8940405956,0.0006984,9.729146859172033e-05
0,30,2,1,1,1,2,e,5848.8268720651195,0.0010557973290362124,5,5848.8259892068,0.001065,0.0008828583195281681
0,30,2,1,1,1,2,f,5849.710544554207,0.0006480246908876235,5,5849.7095392655,0.0006795,0.0010052887073470629
0,30,2,1,1,1,3,e,5697.044575435746,0.0010510509026683721,4,5697.0436601842,0.001069,0.0009152515458481503
0,30,2,1,1,1,3,f,5697.936249878686,0.0006545502272553268,3,5697.9351666079,0.0006857,0.001083270785784407
0,30,2,1,1,2,2,e,8090.290850893749,0.00157179960554773,1,8090.2906028506,0.001574,0.0002480431485309964
0,30,3,0,0,0,2,e,4282.397660893748,0.0012492213574863344,1,4282.3974128506,0.001251,0.0002480431485309964
0,30,3,0,0,0,3,e,4142.364794755533,0.0012492213574863344,4,4142.3645481115,0.001251,0.00024664403281349223
0,30,3,0,0,1,1,e,6722.684744755533,0.00157179960554773,2,6722.6844981115,0.001574,0.00024664403281349223
0,30,3,0,0,1,2,e,6537.294397580017,0.0013357222765230802,6,6537.2941509359,0.001338,0.0002466441173964995
0,30,3,0,0,1,3,e,6402.242656374112,0.0013283309075678394,7,6402.2423392925,0.00133,0.000317081611683534
0,30,3,0,0,1,4,e,6276.817824755533,0.00157179960554773,4,6276.8175781115,0.001574,0.00024664403372298693
0,30,3,1,1,0,4,e,4629.710050893749,0.0023389215463542165,1,4629.7098028506,0.00234,0.0002480431494404911
0,30,3,1,1,0,4,f,4630.883120862714,0.002003623717168471,1,4630.8828847962,0.00201,0.0002360665139349294
0,30,3,1,1,1,1,e,7411.91378158328,0.0014523739187963958,2,7411.9129059895,0.001844,0.0008755937797104707
0,30,3,1,1,1,1,f,7413.304490349736,0.0011889222009870957,1,7413.3036245192,0.001206,0.0008658305359858787
0,30,3,1,1,1,2,e,7207.80483158328,0.0014523739187963958,2,7207.8039559895,0.001459,0.0008755937806199654
0,30,3,1,1,1,2,f,7208.983856220138,0.0011889222009870957,2,7208.9828811394,0.001206,0.000975080737589451
0,30,3,1,1,1,3,e,7037.63584634162,0.0014525178140043585,1,7037.6349147173,0.001462,0.0009316243204011698
0,30,3,1,1,1,3,f,7038.680156220137,0.0011889222009870957,2,7038.6791811394,0.001206,0.000975080737589451
0,30,3,1,1,1,4,e,6877.057216824941,0.0014523739187963958,1,6877.0563972617,0.001459,0.000819563240838761
0,30,3,2,2,1,4,e,7488.014331246666,0.005195190083144217,1,7488.0142163533,0.005212,0.00011489336611703038
0,30,3,2,2,1,4,f,7487.991448401489,0.005142956348249517,1,7487.99092621,0.005143,0.0005221914889261825
0,30,4,0,0,1,2,e,7900.826091213538,0.00157179960554773,3,7900.8264350012,0.001574,-0.00034378766122244997
0,30,4,0,0,1,3,e,7728.315256217633,0.00157179960554773,3,7728.3150108019,0.001574,0.00024541573293390684
0,30,4,0,0,1,4,e,7600.0031947555335,0.00157179960554773,2,7600.0029481115,0.001574,0.00024664403372298693
0,30,4,0,0,1,5,e,7454.041894755534,0.00157179960554773,2,7454.0416481115,0.001574,0.00024664403372298693
0,30,4,1,1,1,2,f,8583.695590349736,0.0011889222009870957,1,8583.6947245192,0.001206,0.0008658305359858787
0,30,4,1,1,1,3,e,8386.612116824941,0.0014523739187963958,1,8386.6112972617,0.001459,0.0008195632417482557
0,30,4,1,1,1,3,f,8387.903256220137,0.0011889222009870957,2,8387.9022811394,0.001206,0.0009750807366799563
0,30,4,1,1,1,4,e,8218.175981583281,0.0014523739187963958,2,8218.1751059895,0.001459,0.0008755937815294601
0,30,4,1,1,1,4,f,8219.427906220139,0.0011889222009870957,2,8219.4269311394,0.001206,0.0009750807384989457
0,30,4,1,1,1,5,f,8046.987078617318,0.001862995974230755,1,8046.9868333723,0.001864,0.00024524501804989995
0,31,0,0,0,0,1,e,353.9666386173179,0.001212746469794903,107,353.9663933723,0.001215,0.0002452450179362131
0,31,0,0,0,1,1,e,2673.6157054513333,0.00012048651376813922,7,2673.61546992,0.0002052,0.00023553133314635488
0,31,0,0,0,2,1,e,4968.727722705411,0.0003232769710325806,4,4968.7274773893,0.0003635,0.00024531611143174814
0,31,0,0,0,3,1,e,7239.329765182475,0.0010072278788834234,4,7239.3295198664,0.001021,0.00024531607505196007
0,31,0,1,1,0,1,e,1014.0783463416205,0.0010534742521770525,36,1014.0774147173,0.001066,0.0009316243205148567
0,31,0,1,1,0,1,f,1014.5937220905396,0.0006507964351469667,40,1014.5926377595,0.0006822,0.001084331039578501
0,31,0,1,1,1,1,e,3321.442789119883,0.0012662685339216164,2,3321.4417256618,0.001283,0.0010634580830810592
0,31,0,1,1,1,1,f,3321.945117631801,0.001451932505318343,2,3321.945038453,0.00146,7.917880111563136e-05
0,31,0,1,1,2,1,e,5604.297084119883,0.0008327280468436258,2,5604.2960206618,0.001732,0.0010634580830810592
0,31,0,1,1,2,1,f,5604.783747964638,0.0010945811984498911,3,5604.7848003615,0.001111,-0.0010523968621782842
0,31,0,1,1,3,1,e,7862.6663091198825,0.0012662685339216164,2,7862.666686883,0.0013,-0.0003777631172852125
0,31,0,1,1,3,1,f,7863.146682631802,0.001451932505318343,2,7863.1455178966,0.001465,0.0011647352021100232
0,31,0,2,2,0,1,e,1675.1027012466657,0.005098038838612355,7,1675.1025863533,0.005116,0.00011489336566228303
0,31,0,2,2,0,1,f,1675.1052584014892,0.005044799302251776,7,1675.10473621,0.005045,0.0005221914891535562
0,31,0,2,2,1,1,e,3970.1896018903085,0.00521344415909483,2,3970.1903423877,0.005213,-0.0007404973916891322
0,31,0,2,2,1,1,f,3970.197054355818,0.005142956348249517,2,3970.1960317204,0.005143,0.0010226354183942021
0,31,0,2,2,3,1,e,8486.946181890307,0.00521344415909483,2,8486.9469223877,0.005213,-0.0007404973930533743
0,31,0,2,2,3,1,f,8486.95363435582,0.005142956348249517,2,8486.9526117204,0.005143,0.0010226354188489495
0,31,1,0,0,0,1,e,1710.1067293097733,0.0012136980678900333,10,1710.1065516054,0.001216,0.00017770437330000277
0,31,1,0,0,0,2,e,1598.3540206168893,0.0012136980678900333,13,1598.3537345469,0.001216,0.00028606998944269435
0,31,1,0,0,1,1,e,4006.756643758099,0.0003232769710325806,7,4006.7565417516,0.0003635,0.0001020064992189873
0,31,1,0,0,1,2,e,3898.325697645552,0.0003232769710325806,8,3898.3254523699,0.0003635,0.00024527565165044507
0,31,1,0,0,2,1,e,6279.100820862714,0.0010072278788834234,1,6279.1005847962,0.001021,0.0002360665139349294
0,31,1,0,0,2,2,e,6173.670220182475,0.0010072278788834234,4,6173.6699748664,0.001021,0.00024531607505196007
0,31,1,0,0,3,1,e,8527.187645182476,0.002003623717168471,2,8527.1873998664,0.00201,0.00024531607596145477
0,31,1,0,0,3,2,e,8424.402519647985,0.0010084636830347436,3,8424.4022948027,0.001022,0.00022484528562927153
0,31,1,1,1,0,1,e,2390.5618795022356,0.001007327156389621,1,2390.5616249365,0.001021,0.0002545657357586606
0,31,1,1,1,0,1,f,2391.413548617318,0.0015718632256020242,1,2391.4133033723,0.001574,0.00024524501804989995
0,31,1,1,1,0,2,e,2238.933448340318,0.001007327156389621,2,2238.9311491371,0.001329,0.002299203218171897
0,31,1,1,1,0,2,f,2239.645778617318,0.0015718632256020242,2,2239.6455333723,0.001574,0.0002452450175951526
0,31,1,1,1,1,1,e,4675.001608548653,0.0008592648020255455,2,4675.0004378669,0.0008833,0.0011706817531376146
0,31,1,1,1,1,1,f,4675.809361108228,0.0010945811984498911,3,4675.809272936,0.001105,8.817222806101199e-05
0,31,1,1,1,1,2,e,4526.574209412435,0.0008327280468436258,5,4526.5729863902,0.0008833,0.001223022235535609
0,31,1,1,1,1,2,f,4527.277522343842,0.0010945811984498911,6,4527.2774724151,0.001105,4.992874164599925e-05
0,31,1,1,1,2,1,e,6935.132660182475,0.0010072278788834234,2,6935.1324148664,0.001021,0.00024531607505196007
0,31,1,1,1,2,1,f,6935.901238617318,0.0015718632256020242,1,6935.9009933723,0.001574,0.00024524501804989995
0,31,1,1,1,2,2,e,6789.650092371498,0.0010072278788834234,4,6789.6493016936,0.001021,0.0007906778982942342
0,31,1,1,1,2,2,f,6790.344945131801,0.001451932505318343,4,6790.344865953,0.00146,7.917880066088401e-05
0,31,1,2,2,1,1,e,5339.722631890309,0.0051254268114958,2,5339.7233723877,0.005125,-0.0007404973912343848
0,31,1,2,2,1,1,f,5339.742959355818,0.0050537115073973115,2,5339.7419367204,0.005054,0.0010226354179394548
0,31,1,2,2,1,2,e,5160.72695528014,0.0051254268114958,1,5160.7276957776,0.005125,-0.0007404974603559822
0,31,1,2,2,1,2,f,5160.728524355818,0.0050537115073973115,2,5160.7275017204,0.005054,0.0010226354179394548
0,31,1,2,2,2,1,f,7587.562846341621,0.0014525178140043585,1,7587.5619147173,0.001462,0.0009316243204011698
0,31,1,2,2,2,2,e,7411.537508500476,0.005230678732248809,2,7411.5382489979,0.005231,-0.0007404974239761941
0,31,1,2,2,2,2,f,7411.538836190681,0.005160426338976268,1,7411.5378135552,0.00516,0.0010226354806945892
0,31,2,0,0,0,1,e,3093.2615701824743,0.0010072278788834234,2,3093.2613248664,0.001021,0.00024531607414246537
0,31,2,0,0,0,2,e,2939.368250182475,0.0010072278788834234,2,2939.3680048664,0.001021,0.00024531607505196007
0,31,2,0,0,0,3,e,2827.444470182475,0.0010072278788834234,2,2827.4442248664,0.001021,0.00024531607505196007
0,31,2,0,0,1,1,e,5366.178757638245,0.00012086355943790503,8,5366.1785179727,0.0002054,0.00023966554454091238
0,31,2,0,0,1,2,e,5217.8029131811545,0.00012168812596141005,8,5217.8026463652,0.0002059,0.00026681595409172587
0,31,2,0,0,1,3,e,5106.882394621311,0.00012086355943790503,9,5106.8821493303,0.0002054,0.0002452910102874739
0,31,2,0,0,2,2,e,7471.986544553215,0.001007327156389621,3,7471.9862806573,0.001021,0.0002638959149408038
0,31,2,0,0,2,3,e,7361.598113632966,0.0010072278788834234,3,7361.5978855817,0.001021,0.00022805126536695752
0,31,2,1,1,0,1,e,3785.9581795022355,0.0003235861554516818,1,3785.9579249365,0.0003637,0.00025456573530391324
0,31,2,1,1,0,2,e,3605.1487230723837,0.0003232769710325806,4,3605.1485627421,0.0004071,0.00016033028396122972
0,31,2,1,1,0,3,e,3451.4953208627144,0.0010072278788834234,1,3451.4950847962,0.001021,0.00023606651438967674
0,31,2,1,1,1,1,e,6046.815558735268,0.0008021446253637806,4,6046.8142683618,0.0008278,0.0012903734677820466
0,31,2,1,1,1,1,f,6047.963145242086,0.0010821312304891677,3,6047.9631332958,0.001092,1.1946286576858256e-05
0,31,2,1,1,1,2,e,5870.775130406438,0.0007799589732800052,5,5870.7741583535,0.0008063,0.0009720529378682841
0,31,2,1,1,1,2,f,5871.717145214323,0.001056507453830781,4,5871.717098389,0.001067,4.682532289734809e-05
0,31,2,1,1,1,3,e,5719.011261377321,0.0008091575866294525,4,5719.0100847258,0.0008346,0.001176651520836458
0,31,2,1,1,1,3,f,5719.961281668698,0.0010594847804475532,4,5719.9615954971,0.001073,-0.00031382840188598493
0,31,2,1,1,2,2,e,8112.065520862714,0.0010072278788834234,1,8112.0652847962,0.001021,0.0002360665139349294
0,31,2,1,1,2,2,f,8112.987938617318,0.0015718632256020242,1,8112.9876933723,0.001574,0.00024524501804989995
0,31,3,0,0,0,2,e,4304.538620862714,0.0003232769710325806,1,4304.5383847962,0.0003635,0.0002360665139349294
0,31,3,0,0,0,3,e,4164.4263193109155,0.0003232769710325806,4,4164.4260739948,0.0003635,0.00024531611506972695
0,31,3,0,0,1,1,e,6744.729560182475,0.0010072278788834234,2,6744.7293148664,0.001021,0.00024531607505196007
0,31,3,0,0,1,2,e,6559.258138820627,0.0005728071228607409,6,6559.2577707757,0.0005964,0.0003680449271996622
0,31,3,0,0,1,3,e,6424.13799801108,0.0004685072037866654,8,6424.1378220148,0.0004971,0.00017599627972231247
0,31,3,0,0,1,4,e,6298.795765182475,0.0010072278788834234,4,6298.7961314938,0.001021,-0.0003663113247966976
0,31,3,1,1,0,4,e,4651.848520862714,0.002003623717168471,1,4651.8482847962,0.00201,0.0002360665148444241
0,31,3,1,1,0,4,f,4653.100338617318,0.0023389643007108935,1,4653.1000933723,0.00234,0.00024524501804989995
0,31,3,1,1,1,1,e,7433.93034785625,0.0012662685339216164,1,7433.9293916218,0.001283,0.0009562344494042918
0,31,3,1,1,1,1,f,7435.411405790342,0.0014569172934658988,1,7435.4115354602,0.001465,-0.00012966985832463251
0,31,3,1,1,1,2,e,7229.7636591198825,0.0012662685339216164,2,7229.7625956618,0.001283,0.0010634580821715645
0,31,3,1,1,1,2,f,7231.021182631802,0.001451932505318343,2,7231.021103453,0.00146,7.917880157037871e-05
0,31,3,1,1,1,3,e,7059.5588478562495,0.0012662685339216164,1,7059.5578916218,0.001283,0.0009562344494042918
0,31,3,1,1,1,3,f,7060.674182631801,0.001451932505318343,2,7060.674103453,0.00146,7.917880157037871e-05
0,31,3,1,1,1,4,e,6899.03774785625,0.0012662685339216164,1,6899.0367916218,0.001283,0.0009562344494042918
0,31,3,1,1,1,4,f,6900.255059473261,0.001451932505318343,1,6900.2547714459,0.00146,0.00028802736142097274
0,31,3,2,2,1,4,e,7510.0695785004755,0.005230678732248809,1,7510.0703189979,0.005231,-0.0007404974248856888
0,31,3,2,2,1,4,f,7510.04849619068,0.005160426338976268,1,7510.0474735552,0.00516,0.0010226354806945892
0,31,4,0,0,1,1,e,8137.815420862714,0.0010072278788834234,1,8137.8151847962,0.001021,0.0002360665139349294
0,31,4,0,0,1,2,e,7922.83109397071,0.0010072278788834234,2,7922.8308416569,0.001021,0.00025231381005141884
0,31,4,0,0,1,3,e,7750.223460182475,0.0010072278788834234,2,7750.2232148664,0.001021,0.00024531607505196007
0,31,4,0,0,1,4,e,7621.88795324856,0.0010072278788834234,3,7621.8877181679,0.001021,0.000235080659876985
0,31,4,0,0,1,5,e,7476.051860182475,0.0010072278788834234,2,7476.0516148664,0.001021,0.00024531607505196007
0,31,4,1,1,1,2,e,8604.180870383516,0.0012838753833608618,1,8604.1796997017,0.0013,0.0011706818149832543
0,31,4,1,1,1,3,e,8408.532209119883,0.0012662685339216164,2,8408.5311456618,0.001283,0.0010634580830810592
0,31,4,1,1,1,3,f,8409.91220579034,0.0014569172934658988,1,8409.9123354602,0.001465,-0.00012966985923412722
0,31,4,1,1,1,4,e,8240.086770383517,0.0012838753833608618,1,8240.0855997017,0.0013,0.0011706818168022437
0,31,4,1,1,1,4,f,8241.423059473262,0.001451932505318343,1,8241.4227714459,0.00146,0.00028802736233046744
0,31,4,1,1,1,5,f,8069.075509502235,0.001419404100318158,1,8069.0752549365,0.001429,0.00025456573530391324
0,32,0,0,0,0,1,e,376.79549950223543,0.00012127654348636425,104,376.7952449365,0.0002057,0.0002545657354176001
0,32,0,0,0,1,1,e,2696.2651775757095,0.001212750180375167,7,2696.2649323967,0.001215,0.0002451790096529294
0,32,0,0,0,2,1,e,4991.197140701706,0.0012493014047858908,4,4991.197277505,0.001252,-0.0001368032935715746
0,32,0,0,0,3,1,e,7261.6200125365685,0.0015718632256020242,4,7261.6197664194,0.001574,0.0002461171688992181
0,32,0,1,1,0,1,e,1036.9338703835158,0.000805193144531174,39,1036.9326997017,0.0008307,0.001170681815892749
0,32,0,1,1,0,1,f,1037.4824057903418,0.0010595319721461926,40,1037.4825354602,0.00107,-0.00012966985832463251
0,32,0,1,1,1,1,e,3344.119913838221,0.0014525178140043585,2,3344.1190727396,0.001462,0.0008410986206399684
0,32,0,1,1,1,1,f,3344.654428575268,0.001193120278932514,2,3344.6533467635,0.001211,0.00108181176801736
0,32,0,1,1,2,1,f,5627.3169915022345,0.0012359644007818348,1,5627.3167369365,0.001247,0.00025456573439441854
0,32,0,1,1,3,1,e,7884.98924883822,0.0014525178140043585,2,7884.9884077395,0.001462,0.0008410987202296383
0,32,0,1,1,3,1,f,7885.497918575268,0.001193120278932514,2,7885.4968367635,0.001211,0.00108181176801736
0,32,0,2,2,0,1,e,1698.015508500476,0.005134199061197375,9,1698.0162489979,0.005134,-0.0007404974239761941
0,32,0,2,2,0,1,f,1698.0236161906807,0.005062608023538856,9,1698.0225935552,0.005063,0.0010226354806945892
0,32,0,2,2,1,1,e,3992.926881246647,0.005195190083144217,2,3992.9267663533,0.005212,0.00011489334701764164
0,32,0,2,2,1,1,f,3992.9302728973717,0.005142956348249517,2,3992.9297522027,0.005143,0.0005206946716498351
0,32,1,0,0,0,1,e,1732.9678670787052,0.00013197348218486925,10,1732.9675985176,0.0002122,0.0002685611052584136
0,32,1,0,0,0,2,e,1621.1684806554451,0.0001304492238382429,10,1621.1682471781,0.0002112,0.0002334773450911598
0,32,1,0,0,1,1,e,4029.4364733876423,0.0012493014047858908,8,4029.4362830107,0.001252,0.00019037694210055633
0,32,1,0,0,1,2,e,3920.965255670516,0.0012493814469568532,8,3920.9650046657,0.001252,0.00025100481616391335
0,32,1,0,0,2,1,e,6301.5987764558195,0.0015719268430814456,1,6301.5985294664,0.001574,0.0002469894197929534
0,32,1,0,0,2,2,e,6196.135117536569,0.0015718632256020242,4,6196.1348714194,0.001574,0.0002461171688992181
0,32,1,0,0,3,1,e,8549.503079693499,0.0015726611205215191,3,8549.5023085153,0.001574,0.0007711781981925014
0,32,1,0,0,3,2,e,8446.694984590114,0.0015725975327463794,3,8446.6947118377,0.001574,0.00027275241518509574
0,32,1,1,1,0,1,e,2413.427346455819,0.0015719268430814456,1,2413.4270994664,0.001574,0.00024698941933820606
0,32,1,1,1,0,1,f,2414.3338995022355,0.001007327156389621,1,2414.3336449365,0.001021,0.00025456573530391324
0,32,1,1,1,0,2,e,2261.775056659032,0.0008629808804371044,2,2261.7739567686,0.0008869,0.0010998904322150338
0,32,1,1,1,0,2,f,2262.5349695022355,0.001007327156389621,2,2262.5347149365,0.001021,0.00025456573530391324
0,32,1,1,1,1,1,e,4697.688806049097,0.0010953574758954265,7,4697.6879749308,0.001108,0.0008311182973557152
0,32,1,1,1,1,1,f,4698.549247862309,0.0007166142616498782,6,4698.5481656726,0.0007452,0.0010821897094501765
0,32,1,1,1,1,2,e,4549.243492294034,0.0010953574758954265,5,4549.2426676727,0.001108,0.0008246213337770314
0,32,1,1,1,1,2,f,4549.992106513033,0.0007166142616498782,5,4549.991024625,0.0007452,0.0010818880327860825
0,32,1,1,1,2,1,e,6957.642176455819,0.0015719268430814456,1,6957.6419294664,0.001574,0.0002469894188834587
0,32,1,1,1,2,1,f,6958.4604995022355,0.001007327156389621,1,6958.4602449365,0.001021,0.00025456573530391324
0,32,1,1,1,2,2,e,6812.145220816883,0.0014525178140043585,5,6812.145035084,0.001462,0.00018573288343759486
0,32,1,1,1,2,2,f,6812.885368575268,0.001193120278932514,4,6812.8842867635,0.001211,0.00108181176801736
0,32,1,2,2,1,1,e,5362.474471246629,0.005299056519796709,1,5362.4743563533,0.005316,0.00011489332882774761
0,32,1,2,2,1,1,f,5362.490707897372,0.0050537115073973115,2,5362.4901872027,0.005054,0.0005206946716498351
0,32,1,2,2,1,2,f,5183.505767393255,0.005071488933242388,1,5183.5052481955,0.005071,0.0005191977552385652
0,32,1,2,2,2,1,f,7610.1367220905395,0.001193120278932514,1,7610.1356377595,0.001211,0.0010843310392374406
0,32,2,0,0,0,1,e,3116.1609225365683,0.0015718632256020242,2,3116.1606764194,0.001574,0.00024611716844447074
0,32,2,0,0,0,2,e,2962.1809975365686,0.0015718632256020242,2,2962.1807514194,0.001574,0.00024611716844447074
0,32,2,0,0,0,3,e,2850.270312536569,0.0015718632256020242,2,2850.2700664194,0.001574,0.0002461171688992181
0,32,2,0,0,1,1,e,5388.898111459738,0.0012129113735141574,9,5388.8978658611,0.001215,0.0002455986377754016
0,32,2,0,0,1,2,e,5240.435210814578,0.001212870149686272,11,5240.4349637321,0.001215,0.0002470824774718494
0,32,2,0,0,1,3,e,5129.538592678651,0.0012127876978267878,7,5129.5383465368,0.001215,0.0002461418507664348
0,32,2,0,0,2,2,e,7494.439123963545,0.0015718632256020242,2,7494.4389124888,0.001574,0.0002114747449013521
0,32,2,0,0,2,3,e,7384.085597318239,0.0015718632256020242,4,7384.0855243927,0.001574,7.292553891602438e-05
0,32,2,1,1,0,1,e,3808.8374564558185,0.0012493814469568532,1,3808.8372094664,0.001252,0.00024698941842871136
0,32,2,1,1,0,2,e,3627.9817194631737,0.0012493014047858908,4,3627.981473346,0.001252,0.00024611717390143895
0,32,2,1,1,0,3,e,3474.339688617318,0.0015718632256020242,1,3474.3394433723,0.001574,0.00024524501804989995
0,32,2,1,1,1,1,e,6069.520181924904,0.0010722910052779516,3,6069.5201478162,0.001099,3.410870431252988e-05
0,32,2,1,1,1,1,f,6070.744343350724,0.0006942161046821084,2,6070.7432971738,0.0007237,0.0010461769243192975
0,32,2,1,1,1,2,e,5893.431061350144,0.001056507453830781,4,5893.4302202515,0.001069,0.0008410986438320833
0,32,2,1,1,1,2,f,5894.433472767195,0.0006556950510717616,4,5894.4323916576,0.0006868,0.0010811095944518456
0,32,2,1,1,1,3,e,5741.6847856552395,0.0010511460412330914,4,5741.6838580035,0.001064,0.0009276517394027906
0,32,2,1,1,1,3,f,5742.696568111195,0.0006645569952983717,4,5742.6955025723,0.0006953,0.0010655388950908673
0,32,3,0,0,0,3,e,4187.199761277869,0.0012493014047858908,2,4187.1995160328,0.001252,0.00024524506898160325
0,32,3,0,0,1,1,e,6767.485407536568,0.0015718632256020242,2,6767.4851614194,0.001574,0.0002461171679897234
0,32,3,0,0,1,2,e,6581.930101051809,0.0013357971402874016,6,6581.9298549346,0.001338,0.00024611720891698496
0,32,3,0,0,1,3,e,6446.717750647411,0.0013357971402874016,7,6446.717420968,0.001338,0.0003296794111520285
0,32,3,0,0,1,4,e,6321.483352158104,0.0012848556339137872,5,6321.4830733871,0.001287,0.0002787710036500357
0,32,3,1,1,0,4,e,4674.7013386173185,0.0023389643007108935,1,4674.7010933723,0.00234,0.00024524501804989995
0,32,3,1,1,1,1,e,7456.656551334821,0.0014569172934658988,1,7456.6558007618,0.001466,0.0007505730218326789
0,32,3,1,1,1,1,f,7458.232668575269,0.001193120278932514,2,7458.2315867635,0.001211,0.0010818117689268547
0,32,3,1,1,1,2,e,7252.429346341621,0.0014525178140043585,1,7252.4284147173,0.001462,0.0009316243204011698
0,32,3,1,1,1,2,f,7253.768968575268,0.001193120278932514,2,7253.7678867635,0.001211,0.00108181176801736
0,32,3,1,1,1,3,f,7083.376668575267,0.001193120278932514,2,7083.3755867635,0.001211,0.0010818117671078653
0,32,3,1,1,1,4,f,6923.01922209054,0.001193120278932514,1,6923.0181377595,0.001211,0.0010843310401469353
0,32,3,2,2,1,4,f,7532.810037393255,0.005160426338976268,1,7532.8095181955,0.00516,0.0005191977552385652
0,32,4,0,0,1,1,e,8160.607238617318,0.0015718632256020242,1,8160.6069933723,0.001574,0.00024524501804989995
0,32,4,0,0,1,2,e,7945.544238617318,0.0015718632256020242,1,7945.5439933723,0.001574,0.00024524501804989995
0,32,4,0,0,1,3,e,7772.838902882799,0.0015719268430814456,2,7772.8386905359,0.001574,0.00021234689847915433
0,32,4,0,0,1,4,e,7644.4782764558195,0.0015719268430814456,1,7644.4780294664,0.001574,0.0002469894197929534
0,32,4,0,0,1,5,e,7498.771076455819,0.0015719268430814456,1,7498.7708294664,0.001574,0.0002469894188834587
0,32,4,1,1,1,2,e,8626.865546341622,0.0014525178140043585,1,8626.8646147173,0.001462,0.0009316243213106645
0,32,4,1,1,1,4,e,8262.70654634162,0.0014525178140043585,1,8262.7056147173,0.001462,0.0009316243194916751
0,32,4,1,1,1,4,f,8264.12462209054,0.001193120278932514,1,8264.1235377595,0.001211,0.0010843310392374406
0,33,0,0,0,0,1,e,400.3370764558189,0.0012128289244571966,108,400.3368294664,0.001215,0.0002469894188834587
0,33,0,0,0,1,1,e,2719.621161344528,0.00012213517101965346,6,2719.6209286224,0.0002062,0.0002327221282030223
0,33,0,0,0,2,1,e,5014.368446363283,0.0003235861554516818,4,5014.3682027698,0.0003637,0.00024359348299185513
0,33,0,0,0,3,1,e,7284.605966867869,0.001007327156389621,4,7284.6057232744,0.001021,0.0002435934693494346
0,33,0,1,1,0,1,e,1060.5022513348213,0.0010595319721461926,37,1060.5015007618,0.001072,0.0007505730213779316
0,33,0,1,1,0,1,f,1061.0854150599962,0.000658434506993672,33,1061.0843357676,0.0006894,0.001079292396298115
0,33,0,1,1,1,1,e,3367.506957329813,0.0012838753833608618,2,3367.5058278487,0.0013,0.0011294811129118898
0,33,0,1,1,1,1,f,3368.0728002743936,0.0014569172934658988,2,3368.0729423039,0.001465,-0.00014202950660546776
0,33,0,1,1,2,1,e,5649.998870383515,0.0008592648020255455,1,5649.9976997017,0.0008833,0.0011706818149832543
0,33,0,1,1,2,1,f,5650.547405790341,0.001101184816459072,1,5650.5475354602,0.001111,-0.00012966985923412722
0,33,0,1,1,3,1,e,7908.006692329813,0.0012838753833608618,2,7908.0055628487,0.0013,0.0011294811129118898
0,33,0,1,1,3,1,f,7908.546210274393,0.0014569172934658988,2,7908.5463523039,0.001465,-0.00014202950660546776
0,33,0,2,2,0,1,e,1721.6458112466287,0.00529055762656452,5,1721.6456963533,0.005308,0.00011489332860037393
0,33,0,2,2,0,1,f,1721.6500373932552,0.005062608023538856,8,1721.6495181955,0.005063,0.0005191977552385652
0,33,0,2,2,1,1,e,4016.372082445431,0.005230678732248809,2,4016.3727762922,0.005302,-0.0006938467690815742
0,33,0,2,2,1,1,f,4016.3808496769184,0.005160426338976268,2,4016.3798270415,0.00516,0.0010226354183942021
0,33,1,0,0,0,1,e,1756.5430032719623,0.001213780457908266,9,1756.5427498492,0.001216,0.0002534227623982588
0,33,1,0,0,0,2,e,1644.6954094218574,0.0012493414265123846,12,1644.6951188955,0.001252,0.00029052635750304034
0,33,1,0,0,1,1,e,4052.824000528234,0.0003238950447289986,6,4052.8237640256,0.000364,0.00023650263392482884
0,33,1,0,0,1,2,e,3944.310962237062,0.0003235861554516818,9,3944.3107189715,0.0003637,0.0002432655619486468
0,33,1,0,0,2,1,e,6324.798199502236,0.001007327156389621,1,6324.7979449365,0.001021,0.00025456573530391324
0,33,1,0,0,2,2,e,6219.300886867869,0.001007327156389621,2,6219.3006432744,0.001021,0.0002435934693494346
0,33,1,0,0,3,1,e,8572.521589502236,0.0020036736261177866,1,8572.5213349365,0.002011,0.00025456573530391324
0,33,1,0,0,3,2,e,8469.68100686787,0.0020036736261177866,2,8469.6807632744,0.002011,0.0002435934693494346
0,33,1,1,1,0,1,e,2437.0060342335028,0.001007426424112451,1,2437.0058016123,0.001021,0.0002326212029402086
0,33,1,1,1,0,1,f,2437.969906455819,0.0015719268430814456,1,2437.9696594664,0.001574,0.0002469894188834587
0,33,1,1,1,0,2,e,2285.331578840601,0.001007426424112451,2,2285.3307085767,0.001021,0.0008702639011062274
0,33,1,1,1,0,2,f,2286.1404943965326,0.000729133732589571,2,2286.1394964443,0.0007573,0.0009979522324101708
0,33,1,1,1,1,1,e,4721.084352196491,0.0008592648020255455,7,4721.083218173,0.0008833,0.0011340234905219404
0,33,1,1,1,1,1,f,4721.999000690823,0.001101184816459072,5,4721.9991430945,0.001111,-0.00014240367727325065
0,33,1,1,1,1,2,e,4572.620281522926,0.0008592648020255455,5,4572.6191507946,0.0008833,0.0011307283266432933
0,33,1,1,1,1,2,f,4573.415375495525,0.001101184816459072,5,4573.4155344568,0.001111,-0.000158961274792091
0,33,1,1,1,2,1,e,6980.853914233502,0.001007426424112451,1,6980.8536816123,0.001021,0.00023262120248546125
0,33,1,1,1,2,1,f,6981.723676455819,0.0015719268430814456,1,6981.7234294664,0.001574,0.0002469894188834587
0,33,1,1,1,2,2,e,6835.3434370988425,0.001007327156389621,4,6835.3435438674,0.001021,-0.00010676855708879884
0,33,1,1,1,2,2,f,6836.128603510679,0.0014569172934658988,5,6836.1289174159,0.001465,-0.0003139052214464755
0,33,1,2,2,1,2,e,5207.019812445431,0.005142956348249517,2,5207.0205062922,0.005143,-0.0006938467686268268
0,33,1,2,2,1,2,f,5207.021649676919,0.005071488933242388,2,5207.0206270415,0.005071,0.0010226354188489495
0,33,1,2,2,2,1,f,7633.417551334822,0.0014569172934658988,1,7633.4168007618,0.001466,0.0007505730218326789
0,33,2,0,0,0,1,e,3139.774751867869,0.001007327156389621,2,3139.7745082744,0.001021,0.00024359346889468725
0,33,2,0,0,0,2,e,2985.705526867869,0.001007327156389621,2,2985.7052832744,0.001021,0.0002435934693494346
0,33,2,0,0,0,3,e,2873.8083268678693,0.001007327156389621,2,2873.8080832744,0.001021,0.0002435934693494346
0,33,2,0,0,1,1,e,5412.32649747674,0.00012291460450247562,9,5412.3262542457,0.0002067,0.0002432310402582516
0,33,2,0,0,1,2,e,5263.7736812868525,0.00012168812596141005,9,5263.7734125251,0.0002059,0.0002687617525225505
0,33,2,0,0,1,3,e,5152.90124394752,0.00012168812596141005,9,5152.9010003675,0.0002059,0.00024358001974178478
0,33,2,0,0,2,2,e,7517.589846938147,0.001007327156389621,3,7517.5891151787,0.001021,0.0007317594472624478
0,33,2,0,0,2,3,e,7407.274260135363,0.001007327156389621,4,7407.2739125645,0.001022,0.0003475708626865526
0,33,2,1,1,0,2,e,3651.5265637486036,0.0003235861554516818,4,3651.5263201552,0.0003637,0.00024359340341106872
0,33,2,1,1,0,3,e,3497.8956295022354,0.001007327156389621,1,3497.8953749365,0.001021,0.00025456573530391324
0,33,2,1,1,1,1,e,6092.935910774749,0.0008431109061090361,2,6092.9347829746,0.0008675,0.001127800148424285
0,33,2,1,1,1,1,f,6094.233680241639,0.0010782430152799507,3,6094.2337361357,0.001088,-5.589406100625638e-05
0,33,2,1,1,1,2,e,5916.793235383516,0.0008113790729369349,1,5916.7920647017,0.0008367,0.001170681815892749
0,33,2,1,1,1,2,f,5917.858047255685,0.0010618417961259577,4,5917.8581892852,0.001072,-0.00014202951479092008
0,33,2,1,1,1,3,e,5765.066572927862,0.0008091575866294525,3,5765.0654027668,0.0008346,0.0011701610619638814
0,33,2,1,1,1,3,f,5766.139828735454,0.0011021379224035437,3,5766.1401465365,0.001115,-0.0003178010456394986
0,33,2,1,1,2,2,e,8157.721499502235,0.001007327156389621,1,8157.7212449365,0.001021,0.00025456573530391324
0,33,2,1,1,2,2,f,8158.764176455819,0.0015719268430814456,1,8158.7639294664,0.001574,0.0002469894188834587
0,33,2,3,3,0,1,e,5206.329908500476,0.005142956348249517,1,5206.3306489979,0.005143,-0.0007404974239761941
0,33,2,3,3,0,1,f,5206.338016190681,0.005071488933242388,1,5206.3369935552,0.005071,0.0010226354806945892
0,33,3,0,0,0,2,e,4350.957459502235,0.0003235861554516818,1,4350.9572049365,0.0003637,0.00025456573530391324
0,33,3,0,0,0,3,e,4210.682154849521,0.0003235861554516818,4,4210.6819112561,0.0003637,0.0002435934211462154
0,33,3,0,0,1,1,e,6790.950906867869,0.001007327156389621,2,6790.9506632744,0.001021,0.0002435934693494346
0,33,3,0,0,1,2,e,6605.309577998646,0.0005729816750996492,6,6605.3094261929,0.0005966,0.00015180574609985342
0,33,3,0,0,1,3,e,6470.026844932882,0.0004493517553098018,8,6470.026309136,0.0005966,0.0005357968821044778
0,33,3,0,0,1,4,e,6344.87757936787,0.001007327156389621,4,6344.8773357744,0.001021,0.0002435934693494346
0,33,3,1,1,0,4,e,4698.270099502235,0.0020036736261177866,1,4698.2698449365,0.002011,0.00025456573530391324
0,33,3,1,1,1,1,e,7480.092570383516,0.0012838753833608618,1,7480.0913997017,0.0013,0.0011706818168022437
0,33,3,1,1,1,1,f,7481.767110274394,0.0014569172934658988,2,7481.7672523039,0.001465,-0.00014202950569597306
0,33,3,1,1,1,2,e,7275.803914276111,0.0013298255524691951,1,7275.8028259957,0.001345,0.0010882804108405253
0,33,3,1,1,1,2,f,7277.227010274393,0.0014569172934658988,2,7277.2271523039,0.001465,-0.00014202950660546776
0,33,3,1,1,1,3,e,7105.528342329813,0.0012838753833608618,2,7105.5272128487,0.0013,0.0011294811129118898
0,33,3,1,1,1,3,f,7106.788110274392,0.0014569172934658988,2,7106.7882523039,0.001465,-0.00014202950751496246
0,33,3,1,1,1,4,e,6945.119870383516,0.0012838753833608618,1,6945.1186997017,0.0013,0.001170681815892749
0,33,3,2,2,1,4,e,7556.3173963903855,0.005247856705360771,2,7556.3180435865,0.005248,-0.0006471961141869542
0,33,3,2,2,1,4,f,7556.288733163156,0.005177837386399848,2,7556.2877105277,0.005207,0.0010226354561382323
0,33,4,0,0,1,2,e,7968.967214233502,0.001007426424112451,1,7968.9669816123,0.001021,0.00023262120248546125
0,33,4,0,0,1,3,e,7796.158556867869,0.001007327156389621,2,7796.1583132744,0.001021,0.0002435934693494346
0,33,4,0,0,1,4,e,7667.772147444475,0.001007426424112451,2,7667.7719143952,0.001496,0.00023304927526623942
0,33,4,0,0,1,5,e,7522.198259313115,0.001007327156389621,3,7522.1980149953,0.001021,0.0002443178154862835
0,33,4,1,1,1,3,f,8456.053505790342,0.0014569172934658988,1,8456.0536354602,0.001465,-0.00012966985923412722
0,33,4,1,1,1,4,e,8286.029792329813,0.0012838753833608618,2,8286.0286628487,0.0013,0.0011294811138213845
0,33,4,1,1,1,4,f,8287.534610274393,0.0014569172934658988,2,8287.5347523039,0.001465,-0.00014202950660546776
0,33,4,1,1,1,5,f,8115.390905790341,0.0014569172934658988,1,8115.3910354602,0.001465,-0.00012966985923412722
0,34,0,0,0,0,1,e,424.5907142335028,0.00012209832103677757,112,424.5904816123,0.0002062,0.00023262120282652177
0,34,0,0,0,1,1,e,2743.6842281971026,0.0012128326347851958,4,2743.6839813018,0.001215,0.00024689530255272985
0,34,0,0,0,2,1,e,5038.241369536005,0.0012493814469568532,4,5038.2409179186,0.001252,0.00045161740490584634
0,34,0,0,0,3,1,e,7308.287704558942,0.0015719268430814456,4,7308.2874590899,0.001574,0.00024546904205635656
0,34,0,1,1,0,1,e,1084.7839142761104,0.000876604814041082,28,1084.7828259957,0.0009001,0.001088280410385778
0,34,0,1,1,0,1,f,1085.402714758446,0.0010605225127266276,39,1085.4028691477,0.001073,-0.00015438925379385182
0,34,0,1,1,1,1,e,3391.5989959074127,0.0014569172934658988,2,3391.5982518942,0.001649,0.00074401321262485
0,34,0,1,1,1,1,f,3392.1997442656157,0.0011973036373451808,2,3392.1986578561,0.001215,0.0010864095156648546
0,34,0,1,1,2,1,e,5673.903991334822,0.001101184816459072,1,5673.9032407618,0.001114,0.0007505730227421736
0,34,0,1,1,2,1,f,5674.487161582933,0.000723557876054155,2,5674.4861298296,0.0007519,0.0010317533333363826
0,34,0,1,1,3,1,e,7931.720680907412,0.0014569172934658988,2,7931.7199368942,0.001646,0.0007440132121701026
0,34,0,1,1,3,1,f,7932.293344265616,0.0011973036373451808,2,7932.2931362557,0.001225,0.0002080099156955839
0,34,0,2,2,0,1,e,1745.987366390386,0.005151698748956504,8,1745.9880135865,0.005152,-0.0006471961141869542
0,34,0,2,2,0,1,f,1745.9965831631562,0.005080354318352216,7,1745.9955605277,0.00508,0.0010226354561382323
0,34,0,2,2,1,1,e,4040.5284956957803,0.0053842362503887225,2,4040.5283808024,0.005401,0.00011489338021419826
0,34,0,2,2,1,1,f,4040.5333401479284,0.005160426338976268,2,4040.5328459074,0.005196,0.000494240528496448
0,34,0,2,2,3,1,e,8556.19148069578,0.0053842362503887225,2,8556.1913658024,0.005401,0.00011489337884995621
0,34,0,2,2,3,1,f,8556.196325147928,0.005160426338976268,2,8556.1958309074,0.00516,0.000494240528496448
0,34,1,0,0,0,1,e,1780.831514203604,0.0003237406369302439,6,1780.8312684371,0.0003639,0.00024576650389462884
0,34,1,0,0,0,2,e,1668.9334697283214,0.0003237406369302439,9,1668.9332369926,0.0003639,0.00023273572128346132
0,34,1,0,0,1,1,e,4076.9193467763416,0.0012493814469568532,8,4076.9192117111,0.001252,0.00013506524146578158
0,34,1,0,0,1,2,e,3968.363340772205,0.0012493814469568532,7,3968.3630945059,0.001252,0.0002462663051119307
0,34,1,0,0,2,1,e,6348.700376455819,0.0015719268430814456,1,6348.7001294664,0.001574,0.0002469894197929534
0,34,1,0,0,2,2,e,6243.166696455819,0.0015719268430814456,1,6243.1664494664,0.001574,0.0002469894188834587
0,34,1,0,0,3,1,e,8596.222719958048,0.0016003293411045116,3,8596.2222801489,0.001602,0.00043980914779240265
0,34,1,0,0,3,2,e,8493.363646967551,0.0016002668527467536,3,8493.3633714603,0.001602,0.0002755072509899037
0,34,1,1,1,0,1,e,2461.298887662064,0.0015719904579863072,1,2461.2986437134,0.001574,0.00024394866386501235
0,34,1,1,1,0,1,f,2462.3210742335027,0.001007426424112451,1,2462.3208416123,0.001021,0.0002326212029402086
0,34,1,1,1,0,2,e,2309.5999976620637,0.0015719904579863072,1,2309.5997537134,0.001574,0.00024394866386501235
0,34,1,1,1,0,2,f,2310.4565742335026,0.001007426424112451,1,2310.4563416123,0.001021,0.00023262120248546125
0,34,1,1,1,1,1,e,4745.187893724375,0.001101184816459072,5,4745.1871952439,0.001114,0.0006984804749663454
0,34,1,1,1,1,1,f,4746.15823764517,0.000723557876054155,6,4746.1571512356,0.0007519,0.001086409569325042
0,34,1,1,1,1,2,e,4596.704271660102,0.001101184816459072,5,4596.7035917952,0.001114,0.0006798649019401637
0,34,1,1,1,1,2,f,4597.547324384073,0.000723557876054155,8,4597.5462379746,0.0007519,0.0010864094729186036
0,34,1,1,1,2,1,e,7004.766467662063,0.0015719904579863072,1,7004.7662237134,0.001574,0.000243948663410265
0,34,1,1,1,2,1,f,7005.690514233503,0.001007426424112451,1,7005.6902816123,0.001021,0.00023262120248546125
0,34,1,1,1,2,2,e,6859.241854624586,0.0014569172934658988,6,6859.2414460332,0.001466,0.00040859138607629575
0,34,1,1,1,2,2,f,6860.074230391994,0.001007426424112451,3,6860.0734602244,0.001021,0.0007701675940552377
0,34,1,2,2,1,2,e,5231.28829069578,0.005299056519796709,2,5231.2881758024,0.005316,0.00011489338066894561
0,34,1,2,2,1,2,f,5231.28685014793,0.005071488933242388,2,5231.2863559074,0.005071,0.0004942405294059427
0,34,1,2,2,2,2,e,7481.349020144933,0.005400925846556312,1,7481.3489052516,0.005418,0.00011489333337522112
0,34,2,0,0,0,1,e,3164.1036420589417,0.0015719268430814456,2,3164.1033965899,0.001574,0.0002454690416016092
0,34,2,0,0,0,2,e,3009.9422920589413,0.0015719268430814456,2,3009.9420465899,0.001574,0.00024546904114686185
0,34,2,0,0,0,3,e,2898.0585570589415,0.0015719268430814456,2,2898.0583115899,0.001574,0.0002454690416016092
0,34,2,0,0,1,1,e,5436.464305675861,0.001212993816966929,10,5436.464039359,0.001215,0.00026631686159817036
0,34,2,0,0,1,2,e,5287.818738117359,0.001212870149686272,10,5287.8184925388,0.001215,0.00024557855977036525
0,34,2,0,0,1,3,e,5176.970808021148,0.001212870149686272,8,5176.9705625521,0.001215,0.00024546904751332477
0,34,2,0,0,2,2,e,7541.442467662064,0.0015719904579863072,1,7541.4422237134,0.001574,0.000243948663410265
0,34,2,0,0,2,3,e,7431.1617940339975,0.0015719268430814456,2,7431.161560154,0.001574,0.0002338799977223971
0,34,2,1,1,0,2,e,3675.784290499308,0.0012493814469568532,4,3675.7840450303,0.001252,0.00024546900795030524
0,34,2,1,1,0,3,e,3522.164816455819,0.0015719268430814456,1,3522.1645694664,0.001574,0.00024698941933820606
0,34,2,1,1,1,1,e,6117.058003752185,0.0010842084670394342,3,6117.0572583023,0.001097,0.0007454498845618218
0,34,2,1,1,1,1,f,6118.435609059997,0.0007042982322851592,1,6118.4345297676,0.0007334,0.0010792923967528623
0,34,2,1,1,1,2,e,5940.863503381721,0.001062547881274063,4,5940.8627650428,0.001075,0.0007383389211099711
0,34,2,1,1,1,2,f,5941.993284871737,0.0006675597351548399,4,5941.9921990719,0.0006982,0.0010857998368010158
0,34,2,1,1,1,3,e,5789.155180714693,0.0011030902048336753,3,5789.1543031347,0.001128,0.000877579993357358
0,34,2,1,1,1,3,f,5790.292731699212,0.0007416441195074629,3,5790.2916979974,0.0007693,0.0010337018120480934
0,34,2,1,1,2,2,f,8182.7102142335025,0.001007426424112451,1,8182.7099816123,0.001021,0.00023262120248546125
0,34,2,3,3,0,1,f,5230.636847393255,0.005071488933242388,1,5230.6363281955,0.005071,0.0005191977552385652
0,34,3,0,0,0,3,e,4234.876176691969,0.0012493814469568532,4,4234.875931223,0.001252,0.0002454689683872857
0,34,3,0,0,1,1,e,6815.127672058942,0.0015719268430814456,2,6815.1274265899,0.001574,0.00024546904205635656
0,34,3,0,0,1,2,e,6629.39741262433,0.0013358719998562735,6,6629.3973476428,0.001338,6.498153015854768e-05
0,34,3,0,0,1,3,e,6494.034697416806,0.0013358719998562735,9,6494.0343042897,0.001338,0.0003931271057808772
0,34,3,0,0,1,4,e,6368.979428789261,0.0012503851406666668,5,6368.9791821759,0.001253,0.00024661336101416964
0,34,3,1,1,0,4,e,4722.54267645582,0.00233900705428607,1,4722.5424294664,0.00234,0.0002469894197929534
0,34,3,1,1,0,4,f,4724.030814233503,0.0020037235338239653,1,4724.0305816123,0.002011,0.00023262120339495596
0,34,3,1,1,1,1,f,7506.012415059997,0.0011973036373451808,1,7506.0113357676,0.001215,0.0010792923967528623
0,34,3,1,1,1,2,e,7299.885851334821,0.0014569172934658988,1,7299.8851007618,0.001466,0.0007505730218326789
0,34,3,1,1,1,2,f,7301.394773471236,0.0012083194941736228,1,7301.3936799446,0.001225,0.0010935266354863415
0,34,3,1,1,1,3,e,7129.572610480004,0.001458357980744097,1,7129.5718730265,0.001477,0.0007374535043709329
0,34,3,1,1,1,3,f,7130.908173471235,0.0012083194941736228,1,7130.9070799446,0.001225,0.0010935266354863415
0,34,3,1,1,1,4,e,6969.222951334822,0.0014569172934658988,1,6969.2222007618,0.001466,0.0007505730218326789
0,34,3,1,1,1,4,f,6970.678715059997,0.0011973036373451808,1,6970.6776357676,0.001215,0.0010792923967528623
0,34,3,2,2,1,4,e,7580.509320144933,0.005400925846556312,1,7580.5092052516,0.005418,0.00011489333246572642
0,34,3,2,2,1,4,f,7580.471607902602,0.005177837386399848,2,7580.4711386193,0.005178,0.00046928330175433075
0,34,4,0,0,1,2,e,7993.098972058941,0.0015719268430814456,2,7993.0987265899,0.001574,0.00024546904114686185
0,34,4,0,0,1,3,e,7820.185214202926,0.0015719268430814456,4,7820.1849554811,0.001574,0.00025872182595776394
0,34,4,0,0,1,4,e,7691.771851179913,0.0015719268430814456,3,7691.7715906918,0.001574,0.00026048811287182616
0,34,4,0,0,1,5,e,7546.333944863891,0.0015719268430814456,2,7546.3336946578,0.001574,0.00025020609064085875
0,34,4,1,1,1,3,f,8480.184873471235,0.0012083194941736228,1,8480.1837799446,0.001225,0.0010935266345768468
0,34,4,1,1,1,4,e,8310.058730907413,0.0014569172934658988,2,8310.0579868942,0.001466,0.0007440132121701026
0,34,4,1,1,1,4,f,8311.654794265618,0.0011973036373451808,2,8311.6537078561,0.001215,0.0010864095183933387
0,35,0,0,0,0,1,e,449.5569676620638,0.0012129113735141574,101,449.5567237134,0.001215,0.00024394866380816893
0,35,0,0,0,1,1,e,2768.453617132424,0.00012213517101965346,5,2768.4533845753,0.0002062,0.00023255712403624784
0,35,0,0,0,2,1,e,5062.813829480699,0.0003238950447289986,4,5062.8136080848,0.000364,0.00022139589873404475
0,35,0,0,0,3,1,e,7332.664549710055,0.001007426424112451,4,7332.6643283142,0.001021,0.00022139585507829906
0,35,0,1,1,0,1,e,1109.7790104800042,0.0010615121289933524,33,1109.7782730265,0.001087,0.0007374535041435593
0,35,0,1,1,0,1,f,1110.433873471235,0.0006782595373454029,36,1110.4327799446,0.0007084,0.0010935266350315942
0,35,0,1,1,1,1,e,3416.398536159136,0.0013298255524691951,2,3416.3974663073,0.001875,0.0010698518358367437
0,35,0,1,1,1,1,f,3417.0365975831205,0.0014576378150967407,2,3417.0367768829,0.001467,-0.0001792997795746487
0,35,0,1,1,2,1,f,5699.126376662064,0.0017926388370221146,1,5699.1261327134,0.001794,0.0002439486643197597
0,35,0,1,1,3,1,e,7956.132186159136,0.0013298255524691951,2,7956.1311163073,0.001345,0.001069851836291491
0,35,0,1,1,3,1,f,7956.738930407794,0.0014815896867891596,1,7956.7391346182,0.001527,-0.00020421040608198382
0,35,0,2,2,0,1,e,1771.0486501449323,0.005307541803886241,6,1771.0485352516,0.005324,0.00011489333223835274
0,35,0,2,2,0,1,f,1771.0541129026024,0.005080354318352216,7,1771.0536436193,0.00508,0.0004692833024364518
0,35,0,2,2,1,1,e,4065.392605624836,0.005247856705360771,2,4065.3931978783,0.005468,-0.0005922534637647914
0,35,0,2,2,1,1,f,4065.4023171081085,0.005177837386399848,2,4065.401247822,0.00525,0.001069286108304368
0,35,0,2,2,3,1,e,8580.666066390386,0.005247856705360771,1,8580.6667135865,0.005248,-0.0006471961132774595
0,35,0,2,2,3,1,f,8580.675283163157,0.005177837386399848,1,8580.6742605277,0.005178,0.001022635457047727
0,35,1,0,0,0,1,e,1805.8336839075978,0.0012494214661194197,6,1805.8331469284,0.001252,0.0005369791977045679
0,35,1,0,0,0,2,e,1693.8835216121777,0.0012138628423343388,11,1693.8833008416,0.001216,0.00022077057769820385
0,35,1,0,0,1,1,e,4101.722450786256,0.0003242036397081316,4,4101.7222175283,0.0003643,0.0002332579560970771
0,35,1,0,0,1,2,e,3993.1214682411737,0.0003238950447289986,9,3993.1212470439,0.000364,0.0002211972737313772
0,35,1,0,0,2,1,e,6373.304114233502,0.001007426424112451,1,6373.3038816123,0.001021,0.00023262120248546125
0,35,1,0,0,2,2,e,6267.734857210055,0.001007426424112451,4,6267.7346358142,0.001021,0.00022139585507829906
0,35,1,0,0,3,1,e,8620.626739710056,0.0020037235338239653,2,8620.6265183142,0.002011,0.00022139585598779377
0,35,1,0,0,3,2,e,8517.738906388899,0.001051098473027147,3,8517.738786963,0.001064,0.0001194258984469343
0,35,1,1,1,0,1,e,2486.304655186608,0.001007525682054805,1,2486.3044450161,0.001021,0.00021017050812588423
0,35,1,1,1,0,1,f,2487.3874576620638,0.0015719904579863072,1,2487.3872137134,0.001574,0.00024394866386501235
0,35,1,1,1,0,2,e,2334.5816451866085,0.001007525682054805,1,2334.5814350161,0.001021,0.00021017050858063158
0,35,1,1,1,0,2,f,2335.4890735677036,0.0008000224996836026,2,2335.4881050748,0.0008257,0.000968492903666629
0,35,1,1,1,1,1,e,4769.999028177484,0.0009265182135284767,4,4769.9980542409,0.0009488,0.0009739365841596737
0,35,1,1,1,1,1,f,4771.027129412179,0.0011021379224035437,6,4771.027308712,0.001115,-0.00017929982095665764
0,35,1,1,1,1,2,e,4621.4953245245715,0.0009265182135284767,6,4621.4942546727,0.0009488,0.0010698518717617844
0,35,1,1,1,1,2,f,4622.387805564922,0.0011021379224035437,8,4622.3879848647,0.001115,-0.00017929977821040666
0,35,1,1,1,2,1,e,7029.3842142335025,0.001007426424112451,1,7029.3839816123,0.001021,0.00023262120248546125
0,35,1,1,1,2,1,f,7030.361167662063,0.0015719904579863072,1,7030.3609237134,0.001574,0.000243948663410265
0,35,1,1,1,2,2,e,6883.843078659136,0.0013298255524691951,4,6883.8416195513,0.001345,0.0014591078361263499
0,35,1,1,1,2,2,f,6884.724515598911,0.0014576378150967407,5,6884.7244259573,0.001467,8.964161133917514e-05
0,35,1,2,2,1,1,e,5434.979785624836,0.005160426338976268,2,5434.9803778783,0.00516,-0.0005922534637647914
0,35,1,2,2,1,2,e,5255.602565624837,0.005160426338976268,2,5255.6031578783,0.00516,-0.0005922534637647914
0,35,1,2,2,1,2,f,5255.604887108108,0.00508920425999979,2,5255.603817822,0.005089,0.0010692861087591155
0,35,1,2,2,2,1,e,7682.063773471235,0.0012083194941736228,1,7682.0626799446,0.001225,0.0010935266354863415
0,35,1,2,2,2,1,f,7682.090714758446,0.0014576378150967407,1,7682.0908691477,0.001467,-0.0001543892540212255
0,35,2,0,0,0,1,e,3189.146444710055,0.001007426424112451,2,3189.1462233142,0.001021,0.00022139585507829906
0,35,2,0,0,0,2,e,3034.890904710056,0.001007426424112451,2,3034.8906833142,0.001021,0.00022139585598779377
0,35,2,0,0,0,3,e,2923.019979710056,0.001007426424112451,2,2923.0197583142,0.001021,0.00022139585598779377
0,35,2,0,0,1,1,e,5461.3109903975,0.00012372550262577234,9,5461.3107649448,0.0002071,0.0002254526998513029
0,35,2,0,0,1,2,e,5312.569689039479,0.00012250714264890844,8,5312.5694675003,0.0002064,0.00022153917961986735
0,35,2,0,0,1,3,e,5201.7465998259195,0.00012250714264890844,8,5201.7464031636,0.0002069,0.00019666231946757762
0,35,2,0,0,2,2,e,7565.995811853511,0.0010513362925344107,1,7565.9953114892,0.001203,0.0005003643118470791
0,35,2,0,0,2,3,e,7455.754406980912,0.001007426424112451,2,7455.7541743025,0.001021,0.00023267841152119217
0,35,2,1,1,0,2,e,3700.7541216366617,0.0003238950447289986,4,3700.7539313747,0.000364,0.00019026196150662145
0,35,2,1,1,0,3,e,3547.147554233503,0.001007426424112451,1,3547.1473216123,0.001021,0.0002326212029402086
0,35,2,1,1,1,1,e,6141.889160458798,0.0009542201003961298,2,6141.8881090355,0.0009759,0.0010514232981222449
0,35,2,1,1,1,1,f,6143.348286920657,0.0011336260406324477,3,6143.3484863308,0.001193,-0.0001994101430682349
0,35,2,1,1,1,2,e,5965.6395926351015,0.0008834794847646435,4,5965.6385212046,0.0009068,0.0010714305017245351
0,35,2,1,1,1,2,f,5966.836248245204,0.0010652267364275082,3,5966.8364077924,0.001078,-0.00015954719583533006
0,35,2,1,1,1,3,e,5813.950243187188,0.0009407103698801241,3,5813.9494880908,0.0009627,0.0007550963882749784
0,35,2,1,1,1,3,f,5815.154988227007,0.0010512411711876585,4,5815.155103532,0.001064,-0.00011530499250511639
0,35,3,0,0,0,3,e,4259.7803347559275,0.0003238950447289986,4,4259.7798172016,0.000364,0.0005175543274162919
0,35,3,0,0,1,1,e,6840.014799710055,0.001007426424112451,2,6840.0145783142,0.001021,0.00022139585507829906
0,35,3,0,0,1,2,e,6654.192116469125,0.000573156174179429,4,6654.1918874756,0.0005967,0.00022899352461536182
0,35,3,0,0,1,3,e,6518.746690835227,0.000573156174179429,8,6518.7463737197,0.0005967,0.0003171155267409631
0,35,3,0,0,1,4,e,6393.787982210055,0.001007426424112451,4,6393.7877608142,0.001021,0.00022139585507829906
0,35,3,1,1,0,4,e,4747.532814233503,0.0020037235338239653,1,4747.5325816123,0.002011,0.00023262120248546125
0,35,3,1,1,0,4,f,4749.112167662064,0.0023390498070797894,1,4749.1119237134,0.00234,0.0002439486643197597
0,35,3,1,1,1,1,e,7529.089358042161,0.001339752215896656,1,7529.0883066189,0.001355,0.0010514232608329621
0,35,3,1,1,1,3,e,7154.32211427611,0.0013298255524691951,1,7154.3210259957,0.001345,0.0010882804099310306
0,35,3,1,1,1,3,f,7155.7350225831215,0.0014576378150967407,2,7155.7352018829,0.001467,-0.00017929977821040666
0,35,3,1,1,1,4,e,6994.034914276111,0.0013298255524691951,1,6994.0338259957,0.001345,0.0010882804108405253
0,35,3,1,1,1,4,f,6995.573114758446,0.0014576378150967407,1,6995.5732691477,0.001467,-0.0001543892540212255
0,35,4,0,0,1,1,e,8233.260914233502,0.001007426424112451,1,8233.2606816123,0.001021,0.00023262120157596655
0,35,4,0,0,1,2,e,8017.941099710055,0.001007426424112451,2,8017.9408783142,0.001127,0.00022139585507829906
0,35,4,0,0,1,3,e,7844.917849710056,0.001007426424112451,2,7844.9176283142,0.001021,0.00022139585598779377
0,35,4,0,0,1,4,e,7716.475623049478,0.001007426424112451,3,7716.4753978737,0.001021,0.00022517577781400178
0,35,4,0,0,1,5,e,7571.175984218553,0.001007426424112451,2,7571.1757450247,0.001021,0.00023919385330373188
0,35,4,1,1,1,2,f,8701.198314758447,0.0014576378150967407,1,8701.1984691477,0.001467,-0.0001543892522022361
0,35,4,1,1,1,3,e,8503.27911427611,0.0013298255524691951,1,8503.2780259957,0.001345,0.0010882804108405253
0,35,4,1,1,1,3,f,8505.029014758446,0.0014576378150967407,1,8505.0291691477,0.001467,-0.0001543892540212255
0,35,4,1,1,1,4,f,8336.48132258312,0.0014576378150967407,2,8336.4815018829,0.001467,-0.00017929977911990136
0,36,0,0,0,0,1,e,475.23498518660847,0.00012291460450247562,99,475.2347750161,0.0002067,0.00021017050846694474
0,36,0,0,0,1,1,e,2793.929799348889,0.0012129975267905536,5,2793.9295988941,0.001216,0.00020045478913743864
0,36,0,0,0,2,1,e,5088.088013276558,0.0012494614840002072,4,5088.0877911043,0.001252,0.00022217225796339335
0,36,0,0,0,3,1,e,7357.736778001328,0.0015719904579863072,4,7357.736555829,0.001574,0.00022217232799448539
0,36,0,1,1,0,1,e,1135.486358042161,0.0008915918348661566,33,1135.4853066189,0.0009147,0.0010514232610603358
0,36,0,1,1,0,1,f,1136.1790304077936,0.0010932099523879208,30,1136.1792346182,0.001154,-0.00020421040653673117
0,36,0,1,1,1,1,e,3441.9054375095197,0.00145447860073636,2,3441.9047081487,0.001477,0.0007293608196050627
0,36,0,1,1,1,1,f,3442.577859338586,0.0012083194941736228,2,3442.577234717,0.00141,0.0006246215862120152
0,36,0,1,1,2,1,e,5723.813500480004,0.0011030902048336753,1,5723.8127630265,0.001128,0.0007374535043709329
0,36,0,1,1,2,1,f,5724.4683634712355,0.0007416441195074629,1,5724.4672699446,0.0007693,0.0010935266354863415
0,36,0,1,1,3,1,e,7981.239204539037,0.00145447860073636,1,7981.2384832708,0.001481,0.0007212682367025991
0,36,0,2,2,0,1,e,1796.8194648592862,0.005169139193328035,6,1796.8200021701,0.005169,-0.0005373108137973759
0,36,0,2,2,0,1,f,1796.8302010530604,0.005098038838612355,5,1796.8290851163,0.005098,0.001115936760470504
0,36,0,2,2,1,1,e,4090.9647801449137,0.005583009940883145,1,4090.9646652516,0.005599,0.00011489331382108503
0,36,0,2,2,1,1,f,4090.971746756754,0.005195190083144217,1,4090.9712804672,0.005195,0.0004662895539695455
0,36,0,2,2,3,1,e,8605.845550144924,0.005400925846556312,2,8605.8454352516,0.005418,0.0001148933242802741
0,36,0,2,2,3,1,f,8605.85176482968,0.005177837386399848,2,8605.8512970433,0.005178,0.0004677863798860926
0,36,1,0,0,0,1,e,1831.5489018535122,0.00032451194122867035,5,1831.5484014892,0.0006687,0.0005003643123018264
0,36,1,0,0,0,2,e,1719.545091781083,0.00013197348218486925,9,1719.5448769604,0.0002122,0.00021482068314071512
0,36,1,0,0,1,1,e,4127.233359598509,0.0012494614840002072,7,4127.233139827,0.001252,0.00021977150936436374
0,36,1,0,0,1,2,e,4018.586028409468,0.0012494614840002072,7,4018.5858063967,0.001252,0.00022201276806299575
0,36,1,0,0,2,1,e,6398.609967662063,0.0015719904579863072,1,6398.6097237134,0.001574,0.000243948663410265
0,36,1,0,0,2,2,e,6293.002684554906,0.0015719904579863072,3,6293.0024551238,0.001574,0.00022943110616324702
0,36,1,0,0,3,1,e,8645.723568340592,0.002339092559092094,1,8645.7233679446,0.00234,0.00020039599257870577
0,36,1,0,0,3,2,e,8542.811588340592,0.002339092559092094,1,8542.8113879446,0.00234,0.00020039599257870577
0,36,1,1,1,0,1,e,2512.0241583405923,0.0015720540703169214,1,2512.0239579446,0.001574,0.00020039599212395842
0,36,1,1,1,0,1,f,2513.1685751866085,0.001007525682054805,1,2513.1683650161,0.001021,0.00021017050858063158
0,36,1,1,1,0,2,e,2360.2800026952677,0.0009873884747149929,2,2360.2791727028,0.001523,0.0008299924675156944
0,36,1,1,1,0,2,f,2361.2345349484435,0.001007525682054805,2,2361.2346233793,0.001021,-8.843085652188165e-05
0,36,1,1,1,1,1,e,4795.518807050805,0.0010979562832827178,4,4795.51807769,0.001128,0.0007293608050531475
0,36,1,1,1,1,1,f,4796.605205281873,0.0007416441195074629,5,4796.6045664656,0.0007693,0.0006388162728399038
0,36,1,1,1,1,2,e,4646.9940200946185,0.0010979562832827178,6,4646.9932918672,0.001128,0.0007282274182216497
0,36,1,1,1,1,2,f,4647.936100724051,0.0007416441195074629,6,4647.9354761025,0.0007693,0.0006246215516512166
0,36,1,1,1,2,1,f,7055.7372851866085,0.001007525682054805,1,7055.7370750161,0.001021,0.00021017050858063158
0,36,1,1,1,2,2,e,6909.144888913379,0.00145447860073636,3,6909.1443267517,0.001481,0.0005621616792268469
0,36,1,1,1,2,2,f,6910.07653476743,0.001007525682054805,4,6910.0763222293,0.001021,0.0002125381297446438
0,36,1,2,2,1,1,e,5460.571450144914,0.005500909015790028,1,5460.5713352516,0.005517,0.00011489331336633768
0,36,1,2,2,1,1,f,5460.599676756754,0.005106858133921483,1,5460.5992104672,0.005107,0.0004662895544242929
0,36,1,2,2,1,2,e,5281.244250144913,0.005500909015790028,1,5281.2441352516,0.005517,0.00011489331336633768
0,36,1,2,2,1,2,f,5281.241489829678,0.00508920425999979,2,5281.2410220433,0.005089,0.0004677863780671032
0,36,2,0,0,0,1,e,3214.905138001328,0.0015719904579863072,2,3214.904915829,0.001574,0.00022217232799448539
0,36,2,0,0,0,2,e,3060.551498001328,0.0015719904579863072,2,3060.551275829,0.001574,0.00022217232799448539
0,36,2,0,0,0,3,e,2948.6932083405923,0.0015720540703169214,1,2948.6930079446,0.001574,0.00020039599212395842
0,36,2,0,0,1,1,e,5486.867126670794,0.001213076254816654,7,5486.8669042202,0.001215,0.00022245059426495573
0,36,2,0,0,1,2,e,5338.027265081222,0.0012129525959409956,9,5338.0271029386,0.001215,0.00016214262177527416
0,36,2,0,0,1,3,e,5227.229136744254,0.0012129525959409956,6,5227.2290277297,0.001216,0.00010901455425482709
0,36,2,0,0,2,2,e,7591.2496033034195,0.0015719904579863072,3,7591.2492761955,0.001574,0.00032710791947465623
0,36,2,0,0,2,3,e,7481.045566029522,0.0015727247057257033,2,7481.0453542425,0.001574,0.00021178702172619523
0,36,2,1,1,0,1,e,3907.4946483405924,0.0012495415159169381,1,3907.4944479446,0.001252,0.00020039599257870577
0,36,2,1,1,0,2,e,3726.4361018086674,0.0012494614840002072,4,3726.4358482855,0.001252,0.00025352316743010306
0,36,2,1,1,0,3,e,3572.841557662064,0.0015719904579863072,1,3572.8413137134,0.001574,0.0002439486643197597
0,36,2,1,1,1,1,e,6167.429472702054,0.0010979562832827178,3,6167.4287434156,0.001125,0.0007292864538612776
0,36,2,1,1,1,1,f,6168.971172915133,0.0007632404601434597,3,6168.97052051,0.0007901,0.0006524051332235103
0,36,2,1,1,1,2,e,5991.123411634914,0.0010592015861015313,4,5991.1226812058,0.00109,0.0007304291139007546
0,36,2,1,1,1,2,f,5992.387594370567,0.0007017378427874616,3,5992.3878081036,0.0007879,-0.0002137330329787801
0,36,2,1,1,1,3,e,5839.4542543525295,0.001068273373252371,3,5839.4535193026,0.001094,0.0007350499290623702
0,36,2,1,1,1,3,f,5840.725620128227,0.0006906055313997999,4,5840.7246952621,0.0007202,0.0009248661272067693
0,36,3,0,0,0,3,e,4285.395141304081,0.0012494614840002072,4,4285.3949225812,0.001252,0.0002187228810726083
0,36,3,0,0,1,1,e,6865.612048001329,0.0015719904579863072,2,6865.611825829,0.001574,0.0002221723289039801
0,36,3,0,0,1,2,e,6679.695508610964,0.0013359468552304017,6,6679.6952864387,0.001338,0.00022217226342036156
0,36,3,0,0,1,3,e,6544.164261431795,0.0013166483964977135,6,6544.164041314,0.001319,0.00022011779492459027
0,36,3,0,0,1,4,e,6419.304285501328,0.0015719904579863072,4,6419.3042139539,0.001574,7.154742797865765e-05
0,36,3,1,1,0,4,e,4773.235567662065,0.0023390498070797894,1,4773.2353237134,0.00234,0.0002439486643197597
0,36,3,1,1,1,1,e,7554.652704539037,0.00145447860073636,1,7554.6519832708,0.001481,0.0007212682367025991
0,36,3,1,1,1,1,f,7556.640873471235,0.0012083194941736228,1,7556.6397799446,0.001225,0.0010935266345768468
0,36,3,1,1,1,2,e,7350.170304539037,0.00145447860073636,1,7350.1695832708,0.001481,0.0007212682367025991
0,36,3,1,1,1,3,e,7179.778610480004,0.001458357980744097,1,7179.7778730265,0.001477,0.0007374535043709329
0,36,3,1,1,1,3,f,7181.271764338586,0.0012083194941736228,2,7181.271139717,0.001225,0.0006246215862120152
0,36,3,1,1,1,4,e,7019.551010480004,0.001458357980744097,1,7019.5502730265,0.001477,0.0007374535043709329
0,36,3,1,1,1,4,f,7021.177973471235,0.0012083194941736228,1,7021.1768799446,0.001225,0.0010935266354863415
0,36,3,2,2,1,4,e,7631.019740144913,0.005583009940883145,1,7631.0196252516,0.005599,0.00011489331336633768
0,36,3,2,2,1,4,f,7630.974886756754,0.005195190083144217,1,7630.9744204672,0.005195,0.0004662895544242929
0,36,4,0,0,1,2,e,8043.490398001329,0.0015719904579863072,2,8043.490175829,0.001574,0.0002221723289039801
0,36,4,0,0,1,3,e,7870.356467662064,0.0015719904579863072,1,7870.3562237134,0.001574,0.000243948663410265
0,36,4,0,0,1,4,e,7741.88396214984,0.0015719904579863072,3,7741.8831875692,0.001574,0.0007745806396997068
0,36,4,0,0,1,5,e,7596.728567662063,0.0015719904579863072,1,7596.7283237134,0.001574,0.000243948663410265
0,36,4,1,1,1,3,e,8528.730610480005,0.001458357980744097,1,8528.7298730265,0.001477,0.0007374535052804276
0,36,4,1,1,1,4,e,8360.233310480005,0.001458357980744097,1,8360.2325730265,0.001477,0.0007374535052804276
0,36,4,1,1,1,4,f,8362.017073471236,0.0012083194941736228,1,8362.0159799446,0.001225,0.0010935266363958362
0,37,0,0,0,0,1,e,501.6254283405924,0.001212993816966929,95,501.6252279446,0.001216,0.00020039599240817552
0,37,0,0,0,1,1,e,2820.1122253515287,0.00012376186811776882,7,2820.1119696493,0.0002072,0.0002557022285145649
0,37,0,0,0,2,1,e,5114.062898102558,0.0003242036397081316,4,5114.0626651558,0.0003643,0.00023294675884244498
0,37,0,0,0,3,1,e,7383.5044542722835,0.001007525682054805,4,7383.5042213256,0.001021,0.00023294668335438473
0,37,0,1,1,0,1,e,1161.9076045390361,0.001056176121676683,32,1161.9068832708,0.001092,0.0007212682360204781
0,37,0,1,1,0,1,f,1162.6373552059379,0.00071030697589141,29,1162.6371994894,0.0007802,0.00015571653784718364
0,37,0,1,1,1,1,e,3468.11963850884,0.001339752215896656,2,3468.1185838789,0.001355,0.0010546299399720738
0,37,0,1,1,1,1,f,3468.830985035103,0.0014815896867891596,2,3468.8311207699,0.001527,-0.00013573479691331158
0,37,0,1,1,3,1,e,8007.042448508841,0.001339752215896656,2,8007.0413938789,0.001355,0.0010546299408815685
0,37,0,1,1,3,1,f,8007.720309662413,0.0015290546098815437,1,8007.7203769217,0.001573,-6.725928778905654e-05
0,37,0,2,2,0,1,e,1823.3110501449137,0.005492722457943785,6,1823.3109352516,0.005509,0.00011489331359371135
0,37,0,2,2,0,1,f,1823.3180167567537,0.005098038838612355,7,1823.3175504672,0.005098,0.00046628955374217185
0,37,0,2,2,1,1,e,4117.249838160722,0.005264978632435274,2,4117.2496271083,0.005299,0.00021105242194607854
0,37,0,2,2,1,1,f,4117.261999378419,0.005195190083144217,2,4117.2599138083,0.005195,0.002085570119561453
0,37,0,2,2,3,1,e,8631.715751462158,0.005282045058497704,1,8631.7147920465,0.005282,0.0009594156581442803
0,37,0,2,2,3,1,f,8631.728627703778,0.005212485011968861,1,8631.7255725004,0.005384,0.0030552033786079846
0,37,1,0,0,0,1,e,1857.9763707581967,0.001249501500599339,4,1857.9760152132,0.001252,0.0003555449966370361
0,37,1,0,0,0,2,e,1745.918190446866,0.0012140275944145587,8,1745.9179876434,0.001217,0.0002028034659815603
0,37,1,0,0,1,1,e,4153.45170875521,0.0003242036397081316,9,4153.4513620345,0.0003643,0.0003467207106950809
0,37,1,0,0,1,2,e,4044.756243529436,0.0003242036397081316,10,4044.7560085007,0.0003643,0.0002350287359149661
0,37,1,0,0,2,1,e,6424.618085186608,0.001007525682054805,1,6424.6178750161,0.001021,0.00021017050858063158
0,37,1,0,0,2,2,e,6318.970911772283,0.001007525682054805,4,6318.9706788256,0.001021,0.00023294668335438473
0,37,1,0,0,3,1,e,8671.524255186607,0.0020037734402871,1,8671.5240450161,0.002011,0.00021017050676164217
0,37,1,0,0,3,2,e,8568.57611835796,0.002003823345507283,1,8568.575862635,0.002011,0.0002557229599915445
0,37,1,1,1,0,1,e,2538.4566683579587,0.0010076249302195734,1,2538.456412635,0.001021,0.00025572295862730243
0,37,1,1,1,0,1,f,2539.6655583405923,0.0015720540703169214,1,2539.6653579446,0.001574,0.00020039599212395842
0,37,1,1,1,0,2,e,2386.6827083579587,0.0010076249302195734,1,2386.682452635,0.001021,0.00025572295862730243
0,37,1,1,1,0,2,f,2387.694701448514,0.0007529515256641692,2,2387.693836401,0.0007802,0.0008650475137983449
0,37,1,1,1,1,1,e,4821.745512138081,0.0009407103698801241,3,4821.7442372101,0.0009627,0.0012749279803756508
0,37,1,1,1,1,2,e,4673.198668173242,0.0009407103698801241,5,4673.1976536622,0.0009627,0.001014511042740196
0,37,1,1,1,1,2,f,4674.193685137523,0.0011336260406324477,4,4674.193820176,0.001193,-0.00013503847731044516
0,37,1,1,1,2,1,e,7080.723285186608,0.001007525682054805,1,7080.7230750161,0.001021,0.00021017050858063158
0,37,1,1,1,2,1,f,7081.815328340593,0.0015720540703169214,1,7081.8151279446,0.001574,0.00020039599257870577
0,37,1,1,1,2,2,e,6935.150888042161,0.001339752215896656,1,6935.1498366189,0.001355,0.0010514232608329621
0,37,1,1,1,2,2,f,6936.131525696202,0.0014815896867891596,5,6936.1320172759,0.001527,-0.0004915796980640152
0,37,1,2,2,1,1,e,5486.8665781607215,0.005177837386399848,2,5486.8648305219,0.005195,0.0017476388211434823
0,37,1,2,2,1,1,f,5486.904459378418,0.005106858133921483,2,5486.9023738083,0.005971,0.002085570118651958
0,37,1,2,2,1,2,e,5307.563388160721,0.005177837386399848,2,5307.5631771083,0.005178,0.00021105242103658384
0,37,1,2,2,1,2,f,5307.563734378418,0.005106858133921483,2,5307.5616488083,0.005264,0.002085570118651958
0,37,1,2,2,2,2,e,7557.490691462157,0.005282045058497704,1,7557.4897320465,0.005282,0.0009594156572347856
0,37,1,2,2,2,2,f,7557.499927703777,0.005212485011968861,1,7557.4968725004,0.005384,0.0030552033767889952
0,37,2,0,0,0,1,e,3241.378568357959,0.0010076249302195734,1,3241.378312635,0.001021,0.0002557229590820498
0,37,2,0,0,0,2,e,3086.9233667722838,0.001007525682054805,2,3086.9231338256,0.001021,0.00023294668380913208
0,37,2,0,0,0,3,e,2975.0777617722833,0.001007525682054805,2,2975.0775288256,0.001021,0.00023294668335438473
0,37,2,0,0,1,1,e,5513.131831487436,0.00013003076559030177,5,5513.1315765513,0.000211,0.0002549361361161573
0,37,2,0,0,1,2,e,5364.190601770415,0.00012332072007574396,6,5364.1903688282,0.0002069,0.00023294221500691492
0,37,2,0,0,1,3,e,5253.417390617793,0.00012332072007574396,9,5253.4171116301,0.0002074,0.0002789876925817225
0,37,2,0,0,2,2,e,7617.202948863653,0.001007525682054805,5,7617.2031489481,0.001021,-0.00020008444698760286
0,37,2,0,0,2,3,e,7507.039085186609,0.001007525682054805,1,7507.0388750161,0.001021,0.00021017050858063158
0,37,2,1,1,0,2,e,3752.8308555796234,0.0003242036397081316,4,3752.8306226329,0.0003643,0.0002329467233721516
0,37,2,1,1,0,3,e,3599.2475851866084,0.001007525682054805,1,3599.2473750161,0.001021,0.00021017050858063158
0,37,2,1,1,1,1,e,6193.67730904216,0.0009898666576867814,1,6193.6762576189,0.001011,0.0010514232599234674
0,37,2,1,1,1,1,f,6195.305779339321,0.001164091061730138,3,6195.3054533373,0.001256,0.00032600202121102484
0,37,2,1,1,1,2,e,6017.31294990535,0.000898351824175807,4,6017.3118957988,0.0009213,0.0010541065503275604
0,37,2,1,1,1,3,e,5865.663549761031,0.0009025164818439605,3,5865.6624971074,0.0009254,0.0010526536316319834
0,37,2,1,1,1,3,f,5867.004932798408,0.0011171427840701474,3,5867.00508353,0.001177,-0.00015073159192979801
0,37,3,0,0,0,3,e,4311.719140770987,0.0003242036397081316,3,4311.7189088051,0.0003643,0.0002319658869964769
0,37,3,0,0,1,1,e,6891.920331772283,0.001007525682054805,2,6891.9200988256,0.001021,0.00023294668335438473
0,37,3,0,0,1,2,e,6705.905406820819,0.0005733306201486189,5,6705.9054240978,0.0005971,-1.7276981452596374e-05
0,37,3,0,0,1,3,e,6570.284877469204,0.0005733306201486189,8,6570.2845222364,0.0005969,0.0003552328034857055
0,37,3,0,0,1,4,e,6445.526931772283,0.001007525682054805,4,6445.5266988256,0.001021,0.00023294668335438473
0,37,3,1,1,1,1,f,7583.023330407794,0.0014815896867891596,1,7583.0235346182,0.001527,-0.00020421040608198382
0,37,3,1,1,1,2,e,7376.372438975519,0.0013505317471277747,1,7376.371381139,0.001366,0.0010578365190667682
0,37,3,1,1,1,2,f,7378.157830407794,0.0014815896867891596,1,7378.1580346182,0.001527,-0.00020421040608198382
0,37,3,1,1,1,3,e,7205.939048508841,0.001339752215896656,2,7205.9379938789,0.001355,0.0010546299408815685
0,37,3,1,1,1,3,f,7207.516420035104,0.0014815896867891596,2,7207.5165557699,0.001527,-0.00013573479645856423
0,37,3,1,1,1,4,f,7047.488630407794,0.0014815896867891596,1,7047.4888346182,0.001527,-0.00020421040608198382
0,37,3,2,2,1,4,e,7657.3388114621575,0.005282045058497704,1,7657.3378520465,0.005282,0.0009594156572347856
0,37,3,2,2,1,4,f,7657.291497703777,0.005212485011968861,1,7657.2884425004,0.005384,0.0030552033767889952
0,37,4,0,0,1,2,e,8069.750985186608,0.001007525682054805,1,8069.7507750161,0.001021,0.00021017050767113687
0,37,4,0,0,1,3,e,7896.499685108549,0.001007525682054805,3,7896.4994582038,0.001021,0.00022690474906994496
0,37,4,0,0,1,4,e,7767.995781772283,0.001007525682054805,2,7767.9955488256,0.001021,0.00023294668335438473
0,37,4,0,0,1,5,e,7622.987378357959,0.0010076249302195734,1,7622.987122635,0.001021,0.0002557229590820498
0,37,4,1,1,1,3,e,8554.88965804216,0.001339752215896656,1,8554.8886066189,0.001355,0.0010514232599234674
0,37,4,1,1,1,4,e,8386.38015804216,0.001339752215896656,1,8386.3791066189,0.001355,0.0010514232599234674
0,37,4,1,1,1,4,f,8388.260930407794,0.0014815896867891596,1,8388.2611346182,0.001527,-0.00020421040608198382
0,38,0,0,0,0,1,e,528.7275783579587,0.00012372550262577237,97,528.727322635,0.0002071,0.00025572295874098927
0,38,0,0,0,1,1,e,2847.001347870523,0.0012129975267905536,8,2847.0011455213,0.001216,0.0002023492234002333
0,38,0,0,0,2,1,e,5140.738710814643,0.0012495415159169381,4,5140.7385084662,0.001252,0.0002023484430537792
0,38,0,0,0,3,1,e,7409.967803242822,0.0015720597953004204,2,7409.967598942,0.001574,0.00020430082167877117
0,38,0,1,1,0,1,e,1189.0404389755192,0.0009077092045363426,26,1189.039381139,0.0009304,0.001057836519294142
0,38,0,1,1,0,1,f,1189.811209662412,0.0011567229573238357,19,1189.8112769217,0.001215,-6.725928801643022e-05
0,38,0,1,1,1,1,e,3495.0424628905516,0.00145447860073636,2,3495.0416664572,0.001481,0.0007964333517520572
0,38,0,1,1,1,1,f,3495.791491829206,0.0012265952877783283,2,3495.7913152441,0.001268,0.000176585105691629
0,38,0,1,1,3,1,e,8033.542532890551,0.00145447860073636,2,8033.5417364572,0.001481,0.0007964333508425625
0,38,0,1,1,3,1,f,8034.256271829207,0.0012265952877783283,2,8034.2560952441,0.001268,0.0001765851075106184
0,38,0,2,2,0,1,e,1850.5101514621572,0.005186520991955977,6,1850.5091920465,0.005187,0.0009594156572347856
0,38,0,2,2,0,1,f,1850.523027703777,0.005115662224971466,6,1850.5199725004,0.005291,0.003055203377016369
0,38,0,2,2,1,1,e,4144.245370144914,0.005583009940883145,1,4144.2452552516,0.005599,0.00011489331427583238
0,38,0,2,2,1,1,f,4144.252336756754,0.005195190083144217,1,4144.2518704672,0.005195,0.00046628955351479817
0,38,0,2,2,3,1,e,8658.293915980097,0.005107837115648854,1,8658.2942022001,0.005108,-0.00028622000354516786
0,38,0,2,2,3,1,f,8658.29852595778,0.005196152422706632,1,8658.2980629314,0.005196,0.0004630263792932965
0,38,1,0,0,0,1,e,1885.118664460092,0.00032589568883309883,6,1885.1184510313,0.0003658,0.00021342879199437448
0,38,1,0,0,0,2,e,1773.0022550170077,0.00013348033563038416,8,1773.0020048553,0.0002131,0.0002501617077541596
0,38,1,0,0,1,1,e,4180.377560296325,0.0012495415159169381,7,4180.3773538147,0.001252,0.00020648162535508163
0,38,1,0,0,1,2,e,4071.632614586888,0.0012495415159169381,8,4071.6324277498,0.001252,0.0001868370877673442
0,38,1,0,0,2,1,e,6451.327138242822,0.0015720597953004204,1,6451.326933942,0.001574,0.00020430082167877117
0,38,1,0,0,2,2,e,6345.640073291707,0.0015720540703169214,4,6345.6398709433,0.001574,0.00020234840758348582
0,38,1,0,0,3,1,e,8698.01585834059,0.002339092559092094,1,8698.0156579446,0.00234,0.00020039599075971637
0,38,1,1,1,0,1,e,2565.6027182428215,0.0015720597953004204,1,2565.602513942,0.001574,0.00020430082167877117
0,38,1,1,1,0,1,f,2566.8771783579587,0.0010076249302195734,1,2566.876922635,0.001021,0.00025572295862730243
0,38,1,1,1,0,2,e,2413.802008242822,0.0015720597953004204,1,2413.801803942,0.001574,0.00020430082213351852
0,38,1,1,1,0,2,f,2414.8665383579587,0.0010076249302195734,1,2414.866282635,0.001021,0.00025572295862730243
0,38,1,1,1,1,1,e,4848.680387583582,0.0010979562832827178,5,4848.6795934256,0.001133,0.0007941579824546352
0,38,1,1,1,1,1,f,4849.889235625259,0.0007710616058396372,6,4849.8890590401,0.0008359,0.0001765851593518164
0,38,1,1,1,1,2,e,4700.111145561327,0.0011146335720764917,3,4700.1102854287,0.001149,0.0008601326271673315
0,38,1,1,1,1,2,f,4701.158046461373,0.0007710616058396372,6,4701.1578669535,0.0008359,0.0001795078724171617
0,38,1,1,1,2,1,f,7108.597978357959,0.0010076249302195734,1,7108.597722635,0.001021,0.0002557229590820498
0,38,1,1,1,2,2,e,6961.855062890551,0.00145447860073636,2,6961.8542664572,0.001481,0.0007964333517520572
0,38,1,1,1,2,2,f,6962.888865087638,0.0010076249302195734,3,6962.8896245024,0.001021,-0.0007594147618874558
0,38,1,2,2,1,1,e,5513.879337285867,0.005,2,5513.8796224792,0.005,-0.0002851933331839973
0,38,1,2,2,1,1,f,5513.911071357267,0.005106858133921483,2,5513.9106066993,0.005107,0.00046465796731354203
0,38,1,2,2,1,2,e,5334.590085980097,0.005017967716117752,1,5334.5903722001,0.005018,-0.00028622000354516786
0,38,1,2,2,1,2,f,5334.5819459577815,0.005107837115648854,1,5334.5814829314,0.005108,0.0004630263811122859
0,38,2,0,0,0,1,e,3268.5659882428217,0.0015720597953004204,1,3268.565783942,0.001574,0.00020430082167877117
0,38,2,0,0,0,2,e,3114.007073291707,0.0015720540703169214,2,3114.0068709433,0.001574,0.00020234840712873847
0,38,2,0,0,0,3,e,3002.1749132917066,0.0015720540703169214,2,3002.1747109433,0.001574,0.00020234840667399112
0,38,2,0,0,1,1,e,5540.105793264142,0.0012131586870644747,7,5540.1055774797,0.001216,0.00021578444284386933
0,38,2,0,0,1,2,e,5391.060198058945,0.001213035036592101,10,5391.0599793712,0.001216,0.0002186877454732894
0,38,2,0,0,1,3,e,5280.312234865365,0.001213035036592101,7,5280.3120386612,0.001216,0.0001962041651495383
0,38,2,0,0,2,2,e,7643.857138242822,0.0015720597953004204,1,7643.856933942,0.001574,0.00020430082167877117
0,38,2,0,0,2,3,e,7533.735328340592,0.0015720540703169214,1,7533.7351279446,0.001574,0.00020039599166921107
0,38,2,1,1,0,2,e,3779.9370824875673,0.001249548718538017,3,3779.9368038043,0.001252,0.0002786832674246398
0,38,2,1,1,0,3,e,3626.3655983405924,0.0015720540703169214,1,3626.3653979446,0.001574,0.00020039599257870577
0,38,2,1,1,1,1,e,6220.634378242066,0.001270750959078922,1,6220.6335066435,0.001301,0.0008715985659364378
0,38,2,1,1,1,1,f,6222.3509682059375,0.0008572840836035626,1,6222.3508124894,0.000916,0.00015571653784718364
0,38,2,1,1,1,2,e,6044.2097016594,0.0010629713072327022,4,6044.208921441,0.001099,0.0007802183999956469
0,38,2,1,1,1,2,f,6045.616063660888,0.0007173116477515195,4,6045.6158870758,0.0007866,0.00017658508841122966
0,38,2,1,1,1,3,e,5892.581108956481,0.0010514314052756841,3,5892.5804628365,0.001097,0.0006461199809564278
0,38,2,1,1,1,3,f,5893.992536402584,0.0007839234656521005,2,5893.9923384266,0.0008478,0.00019797598361037672
0,38,3,0,0,0,3,e,4338.754258799308,0.0012495415159169381,2,4338.7540584033,0.001252,0.0002003960080401157
0,38,3,0,0,1,1,e,6918.939083291707,0.0015720540703169214,2,6918.9388809433,0.001574,0.00020234840667399112
0,38,3,0,0,1,2,e,6732.823074247857,0.0013360217064104908,4,6732.8228718995,0.001338,0.00020234835756127723
0,38,3,0,0,1,3,e,6597.11151881374,0.0013360217064104908,7,6597.1113149865,0.001338,0.0002038272405116004
0,38,3,0,0,1,4,e,6472.456214974669,0.0015720540703169214,3,6472.4560132771,0.001574,0.0002016975686274236
0,38,3,1,1,0,4,e,4826.780628340592,0.002339092559092094,1,4826.7804279446,0.00234,0.00020039599166921107
0,38,3,1,1,1,1,e,7607.904461242067,0.0014671087212609704,1,7607.9035896435,0.001493,0.0008715985668459325
0,38,3,1,1,1,2,f,7405.1639218292075,0.0012265952877783283,2,7405.1637452441,0.001268,0.0001765851075106184
0,38,3,1,1,1,3,e,7232.807032890551,0.00145447860073636,2,7232.8062364572,0.001481,0.0007964333517520572
0,38,3,1,1,1,3,f,7234.4680718292075,0.0012265952877783283,2,7234.4678952441,0.00128,0.0001765851075106184
0,38,3,1,1,1,4,e,7072.709404539037,0.00145447860073636,1,7072.7086832708,0.001481,0.0007212682367025991
0,38,3,1,1,1,4,f,7074.512355205939,0.0012265952877783283,1,7074.5121994894,0.001268,0.00015571653875667835
0,38,3,2,2,1,4,e,7684.3760259800965,0.005107837115648854,1,7684.3763122001,0.005108,-0.00028622000354516786
0,38,3,2,2,1,4,f,7684.3121859577805,0.005196152422706632,1,7684.3117229314,0.005196,0.0004630263802027912
0,38,4,0,0,1,2,e,8096.720033291707,0.0015720540703169214,2,8096.7198309433,0.001867,0.00020234840758348582
0,38,4,0,0,1,3,e,7923.350583291707,0.0015720540703169214,2,7923.3503809433,0.001574,0.00020234840758348582
0,38,4,0,0,1,4,e,7794.812238242822,0.0015720597953004204,1,7794.812033942,0.001574,0.00020430082167877117
0,38,4,0,0,1,5,e,7649.953493478682,0.0015720540703169214,4,7649.9532366069,0.001574,0.00025687178185762605
0,38,4,1,1,1,3,f,8583.809588452474,0.0012347210211217756,1,8583.8093909988,0.001276,0.00019745367353607435
0,38,4,1,1,1,4,f,8415.209971829208,0.0012265952877783283,2,8415.2097952441,0.0017,0.0001765851084201131
0,39,0,0,0,0,1,e,556.5419382428217,0.0012130012366028322,99,556.541733942,0.001216,0.000204300821792458
0,39,0,0,0,1,1,e,2874.5963204409218,0.00012456725091291053,3,2874.5961700632,0.0002076,0.00015037772163850605
0,39,0,0,0,2,1,e,5168.1150141439375,0.00032451194122867035,4,5168.1148110941,0.0003646,0.00020304983718233416
0,39,0,0,0,3,1,e,7437.125072400818,0.0010076249302195734,4,7437.1248693509,0.001021,0.00020304991812736262
0,39,0,1,1,0,1,e,1216.8868612420665,0.0010735026781522252,30,1216.8859896435,0.001109,0.0008715985666185588
0,39,0,1,1,0,1,f,1217.6967884524736,0.0007242485761118209,27,1217.6965909988,0.0007929,0.00019745367353607435
0,39,0,1,1,1,1,e,3522.671057678678,0.0013505317471277747,2,3522.669904474,0.001366,0.0011532046783031547
0,39,0,1,1,1,1,f,3523.460591004439,0.0015290546098815437,2,3523.4606250248,0.001573,-3.402036099942052e-05
0,39,0,1,1,3,1,e,8060.738238975519,0.0013505317471277747,1,8060.737181139,0.001366,0.0010578365190667682
0,39,0,1,1,3,1,f,8061.489612346466,0.0015447355760776665,1,8061.4896131279,0.001589,-7.814342097844929e-07
0,39,0,2,2,0,1,e,1878.4331159800968,0.005008991914547277,6,1878.4334022001,0.005009,-0.0002862200033177942
0,39,0,2,2,0,1,f,1878.4377259577807,0.005099019513592785,6,1878.4372629314,0.005099,0.00046302638065753854
0,39,1,0,0,0,1,e,1912.9732702879296,0.0012495815299531279,4,1912.9731111048,0.001252,0.00015918312965368386
0,39,1,0,0,0,2,e,1800.7981386656536,0.001214035007732479,9,1800.7979330245,0.001217,0.0002056411535704683
0,39,1,0,0,1,1,e,4208.010831649277,0.00032451194122867035,8,4208.0106298324,0.0003646,0.00020181687705189688
0,39,1,0,0,1,2,e,4099.21439426279,0.00032451194122867035,8,4099.2142351473,0.0003646,0.0001591154896232183
0,39,1,0,0,2,1,e,6478.739578357959,0.0010076249302195734,1,6478.739322635,0.001021,0.0002557229590820498
0,39,1,0,0,2,2,e,6373.009077400818,0.0010076249302195734,4,6373.0088743509,0.001021,0.00020304991721786791
0,39,1,0,0,3,1,e,8725.20875835796,0.002003823345507283,1,8725.208502635,0.002011,0.0002557229599915445
0,39,1,0,0,3,2,e,8622.189836443675,0.0020038732494846077,1,8622.1896860669,0.002011,0.00015037677439977415
0,39,1,1,1,0,1,e,2593.4614364436757,0.001007724168609645,1,2593.4612860669,0.001021,0.0001503767757640162
0,39,1,1,1,0,1,f,2594.8033982428215,0.0015720597953004204,1,2594.803193942,0.001574,0.00020430082167877117
0,39,1,1,1,0,2,e,2441.635593427901,0.001007724168609645,2,2441.6333762841,0.001021,0.0022171438008626865
0,39,1,1,1,0,2,f,2442.7538543526953,0.0008393664277298682,2,2442.7536558545,0.0008993,0.0001984981954592513
0,39,1,1,1,1,1,e,4876.322141577761,0.0009559999999999999,4,4876.3209883731,0.0009776,0.0011532046610227553
0,39,1,1,1,1,1,f,4877.596856038306,0.0011949928870081193,3,4877.596664531,0.00127,0.00019150730622641277
0,39,1,1,1,1,2,e,4727.729687403449,0.0009559999999999999,4,4727.7285341988,0.0009776,0.0011532046491993242
0,39,1,1,1,1,2,f,4728.832646390474,0.0012149930040950853,3,4728.8326471719,0.00127,-7.814260243321769e-07
0,39,1,1,1,2,1,f,7136.083938242821,0.0015720597953004204,1,7136.083733942,0.001574,0.00020430082076927647
0,39,1,1,1,2,2,e,6989.261232678678,0.0013505317471277747,2,6989.260079474,0.001366,0.0011532046783031547
0,39,1,1,1,2,2,f,6990.350305649543,0.0015290546098815437,4,6990.3498421831,0.001574,0.0004634664428522228
0,39,2,0,0,0,1,e,3296.466866443676,0.001007724168609645,1,3296.4667160669,0.001021,0.0001503767757640162
0,39,2,0,0,0,2,e,3141.8023124008173,0.0010076249302195734,2,3141.8021093509,0.001021,0.00020304991721786791
0,39,2,0,0,0,3,e,3029.9823624008172,0.0010076249302195734,2,3029.9821593509,0.001021,0.00020304991721786791
0,39,2,0,0,1,1,e,5567.788484577102,0.0001273106437027164,9,5567.7882814941,0.0002093,0.0002030830019066343
0,39,2,0,0,1,2,e,5418.635372022546,0.00012412896519346323,8,5418.6352806415,0.0002079,9.138104633166222e-05
0,39,2,0,0,1,3,e,5307.912729668222,0.00012412896519346323,8,5307.9125266491,0.0002074,0.00020301912172726588
0,39,2,0,0,2,2,e,7671.210576403323,0.0010076249302195734,3,7671.210373376,0.001021,0.00020302732355048647
0,39,2,0,0,2,3,e,7561.127374555103,0.0010076249302195734,4,7561.1271633447,0.001021,0.0002112104029947659
0,39,2,1,1,0,1,e,3988.991456443676,0.0003248199501262199,1,3988.9913060669,0.0003648,0.0001503767757640162
0,39,2,1,1,0,2,e,3807.755547997148,0.00032451194122867035,4,3807.7553245483,0.0003646,0.00022344884791891673
0,39,2,1,1,0,3,e,3654.1954083579585,0.0010076249302195734,1,3654.195152635,0.001021,0.00025572295862730243
0,39,2,1,1,1,1,e,6248.29851033378,0.0009840406495668762,2,6248.2981010938,0.001005,0.0004092399794899393
0,39,2,1,1,1,1,f,6250.106568346467,0.0012604396058518632,1,6250.1065691279,0.001314,-7.814333002897911e-07
0,39,2,1,1,1,2,e,6071.812654486415,0.0009389014857800577,3,6071.8114486232,0.0009609,0.0012058632155458326
0,39,2,1,1,1,2,f,6073.294904321022,0.0011722235281719949,4,6073.2949282049,0.001229,-2.3883878384367563e-05
0,39,2,1,1,1,3,e,5920.203014975519,0.0009184421593110804,1,5920.201957139,0.0009409,0.0010578365190667682
0,39,2,1,1,1,3,f,5921.690020583936,0.001169148408030392,2,5921.690071685,0.001226,-5.1101063945679925e-05
0,39,3,0,0,0,3,e,4366.498428357959,0.0010076249302195734,1,4366.498172635,0.001021,0.0002557229590820498
0,39,3,0,0,1,1,e,6946.667278357959,0.0010076249302195734,1,6946.667022635,0.001021,0.0002557229590820498
0,39,3,0,0,1,2,e,6760.44736252163,0.0005736793529490145,2,6760.4468327665,0.0005973,0.0005297551297189784
0,39,3,0,0,1,3,e,6624.642187137515,0.0005735050130556837,5,6624.641763716,0.0005971,0.00042342151482444024
0,39,3,0,0,1,4,e,6500.092782400818,0.0010076249302195734,4,6500.0927774511,0.001021,4.949717549607158e-06
0,39,3,1,1,0,4,e,4854.620878357959,0.002003823345507283,1,4854.620622635,0.002011,0.0002557229590820498
0,39,3,1,1,1,1,e,7635.594926381837,0.0013778374359843762,1,7635.593677809,0.001393,0.0012485728366300464
0,39,3,1,1,1,2,e,7430.899438975519,0.0013505317471277747,1,7430.898381139,0.001366,0.0010578365190667682
0,39,3,1,1,1,2,f,7432.881911004439,0.0015290546098815437,2,7432.8819450248,0.001573,-3.402036145416787e-05
0,39,3,1,1,1,3,e,7260.380126381837,0.0013778374359843762,1,7260.378877809,0.001393,0.0012485728366300464
0,39,3,1,1,1,3,f,7262.128212346466,0.0015447355760776665,1,7262.1282131279,0.001589,-7.814342097844929e-07
0,39,3,1,1,1,4,f,7102.246709662412,0.0015290546098815437,1,7102.2467769217,0.001573,-6.725928778905654e-05
0,39,4,0,0,1,2,e,8124.395163087243,0.0010076249302195734,3,8124.3955358834,0.001021,-0.00037279615662555443
0,39,4,0,0,1,3,e,7950.905526606215,0.0010076249302195734,3,7950.9053078524,0.001021,0.000218753814806405
0,39,4,0,0,1,4,e,7822.332162400818,0.0010076249302195734,2,7822.3319593509,0.001021,0.00020304991721786791
0,39,4,0,0,1,5,e,7677.626547422726,0.0010115418923603708,1,7677.6263621452,0.001025,0.0001852775258157635
0,39,4,1,1,1,3,e,8609.322038975519,0.0013505317471277747,1,8609.320981139,0.001366,0.0010578365181572735
0,39,4,1,1,1,4,e,8440.784038975518,0.0013505317471277747,1,8440.782981139,0.001366,0.0010578365181572735
0,4,0,0,0,0,1,e,7.138541008787342,2.6457513110645912e-05,94,7.138558433,2.646e-05,-1.7424212657601856e-05
0,4,0,0,0,1,1,e,2329.5173230754435,0.0012130799643881684,4,2329.5170557593,0.001215,0.0002673161434358917
0,4,0,0,0,2,1,e,4627.356436408232,0.0012495415159169381,4,4627.3561775793,0.001252,0.00025882893260131823
0,4,0,0,0,3,1,e,6900.6828210412605,0.0015720540703169214,4,6900.6825622124,0.001574,0.0002588288607512368
0,4,0,1,1,0,1,e,666.8477388033293,0.0007674868077042105,37,666.8475856865,0.0008014,0.00015311682932406256
0,4,0,1,1,0,1,f,666.8589490260767,0.0010768472500777445,32,666.858223765,0.00108,0.0007252610766954604
0,4,0,1,1,1,1,e,2976.9182751952167,0.0014543727170158274,2,2976.9175669623,0.002576,0.0007082329166223644
0,4,0,1,1,1,1,f,2976.927244087432,0.0011870282220739319,2,2976.9266507997,0.003111,0.0005932877320447005
0,4,0,2,2,0,1,e,1326.981251033424,0.005098038838612355,12,1326.9800919913,0.005099,0.0011590421240725846
0,4,0,2,2,0,1,f,1326.9804741632195,0.005008991914547277,14,1326.9796396963,0.005009,0.0008344669195139431
0,4,0,2,2,1,1,e,3624.7584243448205,0.005107837115648854,2,3624.7581042372,0.005108,0.00032010762060963316
0,4,0,2,2,1,1,f,3624.7591714316277,0.005195190083144217,2,3624.7585418575,0.005196,0.0006295741277426714
0,4,0,2,2,3,1,e,8146.892586422861,0.005107837115648854,2,8146.8921242141,0.005108,0.00046220876174629666
0,4,0,2,2,3,1,f,8146.893312444986,0.005,3,8146.8925512529,0.005,0.0007611920855197241
0,4,1,0,0,0,1,e,1362.8032053861762,0.0003009983388658482,5,1362.8034292296,0.0003017,-0.00022384342378245492
0,4,1,0,0,0,2,e,1251.7289321275016,0.0003009983388658482,10,1251.7288604791,0.0003011,7.164840167206421e-05
0,4,1,0,0,1,1,e,3662.2139453590025,0.0012495415159169381,6,3662.2136853414,0.001252,0.0002600176026135159
0,4,1,0,0,1,2,e,3554.361001617341,0.0012495415159169381,6,3554.3609308379,0.001252,7.077944110278622e-05
0,4,1,0,0,2,1,e,5937.324371041261,0.0015720540703169214,2,5937.3241122124,0.001574,0.0002588288607512368
0,4,1,0,0,2,2,e,5832.35761354126,0.0015720540703169214,4,5832.3573547124,0.001574,0.0002588288607512368
0,4,1,0,0,3,1,e,8188.181405635207,0.0016004543105006153,3,8188.1810845456,0.001602,0.0003210896065866109
0,4,1,0,0,3,2,e,8085.733851041261,0.002339092559092094,2,8085.7335922124,0.00234,0.0002588288607512368
0,4,1,1,1,0,1,e,2043.1885510412603,0.0015720540703169214,2,2043.1882922124,0.001574,0.00025882886029648944
0,4,1,1,1,0,1,f,2043.2055210087874,0.0010003499387714282,1,2043.205538433,0.001,-1.7424212501282454e-05
0,4,1,1,1,0,2,e,1891.867401905904,0.0008300819236677786,2,1891.8672631864,0.0008615,0.0001387195040933875
0,4,1,1,1,0,2,f,1891.8784810087873,0.0010003499387714282,1,1891.878498433,0.001,-1.742421272865613e-05
0,4,1,1,1,1,1,e,4330.331467562629,0.0010978160137290764,6,4330.3308571498,0.001098,0.0006104128287915955
0,4,1,1,1,1,1,f,4330.345856090745,0.0007064248013766221,6,4330.3449218122,0.0008116,0.0009342785451735836
0,4,1,1,1,1,2,e,4182.158828975138,0.0011083320801997928,6,4182.1576872786,0.001121,0.0011416965380703914
0,4,1,1,1,1,2,f,4182.171063893116,0.0007218974996493615,6,4182.1697703898,0.0007578,0.0012935033164467313
0,4,1,1,1,2,1,e,6593.17022708993,0.0015721176800736006,1,6593.1699597737,0.001574,0.0002673162307473831
0,4,1,1,1,2,2,e,6447.877028299805,0.0014543727170158274,5,6447.8763437816,0.001454,0.0006845182051620213
0,4,1,1,1,2,2,f,6447.89071473891,0.0011963009654764973,2,6447.8902884669,0.001218,0.00042627201037248597
0,4,1,2,2,1,1,e,4994.091638549472,0.005,3,4994.0911771712,0.005,0.00046137827212078264
0,4,1,2,2,1,1,f,4994.092392073885,0.005106858133921483,2,4994.0916156579,0.005108,0.0007764159854559693
0,4,1,2,2,1,2,e,4815.143934696518,0.005017967716117752,5,4815.1434528407,0.005018,0.00048185581817961065
0,4,1,2,2,1,2,f,4815.144691149174,0.005106858133921483,5,4815.1438950757,0.005108,0.0007960734737935127
0,4,1,2,2,2,2,f,7068.685873114346,0.005196152422706632,1,7068.6854793246,0.005196,0.0003937897454306949
0,4,2,0,0,0,1,e,2745.40065604126,0.0015720540703169214,2,2745.4003972124,0.001574,0.0002588288598417421
0,4,2,0,0,0,2,e,2592.8004060412604,0.0015720540703169214,2,2592.8001472124,0.001574,0.00025882886029648944
0,4,2,0,0,0,3,e,2480.6299060412603,0.0015720540703169214,2,2480.6296472124,0.001574,0.00025882886029648944
0,4,2,0,0,1,1,e,5021.048894330403,0.0012131586870644747,9,5021.0486341703,0.001215,0.00026016010269813705
0,4,2,0,0,1,2,e,4873.978462417386,0.001213035036592101,10,4873.9782222838,0.001215,0.00024013358597585466
0,4,2,0,0,1,3,e,4762.645255037009,0.001213035036592101,8,4762.6449961428,0.001215,0.0002588942088550539
0,4,2,0,0,2,1,e,7272.525582180887,0.0014543727170158274,1,7272.5255286901,0.001454,5.3490786740439944e-05
0,4,2,0,0,2,2,e,7130.913907072206,0.0016003918270223701,1,7130.9130466704,0.001602,0.0008604018057667417
0,4,2,0,0,2,3,e,7019.928883286857,0.0015743770196493597,1,7019.9285044148,0.001576,0.0003788720568991266
0,4,2,1,1,1,1,e,5701.880832885669,0.0011641735265844177,2,5701.8801924309,0.001164,0.000640454769381904
0,4,2,1,1,1,1,f,5701.903385140632,0.0007651378960684146,2,5701.9032459876,0.0007991,0.0001391530322507606
0,4,2,1,1,1,2,e,5526.585285410285,0.0010572133181151284,4,5526.5852159224,0.001057,6.948788541194517e-05
0,4,2,1,1,1,2,f,5526.600871009765,0.0006415107169798491,5,5526.6003660916,0.0006817,0.000504918164551782
0,4,2,1,1,1,3,e,5374.516343683015,0.0010577334257741882,4,5374.5164103443,0.001058,-6.666128501819912e-05
0,4,2,1,1,1,3,f,5374.532109084787,0.0006423674960643634,5,5374.5315885541,0.0006825,0.0005205306870266213
0,4,2,2,2,1,2,e,6177.23318800714,0.005059140243163853,1,6177.2326377426,0.005059,0.000550264539924683
0,4,2,2,2,1,2,f,6177.2339477489095,0.005129805064522434,1,6177.2330823904,0.005147,0.0008653585091451532
0,4,3,0,0,0,3,e,3818.453352974242,0.0012495415159169381,2,3818.4531026327,0.001252,0.00025034154214154114
0,4,3,0,0,1,1,e,6399.07557104126,0.0015720540703169214,2,6399.0753122124,0.001574,0.0002588288607512368
0,4,3,0,0,1,2,e,6214.849405235745,0.0013360217064104908,5,6214.8493130934,0.001338,9.214234432874946e-05
0,4,3,0,0,1,3,e,6080.827284175375,0.0013360217064104908,7,6080.826998375,0.001338,0.00028580037542269565
0,4,3,0,0,1,4,e,5954.075156390817,0.0015720540703169214,3,5954.0748947328,0.001574,0.0002616580168250948
0,4,3,1,1,1,1,e,7088.700082180887,0.0014543727170158274,1,7088.7000286901,0.001454,5.3490786740439944e-05
0,4,3,1,1,1,1,f,7088.729967500372,0.0011870282220739319,1,7088.7294803521,0.001209,0.000487148272441118
0,4,3,1,1,1,2,e,6885.419495195218,0.0014543727170158274,2,6885.4187869623,0.001454,0.0007082329175318591
0,4,3,1,1,1,2,f,6885.442900674491,0.0011963009654764973,1,6885.4422012474,0.001218,0.0006994270916038658
0,4,3,1,1,1,3,e,6715.735545195216,0.0014543727170158274,2,6715.7348369623,0.001454,0.0007082329166223644
0,4,3,1,1,1,3,f,6715.755684087433,0.0011870282220739319,2,6715.7550907997,0.001209,0.0005932877329541952
0,4,4,0,0,1,1,e,7791.610914992591,0.0015720540703169214,1,7791.6106646511,0.001574,0.0002503414907550905
0,4,4,0,0,1,2,e,7577.813817072206,0.0016003918270223701,1,7577.8129566704,0.001602,0.0008604018057667417
0,4,4,0,0,1,3,e,7406.685655610396,0.0015720540703169214,4,7406.6852163775,0.001574,0.00043923289558733813
0,4,4,0,0,1,4,e,7278.6552367622335,0.0015720540703169214,4,7278.6544592259,0.001574,0.0007775363337714225
0,4,4,0,0,1,5,e,7130.824298110395,0.0015720540703169214,4,7130.8234563921,0.001574,0.000841718295305327
0,4,4,1,1,1,3,e,8064.777908209547,0.0014623269128344728,1,8064.7765452344,0.001515,0.001362975146548706
0,4,4,1,1,1,3,f,8064.802634087432,0.0011870282220739319,2,8064.8020407997,0.001209,0.0005932877320447005
0,40,0,0,0,0,1,e,585.067646443676,0.0001245311206084648,86,585.0674960669,0.0002076,0.00015037677599138988
0,40,0,0,0,1,1,e,2902.8979752910136,0.0012130049464037648,7,2902.8977709349,0.001216,0.00020435611349967076
0,40,0,0,0,2,1,e,5196.192308166608,0.001249548718538017,4,5196.1921125,0.001252,0.00019566660830605542
0,40,0,0,0,3,1,e,7464.978048900553,0.0015720597953004204,4,7464.9778532339,0.001574,0.0001956666537807905
0,40,0,1,1,0,1,e,1245.4455263818368,0.0009478586392495454,25,1245.444277809,0.0009697,0.00124857283685742
0,40,0,1,1,0,1,f,1246.2983123464658,0.0011773733477533793,24,1246.2983131279,0.001234,-7.814342097844929e-07
0,40,0,1,1,1,1,e,3551.0059827785735,0.0014671087212609704,2,3551.0050214912,0.001493,0.000961287373684172
0,40,0,1,1,1,1,f,3551.8361793857193,0.0012347210211217756,2,3551.8360452277,0.001276,0.00013415801913652103
0,40,0,1,1,3,1,e,8088.62990431508,0.0014847248903416415,1,8088.6288533389,0.001511,0.0010509761805224116
0,40,0,1,1,3,1,f,8089.417850318966,0.0012945408452420496,1,8089.4177794567,0.001345,7.086226560204523e-05
0,40,0,2,2,0,1,f,1907.0738104732031,0.005099019513592785,2,1907.0738104739,0.005099,-6.969003152335063e-10
0,40,0,2,2,1,1,e,4200.358802713995,0.005,3,4200.3585175209,0.005,0.00028519309489638545
0,40,0,2,2,1,1,f,4200.363782301348,0.005,3,4200.3633290876,0.005,0.0004532137481874088
0,40,1,0,0,0,1,e,1941.540974408336,0.00032589568883309883,3,1941.5407714261,0.0003658,0.0002029822360327671
0,40,1,0,0,0,2,e,1829.3045974227257,0.00015237125713204577,8,1829.3044121452,0.0002254,0.00018527752558838984
0,40,1,0,0,1,1,e,4236.351727724072,0.001249548718538017,7,4236.3515318492,0.001252,0.000195874871678825
0,40,1,0,0,1,2,e,4127.502357486528,0.001249548718538017,10,4127.5021608587,0.001252,0.00019662782779050758
0,40,1,0,0,2,2,e,6401.078371400554,0.0015720597953004204,4,6401.0781757339,0.001574,0.0001956666537807905
0,40,1,0,0,3,1,e,8753.093048056087,0.001600459933894004,2,8753.0923864276,0.001602,0.0006616284881602041
0,40,1,0,0,3,2,e,8650.051149558287,0.0023391391578954854,1,8650.0509625259,0.00234,0.00018703238674788736
0,40,1,1,1,0,1,e,2622.0336095582857,0.001572123404825461,1,2622.0334225259,0.001574,0.00018703238583839266
0,40,1,1,1,0,1,f,2623.444216443676,0.001007724168609645,1,2623.4440660669,0.001021,0.0001503767757640162
0,40,1,1,1,0,2,e,2470.1765695582853,0.001572123404825461,1,2470.1763825259,0.001574,0.0001870323853836453
0,40,1,1,1,0,2,f,2471.353746443676,0.001007724168609645,1,2471.3535960669,0.001021,0.0001503767757640162
0,40,1,1,1,1,1,e,4904.671157778574,0.0011146335720764917,2,4904.6706655577,0.001149,0.0004922208736388711
0,40,1,1,1,1,1,f,4906.010688958041,0.0007839234656521005,5,4906.0105567162,0.0008478,0.00013224184112914372
0,40,1,1,1,1,2,e,4756.0553318106695,0.0011146335720764917,7,4756.0544104391,0.001149,0.0009213715693476843
0,40,1,1,1,1,2,f,4757.212545551398,0.0008751205631225906,4,4757.2124746892,0.000948,7.08621982994373e-05
0,40,1,1,1,2,1,e,7162.998428900553,0.0015720597953004204,2,7162.9982332339,0.001581,0.0001956666537807905
0,40,1,1,1,2,1,f,7164.272246443676,0.001007724168609645,1,7164.2720960669,0.001021,0.00015037677530926885
0,40,1,1,1,2,2,e,7017.369615871424,0.0014671087212609704,5,7017.3686826522,0.001493,0.0009332192239526194
0,40,1,1,1,2,2,f,7018.5135484524735,0.0012347210211217756,1,7018.5133509988,0.001276,0.00019745367353607435
0,40,1,2,2,1,1,f,5570.061456416968,0.005107837115648854,1,5570.0609948874,0.005108,0.00046152956838341197
0,40,1,2,2,1,2,e,5390.735739968275,0.005017967716117752,2,5390.7359352461,0.005018,-0.00019527782478689915
0,40,1,2,2,1,2,f,5390.726871187375,0.005107837115648854,2,5390.7264089094,0.005108,0.0004622779752025963
0,40,2,0,0,0,2,e,3170.309033900554,0.0015720597953004204,2,3170.3088382339,0.001574,0.0001956666537807905
0,40,2,0,0,0,3,e,3058.501573900554,0.0015720597953004204,2,3058.5013782339,0.001574,0.0001956666537807905
0,40,2,0,0,1,1,e,5596.180261280044,0.0012133721605509169,5,5596.1800656258,0.001216,0.00019565424372558482
0,40,2,0,0,1,2,e,5446.916986739945,0.0012130424559758822,10,5446.9167909428,0.001216,0.00019579714535211679
0,40,2,0,0,1,3,e,5336.219536577872,0.0012130424559758822,6,5336.2193235083,0.001216,0.00021306957205524668
0,40,2,0,0,2,2,e,7699.2650280094,0.001600459933894004,1,7699.2645961673,0.001602,0.00043184210062463535
0,40,2,0,0,2,3,e,7589.222361255473,0.0015720597953004204,3,7589.2221475014,0.001574,0.00021375407231971622
0,40,2,1,1,0,2,e,3836.286180781287,0.001249548718538017,4,3836.2859851147,0.001252,0.00019566658693292993
0,40,2,1,1,0,3,e,3682.738598242822,0.0015720597953004204,1,3682.738393942,0.001574,0.00020430082167877117
0,40,2,1,1,1,1,e,6276.671639242067,0.001142150603029215,1,6276.6707676435,0.001176,0.0008715985668459325
0,40,2,1,1,1,1,f,6278.571813452474,0.0008633863561581224,1,6278.5716159988,0.0009218,0.00019745367444556905
0,40,2,1,1,1,2,e,6100.122842665792,0.0010884888607606419,4,6100.1218598276,0.001124,0.0009828381917031948
0,40,2,1,1,1,2,f,6101.678924010866,0.0007341226055639481,3,6101.6786772352,0.000802,0.00024677566580066923
0,40,2,1,1,1,3,e,5948.533844315081,0.0011377205280735686,1,5948.5327933389,0.001171,0.0010509761814319063
0,40,2,1,1,1,3,f,5950.093330318966,0.0008751205631225906,1,5950.0932594567,0.000948,7.086226560204523e-05
0,40,3,0,0,0,3,e,4394.9541520301245,0.001249548718538017,3,4394.953747873,0.001252,0.0004041571246489184
0,40,3,0,0,1,1,e,6975.1070789005535,0.0015720597953004204,2,6975.1068832339,0.001681,0.0001956666537807905
0,40,3,0,0,1,2,e,6788.781084564378,0.0013360284428110055,4,6788.7808888978,0.001338,0.00019566657829273026
0,40,3,0,0,1,3,e,6652.87743626146,0.0013360284428110055,7,6652.8771248916,0.001338,0.00031136986035562586
0,40,3,0,0,1,4,e,6528.437028900554,0.0015720597953004204,2,6528.4368332339,0.001574,0.0001956666537807905
0,40,3,1,1,1,1,e,7663.994004315081,0.0014847248903416415,1,7663.9929533389,0.001511,0.0010509761805224116
0,40,3,1,1,1,2,e,7459.224182778574,0.0014671087212609704,2,7459.2232214912,0.001493,0.000961287373684172
0,40,3,1,1,1,2,f,7461.306150318966,0.0012945408452420496,1,7461.3060794567,0.001345,7.086226560204523e-05
0,40,3,1,1,1,3,e,7288.659561242066,0.0014671087212609704,1,7288.6586896435,0.001493,0.0008715985659364378
0,40,3,1,1,1,3,f,7290.49471938572,0.0012347210211217756,2,7290.4945852277,0.001276,0.00013415802004601574
0,40,3,1,1,1,4,e,7128.696461242066,0.0014671087212609704,1,7128.6955896435,0.001493,0.0008715985659364378
0,40,3,1,1,1,4,f,7130.687488452473,0.0012347210211217756,1,7130.6872909988,0.001276,0.00019745367353607435
0,40,3,2,2,1,4,e,7740.562803956453,0.0051254268114958,1,7740.562908292,0.005125,-0.00010433554780320264
0,40,4,0,0,1,2,e,8152.782978900554,0.0015720597953004204,2,8152.7827832339,0.001574,0.0001956666537807905
0,40,4,0,0,1,3,e,7979.167765488921,0.0015720597953004204,3,7979.1672386036,0.001574,0.0005268853210509405
0,40,4,0,0,1,4,e,7850.555138242821,0.0015720597953004204,1,7850.554933942,0.001574,0.00020430082076927647
0,40,4,0,0,1,5,e,7706.009158331174,0.0015720597953004204,4,7706.0089512575,0.001574,0.00020707367457362125
0,40,4,1,1,1,4,e,8469.044161242065,0.0014671087212609704,1,8469.0432896435,0.001493,0.0008715985659364378
0,41,0,0,0,0,1,e,614.3055195582857,0.001213083673948339,87,614.3053325259,0.001216,0.00018703238572470582
0,41,0,0,0,1,1,e,2931.9050011959607,0.0001439340126585791,4,2931.9048223003,0.0002198,0.0001788956606105785
0,41,0,0,0,2,1,e,5224.969418863051,0.0003248199501262199,4,5224.9692667949,0.0003648,0.00015206815078272484
0,41,0,0,0,3,1,e,7493.525073897105,0.0010078233972279072,2,7493.5249201376,0.001021,0.0001537595053378027
0,41,0,1,1,0,1,e,1274.7167043150807,0.0010974552382671467,24,1274.7156533389,0.001132,0.0010509761807497853
0,41,0,1,1,0,1,f,1275.6106503189656,0.0008220924522217681,24,1275.6105794567,0.0008993,7.086226560204523e-05
0,41,0,1,1,1,1,e,3580.0501063472466,0.0013778374359843762,2,3580.0494413925,0.001393,0.0006649547467532102
0,41,0,1,1,1,1,f,3580.922390635604,0.0015447355760776665,2,3580.9224132389,0.001589,-2.2603295747103402e-05
0,41,0,1,1,3,1,e,8117.216316312656,0.001419167361518718,1,8117.2162349759,0.001456,8.133675601129653e-05
0,41,0,2,2,0,1,e,1936.4102839564523,0.005026927491022722,4,1936.410388292,0.005027,-0.00010433554780320264
0,41,0,2,2,0,1,f,1936.4169764169683,0.005099019513592785,4,1936.4165148874,0.005099,0.00046152956838341197
0,41,0,2,2,1,1,f,4229.487490473211,0.005,3,4229.4874904739,0.005,-6.884874892421067e-10
0,41,1,0,0,0,1,e,1970.8219680094007,0.001249588732343566,6,1970.8215361673,0.001252,0.00043184210062463535
0,41,1,0,0,0,2,e,1858.5227027617948,0.001214035007732479,10,1858.522484281,0.001217,0.00021848079472874815
0,41,1,0,0,1,1,e,4265.399468295818,0.0003248199501262199,6,4265.3993163621,0.0003648,0.00015193371837085579
0,41,1,0,0,1,2,e,4156.495332421593,0.0003248199501262199,5,4156.4951380068,0.0003648,0.0001944147934409557
0,41,1,0,0,2,1,e,6535.666246443676,0.001007724168609645,1,6535.6660960669,0.001021,0.00015037677621876355
0,41,1,0,0,2,2,e,6429.847604745963,0.001007724168609645,3,6429.847452114,0.001021,0.0001526319629192585
0,41,1,0,0,3,1,e,8781.673926443676,0.0020038732494846077,1,8781.6737760669,0.002011,0.00015037677621876355
0,41,1,1,1,0,1,e,2651.3182688971046,0.0010078233972279072,1,2651.3181151376,0.001021,0.000153759504428308
0,41,1,1,1,0,1,f,2652.8004895582853,0.001572123404825461,1,2652.8003025259,0.001574,0.0001870323853836453
0,41,1,1,1,0,2,e,2499.431508897105,0.0010078233972279072,1,2499.4313551376,0.001021,0.00015375950488305534
0,41,1,1,1,0,2,f,2500.667799558286,0.001572123404825461,1,2500.6676125259,0.001574,0.00018703238583839266
0,41,1,1,1,1,1,e,4933.725073662844,0.0009942011868832182,5,4933.7275687806,0.0011,-0.002495117756552645
0,41,1,1,1,1,1,f,4935.136152594466,0.0012443504329568901,2,4935.1361970196,0.001298,-4.442513454705477e-05
0,41,1,1,1,1,2,e,4785.086648498779,0.0009942011868832182,5,4785.0859658768,0.001015,0.0006826219787399168
0,41,1,1,1,1,2,f,4786.303182603186,0.0012149930040950853,4,4786.3031865318,0.00127,-3.928614205506165e-06
0,41,1,1,1,2,1,e,7191.828346443676,0.001007724168609645,1,7191.8281960669,0.001021,0.00015037677621876355
0,41,1,1,1,2,2,e,7046.178483025444,0.0013778374359843762,3,7046.1776235313,0.001393,0.0008594941436967929
0,41,1,1,1,2,2,f,7047.379143924742,0.0015679311209361208,2,7047.3791883498,0.001611,-4.442505814949982e-05
0,41,1,2,2,1,1,f,5599.204836852148,0.005017967716117752,1,5599.2048368528,0.005018,-6.521077011711895e-10
0,41,1,2,2,1,2,f,5419.860110473203,0.005107837115648854,1,5419.8601104739,0.005108,-6.96672941558063e-10
0,41,2,0,0,0,2,e,3199.5271026703904,0.001007724168609645,2,3199.5269506022,0.001021,0.00015206819034574437
0,41,2,0,0,0,3,e,3087.7314626703906,0.001007724168609645,2,3087.7313106022,0.001021,0.00015206819034574437
0,41,2,0,0,1,1,e,5625.280294699019,0.00012809371569284735,7,5625.2801610933,0.0002098,0.0001336057184744277
0,41,2,0,0,1,2,e,5475.903836909359,0.00012493198149393135,5,5475.903686773,0.0002079,0.0001501363585703075
0,41,2,0,0,1,3,e,5365.231485140209,0.00012493198149393135,7,5365.2313330721,0.0002079,0.00015206810894596856
0,41,2,0,0,2,2,e,7728.021484322368,0.0010078233972279072,2,7728.0213360157,0.001021,0.00014830666805210058
0,41,2,0,0,2,3,e,7618.0176152422755,0.0010090673912083374,2,7618.0174387011,0.001023,0.00017654117527854396
0,41,2,1,1,0,2,e,3865.528965560299,0.0003248199501262199,4,3865.5283843577,0.0003648,0.0005812025992781855
0,41,2,1,1,0,3,e,3711.993046443676,0.001007724168609645,1,3711.9928960669,0.001021,0.00015037677621876355
0,41,2,1,1,1,1,f,6307.749349346466,0.001279143463416047,1,6307.7493501279,0.001332,-7.814333002897911e-07
0,41,2,1,1,1,2,e,6129.137138879893,0.0010181041204120529,2,6129.1370575432,0.001069,8.133669325616211e-05
0,41,2,1,1,1,2,f,6130.773583947444,0.0011926055508842813,3,6130.7736069376,0.001249,-2.299015523021808e-05
0,41,2,1,1,1,3,e,5977.571080241949,0.0009612679127069622,2,5977.5704194574,0.0009828,0.0006607845489270403
0,41,2,1,1,1,3,f,5979.209008924741,0.0012443504329568901,1,5979.2090533498,0.001298,-4.442505905899452e-05
0,41,3,0,0,1,1,e,7004.254746443676,0.001007724168609645,1,7004.2545960669,0.001021,0.00015037677530926885
0,41,3,0,0,1,2,e,6817.820704733619,0.0005736793529490145,3,6817.8205537049,0.0005973,0.00015102871930139372
0,41,3,0,0,1,3,e,6681.816567381086,0.0005736793529490145,6,6681.8163242631,0.0005973,0.00024311798642884241
0,41,3,0,0,1,4,e,6557.486003928152,0.001007724168609645,3,6557.4858524238,0.001021,0.0001515043522886117
0,41,3,1,1,1,1,f,7695.675365635603,0.0015447355760776665,2,7695.6753882389,0.001589,-2.2603297111345455e-05
0,41,3,1,1,1,2,e,7488.254171347247,0.0013778374359843762,2,7488.2535063925,0.001393,0.0006649547476627049
0,41,3,1,1,1,2,f,7490.442312346466,0.0015447355760776665,1,7490.4423131279,0.001589,-7.814342097844929e-07
0,41,3,1,1,1,3,e,7317.641221347247,0.0013778374359843762,2,7317.6405563925,0.001393,0.0006649547467532102
0,41,3,1,1,1,4,e,7157.749226381837,0.0013778374359843762,1,7157.747977809,0.001393,0.0012485728366300464
0,41,3,1,1,1,4,f,7159.839812346466,0.0015447355760776665,1,7159.8398131279,0.001589,-7.814342097844929e-07
0,41,4,0,0,1,3,e,8008.133264254501,0.001007724168609645,3,8008.133276244,0.001021,-1.1989498489128891e-05
0,41,4,0,0,1,4,e,7879.483646443676,0.001007724168609645,1,7879.4834960669,0.001021,0.00015037677530926885
0,41,4,0,0,1,5,e,7735.097846443676,0.001007724168609645,1,7735.0976960669,0.001021,0.00015037677530926885
0,42,0,0,0,0,1,e,644.2544488971049,0.0001253315602711464,80,644.2542951376,0.0002081,0.00015375950488305534
0,42,0,0,0,1,1,e,2961.618803555628,0.001213087383497166,3,2961.6186165232,0.001216,0.00018703242767514894
0,42,0,0,0,2,1,e,5254.447460973163,0.0012496287448678508,4,5254.4472705312,0.001252,0.00019044196324102813
0,42,0,0,0,3,1,e,7522.768097296298,0.0015721870117769068,2,7522.7679034448,0.001574,0.00019385149789741263
0,42,0,1,1,0,1,e,1304.6989163126568,0.0010069935451630263,25,1304.6988349759,0.001058,8.133675692079123e-05
0,42,0,1,1,0,1,f,1305.6390189247415,0.0012076456433904772,21,1305.6390633498,0.001263,-4.4425058376873494e-05
0,42,0,1,1,1,1,e,3609.8003164085917,0.0014847248903416415,2,3609.7991800508,0.001511,0.0011363577918928058
0,42,0,1,1,1,1,f,3610.713186291197,0.0012945408452420496,2,3610.7135687327,0.001345,-0.000382441503006703
0,42,0,1,1,3,1,e,8146.500838502103,0.0015266001441110897,1,8146.4996167627,0.001569,0.0012217394032632
0,42,0,1,1,3,1,f,8147.368192263428,0.0013142435086390953,1,8147.3690280086,0.001399,-0.0008357451724805287
0,42,0,2,2,0,1,f,1966.482306852148,0.005008991914547277,3,1966.4823068528,0.005009,-6.521077011711895e-10
0,42,0,2,2,1,1,f,4259.313496416968,0.00521344415909483,1,4259.3130348874,0.005213,0.00046152956747391727
0,42,1,0,0,0,1,e,2000.8152197476288,0.00032497384510141733,5,2000.8150768939,0.000365,0.00014285372890299186
0,42,1,0,0,0,2,e,1888.4510330618236,0.0001349703671181197,6,1888.4508652569,0.000214,0.00016780492364887323
0,42,1,0,0,1,1,e,4295.154750415129,0.0012496287448678508,5,4295.1546375904,0.001252,0.00011282472860330017
0,42,1,0,0,1,2,e,4186.194081568025,0.0012496287448678508,6,4186.1938853825,0.001252,0.00019618552414613077
0,42,1,0,0,2,1,e,6565.184150927292,0.001572123404825461,2,6565.1839604853,0.001574,0.0001904419914353639
0,42,1,0,0,2,2,e,6459.316408050294,0.001572123404825461,3,6459.3165448341,0.001574,-0.00013678380582859972
0,42,1,0,0,3,1,e,8810.952539558286,0.0023391391578954854,1,8810.9523525259,0.00234,0.00018703238674788736
0,42,1,1,1,0,1,e,2681.3162522962975,0.0015721870117769068,1,2681.3160584448,0.001574,0.00019385149744266528
0,42,1,1,1,0,1,f,2682.870628897105,0.0010078233972279072,1,2682.8704751376,0.001021,0.00015375950488305534
0,42,1,1,1,0,2,e,2529.3989122962976,0.0015721870117769068,1,2529.3987184448,0.001574,0.00019385149744266528
0,42,1,1,1,0,2,f,2530.693708897105,0.0010078233972279072,1,2530.6935551376,0.001021,0.00015375950488305534
0,42,1,1,1,1,1,e,4963.493181857594,0.0011377205280735686,3,4963.4920418231,0.001171,0.0011400344938010676
0,42,1,1,1,1,1,f,4964.968532263429,0.0013142435086390953,1,4964.9693680086,0.001399,-0.000835745171571034
0,42,1,1,1,1,2,e,4814.8253535322365,0.0011377205280735686,3,4814.8242134977,0.001171,0.0011400345365473186
0,42,1,1,1,1,2,f,4816.098120694867,0.0008751205631225906,4,4816.0985942831,0.000948,-0.000473588233035116
0,42,1,1,1,2,1,f,7222.762248897106,0.0010078233972279072,1,7222.7620951376,0.001021,0.0001537595053378027
0,42,1,1,1,2,2,e,7075.687443502103,0.0015266001441110897,2,7075.6862217627,0.001569,0.0012217394023537054
0,42,1,1,1,2,2,f,7076.945174300454,0.0012945408452420496,3,7076.9454056407,0.001345,-0.00023134024650062202
0,42,1,2,2,1,2,e,5449.702773956452,0.005035871324805669,1,5449.702878292,0.005036,-0.00010433554780320264
0,42,1,2,2,1,2,f,5449.6944364169685,0.005107837115648854,2,5449.6939748874,0.005108,0.00046152956838341197
0,42,2,0,0,0,2,e,3229.457205927292,0.001572123404825461,2,3229.4570154853,0.001574,0.00019044199189011124
0,42,2,0,0,0,3,e,3117.672470927291,0.001572123404825461,2,3117.6722804853,0.001574,0.0001904419914353639
0,42,2,0,0,1,1,e,5655.089764834855,0.0012134545726973055,5,5655.0896506865,0.001216,0.00011414835444156779
0,42,2,0,0,1,2,e,5505.596823983065,0.0012131248905203455,11,5505.5966329395,0.001216,0.00019104356579191517
0,42,2,0,0,1,3,e,5394.949572661353,0.0012131248905203455,9,5394.949383038,0.001216,0.00018962335343530867
0,42,2,0,0,2,2,e,7757.47564842911,0.001572123404825461,3,7757.4763557529,0.001574,-0.0007073237902659457
0,42,2,0,0,2,3,e,7647.512753411829,0.001572123404825461,3,7647.5125493614,0.001574,0.00020405042960192077
0,42,2,1,1,0,2,e,3895.482677441053,0.0012496287448678508,4,3895.4817317791,0.001252,0.0009456619532102195
0,42,2,1,1,0,3,e,3741.9606395582855,0.001572123404825461,1,3741.9604525259,0.001574,0.0001870323853836453
0,42,2,1,1,1,1,e,6335.542791969139,0.0012493630377116171,2,6335.5416180177,0.001301,0.001173951439341181
0,42,2,1,1,1,1,f,6337.635191318966,0.0017722121769133627,1,6337.6351204567,0.001809,7.086226560204523e-05
0,42,2,1,1,1,2,e,6158.860283658591,0.0011659365334356754,4,6158.8589535823,0.001221,0.001330076290287252
0,42,2,1,1,1,2,f,6160.5732467379175,0.0008394855567548499,4,6160.5744622571,0.0009894,-0.0012155191825513612
0,42,2,1,1,1,3,e,6007.313203039517,0.0011137809479426373,2,6007.3120418951,0.001148,0.0011611444169830065
0,42,2,1,1,1,3,f,6009.028039492415,0.000856408780898468,2,6009.0283224282,0.0009308,-0.00028293578543525655
0,42,3,0,0,1,1,e,7034.116400927292,0.001572123404825461,2,7034.1162104853,0.001632,0.0001904419914353639
0,42,3,0,0,1,2,e,6847.567882509761,0.0013361032894203951,3,6847.5676941632,0.001338,0.00018834656111721415
0,42,3,0,0,1,3,e,6711.460649250825,0.0013361032894203951,7,6711.4602479586,0.001338,0.000401292224523786
0,42,3,0,0,1,4,e,6587.241019558285,0.001572123404825461,1,6587.2408325259,0.001574,0.00018703238492889795
0,42,3,1,1,0,4,e,4942.411919558286,0.0023391391578954854,1,4942.4117325259,0.00234,0.00018703238583839266
0,42,3,1,1,1,2,e,7517.993104315081,0.0014847248903416415,1,7517.9920533389,0.001511,0.0010509761805224116
0,42,3,1,1,1,2,f,7520.286321291197,0.0012945408452420496,2,7520.2867037327,0.001345,-0.00038244150255195564
0,42,3,1,1,1,3,f,7349.351971291197,0.0012945408452420496,2,7349.3523537327,0.001345,-0.00038244150346145034
0,42,4,0,0,1,2,e,8211.682219558286,0.001572123404825461,1,8211.6820325259,0.001574,0.00018703238674788736
0,42,4,0,0,1,3,e,8037.80608995466,0.001572123404825461,3,8037.805819046,0.001574,0.0002709086602408206
0,42,4,0,0,1,4,e,7909.115684948442,0.001572123404825461,2,7909.1154349264,0.001574,0.00025002204256452387
0,42,4,0,0,1,5,e,7764.893750927292,0.001572123404825461,2,7764.8935604853,0.001574,0.0001904419914353639
0,42,4,1,1,1,4,e,8527.67970431508,0.0014847248903416415,1,8527.6786533389,0.001511,0.001050976179612917
0,43,0,0,0,0,1,e,674.9153822962975,0.0012131661056920442,81,674.9151884448,0.001216,0.00019385149744266528
0,43,0,0,0,1,1,e,2992.037766227986,0.00012536745989290846,7,2992.0376123919,0.0002081,0.00015383608615593403
0,43,0,0,0,2,1,e,5284.625433453104,0.00032512766723242733,4,5284.6252796421,0.0003651,0.00015381100365630118
0,43,0,0,0,3,1,e,7552.704442458646,0.001007832327324342,2,7552.7042885962,0.001021,0.00015386244558612816
0,43,0,1,1,0,1,e,1335.3958385021028,0.0011534764843723515,28,1335.3946167627,0.001209,0.0012217394028084527
0,43,0,1,1,0,1,f,1336.3774922634282,0.0008527813318782255,19,1336.3783280086,0.0009779,-0.0008357451717984077
0,43,0,1,1,1,1,e,3640.2553561954683,0.001419167361518718,2,3640.2552646916,0.001456,9.150386813416844e-05
0,43,0,1,1,1,1,f,3641.212959198772,0.0015679311209361208,2,3641.2126664336,0.002512,0.00029276517170728766
0,43,0,1,1,3,1,e,8176.477316078281,0.0014424409866611526,1,8176.4772144073,0.001479,0.00010167098025704036
0,43,0,1,1,3,1,f,8177.389869472802,0.0016243177029140574,1,8177.3892395174,0.001676,0.0006299554024735698
0,43,0,2,2,0,1,f,1997.2540764169676,0.005116639522186413,2,1997.2536148874,0.005117,0.00046152956747391727
0,43,0,2,2,1,1,f,4289.8573465262525,0.005107837115648854,1,4289.8573465269,0.005108,-6.475602276623249e-10
0,43,1,0,0,0,1,e,2031.5219934327392,0.0012496687561109943,2,2031.5216407913,0.001252,0.00035264143934909953
0,43,1,0,0,0,2,e,1919.091250338602,0.0012165446970826843,8,1919.0909373269,0.001219,0.0003130117020191392
0,43,1,0,0,1,1,e,4325.616676533111,0.00032512766723242733,7,4325.6164943376,0.0003651,0.00018219551111542387
0,43,1,0,0,1,2,e,4216.597649095855,0.00032512766723242733,7,4216.5974952905,0.0003651,0.00015380535478470847
0,43,1,0,0,2,1,e,6595.400948897105,0.0010078233972279072,1,6595.4007951376,0.001021,0.0001537595053378027
0,43,1,0,0,2,2,e,6489.485781750952,0.0010078233972279072,3,6489.4856279571,0.001021,0.00015379385149572045
0,43,1,0,0,3,1,e,8840.925888897105,0.0020039231522191664,1,8840.9257351376,0.002011,0.0001537595053378027
0,43,1,1,1,0,1,e,2712.026357458646,0.001007832327324342,1,2712.0262035962,0.001021,0.0001538624460408755
0,43,1,1,1,0,1,f,2713.6557922962975,0.0015721870117769068,1,2713.6555984448,0.001574,0.00019385149744266528
0,43,1,1,1,0,2,e,2560.077457458646,0.001007832327324342,1,2560.0773035962,0.001021,0.0001538624460408755
0,43,1,1,1,0,2,f,2561.4337822962975,0.0015721870117769068,1,2561.4335884448,0.001574,0.00019385149744266528
0,43,1,1,1,1,1,e,4993.963682775528,0.001081959333801414,2,4993.9635811046,0.00113,0.00010167092750634765
0,43,1,1,1,1,1,f,4995.511067507852,0.0012443504329568901,3,4995.5119261639,0.001298,-0.0008586560479670879
0,43,1,1,1,1,2,e,4845.269020663876,0.001050731173992663,5,4845.2689294678,0.0011,9.119607602769975e-05
0,43,1,1,1,1,2,f,4846.603411593661,0.0012443504329568901,3,4846.6034010825,0.001298,1.0511161235626787e-05
0,43,1,1,1,2,1,e,7251.590648897105,0.0010078233972279072,1,7251.5904951376,0.001021,0.0001537595053378027
0,43,1,1,1,2,2,e,7105.897382487693,0.0010078233972279072,2,7105.8972547724,0.001021,0.00012771529327437747
0,43,1,1,1,2,2,f,7107.216969818277,0.0015679311209361208,5,7107.2166968359,0.001574,0.0002729823772824602
0,43,1,2,2,1,1,f,5659.613826526253,0.005,3,5659.6138265269,0.005,-6.46650732960552e-10
0,43,1,2,2,1,2,f,5480.243226526252,0.005017967716117752,1,5480.2432265269,0.005018,-6.475602276623249e-10
0,43,2,0,0,0,2,e,3260.0971931778754,0.0010078233972279072,2,3260.0970393669,0.001021,0.00015381097546196543
0,43,2,0,0,0,3,e,3148.3236131778754,0.0010078233972279072,2,3148.3234593669,0.001021,0.00015381097546196543
0,43,2,0,0,1,1,e,5685.606736404232,0.00013500370365289986,4,5685.6065690033,0.0002141,0.00016740093178668758
0,43,2,0,0,1,2,e,5535.994885674834,0.00012572986916401373,6,5535.9947318638,0.0002083,0.00015381103457912104
0,43,2,0,0,1,3,e,5425.372565964872,0.00012572986916401373,7,5425.3724121897,0.0002083,0.00015377517138404073
0,43,2,0,0,2,2,e,7787.631648897105,0.0010078233972279072,1,7787.6314951376,0.001021,0.0001537595053378027
0,43,2,0,0,2,3,e,7677.710548897105,0.0010078233972279072,1,7677.7103951376,0.001021,0.000153759504428308
0,43,2,1,1,0,2,e,3926.147344141178,0.00032512766723242733,4,3926.1471977597,0.0003651,0.00014638147831647075
0,43,2,1,1,0,3,e,3772.635768897105,0.0010078233972279072,1,3772.6356151376,0.001021,0.0001537595053378027
0,43,2,1,1,1,2,e,6189.286822950439,0.0010181041204120529,4,6189.28673099,0.001069,9.196043902193196e-05
0,43,2,1,1,1,2,f,6191.086434786961,0.0012940278204119106,2,6191.0858048316,0.001358,0.0006299553606368136
0,43,2,1,1,1,3,e,6037.761070089075,0.0010307453613769017,2,6037.7609816412,0.001081,8.844787498674123e-05
0,43,2,1,1,1,3,f,6039.558077405388,0.0012573416401280917,2,6039.55773307,0.001311,0.0003443353880356881
0,43,3,0,0,1,1,e,7064.685853177875,0.0010078233972279072,2,7064.6856993669,0.001021,0.00015381097546196543
0,43,3,0,0,1,2,e,6878.0229947595435,0.0005738536398769288,2,6878.0228409754,0.0005974,0.00015378414354927372
0,43,3,0,0,1,3,e,6741.80931707069,0.0005738693231041366,6,6741.80891143,0.0005974,0.0004056406896779663
0,43,3,0,0,1,4,e,6617.703853177875,0.0010078233972279072,2,6617.7036993669,0.001021,0.00015381097546196543
0,43,3,1,1,1,1,f,7756.271944198771,0.0015679311209361208,2,7756.2716514336,0.001611,0.0002927651712525403
0,43,3,1,1,1,2,e,7548.43571607828,0.0014424409866611526,1,7548.4356144073,0.001479,0.00010167098025704036
0,43,3,1,1,1,2,f,7550.842069472802,0.0016243177029140574,1,7550.8414395174,0.001676,0.0006299554015640751
0,43,3,1,1,1,3,e,7377.724816312656,0.001419167361518718,1,7377.7247349759,0.001456,8.133675601129653e-05
0,43,3,1,1,1,3,f,7379.845244198771,0.0015679311209361208,2,7379.8449514336,0.001611,0.0002927651712525403
0,43,3,1,1,1,4,e,7217.974546195469,0.001419167361518718,2,7217.9744546916,0.00167,9.150386904366314e-05
0,43,4,0,0,1,2,e,8242.196353177875,0.0010078233972279072,2,8242.1961993669,0.001035,0.00015381097546196543
0,43,4,0,0,1,3,e,8068.183108701127,0.0010078233972279072,3,8068.1829585426,0.001021,0.0001501585265941685
0,43,4,0,0,1,4,e,7939.44929168591,0.0010078233972279072,3,7939.4491378856,0.001021,0.00015380030981759774
0,43,4,0,0,1,5,e,7795.395888352579,0.0010078233972279072,3,7795.3957345523,0.001021,0.00015380027889477788
0,43,4,1,1,1,3,f,8729.281818924741,0.0015679311209361208,1,8729.2818633498,0.001611,-4.442505814949982e-05
0,43,4,1,1,1,4,e,8558.056816312655,0.001419167361518718,1,8558.0567349759,0.001456,8.133675510180183e-05
0,44,0,0,0,0,1,e,706.2870574586462,0.00012540334923757024,76,706.2869035962,0.0002081,0.0001538624462682492
0,44,0,0,0,1,1,e,3023.163440611789,0.0012155167625335324,6,3023.1631840281,0.001218,0.0002565836889516504
0,44,0,0,0,2,1,e,5315.503540866084,0.00124970876607312,4,5315.5033716272,0.001252,0.0001692388841547654
0,44,0,0,0,3,1,e,7583.335949765166,0.0015721870117769068,2,7583.3357805263,0.001574,0.00016923886596487137
0,44,0,1,1,0,1,e,1366.8027160782804,0.001039536435147898,21,1366.8026144073,0.001089,0.00010167098025704036
0,44,0,1,1,0,1,f,1367.8335694728016,0.0012800031249961853,23,1367.8329395174,0.001345,0.0006299554015640751
0,44,0,1,1,1,1,e,3671.421660585574,0.0015266001441110897,2,3671.4203833829,0.002,0.0012772026739185094
0,44,0,1,1,1,1,f,3672.4203638706686,0.0013142435086390953,2,3672.4211136988,0.001399,-0.000749828131574759
0,44,0,1,1,3,1,e,8207.153012669045,0.001568026785485503,1,8207.1516800031,0.00161,0.0013326659445738187
0,44,0,1,1,3,1,f,8208.102805477909,0.0013810271539691028,1,8208.103469389,0.001462,-0.0006639110906689893
0,44,0,2,2,0,1,f,2028.7478165262523,0.005008991914547277,4,2028.7478165269,0.005009,-6.475602276623249e-10
0,44,1,0,0,0,1,e,2062.9383243403663,0.0003306448245474288,1,2062.9384135269,0.0005449,-8.918653384171193e-05
0,44,1,0,0,0,2,e,1950.440568701979,0.0003252814166225916,3,1950.440414923,0.0003653,0.0001537789789836097
0,44,1,0,0,1,1,e,4356.786114536542,0.00124970876607312,5,4356.785919249,0.001252,0.0001952875427377876
0,44,1,0,0,1,2,e,4247.706881704022,0.00124970876607312,8,4247.7067140195,0.001252,0.0001676845213296474
0,44,1,0,0,2,1,e,6626.320182296298,0.0015721870117769068,1,6626.3199884448,0.001574,0.00019385149789741263
0,44,1,0,0,2,2,e,6520.354532265166,0.0015721870117769068,4,6520.3543630263,0.001574,0.00016923886596487137
0,44,1,1,1,0,1,e,2743.4495672340345,0.001572250616155071,1,2743.4494226078,0.001574,0.00014462623448707745
0,44,1,1,1,0,1,f,2745.154777458646,0.001007832327324342,1,2745.1546235962,0.001021,0.0001538624460408755
0,44,1,1,1,0,2,e,2591.4680572340344,0.001572250616155071,1,2591.4679126078,0.001574,0.00014462623448707745
0,44,1,1,1,0,2,f,2592.8858974586465,0.001007832327324342,1,2592.8857435962,0.001021,0.00015386244649562286
0,44,1,1,1,1,1,e,5025.143241232547,0.0011918506617861148,4,5025.1419634658,0.001246,0.0012777667470800225
0,44,1,1,1,1,1,f,5026.760803870668,0.0009040110618792229,2,5026.7615536988,0.001023,-0.0007498281320295064
0,44,1,1,1,1,2,e,4876.420936868176,0.0011918506617861148,5,4876.4197123291,0.001246,0.0012245390762473107
0,44,1,1,1,1,2,f,4877.814479446881,0.0009040110618792229,7,4877.8151983567,0.001023,-0.0007189098196249688
0,44,1,1,1,2,1,f,7284.063957458646,0.001007832327324342,1,7284.0638035962,0.001021,0.00015386244558612816
0,44,1,1,1,2,2,e,7136.810069891084,0.0015266001441110897,3,7136.8088111762,0.001569,0.0012587148839884321
0,44,1,1,1,2,2,f,7138.186930588263,0.001007832327324342,5,7138.1875333968,0.001021,-0.0006028085372236092
0,44,1,2,2,1,1,f,5690.879067967195,0.005,2,5690.8790679678,0.005,-6.057234713807702e-10
0,44,1,2,2,1,2,f,5511.4920721926765,0.005017967716117752,1,5511.4920721933,0.005018,-6.239133654162288e-10
0,44,2,0,0,0,2,e,3291.448614765166,0.0015721870117769068,2,3291.4484455263,0.001574,0.00016923886596487137
0,44,2,0,0,0,3,e,3179.686309765166,0.0015721870117769068,2,3179.6861405263,0.001574,0.00016923886596487137
0,44,2,0,0,1,1,e,5716.832991460517,0.001213825358113761,7,5716.8328105507,0.001216,0.0001809098175726831
0,44,2,0,0,1,2,e,5567.098950457933,0.001213207319463578,7,5567.0987824885,0.001216,0.0001679694332779036
0,44,2,0,0,1,3,e,5456.501408415504,0.001213207319463578,8,5456.5011893013,0.001216,0.00021911420390097192
0,44,2,1,1,0,2,e,3957.5252489853497,0.00124970876607312,4,3957.5243606062,0.001252,0.00088837914972828
0,44,2,1,1,0,3,e,3804.0269422962974,0.0015721870117769068,1,3804.0267484448,0.001574,0.00019385149744266528
0,44,2,1,1,1,2,e,6220.4223101712405,0.001189372944033956,4,6220.4210462834,0.001244,0.0012638878406505683
0,44,2,1,1,1,2,f,6222.30174004069,0.0009753645472334947,2,6222.3024039518,0.001086,-0.0006639111106778728
0,44,2,1,1,1,3,e,6068.9173635021025,0.001184655224105309,1,6068.9161417627,0.001239,0.0012217394023537054
0,44,3,0,0,1,1,e,7095.965279765166,0.0015721870117769068,2,7095.9651105263,0.001574,0.00016923886596487137
0,44,3,0,0,1,2,e,6909.183915544702,0.0013361781318372188,4,6909.1836195976,0.001574,0.000295947102131322
0,44,3,0,0,1,3,e,6772.860488847463,0.0013361781318372188,5,6772.860308691,0.001338,0.00018015646310232114
0,44,3,0,0,1,4,e,6648.870982296298,0.0015721870117769068,1,6648.8707884448,0.001574,0.00019385149789741263
0,44,3,1,1,0,4,e,5004.497182296298,0.002339181908274771,1,5004.4969884448,0.00234,0.00019385149789741263
0,44,3,1,1,1,2,e,7579.587575585574,0.0015266001441110897,2,7579.5862983829,0.001569,0.0012772026739185094
0,44,3,1,1,1,3,e,7408.826038502103,0.0015266001441110897,1,7408.8248167627,0.001569,0.0012217394032632
0,44,3,1,1,1,3,f,7411.041192263428,0.0013142435086390953,1,7411.0420280086,0.001399,-0.0008357451724805287
0,44,4,0,0,1,2,e,8273.418179765165,0.0015721870117769068,2,8273.4180105263,0.001574,0.00016923886505537666
0,44,4,0,0,1,3,e,8099.2656297651665,0.0015721870117769068,2,8099.2654605263,0.001574,0.00016923886687436607
0,44,4,0,0,1,4,e,7970.488183598016,0.0015721870117769068,2,7970.4879860667,0.001574,0.00019753131618927
0,44,4,0,0,1,5,e,7826.60439901117,0.001572250616155071,3,7826.6042166616,0.001574,0.00018234957042295719
0,44,4,1,1,1,4,e,8589.136038502103,0.0015266001441110897,1,8589.1348167627,0.001569,0.0012217394032632
0,45,0,0,0,0,1,e,738.3704772340343,0.0012132485318350895,79,738.3703326078,0.001216,0.00014462623425970378
0,45,0,0,0,1,1,e,3054.993228025382,0.00012741663941573725,3,3054.9931587262,0.0002094,6.929918208697927e-05
0,45,0,0,0,2,1,e,5347.081359204729,0.00032515534748793533,4,5347.081251534,0.0003651,0.0001076707285392331
0,45,0,0,0,3,1,e,7614.663114024208,0.0010080803539401014,2,7614.6630447258,0.001022,6.929840765224071e-05
0,45,0,1,1,0,1,e,1398.9240126690459,0.0012077698456245708,17,1398.9226800031,0.001261,0.0013326659459380608
0,45,0,1,1,0,1,f,1399.9978054779085,0.0009524893700194244,18,1399.998469389,0.001066,-0.000663911091578484
0,45,0,1,1,1,1,e,3703.288073028227,0.0015035411534108402,1,3703.2880023219,0.001538,7.07063268237107e-05
0,45,0,1,1,1,1,f,3704.3379788681304,0.0016243177029140574,2,3704.3370926996,0.001676,0.0008861685305419087
0,45,0,1,1,3,1,e,8238.520793028227,0.0015035411534108402,1,8238.5207223219,0.001538,7.070632636896335e-05
0,45,0,1,1,3,1,f,8239.51816826346,0.0016714389010669818,1,8239.5170258817,0.001721,0.0011423817595641594
0,45,0,2,2,0,1,f,2060.948952192677,0.005008991914547277,3,2060.9489521933,0.005009,-6.230038707144558e-10
0,45,0,2,2,1,1,f,4353.053556526257,0.005107837115648854,2,4353.053556527,0.005108,-7.430571713484824e-10
0,45,1,0,0,0,1,e,2095.0719414605173,0.0012503487513489987,1,2095.0718132873,0.001253,0.00012817321749025723
0,45,1,0,0,0,2,e,1982.5016848997368,0.0012144879579477107,8,1982.5014836885,0.001217,0.00020121123679928132
0,45,1,0,0,1,1,e,4388.661790312091,0.00032515534748793533,9,4388.6616794363,0.0003651,0.0001108757915062597
0,45,1,0,0,1,2,e,4279.520528761852,0.00032515534748793533,7,4279.520421843,0.0003651,0.00010691885199776152
0,45,1,0,0,2,1,e,6657.941369024208,0.0010080803539401014,1,6657.9412997258,0.001022,6.929840856173541e-05
0,45,1,0,0,2,2,e,6551.922550741428,0.001007832327324342,4,6551.922439161,0.001021,0.00011158042798342649
0,45,1,0,0,3,1,e,8902.955988023223,0.001051725249292799,1,8902.9558997741,0.001065,8.824912220006809e-05
0,45,1,1,1,0,1,e,2775.5848590242085,0.0010080803539401014,1,2775.5847897258,0.001022,6.929840856173541e-05
0,45,1,1,1,0,1,f,2777.3689572340345,0.001572250616155071,1,2777.3688126078,0.001574,0.00014462623448707745
0,45,1,1,1,0,2,e,2623.5690990242083,0.0010080803539401014,1,2623.5690297258,0.001022,6.929840810698806e-05
0,45,1,1,1,0,2,f,2625.0518072340346,0.001572250616155071,1,2625.0516626078,0.001574,0.00014462623448707745
0,45,1,1,1,1,1,f,5058.72322386813,0.0013146893169110334,2,5058.7223376996,0.001378,0.0008861685300871613
0,45,1,1,1,1,2,e,4908.276633898537,0.001081959333801414,7,4908.2765494168,0.00113,8.448173684882931e-05
0,45,1,1,1,1,2,f,4909.736273949069,0.0013146893169110334,6,4909.7353742383,0.001378,0.0008997107688628603
0,45,1,1,1,2,2,e,7168.4211480282265,0.0015035411534108402,2,7168.4210773219,0.001538,7.070632636896335e-05
0,45,1,1,1,2,2,f,7169.862543308439,0.001572250616155071,4,7169.8617784722,0.001574,0.0007648362388863461
0,45,1,2,2,1,2,f,5543.450066526261,0.00521344415909483,1,5543.450066527,0.005213,-7.385096978396177e-10
0,45,2,0,0,0,2,e,3323.5104490242084,0.0010080803539401014,1,3323.5103797258,0.001022,6.929840856173541e-05
0,45,2,0,0,0,3,e,3211.7589682414273,0.001007832327324342,2,3211.758856661,0.001021,0.00011158042707393179
0,45,2,0,0,1,1,e,5748.7670543403665,0.00013901798444805624,6,5748.7669383243,0.0002166,0.00011601606638578232
0,45,2,0,0,1,2,e,5598.9078334172245,0.0001269881884271132,6,5598.9077472045,0.0002091,8.621272445452632e-05
0,45,2,0,0,1,3,e,5488.334935044417,0.0001269881884271132,7,5488.334710198,0.0002091,0.00022484641704068054
0,45,2,1,1,0,2,e,3989.6131483331696,0.00032515534748793533,4,3989.6127719493,0.0003651,0.00037638386947946856
0,45,2,1,1,0,3,e,3836.125557458646,0.001007832327324342,1,3836.1254035962,0.001021,0.0001538624460408755
0,45,2,1,1,1,2,e,6252.261662736331,0.0011288206234827567,3,6252.2615852316,0.001175,7.750473105261335e-05
0,45,2,1,1,1,2,f,6254.228908213826,0.0013193968318894812,3,6254.2279344972,0.001382,0.000973716625594534
0,45,2,1,1,1,3,e,6100.77625607828,0.0010691753831808886,1,6100.7761544073,0.001118,0.00010167098025704036
0,45,2,1,1,1,3,f,6102.741879014987,0.0013124435225944009,2,6102.7421306124,0.001376,-0.00025159741289826343
0,45,2,1,1,2,2,e,8490.565957458646,0.001007832327324342,1,8490.5658035962,0.001021,0.00015386244558612816
0,45,3,0,0,1,2,e,6941.051986460934,0.0005743047971243145,3,6941.051900865,0.0005979,8.559593425161438e-05
0,45,3,0,0,1,3,e,6804.616345254205,0.001007832327324342,5,6804.6159457471,0.001021,0.00039950710470293416
0,45,3,0,0,1,4,e,6680.7454690242075,0.0010080803539401014,1,6680.7453997258,0.001022,6.929840765224071e-05
0,45,3,1,1,0,4,e,5036.634457458646,0.002003927643404322,1,5036.6343035962,0.002011,0.00015386244558612816
0,45,3,1,1,1,1,f,7819.718168263459,0.0016714389010669818,1,7819.7170258817,0.001721,0.0011423817595641594
0,45,3,1,1,1,2,e,7611.443904553253,0.0014424409866611526,2,7611.4438183646,0.001479,8.61886528582545e-05
0,45,3,1,1,1,2,f,7614.076269472802,0.0016243177029140574,1,7614.0756395174,0.001676,0.0006299554015640751
0,45,3,1,1,1,3,e,7440.630616078281,0.0014424409866611526,1,7440.6305144073,0.001479,0.00010167098025704036
0,45,3,1,1,1,3,f,7442.945369472802,0.0016243177029140574,1,7442.9447395174,0.001676,0.0006299554015640751
0,45,3,1,1,1,4,f,7283.530669472802,0.0016243177029140574,1,7283.5300395174,0.001676,0.0006299554024735698
0,45,4,0,0,1,2,e,8305.349057458647,0.001007832327324342,1,8305.3489035962,0.001021,0.00015386244740511756
0,45,4,0,0,1,3,e,8131.054013241427,0.001007832327324342,2,8131.053901661,0.001021,0.00011158042707393179
0,45,4,0,0,1,4,e,8002.228763241427,0.001007832327324342,2,8002.228651661,0.001021,0.00011158042707393179
0,45,4,0,0,1,5,e,7858.518731265352,0.001007832327324342,3,7858.5188177006,0.001021,-8.64352487042197e-05
0,45,4,1,1,1,4,f,8623.679069472802,0.0016243177029140574,1,8623.6784395174,0.001676,0.0006299554024735698
0,46,0,0,0,0,1,e,771.1644690242082,0.00012738131731144882,81,771.1643997258,0.0002093,6.92984082206749e-05
0,46,0,0,0,1,1,e,3087.529581839053,0.0012134582811122929,8,3087.5294315942,0.001216,0.0001502448531027767
0,46,0,0,0,2,1,e,5379.359148540927,0.0012497887821548087,4,5379.359001197,0.001252,0.00014734392698301235
0,46,0,0,0,3,1,e,7646.681596981293,0.001572250616155071,2,7646.6814496374,0.001574,0.0001473438933317084
0,46,0,1,1,0,1,e,1431.7544930282265,0.0011227804772082563,21,1431.7544223219,0.001169,7.070632659633702e-05
0,46,0,1,1,0,1,f,1432.8800682634594,0.0013392938437848507,21,1432.8789258817,0.001401,0.0011423817593367858
0,46,0,1,1,1,1,e,3735.865738583801,0.0016244100467554365,1,3735.8643439593,0.001665,0.001394624500790087
0,46,0,1,1,1,1,f,3736.9568742467623,0.0014447269638239609,1,3736.9574403831,0.001522,-0.0005661363379658724
0,46,0,1,1,3,1,e,8270.589012669046,0.001568026785485503,1,8270.5876800031,0.00161,0.0013326659463928081
0,46,0,1,1,3,1,f,8271.624354246762,0.0014447269638239609,1,8271.6249203831,0.001522,-0.000566136337511125
0,46,0,2,2,0,1,f,2093.865096526262,0.005204805471869242,3,2093.865096527,0.005205,-7.380549504887313e-10
0,46,0,2,2,1,1,f,4385.715068031386,0.005,3,4385.715068032,0.005,-6.139089236967266e-10
0,46,1,0,0,0,1,e,2127.9156880232226,0.0003257698574147092,3,2127.9155997741,0.0003657,8.824912265481544e-05
0,46,1,0,0,0,2,e,2015.2719431687062,0.0003265639294227089,4,2015.2721497528,0.0003766,-0.00020658409380303056
0,46,1,0,0,1,1,e,4421.244765544665,0.0012497887821548087,6,4421.2446112783,0.001252,0.00015426636491611134
0,46,1,0,0,1,2,e,4312.03953267381,0.0012497887821548087,9,4312.0394976361,0.001252,3.503770949464524e-05
0,46,1,0,0,2,2,e,6584.1907868970475,0.001572250616155071,3,6584.1906386472,0.001574,0.0001482498473706073
0,46,1,1,1,0,1,e,2808.4328267285537,0.0015724096158444211,1,2808.4326766669,0.001574,0.00015006165358499857
0,46,1,1,1,0,1,f,2810.295759024208,0.0010080803539401014,1,2810.2956897258,0.001022,6.929840810698806e-05
0,46,1,1,1,0,2,e,2656.3830167285532,0.0015724096158444211,1,2656.3828666669,0.001574,0.00015006165313025122
0,46,1,1,1,0,2,f,2657.9294090242083,0.0010080803539401014,1,2657.9293397258,0.001022,6.929840810698806e-05
0,46,1,1,1,1,1,e,5089.621427040012,0.0012444709719394824,3,5089.6200623753,0.001296,0.0013646647121277056
0,46,1,1,1,1,1,f,5091.3886454779085,0.0009986170437159582,1,5091.389309389,0.001107,-0.000663911091578484
0,46,1,1,1,1,2,e,4940.840854942311,0.0012444709719394824,6,4940.8394869583,0.001296,0.0013679840112672537
0,46,1,1,1,1,2,f,4942.360006089559,0.0009986170437159582,5,4942.3606196334,0.001107,-0.0006135438416094985
0,46,1,1,1,2,1,e,7346.496977234035,0.001572250616155071,1,7346.4968326078,0.001574,0.0001446262349418248
0,46,1,1,1,2,2,e,7200.734206612216,0.001568026785485503,3,7200.7326927442,0.001665,0.0015138680164454854
0,46,1,1,1,2,2,f,7202.236742251057,0.0010080803539401014,2,7202.2370395574,0.001022,-0.00029730634287261637
0,46,1,2,2,1,1,f,5755.53897803135,0.005107837115648854,1,5755.538978032,0.005108,-6.502887117676437e-10
0,46,1,2,2,1,2,f,5576.11533803135,0.005107837115648854,1,5576.115338032,0.005108,-6.502887117676437e-10
0,46,2,0,0,0,2,e,3356.2836367285536,0.0015724096158444211,1,3356.2834866669,0.001574,0.00015006165358499857
0,46,2,0,0,0,3,e,3244.542061981294,0.001572250616155071,2,3244.5419146374,0.001574,0.00014734389378645574
0,46,2,0,0,1,1,e,5781.409835266897,0.001214731245996414,5,5781.4096899645,0.001217,0.00014530239695886848
0,46,2,0,0,1,2,e,5631.42263272868,0.0012132897428067213,7,5631.4224870268,0.001216,0.00014570187977369642
0,46,2,0,0,1,3,e,5520.873721720265,0.0012132897428067213,5,5520.8735765503,0.001216,0.00014516996543534333
0,46,2,1,1,0,2,e,4022.41242010056,0.0012497887821548087,4,4022.412048529,0.001252,0.00037157156020839466
0,46,2,1,1,0,3,e,3868.9378072340346,0.001572250616155071,1,3868.9376626078,0.001574,0.00014462623448707745
0,46,2,1,1,1,2,e,6284.80833475213,0.0013082843727569321,2,6284.8069401276,0.001358,0.0013946245298939175
0,46,2,1,1,1,2,f,6286.860404812032,0.0010218297314132136,3,6286.8610018697,0.001128,-0.0005970576676190831
0,46,2,1,1,1,3,e,6133.3465185838,0.0013148034073579213,1,6133.3451239593,0.001364,0.001394624500790087
0,46,2,1,1,1,3,f,6135.390274219713,0.0010757490413660614,2,6135.3908662376,0.001177,-0.0005920178864471382
0,46,2,1,1,2,2,e,8522.857577234034,0.001572250616155071,1,8522.8574326078,0.001574,0.0001446262340323301
0,46,3,0,0,1,1,e,7160.654177234034,0.001572250616155071,1,7160.6540326078,0.001574,0.0001446262340323301
0,46,3,0,0,1,2,e,6973.626409093351,0.001336252970062181,3,6973.6262634196,0.001339,0.00014567375092155999
0,46,3,0,0,1,3,e,6837.074837844176,0.001336252970062181,7,6837.0746223986,0.001339,0.00021544557603192516
0,46,3,0,0,1,4,e,6713.323501981294,0.001572250616155071,2,6713.3233546374,0.001662,0.0001473438933317084
0,46,3,1,1,1,2,e,7644.010128583801,0.0016244100467554365,1,7644.0087339593,0.001665,0.001394624500790087
0,46,3,1,1,1,2,f,7646.755654246762,0.0014447269638239609,1,7646.7562203831,0.001522,-0.0005661363384206197
0,46,3,1,1,1,3,e,7473.141470626425,0.001568026785485503,2,7473.1401069812,0.00161,0.0013636452249556896
0,46,3,1,1,1,3,f,7475.555429862335,0.0013810271539691028,2,7475.5560448861,0.001462,-0.0006150237650217605
0,46,3,1,1,1,4,e,7313.611968583801,0.0016244100467554365,2,7313.6105739593,0.001665,0.001394624500790087
0,46,4,0,0,1,2,e,8337.986951981293,0.001572250616155071,2,8337.9868046374,0.001921,0.0001473438933317084
0,46,4,0,0,1,3,e,8163.545851981294,0.001572250616155071,2,8163.5457046374,0.001574,0.0001473438933317084
0,46,4,0,0,1,4,e,8034.673822584053,0.001572250616155071,3,8034.6735839563,0.001574,0.00023862775287852855
0,46,4,0,0,1,5,e,7891.140665385429,0.001572250616155071,4,7891.1395041279,0.001574,0.0011612575290200766
0,47,0,0,0,0,1,e,804.6700267285535,0.0012134545726973055,69,804.6698766669,0.001216,0.00015006165347131173
0,47,0,0,0,1,1,e,3120.7706579825003,0.00012741663941573725,6,3120.7705933951,0.0002094,6.458740017478704e-05
0,47,0,0,0,2,1,e,5412.337100351462,0.00032592330386150664,3,5412.337035967,0.0003658,6.438446234824369e-05
0,47,0,0,0,3,1,e,7679.396028304916,0.0010080803539401014,3,7679.3962356406,0.001022,-0.0002073356836262974
0,47,0,1,1,0,1,e,1465.2996285838012,0.0012801203068461963,22,1465.2982339593,0.001331,0.0013946245012448344
0,47,0,1,1,0,1,f,1466.469554246762,0.0010427060947361918,19,1466.4701203831,0.001147,-0.0005661363379658724
0,47,0,1,1,1,1,e,3769.1473374914804,0.0015035411534108402,2,3769.1471413796,0.001538,0.00019611188054113882
0,47,0,1,1,1,1,f,3770.2896894571763,0.0016714389010669818,2,3770.2886868995,0.001721,0.0010025576762018318
0,47,0,1,1,3,1,e,8303.345422491479,0.0015035411534108402,2,8303.3452263796,0.001538,0.0001961118778126547
0,47,0,2,2,0,1,f,2127.49418803135,0.005099019513592785,4,2127.494188032,0.005099,-6.498339644167572e-10
0,47,0,2,2,1,1,f,4419.085296526262,0.005316954015223379,1,4419.085296527,0.005317,-7.376002031378448e-10
0,47,1,0,0,0,1,e,2161.471659917787,0.001249828788274618,2,2161.4715270139,0.001252,0.00013290388687892118
0,47,1,0,0,0,2,e,2048.7527637895673,0.0012501487911444782,6,2048.7523425941,0.001253,0.0004211954674246954
0,47,1,0,0,1,1,e,4454.533869986497,0.00032592330386150664,5,4454.5338048511,0.0003658,6.513539665320423e-05
0,47,1,0,0,1,2,e,4345.262922615547,0.00032592330386150664,9,4345.2628321113,0.0003658,9.050424705492333e-05
0,47,1,0,0,2,2,e,6617.156820984739,0.0010080803539401014,4,6617.1567563974,0.001022,6.458733878389467e-05
0,47,1,0,0,3,1,e,8967.769021044955,0.0010519629271034223,1,8967.769078247,0.001065,-5.7202045354642905e-05
0,47,1,1,1,0,1,e,2841.99256294527,0.0010080892817603013,1,2841.992503069,0.001022,5.987626991554862e-05
0,47,1,1,1,0,1,f,2843.9393667285535,0.0015724096158444211,1,2843.9392166669,0.001574,0.00015006165358499857
0,47,1,1,1,0,2,e,2689.90719294527,0.0010080892817603013,1,2689.907133069,0.001022,5.987626991554862e-05
0,47,1,1,1,0,2,f,2691.5203067285534,0.0015724096158444211,1,2691.5201566669,0.001574,0.00015006165313025122
0,47,1,1,1,1,1,e,5122.92052749148,0.001162168662458251,2,5122.9194703224,0.0013,0.0010571690800134093
0,47,1,1,1,1,1,f,5124.767759457177,0.0013724824224739638,2,5124.7667568995,0.001433,0.0010025576766565791
0,47,1,1,1,1,2,e,4974.108270794233,0.001162168662458251,4,4974.1077774938,0.001207,0.0004933004329359392
0,47,1,1,1,1,2,f,4975.696259591265,0.0013724824224739638,6,4975.6952766165,0.001433,0.000982974764156097
0,47,1,1,1,2,1,e,7379.534419024208,0.0010080803539401014,2,7379.5343497258,0.001022,6.929840765224071e-05
0,47,1,1,1,2,1,f,7381.288526728554,0.0015724096158444211,1,7381.2883766669,0.001574,0.00015006165358499857
0,47,1,1,1,2,2,e,7233.747077644558,0.0010080803539401014,3,7233.7468402001,0.001022,0.000237444457525271
0,47,1,1,1,2,2,f,7235.315526957176,0.0016714389010669818,4,7235.3142759467,0.001721,0.0012510104761531693
0,47,1,2,2,1,2,f,5609.488866526262,0.00521344415909483,2,5609.488866527,0.005213,-7.376002031378448e-10
0,47,2,0,0,0,2,e,3389.7685029452696,0.0010080892817603013,1,3389.768443069,0.001022,5.987626946080127e-05
0,47,2,0,0,0,3,e,3278.03512098474,0.0010080803539401014,2,3278.0350563974,0.001022,6.458734014813672e-05
0,47,2,0,0,1,1,e,5814.760553922285,0.00014534785860135678,5,5814.7607363046,0.0002207,-0.00018238231496070512
0,47,2,0,0,1,2,e,5664.642058167627,0.0001289418473576364,7,5664.6419901893,0.0002106,6.79783270243206e-05
0,47,2,0,0,1,3,e,5554.116981961095,0.00012901162738296115,7,5554.1171257341,0.0002276,-0.00014377300522028236
0,47,2,0,0,2,2,e,7915.24499294527,0.0010080892817603013,1,7915.244933069,0.001022,5.987626991554862e-05
0,47,2,1,1,0,2,e,4055.922739149877,0.00032592330386150664,4,4055.9226745626,0.0003658,6.458727693825494e-05
0,47,2,1,1,0,3,e,3902.460219024208,0.0010080803539401014,1,3902.4601497258,0.001022,6.929840810698806e-05
0,47,2,1,1,1,2,e,6318.0593018596555,0.001167491327590916,3,6318.0591128696,0.001212,0.00018899005590355955
0,47,2,1,1,1,2,f,6320.204405565438,0.0014097191209599166,2,6320.2026036343,0.001469,0.0018019311373791425
0,47,2,1,1,1,3,e,6166.6170460282265,0.0011919043585791604,1,6166.6169753219,0.001236,7.070632636896335e-05
0,47,2,1,1,1,3,f,6168.7526542634605,0.0013793505718271914,1,6168.7515118817,0.00144,0.0011423817604736541
0,47,3,0,0,1,1,e,7194.06383098474,0.0010080803539401014,2,7194.0637663974,0.001196,6.458733969338937e-05
0,47,3,0,0,1,2,e,7006.90863098474,0.0010080803539401014,2,7006.9085663974,0.001022,6.458733969338937e-05
0,47,3,0,0,1,3,e,6870.238334214216,0.0005743204680315686,5,6870.238338585,0.0005979,-4.370784154161811e-06
0,47,3,0,0,1,4,e,6746.60973098474,0.0010080803539401014,2,6746.6096663974,0.001022,6.458733969338937e-05
0,47,3,1,1,1,1,f,7886.004370650894,0.0017244442583046861,1,7886.0035079173,0.001773,0.0008627335937489988
0,47,3,1,1,1,2,e,7677.275993028226,0.0015035411534108402,1,7677.2759223219,0.001538,7.070632636896335e-05
0,47,3,1,1,1,3,e,7506.354093028227,0.0015035411534108402,1,7506.3540223219,0.001538,7.070632727845805e-05
0,47,3,1,1,1,4,e,7346.904291954735,0.0015622535005561677,1,7346.9039704372,0.001612,0.0003215175347577315
0,47,3,1,1,1,4,f,7349.618680650894,0.0017244442583046861,2,7349.6178179173,0.001773,0.0008627335937489988
0,47,4,0,0,1,2,e,8371.335669024207,0.0010080803539401014,1,8371.3355997258,0.001022,6.929840674274601e-05
0,47,4,0,0,1,3,e,8196.74378098474,0.0010080803539401014,2,8196.7437163974,0.001022,6.458734060288407e-05
0,47,4,0,0,1,4,e,8067.8198655774295,0.0010080892817603013,2,8067.8198771744,0.001022,-1.1596970580285415e-05
0,47,4,0,0,1,5,e,7924.467454597164,0.0010080803539401014,4,7924.4677530154,0.001022,-0.00029841823652532184
0,47,4,1,1,1,4,e,8686.599593028226,0.0015035411534108402,1,8686.5995223219,0.001538,7.070632636896335e-05
0,48,0,0,0,0,1,e,838.8857929452697,0.00012745195173083859,68,838.885733069,0.0002094,5.9876269688174943e-05
0,48,0,0,0,1,1,e,3154.7175640704177,0.001336440047289814,4,3154.7174039805,0.001339,0.00016008991769922432
0,48,0,0,0,2,1,e,5446.014647521857,0.0012499887999498237,3,5446.0144910589,0.001253,0.00015646295742044458
0,48,0,0,0,3,1,e,7712.805064653938,0.0015724096158444211,3,7712.8048748473,0.001574,0.00018980663753609406
0,48,0,1,1,0,1,e,1499.5545519547347,0.0012002649707460432,15,1499.5542304372,0.001264,0.0003215175347577315
0,48,0,1,1,0,1,f,1500.7772706508943,0.0014048871840827645,18,1500.7764079173,0.001464,0.0008627335942037462
0,48,0,1,1,1,1,e,3803.1328552562645,0.0016244100467554365,2,3803.1318384492,0.00283,0.0010168070643885585
0,48,0,1,1,1,1,f,3804.324721467384,0.0014447269638239609,2,3804.3249834122,0.001522,-0.0002619448159748572
0,48,0,1,1,3,1,f,8337.929048688005,0.0017824802944212315,1,8337.9290064413,0.001846,4.2246705561410636e-05
0,48,0,2,2,0,1,f,2161.8373965262626,0.005222068555658764,2,2161.837396527,0.005222,-7.371454557869583e-10
0,48,0,2,2,1,1,f,4453.160738031341,0.005196152422706632,2,4453.160738032,0.005196,-6.59383658785373e-10
0,48,1,0,0,0,1,e,2195.739721044956,0.0003265363685717105,3,2195.739778247,0.0003665,-5.720204399040085e-05
0,48,1,0,0,0,2,e,2082.9443382095906,0.0003265639294227089,6,2082.9444212797,0.0003766,-8.307010921271285e-05
0,48,1,0,0,1,1,e,4488.5301175745335,0.0012499887999498237,6,4488.5299426056,0.001252,0.0001749689336065785
0,48,1,0,0,1,2,e,4379.191287288076,0.0012499887999498237,5,4379.1911052715,0.001252,0.00018201657530880766
0,48,1,0,0,2,2,e,6650.822590691246,0.0015724096158444211,3,6650.8224207571,0.001574,0.0001699341455605463
0,48,1,1,1,0,1,e,2876.2649786166303,0.0015726639819109486,1,2876.2647689375,0.001575,0.0002096791304211365
0,48,1,1,1,0,1,f,2878.2930529452697,0.0010080892817603013,1,2878.292993069,0.001022,5.987626946080127e-05
0,48,1,1,1,0,2,e,2724.1429886166297,0.0015726639819109486,1,2724.1427789375,0.001575,0.0002096791295116418
0,48,1,1,1,1,1,e,5156.925111910289,0.001381559987839833,2,5156.924424774,0.001428,0.0006871362893434707
0,48,1,1,1,1,1,f,5158.850224246762,0.0010850050691125826,1,5158.8507903831,0.001186,-0.000566136337511125
0,48,1,1,1,1,2,e,5008.082825256265,0.0013148034073579213,4,5008.0818084492,0.001364,0.0010168070648433059
0,48,1,1,1,1,2,f,5009.733850557155,0.0010850050691125826,4,5009.7343728216,0.001186,-0.0005222644449531799
0,48,1,1,1,2,1,f,7415.10209294527,0.0010080892817603013,1,7415.102033069,0.001022,5.987626991554862e-05
0,48,1,1,1,2,2,e,7267.458111928727,0.0016789008309009796,2,7267.4574729391,0.001718,0.0006389896270775353
0,48,1,1,1,2,2,f,7269.089606467384,0.0014447269638239609,4,7269.0898895541,0.001522,-0.00028308671608101577
0,48,1,2,2,1,2,f,5643.566208031331,0.0053,1,5643.566208032,0.0053,-6.684786058031023e-10
0,48,2,0,0,0,2,e,3423.96264861663,0.0015726639819109486,1,3423.9624389375,0.001575,0.00020967912996638916
0,48,2,0,0,0,3,e,3312.2389926725914,0.0015724096158444211,2,3312.2388128022,0.001574,0.00017987039154832019
0,48,2,0,0,1,1,e,5848.8199330062935,0.0012167875739010486,2,5848.8197655114,0.001219,0.00016749489350331714
0,48,2,0,0,1,2,e,5698.5671682092,0.0012136193802012227,7,5698.5669878005,0.001216,0.00018040869963442674
0,48,2,0,0,1,3,e,5588.065317091594,0.0012136193802012227,8,5588.0650784088,0.001216,0.00023868279367889045
0,48,2,1,1,0,2,e,4090.1451147826833,0.0012499887999498237,4,4090.1446420499,0.001253,0.0004727327832370065
0,48,2,1,1,0,3,e,3936.6921767285535,0.0015724096158444211,1,3936.6920266669,0.001574,0.00015006165358499857
0,48,2,1,1,1,2,e,6352.017708399897,0.0013907940178185983,3,6352.0174428796,0.001437,0.0002655202970345272
0,48,2,1,1,1,2,f,6354.247793246762,0.0010822827726615627,1,6354.2483593831,0.001183,-0.0005661363384206197
0,48,2,1,1,1,3,f,6202.816368688004,0.0015057343723246807,1,6202.8163264413,0.00158,4.2246704651915934e-05
0,48,3,0,0,1,1,e,7228.184802672589,0.0015724096158444211,2,7228.1846228022,0.001574,0.00017987038972933078
0,48,3,0,0,1,2,e,7040.895828251222,0.001336739316396432,2,7040.895132967,0.001339,0.0006952842222744948
0,48,3,0,0,1,3,e,6904.104360593254,0.001336440047289814,7,6904.1040456303,0.001339,0.0003149629537801957
0,48,3,0,0,1,4,e,6780.598502672591,0.0015724096158444211,2,6780.5983228022,0.001574,0.00017987039154832019
0,48,3,1,1,0,4,e,5137.204226728554,0.0023393315284499544,1,5137.2040766669,0.002341,0.00015006165449449327
0,48,3,1,1,1,2,e,7711.253551928727,0.0016789008309009796,1,7711.2529129391,0.001718,0.0006389896270775353
0,48,3,1,1,1,2,f,7714.243648688005,0.0017824802944212315,1,7714.2436064413,0.001846,4.2246705561410636e-05
0,48,3,1,1,1,3,e,7540.274428583801,0.0016244100467554365,1,7540.2730339593,0.001665,0.001394624500790087
0,48,3,1,1,1,4,e,7380.900076928727,0.0016789008309009796,2,7380.8994379391,0.001718,0.0006389896270775353
0,48,3,1,1,1,4,f,7383.723353688006,0.0017824802944212315,2,7383.7233114413,0.001846,4.2246705561410636e-05
0,48,4,0,0,1,3,e,8230.64727861663,0.0015726639819109486,1,8230.6470689375,0.001575,0.0002096791304211365
0,48,4,0,0,1,4,e,8101.668852672591,0.0015724096158444211,2,8101.6686728022,0.001574,0.00017987039154832019
0,48,4,0,0,1,5,e,7958.5007535298355,0.0016008972484203975,1,7958.5005195259,0.001603,0.0002340039354749024
0,48,4,1,1,1,4,f,8723.623354246763,0.0014447269638239609,1,8723.6239203831,0.001522,-0.0005661363356921356
0,49,0,0,0,0,1,e,873.8128786166301,0.0012137841653275924,59,873.8126689375,0.001216,0.000209679130080076
0,49,0,0,0,1,1,e,3189.3667565796595,0.0010080892817603013,3,3189.3683417252,0.001023,-0.0015851455405027082
0,49,0,0,0,2,1,e,5480.391743653153,0.0003259509165503297,2,5480.3916118521,0.0003658,0.00013180105270294007
0,49,0,0,0,3,1,e,7746.907000555781,0.0010080892817603013,3,7746.9068447798,0.001022,0.00015577598151139682
0,49,0,1,1,0,1,e,1534.520651928727,0.0013485948242522659,19,1534.5200129391,0.001397,0.0006389896268501616
0,49,0,1,1,0,1,f,1535.791348688005,0.0014755460006384078,15,1535.7913064413,0.001551,4.224670487928961e-05
0,49,0,1,1,1,1,e,3837.83314013511,0.0016188378547587771,1,3837.8328343435,0.001667,0.00030579161011701217
0,49,0,1,1,1,1,f,3839.069581565709,0.0017758682383555372,1,3839.0683121569,0.001823,0.0012694088090938749
0,49,0,1,1,3,1,e,8370.95006013511,0.0016188378547587771,1,8370.9497543435,0.001667,0.00030579160920751747
0,49,0,1,1,3,1,f,8372.12889156571,0.0017758682383555372,1,8372.1276221569,0.001823,0.0012694088090938749
0,49,0,2,2,0,1,f,2196.8924180313315,0.0052915026221291815,2,2196.892418032,0.005292,-6.684786058031023e-10
0,49,1,0,0,0,1,e,2230.7194206338604,0.0012501487911444782,2,2230.7192406744,0.001253,0.0001799594601834542
0,49,1,0,0,0,2,e,2117.8456935298354,0.0012501487911444782,3,2117.8454595259,0.001253,0.0002340039354749024
0,49,1,0,0,1,1,e,4523.232266144473,0.0003259509165503297,8,4523.2321495063,0.0003658,0.00011663817349472083
0,49,1,0,0,1,2,e,4413.823571977258,0.0003259509165503297,7,4413.8235343673,0.0003658,3.760995787160937e-05
0,49,1,0,0,2,2,e,6685.187793889115,0.0010080892817603013,3,6685.1876934981,0.001023,0.00010039101471193135
0,49,1,1,1,0,1,e,2911.248964361037,0.0010093284896405133,1,2911.2487606352,0.001023,0.00020372583685457357
0,49,1,1,1,0,1,f,2913.3592686166303,0.0015726639819109486,1,2913.3590589375,0.001575,0.0002096791304211365
0,49,1,1,1,0,2,e,2759.0893643610366,0.0010093284896405133,1,2759.0891606352,0.001023,0.00020372583639982622
0,49,1,1,1,1,1,e,5191.6379460449225,0.0012371887487364246,2,5191.6376323904,0.0013,0.0003136545228699106
0,49,1,1,1,1,1,f,5193.645156108301,0.0014365611716874432,2,5193.6440900371,0.001494,0.0010660712014214369
0,49,1,1,1,1,2,e,5042.762467274429,0.0012371887487364246,5,5042.7621533819,0.0013,0.00031389252853841754
0,49,1,1,1,1,2,f,5044.483573768852,0.0014365611716874432,4,5044.4825076976,0.001494,0.0010660712514436455
0,49,1,1,1,2,1,e,7447.712492945269,0.0010080892817603013,1,7447.712433069,0.001022,5.987626900605392e-05
0,49,1,1,1,2,2,e,7301.872346540191,0.0010080892817603013,2,7301.8721637063,0.001057,0.0001828338909035665
0,49,1,1,1,2,2,f,7303.572611565709,0.0017758682383555372,2,7303.5713421569,0.001823,0.0012694088090938749
0,49,2,0,0,0,2,e,3458.8688843610366,0.0010093284896405133,1,3458.8686806352,0.001023,0.00020372583685457357
0,49,2,0,0,0,3,e,3347.1509436531533,0.0010080892817603013,2,3347.1508118521,0.001022,0.00013180105315768742
0,49,2,0,0,1,1,e,5883.586954809932,0.00015602563891873672,3,5883.5867926327,0.0002279,0.00016217723168665543
0,49,2,0,0,1,2,e,5733.196611858058,0.00012901162738296115,6,5733.1965867629,0.0002103,2.5095157980103977e-05
0,49,2,0,0,1,3,e,5622.717800128636,0.00013093509842666332,5,5622.7176868878,0.0002115,0.00011324083607178181
0,49,2,0,0,2,2,e,7983.250192945269,0.0010080892817603013,1,7983.250133069,0.001022,5.987626900605392e-05
0,49,2,1,1,0,2,e,4125.0776247081985,0.0003259509165503297,4,4125.076751332,0.0003742,0.0008733761987969046
0,49,2,1,1,1,2,e,6386.679232135111,0.0013405357138099676,1,6386.6789263435,0.001398,0.00030579161102650687
0,49,2,1,1,1,2,f,6389.005766632272,0.0014580150890851574,2,6389.0056221075,0.001515,0.00014452477171289502
0,49,2,1,1,1,3,e,6235.28586013511,0.001307912841132772,1,6235.2855543435,0.001367,0.00030579161011701217
0,49,2,1,1,1,3,f,6237.593384650894,0.0014751976138809334,1,6237.5925219173,0.001532,0.0008627335946584935
0,49,3,0,0,1,1,e,7263.013578653154,0.0010080892817603013,2,7263.0134468521,0.001022,0.00013180105361243477
0,49,3,0,0,1,2,e,7075.592228653153,0.0010080892817603013,2,7075.5920968521,0.001022,0.00013180105270294007
0,49,3,0,0,1,3,e,6938.675225686095,0.0005743204680315686,6,6938.6750615234,0.0005979,0.0001641626950004138
0,49,3,0,0,1,4,e,6815.293928653154,0.0010080892817603013,2,6815.2937968521,0.001022,0.00013180105361243477
0,49,3,1,1,0,4,e,5172.156992945269,0.002004056885420172,1,5172.156933069,0.002011,5.987626900605392e-05
0,49,3,1,1,1,2,e,7745.93456013511,0.0016188378547587771,1,7745.9342543435,0.001667,0.00030579161011701217
0,49,3,1,1,1,2,f,7749.055070650894,0.0017244442583046861,1,7749.0542079173,0.001773,0.0008627335937489988
0,49,3,1,1,1,3,e,7574.896456044922,0.0015622535005561677,2,7574.8961423904,0.001612,0.0003136545219604159
0,49,3,1,1,1,4,e,7415.60420013511,0.0016188378547587771,2,7415.6038943435,0.001667,0.00030579161011701217
0,49,3,1,1,1,4,f,7418.542431565709,0.0017758682383555372,2,7418.5411621569,0.001823,0.0012694088090938749
0,49,4,0,0,1,3,e,8265.25489294527,0.0010080892817603013,1,8265.254833069,0.001022,5.987626900605392e-05
0,49,4,0,0,1,5,e,7993.237802758339,0.0010522091046935489,1,7993.2377682841,0.001457,3.447423932811944e-05
0,5,0,0,0,0,1,e,10.708214992590229,0.001212993816966929,98,10.7079646511,0.001215,0.00025034149022928887
0,5,0,0,0,1,1,e,2333.0581782700165,0.00030545048698602526,5,2333.0582550823,0.0003055,-7.681228362343973e-05
0,5,0,0,0,2,1,e,4630.869097606465,0.0003011644069275119,4,4630.8690825844,0.0003012,1.5022065781522542e-05
0,5,0,0,0,3,1,e,6904.167196459676,0.0010003499387714282,4,6904.1671814376,0.001,1.5022075785964262e-05
0,5,0,1,1,0,1,e,670.4217821808874,0.0010560303025955269,34,670.4217286901,0.001056,5.349078730887413e-05
0,5,0,1,1,0,1,f,670.4373675003733,0.0006395592232154892,34,670.4368803521,0.0006799,0.0004871482732369259
0,5,0,1,1,1,1,e,2980.464036502549,0.001255920379641958,2,2980.4639452304,0.001277,9.127214889304014e-05
0,5,0,1,1,1,1,f,2980.4769993885816,0.0014517231140957975,2,2980.4762751173,0.001454,0.0007242712817969732
0,5,0,1,1,2,1,e,5265.990434201767,0.000816906359382763,1,5265.9904047744,0.0008488,2.942736682598479e-05
0,5,0,1,1,2,1,f,5266.0131497510865,0.0010943034314119646,1,5266.0124264696,0.001097,0.000723281486898486
0,5,0,1,1,3,1,e,7527.034266835156,0.0011870282220739319,3,7527.0348002354,0.001209,-0.0005334002444215002
0,5,0,1,1,3,1,f,7527.051929388581,0.0014517231140957975,2,7527.0512051173,0.001454,0.0007242712808874785
0,5,0,2,2,0,1,e,1330.56263000714,0.005026927491022722,11,1330.5620797426,0.005027,0.000550264539924683
0,5,0,2,2,0,1,f,1330.5633897489101,0.005098038838612355,11,1330.5625243904,0.005116,0.0008653585100546479
0,5,0,2,2,1,1,e,3628.314374357042,0.005177837386399848,1,3628.3133985912,0.005195,0.0009757658422131499
0,5,0,2,2,1,1,f,3628.3136087649827,0.0051254268114958,1,3628.3129504878,0.005125,0.0006582771825378586
0,5,0,2,2,3,1,e,8150.393194357042,0.005177837386399848,1,8150.3922185912,0.005195,0.0009757658426678972
0,5,0,2,2,3,1,f,8150.3924287649825,0.0051254268114958,1,8150.3917704878,0.005125,0.0006582771820831113
0,5,1,0,0,0,1,e,1366.3775170722051,0.001249501500599339,10,1366.3766566704,0.001252,0.0008604018050846207
0,5,1,0,0,0,2,e,1255.2966632868563,0.0012160028782860672,11,1255.2962844148,0.001218,0.0003788720562170056
0,5,1,0,0,1,1,e,3665.759176309278,0.0003011644069275119,7,3665.7591738652,0.0003012,2.444077836116776e-06
0,5,1,0,0,1,2,e,3557.9007389462954,0.0003011644069275119,9,3557.9007402368,0.0003012,-1.2905047697131522e-06
0,5,1,0,0,2,1,e,5940.840441008787,0.0010003499387714282,1,5940.840458433,0.001,-1.742421318340348e-05
0,5,1,0,0,2,2,e,5835.868741008787,0.0010003499387714282,1,5835.868758433,0.001,-1.742421318340348e-05
0,5,1,0,0,3,1,e,8191.661666459677,0.0020001749923444197,2,8191.6616514376,0.00678,1.5022076695458964e-05
0,5,1,0,0,3,2,e,8089.218731459677,0.0020001749923444197,2,8089.2187164376,0.002058,1.5022076695458964e-05
0,5,1,1,1,0,1,e,2046.7629214596764,0.0010003499387714282,2,2046.7629064376,0.001,1.5022076468085288e-05
0,5,1,1,1,0,1,f,2046.7887349925904,0.0015720540703169214,1,2046.7884846511,0.001574,0.0002503414905277168
0,5,1,1,1,0,2,e,1895.4396384378445,0.001000449898795537,2,1895.4394009676,0.001,0.00023747024442855036
0,5,1,1,1,0,2,f,1895.461810237684,0.0007052205328831543,2,1895.4610162953,0.000742,0.0007939423840070958
0,5,1,1,1,1,1,e,4333.877364056469,0.000816906359382763,5,4333.8769528852,0.0008557,0.00041117126875178656
0,5,1,1,1,1,1,f,4333.901419836733,0.0010943034314119646,5,4333.9013743517,0.001121,4.548503329715459e-05
0,5,1,1,1,1,2,e,4185.7013781398455,0.0007064248013766221,6,4185.701167564,0.0007431,0.00021057584581285482
0,5,1,1,1,1,2,f,4185.7235812509625,0.0010943034314119646,6,4185.7230634767,0.001097,0.0005177742623345694
0,5,1,1,1,2,1,e,6596.688646459676,0.0010003499387714282,2,6596.6886314376,0.001,1.5022076695458964e-05
0,5,1,1,1,2,2,e,6451.393955753225,0.0010003499387714282,6,6451.3938166178,0.001,0.00013913542443333426
0,5,1,1,1,2,2,f,6451.41641539985,0.0014543727170158274,3,6451.4160723687,0.001454,0.00034303114989597816
0,5,1,2,2,1,1,e,4997.649651033424,0.005106858133921483,1,4997.6484919913,0.005108,0.0011590421236178372
0,5,1,2,2,1,1,f,4997.64887416322,0.005017967716117752,1,4997.6480396963,0.005018,0.0008344669204234378
0,5,1,2,2,1,2,e,4818.700578979637,0.00508920425999979,4,4818.6994986104,0.005107,0.001080369236660772
0,5,1,2,2,1,2,f,4818.699807748504,0.005017967716117752,4,4818.699048207,0.005018,0.0007595415045216214
0,5,1,2,2,2,2,e,7072.215044357043,0.005177837386399848,1,7072.2140685912,0.005195,0.0009757658426678972
0,5,2,0,0,0,1,e,2748.979951459676,0.0010003499387714282,2,2748.9799364376,0.001,1.5022076240711613e-05
0,5,2,0,0,0,2,e,2596.366526459676,0.0010003499387714282,2,2596.3665114376,0.001,1.5022076240711613e-05
0,5,2,0,0,0,3,e,2484.198956459676,0.0010003499387714282,2,2484.1989414376,0.001,1.5022076240711613e-05
0,5,2,0,0,1,1,e,5024.600015044784,3.16227766016838e-05,5,5024.5999807874,3.162e-05,3.425738395890221e-05
0,5,2,0,0,1,2,e,4877.51639409724,2.8284271247461906e-05,9,4877.5163009153,3.162e-05,9.31819395191269e-05
0,5,2,0,0,1,3,e,4766.187818487484,2.8284271247461906e-05,9,4766.1878035052,2.828e-05,1.4982284483266994e-05
0,5,2,0,0,2,3,e,7023.444930317132,0.0010003499387714282,5,7023.4449050224,0.001044,2.5294732040492818e-05
0,5,2,1,1,1,1,e,5705.4290483066325,0.0008063721225340072,4,5705.428959885,0.0008387,8.842163242661627e-05
0,5,2,1,1,1,1,f,5705.464706420091,0.0010916043239196152,4,5705.4639821797,0.001094,0.0007242403908094275
0,5,2,1,1,1,2,e,5530.124701024616,0.0007883121209267303,4,5530.1243262722,0.0008214,0.0003747524160644389
0,5,2,1,1,1,2,f,5530.153901653873,0.001081665382639197,3,5530.1532015919,0.001084,0.0007000619725658908
0,5,2,1,1,1,3,e,5378.059412728102,0.0007739741597753764,5,5378.0592840546,0.0008076,0.00012867350233136676
0,5,2,1,1,1,3,f,5378.089213567109,0.0010712142642814277,4,5378.0884887754,0.001074,0.0007247917092172429
0,5,3,0,0,0,3,e,3822.014231926218,0.0003011644069275119,2,3822.0140067808,0.0006315,0.0002251454179713619
0,5,3,0,0,1,1,e,6402.6317964596765,0.0010003499387714282,2,6402.6317814376,0.001,1.5022076695458964e-05
0,5,3,0,0,1,2,e,6218.392591008787,0.0010003499387714282,1,6218.392608433,0.001,-1.742421227390878e-05
0,5,3,0,0,1,3,e,6084.35987706604,0.0004616275555033516,7,6084.3598371122,0.0004617,3.995384031441063e-05
0,5,3,0,0,1,4,e,5957.622673959677,0.0010003499387714282,4,5957.6226589376,0.001,1.5022076695458964e-05
0,5,3,1,1,0,4,e,4308.220441008787,0.0020001749923444197,1,4308.220458433,0.002,-1.742421318340348e-05
0,5,3,1,1,1,1,e,7092.25193880333,0.0012605697124713094,1,7092.2517856865,0.001281,0.0001531168300061836
0,5,3,1,1,1,1,f,7092.2977097510875,0.0014517231140957975,1,7092.2969864696,0.001454,0.0007232814878079807
0,5,3,1,1,1,2,e,6888.961366502548,0.001255920379641958,2,6888.9612752304,0.001277,9.127214798354544e-05
0,5,3,1,1,1,2,f,6888.999429388581,0.0014517231140957975,2,6888.9987051173,0.001454,0.0007242712808874785
0,5,3,1,1,1,3,e,6719.273838803329,0.0012605697124713094,1,6719.2736856865,0.001281,0.0001531168290966889
0,5,3,1,1,1,3,f,6719.306209751087,0.0014517231140957975,1,6719.3054864696,0.001454,0.0007232814878079807
0,5,3,1,1,1,4,e,6557.871716502548,0.001255920379641958,2,6557.8716252304,0.001277,9.127214798354544e-05
0,5,3,1,1,1,4,f,6557.909029388581,0.0014517231140957975,2,6557.9083051173,0.00203,0.0007242712808874785
0,5,3,2,2,1,4,e,7167.721292695232,0.005177837386399848,2,7167.7202252912,0.005195,0.0010674040313460864
0,5,3,2,2,1,4,f,7167.720521464102,0.005107837115648854,2,7167.7197750921,0.005108,0.0007463720021405607
0,5,4,0,0,1,2,e,7581.362196459677,0.0010003499387714282,2,7581.3621814376,0.001,1.5022076695458964e-05
0,5,4,0,0,1,3,e,7410.22004702676,0.0010003499387714282,3,7410.2200559298,0.001,-8.903039997676387e-06
0,5,4,0,0,1,4,e,7282.187747026758,0.0010003499387714282,3,7282.1875281744,0.001,0.00021885235855734209
0,5,4,0,0,1,5,e,7134.377271438408,0.0010445094542415592,1,7134.3773689059,0.001047,-9.746749219630146e-05
0,5,4,1,1,1,3,e,8068.312194201768,0.001255920379641958,1,8068.3121647744,0.001277,2.9427367735479493e-05
0,5,4,1,1,1,3,f,8068.356749026077,0.0014695577566057078,1,8068.356023765,0.001472,0.0007252610766954604
0,5,5,0,0,1,5,e,8467.594132127502,0.0010443179592442141,1,8467.5940604791,0.001044,7.164840280893259e-05
0,50,0,0,0,0,1,e,909.4501643610367,0.0001369087287209987,59,909.4499606352,0.0002153,0.00020372583674088673
0,50,0,0,0,1,1,e,3224.72451416069,0.0015726639819109486,2,3224.7243029979,0.001861,0.00021116279003763339
0,50,0,0,0,2,1,e,5515.467979704751,0.0012508285254182526,1,5515.4677670583,0.001253,0.00021264645147311967
0,50,0,0,0,3,1,e,7781.703629342044,0.0015726639819109486,3,7781.7034176847,0.001575,0.00021165734415262705
0,50,0,1,1,0,1,e,1570.1992601351103,0.0012730420260148522,20,1570.1989543435,0.001334,0.00030579161034438584
0,50,0,1,1,0,1,f,1571.5243915657088,0.0014675517026667237,16,1571.5231221569,0.001524,0.0012694088088665012
0,50,0,1,1,1,1,e,3873.2278663587063,0.0016789008309009796,2,3873.2272165379,0.001718,0.0006498208063021593
0,50,0,1,1,1,1,f,3874.5177867317325,0.0017374533087251582,2,3874.5176872477,0.001908,9.948403248927207e-05
0,50,0,1,1,3,1,e,8405.795790788685,0.0017316777991300805,1,8405.7951301367,0.001769,0.0006606519855267834
0,50,1,0,0,0,1,e,2266.412478333995,0.0003265639294227089,2,2266.4132864158,0.0003664,-0.0008080818051894312
0,50,1,0,0,0,2,e,2153.455162758339,0.0003273285810924552,3,2153.4551282841,0.00106,3.447423932811944e-05
0,50,1,0,0,1,1,e,4558.641204765724,0.001250308761866444,8,4558.6409936029,0.001253,0.00021116282368893735
0,50,1,0,0,1,2,e,4449.160585662951,0.0012508285254182526,5,4449.1605216026,0.001253,6.406035117834108e-05
0,50,1,0,0,2,2,e,6720.25155916069,0.0015726639819109486,4,6720.2513479979,0.001575,0.00021116279003763339
0,50,1,1,1,0,1,e,2946.9452497047505,0.0015730772390445424,1,2946.9450370583,0.001575,0.00021264645056362497
0,50,1,1,1,0,2,e,2794.7461897047506,0.0015730772390445424,1,2794.7459770583,0.001575,0.00021264645056362497
0,50,1,1,1,1,1,e,5227.055671358707,0.001381559987839833,2,5227.0550215379,0.001428,0.0006498208067569067
0,50,1,1,1,1,1,f,5229.143096731732,0.0014521515072470916,2,5229.1429972477,0.00158,9.948403203452472e-05
0,50,1,1,1,1,2,e,5078.146595221335,0.001445236312856828,5,5078.1459358394,0.00149,0.0006593819343834184
0,50,1,1,1,1,2,f,5079.933965309714,0.0014521515072470916,4,5079.9338658257,0.00158,9.948401384463068e-05
0,50,1,1,1,2,1,f,7484.8373643610375,0.0010093284896405133,1,7484.8371606352,0.001023,0.00020372583730932092
0,50,1,1,1,2,2,e,7336.986031548713,0.0016789008309009796,3,7336.9853853383,0.001718,0.0006462104129241197
0,50,1,1,1,2,2,f,7338.750924568247,0.0010093284896405133,2,7338.7507443446,0.00196,0.0001802236465664464
0,50,2,0,0,0,2,e,3494.484459704751,0.0015730772390445424,1,3494.4842470583,0.001575,0.00021264645101837232
0,50,2,0,0,1,1,e,5919.06223461663,0.001218758384586543,2,5919.0620249375,0.001221,0.0002096791304211365
0,50,2,0,0,1,2,e,5768.5315995241435,0.0012144430822397566,6,5768.5313868849,0.001217,0.00021263924372760812
0,50,2,0,0,1,3,e,5658.074834604217,0.0012139489280855271,7,5658.0746240097,0.001216,0.00021059451773908222
0,50,2,1,1,0,2,e,4160.719501729498,0.001250308761866444,4,4160.7194186452,0.001253,8.308429823955521e-05
0,50,2,1,1,1,2,e,6422.044981227192,0.0015579178412227005,2,6422.0443320785,0.0016,0.0006491486919912859
0,50,2,1,1,1,2,f,6424.465840873461,0.001523562929451882,2,6424.4657445965,0.001636,9.62769609031966e-05
0,50,2,1,1,1,3,f,6273.07027477546,0.0014521515072470916,1,6273.070118054,0.001636,0.0001567214603710454
0,50,3,0,0,1,1,e,7298.55094416069,0.0015726639819109486,2,7298.5507329979,0.001575,0.00021116279003763339
0,50,3,0,0,1,2,e,7110.993644160691,0.0015726639819109486,2,7110.9934329979,0.001575,0.0002111627909471281
0,50,3,0,0,1,3,e,6973.949761210407,0.0013372254858474693,5,6973.9485745123,0.00134,0.001186698106721451
0,50,3,0,0,1,4,e,6850.692409704751,0.0015730772390445424,1,6850.6921970583,0.001575,0.00021264645147311967
0,50,3,1,1,0,4,e,5207.8203786166305,0.0023395025112189984,1,5207.8201689375,0.002341,0.0002096791304211365
0,50,3,1,1,1,2,e,7781.323271358706,0.0016789008309009796,2,7781.3226215379,0.001718,0.000649820805847412
0,50,3,1,1,1,2,f,7784.5670717317325,0.0017374533087251582,2,7784.5669722477,0.001846,9.948403294401942e-05
0,50,3,1,1,1,3,e,7610.223251928727,0.0016789008309009796,1,7610.2226129391,0.001718,0.0006389896270775353
0,50,3,1,1,1,4,e,7451.011505788686,0.0017316777991300805,2,7451.0108451367,0.001769,0.0006606519864362781
0,50,3,1,1,1,4,f,7454.06273977546,0.0017374533087251582,2,7454.0625790931,0.002369,0.0001606823598194751
0,50,4,0,0,1,3,e,8300.56877861663,0.0015726639819109486,1,8300.5685689375,0.001575,0.0002096791304211365
0,50,4,0,0,1,4,e,8171.47599416069,0.0015726639819109486,2,8171.4757829979,0.001575,0.00021116279003763339
0,51,0,0,0,0,1,e,945.7981097047507,0.0012143195625534493,55,945.7978970583,0.001217,0.0002126464506773118
0,51,0,0,0,1,1,e,3260.787354384963,0.00014405901568454512,5,3260.7871451846,0.0002199,0.00020920036286042887
0,51,0,0,0,2,1,e,5551.24335086777,0.0003297635516548183,2,5551.2431444046,0.0003692,0.00020646316988859326
0,51,0,0,0,3,1,e,7817.192423036684,0.0010093284896405133,3,7817.1928354539,0.001023,-0.00041241721646656515
0,51,0,1,1,0,1,e,1606.5877907886857,0.0014137566975968672,16,1606.5871301367,0.00146,0.0006606519857541571
0,51,0,1,1,0,1,f,1607.9633947754596,0.0014208251123906841,13,1607.963238054,0.001608,0.00015672145968892437
0,51,0,1,1,1,1,e,3909.3355201350614,0.0016188378547587771,2,3909.3352143435,0.001667,0.0003057915614590456
0,51,0,1,1,1,1,f,3910.6795038962096,0.0017758682383555372,2,3910.6781809155,0.00208,0.0013229807095740398
0,51,0,1,1,3,1,f,8442.608396226711,0.0018258444621599068,1,8442.607019674,0.001872,0.0013765527110081166
0,51,1,0,0,0,1,e,2302.8166046166307,0.0012551382393983543,1,2302.8163949375,0.001258,0.00020967913087588386
0,51,1,0,0,1,1,e,4594.755896769066,0.0003297635516548183,7,4594.7557526699,0.0003692,0.00014409916548174806
0,51,1,0,0,1,2,e,4485.201632666633,0.0003297635516548183,7,4485.2014040486,0.0003692,0.00022861803245177725
0,51,1,0,0,2,2,e,6756.013545365976,0.0010093284896405133,3,6756.0133398148,0.001023,0.00020555117589537986
0,51,1,0,0,3,1,e,9105.735469891699,0.001055624933392538,1,9105.73705341,0.001474,-0.0015835183003218845
0,51,1,1,1,0,1,e,2983.3527773745063,0.0010103187615797303,1,2983.3525681739,0.001024,0.0002092006061502616
0,51,1,1,1,0,1,f,2985.6416097047504,0.0015730772390445424,1,2985.6413970583,0.001575,0.00021264645056362497
0,51,1,1,1,0,2,e,2831.1136473745064,0.0010103187615797303,1,2831.1134381739,0.001024,0.00020920060660500894
0,51,1,1,1,1,1,e,5263.181150135111,0.001307912841132772,1,5263.1808443435,0.001367,0.00030579161102650687
0,51,1,1,1,1,1,f,5265.355251565708,0.0014979011983438694,1,5265.3539821569,0.001554,0.0012694088081843802
0,51,1,1,1,1,2,e,5114.236546098316,0.001926301118724692,2,5114.2363961819,0.001967,0.00014991641546657775
0,51,1,1,1,1,2,f,5116.097560547586,0.0014979011983438694,4,5116.0962375668,0.001554,0.001322980786426342
0,51,1,1,1,2,1,e,7518.695964361037,0.0010093284896405133,1,7518.6957606352,0.001023,0.00020372583730932092
0,51,1,1,1,2,2,e,7372.79827013511,0.0016188378547587771,2,7372.7979643435,0.001667,0.00030579161011701217
0,51,1,1,1,2,2,f,7374.6349862267125,0.0018258444621599068,1,7374.633609674,0.001872,0.001376552712827106
0,51,2,0,0,1,1,e,5955.244570374506,0.00020795191751941123,1,5955.2443611739,0.0002662,0.0002092006061502616
0,51,2,0,0,1,2,e,5804.571021008935,0.00013836184445142387,6,5804.5708161863,0.0002162,0.00020482263425947167
0,51,2,0,0,1,3,e,5694.1357431692295,0.0001401570547635759,5,5694.1355374725,0.0002174,0.0002056967296084622
0,51,2,1,1,0,2,e,4197.074747113331,0.0003297635516548183,2,4197.0745433875,0.0003692,0.000203725830942858
0,51,2,1,1,1,2,e,6458.11997913511,0.0019145589570446766,1,6458.1196733435,0.001955,0.00030579161011701217
0,51,2,1,1,1,2,f,6460.638624565709,0.0015184887223815655,1,6460.6373551569,0.001573,0.0012694088081843802
0,51,2,1,1,1,3,e,6306.762080135012,0.001926301118724692,1,6306.7617743435,0.001967,0.0003057915118915844
0,51,3,0,0,1,2,e,7147.101855867771,0.0010093284896405133,2,7147.1016494046,0.001023,0.00020646317079808796
0,51,3,0,0,1,3,e,7009.924017295133,0.0005782248697522444,4,7009.925727201,0.001023,-0.001709905866846384
0,51,3,0,0,1,4,e,6886.796147374507,0.0010103187615797303,1,6886.7959381739,0.001024,0.0002092006070597563
0,51,3,1,1,1,2,e,7817.41586013511,0.0016188378547587771,1,7817.4155543435,0.001667,0.00030579161011701217
0,51,3,1,1,1,3,e,7646.25536013511,0.0016188378547587771,1,7646.2550543435,0.001667,0.00030579161011701217
0,51,3,1,1,1,3,f,7649.218691565709,0.0017758682383555372,1,7649.2174221569,0.001823,0.0012694088090938749
0,51,3,1,1,1,4,f,7490.2969612267125,0.0018258444621599068,2,7490.295584674,0.001872,0.001376552712827106
0,51,4,0,0,1,4,e,8207.430747374507,0.0010103187615797303,1,8207.4305381739,0.001024,0.0002092006070597563
0,51,4,0,0,1,5,e,8064.833892471882,0.0010103187615797303,2,8064.8336767988,0.001392,0.00021567308158410015
0,51,4,1,1,1,4,e,8826.409360135109,0.0016188378547587771,1,8826.4090543435,0.001667,0.00030579160920751747
0,52,0,0,0,0,1,e,982.8560473745065,0.0001440277750991107,47,982.8558381739,0.0002199,0.0002092006064913221
0,52,0,0,0,1,1,e,3297.553629833293,0.0013372254858474693,4,3297.5534162886,0.00134,0.00021354469299694756
0,52,0,0,0,2,1,e,5587.718539456845,0.0012508285254182526,2,5587.7183241405,0.001253,0.00021531634502025554
0,52,0,0,0,3,1,e,7853.376304456846,0.0015730772390445424,2,7853.3760891405,0.001575,0.00021531634592975024
0,52,0,1,1,0,1,e,1643.6891301350129,0.0019027968887929158,8,1643.6888243435,0.001944,0.0003057915128010791
0,52,0,1,1,0,1,f,1645.1210962267119,0.0015276478651835965,11,1645.119719674,0.001582,0.0013765527119176113
0,52,0,1,1,1,1,e,3946.147741078166,0.00178289315439821,1,3946.145522552,0.00182,0.0022185261659615207
0,52,0,1,1,1,1,f,3947.537393483591,0.0017885032848725774,1,3947.5372367622,0.001941,0.00015672139124944806
0,52,0,1,1,3,1,f,8478.887573483591,0.0017885032848725774,1,8478.8874167622,0.001941,0.00015672139124944806
0,52,1,0,0,0,1,e,2339.931769891699,0.00033814789663695973,3,2339.93335341,0.001083,-0.0015835183012313792
0,52,1,0,0,0,2,e,2226.806887569257,0.00105296913535013,2,2226.8066654237,0.001424,0.0002221455570179387
0,52,1,0,0,1,1,e,4631.577006931552,0.0012508285254182526,5,4631.5767919258,0.001253,0.00021500575257960008
0,52,1,0,0,1,2,e,4521.946783969264,0.0012508285254182526,6,4521.9465686014,0.001253,0.00021536786425713217
0,52,1,0,0,2,2,e,6792.474864208942,0.001573871659316604,2,6792.4746462228,0.001576,0.00021798614125145832
0,52,1,1,1,0,1,e,3020.4725192089413,0.001573871659316604,1,3020.4723012228,0.001576,0.00021798614125145832
0,52,1,1,1,0,2,e,2868.1921292089414,0.001573871659316604,1,2868.1919112228,0.001576,0.00021798614125145832
0,52,1,1,1,1,1,e,5300.013585933426,0.001445236312856828,2,5300.0104362215,0.001569,0.0031497119261985063
0,52,1,1,1,1,1,f,5302.269284129525,0.0014521515072470916,2,5302.2691274081,0.001636,0.00015672142490075203
0,52,1,1,1,1,2,e,5151.032464419664,0.001445236312856828,4,5151.0310248306,0.00149,0.0014395890648302156
0,52,1,1,1,1,2,f,5152.960730413929,0.0014521515072470916,4,5152.9605736925,0.001636,0.00015672142944822554
0,52,1,1,1,2,2,e,7409.31064764834,0.0017316777991300805,3,7409.3086820456,0.001769,0.0019656027398013975
0,52,1,1,1,2,2,f,7411.213803483591,0.0017885032848725774,1,7411.2136467622,0.001941,0.00015672139033995336
0,52,2,0,0,1,1,e,5992.135881643622,0.0012275878787280366,2,5992.1357266699,0.00123,0.00015497372260142583
0,52,2,0,0,1,2,e,5841.315394086452,0.0012157187174671616,5,5841.3151755026,0.001218,0.00021858385207451647
0,52,2,0,0,1,3,e,5730.900860119662,0.0012146900839308768,5,5730.9006455496,0.001217,0.00021457006187119987
0,52,2,1,1,0,2,e,4234.138788328604,0.0012508285254182526,2,4234.1385756821,0.001253,0.00021264650422381237
0,52,2,1,1,1,3,f,6346.150713483592,0.001512859544042341,1,6346.1505567622,0.00169,0.00015672139215894276
0,52,3,0,0,1,2,e,7183.917604456847,0.0015730772390445424,2,7183.9173891405,0.001575,0.00021531634683924494
0,52,3,0,0,1,3,e,7046.605504456846,0.0015730772390445424,2,7046.6052891405,0.001575,0.00021531634592975024
0,52,3,0,0,1,4,e,6923.605204456847,0.0015730772390445424,2,6923.6049891405,0.001575,0.00021531634683924494
0,52,3,1,1,0,4,e,5281.27870970475,0.0023397803315696112,1,5281.2784970583,0.002341,0.00021264645056362497
0,52,3,1,1,1,4,f,7527.229013483591,0.0017885032848725774,1,7527.2288567622,0.001941,0.00015672139124944806
0,52,4,0,0,1,3,e,8373.30710970475,0.0015730772390445424,1,8373.3068970582,0.001575,0.00021264654969854746
0,52,4,0,0,1,4,e,8244.091599208941,0.001573871659316604,1,8244.0913812228,0.001576,0.00021798614216095302
0,53,0,0,0,0,1,e,1020.6245992089414,0.0012153485096876534,45,1020.6243812228,0.001218,0.00021798614136514516
0,53,0,0,0,1,1,e,3335.024468371632,0.00014405901568454512,3,3335.0242591708,0.0002199,0.00020920083170494763
0,53,0,0,0,2,1,e,5624.893007374506,0.0003327822110630314,1,5624.8927981739,0.0003719,0.0002092006061502616
0,53,0,0,0,3,1,e,7890.252447374507,0.0010103187615797303,1,7890.2522381739,0.001024,0.0002092006070597563
0,53,0,1,1,0,1,e,1681.5011510781655,0.0014760447147698472,10,1681.498932552,0.00152,0.0022185261655067734
0,53,0,1,1,0,1,f,1682.9840734835911,0.001482816239457877,9,1682.9839167622,0.001663,0.00015672139124944806
0,53,0,1,1,1,1,e,3983.6637475356983,0.002149566467918589,2,3983.6631794035,0.002186,0.0005681321981683141
0,53,0,1,1,1,1,f,3985.110550937449,0.0018258444621599068,2,3985.109146049,0.001872,0.0014048884486328461
0,53,0,1,1,3,1,f,8515.869765648185,0.00187448873029421,1,8515.868332424,0.001919,0.0014332241862575756
0,53,1,0,0,0,2,e,2264.546395208161,0.001251188235238807,2,2264.5461805722,0.001254,0.00021463596112880623
0,53,1,0,0,1,1,e,4669.103692000193,0.0003327822110630314,4,4669.1034671639,0.0003719,0.0002248362934551551
0,53,1,0,0,1,2,e,4559.395261495605,0.0003327822110630314,5,4559.3950366593,0.0003719,0.00022483630527858622
0,53,1,0,0,2,2,e,6829.633184923131,0.0010103187615797303,3,6829.6329652988,0.001024,0.00021962433129374404
0,53,1,1,1,0,1,e,3058.3030400203743,0.001046300148141058,1,3058.3027995484,0.001059,0.0002404719743935857
0,53,1,1,1,0,2,e,2905.9802700203745,0.001046300148141058,1,2905.9800295484,0.001059,0.0002404719743935857
0,53,1,1,1,1,1,e,5337.549082535697,0.001926301118724692,2,5337.5485144035,0.001967,0.0005681321972588194
0,53,1,1,1,1,1,f,5339.897350937448,0.0015568262587713504,2,5339.895946049,0.00161,0.0014048884486328461
0,53,1,1,1,1,2,e,5188.533739768263,0.001926301118724692,3,5188.5326469546,0.002012,0.001092813663490233
0,53,1,1,1,1,2,f,5190.537301428002,0.0016136009419927839,2,5190.5358682038,0.001665,0.0014332242017189856
0,53,1,1,1,2,2,e,7446.523614936383,0.0021910353716907446,1,7446.5227844634,0.002227,0.0008304729826704715
0,53,1,1,1,2,2,f,7448.5014091743615,0.0018258444621599068,3,7448.5003757992,0.001872,0.0010333751615689835
0,53,2,0,0,1,1,e,6029.73321857632,0.000215276566304835,2,6029.7329985575,0.0002719,0.00022001882007316453
0,53,2,0,0,1,2,e,5878.764117672736,0.00015602563891873672,5,5878.7639151742,0.0002279,0.00020249853605491808
0,53,2,0,0,1,3,e,5768.368968697439,0.0010103187615797303,2,5768.3687438612,0.001024,0.0002248362397949677
0,53,2,1,1,0,2,e,4271.912321411204,0.0003327822110630314,2,4271.9121122106,0.0003719,0.0002092006043312722
0,53,3,0,0,1,1,e,7409.426308697441,0.0010103187615797303,2,7409.4260838612,0.001024,0.0002248362407044624
0,53,3,0,0,1,2,e,7221.438047374507,0.0010103187615797303,1,7221.4378381739,0.001024,0.0002092006070597563
0,53,3,0,0,1,3,e,7083.987547374507,0.0010103187615797303,1,7083.9873381739,0.001024,0.0002092006070597563
0,53,3,0,0,1,4,e,6961.1178086974405,0.0010103187615797303,2,6961.1175838612,0.001024,0.0002248362407044624
0,53,3,1,1,1,2,e,7891.720330135013,0.002149566467918589,1,7891.7200243435,0.002186,0.0003057915128010791
0,53,3,1,1,1,2,f,7895.365696226712,0.0018258444621599068,1,7895.364319674,0.001872,0.0013765527119176113
0,53,3,1,1,1,4,f,7564.877815648186,0.00187448873029421,2,7564.876382424,0.001919,0.001433224185348081
0,53,4,0,0,1,3,e,8410.732508697442,0.0010103187615797303,2,8410.7322838612,0.001024,0.0002248362416139571
0,53,4,0,0,1,4,e,8281.450547374507,0.0010103187615797303,1,8281.4503381739,0.001024,0.0002092006070597563
0,54,0,0,0,0,1,e,1059.102570020374,0.0003078051331605762,36,1059.1023295484,0.0003498,0.00024047197416621202
0,54,0,0,0,1,1,e,3373.1997999716605,0.001573871659316604,3,3373.1995829849,0.001576,0.00021698676027881447
0,54,0,0,0,2,1,e,5662.764209208942,0.0012518274641499124,1,5662.7639912228,0.001254,0.00021798614216095302
0,54,0,0,0,3,1,e,7927.822854952776,0.001573871659316604,2,7927.8226377509,0.001576,0.0002172018757846672
0,54,0,1,1,0,1,e,1720.0234549363834,0.0019495219926946195,8,1720.0226244634,0.00199,0.0008304729833525926
0,54,0,1,1,0,1,f,1721.566065648186,0.0015854677543236254,11,1721.564632424,0.001638,0.001433224186030202
0,54,0,1,1,1,1,e,4021.885639367101,0.00178289315439821,2,4021.8834128508,0.00182,0.0022265163006522926
0,54,0,1,1,1,1,f,4023.3835034835706,0.0017885032848725774,2,4023.3833467621,0.001941,0.00015672147083023447
0,54,0,1,1,3,1,e,8552.116847656036,0.0018326778222044374,1,8552.1146131495,0.001868,0.0022345065353874816
0,54,0,1,1,3,1,f,8553.54166348355,0.00228007543734851,1,8553.5415067621,0.002401,0.00015672144945710897
0,54,1,0,0,0,2,e,2302.995241495605,0.0010539184029136222,1,2302.9950166593,0.001067,0.00022483630527858622
0,54,1,0,0,1,1,e,4707.336904233976,0.001253464000280822,3,4707.3366878163,0.001256,0.00021641767671098933
0,54,1,0,0,1,2,e,4597.548195170657,0.0012518274641499124,7,4597.5479780552,0.001254,0.00021711545741709415
0,54,1,0,0,2,2,e,6867.4915024527745,0.001573871659316604,4,6867.4912852509,0.001576,0.0002172018748751725
0,54,1,1,1,0,1,e,3096.8457506966097,0.0015751736412218179,1,3096.845534279,0.001577,0.00021641760986312875
0,54,1,1,1,0,2,e,2944.4792106966097,0.0015751736412218179,1,2944.478994279,0.001577,0.00021641760986312875
0,54,1,1,1,1,1,e,5375.791779367101,0.0015062230910459443,2,5375.7895528508,0.001549,0.0022265163015617873
0,54,1,1,1,1,1,f,5378.22528348355,0.0020709282942680558,1,5378.2251267621,0.002204,0.00015672144945710897
0,54,1,1,1,1,2,e,5226.737552532238,0.0015062230910459443,4,5226.7353260159,0.001549,0.0022265163379415753
0,54,1,1,1,1,2,f,5228.811707978964,0.0020709282942680558,2,5228.8115512575,0.002204,0.0001567214640090242
0,54,1,1,1,2,1,f,7632.733270020374,0.001046300148141058,1,7632.7330295484,0.001059,0.0002404719743935857
0,54,1,1,1,2,2,e,7484.43397343249,0.001573871659316604,2,7484.4327471861,0.002177,0.0012262463906154153
0,54,2,0,0,1,1,e,6068.039997344014,0.0012271805083197828,2,6068.0397620389,0.00123,0.00023530511407443555
0,54,2,0,0,1,2,e,5916.917677481156,0.0012160065789295715,5,5916.917460107,0.001219,0.00021737415590905584
0,54,2,0,0,1,3,e,5806.542151741875,0.0012160065789295715,6,5806.5419340694,0.001219,0.00021767247562820558
0,54,2,1,1,0,2,e,4310.398470126373,0.0012518274641499124,2,4310.3994452442,0.001576,-0.000975117827692884
0,54,3,0,0,1,2,e,7259.664204952776,0.001573871659316604,2,7259.6639877509,0.001576,0.0002172018766941619
0,54,3,0,0,1,3,e,7122.073054952774,0.001573871659316604,2,7122.0728377509,0.001576,0.0002172018739656778
0,54,3,0,0,1,4,e,6999.334254952775,0.001573871659316604,2,6999.3340377509,0.001576,0.0002172018748751725
0,54,3,1,1,1,2,e,7929.931347656036,0.0018326778222044374,1,7929.9291131495,0.001868,0.0022345065362969763
0,54,3,1,1,1,4,e,7599.701977656036,0.0018326778222044374,1,7599.6997431495,0.001868,0.0022345065362969763
0,54,3,1,1,1,4,f,7603.22477348355,0.00228007543734851,1,7603.2246167621,0.002401,0.00015672145036660368
0,54,4,0,0,1,3,e,8448.862704952775,0.001573871659316604,2,8448.8624877509,0.001576,0.0002172018757846672
0,54,4,0,0,1,4,e,8319.513654952774,0.001573871659316604,2,8319.5134377509,0.001576,0.0002172018739656778
0,55,0,0,0,0,1,e,1098.2912106966096,0.0012170340997687782,42,1098.290994279,0.00122,0.00021641760963575507
0,55,0,0,0,1,1,e,3412.07928281758,0.001046300148141058,3,3412.0790423456,0.001059,0.0002404719798505539
0,55,0,0,0,3,1,e,7966.085070020375,0.001046300148141058,1,7966.0848295484,0.001059,0.0002404719743935857
0,55,0,1,1,0,1,e,1759.2560476560366,0.0015358085818226175,10,1759.2538131495,0.001578,0.00223450653652435
0,55,0,1,1,0,1,f,1760.85176348355,0.002049083697656101,7,1760.8516067621,0.002183,0.00015672145013923
0,55,0,1,1,1,1,e,4060.813075548903,0.0021910353716907446,2,4060.812245076,0.002227,0.0008304729026349378
0,55,0,1,1,1,1,f,4062.3681649909354,0.00187448873029421,2,4062.3673285864,0.001919,0.0008364045352209359
0,55,0,1,1,3,1,e,8590.434176161421,0.00223173385510011,1,8590.4333456885,0.002267,0.0008304729217343265
0,55,1,0,0,0,2,e,2342.1535717418756,0.0012524663668138957,1,2342.1533540694,0.001255,0.00021767247562820558
0,55,1,0,0,1,1,e,4746.275113430392,0.0004298185663742319,3,4746.2748729584,0.0004608,0.00024047199167398503
0,55,1,0,0,1,2,e,4636.403727129045,0.0004298185663742319,8,4636.4034866571,0.0004608,0.00024047194528975524
0,55,1,0,0,2,2,e,6906.046221383841,0.001046300148141058,4,6906.0459809119,0.001059,0.00024047194074228173
0,55,1,1,1,0,1,e,3136.099067747313,0.0010479236613417982,1,3136.0988272753,0.001061,0.00024047201259236317
0,55,1,1,1,0,2,e,2983.687617747313,0.0010479236613417982,1,2983.6873772753,0.001061,0.00024047201304711052
0,55,1,1,1,1,1,e,5414.740350548903,0.001972469518142169,2,5414.739520076,0.002012,0.0008304729026349378
0,55,1,1,1,1,1,f,5417.267293607332,0.0016136009419927839,3,5417.2664691685,0.001924,0.0008244388318416895
0,55,1,1,1,1,2,e,5265.647426406969,0.002017581720773659,3,5265.646595934,0.002056,0.000830472969028051
0,55,1,1,1,1,2,f,5267.797406076803,0.0016684447848220809,2,5267.7971664919,0.00197,0.00023958490328368498
0,55,2,0,0,1,1,e,6107.053190469152,0.0004968339762938924,2,6107.0529499972,0.0005239,0.00024047195165621815
0,55,2,0,0,1,2,e,5955.77504255115,0.00030926364157462806,7,5955.7748020792,0.0003511,0.00024047195074672345
0,55,2,0,0,1,3,e,5845.417640154911,0.0003118397024113511,4,5845.417399683,0.0003533,0.00024047191072895657
0,55,2,1,1,0,2,e,4349.590674699273,0.0004298185663742319,2,4349.5904342273,0.0004608,0.000240471973484091
0,55,3,0,0,1,2,e,7298.597093883844,0.001046300148141058,2,7298.5968534119,0.001059,0.00024047194347076584
0,55,3,0,0,1,4,e,7038.256670020374,0.001046300148141058,1,7038.2564295484,0.001059,0.0002404719743935857
0,55,3,1,1,1,4,e,7638.636636161422,0.00223173385510011,1,7638.6358056885,0.002267,0.0008304729217343265
0,56,0,0,0,0,1,e,1138.188817747313,0.0003132794279872204,40,1138.1885772753,0.0003546,0.00024047201281973685
0,56,0,0,0,1,1,e,3451.6629846937526,0.001341369449480642,4,3451.6627684525,0.001344,0.00021624125247399206
0,56,0,0,0,3,1,e,8005.041648163148,0.0015751736412218179,2,8005.0414318515,0.001577,0.00021631164781865664
0,56,0,1,1,0,1,e,1799.1997761614216,0.0019951531269554222,9,1799.1989456885,0.002034,0.0008304729215069528
0,56,0,1,1,0,1,f,1800.854244333684,0.0016412519611564824,7,1800.8540047488,0.001947,0.00023958488395692257
0,56,0,1,1,1,1,e,4100.444817656029,0.001881145395762911,1,4100.4425831495,0.001916,0.0022345065290210187
0,56,0,1,1,1,1,f,4102.058859171621,0.002319211935119341,1,4102.0588213893,0.002439,3.7782321669510566e-05
0,56,0,1,1,3,1,e,8629.44198765603,0.001881145395762911,1,8629.4397531495,0.001916,0.0022345065299305134
0,56,0,1,1,3,1,f,8630.972649171621,0.002319211935119341,1,8630.9726113893,0.002439,3.7782321669510566e-05
0,56,1,0,0,1,1,e,4785.919548678261,0.001253464000280822,2,4785.9193322606,0.001256,0.0002164176612495794
0,56,1,0,0,1,2,e,4675.963455723911,0.001253464000280822,6,4675.9632394123,0.001256,0.00021631161052937387
0,56,1,0,0,2,2,e,6945.300110663146,0.0015751736412218179,4,6945.2998943515,0.001577,0.00021631164599966723
0,56,1,1,1,0,1,e,3176.0635856296826,0.0015766014080927369,1,3176.0633694241,0.001579,0.00021620558254653588
0,56,1,1,1,0,2,e,3023.6063156296827,0.0015766014080927369,1,3023.6060994241,0.001579,0.00021620558254653588
0,56,1,1,1,1,1,e,5454.39459765603,0.001621329084424257,1,5454.3923631495,0.001662,0.0022345065299305134
0,56,1,1,1,1,2,e,5305.260667656034,0.0015648348155636105,3,5305.2584331495,0.001606,0.002234506533568492
0,56,1,1,1,1,2,f,5307.487873483549,0.0020709282942680558,3,5307.4877167621,0.002204,0.00015672144945710897
0,56,1,1,1,2,1,f,7710.892417747314,0.0010479236613417982,1,7710.8921772753,0.001061,0.00024047201350185787
0,56,1,1,1,2,2,f,7564.551309171621,0.002319211935119341,1,7564.5512713893,0.002439,3.7782320760015864e-05
0,56,2,0,0,1,1,e,6146.773261696609,0.0012941298234721275,1,6146.773045279,0.001296,0.0002164176084988867
0,56,2,0,0,1,2,e,5995.337356521589,0.0012174037949669782,4,5995.3371401465,0.00122,0.0002163750887120841
0,56,2,0,0,1,3,e,5884.997494163775,0.0012288498687797465,4,5884.9973270833,0.001231,0.0001670804749664967
0,56,3,0,0,1,1,e,7526.687785629682,0.0015766014080927369,1,7526.6875694241,0.001579,0.00021620558254653588
0,56,3,0,0,1,3,e,7200.350998163147,0.0015751736412218179,2,7200.3507818515,0.001577,0.00021631164690916194
0,56,3,0,0,1,4,e,7077.87981069661,0.0015751736412218179,1,7077.879594279,0.001577,0.0002164176094083814
0,56,3,1,1,0,4,e,5436.75141069661,0.0023411902955548063,1,5436.751194279,0.002342,0.0002164176103178761
0,56,3,1,1,1,3,e,7836.973347656036,0.0018326778222044374,1,7836.9711131495,0.001868,0.0022345065362969763
0,56,3,1,1,1,4,e,7678.275487656029,0.001881145395762911,1,7678.2732531495,0.001916,0.0022345065290210187
0,56,3,1,1,1,4,f,7682.043459171621,0.002319211935119341,1,7682.0434213893,0.002439,3.7782320760015864e-05
0,56,4,0,0,1,3,e,8527.23841069661,0.0015751736412218179,1,8527.238194279,0.001577,0.0002164176094083814
0,56,4,0,0,1,4,e,8397.741885629683,0.0015766014080927369,1,8397.7416694241,0.001579,0.00021620558254653588
0,57,0,0,0,0,1,e,1178.7966856296825,0.0012188814544491192,37,1178.7964694241,0.001221,0.00021620558254653588
0,57,0,0,0,1,1,e,3491.9504507602533,0.0003132937918312459,5,3491.9502102772,0.0003546,0.00024048305340329534
0,57,0,0,0,3,1,e,8044.690113754618,0.0010479236613417982,2,8044.6897491934,0.001061,0.0003645612187028746
0,57,0,1,1,0,1,e,1839.8530876560294,0.0015933323570429365,8,1839.8508531495,0.001634,0.002234506529475766
0,57,0,1,1,0,1,f,1841.5673491716213,0.0020925448621236294,9,1841.5673113893,0.002224,3.778232144213689e-05
0,57,0,1,1,1,1,e,4140.7825099891725,0.0022717033257007835,1,4140.7816795162,0.002306,0.0008304729726660298
0,57,0,1,1,1,1,f,4142.449012040101,0.001968173772815805,1,4142.4487724552,0.00223,0.00023958490055520087
0,57,0,1,1,3,1,f,8670.732192040101,0.001968173772815805,1,8670.7319524552,0.00223,0.00023958490055520087
0,57,1,0,0,0,2,e,2422.594734163775,0.00126493952424612,1,2422.5945670833,0.001267,0.0001670804749664967
0,57,1,0,0,1,1,e,4826.269096797712,0.00043375569160530907,6,4826.2687322365,0.0004645,0.0003645612123364117
0,57,1,0,0,1,2,e,4716.225880275706,0.00043375569160530907,6,4716.2255330937,0.0004645,0.00034718200640782015
0,57,1,0,0,2,2,e,6985.250103754621,0.0010479236613417982,4,6985.2496450895,0.001061,0.00045866512118664104
0,57,1,1,1,0,1,e,3216.7395797619274,0.001053301476311507,1,3216.7390911115,0.001066,0.0004886504275418702
0,57,1,1,1,1,1,e,5494.754188075297,0.002017581720773659,2,5494.7533576024,0.002056,0.0008304728971779696
0,57,1,1,1,1,1,f,5497.4662520401,0.0017215423317479008,1,5497.4660124552,0.002015,0.00023958489964570617
0,57,1,1,1,1,2,e,5345.578933304655,0.002017581720773659,4,5345.5781028317,0.002056,0.0008304729553856305
0,57,1,1,1,1,2,f,5347.8829803887265,0.0016684447848220809,4,5347.8827408038,0.00197,0.00023958492693054723
0,57,2,0,0,1,1,e,6187.2028277619265,0.0007382709529705202,1,6187.2023391115,0.0007567,0.0004886504266323755
0,57,2,0,0,1,2,e,6035.603800936724,0.0003210046728631844,4,6035.6034527566,0.0003614,0.00034818012409232324
0,57,2,0,0,1,3,e,5925.278653253098,0.0003210046728631844,6,5925.278549261,0.0003614,0.00010399209804745624
0,57,3,0,0,1,1,e,7567.1919097619275,0.001053301476311507,1,7567.1914211115,0.001066,0.0004886504275418702
0,57,3,0,0,1,2,e,7378.580109761928,0.001053301476311507,1,7378.5796211115,0.001066,0.0004886504275418702
0,57,3,0,0,1,3,e,7240.543213754619,0.0010479236613417982,2,7240.5428491934,0.001061,0.0003645612187028746
0,57,3,0,0,1,4,e,7118.206817747314,0.0010479236613417982,1,7118.2065772753,0.001061,0.00024047201350185787
0,57,3,1,1,1,2,e,8048.793449989172,0.0022717033257007835,1,8048.7926195162,0.002306,0.0008304729717565351
0,57,4,0,0,1,3,e,8567.481517747314,0.0010479236613417982,1,8567.4812772753,0.001061,0.00024047201441135257
0,57,4,0,0,1,4,e,8437.906109761927,0.001053301476311507,1,8437.9056211115,0.001066,0.0004886504266323755
0,58,0,0,0,0,1,e,1220.1138097619273,0.0003308232156303424,37,1220.1133211115,0.0003702,0.0004886504273144965
0,58,0,0,0,1,1,e,3532.942549026771,0.001341369449480642,4,3532.9420727411,0.001344,0.00047628567062929505
0,58,0,0,0,3,1,e,8085.0322856296825,0.0015766014080927369,1,8085.0320694241,0.001579,0.00021620558254653588
0,58,0,1,1,0,1,e,1881.2177499891723,0.002039763711805855,7,1881.2169195162,0.002078,0.0008304729722112825
0,58,0,1,1,0,1,f,1882.9909920400996,0.0016952014629535923,7,1882.9907524552,0.001993,0.00023958489964570617
0,58,0,1,1,1,1,e,4181.82232765602,0.001881145395762911,2,4181.8200931495,0.001916,0.0022345065199260716
0,58,0,1,1,1,1,f,4183.550340485179,0.002319211935119341,2,4183.5503024765,0.002439,3.8008678529877216e-05
0,58,0,1,1,3,1,e,8709.54262765601,0.0023534459840837646,1,8709.5403931495,0.002381,0.00223450650992163
0,58,1,0,0,1,1,e,4867.324433791189,0.0012552577424576996,5,4867.323950635,0.001258,0.00048315618914784864
0,58,1,0,0,1,2,e,4757.191867788901,0.0012552577424576996,7,4757.1913161839,0.001258,0.0005516050005098805
0,58,1,0,0,2,2,e,7025.899484970476,0.0015766014080927369,4,7025.8990433265,0.001579,0.0004416439760461799
0,58,1,1,1,0,1,e,3258.1264293112663,0.0015827419246358517,1,3258.1256089181,0.001587,0.0008203931661228125
0,58,1,1,1,1,1,e,5535.817967656029,0.001621329084424257,1,5535.8157331495,0.001662,0.0022345065290210187
0,58,1,1,1,1,1,f,5538.627621798736,0.002156094617589868,1,5538.6275835638,0.002284,3.823493625532137e-05
0,58,1,1,1,1,2,e,5386.598752885369,0.0021514432365275175,2,5386.5965183788,0.002182,0.0022345065690387855
0,58,1,1,1,1,2,f,5388.984546127381,0.0021139403965107434,4,5388.9845078738,0.002244,3.825358089670772e-05
0,58,2,0,0,1,1,e,6228.337802629682,0.001329124523887811,1,6228.3375864241,0.001331,0.00021620558254653588
0,58,2,0,0,1,2,e,6076.574417051148,0.0012199065537982817,3,6076.5742852098,0.001222,0.00013184134786570212
0,58,2,0,0,1,3,e,5966.264058153658,0.0012229766964255697,4,5966.2636163815,0.001225,0.00044177215841045836
0,58,3,0,0,1,2,e,7419.631227470474,0.0015766014080927369,2,7419.6307091711,0.001579,0.0005182993745620479
0,58,3,0,0,1,3,e,7281.438677470475,0.0015766014080927369,2,7281.4381591711,0.001579,0.0005182993754715426
0,58,3,0,0,1,4,e,7159.238085629682,0.0015766014080927369,1,7159.2378694241,0.001579,0.00021620558254653588
0,58,3,1,1,1,4,e,7759.664647656012,0.0023534459840837646,1,7759.6624131495,0.002381,0.0022345065117406193
0,58,3,1,1,1,4,f,7763.691701798735,0.0023576988781436868,1,7763.6916635638,0.002475,3.823493534582667e-05
0,58,4,0,0,1,4,e,8478.772869311266,0.0015827419246358517,1,8478.7720489181,0.001587,0.0008203931665775599
0,59,0,0,0,0,1,e,1262.1405693112665,0.0012268137592968218,33,1262.1397489181,0.001232,0.0008203931665775599
0,59,0,0,0,1,1,e,3574.637001202157,0.0010695999252056817,1,3574.6365789633,0.001082,0.0004222388570269686
0,59,0,0,0,2,1,e,5862.601281202157,0.00048378094216287604,1,5862.6008589633,0.0005115,0.0004222388570269686
0,59,0,0,0,3,1,e,8126.065491202157,0.0010695999252056817,1,8126.0650689633,0.001082,0.0004222388570269686
0,59,0,1,1,0,1,e,1923.2891276560117,0.0021304243708707427,6,1923.2868931495,0.002161,0.0022345065117406193
0,59,0,1,1,0,1,f,1925.126671798736,0.0021351215422078435,6,1925.1266335638,0.002264,3.82349360279477e-05
0,59,0,1,1,1,1,e,4223.568606869907,0.0023109816096196006,1,4223.567776397,0.002345,0.0008304729071824113
0,59,0,1,1,1,1,f,4225.352624333678,0.0020133822289868358,1,4225.3523363036,0.00227,0.00028803007808164693
0,59,0,1,1,3,1,e,8750.631876869906,0.0023109816096196006,1,8750.631046397,0.002345,0.0008304729053634219
0,59,0,1,1,3,1,f,8752.328334333677,0.0020133822289868358,1,8752.3280463036,0.00227,0.00028803007626265753
0,59,1,0,0,1,1,e,4909.084400086478,0.00044659153596995096,6,4909.083941774,0.0004765,0.0004583124782584491
0,59,1,0,0,1,2,e,4798.860153096721,0.00044659153596995096,4,4798.8594036068,0.0004765,0.0007494899209632422
0,59,1,0,0,2,2,e,7067.244130482042,0.001053301476311507,4,7067.2436750374,0.001066,0.0004554446422844194
0,59,1,1,1,0,1,e,3300.222691202157,0.0010695999252056817,1,3300.2222689633,0.001082,0.0004222388570269686
0,59,1,1,1,1,1,e,5577.588839989172,0.002061707059695921,1,5577.5880095162,0.0021,0.0008304729717565351
0,59,1,1,1,1,2,e,5428.3264299891725,0.002061707059695921,3,5428.3255995162,0.0021,0.0008304729726660298
0,59,1,1,1,1,2,f,5430.789447728173,0.0017215423317479008,4,5430.7891754405,0.002015,0.0002722876733969315
0,59,2,0,0,1,1,e,6270.179679761928,0.0006764199878773543,1,6270.1791911115,0.0006965,0.0004886504284513649
0,59,2,0,0,1,2,e,6118.24933050595,0.0003456067128977677,2,6118.2487770282,0.0003835,0.0005534777501452481
0,59,2,0,0,1,3,e,6007.951509613792,0.0003486316107297214,5,6007.9510443428,0.0003862,0.00046527099220838863
0,59,3,0,0,1,3,e,7323.035650482042,0.001053301476311507,2,7323.0351950374,0.001066,0.0004554446422844194
0,59,3,0,0,1,4,e,7200.972709761928,0.001053301476311507,1,7200.9722211115,0.001066,0.0004886504275418702
0,59,3,1,1,0,4,e,5560.768709761927,0.0020271763613459977,1,5560.7682211115,0.002034,0.0004886504275418702
0,59,4,0,0,1,3,e,8650.080909761928,0.001053301476311507,1,8650.0804211115,0.001066,0.0004886504284513649
0,59,4,0,0,1,4,e,8520.342309761927,0.001053301476311507,1,8520.3418211115,0.001066,0.0004886504266323755
0,6,0,0,0,0,1,e,14.990951910565173,3.0000000000000008e-05,97,14.9909044421,3e-05,4.7468465172784136e-05
0,6,0,0,0,1,1,e,2337.307982830801,0.0012149744853288073,7,2337.3076222004,0.001217,0.00036063040079170605
0,6,0,0,0,2,1,e,4635.085061425755,0.0012494614840002072,4,4635.0847982868,0.001252,0.000263138955233444
0,6,0,0,0,3,1,e,6908.350000600067,0.0015719904579863072,4,6908.3497374611,0.001574,0.0002631389670568751
0,6,0,1,1,0,1,e,674.7090942017675,0.0007598262959387493,42,674.7090647744,0.0007941,2.9427367508105817e-05
0,6,0,1,1,0,1,f,674.7318097510869,0.0010523782589924595,39,674.7310864696,0.001055,0.000723281486898486
0,6,0,1,1,1,1,e,2984.7171126883286,0.0014487926007541588,2,2984.7169613185,0.004174,0.00015136982847252511
0,6,0,1,1,1,1,f,2984.7423441351857,0.0011820896751092956,2,2984.7416977768,0.001204,0.0006463583858931088
0,6,0,1,1,2,1,e,5270.208023195771,0.0010904127658827184,1,5270.2077739469,0.00109,0.000249248871114105
0,6,0,1,1,2,1,f,5270.237340272648,0.0006980945494701988,2,5270.2371648577,0.0007352,0.00017541494798933854
0,6,0,1,1,3,1,e,7531.222565042583,0.0014487926007541588,3,7531.2223972065,0.001449,0.00016783608225523494
0,6,0,1,1,3,1,f,7531.245269135188,0.0011820896751092956,2,7531.2446227768,0.002171,0.0006463583886215929
0,6,0,2,2,0,1,e,1334.8628943570423,0.005080354318352216,13,1334.8619185912,0.005098,0.0009757658422131499
0,6,0,2,2,0,1,f,1334.8621287649823,0.005026927491022722,11,1334.8614704878,0.005027,0.0006582771823104849
0,6,0,2,2,1,1,e,3632.580422660104,0.0051254268114958,2,3632.5798398968,0.005125,0.000582763304009859
0,6,0,2,2,1,1,f,3632.5811838183613,0.005177837386399848,2,3632.5802857531,0.005195,0.0008980652614809514
0,6,0,2,2,3,1,e,8154.591532660103,0.0051254268114958,2,8154.5909498968,0.005125,0.0005827633031003643
0,6,0,2,2,3,1,f,8154.592293818361,0.005177837386399848,2,8154.5913957531,0.005195,0.0008980652610262041
0,6,1,0,0,0,1,e,1370.665221438408,0.0003016620625799671,7,1370.6653189059,0.0003095,-9.746749196892779e-05
0,6,1,0,0,0,2,e,1259.5770481609338,0.0003013303834663872,12,1259.5771049142,0.0003013,-5.6753266107989475e-05
0,6,1,0,0,1,1,e,3670.014270721586,0.0012494614840002072,8,3670.0140075826,0.001252,0.00026313898615626385
0,6,1,0,0,1,2,e,3562.149168722777,0.0012494614840002072,9,3562.1488433042,0.001252,0.00032541857717660605
0,6,1,0,0,2,1,e,5945.061365600067,0.0015719904579863072,2,5945.0611024611,0.001574,0.0002631389670568751
0,6,1,0,0,2,2,e,5840.085542064242,0.0015719904579863072,3,5840.0852831911,0.001574,0.0002588731422292767
0,6,1,0,0,3,1,e,8195.855986656283,0.0016003918270223701,2,8195.8550283207,0.001602,0.0009583355822542217
0,6,1,0,0,3,2,e,8093.401740724593,0.0015743770196493597,3,8093.4014004303,0.001576,0.00034029429298243485
0,6,1,1,1,0,1,e,2051.0530606000666,0.0015719904579863072,2,2051.0527974611,0.001574,0.00026313896660212777
0,6,1,1,1,0,1,f,2051.0885919105654,0.001000449898795537,1,2051.0885444421,0.001,4.746846525449655e-05
0,6,1,1,1,0,2,e,1899.7255462075432,0.0015719904579863072,2,1899.7252702712,0.001574,0.0002759363430868689
0,6,1,1,1,0,2,f,1899.7557519105653,0.001000449898795537,1,1899.7557044421,0.001,4.746846525449655e-05
0,6,1,1,1,1,1,e,4338.136122963559,0.0010904127658827184,4,4338.1355723195,0.001449,0.0005506440584213124
0,6,1,1,1,1,1,f,4338.165912759037,0.0006980945494701988,4,4338.1676894037,0.0007431,-0.001776644662641047
0,6,1,1,1,1,2,e,4189.955577989551,0.0010904127658827184,4,4189.9554194512,0.00109,0.00015853835066081956
0,6,1,1,1,1,2,f,4189.98522143471,0.0006980945494701988,5,4189.9846929512,0.0007352,0.0005284835106067476
0,6,1,1,1,2,1,e,6600.912265600067,0.0015719904579863072,2,6600.9120024611,0.001574,0.0002631389670568751
0,6,1,1,1,2,1,f,6600.944551910566,0.001000449898795537,1,6600.9445044421,0.001,4.74684657092439e-05
0,6,1,1,1,2,2,e,6455.615849784788,0.0014543727170158274,3,6455.6157306771,0.001454,0.00011910768807865679
0,6,1,1,1,2,2,f,6455.645791690264,0.001000449898795537,5,6455.6452754693,0.001,0.0005162209636182524
0,6,1,2,2,1,1,e,5001.917292660103,0.005035871324805669,2,5001.9167098968,0.005036,0.0005827633031003643
0,6,1,2,2,1,1,f,5001.918053818361,0.00508920425999979,2,5001.9171557531,0.005107,0.0008980652610262041
0,6,1,2,2,1,2,e,4822.966797225203,0.005035871324805669,4,4822.9661947302,0.005036,0.0006024950025675935
0,6,1,2,2,1,2,f,4822.967559767549,0.00508920425999979,4,4822.9666410629,0.005107,0.0009187046489387285
0,6,1,2,2,2,2,e,7076.448665313068,0.005142956348249517,1,7076.4480500511,0.005143,0.0006152619680506177
0,6,2,0,0,0,1,e,2753.275995600067,0.0015719904579863072,2,2753.2757324611,0.001574,0.0002631389670568751
0,6,2,0,0,0,2,e,2600.646675600067,0.0015719904579863072,2,2600.6464124611,0.001574,0.00026313896660212777
0,6,2,0,0,0,3,e,2488.483095600067,0.0015719904579863072,2,2488.4828324611,0.001574,0.0002631389670568751
0,6,2,0,0,1,1,e,5028.86222629785,0.001213076254816654,8,5028.8620270464,0.001216,0.00019925144988519605
0,6,2,0,0,1,2,e,4881.762563650704,0.0012129525959409956,10,4881.7622890104,0.001215,0.0002746403033597744
0,6,2,0,0,1,3,e,4770.4397181070735,0.0012129525959409956,8,4770.439455775,0.001215,0.0002623320733619039
0,6,2,0,0,2,1,e,7280.278714992591,0.0015720540703169214,1,7280.2784646511,0.001574,0.0002503414907550905
0,6,2,0,0,2,3,e,7027.666315600067,0.0015719904579863072,2,7027.6660524611,0.001574,0.0002631389670568751
0,6,2,1,1,1,1,e,5709.688943707502,0.0010636728820459795,4,5709.6896211162,0.00107,-0.0006774086978111882
0,6,2,1,1,1,1,f,5709.737556058981,0.0006555425234109531,3,5709.7368125655,0.0006949,0.0007434934805132798
0,6,2,1,1,1,2,e,5534.375539817582,0.0010521881960942159,4,5534.3753884478,0.001052,0.00015136978163354797
0,6,2,1,1,1,2,f,5534.416272371124,0.0006367385648757267,5,5534.4156883831,0.0006772,0.0005839880241182982
0,6,2,1,1,1,3,e,5382.314007725299,0.0010444615837837215,4,5382.3137531549,0.001044,0.00025457039919274393
0,6,2,1,1,1,3,f,5382.355622209741,0.0006382287990995078,5,5382.3547793433,0.0006786,0.0008428664414168452
0,6,2,2,2,1,3,f,6002.639427887812,0.00508920425999979,1,6002.6384971158,0.005107,0.0009307720119977603
0,6,3,0,0,0,2,e,3965.23364499259,0.0012495415159169381,1,3965.2333946511,0.001252,0.00025034149030034314
0,6,3,0,0,0,3,e,3826.286057572544,0.0012494614840002072,4,3826.2857944336,0.001252,0.0002631389438647602
0,6,3,0,0,1,1,e,6406.899865600067,0.0015719904579863072,2,6406.8996024611,0.001574,0.0002631389670568751
0,6,3,0,0,1,2,e,6222.646029136011,0.0013359468552304017,5,6222.6457646324,0.001338,0.0002645036111061927
0,6,3,0,0,1,3,e,6088.600204963365,0.0013359468552304017,7,6088.5998665611,0.001338,0.0003384022656973684
0,6,3,0,0,1,4,e,5961.881243100067,0.0015719904579863072,4,5961.8809799611,0.001574,0.0002631389670568751
0,6,3,1,1,0,4,e,4312.495414992591,0.002339092559092094,1,4312.4951646511,0.00234,0.0002503414907550905
0,6,3,1,1,1,1,e,7096.515603195771,0.0014487926007541588,1,7096.5153539469,0.001449,0.000249248871114105
0,6,3,1,1,1,1,f,7096.579467500373,0.0011870282220739319,1,7096.5789803521,0.001209,0.000487148272441118
0,6,3,1,1,1,2,e,6893.213503195771,0.0014487926007541588,1,6893.2132539469,0.001449,0.000249248871114105
0,6,3,1,1,1,2,f,6893.267319135187,0.0011820896751092956,2,6893.2666727768,0.001204,0.0006463583868026035
0,6,3,1,1,1,3,e,6723.518503195771,0.0014487926007541588,1,6723.5182539469,0.001449,0.000249248871114105
0,6,3,1,1,1,3,f,6723.566569135185,0.0011820896751092956,2,6723.5659227768,0.001204,0.0006463583849836141
0,6,3,1,1,1,4,e,6562.130382180887,0.0014543727170158274,1,6562.1303286901,0.001454,5.3490786740439944e-05
0,6,3,1,1,1,4,f,6562.1822691351845,0.0011820896751092956,2,6562.1816227768,0.001204,0.0006463583840741194
0,6,3,2,2,1,4,e,7171.99118500714,0.0051254268114958,2,7171.9906347426,0.005125,0.000550264539924683
0,6,3,2,2,1,4,f,7171.99194474891,0.005195190083144217,2,7171.9910793904,0.005212,0.0008653585100546479
0,6,4,0,0,1,2,e,7585.622782757445,0.0015719904579863072,3,7585.6223205309,0.001574,0.0004622265450962004
0,6,4,0,0,1,3,e,7414.462115600067,0.0015719904579863072,2,7414.4618524611,0.001574,0.0002631389670568751
0,6,4,0,0,1,4,e,7286.426428823502,0.0015719904579863072,4,7286.426130075,0.001574,0.00029874850133637665
0,6,4,1,1,1,3,e,8072.558182180887,0.0014543727170158274,1,8072.5581286901,0.001454,5.3490787649934646e-05
0,6,4,1,1,1,3,f,8072.617970769998,0.0011820896751092956,1,8072.6171652015,0.001204,0.0008055684975261101
0,6,4,1,1,1,4,e,7904.255503195771,0.0014487926007541588,1,7904.2552539469,0.001449,0.000249248871114105
0,6,4,1,1,1,5,f,7730.465111946634,0.0011870282220739319,2,7730.4644764684,0.001209,0.0006354782344715204
0,60,0,0,0,0,1,e,1304.875291202157,0.0003795312898826657,21,1304.8748689633,0.0004143,0.0004222388570269686
0,60,0,0,0,1,1,e,3617.0367108579035,0.0012411208643802586,7,3617.0359319888,0.001247,0.0007788691036694217
0,60,0,0,0,3,1,e,8167.791547587097,0.0015827419246358517,2,8167.7907479569,0.001587,0.0007996301965249586
0,60,0,1,1,0,1,e,1966.0742768699065,0.0020834193048928002,4,1966.073446397,0.002121,0.0008304729065002903
0,60,0,1,1,0,1,f,1967.9714343336777,0.0017474861945091296,4,1967.9711463036,0.002038,0.0002880300776268996
0,60,0,1,1,1,1,f,4267.866034826256,0.0023955675736659987,1,4267.8659965913,0.002511,3.823495535471011e-05
0,60,1,0,0,0,2,e,2548.569829613792,0.00045993912640696267,1,2548.5693643428,0.000489,0.00046527099220838863
0,60,1,0,0,1,1,e,4951.550083688015,0.0012629615987827976,4,4951.5494735624,0.001268,0.0006101256149122491
0,60,1,0,0,1,2,e,4841.231736210666,0.0012629615987827976,6,4841.2309394884,0.001268,0.0007967222663864959
0,60,1,0,0,2,2,e,7109.288280345707,0.0015827419246358517,3,7109.2874876365,0.001587,0.0007927092065074248
0,60,1,1,1,1,2,f,5473.301241798735,0.002156094617589868,3,5473.3012035638,0.002284,3.823493443633197e-05
0,60,2,0,0,1,2,e,6160.628448684239,0.0012294193751523524,4,6160.6276356582,0.001235,0.0008130260384859866
0,60,2,0,0,1,3,e,6050.342070285134,0.0012317353611876216,4,6050.3412633401,0.001237,0.0008069450332186534
0,60,3,0,0,1,2,e,7503.849547587096,0.0015827419246358517,2,7503.8487479569,0.001952,0.0007996301956154639
0,60,3,0,0,1,3,e,7365.335425862927,0.0015938544475578693,1,7365.3346469956,0.001598,0.0007788673265167745
0,60,3,0,0,1,4,e,7243.409497587097,0.0015827419246358517,2,7243.4086979569,0.001587,0.0007996301965249586
0,60,3,1,1,1,3,e,8002.201727656012,0.0023534459840837646,1,8002.1994931495,0.002381,0.0022345065117406193
0,60,4,0,0,1,3,e,8692.435469311265,0.0015827419246358517,1,8692.4346489181,0.001587,0.0008203931647585705
0,61,0,0,0,0,1,e,1348.3205258629275,0.0012411172386201073,35,1348.3197469956,0.001247,0.0007788673274262692
0,61,0,0,0,1,1,e,3660.1366820735598,0.0010695999252056817,2,3660.1362735046,0.001172,0.00040856895975593943
0,61,0,0,0,3,1,e,8210.20841207356,0.0010695999252056817,2,8210.2080035046,0.001082,0.00040856895975593943
0,61,0,1,1,0,1,f,2011.529064826256,0.0021768656366436584,4,2011.5290265913,0.002304,3.8234956036831136e-05
0,61,1,0,0,1,1,e,4994.719745009339,0.00048378094216287604,4,4994.7193398792,0.0005115,0.00040513013937015785
0,61,1,0,0,1,2,e,4884.30448408775,0.0005348308143703016,4,4884.3040891888,0.00056,0.0003948989497075672
0,61,1,0,0,2,2,e,7152.028172944961,0.0010936379656906576,1,7152.027778046,0.001106,0.00039489896062150365
0,61,2,0,0,1,2,e,6203.709851944961,0.000490044895902406,1,6203.709457046,0.0005174,0.00039489896062150365
0,61,2,0,0,1,3,e,6093.433415251368,0.000404529356165903,2,6093.4330033175,0.0004373,0.00041193386823579203
0,61,3,0,0,1,2,e,7547.015132944961,0.0010936379656906576,1,7547.014738046,0.001106,0.00039489896062150365
0,61,3,0,0,1,3,e,7408.33413294496,0.0010936379656906576,1,7408.333738046,0.001106,0.00039489896062150365
0,61,3,0,0,1,4,e,7286.546532944961,0.0010936379656906576,1,7286.546138046,0.001106,0.00039489896062150365
0,61,4,0,0,1,4,e,8605.578091202158,0.0010695999252056817,1,8605.5776689633,0.001082,0.0004222388579364633
0,62,0,0,0,0,1,e,1392.4728329449608,0.0004427685625696567,22,1392.472438046,0.0004729,0.0003948989608488773
0,62,0,0,0,1,1,e,3703.944101865168,0.0012411208643802586,5,3703.9433229937,0.001247,0.000778871467900899
0,62,0,0,0,3,1,e,8253.32042302181,0.001649355025456921,1,8253.3191813288,0.001653,0.0012416930112522095
0,62,0,1,1,1,1,f,4355.0011384042355,0.0024328468920176622,1,4355.0011001693,0.002547,3.823493534582667e-05
0,62,1,0,0,1,1,e,5038.596058905454,0.0012768602116128454,3,5038.5950585905,0.001282,0.0010003149536714773
0,62,1,0,0,1,2,e,4928.081317154865,0.0012768602116128454,6,4928.080339285,0.001282,0.0009778698649824946
0,62,1,0,0,2,2,e,7195.46569302181,0.001649355025456921,2,7195.4644513288,0.001653,0.0012416930094332201
0,62,1,1,1,1,2,f,5560.4370748262545,0.0021974403291102128,3,5560.4370365913,0.002323,3.823495444521541e-05
0,62,2,0,0,1,2,e,6247.49799351574,0.0012501487911444782,2,6247.4972146485,0.001256,0.0007788672401147778
0,62,2,0,0,1,3,e,6137.229662429837,0.0013352423001088604,2,6137.2280100242,0.00134,0.001652405637287302
0,62,3,0,0,1,2,e,7590.888425862928,0.0015938544475578693,1,7590.8876469956,0.001598,0.0007788673274262692
0,62,3,0,0,1,3,e,7452.039174442368,0.0015938544475578693,2,7452.0381641622,0.001598,0.0010102801679749973
0,62,3,1,1,0,4,e,5691.177325862927,0.0023537994816891263,1,5691.1765469956,0.002357,0.0007788673274262692
0,63,0,0,0,0,1,e,1437.335923021809,0.0013116295208632658,20,1437.3346813288,0.001317,0.0012416930092058465
0,63,0,0,0,1,1,e,3748.451018754177,0.0010936379656906576,2,3748.4505500686,0.001106,0.0004686855768341047
0,63,0,0,0,3,1,e,8297.120958754178,0.0010936379656906576,2,8297.1204900686,0.001106,0.0004686855772888521
0,63,0,1,1,0,1,f,2100.7741984042354,0.002217824158944978,4,2100.7741601693,0.002342,3.823493534582667e-05
0,63,1,0,0,1,1,e,5083.174270451425,0.0005348308143703016,4,5083.1740280006,0.00056,0.00024245082568086218
0,63,1,0,0,1,2,e,4972.558228717255,0.0005348308143703016,3,4972.5577568543,0.00056,0.000471862954327662
0,63,1,0,0,2,2,e,7239.5978495633935,0.0011730490185836225,2,7239.5973070912,0.001185,0.0005424721939562005
0,63,2,0,0,1,2,e,6291.985137944961,0.0007864756830315862,1,6291.984743046,0.0008038,0.00039489896062150365
0,63,2,0,0,1,3,e,6181.723861944961,0.000490044895902406,1,6181.723467046,0.0005174,0.00039489896062150365
0,63,3,0,0,1,2,e,7635.466484563393,0.0011730490185836225,1,7635.4659420912,0.001185,0.0005424721930467058
0,63,3,0,0,1,3,e,7496.44143294496,0.0010936379656906576,1,7496.441038046,0.001106,0.00039489895971200895
0,64,0,0,0,0,1,e,1482.904984563394,0.0006132242656646914,17,1482.9044420912,0.0006353,0.0005424721939562005
0,64,0,0,0,1,1,e,3793.6639412587706,0.001649355025456921,3,3793.6626567727,0.001653,0.001284486070744606
0,64,0,0,0,3,1,e,8341.617280355436,0.001702372462183291,1,8341.6159207185,0.001706,0.0013596369371953188
0,64,1,0,0,1,1,e,5128.4604208847895,0.0013455006503157107,3,5128.4591227593,0.001351,0.0012981254894839367
0,64,1,0,0,1,2,e,5017.739729028071,0.0013455006503157107,4,5017.7385259968,0.001351,0.0012030312718707137
0,64,1,0,0,2,2,e,7284.429516688623,0.001649355025456921,2,7284.4282160237,0.001653,0.0013006649232920608
0,64,1,1,1,1,2,f,5650.392498404235,0.002238022341264716,1,5650.3924601693,0.002361,3.823493534582667e-05
0,64,2,0,0,1,2,e,6337.1856881193935,0.0013213523375693557,2,6337.1844294351,0.001326,0.001258684293134138
0,64,2,0,0,1,3,e,6226.923108424818,0.0013803159058708265,2,6226.9212782695,0.001431,0.0018301553172932472
0,64,3,0,0,1,3,e,7541.548601688623,0.001649355025456921,2,7541.5473010237,0.001653,0.0013006649232920608
0,64,3,0,0,1,4,e,7420.177880355437,0.001702372462183291,1,7420.1765207185,0.001706,0.0013596369371953188
0,64,4,0,0,1,4,e,8738.68652302181,0.001649355025456921,1,8738.6852813288,0.001653,0.0012416930094332201
0,65,0,0,0,0,1,e,1529.1851803554368,0.0013777053385974811,16,1529.1838207185,0.001383,0.0013596369367405714
0,65,0,0,0,1,1,e,3839.573709765091,0.0011730490185836225,3,3839.5755190671,0.001327,-0.0018093020089509082
0,65,0,0,0,3,1,e,8386.7996577841,0.0011730490185836225,2,8386.7992803645,0.001185,0.00037741960113635287
0,65,1,0,0,1,1,e,5174.446533665359,0.0008037686234234327,2,5174.4463212983,0.0009223,0.00021236705924820853
0,65,1,0,0,1,2,e,5063.619016583079,0.000682674153604778,3,5063.6187597259,0.000819,0.0002568571790106944
0,65,1,0,0,2,2,e,7329.953224563394,0.0011730490185836225,2,7329.9526820912,0.001888,0.0005424721939562005
0,65,2,0,0,1,2,e,6383.0823894436335,0.0007011733024010541,2,6383.0820781008,0.0007206,0.000311342833811068
0,65,2,0,0,1,3,e,6272.820181349916,0.0007110864926294128,2,6272.8197486586,0.0007302,0.0004326913167460589
0,65,3,0,0,1,3,e,7587.352684563393,0.0011730490185836225,1,7587.3521420912,0.001185,0.0005424721930467058
0,66,0,0,0,0,1,e,1576.1694310048088,0.0007456835790065382,14,1576.1692186378,0.0008722,0.00021236700877125259
0,66,0,0,0,1,1,e,3886.196239367386,0.001702372462183291,2,3886.1945518272,0.002373,0.0016875401861398132
0,66,0,0,0,3,1,e,8432.678380355437,0.001702372462183291,1,8432.6770207185,0.001706,0.0013596369371953188
0,66,1,0,0,1,1,e,5221.142378379336,0.0014724374350036068,1,5221.140362936,0.001477,0.002015443335949385
0,66,1,0,0,1,2,e,5110.204998272207,0.001409990070887026,3,5110.2036006989,0.001415,0.0013975733072584262
0,66,1,0,0,2,2,e,7376.1779568673865,0.001702372462183291,4,7376.1762742597,0.001706,0.0016826076862344053
0,66,2,0,0,1,2,e,6429.688816379336,0.0014766421367413299,1,6429.686800936,0.001481,0.002015443335949385
0,66,2,0,0,1,3,e,6319.423374379336,0.0015258020841511526,1,6319.421358936,0.00153,0.002015443335949385
0,66,3,0,0,1,2,e,7773.429248379335,0.0017544435015126592,1,7773.427232936,0.001758,0.0020154433350398904
0,66,3,0,0,1,3,e,7633.862480355438,0.001702372462183291,1,7633.8611207185,0.001706,0.0013596369371953188
0,67,0,0,0,0,1,e,1623.867248379335,0.001441551941485287,19,1623.865232936,0.001446,0.0020154433350398904
0,67,0,0,0,1,1,e,3933.5097741150416,0.001247414926958949,2,3933.509561748,0.001327,0.00021236704151306185
0,67,1,0,0,1,1,e,5268.534924115042,0.0008037686234234327,2,5268.534711748,0.0009223,0.0002123670419678092
0,67,1,0,0,1,2,e,5157.486441170229,0.000908869627614434,2,5157.4864449599,0.001015,-3.7896706999163143e-06
0,67,1,0,0,2,2,e,7423.093049115042,0.001247414926958949,2,7423.092836748,0.001327,0.0002123670419678092
0,67,2,0,0,1,2,e,6476.994230004809,0.0008324325798525668,1,6476.9940176378,0.0009474,0.00021236700831650523
0,67,3,0,0,1,2,e,7820.824754115042,0.001247414926958949,2,7820.824541748,0.001327,0.0002123670419678092
0,68,0,0,0,0,1,e,1672.2659772252748,0.0008579300670800621,10,1672.2657648582,0.0009699,0.00021236707470961846
0,68,0,0,0,1,1,e,3981.5345772846285,0.001546503152276128,4,3981.5325618413,0.001551,0.0020154433286734275
0,68,0,0,0,3,1,e,8526.505180175856,0.0017544435015126592,2,8526.5031647325,0.001758,0.002015443356867763
0,68,1,0,0,1,1,e,5316.640725175854,0.0014724374350036068,2,5316.6387097325,0.001477,0.002015443354139279
0,68,1,0,0,1,2,e,5205.475623937322,0.0014724374350036068,4,5205.4736084939,0.001477,0.002015443421441887
0,68,1,0,0,2,2,e,7470.710590175853,0.0017544435015126592,2,7470.7085747325,0.001758,0.0020154433532297844
0,68,2,0,0,1,2,e,6525.0104693793355,0.0015358945276287693,1,6525.008453936,0.00154,0.002015443335949385
0,68,3,0,0,1,3,e,7728.978748379335,0.0017544435015126592,1,7728.976732936,0.001758,0.0020154433350398904
0,69,0,0,0,0,1,e,1721.3795119723734,0.0015026882577567446,10,1721.377496529,0.001507,0.0020154433734660415
0,69,0,0,0,1,1,e,4030.2538128818833,0.0013175902246146181,3,4030.2535938749,0.001393,0.00021900698311583255
0,69,1,0,0,1,1,e,5365.4413072252755,0.000908869627614434,1,5365.4410948582,0.001015,0.00021236707561911317
0,69,1,0,0,1,2,e,5254.158666941699,0.000908869627614434,4,5254.1584436054,0.001015,0.00022333629931381438
0,69,1,0,0,2,2,e,7519.013612346195,0.0013842124114455843,2,7519.0133895582,0.001456,0.00022278799497144064
0,7,0,0,0,0,1,e,19.988216207543246,0.0012129113735141574,110,19.9879402712,0.001215,0.000275936343246741
0,7,0,0,0,1,1,e,2342.264691215166,0.001000449898795537,4,2342.2648232037,0.001001,-0.00013198853412177414
0,7,0,0,0,2,1,e,4640.003073697019,0.0003014962686336267,4,4640.0030265715,0.0003015,4.7125518904067576e-05
0,7,0,0,0,3,1,e,6913.228987596947,0.001000449898795537,3,6913.2289403571,0.001,4.723984693555394e-05
0,7,0,1,1,0,1,e,679.7120031957706,0.0010483320084782302,39,679.7117539469,0.001048,0.00024924887065935764
0,7,0,1,1,0,1,f,679.7419707699972,0.0006303459367680575,42,679.7411652015,0.0006712,0.0008055684971850496
0,7,0,1,1,1,1,e,2989.682134018347,0.0012528910567164249,2,2989.6820640589,0.001811,6.995944704613066e-05
0,7,0,1,1,1,1,f,2989.707071628487,0.0014473078456223472,2,2989.7063894696,0.001449,0.0006821588872298889
0,7,0,1,1,2,1,e,5275.133675354216,0.0008122413434441761,2,5275.1331269564,0.0008452,0.0005483978166012093
0,7,0,1,1,2,1,f,5275.171073584004,0.0010884392495679306,2,5275.1706434268,0.001091,0.0004301572043914348
0,7,0,1,1,3,1,e,7536.108182485882,0.0011820896751092956,2,7536.1077649879,0.001766,0.00041749798219825607
0,7,0,1,1,3,1,f,7536.135609751087,0.0014517231140957975,1,7536.1348864696,0.001454,0.000723281486898486
0,7,0,2,2,0,1,e,1339.878235313068,0.005044799302251776,10,1339.8776200511,0.005045,0.0006152619680506177
0,7,0,2,2,0,1,f,1339.8789978878121,0.005080354318352216,9,1339.8780671158,0.005098,0.000930772012225134
0,7,0,2,2,1,1,e,3637.557594357042,0.005177837386399848,1,3637.5566185912,0.005195,0.0009757658422131499
0,7,0,2,2,1,1,f,3637.5568287649826,0.0051254268114958,1,3637.5561704878,0.005125,0.0006582771825378586
0,7,0,2,2,3,1,e,8159.491514740759,0.005160426338976268,1,8159.4905363528,0.005178,0.0009783879595488543
0,7,0,2,2,3,1,f,8159.490751989845,0.0051254268114958,1,8159.4900871906,0.005125,0.0006647992449870799
0,7,1,0,0,0,1,e,1375.6690013485475,0.0012160028782860672,6,1375.6685931832,0.001218,0.0004081653473804181
0,7,1,0,0,0,2,e,1264.5715208070226,0.0012139452211693904,12,1264.5712309628,0.001216,0.00028984422260691645
0,7,1,0,0,1,1,e,3674.9775986765717,0.0003014962686336267,4,3674.9775615278,0.0003015,3.71487717529817e-05
0,7,1,0,0,1,2,e,3567.104580653956,0.0003014962686336267,9,3567.1045366656,0.0003015,4.398835608299123e-05
0,7,1,0,0,2,1,e,5949.985245440139,0.001000449898795537,2,5949.9851983146,0.001,4.7125538912951015e-05
0,7,1,0,0,2,2,e,5845.002700440139,0.001000449898795537,2,5845.0026533146,0.001,4.7125538912951015e-05
0,7,1,0,0,3,1,e,8200.739815440138,0.0020002249873451736,2,8200.7397683146,0.002,4.7125538912951015e-05
0,7,1,0,0,3,2,e,8098.281162192449,0.0010018028748211897,3,8098.2811004279,0.001002,6.176454917294905e-05
0,7,1,1,1,0,1,e,2056.0573354401386,0.001000449898795537,2,2056.0572883146,0.001,4.7125538458203664e-05
0,7,1,1,1,0,1,f,2056.1056362075433,0.0015719904579863072,1,2056.1053602712,0.001574,0.00027593634331424255
0,7,1,1,1,0,2,f,1904.767656392896,0.0007052205328831543,3,1904.7668725846,0.000742,0.0007838082960915926
0,7,1,1,1,1,1,e,4343.09914911009,0.0008122413434441761,4,4343.098894208,0.0008452,0.0002549020900914911
0,7,1,1,1,1,1,f,4343.145220845336,0.0010884392495679306,2,4343.1446965993,0.001091,0.0005242460356384981
0,7,1,1,1,1,2,e,4194.917375211007,0.0008122413434441761,4,4194.9172821399,0.0008452,9.307110758527415e-05
0,7,1,1,1,1,2,f,4194.957975843308,0.0010884392495679306,6,4194.9572974305,0.001091,0.0006784128081562812
0,7,1,1,1,2,1,e,6605.838545440139,0.001000449898795537,2,6605.8384983146,0.001,4.7125538912951015e-05
0,7,1,1,1,2,1,f,6605.882216207543,0.0015719904579863072,1,6605.8819402712,0.001574,0.00027593634331424255
0,7,1,1,1,2,2,e,6460.539733056167,0.001000449898795537,2,6460.5396946083,0.001,3.844786715490045e-05
0,7,1,1,1,2,2,f,6460.578626628487,0.0014473078456223472,4,6460.5780086105,0.001449,0.0006180179871080327
0,7,1,2,2,1,1,e,5006.897656122428,0.00508920425999979,2,5006.8967028535,0.005107,0.0009532689282423235
0,7,1,2,2,1,1,f,5006.896892039025,0.005035871324805669,2,5006.8962552694,0.005036,0.0006367696250890731
0,7,1,2,2,1,2,e,4827.945700535979,0.005071488933242388,5,4827.9447380204,0.005089,0.0009625155789763085
0,7,1,2,2,1,2,f,4827.944936866612,0.005035871324805669,5,4827.9442898807,0.005036,0.0006469859117714805
0,7,1,2,2,2,1,e,7257.308694201768,0.001255920379641958,1,7257.3086647744,0.001277,2.9427367735479493e-05
0,7,1,2,2,2,2,e,7081.3897343570425,0.005177837386399848,1,7081.3887585912,0.005195,0.0009757658426678972
0,7,2,0,0,0,1,e,2758.2870854401385,0.001000449898795537,2,2758.2870383146,0.001,4.7125538458203664e-05
0,7,2,0,0,0,2,e,2605.6394204401386,0.001000449898795537,2,2605.6393733146,0.001,4.7125538458203664e-05
0,7,2,0,0,0,3,e,2493.4794454401385,0.001000449898795537,2,2493.4793983146,0.001,4.7125538458203664e-05
0,7,2,0,0,1,1,e,5033.833917444597,3.4641016151377554e-05,7,5033.8338705683,3.464e-05,4.6876297346898355e-05
0,7,2,0,0,1,2,e,4886.715676851911,3.16227766016838e-05,9,4886.7156286165,3.162e-05,4.823541075893445e-05
0,7,2,0,0,1,3,e,4775.399422946821,3.16227766016838e-05,8,4775.3993758091,3.162e-05,4.713772068498656e-05
0,7,2,0,0,2,1,e,7285.212145440139,0.001000449898795537,2,7285.2130824223,0.001001,-0.0009369821618747665
0,7,2,0,0,2,2,e,7143.545541674485,0.001000449898795537,2,7143.545566674,0.001,-2.4999514607770834e-05
0,7,2,0,0,2,3,e,7032.587360568606,0.0010018028748211897,2,7032.5872914846,0.001002,6.908400519023417e-05
0,7,2,1,1,0,2,e,3271.1203041123995,0.0003014962686336267,2,3271.120256644,0.0003015,4.746839931613067e-05
0,7,2,1,1,1,1,e,5714.658599506318,0.0007808559406190106,4,5714.6585336546,0.0008142,6.585171740880469e-05
0,7,2,1,1,1,1,f,5714.723536764316,0.001067660994885549,4,5714.7228420962,0.001071,0.0006946681160115986
0,7,2,1,1,1,2,e,5539.33435790957,0.0007590362310193104,4,5539.3343637637,0.0007956,-5.854129994986579e-06
0,7,2,1,1,1,2,f,5539.3882331883115,0.001053565375285274,3,5539.3875099068,0.001056,0.000723281511454843
0,7,2,1,1,1,3,e,5387.2775986169145,0.0007590362310193104,4,5387.2775286575,0.0007942,6.995941475906875e-05
0,7,2,1,1,1,3,f,5387.332605694465,0.0010493331215586403,4,5387.3319235356,0.001052,0.0006821588649472687
0,7,2,1,1,2,2,f,7783.314916207543,0.0015719904579863072,1,7783.3146402712,0.001574,0.00027593634331424255
0,7,2,2,2,1,3,e,6007.622434357042,0.00508920425999979,1,6007.6214585912,0.005107,0.0009757658417584025
0,7,2,2,2,1,3,f,6007.621668764982,0.005035871324805669,1,6007.6210104878,0.005036,0.0006582771820831113
0,7,3,0,0,0,2,e,3970.2338204401385,0.0003014962686336267,2,3970.2337733146,0.0003015,4.7125538458203664e-05
0,7,3,0,0,0,3,e,3831.2707211740835,0.0003014962686336267,4,3831.270741584,0.0003015,-2.0409916487551527e-05
0,7,3,0,0,1,1,e,6411.8789454401385,0.001000449898795537,2,6411.8788983146,0.001,4.7125538912951015e-05
0,7,3,0,0,1,2,e,6227.607210832872,0.0005608029957123981,6,6227.6071721322,0.0005608,3.870067212119466e-05
0,7,3,0,0,1,3,e,6093.545361462331,0.0003852272056851644,8,6093.5456146691,0.0005608,-0.00025320676923001884
0,7,3,0,0,1,4,e,5966.848089898044,0.0005831029068697909,5,5966.8480739038,0.0005831,1.5994244677131064e-05
0,7,3,1,1,1,1,e,7101.490794201768,0.001255920379641958,1,7101.4907647744,0.001277,2.9427367735479493e-05
0,7,3,1,1,1,1,f,7101.573711628487,0.0014473078456223472,2,7101.5730294696,0.001449,0.0006821588867751416
0,7,3,1,1,1,2,e,6898.174804018347,0.0012528910567164249,2,6898.1747340589,0.001274,6.995944659138331e-05
0,7,3,1,1,1,2,f,6898.246609751087,0.0014517231140957975,1,6898.2458864696,0.001454,0.000723281486898486
0,7,3,1,1,1,3,e,6728.471854018346,0.0012528910567164249,2,6728.4717840589,0.001274,6.995944568188861e-05
0,7,3,1,1,1,3,f,6728.535961628487,0.0014473078456223472,2,6728.5352794696,0.001449,0.0006821588867751416
0,7,3,1,1,1,4,e,6567.096804018349,0.0012528910567164249,2,6567.0967340589,0.001274,6.995944841037272e-05
0,7,3,1,1,1,4,f,6567.167009751087,0.0014517231140957975,1,6567.1662864696,0.001454,0.000723281486898486
0,7,4,0,0,1,1,e,7804.430738969712,0.0010005498488331304,1,7804.4306921871,0.001001,4.678261211665813e-05
0,7,4,0,0,1,2,e,7590.592904106228,0.001000449898795537,3,7590.5929051784,0.001,-1.072171471605543e-06
0,7,4,0,0,1,3,e,7419.411615893311,0.001000449898795537,3,7419.4115852461,0.001,3.06472111333278e-05
0,7,4,0,0,1,4,e,7291.372206152455,0.001000449898795537,4,7291.372179507,0.001,2.6645455363905057e-05
0,7,4,0,0,1,5,e,7143.617793779325,0.0010005498488331304,3,7143.6177559269,0.001001,3.785242552112322e-05
0,7,4,1,1,1,3,e,8077.511254018346,0.0012528910567164249,2,8077.5111840589,0.001519,6.995944659138331e-05
0,7,4,1,1,1,4,e,7909.204694201768,0.001255920379641958,1,7909.2046647744,0.001277,2.9427367735479493e-05
0,7,4,1,1,1,4,f,7909.282211628486,0.0014473078456223472,2,7909.2815294696,0.001449,0.0006821588858656469
0,7,4,1,1,1,5,e,7735.363766207543,0.0018631033251003551,1,7735.3634902712,0.001865,0.00027593634331424255
0,7,4,1,1,1,5,f,7735.458709701312,0.0014146024176424979,2,7735.4582104281,0.001449,0.0004992732119717402
0,70,0,0,0,0,1,e,1771.1934923461954,0.0009571018754552725,12,1771.1932695582,0.001059,0.000222787995426188
0,70,0,0,0,1,1,e,4079.681519146712,0.0018050130193436279,3,4079.6796012883,0.001809,0.0019178584120709274
0,70,0,0,0,3,1,e,8623.093957117893,0.001854203872285893,1,8623.0920948273,0.001858,0.0018622905936354073
0,70,1,0,0,1,1,e,5414.953161972373,0.0015323419983802574,1,5414.951146529,0.001537,0.002015443373238668
0,70,1,0,0,1,2,e,5303.549180737793,0.0015323419983802574,4,5303.5473265047,0.001537,0.0018542330926720751
0,71,0,0,0,0,1,e,1821.7211571178918,0.0015614326754618659,10,1821.7192948273,0.001566,0.0018622905918164179
0,71,0,0,0,1,1,e,4129.804834624831,0.0013842124114455843,3,4129.8045490958,0.001456,0.0002855290304069058
0,71,1,0,0,1,1,e,5465.161565854938,0.0010030174475052765,2,5465.1612566053,0.0011,0.0003092496381214005
0,71,1,0,0,1,2,e,5353.634588644139,0.0010030174475052765,3,5353.6344473941,0.0011,0.0001412500387232285
0,71,1,0,0,2,2,e,7617.718662346195,0.0013842124114455843,1,7617.7184395582,0.001456,0.00022278799497144064
0,72,0,0,0,0,1,e,1872.9498793636794,0.0010469212004730823,5,1872.9494836524,0.00114,0.00039571127945237095
0,72,0,0,0,1,1,e,4180.635211726401,0.001854203872285893,3,4180.6333503257,0.001858,0.0018614007012729417
0,72,1,0,0,1,2,e,5404.425441045707,0.0015899911949441735,4,5404.4235814381,0.001594,0.0018596076070025447
0,72,1,0,0,2,2,e,7668.113196871395,0.001854203872285893,2,7668.1113358071,0.001858,0.0018610642955536605
0,73,0,0,0,0,1,e,1924.891456624899,0.0016180457348295197,7,1924.889596787,0.001622,0.0018598378990191122
0,73,0,0,0,1,1,e,4232.16227460958,0.0015086563558345551,1,4232.1618788983,0.001575,0.00039571128036186565
0,73,0,0,0,3,1,e,8773.154614609579,0.0015086563558345551,1,8773.1542188983,0.001575,0.00039571127854287624
0,73,1,0,0,1,1,e,5567.694961986629,0.001089056472364955,2,5567.6945662753,0.001179,0.00039571132947457954
0,73,1,0,0,1,2,e,5455.911146740728,0.001089056472364955,3,5455.9107510294,0.001179,0.00039571132856508484
0,74,0,0,0,0,1,e,1977.5340146095796,0.0011296211754389168,7,1977.5336188983,0.001217,0.0003957112796797446
0,74,0,0,0,1,1,e,4284.3945200157,0.001902123024412459,3,4284.3926601778,0.001906,0.0018598379001559806
0,74,0,0,0,3,1,e,8824.556202057393,0.0019488642846540137,1,8824.5543422195,0.001952,0.0018598378919705283
0,74,1,0,0,1,2,e,5508.101944341146,0.001645622070829144,2,5508.1000845032,0.00165,0.0018598379456307157
0,74,1,0,0,2,2,e,7770.984702057393,0.0019488642846540137,1,7770.9828422195,0.001952,0.0018598378937895177
0,75,0,0,0,0,1,e,2030.887702057393,0.0016727438536727614,5,2030.8858422195,0.001677,0.001859837892880023
0,75,0,0,0,1,1,e,4337.322734609561,0.0015086563558345551,2,4337.3223388983,0.001575,0.0003957112612624769
0,75,1,0,0,1,2,e,5560.9872934168825,0.001834678173413528,2,5560.9868977056,0.00189,0.00039571128218085505
0,75,1,0,0,2,2,e,7823.46138460958,0.0015086563558345551,1,7823.4609888983,0.001575,0.00039571128036186565
0,76,0,0,0,0,1,e,2084.943144609543,0.0018099845303206324,4,2084.9427488983,0.001866,0.0003957112430725829
0,76,1,0,0,1,2,e,5614.577442057393,0.001699432846569702,1,5614.5755822195,0.001703,0.001859837892880023
0,77,1,0,0,1,2,e,5668.861964609543,0.001834678173413528,1,5668.8615688983,0.00189,0.0003957112430725829
0,8,0,0,0,0,1,e,25.698538969711763,3.316624790355401e-05,103,25.6984921871,3.317e-05,4.678261176138676e-05
0,8,0,0,0,1,1,e,2347.931242344279,0.0012129150835899437,5,2347.9309663583,0.001215,0.0002759859789875918
0,8,0,0,0,2,1,e,4645.6242249988045,0.0012493814469568532,4,4645.623964238,0.001252,0.00026076080484926933
0,8,0,0,0,3,1,e,6918.8048558933,0.0015719268430814456,4,6918.8045951325,0.001574,0.0002607607993923011
0,8,0,1,1,0,1,e,685.4293138349267,0.0007548085850068215,34,685.4292033435,0.0007901,0.00011049142665342515
0,8,0,1,1,0,1,f,685.467413505886,0.001046279121458514,40,685.4667724695,0.001049,0.0006410363860140933
0,8,0,1,1,1,1,e,2995.35507011791,0.0014483563097525414,2,2995.3546589347,0.001448,0.0004111832099624735
0,8,0,1,1,1,1,f,2995.393361624406,0.0011798881302903254,2,2995.3926012956,0.002546,0.0007603288063364744
0,8,0,1,1,2,1,e,5280.764126666609,0.0010898330147320735,3,5280.7651389634,0.001839,-0.0010122967914867331
0,8,0,1,1,2,1,f,5280.80259479074,0.0006943601371046583,3,5280.7988909954,0.0007352,0.003703795339788485
0,8,0,1,1,3,1,e,7541.69148511791,0.0014483563097525414,2,7541.6910739347,0.001448,0.00041118320950772613
0,8,0,1,1,3,1,f,7541.729876624406,0.0011798881302903254,2,7541.7291162956,0.001202,0.000760328805881727
0,8,0,2,2,0,1,e,1345.6106147407588,0.005062608023538856,9,1345.6096363528,0.00508,0.0009783879588667332
0,8,0,2,2,0,1,f,1345.6098519898449,0.005026927491022722,10,1345.6091871906,0.005027,0.0006647992447597062
0,8,0,2,2,1,1,e,3643.2446663248365,0.005,3,3643.2441326991,0.005,0.0005336257363524055
0,8,0,2,2,1,1,f,3643.245416388346,0.005,3,3643.244574923,0.005,0.0008414653457293753
0,8,0,2,2,3,1,e,8165.091468511333,0.005107837115648854,2,8165.090924213,0.005108,0.000544298332897597
0,8,0,2,2,3,1,f,8165.092233276114,0.005142956348249517,2,8165.0913749814,0.00516,0.0008582947139075259
0,8,1,0,0,0,1,e,1381.3869567996567,0.00030199337741083,6,1381.3869591089,0.000302,-2.3092434275895357e-06
0,8,1,0,0,0,2,e,1270.278785568605,6.0074953183502364e-05,16,1270.2787164846,6.007e-05,6.908400496286049e-05
0,8,1,0,0,1,1,e,3680.650921736776,0.0012493814469568532,7,3680.6506626491,0.001252,0.00025908767611326766
0,8,1,0,0,1,2,e,3572.768754204745,0.0012493814469568532,8,3572.7684949157,0.001252,0.00025928904506145045
0,8,1,0,0,2,1,e,5955.6124483933,0.0015719268430814456,2,5955.6121876325,0.001574,0.0002607608003017958
0,8,1,0,0,2,2,e,5850.623221207543,0.0015719904579863072,2,5850.6229452712,0.001574,0.00027593634331424255
0,8,1,0,0,3,1,e,8206.321427030132,0.0015743770196493597,3,8206.3207614614,0.001576,0.0006655687320744619
0,8,1,0,0,3,2,e,8103.8570633932995,0.00233900705428607,2,8103.8568026325,0.00234,0.0002607607993923011
0,8,1,1,1,0,1,e,2061.7773033933,0.0015719268430814456,2,2061.7770426325,0.001574,0.0002607607998470485
0,8,1,1,1,0,1,f,2061.8385789697118,0.0010005498488331304,1,2061.8385321871,0.001001,4.678261166191078e-05
0,8,1,1,1,0,2,e,1910.4408405790566,0.0015719268430814456,2,1910.4405949938,0.001574,0.0002455852566072281
0,8,1,1,1,0,2,f,1910.494745896737,0.0010005498488331304,3,1910.4943883867,0.001093,0.0003575100370198925
0,8,1,1,1,1,1,e,4348.774294383966,0.0010898330147320735,4,4348.7738832008,0.00109,0.00041118316585198045
0,8,1,1,1,1,1,f,4348.833539856727,0.0006943601371046583,3,4348.8328194506,0.0007317,0.0007204061266747885
0,8,1,1,1,1,2,e,4200.58805478509,0.0010884392495679306,6,4200.5881449019,0.001095,-9.011680958792567e-05
0,8,1,1,1,1,2,f,4200.640422745141,0.0006943601371046583,6,4200.6397677471,0.0007352,0.0006549980407726252
0,8,1,1,1,2,1,e,6611.469816207543,0.0015719904579863072,1,6611.4695402712,0.001574,0.00027593634331424255
0,8,1,1,1,2,1,f,6611.5252389697125,0.0010005498488331304,1,6611.5251921871,0.001001,4.678261211665813e-05
0,8,1,1,1,2,2,e,6466.166844909784,0.0014483563097525414,4,6466.1665080219,0.001448,0.00033688788425934035
0,8,1,1,1,2,2,f,6466.217974124405,0.0011798881302903254,4,6466.2175840475,0.001202,0.00039007690520520555
0,8,1,2,2,1,2,e,4833.634340883912,0.005017967716117752,2,4833.6338675493,0.005018,0.0004733346122520743
0,8,1,2,2,1,2,f,4833.635107838725,0.0050537115073973115,2,4833.6343220214,0.005071,0.0007858173248678213
0,8,1,2,2,2,1,f,7262.955713834926,0.0012528910567164249,1,7262.9556033435,0.001274,0.00011049142631236464
0,8,1,2,2,2,2,e,7087.033245313069,0.005142956348249517,1,7087.0326300511,0.005143,0.0006152619689601124
0,8,2,0,0,0,1,e,2764.0144033933,0.0015719268430814456,2,2764.0141426325,0.001574,0.0002607608003017958
0,8,2,0,0,0,2,e,2611.3459833933002,0.0015719268430814456,2,2611.3457226325,0.001574,0.0002607608003017958
0,8,2,0,0,0,3,e,2499.1908983933,0.0015719268430814456,2,2499.1906376325,0.001574,0.0002607607998470485
0,8,2,0,0,1,1,e,5039.516608229903,0.001212870149686272,7,5039.516348061,0.001215,0.0002601689029688714
0,8,2,0,0,1,2,e,4892.377058282784,0.0012129525959409956,9,4892.3767822851,0.001215,0.0002759976841844036
0,8,2,0,0,1,3,e,4781.068342490377,0.001212870149686272,12,4781.0680502649,0.001215,0.00029222547709650826
0,8,2,0,0,2,1,e,7290.851280579057,0.0015719268430814456,1,7290.8510349938,0.001574,0.0002455852572893491
0,8,2,0,0,2,2,e,7149.162780579057,0.0015719268430814456,1,7149.1625349938,0.001574,0.0002455852563798544
0,8,2,0,0,2,3,e,7038.215916207543,0.0015719904579863072,1,7038.2156402712,0.001574,0.00027593634331424255
0,8,2,1,1,0,2,e,3276.8326353818547,0.0012494614840002072,2,3276.8323634767,0.001252,0.0002719051549320284
0,8,2,1,1,1,1,e,5720.337362649799,0.0010604715932074748,2,5720.3366998815,0.00106,0.0006627682987527805
0,8,2,1,1,1,1,f,5720.421133715734,0.0006416665800865742,4,5720.420616873,0.0006819,0.0005168427342141513
0,8,2,1,1,1,2,e,5545.001933995959,0.0010490948479522715,6,5545.0016286667,0.001049,0.0003053292593904189
0,8,2,1,1,1,2,f,5545.070997669638,0.0006290755121605037,6,5545.0702200084,0.00067,0.0007776612383167958
0,8,2,1,1,1,3,e,5392.950994344173,0.0010500647599076924,4,5392.9505150521,0.00105,0.0004792920726686134
0,8,2,1,1,1,3,f,5393.020627275295,0.0006301079272632586,4,5393.0198780148,0.000671,0.000749260494558257
0,8,2,1,1,2,2,e,7788.880816207543,0.0015719904579863072,1,7788.8805402712,0.001574,0.00027593634331424255
0,8,2,2,2,1,3,e,6013.314790418493,0.005,2,6013.3143187818,0.005,0.00047163669387373375
0,8,2,2,2,1,3,f,6013.315568664413,0.0050537115073973115,1,6013.3147828471,0.005071,0.0007858173130443902
0,8,3,0,0,0,2,e,3975.9503033932997,0.0012493814469568532,2,3975.9496778176,0.001252,0.0006255756998143625
0,8,3,0,0,0,3,e,3836.967579356603,0.0012493814469568532,4,3836.9673185958,0.001252,0.00026076080303027993
0,8,3,0,0,1,1,e,6417.5696983933,0.0015719268430814456,2,6417.5694376325,0.001574,0.0002607608003017958
0,8,3,0,0,1,2,e,6233.27785944422,0.0013358719998562735,5,6233.2775970651,0.001338,0.0002623791197038372
0,8,3,0,0,1,3,e,6099.1995157996635,0.0012912253869871053,8,6099.199209056,0.001293,0.00030674366371385986
0,8,3,0,0,1,4,e,5972.5254833932995,0.0015719268430814456,4,5972.5252226325,0.001574,0.0002607607993923011
0,8,3,1,1,0,4,e,4323.223816207543,0.0023390498070797894,1,4323.2235402712,0.00234,0.00027593634240474785
0,8,3,1,1,1,1,e,7107.17213511791,0.0014483563097525414,2,7107.1717239347,0.001448,0.00041118321041722083
0,8,3,1,1,1,1,f,7107.282170769998,0.0011820896751092956,1,7107.2813652015,0.001204,0.0008055684975261101
0,8,3,1,1,1,2,e,6903.84383511791,0.0014483563097525414,2,6903.8434239347,0.001448,0.00041118321041722083
0,8,3,1,1,1,2,f,6903.935982478815,0.0011798881302903254,1,6903.9352673897,0.001202,0.0007150891151468386
0,8,3,1,1,1,3,e,6734.135067040051,0.0014483563097525414,1,6734.1344939225,0.001448,0.0005731175506298314
0,8,3,1,1,1,3,f,6734.215976624406,0.0011798881302903254,2,6734.2152162956,0.001202,0.000760328805881727
0,8,3,1,1,1,4,f,6572.863376624406,0.0011798881302903254,2,6572.8626162956,0.001202,0.000760328805881727
0,8,4,0,0,1,2,e,7596.271916207544,0.0015719904579863072,1,7596.2716402712,0.001574,0.00027593634331424255
0,8,4,0,0,1,3,e,7425.067729993649,0.0015719268430814456,3,7425.0674644454,0.001574,0.00026554824853519676
0,8,4,0,0,1,4,e,7297.024983919528,0.0015719268430814456,4,7297.0242955902,0.001574,0.0006883293272039737
0,8,4,0,0,1,5,e,7149.304580579057,0.0015719268430814456,1,7149.3043349938,0.001574,0.0002455852572893491
0,8,4,1,1,1,2,e,8277.989903195772,0.0014487926007541588,1,8277.9896539469,0.001449,0.0002492488729330944
0,8,4,1,1,1,3,e,8083.17228511791,0.0014483563097525414,2,8083.1718739347,0.001448,0.00041118321041722083
0,8,4,1,1,1,3,f,8083.271776624406,0.0011798881302903254,2,8083.2710162956,0.001202,0.000760328805881727
0,8,4,1,1,1,4,e,7914.86496704005,0.0014483563097525414,1,7914.8643939225,0.001448,0.0005731175497203367
0,8,5,0,0,1,5,e,8482.449269445751,0.0015727247057257033,2,8482.4489919677,0.001745,0.0002774780514300801
0,9,0,0,0,0,1,e,32.12338057905663,0.0012128289244571966,109,32.1231349938,0.001215,0.00024558525662854436
0,9,0,0,0,1,1,e,2354.3047978214886,3.3301651610693434e-05,6,2354.3047464269,3.33e-05,5.139458880876191e-05
0,9,0,0,0,2,1,e,4651.947337319912,0.00030182776545573136,4,4651.9472859572,0.0003018,5.136271192895947e-05
0,9,0,0,0,3,1,e,6925.077584292389,0.0010005498488331304,4,6925.0775329297,0.001001,5.1362688282097224e-05
0,9,0,1,1,0,1,e,691.8614670400502,0.001047728972587854,40,691.8608939225,0.001048,0.000573117550175084
0,9,0,1,1,0,1,f,691.908982478815,0.0006262076332974551,43,691.9082673897,0.0006673,0.0007150891150331518
0,9,0,1,1,1,1,e,3001.7367595823034,0.001250894080248204,2,3001.7367043137,0.001273,5.526860331883654e-05
0,9,0,1,1,1,1,f,3001.781457581906,0.0014473078456223472,2,3001.780748729,0.001447,0.0007088529059728899
0,9,0,1,1,2,1,e,5287.1001913132795,0.0008122413434441761,3,5287.1001553587,0.0008452,3.5954579288954847e-05
0,9,0,1,1,2,1,f,5287.139088450341,0.0010884392495679306,2,5287.1378205433,0.001091,0.001267907040528371
0,9,0,1,1,3,1,e,7547.97587532968,0.001250894080248204,1,7547.9758752838,0.001273,4.588036972563714e-08
0,9,0,1,1,3,1,f,7548.020461657927,0.001447320282453058,1,7548.0196849884,0.001447,0.000776669527112972
0,9,0,2,2,0,1,e,1352.0586017095998,0.005008991914547277,12,1352.058128375,0.005009,0.00047333459974652214
0,9,0,2,2,0,1,f,1352.0593686644133,0.005044799302251776,12,1352.0585828471,0.005063,0.0007858173132717639
0,9,0,2,2,1,1,e,3649.644488582706,0.005142956348249517,2,3649.6434585617,0.00516,0.00103002100604499
0,9,0,2,2,1,1,f,3649.643727298295,0.0051254268114958,2,3649.6430099569,0.005125,0.0007173413946475193
0,9,1,0,0,0,1,e,1387.8205931943476,0.0012138628423343388,9,1387.8203180712,0.001216,0.00027512314750310907
0,9,1,0,0,0,2,e,1276.700018084479,0.0012138628423343388,13,1276.6997529726,0.001216,0.00026511187911637535
0,9,1,0,0,1,1,e,3687.032457665172,0.00030182776545573136,7,3687.0324087453,0.0003018,4.891987191513181e-05
0,9,1,0,0,1,2,e,3579.140058237796,0.00030182776545573136,8,3579.1399889803,0.0003018,6.925749585207086e-05
0,9,1,0,0,2,1,e,5961.943309292389,0.0010005498488331304,2,5961.9432579297,0.001001,5.1362689191591926e-05
0,9,1,0,0,2,2,e,5856.946189292389,0.0010005498488331304,2,5856.9456435636,0.001001,0.0005457287888930296
0,9,1,0,0,3,1,e,8212.593899292388,0.002000274981096349,2,8212.5938479297,0.006773,5.136268737260252e-05
0,9,1,0,0,3,2,e,8110.132149292389,0.002000274981096349,2,8110.1320979297,0.002,5.1362689191591926e-05
0,9,1,1,1,0,1,e,2068.2114492923884,0.0010005498488331304,2,2068.2113979297,0.001001,5.1362688282097224e-05
0,9,1,1,1,0,1,f,2068.2888005790564,0.0015719268430814456,1,2068.2885549938,0.001574,0.0002455852563798544
0,9,1,1,1,0,2,e,1916.8701333999927,0.0010005588438467773,3,1916.869592458,0.001001,0.0005409419927673298
0,9,1,1,1,0,2,f,1916.9358543246349,0.0015442590456267368,2,1916.9351984562,0.001574,0.0006558684349329269
0,9,1,1,1,1,1,e,4355.158867260907,0.0008091575866294525,3,4355.1588607247,0.0008422,6.536206456075888e-06
0,9,1,1,1,1,1,f,4355.2321360681435,0.0010884392495679306,4,4355.2316679876,0.001088,0.00046808054321445525
0,9,1,1,1,1,2,e,4206.968829734104,0.0008091575866294525,3,4206.9686422848,0.0008422,0.00018744930366665358
0,9,1,1,1,1,2,f,4207.033292456332,0.0010884392495679306,5,4207.0327177011,0.001088,0.0005747552313550841
0,9,1,1,1,2,1,e,6617.803709292389,0.0010005498488331304,2,6617.8036579297,0.001001,5.1362688282097224e-05
0,9,1,1,1,2,1,f,6617.872880579057,0.0015719268430814456,1,6617.8726349938,0.001574,0.0002455852572893491
0,9,1,1,1,2,2,e,6472.4977926158135,0.0010005498488331304,5,6472.4976471479,0.001001,0.00014546791317116003
0,9,1,1,1,2,2,f,6472.562089473536,0.0014473078456223472,5,6472.5614077677,0.001447,0.0006817058356318739
0,9,1,2,2,1,1,e,5018.991718582705,0.0050537115073973115,2,5018.9906885617,0.005071,0.0010300210051354952
0,9,1,2,2,1,1,f,5018.990957298296,0.005035871324805669,2,5018.9902399569,0.005036,0.0007173413960117614
0,9,1,2,2,1,2,e,4840.0348734197205,0.0050537115073973115,5,4840.0339201923,0.005071,0.0009532274207231239
0,9,1,2,2,1,2,f,4840.034110352164,0.005017967716117752,5,4840.0334697425,0.005018,0.0006406096645150683
0,9,1,2,2,2,1,e,7269.308213834926,0.0012528910567164249,1,7269.3081033435,0.001274,0.00011049142631236464
0,9,1,2,2,2,1,f,7269.307713505886,0.0014473078456223472,1,7269.3070724695,0.001449,0.0006410363857867196
0,9,1,2,2,2,2,e,7093.385947424653,0.005142956348249517,2,7093.3848657705,0.005182,0.0010816541525855428
0,9,1,2,2,2,2,f,7093.383951989846,0.0051254268114958,1,7093.3832871906,0.005125,0.0006647992458965746
0,9,2,0,0,0,1,e,2770.4572392923883,0.0010005498488331304,2,2770.4571879297,0.001001,5.1362688282097224e-05
0,9,2,0,0,0,2,e,2617.7651042923885,0.0010005498488331304,2,2617.7650529297,0.001001,5.1362688736844575e-05
0,9,2,0,0,0,3,e,2505.6152042923886,0.0010005498488331304,2,2505.6151529297,0.001001,5.1362688736844575e-05
0,9,2,0,0,1,1,e,5045.908775290336,3.4641016151377554e-05,10,5045.9086848041,3.49e-05,9.048623633134412e-05
0,9,2,0,0,1,2,e,4898.745373836238,3.4641016151377554e-05,9,4898.7453270526,3.464e-05,4.678363802668173e-05
0,9,2,0,0,1,3,e,4787.445016780857,3.4641016151377554e-05,11,4787.4449457607,3.614e-05,7.102015752025181e-05
0,9,2,0,0,2,1,e,7297.190709292388,0.0010005498488331304,2,7297.1906579297,0.001001,5.1362688282097224e-05
0,9,2,0,0,2,2,e,7155.480192258386,0.0010005498488331304,3,7155.4801973503,0.001001,-5.09191431774525e-06
0,9,2,0,0,2,3,e,7044.544029632936,0.0010005588438467773,3,7044.5431120825,0.001002,0.0009175504364975495
0,9,2,1,1,0,2,e,3283.257111905492,0.00030182776545573136,2,3283.2570651229,0.0003018,4.678259210777469e-05
0,9,2,1,1,1,1,e,5726.726676287522,0.0007704777738520431,4,5726.7266210189,0.0008051,5.526862241822528e-05
0,9,2,1,1,1,1,f,5726.831035955559,0.0010616666143380418,4,5726.8303001821,0.001062,0.0007357734593824716
0,9,2,1,1,1,2,e,5551.37751985575,0.0007531507153286121,6,5551.3774645871,0.0007886,5.526864970306633e-05
0,9,2,1,1,1,2,f,5551.463543594058,0.0010474903340842816,6,5551.4628226379,0.001047,0.0007209561581476009
0,9,2,1,1,1,3,e,5399.332301489418,0.0007538806271552546,5,5399.3322808643,0.0007956,2.062511794065358e-05
0,9,2,1,1,1,3,f,5399.419983277758,0.0010445573225055674,5,5399.4194964707,0.001051,0.0004868070573138539
0,9,2,1,1,2,2,f,7795.291180579056,0.0015719268430814456,1,7795.2909349938,0.001574,0.0002455852563798544
0,9,2,2,2,1,3,e,6019.718042424653,0.0050537115073973115,1,6019.7169607705,0.005071,0.0010816541525855428
0,9,2,2,2,1,3,f,6019.717282606744,0.005035871324805669,1,6019.7165127232,0.005036,0.0007698835443079588
0,9,3,0,0,0,2,e,3982.379309292388,0.00030182776545573136,2,3982.3792579297,0.000351,5.136268782734987e-05
0,9,3,0,0,0,3,e,3843.375651081379,0.00030182776545573136,4,3843.3755997187,0.0003018,5.1362679187150206e-05
0,9,3,0,0,1,1,e,6423.971659292389,0.0010005498488331304,2,6423.9716079297,0.001001,5.1362688282097224e-05
0,9,3,0,0,1,2,e,6239.656465384204,0.0005609812831102299,5,6239.6564145099,0.000561,5.087430417916039e-05
0,9,3,0,0,1,3,e,6105.558770066735,0.00020882768015758832,9,6105.5586669641,0.0002088,0.00010310263496648986
0,9,3,0,0,1,4,e,5978.911675410087,0.0003748693105603605,5,5978.9116233603,0.0003749,5.2049786972929724e-05
0,9,3,1,1,0,4,e,4329.646238969712,0.002000274981096349,1,4329.6461921871,0.002,4.678261211665813e-05
0,9,3,1,1,1,1,e,7113.568144582304,0.001250894080248204,2,7113.5680893137,0.001273,5.526860422833124e-05
0,9,3,1,1,1,1,f,7113.703013505886,0.0014473078456223472,1,7113.7023724695,0.001449,0.0006410363857867196
0,9,3,1,1,1,2,e,6910.2219945823035,0.001250894080248204,2,6910.2219393137,0.001273,5.526860331883654e-05
0,9,3,1,1,1,2,f,6910.337137581907,0.0014473078456223472,2,6910.336428729,0.001447,0.0007088529073371319
0,9,3,1,1,1,3,e,6740.501744582304,0.001250894080248204,2,6740.5016893137,0.001273,5.526860422833124e-05
0,9,3,1,1,1,3,f,6740.603413505886,0.0014473078456223472,1,6740.6027724695,0.001449,0.0006410363857867196
0,9,3,1,1,1,4,e,6579.158913834926,0.0012528910567164249,1,6579.1588033435,0.001274,0.00011049142631236464
0,9,3,1,1,1,4,f,6579.271137581907,0.0014473078456223472,2,6579.270428729,0.001447,0.0007088529073371319
0,9,3,2,2,1,4,e,7189.080129381978,0.005142956348249517,3,7189.0792151842,0.00516,0.0009141977780018351
0,9,3,2,2,1,4,f,7189.0793652297625,0.005107837115648854,3,7189.0787642521,0.005108,0.0006009776625433005
0,9,4,0,0,1,2,e,7602.662909292389,0.0010005498488331304,2,7602.6628579297,0.001001,5.1362688282097224e-05
0,9,4,0,0,1,3,e,7431.430497433306,0.0010005498488331304,3,7431.4304457162,0.001001,5.171710654394701e-05
0,9,4,0,0,1,4,e,7303.382468051125,0.0010005498488331304,3,7303.3824107813,0.001001,5.726982544729253e-05
0,9,4,0,0,1,5,e,7155.6975166651,0.0010005588438467773,2,7155.6974624807,0.001001,5.418440014182124e-05
0,9,4,1,1,1,3,e,8089.539694582304,0.001250894080248204,2,8089.5396393137,0.001273,5.526860422833124e-05
0,9,4,1,1,1,3,f,8089.665113505886,0.0014473078456223472,1,8089.6644724695,0.001449,0.0006410363866962143
0,9,4,1,1,1,4,e,7921.22987532968,0.001250894080248204,1,7921.2298752838,0.001273,4.588036972563714e-08
0,9,4,1,1,1,4,f,7921.351313505886,0.0014473078456223472,1,7921.3506724695,0.001449,0.0006410363857867196
0,9,4,1,1,1,5,e,7747.4331305790565,0.0018630496504387637,1,7747.4328849938,0.001865,0.0002455852563798544
0,9,4,1,1,1,5,f,7747.580339615066,0.0014146087798398539,1,7747.5802836723,0.001415,5.594276626652572e-05
