     000    0    0    0           0.000000	0	   146	    A+   
     010    0    0    0        1403.483724	15	   16	    A+   
     031    0    0    0        7754.605467	500	   1	    C   
     111    0    0    0        7808.758612	500	   1	    C   
     060    0    0    0        7914.317012	500	   1	    C   
     300    0    0    0        7918.171912	500	   1	    C   
     201    0    0    0        9047.068467	500	   1	    C   
     310    0    0    0        9293.001312	536	   4	    B+   
     150    0    0    0        9381.786458	497	   3	    B+   
     230    0    0    0        9487.915506	491	   3	    B+   
     121    0    0    0        9155.817812	2499	   1	    C   
     032    0    0    0       11242.923202	2499	   1	    C   
     022    0    0    0        9934.772127	873	   5	    B+   
     102    0    0    0        9967.016071	1019	   4	    B+   
     400    0    0    0       10378.945940	1224	   2	    B-   
     211    0    0    0       10403.147412	999	   1	    C   
     003    0    0    0       10631.683126	619	   5	    B+   
     112    0    0    0       11315.433312	999	   1	    C   
     013    0    0    0       11969.753013	12	   5	    B+   
     500    0    0    0       12767.141475	309	   6	    A+   
     023    0    0    0       13278.350811	46	   6	    A+   
     103    0    0    0       13331.606153	216	   6	    A+   
     004    0    0    0       13853.627343	155	   3	    B+   
     113    0    0    0       14660.721912	315	   1	    C   
     014    0    0    0       15166.104512	17	   2	    B+   
     142    0    0    0       15170.951012	33	   2	    B+   
     024    0    0    0       16456.190313	60	   2	    B+   
     005    0    0    0       16920.020712	15	   4	    B+   
     015    0    0    0       18208.446512	48	   2	    B+   
     006    0    0    0       19836.882808	45	   2	    B+   
     007    0    0    0       22625.523004	2161	   2	    B+   
     040    0    0    0        5420.041442	1016	   1	    C   
     020    0    0    0        2782.011177	36	   8	    A+   
     030    0    0    0        4145.473186	292	   3	    B+   
     011    0    0    0        5089.539837	41	   5	    B+   
     600    0    0    0       15065.712212	4997	   1	    C   
     221    0    0    0       11701.775912	2499	   1	    C   
     410    0    0    0       11754.581840	1783	   2	    B-   
     170    0    0    0       11773.312167	2499	   1	    C   
     122    0    0    0       12644.652812	2499	   1	    C   
     202    0    0    0       12568.190090	1809	   2	    B-   
     311    0    0    0       12919.938712	2499	   1	    C   
     106    0    0    0       22454.468792	500	   1	    C   
     100    0    0    0        2723.679737	49	   4	    B+   
     101    0    0    0        6415.460697	42	   12	    A+   
     021    0    0    0        6451.899800	75	   10	    A+   
     050    0    0    0        6690.413212	999	   1	    C   
     210    0    0    0        6746.908202	36	   5	    B+   
     200    0    0    0        5363.824480	50	   2	    B+   
     120    0    0    0        5506.186812	250	   1	    C   
     001    0    0    0        3707.466740	177	   2	    B-   
     110    0    0    0        4099.955912	250	   1	    C   
     002    0    0    0        7250.517890	257	   2	    B-   
     012    0    0    0        8611.100944	365	   3	    B+   
     022    1    0    1        9950.061190	638	   10	    A+   
     111    1    0    1        7824.105355	624	   2	    B-   
     400    1    0    1       10393.472327	646	   4	    B-   
     211    1    0    1       10417.980229	802	   4	    B-   
     003    1    0    1       10646.920124	417	   9	    A+   
     112    1    0    1       11330.625105	980	   2	    B-   
     013    1    0    1       11985.061209	13	   13	    A+   
     300    1    0    1        7932.886923	282	   5	    B+   
     500    1    0    1       12781.217597	124	   12	    A+   
     060    1    0    1        7929.897135	499	   2	    B-   
     023    1    0    1       13293.674181	60	   13	    A+   
     103    1    0    1       13346.625417	204	   12	    A+   
     004    1    0    1       13868.773447	54	   8	    A+   
     113    1    0    1       14675.811811	540	   1	    C   
     600    1    0    1       15079.525500	314	   6	    A+   
     014    1    0    1       15181.264431	17	   4	    B+   
     142    1    0    1       15185.992470	23	   4	    B+   
     024    1    0    1       16471.363590	116	   6	    A+   
     201    1    0    1        9062.017579	524	   2	    B-   
     104    1    0    1       16553.937678	495	   1	    C   
     005    1    0    1       16935.076952	14	   10	    A+   
     000    1    0    1          15.508212	2	   331	    A+   
     015    1    0    1       18223.589196	25	   5	    B+   
     121    1    0    1        9170.975632	506	   4	    B+   
     025    1    0    1       19487.674511	405	   1	    C   
     006    1    0    1       19851.851668	109	   4	    B+   
     106    1    0    1       22469.165352	234	   3	    B+   
     007    1    0    1       22640.389080	203	   4	    B+   
     110    1    0    1        4115.365076	173	   5	    B+   
     030    1    0    1        4160.992733	145	   4	    B+   
     020    1    0    1        2797.609259	26	   21	    A+   
     100    1    0    1        2738.915668	32	   9	    A+   
     001    1    0    1        3722.885792	175	   4	    B+   
     200    1    0    1        5378.768262	31	   7	    A+   
     310    1    0    1        9307.694545	256	   8	    A+   
     221    1    0    1       11716.883505	3089	   2	    B-   
     410    1    0    1       11769.294577	1349	   4	    B-   
     150    1    0    1        9397.030994	481	   4	    B+   
     170    1    0    1       11787.902044	2308	   2	    B-   
     330    1    0    1       11973.394894	1673	   3	    B-   
     122    1    0    1       12659.947255	1926	   2	    B-   
     202    1    0    1       12583.007622	1293	   4	    B-   
     311    1    0    1       12934.550655	2331	   2	    B-   
     230    1    0    1        9503.286231	314	   7	    A+   
     021    1    0    1        6467.374641	26	   27	    A+   
     101    1    0    1        6430.658548	28	   24	    A+   
     031    1    0    1        7770.049834	492	   4	    B+   
     050    1    0    1        6706.011605	711	   2	    B-   
     210    1    0    1        6761.931778	25	   14	    A+   
     032    1    0    1       11258.345918	1848	   2	    B-   
     011    1    0    1        5105.014721	25	   10	    A+   
     010    1    0    1        1419.041202	11	   38	    A+   
     040    1    0    1        5435.576611	250	   1	    C   
     102    1    0    1        9982.235224	652	   10	    A+   
     002    1    0    1        7265.848198	34	   4	    B-   
     012    1    0    1        8626.492942	224	   8	    A+   
     033    1    0    1       14578.774112	2499	   1	    C   
     401    1    0    1       14038.865278	2499	   1	    C   
     030    1    1    1        4180.484062	172	   8	    A+   
     121    1    1    1        9192.567785	683	   4	    B+   
     110    1    1    1        4134.307642	184	   5	    B+   
     201    1    1    1        9071.289535	361	   3	    B-   
     020    1    1    1        2816.213520	26	   20	    A+   
     111    1    1    1        7840.931779	355	   2	    B-   
     113    1    1    1       14688.878578	210	   1	    C   
     120    1    1    1        5541.513177	33	   6	    A+   
     310    1    1    1        9323.649724	257	   9	    A+   
     100    1    1    1        2753.327663	36	   10	    A+   
     112    1    1    1       11345.180978	999	   1	    C   
     001    1    1    1        3736.160127	110	   7	    A+   
     600    1    1    1       15093.241196	376	   4	    B+   
     211    1    1    1       10433.984029	760	   2	    B-   
     200    1    1    1        5392.959989	35	   6	    A+   
     014    1    1    1       15194.301032	21	   4	    B+   
     0120    1    1    1       15189.750378	4997	   1	    C   
     010    1    1    1        1435.300129	11	   34	    A+   
     410    1    1    1       11789.465682	1461	   4	    B-   
     221    1    1    1       11740.430136	1896	   3	    B-   
     142    1    1    1       15207.254416	197	   3	    B+   
     041    1    1    1        9089.168296	470	   2	    B-   
     330    1    1    1       12000.059533	166	   3	    B+   
     031    1    1    1        7789.202972	356	   3	    B-   
     024    1    1    1       16484.274365	25	   6	    A+   
     013    1    1    1       11997.719782	15	   15	    A+   
     122    1    1    1       12677.059580	2499	   1	    C   
     150    1    1    1        9427.957601	481	   5	    B+   
     202    1    1    1       12595.851847	1295	   4	    B-   
     104    1    1    1       16564.344565	625	   3	    B+   
     003    1    1    1       10658.232395	427	   8	    A+   
     311    1    1    1       12948.922929	1767	   2	    B-   
     500    1    1    1       12795.035441	276	   10	    A+   
     101    1    1    1        6444.610884	30	   28	    A+   
     005    1    1    1       16944.540563	21	   10	    A+   
     400    1    1    1       10408.209629	710	   2	    B-   
     021    1    1    1        6484.043259	35	   22	    A+   
     230    1    1    1        9528.800469	463	   6	    A+   
     015    1    1    1       18234.056498	27	   5	    B+   
     103    1    1    1       13358.259088	153	   15	    A+   
     210    1    1    1        6779.250991	26	   14	    A+   
     023    1    1    1       13307.867323	293	   9	    A+   
     025    1    1    1       19499.480180	180	   1	    C   
     300    1    1    1        7946.615568	325	   5	    B+   
     011    1    1    1        5120.070592	33	   7	    A+   
     006    1    1    1       19860.431589	34	   4	    B+   
     000    1    1    1          29.808567	6	   365	    A+   
     022    1    1    1        9964.564085	576	   12	    A+   
     070    1    1    1        9174.261699	369	   5	    B+   
     106    1    1    1       22477.757880	315	   1	    C   
     002    1    1    1        7278.122411	28	   5	    B-   
     102    1    1    1        9995.908646	598	   13	    A+   
     004    1    1    1       13879.159969	16	   10	    A+   
     012    1    1    1        8640.360573	243	   6	    A+   
     007    1    1    1       22648.216495	324	   3	    B+   
     032    1    1    1       11276.326480	999	   1	    C   
     050    1    1    1        6740.071778	999	   1	    C   
     103    1    1    0       13361.140322	506	   12	    A+   
     410    1    1    0       11791.764715	1343	   4	    B-   
     000    1    1    0          32.496378	2	   330	    A+   
     010    1    1    0        1438.199984	11	   34	    A+   
     112    1    1    0       11348.261406	999	   1	    C   
     330    1    1    0       12003.325392	179	   3	    B+   
     007    1    1    0       22651.339447	223	   4	    B+   
     041    1    1    0        9092.976979	355	   2	    B-   
     142    1    1    0       15210.862147	599	   2	    B+   
     122    1    1    0       12680.390636	1792	   2	    B+   
     121    1    1    0        9195.942689	366	   5	    B+   
     024    1    1    0       16487.688952	133	   6	    A+   
     030    1    1    0        4183.567455	151	   9	    A+   
     202    1    1    0       12598.595757	1273	   4	    B-   
     500    1    1    0       12797.415880	346	   6	    A+   
     150    1    1    0        9431.424717	576	   6	    A+   
     311    1    1    0       12951.796906	2499	   1	    C   
     004    1    1    0       13882.119765	18	   7	    A+   
     003    1    1    0       10661.122926	434	   9	    A+   
     300    1    1    0        7949.071658	252	   6	    A+   
     230    1    1    0        9532.040462	741	   6	    A+   
     106    1    1    0       22480.852667	500	   1	    C   
     031    1    1    0        7792.460149	369	   3	    B+   
     020    1    1    0        2819.290748	36	   16	    A+   
     101    1    1    0        6447.376617	31	   22	    A+   
     113    1    1    0       14691.990421	191	   2	    B-   
     005    1    1    0       16947.565818	45	   12	    A+   
     110    1    1    0        4137.350714	179	   4	    B+   
     021    1    1    0        6487.149024	25	   19	    A+   
     070    1    1    0        9177.714818	482	   3	    B+   
     400    1    1    0       10410.716007	565	   4	    B-   
     201    1    1    0        9074.040729	355	   2	    B-   
     023    1    1    0       13311.161190	116	   14	    A+   
     210    1    1    0        6782.102345	130	   9	    A+   
     032    1    1    0       11279.733641	2499	   1	    C   
     050    1    1    0        6743.644361	415	   6	    A+   
     015    1    1    0       18237.330850	28	   5	    B+   
     600    1    1    0       15095.443247	374	   2	    B+   
     211    1    1    0       10436.819106	999	   1	    C   
     200    1    1    0        5395.507162	38	   6	    A+   
     013    1    1    0       12000.848470	25	   11	    A+   
     120    1    1    0        5544.600184	50	   2	    B+   
     025    1    1    0       19502.999236	2449	   2	    B-   
     100    1    1    0        2755.965856	35	   10	    A+   
     001    1    1    0        3738.915949	145	   3	    B-   
     022    1    1    0        9967.614810	818	   9	    A+   
     011    1    1    0        5123.046302	34	   9	    A+   
     310    1    1    0        9326.366267	254	   8	    A+   
     0120    1    1    0       15194.674097	147	   4	    B+   
     002    1    1    0        7280.946163	33	   3	    B-   
     014    1    1    0       15197.579912	21	   5	    B+   
     071    1    1    0       12797.045190	1235	   5	    B+   
     104    1    1    0       16567.317246	4997	   1	    C   
     102    1    1    0        9998.879563	680	   10	    A+   
     012    1    1    0        8643.411624	249	   5	    B+   
     006    1    1    0       19863.518019	19	   4	    B+   
     0110    1    1    0       13875.901406	2499	   1	    C   
     221    1    1    0       11743.744405	1829	   3	    B-   
     401    1    1    0       14054.984612	2499	   1	    C   
     510    1    1    0       14179.109146	2499	   1	    C   
     111    1    1    0        7843.993086	362	   2	    B-   
     230    2    0    2        9533.650694	455	   7	    A+   
     600    2    0    2       15106.900357	62	   3	    B+   
     070    2    0    2        9133.365612	2499	   1	    C   
     142    2    0    2       15215.167095	20	   4	    B+   
     032    2    0    2       11288.738812	1771	   2	    B-   
     010    2    0    2        1449.794112	10	   56	    A+   
     024    2    0    2       16501.068779	42	   6	    A+   
     022    2    0    2        9980.187050	474	   16	    A+   
     104    2    0    2       16583.189514	216	   4	    B+   
     005    2    0    2       16964.562716	17	   12	    A+   
     112    2    0    2       11360.585140	981	   3	    B+   
     015    2    0    2       18253.229645	360	   5	    B+   
     000    2    0    2          46.173111	6	   444	    A+   
     031    2    0    2        7800.523013	210	   9	    A+   
     025    2    0    2       19517.437712	165	   1	    C   
     105    2    0    2       19628.321833	944	   2	    B-   
     006    2    0    2       19881.083740	19	   4	    B+   
     102    2    0    2       10012.247300	554	   12	    A+   
     106    2    0    2       22497.890211	2002	   4	    B+   
     201    2    0    2        9091.583780	313	   3	    B-   
     007    2    0    2       22669.370274	96	   4	    B+   
     400    2    0    2       10422.193125	610	   3	    B-   
     110    2    0    2        4145.828443	142	   10	    A+   
     111    2    0    2        7854.416437	357	   2	    B-   
     211    2    0    2       10447.308665	838	   3	    B-   
     020    2    0    2        2828.444691	28	   23	    A+   
     040    2    0    2        5466.437716	1014	   1	    C   
     030    2    0    2        4191.688897	149	   11	    A+   
     120    2    0    2        5552.155665	60	   5	    B+   
     121    2    0    2        9200.899744	344	   6	    A+   
     011    2    0    2        5135.557936	27	   12	    A+   
     100    2    0    2        2769.049976	24	   17	    A+   
     003    2    0    2       10676.900285	368	   14	    A+   
     001    2    0    2        3753.330578	124	   7	    A+   
     200    2    0    2        5408.337025	30	   9	    A+   
     013    2    0    2       12015.161379	38	   18	    A+   
     221    2    0    2       11746.866411	2510	   2	    B-   
     170    2    0    2       11818.424759	2021	   3	    B-   
     330    2    0    2       12002.718655	1435	   4	    B-   
     122    2    0    2       12690.107637	1767	   2	    B-   
     151    2    0    2       13034.045212	2499	   1	    C   
     410    2    0    2       11798.377565	292	   6	    A+   
     202    2    0    2       12612.238499	1331	   4	    B-   
     310    2    0    2        9336.750951	222	   9	    A+   
     311    2    0    2       12963.396187	1791	   2	    B-   
     500    2    0    2       12809.122475	110	   14	    A+   
     101    2    0    2        6460.669203	27	   35	    A+   
     021    2    0    2        6497.926736	29	   31	    A+   
     023    2    0    2       13323.801947	35	   16	    A+   
     150    2    0    2        9427.290829	342	   7	    A+   
     300    2    0    2        7962.262425	315	   6	    A+   
     210    2    0    2        6791.643672	31	   14	    A+   
     103    2    0    2       13376.188291	437	   13	    A+   
     050    2    0    2        6736.935977	602	   3	    B+   
     130    2    0    2        6895.080746	40	   1	    C   
     014    2    0    2       15211.016431	24	   6	    A+   
     002    2    0    2        7296.065208	24	   7	    A-   
     004    2    0    2       13898.513576	470	   7	    A+   
     060    2    0    2        7960.592852	303	   4	    B-   
     113    2    0    2       14705.515068	119	   2	    B-   
     401    2    0    2       14067.084806	2499	   1	    C   
     510    2    0    2       14189.850261	2499	   1	    C   
     012    2    0    2        8656.820109	293	   7	    A+   
     032    2    1    2       11303.750119	3084	   2	    B-   
     121    2    1    2        9220.080039	321	   6	    A+   
     011    2    1    2        5148.035506	24	   16	    A+   
     600    2    1    2       15118.633567	4997	   1	    C   
     320    2    1    2       10682.202767	999	   1	    C   
     007    2    1    2       22674.852969	369	   5	    B+   
     410    2    1    2       11814.895733	1088	   6	    A-   
     015    2    1    2       18261.077683	52	   7	    A+   
     221    2    1    2       11767.173922	1748	   3	    B-   
     000    2    1    2          58.126880	6	   522	    A+   
     013    2    1    2       12025.162613	29	   16	    A+   
     142    2    1    2       15233.943914	115	   2	    B+   
     330    2    1    2       12026.542476	204	   9	    A+   
     0100    2    1    2       12671.444505	1406	   4	    B-   
     010    2    1    2        1463.505165	13	   55	    A+   
     122    2    1    2       12704.293784	1519	   4	    B-   
     310    2    1    2        9350.303130	213	   13	    A+   
     041    2    1    2        9116.237015	352	   4	    B+   
     202    2    1    2       12622.751177	1232	   6	    A-   
     020    2    1    2        2844.327389	19	   33	    A+   
     024    2    1    2       16511.440817	31	   8	    A+   
     1110    2    1    2       16502.481635	123	   2	    B-   
     022    2    1    2        9992.026139	525	   16	    A+   
     311    2    1    2       12975.329911	1288	   4	    B-   
     105    2    1    2       19635.515215	180	   1	    C   
     500    2    1    2       12820.942515	346	   16	    A+   
     070    2    1    2        9203.818851	315	   8	    A+   
     021    2    1    2        6511.899724	31	   40	    A+   
     101    2    1    2        6472.205575	24	   35	    A+   
     030    2    1    2        4208.483216	127	   12	    A+   
     023    2    1    2       13335.203042	51	   21	    A+   
     102    2    1    2       10023.416713	634	   13	    A+   
     050    2    1    2        6767.627889	380	   8	    A+   
     210    2    1    2        6806.499189	30	   18	    A+   
     006    2    1    2       19887.294971	51	   6	    A+   
     005    2    1    2       16971.619477	21	   18	    A+   
     150    2    1    2        9454.958523	376	   8	    A+   
     300    2    1    2        7973.461353	274	   9	    A+   
     201    2    1    2        9098.448932	332	   4	    B-   
     110    2    1    2        4162.020616	129	   9	    A+   
     111    2    1    2        7868.585461	292	   3	    B-   
     130    2    1    2        6914.372261	41	   1	    C   
     211    2    1    2       10460.850667	999	   1	    C   
     103    2    1    2       13385.357747	85	   17	    A+   
     120    2    1    2        5569.328791	41	   5	    B+   
     112    2    1    2       11372.572471	783	   4	    B+   
     014    2    1    2       15221.549728	43	   9	    A+   
     004    2    1    2       13906.485586	100	   11	    A+   
     106    2    1    2       22504.092146	278	   2	    B+   
     002    2    1    2        7305.947583	23	   7	    A-   
     230    2    1    2        9556.362560	408	   7	    A+   
     100    2    1    2        2781.146402	29	   16	    A+   
     012    2    1    2        8668.085822	180	   10	    A+   
     003    2    1    2       10685.807348	341	   11	    A+   
     0120    2    1    2       15217.414975	117	   9	    A+   
     001    2    1    2        3764.232846	112	   6	    A+   
     113    2    1    2       14715.961694	127	   2	    B-   
     401    2    1    2       14078.561712	2499	   1	    C   
     400    2    1    2       10434.695359	1121	   4	    B-   
     510    2    1    2       14202.354215	2499	   1	    C   
     031    2    1    2        7816.760862	683	   5	    B+   
     200    2    1    2        5420.287043	28	   8	    A+   
     014    2    1    1       15230.619851	37	   7	    A+   
     0120    2    1    1       15232.352401	46	   7	    A+   
     202    2    1    1       12630.975075	1146	   5	    B-   
     120    2    1    1        5578.589537	45	   6	    A+   
     211    2    1    1       10469.374094	743	   2	    B-   
     230    2    1    1        9566.073316	445	   9	    A+   
     500    2    1    1       12827.707080	260	   16	    A+   
     311    2    1    1       12983.935136	1447	   3	    B-   
     022    2    1    1       10001.163775	657	   12	    A+   
     007    2    1    1       22684.205476	141	   5	    B+   
     600    2    1    1       15125.054549	600	   1	    C   
     102    2    1    1       10032.331606	557	   14	    A+   
     400    2    1    1       10442.193401	574	   5	    B-   
     001    2    1    1        3772.494078	124	   6	    A+   
     021    2    1    1        6521.129792	27	   37	    A+   
     025    2    1    1       19536.928813	1478	   2	    B-   
     101    2    1    1        6480.489152	25	   32	    A+   
     003    2    1    1       10694.478309	324	   15	    A+   
     200    2    1    1        5427.922931	24	   12	    A+   
     150    2    1    1        9465.338947	786	   7	    A+   
     040    2    1    1        5499.560480	865	   2	    B-   
     023    2    1    1       13345.066733	148	   18	    A+   
     041    2    1    1        9127.394914	500	   1	    C   
     111    2    1    1        7877.744665	355	   2	    B-   
     210    2    1    1        6815.058516	25	   16	    A+   
     100    2    1    1        2789.054158	30	   15	    A+   
     050    2    1    1        6778.316708	40	   7	    A+   
     103    2    1    1       13394.087107	346	   15	    A+   
     121    2    1    1        9230.207436	370	   7	    A+   
     010    2    1    1        1472.197641	11	   50	    A+   
     011    2    1    1        5156.955092	21	   14	    A+   
     005    2    1    1       16980.688586	26	   18	    A+   
     300    2    1    1        7980.826370	247	   6	    A+   
     320    2    1    1       10692.324392	995	   2	    B-   
     105    2    1    1       19644.446849	210	   1	    C   
     013    2    1    1       12034.553738	18	   17	    A+   
     142    2    1    1       15244.868268	230	   6	    A+   
     104    2    1    1       16600.060349	4997	   1	    C   
     020    2    1    1        2853.551884	23	   28	    A+   
     070    2    1    1        9212.762408	284	   6	    A+   
     221    2    1    1       11777.109012	1469	   4	    B-   
     024    2    1    1       16521.658976	146	   8	    A+   
     006    2    1    1       19896.545742	20	   6	    A+   
     410    2    1    1       11823.405129	1450	   5	    B-   
     004    2    1    1       13915.358661	14	   11	    A+   
     002    2    1    1        7314.412165	25	   6	    A-   
     110    2    1    1        4171.131106	171	   7	    A+   
     112    2    1    1       11381.742963	3288	   2	    B-   
     012    2    1    1        8677.229796	206	   10	    A+   
     031    2    1    1        7826.512218	473	   7	    A+   
     201    2    1    1        9106.621462	363	   2	    B-   
     510    2    1    1       14209.911523	745	   2	    B+   
     113    2    1    1       14725.272925	172	   2	    B-   
     032    2    1    1       11313.951266	928	   2	    B+   
     0110    2    1    1       13911.933280	2499	   1	    C   
     030    2    1    1        4217.734410	141	   10	    A+   
     122    2    1    1       12714.109365	1769	   2	    B-   
     401    2    1    1       14085.998511	2499	   1	    C   
     000    2    1    1          66.184506	6	   484	    A+   
     015    2    1    1       18270.884071	61	   8	    A+   
     106    2    1    1       22513.305249	210	   1	    C   
     310    2    1    1        9358.444848	236	   11	    A+   
     330    2    1    1       12036.330760	140	   8	    A+   
     221    2    2    1       11836.396915	1316	   4	    B-   
     310    2    2    1        9406.734416	263	   10	    A+   
     021    2    2    1        6571.512380	34	   16	    A+   
     013    2    2    1       12072.611016	15	   14	    A+   
     020    2    2    1        2909.051122	25	   24	    A+   
     210    2    2    1        6855.460569	31	   14	    A+   
     410    2    2    1       11871.659129	1449	   4	    B-   
     050    2    2    1        6884.524646	56	   7	    A+   
     200    2    2    1        5470.204934	40	   8	    A+   
     113    2    2    1       14764.461493	255	   1	    C   
     042    2    2    1       12654.699631	2105	   3	    B-   
     400    2    2    1       10486.570793	999	   1	    C   
     006    2    2    1       19922.198792	69	   3	    B+   
     600    2    2    1       15166.286874	330	   3	    B+   
     211    2    2    1       10516.793793	999	   1	    C   
     122    2    2    1       12762.644441	1714	   3	    B-   
     030    2    2    1        4278.100987	127	   11	    A+   
     120    2    2    1        5639.750049	38	   6	    A+   
     010    2    2    1        1520.690127	11	   47	    A+   
     102    2    2    1       10042.785952	657	   12	    A+   
     100    2    2    1        2831.929557	28	   17	    A+   
     202    2    2    1       12672.241928	1281	   4	    B-   
     230    2    2    1        9549.342548	465	   5	    B+   
     024    2    2    1       16560.131460	82	   5	    B+   
     103    2    2    1       13429.229689	76	   9	    A+   
     004    2    2    1       13946.388420	21	   9	    A+   
     121    2    2    1        9279.741552	345	   5	    B+   
     201    2    2    1        9147.628148	275	   5	    B+   
     300    2    2    1        8022.619553	324	   6	    A+   
     051    2    2    1       10476.286493	999	   1	    C   
     031    2    2    1        7929.476754	354	   2	    B-   
     002    2    2    1        7351.104630	24	   7	    A-   
     104    2    2    1       16631.514324	3554	   2	    B-   
     007    2    2    1       22707.593893	105	   1	    C   
     022    2    2    1       10074.712107	570	   12	    A+   
     301    2    2    1       11684.482278	2499	   1	    C   
     311    2    2    1       13031.228054	2121	   2	    B-   
     012    2    2    1        8718.609601	193	   9	    A+   
     111    2    2    1        7880.767226	247	   5	    B+   
     110    2    2    1        4224.773487	142	   7	    A+   
     015    2    2    1       18302.470896	30	   5	    B+   
     070    2    2    1        9399.133669	354	   5	    B+   
     500    2    2    1       12869.002980	230	   11	    A+   
     001    2    2    1        3812.173150	122	   6	    A+   
     011    2    2    1        5201.864506	24	   17	    A+   
     150    2    2    1        9645.488904	1629	   4	    B-   
     101    2    2    1        6521.497133	23	   36	    A+   
     005    2    2    1       17008.984459	43	   12	    A+   
     014    2    2    1       15266.049314	25	   5	    B+   
     510    2    2    1       14253.639014	2499	   1	    C   
     000    2    2    1         108.926246	7	   393	    A+   
     023    2    2    1       13386.896517	33	   15	    A+   
     003    2    2    1       10728.276505	412	   8	    A+   
     112    2    2    1       11425.957454	1353	   2	    B-   
     122    2    2    0       12763.115484	1462	   3	    B-   
     102    2    2    0       10043.207015	552	   12	    A+   
     050    2    2    0        6884.753575	40	   7	    A+   
     600    2    2    0       15166.528196	209	   5	    B+   
     014    2    2    0       15266.620573	19	   4	    B+   
     106    2    2    0       22539.707671	452	   2	    B+   
     007    2    2    0       22708.365088	438	   4	    B+   
     105    2    2    0       19673.620946	180	   1	    C   
     006    2    2    0       19922.891527	26	   4	    B+   
     220    2    2    0        8225.134346	500	   1	    C   
     001    2    2    0        3812.557812	112	   7	    A+   
     301    2    2    0       11684.817067	2499	   1	    C   
     051    2    2    0       10476.595072	1199	   2	    B-   
     024    2    2    0       16560.704240	27	   4	    B+   
     202    2    2    0       12673.024139	1663	   3	    B-   
     400    2    2    0       10486.846244	584	   3	    B-   
     201    2    2    0        9147.976395	290	   4	    B+   
     000    2    2    0         109.269093	7	   391	    A+   
     104    2    2    0       16632.043743	3982	   2	    B+   
     015    2    2    0       18303.116050	38	   4	    B+   
     311    2    2    0       13031.551522	1789	   2	    B-   
     011    2    2    0        5202.260921	25	   12	    A+   
     004    2    2    0       13946.933872	64	   13	    A+   
     022    2    2    0       10075.148278	612	   11	    A+   
     500    2    2    0       12869.258840	137	   16	    A+   
     221    2    2    0       11836.799881	525	   3	    B-   
     120    2    2    0        5640.072271	46	   7	    A+   
     070    2    2    0        9399.267125	521	   7	    A+   
     021    2    2    0        6571.905333	31	   15	    A+   
     002    2    2    0        7351.536453	31	   5	    B-   
     300    2    2    0        8022.913714	241	   8	    A+   
     010    2    2    0        1521.042250	11	   47	    A+   
     230    2    2    0        9549.697159	467	   6	    A+   
     121    2    2    0        9280.106383	489	   3	    B+   
     100    2    2    0        2832.259726	35	   14	    A+   
     310    2    2    0        9406.996970	281	   10	    A+   
     410    2    2    0       11871.960876	1294	   5	    B-   
     101    2    2    0        6521.781434	25	   33	    A+   
     020    2    2    0        2909.399735	38	   22	    A+   
     032    2    2    0       11367.000641	1967	   2	    B-   
     013    2    2    0       12073.116749	14	   15	    A+   
     012    2    2    0        8719.057463	251	   6	    A+   
     113    2    2    0       14764.952526	183	   2	    B-   
     112    2    2    0       11426.393093	929	   2	    B+   
     031    2    2    0        7929.845472	354	   2	    B-   
     023    2    2    0       13387.479253	76	   15	    A+   
     132    2    2    0       14083.365846	2499	   1	    C   
     025    2    2    0       19572.873346	210	   1	    C   
     103    2    2    0       13429.702731	70	   14	    A+   
     510    2    2    0       14253.921762	2499	   1	    C   
     111    2    2    0        7881.128557	248	   6	    A+   
     200    2    2    0        5470.517641	43	   6	    A+   
     042    2    2    0       12655.105706	2499	   1	    C   
     150    2    2    0        9645.749740	543	   6	    A+   
     401    2    2    0       14127.037967	2499	   1	    C   
     030    2    2    0        4278.432383	180	   7	    A+   
     005    2    2    0       17009.599875	19	   13	    A+   
     110    2    2    0        4225.117475	140	   7	    A+   
     003    2    2    0       10728.761904	470	   8	    A+   
     210    2    2    0        6855.787675	61	   16	    A+   
     112    3    0    3       11404.483960	712	   2	    B-   
     006    3    0    3       19923.388090	34	   4	    B+   
     070    3    0    3        9179.127395	2035	   2	    B-   
     106    3    0    3       22539.443704	174	   4	    B+   
     007    3    0    3       22711.172023	194	   4	    B+   
     003    3    0    3       10720.722104	383	   14	    A+   
     010    3    0    3        1495.055421	11	   60	    A+   
     410    3    0    3       11841.168956	309	   6	    A+   
     330    3    0    3       12045.870730	365	   2	    B+   
     040    3    0    3        5511.840619	556	   4	    B-   
     110    3    0    3        4190.666793	139	   11	    A+   
     100    3    0    3        2813.442086	27	   22	    A+   
     030    3    0    3        4236.903908	122	   13	    A+   
     022    3    0    3       10024.303646	551	   16	    A+   
     020    3    0    3        2873.832595	27	   27	    A+   
     121    3    0    3        9245.940520	297	   5	    B+   
     120    3    0    3        5597.104215	40	   7	    A+   
     023    3    0    3       13367.772335	42	   20	    A+   
     102    3    0    3       10056.250096	579	   14	    A+   
     001    3    0    3        3798.064417	100	   9	    A+   
     032    3    0    3       11333.250184	1820	   2	    B-   
     103    3    0    3       13419.413573	102	   15	    A+   
     300    3    0    3        8004.246862	256	   9	    A+   
     200    3    0    3        5451.920997	31	   8	    A+   
     004    3    0    3       13941.843043	27	   18	    A+   
     011    3    0    3        5180.404287	20	   19	    A+   
     060    3    0    3        8007.462767	379	   4	    B-   
     500    3    0    3       12850.333317	790	   11	    A+   
     510    3    0    3       14231.140992	446	   2	    B+   
     113    3    0    3       14748.883631	350	   2	    B-   
     111    3    0    3        7898.952701	309	   3	    B-   
     031    3    0    3        7845.287402	341	   5	    B+   
     170    3    0    3       11862.139095	1504	   3	    B-   
     600    3    0    3       15147.334701	144	   2	    B+   
     221    3    0    3       11791.299711	2499	   1	    C   
     000    3    0    3          91.330261	7	   512	    A+   
     122    3    0    3       12734.335233	1443	   3	    B-   
     142    3    0    3       15260.264382	28	   10	    A+   
     014    3    0    3       15254.213943	21	   6	    A+   
     202    3    0    3       12655.140434	1278	   4	    B-   
     311    3    0    3       13005.787610	1790	   2	    B-   
     310    3    0    3        9379.547979	239	   10	    A+   
     400    3    0    3       10464.521420	536	   4	    B-   
     211    3    0    3       10490.452937	707	   2	    B-   
     101    3    0    3        6504.770626	21	   40	    A+   
     021    3    0    3        6542.800952	29	   32	    A+   
     024    3    0    3       16544.420686	145	   7	    A+   
     220    3    0    3        8178.921645	617	   2	    B+   
     210    3    0    3        6835.407176	28	   16	    A+   
     150    3    0    3        9472.124979	808	   7	    A+   
     104    3    0    3       16625.849066	225	   3	    B+   
     005    3    0    3       17007.386778	67	   18	    A+   
     002    3    0    3        7340.355047	23	   7	    A-   
     063    3    0    3       18293.160735	384	   2	    B-   
     015    3    0    3       18296.229579	482	   5	    B+   
     012    3    0    3        8701.226866	188	   10	    A+   
     230    3    0    3        9578.341243	370	   7	    A+   
     025    3    0    3       19560.518306	150	   2	    B-   
     201    3    0    3        9135.142846	292	   3	    B-   
     401    3    0    3       14108.683115	2140	   2	    B-   
     132    3    0    3       14049.765411	2499	   1	    C   
     013    3    0    3       12059.107299	22	   22	    A+   
     105    3    0    3       19670.445958	227	   2	    B-   
     050    3    0    3        6782.613160	707	   2	    B-   
     130    3    0    3        6940.378661	450	   5	    B-   
     030    3    1    3        4250.271335	109	   13	    A+   
     600    3    1    3       15156.655339	195	   3	    B+   
     023    3    1    3       13375.897055	99	   18	    A+   
     071    3    1    3       12860.811263	2499	   1	    C   
     007    3    1    3       22714.328504	390	   3	    B+   
     122    3    1    3       12744.851471	1777	   2	    B-   
     300    3    1    3        8013.549496	227	   8	    A+   
     0120    3    1    3       15256.895260	57	   8	    A+   
     102    3    1    3       10064.419593	509	   16	    A+   
     105    3    1    3       19675.063880	240	   1	    C   
     014    3    1    3       15262.206277	41	   8	    A+   
     120    3    1    3        5610.846248	48	   5	    B+   
     202    3    1    3       12662.860949	1133	   5	    B-   
     142    3    1    3       15273.782760	122	   4	    B+   
     330    3    1    3       12065.687280	29	   12	    A+   
     311    3    1    3       13014.740502	1391	   4	    B-   
     011    3    1    3        5189.737554	20	   19	    A+   
     032    3    1    3       11344.603222	1274	   4	    B-   
     400    3    1    3       10474.234221	510	   4	    B-   
     310    3    1    3        9390.086938	242	   9	    A+   
     101    3    1    3        6513.367939	22	   44	    A+   
     020    3    1    3        2886.279937	22	   32	    A+   
     021    3    1    3        6553.444405	27	   37	    A+   
     103    3    1    3       13425.845496	163	   18	    A+   
     200    3    1    3        5461.083008	28	   11	    A+   
     013    3    1    3       12066.425180	19	   15	    A+   
     024    3    1    3       16551.890548	60	   8	    A+   
     1110    3    1    3       16545.803724	204	   4	    B+   
     010    3    1    3        1505.593083	11	   67	    A+   
     111    3    1    3        7909.840207	290	   4	    B-   
     121    3    1    3        9261.190532	290	   7	    A+   
     210    3    1    3        6847.173955	26	   22	    A+   
     040    3    1    3        5530.707113	715	   2	    B-   
     050    3    1    3        6808.778887	40	   5	    B+   
     230    3    1    3        9597.552141	926	   8	    A+   
     104    3    1    3       16631.238244	404	   2	    B+   
     150    3    1    3        9495.270873	289	   10	    A+   
     201    3    1    3        9139.085843	296	   4	    B-   
     005    3    1    3       17011.872989	44	   21	    A+   
     003    3    1    3       10726.877917	316	   15	    A+   
     112    3    1    3       11413.086421	741	   2	    B-   
     004    3    1    3       13947.145888	18	   15	    A+   
     002    3    1    3        7347.421467	22	   9	    A-   
     106    3    1    3       22543.211545	399	   4	    B+   
     015    3    1    3       18301.237036	21	   7	    A+   
     500    3    1    3       12859.536994	526	   12	    A+   
     221    3    1    3       11807.113447	1409	   4	    B-   
     012    3    1    3        8709.398143	177	   12	    A+   
     070    3    1    3        9240.874681	381	   5	    B+   
     025    3    1    3       19566.455915	987	   2	    B-   
     110    3    1    3        4203.377590	123	   15	    A+   
     113    3    1    3       14756.296269	229	   3	    B-   
     100    3    1    3        2822.669673	37	   19	    A+   
     132    3    1    3       14061.585380	2499	   1	    C   
     000    3    1    3         100.390915	7	   565	    A+   
     031    3    1    3        7857.854290	279	   7	    A+   
     510    3    1    3       14240.808415	1890	   2	    B-   
     041    3    1    3        9156.942884	509	   2	    B+   
     006    3    1    3       19927.141621	37	   6	    A+   
     401    3    1    3       14117.480411	2499	   1	    C   
     410    3    1    3       11854.220461	1183	   6	    A-   
     320    3    1    3       10721.817880	999	   1	    C   
     022    3    1    3       10032.952412	461	   21	    A+   
     001    3    1    3        3806.104663	99	   10	    A+   
     410    3    1    2       11870.641147	1255	   6	    A-   
     101    3    1    2        6529.864638	23	   40	    A+   
     113    3    1    2       14774.851882	111	   2	    B-   
     020    3    1    2        2904.682139	21	   31	    A+   
     013    3    1    2       12084.681570	144	   17	    A+   
     024    3    1    2       16572.221905	75	   8	    A+   
     110    3    1    2        4221.518011	137	   12	    A+   
     000    3    1    2         116.461349	7	   532	    A+   
     221    3    1    2       11826.824277	2139	   3	    B-   
     041    3    1    2        9178.829380	354	   2	    B-   
     021    3    1    2        6572.054866	28	   28	    A+   
     040    3    1    2        5551.071979	611	   4	    B-   
     050    3    1    2        6830.062397	506	   6	    A+   
     105    3    1    2       19692.789706	115	   1	    C   
     104    3    1    2       16648.683889	315	   7	    A+   
     330    3    1    2       12085.640074	185	   12	    A+   
     600    3    1    2       15169.660381	197	   5	    B+   
     001    3    1    2        3822.575236	124	   6	    A+   
     150    3    1    2        9515.972441	296	   11	    A+   
     102    3    1    2       10082.225862	488	   15	    A+   
     106    3    1    2       22561.503775	350	   4	    B+   
     300    3    1    2        8028.239025	222	   6	    A+   
     210    3    1    2        6864.287652	46	   17	    A+   
     032    3    1    2       11364.960769	2499	   1	    C   
     201    3    1    2        9155.146996	294	   3	    B-   
     121    3    1    2        9281.424937	294	   6	    A+   
     005    3    1    2       17029.908105	21	   17	    A+   
     310    3    1    2        9406.325311	215	   14	    A+   
     122    3    1    2       12764.392473	1342	   4	    B-   
     200    3    1    2        5476.313325	28	   9	    A+   
     011    3    1    2        5207.521411	21	   21	    A+   
     015    3    1    2       18320.727669	57	   8	    A+   
     002    3    1    2        7364.289759	21	   8	    A-   
     030    3    1    2        4268.746457	110	   11	    A+   
     014    3    1    2       15280.960481	229	   6	    A+   
     006    3    1    2       19945.524904	269	   5	    B+   
     003    3    1    2       10744.144086	305	   16	    A+   
     012    3    1    2        8727.622980	209	   8	    A+   
     230    3    1    2        9616.902541	476	   7	    A+   
     070    3    1    2        9264.709428	344	   6	    A+   
     0120    3    1    2       15287.165606	240	   4	    B+   
     320    3    1    2       10741.909715	709	   2	    B-   
     025    3    1    2       19587.295488	771	   2	    B-   
     100    3    1    2        2838.439182	25	   21	    A+   
     212    3    1    2       14002.639424	2499	   1	    C   
     202    3    1    2       12679.273732	1211	   5	    B-   
     022    3    1    2       10051.100400	490	   17	    A+   
     007    3    1    2       22732.916012	403	   4	    B+   
     004    3    1    2       13964.824706	19	   17	    A+   
     311    3    1    2       13031.862224	2499	   1	    C   
     023    3    1    2       13395.526246	116	   17	    A+   
     132    3    1    2       14081.781606	2499	   1	    C   
     0110    3    1    2       13964.295452	51	   8	    A+   
     400    3    1    2       10489.166146	608	   6	    A-   
     401    3    1    2       14132.272261	2499	   1	    C   
     031    3    1    2        7877.268923	388	   4	    B+   
     500    3    1    2       12873.149423	118	   16	    A+   
     190    3    1    2       14254.292461	1794	   2	    B-   
     510    3    1    2       14256.686711	2245	   2	    B-   
     010    3    1    2        1522.930073	11	   63	    A+   
     120    3    1    2        5629.330104	40	   8	    A+   
     112    3    1    2       11431.669865	714	   2	    B-   
     111    3    1    2        7928.344150	291	   3	    B-   
     103    3    1    2       13443.145051	165	   17	    A+   
     113    3    2    2       14809.647047	270	   1	    C   
     104    3    2    2       16676.032382	165	   4	    B+   
     202    3    2    2       12717.292967	1301	   5	    B-   
     006    3    2    2       19967.073719	45	   5	    B+   
     100    3    2    2        2877.553844	39	   22	    A+   
     301    3    2    2       11728.131606	2499	   1	    C   
     221    3    2    2       11881.279699	1353	   4	    B-   
     004    3    2    2       13991.779531	32	   16	    A+   
     005    3    2    2       17054.110475	17	   16	    A+   
     020    3    2    2        2955.806275	25	   34	    A+   
     041    3    2    2        9245.760806	2499	   1	    C   
     110    3    2    2        4270.691060	141	   6	    A+   
     022    3    2    2       10120.633898	566	   14	    A+   
     070    3    2    2        9445.567990	238	   14	    A+   
     311    3    2    2       13075.013797	1583	   3	    B-   
     031    3    2    2        7975.724996	290	   3	    B-   
     230    3    2    2        9594.881277	375	   9	    A+   
     013    3    2    2       12118.490216	34	   19	    A+   
     002    3    2    2        7397.036269	23	   8	    A-   
     121    3    2    2        9325.902895	462	   7	    A+   
     030    3    2    2        4324.863188	98	   15	    A+   
     015    3    2    2       18347.873475	126	   8	    A+   
     410    3    2    2       11915.266545	1225	   5	    B-   
     400    3    2    2       10530.853973	719	   2	    B-   
     011    3    2    2        5248.230646	23	   16	    A+   
     000    3    2    2         155.389014	8	   548	    A+   
     310    3    2    2        9451.527068	243	   12	    A+   
     106    3    2    2       22583.116499	300	   1	    C   
     600    3    2    2       15207.517670	300	   2	    B+   
     012    3    2    2        8764.731311	170	   12	    A+   
     021    3    2    2        6617.981127	33	   26	    A+   
     001    3    2    2        3858.371682	103	   7	    A+   
     023    3    2    2       13432.701375	82	   19	    A+   
     300    3    2    2        8066.518625	180	   11	    A+   
     032    3    2    2       11412.639962	1912	   2	    B-   
     111    3    2    2        7926.537179	252	   8	    A+   
     010    3    2    2        1567.300470	11	   64	    A+   
     101    3    2    2        6566.821892	21	   44	    A+   
     103    3    2    2       13474.331542	200	   19	    A+   
     024    3    2    2       16605.870455	62	   9	    A+   
     330    3    2    2       12109.379522	1845	   2	    B-   
     014    3    2    2       15311.682558	12	   9	    A+   
     510    3    2    2       14295.973960	1780	   2	    B-   
     042    3    2    2       12700.264347	1718	   3	    B-   
     500    3    2    2       12911.175194	485	   19	    A+   
     120    3    2    2        5686.258972	38	   8	    A+   
     040    3    2    2        5620.090189	888	   2	    B-   
     220    3    2    2        8270.002146	500	   1	    C   
     132    3    2    2       14128.446246	2499	   1	    C   
     201    3    2    2        9192.163108	232	   6	    A+   
     025    3    2    2       19617.846999	210	   1	    C   
     102    3    2    2       10088.302002	467	   17	    A+   
     051    3    2    2       10521.917072	708	   2	    B-   
     210    3    2    2        6900.562423	32	   19	    A+   
     007    3    2    2       22752.214638	582	   5	    B+   
     122    3    2    2       12808.359471	1339	   4	    B-   
     150    3    2    2        9691.946807	1250	   6	    A-   
     003    3    2    2       10773.944363	329	   13	    A+   
     112    3    2    2       11471.646550	2262	   3	    B+   
     200    3    2    2        5514.960736	25	   13	    A+   
     050    3    2    2        6931.104562	40	   10	    A+   
     221    3    2    1       11883.207917	1585	   3	    B-   
     032    3    2    1       11415.044735	1248	   3	    B+   
     121    3    2    1        9327.688162	321	   9	    A+   
     001    3    2    1        3860.243425	97	   7	    A-   
     122    3    2    1       12810.530897	1689	   3	    B-   
     101    3    2    1        6568.640886	22	   43	    A+   
     230    3    2    1        9596.530410	1167	   6	    A+   
     015    3    2    1       18350.979898	1248	   5	    B+   
     002    3    2    1        7399.127738	25	   7	    A-   
     104    3    2    1       16679.252666	275	   4	    B+   
     024    3    2    1       16608.614910	49	   9	    A+   
     022    3    2    1       10122.755278	510	   17	    A+   
     103    3    2    1       13476.612988	126	   18	    A+   
     014    3    2    1       15314.417543	19	   6	    A+   
     301    3    2    1       11729.709880	2499	   1	    C   
     011    3    2    1        5250.164629	20	   20	    A+   
     030    3    2    1        4326.494629	99	   14	    A+   
     202    3    2    1       12719.264046	1361	   5	    B-   
     150    3    2    1        9693.272830	1241	   5	    B-   
     310    3    2    1        9452.621023	198	   19	    A+   
     410    3    2    1       11916.638696	1119	   6	    A-   
     021    3    2    1        6619.901058	33	   23	    A+   
     100    3    2    1        2879.165800	34	   16	    A+   
     300    3    2    1        8067.960491	200	   11	    A+   
     201    3    2    1        9193.865941	242	   6	    A+   
     020    3    2    1        2957.514222	23	   33	    A+   
     012    3    2    1        8766.903924	178	   11	    A+   
     025    3    2    1       19620.997267	315	   1	    C   
     210    3    2    1        6902.169693	32	   21	    A+   
     010    3    2    1        1569.024154	10	   67	    A+   
     500    3    2    1       12912.431594	515	   18	    A+   
     023    3    2    1       13435.195817	26	   23	    A+   
     040    3    2    1        5621.726833	740	   3	    B-   
     311    3    2    1       13076.567419	1464	   3	    B-   
     600    3    2    1       15208.660355	271	   6	    A+   
     111    3    2    1        7928.583394	198	   8	    A+   
     510    3    2    1       14297.391249	2499	   1	    C   
     013    3    2    1       12120.930466	35	   21	    A+   
     050    3    2    1        6932.171071	42	   9	    A+   
     003    3    2    1       10776.277088	348	   14	    A+   
     200    3    2    1        5516.491387	27	   11	    A+   
     051    3    2    1       10523.409891	605	   3	    B-   
     041    3    2    1        9250.025038	368	   5	    B+   
     400    3    2    1       10532.219341	718	   2	    B-   
     007    3    2    1       22755.750596	228	   5	    B+   
     031    3    2    1        7977.528555	334	   3	    B-   
     102    3    2    1       10090.337322	482	   16	    A+   
     000    3    2    1         157.064699	9	   564	    A+   
     113    3    2    1       14811.968904	1357	   3	    B-   
     070    3    2    1        9446.347235	280	   11	    A+   
     005    3    2    1       17057.027876	162	   19	    A+   
     042    3    2    1       12702.155478	1491	   3	    B-   
     120    3    2    1        5687.841582	30	   11	    A+   
     110    3    2    1        4272.366698	113	   11	    A+   
     004    3    2    1       13994.390176	27	   15	    A+   
     112    3    2    1       11473.758391	1898	   2	    B-   
     006    3    2    1       19970.324432	56	   6	    A+   
     105    3    2    1       19720.182993	225	   1	    C   
     002    3    3    1        7465.066869	36	   5	    B-   
     015    3    3    1       18408.567488	54	   5	    B+   
     301    3    3    1       11800.294893	2499	   1	    C   
     112    3    3    1       11555.623459	1639	   2	    B-   
     006    3    3    1       20017.660982	42	   3	    B+   
     041    3    3    1        9362.200869	2499	   1	    C   
     310    3    3    1        9533.705350	269	   10	    A+   
     221    3    3    1       12005.829521	2238	   2	    B-   
     300    3    3    1        8142.018726	339	   5	    B+   
     032    3    3    1       11503.428421	2499	   1	    C   
     111    3    3    1        8017.038149	236	   6	    A-   
     010    3    3    1        1654.658502	15	   43	    A+   
     100    3    3    1        2954.926568	54	   12	    A+   
     022    3    3    1       10202.136850	876	   5	    B+   
     012    3    3    1        8840.847380	260	   6	    A+   
     400    3    3    1       10602.540659	551	   4	    B-   
     210    3    3    1        6989.778493	132	   18	    A+   
     120    3    3    1        5802.927565	68	   7	    A+   
     004    3    3    1       14050.833233	37	   14	    A+   
     150    3    3    1        9842.544446	2060	   2	    B-   
     103    3    3    1       13541.964784	40	   13	    A+   
     410    3    3    1       11986.434914	2499	   1	    C   
     020    3    3    1        3054.933519	32	   22	    A+   
     311    3    3    1       13156.625149	2499	   1	    C   
     061    3    3    1       11954.159109	1767	   2	    B-   
     500    3    3    1       12985.437388	432	   10	    A+   
     200    3    3    1        5591.328649	30	   8	    A+   
     102    3    3    1       10160.564830	587	   11	    A+   
     106    3    3    1       22633.881869	450	   1	    C   
     024    3    3    1       16678.017069	55	   3	    B+   
     230    3    3    1        9735.489968	2319	   3	    B-   
     132    3    3    1       14227.664269	2499	   1	    C   
     110    3    3    1        4361.509747	106	   10	    A+   
     011    3    3    1        5329.914513	27	   18	    A+   
     013    3    3    1       12189.253571	23	   14	    A+   
     121    3    3    1        9428.629595	563	   6	    A+   
     211    3    3    1       10634.612569	999	   1	    C   
     023    3    3    1       13508.016209	92	   13	    A+   
     005    3    3    1       17108.856572	21	   8	    A+   
     007    3    3    1       22799.167064	90	   2	    B+   
     031    3    3    1        8073.926459	622	   2	    B-   
     000    3    3    1         233.023762	7	   362	    A+   
     025    3    3    1       19685.071869	225	   1	    C   
     600    3    3    1       15281.195149	1331	   2	    B-   
     101    3    3    1        6640.389783	27	   38	    A+   
     201    3    3    1        9264.778126	352	   4	    B+   
     014    3    3    1       15377.400761	17	   5	    B+   
     030    3    3    1        4435.796258	146	   11	    A+   
     003    3    3    1       10837.395240	464	   9	    A+   
     104    3    3    1       16735.949786	2128	   3	    B+   
     113    3    3    1       14883.553969	130	   1	    C   
     122    3    3    1       12898.997393	2499	   1	    C   
     040    3    3    1        5737.913969	250	   1	    C   
     001    3    3    1        3931.138920	201	   3	    B+   
     021    3    3    1        6709.572421	88	   22	    A+   
     202    3    3    1       12776.979013	1381	   4	    B-   
     070    3    3    1        9682.358081	1899	   2	    B-   
     061    3    3    0       11954.171762	2499	   1	    C   
     007    3    3    0       22799.288951	152	   2	    B+   
     013    3    3    0       12189.305359	25	   15	    A+   
     150    3    3    0        9842.552416	1480	   3	    B-   
     006    3    3    0       20017.761563	40	   3	    B+   
     041    3    3    0        9362.237462	2499	   1	    C   
     101    3    3    0        6640.421184	21	   36	    A+   
     030    3    3    0        4435.818092	127	   10	    A+   
     221    3    3    0       12005.851146	2499	   1	    C   
     202    3    3    0       12777.005946	1445	   3	    B-   
     111    3    3    0        8017.071279	301	   7	    A+   
     121    3    3    0        9428.640316	1480	   4	    B-   
     102    3    3    0       10160.602856	566	   12	    A+   
     131    3    3    0       10772.786373	1061	   2	    B-   
     024    3    3    0       16678.773444	88	   5	    B+   
     012    3    3    0        8840.888381	237	   8	    A+   
     004    3    3    0       14050.895709	81	   15	    A+   
     023    3    3    0       13508.062439	252	   11	    A+   
     210    3    3    0        6989.803633	44	   15	    A+   
     005    3    3    0       17108.937497	267	   9	    A+   
     022    3    3    0       10202.174542	927	   6	    A+   
     021    3    3    0        6709.604229	46	   22	    A+   
     500    3    3    0       12985.458210	1001	   9	    A+   
     070    3    3    0        9682.360846	2499	   1	    C   
     400    3    3    0       10602.551180	879	   4	    B-   
     230    3    3    0        9735.512172	1832	   2	    B-   
     132    3    3    0       14227.711262	2499	   1	    C   
     010    3    3    0        1654.685421	19	   37	    A+   
     113    3    3    0       14883.598962	90	   1	    C   
     003    3    3    0       10837.447312	372	   11	    A+   
     310    3    3    0        9533.727532	289	   10	    A+   
     120    3    3    0        5802.945788	100	   3	    B+   
     112    3    3    0       11555.603562	999	   1	    C   
     100    3    3    0        2954.950534	52	   11	    A+   
     410    3    3    0       11986.450837	2185	   2	    B-   
     040    3    3    0        5737.942962	250	   1	    C   
     311    3    3    0       13156.642368	2546	   2	    B-   
     000    3    3    0         233.051269	7	   353	    A+   
     200    3    3    0        5591.352641	36	   7	    A+   
     015    3    3    0       18408.643363	21	   5	    B+   
     301    3    3    0       11800.337446	2499	   1	    C   
     300    3    3    0        8142.037140	307	   7	    A+   
     110    3    3    0        4361.534304	169	   8	    A+   
     002    3    3    0        7465.108831	30	   6	    A-   
     122    3    3    0       12899.052118	1861	   2	    B-   
     201    3    3    0        9264.807252	349	   5	    B+   
     600    3    3    0       15281.176162	255	   1	    C   
     031    3    3    0        8074.063107	431	   4	    B-   
     020    3    3    0        3054.958316	62	   21	    A+   
     014    3    3    0       15377.470752	57	   5	    B+   
     011    3    3    0        5329.948014	27	   14	    A+   
     103    3    3    0       13542.014975	36	   13	    A+   
     001    3    3    0        3931.173232	130	   5	    B+   
     510    4    0    4       14285.005174	207	   4	    B+   
     211    4    0    4       10546.610702	656	   3	    B-   
     030    4    0    4        4295.801353	163	   9	    A+   
     113    4    0    4       14804.962609	123	   2	    B-   
     020    4    0    4        2932.900072	24	   34	    A+   
     060    4    0    4        8067.817294	378	   2	    B-   
     070    4    0    4        9238.772661	2499	   1	    C   
     120    4    0    4        5655.641812	43	   8	    A+   
     100    4    0    4        2871.293042	32	   21	    A+   
     003    4    0    4       10777.404732	330	   15	    A+   
     600    4    0    4       15200.256316	421	   6	    A+   
     001    4    0    4        3856.206848	98	   8	    A+   
     014    4    0    4       15312.221328	132	   8	    A+   
     142    4    0    4       15317.417872	29	   10	    A+   
     200    4    0    4        5508.757204	28	   12	    A+   
     013    4    0    4       12115.845531	18	   20	    A+   
     300    4    0    4        8060.222206	219	   8	    A+   
     111    4    0    4        7956.816117	262	   5	    B-   
     011    4    0    4        5238.624010	20	   18	    A+   
     024    4    0    4       16600.586738	39	   6	    A+   
     112    4    0    4       11461.368094	779	   2	    B-   
     022    4    0    4       10081.411148	481	   19	    A+   
     410    4    0    4       11896.835879	1671	   4	    B+   
     102    4    0    4       10113.295330	613	   13	    A+   
     104    4    0    4       16680.958259	216	   4	    B+   
     170    4    0    4       11919.495260	1940	   2	    B-   
     330    4    0    4       12101.960406	1489	   3	    B-   
     122    4    0    4       12791.779159	1461	   3	    B-   
     032    4    0    4       11390.832110	1804	   2	    B-   
     005    4    0    4       17062.494979	85	   16	    A+   
     201    4    0    4        9191.324255	242	   6	    A+   
     151    4    0    4       13136.217112	1735	   3	    B+   
     063    4    0    4       18353.162503	51	   6	    A+   
     015    4    0    4       18351.103152	421	   7	    A+   
     202    4    0    4       12710.829844	1895	   2	    B-   
     010    4    0    4        1553.961443	11	   63	    A+   
     311    4    0    4       13060.884157	1487	   3	    B-   
     310    4    0    4        9435.296796	251	   9	    A+   
     025    4    0    4       19615.721068	302	   2	    B-   
     031    4    0    4        7903.367817	290	   7	    A+   
     101    4    0    4        6562.087661	25	   40	    A+   
     105    4    0    4       19724.641815	249	   2	    B-   
     500    4    0    4       12904.209067	138	   12	    A+   
     021    4    0    4        6601.061978	33	   36	    A+   
     150    4    0    4        9531.110171	288	   10	    A+   
     006    4    0    4       19977.703473	28	   4	    B+   
     210    4    0    4        6892.422282	43	   18	    A+   
     023    4    0    4       13424.493950	34	   19	    A+   
     000    4    0    4         150.156309	9	   515	    A+   
     050    4    0    4        6842.274263	41	   2	    B+   
     106    4    0    4       22592.745697	677	   4	    B+   
     130    4    0    4        7000.532517	41	   4	    B+   
     007    4    0    4       22764.751754	133	   4	    B+   
     103    4    0    4       13475.349080	86	   17	    A+   
     002    4    0    4        7397.781693	24	   7	    A-   
     230    4    0    4        9636.624148	401	   8	    A+   
     121    4    0    4        9304.283857	367	   3	    B+   
     012    4    0    4        8758.723580	185	   11	    A+   
     040    4    0    4        5571.045322	626	   3	    B-   
     132    4    0    4       14106.050061	2499	   1	    C   
     110    4    0    4        4249.006202	167	   9	    A+   
     401    4    0    4       14162.895615	2499	   1	    C   
     400    4    0    4       10519.717779	671	   3	    B-   
     004    4    0    4       13997.748130	27	   19	    A+   
     310    4    1    4        9442.795489	218	   16	    A+   
     001    4    1    4        3861.537130	124	   8	    A+   
     1110    4    1    4       16602.499568	134	   7	    A+   
     202    4    1    4       12715.943900	1252	   4	    B-   
     500    4    1    4       12910.813594	251	   15	    A+   
     120    4    1    4        5665.846362	30	   10	    A+   
     311    4    1    4       13066.960605	1473	   3	    B-   
     024    4    1    4       16605.575474	51	   5	    B+   
     025    4    1    4       19619.203467	1219	   2	    B-   
     011    4    1    4        5244.929304	21	   18	    A+   
     112    4    1    4       11467.209855	721	   2	    B-   
     211    4    1    4       10554.093638	707	   2	    B-   
     101    4    1    4        6567.866326	22	   47	    A+   
     022    4    1    4       10087.080669	471	   17	    A+   
     201    4    1    4        9193.832362	256	   5	    B+   
     031    4    1    4        7912.258399	262	   7	    A+   
     021    4    1    4        6608.430598	27	   33	    A+   
     113    4    1    4       14809.610415	90	   1	    C   
     105    4    1    4       19727.242515	480	   1	    C   
     410    4    1    4       11906.241388	1113	   6	    A-   
     0120    4    1    4       15309.816789	69	   5	    B+   
     006    4    1    4       19979.657932	153	   5	    B+   
     014    4    1    4       15315.159597	19	   11	    A+   
     041    4    1    4        9211.104571	401	   4	    B+   
     104    4    1    4       16684.060718	265	   4	    B+   
     210    4    1    4        6901.073677	27	   23	    A+   
     600    4    1    4       15206.861095	345	   1	    C   
     221    4    1    4       11860.037715	2499	   1	    C   
     023    4    1    4       13429.648507	22	   19	    A+   
     300    4    1    4        8066.686640	253	   7	    A+   
     150    4    1    4        9548.706067	391	   9	    A+   
     050    4    1    4        6863.342116	40	   2	    B+   
     106    4    1    4       22594.734549	985	   4	    B+   
     330    4    1    4       12118.204629	43	   9	    A+   
     032    4    1    4       11398.624083	2499	   1	    C   
     130    4    1    4        7010.567226	42	   1	    C   
     102    4    1    4       10118.660595	515	   16	    A+   
     007    4    1    4       22766.336030	243	   5	    B+   
     013    4    1    4       12120.292186	20	   18	    A+   
     200    4    1    4        5515.147405	35	   5	    B+   
     103    4    1    4       13479.330188	72	   20	    A+   
     122    4    1    4       12798.544855	1767	   2	    B-   
     002    4    1    4        7402.284132	21	   9	    A-   
     070    4    1    4        9295.829367	354	   4	    B+   
     142    4    1    4       15326.562966	285	   4	    B+   
     230    4    1    4        9651.999038	371	   9	    A+   
     003    4    1    4       10781.158000	318	   13	    A+   
     111    4    1    4        7964.460273	368	   3	    B-   
     005    4    1    4       17064.966764	49	   18	    A+   
     012    4    1    4        8764.027241	173	   12	    A+   
     100    4    1    4        2877.687168	26	   22	    A+   
     040    4    1    4        5585.510645	501	   5	    B-   
     0110    4    1    4       13995.112678	2581	   2	    B-   
     004    4    1    4       14000.835916	22	   17	    A+   
     020    4    1    4        2941.834662	22	   34	    A+   
     010    4    1    4        1561.337925	10	   65	    A+   
     132    4    1    4       14115.110715	2499	   1	    C   
     030    4    1    4        4305.629258	107	   11	    A+   
     110    4    1    4        4258.156742	122	   16	    A+   
     180    4    1    4       13115.114115	2499	   1	    C   
     510    4    1    4       14291.789875	1712	   3	    B-   
     000    4    1    4         156.382263	9	   561	    A+   
     400    4    1    4       10526.639292	682	   4	    B-   
     015    4    1    4       18354.477761	57	   5	    B+   
     121    4    1    4        9316.507377	283	   6	    A+   
     112    4    1    3       11497.615101	767	   2	    B-   
     150    4    1    3        9582.993510	525	   8	    A+   
     001    4    1    3        3888.770568	95	   12	    A+   
     142    4    1    3       15357.431242	819	   4	    B+   
     015    4    1    3       18386.163174	32	   7	    A+   
     200    4    1    3        5540.367136	26	   10	    A+   
     211    4    1    3       10582.720279	925	   2	    B-   
     032    4    1    3       11432.251758	2811	   2	    B-   
     050    4    1    3        6898.514265	539	   5	    B+   
     106    4    1    3       22624.667729	197	   4	    B+   
     210    4    1    3        6929.540235	20	   19	    A+   
     202    4    1    3       12743.125210	1486	   4	    B-   
     410    4    1    3       11933.138839	1485	   4	    B-   
     221    4    1    3       11892.532158	1785	   2	    B-   
     201    4    1    3        9219.206799	375	   3	    B+   
     103    4    1    3       13507.873787	85	   12	    A+   
     030    4    1    3        4336.341029	128	   14	    A+   
     000    4    1    3         182.983524	9	   521	    A+   
     011    4    1    3        5274.345024	20	   22	    A+   
     007    4    1    3       22796.607044	774	   4	    B+   
     311    4    1    3       13095.210267	1850	   3	    B-   
     031    4    1    3        7944.309259	817	   6	    A+   
     120    4    1    3        5696.503908	31	   11	    A+   
     111    4    1    3        7994.961357	343	   3	    B-   
     113    4    1    3       14840.218949	150	   1	    C   
     041    4    1    3        9246.954443	607	   3	    B+   
     025    4    1    3       19653.429554	315	   1	    C   
     022    4    1    3       10116.936778	475	   16	    A+   
     070    4    1    3        9333.181738	303	   6	    A+   
     002    4    1    3        7430.137475	21	   9	    A-   
     330    4    1    3       12150.396914	30	   11	    A+   
     003    4    1    3       10809.621709	324	   16	    A+   
     013    4    1    3       12151.221313	21	   16	    A+   
     014    4    1    3       15346.829842	29	   7	    A+   
     121    4    1    3        9349.402340	406	   3	    B+   
     600    4    1    3       15228.602809	466	   3	    B-   
     012    4    1    3        8794.133363	217	   9	    A+   
     101    4    1    3        6595.114117	21	   42	    A+   
     102    4    1    3       10147.722943	477	   18	    A+   
     010    4    1    3        1590.045025	12	   53	    A+   
     005    4    1    3       17094.563053	13	   16	    A+   
     122    4    1    3       12830.887351	1779	   2	    B-   
     500    4    1    3       12933.348093	208	   14	    A+   
     320    4    1    3       10807.396849	999	   1	    C   
     400    4    1    3       10551.403978	481	   6	    A-   
     110    4    1    3        4288.141141	132	   16	    A+   
     105    4    1    3       19756.367749	195	   1	    C   
     024    4    1    3       16638.175934	117	   6	    A+   
     230    4    1    3        9684.223776	506	   8	    A+   
     006    4    1    3       20009.731836	31	   5	    B+   
     510    4    1    3       14316.357681	1798	   3	    B-   
     132    4    1    3       14148.745449	2499	   1	    C   
     021    4    1    3        6639.253090	27	   29	    A+   
     023    4    1    3       13461.993532	31	   20	    A+   
     004    4    1    3       14029.872365	45	   19	    A+   
     104    4    1    3       16712.749167	4997	   1	    C   
     310    4    1    3        9469.693127	192	   12	    A+   
     060    4    1    3        8141.456149	500	   1	    C   
     020    4    1    3        2972.335331	21	   34	    A+   
     300    4    1    3        8091.019348	279	   8	    A+   
     100    4    1    3        2903.790083	32	   22	    A+   
     104    4    2    3       16735.154649	550	   1	    C   
     100    4    2    3        2938.101194	37	   22	    A+   
     001    4    2    3        3919.638637	95	   9	    A+   
     221    4    2    3       11940.825680	1486	   4	    B-   
     015    4    2    3       18407.861213	54	   6	    A+   
     103    4    2    3       13534.081932	118	   20	    A+   
     101    4    2    3        6627.069291	23	   49	    A+   
     230    4    2    3        9655.341331	363	   7	    A+   
     111    4    2    3        7987.546062	306	   7	    A+   
     021    4    2    3        6679.602963	25	   31	    A+   
     002    4    2    3        7457.908799	22	   11	    A-   
     105    4    2    3       19776.005514	240	   1	    C   
     300    4    2    3        8124.799218	200	   11	    A+   
     121    4    2    3        9387.164184	410	   6	    A+   
     113    4    2    3       14869.554214	240	   1	    C   
     013    4    2    3       12179.231740	22	   21	    A+   
     006    4    2    3       20026.322553	38	   6	    A+   
     112    4    2    3       11532.219042	817	   3	    B+   
     003    4    2    3       10834.393097	339	   11	    A+   
     202    4    2    3       12760.505551	1743	   4	    B-   
     110    4    2    3        4331.572612	125	   15	    A+   
     102    4    2    3       10149.065979	496	   16	    A+   
     120    4    2    3        5747.997493	43	   7	    A+   
     330    4    2    3       12170.316272	1781	   2	    B-   
     011    4    2    3        5309.710075	19	   23	    A+   
     012    4    2    3        8825.842861	191	   13	    A+   
     005    4    2    3       17113.756945	24	   16	    A+   
     500    4    2    3       12967.175854	583	   20	    A+   
     150    4    2    3        9753.637852	356	   8	    A+   
     004    4    2    3       14051.838416	11	   22	    A+   
     022    4    2    3       10181.515699	556	   16	    A+   
     200    4    2    3        5574.365544	27	   13	    A+   
     023    4    2    3       13493.332235	43	   22	    A+   
     030    4    2    3        4386.927065	109	   14	    A+   
     052    4    2    3       14028.849549	2499	   1	    C   
     014    4    2    3       15372.042158	21	   9	    A+   
     042    4    2    3       12777.232906	1843	   3	    B-   
     050    4    2    3        6992.991041	57	   10	    A+   
     201    4    2    3        9251.260731	276	   5	    B+   
     310    4    2    3        9506.018882	257	   15	    A+   
     031    4    2    3        8037.082324	290	   4	    B+   
     301    4    2    3       11786.019949	2499	   1	    C   
     600    4    2    3       15262.450347	345	   4	    B+   
     070    4    2    3        9512.252143	256	   13	    A+   
     311    4    2    3       13133.125271	2037	   3	    B-   
     020    4    2    3        3017.841073	23	   35	    A+   
     400    4    2    3       10581.238762	636	   3	    B-   
     510    4    2    3       14352.180330	2499	   1	    C   
     024    4    2    3       16666.362583	60	   8	    A+   
     122    4    2    3       12868.951798	1582	   3	    B-   
     051    4    2    3       10590.516657	998	   2	    B-   
     410    4    2    3       11972.701245	1174	   6	    A-   
     010    4    2    3        1629.141769	11	   69	    A+   
     210    4    2    3        6960.382908	57	   21	    A+   
     000    4    2    3         217.041947	7	   583	    A+   
     401    4    2    3       14226.221349	2499	   1	    C   
     040    4    2    3        5681.718632	1000	   1	    C   
     106    4    2    3       22641.361977	353	   2	    B+   
     007    4    2    3       22811.053402	496	   4	    B+   
     311    4    2    2       13138.413040	1453	   3	    B-   
     150    4    2    2        9757.509942	1802	   3	    B-   
     023    4    2    2       13500.210089	91	   19	    A+   
     000    4    2    2         221.836167	7	   605	    A+   
     210    4    2    2        6965.015374	18	   22	    A+   
     122    4    2    2       12875.005126	1851	   2	    B-   
     031    4    2    2        8042.240081	351	   3	    B-   
     300    4    2    2        8128.942707	168	   11	    A+   
     070    4    2    2        9509.131505	311	   14	    A+   
     110    4    2    2        4336.431165	125	   10	    A+   
     301    4    2    2       11790.596115	2499	   1	    C   
     003    4    2    2       10840.919026	315	   14	    A+   
     112    4    2    2       11538.169252	988	   2	    B-   
     012    4    2    2        8831.977760	164	   12	    A+   
     013    4    2    2       12186.049677	24	   21	    A+   
     510    4    2    2       14356.254752	271	   2	    B+   
     032    4    2    2       11479.878923	2499	   1	    C   
     101    4    2    2        6632.211265	21	   50	    A+   
     120    4    2    2        5752.576718	44	   7	    A+   
     020    4    2    2        3022.765944	21	   41	    A+   
     106    4    2    2       22649.977684	127	   3	    B+   
     102    4    2    2       10154.357154	484	   19	    A+   
     040    4    2    2        5686.451198	566	   4	    B-   
     004    4    2    2       14059.021857	27	   24	    A+   
     030    4    2    2        4391.648408	115	   12	    A+   
     015    4    2    2       18416.251379	61	   8	    A+   
     400    4    2    2       10585.752230	591	   4	    B-   
     221    4    2    2       11946.238381	1795	   2	    B-   
     180    4    2    2       13423.260961	2499	   1	    C   
     141    4    2    2       12045.605874	2499	   1	    C   
     310    4    2    2        9514.325369	228	   13	    A+   
     022    4    2    2       10187.539984	541	   14	    A+   
     014    4    2    2       15379.594001	129	   7	    A+   
     202    4    2    2       12765.629523	1503	   4	    B-   
     111    4    2    2        7993.007574	251	   9	    A+   
     100    4    2    2        2942.720827	32	   28	    A+   
     104    4    2    2       16742.640318	258	   5	    B+   
     220    4    2    2        8335.052199	500	   1	    C   
     050    4    2    2        6995.201646	41	   9	    A+   
     005    4    2    2       17121.673897	26	   15	    A+   
     007    4    2    2       22820.373706	375	   4	    B+   
     024    4    2    2       16673.898456	83	   8	    A+   
     132    4    2    2       14195.674599	2499	   1	    C   
     105    4    2    2       19783.669899	115	   1	    C   
     200    4    2    2        5578.751490	25	   15	    A+   
     001    4    2    2        3924.952637	95	   12	    A+   
     042    4    2    2       12782.347587	1823	   3	    B-   
     051    4    2    2       10594.564926	735	   2	    B-   
     410    4    2    2       11977.244379	1209	   5	    B-   
     006    4    2    2       20035.009118	41	   7	    A+   
     010    4    2    2        1634.088755	11	   65	    A+   
     500    4    2    2       12970.807732	332	   19	    A+   
     103    4    2    2       13540.471792	150	   20	    A+   
     041    4    2    2        9313.300225	360	   6	    A+   
     121    4    2    2        9392.275871	288	   6	    A+   
     600    4    2    2       15265.852767	270	   6	    A+   
     011    4    2    2        5315.219835	18	   28	    A+   
     002    4    2    2        7463.794206	22	   10	    A-   
     230    4    2    2        9660.113229	346	   9	    A+   
     201    4    2    2        9256.097669	270	   6	    A+   
     021    4    2    2        6685.098887	24	   26	    A+   
     122    4    3    2       12960.899775	2499	   1	    C   
     021    4    3    2        6772.195067	31	   25	    A+   
     310    4    3    2        9592.814983	216	   16	    A+   
     006    4    3    2       20078.591077	87	   5	    B+   
     221    4    3    2       12066.020818	1959	   2	    B-   
     011    4    3    2        5392.343783	21	   21	    A+   
     103    4    3    2       13603.190712	62	   17	    A+   
     003    4    3    2       10899.033860	373	   10	    A+   
     311    4    3    2       13215.469451	1671	   3	    B-   
     015    4    3    2       18470.135178	80	   6	    A+   
     230    4    3    2        9797.356485	1010	   7	    A+   
     001    4    3    2        3993.322981	112	   6	    A+   
     000    4    3    2         295.487249	8	   492	    A+   
     041    4    3    2        9424.320683	1772	   3	    B-   
     070    4    3    2        9744.339000	1330	   6	    A+   
     110    4    3    2        4423.072197	101	   12	    A+   
     020    4    3    2        3117.810213	22	   31	    A+   
     202    4    3    2       12836.677976	1134	   6	    A-   
     120    4    3    2        5865.887479	57	   3	    B+   
     132    4    3    2       14289.239874	2499	   1	    C   
     004    4    3    2       14112.206786	53	   17	    A+   
     040    4    3    2        5799.914774	250	   1	    C   
     022    4    3    2       10264.378458	773	   8	    A+   
     023    4    3    2       13569.546653	69	   19	    A+   
     210    4    3    2        7050.092519	26	   20	    A+   
     102    4    3    2       10221.538490	604	   13	    A+   
     002    4    3    2        7526.974647	28	   8	    A-   
     007    4    3    2       22859.888739	2893	   2	    B-   
     201    4    3    2        9324.639097	303	   7	    A+   
     010    4    3    2        1717.335591	19	   51	    A+   
     112    4    3    2       11617.619524	957	   2	    B-   
     410    4    3    2       12046.319879	368	   5	    B+   
     400    4    3    2       10660.528066	798	   3	    B-   
     111    4    3    2        8078.538345	238	   6	    A-   
     014    4    3    2       15439.155989	39	   7	    A+   
     024    4    3    2       16740.039358	112	   8	    A+   
     101    4    3    2        6701.455282	22	   43	    A+   
     301    4    3    2       11858.942099	2499	   1	    C   
     300    4    3    2        8200.972863	227	   5	    B-   
     013    4    3    2       12251.213870	30	   18	    A+   
     030    4    3    2        4498.810333	100	   17	    A+   
     200    4    3    2        5651.447660	32	   12	    A+   
     600    4    3    2       15336.613472	284	   2	    B+   
     100    4    3    2        3016.229208	57	   22	    A+   
     005    4    3    2       17169.988340	68	   16	    A+   
     121    4    3    2        9490.914617	352	   7	    A+   
     031    4    3    2        8136.554916	420	   3	    B+   
     150    4    3    2        9905.470624	2320	   2	    B-   
     500    4    3    2       13042.000527	111	   15	    A+   
     012    4    3    2        8903.038110	163	   15	    A+   
     113    4    3    2       14944.847674	300	   1	    C   
     111    4    3    1        8078.756473	252	   5	    B-   
     102    4    3    1       10221.806426	497	   15	    A+   
     311    4    3    1       13215.666259	2028	   2	    B-   
     500    4    3    1       13042.140926	228	   7	    A+   
     012    4    3    1        8903.323288	210	   7	    A+   
     230    4    3    1        9797.467363	1210	   5	    B+   
     600    4    3    1       15336.721489	550	   2	    B+   
     120    4    3    1        5866.017413	31	   5	    B+   
     110    4    3    1        4423.250496	129	   12	    A+   
     023    4    3    1       13569.881293	104	   21	    A+   
     201    4    3    1        9324.840620	290	   8	    A+   
     021    4    3    1        6772.410006	30	   33	    A+   
     210    4    3    1        7050.264395	27	   18	    A+   
     300    4    3    1        8201.124733	245	   7	    A-   
     007    4    3    1       22860.657449	1299	   1	    C   
     221    4    3    1       12066.191389	1503	   4	    B-   
     020    4    3    1        3117.981579	23	   31	    A+   
     202    4    3    1       12836.928401	1290	   4	    B-   
     014    4    3    1       15439.598509	34	   6	    A+   
     100    4    3    1        3016.404602	72	   17	    A+   
     301    4    3    1       11859.150414	2499	   1	    C   
     070    4    3    1        9744.428170	1200	   5	    B+   
     101    4    3    1        6701.672187	28	   45	    A+   
     024    4    3    1       16741.004924	206	   7	    A+   
     041    4    3    1        9424.505703	1513	   3	    B-   
     400    4    3    1       10660.673174	727	   2	    B-   
     061    4    3    1       12016.240459	1811	   2	    B-   
     310    4    3    1        9592.982044	210	   15	    A+   
     002    4    3    1        7527.262005	24	   9	    A-   
     200    4    3    1        5651.613527	27	   10	    A+   
     122    4    3    1       12961.353211	1525	   3	    B-   
     005    4    3    1       17170.532458	33	   18	    A+   
     013    4    3    1       12251.569764	183	   20	    A+   
     150    4    3    1        9905.530164	1769	   2	    B-   
     410    4    3    1       12046.414149	1703	   4	    B-   
     113    4    3    1       14945.153449	150	   1	    C   
     031    4    3    1        8136.474342	300	   5	    B+   
     015    4    3    1       18470.692603	192	   7	    A+   
     003    4    3    1       10899.388366	344	   16	    A+   
     030    4    3    1        4498.959619	95	   16	    A+   
     006    4    3    1       20079.262535	36	   3	    B-   
     010    4    3    1        1717.521414	12	   61	    A+   
     121    4    3    1        9491.095718	477	   6	    A+   
     131    4    3    1       10835.288552	460	   6	    A-   
     022    4    3    1       10264.649627	823	   7	    A+   
     112    4    3    1       11617.837909	980	   2	    B+   
     011    4    3    1        5392.573798	20	   22	    A+   
     103    4    3    1       13603.525254	134	   16	    A+   
     004    4    3    1       14112.645325	25	   18	    A+   
     001    4    3    1        3993.556264	106	   9	    A+   
     000    4    3    1         295.677474	8	   484	    A+   
     220    4    4    1        8558.707323	500	   1	    C   
     121    4    4    1        9565.703046	491	   2	    B+   
     020    4    4    1        3253.005249	48	   23	    A+   
     007    4    4    1       22923.435359	115	   2	    B+   
     002    4    4    1        7620.352914	58	   7	    A+   
     012    4    4    1        9007.123998	283	   6	    A+   
     310    4    4    1        9708.208048	359	   10	    A+   
     112    4    4    1       11739.590945	1006	   2	    B+   
     410    4    4    1       12152.973023	368	   3	    B+   
     024    4    4    1       16837.526324	36	   3	    B+   
     400    4    4    1       10764.690446	1448	   2	    B-   
     120    4    4    1        6036.304076	158	   4	    B+   
     030    4    4    1        4651.837375	205	   8	    A+   
     113    4    4    1       15049.314223	241	   1	    C   
     010    4    4    1        1837.016351	21	   30	    A+   
     301    4    4    1       11958.113909	2114	   2	    B-   
     150    4    4    1       10037.176423	2499	   1	    C   
     022    4    4    1       10379.055539	747	   7	    A+   
     061    4    4    1       12252.176764	1774	   2	    B-   
     001    4    4    1        4093.347776	172	   4	    B+   
     230    4    4    1        9928.648439	1286	   5	    B+   
     011    4    4    1        5504.150990	47	   12	    A+   
     401    4    4    1       14400.557523	2499	   1	    C   
     110    4    4    1        4543.716403	142	   8	    A+   
     202    4    4    1       12930.679150	1789	   3	    B-   
     015    4    4    1       18552.666922	43	   4	    B+   
     600    4    4    1       15438.391223	331	   1	    C   
     100    4    4    1        3122.459582	57	   15	    A+   
     023    4    4    1       13665.811419	128	   15	    A+   
     201    4    4    1        9423.979523	338	   6	    A+   
     141    4    4    1       12344.873229	64	   5	    B+   
     221    4    4    1       12175.915830	1929	   2	    B-   
     021    4    4    1        6897.675650	118	   21	    A+   
     300    4    4    1        8305.115611	302	   6	    A+   
     013    4    4    1       12347.967118	54	   13	    A+   
     003    4    4    1       10985.962219	507	   8	    A+   
     106    4    4    1       22762.928736	262	   2	    B+   
     200    4    4    1        5756.566154	57	   7	    A+   
     041    4    4    1        9641.853261	895	   5	    B+   
     510    4    4    1       14541.394623	550	   1	    C   
     000    4    4    1         402.329497	19	   286	    A+   
     006    4    4    1       20147.297023	32	   2	    B-   
     042    4    4    1       13090.918346	1795	   2	    B-   
     031    4    4    1        8275.838859	216	   7	    A+   
     103    4    4    1       13701.933811	69	   11	    A+   
     101    4    4    1        6801.648465	62	   26	    A+   
     004    4    4    1       14192.922927	26	   10	    A+   
     014    4    4    1       15528.641790	160	   5	    B+   
     111    4    4    1        8194.592063	264	   4	    B-   
     210    4    4    1        7168.079535	39	   14	    A+   
     025    4    4    1       19837.942923	132	   1	    C   
     005    4    4    1       17244.608431	407	   7	    A+   
     500    4    4    1       13144.639377	209	   9	    A+   
     102    4    4    1       10316.904070	746	   10	    A+   
     104    4    4    1       16880.044369	285	   1	    C   
     311    4    4    1       13327.011423	2499	   1	    C   
     112    4    4    0       11739.590218	992	   2	    B+   
     014    4    4    0       15528.641254	234	   5	    B+   
     111    4    4    0        8194.592760	352	   5	    B+   
     510    4    4    0       14541.393897	550	   1	    C   
     141    4    4    0       12344.872500	63	   5	    B+   
     600    4    4    0       15438.390497	330	   1	    C   
     006    4    4    0       20147.296303	47	   2	    B-   
     106    4    4    0       22762.928009	261	   2	    B+   
     015    4    4    0       18552.666196	33	   4	    B+   
     311    4    4    0       13327.090797	2499	   1	    C   
     500    4    4    0       13144.638667	208	   10	    A+   
     101    4    4    0        6801.649168	45	   27	    A+   
     300    4    4    0        8305.117572	381	   4	    B-   
     005    4    4    0       17244.616624	525	   6	    A+   
     110    4    4    0        4543.717582	146	   9	    A+   
     011    4    4    0        5504.152498	44	   11	    A+   
     102    4    4    0       10316.905499	784	   10	    A+   
     401    4    4    0       14400.556797	2499	   1	    C   
     042    4    4    0       13090.904229	2905	   2	    B-   
     400    4    4    0       10764.681278	780	   3	    B-   
     202    4    4    0       12930.691594	1734	   3	    B-   
     103    4    4    0       13701.933098	46	   11	    A+   
     104    4    4    0       16880.016862	285	   1	    C   
     113    4    4    0       15049.313497	241	   1	    C   
     201    4    4    0        9423.974259	402	   4	    B+   
     210    4    4    0        7168.080511	44	   12	    A+   
     024    4    4    0       16837.525426	222	   4	    B+   
     220    4    4    0        8558.706597	500	   1	    C   
     001    4    4    0        4093.350381	143	   8	    A+   
     100    4    4    0        3122.458256	63	   12	    A+   
     200    4    4    0        5756.567765	68	   7	    A+   
     030    4    4    0        4651.838085	208	   7	    A+   
     310    4    4    0        9708.209048	288	   8	    A+   
     221    4    4    0       12175.923578	1417	   4	    B-   
     041    4    4    0        9641.860585	629	   5	    B+   
     013    4    4    0       12347.966701	191	   16	    A+   
     150    4    4    0       10037.175697	2499	   1	    C   
     003    4    4    0       10985.963090	580	   6	    A-   
     007    4    4    0       22923.434633	115	   2	    B+   
     002    4    4    0        7620.356038	55	   7	    A+   
     301    4    4    0       11958.099268	2211	   2	    B-   
     023    4    4    0       13665.806332	130	   9	    A+   
     004    4    4    0       14192.922325	78	   10	    A+   
     031    4    4    0        8275.838942	275	   6	    A+   
     010    4    4    0        1837.017984	18	   34	    A+   
     121    4    4    0        9565.703551	419	   3	    B+   
     230    4    4    0        9928.652417	1388	   5	    B+   
     000    4    4    0         402.330223	21	   301	    A+   
     020    4    4    0        3253.005631	60	   20	    A+   
     410    4    4    0       12152.972193	361	   2	    B+   
     120    4    4    0        6036.303855	69	   3	    B+   
     021    4    4    0        6897.676766	73	   19	    A+   
     022    4    4    0       10379.057574	898	   4	    B+   
     012    4    4    0        9007.126271	272	   6	    A-   
     025    4    4    0       19837.942197	131	   1	    C   
     200    5    0    5        5578.170090	24	   12	    A+   
     005    5    0    5       17129.363868	26	   14	    A+   
     023    5    0    5       13493.165846	32	   17	    A+   
     400    5    0    5       10587.131716	736	   3	    B-   
     300    5    0    5        8128.518571	254	   9	    A+   
     015    5    0    5       18417.960149	35	   6	    A+   
     410    5    0    5       11964.675710	1287	   4	    B-   
     211    5    0    5       10615.061028	720	   2	    B-   
     103    5    0    5       13543.321698	189	   13	    A+   
     201    5    0    5        9252.741866	266	   5	    B+   
     025    5    0    5       19682.384714	286	   2	    B-   
     170    5    0    5       11990.173650	1789	   2	    B-   
     004    5    0    5       14065.631411	15	   18	    A+   
     105    5    0    5       19790.415009	150	   1	    C   
     221    5    0    5       11915.790509	2499	   1	    C   
     330    5    0    5       12170.331107	1739	   3	    B-   
     006    5    0    5       20043.588767	126	   4	    B+   
     122    5    0    5       12859.454650	3064	   2	    B-   
     003    5    0    5       10846.294284	317	   18	    A+   
     310    5    0    5        9503.288615	283	   8	    A+   
     022    5    0    5       10150.741800	493	   18	    A+   
     102    5    0    5       10182.654722	479	   17	    A+   
     202    5    0    5       12778.648964	1265	   5	    B-   
     106    5    0    5       22657.409966	223	   2	    B+   
     007    5    0    5       22829.766533	151	   4	    B+   
     311    5    0    5       13127.922213	1891	   3	    B-   
     013    5    0    5       12184.664562	80	   20	    A+   
     113    5    0    5       14872.717909	145	   1	    C   
     600    5    0    5       15265.060372	235	   5	    B+   
     101    5    0    5        6631.905568	23	   37	    A+   
     021    5    0    5        6671.906828	26	   37	    A+   
     112    5    0    5       11530.481478	842	   2	    B-   
     121    5    0    5        9374.932083	368	   4	    B+   
     150    5    0    5        9604.790410	314	   8	    A+   
     010    5    0    5        1625.748000	12	   61	    A+   
     210    5    0    5        6961.979404	30	   22	    A+   
     110    5    0    5        4320.031975	152	   12	    A+   
     100    5    0    5        2941.907124	30	   22	    A+   
     040    5    0    5        5643.142236	717	   2	    B-   
     014    5    0    5       15378.058465	24	   6	    A+   
     020    5    0    5        3004.836011	24	   32	    A+   
     130    5    0    5        7069.063339	356	   9	    A+   
     142    5    0    5       15386.570652	71	   8	    A+   
     030    5    0    5        4367.594319	138	   12	    A+   
     120    5    0    5        5727.007555	45	   7	    A+   
     031    5    0    5        7973.908388	151	   9	    A+   
     230    5    0    5        9707.881220	366	   8	    A+   
     060    5    0    5        8142.063209	500	   1	    C   
     000    5    0    5         221.946226	12	   491	    A+   
     011    5    0    5        5309.451071	22	   19	    A+   
     002    5    0    5        7467.663045	25	   5	    B-   
     024    5    0    5       16668.431492	51	   6	    A+   
     111    5    0    5        8027.237298	508	   3	    B-   
     012    5    0    5        8828.557253	206	   10	    A+   
     500    5    0    5       12970.142968	157	   13	    A+   
     132    5    0    5       14175.745009	2499	   1	    C   
     104    5    0    5       16747.751482	314	   3	    B+   
     510    5    0    5       14350.864847	1505	   3	    B-   
     070    5    0    5        9311.847609	2499	   1	    C   
     050    5    0    5        6915.050028	709	   2	    B-   
     001    5    0    5        3927.056313	90	   10	    A+   
     022    5    1    5       10154.125757	541	   14	    A+   
     103    5    1    5       13545.559762	56	   18	    A+   
     032    5    1    5       11465.521618	879	   3	    B+   
     122    5    1    5       12863.966561	1653	   3	    B-   
     211    5    1    5       10620.014377	796	   2	    B-   
     020    5    1    5        3010.766982	21	   41	    A+   
     030    5    1    5        4374.312932	103	   16	    A+   
     010    5    1    5        1630.493221	11	   66	    A+   
     150    5    1    5        9615.049967	707	   6	    A+   
     005    5    1    5       17130.588681	20	   15	    A+   
     025    5    1    5       19684.393792	145	   1	    C   
     121    5    1    5        9382.725645	310	   6	    A+   
     0110    5    1    5       14065.157595	205	   6	    A+   
     050    5    1    5        6931.077965	41	   7	    A+   
     106    5    1    5       22658.314674	301	   4	    B+   
     310    5    1    5        9508.212166	226	   12	    A+   
     003    5    1    5       10848.366055	324	   15	    A+   
     210    5    1    5        6967.978753	25	   20	    A+   
     0120    5    1    5       15380.735258	20	   10	    A+   
     014    5    1    5       15381.492294	138	   12	    A+   
     180    5    1    5       13181.663013	1789	   2	    B+   
     015    5    1    5       18419.357548	27	   7	    A+   
     102    5    1    5       10185.868230	505	   16	    A+   
     110    5    1    5        4326.114761	138	   14	    A+   
     130    5    1    5        7078.533630	41	   1	    C   
     142    5    1    5       15392.210901	289	   5	    B+   
     120    5    1    5        5734.088045	42	   9	    A+   
     201    5    1    5        9258.426504	267	   6	    A+   
     202    5    1    5       12781.763518	1260	   5	    B-   
     200    5    1    5        5582.261305	32	   12	    A+   
     031    5    1    5        7979.689256	329	   5	    B+   
     013    5    1    5       12187.156001	15	   20	    A+   
     007    5    1    5       22830.401954	1005	   4	    B+   
     023    5    1    5       13496.137972	26	   15	    A+   
     300    5    1    5        8132.663166	231	   7	    A+   
     221    5    1    5       11925.675258	1860	   2	    B-   
     100    5    1    5        2945.970542	27	   22	    A+   
     002    5    1    5        7470.267157	20	   9	    A-   
     311    5    1    5       13131.782143	1579	   3	    B-   
     012    5    1    5        8831.690596	203	   9	    A+   
     000    5    1    5         225.864895	7	   525	    A+   
     024    5    1    5       16670.231432	120	   7	    A+   
     070    5    1    5        9363.854231	312	   5	    B+   
     112    5    1    5       11534.048649	1654	   3	    B+   
     113    5    1    5       14875.298463	270	   1	    C   
     033    5    1    5       14783.469725	2499	   1	    C   
     230    5    1    5        9719.646869	441	   10	    A+   
     330    5    1    5       12183.185373	194	   4	    B+   
     212    5    1    5       14102.762592	2499	   1	    C   
     040    5    1    5        5653.517605	237	   3	    B+   
     400    5    1    5       10591.701359	629	   4	    B-   
     500    5    1    5       12974.498130	327	   12	    A+   
     041    5    1    5        9278.445586	1893	   2	    B+   
     132    5    1    5       14181.442063	2499	   1	    C   
     004    5    1    5       14067.272856	93	   19	    A+   
     006    5    1    5       20044.594155	93	   5	    B+   
     101    5    1    5        6635.453153	21	   44	    A+   
     510    5    1    5       14355.111420	1947	   2	    B-   
     011    5    1    5        5313.345957	19	   25	    A+   
     104    5    1    5       16749.323352	165	   2	    B+   
     001    5    1    5        3930.278468	109	   9	    A+   
     410    5    1    5       11970.787428	1281	   6	    A-   
     021    5    1    5        6676.589961	28	   36	    A+   
     600    5    1    5       15269.567623	290	   4	    B+   
     111    5    1    5        8032.186011	464	   3	    B-   
     004    5    1    4       14109.705157	65	   18	    A+   
     120    5    1    4        5779.644447	55	   8	    A+   
     110    5    1    4        4370.461899	129	   14	    A+   
     030    5    1    4        4420.000262	157	   11	    A+   
     130    5    1    4        7125.613227	42	   7	    A+   
     113    5    1    4       14920.614724	210	   1	    C   
     400    5    1    4       10628.983881	617	   3	    B-   
     005    5    1    4       17173.647359	20	   13	    A+   
     106    5    1    4       22701.694397	205	   3	    B+   
     031    5    1    4        8027.024308	300	   4	    B+   
     101    5    1    4        6675.660096	28	   44	    A+   
     310    5    1    4        9548.079343	277	   10	    A+   
     330    5    1    4       12231.032532	44	   9	    A+   
     023    5    1    4       13543.656571	85	   16	    A+   
     040    5    1    4        5703.622016	845	   2	    B-   
     021    5    1    4        6722.254924	42	   26	    A+   
     221    5    1    4       11973.565210	1814	   2	    B-   
     000    5    1    4         265.236254	10	   502	    A+   
     300    5    1    4        8168.728345	247	   5	    B+   
     105    5    1    4       19834.185024	330	   1	    C   
     002    5    1    4        7511.285075	24	   8	    A-   
     202    5    1    4       12822.024199	1621	   3	    B-   
     100    5    1    4        2984.612857	36	   19	    A+   
     600    5    1    4       15301.670105	870	   1	    C   
     104    5    1    4       16791.419038	225	   3	    B+   
     012    5    1    4        8876.070809	172	   11	    A+   
     150    5    1    4        9665.843953	446	   12	    A+   
     015    5    1    4       18466.139023	81	   7	    A+   
     024    5    1    4       16719.768436	98	   6	    A+   
     200    5    1    4        5619.618819	25	   12	    A+   
     006    5    1    4       20088.010749	30	   4	    B+   
     007    5    1    4       22874.050295	1073	   3	    B+   
     022    5    1    4       10229.861265	693	   9	    A+   
     070    5    1    4        9433.919789	348	   4	    B+   
     111    5    1    4        8077.415496	362	   4	    B-   
     320    5    1    4       10888.170800	999	   1	    C   
     051    5    1    4       10620.411262	715	   2	    B-   
     410    5    1    4       12010.391290	1298	   4	    B-   
     014    5    1    4       15427.563015	15	   9	    A+   
     011    5    1    4        5356.825613	21	   18	    A+   
     050    5    1    4        6983.105800	999	   1	    C   
     500    5    1    4       13007.941844	142	   13	    A+   
     102    5    1    4       10197.942934	477	   18	    A+   
     311    5    1    4       13173.455812	2509	   2	    B-   
     230    5    1    4        9767.605794	468	   7	    A+   
     122    5    1    4       12913.381212	1817	   2	    B-   
     210    5    1    4        7010.489817	41	   19	    A+   
     020    5    1    4        3055.998469	22	   35	    A+   
     510    5    1    4       14391.729803	1834	   2	    B-   
     025    5    1    4       19734.211339	409	   2	    B-   
     112    5    1    4       11578.938124	999	   1	    C   
     041    5    1    4        9331.385516	391	   3	    B+   
     121    5    1    4        9417.556465	350	   4	    B+   
     301    5    1    4       11831.644524	2499	   1	    C   
     032    5    1    4       11515.150328	2499	   1	    C   
     201    5    1    4        9298.265699	290	   3	    B-   
     103    5    1    4       13587.549333	225	   15	    A+   
     013    5    1    4       12232.449596	20	   21	    A+   
     001    5    1    4        3970.493759	94	   10	    A+   
     142    5    1    4       15440.349471	380	   4	    B+   
     003    5    1    4       10890.146127	330	   13	    A+   
     010    5    1    4        1673.017556	13	   59	    A+   
     600    5    2    4       15330.742347	930	   1	    C   
     105    5    2    4       19848.525247	150	   1	    C   
     002    5    2    4        7533.416662	19	   10	    A-   
     112    5    2    4       11607.391981	925	   3	    B+   
     022    5    2    4       10257.073161	596	   14	    A+   
     104    5    2    4       16808.367885	3617	   2	    B-   
     020    5    2    4        3094.906532	18	   43	    A+   
     011    5    2    4        5386.019133	21	   27	    A+   
     000    5    2    4         293.636530	8	   563	    A+   
     051    5    2    4       10665.933606	721	   2	    B-   
     210    5    2    4        7034.664351	22	   21	    A+   
     106    5    2    4       22713.278769	367	   3	    B+   
     220    5    2    4        8404.740847	500	   1	    C   
     121    5    2    4        9463.306791	500	   4	    B+   
     050    5    2    4        7069.995311	41	   9	    A+   
     012    5    2    4        8901.628388	178	   12	    A+   
     102    5    2    4       10223.121898	488	   18	    A+   
     310    5    2    4        9579.516425	280	   15	    A+   
     100    5    2    4        3013.333895	35	   22	    A+   
     024    5    2    4       16741.184268	55	   7	    A+   
     005    5    2    4       17187.504769	16	   18	    A+   
     103    5    2    4       13608.170574	194	   21	    A+   
     221    5    2    4       12014.809226	1499	   3	    B-   
     023    5    2    4       13568.424571	74	   21	    A+   
     070    5    2    4        9589.515012	351	   10	    A+   
     110    5    2    4        4407.226676	162	   13	    A+   
     113    5    2    4       14943.862347	345	   1	    C   
     120    5    2    4        5824.737906	35	   9	    A+   
     006    5    2    4       20099.481981	43	   5	    B+   
     013    5    2    4       12254.484257	34	   25	    A+   
     004    5    2    4       14126.185341	61	   17	    A+   
     300    5    2    4        8197.246500	237	   8	    A+   
     021    5    2    4        6756.098417	41	   33	    A+   
     015    5    2    4       18481.994480	66	   7	    A+   
     202    5    2    4       12834.976705	1536	   3	    B-   
     500    5    2    4       13036.816900	849	   12	    A+   
     150    5    2    4        9830.392547	1189	   5	    B-   
     040    5    2    4        5758.323673	438	   6	    A-   
     230    5    2    4        9730.543276	443	   6	    A+   
     101    5    2    4        6701.867392	25	   46	    A+   
     042    5    2    4       12851.905885	2170	   2	    B-   
     410    5    2    4       12044.488822	1405	   5	    B-   
     030    5    2    4        4464.053537	109	   17	    A+   
     510    5    2    4       14422.011565	2499	   1	    C   
     201    5    2    4        9324.575027	301	   3	    B+   
     007    5    2    4       22883.604634	328	   4	    B+   
     014    5    2    4       15446.737559	16	   7	    A+   
     032    5    2    4       11549.347299	2499	   1	    C   
     301    5    2    4       11857.944624	2499	   1	    C   
     001    5    2    4        3995.698469	91	   12	    A+   
     041    5    2    4        9383.622824	2499	   1	    C   
     400    5    2    4       10654.087604	835	   3	    B-   
     200    5    2    4        5648.193513	31	   14	    A+   
     010    5    2    4        1705.958933	7	   75	    A+   
     122    5    2    4       12944.176972	1398	   4	    B-   
     003    5    2    4       10909.340706	340	   11	    A+   
     111    5    2    4        8063.156317	234	   7	    A+   
     031    5    2    4        8113.293946	297	   4	    B-   
     311    5    2    4       13205.277075	1468	   3	    B-   
     070    5    2    3        9587.568554	287	   12	    A+   
     210    5    2    3        7044.773948	33	   17	    A+   
     014    5    2    3       15462.330425	21	   9	    A+   
     001    5    2    3        4007.060586	96	   10	    A+   
     220    5    2    3        8415.174467	500	   1	    C   
     032    5    2    3       11562.525054	2499	   1	    C   
     012    5    2    3        8914.652853	161	   15	    A+   
     112    5    2    3       11620.091567	999	   1	    C   
     101    5    2    3        6712.871491	22	   48	    A+   
     022    5    2    3       10269.950023	475	   15	    A+   
     003    5    2    3       10922.929460	320	   13	    A+   
     023    5    2    3       13582.795621	110	   19	    A+   
     501    5    2    3       16755.605254	275	   3	    B+   
     024    5    2    3       16757.794893	66	   6	    A+   
     004    5    2    3       14140.969489	43	   15	    A+   
     313    5    2    3       20044.325009	241	   2	    B-   
     011    5    2    3        5397.854110	23	   25	    A+   
     302    5    2    3       15379.166009	26	   4	    B+   
     040    5    2    3        5768.637862	675	   5	    B-   
     050    5    2    3        7080.103109	40	   7	    A+   
     310    5    2    3        9591.483780	227	   14	    A+   
     005    5    2    3       17203.554524	29	   15	    A+   
     230    5    2    3        9740.611231	456	   8	    A+   
     202    5    2    3       12846.694556	2055	   2	    B-   
     121    5    2    3        9474.370382	286	   6	    A+   
     051    5    2    3       10675.117628	999	   1	    C   
     020    5    2    3        3105.664139	20	   37	    A+   
     212    5    2    3       14189.133497	1819	   2	    B-   
     030    5    2    3        4474.436005	129	   13	    A+   
     042    5    2    3       12866.087863	2499	   1	    C   
     300    5    2    3        8206.261177	174	   10	    A+   
     007    5    2    3       22901.896399	397	   2	    B+   
     500    5    2    3       13044.773400	171	   18	    A+   
     221    5    2    3       12026.421148	2163	   2	    B-   
     013    5    2    3       12268.768639	14	   20	    A+   
     311    5    2    3       13215.931998	2237	   2	    B-   
     122    5    2    3       12956.496798	1897	   2	    B-   
     201    5    2    3        9335.051001	230	   6	    A+   
     113    5    2    3       14958.913367	405	   1	    C   
     000    5    2    3         303.994805	8	   560	    A+   
     010    5    2    3        1716.695923	12	   65	    A+   
     106    5    2    3       22730.462417	500	   1	    C   
     510    5    2    3       14430.941728	2499	   1	    C   
     200    5    2    3        5657.701506	31	   12	    A+   
     105    5    2    3       19864.087067	140	   1	    C   
     400    5    2    3       10663.208639	588	   3	    B-   
     401    5    2    3       14306.055554	2499	   1	    C   
     031    5    2    3        8124.381687	274	   4	    B-   
     102    5    2    3       10235.581793	466	   18	    A+   
     041    5    2    3        9396.948809	2499	   1	    C   
     150    5    2    3        9838.984997	1649	   4	    B+   
     103    5    2    3       13621.602199	172	   20	    A+   
     111    5    2    3        8074.849783	248	   6	    A-   
     021    5    2    3        6767.979658	36	   27	    A+   
     002    5    2    3        7545.854831	18	   12	    A-   
     100    5    2    3        3023.309383	79	   20	    A+   
     301    5    2    3       11867.817315	1767	   2	    B-   
     006    5    2    3       20116.811729	112	   7	    A+   
     015    5    2    3       18499.053793	143	   8	    A+   
     120    5    2    3        5834.808352	53	   5	    B+   
     104    5    2    3       16823.130066	225	   2	    B+   
     410    5    2    3       12054.240598	1548	   4	    B-   
     110    5    2    3        4417.772981	119	   13	    A+   
     201    5    3    3        9399.580288	308	   5	    B+   
     102    5    3    3       10297.842799	506	   15	    A+   
     020    5    3    3        3196.514913	23	   36	    A+   
     022    5    3    3       10342.311229	779	   9	    A+   
     014    5    3    3       15516.443968	186	   5	    B+   
     310    5    3    3        9666.814829	243	   14	    A+   
     006    5    3    3       20154.771027	76	   3	    B-   
     005    5    3    3       17246.458265	49	   14	    A+   
     121    5    3    3        9568.936727	395	   6	    A+   
     110    5    3    3        4500.133075	89	   14	    A+   
     230    5    3    3        9874.798631	1539	   3	    B+   
     002    5    3    3        7604.456862	23	   11	    A-   
     000    5    3    3         373.665875	8	   537	    A+   
     301    5    3    3       11932.433667	2499	   1	    C   
     030    5    3    3        4577.686586	103	   18	    A+   
     500    5    3    3       13112.791613	314	   16	    A+   
     100    5    3    3        3092.956168	63	   22	    A+   
     311    5    3    3       13289.123227	1492	   3	    B-   
     101    5    3    3        6777.891168	22	   47	    A+   
     070    5    3    3        9821.804890	1419	   5	    B-   
     112    5    3    3       11695.220949	999	   1	    C   
     122    5    3    3       13038.414523	2033	   4	    B-   
     007    5    3    3       22935.749954	294	   3	    B+   
     041    5    3    3        9502.022371	1556	   3	    B-   
     111    5    3    3        8155.500933	456	   3	    B-   
     410    5    3    3       12120.702797	1820	   2	    B-   
     010    5    3    3        1795.788101	12	   64	    A+   
     032    5    3    3       11642.628925	2499	   1	    C   
     210    5    3    3        7125.593747	25	   23	    A+   
     004    5    3    3       14188.998564	16	   23	    A+   
     003    5    3    3       10976.169400	318	   14	    A+   
     202    5    3    3       12911.396829	1327	   4	    B-   
     001    5    3    3        4071.152459	82	   14	    A+   
     600    5    3    3       15405.981820	390	   2	    B+   
     023    5    3    3       13646.511666	196	   20	    A+   
     012    5    3    3        8980.884363	201	   10	    A+   
     300    5    3    3        8274.773827	193	   7	    A-   
     011    5    3    3        5470.488727	20	   23	    A+   
     400    5    3    3       10733.069078	931	   3	    B-   
     015    5    3    3       18547.162435	124	   5	    B+   
     031    5    3    3        8214.977098	337	   4	    B-   
     024    5    3    3       16817.557013	129	   6	    A+   
     013    5    3    3       12328.765811	26	   23	    A+   
     200    5    3    3        5726.693480	32	   11	    A+   
     103    5    3    3       13679.887454	342	   16	    A+   
     021    5    3    3        6850.587344	38	   30	    A+   
     120    5    3    3        5944.696642	38	   6	    A+   
     150    5    3    3        9984.153249	2499	   1	    C   
     201    5    3    2        9400.353851	232	   5	    B+   
     002    5    3    2        7605.570581	26	   9	    A-   
     012    5    3    2        8981.993051	172	   12	    A+   
     300    5    3    2        8275.369184	199	   10	    A-   
     410    5    3    2       12121.105201	2164	   5	    B+   
     104    5    3    2       16873.617655	180	   2	    B+   
     210    5    3    2        7126.342624	33	   21	    A+   
     103    5    3    2       13681.184457	417	   15	    A+   
     500    5    3    2       13113.286575	367	   15	    A+   
     010    5    3    2        1796.515925	11	   63	    A+   
     007    5    3    2       22938.708816	264	   3	    B+   
     100    5    3    2        3093.645500	46	   20	    A+   
     006    5    3    2       20157.289149	107	   3	    B-   
     102    5    3    2       10298.879712	528	   14	    A+   
     150    5    3    2        9984.467474	2499	   1	    C   
     000    5    3    2         374.409978	8	   525	    A+   
     311    5    3    2       13289.880224	1800	   2	    B-   
     070    5    3    2        9822.167217	1618	   3	    B+   
     022    5    3    2       10343.366128	702	   10	    A+   
     020    5    3    2        3197.186082	23	   33	    A+   
     011    5    3    2        5471.385660	22	   27	    A+   
     021    5    3    2        6851.425891	26	   35	    A+   
     301    5    3    2       11933.100347	2499	   1	    C   
     110    5    3    2        4500.828255	126	   14	    A+   
     041    5    3    2        9502.807524	2345	   2	    B-   
     400    5    3    2       10733.631161	950	   4	    B-   
     013    5    3    2       12330.179543	379	   19	    A+   
     014    5    3    2       15518.136074	140	   6	    A+   
     600    5    3    2       15406.432947	4997	   1	    C   
     121    5    3    2        9569.620543	347	   7	    A+   
     510    5    3    2       14503.604610	2499	   1	    C   
     031    5    3    2        8215.412245	362	   3	    B-   
     122    5    3    2       13038.455792	2002	   2	    B-   
     221    5    3    2       12142.554442	1774	   2	    B-   
     202    5    3    2       12912.356610	1194	   6	    A-   
     200    5    3    2        5727.344095	40	   10	    A+   
     230    5    3    2        9875.222603	1726	   4	    B+   
     024    5    3    2       16819.585365	223	   7	    A+   
     111    5    3    2        8156.354632	308	   8	    A+   
     120    5    3    2        5945.205778	31	   7	    A+   
     113    5    3    2       15022.836075	300	   1	    C   
     005    5    3    2       17248.513223	107	   12	    A+   
     030    5    3    2        4578.272258	110	   15	    A+   
     003    5    3    2       10977.534698	416	   8	    A+   
     001    5    3    2        4072.061914	94	   12	    A+   
     015    5    3    2       18549.285309	103	   5	    B+   
     101    5    3    2        6778.734385	22	   51	    A+   
     310    5    3    2        9667.554769	229	   13	    A+   
     023    5    3    2       13647.791424	178	   21	    A+   
     004    5    3    2       14190.676149	20	   20	    A+   
     103    5    4    2       13779.107843	1219	   8	    A+   
     200    5    4    2        5831.522750	32	   10	    A+   
     042    5    4    2       13168.848071	1496	   3	    B-   
     004    5    4    2       14269.571298	100	   19	    A+   
     410    5    4    2       12226.494938	1400	   4	    B-   
     021    5    4    2        6975.825887	31	   30	    A+   
     300    5    4    2        8378.612761	271	   4	    B-   
     500    5    4    2       13215.121755	512	   11	    A+   
     120    5    4    2        6115.153757	121	   5	    B+   
     113    5    4    2       15126.316197	345	   1	    C   
     005    5    4    2       17320.999591	30	   11	    A+   
     012    5    4    2        9084.730880	362	   9	    A+   
     031    5    4    2        8354.200805	390	   5	    B-   
     010    5    4    2        1915.187645	15	   38	    A+   
     020    5    4    2        3331.428222	23	   30	    A+   
     000    5    4    2         480.242637	8	   404	    A+   
     210    5    4    2        7243.251469	99	   16	    A+   
     102    5    4    2       10392.796912	783	   10	    A+   
     001    5    4    2        4170.928670	109	   8	    A+   
     201    5    4    2        9498.629147	359	   4	    B+   
     041    5    4    2        9720.226366	710	   6	    A+   
     106    5    4    2       22837.785656	500	   1	    C   
     024    5    4    2       16914.506710	1297	   4	    B+   
     040    5    4    2        6020.429981	440	   2	    B-   
     022    5    4    2       10456.917006	994	   6	    A+   
     310    5    4    2        9781.879304	355	   9	    A+   
     030    5    4    2        4730.494225	147	   10	    A+   
     202    5    4    2       13005.045870	1397	   4	    B-   
     100    5    4    2        3198.903045	112	   15	    A+   
     025    5    4    2       19915.371466	420	   1	    C   
     311    5    4    2       13400.399181	2499	   1	    C   
     002    5    4    2        7697.611022	27	   9	    A+   
     400    5    4    2       10836.820068	882	   3	    B-   
     023    5    4    2       13741.862156	372	   14	    A+   
     014    5    4    2       15605.766166	51	   4	    B+   
     111    5    4    2        8271.067694	47	   5	    B+   
     015    5    4    2       18629.622330	679	   5	    B+   
     110    5    4    2        4620.414934	119	   11	    A+   
     301    5    4    2       12031.231624	2040	   2	    B-   
     101    5    4    2        6877.782032	25	   38	    A+   
     011    5    4    2        5582.030955	25	   17	    A+   
     006    5    4    2       20223.513859	193	   3	    B-   
     141    5    4    2       12423.092353	105	   7	    A+   
     230    5    4    2       10004.292279	1167	   6	    A+   
     013    5    4    2       12425.342774	29	   13	    A+   
     121    5    4    2        9642.649104	1181	   4	    B+   
     061    5    4    2       12330.062600	101	   15	    A+   
     003    5    4    2       11062.913319	436	   8	    A+   
     101    5    4    1        6877.801727	27	   38	    A+   
     104    5    4    1       16955.826649	240	   1	    C   
     023    5    4    1       13741.883130	296	   15	    A+   
     042    5    4    1       13169.031058	1472	   3	    B-   
     040    5    4    1        6020.438737	250	   1	    C   
     005    5    4    1       17321.078552	107	   10	    A+   
     202    5    4    1       13005.061286	2584	   2	    B-   
     015    5    4    1       18629.694431	302	   5	    B+   
     201    5    4    1        9498.645434	350	   3	    B+   
     024    5    4    1       16914.576804	182	   3	    B+   
     113    5    4    1       15126.316923	345	   1	    C   
     031    5    4    1        8354.260967	336	   4	    B-   
     011    5    4    1        5582.051216	28	   19	    A+   
     004    5    4    1       14269.631317	282	   15	    A+   
     111    5    4    1        8271.075446	291	   7	    A+   
     030    5    4    1        4730.504119	171	   8	    A+   
     311    5    4    1       13400.241830	1937	   2	    B-   
     000    5    4    1         480.258866	8	   386	    A+   
     102    5    4    1       10392.820431	716	   10	    A+   
     025    5    4    1       19915.355237	420	   1	    C   
     230    5    4    1       10004.298979	1385	   4	    B+   
     020    5    4    1        3331.441173	24	   28	    A+   
     100    5    4    1        3198.917130	82	   16	    A+   
     301    5    4    1       12031.266264	2418	   2	    B-   
     002    5    4    1        7697.640605	27	   9	    A+   
     110    5    4    1        4620.428474	128	   11	    A+   
     001    5    4    1        4170.950505	122	   7	    A+   
     041    5    4    1        9720.291816	428	   7	    A+   
     121    5    4    1        9642.667837	490	   2	    B+   
     310    5    4    1        9781.890632	462	   12	    A+   
     022    5    4    1       10456.935087	1130	   8	    A+   
     014    5    4    1       15605.818660	28	   4	    B+   
     010    5    4    1        1915.202775	16	   43	    A+   
     400    5    4    1       10836.825864	769	   4	    B-   
     021    5    4    1        6975.842227	93	   26	    A+   
     200    5    4    1        5831.535974	43	   9	    A+   
     410    5    4    1       12226.493466	1422	   4	    B-   
     500    5    4    1       13215.119949	964	   10	    A+   
     210    5    4    1        7243.264493	45	   21	    A+   
     103    5    4    1       13779.142233	44	   8	    A+   
     141    5    4    1       12423.150932	46	   5	    B+   
     300    5    4    1        8378.625326	257	   5	    B-   
     006    5    4    1       20223.614294	399	   3	    B-   
     013    5    4    1       12425.386323	50	   11	    A+   
     120    5    4    1        6115.160020	314	   3	    B+   
     012    5    4    1        9084.757584	274	   9	    A+   
     003    5    4    1       11062.951573	413	   10	    A+   
     102    5    5    1       10512.098761	1153	   6	    A+   
     007    5    5    1       23080.088405	151	   1	    C   
     015    5    5    1       18734.062720	46	   4	    B+   
     101    5    5    1        7004.577983	32	   21	    A+   
     120    5    5    1        6191.450405	250	   1	    C   
     410    5    5    1       12374.392414	2141	   2	    B-   
     033    5    5    1       15265.745905	126	   1	    C   
     104    5    5    1       17031.802906	62	   2	    B+   
     031    5    5    1        8530.647963	522	   4	    B-   
     013    5    5    1       12547.418504	28	   15	    A+   
     301    5    5    1       12157.067130	2094	   2	    B-   
     001    5    5    1        4298.014663	125	   8	    A+   
     121    5    5    1        9806.414452	491	   2	    B+   
     111    5    5    1        8413.653025	452	   3	    B-   
     300    5    5    1        8510.956975	312	   4	    B+   
     003    5    5    1       11173.399594	525	   5	    B+   
     310    5    5    1        9928.036539	354	   7	    A+   
     023    5    5    1       13910.767805	42	   6	    A+   
     002    5    5    1        7816.270990	46	   5	    B+   
     112    5    5    1       11977.286405	1000	   1	    C   
     110    5    5    1        4771.002452	126	   9	    A+   
     042    5    5    1       13342.150405	2499	   1	    C   
     006    5    5    1       20310.729405	48	   1	    C   
     010    5    5    1        2066.304024	27	   30	    A+   
     022    5    5    1       10602.667489	664	   7	    A+   
     011    5    5    1        5723.271454	38	   8	    A+   
     025    5    5    1       20028.223005	225	   1	    C   
     014    5    5    1       15718.973799	29	   3	    B+   
     000    5    5    1         615.968630	15	   245	    A+   
     500    5    5    1       13345.968881	348	   7	    A+   
     100    5    5    1        3333.710593	92	   11	    A+   
     220    5    5    1        8800.983805	500	   1	    C   
     020    5    5    1        3500.868219	88	   15	    A+   
     151    5    5    1       13911.536205	2499	   1	    C   
     230    5    5    1       10195.076705	2499	   1	    C   
     202    5    5    1       13123.420623	2499	   1	    C   
     030    5    5    1        4921.427096	423	   5	    B+   
     200    5    5    1        5965.141264	40	   9	    A+   
     311    5    5    1       13540.235405	2499	   1	    C   
     103    5    5    1       13856.351005	126	   8	    A+   
     005    5    5    1       17415.785848	80	   8	    A+   
     400    5    5    1       10968.912000	752	   3	    B+   
     004    5    5    1       14372.119013	25	   13	    A+   
     041    5    5    1        9916.232396	1591	   3	    B-   
     021    5    5    1        7133.570593	181	   14	    A+   
     012    5    5    1        9216.301200	291	   3	    B-   
     210    5    5    1        7391.515606	53	   13	    A+   
     201    5    5    1        9624.673067	821	   3	    B+   
     005    5    5    0       17415.785701	61	   6	    A+   
     201    5    5    0        9624.682428	846	   3	    B+   
     200    5    5    0        5965.141321	46	   9	    A+   
     120    5    5    0        6191.450230	250	   1	    C   
     202    5    5    0       13123.419897	2499	   1	    C   
     210    5    5    0        7391.515068	48	   10	    A+   
     104    5    5    0       17031.802731	62	   2	    B+   
     001    5    5    0        4298.014523	131	   8	    A+   
     110    5    5    0        4771.002207	130	   9	    A+   
     013    5    5    0       12547.418327	27	   14	    A+   
     000    5    5    0         615.968805	16	   248	    A+   
     030    5    5    0        4921.426839	434	   5	    B+   
     025    5    5    0       20028.222830	225	   1	    C   
     100    5    5    0        3333.710509	125	   13	    A+   
     410    5    5    0       12374.391963	2125	   2	    B-   
     010    5    5    0        2066.303869	27	   30	    A+   
     020    5    5    0        3500.867737	53	   15	    A+   
     111    5    5    0        8413.653717	523	   3	    B-   
     230    5    5    0       10195.076530	2499	   1	    C   
     014    5    5    0       15718.973626	28	   3	    B+   
     012    5    5    0        9216.301708	288	   7	    A+   
     311    5    5    0       13540.235230	2499	   1	    C   
     007    5    5    0       23080.088286	146	   2	    B+   
     121    5    5    0        9806.414277	491	   2	    B+   
     300    5    5    0        8510.957046	326	   3	    B-   
     002    5    5    0        7816.270903	48	   5	    B+   
     011    5    5    0        5723.271318	40	   7	    A+   
     102    5    5    0       10512.101644	1209	   6	    A+   
     023    5    5    0       13910.767630	42	   6	    A+   
     500    5    5    0       13345.968838	326	   7	    A+   
     103    5    5    0       13856.350293	87	   8	    A+   
     112    5    5    0       11977.286230	1000	   1	    C   
     151    5    5    0       13911.536030	2499	   1	    C   
     041    5    5    0        9916.237147	1565	   3	    B-   
     220    5    5    0        8800.983630	500	   1	    C   
     033    5    5    0       15265.745730	126	   1	    C   
     101    5    5    0        7004.578098	47	   20	    A+   
     400    5    5    0       10968.912135	734	   3	    B+   
     021    5    5    0        7133.570732	233	   13	    A+   
     015    5    5    0       18734.062545	47	   4	    B+   
     042    5    5    0       13342.150230	2499	   1	    C   
     006    5    5    0       20310.729230	47	   1	    C   
     003    5    5    0       11173.399571	527	   5	    B+   
     301    5    5    0       12157.074881	1833	   2	    B-   
     004    5    5    0       14372.119236	72	   14	    A+   
     022    5    5    0       10602.667270	652	   7	    A+   
     031    5    5    0        8530.648280	618	   3	    B-   
     310    5    5    0        9928.037591	314	   7	    A+   
     106    6    0    6       22733.385521	456	   3	    B+   
     121    6    0    6        9457.508911	279	   5	    B+   
     007    6    0    6       22906.256542	193	   3	    B+   
     142    6    0    6       15456.345831	21	   4	    B+   
     014    6    0    6       15459.665923	21	   10	    A+   
     500    6    0    6       13047.731862	260	   11	    A+   
     221    6    0    6       11997.378626	2499	   1	    C   
     410    6    0    6       12044.366461	1982	   2	    B-   
     330    6    0    6       12250.711394	2536	   2	    B-   
     170    6    0    6       12073.870926	2499	   1	    C   
     400    6    0    6       10666.388011	519	   4	    B-   
     000    6    0    6         306.314747	10	   447	    A+   
     211    6    0    6       10695.405769	1000	   1	    C   
     122    6    0    6       12940.977226	2499	   1	    C   
     040    6    0    6        5727.461886	578	   5	    B-   
     202    6    0    6       12858.295777	1275	   4	    B-   
     024    6    0    6       16747.685316	87	   6	    A+   
     022    6    0    6       10231.957709	508	   16	    A+   
     311    6    0    6       13206.455827	1491	   3	    B-   
     023    6    0    6       13573.516735	25	   15	    A+   
     110    6    0    6        4403.227609	167	   12	    A+   
     102    6    0    6       10263.998373	557	   15	    A+   
     020    6    0    6        3089.125537	27	   30	    A+   
     101    6    0    6        6713.869258	28	   42	    A+   
     003    6    0    6       10927.194317	328	   15	    A+   
     120    6    0    6        5810.689646	39	   12	    A+   
     030    6    0    6        4451.758910	115	   14	    A+   
     103    6    0    6       13623.117180	168	   14	    A+   
     021    6    0    6        6754.889644	27	   32	    A+   
     300    6    0    6        8208.765985	229	   8	    A+   
     032    6    0    6       11542.104695	1797	   2	    B-   
     210    6    0    6        7043.661555	26	   20	    A+   
     050    6    0    6        7000.178313	249	   3	    B+   
     005    6    0    6       17207.930719	33	   10	    A+   
     011    6    0    6        5392.498046	21	   23	    A+   
     015    6    0    6       18496.171484	254	   6	    A+   
     004    6    0    6       14145.358455	35	   15	    A+   
     111    6    0    6        8109.773849	265	   4	    B-   
     100    6    0    6        3024.892666	34	   20	    A+   
     010    6    0    6        1709.971371	13	   60	    A+   
     201    6    0    6        9334.645256	425	   5	    B+   
     001    6    0    6        4010.282690	88	   14	    A+   
     060    6    0    6        8230.525769	393	   3	    B-   
     230    6    0    6        9791.629745	483	   6	    A+   
     002    6    0    6        7549.731267	29	   6	    A-   
     012    6    0    6        8910.408707	223	   8	    A+   
     200    6    0    6        5659.769641	34	   11	    A+   
     070    6    0    6        9398.147426	2499	   1	    C   
     112    6    0    6       11611.459126	1000	   1	    C   
     033    6    0    6       14859.890926	720	   1	    C   
     105    6    0    6       19867.669926	195	   1	    C   
     310    6    0    6        9583.054702	255	   10	    A+   
     212    6    0    6       14177.885595	2499	   1	    C   
     150    6    0    6        9677.773670	1248	   5	    B-   
     006    6    0    6       20121.046823	23	   4	    B+   
     080    6    0    6       10437.028776	1775	   2	    B-   
     013    6    0    6       12265.314046	338	   16	    A+   
     104    6    0    6       16826.279333	2940	   3	    B-   
     113    6    0    6       14952.377726	195	   1	    C   
     132    6    0    6       14256.895226	2499	   1	    C   
     301    6    0    6       11870.514326	2499	   1	    C   
     600    6    0    6       15341.365669	474	   3	    B-   
     031    6    0    6        8056.386799	352	   6	    A+   
     130    6    0    6        7153.325996	508	   4	    B-   
     230    6    1    6        9800.232076	348	   6	    A+   
     500    6    1    6       13050.417462	580	   13	    A+   
     210    6    1    6        7047.682163	30	   18	    A+   
     032    6    1    6       11545.027988	1771	   2	    B-   
     202    6    1    6       12860.077963	1180	   5	    B-   
     040    6    1    6        5734.485052	623	   4	    B-   
     005    6    1    6       17208.496939	19	   14	    A+   
     050    6    1    6        7011.753880	41	   7	    A+   
     024    6    1    6       16748.676667	131	   6	    A+   
     015    6    1    6       18496.925282	74	   7	    A+   
     070    6    1    6        9444.872322	305	   5	    B+   
     000    6    1    6         308.615692	8	   498	    A+   
     022    6    1    6       10233.838614	479	   17	    A+   
     004    6    1    6       14146.126185	35	   16	    A+   
     041    6    1    6        9358.703610	375	   4	    B+   
     410    6    1    6       12047.668695	1294	   4	    B-   
     021    6    1    6        6757.671178	34	   27	    A+   
     010    6    1    6        1712.823787	12	   56	    A+   
     011    6    1    6        5394.743040	19	   24	    A+   
     111    6    1    6        8112.772545	382	   5	    B+   
     311    6    1    6       13209.061693	1597	   3	    B-   
     330    6    1    6       12260.604516	1846	   2	    B-   
     023    6    1    6       13575.116103	29	   16	    A+   
     201    6    1    6        9337.683029	289	   5	    B+   
     150    6    1    6        9694.063395	483	   6	    A+   
     106    6    1    6       22733.831882	471	   4	    B+   
     002    6    1    6        7551.133625	23	   9	    A-   
     112    6    1    6       11613.493779	925	   2	    B-   
     110    6    1    6        4407.015150	138	   17	    A+   
     0110    6    1    6       14150.213514	165	   2	    B+   
     400    6    1    6       10669.219746	729	   3	    B-   
     012    6    1    6        8912.134220	191	   9	    A+   
     014    6    1    6       15459.903506	36	   10	    A+   
     200    6    1    6        5662.214017	32	   7	    A+   
     102    6    1    6       10265.797831	527	   15	    A+   
     300    6    1    6        8211.272574	248	   6	    A+   
     020    6    1    6        3092.810563	22	   36	    A+   
     122    6    1    6       12943.848794	2125	   2	    B-   
     105    6    1    6       19868.115795	140	   1	    C   
     600    6    1    6       15344.282326	210	   1	    C   
     101    6    1    6        6715.899695	24	   42	    A+   
     220    6    1    6        8392.724769	500	   1	    C   
     120    6    1    6        5815.334973	35	   8	    A+   
     310    6    1    6        9586.100370	251	   10	    A+   
     006    6    1    6       20121.448603	91	   3	    B+   
     142    6    1    6       15467.779664	75	   3	    B+   
     103    6    1    6       13624.288263	160	   16	    A+   
     030    6    1    6        4456.082391	125	   11	    A+   
     211    6    1    6       10698.536729	714	   2	    B-   
     113    6    1    6       14953.793095	165	   1	    C   
     510    6    1    6       14430.770669	2499	   1	    C   
     104    6    1    6       16826.997526	345	   1	    C   
     013    6    1    6       12266.615049	174	   18	    A+   
     132    6    1    6       14260.322795	2499	   1	    C   
     121    6    1    6        9463.354553	299	   4	    B+   
     301    6    1    6       11873.406011	1915	   2	    B-   
     001    6    1    6        4012.097306	104	   10	    A+   
     003    6    1    6       10928.257529	340	   11	    A+   
     100    6    1    6        3027.302629	35	   24	    A+   
     401    6    1    6       14309.178926	2499	   1	    C   
     031    6    1    6        8059.898099	311	   4	    B-   
     007    6    1    6       22906.498525	198	   4	    B+   
     220    6    1    5        8455.819854	500	   1	    C   
     110    6    1    5        4467.745265	164	   10	    A+   
     120    6    1    5        5878.116254	250	   1	    C   
     142    6    1    5       15536.894258	262	   5	    B+   
     410    6    1    5       12101.165623	1543	   3	    B-   
     031    6    1    5        8124.550930	290	   4	    B-   
     300    6    1    5        8260.765356	259	   6	    A+   
     202    6    1    5       12915.355059	2021	   2	    B-   
     004    6    1    5       14203.146743	21	   18	    A+   
     002    6    1    5        7606.818729	26	   8	    A-   
     032    6    1    5       11612.725795	2589	   2	    B-   
     030    6    1    5        4519.117107	111	   15	    A+   
     000    6    1    5         362.507200	10	   474	    A+   
     014    6    1    5       15521.982675	21	   7	    A+   
     200    6    1    5        5713.423750	27	   13	    A+   
     040    6    1    5        5803.507084	609	   3	    B-   
     400    6    1    5       10715.813900	795	   2	    B-   
     310    6    1    5        9640.836879	288	   7	    A+   
     005    6    1    5       17265.894235	34	   18	    A+   
     051    6    1    5       10724.423546	999	   1	    C   
     111    6    1    5        8174.916759	300	   3	    B-   
     150    6    1    5        9764.276257	1337	   4	    B-   
     103    6    1    5       13681.214665	169	   10	    A+   
     025    6    1    5       19828.313354	300	   1	    C   
     311    6    1    5       13265.827142	1834	   2	    B-   
     112    6    1    5       11674.778754	999	   1	    C   
     106    6    1    5       22791.095794	500	   1	    C   
     020    6    1    5        3154.964924	22	   35	    A+   
     050    6    1    5        7082.942974	41	   3	    B+   
     012    6    1    5        8972.495448	160	   11	    A+   
     100    6    1    5        3080.224767	35	   20	    A+   
     210    6    1    5        7106.829535	136	   13	    A+   
     212    6    1    5       14236.964454	2499	   1	    C   
     500    6    1    5       13096.380611	499	   12	    A+   
     006    6    1    5       20178.996362	169	   2	    B-   
     001    6    1    5        4066.937116	89	   13	    A+   
     201    6    1    5        9391.567293	260	   4	    B-   
     022    6    1    5       10325.958099	640	   10	    A+   
     510    6    1    5       14480.897837	2323	   2	    B-   
     013    6    1    5       12327.870722	23	   17	    A+   
     010    6    1    5        1771.123328	12	   63	    A+   
     015    6    1    5       18559.320810	37	   7	    A+   
     003    6    1    5       10984.690387	332	   13	    A+   
     024    6    1    5       16814.961600	173	   5	    B+   
     320    6    1    5       10983.495350	1348	   2	    B-   
     070    6    1    5        9534.686203	431	   3	    B+   
     101    6    1    5        6770.715189	25	   40	    A+   
     007    6    1    5       22963.825512	349	   3	    B+   
     330    6    1    5       12326.298276	59	   6	    A+   
     230    6    1    5        9866.479065	1543	   4	    B-   
     113    6    1    5       15015.039054	150	   1	    C   
     121    6    1    5        9516.883653	558	   4	    B+   
     221    6    1    5       12069.133291	2050	   2	    B-   
     023    6    1    5       13639.408780	39	   17	    A+   
     011    6    1    5        5454.136781	20	   28	    A+   
     102    6    1    5       10293.151217	574	   14	    A+   
     021    6    1    5        6820.260107	32	   24	    A+   
     301    6    1    5       11923.071354	2499	   1	    C   
     110    6    2    5        4497.321138	112	   12	    A+   
     400    6    2    5       10739.783631	715	   3	    B-   
     200    6    2    5        5736.174103	31	   9	    A+   
     122    6    2    5       13033.789954	1575	   3	    B-   
     014    6    2    5       15535.224603	19	   8	    A+   
     210    6    2    5        7123.106116	43	   22	    A+   
     501    6    2    5       16828.882294	312	   3	    B+   
     105    6    2    5       19934.550306	781	   2	    B-   
     050    6    2    5        7161.879137	433	   6	    A+   
     041    6    2    5        9474.678647	2499	   1	    C   
     015    6    2    5       18569.773627	24	   5	    B+   
     020    6    2    5        3186.626275	23	   41	    A+   
     024    6    2    5       16830.611700	80	   4	    B+   
     150    6    2    5        9921.938731	1673	   4	    B-   
     003    6    2    5       10998.352062	467	   5	    B+   
     310    6    2    5        9666.348418	208	   16	    A+   
     011    6    2    5        5476.819523	23	   24	    A+   
     007    6    2    5       22969.316221	185	   2	    B+   
     010    6    2    5        1797.446299	12	   68	    A+   
     221    6    2    5       12103.539938	2052	   2	    B-   
     040    6    2    5        5849.546679	833	   4	    B-   
     420    6    2    5       13478.777530	2499	   1	    C   
     030    6    2    5        4555.953729	122	   13	    A+   
     004    6    2    5       14214.391324	37	   19	    A+   
     300    6    2    5        8283.604357	228	   9	    A+   
     001    6    2    5        4086.223991	95	   12	    A+   
     006    6    2    5       20186.003037	102	   2	    B-   
     042    6    2    5       12941.181930	2499	   1	    C   
     070    6    2    5        9682.608937	477	   8	    A+   
     100    6    2    5        3102.966733	32	   27	    A+   
     104    6    2    5       16895.209146	225	   1	    C   
     013    6    2    5       12343.857554	26	   14	    A+   
     120    6    2    5        5916.209794	44	   10	    A+   
     000    6    2    5         384.875565	8	   527	    A+   
     510    6    2    5       14505.243209	1891	   2	    B-   
     022    6    2    5       10346.953217	527	   16	    A+   
     121    6    2    5        9554.204637	482	   3	    B+   
     032    6    2    5       11639.292483	2420	   2	    B-   
     103    6    2    5       13696.238048	121	   21	    A+   
     201    6    2    5        9411.947428	258	   6	    A+   
     005    6    2    5       17274.879058	26	   9	    A+   
     230    6    2    5        9820.333229	466	   5	    B+   
     031    6    2    5        8204.051423	300	   4	    B+   
     002    6    2    5        7623.199512	21	   9	    A-   
     113    6    2    5       15032.140330	600	   1	    C   
     311    6    2    5       13291.232201	2146	   2	    B-   
     102    6    2    5       10311.934814	483	   18	    A+   
     106    6    2    5       22798.426443	238	   2	    B+   
     600    6    2    5       15412.196072	345	   1	    C   
     301    6    2    5       11943.658742	1917	   2	    B-   
     112    6    2    5       11696.805901	764	   2	    B-   
     500    6    2    5       13119.888395	730	   13	    A+   
     023    6    2    5       13657.628623	26	   18	    A+   
     202    6    2    5       12923.205185	1456	   3	    B-   
     410    6    2    5       12130.138432	1411	   5	    B-   
     101    6    2    5        6790.900252	23	   41	    A+   
     111    6    2    5        8153.092597	260	   5	    B-   
     021    6    2    5        6847.133784	30	   29	    A+   
     012    6    2    5        8991.712496	161	   11	    A-   
     311    6    2    4       13310.209305	2499	   1	    C   
     122    6    2    4       13057.668785	1814	   2	    B-   
     104    6    2    4       16920.401013	225	   2	    B+   
     004    6    2    4       14239.763869	22	   22	    A+   
     121    6    2    4        9574.041489	357	   5	    B+   
     014    6    2    4       15562.213650	44	   8	    A+   
     031    6    2    4        8222.990085	443	   2	    B-   
     020    6    2    4        3206.336104	31	   30	    A+   
     102    6    2    4       10333.798706	494	   16	    A+   
     071    6    2    4       13256.810195	2499	   1	    C   
     021    6    2    4        6868.417941	69	   31	    A+   
     200    6    2    4        5753.389428	35	   10	    A+   
     202    6    2    4       12944.650800	1860	   3	    B-   
     111    6    2    4        8174.106438	259	   7	    A-   
     030    6    2    4        4575.060133	204	   11	    A+   
     032    6    2    4       11662.742530	2499	   1	    C   
     006    6    2    4       20214.938537	646	   2	    B-   
     001    6    2    4        4106.477906	144	   4	    B+   
     103    6    2    4       13719.775908	53	   14	    A+   
     013    6    2    4       12368.774967	52	   18	    A+   
     400    6    2    4       10755.940286	905	   3	    B-   
     120    6    2    4        5934.753244	51	   7	    A+   
     011    6    2    4        5498.020303	22	   21	    A+   
     100    6    2    4        3120.983555	67	   23	    A+   
     007    6    2    4       22999.461465	149	   3	    B+   
     015    6    2    4       18598.730936	116	   4	    B+   
     112    6    2    4       11719.413185	1185	   2	    B-   
     022    6    2    4       10369.913628	637	   12	    A+   
     003    6    2    4       11021.976564	376	   8	    A+   
     300    6    2    4        8299.982088	239	   10	    A+   
     150    6    2    4        9938.002789	1620	   3	    B+   
     023    6    2    4       13682.625697	149	   20	    A+   
     041    6    2    4        9497.232658	1370	   4	    B-   
     201    6    2    4        9430.688505	256	   5	    B+   
     410    6    2    4       12148.361159	1325	   5	    B-   
     002    6    2    4        7645.106972	23	   9	    A-   
     310    6    2    4        9684.046577	245	   12	    A+   
     050    6    2    4        7179.203806	41	   5	    B+   
     000    6    2    4         403.549028	8	   478	    A+   
     230    6    2    4        9838.276872	404	   7	    A+   
     012    6    2    4        9014.758552	183	   13	    A+   
     500    6    2    4       13134.431416	247	   13	    A+   
     210    6    2    4        7141.520512	26	   20	    A+   
     010    6    2    4        1816.901054	12	   68	    A+   
     024    6    2    4       16857.727550	129	   5	    B+   
     221    6    2    4       12122.361382	1388	   4	    B-   
     080    6    2    4       10929.669032	715	   2	    B-   
     062    6    2    4       15465.123669	360	   1	    C   
     005    6    2    4       17302.044404	49	   16	    A+   
     301    6    2    4       11961.411000	1849	   2	    B-   
     101    6    2    4        6810.555052	23	   49	    A+   
     070    6    2    4        9696.749815	967	   7	    A+   
     110    6    2    4        4516.470158	150	   12	    A+   
     103    6    3    4       13771.976189	161	   15	    A+   
     022    6    3    4       10435.823796	791	   8	    A+   
     050    6    3    4        7316.302878	999	   1	    C   
     310    6    3    4        9755.677601	257	   13	    A+   
     121    6    3    4        9662.631831	360	   7	    A+   
     400    6    3    4       10820.123011	702	   3	    B-   
     004    6    3    4       14281.059203	17	   23	    A+   
     013    6    3    4       12421.792570	15	   21	    A+   
     300    6    3    4        8363.642797	262	   6	    A-   
     041    6    3    4        9595.397297	1480	   3	    B-   
     500    6    3    4       13197.793068	693	   14	    A+   
     002    6    3    4        7697.425131	24	   13	    A+   
     202    6    3    4       13001.053159	1369	   4	    B-   
     021    6    3    4        6944.697108	33	   26	    A+   
     120    6    3    4        6039.343146	59	   7	    A+   
     020    6    3    4        3291.071725	23	   39	    A+   
     200    6    3    4        5817.039304	27	   16	    A+   
     201    6    3    4        9489.493405	289	   5	    B+   
     003    6    3    4       11068.686601	355	   10	    A-   
     010    6    3    4        1889.976375	13	   55	    A+   
     111    6    3    4        8247.762016	261	   7	    A-   
     014    6    3    4       15609.127188	29	   8	    A+   
     410    6    3    4       12209.847918	592	   5	    B+   
     101    6    3    4        6869.793905	25	   49	    A+   
     007    6    3    4       23026.486759	404	   2	    B+   
     230    6    3    4        9967.795508	1596	   4	    B+   
     011    6    3    4        5564.289572	24	   18	    A+   
     104    6    3    4       16962.752805	4997	   1	    C   
     024    6    3    4       16910.519948	173	   5	    B+   
     301    6    3    4       12020.519966	1452	   3	    B-   
     113    6    3    4       15113.679175	240	   1	    C   
     030    6    3    4        4672.403356	124	   19	    A+   
     122    6    3    4       13131.479375	2499	   1	    C   
     015    6    3    4       18639.425417	93	   5	    B+   
     110    6    3    4        4592.657065	136	   13	    A+   
     023    6    3    4       13738.764921	88	   16	    A+   
     150    6    3    4       10078.599875	2499	   1	    C   
     311    6    3    4       13377.523892	1808	   2	    B-   
     112    6    3    4       11788.427775	999	   1	    C   
     100    6    3    4        3185.067144	50	   27	    A+   
     031    6    3    4        8309.141788	291	   3	    B-   
     210    6    3    4        7216.251849	30	   19	    A+   
     070    6    3    4        9914.689726	1949	   2	    B-   
     005    6    3    4       17338.062358	55	   13	    A+   
     001    6    3    4        4164.563666	90	   11	    A+   
     012    6    3    4        9074.299137	162	   12	    A+   
     102    6    3    4       10389.394630	566	   14	    A+   
     000    6    3    4         467.514545	8	   474	    A+   
     006    6    3    4       20245.937789	79	   3	    B-   
     024    6    3    3       16915.353730	410	   6	    A+   
     122    6    3    3       13133.514978	2499	   1	    C   
     013    6    3    3       12425.665217	36	   20	    A+   
     023    6    3    3       13742.360471	133	   17	    A+   
     120    6    3    3        6040.822720	95	   4	    B+   
     200    6    3    3        5818.919851	28	   14	    A+   
     011    6    3    3        5566.867770	19	   29	    A+   
     311    6    3    3       13379.733561	2182	   2	    B-   
     021    6    3    3        6947.117227	25	   21	    A+   
     210    6    3    3        7218.164950	27	   17	    A+   
     001    6    3    3        4167.171019	104	   10	    A+   
     510    6    3    3       14590.087448	2499	   1	    C   
     110    6    3    3        4594.672518	114	   13	    A+   
     103    6    3    3       13775.720494	134	   13	    A+   
     015    6    3    3       18645.171331	167	   6	    A+   
     010    6    3    3        1892.082976	12	   70	    A+   
     030    6    3    3        4674.108592	111	   17	    A+   
     031    6    3    3        8310.884197	357	   2	    B-   
     410    6    3    3       12211.429538	1617	   3	    B-   
     100    6    3    3        3187.141976	26	   29	    A+   
     022    6    3    3       10438.883156	570	   12	    A+   
     102    6    3    3       10392.337196	468	   17	    A+   
     202    6    3    3       13003.792485	1619	   3	    B-   
     070    6    3    3        9915.797903	1787	   2	    B-   
     121    6    3    3        9664.642228	378	   6	    A+   
     014    6    3    3       15613.802350	518	   6	    A+   
     310    6    3    3        9757.448028	225	   13	    A+   
     000    6    3    3         469.663610	8	   476	    A+   
     230    6    3    3        9969.056873	1448	   4	    B+   
     500    6    3    3       13199.219993	719	   14	    A+   
     201    6    3    3        9491.776035	361	   3	    B+   
     301    6    3    3       12022.592154	1767	   2	    B-   
     112    6    3    3       11791.167278	999	   1	    C   
     300    6    3    3        8365.150882	239	   7	    A-   
     020    6    3    3        3292.976020	22	   31	    A+   
     003    6    3    3       11072.521096	349	   10	    A+   
     041    6    3    3        9597.586442	2131	   2	    B-   
     002    6    3    3        7700.588296	20	   13	    A-   
     005    6    3    3       17343.654983	32	   14	    A+   
     151    6    3    3       13656.341865	1191	   5	    B-   
     111    6    3    3        8250.321451	248	   6	    A-   
     104    6    3    3       16967.171930	300	   1	    C   
     340    6    3    3       13774.809713	1768	   2	    B-   
     004    6    3    3       14285.696257	20	   24	    A+   
     006    6    3    3       20252.652753	137	   3	    B-   
     600    6    3    3       15490.547930	255	   1	    C   
     141    6    3    3       12340.955717	1010	   5	    B+   
     101    6    3    3        6872.063951	21	   48	    A+   
     400    6    3    3       10821.752067	628	   4	    B-   
     012    6    3    3        9077.459425	163	   12	    A-   
     221    6    3    3       12187.247878	2499	   1	    C   
     102    6    4    3       10484.046475	565	   13	    A+   
     103    6    4    3       13872.002247	264	   8	    A+   
     500    6    4    3       13299.822278	1001	   9	    A+   
     005    6    4    3       17412.929268	52	   12	    A+   
     210    6    4    3        7333.609727	50	   16	    A+   
     111    6    4    3        8362.960961	321	   3	    B-   
     202    6    4    3       13094.452607	1821	   2	    B-   
     041    6    4    3        9814.277237	353	   6	    A+   
     010    6    4    3        2009.146523	15	   51	    A+   
     023    6    4    3       13833.263255	451	   13	    A+   
     006    6    4    3       20315.238496	607	   3	    B-   
     000    6    4    3         573.890681	8	   406	    A+   
     410    6    4    3       12314.584881	1439	   4	    B-   
     100    6    4    3        3290.773003	81	   19	    A+   
     003    6    4    3       11155.464755	369	   10	    A+   
     120    6    4    3        6209.869665	38	   4	    B+   
     015    6    4    3       18722.226363	143	   4	    B+   
     200    6    4    3        5921.611618	25	   8	    A+   
     300    6    4    3        8466.959216	251	   5	    B-   
     002    6    4    3        7790.514693	23	   12	    A+   
     141    6    4    3       12516.867200	546	   7	    A+   
     110    6    4    3        4712.606089	150	   12	    A+   
     311    6    4    3       13488.642037	2499	   1	    C   
     013    6    4    3       12518.431061	39	   13	    A+   
     030    6    4    3        4825.007837	162	   10	    A+   
     024    6    4    3       17007.070873	178	   6	    A+   
     301    6    4    3       12119.127611	1781	   2	    B-   
     201    6    4    3        9588.353090	368	   6	    A+   
     020    6    4    3        3425.684877	25	   31	    A+   
     031    6    4    3        8448.392292	294	   3	    B-   
     310    6    4    3        9870.450776	289	   11	    A+   
     230    6    4    3       10095.216523	1446	   5	    B+   
     011    6    4    3        5675.662557	21	   21	    A+   
     400    6    4    3       10923.472254	999	   1	    C   
     004    6    4    3       14361.790677	27	   19	    A+   
     040    6    4    3        6112.967037	250	   1	    C   
     001    6    4    3        4264.198775	96	   12	    A+   
     121    6    4    3        9735.151354	2499	   1	    C   
     042    6    4    3       13262.693207	2117	   2	    B-   
     101    6    4    3        6969.311036	37	   43	    A+   
     012    6    4    3        9178.055866	196	   8	    A+   
     014    6    4    3       15698.562755	167	   6	    A+   
     021    6    4    3        7069.773581	85	   21	    A+   
     022    6    4    3       10550.527339	917	   5	    B+   
     102    6    4    2       10484.179481	549	   12	    A+   
     023    6    4    2       13833.435514	584	   16	    A+   
     121    6    4    2        9735.240466	2499	   1	    C   
     014    6    4    2       15698.821560	65	   6	    A+   
     310    6    4    2        9870.511657	288	   9	    A+   
     041    6    4    2        9814.558364	368	   5	    B+   
     410    6    4    2       12314.648582	1658	   3	    B-   
     006    6    4    2       20315.730618	406	   3	    B-   
     003    6    4    2       11155.662478	375	   11	    A+   
     230    6    4    2       10095.262150	1567	   3	    B+   
     210    6    4    2        7333.676533	30	   14	    A+   
     311    6    4    2       13488.508236	2142	   2	    B-   
     015    6    4    2       18722.592592	222	   5	    B+   
     011    6    4    2        5675.763694	32	   16	    A+   
     104    6    4    2       17047.201275	300	   1	    C   
     120    6    4    2        6209.906682	52	   2	    B+   
     201    6    4    2        9588.444921	418	   4	    B+   
     500    6    4    2       13299.859999	1152	   6	    A+   
     141    6    4    2       12517.178818	67	   11	    A+   
     013    6    4    2       12518.642596	68	   16	    A+   
     300    6    4    2        8467.019783	321	   5	    B-   
     200    6    4    2        5921.678175	31	   11	    A+   
     301    6    4    2       12119.158742	1947	   2	    B-   
     202    6    4    2       13094.562981	2499	   1	    C   
     020    6    4    2        3425.748549	66	   26	    A+   
     040    6    4    2        6113.026973	236	   2	    B-   
     012    6    4    2        9178.195210	250	   9	    A+   
     031    6    4    2        8448.736041	443	   3	    B-   
     000    6    4    2         573.970554	8	   396	    A+   
     100    6    4    2        3290.799820	30	   28	    A+   
     010    6    4    2        2009.220848	18	   48	    A+   
     110    6    4    2        4712.676410	98	   12	    A+   
     004    6    4    2       14362.057428	96	   18	    A+   
     002    6    4    2        7790.659641	23	   10	    A+   
     001    6    4    2        4264.305998	105	   12	    A+   
     103    6    4    2       13872.178901	114	   9	    A+   
     005    6    4    2       17413.294418	57	   13	    A+   
     101    6    4    2        6969.408066	25	   42	    A+   
     111    6    4    2        8362.819211	425	   4	    B-   
     400    6    4    2       10923.526623	1014	   2	    B-   
     030    6    4    2        4825.058546	112	   12	    A+   
     024    6    4    2       17007.299766	247	   5	    B+   
     022    6    4    2       10550.648723	804	   7	    A+   
     021    6    4    2        7069.864374	80	   27	    A+   
     230    6    5    2       10285.433267	2499	   1	    C   
     100    6    5    2        3425.120837	151	   13	    A+   
     004    6    5    2       14463.859322	56	   19	    A+   
     500    6    5    2       13430.176504	519	   7	    A+   
     400    6    5    2       11055.039326	1000	   1	    C   
     021    6    5    2        7227.072248	187	   17	    A+   
     024    6    5    2       17122.998099	3535	   2	    B-   
     300    6    5    2        8598.815110	350	   5	    B-   
     013    6    5    2       12639.976492	36	   13	    A+   
     003    6    5    2       11265.473019	410	   8	    A-   
     410    6    5    2       12461.154573	1780	   2	    B-   
     200    6    5    2        6054.761278	46	   8	    A+   
     121    6    5    2        9898.172418	480	   4	    B+   
     031    6    5    2        8624.426791	435	   2	    B-   
     011    6    5    2        5816.426574	128	   18	    A+   
     114    6    5    2       18496.574193	249	   3	    B+   
     023    6    5    2       14003.588094	246	   9	    A+   
     030    6    5    2        5015.533642	216	   6	    A+   
     022    6    5    2       10695.874644	895	   6	    A+   
     151    6    5    2       14004.440967	2499	   1	    C   
     202    6    5    2       13212.323423	2067	   2	    B-   
     033    6    5    2       15358.628767	240	   1	    C   
     020    6    5    2        3594.668449	45	   17	    A+   
     210    6    5    2        7481.374343	52	   12	    A+   
     201    6    5    2        9713.919092	370	   4	    B+   
     110    6    5    2        4862.691950	132	   10	    A+   
     120    6    5    2        6283.426530	250	   1	    C   
     040    6    5    2        6424.942966	250	   1	    C   
     006    6    5    2       20402.080399	2066	   2	    B-   
     301    6    5    2       12244.517173	1952	   2	    B-   
     311    6    5    2       13627.930367	2499	   1	    C   
     102    6    5    2       10602.810721	1119	   3	    B+   
     042    6    5    2       13435.897966	2499	   1	    C   
     104    6    5    2       17158.309545	240	   2	    B+   
     015    6    5    2       18826.235168	72	   4	    B+   
     111    6    5    2        8505.031645	361	   4	    B-   
     101    6    5    2        7095.618146	38	   28	    A+   
     002    6    5    2        7908.704083	32	   11	    A+   
     010    6    5    2        2159.801190	22	   44	    A+   
     000    6    5    2         709.166899	17	   293	    A+   
     041    6    5    2       10010.019767	974	   8	    A+   
     310    6    5    2       10016.449120	348	   9	    A+   
     001    6    5    2        4390.824604	103	   10	    A+   
     103    6    5    2       13946.849489	1025	   11	    A+   
     005    6    5    2       17507.250687	56	   9	    A+   
     014    6    5    2       15811.282322	128	   6	    A+   
     012    6    5    2        9309.146752	260	   6	    A-   
     031    6    5    1        8624.426509	492	   2	    B-   
     201    6    5    1        9713.919341	252	   6	    A+   
     410    6    5    1       12461.141495	1949	   2	    B-   
     024    6    5    1       17122.997852	3538	   2	    B-   
     110    6    5    1        4862.691706	127	   10	    A+   
     200    6    5    1        6054.761333	34	   9	    A+   
     111    6    5    1        8505.033968	368	   3	    B-   
     230    6    5    1       10285.434664	2344	   2	    B+   
     104    6    5    1       17158.293334	240	   2	    B+   
     300    6    5    1        8598.813536	368	   5	    B-   
     120    6    5    1        6283.426705	250	   1	    C   
     013    6    5    1       12639.975905	68	   14	    A+   
     151    6    5    1       14004.440299	2499	   1	    C   
     400    6    5    1       11055.046010	1000	   1	    C   
     040    6    5    1        6424.926737	250	   1	    C   
     000    6    5    1         709.167567	15	   283	    A+   
     033    6    5    1       15358.628099	240	   1	    C   
     121    6    5    1        9898.172049	330	   5	    B+   
     002    6    5    1        7908.705116	35	   12	    A+   
     015    6    5    1       18826.234486	90	   4	    B+   
     005    6    5    1       17507.250986	35	   12	    A+   
     102    6    5    1       10602.798290	958	   3	    B+   
     011    6    5    1        5816.429015	129	   17	    A+   
     103    6    5    1       13946.847793	1004	   10	    A+   
     310    6    5    1       10016.449151	289	   9	    A+   
     021    6    5    1        7227.073421	186	   18	    A+   
     006    6    5    1       20402.074209	92	   2	    B-   
     001    6    5    1        4390.825087	103	   11	    A+   
     010    6    5    1        2159.802058	24	   37	    A+   
     301    6    5    1       12244.505237	2499	   1	    C   
     004    6    5    1       14463.859349	54	   19	    A+   
     023    6    5    1       14003.587580	118	   9	    A+   
     500    6    5    1       13430.175822	566	   7	    A+   
     041    6    5    1       10010.020998	1137	   5	    B-   
     030    6    5    1        5015.533269	185	   5	    B+   
     100    6    5    1        3425.121269	121	   11	    A+   
     020    6    5    1        3594.668400	44	   19	    A+   
     202    6    5    1       13212.308895	1917	   2	    B-   
     022    6    5    1       10695.878920	875	   5	    B+   
     042    6    5    1       13435.881737	2499	   1	    C   
     311    6    5    1       13627.929699	2499	   1	    C   
     003    6    5    1       11265.474191	458	   7	    A-   
     014    6    5    1       15811.282511	64	   6	    A+   
     210    6    5    1        7481.374796	106	   12	    A+   
     012    6    5    1        9309.147390	289	   7	    A-   
     101    6    5    1        7095.618870	50	   30	    A+   
     022    6    6    1       10870.118985	1359	   4	    B+   
     011    6    6    1        5985.684757	38	   11	    A+   
     005    6    6    1       17621.656091	25	   6	    A+   
     101    6    6    1        7248.309024	47	   19	    A+   
     410    6    6    1       12635.339690	2499	   1	    C   
     004    6    6    1       14587.618119	35	   12	    A+   
     300    6    6    1        8759.009436	293	   3	    B-   
     111    6    6    1        8674.234147	734	   2	    B-   
     400    6    6    1       11214.521847	714	   2	    B-   
     040    6    6    1        6676.266679	43	   1	    C   
     030    6    6    1        5240.160088	576	   4	    B-   
     103    6    6    1       14081.623005	96	   5	    B+   
     202    6    6    1       13354.844390	2499	   1	    C   
     102    6    6    1       10745.974044	1021	   3	    B+   
     023    6    6    1       14164.057584	102	   6	    A+   
     003    6    6    1       11398.790919	506	   5	    B-   
     120    6    6    1        6483.651590	251	   1	    C   
     031    6    6    1        8833.123590	500	   1	    C   
     006    6    6    1       20507.272290	181	   1	    C   
     100    6    6    1        3587.636482	105	   13	    A+   
     200    6    6    1        6216.036499	144	   8	    A+   
     010    6    6    1        2340.772669	26	   24	    A+   
     000    6    6    1         872.790460	18	   184	    A+   
     021    6    6    1        7414.770680	169	   15	    A+   
     310    6    6    1       10190.936426	288	   7	    A+   
     014    6    6    1       15947.273095	61	   2	    B+   
     024    6    6    1       17300.903885	315	   2	    B+   
     121    6    6    1       10087.294971	490	   2	    B+   
     015    6    6    1       18951.778490	181	   1	    C   
     013    6    6    1       12786.680685	52	   9	    A+   
     210    6    6    1        7658.888544	44	   8	    A+   
     301    6    6    1       12396.236405	2499	   1	    C   
     041    6    6    1       10243.008095	1871	   2	    B-   
     110    6    6    1        5042.379953	156	   8	    A+   
     020    6    6    1        3795.879885	39	   18	    A+   
     500    6    6    1       13588.523835	1497	   3	    B-   
     001    6    6    1        4544.078930	131	   10	    A+   
     201    6    6    1        9865.876161	754	   3	    B+   
     012    6    6    1        9466.937157	281	   4	    B-   
     002    6    6    1        8051.845128	34	   8	    A+   
     004    6    6    0       14587.618111	40	   13	    A+   
     041    6    6    0       10243.008414	1852	   2	    B-   
     040    6    6    0        6676.267347	43	   1	    C   
     002    6    6    0        8051.845005	87	   8	    A+   
     201    6    6    0        9865.876520	699	   3	    B+   
     103    6    6    0       14081.622830	96	   5	    B+   
     111    6    6    0        8674.234045	725	   2	    B-   
     023    6    6    0       14164.057554	101	   6	    A+   
     003    6    6    0       11398.790972	513	   5	    B-   
     021    6    6    0        7414.770545	176	   15	    A+   
     013    6    6    0       12786.680653	52	   9	    A+   
     310    6    6    0       10190.936511	300	   7	    A+   
     102    6    6    0       10745.973997	1009	   3	    B+   
     120    6    6    0        6483.651560	251	   1	    C   
     300    6    6    0        8759.009336	291	   3	    B-   
     010    6    6    0        2340.772641	25	   24	    A+   
     024    6    6    0       17300.903854	315	   2	    B+   
     100    6    6    0        3587.636217	117	   13	    A+   
     006    6    6    0       20507.272260	181	   1	    C   
     200    6    6    0        6216.034216	62	   8	    A+   
     500    6    6    0       13588.523736	1492	   3	    B-   
     121    6    6    0       10087.294941	490	   2	    B+   
     015    6    6    0       18951.778460	181	   1	    C   
     031    6    6    0        8833.123560	500	   1	    C   
     014    6    6    0       15947.273065	60	   2	    B+   
     210    6    6    0        7658.888477	39	   8	    A+   
     110    6    6    0        5042.379907	165	   8	    A+   
     022    6    6    0       10870.118885	1350	   4	    B+   
     301    6    6    0       12396.236230	2499	   1	    C   
     005    6    6    0       17621.656062	24	   5	    B+   
     400    6    6    0       11214.521745	713	   2	    B-   
     101    6    6    0        7248.308582	53	   20	    A+   
     011    6    6    0        5985.684525	42	   11	    A+   
     030    6    6    0        5240.160597	233	   5	    B+   
     410    6    6    0       12635.339660	2499	   1	    C   
     202    6    6    0       13354.844360	2499	   1	    C   
     001    6    6    0        4544.078846	130	   10	    A+   
     012    6    6    0        9466.937354	283	   4	    B-   
     000    6    6    0         872.790490	19	   187	    A+   
     020    6    6    0        3795.880000	41	   18	    A+   
     022    7    0    7       10325.023721	522	   16	    A+   
     122    7    0    7       13034.362529	2433	   2	    B-   
     015    7    0    7       18586.103020	35	   3	    B+   
     400    7    0    7       10757.368053	600	   3	    B-   
     011    7    0    7        5487.685935	20	   27	    A+   
     310    7    0    7        9674.480954	262	   10	    A+   
     202    7    0    7       12949.722741	1454	   3	    B-   
     113    7    0    7       15043.644447	285	   1	    C   
     600    7    0    7       15429.000574	161	   2	    B+   
     111    7    0    7        8204.282531	324	   3	    B-   
     311    7    0    7       13298.693620	1526	   3	    B-   
     102    7    0    7       10357.284667	568	   15	    A+   
     121    7    0    7        9551.858083	279	   6	    A+   
     411    7    0    7       15715.718969	232	   6	    A+   
     105    7    0    7       19956.481247	145	   1	    C   
     041    7    0    7        9443.669670	1823	   2	    B-   
     014    7    0    7       15549.438809	28	   8	    A+   
     106    7    0    7       22820.798997	500	   1	    C   
     142    7    0    7       15554.280466	31	   7	    A+   
     032    7    0    7       11635.212720	1872	   2	    B-   
     006    7    0    7       20210.170325	35	   2	    B-   
     500    7    0    7       13136.836879	255	   10	    A+   
     040    7    0    7        5823.643172	246	   3	    B+   
     023    7    0    7       13665.541669	53	   14	    A+   
     101    7    0    7        6807.911326	23	   44	    A+   
     000    7    0    7         403.161469	10	   433	    A+   
     220    7    0    7        8480.452092	500	   1	    C   
     010    7    0    7        1806.496390	13	   60	    A+   
     120    7    0    7        5906.454136	40	   8	    A+   
     021    7    0    7        6849.888208	33	   30	    A+   
     001    7    0    7        4105.832879	115	   8	    A+   
     003    7    0    7       11020.145179	365	   10	    A+   
     103    7    0    7       13714.746305	117	   14	    A+   
     050    7    0    7        7097.124391	1000	   1	    C   
     300    7    0    7        8300.917364	222	   6	    A+   
     200    7    0    7        5753.437447	25	   13	    A+   
     211    7    0    7       10787.558692	999	   1	    C   
     210    7    0    7        7137.339175	33	   14	    A+   
     007    7    0    7       22994.361547	255	   1	    C   
     020    7    0    7        3185.579127	36	   23	    A+   
     201    7    0    7        9427.787589	312	   6	    A+   
     013    7    0    7       12357.811150	37	   15	    A+   
     150    7    0    7        9775.257420	1783	   2	    B-   
     002    7    0    7        7643.977487	24	   9	    A-   
     301    7    0    7       11961.557020	1998	   2	    B-   
     410    7    0    7       12133.541624	1449	   3	    B-   
     152    7    0    7       16833.288892	405	   1	    C   
     024    7    0    7       16838.425847	39	   2	    B+   
     033    7    0    7       14951.742871	2499	   1	    C   
     112    7    0    7       11704.239047	999	   1	    C   
     031    7    0    7        8150.642141	314	   3	    B-   
     030    7    0    7        4548.066452	109	   15	    A+   
     510    7    0    7       14515.903591	2499	   1	    C   
     221    7    0    7       12090.151347	2499	   1	    C   
     132    7    0    7       14349.849747	2499	   1	    C   
     110    7    0    7        4498.405197	169	   11	    A+   
     005    7    0    7       17298.276555	19	   14	    A+   
     100    7    0    7        3120.138117	40	   19	    A+   
     004    7    0    7       14236.991647	18	   14	    A+   
     012    7    0    7        9004.252584	202	   8	    A+   
     230    7    0    7        9887.543952	428	   6	    A+   
     010    7    1    7        1808.127587	13	   57	    A+   
     202    7    1    7       12950.713891	1460	   3	    B-   
     001    7    1    7        4106.804657	124	   6	    A+   
     150    7    1    7        9785.749021	1395	   4	    B-   
     411    7    1    7       15716.317414	72	   6	    A+   
     220    7    1    7        8484.166391	500	   1	    C   
     103    7    1    7       13715.328437	95	   13	    A+   
     211    7    1    7       10789.444158	999	   1	    C   
     050    7    1    7        7105.128672	257	   6	    A+   
     310    7    1    7        9676.264868	245	   10	    A+   
     113    7    1    7       15044.348992	225	   1	    C   
     200    7    1    7        5754.825078	36	   12	    A+   
     300    7    1    7        8302.348649	262	   6	    A+   
     106    7    1    7       22820.955752	500	   1	    C   
     122    7    1    7       13035.571462	1560	   3	    B-   
     210    7    1    7        7140.009038	47	   13	    A+   
     230    7    1    7        9893.505908	1329	   5	    B-   
     007    7    1    7       22994.429366	282	   2	    B+   
     014    7    1    7       15550.407854	26	   8	    A+   
     400    7    1    7       10759.041315	615	   3	    B-   
     021    7    1    7        6851.461563	37	   26	    A+   
     020    7    1    7        3187.759619	23	   28	    A+   
     600    7    1    7       15430.659658	390	   1	    C   
     002    7    1    7        7644.696310	31	   10	    A+   
     201    7    1    7        9429.328239	301	   6	    A+   
     006    7    1    7       20210.352245	61	   2	    B-   
     301    7    1    7       11960.601592	2499	   1	    C   
     015    7    1    7       18586.408519	52	   4	    B+   
     040    7    1    7        5828.184908	250	   2	    B+   
     061    7    1    7       11964.849470	1897	   2	    B-   
     142    7    1    7       15558.257458	405	   1	    C   
     032    7    1    7       11636.890485	2499	   1	    C   
     024    7    1    7       16839.171494	40	   4	    B+   
     070    7    1    7        9538.702238	393	   5	    B+   
     012    7    1    7        9005.158369	186	   10	    A+   
     030    7    1    7        4550.723952	152	   16	    A+   
     500    7    1    7       13138.407253	249	   13	    A+   
     112    7    1    7       11705.364692	999	   1	    C   
     311    7    1    7       13296.314469	1497	   3	    B-   
     022    7    1    7       10326.018415	532	   13	    A+   
     023    7    1    7       13666.357740	242	   13	    A+   
     011    7    1    7        5488.917502	20	   28	    A+   
     510    7    1    7       14517.571158	2499	   1	    C   
     041    7    1    7        9451.610937	419	   5	    B+   
     101    7    1    7        6809.016496	25	   39	    A+   
     221    7    1    7       12094.268392	2499	   1	    C   
     102    7    1    7       10358.241116	871	   9	    A+   
     410    7    1    7       12136.656420	1976	   2	    B-   
     330    7    1    7       12350.484625	1950	   2	    B-   
     000    7    1    7         404.445663	8	   421	    A+   
     120    7    1    7        5909.379503	37	   4	    B+   
     003    7    1    7       11020.657334	341	   12	    A+   
     110    7    1    7        4500.651817	175	   13	    A+   
     401    7    1    7       14397.407747	2499	   1	    C   
     100    7    1    7        3121.497001	41	   22	    A+   
     005    7    1    7       17298.526268	16	   15	    A+   
     111    7    1    7        8206.015302	270	   4	    B-   
     004    7    1    7       14237.348864	22	   12	    A+   
     060    7    1    7        8347.069969	438	   3	    B-   
     121    7    1    7        9556.803791	263	   6	    A+   
     031    7    1    7        8152.667137	334	   3	    B-   
     013    7    1    7       12358.465800	21	   12	    A+   
     022    7    1    6       10435.687473	714	   9	    A+   
     101    7    1    6        6879.335391	24	   43	    A+   
     002    7    1    6        7715.689999	21	   10	    A-   
     202    7    1    6       13022.211334	1988	   2	    B-   
     014    7    1    6       15628.850775	22	   6	    A+   
     311    7    1    6       13371.488051	1557	   3	    B-   
     040    7    1    6        5918.051667	960	   2	    B-   
     150    7    1    6        9877.026510	1443	   3	    B-   
     221    7    1    6       12178.216144	1989	   3	    B-   
     031    7    1    6        8286.573572	384	   3	    B-   
     012    7    1    6        9082.309249	162	   12	    A+   
     301    7    1    6       12027.693400	2499	   1	    C   
     020    7    1    6        3268.345450	23	   30	    A+   
     041    7    1    6        9545.619665	2499	   1	    C   
     200    7    1    6        5820.977892	25	   10	    A+   
     410    7    1    6       12208.081164	1473	   3	    B-   
     010    7    1    6        1883.461035	14	   54	    A+   
     006    7    1    6       20281.622286	61	   2	    B-   
     050    7    1    6        7196.544720	243	   2	    B+   
     100    7    1    6        3189.779683	39	   23	    A+   
     021    7    1    6        6932.280274	41	   28	    A+   
     024    7    1    6       16922.564566	61	   5	    B+   
     310    7    1    6        9747.153141	291	   11	    A+   
     023    7    1    6       13748.016808	27	   17	    A+   
     112    7    1    6       11784.116400	999	   1	    C   
     121    7    1    6        9629.991436	366	   3	    B+   
     051    7    1    6       10837.590188	2055	   2	    B-   
     003    7    1    6       11092.040864	330	   15	    A+   
     005    7    1    6       17370.161614	17	   17	    A+   
     320    7    1    6       11092.518277	463	   9	    A-   
     102    7    1    6       10401.465898	514	   18	    A+   
     210    7    1    6        7218.487239	59	   17	    A+   
     011    7    1    6        5565.277641	22	   29	    A+   
     004    7    1    6       14309.046605	89	   21	    A+   
     106    7    1    6       22892.178420	500	   1	    C   
     201    7    1    6        9498.232675	330	   5	    B+   
     400    7    1    6       10820.888830	589	   3	    B-   
     110    7    1    6        4579.076985	141	   12	    A+   
     300    7    1    6        8366.383012	201	   9	    A+   
     007    7    1    6       23065.010481	257	   2	    B+   
     120    7    1    6        5991.131112	33	   10	    A+   
     122    7    1    6       13117.840013	1785	   3	    B-   
     001    7    1    6        4177.133731	96	   10	    A+   
     111    7    1    6        8235.841940	1433	   2	    B-   
     330    7    1    6       12435.565198	26	   12	    A+   
     103    7    1    6       13787.799679	733	   14	    A+   
     070    7    1    6        9650.461834	515	   5	    B+   
     013    7    1    6       12436.345786	39	   12	    A+   
     000    7    1    6         473.917646	10	   437	    A+   
     500    7    1    6       13198.022024	835	   10	    A+   
     015    7    1    6       18664.469772	188	   4	    B+   
     030    7    1    6        4632.882156	153	   12	    A+   
     230    7    1    6        9980.126370	1684	   3	    B-   
     031    7    2    6        8309.014189	433	   3	    B-   
     311    7    2    6       13390.721865	2499	   1	    C   
     111    7    2    6        8256.976289	357	   2	    B-   
     221    7    2    6       12203.329212	1635	   3	    B-   
     000    7    2    6         490.427372	10	   467	    A+   
     006    7    2    6       20285.579004	202	   2	    B-   
     012    7    2    6        9095.690752	173	   12	    A+   
     101    7    2    6        6893.818535	21	   50	    A+   
     041    7    2    6        9579.937965	2499	   1	    C   
     023    7    2    6       13760.166755	51	   15	    A+   
     150    7    2    6       10028.064519	1565	   3	    B+   
     112    7    2    6       11800.116732	1073	   2	    B+   
     004    7    2    6       14316.005294	50	   21	    A+   
     010    7    2    6        1903.262032	13	   59	    A+   
     121    7    2    6        9660.635390	584	   5	    B+   
     202    7    2    6       13025.232651	1503	   3	    B-   
     230    7    2    6        9922.377977	1034	   7	    A-   
     003    7    2    6       11101.014662	349	   10	    A+   
     070    7    2    6        9791.067013	2084	   2	    B+   
     022    7    2    6       10450.780534	838	   11	    A+   
     110    7    2    6        4601.519728	152	   11	    A+   
     500    7    2    6       13216.111382	860	   10	    A+   
     210    7    2    6        7225.386804	28	   18	    A+   
     100    7    2    6        3206.680587	44	   22	    A+   
     005    7    2    6       17375.402369	69	   17	    A+   
     050    7    2    6        7268.356566	41	   3	    B+   
     103    7    2    6       13797.890470	216	   13	    A+   
     120    7    2    6        6022.111998	36	   11	    A+   
     300    7    2    6        8383.581408	212	   7	    A+   
     410    7    2    6       12229.463554	2344	   2	    B-   
     002    7    2    6        7726.867954	22	   11	    A+   
     400    7    2    6       10838.727081	893	   3	    B-   
     310    7    2    6        9766.556764	247	   15	    A+   
     011    7    2    6        5581.738481	23	   23	    A+   
     007    7    2    6       23067.738855	500	   1	    C   
     201    7    2    6        9512.967225	268	   6	    A+   
     030    7    2    6        4662.303109	126	   14	    A+   
     001    7    2    6        4190.855145	88	   12	    A+   
     200    7    2    6        5838.001060	39	   10	    A+   
     013    7    2    6       12446.776500	39	   18	    A+   
     021    7    2    6        6952.337262	25	   30	    A+   
     024    7    2    6       16932.329354	165	   5	    B+   
     020    7    2    6        3292.829304	21	   38	    A+   
     014    7    2    6       15637.248260	21	   6	    A+   
     301    7    2    6       12042.799182	2001	   2	    B-   
     122    7    2    6       13136.109156	1658	   3	    B-   
     032    7    2    6       11743.065137	2499	   1	    C   
     015    7    2    6       18670.691091	66	   4	    B+   
     102    7    2    6       10414.399248	609	   13	    A+   
     006    7    2    5       20328.234339	53	   2	    B-   
     015    7    2    5       18714.236224	100	   4	    B+   
     007    7    2    5       23111.373528	480	   1	    C   
     311    7    2    5       13421.029860	2499	   1	    C   
     230    7    2    5        9953.059103	1534	   4	    B-   
     000    7    2    5         520.123466	9	   424	    A+   
     032    7    2    5       11780.049815	2516	   2	    B-   
     003    7    2    5       11137.336199	416	   10	    A+   
     400    7    2    5       10864.091028	999	   1	    C   
     200    7    2    5        5865.502488	28	   15	    A+   
     022    7    2    5       10486.892246	762	   8	    A+   
     122    7    2    5       13173.987144	2524	   2	    B-   
     202    7    2    5       13057.101060	2499	   1	    C   
     112    7    2    5       11835.517028	999	   1	    C   
     310    7    2    5        9794.793626	320	   10	    A+   
     024    7    2    5       16974.555196	168	   3	    B+   
     004    7    2    5       14354.550255	17	   18	    A+   
     041    7    2    5        9615.142737	2214	   2	    B-   
     014    7    2    5       15678.259188	79	   7	    A+   
     120    7    2    5        6052.245146	31	   8	    A+   
     020    7    2    5        3324.490396	21	   33	    A+   
     106    7    2    5       22938.565653	194	   2	    B+   
     060    7    2    5        8556.188913	311	   3	    B-   
     300    7    2    5        8409.820611	197	   8	    A-   
     005    7    2    5       17416.131763	22	   11	    A+   
     040    7    2    5        5985.976721	850	   2	    B-   
     210    7    2    5        7255.008540	45	   13	    A+   
     201    7    2    5        9542.613386	388	   5	    B+   
     010    7    2    5        1934.352530	14	   53	    A+   
     103    7    2    5       13834.357163	159	   11	    A+   
     001    7    2    5        4222.720409	104	   9	    A+   
     100    7    2    5        3235.390343	44	   22	    A+   
     013    7    2    5       12485.341354	25	   17	    A+   
     221    7    2    5       12235.846648	2499	   1	    C   
     111    7    2    5        8290.300345	602	   3	    B-   
     121    7    2    5        9690.967999	358	   4	    B+   
     023    7    2    5       13798.851506	105	   14	    A+   
     002    7    2    5        7760.949600	24	   12	    A-   
     031    7    2    5        8342.910580	479	   3	    B+   
     150    7    2    5       10054.540028	2499	   1	    C   
     021    7    2    5        6986.547234	31	   19	    A+   
     500    7    2    5       13239.568296	878	   9	    A+   
     101    7    2    5        6924.804272	26	   41	    A+   
     030    7    2    5        4693.313612	110	   12	    A+   
     301    7    2    5       12070.936128	2499	   1	    C   
     070    7    2    5        9808.551623	459	   6	    A+   
     011    7    2    5        5615.247513	25	   26	    A+   
     012    7    2    5        9131.694257	173	   10	    A+   
     050    7    2    5        7296.441760	1000	   1	    C   
     410    7    2    5       12258.673588	1910	   2	    B-   
     110    7    2    5        4632.196866	160	   11	    A+   
     102    7    2    5       10448.380522	570	   10	    A+   
     311    7    3    5       13481.096045	2499	   1	    C   
     150    7    3    5       10188.712545	2499	   1	    C   
     121    7    3    5        9771.269196	1779	   2	    B-   
     000    7    3    5         576.904678	8	   455	    A+   
     200    7    3    5        5922.349689	29	   10	    A+   
     400    7    3    5       10921.616439	797	   3	    B-   
     020    7    3    5        3401.217938	22	   37	    A+   
     202    7    3    5       13105.487837	1937	   2	    B-   
     102    7    3    5       10496.043280	529	   13	    A+   
     301    7    3    5       12123.234606	1710	   3	    B-   
     014    7    3    5       15717.182202	82	   6	    A+   
     011    7    3    5        5673.590118	25	   18	    A+   
     230    7    3    5       10076.292447	1791	   2	    B-   
     041    7    3    5        9704.260080	1591	   3	    B-   
     122    7    3    5       13239.967845	2499	   1	    C   
     001    7    3    5        4273.396172	97	   10	    A+   
     300    7    3    5        8466.570920	332	   5	    B-   
     030    7    3    5        4782.865026	147	   12	    A+   
     031    7    3    5        8418.927087	327	   5	    B-   
     013    7    3    5       12530.046456	199	   18	    A+   
     111    7    3    5        8355.808402	265	   5	    B-   
     410    7    3    5       12313.585209	2346	   2	    B-   
     101    7    3    5        6976.467779	26	   43	    A+   
     006    7    3    5       20351.656266	265	   3	    B-   
     021    7    3    5        7054.377276	40	   28	    A+   
     002    7    3    5        7805.680402	20	   11	    A+   
     024    7    3    5       17018.348444	130	   4	    B+   
     022    7    3    5       10544.919440	677	   9	    A+   
     003    7    3    5       11176.338414	412	   11	    A+   
     103    7    3    5       13879.459064	140	   12	    A+   
     110    7    3    5        4700.541225	100	   13	    A+   
     070    7    3    5       10022.911845	2499	   1	    C   
     005    7    3    5       17444.449396	129	   13	    A+   
     100    7    3    5        3292.444575	63	   23	    A+   
     500    7    3    5       13296.889472	751	   14	    A+   
     120    7    3    5        6149.748104	50	   2	    B+   
     004    7    3    5       14388.084993	34	   19	    A+   
     201    7    3    5        9594.313276	374	   9	    A+   
     012    7    3    5        9183.087612	165	   11	    A+   
     340    7    3    5       13878.921041	1459	   3	    B-   
     210    7    3    5        7321.960399	46	   20	    A+   
     040    7    3    5        6079.319145	250	   1	    C   
     010    7    3    5        1999.776785	14	   56	    A+   
     051    7    3    5       11019.289267	811	   3	    B-   
     015    7    3    5       18746.541952	51	   4	    B+   
     310    7    3    5        9859.307716	264	   13	    A+   
     023    7    3    5       13846.068551	484	   17	    A+   
     003    7    3    4       11184.979945	366	   12	    A+   
     150    7    3    4       10190.957610	2499	   1	    C   
     210    7    3    4        7326.521281	57	   17	    A+   
     005    7    3    4       17456.508413	21	   11	    A+   
     001    7    3    4        4279.459730	127	   7	    A+   
     120    7    3    4        6153.284173	44	   3	    B+   
     300    7    3    4        8471.128725	218	   6	    A-   
     201    7    3    4        9599.638251	352	   4	    B+   
     021    7    3    4        7060.069570	38	   33	    A+   
     122    7    3    4       13245.489994	1796	   2	    B-   
     111    7    3    4        8361.203414	366	   2	    B-   
     020    7    3    4        3405.847564	20	   39	    A+   
     013    7    3    4       12538.816819	23	   17	    A+   
     400    7    3    4       10925.432719	999	   1	    C   
     070    7    3    4       10025.571710	2499	   1	    C   
     110    7    3    4        4705.299866	116	   11	    A+   
     014    7    3    4       15727.288227	30	   7	    A+   
     041    7    3    4        9709.455537	1839	   2	    B-   
     310    7    3    4        9863.595865	234	   17	    A+   
     024    7    3    4       17028.818073	96	   4	    B+   
     311    7    3    4       13485.774010	2499	   1	    C   
     000    7    3    4         581.962048	8	   435	    A+   
     004    7    3    4       14398.324824	33	   19	    A+   
     006    7    3    4       20365.744879	96	   2	    B-   
     030    7    3    4        4786.939433	122	   16	    A+   
     141    7    3    4       12452.330731	1064	   3	    B+   
     200    7    3    4        5926.828091	27	   12	    A+   
     011    7    3    4        5679.614163	20	   26	    A+   
     500    7    3    4       13300.328947	1061	   7	    A+   
     010    7    3    4        2004.754554	13	   64	    A+   
     121    7    3    4        9776.636988	2358	   2	    B-   
     102    7    3    4       10502.774644	592	   11	    A+   
     031    7    3    4        8423.472814	371	   2	    B-   
     101    7    3    4        6982.215378	25	   47	    A+   
     103    7    3    4       13887.727280	139	   12	    A+   
     023    7    3    4       13854.174103	100	   17	    A+   
     100    7    3    4        3297.225781	63	   20	    A+   
     022    7    3    4       10551.851332	739	   7	    A+   
     012    7    3    4        9190.370006	245	   5	    B-   
     230    7    3    4       10079.258987	1976	   2	    B+   
     410    7    3    4       12317.509376	1698	   3	    B-   
     301    7    3    4       12128.126637	2718	   2	    B-   
     002    7    3    4        7812.933013	24	   10	    A+   
     015    7    3    4       18759.205068	403	   5	    B+   
     000    7    4    4         683.323889	9	   356	    A+   
     100    7    4    4        3398.138902	63	   23	    A+   
     013    7    4    4       12627.227956	164	   12	    A+   
     005    7    4    4       17520.409217	26	   12	    A+   
     004    7    4    4       14469.614013	182	   15	    A+   
     041    7    4    4        9926.071565	1051	   7	    A-   
     042    7    4    4       13372.423981	2499	   1	    C   
     300    7    4    4        8570.237385	236	   6	    A-   
     010    7    4    4        2118.945195	16	   52	    A+   
     102    7    4    4       10590.711314	609	   11	    A+   
     111    7    4    4        8470.138509	316	   5	    B-   
     141    7    4    4       12625.997785	123	   9	    A+   
     030    7    4    4        4935.424316	169	   8	    A+   
     101    7    4    4        7076.288998	23	   32	    A+   
     003    7    4    4       11263.668795	426	   8	    A-   
     500    7    4    4       13398.765294	1182	   5	    B+   
     015    7    4    4       18830.512563	203	   3	    B+   
     202    7    4    4       13198.959544	2031	   2	    B-   
     311    7    4    4       13591.750044	2068	   2	    B-   
     410    7    4    4       12417.223095	1894	   2	    B-   
     002    7    4    4        7899.114977	23	   14	    A+   
     021    7    4    4        7179.571693	39	   24	    A+   
     023    7    4    4       13940.048079	416	   11	    A+   
     210    7    4    4        7439.209569	38	   18	    A+   
     121    7    4    4        9843.246284	508	   2	    B+   
     024    7    4    4       17115.270261	631	   6	    A+   
     031    7    4    4        8558.396149	435	   3	    B-   
     120    7    4    4        6320.489101	52	   2	    B+   
     014    7    4    4       15807.021140	145	   5	    B+   
     200    7    4    4        6026.882035	32	   7	    A+   
     230    7    4    4       10201.480532	1744	   3	    B+   
     001    7    4    4        4373.209521	108	   9	    A+   
     011    7    4    4        5785.099689	22	   24	    A+   
     400    7    4    4       11024.706849	596	   3	    B-   
     020    7    4    4        3535.817677	31	   27	    A+   
     110    7    4    4        4820.345147	117	   10	    A+   
     012    7    4    4        9287.156356	178	   10	    A-   
     022    7    4    4       10659.971212	761	   8	    A+   
     006    7    4    4       20422.460618	449	   2	    B-   
     310    7    4    4        9973.980838	320	   10	    A+   
     103    7    4    4       13980.698246	104	   8	    A+   
     040    7    4    4        6221.102881	250	   1	    C   
     301    7    4    4       12221.825810	2499	   1	    C   
     201    7    4    4        9693.222015	310	   8	    A+   
     015    7    4    3       18831.761928	95	   4	    B+   
     013    7    4    3       12628.074522	93	   14	    A+   
     041    7    4    3        9924.827607	467	   5	    B+   
     101    7    4    3        7076.634947	25	   35	    A+   
     111    7    4    3        8470.892406	256	   4	    B-   
     201    7    4    3        9693.539832	355	   6	    A+   
     021    7    4    3        7179.893261	44	   17	    A+   
     120    7    4    3        6320.621764	44	   5	    B+   
     300    7    4    3        8570.451547	239	   5	    B-   
     000    7    4    3         683.610007	9	   365	    A+   
     022    7    4    3       10660.403212	793	   8	    A+   
     400    7    4    3       11024.898274	804	   2	    B-   
     003    7    4    3       11264.360331	394	   10	    A+   
     020    7    4    3        3536.046636	26	   28	    A+   
     023    7    4    3       13940.666012	1062	   10	    A+   
     202    7    4    3       13199.391147	1996	   2	    B-   
     002    7    4    3        7899.628785	29	   15	    A+   
     311    7    4    3       13591.783154	2499	   1	    C   
     310    7    4    3        9974.206848	293	   14	    A+   
     102    7    4    3       10591.174682	628	   8	    A+   
     500    7    4    3       13398.918498	1560	   3	    B+   
     230    7    4    3       10201.662223	1703	   3	    B-   
     012    7    4    3        9287.647429	257	   5	    B+   
     011    7    4    3        5785.460161	27	   24	    A+   
     007    7    4    3       23200.056134	500	   1	    C   
     301    7    4    3       12222.136000	3658	   2	    B-   
     103    7    4    3       13981.312851	120	   6	    A+   
     006    7    4    3       20424.145354	225	   1	    C   
     410    7    4    3       12417.459521	2233	   2	    B-   
     110    7    4    3        4820.597175	104	   14	    A+   
     030    7    4    3        4935.605047	225	   8	    A+   
     001    7    4    3        4373.592325	119	   12	    A+   
     100    7    4    3        3398.396716	72	   18	    A+   
     005    7    4    3       17521.667044	75	   9	    A+   
     024    7    4    3       17116.099329	3544	   3	    B+   
     014    7    4    3       15807.971395	47	   2	    B+   
     031    7    4    3        8560.224546	414	   3	    B-   
     200    7    4    3        6027.121625	31	   11	    A+   
     141    7    4    3       12627.093932	88	   14	    A+   
     210    7    4    3        7439.448175	49	   12	    A+   
     121    7    4    3        9843.586354	2499	   1	    C   
     042    7    4    3       13370.616504	1597	   3	    B-   
     010    7    4    3        2119.211375	17	   53	    A+   
     004    7    4    3       14470.544860	30	   17	    A+   
     004    7    5    3       14571.094983	313	   14	    A+   
     031    7    5    3        8733.930310	500	   1	    C   
     001    7    5    3        4499.232616	168	   9	    A+   
     300    7    5    3        8701.402317	437	   4	    B-   
     200    7    5    3        6159.419000	55	   11	    A+   
     005    7    5    3       17614.196463	54	   6	    A+   
     301    7    5    3       12346.650989	2499	   1	    C   
     030    7    5    3        5125.394950	368	   8	    A+   
     100    7    5    3        3531.877086	128	   17	    A+   
     006    7    5    3       20508.907950	360	   1	    C   
     103    7    5    3       14052.590985	1165	   7	    A+   
     201    7    5    3        9818.146055	384	   4	    B+   
     310    7    5    3       10117.316100	347	   10	    A+   
     002    7    5    3        8016.695787	48	   9	    A+   
     400    7    5    3       11155.579350	1000	   1	    C   
     000    7    5    3         818.006726	14	   294	    A+   
     023    7    5    3       14112.054874	168	   5	    B+   
     160    7    5    3       11961.629770	1841	   2	    B-   
     110    7    5    3        4969.771329	181	   8	    A+   
     111    7    5    3        8611.768634	518	   4	    B-   
     041    7    5    3       10121.887571	1865	   2	    B-   
     010    7    5    3        2268.987396	25	   31	    A+   
     022    7    5    3       10804.769942	1146	   6	    A+   
     102    7    5    3       10708.767225	823	   5	    B+   
     311    7    5    3       13730.350999	2499	   1	    C   
     121    7    5    3       10005.346303	492	   2	    B+   
     104    7    5    3       17229.469819	165	   2	    B+   
     210    7    5    3        7586.323360	287	   11	    A+   
     410    7    5    3       12562.337663	1586	   3	    B-   
     120    7    5    3        6390.839610	250	   1	    C   
     013    7    5    3       12748.129932	135	   8	    A+   
     012    7    5    3        9417.625277	285	   8	    A+   
     015    7    5    3       18933.902899	4997	   1	    C   
     020    7    5    3        3704.196020	93	   16	    A+   
     500    7    5    3       13528.509819	1293	   4	    B-   
     021    7    5    3        7336.273907	224	   17	    A+   
     014    7    5    3       15919.197353	296	   5	    B+   
     011    7    5    3        5925.250609	39	   17	    A+   
     101    7    5    3        7201.961435	55	   32	    A+   
     040    7    5    3        6535.114999	250	   1	    C   
     003    7    5    3       11373.072906	762	   8	    A-   
     311    7    5    2       13730.351667	2499	   1	    C   
     110    7    5    2        4969.775051	186	   10	    A+   
     210    7    5    2        7586.325740	113	   11	    A+   
     300    7    5    2        8701.405062	436	   4	    B-   
     020    7    5    2        3704.200174	96	   18	    A+   
     121    7    5    2       10005.346782	495	   3	    B+   
     104    7    5    2       17229.463135	165	   2	    B+   
     500    7    5    2       13528.508439	1151	   5	    B+   
     015    7    5    2       18933.933726	4997	   1	    C   
     120    7    5    2        6390.834517	335	   2	    B-   
     003    7    5    2       11373.088556	614	   9	    A-   
     111    7    5    2        8611.778083	368	   4	    B-   
     014    7    5    2       15919.201361	785	   4	    B+   
     041    7    5    2       10121.903863	2129	   2	    B+   
     011    7    5    2        5925.249547	43	   17	    A+   
     100    7    5    2        3531.882355	97	   17	    A+   
     000    7    5    2         818.013410	14	   287	    A+   
     022    7    5    2       10804.781586	961	   7	    A+   
     031    7    5    2        8733.929870	1506	   4	    B-   
     006    7    5    2       20508.937685	360	   1	    C   
     040    7    5    2        6535.115667	250	   1	    C   
     102    7    5    2       10708.779349	978	   4	    B+   
     410    7    5    2       12562.337247	1818	   2	    B-   
     030    7    5    2        5125.394590	290	   8	    A+   
     023    7    5    2       14112.080220	195	   8	    A+   
     002    7    5    2        8016.710512	37	   11	    A+   
     013    7    5    2       12748.159572	129	   14	    A+   
     103    7    5    2       14052.603779	1198	   7	    A+   
     012    7    5    2        9417.626017	309	   6	    A-   
     021    7    5    2        7336.273799	219	   9	    A+   
     004    7    5    2       14571.123447	64	   17	    A+   
     400    7    5    2       11155.609085	1000	   1	    C   
     001    7    5    2        4499.242624	131	   12	    A+   
     310    7    5    2       10117.317080	376	   9	    A+   
     010    7    5    2        2268.993423	25	   30	    A+   
     201    7    5    2        9818.155639	491	   3	    B+   
     101    7    5    2        7201.962928	92	   32	    A+   
     042    7    5    2       13545.333103	2279	   2	    B-   
     200    7    5    2        6159.423324	50	   10	    A+   
     005    7    5    2       17614.226064	182	   6	    A+   
     023    7    6    2       14272.183020	194	   5	    B+   
     040    7    6    2        6786.028741	42	   2	    B+   
     111    7    6    2        8780.385841	408	   3	    B-   
     005    7    6    2       17728.098824	40	   6	    A+   
     011    7    6    2        6093.981684	34	   19	    A+   
     210    7    6    2        7763.267725	73	   9	    A+   
     310    7    6    2       10293.190228	424	   8	    A+   
     014    7    6    2       16054.664218	43	   5	    B+   
     500    7    6    2       13686.297428	1570	   3	    B-   
     000    7    6    2         981.128119	18	   238	    A+   
     002    7    6    2        8159.322752	52	   9	    A+   
     102    7    6    2       10851.368826	893	   4	    B+   
     201    7    6    2        9969.534549	576	   4	    B+   
     110    7    6    2        5148.908641	158	   9	    A+   
     030    7    6    2        5349.538416	269	   6	    A+   
     200    7    6    2        6320.156828	37	   8	    A+   
     003    7    6    2       11505.868518	473	   7	    A+   
     021    7    6    2        7523.468680	149	   15	    A+   
     015    7    6    2       19059.152014	4997	   1	    C   
     006    7    6    2       20613.817914	166	   1	    C   
     041    7    6    2       10352.526637	1773	   2	    B-   
     121    7    6    2       10193.834360	491	   2	    B+   
     410    7    6    2       12735.676967	2499	   1	    C   
     202    7    6    2       13458.194567	2499	   1	    C   
     012    7    6    2        9574.888817	237	   5	    B-   
     004    7    6    2       14694.332536	41	   13	    A+   
     013    7    6    2       12894.321214	207	   11	    A+   
     022    7    6    2       10978.522329	1500	   3	    B-   
     120    7    6    2        6590.494214	250	   1	    C   
     100    7    6    2        3693.867636	92	   15	    A+   
     020    7    6    2        3904.898928	42	   20	    A+   
     010    7    6    2        2449.444244	26	   37	    A+   
     400    7    6    2       11314.487414	1000	   1	    C   
     031    7    6    2        8942.222527	470	   3	    B-   
     101    7    6    2        7354.111477	38	   24	    A+   
     301    7    6    2       12497.807067	2499	   1	    C   
     103    7    6    2       14186.667865	1447	   4	    B+   
     300    7    6    2        8861.041973	302	   3	    B-   
     001    7    6    2        4651.978928	149	   10	    A+   
     000    7    6    1         981.128014	17	   237	    A+   
     015    7    6    1       19059.152119	4997	   1	    C   
     020    7    6    1        3904.898725	38	   19	    A+   
     111    7    6    1        8780.385590	396	   3	    B-   
     500    7    6    1       13686.297319	1555	   3	    B-   
     110    7    6    1        5148.908963	137	   10	    A+   
     121    7    6    1       10193.834465	491	   2	    B+   
     102    7    6    1       10851.368874	837	   4	    B+   
     001    7    6    1        4651.979133	147	   11	    A+   
     120    7    6    1        6590.494319	251	   1	    C   
     040    7    6    1        6786.035405	46	   2	    B+   
     011    7    6    1        6093.981867	40	   21	    A+   
     003    7    6    1       11505.871498	489	   9	    A+   
     103    7    6    1       14186.669620	1394	   4	    B+   
     030    7    6    1        5349.537915	228	   6	    A+   
     010    7    6    1        2449.444246	26	   37	    A+   
     022    7    6    1       10978.522452	1500	   3	    B-   
     023    7    6    1       14272.183125	194	   5	    B+   
     210    7    6    1        7763.270286	76	   9	    A+   
     031    7    6    1        8942.222858	440	   3	    B-   
     410    7    6    1       12735.676299	2499	   1	    C   
     100    7    6    1        3693.867619	113	   15	    A+   
     012    7    6    1        9574.888778	235	   5	    B-   
     200    7    6    1        6320.156724	49	   8	    A+   
     201    7    6    1        9969.537520	385	   4	    B+   
     041    7    6    1       10352.526705	1771	   2	    B-   
     004    7    6    1       14694.332429	37	   13	    A+   
     202    7    6    1       13458.193899	2499	   1	    C   
     021    7    6    1        7523.468957	153	   15	    A+   
     400    7    6    1       11314.487519	1000	   1	    C   
     013    7    6    1       12894.321405	215	   11	    A+   
     014    7    6    1       16054.664324	45	   5	    B+   
     301    7    6    1       12497.806399	2499	   1	    C   
     006    7    6    1       20613.818019	166	   1	    C   
     002    7    6    1        8159.323136	79	   9	    A+   
     101    7    6    1        7354.111583	34	   24	    A+   
     310    7    6    1       10293.188471	849	   6	    A+   
     005    7    6    1       17728.099029	142	   7	    A+   
     300    7    6    1        8861.042006	324	   3	    B-   
     001    7    7    1        4830.367173	131	   8	    A+   
     006    7    7    1       20736.292850	181	   1	    C   
     004    7    7    1       14838.495446	33	   7	    A+   
     023    7    7    1       14457.904335	405	   4	    B+   
     200    7    7    1        6508.138300	53	   5	    B+   
     041    7    7    1       10614.641946	1920	   2	    B+   
     310    7    7    1       10496.533820	1691	   3	    B-   
     100    7    7    1        3883.075940	140	   9	    A+   
     011    7    7    1        6289.719671	32	   12	    A+   
     005    7    7    1       17861.385352	59	   3	    B+   
     101    7    7    1        7531.810054	33	   13	    A+   
     022    7    7    1       11179.007197	1494	   3	    B-   
     012    7    7    1        9757.514849	241	   5	    B-   
     500    7    7    1       13871.397870	1767	   2	    B-   
     300    7    7    1        9047.922943	300	   3	    B-   
     103    7    7    1       14342.391653	1815	   3	    B+   
     110    7    7    1        5356.449424	154	   6	    A+   
     301    7    7    1       12674.527390	2499	   1	    C   
     021    7    7    1        7738.869839	212	   11	    A+   
     201    7    7    1       10146.577806	490	   2	    B+   
     014    7    7    1       16212.283253	132	   2	    B+   
     400    7    7    1       11500.600550	1000	   1	    C   
     013    7    7    1       13064.239265	88	   6	    A+   
     102    7    7    1       11017.804402	899	   3	    B+   
     000    7    7    1        1171.531604	20	   136	    A+   
     111    7    7    1        8975.454370	441	   2	    B-   
     020    7    7    1        4135.477783	60	   12	    A+   
     030    7    7    1        5604.351653	367	   3	    B+   
     003    7    7    1       11661.135901	454	   5	    B-   
     002    7    7    1        8325.990627	36	   8	    A+   
     010    7    7    1        2658.607153	31	   23	    A+   
     004    7    7    0       14838.495398	32	   7	    A+   
     300    7    7    0        9047.922905	301	   3	    B-   
     100    7    7    0        3883.075707	129	   9	    A+   
     020    7    7    0        4135.477889	60	   12	    A+   
     201    7    7    0       10146.577775	490	   2	    B+   
     400    7    7    0       11500.600504	1000	   1	    C   
     005    7    7    0       17861.385305	59	   2	    B+   
     006    7    7    0       20736.292804	181	   1	    C   
     013    7    7    0       13064.239219	88	   6	    A+   
     041    7    7    0       10614.642104	2499	   1	    C   
     003    7    7    0       11661.135850	454	   5	    B-   
     012    7    7    0        9757.514802	243	   5	    B-   
     310    7    7    0       10496.533777	1698	   3	    B-   
     200    7    7    0        6508.138263	59	   5	    B+   
     500    7    7    0       13871.397832	1767	   2	    B-   
     102    7    7    0       11017.804363	901	   3	    B+   
     301    7    7    0       12674.527360	2499	   1	    C   
     002    7    7    0        8325.990631	34	   7	    A+   
     023    7    7    0       14457.904289	405	   4	    B+   
     030    7    7    0        5604.351597	357	   3	    B+   
     000    7    7    0        1171.531650	21	   135	    A+   
     010    7    7    0        2658.607046	28	   23	    A+   
     111    7    7    0        8975.454332	433	   2	    B-   
     001    7    7    0        4830.367141	129	   8	    A+   
     011    7    7    0        6289.719614	33	   14	    A+   
     022    7    7    0       11179.007158	1495	   3	    B-   
     014    7    7    0       16212.283207	131	   2	    B+   
     021    7    7    0        7738.869794	210	   11	    A+   
     110    7    7    0        5356.449404	151	   6	    A+   
     101    7    7    0        7531.809961	36	   12	    A+   
     103    7    7    0       14342.391623	1816	   3	    B+   
     311    8    0    8       13400.637124	1515	   3	    B-   
     120    8    0    8        6014.256907	35	   7	    A+   
     021    8    0    8        6956.937412	34	   26	    A+   
     200    8    0    8        5859.191385	31	   10	    A+   
     040    8    0    8        5931.592281	291	   3	    B+   
     005    8    0    8       17400.472048	31	   13	    A+   
     101    8    0    8        6914.079577	25	   36	    A+   
     300    8    0    8        8404.951382	346	   6	    A+   
     000    8    0    8         512.515791	12	   357	    A+   
     201    8    0    8        9532.517739	285	   6	    A+   
     113    8    0    8       15146.640669	225	   1	    C   
     015    8    0    8       18687.657565	115	   5	    B+   
     500    8    0    8       13237.432738	489	   10	    A+   
     230    8    0    8        9995.545652	494	   3	    B+   
     023    8    0    8       13769.320253	51	   9	    A+   
     022    8    0    8       10430.010862	565	   14	    A+   
     031    8    0    8        8256.701585	284	   5	    B+   
     050    8    0    8        7205.660469	41	   2	    B+   
     102    8    0    8       10462.567788	701	   10	    A+   
     110    8    0    8        4605.572365	235	   12	    A+   
     210    8    0    8        7243.035708	33	   11	    A+   
     014    8    0    8       15652.568924	30	   10	    A+   
     142    8    0    8       15658.018952	63	   8	    A+   
     041    8    0    8        9551.481166	1776	   2	    B-   
     301    8    0    8       12064.345416	1819	   2	    B-   
     070    8    0    8        9609.942569	2499	   1	    C   
     030    8    0    8        4656.481733	141	   13	    A+   
     220    8    0    8        8585.435338	500	   1	    C   
     020    8    0    8        3294.196703	23	   27	    A+   
     112    8    0    8       11808.886369	1000	   1	    C   
     150    8    0    8        9881.371187	1348	   4	    B-   
     006    8    0    8       20311.016579	123	   2	    B-   
     121    8    0    8        9658.034566	2005	   2	    B-   
     011    8    0    8        5595.063243	30	   19	    A+   
     400    8    0    8       10860.074509	602	   3	    B-   
     100    8    0    8        3227.669336	38	   22	    A+   
     001    8    0    8        4213.756896	132	   7	    A+   
     024    8    0    8       16940.875707	157	   5	    B+   
     002    8    0    8        7750.465256	30	   8	    A-   
     410    8    0    8       12236.009166	2549	   2	    B-   
     103    8    0    8       13818.280328	291	   9	    A+   
     013    8    0    8       12462.241669	21	   10	    A+   
     111    8    0    8        8310.791222	888	   4	    B-   
     310    8    0    8        9777.583860	337	   5	    B+   
     122    8    0    8       13139.645160	1793	   2	    B-   
     032    8    0    8       11740.001620	2499	   1	    C   
     012    8    0    8        9110.156387	225	   6	    A+   
     106    8    0    8       22919.702864	292	   2	    B+   
     003    8    0    8       11125.184497	391	   7	    A-   
     010    8    0    8        1915.344955	17	   51	    A+   
     004    8    0    8       14340.602060	46	   14	    A+   
     202    8    0    8       13052.995352	1282	   4	    B-   
     007    8    0    8       23094.522726	512	   2	    B+   
     061    8    1    8       12070.079266	2072	   2	    B-   
     300    8    1    8        8405.738467	250	   6	    A+   
     014    8    1    8       15653.078657	15	   9	    A+   
     120    8    1    8        6016.049311	36	   8	    A+   
     101    8    1    8        6914.660547	29	   35	    A+   
     030    8    1    8        4658.062483	140	   7	    A+   
     500    8    1    8       13238.322937	358	   10	    A+   
     070    8    1    8        9645.217866	1801	   2	    B-   
     112    8    1    8       11809.503363	999	   1	    C   
     005    8    1    8       17400.576762	18	   13	    A+   
     021    8    1    8        6957.796730	37	   22	    A+   
     150    8    1    8        9888.579316	1770	   2	    B-   
     006    8    1    8       20311.224427	42	   2	    B-   
     023    8    1    8       13769.728865	26	   10	    A+   
     080    8    1    8       10846.642463	999	   1	    C   
     040    8    1    8        5934.438078	252	   7	    A+   
     011    8    1    8        5595.715822	24	   23	    A+   
     111    8    1    8        8311.746504	783	   3	    B-   
     000    8    1    8         513.207158	9	   360	    A+   
     400    8    1    8       10861.108201	718	   2	    B-   
     001    8    1    8        4214.259555	114	   9	    A+   
     050    8    1    8        7211.011085	190	   4	    B+   
     024    8    1    8       16939.864295	134	   4	    B+   
     102    8    1    8       10463.058722	633	   10	    A+   
     221    8    1    8       12196.842963	2499	   1	    C   
     121    8    1    8        9663.014666	1782	   2	    B-   
     031    8    1    8        8257.827751	642	   3	    B+   
     002    8    1    8        7750.821529	51	   6	    A-   
     330    8    1    8       12451.705638	2499	   1	    C   
     106    8    1    8       22919.894023	500	   1	    C   
     410    8    1    8       12237.314966	2933	   2	    B-   
     311    8    1    8       13397.692313	1391	   4	    B-   
     103    8    1    8       13818.557221	128	   11	    A+   
     013    8    1    8       12462.557964	20	   8	    A+   
     012    8    1    8        9110.615399	220	   7	    A+   
     100    8    1    8        3228.407771	33	   24	    A+   
     110    8    1    8        4606.858683	481	   6	    A-   
     201    8    1    8        9533.271546	349	   4	    B+   
     310    8    1    8        9778.611930	284	   9	    A+   
     122    8    1    8       13138.812238	2499	   1	    C   
     210    8    1    8        7244.828504	70	   13	    A+   
     113    8    1    8       15146.977063	330	   1	    C   
     200    8    1    8        5859.950701	37	   6	    A+   
     032    8    1    8       11740.997104	2060	   2	    B-   
     142    8    1    8       15660.401406	87	   5	    B+   
     510    8    1    8       14616.746738	2499	   1	    C   
     015    8    1    8       18687.800623	144	   5	    B+   
     010    8    1    8        1916.245485	14	   51	    A+   
     022    8    1    8       10430.519797	664	   12	    A+   
     301    8    1    8       12063.425316	2790	   2	    B-   
     004    8    1    8       14340.759735	27	   13	    A+   
     020    8    1    8        3295.443105	30	   30	    A+   
     202    8    1    8       13053.535764	1541	   3	    B-   
     003    8    1    8       11125.430759	411	   8	    A-   
     007    8    1    8       23094.089569	650	   1	    C   
     041    8    1    8        9556.961983	487	   3	    B+   
     230    8    1    8        9999.313954	1800	   4	    B-   
     000    8    1    7         598.563066	11	   377	    A+   
     024    8    1    7       17041.775112	498	   5	    B+   
     500    8    1    7       13312.120890	942	   10	    A+   
     010    8    1    7        2009.076951	14	   53	    A+   
     150    8    1    7       10107.707996	1771	   2	    B+   
     201    8    1    7        9617.381372	348	   5	    B+   
     310    8    1    7        9866.157415	338	   9	    A+   
     041    8    1    7        9673.434672	2499	   1	    C   
     013    8    1    7       12556.455450	17	   12	    A+   
     230    8    1    7       10003.354276	1717	   3	    B-   
     221    8    1    7       12299.640346	2499	   1	    C   
     023    8    1    7       13868.423871	600	   14	    A+   
     300    8    1    7        8484.634027	273	   5	    B-   
     410    8    1    7       12326.147409	2273	   2	    B-   
     320    8    1    7       11214.006846	999	   1	    C   
     311    8    1    7       13489.465846	2499	   1	    C   
     330    8    1    7       12558.524865	443	   5	    B+   
     111    8    1    7        8359.817492	292	   3	    B-   
     100    8    1    7        3312.395750	79	   19	    A+   
     002    8    1    7        7836.987453	20	   11	    A+   
     006    8    1    7       20395.295946	195	   1	    C   
     113    8    1    7       15241.612846	285	   1	    C   
     210    8    1    7        7321.958655	43	   3	    B+   
     022    8    1    7       10558.040562	723	   8	    A+   
     042    8    1    7       13145.240746	2499	   1	    C   
     103    8    1    7       13906.486374	741	   10	    A+   
     400    8    1    7       10937.762079	805	   3	    B-   
     014    8    1    7       15747.301957	93	   5	    B+   
     110    8    1    7        4703.474798	157	   12	    A+   
     003    8    1    7       11211.575296	341	   12	    A+   
     102    8    1    7       10521.901763	520	   17	    A+   
     015    8    1    7       18780.892919	93	   5	    B+   
     070    8    1    7        9788.749609	1907	   2	    B-   
     050    8    1    7        7345.788208	185	   12	    A+   
     040    8    1    7        6046.241717	650	   4	    B-   
     101    8    1    7        7000.600449	29	   38	    A+   
     121    8    1    7        9755.836616	406	   4	    B+   
     005    8    1    7       17485.846960	24	   10	    A+   
     112    8    1    7       11905.993346	999	   1	    C   
     122    8    1    7       13240.439646	2499	   1	    C   
     004    8    1    7       14426.650143	17	   13	    A+   
     011    8    1    7        5689.257056	22	   21	    A+   
     021    8    1    7        7057.291182	41	   21	    A+   
     031    8    1    7        8411.459510	388	   2	    B-   
     200    8    1    7        5941.430320	25	   9	    A+   
     301    8    1    7       12144.706359	2173	   2	    B-   
     030    8    1    7        4760.389108	110	   13	    A+   
     001    8    1    7        4300.158488	114	   8	    A+   
     020    8    1    7        3395.168062	25	   25	    A+   
     120    8    1    7        6117.854869	41	   9	    A+   
     012    8    1    7        9204.518656	195	   9	    A-   
     111    8    2    7        8374.410593	244	   5	    B-   
     001    8    2    7        4309.224409	102	   10	    A+   
     103    8    2    7       13912.759971	275	   15	    A+   
     012    8    2    7        9213.154091	187	   10	    A+   
     112    8    2    7       11916.926772	999	   1	    C   
     000    8    2    7         609.946512	11	   398	    A+   
     210    8    2    7        7341.049099	120	   16	    A+   
     006    8    2    7       20399.014172	240	   1	    C   
     301    8    2    7       12155.030659	1868	   2	    B-   
     041    8    2    7        9699.018642	1550	   3	    B-   
     040    8    2    7        6074.531236	546	   4	    B-   
     200    8    2    7        5953.356956	28	   9	    A+   
     005    8    2    7       17488.637926	68	   7	    A+   
     150    8    2    7       10148.130372	2499	   1	    C   
     121    8    2    7        9774.609472	2499	   1	    C   
     003    8    2    7       11216.921648	362	   9	    A-   
     120    8    2    7        6142.126600	60	   11	    A+   
     122    8    2    7       13253.518590	1806	   2	    B-   
     024    8    2    7       17047.455517	107	   5	    B+   
     101    8    2    7        7010.263282	23	   42	    A+   
     004    8    2    7       14430.612578	21	   25	    A+   
     015    8    2    7       18784.300749	185	   5	    B+   
     500    8    2    7       13325.228329	920	   10	    A+   
     310    8    2    7        9879.965610	385	   11	    A+   
     002    8    2    7        7844.033056	23	   10	    A-   
     250    8    2    7       12749.613191	1855	   2	    B-   
     022    8    2    7       10568.139826	696	   9	    A+   
     311    8    2    7       13503.750740	1767	   2	    B-   
     013    8    2    7       12563.013556	57	   11	    A+   
     014    8    2    7       15752.152877	110	   6	    A+   
     400    8    2    7       10950.120577	722	   3	    B-   
     100    8    2    7        3324.141306	55	   23	    A+   
     010    8    2    7        2023.048137	14	   51	    A+   
     102    8    2    7       10530.131276	508	   17	    A+   
     021    8    2    7        7071.322264	40	   26	    A+   
     201    8    2    7        9627.304581	224	   7	    A+   
     202    8    2    7       13138.124792	1519	   3	    B-   
     007    8    2    7       23178.404272	165	   1	    C   
     300    8    2    7        8496.883298	244	   5	    B-   
     023    8    2    7       13875.936974	27	   12	    A+   
     020    8    2    7        3413.012294	26	   33	    A+   
     230    8    2    7       10040.738835	1688	   3	    B-   
     070    8    2    7        9914.948134	2156	   2	    B+   
     031    8    2    7        8427.827744	318	   3	    B-   
     011    8    2    7        5700.392825	20	   28	    A+   
     110    8    2    7        4719.468206	136	   10	    A+   
     030    8    2    7        4782.755526	132	   13	    A+   
     410    8    2    7       12342.510772	2499	   1	    C   
     201    8    2    6        9670.130651	299	   4	    B+   
     030    8    2    6        4828.795717	125	   11	    A+   
     006    8    2    6       20455.290477	109	   2	    B-   
     003    8    2    6       11268.032203	372	   11	    A+   
     002    8    2    6        7892.534356	29	   5	    B-   
     111    8    2    6        8422.498179	355	   5	    B+   
     100    8    2    6        3365.932321	74	   21	    A+   
     300    8    2    6        8535.261526	270	   5	    B-   
     041    8    2    6        9749.971922	1895	   2	    B-   
     012    8    2    6        9264.594361	182	   11	    A+   
     021    8    2    6        7121.043238	34	   19	    A+   
     000    8    2    6         653.088660	11	   371	    A+   
     020    8    2    6        3459.534229	28	   28	    A+   
     010    8    2    6        2068.421577	14	   48	    A+   
     004    8    2    6       14484.213574	16	   17	    A+   
     005    8    2    6       17544.559027	56	   8	    A+   
     200    8    2    6        5993.480261	34	   6	    A+   
     310    8    2    6        9921.508385	344	   11	    A+   
     031    8    2    6        8476.652257	745	   2	    B-   
     102    8    2    6       10578.457314	547	   12	    A+   
     101    8    2    6        7054.912408	27	   37	    A+   
     106    8    2    6       23063.553416	500	   1	    C   
     015    8    2    6       18844.248727	529	   3	    B+   
     110    8    2    6        4764.335026	116	   11	    A+   
     023    8    2    6       13930.377180	129	   12	    A+   
     150    8    2    6       10188.255466	2499	   1	    C   
     013    8    2    6       12617.445863	19	   13	    A+   
     500    8    2    6       13359.771594	1023	   9	    A+   
     103    8    2    6       13963.920770	277	   6	    A+   
     120    8    2    6        6186.822617	52	   8	    A+   
     400    8    2    6       10987.365330	1198	   2	    B-   
     210    8    2    6        7384.497296	27	   15	    A+   
     121    8    2    6        9823.941069	441	   5	    B+   
     001    8    2    6        4355.054475	112	   7	    A+   
     311    8    2    6       13547.209566	2114	   2	    B+   
     024    8    2    6       17106.441871	130	   2	    B+   
     070    8    2    6        9938.277408	1320	   4	    B+   
     014    8    2    6       15809.394155	28	   6	    A+   
     040    8    2    6        6120.452502	484	   5	    B-   
     022    8    2    6       10620.777014	793	   7	    A+   
     011    8    2    6        5748.793766	21	   20	    A+   
     202    8    2    6       13184.947066	2499	   1	    C   
     230    8    2    6       10084.595585	1643	   4	    B-   
     310    8    3    6        9977.542455	340	   8	    A+   
     221    8    3    6       12412.638072	1811	   3	    B-   
     004    8    3    6       14509.665194	201	   19	    A+   
     301    8    3    6       12240.714396	1858	   3	    B-   
     041    8    3    6        9898.005267	1470	   3	    B-   
     001    8    3    6        4397.393590	126	   9	    A+   
     500    8    3    6       13410.025339	980	   10	    A+   
     000    8    3    6         701.620329	9	   383	    A+   
     003    8    3    6       11298.776747	354	   12	    A-   
     120    8    3    6        6275.761276	96	   3	    B+   
     210    8    3    6        7442.530662	45	   16	    A+   
     020    8    3    6        3526.893448	25	   27	    A+   
     132    8    3    6       14693.486155	2172	   2	    B-   
     022    8    3    6       10669.086882	812	   8	    A+   
     014    8    3    6       15839.204665	73	   5	    B+   
     121    8    3    6        9828.901583	374	   5	    B+   
     102    8    3    6       10616.811301	853	   7	    A+   
     112    8    3    6       12020.787978	999	   1	    C   
     002    8    3    6        7928.920561	20	   13	    A+   
     110    8    3    6        4823.479248	109	   15	    A+   
     005    8    3    6       17565.134690	55	   11	    A+   
     013    8    3    6       12653.171670	24	   14	    A+   
     103    8    3    6       14001.681281	90	   7	    A+   
     111    8    3    6        8479.148320	571	   3	    B-   
     040    8    3    6        6203.241678	250	   1	    C   
     410    8    3    6       12431.998566	2499	   1	    C   
     021    8    3    6        7179.372525	118	   17	    A+   
     023    8    3    6       13968.543855	849	   12	    A+   
     200    8    3    6        6042.466637	31	   13	    A+   
     006    8    3    6       20471.350578	300	   1	    C   
     230    8    3    6       10200.179278	2499	   1	    C   
     100    8    3    6        3414.884186	63	   20	    A+   
     400    8    3    6       11037.259123	995	   2	    B-   
     024    8    3    6       17140.871543	122	   3	    B+   
     030    8    3    6        4908.896485	138	   12	    A+   
     300    8    3    6        8584.419000	225	   8	    A-   
     201    8    3    6        9713.787819	376	   5	    B+   
     015    8    3    6       18868.020302	542	   2	    B+   
     010    8    3    6        2124.976687	15	   56	    A+   
     070    8    3    6       10146.268678	2499	   1	    C   
     011    8    3    6        5798.134304	23	   19	    A+   
     101    8    3    6        7098.284214	27	   44	    A+   
     311    8    3    6       13598.730978	1801	   2	    B+   
     202    8    3    6       13224.410645	1836	   2	    B-   
     012    8    3    6        9306.943410	168	   11	    A-   
     031    8    3    6        8544.119672	353	   3	    B-   
     003    8    3    5       11315.209124	322	   12	    A+   
     070    8    3    5       10152.231148	2499	   1	    C   
     004    8    3    5       14528.682280	26	   20	    A+   
     013    8    3    5       12669.960854	27	   19	    A+   
     221    8    3    5       12421.799248	2499	   1	    C   
     030    8    3    5        4917.293045	163	   9	    A+   
     023    8    3    5       13983.528443	861	   11	    A+   
     022    8    3    5       10682.815429	705	   8	    A+   
     101    8    3    5        7109.657124	29	   35	    A+   
     031    8    3    5        8553.726416	384	   3	    B-   
     110    8    3    5        4833.224222	162	   9	    A+   
     102    8    3    5       10630.604452	554	   11	    A+   
     200    8    3    5        6051.544967	27	   10	    A+   
     020    8    3    5        3536.354199	24	   28	    A+   
     103    8    3    5       14017.810246	177	   10	    A+   
     000    8    3    5         711.795319	9	   370	    A+   
     122    8    3    5       13375.204748	2499	   1	    C   
     210    8    3    5        7451.814487	48	   17	    A+   
     024    8    3    5       17160.302099	559	   2	    B-   
     015    8    3    5       18890.962754	140	   2	    B+   
     100    8    3    5        3424.519590	83	   21	    A+   
     310    8    3    5        9986.302698	280	   11	    A+   
     011    8    3    5        5810.141252	24	   23	    A+   
     201    8    3    5        9724.412769	493	   3	    B+   
     001    8    3    5        4409.397227	106	   10	    A+   
     301    8    3    5       12250.145110	1818	   2	    B-   
     230    8    3    5       10206.172360	1862	   2	    B+   
     111    8    3    5        8489.640257	398	   4	    B-   
     041    8    3    5        9905.737339	1770	   2	    B-   
     021    8    3    5        7190.821505	36	   21	    A+   
     311    8    3    5       13608.496798	1966	   2	    B+   
     014    8    3    5       15858.652315	92	   6	    A+   
     121    8    3    5        9838.900971	490	   2	    B+   
     010    8    3    5        2135.054951	15	   58	    A+   
     120    8    3    5        6283.071552	73	   3	    B+   
     410    8    3    5       12440.260689	2953	   2	    B-   
     005    8    3    5       17586.962004	453	   7	    A+   
     002    8    3    5        7943.011162	30	   11	    A+   
     300    8    3    5        8592.551278	235	   5	    B-   
     202    8    3    5       13236.867955	2443	   2	    B-   
     006    8    3    5       20496.148069	139	   2	    B-   
     500    8    3    5       13417.034249	1005	   8	    A-   
     400    8    3    5       11045.106751	817	   2	    B-   
     012    8    3    5        9321.190478	198	   7	    A-   
     112    8    3    5       12033.802648	999	   1	    C   
     301    8    4    5       12339.199269	2566	   2	    B-   
     013    8    4    5       12751.589464	31	   15	    A+   
     006    8    4    5       20545.017489	500	   1	    C   
     022    8    4    5       10785.256120	745	   7	    A+   
     101    8    4    5        7198.748786	23	   32	    A+   
     001    8    4    5        4497.973017	178	   7	    A+   
     221    8    4    5       12563.448601	2096	   2	    B-   
     500    8    4    5       13511.998501	1454	   3	    B-   
     005    8    4    5       17643.342264	59	   12	    A+   
     023    8    4    5       14062.182330	1053	   8	    A+   
     041    8    4    5       10051.273292	1818	   2	    B-   
     024    8    4    5       17238.887389	300	   1	    C   
     002    8    4    5        8023.409036	25	   10	    A+   
     102    8    4    5       10712.792809	794	   6	    A+   
     004    8    4    5       14592.983137	42	   15	    A+   
     100    8    4    5        3521.012306	79	   19	    A+   
     042    8    4    5       13497.756519	2121	   2	    B-   
     011    8    4    5        5910.358588	23	   22	    A+   
     020    8    4    5        3661.859445	26	   24	    A+   
     310    8    4    5       10092.513993	310	   12	    A+   
     300    8    4    5        8688.721787	256	   5	    B-   
     031    8    4    5        8683.916030	298	   4	    B-   
     021    8    4    5        7305.239437	43	   19	    A+   
     410    8    4    5       12534.384269	1922	   2	    B-   
     111    8    4    5        8593.832141	227	   5	    B-   
     210    8    4    5        7560.080785	41	   17	    A+   
     230    8    4    5       10323.143439	1789	   2	    B+   
     012    8    4    5        9412.032619	182	   10	    A+   
     030    8    4    5        5061.766877	182	   9	    A+   
     103    8    4    5       14105.213318	279	   7	    A+   
     201    8    4    5        9813.242107	410	   5	    B+   
     014    8    4    5       15931.203294	80	   5	    B+   
     003    8    4    5       11387.499650	415	   7	    A-   
     400    8    4    5       11140.519641	727	   2	    B-   
     110    8    4    5        4943.659276	115	   11	    A+   
     200    8    4    5        6147.360201	126	   6	    A+   
     010    8    4    5        2244.607986	16	   57	    A+   
     120    8    4    5        6447.021906	50	   2	    B+   
     000    8    4    5         808.562922	13	   293	    A+   
     202    8    4    5       13318.609948	2499	   1	    C   
     100    8    4    4        3521.771417	78	   16	    A+   
     101    8    4    4        7199.733269	23	   35	    A+   
     111    8    4    4        8594.513813	356	   2	    B-   
     500    8    4    4       13512.470037	1498	   5	    B+   
     005    8    4    4       17646.797586	115	   6	    A+   
     102    8    4    4       10714.119280	829	   7	    A+   
     004    8    4    4       14595.588717	38	   16	    A+   
     014    8    4    4       15933.878774	62	   4	    B+   
     000    8    4    4         809.393295	13	   330	    A+   
     310    8    4    4       10093.189990	313	   10	    A+   
     120    8    4    4        6447.410725	52	   2	    B+   
     001    8    4    4        4499.076475	97	   12	    A+   
     311    8    4    4       13710.323487	1814	   2	    B-   
     024    8    4    4       17241.163607	600	   1	    C   
     013    8    4    4       12753.276601	38	   9	    A+   
     210    8    4    4        7560.777184	41	   9	    A+   
     022    8    4    4       10786.539873	795	   8	    A+   
     011    8    4    4        5911.398259	27	   18	    A+   
     121    8    4    4        9967.897407	2499	   1	    C   
     103    8    4    4       14106.946119	225	   8	    A+   
     300    8    4    4        8689.292926	377	   5	    B-   
     302    8    4    4       15838.464320	308	   4	    B+   
     021    8    4    4        7306.161898	38	   20	    A+   
     061    8    4    4       12754.768334	1235	   5	    B+   
     041    8    4    4       10051.247122	2499	   1	    C   
     031    8    4    4        8683.985609	493	   4	    B-   
     015    8    4    4       18957.836567	4997	   1	    C   
     030    8    4    4        5062.294497	222	   7	    A+   
     201    8    4    4        9814.161960	640	   5	    B+   
     002    8    4    4        8024.879066	23	   13	    A+   
     200    8    4    4        6148.057112	34	   8	    A+   
     023    8    4    4       14063.914156	892	   11	    A+   
     006    8    4    4       20549.545607	165	   1	    C   
     010    8    4    4        2245.380742	18	   48	    A+   
     003    8    4    4       11389.456710	368	   10	    A+   
     012    8    4    4        9413.437309	221	   9	    A-   
     400    8    4    4       11141.090522	1000	   1	    C   
     301    8    4    4       12340.211878	2499	   1	    C   
     110    8    4    4        4944.391318	111	   12	    A+   
     040    8    4    4        6345.515207	250	   1	    C   
     020    8    4    4        3662.525116	31	   25	    A+   
     100    8    5    4        3654.014554	90	   16	    A+   
     013    8    5    4       12871.967317	416	   14	    A+   
     111    8    5    4        8733.914185	500	   1	    C   
     014    8    5    4       16042.765448	882	   5	    B+   
     002    8    5    4        8140.306671	27	   11	    A+   
     102    8    5    4       10830.047043	1625	   3	    B+   
     301    8    5    4       12463.450514	1795	   2	    B-   
     101    8    5    4        7323.651439	35	   25	    A+   
     022    8    5    4       10929.385495	2216	   4	    B+   
     300    8    5    4        8818.763131	345	   4	    B-   
     011    8    5    4        6049.770121	70	   18	    A+   
     310    8    5    4       10235.804264	360	   10	    A+   
     030    8    5    4        5251.037399	221	   8	    A+   
     031    8    5    4        8859.114726	500	   1	    C   
     410    8    5    4       12678.024626	2499	   1	    C   
     004    8    5    4       14693.914377	211	   15	    A+   
     151    8    5    4       14236.633726	2499	   1	    C   
     103    8    5    4       14173.634407	2499	   1	    C   
     023    8    5    4       14236.186507	195	   3	    B+   
     041    8    5    4       10246.744105	1891	   2	    B-   
     121    8    5    4       10127.983326	2499	   1	    C   
     201    8    5    4        9937.416726	348	   5	    B+   
     001    8    5    4        4623.290619	119	   11	    A+   
     500    8    5    4       13640.991907	2499	   1	    C   
     000    8    5    4         942.532350	15	   240	    A+   
     012    8    5    4        9541.775416	246	   7	    A-   
     110    8    5    4        5092.284775	125	   11	    A+   
     210    8    5    4        7706.398040	95	   4	    B+   
     003    8    5    4       11496.253111	417	   8	    A-   
     400    8    5    4       11270.627126	1000	   1	    C   
     020    8    5    4        3829.485970	39	   21	    A+   
     200    8    5    4        6279.166467	139	   7	    A+   
     120    8    5    4        6513.718626	250	   1	    C   
     010    8    5    4        2393.904560	22	   33	    A+   
     005    8    5    4       17736.672801	60	   3	    B-   
     021    8    5    4        7461.215052	576	   7	    A+   
     040    8    5    4        6661.082726	250	   1	    C   
     023    8    5    3       14236.339000	130	   5	    B+   
     120    8    5    3        6513.725310	250	   1	    C   
     010    8    5    3        2393.930864	23	   41	    A+   
     013    8    5    3       12872.061085	186	   14	    A+   
     103    8    5    3       14173.686295	2499	   1	    C   
     100    8    5    3        3654.041208	97	   16	    A+   
     040    8    5    3        6661.089410	250	   1	    C   
     004    8    5    3       14694.037663	153	   17	    A+   
     014    8    5    3       16042.891726	451	   5	    B+   
     301    8    5    3       12463.507889	2499	   1	    C   
     041    8    5    3       10246.806530	1941	   2	    B-   
     003    8    5    3       11496.351005	387	   7	    A-   
     121    8    5    3       10128.003479	3164	   2	    B-   
     030    8    5    3        5251.046886	440	   5	    B+   
     011    8    5    3        6049.795857	34	   17	    A+   
     201    8    5    3        9937.456070	491	   3	    B+   
     031    8    5    3        8859.193910	500	   1	    C   
     400    8    5    3       11270.633810	1000	   1	    C   
     300    8    5    3        8818.779787	366	   4	    B-   
     022    8    5    3       10929.432350	2499	   1	    C   
     102    8    5    3       10830.112188	942	   5	    B+   
     020    8    5    3        3829.507501	34	   22	    A+   
     210    8    5    3        7706.421584	78	   10	    A+   
     012    8    5    3        9541.834620	221	   8	    A-   
     021    8    5    3        7461.242683	431	   6	    A+   
     001    8    5    3        4623.334528	120	   12	    A+   
     002    8    5    3        8140.370855	33	   8	    A+   
     110    8    5    3        5092.307970	162	   8	    A+   
     200    8    5    3        6279.178524	37	   6	    A+   
     101    8    5    3        7323.692148	33	   25	    A+   
     111    8    5    3        8733.939139	1763	   2	    B-   
     410    8    5    3       12678.034349	1867	   2	    B-   
     500    8    5    3       13641.023726	3262	   2	    B+   
     005    8    5    3       17736.894643	241	   7	    A+   
     310    8    5    3       10235.826636	438	   10	    A+   
     000    8    5    3         942.562085	11	   244	    A+   
     310    8    6    3       10410.108701	429	   9	    A+   
     041    8    6    3       10477.551933	1948	   2	    B-   
     103    8    6    3       14306.836014	2110	   3	    B+   
     021    8    6    3        7647.752247	253	   15	    A+   
     410    8    6    3       12850.371828	2140	   2	    B-   
     030    8    6    3        5474.558235	243	   9	    A+   
     001    8    6    3        4775.373135	105	   13	    A+   
     101    8    6    3        7475.110734	36	   20	    A+   
     005    8    6    3       17849.919217	135	   7	    A+   
     002    8    6    3        8282.255801	61	   7	    A+   
     110    8    6    3        5270.716031	398	   6	    A+   
     031    8    6    3        9066.942819	500	   1	    C   
     120    8    6    3        6712.648083	276	   2	    B-   
     210    8    6    3        7882.625122	192	   9	    A+   
     011    8    6    3        6217.824752	33	   18	    A+   
     020    8    6    3        4029.532381	58	   18	    A+   
     004    8    6    3       14816.442335	107	   13	    A+   
     003    8    6    3       11628.368462	452	   6	    A-   
     000    8    6    3        1105.003454	18	   203	    A+   
     500    8    6    3       13798.087754	1839	   2	    B-   
     100    8    6    3        3815.334844	115	   17	    A+   
     013    8    6    3       13017.465097	294	   11	    A+   
     102    8    6    3       10971.921873	1030	   4	    B+   
     301    8    6    3       12613.960180	2311	   2	    B-   
     121    8    6    3       10315.627646	2499	   1	    C   
     060    8    6    3        9773.902059	1911	   2	    B-   
     023    8    6    3       14395.961825	1254	   5	    B+   
     014    8    6    3       16177.536338	115	   4	    B+   
     022    8    6    3       11102.508680	900	   3	    B+   
     300    8    6    3        8977.708710	322	   4	    B-   
     200    8    6    3        6439.213284	91	   9	    A+   
     111    8    6    3        8901.776906	406	   4	    B-   
     040    8    6    3        6911.456246	250	   1	    C   
     012    8    6    3        9698.358931	304	   4	    B-   
     010    8    6    3        2573.695794	30	   37	    A+   
     201    8    6    3       10088.065211	485	   3	    B+   
     030    8    6    2        5474.555745	215	   8	    A+   
     004    8    6    2       14816.441450	54	   13	    A+   
     014    8    6    2       16177.536177	115	   4	    B+   
     103    8    6    2       14306.842407	2379	   3	    B+   
     040    8    6    2        6911.450750	46	   2	    B+   
     110    8    6    2        5270.715961	382	   6	    A+   
     005    8    6    2       17849.919198	107	   6	    A+   
     101    8    6    2        7475.110566	55	   21	    A+   
     100    8    6    2        3815.335066	118	   17	    A+   
     201    8    6    2       10088.085312	493	   2	    B+   
     031    8    6    2        9066.942714	500	   1	    C   
     200    8    6    2        6439.212730	105	   9	    A+   
     020    8    6    2        4029.532089	51	   16	    A+   
     000    8    6    2        1105.003746	16	   204	    A+   
     002    8    6    2        8282.255736	40	   8	    A+   
     410    8    6    2       12850.368340	2510	   2	    B-   
     013    8    6    2       13017.465125	301	   11	    A+   
     210    8    6    2        7882.623160	108	   9	    A+   
     102    8    6    2       10971.917919	885	   3	    B+   
     021    8    6    2        7647.759563	92	   15	    A+   
     001    8    6    2        4775.373290	105	   15	    A+   
     023    8    6    2       14395.963017	1264	   5	    B+   
     120    8    6    2        6712.647884	277	   2	    B-   
     500    8    6    2       13798.085736	1802	   2	    B-   
     041    8    6    2       10477.551734	1949	   2	    B-   
     003    8    6    2       11628.367789	454	   6	    A-   
     301    8    6    2       12613.971705	2660	   2	    B-   
     011    8    6    2        6217.824698	33	   16	    A+   
     300    8    6    2        8977.707163	387	   4	    B-   
     010    8    6    2        2573.696074	32	   38	    A+   
     310    8    6    2       10410.104905	520	   8	    A+   
     012    8    6    2        9698.358464	299	   4	    B-   
     121    8    6    2       10315.681254	2499	   1	    C   
     111    8    6    2        8901.777739	429	   3	    B-   
     022    8    6    2       11102.508932	892	   3	    B+   
     100    8    7    2        4003.942580	111	   11	    A+   
     110    8    7    2        5477.632019	155	   6	    A+   
     000    8    7    2        1294.836536	18	   139	    A+   
     301    8    7    2       12790.032714	2499	   1	    C   
     004    8    7    2       14960.068101	35	   13	    A+   
     023    8    7    2       14581.119677	1477	   4	    B+   
     001    8    7    2        4953.195237	145	   9	    A+   
     013    8    7    2       13186.821364	270	   8	    A+   
     300    8    7    2        9163.951106	755	   2	    B-   
     041    8    7    2       10739.355405	1813	   2	    B+   
     011    8    7    2        6412.981237	36	   15	    A+   
     500    8    7    2       13982.530005	2499	   1	    C   
     014    8    7    2       16334.688308	151	   2	    B+   
     310    8    7    2       10612.773357	1129	   5	    B+   
     022    8    7    2       11302.443505	2499	   1	    C   
     101    8    7    2        7652.210604	94	   15	    A+   
     103    8    7    2       14461.898734	2078	   2	    B-   
     020    8    7    2        4259.520247	56	   15	    A+   
     010    8    7    2        2782.270360	28	   29	    A+   
     030    8    7    2        5728.798647	443	   7	    A-   
     201    8    7    2       10264.537232	634	   4	    B+   
     111    8    7    2        9096.211114	500	   1	    C   
     005    8    7    2       17982.760301	131	   2	    B+   
     002    8    7    2        8448.361145	46	   5	    B+   
     012    8    7    2        9880.415263	244	   5	    B-   
     003    8    7    2       11783.078020	510	   5	    B-   
     200    8    7    2        6626.560826	42	   6	    A+   
     102    8    7    2       11137.742151	928	   2	    B+   
     021    8    7    2        7862.590123	295	   10	    A+   
     022    8    7    1       11302.443536	2499	   1	    C   
     013    8    7    1       13186.821316	259	   8	    A+   
     014    8    7    1       16334.688339	151	   2	    B+   
     102    8    7    1       11137.742241	929	   2	    B+   
     021    8    7    1        7862.590212	291	   10	    A+   
     100    8    7    1        4003.942642	105	   12	    A+   
     041    8    7    1       10739.353336	2499	   1	    C   
     103    8    7    1       14461.898933	2077	   2	    B-   
     023    8    7    1       14581.119761	1478	   4	    B+   
     101    8    7    1        7652.210766	101	   16	    A+   
     000    8    7    1        1294.836505	18	   136	    A+   
     003    8    7    1       11783.078090	506	   5	    B-   
     310    8    7    1       10612.775148	1435	   4	    B+   
     020    8    7    1        4259.520243	55	   15	    A+   
     002    8    7    1        8448.361246	50	   6	    A+   
     200    8    7    1        6626.560857	40	   6	    A+   
     030    8    7    1        5728.798684	442	   7	    A-   
     011    8    7    1        6412.981650	63	   16	    A+   
     110    8    7    1        5477.631826	194	   5	    B+   
     201    8    7    1       10264.537410	635	   4	    B+   
     111    8    7    1        9096.211219	500	   1	    C   
     301    8    7    1       12790.032819	2499	   1	    C   
     005    8    7    1       17982.760332	131	   2	    B+   
     012    8    7    1        9880.415048	267	   6	    A-   
     500    8    7    1       13982.530036	2499	   1	    C   
     004    8    7    1       14960.068133	35	   13	    A+   
     001    8    7    1        4953.195257	146	   9	    A+   
     010    8    7    1        2782.270427	30	   28	    A+   
     300    8    7    1        9163.951208	742	   2	    B-   
     001    8    8    1        5155.652062	175	   7	    A+   
     500    8    8    1       14193.595700	1792	   2	    B+   
     300    8    8    1        9376.643277	500	   1	    C   
     000    8    8    1        1510.878552	21	   66	    A+   
     301    8    8    1       12990.932150	2499	   1	    C   
     030    8    8    1        6010.903614	292	   5	    B+   
     101    8    8    1        7853.952154	113	   4	    B+   
     022    8    8    1       11527.140964	1768	   2	    B-   
     103    8    8    1       14638.445250	2499	   1	    C   
     201    8    8    1       10465.654850	2499	   1	    C   
     100    8    8    1        4218.805730	203	   7	    A+   
     200    8    8    1        6840.274720	52	   5	    B+   
     004    8    8    1       15123.772851	421	   5	    B+   
     102    8    8    1       11326.646400	979	   2	    B+   
     003    8    8    1       11959.379814	716	   2	    B-   
     013    8    8    1       13378.745956	1531	   3	    B+   
     310    8    8    1       10842.906650	2499	   1	    C   
     020    8    8    1        4517.278016	217	   10	    A+   
     005    8    8    1       18134.098977	301	   1	    C   
     023    8    8    1       14790.263377	2499	   1	    C   
     014    8    8    1       16512.831577	4997	   1	    C   
     002    8    8    1        8637.560363	47	   5	    B-   
     011    8    8    1        6633.724988	37	   9	    A+   
     110    8    8    1        5711.649623	229	   7	    A+   
     010    8    8    1        3018.012853	36	   22	    A+   
     022    8    8    0       11527.140952	1768	   2	    B-   
     014    8    8    0       16512.831552	4997	   1	    C   
     010    8    8    0        3018.012834	34	   21	    A+   
     003    8    8    0       11959.379778	714	   2	    B-   
     030    8    8    0        6010.903571	289	   5	    B+   
     103    8    8    0       14638.445204	2499	   1	    C   
     201    8    8    0       10465.654804	2499	   1	    C   
     300    8    8    0        9376.643252	500	   1	    C   
     301    8    8    0       12990.932104	2499	   1	    C   
     310    8    8    0       10842.906604	2499	   1	    C   
     101    8    8    0        7853.952117	103	   4	    B+   
     004    8    8    0       15123.772828	421	   5	    B+   
     100    8    8    0        4218.805301	175	   7	    A+   
     020    8    8    0        4517.277994	217	   10	    A+   
     200    8    8    0        6840.274684	45	   5	    B+   
     023    8    8    0       14790.263352	2499	   1	    C   
     011    8    8    0        6633.724961	39	   9	    A+   
     102    8    8    0       11326.645304	1000	   1	    C   
     013    8    8    0       13378.745908	1533	   3	    B+   
     001    8    8    0        5155.652034	178	   7	    A+   
     500    8    8    0       14193.595654	1792	   2	    B+   
     005    8    8    0       18134.098952	301	   1	    C   
     110    8    8    0        5711.649671	225	   7	    A+   
     000    8    8    0        1510.878577	21	   67	    A+   
     002    8    8    0        8637.560329	44	   5	    B-   
     005    9    0    9       17514.520997	90	   8	    A+   
     001    9    0    9        4334.105648	147	   6	    A+   
     150    9    0    9        9999.878945	1535	   3	    B-   
     013    9    0    9       12578.659392	31	   11	    A+   
     301    9    0    9       12179.048675	1879	   2	    B-   
     014    9    0    9       15767.375886	192	   5	    B+   
     030    9    0    9        4777.040864	190	   10	    A+   
     020    9    0    9        3415.035990	28	   29	    A+   
     142    9    0    9       15772.763629	1478	   6	    A+   
     050    9    0    9        7325.714718	558	   5	    B+   
     230    9    0    9       10116.154891	2499	   1	    C   
     121    9    0    9        9781.916975	1827	   2	    B-   
     210    9    0    9        7360.816351	37	   13	    A+   
     201    9    0    9        9649.063661	348	   4	    B+   
     000    9    0    9         634.428151	13	   315	    A+   
     031    9    0    9        8374.649427	527	   2	    B+   
     221    9    0    9       12309.746391	2499	   1	    C   
     103    9    0    9       13933.759470	475	   9	    A+   
     410    9    0    9       12349.598591	2499	   1	    C   
     102    9    0    9       10579.897238	644	   11	    A+   
     040    9    0    9        6051.326976	446	   6	    A-   
     015    9    0    9       18800.889493	86	   2	    B+   
     002    9    0    9        7869.243562	27	   9	    A+   
     003    9    0    9       11242.388098	394	   10	    A+   
     011    9    0    9        5714.689716	29	   21	    A+   
     122    9    0    9       13252.439775	1791	   2	    B-   
     202    9    0    9       13168.146665	1916	   3	    B-   
     032    9    0    9       11856.589523	2053	   2	    B-   
     004    9    0    9       14456.223300	210	   9	    A+   
     006    9    0    9       20423.621698	196	   2	    B-   
     200    9    0    9        5977.076959	36	   7	    A+   
     110    9    0    9        4724.794353	169	   12	    A+   
     100    9    0    9        3347.534203	53	   20	    A+   
     310    9    0    9        9892.292468	292	   7	    A+   
     010    9    0    9        2036.573620	16	   53	    A+   
     012    9    0    9        9228.179180	227	   8	    A+   
     023    9    0    9       13884.928499	46	   9	    A+   
     120    9    0    9        6134.131379	62	   4	    B+   
     400    9    0    9       10974.451097	638	   3	    B-   
     111    9    0    9        8429.325264	291	   3	    B-   
     311    9    0    9       13515.715891	2499	   1	    C   
     024    9    0    9       17054.692697	561	   3	    B+   
     041    9    0    9        9670.841325	1992	   2	    B-   
     300    9    0    9        8520.921865	392	   2	    B-   
     106    9    0    9       23030.136201	500	   1	    C   
     220    9    0    9        8702.179458	500	   1	    C   
     021    9    0    9        7076.099361	112	   27	    A+   
     112    9    0    9       11925.447591	1000	   1	    C   
     500    9    0    9       13349.584041	934	   8	    A+   
     022    9    0    9       10546.987122	635	   10	    A+   
     101    9    0    9        7032.429862	26	   32	    A+   
     002    9    1    9        7869.415949	27	   7	    A-   
     202    9    1    9       13168.453500	1732	   3	    B-   
     301    9    1    9       12177.870375	1860	   2	    B-   
     004    9    1    9       14456.294496	78	   8	    A+   
     022    9    1    9       10547.240582	606	   11	    A+   
     080    9    1    9       10964.762058	999	   1	    C   
     006    9    1    9       20423.541166	122	   2	    B-   
     221    9    1    9       12311.383458	2499	   1	    C   
     032    9    1    9       11857.247485	2499	   1	    C   
     121    9    1    9        9776.243691	2499	   1	    C   
     200    9    1    9        5977.482155	54	   8	    A+   
     005    9    1    9       17514.575982	50	   5	    B+   
     110    9    1    9        4725.515428	143	   15	    A+   
     410    9    1    9       12350.427758	2499	   1	    C   
     100    9    1    9        3347.925598	46	   19	    A+   
     031    9    1    9        8375.257380	369	   3	    B+   
     310    9    1    9        9892.985336	342	   9	    A+   
     040    9    1    9        6053.068427	615	   4	    B-   
     012    9    1    9        9228.405359	274	   6	    A+   
     050    9    1    9        7329.335503	181	   4	    B+   
     101    9    1    9        7032.727584	34	   28	    A+   
     023    9    1    9       13885.129027	113	   10	    A+   
     020    9    1    9        3415.731430	28	   27	    A+   
     015    9    1    9       18800.976066	115	   3	    B+   
     003    9    1    9       11242.505172	421	   10	    A+   
     400    9    1    9       10975.601975	656	   3	    B-   
     010    9    1    9        2037.058533	17	   43	    A+   
     201    9    1    9        9649.416386	492	   2	    B+   
     230    9    1    9       10117.531058	2499	   1	    C   
     501    9    1    9       17054.229558	345	   1	    C   
     030    9    1    9        4777.960714	142	   14	    A+   
     024    9    1    9       17055.167458	180	   1	    C   
     013    9    1    9       12578.811809	572	   8	    A+   
     111    9    1    9        8429.844472	337	   4	    B-   
     001    9    1    9        4334.359286	125	   9	    A+   
     041    9    1    9        9674.575625	2941	   2	    B-   
     102    9    1    9       10580.141354	802	   7	    A+   
     120    9    1    9        6135.211662	43	   7	    A+   
     300    9    1    9        8521.346515	329	   4	    B-   
     103    9    1    9       13933.892978	193	   10	    A+   
     106    9    1    9       23030.040348	500	   1	    C   
     021    9    1    9        7076.557544	34	   18	    A+   
     011    9    1    9        5715.027527	27	   18	    A+   
     142    9    1    9       15774.301953	180	   2	    B+   
     000    9    1    9         634.790938	12	   328	    A+   
     150    9    1    9       10004.902419	1297	   4	    B-   
     210    9    1    9        7362.053230	31	   14	    A+   
     500    9    1    9       13350.055339	910	   8	    A+   
     122    9    1    9       13254.720075	2635	   2	    B-   
     014    9    1    9       15767.705535	195	   8	    A+   
     110    9    1    8        4840.094497	135	   10	    A+   
     080    9    1    8       11067.809090	675	   3	    B-   
     340    9    1    8       14037.045808	1490	   4	    B-   
     122    9    1    8       13374.816566	2499	   1	    C   
     011    9    1    8        5825.352256	20	   25	    A+   
     201    9    1    8        9748.370667	296	   5	    B+   
     005    9    1    8       17612.803860	31	   9	    A+   
     330    9    1    8       12694.209339	2137	   2	    B-   
     070    9    1    8        9937.131939	1954	   2	    B-   
     002    9    1    8        7970.189268	24	   8	    A-   
     000    9    1    8         735.735074	12	   322	    A+   
     004    9    1    8       14555.733082	17	   18	    A+   
     100    9    1    8        3447.362563	50	   19	    A+   
     120    9    1    8        6257.561128	48	   10	    A+   
     010    9    1    8        2147.181969	17	   47	    A+   
     050    9    1    8        7488.134118	453	   6	    A+   
     030    9    1    8        4900.782305	175	   12	    A+   
     020    9    1    8        3534.570218	47	   21	    A+   
     200    9    1    8        6074.080614	39	   5	    B+   
     311    9    1    8       13619.054966	2499	   1	    C   
     006    9    1    8       20520.514166	220	   1	    C   
     500    9    1    8       13437.999703	1122	   8	    A+   
     024    9    1    8       17172.363966	360	   1	    C   
     101    9    1    8        7133.860606	28	   36	    A+   
     023    9    1    8       14000.081666	70	   10	    A+   
     121    9    1    8        9893.740321	319	   5	    B+   
     310    9    1    8        9997.153508	405	   7	    A+   
     003    9    1    8       11342.724206	427	   10	    A+   
     111    9    1    8        8495.581043	1147	   2	    B-   
     202    9    1    8       13259.104466	2499	   1	    C   
     103    9    1    8       14036.727285	1233	   5	    B+   
     015    9    1    8       18908.465726	105	   4	    B+   
     400    9    1    8       11064.221666	1000	   1	    C   
     210    9    1    8        7457.902500	340	   11	    A+   
     031    9    1    8        8548.801431	371	   2	    B-   
     300    9    1    8        8615.064528	302	   3	    B-   
     301    9    1    8       12273.441939	2093	   2	    B-   
     221    9    1    8       12432.472439	1769	   2	    B-   
     102    9    1    8       10653.886173	586	   12	    A+   
     014    9    1    8       15877.047655	32	   5	    B+   
     013    9    1    8       12688.313860	47	   11	    A+   
     041    9    1    8        9813.546039	1842	   2	    B-   
     230    9    1    8       10142.305866	2499	   1	    C   
     012    9    1    8        9338.510941	234	   5	    B-   
     001    9    1    8        4435.379367	143	   7	    A+   
     021    9    1    8        7194.477520	65	   14	    A+   
     022    9    1    8       10692.325544	867	   7	    A+   
     005    9    2    8       17614.125394	69	   6	    A+   
     004    9    2    8       14557.903227	28	   12	    A+   
     301    9    2    8       12280.049789	2600	   2	    B-   
     014    9    2    8       15879.670726	25	   4	    B+   
     015    9    2    8       18910.241712	220	   1	    C   
     013    9    2    8       12692.066073	148	   13	    A+   
     010    9    2    8        2156.453977	16	   48	    A+   
     041    9    2    8        9831.519612	2499	   1	    C   
     200    9    2    8        6081.924176	31	   9	    A+   
     120    9    2    8        6275.942557	74	   9	    A+   
     311    9    2    8       13629.852412	2499	   1	    C   
     310    9    2    8       10006.278314	354	   11	    A+   
     003    9    2    8       11345.712678	380	   10	    A+   
     024    9    2    8       17175.348032	240	   2	    B+   
     102    9    2    8       10658.773564	547	   14	    A+   
     101    9    2    8        7139.893383	25	   39	    A+   
     103    9    2    8       14040.478070	276	   11	    A+   
     210    9    2    8        7469.965789	41	   11	    A+   
     201    9    2    8        9754.628614	458	   4	    B+   
     100    9    2    8        3455.022713	69	   19	    A+   
     121    9    2    8        9907.340919	293	   7	    A+   
     021    9    2    8        7203.712559	34	   22	    A+   
     011    9    2    8        5832.416522	38	   18	    A+   
     001    9    2    8        4440.984608	92	   14	    A+   
     030    9    2    8        4916.961620	164	   10	    A+   
     031    9    2    8        8560.130500	557	   2	    B-   
     122    9    2    8       13383.545189	2000	   2	    B-   
     040    9    2    8        6207.534421	777	   3	    B-   
     106    9    2    8       23127.736452	500	   1	    C   
     300    9    2    8        8623.153442	581	   5	    B-   
     022    9    2    8       10698.671364	760	   8	    A+   
     110    9    2    8        4850.814620	178	   9	    A+   
     020    9    2    8        3546.852905	29	   32	    A+   
     012    9    2    8        9343.727537	223	   7	    A-   
     023    9    2    8       14004.413646	1041	   7	    A+   
     000    9    2    8         743.097308	12	   341	    A+   
     002    9    2    8        7974.339560	26	   7	    A-   
     500    9    2    8       13446.921401	936	   8	    A+   
     006    9    2    8       20521.052587	178	   2	    B-   
     111    9    2    8        8505.014618	506	   2	    B-   
     007    9    2    8       23302.798257	486	   2	    B+   
     112    9    2    8       12046.861312	1000	   1	    C   
     070    9    2    8       10049.108257	2648	   3	    B+   
     230    9    2    8       10171.919350	1777	   2	    B-   
     052    9    2    8       14554.608943	682	   5	    B+   
     005    9    2    7       17685.897286	42	   6	    A+   
     023    9    2    7       14075.861111	247	   11	    A+   
     122    9    2    7       13454.697060	2499	   1	    C   
     202    9    2    7       13326.832860	2499	   1	    C   
     070    9    2    7       10084.467926	4303	   2	    B+   
     011    9    2    7        5897.732185	22	   18	    A+   
     006    9    2    7       20594.621060	195	   1	    C   
     500    9    2    7       13494.427314	1190	   6	    A+   
     330    9    2    7       12790.581030	33	   8	    A+   
     040    9    2    7        6271.188148	732	   3	    B-   
     015    9    2    7       18987.286173	195	   2	    B+   
     010    9    2    7        2218.298629	17	   42	    A+   
     020    9    2    7        3610.681406	26	   26	    A+   
     004    9    2    7       14627.302958	17	   15	    A+   
     121    9    2    7        9974.634760	2499	   1	    C   
     021    9    2    7        7271.230112	45	   15	    A+   
     030    9    2    7        4980.608741	165	   14	    A+   
     110    9    2    7        4912.076575	204	   9	    A+   
     000    9    2    7         801.643948	13	   289	    A+   
     052    9    2    7       14630.016969	115	   2	    B+   
     400    9    2    7       11125.212076	1000	   1	    C   
     300    9    2    7        8675.625203	225	   7	    A-   
     103    9    2    7       14110.656647	557	   3	    B+   
     102    9    2    7       10722.993986	693	   8	    A+   
     022    9    2    7       10769.078814	896	   3	    B+   
     012    9    2    7        9412.401545	203	   9	    A+   
     311    9    2    7       13687.247860	2499	   1	    C   
     031    9    2    7        8627.783918	434	   2	    B-   
     001    9    2    7        4502.568799	112	   11	    A+   
     210    9    2    7        7529.311093	65	   13	    A+   
     014    9    2    7       15954.353848	33	   4	    B+   
     013    9    2    7       12763.901964	28	   15	    A+   
     100    9    2    7        3511.842989	103	   17	    A+   
     230    9    2    7       10232.550660	2499	   1	    C   
     024    9    2    7       17252.480660	9994	   1	    C   
     310    9    2    7       10063.243818	353	   8	    A+   
     200    9    2    7        6136.600867	33	   11	    A+   
     150    9    2    7       10338.050995	1797	   2	    B-   
     101    9    2    7        7200.001777	25	   33	    A+   
     003    9    2    7       11412.899520	420	   9	    A-   
     002    9    2    7        8038.828458	25	   11	    A+   
     201    9    2    7        9812.432614	355	   2	    B-   
     111    9    2    7        8571.442117	505	   2	    B-   
     120    9    2    7        6337.754760	250	   1	    C   
     041    9    2    7        9900.982158	4498	   1	    C   
     021    9    3    7        7319.229629	43	   16	    A+   
     015    9    3    7       19003.312729	420	   1	    C   
     023    9    3    7       14102.848746	1040	   9	    A+   
     000    9    3    7         841.367526	12	   328	    A+   
     004    9    3    7       14645.316020	203	   15	    A+   
     400    9    3    7       11166.770194	891	   2	    B-   
     500    9    3    7       13536.904319	1214	   7	    A+   
     200    9    3    7        6177.116241	36	   8	    A+   
     101    9    3    7        7234.685250	23	   38	    A+   
     210    9    3    7        7577.666455	53	   16	    A+   
     041    9    3    7       10037.583302	1782	   2	    B-   
     011    9    3    7        5937.581823	24	   15	    A+   
     001    9    3    7        4536.218278	131	   9	    A+   
     111    9    3    7        8615.492708	490	   3	    B-   
     030    9    3    7        5050.239237	143	   10	    A+   
     022    9    3    7       10808.056309	873	   6	    A+   
     110    9    3    7        4961.377669	128	   11	    A+   
     340    9    3    7       14203.994955	2499	   1	    C   
     102    9    3    7       10752.796998	1100	   6	    A+   
     202    9    3    7       13357.387629	2499	   1	    C   
     120    9    3    7        6417.162338	50	   2	    B+   
     020    9    3    7        3667.776460	36	   26	    A+   
     003    9    3    7       11435.559714	362	   10	    A-   
     300    9    3    7        8716.558683	304	   3	    B-   
     100    9    3    7        3552.108454	84	   16	    A+   
     010    9    3    7        2265.282738	17	   48	    A+   
     012    9    3    7        9445.475981	183	   8	    A+   
     230    9    3    7       10339.784329	2499	   1	    C   
     310    9    3    7       10110.446011	433	   10	    A+   
     031    9    3    7        8684.349894	354	   2	    B-   
     014    9    3    7       15975.578940	45	   5	    B+   
     013    9    3    7       12790.804330	27	   15	    A+   
     006    9    3    7       20604.523029	290	   1	    C   
     121    9    3    7        9966.288829	2499	   1	    C   
     103    9    3    7       14138.608159	369	   8	    A+   
     005    9    3    7       17699.610963	505	   6	    A+   
     301    9    3    7       12371.719095	2051	   2	    B-   
     201    9    3    7        9847.614879	346	   5	    B+   
     311    9    3    7       13730.205829	2499	   1	    C   
     024    9    3    7       17277.572329	4997	   1	    C   
     002    9    3    7        8066.760408	27	   13	    A+   
     200    9    3    6        6193.292540	26	   11	    A+   
     301    9    3    6       12388.877219	2499	   1	    C   
     102    9    3    6       10775.805036	1204	   6	    A-   
     201    9    3    6        9866.250912	412	   3	    B+   
     000    9    3    6         859.392455	12	   286	    A+   
     023    9    3    6       14130.131351	1177	   9	    A+   
     005    9    3    6       17734.236977	34	   8	    A+   
     015    9    3    6       19039.891919	165	   1	    C   
     202    9    3    6       13378.909819	2499	   1	    C   
     310    9    3    6       10125.887123	988	   6	    A+   
     110    9    3    6        4978.749453	140	   11	    A+   
     100    9    3    6        3569.232117	89	   19	    A+   
     003    9    3    6       11462.924138	380	   10	    A+   
     022    9    3    6       10831.865110	880	   4	    B+   
     111    9    3    6        8635.655227	376	   3	    B-   
     121    9    3    6        9986.215692	1785	   2	    B-   
     014    9    3    6       16007.784533	60	   3	    B+   
     041    9    3    6       10057.184129	1452	   3	    B-   
     020    9    3    6        3684.867931	31	   24	    A+   
     040    9    3    6        6358.233619	250	   1	    C   
     004    9    3    6       14676.240479	45	   16	    A+   
     230    9    3    6       10349.965648	1778	   3	    B+   
     030    9    3    6        5065.595747	247	   8	    A+   
     300    9    3    6        8731.251100	314	   3	    B-   
     031    9    3    6        8701.960513	1665	   2	    B-   
     120    9    3    6        6430.614783	81	   2	    B-   
     101    9    3    6        7254.520779	28	   29	    A+   
     400    9    3    6       11181.042013	707	   2	    B-   
     001    9    3    6        4557.083228	103	   9	    A+   
     011    9    3    6        5958.624614	27	   18	    A+   
     021    9    3    6        7339.887475	52	   14	    A+   
     006    9    3    6       20642.682819	550	   1	    C   
     013    9    3    6       12818.870522	24	   13	    A+   
     103    9    3    6       14165.887783	130	   5	    B+   
     500    9    3    6       13549.624289	1095	   6	    A+   
     010    9    3    6        2283.280305	17	   55	    A+   
     012    9    3    6        9469.921844	191	   8	    A+   
     070    9    3    6       10295.617819	2499	   1	    C   
     210    9    3    6        7594.354684	188	   7	    A+   
     311    9    3    6       13748.103919	2499	   1	    C   
     002    9    3    6        8090.749165	24	   10	    A-   
     004    9    4    6       14731.727102	145	   11	    A+   
     002    9    4    6        8163.312450	26	   11	    A+   
     103    9    4    6       14199.574583	1244	   5	    B+   
     000    9    4    6         949.577293	11	   272	    A+   
     410    9    4    6       12666.003222	2499	   1	    C   
     022    9    4    6       10926.313585	851	   4	    B+   
     202    9    4    6       13453.307826	2499	   1	    C   
     100    9    4    6        3659.370033	71	   21	    A+   
     102    9    4    6       10850.236921	891	   5	    B+   
     210    9    4    6        7696.210610	107	   12	    A+   
     013    9    4    6       12891.632322	37	   11	    A+   
     014    9    4    6       16070.825384	282	   3	    B+   
     310    9    4    6       10226.053389	464	   5	    B+   
     311    9    4    6       13842.732022	2499	   1	    C   
     005    9    4    6       17781.487183	263	   4	    B+   
     201    9    4    6        9948.388076	352	   5	    B+   
     021    9    4    6        7446.732400	71	   13	    A+   
     111    9    4    6        8732.493768	373	   3	    B-   
     500    9    4    6       13639.389950	1323	   4	    B-   
     030    9    4    6        5204.023084	223	   6	    A+   
     023    9    4    6       14245.272986	140	   5	    B+   
     110    9    4    6        5082.534227	159	   11	    A+   
     001    9    4    6        4638.435827	137	   10	    A+   
     230    9    4    6       10460.053319	2499	   1	    C   
     120    9    4    6        6589.457109	54	   2	    B+   
     012    9    4    6        9552.605454	306	   6	    A-   
     011    9    4    6        6051.391318	24	   18	    A+   
     300    9    4    6        8820.588009	380	   3	    B-   
     003    9    4    6       11526.829807	396	   11	    A+   
     010    9    4    6        2386.109664	20	   47	    A+   
     101    9    4    6        7336.413191	73	   25	    A+   
     121    9    4    6       10106.307622	2499	   1	    C   
     042    9    4    6       13639.790819	2499	   1	    C   
     020    9    4    6        3803.790221	27	   26	    A+   
     200    9    4    6        6283.027140	219	   5	    B+   
     200    9    4    5        6284.768127	38	   4	    B+   
     110    9    4    5        5084.355282	157	   11	    A+   
     230    9    4    5       10461.421295	2499	   1	    C   
     010    9    4    5        2388.029727	21	   43	    A+   
     121    9    4    5       10108.222162	1771	   2	    B-   
     014    9    4    5       16076.836853	92	   4	    B+   
     006    9    4    5       20692.599995	180	   1	    C   
     041    9    4    5       10194.044793	2499	   1	    C   
     004    9    4    5       14737.828852	46	   11	    A+   
     310    9    4    5       10227.465045	579	   6	    A+   
     021    9    4    5        7449.000549	52	   6	    A+   
     003    9    4    5       11531.508816	364	   8	    A-   
     201    9    4    5        9950.651707	375	   3	    B+   
     102    9    4    5       10853.452229	823	   5	    B+   
     040    9    4    5        6485.861095	250	   1	    C   
     301    9    4    5       12473.825329	2499	   1	    C   
     061    9    4    5       12897.541435	1830	   2	    B-   
     012    9    4    5        9556.026898	235	   6	    A-   
     020    9    4    5        3805.450079	130	   19	    A+   
     101    9    4    5        7339.066889	30	   37	    A+   
     005    9    4    5       17789.388878	130	   7	    A+   
     120    9    4    5        6590.430997	52	   2	    B+   
     210    9    4    5        7697.964618	131	   10	    A+   
     002    9    4    5        8166.880176	26	   12	    A+   
     300    9    4    5        8822.099989	258	   4	    B-   
     030    9    4    5        5205.340315	213	   8	    A+   
     500    9    4    5       13640.727020	1349	   4	    B+   
     400    9    4    5       11272.319195	1000	   1	    C   
     011    9    4    5        6053.979035	25	   17	    A+   
     022    9    4    5       10929.407617	908	   4	    B+   
     000    9    4    5         951.635567	13	   253	    A+   
     001    9    4    5        4641.146171	118	   10	    A+   
     013    9    4    5       12896.054009	45	   11	    A+   
     100    9    4    5        3661.264148	92	   20	    A+   
     023    9    4    5       14249.605564	505	   6	    A+   
     103    9    4    5       14203.753525	1568	   4	    B+   
     111    9    4    5        8734.435385	853	   2	    B-   
     410    9    4    5       12667.584955	2499	   1	    C   
     101    9    5    5        7460.750295	40	   24	    A+   
     201    9    5    5       10071.777319	347	   4	    B+   
     110    9    5    5        5230.272418	148	   9	    A+   
     000    9    5    5        1082.784908	12	   196	    A+   
     300    9    5    5        8950.957632	431	   2	    B-   
     023    9    5    5       14376.311599	452	   6	    A+   
     310    9    5    5       10368.493659	485	   7	    A+   
     012    9    5    5        9681.666062	215	   6	    A-   
     103    9    5    5       14310.007624	1818	   3	    B+   
     010    9    5    5        2534.591642	26	   39	    A+   
     030    9    5    5        5392.472625	593	   3	    B-   
     111    9    5    5        8871.506493	500	   1	    C   
     210    9    5    5        7841.648256	58	   9	    A+   
     041    9    5    5       10388.046550	2499	   1	    C   
     002    9    5    5        8279.584398	35	   9	    A+   
     014    9    5    5       16182.051914	477	   3	    B+   
     004    9    5    5       14832.313112	523	   10	    A+   
     020    9    5    5        3970.572800	181	   17	    A+   
     102    9    5    5       10966.715167	1093	   5	    B+   
     021    9    5    5        7601.930129	742	   2	    B-   
     003    9    5    5       11635.056702	744	   5	    B-   
     011    9    5    5        6190.039614	29	   16	    A+   
     001    9    5    5        4763.045550	191	   8	    A+   
     005    9    5    5       17874.756846	49	   5	    B+   
     200    9    5    5        6414.009871	31	   7	    A+   
     100    9    5    5        3791.577639	85	   17	    A+   
     031    9    5    5        9000.091550	500	   1	    C   
     022    9    5    5       11069.791464	870	   4	    B+   
     013    9    5    5       13011.522462	120	   8	    A+   
     040    9    5    5        6802.830450	250	   1	    C   
     500    9    5    5       13767.658874	1376	   4	    B-   
     013    9    5    4       13011.823121	115	   9	    A+   
     200    9    5    4        6414.091478	40	   8	    A+   
     020    9    5    4        3970.645000	41	   22	    A+   
     004    9    5    4       14832.794039	59	   13	    A+   
     100    9    5    4        3791.668385	93	   13	    A+   
     102    9    5    4       10966.906731	949	   4	    B+   
     310    9    5    4       10368.568697	458	   6	    A+   
     151    9    5    4       14376.277934	2207	   2	    B-   
     000    9    5    4        1082.886469	12	   186	    A+   
     041    9    5    4       10388.209795	1288	   2	    B+   
     003    9    5    4       11635.372550	547	   6	    A+   
     002    9    5    4        8279.802551	33	   9	    A+   
     030    9    5    4        5392.524250	581	   3	    B-   
     500    9    5    4       13767.697253	1800	   2	    B+   
     101    9    5    4        7460.883848	48	   18	    A+   
     022    9    5    4       11069.954601	897	   3	    B+   
     111    9    5    4        8871.632985	500	   1	    C   
     201    9    5    4       10071.902555	390	   4	    B+   
     005    9    5    4       17875.466595	99	   6	    A+   
     012    9    5    4        9681.866605	261	   8	    A-   
     210    9    5    4        7841.727325	285	   7	    A+   
     021    9    5    4        7602.016893	258	   2	    B+   
     110    9    5    4        5230.356374	158	   10	    A+   
     023    9    5    4       14376.725053	377	   6	    A+   
     040    9    5    4        6802.860185	250	   1	    C   
     001    9    5    4        4763.194004	133	   11	    A+   
     010    9    5    4        2534.681771	24	   39	    A+   
     300    9    5    4        8951.008002	359	   2	    B-   
     011    9    5    4        6190.161048	33	   14	    A+   
     014    9    5    4       16182.506142	317	   3	    B+   
     300    9    6    4        9109.028879	703	   2	    B-   
     014    9    6    4       16315.940322	368	   5	    B+   
     001    9    6    4        4914.288777	167	   8	    A+   
     002    9    6    4        8420.677398	286	   5	    B+   
     021    9    6    4        7788.038305	1000	   1	    C   
     102    9    6    4       11107.661385	3420	   3	    B+   
     100    9    6    4        3952.058745	141	   12	    A+   
     101    9    6    4        7611.336142	46	   15	    A+   
     031    9    6    4        9207.286854	500	   1	    C   
     200    9    6    4        6573.220811	44	   7	    A+   
     500    9    6    4       13923.908019	1926	   2	    B-   
     004    9    6    4       14953.990042	126	   11	    A+   
     104    9    6    4       17614.915089	1399	   1	    C   
     000    9    6    4        1244.437098	12	   140	    A+   
     023    9    6    4       14535.484933	1506	   3	    B+   
     020    9    6    4        4169.791271	56	   14	    A+   
     030    9    6    4        5615.238233	205	   10	    A+   
     003    9    6    4       11766.332075	592	   6	    A-   
     022    9    6    4       11242.084192	981	   3	    B+   
     201    9    6    4       10221.473493	491	   4	    B+   
     013    9    6    4       13156.153297	961	   5	    B+   
     010    9    6    4        2713.545422	45	   35	    A+   
     310    9    6    4       10541.721183	458	   5	    B+   
     103    9    6    4       14442.191985	2499	   1	    C   
     110    9    6    4        5407.822919	214	   10	    A+   
     301    9    6    4       12744.727185	2499	   1	    C   
     210    9    6    4        8016.980390	609	   4	    B-   
     011    9    6    4        6357.235331	163	   15	    A+   
     005    9    6    4       17987.177951	1655	   5	    B+   
     121    9    6    4       10452.730754	2499	   1	    C   
     012    9    6    4        9837.379208	441	   3	    B-   
     041    9    6    4       10618.071650	1771	   2	    B-   
     110    9    6    3        5407.822307	179	   6	    A+   
     300    9    6    3        9109.032373	429	   3	    B-   
     021    9    6    3        7787.340517	46	   2	    B+   
     102    9    6    3       11107.646448	3325	   3	    B+   
     500    9    6    3       13923.893298	2771	   2	    B-   
     001    9    6    3        4914.292050	153	   12	    A+   
     310    9    6    3       10541.718724	499	   3	    B+   
     003    9    6    3       11766.330428	1000	   1	    C   
     020    9    6    3        4169.791508	61	   15	    A+   
     121    9    6    3       10452.731046	2499	   1	    C   
     010    9    6    3        2713.546902	40	   33	    A+   
     103    9    6    3       14442.162250	2499	   1	    C   
     041    9    6    3       10618.070472	1775	   2	    B-   
     201    9    6    3       10221.514800	708	   4	    B+   
     011    9    6    3        6357.238975	162	   12	    A+   
     120    9    6    3        6850.134046	250	   1	    C   
     000    9    6    3        1244.439747	12	   148	    A+   
     002    9    6    3        8420.682349	120	   6	    A+   
     004    9    6    3       14953.997207	93	   11	    A+   
     301    9    6    3       12744.697450	2499	   1	    C   
     005    9    6    3       17987.176998	1484	   5	    B+   
     200    9    6    3        6573.221077	57	   6	    A+   
     210    9    6    3        8016.981912	567	   4	    B-   
     023    9    6    3       14535.493634	1756	   3	    B+   
     101    9    6    3        7611.338321	107	   17	    A+   
     013    9    6    3       13156.145645	194	   6	    A+   
     030    9    6    3        5615.238234	337	   8	    A+   
     031    9    6    3        9207.287146	500	   1	    C   
     100    9    6    3        3952.059806	129	   12	    A+   
     012    9    6    3        9837.379410	450	   3	    B-   
     022    9    6    3       11242.084817	704	   4	    B+   
     014    9    6    3       16315.942273	315	   5	    B+   
     110    9    7    3        5613.950702	169	   7	    A+   
     100    9    7    3        4139.937509	122	   12	    A+   
     005    9    7    3       18119.442772	107	   3	    B+   
     003    9    7    3       11920.336740	518	   5	    B-   
     013    9    7    3       13324.799525	1142	   6	    A+   
     300    9    7    3        9294.511863	354	   2	    B-   
     103    9    7    3       14596.447146	2499	   1	    C   
     001    9    7    3        5091.409902	175	   9	    A+   
     310    9    7    3       10743.570471	1474	   3	    B+   
     201    9    7    3       10397.273197	491	   4	    B+   
     012    9    7    3       10018.726632	269	   4	    B-   
     021    9    7    3        8001.783536	1000	   1	    C   
     102    9    7    3       11272.728535	2499	   1	    C   
     004    9    7    3       15096.926460	969	   6	    A+   
     010    9    7    3        2921.401865	30	   31	    A+   
     023    9    7    3       14719.767808	2792	   2	    B-   
     002    9    7    3        8586.079200	35	   5	    B+   
     014    9    7    3       16472.472308	3573	   2	    B-   
     020    9    7    3        4399.061368	61	   16	    A+   
     101    9    7    3        7788.000237	46	   2	    B+   
     200    9    7    3        6759.810511	82	   6	    A+   
     000    9    7    3        1433.571908	22	   114	    A+   
     041    9    7    3       10879.566780	1772	   2	    B+   
     022    9    7    3       11441.321080	2499	   1	    C   
     030    9    7    3        5868.765105	396	   7	    A-   
     011    9    7    3        6551.676558	36	   15	    A+   
     021    9    7    2        8001.783505	1000	   1	    C   
     005    9    7    2       18119.442740	104	   3	    B+   
     002    9    7    2        8586.079179	32	   6	    A+   
     101    9    7    2        7787.403153	46	   3	    B+   
     103    9    7    2       14596.446854	2499	   1	    C   
     110    9    7    2        5613.950794	405	   6	    A+   
     003    9    7    2       11920.337032	547	   5	    B-   
     001    9    7    2        5091.409813	176	   9	    A+   
     004    9    7    2       15096.926268	967	   6	    A+   
     012    9    7    2       10018.727073	266	   4	    B-   
     000    9    7    2        1433.572080	18	   112	    A+   
     023    9    7    2       14719.767706	2804	   2	    B-   
     201    9    7    2       10397.275125	1013	   4	    B+   
     102    9    7    2       11272.728512	2499	   1	    C   
     020    9    7    2        4399.061377	55	   16	    A+   
     112    9    7    2       12688.678206	308	   5	    B+   
     014    9    7    2       16472.472206	3571	   2	    B-   
     010    9    7    2        2921.401856	42	   31	    A+   
     300    9    7    2        9294.511631	355	   2	    B-   
     100    9    7    2        4139.937353	106	   12	    A+   
     200    9    7    2        6759.810310	82	   6	    A+   
     013    9    7    2       13324.800086	1051	   7	    A+   
     022    9    7    2       11441.320908	2499	   1	    C   
     041    9    7    2       10879.567308	2499	   1	    C   
     030    9    7    2        5868.765356	407	   7	    A-   
     011    9    7    2        6551.676396	49	   13	    A+   
     310    9    7    2       10743.573304	1767	   2	    B+   
     100    9    8    2        4354.094399	181	   9	    A+   
     030    9    8    2        6150.157559	592	   5	    B-   
     001    9    8    2        5293.213676	220	   8	    A+   
     310    9    8    2       10972.894778	1843	   2	    B+   
     000    9    8    2        1648.947351	21	   58	    A+   
     005    9    8    2       18270.737752	465	   1	    C   
     200    9    8    2        6972.788115	56	   5	    B+   
     002    9    8    2        8774.641620	31	   5	    B+   
     110    9    8    2        5847.245942	519	   6	    A+   
     021    9    8    2        8242.197034	246	   2	    B+   
     004    9    8    2       15260.077309	1775	   2	    B-   
     003    9    8    2       12096.024178	709	   2	    B-   
     201    9    8    2       10597.659505	2499	   1	    C   
     023    9    8    2       14928.271552	2499	   1	    C   
     010    9    8    2        3156.450292	32	   27	    A+   
     011    9    8    2        6771.751805	33	   10	    A+   
     300    9    8    2        9506.454052	500	   1	    C   
     013    9    8    2       13516.128989	1671	   3	    B+   
     012    9    8    2       10224.062208	500	   1	    C   
     020    9    8    2        4656.111737	362	   10	    A-   
     102    9    8    2       11460.934246	2499	   1	    C   
     300    9    8    1        9506.454051	500	   1	    C   
     010    9    8    1        3156.450331	35	   26	    A+   
     003    9    8    1       12096.024193	710	   2	    B-   
     005    9    8    1       18270.737751	465	   1	    C   
     030    9    8    1        6150.157540	593	   5	    B-   
     201    9    8    1       10597.659536	2499	   1	    C   
     004    9    8    1       15260.077335	1776	   2	    B-   
     000    9    8    1        1648.947352	22	   56	    A+   
     023    9    8    1       14928.271551	2499	   1	    C   
     011    9    8    1        6771.751822	34	   10	    A+   
     100    9    8    1        4354.094033	180	   9	    A+   
     021    9    8    1        8242.197032	245	   2	    B+   
     001    9    8    1        5293.213696	219	   8	    A+   
     110    9    8    1        5847.245812	522	   6	    A+   
     002    9    8    1        8774.641643	34	   5	    B+   
     013    9    8    1       13516.129011	1671	   3	    B+   
     012    9    8    1       10224.062380	500	   1	    C   
     310    9    8    1       10972.894793	1846	   2	    B+   
     200    9    8    1        6972.788135	51	   5	    B+   
     020    9    8    1        4656.111759	363	   10	    A-   
     002    9    9    1        8985.395580	54	   2	    B-   
     020    9    9    1        4939.117692	495	   6	    A-   
     100    9    9    1        4593.579332	221	   8	    A+   
     030    9    9    1        6457.182059	574	   5	    B-   
     001    9    9    1        5518.690188	425	   6	    A-   
     004    9    9    1       15442.477195	2499	   1	    C   
     011    9    9    1        7016.073041	42	   7	    A+   
     110    9    9    1        6106.427191	449	   7	    A+   
     200    9    9    1        7211.259197	59	   2	    B+   
     310    9    9    1       11228.626577	2499	   1	    C   
     300    9    9    1        9744.051695	501	   1	    C   
     010    9    9    1        3417.266372	67	   13	    A+   
     201    9    9    1       10822.007277	2499	   1	    C   
     000    9    9    1        1889.507470	29	   29	    A+   
     010    9    9    0        3417.266348	65	   13	    A+   
     030    9    9    0        6457.182051	575	   5	    B-   
     004    9    9    0       15442.477170	2499	   1	    C   
     001    9    9    0        5518.690221	425	   6	    A-   
     000    9    9    0        1889.507495	32	   30	    A+   
     300    9    9    0        9744.051670	501	   1	    C   
     200    9    9    0        7211.259172	57	   2	    B+   
     020    9    9    0        4939.117691	497	   6	    A-   
     011    9    9    0        7016.073016	42	   7	    A+   
     310    9    9    0       11228.626552	2499	   1	    C   
     201    9    9    0       10822.007252	2499	   1	    C   
     100    9    9    0        4593.579273	221	   8	    A+   
     002    9    9    0        8985.395555	54	   2	    B-   
     110    9    9    0        6106.427195	447	   7	    A+   
     001    10    0    10        4466.906495	113	   10	    A+   
     210    10    0    10        7490.731859	54	   11	    A+   
     010    10    0    10        2170.223598	18	   47	    A+   
     230    10    0    10       10239.365351	2499	   1	    C   
     200    10    0    10        6107.126265	31	   10	    A+   
     120    10    0    10        6266.120178	52	   7	    A+   
     400    10    0    10       11100.527727	755	   3	    B-   
     030    10    0    10        4909.788834	139	   12	    A+   
     130    10    0    10        7608.060804	632	   3	    B+   
     041    10    0    10        9804.386045	1801	   2	    B-   
     202    10    0    10       13295.113934	2013	   2	    B-   
     003    10    0    10       11371.755594	447	   7	    A+   
     014    10    0    10       15894.292896	221	   5	    B+   
     000    10    0    10         768.929938	14	   255	    A+   
     142    10    0    10       15898.936600	96	   5	    B+   
     150    10    0    10       10127.612763	1502	   3	    B-   
     201    10    0    10        9777.543253	442	   5	    B+   
     022    10    0    10       10675.991134	737	   10	    A+   
     040    10    0    10        6182.962331	587	   5	    B-   
     311    10    0    10       13631.491751	2499	   1	    C   
     111    10    0    10        8559.949243	446	   3	    B-   
     031    10    0    10        8504.555353	497	   3	    B-   
     500    10    0    10       13473.272916	1280	   4	    B+   
     002    10    0    10        8000.332325	75	   6	    A-   
     102    10    0    10       10709.299056	894	   8	    A+   
     005    10    0    10       17640.633626	39	   7	    A+   
     006    10    0    10       20547.985251	180	   1	    C   
     023    10    0    10       14012.398440	143	   9	    A+   
     103    10    0    10       14061.207883	578	   8	    A+   
     301    10    0    10       12306.324151	2499	   1	    C   
     121    10    0    10        9913.494645	1767	   2	    B-   
     081    10    0    10       14582.511542	208	   8	    A+   
     004    10    0    10       14583.866812	16	   11	    A+   
     013    10    0    10       12707.087151	30	   8	    A+   
     110    10    0    10        4856.132321	143	   16	    A+   
     100    10    0    10        3479.767009	93	   15	    A+   
     015    10    0    10       18925.912575	975	   4	    B+   
     007    10    0    10       23327.082793	280	   2	    B+   
     310    10    0    10       10018.924447	426	   7	    A+   
     101    10    0    10        7162.994241	43	   29	    A+   
     020    10    0    10        3548.148010	30	   28	    A+   
     021    10    0    10        7207.413521	33	   21	    A+   
     221    10    0    10       12436.815251	2499	   1	    C   
     011    10    0    10        5846.602130	28	   14	    A+   
     012    10    0    10        9358.347682	351	   4	    B-   
     410    10    0    10       12474.445245	1782	   2	    B-   
     300    10    0    10        8648.858684	334	   4	    B-   
     202    10    1    10       13295.337075	1992	   2	    B-   
     120    10    1    10        6266.768099	39	   10	    A+   
     102    10    1    10       10709.419175	826	   8	    A+   
     030    10    1    10        4910.315994	170	   13	    A+   
     031    10    1    10        8504.866311	500	   1	    C   
     121    10    1    10        9906.654038	2499	   1	    C   
     005    10    1    10       17640.478555	24	   9	    A+   
     003    10    1    10       11371.807591	656	   9	    A+   
     010    10    1    10        2170.480090	18	   44	    A+   
     000    10    1    10         769.116799	15	   274	    A+   
     006    10    1    10       20547.935591	98	   2	    B-   
     023    10    1    10       14012.490638	76	   10	    A+   
     301    10    1    10       12304.085638	2499	   1	    C   
     014    10    1    10       15893.930131	208	   6	    A+   
     200    10    1    10        6107.338777	43	   8	    A+   
     150    10    1    10       10133.102545	1826	   2	    B-   
     300    10    1    10        8649.081261	238	   5	    B-   
     210    10    1    10        7491.662357	72	   11	    A+   
     130    10    1    10        7609.508346	1421	   2	    B-   
     004    10    1    10       14584.131992	46	   9	    A+   
     122    10    1    10       13382.513851	2499	   1	    C   
     103    10    1    10       14061.255191	1365	   5	    B+   
     013    10    1    10       12707.155207	116	   7	    A+   
     110    10    1    10        4856.530255	142	   13	    A+   
     022    10    1    10       10676.113956	711	   10	    A+   
     100    10    1    10        3479.970321	80	   18	    A+   
     201    10    1    10        9777.702550	457	   5	    B+   
     015    10    1    10       18926.027135	91	   3	    B+   
     011    10    1    10        5846.774353	29	   11	    A+   
     002    10    1    10        8000.414464	27	   9	    A-   
     310    10    1    10       10019.321886	446	   5	    B+   
     142    10    1    10       15900.139051	91	   3	    B+   
     020    10    1    10        3548.529731	37	   17	    A+   
     101    10    1    10        7163.144396	30	   29	    A+   
     311    10    1    10       13635.384338	2499	   1	    C   
     041    10    1    10        9801.798845	1770	   2	    B-   
     111    10    1    10        8560.221569	341	   3	    B-   
     230    10    1    10       10247.961638	2499	   1	    C   
     221    10    1    10       12437.827438	2499	   1	    C   
     001    10    1    10        4467.032319	115	   7	    A+   
     021    10    1    10        7207.654168	34	   16	    A+   
     050    10    1    10        7459.258072	237	   4	    B+   
     012    10    1    10        9358.457632	303	   6	    A-   
     500    10    1    10       13473.537281	1166	   5	    B+   
     070    10    1    10        9895.442345	1849	   2	    B-   
     410    10    1    10       12475.037538	2499	   1	    C   
     040    10    1    10        6184.018564	571	   5	    B-   
     110    10    1    9        4988.428017	122	   12	    A+   
     000    10    1    9         885.064497	14	   261	    A+   
     004    10    1    9       14696.366461	19	   15	    A+   
     101    10    1    9        7278.840263	27	   31	    A+   
     311    10    1    9       13759.943374	2499	   1	    C   
     150    10    1    9       10402.086074	2499	   1	    C   
     500    10    1    9       13575.223521	1771	   2	    B-   
     200    10    1    9        6218.530543	46	   8	    A+   
     013    10    1    9       12831.628876	52	   9	    A+   
     102    10    1    9       10797.272133	598	   12	    A+   
     024    10    1    9       17312.611174	195	   1	    C   
     002    10    1    9        8115.167917	25	   8	    A-   
     011    10    1    9        5973.235517	28	   22	    A+   
     100    10    1    9        3594.295957	80	   18	    A+   
     003    10    1    9       11485.520935	418	   11	    A+   
     022    10    1    9       10838.244861	810	   7	    A+   
     103    10    1    9       14178.947497	1753	   3	    B+   
     111    10    1    9        8642.727504	840	   2	    B-   
     230    10    1    9       10293.171974	2499	   1	    C   
     201    10    1    9        9890.909434	371	   5	    B+   
     300    10    1    9        8757.106423	284	   4	    B-   
     040    10    1    9        6339.706002	734	   4	    B-   
     005    10    1    9       17751.319071	24	   6	    A+   
     020    10    1    9        3685.981625	28	   28	    A+   
     015    10    1    9       19047.348187	225	   2	    B+   
     120    10    1    9        6409.752105	65	   6	    A+   
     400    10    1    9       11205.709074	1000	   1	    C   
     122    10    1    9       13520.712374	2499	   1	    C   
     030    10    1    9        5053.412972	145	   14	    A+   
     006    10    1    9       20657.016108	690	   1	    C   
     023    10    1    9       14142.869748	116	   5	    B+   
     310    10    1    9       10139.329256	725	   8	    A+   
     001    10    1    9        4582.546122	112	   9	    A+   
     014    10    1    9       16017.916857	48	   5	    B+   
     012    10    1    9        9484.097373	200	   8	    A-   
     021    10    1    9        7343.396817	50	   15	    A+   
     210    10    1    9        7604.337069	48	   11	    A+   
     121    10    1    9       10043.373036	1767	   2	    B-   
     031    10    1    9        8698.116159	467	   2	    B-   
     301    10    1    9       12413.532991	2133	   2	    B-   
     010    10    1    9        2297.320687	17	   48	    A+   
     110    10    2    9        4995.239651	124	   14	    A+   
     005    10    2    9       17752.007296	29	   6	    A+   
     000    10    2    9         889.575689	14	   265	    A+   
     200    10    2    9        6223.415291	31	   8	    A+   
     030    10    2    9        5064.590394	143	   16	    A+   
     011    10    2    9        5977.487870	29	   17	    A+   
     050    10    2    9        7672.138134	1000	   1	    C   
     400    10    2    9       11211.128654	1635	   2	    B-   
     002    10    2    9        8117.488666	36	   7	    A-   
     031    10    2    9        8705.602671	356	   2	    B-   
     001    10    2    9        4585.830604	127	   8	    A+   
     311    10    2    9       13762.020808	2499	   1	    C   
     301    10    2    9       12417.569313	1469	   3	    B-   
     010    10    2    9        2303.158553	18	   46	    A+   
     015    10    2    9       19048.322911	225	   2	    B+   
     101    10    2    9        7282.407881	45	   31	    A+   
     210    10    2    9        7611.682982	115	   12	    A+   
     230    10    2    9       10316.276408	2499	   1	    C   
     100    10    2    9        3599.026707	92	   19	    A+   
     500    10    2    9       13580.980496	1468	   3	    B-   
     121    10    2    9       10052.751441	1784	   2	    B-   
     023    10    2    9       14145.237988	348	   9	    A+   
     003    10    2    9       11487.104204	536	   5	    B+   
     052    10    2    9       14700.039976	165	   5	    B+   
     150    10    2    9       10430.324308	2499	   1	    C   
     120    10    2    9        6423.267696	51	   6	    A+   
     103    10    2    9       14180.777084	413	   9	    A+   
     021    10    2    9        7349.172750	40	   16	    A+   
     310    10    2    9       10145.142560	501	   7	    A+   
     202    10    2    9       13403.938243	2499	   1	    C   
     014    10    2    9       16019.419405	27	   3	    B+   
     022    10    2    9       10842.036355	993	   5	    B+   
     004    10    2    9       14697.246869	72	   15	    A+   
     012    10    2    9        9487.092351	244	   6	    A+   
     024    10    2    9       17314.411308	4997	   1	    C   
     300    10    2    9        8762.191643	392	   5	    B-   
     102    10    2    9       10800.021389	561	   14	    A+   
     201    10    2    9        9894.644026	370	   4	    B+   
     020    10    2    9        3694.019351	44	   24	    A+   
     013    10    2    9       12833.677017	38	   10	    A+   
     006    10    2    8       20745.183248	270	   1	    C   
     014    10    2    8       16111.539550	39	   3	    B+   
     011    10    2    8        6060.992049	22	   19	    A+   
     310    10    2    8       10219.132490	1464	   3	    B-   
     210    10    2    8        7688.509860	69	   9	    A+   
     120    10    2    8        6504.807666	52	   2	    B+   
     003    10    2    8       11570.705283	463	   7	    A-   
     121    10    2    8       10141.060648	2499	   1	    C   
     004    10    2    8       14782.893812	53	   13	    A+   
     001    10    2    8        4664.215439	173	   6	    A+   
     010    10    2    8        2383.032668	20	   37	    A+   
     100    10    2    8        3672.221492	92	   18	    A+   
     102    10    2    8       10880.864790	1264	   4	    B-   
     000    10    2    8         964.850476	13	   226	    A+   
     040    10    2    8        6436.932667	250	   1	    C   
     002    10    2    8        8198.677589	25	   10	    A+   
     020    10    2    8        3777.002764	30	   23	    A+   
     300    10    2    8        8830.058884	517	   3	    B-   
     041    10    2    8       10066.673648	2499	   1	    C   
     103    10    2    8       14269.081619	210	   6	    A+   
     005    10    2    8       17838.943339	72	   6	    A+   
     110    10    2    8        5074.474317	437	   6	    A-   
     021    10    2    8        7435.977260	127	   12	    A+   
     200    10    2    8        6294.006891	45	   8	    A+   
     013    10    2    8       12923.411350	23	   7	    A+   
     023    10    2    8       14233.871407	1028	   9	    A+   
     400    10    2    8       11276.891248	1000	   1	    C   
     022    10    2    8       10931.698397	1779	   3	    B-   
     012    10    2    8        9573.923288	201	   7	    A-   
     030    10    2    8        5148.026445	167	   10	    A+   
     101    10    2    8        7359.060091	28	   30	    A+   
     230    10    2    8       10395.572448	2499	   1	    C   
     070    10    2    8       10256.233916	1564	   2	    B+   
     500    10    2    8       13642.874124	1907	   2	    B-   
     015    10    2    8       19142.014087	360	   2	    B+   
     201    10    2    8        9968.561826	539	   5	    B+   
     031    10    2    8        8793.006824	379	   2	    B-   
     111    10    3    8        8767.162926	500	   1	    C   
     005    10    3    8       17847.323172	55	   4	    B+   
     500    10    3    8       13677.274526	2499	   1	    C   
     014    10    3    8       16125.617725	51	   2	    B+   
     031    10    3    8        8839.872706	2888	   2	    B-   
     121    10    3    8       10119.525739	1876	   2	    B-   
     030    10    3    8        5206.575857	331	   9	    A+   
     020    10    3    8        3823.522671	25	   27	    A+   
     013    10    3    8       12942.185228	29	   11	    A+   
     300    10    3    8        8862.698215	328	   3	    B-   
     006    10    3    8       20750.543526	270	   1	    C   
     100    10    3    8        3703.779864	76	   20	    A+   
     120    10    3    8        6573.662826	51	   1	    C   
     110    10    3    8        5113.767013	177	   8	    A+   
     200    10    3    8        6325.978814	29	   10	    A+   
     103    10    3    8       14289.575047	1398	   4	    B+   
     012    10    3    8        9598.206389	196	   8	    A-   
     201    10    3    8        9995.423649	901	   4	    B+   
     210    10    3    8        7727.096352	41	   11	    A+   
     010    10    3    8        2420.338731	18	   50	    A+   
     000    10    3    8         995.793260	14	   258	    A+   
     003    10    3    8       11586.216918	353	   10	    A+   
     021    10    3    8        7474.215714	38	   17	    A+   
     001    10    3    8        4689.477235	101	   14	    A+   
     011    10    3    8        6091.531025	25	   15	    A+   
     041    10    3    8       10192.339137	1769	   2	    B-   
     023    10    3    8       14252.535716	757	   9	    A+   
     310    10    3    8       10256.547874	1086	   5	    B+   
     301    10    3    8       12516.750348	2499	   1	    C   
     101    10    3    8        7385.298675	55	   28	    A+   
     004    10    3    8       14794.492007	79	   10	    A+   
     022    10    3    8       10961.383205	868	   4	    B+   
     102    10    3    8       10902.465605	1245	   6	    A+   
     002    10    3    8        8218.765549	28	   10	    A+   
     400    10    3    8       11310.305226	1000	   1	    C   
     110    10    3    7        5141.795256	315	   6	    A+   
     201    10    3    7       10024.898183	500	   3	    B+   
     013    10    3    7       12984.775458	34	   8	    A+   
     200    10    3    7        6351.954901	35	   7	    A+   
     120    10    3    7        6596.133567	54	   2	    B+   
     005    10    3    7       17897.067693	577	   6	    A+   
     001    10    3    7        4722.146378	131	   8	    A+   
     031    10    3    7        8867.905583	676	   2	    B-   
     102    10    3    7       10937.830467	1302	   5	    B-   
     230    10    3    7       10510.688455	2499	   1	    C   
     101    10    3    7        7416.486361	39	   28	    A+   
     210    10    3    7        7754.011692	231	   7	    A+   
     003    10    3    7       11627.327634	518	   7	    A-   
     011    10    3    7        6124.757999	32	   14	    A+   
     023    10    3    7       14293.120295	1399	   5	    B+   
     030    10    3    7        5231.951923	193	   11	    A+   
     310    10    3    7       10282.259634	1496	   6	    A+   
     500    10    3    7       13698.143534	1591	   4	    B+   
     014    10    3    7       16173.298162	67	   3	    B+   
     300    10    3    7        8887.438241	432	   3	    B-   
     004    10    3    7       14839.998449	65	   15	    A+   
     103    10    3    7       14331.304960	1330	   6	    A+   
     022    10    3    7       10998.313421	923	   3	    B+   
     111    10    3    7        8799.063676	500	   1	    C   
     012    10    3    7        9636.034288	255	   6	    A-   
     021    10    3    7        7506.576470	52	   10	    A+   
     000    10    3    7        1024.568406	14	   205	    A+   
     010    10    3    7        2449.321357	22	   39	    A+   
     020    10    3    7        3851.398209	34	   16	    A+   
     100    10    3    7        3731.215441	101	   16	    A+   
     041    10    3    7       10221.448858	1685	   3	    B-   
     121    10    3    7       10151.668197	3159	   2	    B+   
     002    10    3    7        8255.570869	22	   10	    A+   
     041    10    4    7       10350.529793	1832	   2	    B+   
     111    10    4    7        8885.717755	500	   1	    C   
     210    10    4    7        7847.520564	40	   10	    A+   
     100    10    4    7        3813.120706	89	   19	    A+   
     004    10    4    7       14885.527841	117	   8	    A+   
     002    10    4    7        8318.637915	30	   10	    A+   
     014    10    4    7       16225.600192	75	   3	    B+   
     003    10    4    7       11681.419562	605	   7	    A+   
     121    10    4    7       10261.131393	2499	   1	    C   
     030    10    4    7        5362.121805	228	   8	    A+   
     013    10    4    7       13047.127994	80	   8	    A+   
     230    10    4    7       10612.424293	2499	   1	    C   
     103    10    4    7       14351.979760	2499	   1	    C   
     300    10    4    7        8968.702711	381	   4	    B-   
     110    10    4    7        5236.926324	127	   11	    A+   
     000    10    4    7        1106.264224	12	   206	    A+   
     500    10    4    7       13781.234024	1834	   2	    B-   
     020    10    4    7        3961.528434	43	   20	    A+   
     022    10    4    7       11082.983491	880	   3	    B+   
     021    10    4    7        7603.909995	87	   15	    A+   
     012    10    4    7        9708.696778	216	   7	    A-   
     310    10    4    7       10374.565637	1102	   4	    B+   
     010    10    4    7        2543.355961	22	   42	    A+   
     201    10    4    7       10098.532410	484	   3	    B+   
     040    10    4    7        6747.797366	785	   2	    B-   
     023    10    4    7       14400.977824	1800	   4	    B+   
     005    10    4    7       17934.441965	180	   2	    B+   
     200    10    4    7        6433.799735	68	   4	    B+   
     101    10    4    7        7489.661732	29	   24	    A+   
     011    10    4    7        6208.064261	30	   17	    A+   
     001    10    4    7        4794.457082	113	   12	    A+   
     102    10    4    7       11003.142218	1453	   3	    B+   
     030    10    4    6        5365.040870	282	   10	    A+   
     210    10    4    6        7851.138354	121	   11	    A+   
     023    10    4    6       14409.804798	1349	   5	    B+   
     031    10    4    6        8987.448167	500	   1	    C   
     102    10    4    6       11009.706512	1678	   3	    B+   
     002    10    4    6        8326.190026	27	   8	    A+   
     004    10    4    6       14897.837718	63	   9	    A+   
     103    10    4    6       14360.701206	2499	   1	    C   
     200    10    4    6        6437.926066	1540	   2	    B-   
     110    10    4    6        5240.880248	170	   9	    A+   
     020    10    4    6        3965.183004	53	   17	    A+   
     013    10    4    6       13056.839362	52	   6	    A+   
     040    10    4    6        6749.963605	974	   2	    B-   
     120    10    4    6        6642.734167	250	   1	    C   
     022    10    4    6       11089.586901	942	   2	    B+   
     041    10    4    6       10353.502505	1863	   2	    B+   
     300    10    4    6        8972.154868	478	   3	    B-   
     012    10    4    6        9715.978747	284	   4	    B-   
     010    10    4    6        2547.565371	24	   38	    A+   
     014    10    4    6       16237.827759	1148	   3	    B+   
     100    10    4    6        3817.275303	104	   13	    A+   
     201    10    4    6       10103.466245	351	   3	    B+   
     310    10    4    6       10377.915504	1045	   5	    B+   
     021    10    4    6        7608.817864	52	   5	    B+   
     061    10    4    6       13055.699835	1238	   5	    B+   
     003    10    4    6       11691.109635	425	   7	    A-   
     111    10    4    6        8891.098187	411	   2	    B-   
     500    10    4    6       13783.897786	1529	   3	    B-   
     011    10    4    6        6213.612758	29	   13	    A+   
     000    10    4    6        1110.759676	12	   199	    A+   
     001    10    4    6        4800.296220	153	   8	    A+   
     101    10    4    6        7495.121969	35	   27	    A+   
     005    10    4    6       17949.868620	195	   2	    B-   
     500    10    5    6       13908.519167	2499	   1	    C   
     010    10    5    6        2691.077628	23	   37	    A+   
     101    10    5    6        7613.342296	35	   23	    A+   
     000    10    5    6        1238.794308	11	   140	    A+   
     100    10    5    6        3944.597340	143	   12	    A+   
     110    10    5    6        5383.769749	201	   8	    A+   
     104    10    5    6       17639.787889	158	   3	    B-   
     030    10    5    6        5549.720266	514	   4	    B-   
     012    10    5    6        9837.311502	275	   5	    B-   
     013    10    5    6       13166.813290	256	   7	    A+   
     022    10    5    6       11225.981280	964	   2	    B+   
     020    10    5    6        4127.477761	156	   18	    A+   
     003    10    5    6       11789.593872	417	   6	    A-   
     102    10    5    6       11118.773950	943	   3	    B+   
     301    10    5    6       12741.611067	2499	   1	    C   
     023    10    5    6       14532.169001	1323	   5	    B+   
     011    10    5    6        6346.088860	41	   12	    A+   
     002    10    5    6        8434.601107	35	   5	    B+   
     021    10    5    6        7758.442185	225	   9	    A+   
     001    10    5    6        4918.527825	148	   9	    A+   
     041    10    5    6       10545.225708	2499	   1	    C   
     201    10    5    6       10221.250386	352	   4	    B+   
     200    10    5    6        6564.016475	31	   9	    A+   
     310    10    5    6       10515.981980	1502	   4	    B+   
     005    10    5    6       18028.382707	163	   5	    B+   
     300    10    5    6        9097.958972	341	   3	    B-   
     014    10    5    6       16337.044808	360	   1	    C   
     004    10    5    6       14986.351824	118	   9	    A+   
     111    10    5    5        9024.924969	500	   1	    C   
     101    10    5    5        7613.670735	35	   16	    A+   
     300    10    5    5        9098.169328	355	   3	    B-   
     020    10    5    5        4127.688084	46	   15	    A+   
     201    10    5    5       10221.732344	1610	   3	    B-   
     012    10    5    5        9837.885380	356	   4	    B-   
     013    10    5    5       13167.665308	116	   7	    A+   
     022    10    5    5       11226.458282	963	   3	    B+   
     010    10    5    5        2691.338669	26	   40	    A+   
     001    10    5    5        4918.956275	119	   13	    A+   
     103    10    5    5       14462.545993	2499	   1	    C   
     102    10    5    5       11119.344488	1451	   4	    B+   
     000    10    5    5        1239.089082	11	   142	    A+   
     110    10    5    5        5384.013356	212	   6	    A+   
     003    10    5    5       11790.510335	548	   4	    B-   
     031    10    5    5        9157.309369	500	   1	    C   
     011    10    5    5        6346.459031	31	   9	    A+   
     023    10    5    5       14532.930157	1929	   3	    B+   
     014    10    5    5       16338.437469	4997	   1	    C   
     005    10    5    5       18030.335411	581	   2	    B-   
     004    10    5    5       14987.690224	274	   8	    A+   
     030    10    5    5        5549.873586	422	   7	    A-   
     002    10    5    5        8435.201428	25	   10	    A+   
     100    10    5    5        3944.862644	106	   15	    A+   
     021    10    5    5        7758.796160	1221	   3	    B-   
     200    10    5    5        6564.253757	61	   9	    A+   
     310    10    5    5       10516.206226	1343	   4	    B+   
     041    10    5    5       10545.679069	2499	   1	    C   
     310    10    6    5       10688.051747	1465	   3	    B+   
     012    10    6    5        9991.976501	1118	   4	    B-   
     100    10    6    5        4104.059548	152	   9	    A+   
     021    10    6    5        7943.160600	245	   2	    B+   
     020    10    6    5        4325.684374	223	   10	    A+   
     200    10    6    5        6722.204634	60	   5	    B+   
     003    10    6    5       11919.777573	747	   5	    B-   
     040    10    6    5        7209.184098	42	   1	    C   
     031    10    6    5        9363.253998	500	   1	    C   
     011    10    6    5        6512.239477	51	   9	    A+   
     042    10    6    5       14177.862609	1836	   2	    B-   
     022    10    6    5       11397.286644	959	   2	    B+   
     023    10    6    5       14690.808116	2499	   1	    C   
     000    10    6    5        1399.450305	18	   98	    A+   
     300    10    6    5        9255.030017	1253	   2	    B-   
     201    10    6    5       10369.809512	2820	   2	    B-   
     010    10    6    5        2869.008136	30	   27	    A+   
     110    10    6    5        5560.246424	179	   5	    B+   
     102    10    6    5       11258.637702	931	   3	    B+   
     002    10    6    5        8574.620879	38	   5	    B+   
     030    10    6    5        5771.520795	513	   5	    B-   
     001    10    6    5        5068.753392	203	   4	    B+   
     004    10    6    5       15107.016538	296	   7	    A+   
     101    10    6    5        7762.948693	201	   5	    B+   
     013    10    6    5       13310.421075	2984	   4	    B+   
     100    10    6    4        4104.067985	228	   7	    A+   
     012    10    6    4        9992.000832	640	   2	    B-   
     200    10    6    4        6722.209765	97	   5	    B+   
     310    10    6    4       10688.057378	2518	   3	    B+   
     003    10    6    4       11919.820017	649	   3	    B-   
     030    10    6    4        5771.519674	675	   4	    B-   
     013    10    6    4       13310.438686	1400	   5	    B+   
     000    10    6    4        1399.460366	22	   100	    A+   
     023    10    6    4       14690.842562	2499	   1	    C   
     300    10    6    4        9255.030306	861	   2	    B-   
     011    10    6    4        6512.255643	162	   7	    A+   
     102    10    6    4       11258.666908	1000	   1	    C   
     022    10    6    4       11397.288647	1000	   1	    C   
     031    10    6    4        9363.256647	500	   1	    C   
     001    10    6    4        5068.766599	328	   9	    A+   
     020    10    6    4        4325.687388	216	   10	    A+   
     101    10    6    4        7762.952994	43	   5	    B+   
     010    10    6    4        2869.016951	28	   29	    A+   
     004    10    6    4       15107.093849	115	   7	    A+   
     040    10    6    4        7209.186747	42	   1	    C   
     500    10    6    4       14063.724008	2499	   1	    C   
     201    10    6    4       10369.926795	1772	   2	    B-   
     002    10    6    4        8574.648026	31	   6	    A+   
     110    10    6    4        5560.252484	188	   7	    A+   
     021    10    6    4        7943.237306	247	   2	    B+   
     103    10    6    4       14592.755082	2499	   1	    C   
     005    10    6    4       18140.001747	4997	   1	    C   
     030    10    7    4        6024.227942	448	   7	    A-   
     023    10    7    4       14873.870708	2499	   1	    C   
     500    10    7    4       14246.497847	2499	   1	    C   
     004    10    7    4       15249.088567	344	   7	    A+   
     041    10    7    4       11035.234738	2065	   2	    B+   
     200    10    7    4        6907.886910	40	   4	    B+   
     010    10    7    4        3075.999311	28	   31	    A+   
     020    10    7    4        4554.092190	314	   13	    A+   
     300    10    7    4        9439.606308	500	   1	    C   
     310    10    7    4       10888.945144	1634	   4	    B-   
     110    10    7    4        5765.472102	237	   7	    A+   
     102    10    7    4       11422.760012	2499	   1	    C   
     005    10    7    4       18271.443569	300	   1	    C   
     101    10    7    4        7938.204654	752	   3	    B+   
     001    10    7    4        5245.019380	131	   15	    A+   
     003    10    7    4       12072.940677	557	   4	    B-   
     002    10    7    4        8739.158349	52	   6	    A+   
     012    10    7    4       10172.458543	346	   4	    B-   
     021    10    7    4        8156.436249	271	   3	    B+   
     013    10    7    4       13478.166470	1453	   3	    B-   
     100    10    7    4        4291.061751	129	   12	    A+   
     000    10    7    4        1587.740328	24	   75	    A+   
     011    10    7    4        6705.806233	92	   10	    A+   
     030    10    7    3        6024.227863	441	   7	    A-   
     005    10    7    3       18271.443728	301	   1	    C   
     102    10    7    3       11422.760035	2499	   1	    C   
     100    10    7    3        4291.061419	145	   14	    A+   
     001    10    7    3        5245.019260	144	   14	    A+   
     023    10    7    3       14873.870880	2499	   1	    C   
     310    10    7    3       10888.947777	1411	   4	    B-   
     300    10    7    3        9439.606480	500	   1	    C   
     004    10    7    3       15249.088705	349	   7	    A+   
     013    10    7    3       13478.166765	1453	   3	    B-   
     110    10    7    3        5765.472233	225	   7	    A+   
     041    10    7    3       11035.240480	2499	   1	    C   
     200    10    7    3        6907.886818	103	   5	    B+   
     021    10    7    3        8156.436788	270	   3	    B+   
     500    10    7    3       14246.495198	2499	   1	    C   
     012    10    7    3       10172.458930	290	   4	    B-   
     000    10    7    3        1587.740169	19	   79	    A+   
     011    10    7    3        6705.806484	38	   11	    A+   
     003    10    7    3       12072.939951	544	   4	    B-   
     002    10    7    3        8739.158237	51	   6	    A+   
     010    10    7    3        3075.999411	29	   30	    A+   
     101    10    7    3        7938.203290	785	   3	    B+   
     020    10    7    3        4554.092129	306	   13	    A+   
     011    10    8    3        6925.093107	45	   8	    A+   
     101    10    8    3        8138.472628	1000	   1	    C   
     110    10    8    3        5997.887442	686	   4	    B-   
     001    10    8    3        5446.053197	491	   7	    A-   
     000    10    8    3        1802.335212	22	   45	    A+   
     013    10    8    3       13668.794935	2499	   1	    C   
     043    10    8    3       17897.214455	270	   1	    C   
     004    10    8    3       15411.572305	211	   4	    B+   
     201    10    8    3       10744.327480	2499	   1	    C   
     030    10    8    3        6304.801167	484	   5	    B-   
     010    10    8    3        3310.239251	44	   27	    A+   
     020    10    8    3        4810.319885	300	   13	    A-   
     200    10    8    3        7120.008547	1016	   1	    C   
     012    10    8    3       10377.109998	2499	   1	    C   
     100    10    8    3        4504.397057	271	   9	    A+   
     002    10    8    3        8926.961598	500	   1	    C   
     101    10    8    2        8138.472469	1000	   1	    C   
     110    10    8    2        5997.887305	679	   4	    B-   
     200    10    8    2        7120.008235	1021	   1	    C   
     001    10    8    2        5446.053187	496	   6	    A-   
     010    10    8    2        3310.239458	43	   27	    A+   
     100    10    8    2        4504.396014	185	   9	    A+   
     030    10    8    2        6304.801074	486	   5	    B-   
     201    10    8    2       10744.327308	2499	   1	    C   
     020    10    8    2        4810.319862	302	   13	    A-   
     004    10    8    2       15411.572284	211	   4	    B+   
     011    10    8    2        6925.093203	58	   8	    A+   
     013    10    8    2       13668.794912	2499	   1	    C   
     002    10    8    2        8926.964247	500	   1	    C   
     000    10    8    2        1802.335235	22	   46	    A+   
     012    10    8    2       10377.112647	2499	   1	    C   
     310    10    9    2       11372.114352	2499	   1	    C   
     200    10    9    2        7357.606105	739	   2	    B-   
     010    10    9    2        3570.225336	46	   18	    A+   
     201    10    9    2       10967.805252	2499	   1	    C   
     000    10    9    2        2042.105556	53	   23	    A+   
     030    10    9    2        6610.944740	567	   5	    B-   
     011    10    9    2        7168.624012	63	   7	    A+   
     001    10    9    2        5670.762982	502	   5	    B-   
     120    10    9    2        7762.783425	950	   2	    B-   
     020    10    9    2        5092.464548	444	   6	    A-   
     100    10    9    2        4743.044801	166	   10	    A+   
     004    10    9    2       15593.561346	2499	   1	    C   
     110    10    9    2        6256.179503	515	   6	    A-   
     001    10    9    1        5670.763067	503	   5	    B-   
     010    10    9    1        3570.225471	54	   18	    A+   
     030    10    9    1        6610.944758	568	   5	    B-   
     020    10    9    1        5092.464442	442	   6	    A-   
     000    10    9    1        2042.105246	28	   24	    A+   
     011    10    9    1        7168.624154	49	   7	    A+   
     201    10    9    1       10967.805251	2499	   1	    C   
     100    10    9    1        4743.044817	166	   10	    A+   
     200    10    9    1        7357.606173	740	   2	    B-   
     120    10    9    1        7762.782337	239	   4	    B+   
     310    10    9    1       11372.114351	2499	   1	    C   
     004    10    9    1       15593.561656	2499	   1	    C   
     110    10    9    1        6256.180061	516	   6	    A-   
     000    10    10    1        2306.112351	53	   9	    A+   
     011    10    10    1        7435.262774	619	   5	    B-   
     100    10    10    1        5006.163034	230	   7	    A+   
     010    10    10    1        3854.742183	404	   8	    A-   
     110    10    10    1        6539.266839	525	   5	    B-   
     001    10    10    1        5918.249208	508	   6	    A-   
     030    10    10    1        6940.951403	688	   3	    B-   
     200    10    10    1        7619.873083	1025	   1	    C   
     020    10    10    1        5399.039966	492	   6	    A-   
     011    10    10    0        7435.262764	621	   5	    B-   
     010    10    10    0        3854.742204	405	   8	    A-   
     030    10    10    0        6940.951407	688	   3	    B-   
     000    10    10    0        2306.112181	54	   9	    A+   
     001    10    10    0        5918.249238	508	   6	    A-   
     100    10    10    0        5006.163183	229	   7	    A+   
     200    10    10    0        7619.872934	1026	   1	    C   
     020    10    10    0        5399.039965	491	   6	    A-   
     110    10    10    0        6539.266814	528	   5	    B-   
     011    11    0    11        5990.811659	29	   16	    A+   
     015    11    0    11       19062.623234	510	   2	    B+   
     001    11    0    11        4612.160798	126	   8	    A+   
     311    11    0    11       13770.219938	2499	   1	    C   
     301    11    0    11       12441.219038	2499	   1	    C   
     500    11    0    11       13608.695097	1807	   2	    B+   
     003    11    0    11       11513.282096	955	   3	    B-   
     150    11    0    11       10269.399738	2499	   1	    C   
     000    11    0    11         916.028911	17	   199	    A+   
     005    11    0    11       17778.253981	210	   6	    A+   
     400    11    0    11       11238.491418	1342	   2	    B-   
     300    11    0    11        8788.771368	424	   3	    B-   
     221    11    0    11       12575.473438	2499	   1	    C   
     022    11    0    11       10817.039755	1464	   3	    B-   
     142    11    0    11       16037.470838	420	   1	    C   
     210    11    0    11        7632.869030	79	   8	    A+   
     410    11    0    11       12611.085838	2499	   1	    C   
     121    11    0    11       10038.776438	2499	   1	    C   
     014    11    0    11       16032.826725	48	   4	    B+   
     110    11    0    11        4999.622049	171	   12	    A+   
     002    11    0    11        8143.729049	68	   5	    B-   
     101    11    0    11        7305.780695	33	   25	    A+   
     201    11    0    11        9917.989098	562	   4	    B+   
     100    11    0    11        3624.375703	71	   20	    A+   
     021    11    0    11        7350.913314	44	   17	    A+   
     020    11    0    11        3693.560232	40	   19	    A+   
     200    11    0    11        6249.348153	36	   6	    A+   
     122    11    0    11       13521.922099	2499	   1	    C   
     010    11    0    11        2316.311628	21	   38	    A+   
     023    11    0    11       14151.736866	1257	   6	    A+   
     103    11    0    11       14200.612349	2336	   3	    B+   
     202    11    0    11       13434.215692	2499	   1	    C   
     004    11    0    11       14723.508491	32	   7	    A+   
     050    11    0    11        7600.173506	49	   3	    B+   
     310    11    0    11       10157.306652	477	   4	    B+   
     031    11    0    11        8646.436957	500	   1	    C   
     102    11    0    11       10850.774047	1698	   3	    B-   
     120    11    0    11        6410.259856	71	   9	    A+   
     041    11    0    11        9946.356168	1799	   2	    B-   
     230    11    0    11       10387.190438	2499	   1	    C   
     012    11    0    11        9500.671479	459	   3	    B-   
     013    11    0    11       12847.521604	60	   7	    A+   
     030    11    0    11        5054.751581	163	   10	    A+   
     150    11    1    11       10272.629899	2499	   1	    C   
     300    11    1    11        8788.886080	314	   3	    B-   
     201    11    1    11        9918.050321	486	   3	    B+   
     010    11    1    11        2316.445643	20	   35	    A+   
     020    11    1    11        3693.767320	31	   22	    A+   
     011    11    1    11        5990.898438	30	   10	    A+   
     021    11    1    11        7351.037391	42	   15	    A+   
     200    11    1    11        6249.454341	33	   8	    A+   
     103    11    1    11       14200.629647	1827	   2	    B+   
     500    11    1    11       13608.565999	2499	   1	    C   
     121    11    1    11       10049.441999	2499	   1	    C   
     022    11    1    11       10817.089594	1660	   3	    B-   
     142    11    1    11       16036.737599	86	   2	    B+   
     040    11    1    11        6327.160050	566	   4	    B-   
     001    11    1    11        4612.222146	162	   8	    A+   
     023    11    1    11       14151.797590	1192	   6	    A+   
     301    11    1    11       12442.165799	2499	   1	    C   
     005    11    1    11       17778.300727	96	   3	    B+   
     004    11    1    11       14723.477357	29	   9	    A+   
     410    11    1    11       12611.433299	2499	   1	    C   
     400    11    1    11       11235.028299	1000	   1	    C   
     050    11    1    11        7601.733009	298	   3	    B+   
     006    11    1    11       20684.164099	270	   1	    C   
     210    11    1    11        7633.221345	44	   11	    A+   
     014    11    1    11       16032.207384	58	   4	    B+   
     110    11    1    11        4999.839138	167	   11	    A+   
     003    11    1    11       11513.295364	1014	   3	    B+   
     102    11    1    11       10850.829664	1458	   4	    B-   
     120    11    1    11        6410.643723	39	   6	    A+   
     031    11    1    11        8646.600392	500	   1	    C   
     041    11    1    11        9944.525368	1835	   2	    B-   
     111    11    1    11        8702.810747	356	   2	    B-   
     100    11    1    11        3624.480335	87	   16	    A+   
     015    11    1    11       19062.543899	240	   1	    C   
     310    11    1    11       10158.248429	380	   7	    A+   
     002    11    1    11        8143.768454	60	   5	    B-   
     012    11    1    11        9500.719384	388	   3	    B-   
     000    11    1    11         916.123618	21	   202	    A+   
     013    11    1    11       12847.567241	42	   7	    A+   
     101    11    1    11        7305.855700	58	   22	    A+   
     030    11    1    11        5055.050982	161	   9	    A+   
     230    11    1    11       10390.942299	2499	   1	    C   
     103    11    1    10       14332.244837	1366	   5	    B+   
     052    11    1    10       14850.473535	472	   4	    B+   
     120    11    1    10        6574.159099	54	   6	    A+   
     301    11    1    10       12565.036089	2499	   1	    C   
     100    11    1    10        3753.099971	118	   13	    A+   
     005    11    1    10       17901.399994	42	   4	    B+   
     013    11    1    10       12986.507899	43	   7	    A+   
     210    11    1    10        7761.592509	43	   4	    B+   
     001    11    1    10        4741.667627	229	   10	    A+   
     014    11    1    10       16170.593697	62	   3	    B+   
     101    11    1    10        7435.536156	36	   25	    A+   
     230    11    1    10       10456.997201	1843	   2	    B-   
     300    11    1    10        8910.650784	348	   3	    B-   
     023    11    1    10       14296.919356	295	   6	    A+   
     022    11    1    10       10995.791410	890	   4	    B+   
     015    11    1    10       19197.708497	4997	   1	    C   
     110    11    1    10        5148.316569	193	   5	    B+   
     010    11    1    10        2459.360610	21	   46	    A+   
     021    11    1    10        7503.943921	49	   9	    A+   
     031    11    1    10        8859.196897	500	   1	    C   
     200    11    1    10        6374.660013	50	   4	    B+   
     121    11    1    10       10204.653397	2499	   1	    C   
     004    11    1    10       14848.422694	28	   12	    A+   
     030    11    1    10        5217.919188	224	   11	    A+   
     500    11    1    10       13723.611089	2499	   1	    C   
     012    11    1    10        9641.340920	222	   6	    A-   
     002    11    1    10        8271.999315	25	   7	    A-   
     201    11    1    10       10044.967140	541	   5	    B+   
     040    11    1    10        6503.629053	522	   5	    B-   
     102    11    1    10       10952.157293	724	   9	    A+   
     310    11    1    10       10293.418762	971	   5	    B+   
     020    11    1    10        3849.171416	49	   17	    A+   
     000    11    1    10        1046.474143	15	   220	    A+   
     024    11    1    10       17465.567897	285	   1	    C   
     011    11    1    10        6132.880135	32	   10	    A+   
     003    11    1    10       11640.062354	405	   7	    A-   
     121    11    2    10       10210.909889	2499	   1	    C   
     100    11    2    10        3755.899026	97	   13	    A+   
     102    11    2    10       10953.648612	784	   8	    A+   
     002    11    2    10        8273.248220	41	   6	    A-   
     031    11    2    10        8863.955327	504	   2	    B-   
     300    11    2    10        8913.706328	331	   3	    B-   
     020    11    2    10        3854.221005	38	   16	    A+   
     003    11    2    10       11640.883496	494	   6	    A-   
     005    11    2    10       17901.749715	157	   4	    B+   
     030    11    2    10        5225.344746	192	   9	    A+   
     500    11    2    10       13727.142097	2499	   1	    C   
     230    11    2    10       10473.721389	2499	   1	    C   
     014    11    2    10       16171.338532	63	   3	    B+   
     001    11    2    10        4743.516996	177	   9	    A+   
     200    11    2    10        6377.545363	61	   4	    B+   
     022    11    2    10       10997.966098	897	   5	    B+   
     310    11    2    10       10296.507757	499	   5	    B+   
     013    11    2    10       12987.586294	57	   6	    A+   
     110    11    2    10        5152.463794	149	   11	    A+   
     012    11    2    10        9642.995225	225	   6	    A-   
     023    11    2    10       14298.163669	731	   7	    A+   
     120    11    2    10        6583.843289	51	   3	    B+   
     101    11    2    10        7437.560641	53	   28	    A+   
     000    11    2    10        1049.124334	16	   200	    A+   
     021    11    2    10        7507.415501	52	   10	    A+   
     201    11    2    10       10047.116651	494	   2	    B+   
     103    11    2    10       14333.357281	1814	   2	    B-   
     011    11    2    10        6135.339693	32	   11	    A+   
     010    11    2    10        2462.886772	19	   48	    A+   
     210    11    2    10        7765.971899	42	   1	    C   
     004    11    2    10       14849.062177	42	   7	    A+   
     102    11    2    9       11050.973479	1374	   4	    B-   
     000    11    2    9        1141.691501	15	   176	    A+   
     002    11    2    9        8370.987853	50	   9	    A+   
     210    11    2    9        7861.092790	195	   3	    B+   
     001    11    2    9        4838.916743	179	   9	    A+   
     020    11    2    9        3957.464084	34	   18	    A+   
     005    11    2    9       18003.037381	75	   4	    B+   
     012    11    2    9        9747.989594	222	   6	    A-   
     310    11    2    9       10388.241788	1402	   3	    B+   
     013    11    2    9       13094.832476	21	   9	    A+   
     021    11    2    9        7614.664742	266	   4	    B+   
     300    11    2    9        8997.850583	399	   2	    B-   
     201    11    2    9       10137.499379	490	   2	    B+   
     103    11    2    9       14440.224063	213	   5	    B+   
     101    11    2    9        7531.033183	52	   21	    A+   
     031    11    2    9        8973.934576	500	   1	    C   
     023    11    2    9       14403.198353	1376	   4	    B+   
     200    11    2    9        6464.758541	87	   4	    B+   
     004    11    2    9       14949.822878	20	   9	    A+   
     014    11    2    9       16280.159669	131	   3	    B+   
     010    11    2    9        2561.580034	23	   39	    A+   
     100    11    2    9        3846.084003	92	   19	    A+   
     003    11    2    9       11740.399975	520	   5	    B-   
     022    11    2    9       11107.459659	857	   4	    B+   
     110    11    2    9        5250.484787	344	   9	    A+   
     030    11    2    9        5330.062589	478	   7	    A-   
     011    11    2    9        6237.444495	37	   14	    A+   
     013    11    3    9       13107.101570	1040	   7	    A+   
     210    11    3    9        7890.409050	52	   8	    A+   
     201    11    3    9       10156.144666	397	   6	    A+   
     200    11    3    9        6488.698413	44	   4	    B+   
     030    11    3    9        5377.528968	275	   8	    A+   
     000    11    3    9        1164.509686	14	   192	    A+   
     005    11    3    9       18007.877248	362	   5	    B+   
     004    11    3    9       14956.808969	40	   10	    A+   
     012    11    3    9        9764.745936	250	   6	    A-   
     310    11    3    9       10416.762027	871	   4	    B+   
     023    11    3    9       14415.130758	1860	   3	    B+   
     002    11    3    9        8384.487206	26	   9	    A+   
     041    11    3    9       10361.341160	2499	   1	    C   
     300    11    3    9        9022.564644	354	   2	    B-   
     102    11    3    9       11065.599039	2584	   2	    B+   
     103    11    3    9       14454.274862	1652	   4	    B+   
     101    11    3    9        7549.721065	117	   24	    A+   
     021    11    3    9        7643.275507	55	   11	    A+   
     011    11    3    9        6259.556186	35	   11	    A+   
     014    11    3    9       16288.860146	220	   2	    B+   
     100    11    3    9        3869.525058	93	   16	    A+   
     120    11    3    9        6744.936060	250	   1	    C   
     022    11    3    9       11128.594457	801	   5	    B+   
     003    11    3    9       11750.274767	536	   5	    B-   
     010    11    3    9        2589.749601	21	   41	    A+   
     031    11    3    9        9008.897244	392	   2	    B-   
     110    11    3    9        5280.283147	137	   12	    A+   
     001    11    3    9        4856.749747	172	   10	    A+   
     020    11    3    9        3993.755727	33	   18	    A+   
     002    11    3    8        8436.558265	33	   9	    A+   
     041    11    3    8       10404.425006	2499	   1	    C   
     001    11    3    8        4903.843726	217	   9	    A+   
     120    11    3    8        6779.523306	250	   1	    C   
     012    11    3    8        9818.618207	252	   6	    A-   
     020    11    3    8        4035.537659	36	   16	    A+   
     014    11    3    8       16354.025913	165	   3	    B+   
     030    11    3    8        5416.344456	225	   6	    A+   
     031    11    3    8        9049.935706	500	   1	    C   
     201    11    3    8       10199.705087	505	   2	    B+   
     021    11    3    8        7690.647954	53	   8	    A+   
     013    11    3    8       13166.512912	92	   6	    A+   
     102    11    3    8       11115.839164	1785	   3	    B-   
     300    11    3    8        9059.186418	449	   3	    B-   
     200    11    3    8        6527.120494	37	   6	    A+   
     003    11    3    8       11807.334692	525	   6	    A-   
     100    11    3    8        3909.949458	116	   16	    A+   
     004    11    3    8       15018.698705	37	   11	    A+   
     330    11    3    8       13167.822046	2027	   2	    B-   
     000    11    3    8        1206.754511	17	   154	    A+   
     011    11    3    8        6307.828976	30	   8	    A+   
     022    11    3    8       11182.578568	958	   2	    B+   
     010    11    3    8        2632.659838	26	   33	    A+   
     110    11    3    8        5321.886128	142	   7	    A+   
     103    11    3    8       14512.605408	2235	   2	    B+   
     101    11    3    8        7594.863264	55	   17	    A+   
     310    11    3    8       10453.640646	1912	   2	    B-   
     210    11    3    8        7930.587053	297	   9	    A+   
     500    11    3    8       13862.263406	2499	   1	    C   
     023    11    3    8       14471.371606	2499	   1	    C   
     005    11    3    8       18074.461006	81	   1	    C   
     100    11    4    8        3982.092998	122	   15	    A+   
     020    11    4    8        4134.914376	43	   19	    A+   
     200    11    4    8        6599.523741	42	   5	    B+   
     002    11    4    8        8489.092424	29	   9	    A+   
     012    11    4    8        9880.017226	293	   5	    B-   
     030    11    4    8        5535.924346	352	   9	    A+   
     110    11    4    8        5406.446445	143	   9	    A+   
     201    11    4    8       10263.487606	2499	   1	    C   
     004    11    4    8       15053.954284	321	   7	    A+   
     010    11    4    8        2716.170042	24	   38	    A+   
     001    11    4    8        4965.802967	185	   8	    A+   
     023    11    4    8       14571.785815	1769	   2	    B-   
     101    11    4    8        7657.867348	32	   20	    A+   
     103    11    4    8       14519.589529	1901	   3	    B+   
     310    11    4    8       10538.008949	914	   3	    B+   
     300    11    4    8        9131.267865	360	   2	    B-   
     005    11    4    8       18101.705015	195	   3	    B+   
     013    11    4    8       13217.613146	111	   6	    A+   
     210    11    4    8        8013.856005	1000	   1	    C   
     121    11    4    8       10431.168424	2499	   1	    C   
     022    11    4    8       11254.989841	874	   3	    B+   
     031    11    4    8        9158.315824	500	   1	    C   
     011    11    4    8        6380.190154	26	   12	    A+   
     014    11    4    8       16395.123718	255	   3	    B+   
     041    11    4    8       10523.460847	1568	   2	    B+   
     102    11    4    8       11169.975099	1477	   4	    B+   
     003    11    4    8       11850.900141	538	   6	    A-   
     230    11    4    8       10780.013224	2499	   1	    C   
     000    11    4    8        1278.438064	16	   134	    A+   
     200    11    4    7        6607.017171	56	   7	    A+   
     002    11    4    7        8503.266991	30	   9	    A+   
     021    11    4    7        7786.488237	255	   3	    B+   
     004    11    4    7       15075.724238	169	   7	    A+   
     011    11    4    7        6390.880492	35	   9	    A+   
     020    11    4    7        4142.174763	210	   15	    A+   
     014    11    4    7       16416.865076	210	   1	    C   
     300    11    4    7        9138.144418	363	   2	    B-   
     000    11    4    7        1287.238698	17	   151	    A+   
     013    11    4    7       13235.139352	94	   8	    A+   
     003    11    4    7       11868.605479	465	   6	    A-   
     022    11    4    7       11267.597578	938	   3	    B+   
     110    11    4    7        5414.439754	220	   7	    A+   
     101    11    4    7        7668.337878	44	   19	    A+   
     201    11    4    7       10273.077001	1791	   2	    B-   
     102    11    4    7       11183.343892	1898	   3	    B+   
     023    11    4    7       14587.406281	2195	   2	    B-   
     001    11    4    7        4977.018139	175	   7	    A+   
     005    11    4    7       18128.085799	303	   4	    B+   
     121    11    4    7       10441.920076	2499	   1	    C   
     310    11    4    7       10544.718910	1378	   5	    B+   
     010    11    4    7        2724.462522	25	   35	    A+   
     100    11    4    7        3990.249784	105	   12	    A+   
     030    11    4    7        5541.768203	445	   6	    A-   
     210    11    4    7        8021.334005	245	   2	    B+   
     500    11    4    7       13942.441260	2499	   1	    C   
     041    11    4    7       10529.895676	2998	   1	    C   
     012    11    4    7        9893.795188	313	   3	    B-   
     004    11    5    7       15155.903547	267	   5	    B+   
     201    11    5    7       10385.838576	2499	   1	    C   
     022    11    5    7       11397.956273	928	   2	    B+   
     100    11    5    7        4113.082169	135	   9	    A+   
     010    11    5    7        2863.368222	32	   33	    A+   
     310    11    5    7       10678.359596	1295	   4	    B+   
     003    11    5    7       11959.679892	529	   6	    A+   
     011    11    5    7        6517.914731	28	   12	    A+   
     102    11    5    7       11286.264601	1777	   2	    B-   
     002    11    5    7        8605.218195	43	   8	    A+   
     012    11    5    7       10008.724882	291	   3	    B-   
     020    11    5    7        4300.206302	441	   8	    A-   
     000    11    5    7        1410.566652	13	   110	    A+   
     110    11    5    7        5552.794502	236	   5	    B+   
     500    11    5    7       14063.606976	2499	   1	    C   
     101    11    5    7        7781.050465	87	   13	    A+   
     021    11    5    7        7931.019406	240	   3	    B+   
     200    11    5    7        6729.186127	73	   5	    B+   
     030    11    5    7        5722.767679	446	   6	    A-   
     013    11    5    7       13337.788375	208	   5	    B+   
     001    11    5    7        5089.731679	148	   12	    A+   
     300    11    5    7        9259.844443	353	   3	    B-   
     005    11    5    7       18197.396308	4997	   1	    C   
     100    11    5    6        4113.762576	111	   12	    A+   
     011    11    5    6        6518.880804	27	   11	    A+   
     010    11    5    6        2864.035672	25	   35	    A+   
     014    11    5    6       16510.746882	190	   1	    C   
     020    11    5    6        4300.742423	316	   12	    A-   
     021    11    5    6        7931.723057	236	   3	    B+   
     003    11    5    6       11961.951967	595	   5	    B+   
     012    11    5    6       10010.147873	300	   3	    B-   
     310    11    5    6       10678.887711	1778	   2	    B+   
     013    11    5    6       13339.904256	1296	   4	    B+   
     030    11    5    6        5723.158283	468	   6	    A-   
     022    11    5    6       11399.124582	1000	   1	    C   
     004    11    5    6       15159.165504	491	   5	    B+   
     001    11    5    6        5090.820449	488	   7	    A-   
     000    11    5    6        1411.319881	13	   113	    A+   
     110    11    5    6        5553.411430	287	   8	    A+   
     200    11    5    6        6729.794605	38	   4	    B+   
     201    11    5    6       10386.749624	2499	   1	    C   
     300    11    5    6        9260.389317	499	   2	    B-   
     101    11    5    6        7782.272637	45	   4	    B+   
     102    11    5    6       11287.629876	1033	   3	    B+   
     002    11    5    6        8606.790597	29	   9	    A+   
     003    11    6    6       12088.799761	1008	   3	    B+   
     002    11    6    6        8744.118563	63	   7	    A+   
     200    11    6    6        6886.183322	53	   2	    B+   
     030    11    6    6        5943.437504	600	   4	    B-   
     013    11    6    6       13480.270403	2437	   2	    B-   
     021    11    6    6        8114.314062	1000	   1	    C   
     001    11    6    6        5238.790936	233	   7	    A+   
     011    11    6    6        6682.858368	33	   6	    A+   
     101    11    6    6        7929.287434	47	   2	    B+   
     310    11    6    6       10849.131748	1069	   5	    B+   
     020    11    6    6        4497.211424	347	   12	    A-   
     000    11    6    6        1570.061616	17	   70	    A+   
     300    11    6    6        9415.765426	477	   2	    B-   
     004    11    6    6       15275.535639	2499	   1	    C   
     012    11    6    6       10162.166639	500	   1	    C   
     110    11    6    6        5728.016581	333	   6	    A+   
     010    11    6    6        3040.100036	30	   29	    A+   
     100    11    6    6        4271.358125	146	   6	    A+   
     100    11    6    5        4271.386882	157	   10	    A+   
     013    11    6    5       13480.392070	2146	   2	    B-   
     011    11    6    5        6682.890614	53	   7	    A+   
     200    11    6    5        6886.208651	55	   2	    B+   
     000    11    6    5        1570.096062	23	   60	    A+   
     010    11    6    5        3040.128996	33	   29	    A+   
     004    11    6    5       15275.748726	1596	   3	    B-   
     021    11    6    5        8114.416666	1000	   1	    C   
     020    11    6    5        4497.235036	339	   11	    A-   
     110    11    6    5        5728.042669	248	   4	    B+   
     002    11    6    5        8744.208171	116	   6	    A+   
     012    11    6    5       10162.247466	500	   1	    C   
     030    11    6    5        5943.441779	922	   3	    B-   
     310    11    6    5       10849.145066	2499	   1	    C   
     300    11    6    5        9415.776866	500	   1	    C   
     001    11    6    5        5238.844605	254	   8	    A+   
     201    11    6    5       10533.362633	2441	   2	    B-   
     101    11    6    5        7929.262546	50	   2	    B+   
     003    11    6    5       12088.921298	834	   4	    B-   
     030    11    7    5        6195.162354	495	   7	    A-   
     001    11    7    5        5414.025951	546	   5	    B-   
     100    11    7    5        4457.318679	191	   12	    A+   
     013    11    7    5       13646.938920	1806	   2	    B-   
     101    11    7    5        8103.877316	1000	   1	    C   
     011    11    7    5        6875.367222	89	   11	    A+   
     300    11    7    5        9599.236128	500	   1	    C   
     042    11    7    5       14591.339776	2499	   1	    C   
     021    11    7    5        8326.506004	262	   2	    B+   
     010    11    7    5        3246.058181	40	   32	    A+   
     020    11    7    5        4724.596646	384	   10	    A-   
     004    11    7    5       15416.586712	752	   4	    B+   
     110    11    7    5        5932.144904	229	   7	    A+   
     003    11    7    5       12240.911666	1000	   1	    C   
     002    11    7    5        8907.608196	62	   6	    A+   
     102    11    7    5       11587.905415	2999	   1	    C   
     000    11    7    5        1757.341067	26	   60	    A+   
     200    11    7    5        7070.791535	239	   3	    B+   
     013    11    7    4       13646.940175	1767	   2	    B-   
     200    11    7    4        7070.791436	239	   3	    B+   
     000    11    7    4        1757.341607	25	   64	    A+   
     100    11    7    4        4457.317615	229	   12	    A+   
     011    11    7    4        6875.367318	48	   12	    A+   
     004    11    7    4       15416.586765	733	   4	    B+   
     002    11    7    4        8907.610456	130	   4	    B+   
     003    11    7    4       12240.901605	1000	   1	    C   
     020    11    7    4        4724.596160	370	   9	    A-   
     300    11    7    4        9599.235969	500	   1	    C   
     110    11    7    4        5932.144638	234	   8	    A+   
     001    11    7    4        5414.025814	549	   5	    B-   
     021    11    7    4        8326.505464	262	   2	    B+   
     010    11    7    4        3246.058722	32	   32	    A+   
     030    11    7    4        6195.164240	497	   6	    A-   
     010    11    8    4        3479.363164	44	   20	    A+   
     000    11    8    4        1971.029995	31	   28	    A+   
     100    11    8    4        4669.703947	183	   9	    A+   
     004    11    8    4       15578.251867	2499	   1	    C   
     310    11    8    4       11276.210169	2499	   1	    C   
     030    11    8    4        6474.798691	578	   7	    A-   
     001    11    8    4        5614.162378	345	   10	    A-   
     013    11    8    4       13836.744167	2499	   1	    C   
     002    11    8    4        9094.513969	500	   1	    C   
     011    11    8    4        7093.733521	48	   7	    A+   
     020    11    8    4        4979.881201	345	   13	    A-   
     003    11    8    4       12414.933360	995	   2	    B-   
     110    11    8    4        6163.564683	450	   6	    A-   
     010    11    8    3        3479.363236	45	   20	    A+   
     004    11    8    3       15578.251695	2499	   1	    C   
     030    11    8    3        6474.798706	564	   7	    A-   
     001    11    8    3        5614.162295	343	   10	    A-   
     020    11    8    3        4979.881381	343	   13	    A-   
     002    11    8    3        9094.514128	500	   1	    C   
     310    11    8    3       11276.210328	2499	   1	    C   
     110    11    8    3        6163.564610	450	   6	    A-   
     011    11    8    3        7093.733512	42	   7	    A+   
     013    11    8    3       13836.743995	2499	   1	    C   
     100    11    8    3        4669.703635	208	   9	    A+   
     003    11    8    3       12414.933520	997	   2	    B-   
     000    11    8    3        1971.030167	30	   29	    A+   
     020    11    9    3        5261.060484	341	   11	    A-   
     010    11    9    3        3738.413689	72	   19	    A+   
     011    11    9    3        7336.377104	573	   4	    B-   
     004    11    9    3       15759.725920	2499	   1	    C   
     000    11    9    3        2209.905534	37	   23	    A+   
     030    11    9    3        6779.961074	547	   4	    B-   
     100    11    9    3        4907.406593	386	   9	    A-   
     110    11    9    3        6420.850152	487	   6	    A+   
     001    11    9    3        5837.999133	432	   7	    A-   
     001    11    9    2        5837.999157	431	   7	    A-   
     030    11    9    2        6779.961265	491	   5	    B-   
     004    11    9    2       15759.725834	2499	   1	    C   
     110    11    9    2        6420.850292	485	   6	    A+   
     020    11    9    2        5261.060510	341	   11	    A-   
     010    11    9    2        3738.413388	56	   19	    A+   
     000    11    9    2        2209.905620	43	   23	    A+   
     100    11    9    2        4907.406744	387	   9	    A-   
     011    11    9    2        7336.377293	569	   4	    B-   
     020    11    10    2        5566.588381	495	   7	    A-   
     030    11    10    2        7108.847986	1116	   1	    C   
     010    11    10    2        4021.934093	287	   17	    A-   
     100    11    10    2        5169.531986	456	   7	    A-   
     000    11    10    2        2472.973971	53	   12	    A+   
     110    11    10    2        6702.873988	535	   6	    A-   
     001    11    10    2        6084.581324	438	   7	    A-   
     011    11    10    2        7602.078878	711	   4	    B-   
     030    11    10    1        7108.848031	1115	   1	    C   
     110    11    10    1        6702.873819	533	   6	    A-   
     020    11    10    1        5566.588336	497	   7	    A-   
     011    11    10    1        7602.078847	714	   4	    B-   
     100    11    10    1        5169.531931	458	   7	    A-   
     001    11    10    1        6084.581245	438	   7	    A-   
     000    11    10    1        2472.974127	55	   12	    A+   
     010    11    10    1        4021.934125	287	   17	    A-   
     000    11    11    1        2759.425152	468	   7	    A-   
     001    11    11    1        6353.130718	679	   3	    B-   
     030    11    11    1        7460.205288	1144	   2	    B-   
     010    11    11    1        4328.918676	439	   8	    A-   
     100    11    11    1        5455.347595	562	   5	    B-   
     020    11    11    1        5895.294051	557	   6	    A-   
     110    11    11    1        7008.732664	559	   5	    B-   
     011    11    11    1        7889.873772	628	   4	    B-   
     001    11    11    0        6353.130700	679	   3	    B-   
     100    11    11    0        5455.347545	562	   5	    B-   
     010    11    11    0        4328.918689	438	   8	    A-   
     030    11    11    0        7460.205291	1144	   2	    B-   
     020    11    11    0        5895.294048	557	   6	    A-   
     000    11    11    0        2759.425184	469	   7	    A-   
     011    11    11    0        7889.873771	628	   4	    B-   
     110    11    11    0        7008.732676	559	   5	    B-   
     101    12    0    12        7460.778629	38	   20	    A+   
     041    12    0    12       10100.019518	2499	   1	    C   
     040    12    0    12        6482.079658	852	   2	    B-   
     150    12    0    12       10420.830011	2499	   1	    C   
     103    12    0    12       14351.933916	1867	   2	    B+   
     000    12    0    12        1075.714692	21	   142	    A+   
     102    12    0    12       11004.317667	1927	   3	    B-   
     003    12    0    12       11666.945973	782	   5	    B+   
     100    12    0    12        3781.352891	106	   13	    A+   
     122    12    0    12       13673.704218	2499	   1	    C   
     021    12    0    12        7506.583358	53	   9	    A+   
     201    12    0    12       10070.456034	492	   2	    B+   
     013    12    0    12       12999.936208	25	   8	    A+   
     002    12    0    12        8299.415884	54	   4	    B-   
     310    12    0    12       10307.267665	1781	   2	    B-   
     011    12    0    12        6147.310539	42	   10	    A+   
     110    12    0    12        5155.276498	178	   12	    A+   
     001    12    0    12        4769.859303	247	   6	    A+   
     210    12    0    12        7786.901323	171	   10	    A+   
     010    12    0    12        2474.834469	37	   30	    A+   
     301    12    0    12       12591.574211	2499	   1	    C   
     005    12    0    12       17927.897711	58	   1	    C   
     022    12    0    12       10970.111196	1647	   4	    B-   
     300    12    0    12        8940.650984	364	   3	    B-   
     020    12    0    12        3851.279049	33	   22	    A+   
     111    12    0    12        8857.499649	387	   3	    B-   
     004    12    0    12       14875.104981	150	   7	    A+   
     120    12    0    12        6566.535747	1028	   1	    C   
     080    12    0    12       10182.473215	1785	   2	    B-   
     012    12    0    12        9655.138614	391	   2	    B-   
     014    12    0    12       16182.533911	196	   1	    C   
     200    12    0    12        6403.729674	81	   5	    B+   
     142    12    0    12       16186.767911	151	   1	    C   
     121    12    0    12       10194.003211	2499	   1	    C   
     023    12    0    12       14302.851256	3751	   3	    B+   
     030    12    0    12        5211.936672	169	   11	    A+   
     100    12    1    12        3781.405581	92	   14	    A+   
     103    12    1    12       14351.956882	1866	   2	    B+   
     210    12    1    12        7787.442716	1001	   1	    C   
     150    12    1    12       10424.602918	2499	   1	    C   
     040    12    1    12        6482.461565	719	   2	    B-   
     301    12    1    12       12592.080718	2499	   1	    C   
     005    12    1    12       17927.867134	64	   4	    B+   
     023    12    1    12       14302.936050	3268	   4	    B+   
     010    12    1    12        2474.903887	32	   30	    A+   
     101    12    1    12        7460.815386	50	   21	    A+   
     022    12    1    12       10970.120064	1636	   3	    B-   
     020    12    1    12        3851.390592	36	   19	    A+   
     013    12    1    12       12999.952522	34	   8	    A+   
     110    12    1    12        5155.394611	167	   11	    A+   
     300    12    1    12        8940.706624	519	   3	    B-   
     310    12    1    12       10307.490521	431	   5	    B+   
     120    12    1    12        6566.771433	173	   6	    A+   
     002    12    1    12        8299.425706	245	   5	    B-   
     102    12    1    12       11004.347011	1512	   3	    B-   
     121    12    1    12       10204.940718	2499	   1	    C   
     004    12    1    12       14875.113783	401	   9	    A+   
     011    12    1    12        6147.353942	69	   10	    A+   
     003    12    1    12       11666.952960	819	   5	    B+   
     012    12    1    12        9655.160688	292	   3	    B-   
     014    12    1    12       16182.062218	465	   1	    C   
     041    12    1    12       10098.721111	2499	   1	    C   
     201    12    1    12       10070.416534	490	   2	    B+   
     200    12    1    12        6403.786165	72	   5	    B+   
     142    12    1    12       16186.290518	151	   1	    C   
     030    12    1    12        5212.105962	176	   11	    A+   
     000    12    1    12        1075.762257	19	   143	    A+   
     001    12    1    12        4769.885948	723	   2	    B-   
     021    12    1    12        7506.647267	58	   9	    A+   
     111    12    1    12        8857.576633	499	   2	    B-   
     001    12    1    11        4912.842074	151	   8	    A+   
     011    12    1    11        6304.385288	35	   11	    A+   
     230    12    1    11       10629.090243	2499	   1	    C   
     000    12    1    11        1220.028861	17	   148	    A+   
     103    12    1    11       14497.608667	1660	   3	    B-   
     013    12    1    11       13153.161342	46	   9	    A+   
     101    12    1    11        7604.046835	42	   18	    A+   
     023    12    1    11       14462.374015	253	   4	    B+   
     020    12    1    11        4024.141941	43	   16	    A+   
     030    12    1    11        5394.189127	239	   5	    B+   
     021    12    1    11        7676.191146	43	   9	    A+   
     201    12    1    11       10210.729274	491	   2	    B+   
     310    12    1    11       10457.443439	499	   2	    B+   
     012    12    1    11        9810.365261	238	   7	    A-   
     022    12    1    11       11165.015422	916	   3	    B+   
     002    12    1    11        8440.793818	47	   4	    B-   
     121    12    1    11       10377.643288	2446	   2	    B-   
     005    12    1    11       18063.156825	66	   5	    B+   
     210    12    1    11        7930.059143	43	   1	    C   
     110    12    1    11        5319.819304	169	   8	    A+   
     010    12    1    11        2633.352101	33	   32	    A+   
     102    12    1    11       11118.674466	1203	   5	    B-   
     200    12    1    11        6542.525337	60	   4	    B+   
     120    12    1    11        6750.662743	250	   1	    C   
     300    12    1    11        9075.735271	295	   3	    B-   
     003    12    1    11       11806.487965	441	   6	    A-   
     004    12    1    11       15012.582708	427	   7	    A+   
     014    12    1    11       16334.752638	210	   2	    B+   
     100    12    1    11        3923.832273	120	   14	    A+   
     031    12    1    11        9032.009243	500	   1	    C   
     200    12    2    11        6544.198333	52	   5	    B+   
     210    12    2    11        7932.605336	43	   3	    B+   
     310    12    2    11       10460.064099	511	   4	    B+   
     020    12    2    11        4027.218158	36	   23	    A+   
     021    12    2    11        7678.219397	48	   5	    B+   
     012    12    2    11        9811.254587	264	   4	    B-   
     000    12    2    11        1221.537165	17	   156	    A+   
     004    12    2    11       15012.890894	433	   7	    A+   
     100    12    2    11        3925.435134	102	   15	    A+   
     121    12    2    11       10381.737146	2452	   2	    B-   
     005    12    2    11       18063.452997	83	   2	    B-   
     022    12    2    11       11166.264403	905	   4	    B+   
     003    12    2    11       11806.900424	840	   3	    B-   
     031    12    2    11        9034.972434	500	   1	    C   
     011    12    2    11        6305.766813	34	   13	    A+   
     023    12    2    11       14463.030868	1476	   4	    B+   
     102    12    2    11       11119.467151	1227	   5	    B-   
     013    12    2    11       13153.729933	62	   6	    A+   
     300    12    2    11        9077.504628	533	   3	    B-   
     101    12    2    11        7605.161141	36	   20	    A+   
     010    12    2    11        2635.416627	26	   38	    A+   
     030    12    2    11        5398.976870	219	   9	    A+   
     110    12    2    11        5322.263896	177	   6	    A+   
     014    12    2    11       16335.192133	81	   2	    B+   
     103    12    2    11       14498.231638	1794	   2	    B-   
     001    12    2    11        4913.853160	172	   7	    A+   
     002    12    2    11        8441.447805	32	   7	    A-   
     012    12    2    10        9933.703543	449	   3	    B-   
     022    12    2    10       11294.852598	801	   5	    B+   
     041    12    2    10       10510.237501	2499	   1	    C   
     030    12    2    10        5525.711197	239	   9	    A+   
     003    12    2    10       11921.404715	750	   5	    B-   
     001    12    2    10        5025.770893	168	   9	    A+   
     102    12    2    10       11232.535535	1688	   4	    B-   
     100    12    2    10        4032.494781	117	   12	    A+   
     004    12    2    10       15127.794309	37	   9	    A+   
     014    12    2    10       16459.672401	285	   1	    C   
     300    12    2    10        9178.038991	1292	   2	    B-   
     101    12    2    10        7715.012604	50	   19	    A+   
     000    12    2    10        1331.216791	19	   111	    A+   
     310    12    2    10       10569.633442	1630	   2	    B+   
     110    12    2    10        5439.084667	172	   6	    A+   
     103    12    2    10       14623.123841	2246	   2	    B+   
     023    12    2    10       14583.176901	2499	   1	    C   
     005    12    2    10       18177.538793	136	   2	    B+   
     201    12    2    10       10318.535890	501	   3	    B+   
     011    12    2    10        6426.102007	33	   10	    A+   
     200    12    2    10        6647.941144	39	   5	    B+   
     020    12    2    10        4151.016400	57	   15	    A+   
     010    12    2    10        2752.925716	24	   32	    A+   
     031    12    2    10        9164.796701	500	   1	    C   
     002    12    2    10        8554.980194	32	   9	    A+   
     013    12    2    10       13277.454002	57	   7	    A+   
     021    12    2    10        7805.587991	1340	   2	    B-   
     201    12    3    10       10331.597501	2499	   1	    C   
     022    12    3    10       11309.220193	929	   2	    B+   
     031    12    3    10        9191.343286	500	   1	    C   
     012    12    3    10        9944.587834	448	   2	    B-   
     000    12    3    10        1347.120028	16	   128	    A+   
     023    12    3    10       14590.306586	2499	   1	    C   
     010    12    3    10        2773.106441	22	   40	    A+   
     210    12    3    10        8067.224656	243	   2	    B+   
     041    12    3    10       10550.449286	2499	   1	    C   
     300    12    3    10        9196.350086	500	   1	    C   
     002    12    3    10        8563.497167	29	   8	    A+   
     030    12    3    10        5562.712296	229	   6	    A+   
     021    12    3    10        7825.675643	1146	   2	    B+   
     103    12    3    10       14632.240186	2499	   1	    C   
     001    12    3    10        5037.620228	171	   9	    A+   
     200    12    3    10        6664.902984	45	   5	    B+   
     101    12    3    10        7727.544072	60	   15	    A+   
     020    12    3    10        4177.911753	41	   20	    A+   
     011    12    3    10        6441.208317	34	   14	    A+   
     004    12    3    10       15131.757692	220	   5	    B+   
     102    12    3    10       11241.811953	2839	   2	    B-   
     310    12    3    10       10590.332463	1281	   3	    B+   
     003    12    3    10       11927.304305	660	   3	    B-   
     014    12    3    10       16464.638417	798	   2	    B+   
     110    12    3    10        5460.527990	270	   7	    A+   
     013    12    3    10       13284.992186	81	   5	    B+   
     100    12    3    10        4048.959124	112	   15	    A+   
     021    12    3    9        7891.096811	1000	   1	    C   
     310    12    3    9       10644.513848	1612	   3	    B+   
     100    12    3    9        4104.654467	211	   13	    A+   
     022    12    3    9       11381.883145	928	   2	    B+   
     011    12    3    9        6506.867530	44	   8	    A+   
     200    12    3    9        6718.035336	52	   3	    B+   
     004    12    3    9       15210.921909	33	   5	    B+   
     101    12    3    9        7788.727147	44	   7	    A+   
     030    12    3    9        5617.858417	445	   6	    A-   
     110    12    3    9        5518.252580	188	   4	    B+   
     012    12    3    9       10016.545563	372	   3	    B-   
     002    12    3    9        8632.593336	29	   7	    A+   
     010    12    3    9        2832.489933	28	   32	    A+   
     001    12    3    9        5101.203480	662	   7	    A-   
     023    12    3    9       14711.299966	2446	   2	    B-   
     005    12    3    9       18264.037111	211	   1	    C   
     020    12    3    9        4236.552083	43	   16	    A+   
     300    12    3    9        9244.555211	500	   1	    C   
     003    12    3    9       12001.670051	760	   4	    B-   
     013    12    3    9       13362.936662	1507	   5	    B+   
     000    12    3    9        1405.125443	17	   112	    A+   
     041    12    3    9       10603.631111	1794	   2	    B+   
     102    12    3    9       11308.704026	2499	   1	    C   
     102    12    4    9       11352.046202	1815	   2	    B+   
     010    12    4    9        2904.290610	29	   34	    A+   
     041    12    4    9       10709.966389	1279	   3	    B+   
     022    12    4    9       11441.988385	965	   2	    B+   
     100    12    4    9        4166.035195	172	   11	    A+   
     002    12    4    9        8674.291377	45	   7	    A+   
     012    12    4    9       10066.181399	355	   3	    B-   
     030    12    4    9        5725.216047	488	   5	    B-   
     020    12    4    9        4323.707189	306	   15	    A-   
     101    12    4    9        7840.846163	56	   15	    A+   
     013    12    4    9       13402.680916	138	   6	    A+   
     011    12    4    9        6567.350664	49	   9	    A+   
     121    12    4    9       10616.308664	2499	   1	    C   
     110    12    4    9        5591.167782	212	   10	    A+   
     004    12    4    9       15236.564995	261	   5	    B+   
     001    12    4    9        5152.148634	188	   7	    A+   
     023    12    4    9       14757.279864	2499	   1	    C   
     000    12    4    9        1465.829405	17	   98	    A+   
     300    12    4    9        9308.275964	500	   1	    C   
     201    12    4    9       10442.897611	2499	   1	    C   
     200    12    4    9        6779.965501	50	   4	    B+   
     310    12    4    9       10716.873064	1999	   1	    C   
     003    12    4    9       12034.837854	717	   3	    B-   
     021    12    4    9        7964.289795	929	   2	    B-   
     300    12    4    8        9320.685898	500	   1	    C   
     000    12    4    8        1481.443587	17	   94	    A+   
     041    12    4    8       10722.862311	2485	   2	    B+   
     004    12    4    8       15271.081559	212	   6	    A+   
     010    12    4    8        2919.135619	28	   30	    A+   
     310    12    4    8       10729.110398	2499	   1	    C   
     200    12    4    8        6793.428594	49	   4	    B+   
     023    12    4    8       14785.400798	2499	   1	    C   
     102    12    4    8       11374.501443	2499	   1	    C   
     011    12    4    8        6586.127426	49	   12	    A+   
     022    12    4    8       11463.491613	966	   2	    B+   
     002    12    4    8        8698.197039	38	   6	    A+   
     005    12    4    8       18323.085998	141	   1	    C   
     101    12    4    8        7859.047357	216	   9	    A+   
     110    12    4    8        5605.434306	271	   7	    A+   
     003    12    4    8       12063.815371	1556	   2	    B-   
     020    12    4    8        4336.863158	397	   8	    A-   
     030    12    4    8        5735.732368	228	   6	    A+   
     013    12    4    8       13431.561692	1604	   3	    B+   
     001    12    4    8        5171.583777	197	   9	    A+   
     100    12    4    8        4180.719664	189	   12	    A+   
     000    12    5    8        1598.068051	16	   81	    A+   
     310    12    5    8       10855.641738	1245	   3	    B+   
     200    12    5    8        6909.497879	54	   2	    B+   
     500    12    5    8       14232.944098	2499	   1	    C   
     030    12    5    8        5911.804028	288	   5	    B+   
     300    12    5    8        9436.612452	500	   1	    C   
     001    12    5    8        5276.599995	222	   9	    A+   
     003    12    5    8       12145.231405	757	   3	    B-   
     012    12    5    8       10195.733143	385	   3	    B-   
     101    12    5    8        7964.442928	429	   10	    A+   
     002    12    5    8        8791.447126	39	   5	    B+   
     110    12    5    8        5737.531501	244	   5	    B+   
     011    12    5    8        6705.464190	49	   10	    A+   
     013    12    5    8       13524.270552	315	   1	    C   
     010    12    5    8        3051.433080	28	   34	    A+   
     022    12    5    8       11585.617060	931	   2	    B+   
     004    12    5    8       15340.777068	304	   3	    B+   
     020    12    5    8        4488.725056	317	   12	    A-   
     100    12    5    8        4297.007695	126	   11	    A+   
     004    12    5    7       15347.804545	334	   2	    B+   
     101    12    5    7        7967.055967	242	   3	    B+   
     022    12    5    7       11588.293985	989	   2	    B+   
     020    12    5    7        4489.965166	292	   15	    A-   
     000    12    5    7        1599.799827	16	   69	    A+   
     300    12    5    7        9437.858064	500	   1	    C   
     310    12    5    7       10856.889287	1156	   3	    B+   
     013    12    5    7       13529.224742	1725	   3	    B-   
     021    12    5    7        8120.856881	1000	   1	    C   
     030    12    5    7        5912.592669	458	   8	    A-   
     100    12    5    7        4298.577610	147	   11	    A+   
     001    12    5    7        5279.073604	429	   7	    A-   
     102    12    5    7       11472.174587	2499	   1	    C   
     201    12    5    7       10567.572764	2499	   1	    C   
     200    12    5    7        6910.915583	84	   6	    A+   
     003    12    5    7       12150.224734	1131	   2	    B-   
     010    12    5    7        3052.969068	29	   34	    A+   
     005    12    5    7       18391.258381	550	   1	    C   
     011    12    5    7        6707.673360	49	   8	    A+   
     002    12    5    7        8794.978288	357	   2	    B-   
     110    12    5    7        5738.755706	244	   6	    A+   
     200    12    6    7        7065.201763	131	   3	    B+   
     003    12    6    7       12273.337716	1000	   1	    C   
     000    12    6    7        1756.285639	20	   58	    A+   
     010    12    6    7        3226.828451	30	   33	    A+   
     001    12    6    7        5424.461677	1817	   2	    B-   
     013    12    6    7       13665.773116	2499	   1	    C   
     011    12    6    7        6869.098303	63	   6	    A+   
     002    12    6    7        8929.189885	47	   5	    B+   
     030    12    6    7        6130.958066	626	   6	    A-   
     201    12    6    7       10712.033064	2499	   1	    C   
     110    12    6    7        5911.025299	228	   6	    A+   
     020    12    6    7        4684.378040	319	   15	    A-   
     100    12    6    7        4453.968702	128	   13	    A+   
     101    12    6    6        8111.603112	257	   2	    B+   
     201    12    6    6       10711.779052	2499	   1	    C   
     200    12    6    6        7065.278801	49	   3	    B+   
     110    12    6    6        5910.986677	260	   7	    A+   
     100    12    6    6        4454.056412	160	   10	    A+   
     002    12    6    6        8929.444381	216	   4	    B+   
     011    12    6    6        6869.225360	55	   5	    B+   
     000    12    6    6        1756.384575	20	   54	    A+   
     024    12    6    6       18182.845686	285	   1	    C   
     013    12    6    6       13666.110498	2499	   1	    C   
     310    12    6    6       11025.049827	2499	   1	    C   
     020    12    6    6        4684.442059	377	   12	    A-   
     010    12    6    6        3226.912277	27	   36	    A+   
     001    12    6    6        5424.579596	537	   7	    A-   
     030    12    6    6        6130.999408	625	   5	    B-   
     001    12    7    6        5598.442312	475	   8	    A-   
     030    12    7    6        6381.537609	587	   5	    B-   
     010    12    7    6        3431.571666	42	   28	    A+   
     002    12    7    6        9091.439274	234	   3	    B+   
     011    12    7    6        7060.327576	55	   8	    A+   
     102    12    7    6       11768.160783	3498	   1	    C   
     020    12    7    6        4910.559829	362	   10	    A-   
     110    12    7    6        6113.978898	283	   6	    A+   
     200    12    7    6        7248.526001	1224	   1	    C   
     100    12    7    6        4638.707117	176	   9	    A+   
     300    12    7    6        9773.438467	500	   1	    C   
     000    12    7    6        1942.372533	30	   32	    A+   
     004    12    7    6       15599.418792	2499	   1	    C   
     002    12    7    5        9091.443754	272	   3	    B+   
     100    12    7    5        4638.706922	240	   11	    A+   
     101    12    7    5        8284.654075	1000	   1	    C   
     200    12    7    5        7248.530253	1156	   1	    C   
     013    12    7    5       13831.139081	2499	   1	    C   
     000    12    7    5        1942.375583	25	   30	    A+   
     001    12    7    5        5598.441786	558	   5	    B-   
     300    12    7    5        9773.439007	500	   1	    C   
     011    12    7    5        7060.328230	53	   5	    B+   
     020    12    7    5        4910.560440	344	   11	    A-   
     010    12    7    5        3431.572100	44	   24	    A+   
     004    12    7    5       15599.430011	2499	   1	    C   
     110    12    7    5        6113.979680	247	   4	    B+   
     030    12    7    5        6381.537826	764	   2	    B-   
     020    12    8    5        5164.765623	375	   9	    A-   
     110    12    8    5        6344.256699	493	   5	    B-   
     001    12    8    5        5797.527954	325	   11	    A-   
     000    12    8    5        2155.016795	34	   25	    A+   
     011    12    8    5        7277.655707	673	   4	    B-   
     010    12    8    5        3663.801338	58	   22	    A+   
     030    12    8    5        6660.117445	521	   6	    A-   
     100    12    8    5        4850.000670	164	   11	    A+   
     002    12    8    5        9277.289507	500	   1	    C   
     030    12    8    4        6660.117790	572	   5	    B-   
     020    12    8    4        5164.765138	373	   9	    A-   
     000    12    8    4        2155.016415	42	   23	    A+   
     002    12    8    4        9277.288967	500	   1	    C   
     010    12    8    4        3663.801501	57	   22	    A+   
     100    12    8    4        4850.000689	174	   11	    A+   
     011    12    8    4        7277.654388	640	   4	    B-   
     001    12    8    4        5797.527989	322	   11	    A-   
     110    12    8    4        6344.256653	499	   5	    B-   
     010    12    9    4        3921.803474	61	   19	    A+   
     011    12    9    4        7519.300041	726	   3	    B-   
     030    12    9    4        6964.187574	730	   4	    B-   
     002    12    9    4        9485.516967	501	   1	    C   
     110    12    9    4        6600.421658	594	   4	    B-   
     001    12    9    4        6020.377313	401	   7	    A-   
     000    12    9    4        2392.885677	54	   18	    A+   
     020    12    9    4        5444.870200	395	   10	    A-   
     100    12    9    4        5086.641519	520	   5	    B-   
     002    12    9    3        9485.516795	501	   1	    C   
     030    12    9    3        6964.186962	961	   3	    B-   
     000    12    9    3        2392.885617	52	   18	    A+   
     110    12    9    3        6600.421309	599	   4	    B-   
     020    12    9    3        5444.870496	389	   10	    A-   
     100    12    9    3        5086.641465	518	   5	    B-   
     001    12    9    3        6020.377743	399	   7	    A-   
     010    12    9    3        3921.803564	65	   19	    A+   
     011    12    9    3        7519.300097	659	   3	    B-   
     030    12    10    3        7291.937547	858	   3	    B-   
     011    12    10    3        7783.971099	678	   4	    B-   
     010    12    10    3        4204.228491	304	   15	    A-   
     110    12    10    3        6881.272169	482	   7	    A-   
     001    12    10    3        6265.955978	479	   7	    A-   
     100    12    10    3        5347.669721	476	   6	    A-   
     000    12    10    3        2654.916186	340	   12	    A-   
     020    12    10    3        5749.250838	419	   9	    A-   
     030    12    10    2        7291.937978	907	   3	    B-   
     000    12    10    2        2654.916203	341	   12	    A-   
     001    12    10    2        6265.956065	479	   7	    A-   
     011    12    10    2        7783.971037	682	   4	    B-   
     110    12    10    2        6881.271998	480	   7	    A-   
     020    12    10    2        5749.250931	447	   8	    A-   
     010    12    10    2        4204.228289	304	   15	    A-   
     100    12    10    2        5347.669416	499	   6	    A-   
     100    12    11    2        5632.314432	498	   7	    A-   
     011    12    11    2        8070.724370	707	   4	    B-   
     030    12    11    2        7641.922936	1140	   2	    B-   
     000    12    11    2        2940.257628	517	   6	    A-   
     020    12    11    2        6076.693842	547	   6	    A-   
     110    12    11    2        7185.861767	672	   4	    B-   
     010    12    11    2        4510.026046	409	   11	    A-   
     001    12    11    2        6533.442490	683	   4	    B-   
     020    12    11    1        6076.693856	548	   6	    A-   
     000    12    11    1        2940.257629	519	   6	    A-   
     030    12    11    1        7641.922922	1140	   2	    B-   
     010    12    11    1        4510.026034	409	   11	    A-   
     011    12    11    1        8070.724376	707	   4	    B-   
     001    12    11    1        6533.442513	684	   4	    B-   
     100    12    11    1        5632.314392	495	   7	    A-   
     110    12    11    1        7185.861845	671	   4	    B-   
     001    12    12    1        6822.177920	699	   3	    B-   
     100    12    12    1        5939.963880	587	   5	    B-   
     010    12    12    1        4838.386930	453	   11	    A-   
     011    12    12    1        8378.603369	727	   4	    B-   
     110    12    12    1        7513.476657	719	   4	    B-   
     000    12    12    1        3248.226706	571	   5	    B-   
     020    12    12    1        6426.290622	645	   4	    B-   
     030    12    12    1        8013.231191	1519	   2	    B-   
     110    12    12    0        7513.476648	720	   4	    B-   
     100    12    12    0        5939.963892	587	   5	    B-   
     000    12    12    0        3248.226703	571	   5	    B-   
     011    12    12    0        8378.603370	727	   4	    B-   
     020    12    12    0        6426.290623	645	   4	    B-   
     030    12    12    0        8013.231188	1519	   2	    B-   
     010    12    12    0        4838.386929	453	   11	    A-   
     001    12    12    0        6822.177921	699	   3	    B-   
     100    13    0    13        3950.676049	115	   11	    A+   
     011    13    0    13        6316.076994	54	   10	    A+   
     300    13    0    13        9104.463892	500	   1	    C   
     041    13    0    13       10265.941157	2499	   1	    C   
     002    13    0    13        8467.369553	61	   5	    B-   
     020    13    0    13        4021.294442	89	   19	    A+   
     150    13    0    13       10585.812292	2499	   1	    C   
     210    13    0    13        7953.476952	536	   7	    A+   
     005    13    0    13       18089.320239	4422	   2	    B-   
     040    13    0    13        6649.658081	719	   2	    B-   
     010    13    0    13        2645.774866	33	   25	    A+   
     500    13    0    13       13913.836792	2499	   1	    C   
     310    13    0    13       10469.223523	469	   3	    B+   
     111    13    0    13        9024.399392	500	   1	    C   
     013    13    0    13       13164.070404	236	   4	    B+   
     003    13    0    13       11832.718287	641	   4	    B-   
     121    13    0    13       10361.106792	2499	   1	    C   
     021    13    0    13        7674.413145	71	   10	    A+   
     201    13    0    13       10234.860906	491	   2	    B+   
     001    13    0    13        4939.967185	589	   5	    B-   
     103    13    0    13       14515.159680	3279	   3	    B+   
     101    13    0    13        7627.966959	154	   18	    A+   
     004    13    0    13       15038.689812	1398	   6	    A+   
     120    13    0    13        6734.978202	288	   6	    A+   
     023    13    0    13       14465.910839	255	   3	    B+   
     012    13    0    13        9821.717855	501	   1	    C   
     030    13    0    13        5381.324877	271	   9	    A+   
     022    13    0    13       11135.187420	2226	   2	    B-   
     014    13    0    13       16345.143292	450	   1	    C   
     102    13    0    13       11169.930989	1784	   2	    B-   
     110    13    0    13        5323.092445	290	   10	    A+   
     000    13    0    13        1247.964816	61	   105	    A+   
     301    13    0    13       12753.707857	2499	   1	    C   
     200    13    0    13        6570.257796	261	   3	    B+   
     021    13    1    13        7674.446227	42	   10	    A+   
     100    13    1    13        3950.703590	179	   10	    A+   
     201    13    1    13       10234.813341	491	   2	    B+   
     001    13    1    13        4939.980037	523	   7	    A-   
     040    13    1    13        6649.898564	623	   3	    B-   
     300    13    1    13        9104.511457	500	   1	    C   
     103    13    1    13       14515.165785	3559	   2	    B+   
     020    13    1    13        4021.353834	111	   14	    A+   
     101    13    1    13        7627.981885	274	   15	    A+   
     500    13    1    13       13913.803257	2499	   1	    C   
     004    13    1    13       15038.692107	1326	   5	    B+   
     030    13    1    13        5381.423385	165	   10	    A+   
     013    13    1    13       13164.332015	258	   3	    B+   
     000    13    1    13        1247.987782	37	   104	    A+   
     120    13    1    13        6735.122224	234	   5	    B+   
     110    13    1    13        5323.154619	418	   5	    B+   
     023    13    1    13       14465.958345	254	   3	    B+   
     200    13    1    13        6570.285057	53	   3	    B+   
     011    13    1    13        6316.098006	53	   12	    A+   
     012    13    1    13        9821.733326	780	   2	    B-   
     310    13    1    13       10469.383256	478	   3	    B+   
     210    13    1    13        7953.852314	45	   3	    B+   
     022    13    1    13       11135.194303	2885	   2	    B-   
     010    13    1    13        2645.810708	28	   21	    A+   
     014    13    1    13       16348.071257	271	   1	    C   
     111    13    1    13        9024.446957	500	   1	    C   
     102    13    1    13       11169.921956	1673	   3	    B-   
     150    13    1    13       10588.554657	2499	   1	    C   
     003    13    1    13       11832.723918	990	   4	    B-   
     002    13    1    13        8467.369524	50	   6	    A-   
     005    13    1    13       18089.338106	4689	   2	    B-   
     110    13    1    12        5503.061251	248	   4	    B+   
     031    13    1    12        9216.677961	500	   1	    C   
     030    13    1    12        5582.261822	237	   8	    A+   
     300    13    1    12        9252.434513	909	   2	    B-   
     201    13    1    12       10388.034365	2499	   1	    C   
     000    13    1    12        1405.818151	18	   117	    A+   
     010    13    1    12        2819.395577	31	   35	    A+   
     003    13    1    12       11984.851761	1000	   1	    C   
     023    13    1    12       14639.362861	2499	   1	    C   
     310    13    1    12       10633.966661	500	   1	    C   
     012    13    1    12        9991.269359	390	   3	    B-   
     011    13    1    12        6487.856881	54	   7	    A+   
     101    13    1    12        7784.470752	187	   13	    A+   
     020    13    1    12        4210.990819	55	   17	    A+   
     002    13    1    12        8621.628694	44	   6	    A-   
     103    13    1    12       14674.830113	1828	   2	    B-   
     004    13    1    12       15188.502861	37	   5	    B+   
     001    13    1    12        5096.156671	163	   11	    A+   
     100    13    1    12        4106.580100	153	   8	    A+   
     102    13    1    12       11296.958513	1547	   3	    B-   
     200    13    1    12        6722.270234	42	   5	    B+   
     022    13    1    12       11346.306376	1778	   2	    B-   
     014    13    1    12       16510.668374	374	   2	    B+   
     005    13    1    12       18236.614261	166	   1	    C   
     013    13    1    12       13331.347462	1382	   5	    B+   
     021    13    1    12        7860.256765	53	   7	    A+   
     002    13    2    12        8621.963949	38	   5	    B-   
     030    13    2    12        5585.279198	297	   7	    A+   
     300    13    2    12        9253.441965	500	   1	    C   
     010    13    2    12        2820.577007	28	   30	    A+   
     023    13    2    12       14639.710065	2499	   1	    C   
     012    13    2    12        9991.734289	385	   3	    B-   
     003    13    2    12       11985.040387	672	   3	    B-   
     022    13    2    12       11346.980376	1778	   2	    B-   
     020    13    2    12        4212.824072	64	   15	    A+   
     102    13    2    12       11297.365477	1704	   3	    B-   
     101    13    2    12        7785.067859	57	   10	    A+   
     100    13    2    12        4107.476303	114	   13	    A+   
     011    13    2    12        6488.617269	35	   15	    A+   
     021    13    2    12        7861.415961	53	   6	    A+   
     001    13    2    12        5096.696386	150	   11	    A+   
     004    13    2    12       15188.647620	2297	   2	    B+   
     031    13    2    12        9218.510665	500	   1	    C   
     200    13    2    12        6723.153247	39	   3	    B+   
     005    13    2    12       18236.449065	510	   1	    C   
     121    13    2    12       10565.084265	2499	   1	    C   
     013    13    2    12       13331.690154	91	   3	    B+   
     103    13    2    12       14675.178513	2031	   2	    B-   
     110    13    2    12        5504.467963	219	   10	    A+   
     310    13    2    12       10634.276861	2499	   1	    C   
     000    13    2    12        1406.656555	22	   101	    A+   
     003    13    2    11       12113.575723	1258	   2	    B-   
     101    13    2    11        7910.429663	362	   12	    A+   
     300    13    2    11        9367.129691	500	   1	    C   
     020    13    2    11        4356.754486	42	   15	    A+   
     002    13    2    11        8750.318492	500	   1	    C   
     200    13    2    11        6842.838552	53	   3	    B+   
     100    13    2    11        4230.745516	170	   10	    A+   
     310    13    2    11       10762.553462	2228	   2	    B+   
     021    13    2    11        8007.885473	737	   2	    B-   
     110    13    2    11        5639.446867	245	   6	    A+   
     022    13    2    11       11493.284555	2499	   1	    C   
     014    13    2    11       16650.177791	9994	   1	    C   
     001    13    2    11        5224.242123	174	   6	    A+   
     030    13    2    11        5734.012188	563	   4	    B-   
     013    13    2    11       13471.070478	112	   3	    B+   
     000    13    2    11        1532.731881	17	   74	    A+   
     012    13    2    11       10130.613775	500	   1	    C   
     010    13    2    11        2956.267390	28	   35	    A+   
     004    13    2    11       15316.861088	77	   3	    B+   
     011    13    2    11        6626.282448	64	   7	    A+   
     041    13    2    11       10720.479791	3998	   1	    C   
     102    13    2    11       11425.142428	3729	   2	    B-   
     201    13    2    11       10510.656228	2499	   1	    C   
     110    13    3    11        5654.110051	648	   3	    B-   
     014    13    3    11       16652.897028	9994	   1	    C   
     200    13    3    11        6854.233777	52	   2	    B+   
     004    13    3    11       15319.031823	81	   3	    B+   
     030    13    3    11        5761.718718	424	   8	    A-   
     020    13    3    11        4375.880961	54	   15	    A+   
     022    13    3    11       11502.799504	2499	   1	    C   
     021    13    3    11        8021.514504	1000	   1	    C   
     013    13    3    11       13475.482828	150	   3	    B+   
     011    13    3    11        6636.065261	258	   5	    B+   
     001    13    3    11        5231.705074	457	   6	    A-   
     012    13    3    11       10137.336266	354	   2	    B-   
     003    13    3    11       12116.929416	1370	   2	    B-   
     002    13    3    11        8755.416501	39	   2	    B-   
     010    13    3    11        2970.012956	33	   27	    A+   
     102    13    3    11       11430.759560	1671	   3	    B-   
     100    13    3    11        4241.711729	156	   10	    A+   
     300    13    3    11        9380.767028	500	   1	    C   
     005    13    3    11       18364.942828	270	   1	    C   
     000    13    3    11        1543.243862	19	   77	    A+   
     310    13    3    11       10777.034028	2998	   1	    C   
     101    13    3    11        7918.385075	272	   8	    A+   
     021    13    3    10        8106.797081	1000	   1	    C   
     101    13    3    10        7997.011290	53	   2	    B+   
     004    13    3    10       15415.290546	91	   4	    B+   
     003    13    3    10       12209.006812	831	   2	    B-   
     011    13    3    10        6720.673287	51	   5	    B+   
     013    13    3    10       13572.810543	1879	   2	    B+   
     102    13    3    10       11515.269143	1900	   3	    B-   
     300    13    3    10        9447.664743	500	   1	    C   
     041    13    3    10       10824.486437	2037	   2	    B+   
     000    13    3    10        1618.700352	21	   57	    A+   
     020    13    3    10        4453.504212	350	   12	    A-   
     100    13    3    10        4314.393929	174	   6	    A+   
     010    13    3    10        3047.831655	29	   30	    A+   
     200    13    3    10        6923.818958	44	   3	    B+   
     002    13    3    10        8842.440261	40	   3	    B+   
     001    13    3    10        5313.118519	243	   6	    A+   
     110    13    3    10        5729.943889	225	   6	    A+   
     030    13    3    10        5835.823805	532	   5	    B-   
     022    13    3    10       11596.313081	2499	   1	    C   
     310    13    3    10       10847.911943	2063	   2	    B+   
     200    13    4    10        6974.821036	245	   2	    B+   
     030    13    4    10        5929.705391	432	   8	    A-   
     022    13    4    10       11643.542331	983	   2	    B+   
     110    13    4    10        5790.602761	231	   7	    A+   
     000    13    4    10        1668.095926	19	   70	    A+   
     010    13    4    10        3107.380902	34	   32	    A+   
     011    13    4    10        6769.234461	51	   7	    A+   
     001    13    4    10        5353.095863	234	   9	    A+   
     021    13    4    10        8166.527705	1000	   1	    C   
     101    13    4    10        8038.216519	239	   9	    A+   
     013    13    4    10       13601.807987	257	   4	    B+   
     002    13    4    10        8873.785174	59	   4	    B+   
     300    13    4    10        9499.476405	500	   1	    C   
     003    13    4    10       12232.716691	697	   3	    B-   
     201    13    4    10       10638.010165	1999	   1	    C   
     100    13    4    10        4364.622475	154	   12	    A+   
     020    13    4    10        4527.590023	350	   14	    A-   
     013    13    4    9       13645.294321	1588	   3	    B+   
     002    13    4    9        8910.541595	84	   3	    B+   
     004    13    4    9       15482.658687	2499	   1	    C   
     310    13    4    9       10926.897643	1540	   3	    B+   
     003    13    4    9       12275.976627	2905	   2	    B-   
     300    13    4    9        9519.998887	500	   1	    C   
     201    13    4    9       10663.897828	2499	   1	    C   
     030    13    4    9        5948.035484	755	   4	    B-   
     110    13    4    9        5814.042492	229	   5	    B+   
     020    13    4    9        4549.509904	319	   13	    A-   
     001    13    4    9        5383.852360	460	   7	    A-   
     012    13    4    9       10303.229847	554	   2	    B-   
     000    13    4    9        1693.443033	20	   47	    A+   
     100    13    4    9        4388.481631	142	   8	    A+   
     200    13    4    9        6996.944057	887	   2	    B-   
     011    13    4    9        6799.258652	43	   6	    A+   
     010    13    4    9        3131.745174	33	   29	    A+   
     101    13    4    9        8067.148890	254	   3	    B+   
     020    13    5    9        4692.961061	316	   12	    A-   
     110    13    5    9        5937.142931	255	   3	    B+   
     030    13    5    9        6116.174622	480	   6	    A-   
     001    13    5    9        5479.004421	458	   8	    A-   
     000    13    5    9        1801.207377	21	   58	    A+   
     310    13    5    9       11047.752751	2499	   1	    C   
     100    13    5    9        4496.291127	144	   8	    A+   
     200    13    5    9        7104.889192	1025	   2	    B-   
     004    13    5    9       15540.627897	2499	   1	    C   
     013    13    5    9       13726.281489	1877	   3	    B+   
     010    13    5    9        3255.186897	33	   31	    A+   
     300    13    5    9        9628.167251	500	   1	    C   
     002    13    5    9        8993.078898	134	   4	    B+   
     011    13    5    9        6908.616024	256	   5	    B+   
     110    13    5    8        5940.313962	246	   3	    B+   
     100    13    5    8        4499.601491	178	   7	    A+   
     002    13    5    8        9000.235807	47	   5	    B+   
     000    13    5    8        1804.839758	24	   45	    A+   
     200    13    5    8        7107.812755	1026	   1	    C   
     011    13    5    8        6913.198827	257	   3	    B+   
     022    13    5    8       11793.236485	2499	   1	    C   
     310    13    5    8       11050.494027	2499	   1	    C   
     001    13    5    8        5484.116047	450	   8	    A-   
     020    13    5    8        4695.582686	358	   13	    A-   
     010    13    5    8        3258.418138	64	   26	    A+   
     030    13    5    8        6118.081917	484	   6	    A-   
     030    13    6    8        6334.056045	477	   6	    A-   
     004    13    6    8       15659.385339	2499	   1	    C   
     013    13    6    8       13866.768239	2499	   1	    C   
     100    13    6    8        4651.896625	345	   10	    A+   
     002    13    6    8        9129.822903	141	   5	    B+   
     011    13    6    8        7070.945857	95	   3	    B+   
     020    13    6    8        4887.169037	360	   16	    A-   
     000    13    6    8        1958.124790	23	   31	    A+   
     001    13    6    8        5625.645067	475	   6	    A-   
     200    13    6    8        7258.907231	1152	   1	    C   
     201    13    6    8       10903.484405	3998	   1	    C   
     110    13    6    8        6109.537452	249	   2	    B+   
     010    13    6    8        3429.191709	36	   27	    A+   
     001    13    6    7        5626.048718	564	   5	    B-   
     011    13    6    7        7071.284078	54	   4	    B+   
     000    13    6    7        1958.382968	22	   34	    A+   
     030    13    6    7        6334.168330	504	   7	    A-   
     002    13    6    7        9130.442214	127	   3	    B+   
     200    13    6    7        7259.091063	1200	   1	    C   
     010    13    6    7        3429.409424	45	   23	    A+   
     110    13    6    7        6109.732310	239	   3	    B+   
     100    13    6    7        4652.127355	142	   8	    A+   
     020    13    6    7        4887.332107	312	   16	    A-   
     030    13    7    7        6583.302723	897	   3	    B-   
     102    13    7    7       11963.622368	2499	   1	    C   
     000    13    7    7        2142.828992	27	   23	    A+   
     100    13    7    7        4835.221601	706	   5	    B+   
     200    13    7    7        7441.075431	1131	   1	    C   
     110    13    7    7        6310.963947	1025	   2	    B-   
     020    13    7    7        5111.959198	410	   11	    A-   
     010    13    7    7        3632.526091	314	   16	    A-   
     001    13    7    7        5798.265248	608	   3	    B-   
     011    13    7    7        7261.061142	1048	   1	    C   
     011    13    7    6        7261.060911	723	   2	    B-   
     023    13    7    6       15428.389305	2499	   1	    C   
     030    13    7    6        6583.310545	739	   4	    B-   
     010    13    7    6        3632.533113	336	   15	    A-   
     110    13    7    6        6310.967449	771	   2	    B-   
     000    13    7    6        2142.840211	28	   19	    A+   
     100    13    7    6        4835.225853	580	   5	    B-   
     020    13    7    6        5111.965152	419	   10	    A-   
     001    13    7    6        5798.274010	1297	   2	    B-   
     002    13    7    6        9290.689439	500	   1	    C   
     011    13    8    6        7476.825798	575	   4	    B-   
     001    13    8    6        5996.137307	409	   7	    A-   
     002    13    8    6        9475.278383	500	   1	    C   
     030    13    8    6        6860.660936	605	   5	    B-   
     020    13    8    6        5364.937428	435	   9	    A-   
     100    13    8    6        5045.270706	513	   8	    A-   
     110    13    8    6        6539.944382	488	   7	    A-   
     000    13    8    6        2354.275330	42	   19	    A+   
     010    13    8    6        3863.528890	60	   19	    A+   
     000    13    8    5        2354.275783	41	   19	    A+   
     110    13    8    5        6539.944413	484	   7	    A-   
     100    13    8    5        5045.270782	576	   7	    A-   
     011    13    8    5        7476.826419	701	   3	    B-   
     020    13    8    5        5364.937548	436	   8	    A-   
     030    13    8    5        6860.696223	731	   3	    B-   
     010    13    8    5        3863.528516	64	   20	    A+   
     002    13    8    5        9475.275333	501	   1	    C   
     001    13    8    5        5996.137105	423	   6	    A-   
     030    13    9    5        7163.573790	582	   4	    B-   
     000    13    9    5        2591.017987	54	   15	    A+   
     002    13    9    5        9682.425815	501	   1	    C   
     110    13    9    5        6794.864332	527	   5	    B-   
     020    13    9    5        5643.857461	424	   8	    A-   
     001    13    9    5        6217.873512	423	   7	    A-   
     011    13    9    5        7717.369669	885	   2	    B-   
     100    13    9    5        5280.729555	463	   6	    A-   
     010    13    9    5        4120.363681	310	   14	    A-   
     020    13    9    4        5643.856510	410	   8	    A-   
     110    13    9    4        6794.864183	523	   5	    B-   
     001    13    9    4        6217.873599	425	   7	    A-   
     002    13    9    4        9682.426195	501	   1	    C   
     030    13    9    4        7163.574601	613	   4	    B-   
     000    13    9    4        2591.018315	53	   15	    A+   
     010    13    9    4        4120.363788	336	   12	    A-   
     100    13    9    4        5280.729407	464	   6	    A-   
     011    13    9    4        7717.372837	1205	   1	    C   
     011    13    10    4        7980.905577	826	   2	    B-   
     100    13    10    4        5540.547920	435	   8	    A-   
     020    13    10    4        5946.981069	501	   5	    B-   
     000    13    10    4        2851.908853	56	   15	    A+   
     010    13    10    4        4401.589759	310	   14	    A-   
     110    13    10    4        7074.442908	626	   4	    B-   
     001    13    10    4        6462.347267	566	   4	    B-   
     020    13    10    3        5946.979815	572	   5	    B-   
     011    13    10    3        7980.905651	1235	   1	    C   
     010    13    10    3        4401.589418	317	   13	    A-   
     110    13    10    3        7074.443937	685	   3	    B-   
     001    13    10    3        6462.347772	593	   4	    B-   
     000    13    10    3        2851.905869	58	   15	    A+   
     100    13    10    3        5540.548464	440	   8	    A-   
     001    13    11    3        6728.678537	662	   5	    B-   
     011    13    11    3        8266.531998	969	   2	    B-   
     110    13    11    3        7377.651145	561	   5	    B-   
     020    13    11    3        6273.066987	628	   5	    B-   
     010    13    11    3        4706.100971	397	   11	    A-   
     030    13    11    3        7838.577478	1350	   2	    B-   
     100    13    11    3        5823.919579	529	   6	    A-   
     000    13    11    3        3136.039930	377	   11	    A-   
     000    13    11    2        3136.039669	393	   10	    A-   
     030    13    11    2        7838.577047	1317	   2	    B-   
     011    13    11    2        8266.532017	971	   2	    B-   
     100    13    11    2        5823.919646	522	   6	    A-   
     110    13    11    2        7377.651589	608	   4	    B-   
     010    13    11    2        4706.101039	397	   11	    A-   
     001    13    11    2        6728.678469	663	   5	    B-   
     020    13    11    2        6273.066032	598	   6	    A-   
     001    13    12    2        7016.257189	689	   4	    B-   
     100    13    12    2        6130.197118	756	   3	    B-   
     000    13    12    2        3442.703350	449	   9	    A-   
     020    13    12    2        6621.148674	697	   4	    B-   
     110    13    12    2        7703.772425	1204	   2	    B-   
     011    13    12    2        8572.414103	1489	   2	    B-   
     010    13    12    2        5033.058729	460	   9	    A-   
     030    13    12    2        8208.207612	1516	   2	    B-   
     001    13    12    1        7016.257181	689	   4	    B-   
     020    13    12    1        6621.148670	697	   4	    B-   
     000    13    12    1        3442.703350	449	   9	    A-   
     010    13    12    1        5033.058724	461	   9	    A-   
     011    13    12    1        8572.414100	1490	   2	    B-   
     030    13    12    1        8208.207626	1516	   2	    B-   
     110    13    12    1        7703.772347	1204	   2	    B-   
     100    13    12    1        6130.197132	757	   3	    B-   
     110    13    13    1        8052.244178	1232	   2	    B-   
     010    13    13    1        5381.835576	558	   7	    A-   
     020    13    13    1        6990.500449	716	   4	    B-   
     030    13    13    1        8599.229668	1819	   2	    B-   
     100    13    13    1        6458.889196	783	   3	    B-   
     000    13    13    1        3771.348627	548	   7	    A-   
     001    13    13    1        7324.288753	798	   3	    B-   
     011    13    13    1        8900.289090	1236	   1	    C   
     020    13    13    0        6990.500448	716	   4	    B-   
     000    13    13    0        3771.348629	548	   7	    A-   
     030    13    13    0        8599.229671	1819	   2	    B-   
     001    13    13    0        7324.288753	798	   3	    B-   
     110    13    13    0        8052.244187	1231	   2	    B-   
     100    13    13    0        6458.889191	783	   3	    B-   
     010    13    13    0        5381.835575	558	   7	    A-   
     011    13    13    0        8900.289089	1236	   1	    C   
     301    14    0    14       12927.387882	2499	   1	    C   
     020    14    0    14        4203.589334	169	   15	    A+   
     010    14    0    14        2829.106264	69	   16	    A+   
     300    14    0    14        9280.211690	1215	   2	    B-   
     013    14    0    14       13340.641399	1062	   5	    B+   
     021    14    0    14        7854.384051	788	   3	    B+   
     011    14    0    14        6497.085334	78	   9	    A+   
     003    14    0    14       12010.573723	1059	   2	    B-   
     001    14    0    14        5122.461230	487	   7	    A-   
     101    14    0    14        7807.312653	75	   6	    A+   
     121    14    0    14       10539.801516	2499	   1	    C   
     310    14    0    14       10642.891972	1563	   2	    B+   
     000    14    0    14        1432.746455	31	   79	    A+   
     022    14    0    14       11312.171961	1835	   2	    B-   
     102    14    0    14       11347.522238	2621	   2	    B-   
     023    14    0    14       14640.761237	1861	   3	    B+   
     004    14    0    14       15214.096584	49	   4	    B+   
     120    14    0    14        6915.558575	568	   4	    B-   
     500    14    0    14       14083.731416	2499	   1	    C   
     200    14    0    14        6748.897940	331	   4	    B+   
     012    14    0    14       10000.390452	480	   3	    B-   
     103    14    0    14       14690.295238	2077	   4	    B+   
     110    14    0    14        5503.058452	417	   8	    A+   
     014    14    0    14       16520.846816	782	   1	    C   
     030    14    0    14        5562.925855	511	   7	    A-   
     002    14    0    14        8647.547149	104	   4	    B-   
     005    14    0    14       18262.566385	365	   3	    B+   
     100    14    0    14        4132.316214	182	   10	    A+   
     010    14    1    14        2829.124768	109	   16	    A+   
     102    14    1    14       11347.508172	1591	   3	    B-   
     022    14    1    14       11312.228501	1483	   3	    B-   
     300    14    1    14        9280.223608	718	   3	    B-   
     023    14    1    14       14641.126959	2499	   1	    C   
     001    14    1    14        5122.445466	1001	   1	    C   
     003    14    1    14       12010.564938	1973	   2	    B-   
     120    14    1    14        6915.644365	622	   5	    B-   
     500    14    1    14       14083.723782	2499	   1	    C   
     021    14    1    14        7854.397659	1001	   1	    C   
     004    14    1    14       15214.186209	101	   4	    B+   
     101    14    1    14        7807.317043	438	   8	    A+   
     012    14    1    14       10000.393036	614	   2	    B-   
     000    14    1    14        1432.758285	32	   82	    A+   
     110    14    1    14        5503.085469	338	   6	    A+   
     200    14    1    14        6748.900839	75	   3	    B+   
     103    14    1    14       14690.303776	1935	   4	    B+   
     310    14    1    14       10643.042672	487	   3	    B+   
     014    14    1    14       16519.906682	198	   1	    C   
     020    14    1    14        4203.618111	220	   12	    A+   
     100    14    1    14        4132.327491	188	   4	    B+   
     013    14    1    14       13340.652787	80	   3	    B+   
     002    14    1    14        8647.547149	104	   4	    B-   
     011    14    1    14        6497.095263	62	   6	    A+   
     005    14    1    14       18262.589267	298	   4	    B+   
     030    14    1    14        5562.980633	468	   7	    A-   
     022    14    1    13       11538.851051	1000	   1	    C   
     200    14    1    13        6913.743936	1013	   1	    C   
     000    14    1    13        1603.905402	22	   77	    A+   
     011    14    1    13        6683.368771	47	   7	    A+   
     020    14    1    13        4409.821729	52	   15	    A+   
     004    14    1    13       15376.222051	82	   3	    B+   
     010    14    1    13        3017.574483	36	   27	    A+   
     001    14    1    13        5291.663670	413	   8	    A-   
     003    14    1    13       12174.617972	1148	   2	    B-   
     300    14    1    13        9440.840011	758	   3	    B-   
     002    14    1    13        8814.540258	44	   3	    B-   
     023    14    1    13       14827.900151	2499	   1	    C   
     102    14    1    13       11487.054151	2499	   1	    C   
     012    14    1    13       10184.114202	375	   4	    B-   
     110    14    1    13        5698.145643	627	   4	    B+   
     101    14    1    13        7976.851802	338	   8	    A+   
     100    14    1    13        4301.410916	118	   10	    A+   
     030    14    1    13        5782.225045	223	   7	    A+   
     013    14    1    13       13521.536535	223	   4	    B+   
     310    14    1    13       10822.336151	4498	   1	    C   
     003    14    2    13       12175.254821	692	   3	    B-   
     022    14    2    13       11539.295656	2499	   1	    C   
     030    14    2    13        5784.098432	231	   6	    A+   
     023    14    2    13       14828.108655	2499	   1	    C   
     310    14    2    13       10822.569547	1579	   2	    B+   
     012    14    2    13       10184.350462	329	   4	    B-   
     011    14    2    13        6683.780418	56	   8	    A+   
     002    14    2    13        8814.708954	38	   5	    B-   
     001    14    2    13        5291.947893	556	   5	    B-   
     004    14    2    13       15376.327306	299	   3	    B+   
     110    14    2    13        5698.946878	246	   5	    B+   
     021    14    2    13        8056.880656	1000	   1	    C   
     200    14    2    13        6914.264455	58	   2	    B+   
     101    14    2    13        7977.168791	295	   9	    A+   
     000    14    2    13        1604.363349	21	   71	    A+   
     300    14    2    13        9441.393655	500	   1	    C   
     013    14    2    13       13521.687021	343	   2	    B+   
     020    14    2    13        4410.895958	57	   17	    A+   
     100    14    2    13        4301.902354	119	   15	    A+   
     010    14    2    13        3018.239322	32	   30	    A+   
     102    14    2    13       11487.278827	1823	   2	    B-   
     001    14    2    12        5434.168055	507	   7	    A-   
     010    14    2    12        3171.147777	33	   25	    A+   
     004    14    2    12       15517.195859	2499	   1	    C   
     030    14    2    12        5954.204267	531	   6	    A-   
     101    14    2    12        8117.047038	242	   4	    B+   
     013    14    2    12       13675.763481	2499	   1	    C   
     150    14    2    12       11312.546659	2499	   1	    C   
     100    14    2    12        4440.467004	289	   8	    A+   
     000    14    2    12        1745.896555	24	   51	    A+   
     003    14    2    12       12317.048881	1000	   1	    C   
     012    14    2    12       10338.660665	307	   3	    B-   
     020    14    2    12        4574.063247	358	   9	    A-   
     200    14    2    12        7049.057407	810	   2	    B-   
     041    14    2    12       10934.809862	3998	   1	    C   
     002    14    2    12        8957.002809	52	   2	    B-   
     011    14    2    12        6837.882722	68	   6	    A+   
     110    14    2    12        5851.090577	314	   5	    B+   
     310    14    2    12       10966.501881	2998	   1	    C   
     300    14    2    12        9571.677281	500	   1	    C   
     020    14    3    12        4587.080602	305	   14	    A-   
     003    14    3    12       12318.881862	1000	   1	    C   
     011    14    3    12        6843.942145	255	   2	    B+   
     010    14    3    12        3180.106230	36	   28	    A+   
     002    14    3    12        8959.933262	49	   3	    B-   
     102    14    3    12       11632.088349	2499	   1	    C   
     110    14    3    12        5860.681121	233	   4	    B+   
     000    14    3    12        1752.537504	21	   57	    A+   
     101    14    3    12        8121.853421	765	   3	    B+   
     200    14    3    12        7056.359336	732	   2	    B-   
     004    14    3    12       15518.413082	328	   2	    B+   
     100    14    3    12        4447.442931	172	   12	    A+   
     041    14    3    12       10954.141881	4498	   1	    C   
     013    14    3    12       13678.271380	385	   3	    B+   
     001    14    3    12        5438.714669	812	   3	    B-   
     030    14    3    12        5974.166470	475	   8	    A-   
     310    14    3    12       10976.586881	1999	   1	    C   
     011    14    3    11        6948.310926	252	   1	    C   
     012    14    3    11       10453.337804	500	   1	    C   
     100    14    3    11        4538.129597	171	   7	    A+   
     010    14    3    11        3277.600954	43	   23	    A+   
     013    14    3    11       13794.427852	1768	   2	    B+   
     200    14    3    11        7143.503016	1101	   1	    C   
     003    14    3    11       12428.137152	1000	   1	    C   
     110    14    3    11        5955.893339	477	   5	    B-   
     004    14    3    11       15630.756387	269	   2	    B+   
     030    14    3    11        6069.247904	608	   5	    B-   
     001    14    3    11        5538.415166	533	   5	    B-   
     000    14    3    11        1846.402081	25	   43	    A+   
     002    14    3    11        9064.868133	59	   2	    B+   
     020    14    3    11        4685.335825	424	   8	    A-   
     300    14    3    11        9663.236052	500	   1	    C   
     021    14    3    11        8336.645852	1000	   1	    C   
     101    14    3    11        8218.570252	51	   1	    C   
     010    14    4    11        3325.046537	41	   27	    A+   
     200    14    4    11        7183.722961	1175	   1	    C   
     013    14    4    11       13814.493626	1771	   2	    B+   
     003    14    4    11       12444.042426	1000	   1	    C   
     100    14    4    11        4577.476702	169	   9	    A+   
     004    14    4    11       15640.787842	239	   3	    B+   
     011    14    4    11        6985.376009	751	   2	    B-   
     001    14    4    11        5568.208360	262	   7	    A+   
     030    14    4    11        6149.053485	540	   6	    A-   
     000    14    4    11        1884.842195	23	   43	    A+   
     110    14    4    11        6004.388004	225	   6	    A+   
     310    14    4    11       11110.264926	1999	   1	    C   
     020    14    4    11        4746.182942	329	   14	    A-   
     002    14    4    11        9087.093625	53	   2	    B+   
     000    14    4    10        1922.888067	24	   35	    A+   
     100    14    4    10        4613.447750	176	   9	    A+   
     010    14    4    10        3362.052381	44	   29	    A+   
     003    14    4    10       12503.976333	1000	   1	    C   
     020    14    4    10        4780.046020	390	   11	    A-   
     030    14    4    10        6177.895167	435	   7	    A-   
     110    14    4    10        6040.048020	240	   4	    B+   
     200    14    4    10        7217.316482	1113	   1	    C   
     004    14    4    10       15709.268933	2499	   1	    C   
     011    14    4    10        7029.780725	259	   3	    B+   
     001    14    4    10        5613.165165	476	   5	    B-   
     002    14    4    10        9139.417481	500	   1	    C   
     010    14    5    10        3474.477743	42	   23	    A+   
     110    14    5    10        6152.360275	695	   3	    B-   
     030    14    5    10        6336.279744	469	   9	    A-   
     002    14    5    10        9209.835477	54	   1	    C   
     200    14    5    10        7315.223627	1115	   1	    C   
     001    14    5    10        5696.728822	429	   7	    A-   
     020    14    5    10        4912.776277	368	   13	    A-   
     011    14    5    10        7127.156553	1116	   1	    C   
     100    14    5    10        4710.786988	200	   8	    A+   
     000    14    5    10        2019.822197	25	   25	    A+   
     013    14    5    10       13943.020977	2499	   1	    C   
     030    14    5    9        6340.037921	470	   8	    A-   
     100    14    5    9        4717.211455	233	   7	    A+   
     200    14    5    9        7320.962186	1125	   1	    C   
     000    14    5    9        2026.831485	33	   28	    A+   
     110    14    5    9        6158.426718	713	   2	    B-   
     002    14    5    9        9223.026839	368	   2	    B-   
     010    14    5    9        3480.745044	39	   20	    A+   
     013    14    5    9       13959.801608	1775	   2	    B+   
     011    14    5    9        7135.767938	1001	   1	    C   
     020    14    5    9        4917.899820	352	   10	    A-   
     001    14    5    9        5706.409502	465	   7	    A-   
     002    14    6    9        9345.943775	55	   3	    B+   
     100    14    6    9        4865.133931	574	   5	    B-   
     001    14    6    9        5842.432613	607	   4	    B-   
     010    14    6    9        3647.168874	182	   19	    A+   
     200    14    6    9        7468.068174	1105	   1	    C   
     110    14    6    9        6323.328674	622	   6	    A-   
     020    14    6    9        5105.552527	306	   15	    A-   
     030    14    6    9        6552.690715	631	   4	    B-   
     201    14    6    9       11115.182926	2499	   1	    C   
     000    14    6    9        2175.563928	98	   24	    A+   
     010    14    6    8        3647.686464	54	   20	    A+   
     100    14    6    8        4865.682763	664	   5	    B-   
     001    14    6    8        5843.382828	409	   8	    A-   
     030    14    6    8        6552.948884	530	   6	    A-   
     002    14    6    8        9347.402968	55	   1	    C   
     110    14    6    8        6323.811137	812	   4	    B-   
     000    14    6    8        2176.177691	70	   21	    A+   
     020    14    6    8        5105.944245	341	   13	    A-   
     030    14    7    8        6800.404408	573	   5	    B-   
     110    14    7    8        6523.077175	675	   5	    B-   
     000    14    7    8        2358.701035	31	   17	    A+   
     020    14    7    8        5328.756853	433	   10	    A-   
     001    14    7    8        6013.462272	581	   5	    B-   
     010    14    7    8        3848.899825	56	   16	    A+   
     100    14    7    8        5046.852931	530	   7	    A-   
     100    14    7    7        5046.880967	522	   5	    B-   
     000    14    7    7        2358.733208	35	   18	    A+   
     030    14    7    7        6800.441175	595	   7	    A-   
     001    14    7    7        6013.513918	699	   3	    B-   
     110    14    7    7        6523.106599	606	   5	    B-   
     020    14    7    7        5328.775328	374	   11	    A-   
     010    14    7    7        3848.925860	56	   17	    A+   
     110    14    8    7        6750.604735	544	   7	    A-   
     010    14    8    7        4078.512962	302	   19	    A-   
     001    14    8    7        6209.966703	430	   7	    A-   
     100    14    8    7        5255.494016	463	   7	    A-   
     020    14    8    7        5580.352696	538	   9	    A-   
     030    14    8    7        7076.499460	733	   4	    B-   
     000    14    8    7        2568.782405	55	   15	    A+   
     030    14    8    6        7076.471817	809	   5	    B-   
     100    14    8    6        5255.494337	558	   5	    B-   
     001    14    8    6        6209.966206	473	   5	    B-   
     010    14    8    6        4078.513142	317	   16	    A-   
     000    14    8    6        2568.783368	54	   18	    A+   
     110    14    8    6        6750.604597	564	   6	    A-   
     020    14    8    6        5580.353527	512	   9	    A-   
     030    14    9    6        7378.058025	777	   3	    B-   
     110    14    9    6        7004.140553	688	   5	    B-   
     020    14    9    6        5857.965287	642	   4	    B-   
     100    14    9    6        5489.634258	593	   6	    A-   
     001    14    9    6        6430.458504	537	   5	    B-   
     000    14    9    6        2804.270719	54	   16	    A+   
     010    14    9    6        4334.053420	316	   14	    A-   
     020    14    9    5        5857.967732	600	   5	    B-   
     000    14    9    5        2804.270959	54	   17	    A+   
     010    14    9    5        4334.052970	316	   14	    A-   
     001    14    9    5        6430.458438	535	   5	    B-   
     100    14    9    5        5489.634380	570	   6	    A-   
     030    14    9    5        7378.053742	1156	   2	    B-   
     110    14    9    5        7004.140744	690	   5	    B-   
     010    14    10    5        4613.976153	375	   9	    A-   
     100    14    10    5        5748.141360	513	   6	    A-   
     110    14    10    5        7282.297824	763	   3	    B-   
     000    14    10    5        3063.912068	57	   14	    A+   
     020    14    10    5        6159.750036	738	   4	    B-   
     001    14    10    5        6673.721573	507	   5	    B-   
     020    14    10    4        6159.741287	615	   5	    B-   
     110    14    10    4        7282.297830	770	   3	    B-   
     001    14    10    4        6673.721544	508	   5	    B-   
     010    14    10    4        4613.975220	379	   9	    A-   
     100    14    10    4        5748.141493	511	   6	    A-   
     000    14    10    4        3063.911834	56	   14	    A+   
     020    14    11    4        6484.362565	585	   5	    B-   
     000    14    11    4        3346.738072	511	   6	    A-   
     110    14    11    4        7584.055506	626	   4	    B-   
     001    14    11    4        6938.799994	639	   4	    B-   
     100    14    11    4        6030.130135	550	   5	    B-   
     010    14    11    4        4917.097760	516	   7	    A-   
     110    14    11    3        7584.055492	716	   3	    B-   
     001    14    11    3        6938.799834	631	   4	    B-   
     020    14    11    3        6484.362089	644	   4	    B-   
     000    14    11    3        3346.738524	515	   6	    A-   
     010    14    11    3        4917.099946	437	   10	    A-   
     100    14    11    3        6030.130560	588	   5	    B-   
     001    14    12    3        7225.130396	641	   4	    B-   
     100    14    12    3        6334.935387	798	   2	    B-   
     110    14    12    3        7908.587360	826	   3	    B-   
     030    14    12    3        8417.950767	1654	   2	    B-   
     000    14    12    3        3651.999723	418	   10	    A-   
     010    14    12    3        5242.557775	469	   9	    A-   
     020    14    12    3        6830.835192	824	   3	    B-   
     020    14    12    2        6830.835658	825	   3	    B-   
     010    14    12    2        5242.557800	467	   9	    A-   
     110    14    12    2        7908.587125	823	   3	    B-   
     000    14    12    2        3651.999878	426	   10	    A-   
     001    14    12    2        7225.130371	639	   4	    B-   
     030    14    12    2        8417.951198	1680	   2	    B-   
     100    14    12    2        6334.935276	797	   2	    B-   
     020    14    13    2        7198.307274	992	   2	    B-   
     001    14    13    2        7531.459530	802	   4	    B-   
     010    14    13    2        5589.693100	630	   5	    B-   
     100    14    13    2        6662.034090	971	   2	    B-   
     030    14    13    2        8807.788746	1816	   2	    B-   
     000    14    13    2        3979.123080	488	   8	    A-   
     110    14    13    2        8255.318227	1565	   1	    C   
     001    14    13    1        7531.459530	802	   4	    B-   
     100    14    13    1        6662.034081	971	   2	    B-   
     000    14    13    1        3979.123083	488	   8	    A-   
     010    14    13    1        5589.693100	630	   5	    B-   
     020    14    13    1        7198.307277	992	   2	    B-   
     110    14    13    1        8255.318305	1565	   1	    C   
     030    14    13    1        8807.788732	1816	   2	    B-   
     010    14    14    1        5958.044516	659	   6	    A-   
     000    14    14    1        4327.677480	608	   6	    A-   
     100    14    14    1        7011.049545	1032	   2	    B-   
     030    14    14    1        9215.047391	2075	   1	    C   
     020    14    14    1        7587.025377	942	   3	    B-   
     110    14    14    1        8623.856557	1586	   1	    C   
     001    14    14    1        7858.437962	880	   3	    B-   
     000    14    14    0        4327.677480	608	   6	    A-   
     020    14    14    0        7587.025377	942	   3	    B-   
     030    14    14    0        9215.047388	2075	   1	    C   
     001    14    14    0        7858.437962	880	   3	    B-   
     010    14    14    0        5958.044516	659	   6	    A-   
     110    14    14    0        8623.856548	1586	   1	    C   
     100    14    14    0        7011.049549	1032	   2	    B-   
     010    15    0    15        3024.795470	53	   18	    A+   
     004    15    0    15       15401.538279	68	   7	    A+   
     020    15    0    15        4398.131640	281	   12	    A+   
     030    15    0    15        5756.716683	459	   9	    A+   
     310    15    0    15       10828.305845	1564	   2	    B+   
     003    15    0    15       12200.451008	659	   4	    B-   
     110    15    0    15        5695.146709	236	   8	    A+   
     013    15    0    15       13528.861904	1627	   3	    B-   
     101    15    0    15        7998.785722	194	   5	    B+   
     100    15    0    15        4326.236122	239	   8	    A+   
     001    15    0    15        5317.295423	468	   5	    B-   
     102    15    0    15       11537.036505	1790	   2	    B-   
     012    15    0    15       10191.117900	514	   3	    B-   
     021    15    0    15        8046.460488	791	   4	    B+   
     011    15    0    15        6690.301625	69	   10	    A+   
     300    15    0    15        9467.822980	555	   2	    B-   
     120    15    0    15        7108.272956	661	   4	    B-   
     002    15    0    15        8839.919370	245	   2	    B-   
     022    15    0    15       11501.259314	1391	   4	    B-   
     200    15    0    15        6939.602290	59	   2	    B+   
     000    15    0    15        1630.024264	43	   66	    A+   
     100    15    1    15        4326.239523	257	   3	    B+   
     013    15    1    15       13528.944809	241	   2	    B+   
     200    15    1    15        6939.614115	59	   1	    C   
     030    15    1    15        5756.690790	600	   5	    B+   
     003    15    1    15       12200.451008	659	   4	    B-   
     020    15    1    15        4398.144502	245	   10	    A+   
     110    15    1    15        5695.158711	255	   3	    B+   
     021    15    1    15        8046.469247	629	   5	    B+   
     004    15    1    15       15401.661856	77	   6	    A+   
     102    15    1    15       11537.078505	1790	   2	    B-   
     121    15    1    15       10728.390685	2499	   1	    C   
     300    15    1    15        9467.830395	569	   2	    B-   
     011    15    1    15        6690.304619	85	   4	    B+   
     001    15    1    15        5317.296149	629	   4	    B-   
     002    15    1    15        8839.919370	245	   2	    B-   
     101    15    1    15        7998.835063	75	   6	    A+   
     000    15    1    15        1630.029659	56	   57	    A+   
     022    15    1    15       11501.259314	1391	   4	    B-   
     010    15    1    15        3024.804858	67	   12	    A+   
     310    15    1    15       10828.473285	3498	   1	    C   
     022    15    1    14       11743.705987	2499	   1	    C   
     100    15    1    14        4508.356336	167	   10	    A+   
     101    15    1    14        8181.233183	436	   6	    A+   
     002    15    1    14        9019.531357	74	   3	    B-   
     030    15    1    14        5994.172346	597	   6	    A-   
     310    15    1    14       11021.212329	1973	   3	    B+   
     001    15    1    14        5499.375250	641	   4	    B-   
     000    15    1    14        1814.318894	25	   52	    A+   
     021    15    1    14        8264.167902	1000	   1	    C   
     200    15    1    14        7117.204702	251	   1	    C   
     004    15    1    14       15575.817205	83	   3	    B+   
     010    15    1    14        3227.937339	46	   23	    A+   
     003    15    1    14       12377.347302	1000	   1	    C   
     102    15    1    14       11688.995264	2499	   1	    C   
     011    15    1    14        6890.953981	45	   8	    A+   
     013    15    1    14       13723.537095	1767	   2	    B-   
     110    15    1    14        5905.156661	325	   5	    B+   
     020    15    1    14        4620.705960	197	   13	    A+   
     101    15    2    14        8181.399509	697	   4	    B-   
     003    15    2    14       12377.490749	1000	   1	    C   
     002    15    2    14        9019.614981	126	   2	    B-   
     100    15    2    14        4508.621702	517	   5	    B+   
     310    15    2    14       11021.736249	2005	   2	    B+   
     030    15    2    14        5995.323409	612	   3	    B-   
     021    15    2    14        8264.552249	1000	   1	    C   
     004    15    2    14       15576.939978	255	   2	    B+   
     200    15    2    14        7117.485259	1016	   1	    C   
     300    15    2    14        9641.329449	500	   1	    C   
     010    15    2    14        3228.307236	40	   26	    A+   
     013    15    2    14       13723.669831	1776	   2	    B-   
     011    15    2    14        6891.173861	86	   5	    B+   
     020    15    2    14        4621.329084	202	   15	    A+   
     110    15    2    14        5905.612344	430	   5	    B+   
     000    15    2    14        1814.565656	29	   48	    A+   
     102    15    2    14       11689.085987	2499	   1	    C   
     001    15    2    14        5499.522706	592	   3	    B+   
     030    15    2    13        6185.801375	503	   6	    A-   
     004    15    2    13       15729.003055	2499	   1	    C   
     000    15    2    13        1970.660659	29	   23	    A+   
     010    15    2    13        3397.437400	49	   24	    A+   
     020    15    2    13        4802.663098	411	   8	    A-   
     001    15    2    13        5655.618325	444	   6	    A-   
     200    15    2    13        7266.444080	1108	   1	    C   
     100    15    2    13        4661.586397	207	   8	    A+   
     003    15    2    13       12531.969855	1000	   1	    C   
     110    15    2    13        6073.823232	238	   6	    A+   
     310    15    2    13       11181.885555	3998	   1	    C   
     011    15    2    13        7060.571325	1272	   2	    B-   
     011    15    3    13        7064.237614	1049	   1	    C   
     030    15    3    13        6199.693539	521	   6	    A-   
     010    15    3    13        3403.071182	42	   23	    A+   
     200    15    3    13        7270.960853	1159	   1	    C   
     004    15    3    13       15729.940404	2499	   1	    C   
     003    15    3    13       12532.981604	1000	   1	    C   
     020    15    3    13        4811.213862	458	   11	    A-   
     001    15    3    13        5658.242715	476	   6	    A-   
     000    15    3    13        1974.707837	31	   29	    A+   
     310    15    3    13       11186.875705	1898	   2	    B-   
     002    15    3    13        9176.806985	501	   1	    C   
     110    15    3    13        6079.896270	245	   2	    B+   
     100    15    3    13        4665.862243	229	   12	    A+   
     011    15    3    12        7188.325995	1045	   1	    C   
     002    15    3    12        9298.866402	500	   1	    C   
     010    15    3    12        3520.671851	66	   19	    A+   
     001    15    3    12        5775.986946	617	   3	    B-   
     030    15    3    12        6317.068568	713	   4	    B-   
     200    15    3    12        7375.512079	1192	   1	    C   
     000    15    3    12        2087.138426	32	   22	    A+   
     020    15    3    12        4930.919523	367	   9	    A-   
     004    15    3    12       15856.838281	2499	   1	    C   
     110    15    3    12        6194.991553	648	   3	    B-   
     310    15    3    12       11292.905081	1999	   1	    C   
     100    15    3    12        4774.794716	462	   7	    A-   
     003    15    3    12       12658.270581	1000	   1	    C   
     013    15    3    12       14027.067081	1805	   2	    B+   
     100    15    4    12        4804.183961	618	   7	    A-   
     020    15    4    12        4979.063687	342	   13	    A-   
     004    15    4    12       15862.893988	544	   2	    B+   
     030    15    4    12        6382.881632	672	   4	    B-   
     001    15    4    12        5797.029921	386	   8	    A-   
     200    15    4    12        7406.300883	1154	   1	    C   
     011    15    4    12        7215.307050	1032	   1	    C   
     310    15    4    12       11330.206195	2998	   1	    C   
     002    15    4    12        9313.740844	59	   2	    B+   
     110    15    4    12        6232.104024	304	   5	    B+   
     000    15    4    12        2115.644072	32	   26	    A+   
     010    15    4    12        3556.858716	54	   21	    A+   
     110    15    4    11        6282.860917	544	   5	    B-   
     001    15    4    11        5858.621903	548	   5	    B-   
     002    15    4    11        9383.752855	500	   1	    C   
     010    15    4    11        3609.421270	55	   17	    A+   
     100    15    4    11        4854.929082	490	   7	    A-   
     000    15    4    11        2169.059066	29	   21	    A+   
     020    15    4    11        5027.996491	364	   13	    A-   
     030    15    4    11        6425.432107	507	   6	    A-   
     011    15    4    11        7276.866053	778	   2	    B-   
     013    15    4    11       14120.051967	2499	   1	    C   
     020    15    5    11        5147.965959	461	   9	    A-   
     000    15    5    11        2253.671783	44	   23	    A+   
     100    15    5    11        4940.271327	495	   7	    A-   
     002    15    5    11        9441.327867	500	   1	    C   
     001    15    5    11        5929.464633	498	   7	    A-   
     110    15    5    11        6382.654197	736	   4	    B-   
     010    15    5    11        3709.076544	288	   18	    A-   
     030    15    5    11        6571.781968	530	   5	    B-   
     000    15    5    10        2266.175057	35	   19	    A+   
     100    15    5    10        4951.809886	517	   6	    A-   
     001    15    5    10        5946.293495	528	   5	    B-   
     002    15    5    10        9463.577381	500	   1	    C   
     010    15    5    10        3720.347699	59	   20	    A+   
     110    15    5    10        6393.519341	902	   3	    B-   
     020    15    5    10        5157.259892	336	   10	    A-   
     030    15    5    10        6578.693007	484	   6	    A-   
     110    15    6    10        6552.416578	817	   4	    B-   
     001    15    6    10        6074.709811	487	   6	    A-   
     020    15    6    10        5339.479065	492	   7	    A-   
     030    15    6    10        6786.784147	506	   6	    A-   
     000    15    6    10        2408.556513	54	   18	    A+   
     002    15    6    10        9577.631785	501	   1	    C   
     100    15    6    10        5093.642574	471	   7	    A-   
     010    15    6    10        3880.714474	108	   18	    A+   
     020    15    6    9        5340.340759	352	   11	    A-   
     000    15    6    9        2409.902836	53	   20	    A+   
     030    15    6    9        6787.369049	624	   5	    B-   
     010    15    6    9        3881.850212	84	   19	    A+   
     100    15    6    9        5094.843327	523	   6	    A-   
     001    15    6    9        6076.819629	518	   6	    A-   
     110    15    6    9        6553.465086	629	   5	    B-   
     000    15    7    9        2589.972327	41	   19	    A+   
     100    15    7    9        5273.592732	459	   8	    A-   
     001    15    7    9        6244.041688	648	   4	    B-   
     110    15    7    9        6750.330581	760	   4	    B-   
     030    15    7    9        7032.875801	600	   4	    B-   
     020    15    7    9        5560.915158	388	   11	    A-   
     010    15    7    9        4080.672245	321	   14	    A-   
     001    15    7    8        6244.192245	529	   5	    B-   
     030    15    7    8        7032.857670	681	   4	    B-   
     110    15    7    8        6750.392785	886	   5	    B-   
     000    15    7    8        2590.057036	54	   15	    A+   
     010    15    7    8        4080.741763	307	   17	    A-   
     020    15    7    8        5560.967526	433	   10	    A-   
     100    15    7    8        5273.663331	439	   8	    A-   
     010    15    8    8        4308.717746	287	   17	    A-   
     020    15    8    8        5810.930508	437	   9	    A-   
     000    15    8    8        2798.508293	59	   14	    A+   
     030    15    8    8        7307.406986	881	   4	    B-   
     100    15    8    8        5480.641489	561	   5	    B-   
     001    15    8    8        6438.993524	509	   6	    A-   
     110    15    8    8        6976.197145	968	   2	    B-   
     001    15    8    7        6438.992832	488	   5	    B-   
     030    15    8    7        7307.392246	854	   2	    B-   
     010    15    8    7        4308.718324	380	   10	    A-   
     100    15    8    7        5480.655203	959	   4	    B-   
     110    15    8    7        6976.198478	688	   4	    B-   
     000    15    8    7        2798.511975	56	   10	    A+   
     020    15    8    7        5810.930765	576	   6	    A-   
     030    15    9    7        7607.544877	2833	   3	    B-   
     000    15    9    7        3032.605614	84	   17	    A+   
     020    15    9    7        6087.157271	430	   9	    A-   
     010    15    9    7        4562.828936	329	   14	    A-   
     100    15    9    7        5713.327892	579	   8	    A-   
     001    15    9    7        6658.093905	496	   5	    B-   
     110    15    9    7        7228.214863	871	   4	    B-   
     000    15    9    6        3032.605170	108	   18	    A+   
     100    15    9    6        5713.328117	548	   8	    A-   
     020    15    9    6        6087.154979	498	   7	    A-   
     001    15    9    6        6658.093975	504	   5	    B-   
     110    15    9    6        7228.210926	954	   4	    B-   
     010    15    9    6        4562.828665	336	   14	    A-   
     030    15    9    6        7607.529646	1135	   2	    B-   
     110    15    10    6        7504.862774	1215	   2	    B-   
     001    15    10    6        6900.035556	521	   6	    A-   
     000    15    10    6        3290.887863	348	   13	    A-   
     020    15    10    6        6387.454022	500	   6	    A-   
     100    15    10    6        5970.399192	546	   5	    B-   
     010    15    10    6        4841.333348	395	   9	    A-   
     100    15    10    5        5970.398564	553	   5	    B-   
     030    15    10    5        7931.297795	1266	   1	    C   
     110    15    10    5        7504.862583	1213	   2	    B-   
     020    15    10    5        6387.453597	484	   6	    A-   
     000    15    10    5        3290.887927	343	   14	    A-   
     010    15    10    5        4841.333241	380	   10	    A-   
     001    15    10    5        6900.035522	523	   6	    A-   
     000    15    11    5        3572.308976	364	   14	    A-   
     100    15    11    5        6250.924260	632	   4	    B-   
     010    15    11    5        5142.979755	393	   11	    A-   
     001    15    11    5        7163.768754	716	   4	    B-   
     110    15    11    5        7805.010810	1054	   2	    B-   
     020    15    11    5        6710.527144	683	   3	    B-   
     100    15    11    4        6250.924214	626	   4	    B-   
     110    15    11    4        7805.010695	1024	   2	    B-   
     020    15    11    4        6710.526555	807	   2	    B-   
     010    15    11    4        5142.980132	368	   12	    A-   
     000    15    11    4        3572.309324	384	   13	    A-   
     001    15    11    4        7163.768763	722	   4	    B-   
     001    15    12    4        7448.755870	662	   4	    B-   
     010    15    12    4        5466.838432	470	   8	    A-   
     110    15    12    4        8127.867796	855	   2	    B-   
     100    15    12    4        6554.141536	883	   2	    B-   
     020    15    12    4        7055.301860	711	   4	    B-   
     000    15    12    4        3876.073322	682	   4	    B-   
     001    15    12    3        7448.755950	658	   4	    B-   
     110    15    12    3        8127.867784	829	   2	    B-   
     000    15    12    3        3876.072942	684	   4	    B-   
     010    15    12    3        5466.838471	506	   7	    A-   
     100    15    12    3        6554.142678	806	   3	    B-   
     020    15    12    3        7055.302071	695	   4	    B-   
     110    15    13    3        8472.770285	1295	   1	    C   
     030    15    13    3        9030.970338	1954	   2	    B-   
     001    15    13    3        7753.281200	802	   3	    B-   
     020    15    13    3        7420.793791	1283	   3	    B-   
     000    15    13    3        4201.580518	540	   7	    A-   
     010    15    13    3        5812.268528	639	   5	    B-   
     010    15    13    2        5812.268517	640	   5	    B-   
     020    15    13    2        7420.793332	1282	   3	    B-   
     001    15    13    2        7753.281218	802	   3	    B-   
     030    15    13    2        9030.969907	1932	   2	    B-   
     110    15    13    2        8472.770520	1297	   1	    C   
     000    15    13    2        4201.580496	539	   7	    A-   
     010    15    14    2        6178.682061	672	   5	    B-   
     030    15    14    2        9435.693262	2073	   2	    B-   
     000    15    14    2        4548.376373	561	   7	    A-   
     020    15    14    2        7807.702430	986	   3	    B-   
     100    15    14    2        7226.727304	859	   3	    B-   
     001    15    14    2        8078.591290	1042	   3	    B-   
     001    15    14    1        8078.591289	1042	   3	    B-   
     000    15    14    1        4548.376371	561	   7	    A-   
     100    15    14    1        7226.727309	859	   3	    B-   
     030    15    14    1        9435.693276	2073	   2	    B-   
     020    15    14    1        7807.702427	986	   3	    B-   
     010    15    14    1        6178.682062	672	   5	    B-   
     020    15    15    1        8213.977727	1373	   2	    B-   
     001    15    15    1        8423.685724	987	   3	    B-   
     010    15    15    1        6565.872543	860	   3	    B-   
     000    15    15    1        4916.148995	690	   7	    A-   
     100    15    15    1        7595.409112	1009	   3	    B-   
     010    15    15    0        6565.872543	860	   3	    B-   
     100    15    15    0        7595.409110	1009	   3	    B-   
     000    15    15    0        4916.148995	690	   7	    A-   
     001    15    15    0        8423.685723	987	   3	    B-   
     020    15    15    0        8213.977727	1373	   2	    B-   
     004    16    0    16       15600.740857	104	   5	    B+   
     300    16    0    16        9667.278064	502	   1	    C   
     200    16    0    16        7142.349673	65	   3	    B+   
     310    16    0    16       11025.312964	1772	   2	    B+   
     000    16    0    16        1839.756004	47	   43	    A+   
     013    16    0    16       13728.915090	848	   2	    B+   
     002    16    0    16        9044.445381	103	   3	    B-   
     021    16    0    16        8250.704064	1000	   1	    C   
     100    16    0    16        4532.394449	180	   6	    A+   
     003    16    0    16       12402.335161	864	   2	    B-   
     001    16    0    16        5524.435233	490	   7	    A-   
     030    16    0    16        5962.601891	293	   7	    A+   
     010    16    0    16        3232.806040	176	   14	    A+   
     020    16    0    16        4604.889254	242	   10	    A+   
     011    16    0    16        6895.686880	94	   4	    B+   
     120    16    0    16        7313.207072	1008	   3	    B-   
     022    16    0    16       11702.224961	1835	   2	    B-   
     012    16    0    16       10393.839721	610	   2	    B-   
     110    16    0    16        5899.333740	234	   5	    B+   
     101    16    0    16        8202.335666	235	   9	    A+   
     100    16    1    16        4532.396690	186	   4	    B+   
     110    16    1    16        5899.339342	241	   4	    B+   
     030    16    1    16        5962.608135	251	   5	    B+   
     300    16    1    16        9667.280761	610	   2	    B-   
     010    16    1    16        3232.809687	105	   8	    A+   
     004    16    1    16       15600.746246	110	   5	    B+   
     020    16    1    16        4604.895060	237	   7	    A+   
     200    16    1    16        7142.355066	74	   3	    B+   
     003    16    1    16       12402.335161	864	   2	    B-   
     001    16    1    16        5524.436761	817	   2	    B-   
     002    16    1    16        9044.446863	83	   3	    B-   
     023    16    1    16       15025.660559	2499	   1	    C   
     000    16    1    16        1839.759006	68	   46	    A+   
     013    16    1    16       13728.945264	2499	   1	    C   
     120    16    1    16        7313.257070	1166	   1	    C   
     022    16    1    16       11702.224961	1835	   2	    B-   
     011    16    1    16        6895.688849	120	   3	    B+   
     101    16    1    16        8202.335464	234	   10	    A+   
     013    16    1    15       13937.349394	2499	   1	    C   
     000    16    1    15        2037.057987	36	   27	    A+   
     010    16    1    15        3450.500560	50	   18	    A+   
     012    16    1    15       10605.605546	526	   1	    C   
     011    16    1    15        7110.619038	250	   3	    B+   
     110    16    1    15        6124.129502	238	   4	    B+   
     001    16    1    15        5719.283018	586	   4	    B-   
     100    16    1    15        4727.417364	199	   6	    A+   
     310    16    1    15       11232.388004	2499	   1	    C   
     002    16    1    15        9236.587344	56	   1	    C   
     020    16    1    15        4843.688504	387	   9	    A-   
     200    16    1    15        7332.576070	1160	   1	    C   
     004    16    1    15       15787.010768	240	   2	    B+   
     030    16    1    15        6218.158774	706	   4	    B-   
     200    16    2    15        7332.722361	1265	   1	    C   
     000    16    2    15        2037.189713	38	   28	    A+   
     100    16    2    15        4727.559259	185	   9	    A+   
     011    16    2    15        7110.734908	355	   4	    B+   
     010    16    2    15        3450.704697	53	   17	    A+   
     110    16    2    15        6124.376420	243	   4	    B+   
     310    16    2    15       11232.642950	2262	   2	    B-   
     020    16    2    15        4844.049325	508	   6	    A-   
     013    16    2    15       13937.547056	2499	   1	    C   
     022    16    2    15       11960.641829	2504	   1	    C   
     003    16    2    15       12591.614056	1000	   1	    C   
     002    16    2    15        9236.622256	58	   1	    C   
     004    16    2    15       15786.904756	2499	   1	    C   
     001    16    2    15        5719.347374	815	   3	    B-   
     030    16    2    15        6218.861783	594	   4	    B-   
     020    16    2    14        5042.533785	479	   9	    A-   
     011    16    2    14        7294.696915	907	   3	    B-   
     001    16    2    14        5888.718903	812	   3	    B-   
     110    16    2    14        6307.818411	608	   3	    B-   
     013    16    2    14       14118.973059	2499	   1	    C   
     310    16    2    14       11410.104659	1999	   1	    C   
     010    16    2    14        3635.201335	334	   14	    A-   
     000    16    2    14        2207.116413	162	   14	    A+   
     030    16    2    14        6428.600307	1406	   2	    B-   
     100    16    2    14        4894.183480	479	   8	    A-   
     020    16    3    14        5047.990962	357	   11	    A-   
     011    16    3    14        7296.771024	251	   2	    B+   
     001    16    3    14        5890.209417	578	   5	    B-   
     100    16    3    14        4896.726753	587	   5	    B-   
     030    16    3    14        6437.994350	517	   5	    B-   
     110    16    3    14        6311.524345	231	   6	    A+   
     310    16    3    14       11406.760837	3498	   1	    C   
     000    16    3    14        2209.515219	207	   15	    A+   
     010    16    3    14        3638.647314	320	   15	    A-   
     200    16    3    13        7620.242303	1353	   1	    C   
     000    16    3    13        2339.944533	336	   12	    A-   
     001    16    3    13        6025.002687	716	   3	    B-   
     004    16    3    13       16093.507326	2499	   1	    C   
     100    16    3    13        5023.432479	649	   5	    B-   
     011    16    3    13        7439.864025	1085	   1	    C   
     010    16    3    13        3775.999195	304	   17	    A-   
     020    16    3    13        5189.150567	473	   8	    A-   
     030    16    3    13        6578.208857	798	   2	    B-   
     310    16    3    13       11536.598426	1000	   1	    C   
     110    16    3    13        6446.185244	619	   6	    A-   
     013    16    4    13       14279.107972	2499	   1	    C   
     011    16    4    13        7458.575310	1044	   1	    C   
     020    16    4    13        5225.802872	332	   12	    A-   
     110    16    4    13        6473.332386	565	   4	    B-   
     100    16    4    13        5044.344883	577	   5	    B-   
     001    16    4    13        6039.124164	618	   4	    B-   
     010    16    4    13        3802.378650	256	   21	    A-   
     000    16    4    13        2360.074430	289	   17	    A-   
     030    16    4    13        6630.900261	841	   2	    B-   
     110    16    4    12        6541.607089	932	   2	    B-   
     020    16    4    12        5292.556146	429	   9	    A-   
     011    16    4    12        7539.221616	1056	   1	    C   
     030    16    4    12        6690.032307	580	   4	    B-   
     010    16    4    12        3872.933621	289	   17	    A-   
     000    16    4    12        2430.993806	74	   14	    A+   
     001    16    4    12        6119.078554	605	   3	    B-   
     100    16    4    12        5112.009774	651	   4	    B-   
     100    16    5    12        5184.444861	517	   5	    B-   
     010    16    5    12        3958.677904	66	   17	    A+   
     110    16    5    12        6627.632409	625	   4	    B-   
     001    16    5    12        6176.839030	535	   6	    A-   
     000    16    5    12        2502.438941	65	   14	    A+   
     030    16    5    12        6822.427254	616	   6	    A-   
     020    16    5    12        5398.269076	649	   4	    B-   
     100    16    5    11        5203.683714	730	   2	    B-   
     030    16    5    11        6834.347806	569	   4	    B-   
     001    16    5    11        6203.845427	749	   3	    B-   
     010    16    5    11        3977.537458	311	   15	    A-   
     020    16    5    11        5414.021783	372	   9	    A-   
     110    16    5    11        6645.843364	658	   4	    B-   
     000    16    5    11        2523.126162	314	   14	    A-   
     010    16    6    11        4129.736288	328	   13	    A-   
     110    16    6    11        6796.726628	1181	   2	    B-   
     001    16    6    11        6322.346568	820	   3	    B-   
     100    16    6    11        5337.335990	561	   5	    B-   
     030    16    6    11        7036.263282	950	   2	    B-   
     020    16    6    11        5588.861677	371	   11	    A-   
     000    16    6    11        2657.012416	55	   16	    A+   
     030    16    6    10        7037.448340	671	   3	    B-   
     001    16    6    10        6326.507189	570	   4	    B-   
     010    16    6    10        4132.059659	332	   14	    A-   
     110    16    6    10        6798.909008	834	   4	    B-   
     020    16    6    10        5590.626119	394	   11	    A-   
     100    16    6    10        5339.806420	596	   5	    B-   
     000    16    6    10        2659.761444	303	   15	    A+   
     020    16    7    10        5808.389668	514	   6	    A-   
     001    16    7    10        6490.052604	644	   5	    B-   
     110    16    7    10        6992.659205	943	   2	    B-   
     000    16    7    10        2836.617473	327	   13	    A-   
     010    16    7    10        4327.808936	305	   17	    A-   
     100    16    7    10        5515.416843	568	   4	    B-   
     001    16    7    9        6490.400015	593	   4	    B-   
     000    16    7    9        2836.822143	59	   15	    A+   
     100    16    7    9        5515.600863	620	   7	    A-   
     010    16    7    9        4327.974128	292	   17	    A-   
     110    16    7    9        6992.811842	854	   2	    B-   
     020    16    7    9        5808.512802	448	   9	    A-   
     020    16    8    9        6056.730989	513	   7	    A-   
     010    16    8    9        4554.096556	380	   11	    A-   
     110    16    8    9        7216.685582	1132	   2	    B-   
     001    16    8    9        6683.182883	931	   4	    B-   
     000    16    8    9        3043.421175	341	   14	    A-   
     100    16    8    9        5720.700933	730	   5	    B-   
     010    16    8    8        4554.102407	389	   10	    A-   
     000    16    8    8        3043.429482	441	   8	    A-   
     110    16    8    8        7216.694749	1167	   2	    B-   
     020    16    8    8        6056.732275	493	   6	    A-   
     100    16    8    8        5720.696196	656	   4	    B-   
     001    16    8    8        6683.189050	1426	   2	    B-   
     010    16    9    8        4806.633135	404	   10	    A-   
     020    16    9    8        6331.390668	677	   5	    B-   
     100    16    9    8        5951.768005	625	   6	    A-   
     001    16    9    8        6900.736786	452	   8	    A-   
     110    16    9    8        7467.043079	835	   2	    B-   
     000    16    9    8        3275.977610	72	   15	    A+   
     110    16    9    7        7467.041835	1078	   2	    B-   
     100    16    9    7        5951.766531	552	   5	    B-   
     020    16    9    7        6331.347500	551	   6	    A-   
     010    16    9    7        4806.633339	392	   9	    A-   
     001    16    9    7        6900.736860	516	   7	    A-   
     000    16    9    7        3275.977659	73	   14	    A+   
     010    16    10    7        5083.612918	390	   11	    A-   
     110    16    10    7        7742.062770	1466	   2	    B-   
     030    16    10    7        8174.267176	1512	   2	    B-   
     000    16    10    7        3532.784961	348	   13	    A-   
     020    16    10    7        6629.977306	638	   5	    B-   
     001    16    10    7        7141.240216	559	   4	    B-   
     100    16    10    7        6207.286174	479	   6	    A-   
     010    16    10    6        5083.613641	393	   10	    A-   
     000    16    10    6        3532.784817	357	   12	    A-   
     001    16    10    6        7141.240645	517	   5	    B-   
     110    16    10    6        7742.072583	1326	   1	    C   
     020    16    10    6        6630.091687	530	   7	    A-   
     030    16    10    6        8174.259287	3004	   1	    C   
     100    16    10    6        6207.286354	483	   6	    A-   
     110    16    11    6        8040.492933	1572	   1	    C   
     000    16    11    6        3812.705415	399	   10	    A-   
     010    16    11    6        5383.680180	394	   11	    A-   
     001    16    11    6        7403.532615	518	   7	    A-   
     100    16    11    6        6486.165518	573	   4	    B-   
     020    16    11    6        6951.486933	702	   4	    B-   
     000    16    11    5        3812.705656	381	   11	    A-   
     010    16    11    5        5383.679957	397	   12	    A-   
     020    16    11    5        6951.487260	701	   4	    B-   
     001    16    11    5        7403.532486	515	   7	    A-   
     100    16    11    5        6486.165970	665	   3	    B-   
     110    16    11    5        8040.493124	1573	   1	    C   
     000    16    12    5        4114.881250	430	   10	    A-   
     001    16    12    5        7687.088490	658	   5	    B-   
     100    16    12    5        6787.765153	732	   4	    B-   
     020    16    12    5        7294.506807	714	   4	    B-   
     010    16    12    5        5705.849616	589	   6	    A-   
     010    16    12    4        5705.849384	545	   7	    A-   
     020    16    12    4        7294.506134	849	   2	    B-   
     100    16    12    4        6787.765205	730	   4	    B-   
     001    16    12    4        7687.088387	665	   5	    B-   
     000    16    12    4        4114.881119	432	   10	    A-   
     000    16    13    4        4438.672663	650	   6	    A-   
     100    16    13    4        7111.377751	813	   4	    B-   
     010    16    13    4        6049.391820	590	   6	    A-   
     020    16    13    4        7657.903881	1217	   2	    B-   
     001    16    13    4        7989.712781	831	   4	    B-   
     100    16    13    3        7111.379687	922	   3	    B-   
     020    16    13    3        7657.903670	1226	   2	    B-   
     001    16    13    3        7989.712768	824	   4	    B-   
     000    16    13    3        4438.672498	659	   6	    A-   
     010    16    13    3        6049.391613	602	   6	    A-   
     010    16    14    3        6413.859431	622	   5	    B-   
     020    16    14    3        8042.927362	1625	   2	    B-   
     000    16    14    3        4783.617796	637	   5	    B-   
     001    16    14    3        8313.272471	1071	   3	    B-   
     030    16    14    3        9670.880167	2175	   1	    C   
     100    16    14    3        7456.630943	1186	   2	    B-   
     100    16    14    2        7456.630996	1185	   2	    B-   
     000    16    14    2        4783.617743	639	   5	    B-   
     020    16    14    2        8042.927821	1626	   2	    B-   
     030    16    14    2        9670.880598	2195	   1	    C   
     001    16    14    2        8313.272461	1071	   3	    B-   
     010    16    14    2        6413.859513	628	   5	    B-   
     020    16    15    2        8446.766737	1404	   2	    B-   
     010    16    15    2        6798.867555	838	   3	    B-   
     001    16    15    2        8656.403747	1122	   3	    B-   
     000    16    15    2        5149.380141	710	   6	    A-   
     100    16    15    2        7823.232390	982	   3	    B-   
     030    16    15    2       10092.857466	2301	   1	    C   
     010    16    15    1        6798.867554	838	   3	    B-   
     001    16    15    1        8656.403747	1122	   3	    B-   
     100    16    15    1        7823.232388	982	   3	    B-   
     020    16    15    1        8446.766740	1404	   2	    B-   
     030    16    15    1       10092.857452	2301	   1	    C   
     000    16    15    1        5149.380142	710	   6	    A-   
     020    16    16    1        8870.287027	1698	   2	    B-   
     000    16    16    1        5535.743766	961	   3	    B-   
     100    16    16    1        8210.974910	1420	   2	    B-   
     001    16    16    1        9019.305553	1405	   1	    C   
     010    16    16    1        7204.242161	989	   4	    B-   
     001    16    16    0        9019.305554	1405	   1	    C   
     000    16    16    0        5535.743766	961	   3	    B-   
     010    16    16    0        7204.242161	989	   4	    B-   
     100    16    16    0        8210.974912	1420	   2	    B-   
     020    16    16    0        8870.287027	1698	   2	    B-   
     004    17    0    17       15811.741105	1790	   2	    B-   
     030    17    0    17        6180.618382	240	   5	    B+   
     003    17    0    17       12616.192304	1001	   1	    C   
     200    17    0    17        7357.086386	70	   3	    B+   
     110    17    0    17        6115.588224	505	   5	    B-   
     100    17    0    17        4750.746426	214	   8	    A+   
     002    17    0    17        9261.077004	69	   1	    C   
     101    17    0    17        8417.935476	229	   2	    B-   
     120    17    0    17        7529.217405	768	   2	    B-   
     011    17    0    17        7113.203579	239	   8	    A+   
     000    17    0    17        2061.897077	80	   28	    A+   
     001    17    0    17        5743.829941	490	   6	    A-   
     013    17    0    17       13940.821904	2499	   1	    C   
     310    17    0    17       11234.398004	2999	   1	    C   
     010    17    0    17        3453.094322	89	   12	    A+   
     020    17    0    17        4823.833085	291	   9	    A+   
     030    17    1    17        6180.621254	250	   4	    B+   
     120    17    1    17        7529.340441	1042	   1	    C   
     003    17    1    17       12616.195306	1002	   1	    C   
     100    17    1    17        4750.748267	340	   6	    A+   
     001    17    1    17        5743.829471	669	   3	    B-   
     011    17    1    17        7113.203448	240	   5	    B+   
     000    17    1    17        2061.899052	109	   25	    A+   
     020    17    1    17        4823.836970	266	   4	    B+   
     002    17    1    17        9261.080006	84	   1	    C   
     013    17    1    17       13940.824906	2500	   1	    C   
     200    17    1    17        7357.089385	85	   3	    B+   
     310    17    1    17       11234.900004	3998	   1	    C   
     010    17    1    17        3453.096510	75	   13	    A+   
     110    17    1    17        6115.590280	1046	   2	    B-   
     101    17    1    17        8417.935475	230	   3	    B+   
     030    17    1    16        6454.222347	685	   4	    B-   
     010    17    1    16        3685.259217	374	   12	    A-   
     100    17    1    16        4958.575770	589	   6	    A-   
     020    17    1    16        5078.784896	480	   7	    A-   
     004    17    1    16       16009.970913	2499	   1	    C   
     110    17    1    16        6355.067116	250	   4	    B+   
     200    17    1    16        7559.905834	1286	   1	    C   
     011    17    1    16        7342.349235	1096	   1	    C   
     001    17    1    16        5951.358943	672	   5	    B-   
     000    17    1    16        2272.101846	164	   14	    A+   
     001    17    2    16        5951.399288	753	   3	    B-   
     030    17    2    16        6454.639415	689	   3	    B-   
     010    17    2    16        3685.370188	370	   10	    A-   
     110    17    2    16        6355.200208	598	   4	    B+   
     000    17    2    16        2272.171829	162	   13	    A+   
     100    17    2    16        4958.650261	776	   3	    B-   
     020    17    2    16        5079.001601	555	   6	    A-   
     011    17    2    16        7342.410358	267	   3	    B+   
     010    17    2    15        3884.562450	308	   16	    A-   
     030    17    2    15        6682.571358	693	   3	    B-   
     110    17    2    15        6553.130844	693	   3	    B-   
     100    17    2    15        5138.369611	670	   4	    B-   
     011    17    2    15        7540.750469	1056	   1	    C   
     000    17    2    15        2455.379954	396	   11	    A+   
     001    17    2    15        6133.573599	697	   4	    B-   
     020    17    2    15        5293.772705	434	   9	    A-   
     200    17    2    15        7735.239394	1217	   1	    C   
     200    17    3    15        7736.823323	1207	   1	    C   
     010    17    3    15        3886.629565	208	   16	    A+   
     030    17    3    15        6688.803085	1108	   1	    C   
     011    17    3    15        7542.049406	1058	   1	    C   
     110    17    3    15        6555.354473	698	   4	    B-   
     020    17    3    15        5297.189942	417	   10	    A-   
     000    17    3    15        2456.772405	425	   9	    A+   
     100    17    3    15        5139.848789	570	   6	    A-   
     001    17    3    15        6134.406528	558	   5	    B-   
     010    17    3    14        4042.773125	423	   9	    A-   
     000    17    3    14        2604.146177	363	   12	    A-   
     100    17    3    14        5283.334603	912	   4	    B-   
     020    17    3    14        5459.122865	472	   7	    A-   
     001    17    3    14        6285.024545	629	   3	    B-   
     011    17    3    14        7702.302820	1069	   1	    C   
     030    17    3    14        6851.660582	877	   2	    B-   
     110    17    3    14        6708.616431	905	   2	    B-   
     200    17    3    14        7875.872300	1268	   1	    C   
     010    17    4    14        4061.184110	301	   17	    A-   
     100    17    4    14        5297.542990	535	   5	    B-   
     110    17    4    14        6727.645005	751	   3	    B-   
     200    17    4    14        7890.799767	1204	   1	    C   
     020    17    4    14        5485.965531	447	   9	    A-   
     000    17    4    14        2617.728087	316	   14	    A-   
     001    17    4    14        6294.084052	791	   2	    B-   
     030    17    4    14        6892.329013	680	   4	    B-   
     100    17    4    13        5383.643672	676	   4	    B-   
     030    17    4    13        6970.829779	660	   3	    B-   
     011    17    4    13        7816.090638	1068	   1	    C   
     000    17    4    13        2707.597160	83	   12	    A+   
     001    17    4    13        6393.317046	706	   4	    B-   
     020    17    4    13        5572.704847	413	   8	    A-   
     010    17    4    13        4151.509416	341	   13	    A-   
     110    17    4    13        6815.256716	1159	   1	    C   
     020    17    5    13        5663.258648	401	   10	    A-   
     010    17    5    13        4222.910681	309	   14	    A-   
     001    17    5    13        6438.409082	601	   5	    B-   
     000    17    5    13        2765.743567	308	   15	    A-   
     110    17    5    13        6886.866437	810	   2	    B-   
     030    17    5    13        7087.895134	795	   2	    B-   
     100    17    5    13        5442.950924	500	   6	    A-   
     001    17    5    12        6478.736974	685	   4	    B-   
     000    17    5    12        2797.619471	324	   15	    A-   
     100    17    5    12        5472.762756	587	   6	    A-   
     010    17    5    12        4252.372194	340	   15	    A-   
     030    17    5    12        7107.251935	577	   4	    B-   
     020    17    5    12        5688.359674	396	   8	    A-   
     110    17    6    12        7056.125925	719	   3	    B-   
     010    17    6    12        4394.096761	334	   14	    A-   
     001    17    6    12        6585.105511	823	   2	    B-   
     000    17    6    12        2920.782626	61	   14	    A+   
     100    17    6    12        5596.092036	704	   4	    B-   
     020    17    6    12        5853.564070	373	   10	    A-   
     000    17    6    11        2926.033635	365	   11	    A-   
     001    17    6    11        6593.305524	623	   5	    B-   
     110    17    6    11        7060.324501	805	   2	    B-   
     100    17    6    11        5600.840310	553	   4	    B-   
     010    17    6    11        4398.550396	329	   15	    A-   
     020    17    6    11        5856.962033	460	   8	    A-   
     020    17    7    11        6071.098633	485	   7	    A-   
     110    17    7    11        7250.042104	707	   3	    B-   
     100    17    7    11        5772.294213	611	   4	    B-   
     001    17    7    11        6751.271598	669	   3	    B-   
     010    17    7    11        4590.253417	320	   13	    A-   
     000    17    7    11        3098.591811	365	   12	    A-   
     020    17    7    10        6071.380692	474	   6	    A-   
     001    17    7    10        6752.064842	705	   3	    B-   
     100    17    7    10        5772.697754	582	   4	    B-   
     000    17    7    10        3099.057261	330	   14	    A-   
     010    17    7    10        4590.628367	296	   18	    A-   
     110    17    7    10        7250.386947	1060	   2	    B-   
     020    17    8    10        6317.530967	566	   6	    A-   
     110    17    8    10        7472.026976	863	   2	    B-   
     000    17    8    10        3303.475642	371	   13	    A-   
     100    17    8    10        5975.597479	527	   6	    A-   
     010    17    8    10        4814.598588	419	   11	    A-   
     001    17    8    10        6942.486266	636	   4	    B-   
     000    17    8    9        3303.504189	335	   13	    A-   
     001    17    8    9        6942.542557	1159	   2	    B-   
     100    17    8    9        5975.613906	707	   3	    B-   
     110    17    8    9        7472.044035	911	   2	    B-   
     020    17    8    9        6317.557566	525	   6	    A-   
     010    17    8    9        4814.607912	479	   9	    A-   
     110    17    9    9        7720.544606	1108	   2	    B-   
     000    17    9    9        3534.338681	381	   12	    A-   
     001    17    9    9        7158.344243	1397	   2	    B-   
     100    17    9    9        6204.903796	709	   4	    B-   
     020    17    9    9        6590.168855	479	   7	    A-   
     010    17    9    9        5065.407820	509	   9	    A-   
     110    17    9    8        7720.529323	1082	   1	    C   
     020    17    9    8        6590.522094	621	   4	    B-   
     010    17    9    8        5065.403617	586	   5	    B-   
     100    17    9    8        6204.906414	819	   3	    B-   
     000    17    9    8        3534.336897	408	   12	    A-   
     001    17    9    8        7158.340200	1083	   1	    C   
     010    17    10    8        5340.745794	410	   11	    A-   
     000    17    10    8        3789.548317	341	   13	    A-   
     001    17    10    8        7397.282625	831	   3	    B-   
     110    17    10    8        7993.857025	1470	   1	    C   
     100    17    10    8        6458.748246	627	   4	    B-   
     020    17    10    8        6887.474086	664	   3	    B-   
     100    17    10    7        6458.748420	779	   3	    B-   
     001    17    10    7        7397.280666	785	   2	    B-   
     020    17    10    7        6887.730175	809	   3	    B-   
     010    17    10    7        5340.746114	395	   10	    A-   
     000    17    10    7        3789.548511	390	   10	    A-   
     100    17    11    7        6735.964931	1012	   2	    B-   
     020    17    11    7        7207.172491	782	   4	    B-   
     001    17    11    7        7658.032464	663	   3	    B-   
     000    17    11    7        4067.867026	375	   12	    A-   
     010    17    11    7        5639.137565	455	   9	    A-   
     030    17    11    6        8773.660056	1813	   1	    C   
     010    17    11    6        5639.138148	496	   8	    A-   
     000    17    11    6        4067.866648	390	   11	    A-   
     001    17    11    6        7658.033189	783	   2	    B-   
     020    17    11    6        7207.172357	744	   4	    B-   
     100    17    11    6        6735.963657	822	   3	    B-   
     020    17    12    6        7548.577070	862	   3	    B-   
     010    17    12    6        5959.521822	558	   6	    A-   
     001    17    12    6        7940.061432	963	   2	    B-   
     100    17    12    6        7035.762954	1120	   1	    C   
     000    17    12    6        4368.360907	500	   8	    A-   
     001    17    12    5        7940.061529	964	   2	    B-   
     020    17    12    5        7548.576888	864	   2	    B-   
     000    17    12    5        4368.360854	506	   8	    A-   
     100    17    12    5        7035.763007	1118	   1	    C   
     010    17    12    5        5959.521859	557	   6	    A-   
     100    17    13    5        7357.497762	1112	   2	    B-   
     010    17    13    5        6301.147475	578	   7	    A-   
     000    17    13    5        4690.356164	534	   8	    A-   
     001    17    13    5        8240.710987	901	   2	    B-   
     001    17    13    4        8240.711109	898	   2	    B-   
     100    17    13    4        7357.497431	1107	   2	    B-   
     020    17    13    4        7909.581317	1228	   2	    B-   
     010    17    13    4        6301.147619	573	   7	    A-   
     000    17    13    4        4690.356511	540	   8	    A-   
     100    17    14    4        7700.716907	1359	   1	    C   
     001    17    14    4        8562.433916	978	   2	    B-   
     010    17    14    4        6663.519332	633	   5	    B-   
     000    17    14    4        5033.347372	633	   6	    A-   
     020    17    14    4        8292.658060	1582	   2	    B-   
     001    17    14    3        8562.433940	981	   2	    B-   
     020    17    14    3        8292.658271	1575	   2	    B-   
     010    17    14    3        6663.519363	632	   5	    B-   
     000    17    14    3        5033.347432	631	   6	    A-   
     100    17    14    3        7700.714971	1288	   1	    C   
     100    17    15    3        8065.122586	1550	   2	    B-   
     000    17    15    3        5397.011691	790	   5	    B-   
     010    17    15    3        7046.249410	874	   3	    B-   
     001    17    15    3        8903.520836	1128	   2	    B-   
     020    17    15    3        8693.914921	1909	   2	    B-   
     000    17    15    2        5397.011669	790	   5	    B-   
     010    17    15    2        7046.249386	872	   3	    B-   
     100    17    15    2        8065.122533	1551	   2	    B-   
     020    17    15    2        8693.914462	1908	   2	    B-   
     001    17    15    2        8903.520839	1128	   2	    B-   
     020    17    16    2        9114.762440	1724	   2	    B-   
     000    17    16    2        5781.100155	928	   4	    B-   
     001    17    16    2        9264.164107	1502	   1	    C   
     100    17    16    2        8450.527828	1401	   2	    B-   
     100    17    16    1        8450.527830	1401	   2	    B-   
     000    17    16    1        5781.100155	928	   4	    B-   
     001    17    16    1        9264.164107	1502	   1	    C   
     020    17    16    1        9114.762437	1724	   2	    B-   
     010    17    17    1        7872.137691	1406	   2	    B-   
     020    17    17    1        9553.979667	1971	   1	    C   
     100    17    17    1        8856.784532	1737	   2	    B-   
     000    17    17    1        6185.483759	1112	   2	    B-   
     020    17    17    0        9553.979667	1971	   1	    C   
     100    17    17    0        8856.784530	1737	   2	    B-   
     010    17    17    0        7872.137691	1406	   2	    B-   
     000    17    17    0        6185.483759	1112	   2	    B-   
     002    18    0    18        9489.753677	94	   1	    C   
     200    18    0    18        7583.763443	1181	   1	    C   
     100    18    0    18        4981.250451	269	   9	    A+   
     120    18    0    18        7758.409931	664	   3	    B-   
     011    18    0    18        7342.792827	738	   4	    B+   
     010    18    0    18        3685.619916	125	   12	    A+   
     000    18    0    18        2296.396192	228	   15	    A+   
     001    18    0    18        5975.439481	597	   5	    B-   
     110    18    0    18        6343.702925	516	   6	    A-   
     030    18    0    18        6410.741095	652	   4	    B-   
     310    18    0    18       11455.587077	3499	   1	    C   
     020    18    0    18        5054.907612	504	   6	    A-   
     000    18    1    18        2296.396200	229	   13	    A+   
     020    18    1    18        5054.906951	492	   5	    B-   
     010    18    1    18        3685.617980	98	   10	    A+   
     200    18    1    18        7583.678794	1256	   1	    C   
     002    18    1    18        9489.755652	120	   1	    C   
     100    18    1    18        4981.252475	281	   6	    A+   
     011    18    1    18        7342.793305	667	   4	    B+   
     310    18    1    18       11457.004077	2500	   1	    C   
     110    18    1    18        6343.869578	580	   6	    A-   
     001    18    1    18        5975.438220	657	   3	    B-   
     200    18    1    17        7798.991003	1344	   1	    C   
     000    18    1    17        2519.416234	334	   14	    A+   
     030    18    1    17        6702.404221	1143	   1	    C   
     020    18    1    17        5325.980297	533	   7	    A-   
     011    18    1    17        7586.408753	1205	   1	    C   
     110    18    1    17        6598.136045	984	   2	    B-   
     001    18    1    17        6195.581090	1668	   2	    B-   
     100    18    1    17        5201.822934	809	   4	    B-   
     010    18    1    17        3932.187939	398	   13	    A-   
     000    18    2    17        2519.451710	323	   9	    A+   
     100    18    2    17        5201.841234	639	   4	    B-   
     030    18    2    17        6702.646065	561	   5	    B-   
     110    18    2    17        6597.966560	1154	   2	    B-   
     020    18    2    17        5326.072999	508	   6	    A-   
     010    18    2    17        3932.248635	449	   9	    A-   
     010    18    2    16        4145.633569	342	   14	    A-   
     110    18    2    16        6809.901197	689	   5	    B-   
     020    18    2    16        5556.517057	467	   8	    A-   
     001    18    2    16        6390.225785	645	   3	    B-   
     000    18    2    16        2715.532685	384	   13	    A-   
     011    18    2    16        7798.276519	1065	   1	    C   
     030    18    2    16        6947.846115	811	   2	    B-   
     100    18    2    16        5394.227994	695	   4	    B-   
     010    18    3    16        4146.856106	348	   14	    A-   
     100    18    3    16        5395.077623	676	   5	    B-   
     110    18    3    16        6811.216014	829	   2	    B-   
     001    18    3    16        6390.672838	1085	   1	    C   
     000    18    3    16        2716.329281	379	   10	    A-   
     020    18    3    16        5558.620454	492	   7	    A-   
     030    18    3    16        6951.893525	703	   3	    B-   
     200    18    3    16        7987.602569	1217	   1	    C   
     010    18    3    15        4320.517320	380	   12	    A-   
     200    18    3    15        8142.187595	1295	   1	    C   
     020    18    3    15        5740.209837	610	   6	    A-   
     030    18    3    15        7136.551537	736	   3	    B-   
     000    18    3    15        2879.423857	385	   11	    A-   
     100    18    3    15        5554.149400	780	   5	    B-   
     001    18    3    15        6555.953872	762	   3	    B-   
     110    18    3    15        6981.880521	806	   3	    B-   
     001    18    4    15        6561.564934	754	   4	    B-   
     010    18    4    15        4332.877567	328	   15	    A-   
     030    18    4    15        7167.028173	817	   2	    B-   
     110    18    4    15        6994.659465	831	   2	    B-   
     000    18    4    15        2888.237246	335	   14	    A-   
     100    18    4    15        5563.418967	671	   4	    B-   
     020    18    4    15        5759.587294	560	   7	    A-   
     020    18    4    14        5867.248591	430	   9	    A-   
     001    18    4    14        6680.098519	698	   3	    B-   
     030    18    4    14        7266.793060	878	   2	    B-   
     100    18    4    14        5668.707387	594	   4	    B-   
     000    18    4    14        2997.711322	401	   10	    A-   
     110    18    4    14        7102.668680	761	   3	    B-   
     010    18    4    14        4443.991738	377	   13	    A-   
     010    18    5    14        4501.356035	335	   15	    A-   
     100    18    5    14        5715.373612	1000	   3	    B-   
     000    18    5    14        3043.158601	386	   13	    A-   
     020    18    5    14        5942.613778	430	   9	    A-   
     110    18    5    14        7160.802840	1245	   2	    B-   
     001    18    5    14        6713.705112	722	   4	    B-   
     110    18    5    13        7202.199019	1160	   1	    C   
     100    18    5    13        5758.167051	552	   6	    A-   
     020    18    5    13        5980.158662	495	   8	    A-   
     001    18    5    13        6770.104027	815	   3	    B-   
     010    18    5    13        4544.523636	345	   12	    A-   
     000    18    5    13        3089.183412	442	   9	    A-   
     000    18    6    13        3199.652934	346	   15	    A-   
     010    18    6    13        4673.590707	337	   15	    A-   
     100    18    6    13        5869.697433	611	   4	    B-   
     020    18    6    13        6133.399698	412	   8	    A-   
     110    18    6    13        7330.415781	1067	   1	    C   
     001    18    6    13        6862.449028	1406	   2	    B-   
     001    18    6    12        6876.747433	862	   3	    B-   
     000    18    6    12        3209.059721	363	   14	    A-   
     020    18    6    12        6139.571590	655	   4	    B-   
     100    18    6    12        5878.347079	588	   5	    B-   
     010    18    6    12        4681.618993	358	   14	    A-   
     020    18    7    12        6349.143499	497	   6	    A-   
     000    18    7    12        3375.832712	370	   12	    A-   
     110    18    7    12        7522.405691	1078	   1	    C   
     010    18    7    12        4867.935270	334	   14	    A-   
     100    18    7    12        6044.156072	996	   3	    B-   
     110    18    7    11        7523.143785	834	   2	    B-   
     100    18    7    11        6045.025858	646	   4	    B-   
     020    18    7    11        6349.566070	465	   6	    A-   
     010    18    7    11        4868.731147	353	   15	    A-   
     000    18    7    11        3376.821287	390	   12	    A-   
     100    18    8    11        6245.315182	773	   3	    B-   
     020    18    8    11        6593.195343	756	   2	    B-   
     000    18    8    11        3578.630559	363	   13	    A-   
     010    18    8    11        5090.161151	364	   13	    A-   
     110    18    8    11        7742.164827	1457	   1	    C   
     020    18    8    10        6593.379284	542	   5	    B-   
     100    18    8    10        6245.370081	520	   6	    A-   
     010    18    8    10        5090.219614	464	   9	    A-   
     000    18    8    10        3578.696454	385	   12	    A-   
     000    18    9    10        3807.628135	414	   12	    A-   
     020    18    9    10        6864.235802	754	   3	    B-   
     100    18    9    10        6472.688801	849	   3	    B-   
     010    18    9    10        5339.089924	414	   10	    A-   
     020    18    9    9        6864.838993	884	   3	    B-   
     000    18    9    9        3807.629100	417	   11	    A-   
     010    18    9    9        5339.128023	415	   11	    A-   
     100    18    9    9        6472.693091	730	   3	    B-   
     100    18    10    9        6724.728836	928	   4	    B-   
     020    18    10    9        7159.668470	851	   4	    B-   
     000    18    10    9        4061.116496	457	   9	    A-   
     010    18    10    9        5612.657097	558	   7	    A-   
     100    18    10    8        6724.726907	777	   4	    B-   
     010    18    10    8        5612.660428	478	   8	    A-   
     020    18    10    8        7159.396660	724	   5	    B-   
     000    18    10    8        4061.115537	450	   9	    A-   
     010    18    11    8        5909.280212	512	   8	    A-   
     020    18    11    8        7477.494125	1098	   2	    B-   
     000    18    11    8        4337.725299	545	   6	    A-   
     100    18    11    8        7000.141699	943	   2	    B-   
     020    18    11    7        7477.494708	1116	   2	    B-   
     010    18    11    7        5909.278512	502	   6	    A-   
     100    18    11    7        7000.159336	915	   3	    B-   
     000    18    11    7        4337.741405	594	   7	    A-   
     100    18    12    7        7298.077019	685	   4	    B-   
     000    18    12    7        4636.451552	474	   8	    A-   
     010    18    12    7        6227.792350	615	   4	    B-   
     020    18    12    7        7816.042937	1246	   1	    C   
     000    18    12    6        4636.451439	471	   8	    A-   
     010    18    12    6        6227.792189	607	   4	    B-   
     020    18    12    6        7816.043071	1269	   2	    B-   
     100    18    12    6        7298.077634	779	   3	    B-   
     100    18    13    6        7617.817082	1007	   3	    B-   
     010    18    13    6        6567.404873	697	   5	    B-   
     000    18    13    6        4956.561602	1061	   4	    B-   
     100    18    13    5        7617.817102	1008	   3	    B-   
     010    18    13    5        6567.404972	696	   5	    B-   
     000    18    13    5        4956.561539	1060	   4	    B-   
     020    18    13    5        8175.754830	1320	   1	    C   
     000    18    14    5        5297.525398	656	   6	    A-   
     100    18    14    5        7958.922758	1408	   4	    B-   
     020    18    14    5        8556.840037	1584	   1	    C   
     010    18    14    5        6927.612993	691	   5	    B-   
     010    18    14    4        6927.612992	690	   5	    B-   
     000    18    14    4        5297.525258	655	   6	    A-   
     100    18    14    4        7958.923073	1414	   4	    B-   
     010    18    15    4        7307.961402	913	   3	    B-   
     000    18    15    4        5658.982859	805	   5	    B-   
     020    18    15    4        8955.357641	1865	   1	    C   
     000    18    15    3        5658.982824	804	   5	    B-   
     020    18    15    3        8955.357430	1871	   1	    C   
     010    18    15    3        7307.961375	913	   3	    B-   
     020    18    16    3        9373.422492	2154	   1	    C   
     100    18    16    3        8703.995113	1845	   1	    C   
     000    18    16    3        6040.706397	985	   5	    B-   
     010    18    16    3        7708.294993	1077	   3	    B-   
     000    18    16    2        6040.706400	984	   5	    B-   
     010    18    16    2        7708.295003	1078	   3	    B-   
     020    18    16    2        9373.422951	2155	   1	    C   
     100    18    16    2        8703.995166	1845	   1	    C   
     000    18    17    2        6442.542235	1364	   2	    B-   
     100    18    17    2        9107.635690	1721	   2	    B-   
     020    18    17    2        9809.777247	1992	   1	    C   
     000    18    17    1        6442.542235	1364	   2	    B-   
     020    18    17    1        9809.777250	1992	   1	    C   
     100    18    17    1        9107.635688	1721	   2	    B-   
     010    18    18    1        8568.593601	1725	   2	    B-   
     100    18    18    1        9532.047040	2004	   1	    C   
     100    18    18    0        9532.047042	2004	   1	    C   
     010    18    18    0        8568.593601	1725	   2	    B-   
     030    19    0    19        6652.504496	878	   3	    B-   
     110    19    0    19        6584.123177	960	   2	    B-   
     011    19    0    19        7584.421017	838	   2	    B-   
     000    19    0    19        2543.202477	524	   8	    A+   
     001    19    0    19        6219.208303	971	   3	    B-   
     100    19    0    19        5223.853843	630	   6	    A-   
     002    19    0    19        9730.457692	233	   1	    C   
     010    19    0    19        3930.326988	233	   12	    A+   
     020    19    0    19        5298.090357	498	   8	    A-   
     200    19    0    19        7822.335470	1186	   1	    C   
     030    19    1    19        6652.644973	647	   3	    B-   
     011    19    1    19        7584.504420	1205	   1	    C   
     001    19    1    19        6219.208495	989	   2	    B-   
     010    19    1    19        3930.327012	235	   9	    A+   
     000    19    1    19        2543.202782	420	   7	    A+   
     100    19    1    19        5223.856194	761	   4	    B-   
     002    19    1    19        9730.457700	234	   1	    C   
     020    19    1    19        5298.091142	497	   6	    A-   
     120    19    1    19        7999.306455	1194	   1	    C   
     110    19    1    19        6584.158985	805	   2	    B-   
     310    19    1    18       11935.169234	4012	   1	    C   
     001    19    1    18        6451.865032	959	   2	    B-   
     011    19    1    18        7841.854311	1174	   1	    C   
     030    19    1    18        6962.715799	1121	   1	    C   
     010    19    1    18        4191.255921	335	   9	    A+   
     110    19    1    18        6852.763112	891	   2	    B-   
     020    19    1    18        5585.277270	528	   6	    A-   
     100    19    1    18        5457.046403	899	   4	    B-   
     200    19    1    18        8049.933198	1453	   1	    C   
     000    19    1    18        2778.954221	470	   8	    A-   
     001    19    2    18        6451.861648	1065	   1	    C   
     000    19    2    18        2778.974763	732	   5	    B-   
     020    19    2    18        5585.325969	626	   5	    B-   
     010    19    2    18        4191.291401	323	   11	    A+   
     100    19    2    18        5457.053889	1334	   2	    B-   
     030    19    2    18        6962.825467	1132	   1	    C   
     110    19    2    18        6852.858994	1286	   1	    C   
     100    19    2    17        5661.815194	729	   5	    B-   
     000    19    2    17        2987.621138	422	   10	    A-   
     020    19    2    17        5830.861201	519	   6	    A-   
     110    19    2    17        7078.221842	1128	   1	    C   
     001    19    2    17        6659.115364	847	   2	    B-   
     200    19    2    17        8249.850112	1248	   1	    C   
     030    19    2    17        7224.512366	792	   2	    B-   
     010    19    2    17        4418.480219	368	   13	    A-   
     000    19    3    17        2988.072348	368	   13	    A+   
     001    19    3    17        6659.363292	1080	   1	    C   
     030    19    3    17        7227.093832	844	   3	    B-   
     020    19    3    17        5832.134990	700	   5	    B-   
     010    19    3    17        4419.196457	393	   12	    A-   
     110    19    3    17        7078.986761	1108	   1	    C   
     100    19    3    17        5662.295869	694	   4	    B-   
     010    19    3    16        4609.091927	404	   12	    A-   
     001    19    3    16        6837.870757	944	   2	    B-   
     000    19    3    16        3165.741749	506	   8	    A-   
     110    19    3    16        7265.722456	1091	   1	    C   
     030    19    3    16        7432.223706	837	   2	    B-   
     020    19    3    16        6032.020768	451	   9	    A-   
     100    19    3    16        5835.799095	823	   4	    B-   
     001    19    4    16        6841.243714	1124	   1	    C   
     110    19    4    16        7274.023771	903	   2	    B-   
     100    19    4    16        5841.657332	694	   4	    B-   
     200    19    4    16        8425.411509	1250	   1	    C   
     030    19    4    16        7454.527127	1171	   1	    C   
     020    19    4    16        6044.862701	544	   6	    A-   
     000    19    4    16        3171.283980	399	   11	    A-   
     010    19    4    16        4617.120357	382	   13	    A-   
     001    19    4    15        6978.363754	811	   2	    B-   
     000    19    4    15        3300.209916	414	   9	    A-   
     030    19    4    15        7576.710361	1102	   1	    C   
     010    19    4    15        4749.214781	438	   10	    A-   
     100    19    4    15        5966.094502	838	   2	    B-   
     020    19    4    15        6176.013129	568	   8	    A-   
     110    19    4    15        7402.697426	856	   2	    B-   
     100    19    5    15        6001.284082	609	   6	    A-   
     020    19    5    15        6235.878231	591	   5	    B-   
     010    19    5    15        4793.559537	362	   13	    A-   
     110    19    5    15        7447.894241	1102	   1	    C   
     000    19    5    15        3334.237170	373	   13	    A-   
     010    19    5    14        4853.294437	390	   11	    A-   
     000    19    5    14        3396.997233	393	   11	    A-   
     020    19    5    14        6288.923621	463	   8	    A-   
     100    19    5    14        6060.613055	744	   3	    B-   
     000    19    6    14        3493.335598	405	   10	    A-   
     010    19    6    14        4967.943381	375	   14	    A-   
     100    19    6    14        6157.898095	624	   4	    B-   
     020    19    6    14        6428.108971	617	   5	    B-   
     010    19    6    13        4981.580158	419	   9	    A-   
     020    19    6    13        6438.720427	540	   6	    A-   
     000    19    6    13        3509.157113	366	   12	    A-   
     100    19    6    13        6171.650277	1079	   1	    C   
     000    19    7    13        3668.239226	399	   11	    A-   
     100    19    7    13        6330.921966	736	   3	    B-   
     010    19    7    13        5160.749991	405	   11	    A-   
     020    19    7    13        6641.798318	659	   3	    B-   
     020    19    7    12        6643.070877	431	   8	    A-   
     010    19    7    12        5162.344894	373	   12	    A-   
     000    19    7    12        3670.218757	401	   11	    A-   
     100    19    7    12        6332.674051	813	   2	    B-   
     020    19    8    12        6884.065143	554	   6	    A-   
     100    19    8    12        6529.806716	724	   3	    B-   
     000    19    8    12        3868.822080	537	   8	    A-   
     010    19    8    12        5380.713333	400	   10	    A-   
     010    19    8    11        5380.844325	448	   8	    A-   
     100    19    8    11        6529.931831	795	   4	    B-   
     000    19    8    11        3868.977208	381	   12	    A-   
     020    19    8    11        6884.124102	664	   4	    B-   
     000    19    9    11        4095.783445	491	   7	    A-   
     010    19    9    11        5627.592835	468	   9	    A-   
     100    19    9    11        6755.059787	715	   3	    B-   
     020    19    9    10        7152.516843	1161	   1	    C   
     100    19    9    10        6755.065887	971	   3	    B-   
     000    19    9    10        4095.788037	525	   7	    A-   
     010    19    9    10        5627.622349	397	   10	    A-   
     010    19    10    10        5899.256474	786	   3	    B-   
     000    19    10    10        4347.415797	605	   6	    A-   
     020    19    10    10        7446.599433	1334	   1	    C   
     100    19    10    10        7005.166599	907	   2	    B-   
     000    19    10    9        4347.413811	547	   6	    A-   
     010    19    10    9        5899.276589	691	   3	    B-   
     020    19    10    9        7446.111128	1108	   1	    C   
     020    19    11    9        7762.378350	1234	   1	    C   
     000    19    11    9        4622.214580	606	   4	    B-   
     010    19    11    9        6194.046337	477	   8	    A-   
     100    19    11    9        7278.662581	891	   2	    B-   
     000    19    11    8        4622.251648	633	   5	    B-   
     100    19    11    8        7278.706636	1364	   1	    C   
     010    19    11    8        6194.017485	724	   4	    B-   
     020    19    11    8        7762.359290	1313	   1	    C   
     010    19    12    8        6510.574629	629	   4	    B-   
     100    19    12    8        7574.640433	808	   3	    B-   
     000    19    12    8        4919.084024	517	   7	    A-   
     020    19    12    8        8099.103608	1498	   1	    C   
     010    19    12    7        6510.575396	629	   4	    B-   
     020    19    12    7        8099.103025	1485	   1	    C   
     000    19    12    7        4919.085457	582	   6	    A-   
     100    19    12    7        7574.637699	766	   3	    B-   
     100    19    13    7        7892.310367	959	   2	    B-   
     020    19    13    7        8456.355691	1616	   1	    C   
     000    19    13    7        5237.225825	608	   7	    A-   
     010    19    13    7        6848.073282	1360	   2	    B-   
     100    19    13    6        7892.309581	920	   2	    B-   
     000    19    13    6        5237.225803	615	   7	    A-   
     010    19    13    6        6848.073268	1352	   2	    B-   
     000    19    14    6        5576.054734	1843	   5	    B-   
     010    19    14    6        7206.069332	1224	   3	    B-   
     100    19    14    6        8231.187502	1420	   1	    C   
     100    19    14    5        8231.187482	1419	   1	    C   
     010    19    14    5        7206.069230	1225	   3	    B-   
     000    19    14    5        5576.054820	1852	   5	    B-   
     010    19    15    5        7583.953337	985	   3	    B-   
     100    19    15    5        8590.956923	1731	   1	    C   
     000    19    15    5        5935.260137	843	   4	    B-   
     010    19    15    4        7583.953305	986	   3	    B-   
     000    19    15    4        5935.260202	844	   4	    B-   
     100    19    15    4        8590.956608	1727	   1	    C   
     010    19    16    4        7981.603055	1353	   2	    B-   
     000    19    16    4        6314.502604	1283	   2	    B-   
     000    19    16    3        6314.502639	1283	   2	    B-   
     010    19    16    3        7981.603082	1353	   2	    B-   
     000    19    17    3        6713.698440	1403	   2	    B-   
     010    19    17    3        8398.939253	1470	   2	    B-   
     010    19    17    2        8398.939243	1469	   2	    B-   
     000    19    17    2        6713.698437	1403	   2	    B-   
     100    19    18    2        9792.766408	1990	   1	    C   
     000    19    18    2        7132.753985	1691	   2	    B-   
     000    19    18    1        7132.753985	1691	   2	    B-   
     100    19    18    1        9792.766410	1990	   1	    C   
     010    19    19    1        9292.625701	1994	   1	    C   
     010    19    19    0        9292.625701	1994	   1	    C   
     001    20    0    20        6475.075732	874	   3	    B-   
     010    20    0    20        4187.180393	503	   9	    A+   
     110    20    0    20        6836.367393	1144	   3	    B-   
     011    20    0    20        7838.053815	947	   2	    B-   
     030    20    0    20        6906.750272	770	   3	    B-   
     100    20    0    20        5478.507270	638	   6	    A-   
     200    20    0    20        8072.740061	1319	   1	    C   
     020    20    0    20        5553.330829	620	   6	    A-   
     000    20    0    20        2802.272936	784	   5	    B-   
     001    20    1    20        6475.076296	834	   3	    B-   
     010    20    1    20        4187.180720	672	   8	    A+   
     100    20    1    20        5478.497144	1563	   1	    C   
     020    20    1    20        5553.339179	780	   7	    A-   
     030    20    1    20        6906.822497	816	   2	    B-   
     110    20    1    20        6836.434147	842	   2	    B-   
     011    20    1    20        7838.056812	1027	   1	    C   
     000    20    1    20        2802.272387	1088	   2	    B-   
     000    20    1    19        3050.664629	712	   6	    A-   
     200    20    1    19        8312.619242	1405	   1	    C   
     030    20    1    19        7235.208229	1179	   1	    C   
     020    20    1    19        5856.644367	894	   3	    B-   
     001    20    1    19        6720.172881	1257	   1	    C   
     010    20    1    19        4462.420711	615	   6	    A-   
     100    20    1    19        5724.273198	1055	   6	    A-   
     110    20    1    19        7119.398888	1203	   2	    B-   
     020    20    2    19        5856.658395	646	   5	    B-   
     200    20    2    19        8312.640253	1332	   1	    C   
     011    20    2    19        8109.600939	1177	   1	    C   
     030    20    2    19        7235.155807	1219	   1	    C   
     000    20    2    19        3050.676307	587	   5	    B-   
     010    20    2    19        4462.442678	558	   5	    B-   
     100    20    2    19        5724.282392	1652	   1	    C   
     020    20    2    18        6116.862658	654	   5	    B-   
     110    20    2    18        7358.123229	1251	   1	    C   
     001    20    2    18        6939.213249	1138	   1	    C   
     030    20    2    18        7512.676599	1124	   2	    B-   
     000    20    2    18        3271.651092	410	   12	    A-   
     010    20    2    18        4703.135542	523	   9	    A-   
     011    20    2    18        8348.322729	1251	   1	    C   
     100    20    2    18        5941.138412	747	   4	    B-   
     010    20    3    18        4703.553661	478	   11	    A-   
     001    20    3    18        6939.384453	1186	   1	    C   
     020    20    3    18        6117.622447	698	   5	    B-   
     110    20    3    18        7358.585535	1152	   2	    B-   
     030    20    3    18        7514.257986	964	   2	    B-   
     100    20    3    18        5941.420646	778	   3	    B-   
     011    20    3    18        8348.581087	1106	   1	    C   
     000    20    3    18        3271.901937	511	   8	    A-   
     000    20    3    17        3463.203900	480	   8	    A-   
     110    20    3    17        7560.223771	1132	   1	    C   
     010    20    3    17        4908.551156	438	   10	    A-   
     030    20    3    17        7738.136021	1138	   1	    C   
     100    20    3    17        6128.390719	833	   2	    B-   
     020    20    3    17        6334.453669	1021	   5	    B-   
     030    20    4    17        7754.479068	1097	   1	    C   
     100    20    4    17        6131.992309	751	   4	    B-   
     110    20    4    17        7565.471845	1154	   1	    C   
     020    20    4    17        6342.995371	782	   3	    B-   
     010    20    4    17        4913.632000	541	   7	    A-   
     000    20    4    17        3466.608714	515	   8	    A-   
     030    20    4    16        7899.727132	1308	   1	    C   
     010    20    4    16        5066.118027	457	   10	    A-   
     000    20    4    16        3614.130641	471	   8	    A-   
     110    20    4    16        7714.265647	1117	   1	    C   
     020    20    4    16        6496.339079	788	   2	    B-   
     100    20    4    16        6274.832328	713	   3	    B-   
     010    20    5    16        5099.069741	465	   10	    A-   
     020    20    5    16        6542.569871	610	   4	    B-   
     100    20    5    16        6300.247453	723	   3	    B-   
     000    20    5    16        3638.532867	444	   11	    A-   
     100    20    5    15        6377.629161	1116	   2	    B-   
     010    20    5    15        5177.710851	441	   11	    A-   
     000    20    5    15        3720.013411	458	   8	    A-   
     020    20    5    15        6613.826816	677	   4	    B-   
     000    20    6    15        3801.477578	478	   9	    A-   
     010    20    6    15        5276.820484	375	   11	    A-   
     020    20    6    15        6737.429689	620	   4	    B-   
     100    20    6    15        6460.353891	855	   2	    B-   
     000    20    6    14        3826.480777	407	   11	    A-   
     020    20    6    14        6754.641417	523	   5	    B-   
     100    20    6    14        6483.031286	757	   3	    B-   
     010    20    6    14        5298.658540	430	   11	    A-   
     100    20    7    14        6632.460977	950	   2	    B-   
     010    20    7    14        5468.542499	399	   11	    A-   
     020    20    7    14        6950.008248	1693	   2	    B-   
     000    20    7    14        3975.670412	404	   10	    A-   
     000    20    7    13        3979.416880	421	   10	    A-   
     010    20    7    13        5471.582028	387	   13	    A-   
     020    20    7    13        6951.934921	569	   5	    B-   
     100    20    7    13        6635.826902	737	   3	    B-   
     020    20    8    13        7189.467025	656	   3	    B-   
     100    20    8    13        6828.996088	1136	   1	    C   
     010    20    8    13        5686.168071	502	   10	    A-   
     000    20    8    13        4173.984339	421	   9	    A-   
     100    20    8    12        6829.262119	766	   3	    B-   
     000    20    8    12        4174.310516	491	   7	    A-   
     010    20    8    12        5686.445158	405	   10	    A-   
     100    20    9    12        7051.953941	1277	   1	    C   
     020    20    9    12        7456.095572	889	   3	    B-   
     000    20    9    12        4398.732370	491	   8	    A-   
     010    20    9    12        5930.808613	511	   6	    A-   
     010    20    9    11        5930.874295	505	   7	    A-   
     000    20    9    11        4398.747970	598	   4	    B-   
     020    20    9    11        7455.925913	822	   2	    B-   
     010    20    10    11        6200.455583	591	   7	    A-   
     000    20    10    11        4648.368937	500	   7	    A-   
     100    20    10    11        7300.002951	1378	   2	    B-   
     010    20    10    10        6200.485972	820	   3	    B-   
     000    20    10    10        4648.363255	641	   6	    A-   
     000    20    11    10        4921.253735	526	   7	    A-   
     010    20    11    10        6492.778163	668	   5	    B-   
     000    20    11    9        4921.303642	695	   5	    B-   
     010    20    11    9        6493.262370	609	   7	    A-   
     010    20    12    9        6807.779647	585	   6	    A-   
     000    20    12    9        5216.180246	656	   5	    B-   
     000    20    12    8        5216.177717	563	   7	    A-   
     010    20    12    8        6807.780191	588	   6	    A-   
     000    20    13    8        5532.273850	603	   6	    A-   
     010    20    13    8        7143.143806	673	   5	    B-   
     010    20    13    7        7143.143274	717	   5	    B-   
     000    20    13    7        5532.272892	609	   6	    A-   
     010    20    14    7        7498.808951	1684	   3	    B-   
     000    20    14    7        5868.924783	1174	   2	    B-   
     000    20    14    6        5868.924805	1170	   2	    B-   
     010    20    14    6        7498.809001	1693	   3	    B-   
     010    20    15    6        7874.149810	1581	   2	    B-   
     000    20    15    6        6225.747220	2105	   2	    B-   
     000    20    15    5        6225.747134	2096	   2	    B-   
     010    20    15    5        7874.149912	1581	   2	    B-   
     010    20    16    5        8269.022625	1404	   2	    B-   
     000    20    16    5        6602.452372	1308	   2	    B-   
     000    20    16    4        6602.452307	1308	   2	    B-   
     010    20    16    4        8269.022657	1403	   2	    B-   
     010    20    17    4        8683.379152	1682	   2	    B-   
     000    20    17    4        6998.891379	1626	   2	    B-   
     010    20    17    3        8683.379125	1682	   2	    B-   
     000    20    17    3        6998.891344	1626	   2	    B-   
     000    20    18    3        7415.020897	1723	   2	    B-   
     010    20    18    3        9117.079253	1777	   2	    B-   
     010    20    18    2        9117.079263	1778	   2	    B-   
     000    20    18    2        7415.020900	1722	   2	    B-   
     000    20    19    2        7850.795155	1964	   2	    B-   
     000    20    19    1        7850.795155	1964	   2	    B-   
     020    21    0    21        5820.590642	920	   3	    B-   
     010    21    0    21        4456.106642	558	   8	    A-   
     110    21    0    21        7100.823959	1150	   3	    B-   
     100    21    0    21        5745.134461	860	   5	    B-   
     030    21    0    21        7172.862330	1174	   2	    B-   
     011    21    0    21        8103.625274	1202	   1	    C   
     000    21    0    21        3073.537154	646	   5	    B-   
     001    21    0    21        6743.012714	1248	   1	    C   
     110    21    1    21        7100.541474	1202	   2	    B-   
     100    21    1    21        5745.135286	1047	   2	    B-   
     010    21    1    21        4456.108221	539	   11	    A-   
     000    21    1    21        3073.536012	629	   6	    A-   
     030    21    1    21        7172.945753	778	   4	    B-   
     020    21    1    21        5820.633416	754	   6	    A-   
     001    21    1    21        6743.013196	1246	   1	    C   
     011    21    1    20        8389.166252	1315	   1	    C   
     110    21    1    20        7397.943052	1315	   2	    B-   
     001    21    1    20        7000.481478	1201	   1	    C   
     010    21    1    20        4745.638447	577	   8	    A-   
     020    21    1    20        6140.038992	721	   5	    B-   
     100    21    1    20        6003.301942	987	   3	    B-   
     030    21    1    20        7519.641137	1341	   1	    C   
     000    21    1    20        3334.499981	762	   5	    B-   
     020    21    2    20        6140.039290	1051	   4	    B-   
     001    21    2    20        7000.482599	1204	   1	    C   
     110    21    2    20        7398.000276	1066	   2	    B-   
     011    21    2    20        8389.333044	1185	   1	    C   
     010    21    2    20        4745.663339	622	   7	    A-   
     100    21    2    20        6003.406653	880	   3	    B-   
     000    21    2    20        3334.498498	1453	   1	    C   
     000    21    2    19        3567.596849	543	   9	    A-   
     020    21    2    19        6414.550376	1423	   2	    B-   
     001    21    2    19        7231.407499	950	   2	    B-   
     100    21    2    19        6232.160155	1217	   1	    C   
     010    21    2    19        4999.591129	752	   8	    A-   
     030    21    2    19        7812.477007	1219	   1	    C   
     110    21    2    19        7649.637155	905	   2	    B-   
     011    21    3    19        8641.067221	1214	   1	    C   
     020    21    3    19        6414.978928	849	   2	    B-   
     110    21    3    19        7649.920121	1214	   1	    C   
     030    21    3    19        7813.171558	1194	   1	    C   
     100    21    3    19        6232.300042	1304	   1	    C   
     001    21    3    19        7231.484655	1217	   1	    C   
     010    21    3    19        4999.849487	473	   10	    A-   
     000    21    3    19        3567.735553	638	   6	    A-   
     010    21    3    18        5219.030871	532	   10	    A-   
     110    21    3    18        7865.523186	1193	   1	    C   
     020    21    3    18        6647.603726	703	   4	    B-   
     100    21    3    18        6432.037700	1173	   1	    C   
     001    21    3    18        7435.495600	1173	   1	    C   
     000    21    3    18        3771.945589	509	   7	    A-   
     010    21    4    18        5222.184445	578	   8	    A-   
     001    21    4    18        7436.669348	1247	   2	    B-   
     020    21    4    18        6653.127449	1136	   1	    C   
     110    21    4    18        7868.768793	1190	   1	    C   
     000    21    4    18        3773.994212	496	   8	    A-   
     100    21    4    18        6434.216642	1294	   1	    C   
     110    21    4    17        8036.523762	1152	   1	    C   
     100    21    4    17        6594.222342	1207	   1	    C   
     000    21    4    17        3938.812403	609	   6	    A-   
     010    21    4    17        5393.872347	498	   8	    A-   
     020    21    4    17        6827.349461	1102	   1	    C   
     100    21    5    17        6611.843276	719	   4	    B-   
     000    21    5    17        3955.630100	538	   7	    A-   
     110    21    5    17        8060.181933	1278	   1	    C   
     010    21    5    17        5417.445239	540	   8	    A-   
     020    21    5    17        6862.255838	1322	   1	    C   
     001    21    5    17        7617.389162	1139	   1	    C   
     100    21    5    16        6708.623964	811	   2	    B-   
     001    21    5    16        7731.848417	1139	   1	    C   
     010    21    5    16        5516.613766	758	   7	    A-   
     000    21    5    16        4057.076320	632	   6	    A-   
     110    21    6    16        8239.768094	1153	   1	    C   
     020    21    6    16        7060.913694	1738	   2	    B-   
     100    21    6    16        6776.675947	989	   2	    B-   
     000    21    6    16        4123.669485	435	   9	    A-   
     010    21    6    16        5599.836438	866	   5	    B-   
     100    21    6    15        6810.812938	1213	   1	    C   
     020    21    6    15        7087.219130	916	   2	    B-   
     010    21    6    15        5632.836908	473	   9	    A-   
     000    21    6    15        4160.862507	469	   10	    A-   
     110    21    6    15        8271.704399	1129	   1	    C   
     020    21    7    15        7272.516502	1135	   1	    C   
     100    21    7    15        6948.592824	871	   2	    B-   
     010    21    7    15        5791.140577	461	   10	    A-   
     000    21    7    15        4297.926714	494	   9	    A-   
     000    21    7    14        4304.652525	483	   9	    A-   
     100    21    7    14        6955.778696	764	   4	    B-   
     010    21    7    14        5796.616983	438	   11	    A-   
     020    21    7    14        7276.281368	1072	   1	    C   
     010    21    8    14        6006.538632	539	   7	    A-   
     100    21    8    14        7142.806234	1161	   1	    C   
     000    21    8    14        4494.025388	541	   8	    A-   
     020    21    8    14        7508.770376	813	   3	    B-   
     010    21    8    13        6006.992149	470	   8	    A-   
     000    21    8    13        4494.727340	442	   9	    A-   
     020    21    8    13        7510.088519	1076	   1	    C   
     100    21    8    13        7143.410350	969	   2	    B-   
     100    21    9    13        7363.292779	900	   2	    B-   
     000    21    9    13        4716.394741	551	   5	    B-   
     010    21    9    13        6248.732210	469	   9	    A-   
     010    21    9    12        6248.780289	1080	   3	    B-   
     100    21    9    12        7363.309156	1185	   1	    C   
     000    21    9    12        4716.428882	665	   6	    A-   
     010    21    10    12        6516.113549	817	   3	    B-   
     000    21    10    12        4963.888506	638	   6	    A-   
     010    21    10    11        6516.161760	667	   4	    B-   
     000    21    10    11        4963.871999	738	   3	    B-   
     020    21    10    11        8063.815392	1338	   1	    C   
     010    21    11    11        6806.750467	655	   6	    A-   
     000    21    11    11        5234.746492	990	   3	    B-   
     000    21    11    10        5234.808640	644	   5	    B-   
     010    21    11    10        6806.916300	799	   4	    B-   
     000    21    12    10        5527.673278	696	   5	    B-   
     010    21    12    10        7119.315329	822	   3	    B-   
     000    21    12    9        5527.642468	791	   3	    B-   
     010    21    12    9        7119.311770	795	   3	    B-   
     010    21    13    9        7452.436755	858	   3	    B-   
     000    21    13    9        5841.617838	738	   4	    B-   
     000    21    13    8        5841.617895	892	   3	    B-   
     010    21    13    8        7452.436005	860	   3	    B-   
     000    21    14    8        6176.000184	837	   4	    B-   
     010    21    14    8        7805.842644	1230	   2	    B-   
     010    21    14    7        7805.843176	1205	   1	    C   
     000    21    14    7        6176.002098	772	   4	    B-   
     000    21    15    7        6530.459605	1539	   2	    B-   
     010    21    15    7        8178.459801	1966	   2	    B-   
     010    21    15    6        8178.459751	1958	   2	    B-   
     000    21    15    6        6530.459583	1542	   2	    B-   
     000    21    16    6        6904.452564	2322	   2	    B-   
     010    21    16    6        8570.470642	1870	   2	    B-   
     000    21    16    5        6904.452650	2330	   2	    B-   
     010    21    16    5        8570.470540	1870	   2	    B-   
     000    21    17    5        7298.086887	1646	   2	    B-   
     010    21    17    5        8981.764197	1723	   2	    B-   
     010    21    17    4        8981.764165	1723	   2	    B-   
     000    21    17    4        7298.086952	1646	   2	    B-   
     010    21    18    4        9412.197695	1957	   1	    C   
     000    21    18    4        7711.171494	1909	   2	    B-   
     000    21    18    3        7711.171529	1909	   2	    B-   
     010    21    18    3        9412.197722	1957	   1	    C   
     010    21    19    3        9862.160713	2039	   2	    B-   
     000    21    19    3        8143.730930	1991	   1	    C   
     000    21    19    2        8143.730927	1992	   1	    C   
     010    21    19    2        9862.160703	2039	   2	    B-   
     000    21    20    2        8595.809855	2204	   2	    B-   
     000    21    20    1        8595.809855	2204	   2	    B-   
     110    22    0    22        7376.518380	1050	   2	    B-   
     100    22    0    22        6023.711829	783	   4	    B-   
     000    22    0    22        3356.937814	748	   6	    A-   
     020    22    0    22        6099.722023	809	   4	    B-   
     010    22    0    22        4737.066359	1524	   1	    C   
     011    22    0    22        8380.934874	1370	   1	    C   
     001    22    0    22        7022.935941	1229	   1	    C   
     030    22    0    22        7450.896351	975	   2	    B-   
     000    22    1    22        3356.938296	744	   6	    A-   
     011    22    1    22        8381.113956	1250	   1	    C   
     100    22    1    22        6023.710536	985	   2	    B-   
     010    22    1    22        4737.077374	668	   9	    A-   
     001    22    1    22        7022.935360	1423	   1	    C   
     020    22    1    22        6099.813976	629	   6	    A-   
     030    22    1    22        7451.348035	1025	   2	    B-   
     110    22    1    22        7376.607666	1048	   2	    B-   
     001    22    1    21        7292.802046	1340	   1	    C   
     110    22    1    21        7688.321617	982	   2	    B-   
     020    22    1    21        6435.435297	1154	   1	    C   
     000    22    1    21        3630.391378	666	   7	    A-   
     100    22    1    21        6294.396664	1025	   2	    B-   
     010    22    1    21        5040.865252	855	   6	    A-   
     030    22    1    21        7816.240660	1450	   1	    C   
     020    22    2    21        6435.490715	929	   2	    B-   
     010    22    2    21        5040.757344	636	   9	    A-   
     100    22    2    21        6294.404356	1575	   1	    C   
     030    22    2    21        7815.579922	1233	   1	    C   
     011    22    2    21        8680.716081	1189	   1	    C   
     000    22    2    21        3630.392499	672	   6	    A-   
     001    22    2    21        7292.671456	1575	   1	    C   
     010    22    2    20        5307.828445	577	   7	    A-   
     000    22    2    20        3875.420355	695	   7	    A-   
     020    22    2    20        6723.903498	855	   3	    B-   
     001    22    2    20        7535.336139	998	   2	    B-   
     100    22    2    20        6534.875936	1229	   1	    C   
     011    22    2    20        8945.082780	1893	   1	    C   
     001    22    3    20        7535.379536	1229	   1	    C   
     000    22    3    20        3875.500742	838	   4	    B-   
     010    22    3    20        5308.043221	689	   8	    A-   
     100    22    3    20        6534.953643	1233	   1	    C   
     020    22    3    20        6724.117439	1251	   1	    C   
     020    22    3    19        6971.608310	842	   3	    B-   
     100    22    3    19        6746.842194	1203	   1	    C   
     010    22    3    19        5540.651086	652	   7	    A-   
     000    22    3    19        4092.059200	614	   8	    A-   
     100    22    4    19        6748.133443	1361	   1	    C   
     000    22    4    19        4093.282442	822	   5	    B-   
     020    22    4    19        6975.138516	924	   2	    B-   
     010    22    4    19        5542.570793	646	   5	    B-   
     020    22    4    18        7169.362695	1042	   2	    B-   
     000    22    4    18        4273.938242	676	   5	    B-   
     100    22    4    18        6923.908100	1260	   1	    C   
     010    22    4    18        5731.980962	573	   7	    A-   
     000    22    5    18        4285.137662	546	   9	    A-   
     020    22    5    18        7194.467418	1238	   1	    C   
     100    22    5    18        6935.691609	1001	   2	    B-   
     010    22    5    18        5748.276333	796	   5	    B-   
     010    22    5    17        5868.975926	751	   5	    B-   
     020    22    5    17        7308.280649	1129	   1	    C   
     100    22    5    17        7052.441818	1366	   1	    C   
     000    22    5    17        4406.983317	545	   8	    A-   
     010    22    6    17        5936.522594	575	   7	    A-   
     000    22    6    17        4459.470108	609	   6	    A-   
     100    22    6    17        7106.435442	1179	   1	    C   
     020    22    6    17        7398.150168	2379	   2	    B-   
     000    22    6    16        4511.763138	687	   6	    A-   
     010    22    6    16        5983.738899	525	   10	    A-   
     100    22    6    16        7154.830021	1008	   2	    B-   
     020    22    6    16        7436.736924	814	   2	    B-   
     010    22    7    16        6128.454710	660	   6	    A-   
     100    22    7    16        7279.077084	1273	   1	    C   
     000    22    7    16        4634.748372	503	   8	    A-   
     100    22    7    15        7289.044196	998	   2	    B-   
     000    22    7    15        4646.197246	494	   9	    A-   
     010    22    7    15        6137.671599	516	   8	    A-   
     000    22    8    15        4828.830934	591	   7	    A-   
     100    22    8    15        7471.137395	1177	   1	    C   
     010    22    8    15        6341.369918	678	   6	    A-   
     000    22    8    14        4830.206513	597	   7	    A-   
     100    22    8    14        7472.333105	1344	   1	    C   
     010    22    8    14        6342.461182	573	   6	    A-   
     000    22    9    14        5048.681430	490	   8	    A-   
     010    22    9    14        6581.126156	526	   7	    A-   
     100    22    9    14        7688.996214	1224	   1	    C   
     000    22    9    13        5048.901656	637	   6	    A-   
     010    22    9    13        6581.254912	898	   4	    B-   
     100    22    9    13        7689.726668	1309	   1	    C   
     010    22    10    13        6845.719101	901	   5	    B-   
     000    22    10    13        5293.882258	658	   5	    B-   
     000    22    10    12        5293.801965	601	   5	    B-   
     010    22    10    12        6845.790984	852	   4	    B-   
     010    22    11    12        7134.658692	1407	   2	    B-   
     000    22    11    12        5562.597369	963	   3	    B-   
     010    22    11    11        7134.862634	1051	   2	    B-   
     000    22    11    11        5562.670633	986	   3	    B-   
     010    22    12    11        7445.060179	948	   3	    B-   
     000    22    12    11        5853.319951	1143	   4	    B-   
     000    22    12    10        5853.380930	993	   3	    B-   
     010    22    12    10        7445.109641	1484	   3	    B-   
     000    22    13    10        6165.164789	974	   3	    B-   
     000    22    13    9        6165.167339	966	   3	    B-   
     000    22    14    9        6497.209695	1340	   2	    B-   
     010    22    14    9        8127.124545	1318	   2	    B-   
     000    22    14    8        6497.209638	1243	   2	    B-   
     010    22    14    8        8127.271585	1317	   2	    B-   
     000    22    15    8        6849.665908	1263	   1	    C   
     000    22    15    7        6849.631901	1192	   3	    B-   
     010    22    15    7        8496.870624	1585	   1	    C   
     000    22    16    7        7220.490163	1837	   2	    B-   
     010    22    16    7        8885.799601	2199	   2	    B-   
     010    22    16    6        8885.799651	2206	   2	    B-   
     000    22    16    6        7220.490185	1835	   2	    B-   
     010    22    17    6        9294.016190	2121	   1	    C   
     000    22    17    6        7611.171860	2535	   2	    B-   
     000    22    17    5        7611.171774	2528	   2	    B-   
     010    22    17    5        9294.016292	2120	   1	    C   
     000    22    18    5        8021.167712	1926	   1	    C   
     010    22    18    5        9721.087545	1992	   1	    C   
     010    22    18    4        9721.087577	1992	   1	    C   
     000    22    18    4        8021.167647	1926	   1	    C   
     000    22    19    4        8450.390749	2155	   1	    C   
     000    22    19    3        8450.390714	2155	   1	    C   
     010    22    20    3       10632.562463	2270	   1	    C   
     010    22    20    2       10632.562473	2271	   1	    C   
     000    22    21    2        9366.838625	2420	   1	    C   
     000    22    21    1        9366.838625	2420	   1	    C   
     010    23    0    23        5030.013474	936	   5	    B-   
     110    23    0    23        7664.494956	1008	   2	    B-   
     030    23    0    23        7740.694483	1286	   1	    C   
     001    23    0    23        7314.796722	1436	   1	    C   
     020    23    0    23        6390.907867	786	   5	    B-   
     100    23    0    23        6314.150268	1208	   2	    B-   
     000    23    0    23        3652.415141	716	   7	    A-   
     001    23    1    23        7314.790943	2080	   1	    C   
     030    23    1    23        7740.813410	920	   2	    B-   
     020    23    1    23        6391.014070	792	   4	    B-   
     110    23    1    23        7664.564303	1250	   1	    C   
     000    23    1    23        3652.414560	1014	   3	    B-   
     010    23    1    23        5030.028256	750	   7	    A-   
     100    23    1    22        6597.192320	971	   2	    B-   
     001    23    1    22        7596.753462	1237	   1	    C   
     020    23    1    22        6742.816298	854	   3	    B-   
     000    23    1    22        3938.278846	893	   4	    B-   
     010    23    1    22        5348.005797	675	   6	    A-   
     110    23    1    22        7990.772126	1303	   1	    C   
     100    23    2    22        6597.194130	1012	   2	    B-   
     010    23    2    22        5348.034981	644	   9	    A-   
     020    23    2    22        6742.975914	1185	   1	    C   
     000    23    2    22        3938.284956	1217	   4	    B-   
     001    23    2    21        7850.971799	1742	   1	    C   
     010    23    2    21        5627.796480	1608	   3	    B-   
     100    23    2    21        6849.220099	1742	   1	    C   
     000    23    2    21        4195.069136	714	   8	    A-   
     020    23    2    21        7044.898941	1214	   1	    C   
     010    23    3    21        5627.661178	642	   8	    A-   
     000    23    3    21        4195.114243	722	   6	    A-   
     020    23    3    21        7044.967887	956	   2	    B-   
     100    23    3    20        7072.870110	1374	   1	    C   
     020    23    3    20        7306.564033	1287	   1	    C   
     000    23    3    20        4423.590994	669	   6	    A-   
     010    23    3    20        5873.474142	1062	   5	    B-   
     000    23    4    20        4424.308643	924	   4	    B-   
     100    23    4    20        7073.631153	1242	   1	    C   
     020    23    4    20        7308.746647	1169	   2	    B-   
     010    23    4    20        5874.611400	926	   4	    B-   
     000    23    4    19        4619.478200	767	   6	    A-   
     010    23    4    19        6080.246813	811	   5	    B-   
     100    23    4    19        7263.803239	1360	   1	    C   
     000    23    5    19        4626.727218	890	   3	    B-   
     010    23    5    19        6091.194418	731	   6	    A-   
     100    23    5    19        7271.453426	1584	   1	    C   
     000    23    5    18        4768.606518	932	   6	    A-   
     010    23    5    18        6233.390946	1271	   1	    C   
     010    23    6    18        6286.446175	1091	   2	    B-   
     000    23    6    18        4808.417842	625	   7	    A-   
     010    23    6    17        6350.635984	940	   2	    B-   
     000    23    6    17        4878.306026	639	   5	    B-   
     000    23    7    17        4985.811284	789	   5	    B-   
     010    23    7    17        6479.829657	795	   4	    B-   
     010    23    7    16        6494.936117	587	   5	    B-   
     000    23    7    16        5004.297435	651	   7	    A-   
     000    23    8    16        5178.255995	622	   7	    A-   
     010    23    8    16        6690.758800	698	   4	    B-   
     010    23    8    15        6692.871907	807	   5	    B-   
     000    23    8    15        5180.830905	898	   5	    B-   
     000    23    9    15        5395.494014	707	   6	    A-   
     010    23    9    15        6927.930720	874	   3	    B-   
     000    23    9    14        5395.761868	846	   4	    B-   
     010    23    9    14        6928.191096	835	   3	    B-   
     000    23    10    14        5638.239490	699	   5	    B-   
     010    23    10    14        7190.981232	1344	   2	    B-   
     010    23    10    13        7191.110295	864	   3	    B-   
     000    23    10    13        5638.457680	673	   4	    B-   
     010    23    11    13        7476.688266	2912	   3	    B-   
     000    23    11    13        5904.694783	1164	   2	    B-   
     000    23    11    12        5904.787549	1041	   3	    B-   
     010    23    11    12        7476.964837	1057	   3	    B-   
     000    23    12    12        6193.233058	2890	   3	    B-   
     000    23    12    11        6193.287159	1388	   2	    B-   
     010    23    12    11        7784.798522	1726	   2	    B-   
     010    23    13    11        8113.346971	1789	   2	    B-   
     000    23    13    11        6502.816810	1409	   2	    B-   
     010    23    13    10        8113.336909	1378	   2	    B-   
     000    23    13    10        6502.862381	1518	   2	    B-   
     000    23    14    10        6832.450509	1390	   1	    C   
     000    23    14    9        6832.447959	1395	   1	    C   
     010    23    15    9        8829.215635	1654	   2	    B-   
     000    23    15    9        7181.435388	1595	   2	    B-   
     010    23    15    8        8829.215145	1654	   1	    C   
     000    23    15    8        7181.435445	1671	   1	    C   
     000    23    16    8        7550.405591	1555	   2	    B-   
     000    23    16    7        7550.437754	1314	   2	    B-   
     010    23    17    7        9620.029341	2422	   1	    C   
     000    23    17    7        7938.139785	2089	   2	    B-   
     000    23    17    6        7938.139763	2092	   2	    B-   
     010    23    17    6        9620.029291	2415	   1	    C   
     000    23    18    6        8344.894564	2719	   2	    B-   
     000    23    18    5        8344.894650	2725	   2	    B-   
     010    24    0    24        5334.802103	751	   7	    A-   
     000    24    0    24        3959.908322	1031	   5	    B-   
     100    24    0    24        6616.417966	872	   3	    B-   
     030    24    0    24        8042.567517	1272	   1	    C   
     020    24    0    24        6693.862586	966	   2	    B-   
     001    24    0    24        7618.602550	1401	   1	    C   
     010    24    1    24        5334.880223	727	   7	    A-   
     020    24    1    24        6693.945012	1087	   2	    B-   
     110    24    1    24        7964.411383	1824	   1	    C   
     000    24    1    24        3959.902543	1824	   2	    B-   
     100    24    1    23        6911.719492	1658	   1	    C   
     000    24    1    23        4258.093562	729	   6	    A-   
     001    24    1    23        7912.627092	1658	   1	    C   
     020    24    1    23        7062.143481	1189	   1	    C   
     010    24    1    23        5667.080826	836	   6	    A-   
     110    24    2    23        8304.286240	1372	   1	    C   
     010    24    2    23        5667.118089	1389	   3	    B-   
     020    24    2    23        7063.588470	1372	   2	    B-   
     001    24    2    23        7912.628626	2257	   1	    C   
     000    24    2    23        4258.096060	764	   5	    B-   
     100    24    2    23        6911.748926	2257	   1	    C   
     020    24    2    22        7377.402620	1893	   1	    C   
     010    24    2    22        5959.380674	800	   6	    A-   
     000    24    2    22        4526.471799	1426	   5	    B-   
     001    24    2    22        8178.559802	1632	   1	    C   
     100    24    2    22        7175.119302	1632	   1	    C   
     010    24    3    22        5959.436019	925	   5	    B-   
     020    24    3    22        7377.548918	1188	   1	    C   
     000    24    3    22        4526.508801	1205	   2	    B-   
     020    24    3    21        7652.555670	1363	   1	    C   
     100    24    3    21        7410.135523	1289	   1	    C   
     000    24    3    21        4766.561710	942	   6	    A-   
     010    24    3    21        6217.600045	940	   4	    B-   
     100    24    4    21        7410.566714	1305	   1	    C   
     010    24    4    21        6218.251399	794	   4	    B-   
     000    24    4    21        4766.987553	737	   7	    A-   
     020    24    4    21        7653.812802	1458	   1	    C   
     000    24    4    20        4975.521439	922	   4	    B-   
     020    24    4    20        7881.885778	1238	   1	    C   
     010    24    4    20        6438.709930	761	   4	    B-   
     100    24    4    20        7613.931590	1557	   1	    C   
     010    24    5    20        6445.909930	1260	   3	    B-   
     100    24    5    20        7619.427782	1870	   1	    C   
     000    24    5    20        4980.118026	1229	   2	    B-   
     010    24    5    19        6608.900223	989	   5	    B-   
     000    24    5    19        5141.004366	786	   6	    A-   
     100    24    5    19        7774.186770	1384	   1	    C   
     100    24    6    19        7804.465053	1415	   1	    C   
     000    24    6    19        5170.050605	847	   5	    B-   
     010    24    6    19        6649.108140	1421	   4	    B-   
     000    24    6    18        5259.401440	3365	   2	    B-   
     010    24    6    18        6732.827914	853	   3	    B-   
     000    24    7    18        5350.874706	1872	   1	    C   
     010    24    7    17        6868.774533	1127	   2	    B-   
     000    24    7    17        5379.023109	731	   5	    B-   
     010    24    8    17        7053.312968	727	   4	    B-   
     000    24    8    17        5542.111183	1026	   2	    B-   
     000    24    8    16        5546.733622	895	   4	    B-   
     010    24    8    16        7058.265507	1277	   1	    C   
     000    24    9    16        5756.705826	1236	   3	    B-   
     010    24    9    16        7288.974370	852	   3	    B-   
     010    24    9    15        7289.487471	1506	   2	    B-   
     000    24    9    15        5757.226286	895	   4	    B-   
     000    24    10    15        5996.861270	899	   4	    B-   
     010    24    10    15        7549.346928	944	   3	    B-   
     000    24    10    14        5996.992824	1070	   3	    B-   
     010    24    10    14        7549.559892	1268	   2	    B-   
     000    24    11    14        6260.938064	959	   3	    B-   
     010    24    11    14        7832.677865	1321	   1	    C   
     000    24    11    13        6261.046663	1430	   3	    B-   
     010    24    11    13        7833.094202	1675	   2	    B-   
     000    24    12    13        6547.170409	1443	   1	    C   
     010    24    12    13        8138.775637	1455	   2	    B-   
     000    24    12    12        6547.242203	1534	   2	    B-   
     010    24    12    12        8138.602686	3079	   2	    B-   
     000    24    13    12        6854.503439	1710	   1	    C   
     010    24    13    12        8464.719822	1994	   2	    B-   
     000    24    13    11        6854.356338	3058	   2	    B-   
     010    24    14    11        8806.790459	1702	   2	    B-   
     000    24    14    11        7181.613761	1818	   1	    C   
     010    24    14    10        8807.559751	2049	   2	    B-   
     000    24    14    10        7181.610710	1727	   1	    C   
     010    24    16    8        9558.701555	1932	   1	    C   
     000    24    16    8        7894.222418	1882	   2	    B-   
     000    24    17    8        8278.856194	1651	   1	    C   
     000    24    17    7        8278.824031	1849	   1	    C   
     000    24    18    7        8682.350543	2318	   2	    B-   
     000    24    18    6        8682.350565	2316	   2	    B-   
     000    24    19    6        9104.647330	2903	   2	    B-   
     000    24    19    5        9104.647244	2897	   2	    B-   
     001    25    0    25        7934.015223	2080	   1	    C   
     100    25    0    25        6930.439523	2080	   1	    C   
     020    25    0    25        7008.789963	1250	   1	    C   
     010    25    0    25        5651.157742	1436	   2	    B-   
     000    25    0    25        4279.337250	982	   3	    B-   
     020    25    1    25        7008.814493	1236	   1	    C   
     000    25    1    25        4279.329834	1875	   1	    C   
     010    25    1    25        5651.566283	1526	   6	    A-   
     100    25    1    24        7237.909534	2402	   1	    C   
     001    25    1    24        8240.217834	2402	   1	    C   
     010    25    1    24        5997.990914	882	   5	    B-   
     000    25    1    24        4589.773492	1323	   6	    A-   
     020    25    1    24        7392.880106	1303	   1	    C   
     010    25    2    24        5998.051140	941	   6	    A-   
     020    25    2    24        7393.416669	1711	   1	    C   
     000    25    2    24        4589.775026	2024	   4	    B-   
     001    25    2    24        8240.224876	1593	   1	    C   
     100    25    2    24        7237.853776	1593	   1	    C   
     100    25    2    23        7512.506762	1559	   2	    B-   
     020    25    2    23        7721.406379	1362	   1	    C   
     000    25    2    23        4869.578902	1290	   5	    B-   
     010    25    2    23        6302.621587	1268	   3	    B-   
     001    25    2    23        8516.966924	1875	   1	    C   
     000    25    3    23        4869.593852	969	   5	    B-   
     010    25    3    23        6302.698539	896	   3	    B-   
     020    25    3    23        7721.835844	1280	   1	    C   
     100    25    3    23        7512.556449	2961	   1	    C   
     001    25    3    23        8517.030049	2961	   1	    C   
     001    25    3    22        8766.380507	1685	   1	    C   
     100    25    3    22        7758.614476	2024	   1	    C   
     010    25    3    22        6572.967518	980	   3	    B-   
     020    25    3    22        8009.670760	1698	   1	    C   
     000    25    3    22        5120.945423	813	   6	    A-   
     000    25    4    22        5121.188314	839	   6	    A-   
     100    25    4    22        7758.851907	1685	   1	    C   
     010    25    4    22        6573.304726	1042	   2	    B-   
     001    25    4    22        8766.646476	2024	   1	    C   
     010    25    4    21        6807.465172	1027	   2	    B-   
     000    25    4    21        5342.211390	1194	   4	    B-   
     100    25    4    21        7974.680209	1665	   1	    C   
     010    25    5    21        6812.058009	1081	   2	    B-   
     000    25    5    21        5345.071882	1581	   3	    B-   
     100    25    5    21        7977.679292	1914	   1	    C   
     010    25    5    20        6994.676914	923	   3	    B-   
     100    25    5    20        8150.398760	1580	   1	    C   
     000    25    5    20        5523.497270	957	   4	    B-   
     010    25    6    20        7024.147816	1016	   4	    B-   
     000    25    6    20        5543.951353	1001	   6	    A-   
     100    25    6    20        8171.871196	1334	   1	    C   
     010    25    6    19        7128.624500	1608	   1	    C   
     000    25    7    19        5729.198028	1313	   5	    B-   
     010    25    7    18        7258.879030	1737	   1	    C   
     000    25    7    18        5770.149601	740	   5	    B-   
     000    25    8    18        5920.147210	960	   3	    B-   
     010    25    8    18        7433.208126	1249	   2	    B-   
     000    25    8    17        5928.111696	1582	   3	    B-   
     000    25    9    17        6132.204783	1216	   3	    B-   
     000    25    9    16        6133.170291	1126	   4	    B-   
     010    25    10    16        7921.747901	1807	   1	    C   
     000    25    10    16        6369.622036	1342	   2	    B-   
     000    25    10    15        6369.779286	1589	   2	    B-   
     000    25    11    15        6631.181984	1464	   2	    B-   
     010    25    11    14        8203.084708	1375	   1	    C   
     000    25    11    14        6631.315130	1344	   2	    B-   
     000    25    12    14        6915.029123	1745	   2	    B-   
     010    25    12    14        8506.552652	1950	   1	    C   
     000    25    12    13        6915.136264	1385	   2	    B-   
     000    25    13    13        7219.626983	1831	   1	    C   
     010    25    13    13        8829.873046	3237	   1	    C   
     010    25    13    12        8829.838577	1765	   1	    C   
     000    25    14    12        7544.568088	3217	   1	    C   
     010    25    14    11        9171.179182	2231	   1	    C   
     010    25    15    11        9535.460341	2280	   1	    C   
     010    25    15    10        9535.480579	1974	   1	    C   
     000    25    17    9        8633.240768	2131	   1	    C   
     000    25    19    7        9452.133685	2522	   1	    C   
     000    25    19    6        9452.133663	2524	   1	    C   
     000    25    20    6        9889.346864	3064	   1	    C   
     000    25    20    5        9889.346950	3070	   1	    C   
     020    26    0    26        7335.489263	1824	   1	    C   
     000    26    0    26        4610.641923	1824	   3	    B-   
     020    26    1    26        7335.514172	1750	   1	    C   
     100    26    1    25        7575.709700	2109	   1	    C   
     000    26    1    25        4933.234634	2185	   4	    B-   
     010    26    1    25        6340.692606	1510	   2	    B-   
     020    26    1    25        7736.148844	1333	   1	    C   
     001    26    2    25        8579.503850	1903	   1	    C   
     000    26    2    25        4933.241676	1240	   5	    B-   
     020    26    2    25        7736.678150	1372	   1	    C   
     010    26    2    25        6340.893886	2257	   1	    C   
     000    26    2    24        5224.294124	1587	   5	    B-   
     010    26    2    24        6657.408484	1356	   3	    B-   
     010    26    3    24        6657.506982	1392	   1	    C   
     000    26    3    24        5224.319849	2787	   4	    B-   
     010    26    3    23        6939.548184	846	   4	    B-   
     000    26    3    23        5486.688176	1760	   5	    B-   
     100    26    3    23        8118.276198	1759	   1	    C   
     010    26    4    23        6939.692252	1091	   2	    B-   
     000    26    4    23        5486.830507	1356	   6	    A-   
     100    26    4    23        8118.379634	2185	   1	    C   
     010    26    4    22        7186.573214	1535	   2	    B-   
     000    26    4    22        5719.643409	1331	   5	    B-   
     010    26    5    22        7189.451400	1005	   3	    B-   
     000    26    5    22        5721.408392	1632	   3	    B-   
     000    26    5    21        5915.749860	1223	   3	    B-   
     010    26    6    21        7411.006362	1739	   1	    C   
     000    26    6    21        5929.728096	883	   5	    B-   
     000    26    6    20        6060.548059	1942	   2	    B-   
     010    26    6    20        7537.235768	1650	   1	    C   
     000    26    7    20        6120.558892	1423	   4	    B-   
     000    26    7    19        6177.101103	1415	   1	    C   
     000    26    8    19        6311.957695	1015	   3	    B-   
     000    26    8    18        6325.113537	1491	   3	    B-   
     000    26    9    18        6521.838194	1601	   2	    B-   
     000    26    9    17        6523.595736	1319	   3	    B-   
     000    26    10    17        6756.378416	1064	   3	    B-   
     000    26    10    16        6756.632636	2074	   3	    B-   
     000    26    11    16        7015.297656	1877	   2	    B-   
     000    26    11    15        7015.479756	1673	   2	    B-   
     000    26    12    15        7296.659120	1675	   2	    B-   
     000    26    12    14        7296.816204	1773	   2	    B-   
     000    26    13    14        7599.056404	1708	   1	    C   
     000    26    13    13        7599.066963	2011	   2	    B-   
     000    27    1    26        5288.425300	1857	   3	    B-   
     010    27    1    26        6694.739446	1593	   1	    C   
     000    27    2    26        5288.415450	1619	   4	    B-   
     010    27    2    26        6695.132034	2402	   1	    C   
     010    27    2    25        7023.638194	1875	   1	    C   
     010    27    3    25        7023.823159	2961	   1	    C   
     000    27    3    24        5863.732998	1448	   4	    B-   
     010    27    3    24        7317.355017	1685	   1	    C   
     000    27    4    24        5863.806834	1943	   4	    B-   
     010    27    4    24        7317.278486	2024	   1	    C   
     000    27    4    23        6107.885969	2601	   3	    B-   
     010    27    4    23        7575.780162	1914	   1	    C   
     000    27    5    23        6108.951627	1516	   4	    B-   
     010    27    5    23        7577.455899	1665	   1	    C   
     000    27    5    22        6317.714105	1515	   3	    B-   
     000    27    6    22        6327.024966	1449	   3	    B-   
     000    27    6    21        6478.263119	2184	   2	    B-   
     000    27    7    21        6524.471239	1665	   2	    B-   
     000    27    8    19        6737.942392	1739	   1	    C   
     000    27    9    19        6925.337537	1795	   1	    C   
     000    27    9    18        6928.494525	1425	   1	    C   
     000    27    10    18        7157.005426	1655	   1	    C   
     000    27    10    17        7157.476623	1551	   2	    B-   
     000    27    11    17        7413.145756	2302	   1	    C   
     000    27    11    16        7413.384806	1460	   1	    C   
     000    27    12    16        7691.931756	1949	   1	    C   
     000    27    12    15        7692.143576	2127	   1	    C   
     000    27    13    15        7992.028464	2035	   1	    C   
     000    27    13    14        7991.852200	1951	   1	    C   
     000    27    14    14        8311.395613	2246	   1	    C   
     010    28    1    27        7061.456930	2109	   1	    C   
     010    28    2    27        7061.019000	1903	   1	    C   
     000    28    3    25        6251.984884	1666	   3	    B-   
     010    28    3    25        7706.058638	1759	   1	    C   
     000    28    4    25        6252.042100	1566	   3	    B-   
     010    28    4    25        7706.221354	2185	   1	    C   
     000    28    4    24        6506.893847	1816	   2	    B-   
     000    28    5    24        6507.565189	2787	   2	    B-   
     000    28    5    23        6729.458322	1585	   2	    B-   
     000    28    6    23        6735.545213	1597	   2	    B-   
     000    28    6    22        6906.114737	1816	   1	    C   
     000    28    7    22        6940.476209	2402	   2	    B-   
     000    28    8    21        7136.562965	1815	   1	    C   
     000    29    3    27        6357.359627	2509	   1	    C   
     000    29    4    25        6916.674419	2961	   2	    B-   
     000    29    5    25        6917.056747	2073	   2	    B-   
     000    29    5    24        7151.123091	1613	   2	    B-   
     000    29    6    24        7155.026698	1655	   2	    B-   
     000    30    4    26        7337.040287	2301	   2	    B-   
     000    30    5    26        7337.287829	3125	   1	    C   
     000    30    5    26        7337.287829	3125	   1	    C   