     000    0    0    0           0.000000	0	   32	    A+   
     000    1    1    1          29.459768	43	   72	    A+   
     000    2    0    2          45.898437	36	   97	    A+   
     000    1    1    0          32.148839	43	   64	    A+   
     000    1    0    1          15.418362	44	   68	    A+   
     000    2    1    1          65.658837	44	   100	    A+   
     000    7    2    6         486.803809	55	   118	    A+   
     000    6    3    3         465.583059	50	   117	    A+   
     000    4    1    3         181.817816	50	   114	    A+   
     000    4    1    4         155.208258	44	   108	    A+   
     000    3    2    2         153.821930	44	   122	    A+   
     000    2    1    2          57.597248	44	   104	    A+   
     000    6    2    4         400.815406	50	   124	    A+   
     000    5    3    3         370.044547	49	   114	    A+   
     000    4    0    4         149.187862	48	   103	    A+   
     000    3    0    3          90.765363	53	   94	    A+   
     000    4    2    2         219.979233	45	   127	    A+   
     000    5    2    3         301.744634	47	   127	    A+   
     000    5    1    4         263.592888	55	   117	    A+   
     000    3    2    1         155.526032	44	   121	    A+   
     000    3    1    2         115.664894	43	   115	    A+   
     000    4    3    1         292.506142	46	   119	    A+   
     000    4    3    2         292.309260	46	   93	    A+   
     000    7    4    3         677.118891	54	   86	    A+   
     000    7    4    4         676.817609	54	   79	    A+   
     000    10    5    5        1228.035266	83	   29	    A+   
     000    10    5    6        1227.719143	83	   30	    A+   
     000    2    2    0         107.979131	43	   83	    A+   
     000    2    2    1         107.630270	43	   91	    A+   
     000    7    1    7         401.573705	50	   97	    A+   
     000    5    3    2         370.814421	49	   118	    A+   
     000    11    5    6        1399.359057	131	   14	    A+   
     000    11    5    7        1398.551218	131	   19	    A+   
     000    8    4    4         802.233011	53	   83	    A+   
     000    8    4    5         801.359178	53	   75	    A+   
     000    5    2    4         291.242272	46	   134	    A+   
     000    12    5    7        1586.897146	301	   5	    B+   
     000    12    5    8        1585.040564	301	   5	    B+   
     000    9    4    5         943.759445	58	   54	    A+   
     000    9    4    6         941.594324	58	   55	    A+   
     000    6    3    4         463.361458	50	   122	    A+   
     000    6    0    6         304.219256	47	   90	    A+   
     000    7    3    5         572.128075	50	   103	    A+   
     000    6    4    2         568.085747	50	   87	    A+   
     000    5    1    5         224.222994	45	   113	    A+   
     000    6    1    6         306.407481	47	   102	    A+   
     000    10    4    6        1102.138522	68	   39	    A+   
     000    10    4    7        1097.416912	68	   41	    A+   
     000    4    2    3         215.109703	45	   132	    A+   
     000    7    3    4         577.347630	50	   98	    A+   
     000    7    5    3         809.317094	53	   56	    A+   
     000    7    2    5         516.798881	51	   101	    A+   
     000    8    1    8         509.575448	51	   83	    A+   
     000    7    5    2         809.324594	53	   55	    A+   
     000    6    1    5         360.263928	51	   111	    A+   
     000    3    1    3          99.587046	46	   117	    A+   
     000    5    0    5         220.464051	54	   102	    A+   
     000    7    1    6         470.937879	55	   101	    A+   
     000    8    2    6         649.049757	56	   88	    A+   
     000    8    1    7         594.706913	56	   93	    A+   
     000    9    3    6         853.546394	62	   75	    A+   
     000    9    2    7         796.749682	61	   70	    A+   
     000    8    3    5         706.598578	57	   84	    A+   
     000    3    3    1         230.202121	53	   87	    A+   
     000    9    1    8         730.875915	60	   79	    A+   
     000    7    0    7         400.363061	55	   91	    A+   
     000    6    2    5         381.918581	51	   130	    A+   
     000    5    4    2         474.889515	58	   88	    A+   
     000    4    4    1         397.428242	67	   64	    A+   
     000    8    0    8         508.929619	57	   78	    A+   
     000    8    3    6         696.123485	57	   95	    A+   
     000    8    2    7         605.549960	54	   100	    A+   
     000    6    5    1         701.116913	69	   57	    A+   
     000    5    5    0         608.472843	73	   51	    A+   
     000    6    5    2         701.116227	68	   60	    A+   
     000    5    5    1         608.472709	72	   56	    A+   
     000    6    4    3         568.001713	56	   94	    A+   
     000    5    4    1         474.906487	58	   83	    A+   
     000    9    3    7         835.047885	60	   76	    A+   
     000    9    2    8         737.820096	61	   74	    A+   
     000    9    0    9         629.969567	65	   72	    A+   
     000    9    1    9         630.305189	61	   68	    A+   
     000    7    6    1         969.900589	82	   43	    A+   
     000    6    6    0         862.226768	83	   28	    A+   
     000    7    6    2         969.900620	80	   43	    A+   
     000    6    6    1         862.226500	88	   30	    A+   
     000    8    6    2        1093.027356	89	   39	    A+   
     000    8    6    3        1093.026908	89	   34	    A+   
     000    8    5    4         933.123433	68	   50	    A+   
     000    8    5    3         933.155123	68	   51	    A+   
     000    9    5    4        1072.688171	74	   39	    A+   
     000    10    1    10         763.684803	77	   55	    A+   
     000    10    0    10         763.513755	73	   59	    A+   
     000    9    6    3        1231.632820	93	   30	    A+   
     000    9    6    4        1231.631249	95	   35	    A+   
     000    9    5    5        1072.579799	81	   46	    A+   
     000    10    2    9         883.310724	74	   59	    A+   
     000    10    1    9         879.099313	78	   56	    A+   
     000    10    3    8         988.542838	73	   60	    A+   
     000    10    2    8         958.940933	76	   53	    A+   
     000    10    3    7        1017.974734	77	   45	    A+   
     000    3    3    0         230.230695	56	   83	    A+   
     000    4    4    0         397.429816	68	   69	    A+   
     000    9    7    2        1417.867249	119	   18	    A+   
     000    9    7    3        1417.866132	108	   19	    A+   
     000    8    7    1        1279.996764	114	   22	    A+   
     000    8    7    2        1279.996928	105	   21	    A+   
     000    7    7    0        1157.470130	104	   26	    A+   
     000    7    7    1        1157.470169	108	   24	    A+   
     000    9    8    1        1630.103989	148	   4	    B+   
     000    9    8    2        1630.102894	133	   6	    A+   
     000    8    8    0        1492.933998	139	   11	    A+   
     000    8    8    1        1492.934019	135	   10	    A+   
     010    9    2    8        2143.838965	97	   15	    A+   
     010    6    0    6        1700.678568	101	   9	    A+   
     010    8    7    1        2758.802625	143	   9	    A+   
     010    9    4    6        2370.339389	101	   15	    A+   
     010    7    7    0        2635.922610	157	   7	    A+   
     010    9    4    5        2372.359972	94	   15	    A+   
     010    8    5    3        2376.449278	106	   14	    A+   
     010    7    1    7        1798.044283	92	   14	    A+   
     010    9    3    7        2251.432145	89	   18	    A+   
     010    7    6    2        2429.861536	122	   11	    A+   
     010    5    0    5        1617.064672	94	   11	    A+   
     010    8    4    5        2229.608446	97	   14	    A+   
     010    8    2    7        2011.305185	91	   16	    A+   
     010    8    4    4        2230.422342	96	   16	    A+   
     010    7    5    3        2252.221339	99	   13	    A+   
     010    7    5    2        2252.227892	99	   13	    A+   
     010    6    6    1        2321.854803	203	   4	    B+   
     010    10    3    7        2435.239895	102	   13	    A+   
     000    11    4    8        1268.635646	115	   27	    A+   
     010    7    1    6        1873.242579	90	   16	    A+   
     010    8    3    6        2111.938002	86	   20	    A+   
     010    7    4    4        2104.637210	90	   17	    A+   
     010    7    4    3        2104.917634	95	   15	    A+   
     010    9    3    6        2269.917137	93	   16	    A+   
     010    6    5    2        2143.672713	113	   10	    A+   
     010    4    0    4        1545.788158	90	   12	    A+   
     010    8    3    5        2122.319780	93	   17	    A+   
     010    7    3    5        1987.448866	89	   18	    A+   
     010    7    2    6        1892.283629	86	   19	    A+   
     010    6    4    3        1995.451107	87	   17	    A+   
     010    6    4    2        1995.529323	88	   17	    A+   
     010    6    1    6        1703.392435	97	   12	    A+   
     010    5    5    1        2050.729271	140	   6	    A+   
     010    7    3    4        1992.588227	88	   16	    A+   
     010    5    4    2        1902.024400	101	   13	    A+   
     010    5    4    1        1902.040352	99	   13	    A+   
     010    6    3    4        1878.264067	86	   18	    A+   
     010    6    3    3        1880.442146	87	   17	    A+   
     010    13    0    13        2629.857641	156	   9	    A+   
     000    14    1    14        1422.644826	216	   8	    A+   
     000    14    0    14        1422.634717	199	   11	    A+   
     010    13    1    13        2629.889385	171	   4	    B-   
     010    6    2    5        1787.126652	88	   17	    A+   
     010    10    2    8        2369.833870	111	   12	    A+   
     000    11    3    9        1156.215435	104	   35	    A+   
     010    4    4    0        1824.304100	127	   7	    A+   
     010    5    3    3        1784.601142	89	   16	    A+   
     010    5    3    2        1785.354234	89	   16	    A+   
     010    9    2    7        2206.098236	93	   15	    A+   
     010    7    0    7        1796.505822	106	   9	    A+   
     010    5    1    5        1621.617836	95	   12	    A+   
     010    12    0    12        2460.114780	133	   10	    A+   
     000    13    1    13        1239.177210	167	   15	    A+   
     000    13    0    13        1239.156375	156	   28	    A+   
     010    12    1    12        2460.177330	133	   10	    A+   
     010    8    2    6        2057.060145	93	   16	    A+   
     010    11    2    9        2547.206689	121	   11	    A+   
     000    12    2    10        1322.761003	152	   18	    A+   
     010    7    2    5        1923.690296	98	   15	    A+   
     010    5    2    4        1696.195043	92	   14	    A+   
     010    4    3    2        1706.586944	107	   11	    A+   
     010    4    3    1        1706.779360	90	   14	    A+   
     010    11    1    10        2444.946082	129	   10	    A+   
     000    12    2    11        1212.985771	124	   27	    A+   
     000    12    1    11        1211.607431	121	   28	    A+   
     010    11    0    11        2302.704238	138	   9	    A+   
     000    12    1    12        1068.166767	109	   29	    A+   
     000    12    0    12        1068.123922	97	   25	    A+   
     010    11    1    11        2302.826090	129	   9	    A+   
     010    6    2    4        1806.815591	93	   17	    A+   
     010    11    2    10        2448.208916	117	   13	    A+   
     000    11    2    9        1134.593486	104	   30	    A+   
     000    11    3    8        1199.283254	118	   30	    A+   
     010    11    3    9        2573.949488	124	   12	    A+   
     000    12    3    10        1337.666669	158	   19	    A+   
     010    10    1    9        2284.106616	110	   13	    A+   
     000    11    2    10        1041.766471	98	   45	    A+   
     010    5    2    3        1707.081911	98	   12	    A+   
     000    11    1    10        1039.318336	104	   33	    A+   
     010    3    3    1        1644.262803	111	   8	    A+   
     010    3    3    0        1644.290659	102	   10	    A+   
     010    10    2    9        2289.564758	97	   17	    A+   
     010    10    0    10        2157.644937	128	   7	    A+   
     000    11    1    11         909.655129	86	   48	    A+   
     000    11    0    11         909.568914	86	   42	    A+   
     010    10    1    10        2157.880408	113	   11	    A+   
     010    4    2    3        1619.834280	84	   16	    A+   
     010    10    3    8        2405.569617	98	   17	    A+   
     010    4    1    4        1552.921489	93	   12	    A+   
     010    9    1    8        2135.082372	111	   13	    A+   
     010    4    2    2        1624.858678	87	   16	    A+   
     010    10    4    7        2526.732141	111	   13	    A+   
     010    8    1    7        1997.983975	99	   14	    A+   
     010    9    0    9        2024.939791	111	   10	    A+   
     010    9    1    9        2025.388935	106	   11	    A+   
     010    3    2    2        1558.353467	88	   14	    A+   
     010    3    0    3        1487.281170	96	   10	    A+   
     010    3    2    1        1560.106103	86	   14	    A+   
     010    8    6    3        2553.362518	136	   8	    A+   
     010    8    0    8        1904.573676	111	   9	    A+   
     010    9    6    4        2692.380052	133	   11	    A+   
     010    6    1    5        1761.636690	98	   12	    A+   
     010    8    1    8        1905.415418	99	   11	    A+   
     010    3    1    3        1497.539499	91	   11	    A+   
     010    6    5    1        2143.673715	112	   10	    A+   
     010    2    2    1        1512.010736	96	   10	    A+   
     010    2    2    0        1512.368983	109	   9	    A+   
     010    5    1    4        1664.125885	97	   11	    A+   
     010    8    5    4        2376.420992	103	   14	    A+   
     010    9    5    5        2516.315020	113	   13	    A+   
     010    9    5    4        2516.411445	105	   14	    A+   
     010    4    1    3        1581.626667	97	   11	    A+   
     010    3    1    2        1514.877637	98	   10	    A+   
     010    2    1    2        1455.720243	98	   9	    A+   
     010    10    4    6        2531.156737	115	   11	    A+   
     010    2    1    1        1464.413538	102	   8	    A+   
     010    1    1    1        1427.692356	110	   6	    A+   
     010    1    1    0        1430.592312	128	   4	    B-   
     010    2    0    2        1442.306456	105	   8	    A+   
     010    7    6    1        2429.861688	129	   10	    A+   
     010    4    4    1        1824.302781	126	   8	    A+   
     010    1    0    1        1411.735914	143	   4	    B+   
     010    0    0    0        1396.266365	176	   2	    B-   
     010    5    5    0        2050.729263	156	   5	    B+   
     010    10    5    6        2671.935173	132	   10	    A+   
     010    6    6    0        2321.854950	140	   6	    A+   
     010    9    6    3        2692.381608	152	   10	    A+   
     010    7    7    1        2635.922587	180	   6	    A+   
     010    8    7    2        2758.802237	177	   7	    A+   
     010    11    3    8        2617.736068	152	   8	    A+   
     010    11    4    8        2698.604218	128	   11	    A+   
     010    14    0    14        2811.906890	293	   1	    C   
     010    14    1    14        2811.923525	287	   1	    C   
     010    12    1    11        2617.662235	161	   7	    A+   
     010    12    2    11        2619.552811	156	   8	    A+   
     010    8    6    2        2553.362608	149	   8	    A+   
     010    15    0    15        3006.230526	324	   1	    C   
     010    15    1    15        3006.238277	313	   1	    C   
     010    13    1    12        2802.359421	202	   2	    B-   
     010    13    2    12        2803.429761	204	   2	    B-   
     010    16    0    16        3212.782024	1036	   1	    C   
     000    15    1    15        1618.520024	1007	   3	    B+   
     010    16    1    16        3212.790975	740	   1	    C   
     000    15    0    15        1618.520275	700	   4	    B+   
     010    10    5    5        2672.214910	158	   7	    A+   
     010    12    3    10        2756.159861	181	   8	    A+   
     010    13    2    11        2939.038269	288	   1	    C   
     010    12    2    10        2737.201382	184	   7	    A+   
     010    11    4    7        2707.301975	176	   7	    A+   
     010    10    6    5        2846.936130	226	   4	    B+   
     010    10    6    4        2846.943846	164	   9	    A+   
     010    11    5    7        2843.290375	161	   7	    A+   
     010    11    5    6        2844.006518	159	   7	    A+   
     010    9    7    3        2897.063325	175	   8	    A+   
     100    10    2    8        3651.789837	91	   8	    A+   
     100    12    1    12        3759.515082	187	   5	    B+   
     100    9    3    6        3548.792926	104	   8	    A+   
     100    9    2    7        3492.414802	113	   7	    A+   
     100    11    0    11        3603.595665	92	   6	    A+   
     100    11    1    11        3603.690688	111	   6	    A+   
     100    10    2    9        3578.280946	162	   7	    A+   
     100    9    5    4        3766.903521	172	   6	    A+   
     100    9    5    5        3766.805237	194	   7	    A+   
     100    9    4    6        3636.806993	81	   6	    A+   
     100    9    3    7        3531.230948	103	   8	    A+   
     100    9    1    8        3428.033045	166	   6	    A+   
     100    10    0    10        3460.009757	84	   7	    A+   
     100    10    1    10        3460.195667	84	   6	    A+   
     100    8    2    6        3347.353620	73	   7	    A+   
     100    8    3    5        3404.725545	116	   9	    A+   
     100    9    2    8        3435.251030	114	   7	    A+   
     100    8    4    4        3500.021174	104	   8	    A+   
     100    8    6    3        3788.809826	172	   7	    A+   
     100    8    5    3        3630.053561	152	   7	    A+   
     100    8    5    4        3630.026518	148	   9	    A+   
     100    8    4    5        3499.216755	67	   9	    A+   
     100    8    3    6        3394.817938	94	   11	    A+   
     100    8    1    7        3294.063440	107	   9	    A+   
     100    9    0    9        3328.716382	69	   8	    A+   
     100    7    2    5        3217.525152	62	   11	    A+   
     100    7    3    4        3278.010442	69	   11	    A+   
     100    7    6    2        3668.073593	160	   7	    A+   
     100    7    4    3        3377.308097	68	   9	    A+   
     100    7    5    2        3508.599103	167	   6	    A+   
     100    7    5    3        3508.593674	139	   8	    A+   
     100    7    4    4        3377.031499	88	   10	    A+   
     100    7    3    5        3273.089055	65	   10	    A+   
     100    7    1    6        3172.322354	61	   10	    A+   
     100    3    0    3        2798.476597	60	   11	    A+   
     100    8    0    8        3209.707975	60	   8	    A+   
     100    8    1    8        3210.395307	60	   8	    A+   
     100    7    2    6        3188.542825	56	   10	    A+   
     100    6    2    4        3103.709270	69	   11	    A+   
     100    6    3    3        3168.415205	134	   9	    A+   
     100    6    1    5        3063.505225	62	   11	    A+   
     100    6    6    1        3562.493223	114	   5	    B+   
     100    6    5    2        3402.461866	243	   6	    A+   
     100    6    4    3        3270.275495	117	   9	    A+   
     100    7    0    7        3102.953685	72	   7	    A+   
     100    6    3    4        3166.328546	84	   8	    A+   
     100    7    1    7        3104.229208	73	   7	    A+   
     100    6    2    5        3085.489499	87	   10	    A+   
     100    5    2    3        3006.520178	63	   12	    A+   
     100    6    0    6        3008.403041	99	   10	    A+   
     100    5    1    4        2968.498701	53	   10	    A+   
     100    6    1    6        3010.686206	65	   9	    A+   
     100    5    3    2        3075.465480	68	   10	    A+   
     100    5    5    0        3311.599732	138	   7	    A+   
     100    5    4    1        3178.942107	100	   9	    A+   
     100    5    4    2        3178.928119	78	   10	    A+   
     100    5    3    3        3074.742922	68	   11	    A+   
     100    5    2    4        2996.414557	62	   11	    A+   
     100    5    0    5        2926.025825	50	   10	    A+   
     100    5    1    5        2929.910296	69	   11	    A+   
     020    4    4    0        3232.286607	190	   8	    A+   
     100    4    3    1        2998.639698	56	   12	    A+   
     100    4    4    0        3102.930861	93	   7	    A+   
     100    4    4    1        3102.929607	103	   6	    A+   
     100    4    3    2        2998.454825	69	   10	    A+   
     100    4    2    3        2921.641282	54	   11	    A+   
     100    4    0    4        2855.924536	99	   12	    A+   
     100    4    1    4        2862.087168	66	   10	    A+   
     020    3    3    1        3036.751456	136	   8	    A+   
     020    3    3    0        3036.777857	176	   9	    A+   
     100    3    1    2        2823.187620	52	   9	    A+   
     100    3    2    1        2863.095007	47	   11	    A+   
     100    3    3    0        2937.531763	53	   6	    A+   
     100    3    3    1        2937.505126	56	   7	    A+   
     020    8    1    7        3376.644322	107	   9	    A+   
     020    8    0    8        3275.941453	133	   9	    A+   
     100    3    2    2        2861.457472	48	   9	    A+   
     020    3    2    1        2940.960398	92	   13	    A+   
     100    3    1    3        2807.434148	69	   8	    A+   
     020    7    1    6        3250.668508	150	   7	    A+   
     100    8    2    7        3305.239377	143	   7	    A+   
     100    2    1    1        2774.080839	50	   8	    A+   
     020    7    1    7        3170.157759	112	   9	    A+   
     100    2    2    1        2816.103723	47	   7	    A+   
     100    2    0    2        2754.376669	79	   8	    A+   
     100    2    1    2        2766.181058	45	   8	    A+   
     020    6    1    5        3137.988188	145	   9	    A+   
     020    6    0    6        3072.324391	150	   9	    A+   
     020    6    1    6        3075.844527	115	   10	    A+   
     100    1    1    0        2741.176260	47	   5	    B+   
     100    1    0    1        2724.429479	28	   6	    A+   
     020    5    1    4        3039.588337	70	   11	    A+   
     100    1    1    1        2738.540485	166	   5	    B+   
     020    6    2    5        3168.765767	88	   11	    A+   
     020    2    1    1        2838.191153	67	   10	    A+   
     020    5    0    5        2988.630722	111	   11	    A+   
     020    5    1    5        2994.341332	66	   10	    A+   
     020    4    0    4        2917.188629	83	   12	    A+   
     100    0    0    0        2709.284316	178	   3	    B+   
     100    8    6    2        3788.810104	190	   5	    B+   
     100    6    5    1        3402.462961	183	   6	    A+   
     020    4    1    4        2925.862479	162	   10	    A+   
     100    6    4    2        3270.352713	65	   9	    A+   
     020    3    1    2        2889.068141	136	   10	    A+   
     100    2    2    0        2816.439268	82	   5	    B+   
     020    2    0    2        2813.388487	132	   8	    A+   
     020    3    1    3        2870.650569	73	   12	    A+   
     020    3    2    2        2939.221792	67	   12	    A+   
     020    1    0    1        2782.726059	127	   8	    A+   
     020    4    3    2        3099.282348	134	   11	    A+   
     020    2    1    2        2828.958750	77	   12	    A+   
     020    1    1    0        2804.096181	108	   6	    A+   
     020    3    0    3        2858.504185	50	   9	    A+   
     020    0    0    0        2767.209640	220	   3	    B+   
     020    1    1    1        2801.017184	96	   7	    A+   
     100    4    2    2        2926.320141	60	   9	    A+   
     100    4    1    3        2888.161325	149	   7	    A+   
     020    2    2    1        2892.727910	65	   6	    A+   
     020    2    2    0        2893.083001	95	   8	    A+   
     020    4    2    2        3005.912310	112	   13	    A+   
     020    5    3    3        3177.557241	158	   9	    A+   
     020    4    3    1        3099.459923	180	   8	    A+   
     020    4    1    3        2956.375292	149	   9	    A+   
     020    5    3    2        3178.253030	69	   10	    A+   
     100    9    1    9        3329.076696	84	   7	    A+   
     100    9    4    5        3638.804295	179	   5	    B+   
     100    10    3    8        3681.985561	186	   5	    B+   
     100    12    0    12        3759.467761	275	   4	    B+   
     100    10    4    6        3794.075219	209	   6	    A+   
     100    11    2    10        3734.077409	165	   6	    A+   
     100    11    1    10        3731.493111	197	   5	    B+   
     100    10    3    7        3710.036128	147	   5	    B+   
     020    7    0    7        3168.092426	154	   8	    A+   
     020    5    2    3        3088.444848	145	   10	    A+   
     020    8    1    8        3277.112152	127	   8	    A+   
     020    9    0    9        3395.931762	180	   6	    A+   
     020    9    1    9        3396.580227	174	   7	    A+   
     020    7    2    6        3274.282921	147	   7	    A+   
     020    7    2    5        3306.279535	164	   7	    A+   
     020    8    2    7        3393.718568	114	   9	    A+   
     020    7    3    5        3381.135706	170	   9	    A+   
     020    7    3    4        3385.924332	151	   7	    A+   
     020    9    1    8        3515.062378	205	   7	    A+   
     020    6    3    4        3271.550923	194	   9	    A+   
     020    4    4    1        3232.285216	203	   6	    A+   
     000    12    4    8        1471.272051	231	   9	    A+   
     000    11    7    5        1739.669903	382	   4	    B-   
     010    9    7    2        2897.063810	240	   6	    A-   
     000    10    8    3        1782.503932	328	   4	    B-   
     000    10    8    2        1782.503592	319	   4	    B-   
     000    11    6    5        1555.406564	309	   7	    A+   
     000    10    7    3        1571.087145	239	   9	    A+   
     000    10    7    4        1571.087802	249	   8	    A+   
     000    11    4    7        1277.854843	145	   23	    A+   
     000    10    6    4        1385.746654	168	   14	    A+   
     000    10    6    5        1385.736047	168	   15	    A+   
     000    13    3    11        1532.512609	322	   7	    A+   
     010    12    3    9        2816.570586	271	   6	    A-   
     000    13    3    10        1608.975789	606	   4	    B+   
     000    13    2    11        1522.778421	305	   7	    A+   
     010    12    4    8        2901.207573	304	   4	    B-   
     000    13    4    9        1682.420095	375	   3	    B-   
     000    13    2    12        1396.813529	238	   9	    A+   
     000    12    3    9        1396.620268	239	   13	    A+   
     000    13    1    12        1396.055184	213	   12	    A+   
     010    12    4    9        2885.688824	304	   4	    B-   
     000    13    4    10        1656.079442	454	   3	    B+   
     010    12    5    8        3030.359876	662	   2	    B-   
     000    13    5    9        1787.100469	819	   1	    C   
     000    12    4    9        1454.973670	269	   8	    A+   
     010    12    6    6        3202.819786	393	   3	    B-   
     000    11    8    3        1950.136278	490	   2	    B-   
     010    11    7    4        3219.737305	461	   3	    B-   
     000    12    6    7        1740.549964	454	   3	    B-   
     000    11    6    6        1555.369234	329	   6	    A+   
     010    9    8    2        3128.721255	321	   3	    B-   
     010    9    8    1        3128.720819	311	   3	    B-   
     010    11    6    6        3017.046364	328	   3	    B-   
     010    11    6    5        3017.078403	427	   2	    B-   
     010    11    7    5        3219.736579	389	   3	    B-   
     000    11    7    4        1739.669015	408	   4	    B-   
     010    8    8    1        2991.191940	299	   3	    B-   
     010    10    8    3        3281.512516	295	   4	    B-   
     010    10    8    2        3281.512767	302	   4	    B-   
     010    12    5    7        3031.999081	377	   2	    B-   
     010    10    7    4        3050.707868	305	   3	    B-   
     010    12    7    6        3404.152433	615	   1	    C   
     010    12    7    5        3404.151545	632	   1	    C   
     010    10    7    3        3050.707171	359	   2	    B-   
     010    8    8    0        2991.191885	494	   1	    C   
     100    11    5    6        4087.261141	415	   2	    B-   
     100    11    2    9        3824.479182	282	   4	    B-   
     100    11    4    8        3957.739759	304	   3	    B-   
     100    12    1    11        3900.974243	265	   4	    B-   
     100    13    1    13        3927.602541	329	   3	    B-   
     100    13    0    13        3927.602541	329	   3	    B-   
     100    12    2    11        3902.437311	300	   4	    B-   
     100    11    3    9        3846.705942	267	   4	    B-   
     100    10    5    6        3918.971065	295	   3	    B-   
     100    10    4    7        3789.707034	269	   4	    B-   
     100    10    1    9        3573.868440	228	   7	    A-   
     100    9    6    4        3924.720903	302	   4	    B-   
     100    9    6    3        3924.723030	318	   4	    B-   
     100    7    6    1        3668.075792	239	   5	    B-   
     020    12    0    12        3829.143711	379	   2	    B-   
     100    6    6    0        3562.493781	292	   3	    B-   
     020    9    2    7        3591.010472	232	   5	    B-   
     020    11    0    11        3672.516853	253	   4	    B-   
     020    11    1    11        3672.705966	263	   4	    B-   
     100    12    3    9        4081.596421	282	   4	    B-   
     100    5    5    1        3311.600388	253	   4	    B-   
     020    5    2    4        3077.522145	162	   10	    A-   
     020    12    1    12        3829.242444	355	   2	    B-   
     020    10    0    10        3528.115550	230	   5	    B-   
     020    10    1    10        3528.467369	253	   4	    B-   
     020    11    2    10        3832.050267	274	   4	    B-   
     020    10    1    9        3665.368888	294	   3	    B-   
     020    4    2    3        3000.905739	189	   8	    A-   
     020    10    2    9        3672.913380	222	   6	    A-   
     020    9    2    8        3526.705598	210	   6	    A+   
     020    8    2    6        3440.660200	237	   5	    B-   
     020    10    3    8        3801.052039	261	   5	    B-   
     020    9    3    6        3663.790639	229	   5	    B-   
     020    9    3    7        3646.208182	231	   6	    A-   
     020    8    3    5        3515.877455	221	   6	    A-   
     020    8    3    6        3506.118500	221	   6	    A-   
     020    6    2    4        3188.670598	211	   7	    A-   
     020    9    4    5        3781.793254	242	   5	    B-   
     100    10    5    5        3919.255810	288	   3	    B-   
     020    8    4    4        3639.576633	228	   6	    A-   
     020    6    3    3        3273.566138	222	   5	    B-   
     020    8    4    5        3638.875528	297	   3	    B-   
     100    11    4    7        3966.305181	302	   3	    B-   
     020    6    4    3        3403.993423	224	   5	    B-   
     020    7    4    4        3513.518310	207	   6	    A-   
     020    7    4    3        3513.759341	239	   6	    A-   
     020    6    4    2        3404.053495	348	   4	    B-   
     020    10    3    7        3829.659100	487	   1	    C   
     100    11    3    8        3887.905919	336	   3	    B-   
     020    5    4    1        3310.273724	239	   5	    B-   
     020    5    4    2        3310.259818	270	   5	    B+   
     020    9    4    6        3780.046020	295	   3	    B-   
     100    12    2    10        4009.554585	272	   4	    B-   
     100    12    3    10        4025.001830	305	   3	    B-   
     100    13    1    12        4082.401258	298	   3	    B-   
     100    13    2    12        4083.211105	318	   3	    B-   
     100    10    6    4        4075.840555	429	   2	    B-   
     100    11    5    7        4086.530225	348	   2	    B-   
     100    13    2    11        4206.333128	368	   2	    B-   
     100    14    1    14        4107.961722	441	   2	    B-   
     100    14    0    14        4107.942741	507	   1	    C   
     020    10    2    8        3756.380930	347	   2	    B-   
     020    14    1    14        4179.020487	507	   1	    C   
     020    11    1    10        3827.359327	350	   2	    B-   
     001    13    3    11        5210.059171	508	   3	    B-   
     000    14    5    10        2004.557894	700	   1	    C   
     001    12    1    12        4751.281527	273	   6	    A-   
     001    14    3    12        5415.640213	580	   3	    B-   
     000    15    4    11        2155.963650	754	   1	    C   
     001    7    3    5        4257.658728	159	   12	    A-   
     001    7    6    2        4630.120508	214	   7	    A-   
     001    7    6    1        4630.120704	230	   6	    A-   
     001    9    5    5        4742.122469	238	   6	    A-   
     001    9    5    4        4742.283344	234	   5	    B-   
     001    11    4    8        4945.205504	409	   2	    B-   
     001    9    1    9        4318.815026	197	   7	    A-   
     001    6    6    1        4522.872379	251	   5	    B-   
     001    6    6    0        4522.871930	253	   4	    B-   
     001    10    2    9        4568.551127	197	   7	    A-   
     001    4    3    2        3979.151449	165	   10	    A-   
     001    8    5    4        4603.142319	188	   8	    A-   
     001    8    5    3        4603.189458	198	   7	    A-   
     001    11    4    7        4956.940777	247	   6	    A-   
     001    7    2    6        4176.191259	176	   10	    A-   
     001    10    4    7        4774.798508	218	   7	    A-   
     001    10    4    6        4780.928680	206	   8	    A-   
     001    9    2    7        4486.631971	175	   9	    A-   
     001    7    4    3        4356.241970	207	   7	    A-   
     001    7    5    3        4479.787158	223	   7	    A-   
     001    7    5    2        4479.796263	259	   5	    B-   
     001    9    4    6        4619.623738	244	   6	    A-   
     001    9    4    5        4622.475082	257	   4	    B-   
     001    6    2    5        4072.218664	163	   11	    A-   
     001    11    1    11        4594.726732	215	   6	    A-   
     001    8    2    6        4339.982537	177	   9	    A-   
     001    7    1    7        4092.849655	175	   9	    A-   
     001    6    5    1        4372.003659	216	   7	    A-   
     001    6    5    2        4372.002510	204	   7	    A-   
     001    8    1    8        4199.555557	204	   6	    A-   
     001    7    2    5        4208.364059	208	   6	    A-   
     001    9    2    8        4424.682999	172	   9	    A-   
     001    8    4    5        4479.920944	179	   9	    A-   
     001    8    4    4        4481.084154	180	   8	    A-   
     001    12    4    8        5150.755228	285	   6	    A-   
     001    5    5    1        4279.736049	227	   5	    B-   
     001    5    5    0        4279.735454	240	   5	    B-   
     001    7    4    4        4355.837677	200	   7	    A-   
     001    5    2    3        3993.766573	156	   11	    A-   
     001    6    1    6        3998.796392	172	   9	    A-   
     001    11    3    8        4885.474576	247	   5	    B-   
     001    8    1    7        4285.198123	180	   8	    A-   
     001    4    2    3        3906.643586	157	   11	    A-   
     001    8    7    2        4927.880334	301	   3	    B-   
     001    8    7    1        4927.880722	293	   3	    B-   
     001    10    7    4        5217.925816	349	   4	    B-   
     001    10    7    3        5217.925582	295	   4	    B-   
     001    10    3    7        4704.665833	199	   7	    A-   
     001    4    2    2        3912.040792	155	   11	    A-   
     001    8    3    6        4380.945880	194	   7	    A-   
     001    6    4    3        4247.429277	191	   9	    A-   
     001    6    4    2        4247.542358	175	   9	    A-   
     001    8    2    7        4293.795372	181	   8	    A-   
     001    7    0    7        4091.937112	207	   7	    A-   
     001    9    3    6        4540.348296	204	   7	    A-   
     001    6    3    3        4152.133605	165	   10	    A-   
     001    8    3    5        4393.294957	179	   8	    A-   
     001    5    4    2        4154.682142	177	   9	    A-   
     001    5    4    1        4154.705012	198	   7	    A-   
     001    14    2    12        5411.562078	895	   2	    B-   
     000    15    2    13        1957.426794	754	   2	    B-   
     001    5    1    5        3917.535873	183	   8	    A-   
     001    7    3    4        4263.914567	162	   11	    A-   
     001    7    1    6        4163.050314	166	   10	    A-   
     001    13    3    10        5292.423294	1126	   1	    C   
     000    14    3    11        1835.254354	1017	   3	    B-   
     001    15    0    15        5294.846211	522	   2	    B-   
     000    16    0    16        1826.775064	711	   2	    B+   
     001    15    1    15        5294.846211	522	   2	    B-   
     000    16    1    16        1826.775064	711	   2	    B+   
     001    13    2    11        5203.204960	445	   2	    B-   
     000    14    2    12        1734.340145	506	   2	    B-   
     001    4    4    0        4077.545352	234	   6	    A-   
     001    4    4    1        4077.543664	237	   5	    B-   
     000    14    3    12        1740.417456	700	   1	    C   
     001    6    3    4        4149.438368	181	   9	    A-   
     001    8    6    2        4752.781792	248	   6	    A-   
     001    8    6    3        4752.782235	251	   6	    A-   
     001    12    3    9        5081.767684	588	   2	    B-   
     001    12    4    9        5130.507799	424	   2	    B-   
     001    6    1    5        4053.593004	182	   9	    A-   
     001    4    1    4        3849.255763	178	   9	    A-   
     001    6    0    6        3997.076659	192	   7	    A-   
     001    11    5    7        5067.045470	468	   3	    B-   
     001    13    1    12        5075.403228	419	   2	    B-   
     000    14    1    13        1592.725784	399	   5	    B+   
     001    13    2    12        5075.890302	391	   3	    B-   
     000    14    2    13        1593.136825	477	   5	    B+   
     001    14    1    14        5101.381992	918	   2	    B-   
     001    14    0    14        5101.378119	850	   1	    C   
     001    11    2    9        4820.736355	247	   5	    B-   
     001    12    2    10        5006.222622	285	   4	    B-   
     001    12    3    10        5017.243341	332	   3	    B-   
     001    5    3    3        4056.547392	172	   9	    A-   
     001    5    3    2        4057.488810	161	   10	    A-   
     001    5    1    4        3957.749241	172	   9	    A-   
     001    9    7    3        5065.244847	335	   3	    B-   
     001    9    7    2        5065.244129	325	   3	    B-   
     001    12    1    11        4893.397908	318	   3	    B-   
     001    12    2    11        4894.312682	245	   5	    B-   
     001    10    5    5        4897.219310	213	   6	    A-   
     001    10    5    6        4896.759503	258	   4	    B-   
     001    11    3    9        4837.527304	215	   6	    A-   
     001    4    3    1        3979.393133	205	   6	    A-   
     001    9    6    4        4890.883413	355	   3	    B-   
     001    4    1    3        3876.499791	210	   8	    A-   
     001    11    1    10        4723.460819	275	   5	    B-   
     001    12    0    12        4751.256583	216	   6	    A-   
     001    11    2    10        4725.156650	208	   7	    A-   
     001    10    2    8        4647.245632	202	   7	    A-   
     001    11    5    6        5068.215839	318	   4	    B-   
     001    5    0    5        3914.453724	204	   6	    A-   
     001    10    3    8        4671.292894	224	   7	    A-   
     001    5    2    4        3982.248295	167	   9	    A-   
     001    3    1    2        3810.667900	195	   8	    A-   
     001    3    3    1        3917.316495	233	   5	    B-   
     001    3    3    0        3917.351314	207	   6	    A-   
     001    6    2    4        4092.708209	194	   8	    A-   
     001    2    1    2        3752.586088	197	   7	    A-   
     001    10    1    9        4565.503263	230	   5	    B-   
     001    7    7    0        4805.819721	436	   3	    B-   
     001    7    7    1        4805.819846	434	   3	    B-   
     001    11    0    11        4594.672404	259	   4	    B-   
     001    2    1    1        3760.852335	221	   5	    B-   
     001    9    1    8        4419.424088	210	   6	    A-   
     001    10    0    10        4450.442582	217	   6	    A-   
     001    10    1    10        4450.556564	230	   5	    B-   
     001    4    0    4        3844.112145	222	   5	    B-   
     001    3    2    2        3845.735067	170	   9	    A-   
     001    9    0    9        4318.581060	211	   6	    A-   
     001    3    2    1        3847.638626	167	   9	    A-   
     001    9    3    7        4518.957364	232	   5	    B-   
     001    3    0    3        3786.370283	202	   6	    A-   
     001    8    0    8        4199.088142	254	   4	    B-   
     001    2    2    1        3799.802292	192	   7	    A-   
     001    2    2    0        3800.193345	194	   7	    A-   
     001    13    1    13        4920.182418	374	   2	    B-   
     001    2    0    2        3741.923736	211	   6	    A-   
     001    1    0    1        3711.661434	220	   5	    B-   
     001    1    1    1        3724.690918	219	   5	    B-   
     001    1    1    0        3727.448389	344	   2	    B-   
     001    8    8    0        5127.390683	301	   3	    B-   
     001    8    8    1        5127.390674	302	   3	    B-   
     001    3    1    3        3794.188377	205	   6	    A-   
     001    10    6    4        5044.481265	264	   4	    B-   
     001    11    6    6        5213.547474	413	   2	    B-   
     001    11    6    5        5213.609030	584	   1	    C   
     001    10    6    5        5044.463983	321	   3	    B-   
     001    9    6    3        4890.887143	253	   5	    B-   
     001    0    0    0        3696.330134	345	   2	    B-   
     001    9    8    2        5264.063982	385	   2	    B-   
     001    9    8    1        5264.065097	386	   3	    B-   
     110    7    2    6        4577.383167	206	   6	    A-   
     001    11    7    5        5385.928040	543	   1	    C   
     001    11    7    4        5385.927383	538	   1	    C   
     110    7    4    3        4792.288519	206	   6	    A-   
     030    10    1    9        5024.717209	307	   3	    B-   
     001    12    5    7        5255.588151	500	   1	    C   
     110    10    3    7        5113.982346	277	   4	    B-   
     110    10    0    10        4830.989771	386	   2	    B-   
     110    10    1    10        4831.346707	307	   3	    B-   
     110    10    1    9        4962.077803	288	   3	    B-   
     110    4    3    1        4398.858338	171	   9	    A-   
     110    10    2    9        4968.339569	350	   2	    B-   
     001    13    4    10        5330.307652	538	   1	    C   
     110    9    3    6        4951.663096	217	   6	    A-   
     110    9    1    8        4814.978974	232	   5	    B-   
     110    9    0    9        4700.635655	323	   3	    B-   
     110    9    1    9        4701.285255	364	   3	    B-   
     110    10    4    7        5206.237991	355	   2	    B-   
     110    3    3    1        4337.475210	194	   7	    A-   
     110    3    3    0        4337.501629	237	   5	    B-   
     110    9    2    8        4824.943626	260	   4	    B-   
     110    9    3    7        4933.817868	248	   4	    B-   
     110    8    1    7        4679.490966	229	   5	    B-   
     110    8    0    8        4582.316528	484	   2	    B-   
     110    9    4    5        5054.665201	233	   6	    A-   
     110    8    1    8        4583.499758	285	   3	    B-   
     110    8    3    5        4806.778817	230	   5	    B-   
     110    9    4    6        5052.741725	277	   4	    B-   
     110    3    2    2        4248.714995	181	   9	    A-   
     110    8    2    7        4694.518445	259	   4	    B-   
     110    7    2    5        4608.374667	197	   7	    A-   
     110    7    1    6        4556.087833	209	   6	    A-   
     110    7    0    7        4475.983584	306	   3	    B-   
     110    7    1    7        4478.066844	227	   5	    B-   
     110    9    5    5        5197.849520	266	   4	    B-   
     110    3    1    2        4201.006334	226	   6	    A-   
     110    8    4    4        4915.416483	226	   5	    B-   
     030    10    0    10        4881.294405	358	   2	    B-   
     030    10    1    10        4881.787903	335	   3	    B-   
     110    7    3    4        4679.437042	231	   6	    A+   
     110    2    2    1        4203.098175	188	   7	    A-   
     110    8    4    5        4914.644030	209	   7	    A-   
     110    2    2    0        4203.448549	229	   5	    B-   
     110    6    1    5        4445.592610	259	   4	    B-   
     110    6    2    4        4493.273377	223	   5	    B-   
     110    7    3    5        4674.499969	209	   6	    A-   
     110    6    0    6        4381.560271	259	   4	    B-   
     110    6    1    6        4385.110217	233	   5	    B-   
     030    9    0    9        4749.411950	305	   3	    B-   
     030    9    1    9        4750.281823	295	   3	    B-   
     110    6    2    5        4473.887380	197	   7	    A-   
     110    8    5    3        5060.673608	244	   5	    B-   
     110    8    5    4        5060.647196	258	   4	    B-   
     110    5    1    4        4348.991438	286	   3	    B-   
     110    7    4    4        4792.022871	258	   4	    B-   
     030    4    2    3        4361.480226	192	   7	    A-   
     110    6    3    3        4569.353086	317	   9	    A+   
     110    5    0    5        4299.030153	291	   3	    B-   
     001    10    8    3        5415.933973	497	   1	    C   
     001    10    8    2        5415.932856	494	   1	    C   
     110    5    1    5        4304.789186	212	   6	    A-   
     030    8    0    8        4629.638764	285	   4	    B-   
     030    8    1    8        4631.144561	351	   2	    B-   
     110    5    2    4        4384.389563	195	   7	    A-   
     030    8    1    7        4733.527455	258	   4	    B-   
     110    4    1    3        4267.213018	214	   6	    A-   
     110    4    0    4        4228.560961	213	   6	    A-   
     030    8    2    6        4801.613217	271	   4	    B-   
     030    9    2    8        4888.594854	234	   5	    B-   
     110    7    5    2        4938.847868	265	   5	    B-   
     110    7    5    3        4938.843350	248	   5	    B-   
     030    3    1    3        4225.831107	193	   7	    A-   
     110    1    1    1        4114.306999	242	   5	    B-   
     030    6    1    5        4493.549355	242	   5	    B-   
     030    3    2    2        4299.730078	195	   8	    A-   
     110    1    1    0        4117.343498	305	   4	    B-   
     110    5    3    2        4476.003484	178	   8	    A-   
     110    5    3    3        4475.282140	179	   8	    A-   
     030    7    1    6        4606.731075	298	   3	    B-   
     030    7    0    7        4521.929119	227	   5	    B-   
     110    4    2    2        4314.157510	174	   9	    A-   
     110    4    1    4        4237.311068	209	   6	    A-   
     030    7    1    7        4524.477955	238	   5	    B-   
     110    3    0    3        4170.656469	294	   3	    B-   
     110    4    2    3        4309.230268	196	   7	    A-   
     030    8    2    7        4755.168782	246	   5	    B+   
     030    7    2    5        4666.764924	284	   3	    B-   
     110    3    2    1        4250.431679	180	   8	    A-   
     030    4    1    3        4311.623880	204	   6	    A-   
     030    2    2    1        4253.199852	198	   7	    A-   
     110    6    5    1        4832.392269	290	   4	    B-   
     110    6    5    2        4832.391750	244	   5	    B-   
     030    2    2    0        4253.537538	204	   6	    A-   
     110    5    2    3        4395.085509	227	   6	    A-   
     030    6    0    6        4426.243594	189	   6	    A+   
     110    5    4    1        4593.252430	219	   6	    A-   
     110    5    4    2        4593.237503	210	   6	    A-   
     110    2    0    2        4126.127398	245	   4	    B-   
     110    3    1    3        4182.911108	228	   5	    B-   
     110    4    3    2        4398.673619	211	   7	    A-   
     030    2    1    2        4184.279391	229	   5	    B-   
     030    6    1    6        4430.420177	247	   4	    B-   
     030    3    1    2        4244.348831	206	   6	    A-   
     030    7    2    6        4635.393504	251	   4	    B-   
     030    9    3    7        5020.527282	351	   2	    B-   
     030    6    2    4        4548.966352	204	   7	    A-   
     110    8    2    6        4739.752390	232	   5	    B-   
     030    5    1    4        4394.904936	213	   5	    B+   
     030    8    3    5        4888.581431	259	   4	    B-   
     110    2    1    1        4150.924486	282	   3	    B-   
     030    5    0    5        4342.614426	215	   6	    A-   
     110    1    0    1        4095.859912	246	   4	    B-   
     110    6    6    0        5009.233969	289	   3	    B-   
     110    6    6    1        5009.234117	289	   3	    B-   
     030    2    1    1        4193.546177	220	   5	    B-   
     110    5    5    1        4741.247907	256	   4	    B-   
     110    5    5    0        4741.248255	279	   4	    B-   
     110    4    4    0        4516.989296	269	   4	    B-   
     110    4    4    1        4516.987881	320	   3	    B-   
     110    2    1    2        4141.835117	235	   5	    B-   
     030    5    1    5        4349.145847	222	   5	    B-   
     030    6    2    5        4529.623062	191	   7	    A-   
     030    4    0    4        4271.260406	209	   6	    A-   
     030    1    1    1        4156.436409	256	   5	    B-   
     110    6    3    4        4567.263771	190	   7	    A-   
     030    1    1    0        4159.524805	246	   4	    B-   
     030    5    2    4        4438.208193	219	   6	    A-   
     030    3    0    3        4212.703951	208	   6	    A-   
     030    7    3    5        4754.554976	227	   5	    B-   
     030    4    2    2        4366.270537	220	   7	    A-   
     110    0    0    0        4080.544716	484	   1	    C   
     030    4    1    4        4280.868691	277	   4	    B-   
     030    2    0    2        4167.733127	268	   4	    B-   
     030    6    3    3        4646.420646	248	   5	    B-   
     030    6    3    4        4644.661953	228	   5	    B-   
     030    1    0    1        4137.195902	280	   3	    B-   
     030    3    2    1        4301.385524	208	   7	    A-   
     030    5    3    2        4551.036589	222	   5	    B-   
     030    5    3    3        4550.432194	222	   5	    B-   
     030    8    4    4        5031.024609	292	   3	    B-   
     030    8    4    5        5030.468276	258	   4	    B-   
     110    8    3    6        4796.774575	206	   6	    A-   
     030    0    0    0        4121.754251	348	   2	    B-   
     030    4    3    1        4472.117932	229	   6	    A-   
     030    4    3    2        4471.964023	239	   6	    A-   
     030    7    4    3        4904.986178	255	   4	    B-   
     030    7    4    4        4904.796181	234	   5	    B-   
     110    6    4    2        4684.969898	266	   5	    B-   
     110    10    4    6        5210.445841	355	   2	    B-   
     110    6    4    3        4684.897174	275	   4	    B-   
     030    3    3    1        4409.278478	251	   4	    B-   
     030    6    4    2        4795.028748	227	   5	    B-   
     030    6    4    3        4794.974774	224	   5	    B-   
     110    9    5    4        5197.938992	290	   4	    B-   
     030    5    4    1        4700.989720	257	   5	    B-   
     030    5    4    2        4700.979635	251	   5	    B-   
     030    4    4    0        4622.762384	280	   4	    B-   
     030    4    4    1        4622.761374	264	   4	    B-   
     110    9    2    7        4886.584077	346	   2	    B-   
     030    5    2    3        4448.731217	223	   5	    B-   
     110    10    2    8        5047.905796	358	   2	    B-   
     030    8    3    6        4879.930584	291	   3	    B-   
     030    3    3    0        4409.300410	283	   3	    B-   
     030    7    3    4        4758.756869	246	   4	    B-   
     030    9    3    6        5036.323440	311	   3	    B-   
     110    10    3    8        5085.266726	347	   2	    B-   
     110    11    0    11        4973.416755	488	   1	    C   
     110    11    1    11        4973.608097	488	   1	    C   
     110    12    0    12        5127.932685	490	   1	    C   
     110    12    1    12        5128.034808	490	   1	    C   
     030    9    2    7        4952.768491	348	   2	    B-   
     110    13    1    13        5294.573201	495	   1	    C   
     110    13    0    13        5294.530356	492	   1	    C   
     110    14    0    14        5473.194775	507	   1	    C   
     030    9    1    8        4873.072666	375	   2	    B-   
     030    11    0    11        5025.307437	488	   1	    C   
     110    11    2    9        5222.660112	488	   1	    C   
     030    12    0    12        5181.462036	490	   1	    C   
     030    12    1    12        5181.618350	490	   1	    C   
     030    10    2    9        5035.338007	486	   1	    C   
     011    9    6    3        6325.875939	378	   2	    B-   
     011    9    6    4        6325.875386	375	   2	    B-   
     011    7    2    6        5560.038754	187	   8	    A-   
     011    8    6    3        6187.275344	352	   2	    B-   
     011    8    6    2        6187.275570	406	   2	    B-   
     011    7    0    7        5466.903552	184	   9	    A-   
     011    9    5    5        6161.420089	337	   3	    B-   
     011    7    6    1        6064.172366	254	   4	    B-   
     011    7    6    2        6064.171924	260	   4	    B-   
     011    10    4    6        6186.803580	258	   4	    B-   
     011    10    3    8        6066.151763	217	   7	    A-   
     011    6    4    2        5651.554511	198	   7	    A-   
     011    8    5    4        6021.924661	290	   3	    B-   
     011    8    5    3        6021.969001	252	   4	    B-   
     011    9    2    8        5809.091712	217	   7	    A-   
     011    7    2    5        5593.867505	194	   8	    A-   
     011    9    4    6        6025.143283	248	   5	    B-   
     011    5    2    4        5365.522259	139	   11	    A+   
     011    6    6    1        5956.529777	303	   3	    B-   
     011    6    6    0        5956.529982	294	   3	    B-   
     011    6    2    4        5477.216440	151	   12	    A+   
     011    6    0    6        5372.400071	162	   10	    A-   
     011    6    1    6        5374.530056	181	   8	    A-   
     011    7    5    3        5898.106860	340	   3	    B-   
     011    5    2    3        5377.517153	194	   10	    A+   
     011    9    3    7        5913.120135	185	   8	    A-   
     011    8    4    5        5884.866938	221	   6	    A-   
     011    8    4    4        5885.962486	216	   7	    A-   
     011    8    1    7        5667.359136	195	   7	    A-   
     011    4    2    3        5289.664557	206	   8	    A-   
     011    7    1    7        5468.059964	244	   5	    B-   
     011    6    5    2        5789.916711	247	   5	    B-   
     011    6    5    1        5789.917835	256	   5	    B-   
     011    8    2    7        5677.933982	225	   5	    B-   
     011    5    0    5        5289.953807	182	   9	    A-   
     011    7    4    4        5760.285529	183	   8	    A-   
     011    5    1    5        5293.682178	141	   11	    A+   
     011    8    3    6        5774.477988	181	   8	    A-   
     011    3    2    1        5230.505764	160	   12	    A+   
     011    9    3    6        5934.702773	238	   5	    B-   
     011    7    1    6        5544.258489	182	   8	    A-   
     011    6    4    3        5651.447764	191	   8	    A-   
     011    7    3    5        5650.636854	211	   6	    A-   
     200    13    1    12        6684.296017	1126	   1	    C   
     011    4    0    4        5219.632423	149	   10	    A+   
     011    14    0    14        6469.224484	850	   1	    C   
     011    4    1    4        5225.718109	167	   10	    A-   
     011    6    1    5        5433.854307	169	   10	    A+   
     011    5    4    2        5558.338617	214	   6	    A-   
     011    5    4    1        5558.359611	198	   7	    A-   
     011    13    2    11        6598.222012	445	   2	    B-   
     011    6    3    4        5541.943314	179	   8	    A-   
     011    13    1    13        6289.497682	529	   1	    C   
     011    13    1    12        6460.121134	626	   1	    C   
     011    13    2    12        6460.805902	517	   2	    B-   
     011    6    3    3        5544.608440	206	   6	    A-   
     011    3    0    3        5161.809437	152	   9	    A+   
     011    5    1    4        5337.140504	148	   10	    A+   
     011    4    4    1        5480.899627	284	   3	    B-   
     011    4    4    0        5480.900086	271	   4	    B-   
     011    11    2    9        6212.271734	292	   4	    B-   
     011    6    2    5        5455.772868	146	   13	    A+   
     011    3    1    3        5170.884643	165	   11	    A+   
     011    5    3    3        5448.658951	170	   11	    A-   
     011    10    2    8        6037.031456	257	   4	    B-   
     011    12    3    10        6413.652554	434	   2	    B-   
     011    5    3    2        5449.587240	172	   10	    A-   
     011    12    1    11        6277.965379	367	   2	    B-   
     011    12    2    11        6279.222452	394	   2	    B-   
     011    12    0    12        6121.887260	318	   3	    B-   
     011    12    1    12        6121.922699	507	   1	    C   
     011    4    1    3        5255.131519	173	   9	    A-   
     011    9    2    7        5874.794271	255	   4	    B-   
     011    8    2    6        5726.708681	232	   5	    B-   
     011    11    4    7        6363.362539	373	   2	    B-   
     011    11    1    10        6107.707185	292	   3	    B-   
     011    11    3    9        6233.148074	305	   3	    B-   
     011    4    3    2        5370.945248	226	   6	    A+   
     011    3    1    2        5188.669532	189	   7	    A-   
     011    4    3    1        5371.183422	173	   7	    A+   
     011    11    2    10        6109.969001	498	   1	    C   
     011    11    0    11        5966.480528	294	   3	    B-   
     011    11    1    11        5966.558215	291	   3	    B-   
     011    10    3    7        6100.113689	321	   3	    B-   
     011    10    1    9        5949.237677	258	   4	    B-   
     011    10    2    9        5953.194269	317	   3	    B-   
     011    3    3    1        5308.862237	167	   8	    A+   
     011    3    3    0        5308.896555	174	   6	    A+   
     011    10    4    7        6180.971396	362	   2	    B-   
     011    10    0    10        5823.281731	246	   5	    B-   
     011    10    1    10        5823.438381	203	   6	    A+   
     011    10    5    6        6316.624343	355	   5	    B-   
     011    9    1    8        5802.452977	219	   7	    A-   
     200    7    3    4        5893.735195	314	   3	    B-   
     011    4    2    2        5295.258340	181	   9	    A-   
     011    9    0    9        5692.295395	250	   4	    B-   
     011    9    1    9        5692.607477	232	   5	    B-   
     011    8    3    5        5786.833375	240	   5	    B-   
     011    3    2    2        5228.540347	167	   10	    A+   
     011    8    0    8        5573.515027	248	   5	    B-   
     011    8    1    8        5574.123317	183	   5	    B+   
     011    7    3    4        5656.852945	196	   7	    A-   
     011    2    2    1        5182.436645	178	   5	    B+   
     011    2    2    0        5182.840519	157	   8	    A+   
     011    7    4    3        5760.665354	284	   3	    B-   
     011    2    0    2        5117.247939	213	   7	    A-   
     011    7    5    2        5898.117791	268	   4	    B-   
     011    2    1    2        5129.446630	198	   8	    A+   
     011    1    0    1        5086.883802	250	   5	    B+   
     011    2    1    1        5138.367743	213	   6	    A+   
     200    8    1    8        5827.986259	353	   2	    B-   
     011    1    1    1        5101.656492	219	   5	    B-   
     011    5    5    1        5697.300845	184	   5	    B+   
     011    5    5    0        5697.300734	203	   4	    B+   
     011    1    1    0        5104.632744	194	   5	    B+   
     200    7    1    7        5723.582303	269	   4	    B-   
     011    0    0    0        5071.496323	352	   2	    B-   
     011    9    5    4        6161.561633	487	   1	    C   
     200    12    1    11        6505.891011	527	   1	    C   
     200    13    1    13        6533.391137	529	   1	    C   
     200    13    0    13        6533.381028	522	   1	    C   
     200    4    1    3        5510.715444	289	   4	    B-   
     200    5    1    4        5589.497802	306	   3	    B-   
     200    3    0    3        5422.904814	291	   3	    B-   
     200    10    3    8        6290.381815	350	   2	    B-   
     200    9    2    7        6103.261016	488	   1	    C   
     200    11    0    11        6214.706963	354	   2	    B-   
     200    10    2    9        6188.828301	351	   2	    B-   
     200    5    0    5        5548.269647	318	   3	    B-   
     200    9    3    7        6142.411570	399	   2	    B-   
     200    9    1    8        6040.865220	349	   2	    B-   
     200    10    0    10        6073.472087	373	   2	    B-   
     200    10    1    10        6073.665403	316	   3	    B-   
     011    9    4    5        6027.843208	361	   2	    B-   
     200    4    0    4        5479.352702	283	   3	    B-   
     200    8    1    7        5909.177057	296	   3	    B-   
     200    9    0    9        5944.331265	408	   2	    B-   
     200    9    1    9        5944.708052	281	   4	    B-   
     200    7    3    5        5889.129977	289	   3	    B-   
     200    7    1    6        5789.564408	317	   3	    B-   
     200    8    0    8        5827.279027	301	   3	    B-   
     200    7    2    6        5805.940244	315	   3	    B-   
     200    6    2    4        5722.159071	330	   3	    B-   
     200    6    3    3        5786.355212	485	   1	    C   
     200    6    1    5        5682.720985	297	   3	    B-   
     200    6    2    5        5704.752228	253	   4	    B-   
     200    5    2    3        5626.945506	267	   4	    B-   
     200    6    0    6        5629.281887	315	   3	    B-   
     200    5    3    2        5695.256850	291	   3	    B-   
     200    6    1    6        5631.603583	284	   3	    B-   
     200    5    2    4        5617.314645	249	   4	    B-   
     200    7    0    7        5722.276896	348	   2	    B-   
     200    5    1    5        5552.188957	263	   4	    B-   
     200    4    2    2        5548.383448	360	   2	    B-   
     200    4    3    1        5619.940215	273	   4	    B-   
     200    4    3    2        5619.769100	347	   2	    B-   
     200    9    2    8        6048.279724	345	   2	    B-   
     200    7    2    5        5833.695697	342	   3	    B-   
     200    4    1    4        5485.519899	312	   3	    B-   
     200    3    1    2        5447.025664	252	   4	    B-   
     200    3    2    1        5486.453240	285	   3	    B-   
     200    3    3    0        5560.018780	350	   3	    B-   
     200    3    3    1        5559.994761	345	   2	    B-   
     200    8    2    7        5920.555889	303	   3	    B-   
     200    3    1    3        5431.810297	282	   3	    B-   
     200    2    1    1        5398.905095	265	   4	    B-   
     200    2    1    2        5391.281590	484	   1	    C   
     200    8    2    6        5960.982357	346	   2	    B-   
     200    2    2    0        5440.729049	484	   1	    C   
     200    2    2    1        5440.413822	484	   1	    C   
     200    2    0    2        5379.604434	344	   2	    B-   
     200    5    3    3        5694.586191	426	   2	    B-   
     200    1    1    0        5366.666541	484	   1	    C   
     200    1    0    1        5350.216650	342	   2	    B-   
     200    1    1    1        5364.126399	484	   1	    C   
     200    6    3    4        5784.411172	407	   2	    B-   
     200    0    0    0        5335.360667	484	   1	    C   
     200    4    4    1        5723.206520	487	   1	    C   
     200    4    4    0        5723.204946	487	   1	    C   
     200    3    2    2        5484.905283	484	   1	    C   
     200    8    3    6        6008.550966	413	   2	    B-   
     200    11    1    11        6214.800570	488	   1	    C   
     200    11    1    10        6339.242682	365	   2	    B-   
     200    12    0    12        6368.011815	490	   1	    C   
     200    12    1    12        6368.061402	490	   1	    C   
     200    11    2    10        6341.965511	488	   1	    C   
     002    11    2    10        8244.820020	634	   4	    B+   
     002    10    5    5        8403.732054	418	   2	    B-   
     002    7    7    0        8291.912988	307	   3	    B+   
     002    7    7    1        8291.912955	307	   3	    B+   
     002    8    6    3        8250.003535	254	   7	    A+   
     002    8    6    2        8250.003320	266	   6	    A+   
     002    10    1    10        7973.824147	332	   4	    B-   
     002    7    3    4        7787.403585	116	   10	    A+   
     002    9    5    5        8248.898723	200	   3	    B+   
     002    6    6    1        8020.948376	207	   7	    A+   
     002    6    6    0        8020.948294	255	   5	    B+   
     002    8    5    4        8110.371708	153	   7	    A+   
     002    8    5    3        8110.441465	166	   7	    A+   
     002    7    5    3        7987.443759	298	   7	    A+   
     002    9    4    6        8134.616155	348	   2	    B-   
     002    7    0    7        7619.922179	131	   9	    A+   
     002    8    4    4        7997.005298	158	   7	    A+   
     002    9    2    8        7947.950444	136	   10	    A+   
     002    4    1    3        7407.700114	112	   10	    A+   
     002    7    4    4        7871.825526	109	   11	    A+   
     002    7    4    3        7872.367621	122	   10	    A+   
     002    11    2    9        8342.653000	202	   5	    B+   
     002    6    4    2        7763.964490	165	   5	    B+   
     002    8    3    6        7902.463854	206	   7	    A+   
     002    10    3    7        8228.133088	164	   6	    A+   
     002    8    2    7        7818.508252	189	   7	    A+   
     002    9    6    4        8387.633570	277	   4	    B-   
     002    9    6    3        8387.634113	218	   6	    A+   
     002    12    5    7        8761.875257	500	   2	    B-   
     000    13    5    8        1790.999257	695	   1	    C   
     002    8    3    5        7916.946018	116	   11	    A+   
     002    7    3    5        7779.923380	120	   12	    A+   
     002    5    1    5        7447.361311	109	   9	    A+   
     002    12    4    8        8667.644599	420	   3	    B+   
     002    4    4    1        7594.594413	233	   5	    B+   
     002    11    5    7        8572.819454	235	   3	    B+   
     002    12    3    9        8603.148889	774	   1	    C   
     002    6    3    4        7672.269369	134	   10	    A+   
     002    7    2    6        7702.101891	110	   9	    A+   
     002    8    7    2        8413.528646	260	   4	    B+   
     002    8    7    1        8413.528988	258	   4	    B+   
     002    6    3    3        7675.540409	119	   11	    A+   
     002    12    2    10        8525.273673	387	   2	    B+   
     002    11    4    8        8458.641370	552	   1	    C   
     002    10    5    6        8403.055081	351	   2	    B-   
     002    4    0    4        7375.499108	113	   9	    A+   
     002    6    1    6        7527.676854	125	   9	    A+   
     002    11    3    8        8408.208136	386	   3	    B-   
     002    5    3    3        7579.811517	116	   14	    A+   
     002    5    3    2        7580.964777	111	   8	    A+   
     002    12    2    11        8411.854229	538	   1	    C   
     002    11    3    9        8355.273358	297	   3	    B-   
     002    10    4    6        8297.033748	233	   4	    B+   
     002    10    4    7        8289.110142	215	   5	    B+   
     002    9    5    4        8249.134495	139	   5	    B+   
     002    4    3    2        7502.752585	99	   12	    A+   
     002    12    0    12        8270.736994	458	   2	    B-   
     002    8    2    6        7867.363680	129	   9	    A+   
     002    10    3    8        8190.585293	262	   5	    B+   
     002    7    6    1        8127.787259	270	   4	    B+   
     002    7    6    2        8127.787322	271	   4	    B+   
     002    9    4    5        8138.369861	148	   8	    A+   
     002    10    2    8        8171.572288	257	   4	    B-   
     002    7    2    5        7736.498732	144	   8	    A+   
     002    3    3    1        7441.185537	112	   8	    A+   
     002    3    3    0        7441.228815	128	   6	    A+   
     002    5    2    4        7509.850614	131	   8	    A+   
     002    2    0    2        7274.465673	102	   11	    A+   
     002    9    3    6        8064.060572	188	   6	    A+   
     002    10    2    9        8090.132233	320	   3	    B-   
     002    10    1    9        8087.993316	307	   3	    B-   
     002    6    2    4        7621.240133	101	   11	    A+   
     002    3    1    2        7342.211023	143	   11	    A+   
     002    9    3    7        8039.497405	139	   6	    A+   
     002    9    2    7        8012.779064	136	   10	    A+   
     002    8    4    5        7995.456132	118	   10	    A+   
     002    5    2    3        7522.456698	108	   10	    A+   
     002    12    1    12        8270.747242	543	   2	    B+   
     002    6    4    3        7763.812411	128	   10	    A+   
     002    5    4    2        7671.418380	129	   10	    A+   
     002    5    4    1        7671.449318	102	   9	    A+   
     002    8    1    7        7811.859673	160	   11	    A+   
     002    4    1    4        7379.834277	107	   10	    A+   
     002    9    0    9        7843.588556	164	   5	    B+   
     002    9    1    9        7843.747979	226	   3	    B+   
     002    3    2    2        7374.270640	104	   12	    A+   
     002    5    5    1        7788.159052	255	   4	    B+   
     002    5    5    0        7788.160349	259	   5	    B+   
     002    8    0    8        7725.651536	155	   6	    A+   
     002    8    1    8        7725.980756	179	   5	    B+   
     002    6    1    5        7583.309644	126	   10	    A+   
     002    7    1    6        7691.438297	143	   6	    A+   
     002    2    2    1        7328.599567	110	   9	    A+   
     002    2    2    0        7329.039087	118	   9	    A+   
     002    3    1    3        7325.331033	85	   13	    A+   
     002    4    3    1        7503.050620	109	   10	    A+   
     002    5    1    4        7488.376271	170	   7	    A+   
     002    9    1    8        7944.079642	137	   7	    A+   
     002    11    1    10        8243.684887	485	   2	    B+   
     002    7    1    7        7620.593703	119	   7	    A+   
     002    6    2    5        7599.085749	118	   10	    A+   
     002    6    0    6        7526.353289	162	   5	    B+   
     002    2    1    2        7284.122918	89	   12	    A+   
     002    1    0    1        7244.428743	104	   9	    A+   
     002    2    1    1        7292.593953	110	   7	    A+   
     002    4    2    2        7440.768561	131	   8	    A+   
     002    5    0    5        7444.878397	129	   6	    A+   
     002    4    2    3        7434.791018	99	   12	    A+   
     002    1    1    1        7256.471955	97	   8	    A+   
     002    1    1    0        7259.297720	130	   6	    A+   
     002    3    2    1        7376.398386	104	   8	    A+   
     002    3    0    3        7318.470251	110	   8	    A+   
     002    7    5    2        7987.458626	212	   6	    A+   
     002    6    5    2        7880.063234	238	   5	    B+   
     002    6    5    1        7880.062671	269	   4	    B+   
     002    4    4    0        7594.594461	260	   5	    B+   
     002    10    0    10        7973.755589	486	   1	    C   
     002    11    5    6        8574.506889	350	   2	    B-   
     002    11    1    11        8116.176603	175	   5	    B+   
     002    11    0    11        8116.144145	194	   3	    B+   
     002    12    5    8        8758.089950	490	   2	    B+   
     002    11    4    7        8473.447689	293	   3	    B-   
     002    12    3    10        8533.132973	211	   2	    B+   
     002    14    1    14        8616.431643	691	   2	    B+   
     002    14    0    14        8616.430439	753	   2	    B+   
     002    13    2    12        8591.118966	236	   2	    B+   
     002    9    7    3        8550.413040	349	   2	    B-   
     002    9    7    2        8550.412908	491	   1	    C   
     301    3    3    0       11746.536070	1448	   1	    C   
     013    11    0    11       12804.282222	1450	   1	    C   
     013    11    1    11       12804.325067	1451	   1	    C   
     013    10    2    9       12790.709171	1450	   1	    C   
     013    10    0    10       12664.828914	1450	   1	    C   
     013    10    1    10       12664.915129	1450	   1	    C   
     013    9    3    6       12776.398834	1449	   1	    C   
     013    9    3    7       12747.604138	1449	   1	    C   
     013    8    4    4       12709.683745	1448	   1	    C   
     013    8    4    5       12707.695624	1448	   1	    C   
     013    9    2    8       12650.097324	1449	   1	    C   
     013    9    1    8       12646.431913	1449	   1	    C   
     013    9    0    9       12537.299455	1449	   1	    C   
     013    9    1    9       12537.470503	1449	   1	    C   
     013    8    3    5       12628.099494	1448	   1	    C   
     013    8    2    7       12521.738953	1066	   2	    B-   
     013    8    1    7       12515.570815	1448	   1	    C   
     013    8    0    8       12421.689167	1449	   1	    C   
     013    8    1    8       12422.018347	1416	   2	    B-   
     013    7    2    5       12445.087557	1448	   1	    C   
     013    6    4    2       12475.827252	1038	   2	    B-   
     013    6    4    3       12475.609309	1448	   1	    C   
     013    7    2    6       12406.249971	1026	   2	    B-   
     013    7    1    6       12396.123120	1031	   2	    B-   
     013    6    3    3       12384.796330	1448	   1	    C   
     013    6    2    4       12329.119381	1448	   1	    C   
     013    6    2    5       12303.899891	1096	   2	    B-   
     013    6    1    5       12288.514779	1448	   1	    C   
     013    5    3    3       12288.258058	1448	   1	    C   
     013    6    0    6       12226.194561	1448	   1	    C   
     013    4    4    0       12306.177987	1448	   1	    C   
     013    4    4    1       12306.161015	1448	   1	    C   
     013    5    2    4       12215.093254	917	   3	    B-   
     013    5    1    4       12193.676628	1448	   1	    C   
     013    4    3    1       12211.490521	1448	   1	    C   
     013    4    3    2       12211.122947	1448	   1	    C   
     013    5    1    5       12148.479085	1069	   2	    B-   
     013    4    2    2       12147.216234	1448	   1	    C   
     013    4    2    3       12140.298201	1034	   2	    B-   
     013    4    1    3       12112.810623	1165	   2	    B-   
     013    3    3    0       12149.549542	1448	   1	    C   
     013    3    3    1       12149.493860	1448	   1	    C   
     013    4    0    4       12077.801307	1027	   2	    B-   
     013    4    1    4       12082.031370	1052	   2	    B-   
     013    3    2    1       12082.391982	1024	   2	    B-   
     013    3    2    2       12079.903786	1026	   2	    B-   
     013    3    1    2       12047.002916	1448	   1	    C   
     013    3    0    3       12021.454050	1116	   2	    B-   
     013    3    1    3       12028.323876	1024	   2	    B-   
     013    6    6    0       12739.700600	1450	   1	    C   
     013    2    2    0       12034.807732	1448	   1	    C   
     013    2    2    1       12034.283381	1032	   2	    B-   
     013    2    1    1       11997.034266	1032	   2	    B-   
     013    2    1    2       11987.665157	1059	   2	    B-   
     013    5    5    0       12503.294109	1449	   1	    C   
     013    1    1    0       11963.477637	1448	   1	    C   
     013    1    0    1       11947.866737	1448	   1	    C   
     013    1    1    1       11960.346248	1448	   1	    C   
     013    7    4    4       12583.828602	1044	   2	    B-   
     013    5    4    2       12383.102764	1045	   2	    B-   
     013    7    3    5       12488.527830	1448	   1	    C   
     013    2    0    2       11977.791462	1448	   1	    C   
     013    5    4    1       12383.102916	1449	   1	    C   
     013    5    0    5       12146.121562	1448	   1	    C   
     013    6    1    6       12227.408494	1448	   1	    C   
     013    8    3    6       12611.373575	1448	   1	    C   
     013    8    2    6       12576.450081	1448	   1	    C   
     013    12    2    11       13107.799971	1450	   1	    C   
     013    5    2    3       12229.549962	1448	   1	    C   
     013    11    3    8       13122.775934	1449	   1	    C   
     101    6    4    3        6938.477101	126	   10	    A+   
     101    6    4    2        6938.579095	164	   10	    A+   
     101    5    4    2        6847.468865	132	   8	    A+   
     101    5    4    1        6847.490524	156	   8	    A+   
     101    4    4    0        6771.777834	220	   9	    A+   
     101    4    4    1        6771.773526	141	   9	    A+   
     101    6    3    3        6843.069377	105	   15	    A+   
     101    5    3    3        6749.335305	110	   13	    A+   
     101    5    3    2        6750.211938	108	   15	    A+   
     101    4    3    2        6673.340672	135	   10	    A+   
     101    4    3    1        6673.564837	116	   12	    A+   
     101    7    2    5        6896.636682	139	   11	    A+   
     101    11    0    11        7274.881428	183	   5	    B+   
     101    11    1    11        7274.947421	184	   6	    A+   
     101    5    1    5        6609.247800	101	   14	    A+   
     101    5    2    4        6674.671338	103	   15	    A+   
     101    6    2    4        6782.996752	119	   12	    A+   
     101    3    3    1        6612.625862	186	   9	    A+   
     101    3    3    0        6612.659347	136	   9	    A+   
     101    5    2    3        6685.809926	109	   12	    A+   
     101    10    0    10        7133.105192	152	   7	    A+   
     101    10    1    10        7133.239454	172	   8	    A+   
     101    4    2    3        6600.339741	110	   13	    A+   
     101    9    2    8        7109.812531	203	   8	    A+   
     101    8    1    7        6971.936743	113	   12	    A+   
     101    4    2    2        6605.550997	106	   14	    A+   
     101    9    0    9        7003.469397	158	   8	    A+   
     101    9    1    9        7003.741411	128	   9	    A+   
     101    4    1    4        6542.122892	87	   15	    A+   
     101    7    1    6        6851.579244	117	   11	    A+   
     101    3    2    2        6540.462842	105	   15	    A+   
     101    3    2    1        6542.302873	114	   12	    A+   
     101    8    2    7        6981.059125	127	   11	    A+   
     101    8    0    8        6885.971595	133	   8	    A+   
     101    8    1    8        6886.505823	133	   9	    A+   
     101    2    2    1        6495.342169	112	   11	    A+   
     101    2    2    0        6495.695728	92	   11	    A+   
     101    5    1    4        6649.317707	103	   11	    A+   
     101    3    1    3        6487.990509	93	   14	    A+   
     101    7    2    6        6865.387820	126	   11	    A+   
     101    7    0    7        6780.576678	115	   11	    A+   
     101    7    1    7        6781.603865	108	   12	    A+   
     101    4    1    3        6569.284648	110	   11	    A+   
     101    6    0    6        6687.233065	118	   12	    A+   
     101    3    1    2        6504.435730	110	   11	    A+   
     101    2    1    2        6447.098753	116	   10	    A+   
     101    6    2    5        6763.138105	107	   13	    A+   
     021    8    0    8        6927.702923	181	   6	    A+   
     021    8    1    8        6928.512903	164	   6	    A+   
     101    5    0    5        6605.885321	122	   11	    A+   
     101    2    1    1        6455.356221	116	   12	    A+   
     021    7    1    6        6903.722747	246	   6	    A+   
     101    1    1    1        6419.683331	95	   10	    A+   
     101    4    0    4        6536.593207	118	   13	    A+   
     021    7    0    7        6821.392914	168	   7	    A+   
     021    7    1    7        6822.887853	156	   6	    A+   
     101    1    1    0        6422.440018	113	   7	    A+   
     021    6    1    5        6792.377552	215	   8	    A+   
     101    6    3    4        6840.744192	103	   13	    A+   
     101    3    0    3        6479.696394	110	   9	    A+   
     021    6    0    6        6727.049083	166	   5	    B+   
     021    5    1    4        6694.908212	155	   6	    A+   
     101    2    0    2        6435.900556	99	   11	    A+   
     021    5    2    3        6740.023701	130	   8	    A+   
     021    6    3    3        6917.219373	228	   6	    A+   
     021    5    0    5        6644.635529	183	   7	    A+   
     021    6    3    4        6914.716360	391	   7	    A+   
     021    5    1    5        6649.157222	535	   5	    B+   
     101    6    1    5        6743.733653	127	   11	    A+   
     021    5    2    4        6727.972061	143	   8	    A+   
     101    1    0    1        6406.086094	170	   6	    A+   
     021    4    1    3        6612.322746	173	   6	    A+   
     021    4    0    4        6574.259061	167	   9	    A+   
     021    4    2    2        6657.482778	193	   5	    B+   
     021    5    3    2        6821.975362	138	   7	    A+   
     021    4    1    4        6581.432466	138	   6	    A+   
     021    5    3    3        6821.108487	141	   9	    A+   
     021    4    2    3        6651.898577	240	   5	    B+   
     101    0    0    0        6390.982474	188	   3	    B+   
     021    3    1    2        6545.439193	163	   6	    A+   
     021    3    2    2        6590.610687	171	   7	    A+   
     021    3    3    1        6680.846666	293	   5	    B+   
     021    2    2    0        6544.787936	148	   4	    B+   
     021    2    2    1        6544.387465	176	   3	    B+   
     021    1    1    0        6460.914606	138	   5	    B+   
     021    1    0    1        6441.349255	126	   6	    A+   
     021    1    1    1        6457.800198	162	   6	    A+   
     021    0    0    0        6425.951205	175	   3	    B+   
     021    3    1    3        6526.787600	134	   5	    B+   
     021    2    1    2        6485.492983	131	   6	    A+   
     101    8    2    6        7026.007807	130	   7	    A+   
     101    7    3    4        6952.705348	128	   14	    A+   
     021    3    2    1        6592.562986	278	   5	    B+   
     101    9    2    7        7170.214568	167	   8	    A+   
     021    4    3    2        6743.133086	200	   7	    A+   
     021    3    3    0        6680.878379	273	   4	    B+   
     101    7    3    5        6946.798800	153	   13	    A+   
     021    2    1    1        6494.812526	132	   8	    A+   
     101    6    1    6        6689.137855	120	   9	    A+   
     101    7    4    3        7045.221198	142	   10	    A+   
     021    4    4    0        6866.642031	333	   5	    B+   
     021    4    4    1        6866.642412	350	   5	    B+   
     021    5    4    2        6944.355920	215	   7	    A+   
     021    5    4    1        6944.372184	204	   8	    A+   
     021    6    4    3        7037.787619	174	   6	    A+   
     021    6    4    2        7037.881492	199	   6	    A+   
     021    3    0    3        6516.359983	164	   6	    A+   
     101    7    4    4        7044.854060	148	   9	    A+   
     021    5    5    0        7099.623948	431	   3	    B+   
     021    5    5    1        7099.624064	445	   3	    B+   
     021    6    5    1        7192.584320	306	   5	    B+   
     021    6    5    2        7192.582109	324	   5	    B+   
     021    4    3    1        6743.355139	262	   6	    A+   
     021    6    2    5        6818.485187	177	   5	    B+   
     021    6    2    4        6840.005757	285	   10	    A+   
     021    7    2    6        6923.067901	388	   5	    B+   
     021    10    0    10        7176.463795	221	   4	    B+   
     021    8    2    7        7041.327877	176	   5	    B+   
     021    7    2    5        6957.623054	1189	   4	    B+   
     021    8    1    7        7027.914762	194	   6	    A+   
     021    7    3    5        7023.810151	247	   5	    B+   
     021    7    3    4        7029.686285	261	   6	    A+   
     021    9    1    8        7164.146156	288	   4	    B+   
     101    5    5    0        6972.170483	223	   6	    A+   
     101    5    5    1        6972.171724	260	   6	    A+   
     021    8    3    6        7148.118558	178	   4	    B+   
     021    7    4    4        7146.995753	305	   5	    B+   
     021    7    4    3        7147.332977	196	   4	    B+   
     021    8    3    5        7159.925797	291	   3	    B+   
     101    6    5    2        7062.674950	185	   7	    A+   
     101    6    5    1        7062.674851	294	   7	    A+   
     210    6    2    4        7104.711366	253	   4	    B+   
     210    7    0    7        7099.203261	259	   4	    B+   
     210    7    1    7        7101.683489	187	   2	    B+   
     210    6    2    5        7086.044403	179	   3	    B+   
     101    7    5    3        7168.400249	250	   8	    A+   
     101    6    6    0        7212.958325	217	   7	    A+   
     101    6    6    1        7212.958861	242	   7	    A+   
     210    6    1    6        7009.995714	162	   5	    B+   
     210    5    1    4        6973.287891	343	   3	    B+   
     210    5    2    4        6998.255961	180	   4	    B+   
     101    7    6    1        7318.122346	281	   7	    A+   
     101    7    6    2        7318.121743	265	   7	    A+   
     210    5    0    5        6925.197486	176	   4	    B+   
     210    5    3    3        7086.840303	327	   3	    B+   
     210    4    1    3        6892.788179	121	   4	    B+   
     210    4    0    4        6856.178466	184	   3	    B+   
     210    4    1    4        6864.394680	154	   4	    B+   
     210    4    3    2        7011.772370	147	   6	    A+   
     210    3    1    2        6827.923672	178	   4	    B+   
     210    3    2    1        6866.808933	2412	   1	    C   
     210    3    0    3        6799.583166	186	   4	    B+   
     210    2    1    1        6778.988054	143	   3	    B+   
     210    2    2    0        6820.723193	137	   5	    B+   
     210    2    0    2        6756.120823	145	   2	    B-   
     210    2    1    2        6770.456806	153	   5	    B+   
     210    1    1    0        6746.229560	134	   4	    B+   
     210    1    1    1        6743.387009	239	   3	    B+   
     210    0    0    0        6711.672686	185	   2	    B+   
     210    3    2    2        6865.150286	257	   3	    B+   
     210    5    3    2        7087.538837	166	   5	    B+   
     210    4    3    1        7011.951406	423	   2	    B-   
     210    1    0    1        6726.602031	433	   2	    B+   
     210    3    1    3        6810.860048	198	   1	    C   
     210    4    2    3        6924.523710	297	   3	    B+   
     210    4    2    2        6929.250148	181	   3	    B+   
     210    5    1    5        6930.842709	342	   3	    B+   
     210    6    0    6        7006.244532	386	   3	    B+   
     210    6    1    5        7069.222092	553	   2	    B+   
     210    7    2    6        7187.550427	608	   2	    B+   
     210    6    3    4        7176.975224	232	   3	    B+   
     210    6    3    3        7178.958062	224	   3	    B+   
     210    7    3    5        7282.074976	188	   2	    B+   
     210    10    0    10        7450.092804	207	   2	    B+   
     050    7    1    6        7180.731248	200	   1	    C   
     002    0    0    0        7229.185072	226	   1	    C   
     300    6    0    6        8165.156448	200	   2	    B-   
     300    5    1    4        8125.506088	2412	   1	    C   
     300    5    2    4        8153.305177	178	   2	    B-   
     300    5    0    5        8085.448929	1228	   2	    B-   
     300    5    1    5        8089.461620	197	   2	    B-   
     300    4    1    3        8048.231065	161	   2	    B-   
     300    4    2    3        8081.292996	340	   2	    B-   
     300    4    0    4        8017.692851	200	   1	    C   
     300    4    1    4        8023.911215	234	   2	    B-   
     300    3    1    2        7985.801064	199	   2	    B-   
     300    3    2    1        8024.819529	198	   2	    B-   
     300    3    2    2        8023.354559	173	   3	    B-   
     300    3    0    3        7962.208204	286	   2	    B-   
     300    2    1    1        7938.647341	196	   2	    B-   
     300    2    0    2        7919.662338	278	   2	    B-   
     300    1    1    0        7907.058224	383	   2	    B-   
     300    1    0    1        7890.785707	2412	   1	    C   
     300    1    1    1        7904.603025	425	   2	    B-   
     300    0    0    0        7876.171252	398	   1	    C   
     300    4    4    0        8258.849832	871	   1	    C   
     300    4    4    1        8258.851406	871	   1	    C   
     300    4    3    2        8156.269578	239	   3	    B+   
     300    2    2    0        7980.017339	416	   2	    B+   
     300    2    1    2        7931.285618	638	   1	    C   
     300    3    1    3        7971.125818	198	   1	    C   
     300    4    2    2        8085.494122	293	   1	    C   
     300    6    1    6        8167.546204	198	   1	    C   
     300    7    1    7        8258.014001	427	   1	    C   
     300    7    0    7        8256.543076	2412	   1	    C   
     300    6    1    5        8216.983408	2413	   1	    C   
     300    6    2    4        8255.692493	275	   2	    B+   
     300    7    2    6        8338.491511	514	   1	    C   
     300    8    1    8        8360.684835	284	   1	    C   
     300    8    0    8        8359.947191	201	   1	    C   
     012    9    0    9        9195.871201	209	   2	    B-   
     012    9    1    9        9196.079756	257	   3	    B+   
     012    8    2    6        9232.633062	202	   1	    C   
     012    8    1    7        9172.665262	197	   2	    B-   
     012    8    2    7        9180.828786	202	   1	    C   
     012    8    0    8        9078.680087	203	   1	    C   
     012    8    1    8        9079.106545	148	   3	    B+   
     012    7    3    4        9157.878121	399	   2	    B+   
     012    7    3    5        9150.371269	199	   2	    B-   
     012    7    1    6        9051.336659	331	   3	    B+   
     012    7    2    6        9064.121046	145	   2	    B-   
     012    7    0    7        8973.529836	143	   4	    B+   
     012    7    1    7        8974.376879	149	   2	    B-   
     012    6    4    2        9144.335177	177	   2	    B-   
     012    6    4    3        9144.189952	252	   2	    B-   
     012    6    3    3        9045.444413	296	   2	    B-   
     012    6    1    5        8942.266913	161	   2	    B-   
     012    6    0    6        8880.357218	227	   3	    B-   
     012    6    1    6        8881.988558	591	   3	    B+   
     012    5    4    2        9051.375511	190	   2	    B-   
     012    5    2    3        8884.446838	231	   4	    B+   
     012    5    3    2        8950.419989	199	   1	    C   
     012    5    3    3        8949.274433	183	   4	    B+   
     012    5    1    4        8846.444555	169	   3	    B+   
     012    5    2    4        8871.252502	137	   3	    B-   
     012    5    0    5        8799.096492	136	   3	    B+   
     012    5    1    5        8802.088758	162	   2	    B-   
     012    4    4    0        8974.212137	870	   1	    C   
     012    4    4    1        8974.196176	202	   2	    B+   
     012    4    2    2        8802.140612	218	   5	    B+   
     012    4    1    3        8764.975121	204	   2	    B-   
     012    4    3    2        8871.849586	119	   5	    B+   
     012    4    2    3        8795.912997	126	   3	    B-   
     012    4    0    4        8729.763639	150	   3	    B-   
     012    4    1    4        8734.874174	189	   3	    B-   
     012    3    1    2        8698.825187	221	   3	    B+   
     012    3    2    2        8735.152447	116	   4	    B+   
     012    3    0    3        8672.662529	140	   3	    B-   
     012    2    1    1        8648.693897	130	   4	    B-   
     012    2    2    0        8689.744966	146	   2	    B-   
     012    2    2    1        8689.289570	198	   1	    C   
     012    2    0    2        8628.537900	146	   3	    B-   
     012    2    1    2        8639.547391	137	   3	    B+   
     012    1    1    0        8615.045355	198	   2	    B-   
     012    1    0    1        8598.390992	171	   3	    B+   
     012    1    1    1        8611.994607	148	   4	    B+   
     012    3    1    3        8680.598497	143	   3	    B+   
     012    6    5    1        9273.121007	487	   1	    C   
     012    6    5    2        9273.121693	487	   1	    C   
     012    5    5    0        9180.810070	191	   2	    B+   
     012    5    5    1        9180.810123	488	   1	    C   
     012    6    3    4        9042.176839	209	   1	    C   
     012    3    3    1        8809.998785	201	   1	    C   
     012    3    3    0        8810.042451	200	   1	    C   
     012    3    2    1        8737.360707	133	   4	    B+   
     012    5    4    1        9051.402686	279	   1	    C   
     012    6    2    5        8960.790066	247	   2	    B+   
     012    6    2    4        8984.087134	533	   1	    C   
     012    7    4    3        9253.218487	170	   2	    B+   
     012    10    1    10        9325.228224	361	   2	    B+   
     012    7    2    5        9100.443989	365	   2	    B+   
     012    8    4    5        9376.914681	186	   2	    B+   
     012    8    4    4        9378.396534	209	   2	    B+   
     012    8    3    6        9273.527129	283	   2	    B+   
     012    11    1    11        9466.505291	215	   2	    B+   
     012    11    0    11        9466.464121	1494	   2	    B+   
     012    9    2    8        9310.541512	177	   2	    B+   
     012    9    1    8        9305.664233	419	   1	    C   
     012    9    3    6        9436.289618	248	   1	    C   
     201    3    1    2        9116.452732	966	   1	    C   
     201    5    2    3        9294.594988	966	   1	    C   
     201    2    1    2        9060.230462	966	   1	    C   
     310    6    2    5        9615.183609	966	   1	    C   
     121    6    1    5        9473.117388	966	   1	    C   
     070    8    1    8        9618.173705	966	   1	    C   
     310    5    1    5        9458.434862	966	   1	    C   
     310    4    3    2        9540.930921	966	   1	    C   
     310    5    4    2        9727.770542	966	   1	    C   
     310    5    4    1        9727.752560	966	   1	    C   
     102    6    3    3       10354.065109	966	   1	    C   
     102    5    3    2       10261.084213	966	   1	    C   
     102    4    3    1       10184.429415	966	   1	    C   
     102    6    4    2       10443.984213	967	   1	    C   
     102    7    1    6       10364.550660	2413	   1	    C   
     102    8    0    8       10392.788689	967	   1	    C   
     102    3    2    1       10054.884494	900	   3	    B-   
     102    8    1    8       10393.252803	898	   2	    B-   
     102    2    2    1       10007.578095	966	   1	    C   
     102    7    2    6       10376.792213	966	   1	    C   
     022    8    2    7       10528.011696	967	   1	    C   
     102    4    1    3       10082.015772	966	   1	    C   
     022    6    1    6       10197.959561	966	   1	    C   
     022    7    1    6       10396.763720	707	   2	    B-   
     102    5    1    4       10162.504728	966	   1	    C   
     022    7    2    6       10411.333560	966	   1	    C   
     022    5    1    5       10118.772056	966	   1	    C   
     022    6    2    4       10331.351681	966	   1	    C   
     022    6    1    5       10287.679679	2413	   1	    C   
     022    1    1    0        9933.535970	966	   1	    C   
     102    6    1    6       10227.479405	966	   1	    C   
     102    4    2    2       10118.577379	687	   2	    B-   
     022    4    0    4       10046.755757	693	   2	    B-   
     102    5    2    4       10186.788528	966	   1	    C   
     022    4    1    4       10052.206798	745	   2	    B-   
     022    5    1    4       10192.106928	966	   1	    C   
     102    5    3    3       10260.065806	966	   1	    C   
     102    3    1    2       10045.223516	966	   1	    C   
     022    3    3    0       10163.504490	909	   2	    B-   
     102    2    0    2        9975.702746	966	   1	    C   
     102    5    1    5       10148.073088	966	   1	    C   
     102    2    1    2        9986.636846	966	   1	    C   
     102    0    0    0        9930.723962	966	   1	    C   
     022    2    2    1       10037.293731	966	   1	    C   
     022    2    2    0       10037.737070	966	   1	    C   
     022    3    3    1       10163.439695	2413	   1	    C   
     102    6    2    4       10297.077428	2412	   1	    C   
     022    3    1    3        9998.438193	740	   2	    B-   
     022    5    4    2       10415.859187	966	   1	    C   
     022    7    1    7       10289.488681	966	   1	    C   
     022    7    0    7       10288.564156	966	   1	    C   
     102    4    0    4       10076.100363	966	   1	    C   
     022    4    2    3       10143.553030	966	   1	    C   
     022    5    3    2       10304.014042	966	   1	    C   
     102    7    0    7       10318.413156	966	   1	    C   
     102    10    1    9       10757.203096	967	   1	    C   
     102    12    0    12       10928.951914	969	   1	    C   
     102    12    1    12       10929.038129	969	   1	    C   
     022    7    3    4       10511.656059	966	   1	    C   
     102    4    4    0       10277.655121	966	   1	    C   
     102    4    4    1       10277.683695	966	   1	    C   
     022    9    2    7       10728.517857	966	   1	    C   
     400    5    3    2       10677.606959	966	   1	    C   
     400    6    0    6       10612.386961	966	   1	    C   
     400    4    2    3       10529.530872	966	   1	    C   
     003    8    2    7       11182.210602	820	   2	    B-   
     003    4    4    0       10951.178709	967	   1	    C   
     003    4    4    1       10951.178843	968	   1	    C   
     400    6    1    6       10615.035851	966	   1	    C   
     003    7    5    2       11334.769323	967	   1	    C   
     003    7    5    3       11334.737633	967	   1	    C   
     003    7    4    4       11227.418894	966	   1	    C   
     003    8    1    7       11177.336496	967	   1	    C   
     003    7    3    4       11150.489978	2413	   1	    C   
     003    3    2    2       10741.955449	632	   3	    B-   
     003    5    4    1       11027.774947	2412	   1	    C   
     003    8    1    8       11091.350189	967	   1	    C   
     003    8    0    8       11091.132514	864	   2	    B-   
     003    6    3    4       11034.412515	694	   4	    B-   
     003    9    1    9       11207.635715	967	   1	    C   
     003    7    0    7       10986.828848	966	   1	    C   
     003    7    1    7       10987.317648	966	   1	    C   
     003    5    3    3       10942.394458	966	   1	    C   
     003    4    1    3       10777.924375	554	   5	    B-   
     003    5    2    4       10876.570981	966	   1	    C   
     003    3    1    2       10712.807889	1068	   3	    B-   
     003    5    1    4       10857.973172	805	   2	    B-   
     003    2    1    2       10654.717782	897	   2	    B-   
     003    2    1    1       10663.390232	662	   3	    B-   
     003    5    1    5       10816.208618	566	   3	    B-   
     003    5    0    5       10814.249302	606	   3	    B-   
     003    3    3    0       10804.424081	687	   2	    B-   
     003    6    0    6       10894.566666	690	   2	    B-   
     003    5    5    0       11136.371309	967	   1	    C   
     003    5    5    1       11136.371443	968	   1	    C   
     003    3    0    3       10689.569274	568	   3	    B-   
     003    4    1    4       10749.454620	923	   3	    B-   
     003    4    2    3       10802.079988	966	   1	    C   
     003    3    1    3       10695.520345	720	   3	    B-   
     003    2    2    0       10697.046251	741	   2	    B-   
     003    2    2    1       10696.552017	592	   3	    B-   
     003    2    0    2       10646.027146	966	   1	    C   
     003    1    1    0       10630.197137	2412	   1	    C   
     003    1    1    1       10627.308898	572	   3	    B-   
     003    4    3    2       10865.670554	722	   3	    B-   
     003    3    3    1       10804.370895	966	   1	    C   
     003    1    0    1       10616.227339	966	   1	    C   
     003    3    2    1       10744.334462	763	   2	    B-   
     003    4    2    2       10808.686408	704	   3	    B-   
     003    5    2    3       10890.376060	724	   2	    B-   
     003    6    2    4       10988.933831	741	   2	    B-   
     003    4    3    1       10866.043414	974	   2	    B-   
     003    6    3    3       11038.374306	966	   1	    C   
     003    6    4    2       11119.962587	966	   1	    C   
     003    8    4    4       11352.637378	966	   1	    C   
     003    4    0    4       10745.857046	966	   1	    C   
     003    6    1    5       10951.910456	966	   1	    C   
     003    5    3    2       10943.812842	966	   1	    C   
     003    6    1    6       10895.555894	966	   1	    C   
     003    6    2    5       10965.217972	966	   1	    C   
     003    7    2    6       11067.111281	966	   1	    C   
     003    9    0    9       11207.511319	966	   1	    C   
     003    8    3    5       11280.090130	966	   1	    C   
     003    7    2    5       11103.704406	966	   1	    C   
     003    9    3    7       11399.201385	966	   1	    C   
     003    10    0    10       11335.974967	967	   1	    C   
     003    8    2    6       11233.666681	966	   1	    C   
     040    4    4    0        5998.367032	967	   1	    C   
     040    4    4    1        5998.368606	967	   1	    C   
     040    6    3    3        6004.132991	667	   1	    C   
     040    7    3    5        6112.475958	356	   1	    C   
     040    5    5    0        6289.238689	967	   1	    C   
     040    5    5    1        6289.238823	968	   1	    C   
     040    9    3    6        6392.343168	295	   1	    C   
     101    7    7    0        7493.131427	702	   4	    B+   
     101    7    7    1        7493.131477	697	   4	    B+   
     101    8    6    2        7438.396553	269	   5	    B+   
     101    8    6    3        7438.399437	346	   6	    A+   
     101    7    5    2        7168.406278	223	   9	    A+   
     101    9    4    5        7306.328520	183	   6	    A+   
     101    8    4    5        7166.628743	206	   8	    A+   
     101    8    4    4        7167.676970	218	   7	    A+   
     101    9    3    7        7203.484052	173	   10	    A+   
     101    8    3    6        7067.896563	147	   9	    A+   
     101    9    3    6        7223.807932	207	   5	    B+   
     101    8    3    5        7079.581752	151	   8	    A+   
     101    13    1    12        7749.958144	604	   3	    B+   
     101    10    2    8        7328.231454	189	   6	    A+   
     101    13    0    13        7594.801305	290	   2	    B+   
     101    13    1    13        7594.816485	273	   3	    B+   
     101    12    2    11        7571.845604	437	   4	    B+   
     101    12    0    12        7428.786753	231	   3	    B+   
     101    12    1    12        7428.818725	238	   2	    B+   
     101    11    1    10        7403.571067	198	   5	    B+   
     101    11    2    10        7405.420770	251	   7	    A+   
     101    8    5    3        7289.440140	321	   5	    B+   
     101    10    1    9        7248.050517	180	   6	    A+   
     101    10    3    8        7353.178801	164	   8	    A+   
     101    10    2    9        7251.348176	155	   9	    A+   
     021    10    1    10        7176.684378	189	   4	    B+   
     021    10    2    9        7317.409503	187	   4	    B+   
     021    9    2    7        7240.854603	190	   5	    B+   
     021    9    0    9        7046.045014	179	   4	    B+   
     021    9    1    9        7046.472701	248	   5	    B+   
     021    8    4    5        7271.994679	227	   5	    B+   
     021    9    4    6        7412.745667	263	   3	    B+   
     021    9    6    4        7748.138270	969	   1	    C   
     021    9    6    3        7748.136699	969	   1	    C   
     021    7    7    1        7697.691762	490	   2	    B+   
     021    7    7    0        7697.691801	491	   2	    B+   
     210    8    2    6        7346.183866	437	   2	    B+   
     021    11    1    11        7319.088027	186	   4	    B+   
     021    11    0    11        7318.972780	179	   4	    B+   
     210    7    3    4        7286.792239	198	   2	    B+   
     021    10    2    8        7404.587912	202	   1	    C   
     101    8    5    4        7289.394991	181	   6	    A+   
     101    10    5    6        7577.463433	196	   5	    B+   
     210    3    3    1        6951.808670	217	   3	    B+   
     210    3    3    0        6951.834743	176	   3	    B+   
     210    5    4    2        7202.318137	1448	   1	    C   
     210    5    4    1        7202.322950	209	   2	    B+   
     210    4    4    0        7127.571602	967	   1	    C   
     210    4    4    1        7127.573176	967	   1	    C   
     210    5    5    0        7348.103496	728	   2	    B+   
     210    5    5    1        7348.104350	773	   2	    B+   
     050    2    2    1        6848.867511	212	   1	    C   
     050    2    2    0        6849.085950	696	   1	    C   
     210    6    6    0        7612.200000	969	   1	    C   
     210    6    6    1        7612.200268	968	   1	    C   
     210    7    7    1        7918.396440	970	   1	    C   
     210    7    7    0        7918.396479	971	   1	    C   
     050    5    1    4        6950.410346	256	   1	    C   
     050    3    2    2        6895.268830	1448	   1	    C   
     050    4    2    3        6956.933720	278	   1	    C   
     210    8    0    8        7204.112464	478	   2	    B+   
     050    4    2    2        6962.490332	198	   1	    C   
     210    8    1    7        7285.594278	516	   2	    B+   
     210    8    2    7        7302.450231	238	   2	    B+   
     210    10    1    10        7451.045109	202	   1	    C   
     210    8    3    6        7401.938485	298	   2	    B+   
     210    8    5    4        7661.143574	200	   1	    C   
     210    8    5    3        7661.169474	200	   1	    C   
     210    11    2    9        7819.498733	207	   1	    C   
     210    10    4    7        7803.219124	276	   1	    C   
     002    12    1    11        8411.269054	287	   1	    C   
     002    13    3    10        8811.683998	329	   1	    C   
     002    8    8    1        8599.941710	970	   1	    C   
     002    8    8    0        8599.941749	971	   1	    C   
     002    10    6    5        8540.712891	206	   1	    C   
     002    10    6    4        8540.742219	209	   1	    C   
     002    11    6    5        8709.381883	215	   1	    C   
     031    6    2    4        8185.656701	1448	   1	    C   
     111    5    0    5        7991.784806	236	   1	    C   
     111    5    1    5        7996.535117	777	   2	    B-   
     031    3    1    2        7846.742182	2412	   1	    C   
     300    10    0    10        8602.151464	1450	   1	    C   
     031    5    2    4        8076.688641	404	   1	    C   
     031    2    0    2        7770.487607	207	   1	    C   
     111    4    1    4        7929.231764	504	   1	    C   
     031    3    2    1        7941.679233	312	   1	    C   
     111    2    0    2        7820.106773	242	   1	    C   
     031    2    2    1        7893.865727	1051	   2	    B-   
     300    6    4    2        8419.863021	224	   1	    C   
     111    1    1    0        7809.501567	1448	   1	    C   
     111    1    0    1        7789.972567	965	   1	    C   
     300    5    2    3        8162.435256	218	   1	    C   
     300    4    3    1        8156.429536	270	   2	    B-   
     031    5    2    3        8087.868172	355	   1	    C   
     111    4    2    3        7955.597068	321	   1	    C   
     111    2    1    2        7833.942788	207	   1	    C   
     300    3    3    0        8097.704762	2412	   1	    C   
     111    3    1    2        7893.181987	966	   1	    C   
     031    4    4    1        8236.534776	1449	   1	    C   
     031    4    4    0        8236.533202	1449	   1	    C   
     031    5    4    1        8314.516675	338	   1	    C   
     300    6    5    1        8549.632713	993	   2	    B-   
     300    6    5    2        8549.632599	999	   2	    B-   
     111    6    0    6        8073.741731	242	   1	    C   
     300    5    3    2        8230.247242	198	   1	    C   
     111    7    2    5        8257.030076	456	   1	    C   
     300    7    3    5        8420.422088	227	   1	    C   
     300    9    0    9        8475.104288	1448	   1	    C   
     300    9    1    9        8475.497488	214	   1	    C   
     300    8    2    6        8489.745831	228	   1	    C   
     300    9    3    6        8684.381428	215	   1	    C   
     012    4    3    1        8872.136995	2413	   1	    C   
     012    10    3    7        9601.682444	492	   1	    C   
     012    8    3    5        9288.173574	967	   1	    C   
     012    7    6    1        9535.734690	968	   1	    C   
     012    7    6    2        9535.734659	968	   1	    C   
     012    7    5    2        9380.976674	966	   1	    C   
     012    7    5    3        9380.984174	966	   1	    C   
     012    10    5    6        9798.394679	209	   1	    C   
     012    12    1    11        9774.074836	219	   1	    C   
     012    10    2    8        9540.030842	1448	   1	    C   
     101    9    6    4        7573.821322	453	   2	    B-   
     101    9    6    3        7573.823787	367	   2	    B-   
     101    10    5    5        7577.830437	367	   3	    B-   
     101    9    5    5        7425.723553	332	   5	    B-   
     101    9    5    4        7425.867189	305	   3	    B-   
     101    11    4    7        7634.199859	1273	   2	    B-   
     101    10    4    7        7455.973786	287	   4	    B-   
     101    10    4    6        7461.671838	307	   5	    B-   
     101    9    4    6        7303.641850	267	   5	    B-   
     101    11    3    8        7562.517456	577	   2	    B-   
     101    10    3    7        7385.028058	309	   5	    B-   
     101    15    0    15        7963.026664	859	   1	    C   
     101    15    1    15        7963.026664	859	   1	    C   
     101    12    2    10        7681.600009	580	   1	    C   
     101    14    0    14        7772.886399	861	   2	    B-   
     101    14    1    14        7772.890775	507	   2	    B-   
     101    13    2    12        7750.488457	420	   2	    B-   
     101    11    2    9        7498.987271	309	   3	    B-   
     101    12    3    10        7693.246246	476	   2	    B-   
     101    11    3    9        7516.573313	329	   3	    B-   
     021    7    6    2        7485.455840	347	   3	    B-   
     021    7    6    1        7485.455964	355	   3	    B-   
     021    7    5    3        7301.159298	326	   4	    B-   
     021    6    6    1        7377.414116	293	   3	    B-   
     021    6    6    0        7377.414022	292	   3	    B-   
     101    9    1    8        7104.176921	230	   6	    A-   
     021    12    0    12        7473.576344	530	   2	    B-   
     021    12    1    12        7473.640110	510	   1	    C   
     101    12    1    11        7570.838637	398	   2	    B-   
     021    12    2    10        7771.752721	571	   1	    C   
     021    8    2    6        7091.463484	787	   2	    B-   
     021    11    1    10        7471.401392	652	   2	    B-   
     021    11    2    9        7582.016403	506	   1	    C   
     021    11    3    8        7657.665368	538	   1	    C   
     021    10    1    9        7312.000393	351	   2	    B-   
     021    10    3    7        7474.391754	497	   1	    C   
     101    12    3    9        7755.335851	535	   1	    C   
     021    10    3    8        7441.214197	354	   3	    B-   
     021    9    2    8        7172.888024	488	   1	    C   
     021    9    3    6        7308.304879	493	   3	    B-   
     021    9    3    7        7287.064616	347	   2	    B-   
     021    9    4    5        7415.133566	451	   2	    B-   
     021    2    0    2        6471.742003	277	   4	    B-   
     021    10    5    5        7721.315000	353	   2	    B-   
     021    6    1    6        6729.715666	279	   4	    B-   
     021    8    4    4        7272.966742	286	   3	    B-   
     021    9    5    4        7565.465432	353	   2	    B-   
     021    9    5    5        7565.347307	356	   2	    B-   
     021    8    5    3        7425.439871	488	   1	    C   
     021    8    5    4        7425.405599	489	   1	    C   
     021    7    5    2        7301.166532	377	   3	    B-   
     021    8    6    3        7609.000049	492	   1	    C   
     021    8    6    2        7609.001620	491	   1	    C   
     101    13    4    9        8031.417689	774	   1	    C   
     101    12    4    8        7824.147468	538	   1	    C   
     101    11    4    8        7623.258535	494	   1	    C   
     101    11    5    6        7745.550843	504	   1	    C   
     101    13    5    9        8124.296942	663	   1	    C   
     101    12    5    8        7926.728770	552	   1	    C   
     101    11    5    7        7744.367646	496	   1	    C   
     210    6    4    2        7292.234694	485	   1	    C   
     101    13    3    11        7882.818229	538	   1	    C   
     021    11    5    7        7892.423557	500	   1	    C   
     101    10    6    4        7724.463066	489	   1	    C   
     210    11    1    10        7720.356231	497	   1	    C   
     210    11    3    9        7847.118869	508	   1	    C   
     210    10    2    8        7648.115886	493	   1	    C   
     210    7    2    5        7217.491171	453	   2	    B-   
     210    10    1    9        7564.553436	494	   1	    C   
     050    9    0    9        7290.597455	488	   1	    C   
     210    10    3    8        7684.808835	494	   1	    C   
     210    10    2    9        7571.072671	492	   1	    C   
     210    9    2    7        7489.964333	488	   1	    C   
     210    5    2    3        7008.534132	475	   2	    B-   
     050    8    1    8        7176.453189	486	   1	    C   
     210    9    2    8        7430.395424	488	   1	    C   
     210    9    3    7        7536.297838	488	   1	    C   
     210    9    4    5        7654.583022	487	   1	    C   
     210    9    0    9        7321.055755	488	   1	    C   
     210    8    3    5        7411.517294	486	   1	    C   
     210    9    1    9        7322.218803	488	   1	    C   
     210    7    1    6        7161.942713	486	   1	    C   
     210    8    1    8        7205.786267	487	   1	    C   
     021    11    2    10        7474.611824	488	   1	    C   
     050    5    1    5        6898.323681	485	   1	    C   
     210    7    4    3        7397.412111	485	   1	    C   
     021    12    2    11        7644.266071	492	   1	    C   
     050    4    1    3        6866.246988	485	   1	    C   