16.431300	3000	000	2	0	2	000	1	1	1	76FlGi.1
16.730300	3000	000	1	1	0	000	1	0	1	76FlGi.2
19.759500	3000	000	2	1	1	000	2	0	2	76FlGi.3
21.220000	3000	000	7	2	6	000	6	3	3	76FlGi.4
-24.871300	3000	000	3	1	2	000	3	0	3	76FlGi.5
26.605000	3000	000	4	1	3	000	4	1	4	76FlGi.6
27.996300	3000	000	4	1	3	000	3	2	2	76FlGi.7
28.134500	3000	000	2	1	2	000	1	1	1	76FlGi.8
29.460500	3000	000	1	1	1	000	0	0	0	76FlGi.9
30.477300	3000	000	2	0	2	000	1	0	1	76FlGi.10
30.780000	3000	000	6	2	4	000	5	3	3	76FlGi.11
32.625000	3000	000	4	1	3	000	4	0	4	76FlGi.12
33.173300	3000	000	3	0	3	000	2	1	2	76FlGi.13
33.491500	3000	000	2	1	1	000	1	1	0	76FlGi.14
38.151700	3000	000	4	2	2	000	4	1	3	76FlGi.15
38.151700	3000	000	5	2	3	000	5	1	4	76FlGi.16
39.862300	3000	000	3	2	1	000	3	1	2	76FlGi.17
0.196882	3.3	000	4	3	1	000	4	3	2	78Lovas.1
0.301282	6.7	000	7	4	3	000	7	4	4	78Lovas.2
0.316122	6.7	000	10	5	5	000	10	5	6	78Lovas.3
0.317773	6.7	000	3	2	1	000	4	1	4	78Lovas.4
0.348861	6.7	000	2	2	0	000	2	2	1	78Lovas.5
0.758298	6.7	000	7	1	7	000	6	2	4	78Lovas.6
0.769874	3.3	000	5	3	2	000	5	3	3	78Lovas.7
0.807839	6.7	000	11	5	6	000	11	5	7	78Lovas.8
0.873833	3.3	000	8	4	4	000	8	4	5	78Lovas.9
1.263870	3.3	000	4	3	1	000	5	2	4	78Lovas.10
1.704101	3.3	000	3	2	1	000	3	2	2	78Lovas.11
1.856582	3.3	000	12	5	7	000	12	5	8	78Lovas.12
2.165121	3.3	000	9	4	5	000	9	4	6	78Lovas.13
2.221601	3.3	000	6	3	3	000	6	3	4	78Lovas.14
2.474622	3.3	000	6	0	6	000	5	2	3	78Lovas.15
2.689070	3.3	000	1	1	0	000	1	1	1	78Lovas.16
4.042328	5.0	000	7	3	5	000	6	4	2	78Lovas.17
4.243762	5.0	000	5	1	5	000	4	2	2	78Lovas.18
4.662847	5.0	000	6	1	6	000	5	2	3	78Lovas.19
4.721610	5.0	000	10	4	6	000	10	4	7	78Lovas.20
4.869530	5.0	000	4	2	2	000	4	2	3	78Lovas.21
5.219555	5.0	000	7	3	4	000	7	3	5	78Lovas.22
7.084083	6.7	000	7	5	3	000	8	4	4	78Lovas.23
7.223433	6.7	000	7	2	5	000	8	1	8	78Lovas.24
7.965417	6.7	000	7	5	2	000	8	4	5	78Lovas.25
8.034624	6.7	000	3	1	2	000	2	2	1	78Lovas.26
8.061589	6.7	000	2	1	1	000	2	1	2	78Lovas.27
24.899800	200	000	3	1	2	000	3	0	3	85Johns.1
27.995800	200	000	4	1	3	000	3	2	2	85Johns.2
29.459700	200	000	1	1	1	000	0	0	0	85Johns.3
32.630090	200	000	4	1	3	000	4	0	4	85Johns.4
33.167890	200	000	3	0	3	000	2	1	2	85Johns.5
38.151830	200	000	5	2	3	000	5	1	4	85Johns.6
40.551510	200	000	6	2	4	000	6	1	5	85Johns.7
41.989720	200	000	3	1	3	000	2	1	2	85Johns.8
43.129060	200	000	5	1	4	000	5	0	5	85Johns.9
44.866890	200	000	3	0	3	000	2	0	2	85Johns.10
45.860750	200	000	7	2	5	000	7	1	6	85Johns.11
46.191540	200	000	3	2	2	000	2	2	1	85Johns.12
47.546930	200	000	3	2	1	000	2	2	0	85Johns.13
48.483280	200	000	5	1	4	000	4	2	3	85Johns.14
49.600760	200	000	4	0	4	000	3	1	3	85Johns.15
50.006070	200	000	3	1	2	000	2	1	1	85Johns.16
53.437750	200	000	7	2	5	000	6	3	4	85Johns.17
54.342770	200	000	8	2	6	000	8	1	7	85Johns.18
55.621240	200	000	4	1	4	000	3	1	3	85Johns.19
56.044640	200	000	6	1	5	000	6	0	6	85Johns.20
56.796600	200	000	9	3	6	000	9	2	7	85Johns.21
57.548780	200	000	8	3	5	000	8	2	6	85Johns.22
58.422450	200	000	4	0	4	000	3	0	3	85Johns.23
60.548730	200	000	7	3	4	000	7	2	5	85Johns.24
61.287770	200	000	4	2	3	000	3	2	2	85Johns.25
62.107170	200	000	4	3	2	000	3	3	1	85Johns.26
64.443100	200	000	4	1	4	000	3	0	3	85Johns.27
64.453160	200	000	4	2	2	000	3	2	1	85Johns.28
64.767920	200	000	6	3	3	000	6	2	4	85Johns.29
65.255770	200	000	5	0	5	000	4	1	4	85Johns.30
65.873740	200	000	9	2	7	000	9	1	8	85Johns.31
66.152970	200	000	4	1	3	000	3	1	2	85Johns.32
67.019180	200	000	5	2	4	000	5	1	5	85Johns.33
69.021940	200	000	6	1	5	000	5	2	4	85Johns.34
69.069640	200	000	5	3	2	000	5	2	3	85Johns.35
70.574830	200	000	7	1	6	000	7	0	7	85Johns.36
71.276160	200	000	5	0	5	000	4	0	4	85Johns.37
75.035130	200	000	5	1	5	000	4	0	4	85Johns.38
75.511410	200	000	6	2	5	000	6	1	6	85Johns.39
76.132600	200	000	5	2	4	000	4	2	3	85Johns.40
76.921780	200	000	8	2	6	000	7	3	5	85Johns.41
77.461680	200	000	5	4	2	000	4	4	1	85Johns.42
77.735290	200	000	5	3	3	000	4	3	2	85Johns.43
78.308440	200	000	5	3	2	000	4	3	1	85Johns.44
78.802500	200	000	5	3	3	000	5	2	4	85Johns.45
79.996300	200	000	6	0	6	000	5	1	5	85Johns.46
81.443060	200	000	6	3	4	000	6	2	5	85Johns.47
81.775200	200	000	5	1	4	000	4	1	3	85Johns.48
82.184830	200	000	6	1	6	000	5	1	5	85Johns.49
83.755590	200	000	6	0	6	000	5	0	5	85Johns.50
85.230120	200	000	7	2	6	000	7	1	7	85Johns.51
85.324320	200	000	7	3	5	000	7	2	6	85Johns.52
85.777310	200	000	8	1	7	000	8	0	8	85Johns.53
85.943670	200	000	6	1	6	000	5	0	5	85Johns.54
89.019410	200	000	7	1	6	000	6	2	5	85Johns.55
90.213040	200	000	9	4	5	000	9	3	6	85Johns.56
90.573530	200	000	8	3	6	000	8	2	7	85Johns.57
90.676270	200	000	6	2	5	000	5	2	4	85Johns.58
92.643730	200	000	6	5	1	000	5	5	0	85Johns.59
92.643730	200	000	6	5	2	000	5	5	1	85Johns.60
93.112160	200	000	6	4	3	000	5	4	2	85Johns.61
93.179170	200	000	6	4	2	000	5	4	1	85Johns.62
93.316870	200	000	6	3	4	000	5	3	3	85Johns.63
94.768820	200	000	6	3	3	000	5	3	2	85Johns.64
95.166240	200	000	7	1	7	000	6	1	6	85Johns.65
95.634440	200	000	8	4	4	000	8	3	5	85Johns.66
95.974600	200	000	8	2	7	000	8	1	8	85Johns.67
96.144000	200	000	7	0	7	000	6	0	6	85Johns.68
96.670770	200	000	6	1	5	000	5	1	4	85Johns.69
97.227810	200	000	9	3	7	000	9	2	8	85Johns.70
97.354490	200	000	7	1	7	000	6	0	6	85Johns.71
99.070750	200	000	6	2	4	000	5	2	3	85Johns.72
99.444630	200	000	4	2	3	000	3	1	2	85Johns.73
99.771240	200	000	7	4	3	000	7	3	4	85Johns.74
100.626160	200	000	9	2	7	000	8	3	6	85Johns.75
100.906430	200	000	9	1	8	000	9	0	9	85Johns.76
102.502720	200	000	6	4	2	000	6	3	3	85Johns.77
104.092230	200	000	5	4	1	000	5	3	2	85Johns.78
104.640050	200	000	6	4	3	000	6	3	4	85Johns.79
104.689340	200	000	7	4	4	000	7	3	5	85Johns.80
104.844700	200	000	5	4	2	000	5	3	3	85Johns.81
104.885370	200	000	7	2	6	000	6	2	5	85Johns.82
105.235400	200	000	8	4	5	000	8	3	6	85Johns.83
106.546410	200	000	9	4	6	000	9	3	7	85Johns.84
107.355920	200	000	8	0	8	000	7	1	7	85Johns.85
107.514660	200	000	9	2	8	000	9	1	9	85Johns.86
107.674030	200	000	7	6	1	000	6	6	0	85Johns.87
107.674030	200	000	7	6	2	000	6	6	1	85Johns.88
107.902910	200	000	8	1	7	000	7	2	6	85Johns.89
108.001690	200	000	8	1	8	000	7	1	7	85Johns.90
108.201350	200	000	7	5	3	000	6	5	2	85Johns.91
108.209290	200	000	7	5	2	000	6	5	1	85Johns.92
108.566330	200	000	8	0	8	000	7	0	7	85Johns.93
108.815800	200	000	7	4	4	000	6	4	3	85Johns.94
109.033150	200	000	7	4	3	000	6	4	2	85Johns.95
109.212330	200	000	8	1	8	000	7	0	7	85Johns.96
109.424110	200	000	5	2	4	000	4	1	3	85Johns.97
110.674270	200	000	7	1	6	000	6	1	5	85Johns.98
111.764720	200	000	7	3	4	000	6	3	3	85Johns.99
115.983500	200	000	7	2	5	000	6	2	4	85Johns.100
118.325640	200	000	6	2	5	000	5	1	4	85Johns.101
118.746150	200	000	8	2	7	000	7	2	6	85Johns.102
120.392990	200	000	4	2	2	000	3	1	3	85Johns.103
120.392990	200	000	9	0	9	000	8	1	8	85Johns.104
120.729830	200	000	9	1	9	000	8	1	8	85Johns.105
121.375730	200	000	9	1	9	000	8	0	8	85Johns.106
123.128990	200	000	8	6	2	000	7	6	1	85Johns.107
123.128990	200	000	8	6	3	000	7	6	2	85Johns.108
123.768990	200	000	8	1	7	000	7	1	6	85Johns.109
123.806480	200	000	8	5	4	000	7	5	3	85Johns.110
123.830720	200	000	8	5	3	000	7	5	2	85Johns.111
123.995300	200	000	8	3	6	000	7	3	5	85Johns.112
124.541650	200	000	8	4	5	000	7	4	4	85Johns.113
125.114210	200	000	8	4	4	000	7	4	3	85Johns.114
125.325900	200	000	9	1	8	000	8	2	7	85Johns.115
126.539910	200	000	7	2	6	000	6	1	5	85Johns.116
128.928790	200	000	9	5	4	000	9	4	5	85Johns.117
129.251080	200	000	8	3	5	000	7	3	4	85Johns.118
130.922270	200	000	8	5	3	000	8	4	4	85Johns.119
131.764180	200	000	8	5	4	000	8	4	5	85Johns.120
132.205760	200	000	7	5	2	000	7	4	3	85Johns.121
132.250680	200	000	8	2	6	000	7	2	5	85Johns.122
132.270060	200	000	9	2	8	000	8	2	7	85Johns.123
132.499450	200	000	7	5	3	000	7	4	4	85Johns.124
133.031500	200	000	6	5	1	000	6	4	2	85Johns.125
133.114230	200	000	6	5	2	000	6	4	3	85Johns.126
133.379660	200	000	10	1	10	000	9	1	9	85Johns.127
133.544180	200	000	10	0	10	000	9	0	9	85Johns.128
133.566430	200	000	5	5	0	000	5	4	1	85Johns.129
133.583180	200	000	5	5	1	000	5	4	2	85Johns.130
134.612010	200	000	8	2	7	000	7	1	6	85Johns.131
136.168890	200	000	9	1	8	000	8	1	7	85Johns.132
136.783000	200	000	4	3	2	000	3	2	1	85Johns.133
138.608080	200	000	9	6	3	000	8	6	2	85Johns.134
138.608080	200	000	9	6	4	000	8	6	3	85Johns.135
138.684100	200	000	4	3	1	000	3	2	2	85Johns.136
138.924590	200	000	9	3	7	000	8	3	6	85Johns.137
139.456360	200	000	9	5	5	000	8	5	4	85Johns.138
139.533220	200	000	9	5	4	000	8	5	3	85Johns.139
140.235320	200	000	9	4	6	000	8	4	5	85Johns.140
141.526550	200	000	9	4	5	000	8	4	4	85Johns.141
143.113110	200	000	9	2	8	000	8	1	7	85Johns.142
145.490550	200	000	10	2	9	000	9	2	8	85Johns.143
146.536660	200	000	5	2	3	000	4	1	4	85Johns.144
146.947950	200	000	9	3	6	000	8	3	5	85Johns.145
147.700000	200	000	9	2	7	000	8	2	6	85Johns.146
148.223320	200	000	10	1	9	000	9	1	8	85Johns.147
150.065250	200	000	5	3	3	000	4	2	2	85Johns.148
153.494980	200	000	10	3	8	000	9	3	7	85Johns.149
155.704790	200	000	5	3	2	000	4	2	3	85Johns.150
155.822630	200	000	10	4	7	000	9	4	6	85Johns.151
158.379390	200	000	10	4	6	000	9	4	5	85Johns.152
158.944940	200	000	9	6	3	000	9	5	4	85Johns.153
159.050820	200	000	9	6	4	000	9	5	5	85Johns.154
159.872680	200	000	8	6	2	000	8	5	3	85Johns.155
159.904040	200	000	8	6	3	000	8	5	4	85Johns.156
160.576380	200	000	7	6	1	000	7	5	2	85Johns.157
160.583590	200	000	7	6	2	000	7	5	3	85Johns.158
161.110000	200	000	6	6	0	000	6	5	1	85Johns.159
161.110000	200	000	6	6	1	000	6	5	2	85Johns.160
161.616560	200	000	6	3	4	000	5	2	3	85Johns.161
162.191320	200	000	10	2	8	000	9	2	7	85Johns.162
164.428310	200	000	10	3	7	000	9	3	6	85Johns.163
167.197290	200	000	4	4	1	000	3	3	0	85Johns.164
167.227720	200	000	4	4	0	000	3	3	1	85Johns.165
171.312780	200	000	7	3	5	000	6	2	4	85Johns.166
174.340940	200	000	6	3	3	000	5	2	4	85Johns.167
176.592560	200	000	6	2	4	000	5	1	5	85Johns.168
179.324740	200	000	8	3	6	000	7	2	5	85Johns.169
182.383310	200	000	5	4	2	000	4	3	1	85Johns.170
182.597460	200	000	5	4	1	000	4	3	2	85Johns.171
185.998110	200	000	9	3	7	000	8	2	6	85Johns.172
186.234700	200	000	9	7	2	000	9	6	3	85Johns.173
186.234700	200	000	9	7	3	000	9	6	4	85Johns.174
186.970300	200	000	8	7	1	000	8	6	2	85Johns.175
186.970300	200	000	8	7	2	000	8	6	3	85Johns.176
187.569550	200	000	7	7	0	000	7	6	1	85Johns.177
187.569550	200	000	7	7	1	000	7	6	2	85Johns.178
195.429330	200	000	7	3	4	000	6	2	5	85Johns.179
197.187320	200	000	6	4	3	000	5	3	2	85Johns.180
198.041280	200	000	6	4	2	000	5	3	3	85Johns.181
210.391340	200	000	7	2	5	000	6	1	6	85Johns.182
211.043920	200	000	5	5	0	000	4	4	1	85Johns.183
211.043920	200	000	5	5	1	000	4	4	0	85Johns.184
211.234820	200	000	7	4	4	000	6	3	3	85Johns.185
212.236820	200	000	9	8	1	000	9	7	2	85Johns.186
212.236820	200	000	9	8	2	000	9	7	3	85Johns.187
212.937350	200	000	8	8	0	000	8	7	1	85Johns.188
212.937350	200	000	8	8	1	000	8	7	2	85Johns.189
213.757640	200	000	7	4	3	000	6	3	4	85Johns.190
219.794750	200	000	8	3	5	000	7	2	6	85Johns.191
1125.863900	500	010	9	2	8	000	10	3	7	93Tothb.1
1128.550800	500	010	6	0	6	000	7	3	5	93Tothb.2
1128.700000	500	010	8	7	1	000	9	8	2	93Tothb.3
1142.304300	500	010	9	4	6	000	10	5	5	93Tothb.4
1142.988620	500	010	7	7	0	000	8	8	1	93Tothb.5
1144.640800	500	010	9	4	5	000	10	5	6	93Tothb.6
1144.819000	500	010	8	5	3	000	9	6	4	93Tothb.7
1148.994600	500	010	7	1	7	000	8	2	6	93Tothb.8
1149.293600	500	010	9	3	7	000	10	4	6	93Tothb.9
1149.865190	500	010	7	6	2	000	8	7	1	93Tothb.10
1153.703270	500	010	5	0	5	000	6	3	4	93Tothb.11
1156.920200	500	010	8	4	5	000	9	5	4	93Tothb.12
1157.759040	500	010	8	2	7	000	9	3	6	93Tothb.13
1157.842800	500	010	8	4	4	000	9	5	5	93Tothb.14
1159.193860	500	010	7	5	3	000	8	6	2	93Tothb.15
1159.201000	500	010	7	5	2	000	8	6	3	93Tothb.16
1164.384870	500	010	6	6	1	000	7	7	0	93Tothb.17
1166.604400	500	010	10	3	7	000	11	4	8	93Tothb.18
1166.643700	500	010	7	1	6	000	8	3	5	93Tothb.19
1168.178680	500	010	8	3	6	000	9	4	5	93Tothb.20
1171.482030	500	010	7	4	4	000	8	5	3	93Tothb.21
1171.794300	500	010	7	4	3	000	8	5	4	93Tothb.22
1172.500450	500	010	9	3	6	000	10	4	7	93Tothb.23
1173.772450	500	010	6	5	2	000	7	6	1	93Tothb.24
1175.743500	500	010	4	0	4	000	5	3	3	93Tothb.25
1180.725610	500	010	8	3	5	000	9	4	6	93Tothb.26
1185.215920	500	010	7	3	5	000	8	4	4	93Tothb.27
1185.685040	500	010	7	2	6	000	8	3	5	93Tothb.28
1186.126540	500	010	6	4	3	000	7	5	2	93Tothb.29
1186.212390	500	010	6	4	2	000	7	5	3	93Tothb.30
1186.593650	500	010	6	1	6	000	7	2	5	93Tothb.31
1188.502880	500	010	5	5	1	000	6	6	0	93Tothb.32
1191.229180	500	010	7	3	4	000	8	4	5	93Tothb.33
1200.907160	500	010	5	4	2	000	6	5	1	93Tothb.34
1200.924340	500	010	5	4	1	000	6	5	2	93Tothb.35
1201.145150	500	010	6	3	4	000	7	4	3	93Tothb.36
1203.624520	500	010	6	3	3	000	7	4	4	93Tothb.37
1207.213000	500	010	13	0	13	000	14	1	14	93Tothb.38
1207.222830	500	010	13	0	13	000	14	0	14	93Tothb.39
1207.244280	500	010	13	1	13	000	14	1	14	93Tothb.40
1207.254480	500	010	13	1	13	000	14	0	14	93Tothb.41
1209.778980	500	010	6	2	5	000	7	3	4	93Tothb.42
1213.618400	500	010	10	2	8	000	11	3	9	93Tothb.43
1215.830500	500	010	4	4	0	000	5	5	1	93Tothb.44
1216.249300	500	010	5	0	5	000	6	2	4	93Tothb.45
1216.515410	500	010	5	3	3	000	6	4	2	93Tothb.46
1217.352540	500	010	5	3	2	000	6	4	3	93Tothb.47
1217.555400	500	010	9	2	7	000	10	3	8	93Tothb.48
1219.158220	500	010	7	0	7	000	7	3	4	93Tothb.49
1220.802280	500	010	5	1	5	000	6	2	4	93Tothb.50
1220.936800	500	010	12	0	12	000	13	1	13	93Tothb.51
1220.958120	500	010	12	0	12	000	13	0	13	93Tothb.52
1220.999240	500	010	12	1	12	000	13	1	13	93Tothb.53
1221.021400	500	010	12	1	12	000	13	0	13	93Tothb.54
1222.012310	500	010	8	2	6	000	9	3	7	93Tothb.55
1224.445650	500	010	11	2	9	000	12	2	10	93Tothb.56
1227.566750	500	010	7	2	5	000	8	3	6	93Tothb.57
1230.611990	500	010	5	2	4	000	6	3	3	93Tothb.58
1231.680460	500	010	4	3	2	000	5	4	1	93Tothb.59
1231.889940	500	010	4	3	1	000	5	4	2	93Tothb.60
1231.960750	500	010	11	1	10	000	12	2	11	93Tothb.61
1233.338550	500	010	11	1	10	000	12	1	11	93Tothb.62
1234.537510	500	010	11	0	11	000	12	1	12	93Tothb.63
1234.580350	500	010	11	0	11	000	12	0	12	93Tothb.64
1234.659180	500	010	11	1	11	000	12	1	12	93Tothb.65
1234.687660	500	010	6	2	4	000	7	3	5	93Tothb.66
1234.702250	500	010	11	1	11	000	12	0	12	93Tothb.67
1235.095620	500	010	6	0	6	000	6	3	3	93Tothb.68
1235.222800	500	010	11	2	10	000	12	2	11	93Tothb.69
1235.240300	500	010	10	2	8	000	11	2	9	93Tothb.70
1235.956750	500	010	10	3	7	000	11	3	8	93Tothb.71
1236.282000	500	010	11	3	9	000	12	3	10	93Tothb.72
1236.601400	500	010	11	2	10	000	12	1	11	93Tothb.73
1242.339930	500	010	10	1	9	000	11	2	10	93Tothb.74
1243.720550	500	010	5	2	3	000	6	3	4	93Tothb.75
1244.043700	500	010	4	0	4	000	5	2	3	93Tothb.76
1244.788100	500	010	10	1	9	000	11	1	10	93Tothb.77
1246.250100	500	010	5	0	5	000	5	3	2	93Tothb.78
1246.832850	500	010	3	3	1	000	4	4	0	93Tothb.79
1246.862630	500	010	3	3	0	000	4	4	1	93Tothb.80
1247.157080	500	010	9	2	7	000	10	2	8	93Tothb.81
1247.191600	500	010	12	1	12	000	12	2	11	93Tothb.82
1247.797880	500	010	10	2	9	000	11	2	10	93Tothb.83
1247.989800	500	010	10	0	10	000	11	1	11	93Tothb.84
1248.075900	500	010	10	0	10	000	11	0	11	93Tothb.85
1248.225160	500	010	10	1	10	000	11	1	11	93Tothb.86
1248.311250	500	010	10	1	10	000	11	0	11	93Tothb.87
1248.507570	500	010	12	0	12	000	12	1	11	93Tothb.88
1249.019880	500	010	4	2	3	000	5	3	2	93Tothb.89
1249.354020	500	010	10	3	8	000	11	3	9	93Tothb.90
1250.246300	500	010	10	2	9	000	11	1	10	93Tothb.91
1251.176670	500	010	4	1	4	000	5	2	3	93Tothb.92
1251.771830	500	010	9	1	8	000	10	2	9	93Tothb.93
1251.942430	500	010	9	3	6	000	10	3	7	93Tothb.94
1253.282400	500	010	4	0	4	000	4	3	1	93Tothb.95
1254.814040	500	010	4	2	2	000	5	3	3	93Tothb.96
1255.983080	500	010	9	1	8	000	10	1	9	93Tothb.97
1258.096470	500	010	10	4	7	000	11	4	8	93Tothb.98
1260.163770	500	010	8	1	7	000	9	2	8	93Tothb.99
1260.310220	500	010	8	2	6	000	9	2	7	93Tothb.100
1260.528300	500	010	9	2	8	000	10	2	9	93Tothb.101
1261.059470	500	010	11	1	11	000	11	2	10	93Tothb.102
1261.254670	500	010	9	0	9	000	10	1	10	93Tothb.103
1261.425910	500	010	9	0	9	000	10	0	10	93Tothb.104
1261.703810	500	010	9	1	9	000	10	1	10	93Tothb.105
1261.875000	500	010	9	1	9	000	10	0	10	93Tothb.106
1262.889470	500	010	9	3	7	000	10	3	8	93Tothb.107
1263.385850	500	010	11	0	11	000	11	1	10	93Tothb.108
1264.739750	500	010	9	2	8	000	10	1	9	93Tothb.109
1265.847340	500	010	3	2	2	000	4	3	1	93Tothb.110
1267.108000	500	010	8	1	7	000	9	1	8	93Tothb.111
1267.302000	500	010	3	0	3	000	4	2	2	93Tothb.112
1267.692630	500	010	7	1	6	000	8	2	7	93Tothb.113
1267.796890	500	010	3	2	1	000	4	3	2	93Tothb.114
1268.773260	500	010	8	3	5	000	9	3	6	93Tothb.115
1270.221500	500	010	9	4	5	000	10	4	6	93Tothb.116
1270.976600	500	010	10	3	8	000	11	2	9	93Tothb.117
1272.391300	500	010	7	6	2	000	7	7	1	93Tothb.118
1272.922400	500	010	9	4	6	000	10	4	7	93Tothb.119
1273.365900	500	010	8	6	3	000	8	7	2	93Tothb.120
1273.485180	500	010	8	2	7	000	9	2	8	93Tothb.121
1274.268430	500	010	8	0	8	000	9	1	9	93Tothb.122
1274.513500	500	010	9	6	4	000	9	7	3	93Tothb.123
1274.569770	500	010	10	1	10	000	10	2	9	93Tothb.124
1274.604300	500	010	8	0	8	000	9	0	9	93Tothb.125
1274.640660	500	010	7	2	5	000	8	2	6	93Tothb.126
1274.832880	500	010	6	1	5	000	7	2	6	93Tothb.127
1275.110110	500	010	8	1	8	000	9	1	9	93Tothb.128
1275.445780	500	010	8	1	8	000	9	0	9	93Tothb.129
1276.890120	500	010	8	3	6	000	9	3	7	93Tothb.130
1277.560310	500	010	3	1	3	000	4	2	2	93Tothb.131
1278.535670	500	010	7	1	6	000	8	1	7	93Tothb.132
1278.545500	500	010	10	0	10	000	10	1	9	93Tothb.133
1280.429200	500	010	8	2	7	000	9	1	8	93Tothb.134
1281.447110	500	010	6	5	1	000	6	6	0	93Tothb.135
1281.780250	500	010	2	2	1	000	3	3	0	93Tothb.136
1282.167010	500	010	2	2	0	000	3	3	1	93Tothb.137
1282.207360	500	010	5	1	4	000	6	2	5	93Tothb.138
1282.320900	500	010	7	5	3	000	7	6	2	93Tothb.139
1282.327400	500	010	7	5	2	000	7	6	1	93Tothb.140
1283.394000	500	010	8	5	4	000	8	6	3	93Tothb.141
1283.421490	500	010	8	5	3	000	8	6	2	93Tothb.142
1284.684300	500	010	9	5	5	000	9	6	4	93Tothb.143
1284.778300	500	010	9	5	4	000	9	6	3	93Tothb.144
1285.989630	500	010	7	3	4	000	8	3	5	93Tothb.145
1286.733710	500	010	7	2	6	000	8	2	7	93Tothb.146
1286.930350	500	010	7	0	7	000	8	1	8	93Tothb.147
1287.568750	500	010	9	1	9	000	9	2	8	93Tothb.148
1287.575950	500	010	7	0	7	000	8	0	8	93Tothb.149
1288.468860	500	010	7	1	7	000	8	1	8	93Tothb.150
1288.596300	500	010	9	5	5	000	10	5	6	93Tothb.151
1289.114620	500	010	7	1	7	000	8	0	8	93Tothb.152
1290.016890	500	010	6	2	4	000	7	2	5	93Tothb.153
1290.384520	500	010	4	1	3	000	5	2	4	93Tothb.154
1290.698720	500	010	6	1	5	000	7	1	6	93Tothb.155
1291.325410	500	010	7	3	5	000	8	3	6	93Tothb.156
1291.993700	500	010	11	2	10	000	11	3	9	93Tothb.157
1292.491400	500	010	9	3	7	000	10	2	8	93Tothb.158
1293.551600	500	010	5	4	2	000	5	5	1	93Tothb.159
1294.064070	500	010	9	0	9	000	9	1	8	93Tothb.160
1294.335170	500	010	6	4	3	000	6	5	2	93Tothb.161
1294.412100	500	010	6	4	2	000	6	5	1	93Tothb.162
1295.320260	500	010	7	4	4	000	7	5	3	93Tothb.163
1295.593100	500	010	7	4	3	000	7	5	2	93Tothb.164
1297.267040	500	010	8	4	4	000	8	5	3	93Tothb.165
1297.576830	500	010	7	2	6	000	8	1	7	93Tothb.166
1297.759800	500	010	9	4	6	000	9	5	5	93Tothb.167
1299.012800	500	010	10	4	7	000	10	5	6	93Tothb.168
1299.104870	500	010	6	0	6	000	7	1	7	93Tothb.169
1299.671700	500	010	9	4	5	000	9	5	4	93Tothb.170
1299.768000	500	010	3	1	2	000	4	2	3	93Tothb.171
1299.865610	500	010	8	1	8	000	8	2	7	93Tothb.172
1300.194290	500	010	2	1	2	000	3	2	1	93Tothb.173
1300.315330	500	010	6	0	6	000	7	0	7	93Tothb.174
1300.323000	500	010	6	2	5	000	7	2	6	93Tothb.175
1301.022070	500	010	10	2	9	000	10	3	8	93Tothb.176
1301.818760	500	010	6	1	6	000	7	1	7	93Tothb.177
1302.684540	500	010	7	4	3	000	8	4	4	93Tothb.178
1303.029280	500	010	6	1	6	000	7	0	7	93Tothb.179
1303.094500	500	010	6	3	3	000	7	3	4	93Tothb.180
1303.121600	500	010	10	4	6	000	10	5	5	93Tothb.181
1303.278110	500	010	7	4	4	000	8	4	5	93Tothb.182
1303.841400	500	010	8	5	4	000	9	5	5	93Tothb.183
1303.861930	500	010	5	1	4	000	6	1	5	93Tothb.184
1305.314100	500	010	11	3	9	000	11	4	8	93Tothb.185
1306.135960	500	010	6	3	4	000	7	3	5	93Tothb.186
1306.266620	500	010	5	2	3	000	6	2	4	93Tothb.187
1308.152700	500	010	10	3	8	000	10	4	7	93Tothb.188
1308.791360	500	010	9	2	8	000	9	3	7	93Tothb.189
1309.159000	500	010	4	3	2	000	4	4	1	93Tothb.190
1309.349500	500	010	4	3	1	000	4	4	0	93Tothb.191
1309.711660	500	010	5	3	3	000	5	4	2	93Tothb.192
1309.837900	500	010	9	3	7	000	9	4	6	93Tothb.193
1309.866800	500	010	8	0	8	000	8	1	7	93Tothb.194
1310.262420	500	010	6	3	4	000	6	4	3	93Tothb.195
1310.352300	500	010	11	1	10	000	11	2	9	93Tothb.196
1310.447770	500	010	5	3	2	000	5	4	1	93Tothb.197
1310.578920	500	010	8	3	6	000	8	4	5	93Tothb.198
1310.591590	500	010	2	1	1	000	3	2	2	93Tothb.199
1310.631210	500	010	7	3	5	000	7	4	4	93Tothb.200
1310.657180	500	010	5	0	5	000	6	1	6	93Tothb.201
1310.708900	500	010	8	1	8	000	8	1	7	93Tothb.202
1311.240460	500	010	7	1	7	000	7	2	6	93Tothb.203
1312.356420	500	010	6	3	3	000	6	4	2	93Tothb.204
1312.845380	500	010	5	0	5	000	6	0	6	93Tothb.205
1314.276500	500	010	5	2	4	000	6	2	5	93Tothb.206
1315.210210	500	010	5	1	5	000	6	1	6	93Tothb.207
1315.469320	500	010	7	3	4	000	7	4	3	93Tothb.208
1316.188650	500	010	6	2	5	000	7	1	6	93Tothb.209
1317.398430	500	010	5	1	5	000	6	0	6	93Tothb.210
1318.033730	500	010	4	1	3	000	5	1	4	93Tothb.211
1318.410450	500	010	6	4	2	000	7	4	3	93Tothb.212
1318.633460	500	010	6	4	3	000	7	4	4	93Tothb.213
1318.759600	500	010	6	0	6	000	6	2	5	93Tothb.214
1319.072760	500	010	7	5	2	000	8	5	3	93Tothb.215
1319.097900	500	010	7	5	3	000	8	5	4	93Tothb.216
1319.713190	500	010	1	1	1	000	2	2	0	93Tothb.217
1319.771100	500	010	5	3	2	000	6	3	3	93Tothb.218
1320.086790	500	010	8	3	5	000	8	4	4	93Tothb.219
1320.155550	500	010	7	2	6	000	7	3	5	93Tothb.220
1321.239680	500	010	5	3	3	000	6	3	4	93Tothb.221
1321.473950	500	010	6	1	6	000	6	2	5	93Tothb.222
1321.565100	500	010	4	0	4	000	5	1	5	93Tothb.223
1321.730900	500	010	8	6	3	000	9	6	4	93Tothb.224
1322.962070	500	010	1	1	0	000	2	2	1	93Tothb.225
1323.113930	500	010	4	2	2	000	5	2	3	93Tothb.226
1323.765200	500	010	6	2	5	000	6	3	4	93Tothb.227
1325.165650	500	010	10	1	9	000	10	2	8	93Tothb.228
1325.324190	500	010	4	0	4	000	5	0	5	93Tothb.229
1325.567800	500	010	7	0	7	000	7	1	6	93Tothb.230
1326.150690	500	010	5	2	4	000	5	3	3	93Tothb.231
1326.157950	500	010	9	3	6	000	9	4	5	93Tothb.232
1327.106370	500	010	7	1	7	000	7	1	6	93Tothb.233
1327.525130	500	010	4	2	3	000	4	3	2	93Tothb.234
1328.151370	500	010	3	2	2	000	3	3	1	93Tothb.235
1328.592180	500	010	4	2	3	000	5	2	4	93Tothb.236
1328.698530	500	010	4	1	4	000	5	1	5	93Tothb.237
1329.875560	500	010	3	2	1	000	3	3	0	93Tothb.238
1330.375620	500	010	5	1	5	000	5	2	4	93Tothb.239
1330.678460	500	010	4	0	4	000	4	2	3	93Tothb.240
1332.072960	500	010	3	0	3	000	4	1	4	93Tothb.241
1332.352700	500	010	4	2	2	000	4	3	1	93Tothb.242
1332.457580	500	010	4	1	4	000	5	0	5	93Tothb.243
1333.059760	500	010	3	1	2	000	4	1	3	93Tothb.244
1333.101510	500	010	10	3	7	000	10	4	6	93Tothb.245
1333.144700	500	010	7	0	7	000	6	3	4	93Tothb.246
1333.459200	500	010	3	0	3	000	3	2	2	93Tothb.247
1333.954520	500	010	5	4	1	000	6	4	2	93Tothb.248
1334.022680	500	010	5	4	2	000	6	4	3	93Tothb.249
1334.349400	500	010	6	5	1	000	7	5	2	93Tothb.250
1334.355600	500	010	6	5	2	000	7	5	3	93Tothb.251
1334.676300	500	010	2	0	2	000	2	2	1	93Tothb.252
1335.931130	500	010	5	2	4	000	6	1	5	93Tothb.253
1335.964980	500	010	4	3	1	000	5	3	2	93Tothb.254
1336.267660	500	010	5	2	3	000	5	3	2	93Tothb.255
1336.542510	500	010	4	3	2	000	5	3	3	93Tothb.256
1336.834400	500	010	7	6	1	000	8	6	2	93Tothb.257
1337.811910	500	010	4	1	4	000	4	2	3	93Tothb.258
1338.093290	500	010	3	0	3	000	4	0	4	93Tothb.259
1338.332810	500	010	9	1	8	000	9	2	7	93Tothb.260
1340.126950	500	010	3	2	1	000	4	2	2	93Tothb.261
1340.414660	500	010	6	0	6	000	6	1	5	93Tothb.262
1342.331250	500	010	3	1	3	000	4	1	4	93Tothb.263
1342.719400	500	010	2	0	2	000	3	1	3	93Tothb.264
1343.128500	500	010	6	1	6	000	6	1	5	93Tothb.265
1343.243850	500	010	3	2	2	000	4	2	3	93Tothb.266
1343.717580	500	010	3	1	3	000	3	2	2	93Tothb.267
1346.342660	500	010	7	2	5	000	7	3	4	93Tothb.268
1347.923600	500	010	11	2	9	000	11	3	8	93Tothb.269
1348.089960	500	010	2	1	2	000	2	2	1	93Tothb.270
1348.351680	500	010	3	1	3	000	4	0	4	93Tothb.271
1348.748640	500	010	2	1	1	000	3	1	2	93Tothb.272
1348.934300	500	010	8	1	7	000	8	2	6	93Tothb.273
1349.398100	500	010	4	4	0	000	5	4	1	93Tothb.274
1349.413200	500	010	4	4	1	000	5	4	2	93Tothb.275
1349.612700	500	010	5	5	1	000	6	5	2	93Tothb.276
1350.461540	500	010	8	2	6	000	8	3	5	93Tothb.277
1351.541210	500	010	2	0	2	000	3	0	3	93Tothb.278
1351.784600	500	010	3	3	0	000	4	3	1	93Tothb.279
1351.859310	500	010	10	2	8	000	10	3	7	93Tothb.280
1352.551860	500	010	9	2	7	000	9	3	6	93Tothb.281
1353.471700	500	010	5	0	5	000	5	1	4	93Tothb.282
1354.138460	500	010	1	0	1	000	2	1	2	93Tothb.283
1356.133220	500	010	2	1	2	000	3	1	3	93Tothb.284
1356.241420	500	010	4	2	3	000	5	1	4	93Tothb.285
1356.434500	500	010	2	1	1	000	2	2	0	93Tothb.286
1356.443770	500	010	7	1	6	000	7	2	5	93Tothb.287
1358.188910	500	010	2	2	1	000	3	2	2	93Tothb.288
1359.351650	500	010	3	1	2	000	3	2	1	93Tothb.289
1360.821230	500	010	6	1	5	000	6	2	4	93Tothb.290
1361.465100	500	010	6	3	4	000	7	2	5	93Tothb.291
1361.647550	500	010	4	1	3	000	4	2	2	93Tothb.292
1362.255550	500	010	8	2	7	000	8	2	6	93Tothb.293
1362.381150	500	010	5	1	4	000	5	2	3	93Tothb.294
1363.970100	500	010	4	0	4	000	4	1	3	93Tothb.295
1364.933490	500	010	1	1	0	000	2	1	1	93Tothb.296
1364.955030	500	010	2	1	2	000	3	0	3	93Tothb.297
1365.837360	500	010	1	0	1	000	2	0	2	93Tothb.298
1366.806630	500	010	0	0	0	000	1	1	1	93Tothb.299
1370.095020	500	010	1	1	1	000	2	1	2	93Tothb.300
1371.103540	500	010	4	1	4	000	4	1	3	93Tothb.301
1371.616270	500	010	3	0	3	000	3	1	2	93Tothb.302
1375.484800	500	010	7	2	6	000	7	2	5	93Tothb.303
1376.061800	500	010	8	4	5	000	9	3	6	93Tothb.304
1376.339700	500	010	9	1	9	000	8	2	6	93Tothb.305
1376.535550	500	010	3	2	2	000	4	1	3	93Tothb.306
1376.647540	500	010	2	0	2	000	2	1	1	93Tothb.307
1380.847970	500	010	0	0	0	000	1	0	1	93Tothb.308
1381.793950	500	010	1	1	1	000	2	0	2	93Tothb.309
1381.874600	500	010	3	1	3	000	3	1	2	93Tothb.310
1383.785660	500	010	5	3	3	000	6	2	4	93Tothb.311
1386.311320	500	010	6	2	5	000	6	2	4	93Tothb.312
1386.978200	500	010	6	4	3	000	5	5	0	93Tothb.313
1387.038300	500	010	7	3	4	000	8	2	7	93Tothb.314
1387.056700	500	010	6	4	2	000	5	5	1	93Tothb.315
1387.171310	500	010	5	3	3	000	4	4	0	93Tothb.316
1388.616510	500	010	8	1	8	000	7	2	5	93Tothb.317
1389.560320	500	010	3	1	3	000	2	2	0	93Tothb.318
1389.603680	500	010	4	2	3	000	3	3	0	93Tothb.319
1390.061390	500	010	2	1	2	000	2	1	1	93Tothb.320
1393.638400	500	010	6	3	3	000	7	2	6	93Tothb.321
1394.656500	500	010	4	2	2	000	3	3	1	93Tothb.322
1395.543470	500	010	1	1	1	000	1	1	0	93Tothb.323
1396.345800	500	010	2	2	1	000	3	1	2	93Tothb.324
1397.228830	500	010	7	1	7	000	6	2	4	93Tothb.325
1397.395400	500	010	4	1	4	000	3	2	1	93Tothb.326
1397.885200	500	010	9	3	7	000	9	3	6	93Tothb.327
1399.855060	500	010	4	2	3	000	4	2	2	93Tothb.328
1401.132530	500	010	1	1	0	000	1	1	1	93Tothb.329
1401.638780	500	010	5	1	5	000	4	2	2	93Tothb.330
1402.827440	500	010	3	2	2	000	3	2	1	93Tothb.331
1403.357510	500	010	6	3	4	000	5	4	1	93Tothb.332
1403.435700	500	010	5	3	2	000	6	2	5	93Tothb.333
1403.520100	500	010	7	4	4	000	6	5	1	93Tothb.334
1403.689030	500	010	5	2	4	000	4	3	1	93Tothb.335
1403.801600	500	010	7	4	3	000	6	5	2	93Tothb.336
1404.031640	500	010	2	2	1	000	2	2	0	93Tothb.337
1404.738780	500	010	2	2	0	000	2	2	1	93Tothb.338
1404.842200	500	010	4	3	2	000	5	2	3	93Tothb.339
1404.898000	500	010	3	2	1	000	4	1	4	93Tothb.340
1405.241500	500	010	6	2	4	000	7	1	7	93Tothb.341
1405.339380	500	010	8	3	6	000	8	3	5	93Tothb.342
1405.552840	500	010	6	3	3	000	5	4	2	93Tothb.343
1406.284180	500	010	3	2	1	000	3	2	2	93Tothb.344
1406.816230	500	010	2	1	1	000	2	1	2	93Tothb.345
1407.247330	500	010	3	1	2	000	2	2	1	93Tothb.346
1409.749120	500	010	4	2	2	000	4	2	3	93Tothb.347
1410.101200	500	010	7	3	5	000	7	3	4	93Tothb.348
1411.735950	500	010	1	0	1	000	0	0	0	93Tothb.349
1412.681030	500	010	6	3	4	000	6	3	3	93Tothb.350
1412.781800	500	010	2	2	0	000	3	1	3	93Tothb.351
1412.846600	500	010	2	0	2	000	1	1	1	93Tothb.352
1413.786770	500	010	5	3	3	000	5	3	2	93Tothb.353
1414.032210	500	010	3	3	1	000	3	3	0	93Tothb.354
1414.088400	500	010	3	3	0	000	3	3	1	93Tothb.355
1414.470130	500	010	4	3	1	000	4	3	2	93Tothb.356
1415.173920	500	010	1	1	0	000	1	0	1	93Tothb.357
1415.290510	500	010	3	1	2	000	3	1	3	93Tothb.358
1415.309740	500	010	5	3	2	000	5	3	3	93Tothb.359
1415.537140	500	010	4	3	1	000	5	2	4	93Tothb.360
1415.839850	500	010	5	2	3	000	5	2	4	93Tothb.361
1416.312280	500	010	6	2	5	000	5	3	2	93Tothb.362
1417.080680	500	010	6	3	3	000	6	3	4	93Tothb.363
1418.103400	500	010	6	4	3	000	7	3	4	93Tothb.364
1418.515150	500	010	2	1	1	000	2	0	2	93Tothb.365
1420.283600	500	010	8	4	5	000	7	5	2	93Tothb.366
1420.460120	500	010	7	3	4	000	7	3	5	93Tothb.367
1421.105270	500	010	8	4	4	000	7	5	3	93Tothb.368
1423.384900	500	010	9	5	4	000	8	6	3	93Tothb.369
1423.401400	500	010	6	4	2	000	7	3	5	93Tothb.370
1424.112400	500	010	3	1	2	000	3	0	3	93Tothb.371
1424.283800	500	010	3	3	1	000	4	2	2	93Tothb.372
1424.586600	500	010	7	3	4	000	6	4	3	93Tothb.373
1424.897200	500	010	6	2	4	000	6	2	5	93Tothb.374
1426.196500	500	010	8	3	5	000	8	3	6	93Tothb.375
1426.260420	500	010	2	1	2	000	1	1	1	93Tothb.376
1426.418460	500	010	4	1	3	000	4	1	4	93Tothb.377
1426.580010	500	010	9	4	6	000	9	4	5	93Tothb.378
1426.700590	500	010	7	2	6	000	6	3	3	93Tothb.379
1426.874200	500	010	4	4	1	000	4	4	0	93Tothb.380
1426.888080	500	010	2	0	2	000	1	0	1	93Tothb.381
1427.117910	500	010	5	4	2	000	5	4	1	93Tothb.382
1427.150840	500	010	5	4	1	000	5	4	2	93Tothb.383
1427.365360	500	010	6	4	3	000	6	4	2	93Tothb.384
1427.375400	500	010	8	4	5	000	8	4	4	93Tothb.385
1427.518410	500	010	7	4	4	000	7	4	3	93Tothb.386
1427.527590	500	010	6	4	2	000	6	4	3	93Tothb.387
1427.692490	500	010	1	1	1	000	0	0	0	93Tothb.388
1427.804750	500	010	4	1	3	000	3	2	2	93Tothb.389
1428.099830	500	010	7	4	3	000	7	4	4	93Tothb.390
1429.063290	500	010	8	4	4	000	8	4	5	93Tothb.391
1429.180880	500	010	3	3	0	000	4	2	3	93Tothb.392
1429.683810	500	010	3	0	3	000	2	1	2	93Tothb.393
1430.765500	500	010	9	4	5	000	9	4	6	93Tothb.394
1432.264650	500	010	2	1	1	000	1	1	0	93Tothb.395
1432.438780	500	010	4	1	3	000	4	0	4	93Tothb.396
1433.957680	500	010	8	2	7	000	7	3	4	93Tothb.397
1434.819080	500	010	8	3	6	000	7	4	3	93Tothb.398
1434.869320	500	010	9	3	6	000	9	3	7	93Tothb.399
1436.018600	500	010	10	2	9	000	9	3	6	93Tothb.400
1437.240400	500	010	9	2	8	000	8	3	5	93Tothb.401
1439.236700	500	010	9	4	5	000	8	5	4	93Tothb.402
1439.902850	500	010	5	1	4	000	5	1	5	93Tothb.403
1439.942180	500	010	3	1	3	000	2	1	2	93Tothb.404
1440.301760	500	010	2	1	2	000	1	0	1	93Tothb.405
1441.382840	500	010	3	0	3	000	2	0	2	93Tothb.406
1442.256570	500	010	5	5	0	000	5	5	1	93Tothb.407
1442.555590	500	010	6	5	2	000	6	5	1	93Tothb.408
1442.896680	500	010	7	5	3	000	7	5	2	93Tothb.409
1442.911060	500	010	7	5	2	000	7	5	3	93Tothb.410
1443.040740	500	010	4	2	2	000	4	1	3	93Tothb.411
1443.265740	500	010	8	5	4	000	8	5	3	93Tothb.412
1443.326110	500	010	8	5	3	000	8	5	4	93Tothb.413
1443.488980	500	010	5	2	3	000	5	1	4	93Tothb.414
1443.626500	500	010	9	5	5	000	9	5	4	93Tothb.415
1443.662020	500	010	5	1	4	000	5	0	5	93Tothb.416
1443.832000	500	010	9	5	4	000	9	5	5	93Tothb.417
1443.899700	500	010	10	5	6	000	10	5	5	93Tothb.418
1444.441130	500	010	3	2	1	000	3	1	2	93Tothb.419
1445.502200	500	010	8	3	5	000	7	4	4	93Tothb.420
1446.200990	500	010	4	0	4	000	3	1	3	93Tothb.421
1446.551830	500	010	6	2	4	000	6	1	5	93Tothb.422
1446.710180	500	010	2	2	0	000	2	1	1	93Tothb.423
1449.016230	500	010	5	1	4	000	4	2	3	93Tothb.424
1449.198900	500	010	9	3	7	000	8	4	4	93Tothb.425
1449.218760	500	010	3	1	2	000	2	1	1	93Tothb.426
1450.723120	500	010	3	2	2	000	2	2	1	93Tothb.427
1451.510200	500	010	8	2	6	000	8	2	7	93Tothb.428
1451.641040	500	010	3	1	3	000	2	0	2	93Tothb.429
1452.126900	500	010	3	2	1	000	2	2	0	93Tothb.430
1452.752310	500	010	7	2	5	000	7	1	6	93Tothb.431
1453.334420	500	010	4	1	4	000	3	1	3	93Tothb.432
1454.413510	500	010	2	2	1	000	2	1	2	93Tothb.433
1455.022840	500	010	4	0	4	000	3	0	3	93Tothb.434
1455.229100	500	010	6	1	5	000	6	1	6	93Tothb.435
1457.417370	500	010	6	1	5	000	6	0	6	93Tothb.436
1458.577400	500	010	10	4	6	000	9	5	5	93Tothb.437
1458.766350	500	010	3	2	2	000	3	1	3	93Tothb.438
1459.628550	500	010	6	6	0	000	6	6	1	93Tothb.439
1460.328800	500	010	7	2	5	000	6	3	4	93Tothb.440
1460.747000	500	010	9	6	4	000	9	6	3	93Tothb.441
1460.752500	500	010	9	6	3	000	9	6	4	93Tothb.442
1461.810600	500	010	10	3	8	000	9	4	5	93Tothb.443
1461.856450	500	010	5	0	5	000	4	1	4	93Tothb.444
1462.156220	500	010	4	1	4	000	3	0	3	93Tothb.445
1462.353220	500	010	8	2	6	000	8	1	7	93Tothb.446
1464.625990	500	010	4	2	3	000	4	1	4	93Tothb.447
1465.961720	500	010	4	1	3	000	3	1	2	93Tothb.448
1466.012330	500	010	4	2	3	000	3	2	2	93Tothb.449
1466.112100	500	010	2	2	1	000	2	0	2	93Tothb.450
1466.409540	500	010	5	1	5	000	4	1	4	93Tothb.451
1467.588300	500	010	3	2	2	000	3	0	3	93Tothb.452
1467.876820	500	010	5	0	5	000	4	0	4	93Tothb.453
1468.278500	500	010	9	2	7	000	9	2	8	93Tothb.454
1468.558000	500	010	9	3	6	000	8	4	5	93Tothb.455
1469.332630	500	010	4	2	2	000	3	2	1	93Tothb.456
1470.394560	500	010	6	1	5	000	5	2	4	93Tothb.457
1470.646320	500	010	4	2	3	000	4	0	4	93Tothb.458
1471.669000	500	010	7	1	6	000	7	1	7	93Tothb.459
1472.429910	500	010	5	1	5	000	4	0	4	93Tothb.460
1472.879480	500	010	7	1	6	000	7	0	7	93Tothb.461
1473.167440	500	010	9	3	6	000	9	2	7	93Tothb.462
1473.270020	500	010	8	3	5	000	8	2	6	93Tothb.463
1475.222250	500	010	9	2	7	000	9	1	8	93Tothb.464
1475.731100	500	010	5	2	4	000	5	0	5	93Tothb.465
1475.789300	500	010	7	3	4	000	7	2	5	93Tothb.466
1476.298820	500	010	10	3	7	000	10	2	8	93Tothb.467
1476.548710	500	010	4	3	1	000	3	3	0	93Tothb.468
1478.452390	500	010	7	7	1	000	7	7	0	93Tothb.469
1478.805830	500	010	8	7	2	000	8	7	1	93Tothb.470
1479.169570	500	010	6	1	6	000	5	1	5	93Tothb.471
1479.626650	500	010	6	3	3	000	6	2	4	93Tothb.472
1479.861920	500	010	2	2	1	000	1	1	0	93Tothb.473
1480.214630	500	010	6	0	6	000	5	0	5	93Tothb.474
1480.719070	500	010	6	2	5	000	6	1	6	93Tothb.475
1481.085360	500	010	5	2	4	000	4	2	3	93Tothb.476
1482.307970	500	010	5	1	4	000	4	1	3	93Tothb.477
1482.909130	500	010	2	2	0	000	1	1	1	93Tothb.478
1482.928610	500	010	6	1	6	000	5	0	5	93Tothb.479
1483.142590	500	010	11	3	8	000	11	2	9	93Tothb.480
1483.609450	500	010	5	3	2	000	5	2	3	93Tothb.481
1484.932020	500	010	8	2	6	000	7	3	5	93Tothb.482
1486.800100	500	010	4	3	1	000	4	2	2	93Tothb.483
1487.102780	500	010	5	2	3	000	4	2	2	93Tothb.484
1488.408580	500	010	8	1	7	000	8	1	8	93Tothb.485
1488.764520	500	010	3	3	0	000	3	2	1	93Tothb.486
1490.098240	500	010	7	0	7	000	6	1	6	93Tothb.487
1490.440800	500	010	3	3	1	000	3	2	2	93Tothb.488
1491.324170	500	010	7	1	6	000	6	2	5	93Tothb.489
1491.477200	500	010	4	3	2	000	4	2	3	93Tothb.490
1491.636760	500	010	7	1	7	000	6	1	6	93Tothb.491
1491.920300	500	010	7	2	6	000	7	0	7	93Tothb.492
1492.694520	500	010	3	2	2	000	2	1	1	93Tothb.493
1492.848150	500	010	5	3	2	000	4	3	1	93Tothb.494
1493.358980	500	010	5	3	3	000	5	2	4	93Tothb.495
1493.645660	500	010	10	3	7	000	9	4	6	93Tothb.496
1493.824990	500	010	7	1	7	000	6	0	6	93Tothb.497
1495.884480	500	010	6	2	5	000	5	2	4	93Tothb.498
1498.043700	500	010	6	1	5	000	5	1	4	93Tothb.499
1500.645030	500	010	7	3	5	000	7	2	6	93Tothb.500
1501.729700	500	010	8	2	7	000	8	1	8	93Tothb.501
1502.375400	500	010	8	2	7	000	8	0	8	93Tothb.502
1502.508770	500	010	3	2	1	000	2	1	2	93Tothb.503
1503.000000	500	010	8	0	8	000	7	1	7	93Tothb.504
1503.841720	500	010	8	1	8	000	7	1	7	93Tothb.505
1504.169260	500	010	4	2	3	000	3	1	2	93Tothb.506
1504.210470	500	010	8	0	8	000	7	0	7	93Tothb.507
1504.596400	500	010	5	4	2	000	4	4	1	93Tothb.508
1504.610600	500	010	5	4	1	000	4	4	0	93Tothb.509
1505.052200	500	010	8	1	8	000	7	0	7	93Tothb.510
1505.071020	500	010	6	2	4	000	5	2	3	93Tothb.511
1506.388030	500	010	8	3	6	000	8	2	7	93Tothb.512
1507.888200	500	010	11	2	9	000	11	1	10	93Tothb.513
1508.219600	500	010	6	3	4	000	5	3	3	93Tothb.514
1509.627700	500	010	6	3	3	000	5	3	2	93Tothb.515
1509.974800	500	010	9	2	7	000	8	3	6	93Tothb.516
1510.365100	500	010	7	2	6	000	6	2	5	93Tothb.517
1511.180180	500	010	8	1	7	000	7	2	6	93Tothb.518
1512.978750	500	010	7	1	6	000	6	1	5	93Tothb.519
1513.181400	500	010	10	4	6	000	10	3	7	93Tothb.520
1513.533760	500	010	9	2	8	000	9	1	9	93Tothb.521
1513.612010	500	010	9	3	7	000	9	2	8	93Tothb.522
1514.207600	500	010	3	2	1	000	2	0	2	93Tothb.523
1514.377080	500	010	5	2	4	000	4	1	3	93Tothb.524
1515.364460	500	010	9	0	9	000	8	1	8	93Tothb.525
1515.813560	500	010	9	1	9	000	8	1	8	93Tothb.526
1516.010270	500	010	9	0	9	000	8	0	8	93Tothb.527
1516.459340	500	010	9	1	9	000	8	0	8	93Tothb.528
1516.511000	500	010	7	3	5	000	7	1	6	93Tothb.529
1517.230800	500	010	8	3	6	000	8	1	7	93Tothb.530
1518.813480	500	010	9	4	5	000	9	3	6	93Tothb.531
1520.561640	500	010	6	4	3	000	5	4	2	93Tothb.532
1520.622930	500	010	6	4	2	000	5	4	1	93Tothb.533
1522.258900	500	010	10	3	8	000	10	2	9	93Tothb.534
1522.874870	500	010	7	2	5	000	6	2	4	93Tothb.535
1523.533660	500	010	6	2	5	000	5	1	4	93Tothb.536
1523.823560	500	010	8	4	4	000	8	3	5	93Tothb.537
1524.087430	500	010	7	3	5	000	6	3	4	93Tothb.538
1524.501330	500	010	8	2	7	000	7	2	6	93Tothb.539
1525.271580	500	010	4	2	2	000	3	1	3	93Tothb.540
1525.880000	500	010	10	2	9	000	10	1	10	93Tothb.541
1527.005170	500	010	7	3	4	000	6	3	3	93Tothb.542
1527.046000	500	010	8	1	7	000	7	1	6	93Tothb.543
1527.575500	500	010	10	1	10	000	9	1	9	93Tothb.544
1527.675380	500	010	10	0	10	000	9	0	9	93Tothb.545
1527.910740	500	010	10	1	10	000	9	0	9	93Tothb.546
1529.532580	500	010	9	1	8	000	8	2	7	93Tothb.547
1529.946290	500	010	6	4	2	000	6	3	3	93Tothb.548
1531.226040	500	010	5	4	1	000	5	3	2	93Tothb.549
1531.798050	500	010	4	4	0	000	4	3	1	93Tothb.550
1531.979990	500	010	5	4	2	000	5	3	3	93Tothb.551
1531.993700	500	010	4	4	1	000	4	3	2	93Tothb.552
1532.019720	500	010	7	2	6	000	6	1	5	93Tothb.553
1532.089640	500	010	6	4	3	000	6	3	4	93Tothb.554
1532.509100	500	010	7	4	4	000	7	3	5	93Tothb.555
1533.485110	500	010	8	4	5	000	8	3	6	93Tothb.556
1534.093650	500	010	4	2	2	000	3	0	3	93Tothb.557
1534.786020	500	010	10	2	8	000	9	3	7	93Tothb.558
1535.200430	500	010	6	5	1	000	5	5	0	93Tothb.559
1535.291470	500	010	9	4	6	000	9	3	7	93Tothb.560
1536.283540	500	010	3	3	1	000	2	2	0	93Tothb.561
1536.635600	500	010	7	4	4	000	6	4	3	93Tothb.562
1536.660240	500	010	3	3	0	000	2	2	1	93Tothb.563
1536.831760	500	010	7	4	3	000	6	4	2	93Tothb.564
1538.189800	500	010	10	4	7	000	10	3	8	93Tothb.565
1538.553900	500	010	11	2	10	000	11	1	11	93Tothb.566
1539.312530	500	010	11	1	11	000	10	0	10	93Tothb.567
1539.809890	500	010	8	3	6	000	7	3	5	93Tothb.568
1542.389100	500	010	11	4	8	000	11	3	9	93Tothb.569
1544.972090	500	010	8	3	5	000	7	3	4	93Tothb.570
1546.286720	500	010	10	1	9	000	9	2	8	93Tothb.571
1549.132070	500	010	9	2	8	000	8	1	7	93Tothb.572
1550.459890	500	010	12	0	12	000	11	1	11	93Tothb.573
1550.522330	500	010	12	1	12	000	11	1	11	93Tothb.574
1550.545960	500	010	12	0	12	000	11	0	11	93Tothb.575
1550.608430	500	010	12	1	12	000	11	0	11	93Tothb.576
1551.105000	500	010	7	5	3	000	6	5	2	93Tothb.577
1551.110900	500	010	7	5	2	000	6	5	1	93Tothb.578
1551.744700	500	010	10	2	9	000	9	2	8	93Tothb.579
1551.873730	500	010	5	2	3	000	4	1	4	93Tothb.580
1552.790940	500	010	8	4	5	000	7	4	4	93Tothb.581
1552.957360	500	010	4	3	1	000	3	2	2	93Tothb.582
1553.230790	500	010	10	1	9	000	9	1	8	93Tothb.583
1553.303450	500	010	8	4	4	000	7	4	3	93Tothb.584
1555.308800	500	010	9	3	7	000	8	3	6	93Tothb.585
1557.048500	500	010	9	2	7	000	8	2	6	93Tothb.586
1558.663600	500	010	11	2	9	000	10	3	8	93Tothb.587
1558.688890	500	010	10	2	9	000	9	1	8	93Tothb.588
1561.691050	500	010	13	0	13	000	12	1	12	93Tothb.589
1561.723030	500	010	13	1	13	000	12	1	12	93Tothb.590
1561.733580	500	010	13	0	13	000	12	0	12	93Tothb.591
1561.765550	500	010	13	1	13	000	12	0	12	93Tothb.592
1563.318590	500	010	9	3	6	000	8	3	5	93Tothb.593
1564.621960	500	010	5	3	3	000	4	2	2	93Tothb.594
1565.846770	500	010	11	1	10	000	10	1	9	93Tothb.595
1567.103990	500	010	8	5	4	000	7	5	3	93Tothb.596
1567.124790	500	010	8	5	3	000	7	5	2	93Tothb.597
1567.635030	500	010	7	6	1	000	6	6	0	93Tothb.598
1569.109640	500	010	11	2	10	000	10	1	9	93Tothb.599
1570.126960	500	010	9	4	5	000	8	4	4	93Tothb.600
1570.244540	500	010	5	3	2	000	4	2	3	93Tothb.601
1570.521700	500	010	10	3	8	000	9	3	7	93Tothb.602
1572.652070	500	010	9	5	4	000	9	4	5	93Tothb.603
1572.729680	500	010	14	0	14	000	13	1	13	93Tothb.604
1572.767150	500	010	14	1	14	000	13	0	13	93Tothb.605
1573.084250	500	010	10	2	8	000	9	2	7	93Tothb.606
1574.216300	500	010	8	5	3	000	8	4	4	93Tothb.607
1574.720870	500	010	9	5	5	000	9	4	6	93Tothb.608
1575.062100	500	010	8	5	4	000	8	4	5	93Tothb.609
1575.109100	500	010	7	5	2	000	7	4	3	93Tothb.610
1575.403730	500	010	7	5	3	000	7	4	4	93Tothb.611
1575.588120	500	010	6	5	1	000	6	4	2	93Tothb.612
1575.670960	500	010	6	5	2	000	6	4	3	93Tothb.613
1575.822880	500	010	5	5	0	000	5	4	1	93Tothb.614
1575.840000	500	010	5	5	1	000	5	4	2	93Tothb.615
1575.895900	500	010	12	1	11	000	11	2	10	93Tothb.616
1576.519350	500	010	6	3	4	000	5	2	3	93Tothb.617
1577.786400	500	010	12	2	11	000	11	2	10	93Tothb.618
1578.344100	500	010	12	1	11	000	11	1	10	93Tothb.619
1580.234550	500	010	12	2	11	000	11	1	10	93Tothb.620
1581.693400	500	010	10	3	7	000	9	3	6	93Tothb.621
1582.592850	500	010	6	2	4	000	5	1	5	93Tothb.622
1583.191510	500	010	9	5	5	000	8	5	4	93Tothb.623
1583.256140	500	010	9	5	4	000	8	5	3	93Tothb.624
1583.462300	500	010	8	6	2	000	7	6	1	93Tothb.625
1583.585700	500	010	15	0	15	000	14	1	14	93Tothb.626
1583.603560	500	010	15	1	15	000	14	0	14	93Tothb.627
1585.137780	500	010	10	4	7	000	9	4	6	93Tothb.628
1585.406800	500	010	11	3	9	000	10	3	8	93Tothb.629
1586.633410	500	010	7	3	5	000	6	2	4	93Tothb.630
1587.397190	500	010	10	4	6	000	9	4	5	93Tothb.631
1588.266000	500	010	11	2	9	000	10	2	8	93Tothb.632
1589.200020	500	010	6	3	3	000	5	2	4	93Tothb.633
1589.373740	500	010	13	1	12	000	12	2	11	93Tothb.634
1590.443900	500	010	13	2	12	000	12	2	11	93Tothb.635
1590.751900	500	010	13	1	12	000	12	1	11	93Tothb.636
1591.822420	500	010	13	2	12	000	12	1	11	93Tothb.637
1594.071690	500	010	4	4	1	000	3	3	0	93Tothb.638
1594.101960	500	010	4	4	0	000	3	3	1	93Tothb.639
1594.262000	500	010	16	0	16	000	15	1	15	93Tothb.640
1594.270700	500	010	16	1	16	000	15	0	15	93Tothb.641
1595.139050	500	010	8	3	6	000	7	2	5	93Tothb.642
1599.353000	500	010	9	6	3	000	8	6	2	93Tothb.643
1599.355500	500	010	10	5	6	000	9	5	5	93Tothb.644
1599.526830	500	010	10	5	5	000	9	5	4	93Tothb.645
1599.761550	500	010	11	3	8	000	10	3	7	93Tothb.646
1599.944600	500	010	12	3	10	000	11	3	9	93Tothb.647
1601.187280	500	010	11	4	8	000	10	4	7	93Tothb.648
1601.333100	500	010	8	7	1	000	7	7	0	93Tothb.649
1601.371600	500	010	13	2	11	000	12	3	10	93Tothb.650
1602.382480	500	010	9	3	7	000	8	2	6	93Tothb.651
1602.607900	500	010	12	2	10	000	11	2	9	93Tothb.652
-1603.658700	500	010	14	1	13	000	13	2	12	93Tothb.653
1605.163130	500	010	11	4	7	000	10	4	6	93Tothb.654
-1605.163130	500	010	14	2	13	000	13	1	12	93Tothb.655
1608.819850	500	010	10	3	8	000	9	2	7	93Tothb.656
1609.731130	500	010	5	4	1	000	4	3	2	93Tothb.657
1610.669670	500	010	7	3	4	000	6	2	5	93Tothb.658
1615.008400	500	010	11	3	9	000	10	2	8	93Tothb.659
1615.305000	500	010	10	6	5	000	9	6	4	93Tothb.660
1615.311900	500	010	10	6	4	000	9	6	3	93Tothb.661
1615.571200	500	010	11	5	7	000	10	5	6	93Tothb.662
1615.971300	500	010	11	5	6	000	10	5	5	93Tothb.663
1620.537000	500	010	7	6	1	000	7	5	2	93Tothb.664
1620.544400	500	010	7	6	2	000	7	5	3	93Tothb.665
1620.738100	500	010	6	6	0	000	6	5	1	93Tothb.666
1624.636730	500	010	6	4	3	000	5	3	2	93Tothb.667
1625.484850	500	010	6	4	2	000	5	3	3	93Tothb.668
1639.054190	500	010	7	4	4	000	6	3	3	93Tothb.669
1641.555980	500	010	7	4	3	000	6	3	4	93Tothb.670
1652.260890	500	010	8	4	5	000	7	3	4	93Tothb.671
1655.486460	500	010	8	2	6	000	7	1	7	93Tothb.672
1657.800290	500	010	6	3	4	000	5	0	5	93Tothb.673
1658.294210	500	010	8	4	4	000	7	3	5	93Tothb.674
1663.740660	500	010	9	4	6	000	8	3	5	93Tothb.675
1664.367050	500	010	9	3	6	000	8	2	7	93Tothb.676
1668.766040	500	010	6	5	2	000	5	4	1	93Tothb.677
1668.784340	500	010	6	5	1	000	5	4	2	93Tothb.678
1673.185630	500	010	10	4	7	000	9	3	6	93Tothb.679
1676.236540	500	010	9	4	5	000	8	3	6	93Tothb.680
1680.629520	500	010	11	4	8	000	10	3	7	93Tothb.681
1684.135430	500	010	7	5	3	000	6	4	2	93Tothb.682
1684.226260	500	010	7	5	2	000	6	4	3	93Tothb.683
1696.109000	500	010	10	4	6	000	9	3	7	93Tothb.684
1696.522900	500	010	9	2	7	000	8	1	8	93Tothb.685
1697.419600	500	010	10	3	7	000	9	2	8	93Tothb.686
1699.302130	500	010	8	5	4	000	7	4	3	93Tothb.687
1699.631650	500	010	8	5	3	000	7	4	4	93Tothb.688
1713.382280	500	010	6	6	0	000	5	5	1	93Tothb.689
1715.052380	500	010	9	5	4	000	8	4	5	93Tothb.690
1728.175700	500	010	10	5	6	000	9	4	5	93Tothb.691
1728.744840	500	010	7	6	2	000	6	5	1	93Tothb.692
1730.621120	500	010	10	5	5	000	9	4	6	93Tothb.693
1741.152200	500	010	11	5	7	000	10	4	6	93Tothb.694
1744.038000	500	010	8	6	3	000	7	5	2	93Tothb.695
1744.045800	500	010	8	6	2	000	7	5	3	93Tothb.696
1746.589900	500	010	11	5	6	000	10	4	7	93Tothb.697
1759.224700	500	010	9	6	4	000	8	5	3	93Tothb.698
1759.258470	500	010	9	6	3	000	8	5	4	93Tothb.699
1773.696140	500	010	7	7	0	000	6	6	1	93Tothb.700
1774.246080	500	010	10	6	5	000	9	5	4	93Tothb.701
1774.364450	500	010	10	6	4	000	9	5	5	93Tothb.702
1788.901720	500	010	8	7	1	000	7	6	2	93Tothb.703
1804.035700	500	010	9	7	3	000	8	6	2	93Tothb.704
2517.196200	500	100	10	2	8	000	11	2	9	05Toth.1
2520.338000	500	100	12	1	12	000	13	1	13	05Toth.2
2530.818000	270	100	9	3	6	000	10	3	7	05Toth.3
2533.474000	300	100	9	2	7	000	10	2	8	05Toth.4
2535.471700	120	100	11	0	11	000	12	0	12	05Toth.5
2535.524000	260	100	11	1	11	000	12	1	12	05Toth.6
2536.514400	410	100	10	2	9	000	11	2	10	05Toth.7
2538.868300	510	100	9	5	4	000	10	5	5	05Toth.8
2539.085500	720	100	9	5	5	000	10	5	6	05Toth.9
2539.390300	170	100	9	4	6	000	10	4	7	05Toth.10
2542.688200	250	100	9	3	7	000	10	3	8	05Toth.11
2548.933300	400	100	9	1	8	000	10	1	9	05Toth.12
2550.440800	90	100	10	0	10	000	11	0	11	05Toth.13
2550.540500	170	100	10	1	10	000	11	1	11	05Toth.14
2550.603900	160	100	8	2	6	000	9	2	7	05Toth.15
2551.179000	310	100	8	3	5	000	9	3	6	05Toth.16
2551.940000	310	100	9	2	8	000	10	2	9	05Toth.17
2556.261200	300	100	8	4	4	000	9	4	5	05Toth.18
2557.178000	500	100	8	6	3	000	9	6	4	05Toth.19
2557.365200	600	100	8	5	3	000	9	5	4	05Toth.20
2557.446000	550	100	8	5	4	000	9	5	5	05Toth.21
2557.622400	160	100	8	4	5	000	9	4	6	05Toth.22
2559.770000	310	100	8	3	6	000	9	3	7	05Toth.23
2563.187200	300	100	8	1	7	000	9	1	8	05Toth.24
2565.202700	190	100	9	0	9	000	10	0	10	05Toth.25
2568.475300	60	100	7	2	5	000	8	2	6	05Toth.26
2571.411800	150	100	7	3	4	000	8	3	5	05Toth.27
2575.046000	500	100	7	6	2	000	8	6	3	05Toth.28
2575.075000	150	100	7	4	3	000	8	4	4	05Toth.29
2575.443700	500	100	7	5	2	000	8	5	3	05Toth.30
2575.469500	450	100	7	5	3	000	8	5	4	05Toth.31
2575.672400	300	100	7	4	4	000	8	4	5	05Toth.32
2576.965500	150	100	7	3	5	000	8	3	6	05Toth.33
2577.615500	90	100	7	1	6	000	8	1	7	05Toth.34
2578.497000	150	100	3	0	3	000	4	2	2	05Toth.35
2579.738410	160	100	8	0	8	000	9	0	9	05Toth.36
2580.090000	110	100	8	1	8	000	9	1	9	05Toth.37
2582.992870	100	100	7	2	6	000	8	2	7	05Toth.38
2586.910450	180	100	6	2	4	000	7	2	5	05Toth.39
2591.067700	450	100	6	3	3	000	7	3	4	05Toth.40
2592.567320	100	100	6	1	5	000	7	1	6	05Toth.41
2592.592400	250	100	6	6	1	000	7	6	2	05Toth.42
2593.142200	1000	100	6	5	2	000	7	5	3	05Toth.43
2593.458400	300	100	6	4	3	000	7	4	4	05Toth.44
2594.024100	160	100	7	0	7	000	8	0	8	05Toth.45
2594.200600	210	100	6	3	4	000	7	3	5	05Toth.46
2594.653900	150	100	7	1	7	000	8	1	8	05Toth.47
2598.685450	70	100	6	2	5	000	7	2	6	05Toth.48
2604.158000	100	100	8	0	8	000	8	2	7	05Toth.49
2605.704750	160	100	5	2	3	000	6	2	4	05Toth.50
2608.039400	300	100	6	0	6	000	7	0	7	05Toth.51
2608.234800	60	100	5	1	4	000	6	1	5	05Toth.52
2609.112520	150	100	6	1	6	000	7	1	7	05Toth.53
2609.882400	150	100	5	3	2	000	6	3	3	05Toth.54
2610.483300	500	100	5	5	0	000	6	5	1	05Toth.55
2610.856700	350	100	5	4	1	000	6	4	2	05Toth.56
2610.926300	200	100	5	4	2	000	6	4	3	05Toth.57
2611.381400	200	100	5	3	3	000	6	3	4	05Toth.58
2614.495900	150	100	5	2	4	000	6	2	5	05Toth.59
2621.806630	60	100	5	0	5	000	6	0	6	05Toth.60
2623.503000	150	100	5	1	5	000	6	1	6	05Toth.61
2623.816000	500	020	4	4	0	000	5	5	1	05Toth.62
2627.825300	100	100	4	3	1	000	5	3	2	05Toth.63
2628.024700	160	100	4	4	0	000	5	4	1	05Toth.64
2628.039800	250	100	4	4	1	000	5	4	2	05Toth.65
2628.410050	200	100	4	3	2	000	5	3	3	05Toth.66
2630.399250	100	100	4	2	3	000	5	2	4	05Toth.67
2634.783300	60	100	5	0	5	000	5	2	4	05Toth.68
2635.459870	300	100	4	0	4	000	5	0	5	05Toth.69
2637.864290	60	100	4	1	4	000	5	1	5	05Toth.70
2639.320000	400	020	3	3	1	000	4	4	0	05Toth.71
2639.349000	900	020	3	3	0	000	4	4	1	05Toth.72
2640.814700	300	100	4	0	4	000	4	2	3	05Toth.73
2641.369820	100	100	3	1	2	000	4	1	3	05Toth.74
2643.115740	80	100	3	2	1	000	4	2	2	05Toth.75
2645.025650	60	100	3	3	0	000	4	3	1	05Toth.76
2645.195800	80	100	3	3	1	000	4	3	2	05Toth.77
2645.767800	250	020	8	1	7	000	9	1	8	05Toth.78
2645.970800	520	020	8	0	8	000	9	0	9	05Toth.79
2646.347800	80	100	3	2	2	000	4	2	3	05Toth.80
2648.651200	400	020	3	2	1	000	4	3	2	05Toth.81
2649.288600	150	100	3	0	3	000	4	0	4	05Toth.82
2650.421900	150	100	6	1	6	000	6	1	5	05Toth.83
2652.225860	150	100	3	1	3	000	4	1	4	05Toth.84
2655.961900	500	020	7	1	6	000	8	1	7	05Toth.85
2656.188000	300	100	8	2	7	000	8	2	6	05Toth.86
2658.415900	100	100	2	1	1	000	3	1	2	05Toth.87
2661.228000	400	020	7	1	7	000	8	0	8	05Toth.88
2662.281800	60	100	2	2	1	000	3	2	2	05Toth.89
2663.611480	100	100	2	0	2	000	3	0	3	05Toth.90
2666.317200	150	100	5	1	5	000	5	1	4	05Toth.91
2666.594020	60	100	2	1	2	000	3	1	3	05Toth.92
2667.049300	500	020	6	1	5	000	7	1	6	05Toth.93
2671.960900	500	020	6	0	6	000	7	0	7	05Toth.94
2674.271400	400	020	6	1	6	000	7	1	7	05Toth.95
2675.517380	50	100	1	1	0	000	2	1	1	05Toth.96
2678.531000	60	100	1	0	1	000	2	0	2	05Toth.97
2679.324600	150	020	5	1	4	000	6	1	5	05Toth.98
2680.269400	50	100	4	1	4	000	4	1	3	05Toth.99
2680.942500	500	100	1	1	1	000	2	1	2	05Toth.100
2681.961700	250	020	6	2	5	000	7	2	6	05Toth.101
2684.369200	200	020	2	1	1	000	3	2	2	05Toth.102
2684.411800	400	020	5	0	5	000	6	0	6	05Toth.103
2687.933800	150	020	5	1	5	000	6	1	6	05Toth.104
2688.219100	300	100	8	3	6	000	8	3	5	05Toth.105
2691.768800	150	100	3	1	3	000	3	1	2	05Toth.106
2692.965800	290	020	4	0	4	000	5	1	5	05Toth.107
2693.866000	400	100	0	0	0	000	1	0	1	05Toth.108
2694.670000	150	100	5	2	4	000	5	2	3	05Toth.109
2695.741600	160	100	7	3	5	000	7	3	4	05Toth.110
2695.783100	500	100	8	6	2	000	8	6	3	05Toth.111
2696.724200	290	020	4	0	4	000	5	0	5	05Toth.112
2696.872600	550	100	8	5	4	000	8	5	3	05Toth.113
2696.929700	600	100	8	5	3	000	8	5	4	05Toth.114
2698.173000	510	100	7	6	2	000	7	6	1	05Toth.115
2698.662000	300	100	8	4	4	000	8	4	5	05Toth.116
2699.268900	450	100	7	5	3	000	7	5	2	05Toth.117
2699.282900	500	100	7	5	2	000	7	5	3	05Toth.118
2699.912100	300	100	7	4	4	000	7	4	3	05Toth.119
2700.266500	250	100	6	6	1	000	6	6	0	05Toth.120
2700.522200	50	100	2	1	2	000	2	1	1	05Toth.121
2700.745300	200	100	6	3	4	000	6	3	3	05Toth.122
2701.346100	400	100	6	5	1	000	6	5	2	05Toth.123
2701.640500	950	020	4	1	4	000	5	1	5	05Toth.124
2701.661400	100	100	4	2	3	000	4	2	2	05Toth.125
2702.188000	300	100	6	4	3	000	6	4	2	05Toth.126
2702.351100	150	100	6	4	2	000	6	4	3	05Toth.127
2703.126700	500	100	5	5	0	000	5	5	1	05Toth.128
2703.928650	200	100	5	3	3	000	5	3	2	05Toth.129
2704.021800	200	100	5	4	2	000	5	4	1	05Toth.130
2704.052800	350	100	5	4	1	000	5	4	2	05Toth.131
2705.053000	450	100	6	3	3	000	6	3	4	05Toth.132
2705.397600	950	020	4	1	4	000	5	0	5	05Toth.133
2705.420900	150	100	5	3	2	000	5	3	3	05Toth.134
2705.500800	160	100	4	4	0	000	4	4	1	05Toth.135
2705.931380	70	100	3	2	2	000	3	2	1	05Toth.136
2705.948800	200	100	4	3	2	000	4	3	1	05Toth.137
2706.330440	100	100	4	3	1	000	4	3	2	05Toth.138
2706.391920	500	100	1	1	1	000	1	1	0	05Toth.139
2707.249600	550	020	3	1	2	000	4	1	3	05Toth.140
2707.274500	80	100	3	3	1	000	3	3	0	05Toth.141
2707.329620	50	100	3	3	0	000	3	3	1	05Toth.142
2708.124580	60	100	2	2	1	000	2	2	0	05Toth.143
2708.600000	300	100	8	3	5	000	8	3	6	05Toth.144
2708.808990	150	100	2	2	0	000	2	2	1	05Toth.145
2709.273100	70	100	3	2	1	000	3	2	2	05Toth.146
2711.716530	50	100	1	1	0	000	1	1	1	05Toth.147
2713.801400	450	020	2	0	2	000	3	1	3	05Toth.148
2715.277800	150	100	5	2	3	000	5	2	4	05Toth.149
2715.442300	250	020	3	1	3	000	4	1	4	05Toth.150
2716.483700	100	100	2	1	1	000	2	1	2	05Toth.151
2720.981200	400	020	3	2	1	000	4	2	2	05Toth.152
2721.462800	250	020	3	1	3	000	4	0	4	05Toth.153
2721.790500	180	100	6	2	4	000	6	2	5	05Toth.154
2722.525900	200	020	2	1	1	000	3	1	2	05Toth.155
2722.622700	450	020	2	0	2	000	3	0	3	05Toth.156
2723.600500	100	100	3	1	2	000	3	1	3	05Toth.157
2724.112000	110	020	3	2	2	000	4	2	3	05Toth.158
2724.429510	60	100	1	0	1	000	0	0	0	05Toth.159
2725.037200	400	020	5	0	5	000	5	1	4	05Toth.160
2725.129300	500	020	1	0	1	000	2	1	2	05Toth.161
2729.236800	600	020	4	3	2	000	5	3	3	05Toth.162
2729.371500	300	020	2	1	2	000	3	1	3	05Toth.163
2735.370500	290	020	4	0	4	000	4	1	3	05Toth.164
2736.721300	50	100	2	1	2	000	1	1	1	05Toth.165
2736.827500	500	020	1	0	1	000	2	0	2	05Toth.166
2737.172700	500	020	6	1	5	000	6	2	4	05Toth.167
2737.843000	150	020	5	1	4	000	5	2	3	05Toth.168
2738.193000	300	020	2	1	2	000	3	0	3	05Toth.169
2738.437600	300	020	1	1	0	000	2	1	1	05Toth.170
2738.958060	100	100	2	0	2	000	1	0	1	05Toth.171
2740.880100	150	100	3	0	3	000	2	1	2	05Toth.172
2741.931930	100	100	2	1	1	000	1	1	0	05Toth.173
2742.839200	100	020	3	0	3	000	3	1	2	05Toth.174
2746.588000	50	100	7	2	5	000	7	1	6	05Toth.175
2750.576800	500	020	1	0	1	000	1	1	0	05Toth.176
2751.790700	400	020	0	0	0	000	1	0	1	05Toth.177
2752.578220	150	100	3	0	3	000	2	0	2	05Toth.178
2753.827230	80	100	3	2	2	000	2	2	1	05Toth.179
2755.115870	70	100	3	2	1	000	2	2	0	05Toth.180
2756.339000	300	100	4	0	4	000	3	1	3	05Toth.181
2757.097900	100	100	6	1	5	000	6	1	6	05Toth.182
2757.528820	100	100	3	1	2	000	2	1	1	05Toth.183
2761.536300	150	100	3	1	3	000	2	0	2	05Toth.184
2763.300000	300	020	2	1	2	000	2	1	1	05Toth.185
2765.159500	300	100	4	0	4	000	3	0	3	05Toth.186
2767.819250	100	100	4	2	3	000	3	2	2	05Toth.187
2768.252900	200	100	4	3	2	000	3	3	1	05Toth.188
2768.408700	110	100	4	3	1	000	3	3	0	05Toth.189
2768.868200	250	020	1	1	1	000	1	1	0	05Toth.190
2770.794120	100	100	4	2	2	000	3	2	1	05Toth.191
2771.320000	50	100	4	1	4	000	3	0	3	05Toth.192
2772.496300	400	100	4	1	3	000	3	1	2	05Toth.193
2774.636100	300	020	1	1	0	000	1	1	1	05Toth.194
2774.702270	150	100	5	1	5	000	4	1	4	05Toth.195
2775.950000	150	100	5	2	4	000	5	0	5	05Toth.196
2776.838050	70	100	5	0	5	000	4	0	4	05Toth.197
2780.722000	150	100	5	1	5	000	4	0	4	05Toth.198
2781.305000	160	100	5	2	4	000	4	2	3	05Toth.199
2781.500300	210	100	5	4	2	000	4	4	1	05Toth.200
2781.512000	350	100	5	4	1	000	4	4	0	05Toth.201
2782.433700	200	100	5	3	3	000	4	3	2	05Toth.202
2784.180000	300	100	6	0	6	000	5	1	5	05Toth.203
2784.748800	150	020	2	2	1	000	2	2	0	05Toth.204
2785.452900	250	020	2	2	0	000	2	2	1	05Toth.205
2786.463300	150	100	6	1	6	000	5	1	5	05Toth.206
2786.540750	150	100	5	2	3	000	4	2	2	05Toth.207
2786.680850	50	100	5	1	4	000	4	1	3	05Toth.208
2787.137800	400	020	3	2	1	000	3	2	2	05Toth.209
2787.939450	300	100	6	0	6	000	5	0	5	05Toth.210
2788.180100	100	100	7	2	6	000	7	0	7	05Toth.211
2790.802000	400	020	4	2	2	000	4	2	3	05Toth.212
2792.292700	200	020	2	1	1	000	2	0	2	05Toth.213
2793.989700	1000	100	6	5	2	000	5	5	1	05Toth.214
2794.247060	60	100	6	2	5	000	5	2	4	05Toth.215
2795.386100	300	100	6	4	3	000	5	4	2	05Toth.216
2795.446100	160	100	6	4	2	000	5	4	1	05Toth.217
2796.546100	150	100	7	0	7	000	6	1	6	05Toth.218
2797.821560	150	100	7	1	7	000	6	1	6	05Toth.219
2798.303400	550	020	3	1	2	000	3	0	3	05Toth.220
2799.499400	300	020	2	1	2	000	1	1	1	05Toth.221
2799.912330	100	100	6	1	5	000	5	1	4	05Toth.222
2801.017700	250	020	1	1	1	000	0	0	0	05Toth.223
2801.964700	180	100	6	2	4	000	5	2	3	05Toth.224
2805.845900	520	100	7	6	2	000	6	6	1	05Toth.225
2805.976500	100	100	4	2	3	000	3	1	2	05Toth.226
2806.043000	200	020	2	1	1	000	1	1	0	05Toth.227
2806.521800	400	020	3	3	1	000	3	3	0	05Toth.228
2806.574900	900	020	3	3	0	000	3	3	1	05Toth.229
2806.624200	100	100	7	2	6	000	6	2	5	05Toth.230
2806.742000	400	020	5	3	3	000	5	3	2	05Toth.231
2806.775600	600	020	4	3	2	000	4	3	1	05Toth.232
2807.150100	900	020	4	3	1	000	4	3	2	05Toth.233
2807.187400	600	020	4	1	3	000	4	0	4	05Toth.234
2807.478300	450	100	7	5	3	000	6	5	2	05Toth.235
2808.209000	150	020	5	3	2	000	5	3	3	05Toth.236
2808.821750	100	100	8	1	8	000	7	1	7	05Toth.237
2809.030200	300	100	7	4	4	000	6	4	3	05Toth.238
2809.222250	150	100	7	4	3	000	6	4	2	05Toth.239
2809.344890	100	100	8	0	8	000	7	0	7	05Toth.240
2809.727500	150	100	7	3	5	000	6	3	4	05Toth.241
2810.032200	100	100	8	1	8	000	7	0	7	05Toth.242
2812.058350	90	100	7	1	6	000	6	1	5	05Toth.243
2812.427660	150	100	7	3	4	000	6	3	3	05Toth.244
2812.605800	100	020	3	0	3	000	2	0	2	05Toth.245
2813.052900	250	020	3	1	3	000	2	1	2	05Toth.246
2813.540600	300	020	2	1	2	000	1	0	1	05Toth.247
2816.709510	70	100	7	2	5	000	6	2	4	05Toth.248
2817.601500	290	020	4	0	4	000	3	1	3	05Toth.249
2818.908800	520	100	8	6	3	000	7	6	2	05Toth.250
2819.140900	150	100	9	0	9	000	8	1	8	05Toth.251
2819.501300	200	100	9	1	9	000	8	1	8	05Toth.252
2819.786720	160	100	9	0	9	000	8	0	8	05Toth.253
2820.147000	200	100	9	1	9	000	8	0	8	05Toth.254
2820.709700	550	100	8	5	4	000	7	5	3	05Toth.255
2820.729400	600	100	8	5	3	000	7	5	2	05Toth.256
2821.899000	60	100	6	2	5	000	5	1	4	05Toth.257
2822.399000	150	100	8	4	5	000	7	4	4	05Toth.258
2822.690200	300	100	8	3	6	000	7	3	5	05Toth.259
2822.903000	300	100	8	4	4	000	7	4	3	05Toth.260
2823.125660	300	100	8	1	7	000	7	1	6	05Toth.261
2823.409200	550	020	3	1	2	000	2	1	1	05Toth.262
2824.094700	400	020	4	2	2	000	4	1	3	05Toth.263
2824.752400	250	020	3	1	3	000	2	0	2	05Toth.264
2825.296000	400	020	3	2	1	000	3	1	2	05Toth.265
2826.276000	950	020	4	1	4	000	3	1	3	05Toth.266
2826.732800	100	100	4	2	2	000	3	1	3	05Toth.267
2827.378300	300	100	8	3	5	000	7	3	4	05Toth.268
2828.278700	100	100	7	2	6	000	6	1	5	05Toth.269
2829.701300	300	100	9	2	8	000	8	2	7	05Toth.270
2829.890500	160	100	10	1	10	000	9	1	9	05Toth.271
2830.040310	140	100	10	0	10	000	9	0	9	05Toth.272
2830.554700	150	100	8	2	6	000	7	2	5	05Toth.273
2831.591400	100	020	3	2	2	000	2	2	1	05Toth.274
2833.421300	400	020	5	0	5	000	4	1	4	05Toth.275
2833.680000	700	100	9	5	5	000	8	5	4	05Toth.276
2833.747200	500	100	9	5	4	000	8	5	3	05Toth.277
2834.302000	300	100	8	2	7	000	7	1	6	05Toth.278
2834.857200	500	020	4	4	0	000	4	4	1	05Toth.279
2835.107100	250	100	9	3	7	000	8	3	6	05Toth.280
2835.447700	150	100	9	4	6	000	8	4	5	05Toth.281
2835.554900	100	100	4	2	2	000	3	0	3	05Toth.282
2836.571200	500	100	9	4	5	000	8	4	4	05Toth.283
2839.133100	150	020	5	1	5	000	4	1	4	05Toth.284
2839.442700	400	020	5	0	5	000	4	0	4	05Toth.285
2840.005700	210	100	11	1	11	000	10	1	10	05Toth.286
2840.081900	150	100	11	0	11	000	10	0	10	05Toth.287
2840.711300	600	020	4	1	3	000	3	1	2	05Toth.288
2842.194500	250	100	9	3	6	000	8	3	5	05Toth.289
2842.928500	200	100	4	3	2	000	3	2	1	05Toth.290
2843.365000	300	100	9	2	7	000	8	2	6	05Toth.291
2844.818600	100	100	4	3	1	000	3	2	2	05Toth.292
2846.937000	410	100	10	3	8	000	9	3	7	05Toth.293
2849.859200	500	100	12	1	12	000	11	1	11	05Toth.295
2849.897200	500	100	12	0	12	000	11	0	11	05Toth.296
2850.314600	500	100	10	4	6	000	9	4	5	05Toth.297
2850.385500	400	020	4	2	2	000	3	2	1	05Toth.298
2850.766400	400	100	11	2	10	000	10	2	9	05Toth.299
2851.621200	400	020	6	1	6	000	5	1	5	05Toth.300
2851.859200	500	020	6	0	6	000	5	0	5	05Toth.301
2852.393200	500	100	11	1	10	000	10	1	9	05Toth.302
2854.763300	200	100	5	3	3	000	4	2	2	05Toth.303
2855.040200	160	100	10	2	8	000	9	2	7	05Toth.304
2855.380000	400	020	6	1	6	000	5	0	5	05Toth.305
2856.489800	310	100	10	3	7	000	9	3	6	05Toth.306
2857.333100	150	100	5	2	3	000	4	0	4	05Toth.307
2857.770600	150	020	5	1	4	000	4	1	3	05Toth.308
2860.579000	150	020	2	2	1	000	1	1	0	05Toth.309
2861.684500	600	020	7	0	7	000	6	1	6	05Toth.310
2863.622900	250	020	2	2	0	000	1	1	1	05Toth.311
2863.750000	400	020	7	1	7	000	6	1	6	05Toth.312
2863.873600	600	020	7	0	7	000	6	0	6	05Toth.313
2865.939000	400	020	7	1	7	000	6	0	6	05Toth.314
2868.465700	500	020	5	2	3	000	4	2	2	05Toth.315
2872.699100	250	100	4	4	1	000	3	3	0	05Toth.316
2872.728800	150	100	4	4	0	000	3	3	1	05Toth.317
2873.564000	100	020	3	2	2	000	2	1	1	05Toth.318
2874.367700	500	020	8	0	8	000	7	1	7	05Toth.319
2875.538000	400	020	8	1	8	000	7	1	7	05Toth.320
2875.578400	500	020	8	0	8	000	7	0	7	05Toth.321
2876.749000	400	020	8	1	8	000	7	0	7	05Toth.322
2877.523800	250	020	6	2	5	000	5	2	4	05Toth.323
2881.253000	900	020	3	3	0	000	3	2	1	05Toth.324
2883.363000	400	020	3	2	1	000	2	1	2	05Toth.325
2885.746800	160	020	5	3	2	000	4	3	1	05Toth.326
2886.355800	500	020	9	0	9	000	8	1	8	05Toth.327
2886.421000	200	100	5	4	2	000	4	3	1	05Toth.328
2886.632000	350	100	5	4	1	000	4	3	2	05Toth.329
2887.651300	500	020	9	1	9	000	8	0	8	05Toth.330
2890.404000	500	020	7	1	6	000	6	1	5	05Toth.331
2892.364300	400	020	7	2	6	000	6	2	5	05Toth.332
2896.091600	150	100	7	3	4	000	6	2	5	05Toth.333
2900.308100	150	100	6	4	2	000	5	3	3	05Toth.334
2905.173000	250	020	6	2	5	000	5	1	4	05Toth.335
2905.464400	500	020	7	2	5	000	6	2	4	05Toth.336
2905.706300	250	020	8	1	7	000	7	1	6	05Toth.337
2906.915100	200	020	8	2	7	000	7	2	6	05Toth.338
2911.448300	300	100	7	4	4	000	6	3	3	05Toth.339
2913.947000	150	100	7	4	3	000	6	3	4	05Toth.340
2914.171190	500	100	5	5	0	000	4	4	1	05Toth.341
2917.773000	400	020	7	3	5	000	6	3	4	05Toth.342
2920.341000	400	020	7	3	4	000	6	3	3	05Toth.343
2920.355000	3000	020	9	1	8	000	8	1	7	05Toth.344
-2921.234000	3000	020	9	2	8	000	8	2	7	05Toth.345
2921.869200	160	100	8	4	5	000	7	3	4	05Toth.346
2928.772000	400	020	3	3	1	000	2	2	0	05Toth.347
2929.148100	900	020	3	3	0	000	2	2	1	05Toth.348
2943.756400	600	020	4	3	2	000	3	2	1	05Toth.349
2957.577000	400	020	5	3	3	000	4	2	2	05Toth.350
2963.143200	160	020	5	3	2	000	4	2	3	05Toth.351
2969.808300	500	020	6	3	4	000	5	2	3	05Toth.352
3002.053500	500	020	4	4	1	000	3	3	0	05Toth.353
3002.087000	500	020	4	4	0	000	3	3	1	05Toth.354
-3017.962200	500	020	5	4	2	000	4	3	1	05Toth.355
1090.281815	1000	010  	   10 2 9	000  	11 3 8	  06LiDuSoWa.1
1090.925370	1000	010  	   7 2 6	000  	8 4 5	  06LiDuSoWa.2
1101.921824	1000	010  	   7 1 7	000  	8 3 6	  06LiDuSoWa.3
1102.678840	1000	010  	   11 3 9	000  	12 4 8	  06LiDuSoWa.4
1107.272914	1000	010  	   10 6 4	000  	11 7 5	  06LiDuSoWa.5
1107.823889	1000	010  	   8 0 8	000  	9 2 7	  06LiDuSoWa.6
1110.309171	1000	010  	   6 2 5	000  	7 4 4	  06LiDuSoWa.7
1113.301512	1000	010  	   8 2 6	000  	9 4 5	  06LiDuSoWa.8
1114.560772	1000	010  	   9 7 2	000  	10 8 3	  06LiDuSoWa.9
1114.560772	1000	010  	   9 7 3	000  	10 8 2	  06LiDuSoWa.10
1116.531533	1000	010  	   10 5 6	000  	11 6 5	  06LiDuSoWa.11
1117.106602	1000	010  	   9 1 8	000  	10 3 7	  06LiDuSoWa.12
1121.294066	1000	010  	   9 6 4	000  	10 7 3	  06LiDuSoWa.13
1121.294066	1000	010  	   9 6 3	000  	10 7 4	  06LiDuSoWa.14
1121.457875	1000	010  	   7 2 5	000  	8 4 4	  06LiDuSoWa.15
1125.864635	1000	010  	   9 2 8	000  	10 3 7	  06LiDuSoWa.16
1127.374206	1000	010  	   10 4 7	000  	11 5 6	  06LiDuSoWa.17
1127.714631	1000	010  	   10 3 8	000  	11 4 7	  06LiDuSoWa.18
1128.193123	1000	010  	   5 2 4	000  	6 4 3	  06LiDuSoWa.19
-1121.294066	1000	010  	   8 7 2	000  	9 8 1	  06LiDuSoWa.20
-1121.294066	1000	010  	   8 7 1	000  	9 8 2	  06LiDuSoWa.21
1129.696903	1000	010  	   6 2 4	000  	7 4 3	  06LiDuSoWa.22
1130.568398	1000	010  	   9 5 5	000  	10 6 4	  06LiDuSoWa.23
1130.676145	1000	010  	   9 5 4	000  	10 6 5	  06LiDuSoWa.24
1131.263819	1000	010  	   6 1 6	000  	7 3 5	  06LiDuSoWa.25
1132.606639	1000	010  	   10 4 6	000  	11 5 7	  06LiDuSoWa.26
1135.496000	1000	010  	   8 6 2	000  	9 7 3	  06LiDuSoWa.27
1135.496000	1000	010  	   8 6 3	000  	9 7 2	  06LiDuSoWa.28
1138.994635	1000	010  	   5 2 3	000  	6 4 2	  06LiDuSoWa.29
1142.304295	1000	010  	   9 4 6	000  	10 5 5	  06LiDuSoWa.30
1142.989052	1000	010  	   7 7 1	000  	8 8 0	  06LiDuSoWa.31
1142.989052	1000	010  	   7 7 0	000  	8 8 1	  06LiDuSoWa.32
1144.437994	1000	010  	   8 1 7	000  	9 3 6	  06LiDuSoWa.33
1144.641269	1000	010  	   9 4 5	000  	10 5 6	  06LiDuSoWa.34
1144.787976	1000	010  	   8 5 4	000  	9 6 3	  06LiDuSoWa.35
1144.819132	1000	010  	   8 5 3	000  	9 6 4	  06LiDuSoWa.36
1144.944617	1000	010  	   4 2 3	000  	5 4 2	  06LiDuSoWa.37
1147.456712	1000	010  	   7 0 7	000  	8 2 6	  06LiDuSoWa.38
1148.994897	1000	010  	   7 1 7	000  	8 2 6	  06LiDuSoWa.39
1149.293902	1000	010  	   9 3 7	000  	10 4 6	  06LiDuSoWa.40
1149.865039	1000	010  	   7 6 1	000  	8 7 2	  06LiDuSoWa.41
1149.865039	1000	010  	   7 6 2	000  	8 7 1	  06LiDuSoWa.42
1149.952164	1000	010  	   4 2 2	000  	5 4 1	  06LiDuSoWa.43
1156.920431	1000	010  	   8 4 5	000  	9 5 4	  06LiDuSoWa.44
1157.759345	1000	010  	   8 2 7	000  	9 3 6	  06LiDuSoWa.45
1157.843222	1000	010  	   8 4 4	000  	9 5 5	  06LiDuSoWa.46
1158.256423	1000	010  	   5 1 5	000  	6 3 4	  06LiDuSoWa.47
1159.194821	1000	010  	   7 5 3	000  	8 6 2	  06LiDuSoWa.48
1159.200142	1000	010  	   7 5 2	000  	8 6 3	  06LiDuSoWa.49
1160.925630	1000	010  	   3 2 2	000  	4 4 1	  06LiDuSoWa.50
1166.604233	1000	010  	   10 3 7	000  	11 4 8	  06LiDuSoWa.51
1166.643817	1000	010  	   7 1 6	000  	8 3 5	  06LiDuSoWa.52
1168.178588	1000	010  	   8 3 6	000  	9 4 5	  06LiDuSoWa.53
1171.482305	1000	010  	   7 4 4	000  	8 5 3	  06LiDuSoWa.54
1171.794680	1000	010  	   7 4 3	000  	8 5 4	  06LiDuSoWa.55
1172.500177	1000	010  	   9 3 6	000  	10 4 7	  06LiDuSoWa.56
1180.725410	1000	010  	   8 3 5	000  	9 4 6	  06LiDuSoWa.57
1182.877423	1000	010  	   4 1 4	000  	5 3 3	  06LiDuSoWa.58
1183.879912	1000	010  	   6 0 6	000  	7 2 5	  06LiDuSoWa.59
1184.289217	1000	010  	   6 1 5	000  	7 3 4	  06LiDuSoWa.60
1185.215904	1000	010  	   7 3 5	000  	8 4 4	  06LiDuSoWa.61
1185.685263	1000	010  	   7 2 6	000  	8 3 5	  06LiDuSoWa.62
1186.593941	1000	010  	   6 1 6	000  	7 2 5	  06LiDuSoWa.63
1198.542859	1000	010  	   5 1 4	000  	6 3 3	  06LiDuSoWa.64
1204.689572	1000	010  	   12 2 10	000  	13 3 11	  06LiDuSoWa.65
1205.230636	1000	010  	   3 1 3	000  	4 3 2	  06LiDuSoWa.66
1207.213155	1000	010  	   13 0 13	000  	14 1 14	  06LiDuSoWa.67
1207.223043	1000	010  	   13 0 13	000  	14 0 14	  06LiDuSoWa.68
1207.592281	1000	010  	   12 3 9	000  	13 3 10	  06LiDuSoWa.69
1209.540360	1000	010  	   11 2 9	000  	12 3 10	  06LiDuSoWa.70
1209.778759	1000	010  	   6 2 5	000  	7 3 4	  06LiDuSoWa.71
1210.812062	1000	010  	   4 1 3	000  	5 3 2	  06LiDuSoWa.72
1213.618630	1000	010  	   10 2 8	000  	11 3 9	  06LiDuSoWa.73
1214.423540	1000	010  	   12 2 10	000  	13 2 11	  06LiDuSoWa.74
1216.249536	1000	010  	   5 0 5	000  	6 2 4	  06LiDuSoWa.75
1217.555420	1000	010  	   9 2 7	000  	10 3 8	  06LiDuSoWa.76
1218.787644	1000	010  	   12 4 8	000  	13 4 9	  06LiDuSoWa.77
1219.181506	1000	010  	   11 3 8	000  	11 5 7	  06LiDuSoWa.78
1220.802697	1000	010  	   5 1 5	000  	6 2 4	  06LiDuSoWa.79
1220.848225	1000	010  	   12 1 11	000  	13 2 12	  06LiDuSoWa.80
1220.937398	1000	010  	   12 0 12	000  	13 1 13	  06LiDuSoWa.81
1220.958467	1000	010  	   12 0 12	000  	13 0 13	  06LiDuSoWa.82
1220.999781	1000	010  	   12 1 12	000  	13 1 13	  06LiDuSoWa.83
1221.020991	1000	010  	   12 1 12	000  	13 0 13	  06LiDuSoWa.84
1221.116332	1000	010  	   11 3 8	000  	12 3 9	  06LiDuSoWa.85
1221.606359	1000	010  	   12 1 11	000  	13 1 12	  06LiDuSoWa.86
1222.012510	1000	010  	   8 2 6	000  	9 3 7	  06LiDuSoWa.87
1222.371650	1000	010  	   3 1 2	000  	4 3 1	  06LiDuSoWa.88
1222.738958	1000	010  	   12 2 11	000  	13 2 12	  06LiDuSoWa.89
1223.497022	1000	010  	   12 2 11	000  	13 1 12	  06LiDuSoWa.90
1223.646765	1000	010  	   12 3 10	000  	13 3 11	  06LiDuSoWa.91
1224.445672	1000	010  	   11 2 9	000  	12 2 10	  06LiDuSoWa.92
1225.518077	1000	010  	   2 1 2	000  	3 3 1	  06LiDuSoWa.93
1227.566793	1000	010  	   7 2 5	000  	8 3 6	  06LiDuSoWa.94
1229.608965	1000	010  	   12 4 9	000  	13 4 10	  06LiDuSoWa.95
1231.960064	1000	010  	   11 1 10	000  	12 2 11	  06LiDuSoWa.96
1233.338760	1000	010  	   11 1 10	000  	12 1 11	  06LiDuSoWa.97
1233.381792	1000	010  	   12 3 10	000  	13 2 11	  06LiDuSoWa.98
1233.802256	1000	010  	   13 0 13	000  	13 1 12	  06LiDuSoWa.99
1234.182912	1000	010  	   2 1 1	000  	3 3 0	  06LiDuSoWa.100
1234.537509	1000	010  	   11 0 11	000  	12 1 12	  06LiDuSoWa.101
1234.580306	1000	010  	   11 0 11	000  	12 0 12	  06LiDuSoWa.102
1234.659356	1000	010  	   11 1 11	000  	12 1 12	  06LiDuSoWa.103
1234.700882	1000	010  	   11 1 11	000  	12 0 12	  06LiDuSoWa.104
1235.223255	1000	010  	   11 2 10	000  	12 2 11	  06LiDuSoWa.105
1235.240487	1000	010  	   10 2 8	000  	11 2 9	  06LiDuSoWa.106
1235.956765	1000	010  	   10 3 7	000  	11 3 8	  06LiDuSoWa.107
1236.030119	1000	010  	   11 4 7	000  	12 4 8	  06LiDuSoWa.108
1236.284713	1000	010  	   11 3 9	000  	12 3 10	  06LiDuSoWa.109
1236.601785	1000	010  	   11 2 10	000  	12 1 11	  06LiDuSoWa.110
1237.806584	1000	010  	   6 1 6	000  	6 3 3	  06LiDuSoWa.111
1238.811427	1000	010  	   6 2 4	000  	6 4 3	  06LiDuSoWa.112
1242.340065	1000	010  	   10 1 9	000  	11 2 10	  06LiDuSoWa.113
1243.259407	1000	010  	   12 5 8	000  	13 5 9	  06LiDuSoWa.114
1243.631471	1000	010  	   11 4 8	000  	12 4 9	  06LiDuSoWa.115
1244.043695	1000	010  	   4 0 4	000  	5 2 3	  06LiDuSoWa.116
1244.788176	1000	010  	   10 1 9	000  	11 1 10	  06LiDuSoWa.117
1247.157566	1000	010  	   9 2 7	000  	10 2 8	  06LiDuSoWa.118
1247.191747	1000	010  	   12 1 12	000  	12 2 11	  06LiDuSoWa.119
1247.798090	1000	010  	   10 2 9	000  	11 2 10	  06LiDuSoWa.120
1247.990372	1000	010  	   10 0 10	000  	11 1 11	  06LiDuSoWa.121
1248.076484	1000	010  	   10 0 10	000  	11 0 11	  06LiDuSoWa.122
1248.225686	1000	010  	   10 1 10	000  	11 1 11	  06LiDuSoWa.123
1248.311822	1000	010  	   10 1 10	000  	11 0 11	  06LiDuSoWa.124
1248.507965	1000	010  	   12 0 12	000  	12 1 11	  06LiDuSoWa.125
1249.354472	1000	010  	   10 3 8	000  	11 3 9	  06LiDuSoWa.126
1250.246294	1000	010  	   10 2 9	000  	11 1 10	  06LiDuSoWa.127
1250.802961	1000	010  	   5 1 5	000  	5 3 2	  06LiDuSoWa.128
1251.176835	1000	010  	   4 1 4	000  	5 2 3	  06LiDuSoWa.129
1251.771849	1000	010  	   9 1 8	000  	10 2 9	  06LiDuSoWa.130
1251.942421	1000	010  	   9 3 6	000  	10 3 7	  06LiDuSoWa.131
1252.683389	1000	010  	   12 6 6	000  	11 8 3	  06LiDuSoWa.132
1253.301370	1000	010  	   10 4 6	000  	11 4 7	  06LiDuSoWa.133
1255.983111	1000	010  	   9 1 8	000  	10 1 9	  06LiDuSoWa.134
1258.096356	1000	010  	   10 4 7	000  	11 4 8	  06LiDuSoWa.135
1260.163953	1000	010  	   8 1 7	000  	9 2 8	  06LiDuSoWa.136
1260.310606	1000	010  	   8 2 6	000  	9 2 7	  06LiDuSoWa.137
1260.528360	1000	010  	   9 2 8	000  	10 2 9	  06LiDuSoWa.138
1260.937384	1000	010  	   11 0 11	000  	11 2 10	  06LiDuSoWa.139
1261.059654	1000	010  	   11 1 11	000  	11 2 10	  06LiDuSoWa.140
1261.254721	1000	010  	   9 0 9	000  	10 1 10	  06LiDuSoWa.141
1261.426224	1000	010  	   9 0 9	000  	10 0 10	  06LiDuSoWa.142
1261.704076	1000	010  	   9 1 9	000  	10 1 10	  06LiDuSoWa.143
1261.875097	1000	010  	   9 1 9	000  	10 0 10	  06LiDuSoWa.144
1262.889464	1000	010  	   9 3 7	000  	10 3 8	  06LiDuSoWa.145
1263.386123	1000	010  	   11 0 11	000  	11 1 10	  06LiDuSoWa.146
1264.739715	1000	010  	   9 2 8	000  	10 1 9	  06LiDuSoWa.147
1265.868755	1000	010  	   8 7 2	000  	8 8 1	  06LiDuSoWa.148
1265.868755	1000	010  	   8 7 1	000  	8 8 0	  06LiDuSoWa.149
1266.960723	1000	010  	   9 7 2	000  	9 8 1	  06LiDuSoWa.150
1266.960723	1000	010  	   9 7 3	000  	9 8 2	  06LiDuSoWa.151
1267.108050	1000	010  	   8 1 7	000  	9 1 8	  06LiDuSoWa.152
1267.302054	1000	010  	   3 0 3	000  	4 2 2	  06LiDuSoWa.153
1267.692747	1000	010  	   7 1 6	000  	8 2 7	  06LiDuSoWa.154
1268.773211	1000	010  	   8 3 5	000  	9 3 6	  06LiDuSoWa.155
1269.601146	1000	010  	   11 7 4	000  	11 8 3	  06LiDuSoWa.156
1270.221634	1000	010  	   9 4 5	000  	10 4 6	  06LiDuSoWa.157
1270.975871	1000	010  	   10 3 8	000  	11 2 9	  06LiDuSoWa.158
1271.966766	1000	010  	   6 3 3	000  	5 5 0	  06LiDuSoWa.159
1272.391396	1000	010  	   7 6 1	000  	7 7 0	  06LiDuSoWa.160
1272.391396	1000	010  	   7 6 2	000  	7 7 1	  06LiDuSoWa.161
1272.853507	1000	010  	   10 5 5	000  	11 5 6	  06LiDuSoWa.162
1272.922116	1000	010  	   9 4 6	000  	10 4 7	  06LiDuSoWa.163
1273.366025	1000	010  	   8 6 2	000  	8 7 1	  06LiDuSoWa.164
1273.366025	1000	010  	   8 6 3	000  	8 7 2	  06LiDuSoWa.165
1273.384760	1000	010  	   10 5 6	000  	11 5 7	  06LiDuSoWa.166
1274.513931	1000	010  	   9 6 3	000  	9 7 2	  06LiDuSoWa.167
1274.513931	1000	010  	   9 6 4	000  	9 7 3	  06LiDuSoWa.168
1274.569839	1000	010  	   10 1 10	000  	10 2 9	  06LiDuSoWa.169
1275.856667	1000	010  	   10 6 4	000  	10 7 3	  06LiDuSoWa.170
1276.890148	1000	010  	   8 3 6	000  	9 3 7	  06LiDuSoWa.171
1278.781111	1000	010  	   10 1 10	000  	10 1 9	  06LiDuSoWa.172
1280.429083	1000	010  	   8 2 7	000  	9 1 8	  06LiDuSoWa.173
1281.446882	1000	010  	   6 5 1	000  	6 6 0	  06LiDuSoWa.174
1281.446882	1000	010  	   6 5 2	000  	6 6 1	  06LiDuSoWa.175
1281.887270	1000	010  	   12 2 11	000  	12 3 10	  06LiDuSoWa.176
1282.326248	1000	010  	   7 5 2	000  	7 6 1	  06LiDuSoWa.177
1283.393928	1000	010  	   8 5 4	000  	8 6 3	  06LiDuSoWa.178
1283.421581	1000	010  	   8 5 3	000  	8 6 2	  06LiDuSoWa.179
1284.684641	1000	010  	   9 5 5	000  	9 6 4	  06LiDuSoWa.180
1284.778215	1000	010  	   9 5 4	000  	9 6 3	  06LiDuSoWa.181
1286.199206	1000	010  	   10 5 6	000  	10 6 5	  06LiDuSoWa.182
1286.468228	1000	010  	   10 5 5	000  	10 6 4	  06LiDuSoWa.183
1286.662986	1000	010  	   8 4 4	000  	9 4 5	  06LiDuSoWa.184
1286.780471	1000	010  	   2 0 2	000  	3 2 1	  06LiDuSoWa.185
1287.119798	1000	010  	   9 0 9	000  	9 2 8	  06LiDuSoWa.186
1288.375974	1000	010  	   9 5 4	000  	10 5 5	  06LiDuSoWa.187
1288.595895	1000	010  	   11 5 6	000  	11 6 5	  06LiDuSoWa.188
1288.595895	1000	010  	   9 5 5	000  	10 5 6	  06LiDuSoWa.189
1289.114585	1000	010  	   7 1 7	000  	8 0 8	  06LiDuSoWa.190
1289.317299	1000	010  	   4 1 3	000  	4 3 2	  06LiDuSoWa.191
1289.809912	1000	010  	   12 5 8	000  	12 6 7	  06LiDuSoWa.192
1290.016900	1000	010  	   6 2 4	000  	7 2 5	  06LiDuSoWa.193
1291.325449	1000	010  	   7 3 5	000  	8 3 6	  06LiDuSoWa.194
1291.567563	1000	010  	   10 6 5	000  	11 6 6	  06LiDuSoWa.195
1291.993829	1000	010  	   11 2 10	000  	11 3 9	  06LiDuSoWa.196
1292.491537	1000	010  	   9 3 7	000  	10 2 8	  06LiDuSoWa.197
1293.551552	1000	010  	   5 4 2	000  	5 5 1	  06LiDuSoWa.198
1293.567291	1000	010  	   5 4 1	000  	5 5 0	  06LiDuSoWa.199
1294.063903	1000	010  	   9 0 9	000  	9 1 8	  06LiDuSoWa.200
1294.081727	1000	010  	   5 1 4	000  	5 3 3	  06LiDuSoWa.201
1294.334971	1000	010  	   6 4 3	000  	6 5 2	  06LiDuSoWa.202
1294.411938	1000	010  	   6 4 2	000  	6 5 1	  06LiDuSoWa.203
1294.513049	1000	010  	   9 1 9	000  	9 1 8	  06LiDuSoWa.204
1294.901137	1000	010  	   12 1 11	000  	12 2 10	  06LiDuSoWa.205
1295.320335	1000	010  	   7 4 4	000  	7 5 3	  06LiDuSoWa.206
1295.563929	1000	010  	   10 1 9	000  	10 3 8	  06LiDuSoWa.207
1295.593191	1000	010  	   7 4 3	000  	7 5 2	  06LiDuSoWa.208
1296.487706	1000	010  	   8 4 5	000  	8 5 4	  06LiDuSoWa.209
1297.267519	1000	010  	   8 4 4	000  	8 5 3	  06LiDuSoWa.210
1297.576781	1000	010  	   7 2 6	000  	8 1 7	  06LiDuSoWa.211
1297.759750	1000	010  	   9 4 6	000  	9 5 5	  06LiDuSoWa.212
1298.276427	1000	010  	   6 1 5	000  	6 3 4	  06LiDuSoWa.213
1299.012983	1000	010  	   10 4 7	000  	10 5 6	  06LiDuSoWa.214
1299.023704	1000	010  	   8 0 8	000  	8 2 7	  06LiDuSoWa.215
1299.671772	1000	010  	   9 4 5	000  	9 5 4	  06LiDuSoWa.216
1299.865519	1000	010  	   8 1 8	000  	8 2 7	  06LiDuSoWa.217
1300.034219	1000	010  	   9 1 8	000  	9 3 7	  06LiDuSoWa.218
1300.053271	1000	010  	   11 4 8	000  	11 5 7	  06LiDuSoWa.219
1300.322676	1000	010  	   6 2 5	000  	7 2 6	  06LiDuSoWa.220
1301.021846	1000	010  	   10 2 9	000  	10 3 8	  06LiDuSoWa.221
1301.114617	1000	010  	   7 1 6	000  	7 3 5	  06LiDuSoWa.222
1301.187142	1000	010  	   12 3 10	000  	12 4 9	  06LiDuSoWa.223
1301.860771	1000	010  	   8 1 7	000  	8 3 6	  06LiDuSoWa.224
1301.983512	1000	010  	   11 4 8	000  	12 3 9	  06LiDuSoWa.225
1302.684777	1000	010  	   7 4 3	000  	8 4 4	  06LiDuSoWa.226
1303.094535	1000	010  	   6 3 3	000  	7 3 4	  06LiDuSoWa.227
1303.120924	1000	010  	   10 4 6	000  	10 5 5	  06LiDuSoWa.228
1303.277732	1000	010  	   7 4 4	000  	8 4 5	  06LiDuSoWa.229
1303.760327	1000	010  	   8 5 3	000  	9 5 4	  06LiDuSoWa.230
1303.760327	1000	010  	   1 0 1	000  	2 2 0	  06LiDuSoWa.231
1303.841517	1000	010  	   8 5 4	000  	9 5 5	  06LiDuSoWa.232
1305.313651	1000	010  	   11 3 9	000  	11 4 8	  06LiDuSoWa.233
1306.136026	1000	010  	   6 3 4	000  	7 3 5	  06LiDuSoWa.234
1306.635139	1000	010  	   9 6 3	000  	10 6 4	  06LiDuSoWa.235
1306.643348	1000	010  	   9 6 4	000  	10 6 5	  06LiDuSoWa.236
1307.943285	1000	010  	   11 4 7	000  	11 5 6	  06LiDuSoWa.237
1308.152391	1000	010  	   10 3 8	000  	10 4 7	  06LiDuSoWa.238
1308.791085	1000	010  	   9 2 8	000  	9 3 7	  06LiDuSoWa.239
1309.159030	1000	010  	   4 3 2	000  	4 4 1	  06LiDuSoWa.240
1309.349534	1000	010  	   4 3 1	000  	4 4 0	  06LiDuSoWa.241
1309.702309	1000	010  	   7 0 7	000  	7 2 6	  06LiDuSoWa.242
1309.711740	1000	010  	   5 3 3	000  	5 4 2	  06LiDuSoWa.243
1309.837695	1000	010  	   9 3 7	000  	9 4 6	  06LiDuSoWa.244
1309.866787	1000	010  	   8 0 8	000  	8 1 7	  06LiDuSoWa.245
1310.262421	1000	010  	   6 3 4	000  	6 4 3	  06LiDuSoWa.246
1310.352381	1000	010  	   11 1 10	000  	11 2 9	  06LiDuSoWa.247
1310.447731	1000	010  	   5 3 2	000  	5 4 1	  06LiDuSoWa.248
1310.578891	1000	010  	   8 3 6	000  	8 4 5	  06LiDuSoWa.249
1310.631240	1000	010  	   7 3 5	000  	7 4 4	  06LiDuSoWa.250
1310.707853	1000	010  	   8 1 8	000  	8 1 7	  06LiDuSoWa.251
1311.240500	1000	010  	   7 1 7	000  	7 2 6	  06LiDuSoWa.252
1312.239065	1000	010  	   6 2 5	000  	5 4 2	  06LiDuSoWa.253
1312.356427	1000	010  	   6 3 3	000  	6 4 2	  06LiDuSoWa.254
1314.311388	1000	010  	   12 4 8	000  	12 5 7	  06LiDuSoWa.255
1315.181828	1000	010  	   8 2 7	000  	8 3 6	  06LiDuSoWa.256
1315.189353	1000	010  	   8 3 6	000  	9 2 7	  06LiDuSoWa.257
1315.469313	1000	010  	   7 3 4	000  	7 4 3	  06LiDuSoWa.258
1316.188388	1000	010  	   6 2 5	000  	7 1 6	  06LiDuSoWa.259
-1316.549126	1000	010  	   11 8 4	000  	12 8 5	  06LiDuSoWa.260
-1316.549126	1000	010  	   11 8 3	000  	12 8 4	  06LiDuSoWa.261
1318.410124	1000	010  	   6 4 2	000  	7 4 3	  06LiDuSoWa.262
1318.633113	1000	010  	   6 4 3	000  	7 4 4	  06LiDuSoWa.263
1318.759720	1000	010  	   6 0 6	000  	6 2 5	  06LiDuSoWa.264
1319.072559	1000	010  	   7 5 2	000  	8 5 3	  06LiDuSoWa.265
1319.097708	1000	010  	   7 5 3	000  	8 5 4	  06LiDuSoWa.266
1319.771168	1000	010  	   5 3 2	000  	6 3 3	  06LiDuSoWa.267
1320.086472	1000	010  	   8 3 5	000  	8 4 4	  06LiDuSoWa.268
1320.155540	1000	010  	   7 2 6	000  	7 3 5	  06LiDuSoWa.269
1321.239708	1000	010  	   5 3 3	000  	6 3 4	  06LiDuSoWa.270
1321.730606	1000	010  	   8 6 2	000  	9 6 3	  06LiDuSoWa.271
1321.730606	1000	010  	   8 6 3	000  	9 6 4	  06LiDuSoWa.272
1325.165536	1000	010  	   10 1 9	000  	10 2 8	  06LiDuSoWa.273
1325.567775	1000	010  	   7 0 7	000  	7 1 6	  06LiDuSoWa.274
1325.822305	1000	010  	   5 0 5	000  	5 2 4	  06LiDuSoWa.275
1325.976109	1000	010  	   9 7 3	000  	10 7 4	  06LiDuSoWa.276
1325.976109	1000	010  	   9 7 2	000  	10 7 3	  06LiDuSoWa.277
1327.105804	1000	010  	   7 1 7	000  	7 1 6	  06LiDuSoWa.278
1327.446988	1000	010  	   10 4 7	000  	11 3 8	  06LiDuSoWa.279
1328.151365	1000	010  	   3 2 2	000  	3 3 1	  06LiDuSoWa.280
1329.875545	1000	010  	   3 2 1	000  	3 3 0	  06LiDuSoWa.281
1330.623100	1000	010  	   10 2 9	000  	10 2 8	  06LiDuSoWa.282
1330.678197	1000	010  	   4 0 4	000  	4 2 3	  06LiDuSoWa.283
1333.101179	1000	010  	   10 3 7	000  	10 4 6	  06LiDuSoWa.284
1333.458973	1000	010  	   3 0 3	000  	3 2 2	  06LiDuSoWa.285
1333.954512	1000	010  	   5 4 1	000  	6 4 2	  06LiDuSoWa.286
1334.022692	1000	010  	   5 4 2	000  	6 4 3	  06LiDuSoWa.287
1334.349388	1000	010  	   6 5 2	000  	7 5 3	  06LiDuSoWa.288
1334.349388	1000	010  	   6 5 1	000  	7 5 2	  06LiDuSoWa.289
1334.676040	1000	010  	   2 0 2	000  	2 2 1	  06LiDuSoWa.290
1335.931094	1000	010  	   5 2 4	000  	6 1 5	  06LiDuSoWa.291
1335.964986	1000	010  	   4 3 1	000  	5 3 2	  06LiDuSoWa.292
1336.542436	1000	010  	   4 3 2	000  	5 3 3	  06LiDuSoWa.293
1336.834255	1000	010  	   7 6 1	000  	8 6 2	  06LiDuSoWa.294
1336.834255	1000	010  	   7 6 2	000  	8 6 3	  06LiDuSoWa.295
1338.332590	1000	010  	   9 1 8	000  	9 2 7	  06LiDuSoWa.296
1338.399132	1000	010  	   7 3 5	000  	8 2 6	  06LiDuSoWa.297
1339.881037	1000	010  	   11 3 8	000  	11 4 7	  06LiDuSoWa.298
1340.580791	1000	010  	   12 2 10	000  	12 3 9	  06LiDuSoWa.299
1340.935076	1000	010  	   8 7 2	000  	9 7 3	  06LiDuSoWa.300
1340.935076	1000	010  	   8 7 1	000  	9 7 2	  06LiDuSoWa.301
1343.128047	1000	010  	   6 1 6	000  	6 1 5	  06LiDuSoWa.302
1343.886254	1000	010  	   11 1 11	000  	10 2 8	  06LiDuSoWa.303
1345.299424	1000	010  	   12 3 9	000  	12 4 8	  06LiDuSoWa.304
1346.217381	1000	010  	   9 8 2	000  	10 8 3	  06LiDuSoWa.305
1346.217381	1000	010  	   9 8 1	000  	10 8 2	  06LiDuSoWa.306
1346.342635	1000	010  	   7 2 5	000  	7 3 4	  06LiDuSoWa.307
1347.088985	1000	010  	   9 2 8	000  	9 2 7	  06LiDuSoWa.308
1347.923470	1000	010  	   11 2 9	000  	11 3 8	  06LiDuSoWa.309
1348.934289	1000	010  	   8 1 7	000  	8 2 6	  06LiDuSoWa.310
1349.398375	1000	010  	   4 4 0	000  	5 4 1	  06LiDuSoWa.311
1349.412812	1000	010  	   4 4 1	000  	5 4 2	  06LiDuSoWa.312
1349.612487	1000	010  	   5 5 1	000  	6 5 2	  06LiDuSoWa.313
1349.612487	1000	010  	   5 5 0	000  	6 5 1	  06LiDuSoWa.314
1350.461548	1000	010  	   8 2 6	000  	8 3 5	  06LiDuSoWa.315
1351.784576	1000	010  	   3 3 0	000  	4 3 1	  06LiDuSoWa.316
1351.858755	1000	010  	   10 2 8	000  	10 3 7	  06LiDuSoWa.317
1351.953673	1000	010  	   6 6 1	000  	7 6 2	  06LiDuSoWa.318
1351.953673	1000	010  	   6 6 0	000  	7 6 1	  06LiDuSoWa.319
1351.953673	1000	010  	   3 3 1	000  	4 3 2	  06LiDuSoWa.320
1352.364413	1000	010  	   9 4 6	000  	10 3 7	  06LiDuSoWa.321
1352.551494	1000	010  	   9 2 7	000  	9 3 6	  06LiDuSoWa.322
1355.602762	1000	010  	   7 2 5	000  	6 4 2	  06LiDuSoWa.323
1355.925594	1000	010  	   7 7 1	000  	8 7 2	  06LiDuSoWa.324
1355.925594	1000	010  	   7 7 0	000  	8 7 1	  06LiDuSoWa.325
1356.241253	1000	010  	   4 2 3	000  	5 1 4	  06LiDuSoWa.326
1358.026053	1000	010  	   5 1 5	000  	5 1 4	  06LiDuSoWa.327
1359.536893	1000	010  	   12 3 10	000  	12 3 9	  06LiDuSoWa.328
1361.130998	1000	010  	   10 1 10	000  	9 2 7	  06LiDuSoWa.329
1361.465208	1000	010  	   6 3 4	000  	7 2 5	  06LiDuSoWa.330
1362.255498	1000	010  	   8 2 7	000  	8 2 6	  06LiDuSoWa.331
1371.103429	1000	010  	   4 1 4	000  	4 1 3	  06LiDuSoWa.332
1374.666203	1000	010  	   11 3 9	000  	11 3 8	  06LiDuSoWa.333
1375.484350	1000	010  	   7 2 6	000  	7 2 5	  06LiDuSoWa.334
1376.062277	1000	010  	   8 4 5	000  	9 3 6	  06LiDuSoWa.335
1376.339579	1000	010  	   9 1 9	000  	8 2 6	  06LiDuSoWa.336
1376.535549	1000	010  	   3 2 2	000  	4 1 3	  06LiDuSoWa.337
1379.302021	1000	010  	   3 0 3	000  	2 2 0	  06LiDuSoWa.338
1381.793931	1000	010  	   1 1 1	000  	2 0 2	  06LiDuSoWa.339
1381.874577	1000	010  	   3 1 3	000  	3 1 2	  06LiDuSoWa.340
1383.785623	1000	010  	   5 3 3	000  	6 2 4	  06LiDuSoWa.341
1384.499947	1000	010  	   8 3 5	000  	9 2 8	  06LiDuSoWa.342
1386.311117	1000	010  	   6 2 5	000  	6 2 4	  06LiDuSoWa.343
1386.603830	1000	010  	   9 3 6	000  	10 2 9	  06LiDuSoWa.344
1386.977994	1000	010  	   6 4 3	000  	5 5 0	  06LiDuSoWa.345
1387.038133	1000	010  	   7 3 4	000  	8 2 7	  06LiDuSoWa.346
1387.056418	1000	010  	   6 4 2	000  	5 5 1	  06LiDuSoWa.347
1387.171145	1000	010  	   5 3 3	000  	4 4 0	  06LiDuSoWa.348
1387.594769	1000	010  	   10 3 8	000  	10 3 7	  06LiDuSoWa.349
1387.926456	1000	010  	   5 3 2	000  	4 4 1	  06LiDuSoWa.350
1388.616604	1000	010  	   8 1 8	000  	7 2 5	  06LiDuSoWa.351
1389.560178	1000	010  	   3 1 3	000  	2 2 0	  06LiDuSoWa.352
1389.603645	1000	010  	   4 2 3	000  	3 3 0	  06LiDuSoWa.353
1390.061356	1000	010  	   2 1 2	000  	2 1 1	  06LiDuSoWa.354
1390.261666	1000	010  	   4 0 4	000  	3 2 1	  06LiDuSoWa.355
1393.638361	1000	010  	   6 3 3	000  	7 2 6	  06LiDuSoWa.356
1394.446581	1000	010  	   5 2 4	000  	5 2 3	  06LiDuSoWa.357
1394.656186	1000	010  	   4 2 2	000  	3 3 1	  06LiDuSoWa.358
1395.374184	1000	010  	   8 4 4	000  	9 3 7	  06LiDuSoWa.359
1396.345760	1000	010  	   2 2 1	000  	3 1 2	  06LiDuSoWa.360
1397.085802	1000	010  	   5 0 5	000  	4 2 2	  06LiDuSoWa.361
1397.228748	1000	010  	   7 1 7	000  	6 2 4	  06LiDuSoWa.362
1397.395268	1000	010  	   4 1 4	000  	3 2 1	  06LiDuSoWa.363
1397.885228	1000	010  	   9 3 7	000  	9 3 6	  06LiDuSoWa.364
1398.038432	1000	010  	   7 4 4	000  	8 3 5	  06LiDuSoWa.365
1399.855074	1000	010  	   4 2 3	000  	4 2 2	  06LiDuSoWa.366
1400.635731	1000	010  	   4 2 2	000  	5 1 5	  06LiDuSoWa.367
1400.673352	1000	010  	   5 2 3	000  	6 1 6	  06LiDuSoWa.368
1401.639001	1000	010  	   5 1 5	000  	4 2 2	  06LiDuSoWa.369
1401.647712	1000	010  	   6 1 6	000  	5 2 3	  06LiDuSoWa.370
1403.357376	1000	010  	   6 3 4	000  	5 4 1	  06LiDuSoWa.371
1403.435542	1000	010  	   5 3 2	000  	6 2 5	  06LiDuSoWa.372
1403.519796	1000	010  	   7 4 4	000  	6 5 1	  06LiDuSoWa.373
1403.688836	1000	010  	   5 2 4	000  	4 3 1	  06LiDuSoWa.374
1403.801537	1000	010  	   7 4 3	000  	6 5 2	  06LiDuSoWa.375
1404.394516	1000	010  	   4 2 2	000  	5 0 5	  06LiDuSoWa.376
1404.842140	1000	010  	   4 3 2	000  	5 2 3	  06LiDuSoWa.377
1404.897884	1000	010  	   3 2 1	000  	4 1 4	  06LiDuSoWa.378
1405.241477	1000	010  	   6 2 4	000  	7 1 7	  06LiDuSoWa.379
1405.339160	1000	010  	   8 3 6	000  	8 3 5	  06LiDuSoWa.380
1405.552441	1000	010  	   6 3 3	000  	5 4 2	  06LiDuSoWa.381
1406.450984	1000	010  	   6 2 4	000  	7 0 7	  06LiDuSoWa.382
1406.519910	1000	010  	   8 5 4	000  	7 6 1	  06LiDuSoWa.383
1406.548294	1000	010  	   8 5 3	000  	7 6 2	  06LiDuSoWa.384
1406.816174	1000	010  	   2 1 1	000  	2 1 2	  06LiDuSoWa.385
1407.247278	1000	010  	   3 1 2	000  	2 2 1	  06LiDuSoWa.386
1407.658779	1000	010  	   7 1 6	000  	6 3 3	  06LiDuSoWa.387
1408.794018	1000	010  	   7 4 3	000  	8 3 6	  06LiDuSoWa.388
1409.748999	1000	010  	   4 2 2	000  	4 2 3	  06LiDuSoWa.389
1410.101721	1000	010  	   7 3 5	000  	7 3 4	  06LiDuSoWa.390
1410.917793	1000	010  	   3 2 1	000  	4 0 4	  06LiDuSoWa.391
1412.384533	1000	010  	   9 6 3	000  	8 7 2	  06LiDuSoWa.392
1412.384533	1000	010  	   9 6 4	000  	8 7 1	  06LiDuSoWa.393
1412.681017	1000	010  	   6 3 4	000  	6 3 3	  06LiDuSoWa.394
1412.781701	1000	010  	   2 2 0	000  	3 1 3	  06LiDuSoWa.395
1413.786772	1000	010  	   5 3 3	000  	5 3 2	  06LiDuSoWa.396
1415.290536	1000	010  	   3 1 2	000  	3 1 3	  06LiDuSoWa.397
1415.309730	1000	010  	   5 3 2	000  	5 3 3	  06LiDuSoWa.398
1415.536973	1000	010  	   4 3 1	000  	5 2 4	  06LiDuSoWa.399
1415.839838	1000	010  	   5 2 3	000  	5 2 4	  06LiDuSoWa.400
1416.311921	1000	010  	   6 2 5	000  	5 3 2	  06LiDuSoWa.401
1417.080777	1000	010  	   6 3 3	000  	6 3 4	  06LiDuSoWa.402
1418.103306	1000	010  	   6 4 3	000  	7 3 4	  06LiDuSoWa.403
1419.362210	1000	010  	   7 3 5	000  	6 4 2	  06LiDuSoWa.404
1420.283799	1000	010  	   8 4 5	000  	7 5 2	  06LiDuSoWa.405
1420.460096	1000	010  	   7 3 4	000  	7 3 5	  06LiDuSoWa.406
1420.748318	1000	010  	   11 4 8	000  	11 4 7	  06LiDuSoWa.407
1421.105163	1000	010  	   8 4 4	000  	7 5 3	  06LiDuSoWa.408
1421.606899	1000	010  	   2 2 0	000  	3 0 3	  06LiDuSoWa.409
1423.286906	1000	010  	   9 5 5	000  	8 6 2	  06LiDuSoWa.410
1423.383891	1000	010  	   9 5 4	000  	8 6 3	  06LiDuSoWa.411
1423.400979	1000	010  	   6 4 2	000  	7 3 5	  06LiDuSoWa.412
1424.283487	1000	010  	   3 3 1	000  	4 2 2	  06LiDuSoWa.413
1424.586192	1000	010  	   7 3 4	000  	6 4 3	  06LiDuSoWa.414
1424.896612	1000	010  	   6 2 4	000  	6 2 5	  06LiDuSoWa.415
1426.196177	1000	010  	   8 3 5	000  	8 3 6	  06LiDuSoWa.416
1426.417983	1000	010  	   4 1 3	000  	4 1 4	  06LiDuSoWa.417
1426.579868	1000	010  	   9 4 6	000  	9 4 5	  06LiDuSoWa.418
1426.700341	1000	010  	   7 2 6	000  	6 3 3	  06LiDuSoWa.419
1427.117877	1000	010  	   5 4 2	000  	5 4 1	  06LiDuSoWa.420
1427.150873	1000	010  	   5 4 1	000  	5 4 2	  06LiDuSoWa.421
1427.365345	1000	010  	   6 4 3	000  	6 4 2	  06LiDuSoWa.422
1427.375346	1000	010  	   8 4 5	000  	8 4 4	  06LiDuSoWa.423
1427.518292	1000	010  	   7 4 4	000  	7 4 3	  06LiDuSoWa.424
1427.527609	1000	010  	   6 4 2	000  	6 4 3	  06LiDuSoWa.425
1427.804734	1000	010  	   4 1 3	000  	3 2 2	  06LiDuSoWa.426
1428.099583	1000	010  	   7 4 3	000  	7 4 4	  06LiDuSoWa.427
1429.062995	1000	010  	   8 4 4	000  	8 4 5	  06LiDuSoWa.428
1429.180746	1000	010  	   3 3 0	000  	4 2 3	  06LiDuSoWa.429
1430.234207	1000	010  	   11 2 10	000  	10 3 7	  06LiDuSoWa.430
1430.562764	1000	010  	   10 1 9	000  	9 3 6	  06LiDuSoWa.431
1433.739574	1000	010  	   10 4 6	000  	10 4 7	  06LiDuSoWa.432
1434.818707	1000	010  	   8 3 6	000  	7 4 3	  06LiDuSoWa.433
1434.869112	1000	010  	   9 3 6	000  	9 3 7	  06LiDuSoWa.434
1436.018257	1000	010  	   10 2 9	000  	9 3 6	  06LiDuSoWa.435
1436.441488	1000	010  	   5 4 2	000  	6 3 3	  06LiDuSoWa.436
1436.771440	1000	010  	   6 2 4	000  	5 3 3	  06LiDuSoWa.437
1436.886437	1000	010  	   7 2 5	000  	7 2 6	  06LiDuSoWa.438
1437.183878	1000	010  	   9 4 6	000  	8 5 3	  06LiDuSoWa.439
1437.240347	1000	010  	   9 2 8	000  	8 3 5	  06LiDuSoWa.440
1438.666405	1000	010  	   11 4 7	000  	11 4 8	  06LiDuSoWa.441
1438.678662	1000	010  	   5 4 1	000  	6 3 4	  06LiDuSoWa.442
1439.236645	1000	010  	   9 4 5	000  	8 5 4	  06LiDuSoWa.443
1439.902342	1000	010  	   5 1 4	000  	5 1 5	  06LiDuSoWa.444
1440.583981	1000	010  	   10 5 5	000  	9 6 4	  06LiDuSoWa.445
1442.556526	1000	010  	   6 5 2	000  	6 5 1	  06LiDuSoWa.446
1442.556526	1000	010  	   6 5 1	000  	6 5 2	  06LiDuSoWa.447
1442.896799	1000	010  	   7 5 3	000  	7 5 2	  06LiDuSoWa.448
1442.910897	1000	010  	   7 5 2	000  	7 5 3	  06LiDuSoWa.449
1443.265449	1000	010  	   8 5 4	000  	8 5 3	  06LiDuSoWa.450
1443.325630	1000	010  	   8 5 3	000  	8 5 4	  06LiDuSoWa.451
1443.626394	1000	010  	   9 5 5	000  	9 5 4	  06LiDuSoWa.452
1443.831561	1000	010  	   9 5 4	000  	9 5 5	  06LiDuSoWa.453
1443.899557	1000	010  	   10 5 6	000  	10 5 5	  06LiDuSoWa.454
1443.925498	1000	010  	   11 5 7	000  	11 5 6	  06LiDuSoWa.455
1444.493528	1000	010  	   10 5 5	000  	10 5 6	  06LiDuSoWa.456
1445.456555	1000	010  	   11 5 6	000  	11 5 7	  06LiDuSoWa.457
1445.501561	1000	010  	   8 3 5	000  	7 4 4	  06LiDuSoWa.458
1446.697395	1000	010  	   10 3 7	000  	10 3 8	  06LiDuSoWa.459
1446.710081	1000	010  	   2 2 0	000  	2 1 1	  06LiDuSoWa.460
1449.016224	1000	010  	   5 1 4	000  	4 2 3	  06LiDuSoWa.461
1449.199303	1000	010  	   9 3 7	000  	8 4 4	  06LiDuSoWa.462
1450.723049	1000	010  	   3 2 2	000  	2 2 1	  06LiDuSoWa.463
1451.510242	1000	010  	   8 2 6	000  	8 2 7	  06LiDuSoWa.464
1452.126918	1000	010  	   3 2 1	000  	2 2 0	  06LiDuSoWa.465
1452.752263	1000	010  	   7 2 5	000  	7 1 6	  06LiDuSoWa.466
1453.488111	1000	010  	   4 4 1	000  	5 3 2	  06LiDuSoWa.467
1454.044754	1000	010  	   10 4 7	000  	9 5 4	  06LiDuSoWa.468
1454.413437	1000	010  	   2 2 1	000  	2 1 2	  06LiDuSoWa.469
1455.229232	1000	010  	   6 1 5	000  	6 1 6	  06LiDuSoWa.470
1457.417351	1000	010  	   6 1 5	000  	6 0 6	  06LiDuSoWa.471
1457.542911	1000	010  	   11 5 7	000  	10 6 4	  06LiDuSoWa.472
1458.576699	1000	010  	   10 4 6	000  	9 5 5	  06LiDuSoWa.473
1459.628514	1000	010  	   6 6 1	000  	6 6 0	  06LiDuSoWa.474
1459.628514	1000	010  	   6 6 0	000  	6 6 1	  06LiDuSoWa.475
1459.960378	1000	010  	   7 6 1	000  	7 6 2	  06LiDuSoWa.476
1459.960378	1000	010  	   7 6 2	000  	7 6 1	  06LiDuSoWa.477
1460.329707	1000	010  	   7 2 5	000  	6 3 4	  06LiDuSoWa.478
1460.748585	1000	010  	   9 6 4	000  	9 6 3	  06LiDuSoWa.479
1460.748585	1000	010  	   9 6 3	000  	9 6 4	  06LiDuSoWa.480
1461.207924	1000	010  	   10 6 4	000  	10 6 5	  06LiDuSoWa.481
1461.520502	1000	010  	   11 3 8	000  	11 3 9	  06LiDuSoWa.482
1461.641217	1000	010  	   11 6 6	000  	11 6 5	  06LiDuSoWa.483
1461.710006	1000	010  	   11 6 5	000  	11 6 6	  06LiDuSoWa.484
1461.810581	1000	010  	   10 3 8	000  	9 4 5	  06LiDuSoWa.485
1462.270664	1000	010  	   12 6 6	000  	12 6 7	  06LiDuSoWa.486
1462.353177	1000	010  	   8 2 6	000  	8 1 7	  06LiDuSoWa.487
1464.625948	1000	010  	   4 2 3	000  	4 1 4	  06LiDuSoWa.488
1466.111823	1000	010  	   2 2 1	000  	2 0 2	  06LiDuSoWa.489
1467.588193	1000	010  	   3 2 2	000  	3 0 3	  06LiDuSoWa.490
1468.277949	1000	010  	   9 2 7	000  	9 2 8	  06LiDuSoWa.491
1468.557604	1000	010  	   9 3 6	000  	8 4 5	  06LiDuSoWa.492
1470.394481	1000	010  	   6 1 5	000  	5 2 4	  06LiDuSoWa.493
1470.568443	1000	010  	   11 4 8	000  	10 5 5	  06LiDuSoWa.494
1470.646113	1000	010  	   4 2 3	000  	4 0 4	  06LiDuSoWa.495
1471.668852	1000	010  	   7 1 6	000  	7 1 7	  06LiDuSoWa.496
1471.810898	1000	010  	   11 3 9	000  	10 4 6	  06LiDuSoWa.497
1471.972141	1000	010  	   5 2 4	000  	5 1 5	  06LiDuSoWa.498
1472.879414	1000	010  	   7 1 6	000  	7 0 7	  06LiDuSoWa.499
1473.167237	1000	010  	   9 3 6	000  	9 2 7	  06LiDuSoWa.500
1473.270090	1000	010  	   8 3 5	000  	8 2 6	  06LiDuSoWa.501
1475.222037	1000	010  	   9 2 7	000  	9 1 8	  06LiDuSoWa.502
1475.730799	1000	010  	   5 2 4	000  	5 0 5	  06LiDuSoWa.503
1475.789296	1000	010  	   7 3 4	000  	7 2 5	  06LiDuSoWa.504
1476.298704	1000	010  	   10 3 7	000  	10 2 8	  06LiDuSoWa.505
1476.384726	1000	010  	   4 3 2	000  	3 3 1	  06LiDuSoWa.506
1476.548711	1000	010  	   4 3 1	000  	3 3 0	  06LiDuSoWa.507
1478.304914	1000	010  	   12 3 10	000  	11 4 7	  06LiDuSoWa.508
1478.452130	1000	010  	   7 7 0	000  	7 7 1	  06LiDuSoWa.509
1478.452130	1000	010  	   7 7 1	000  	7 7 0	  06LiDuSoWa.510
1478.805415	1000	010  	   8 7 2	000  	8 7 1	  06LiDuSoWa.511
1478.805415	1000	010  	   8 7 1	000  	8 7 2	  06LiDuSoWa.512
1479.196532	1000	010  	   9 7 2	000  	9 7 3	  06LiDuSoWa.513
1479.196532	1000	010  	   9 7 3	000  	9 7 2	  06LiDuSoWa.514
1479.582953	1000	010  	   11 4 7	000  	10 5 6	  06LiDuSoWa.515
1479.626675	1000	010  	   6 3 3	000  	6 2 4	  06LiDuSoWa.516
1480.069626	1000	010  	   11 7 5	000  	11 7 4	  06LiDuSoWa.517
1480.069626	1000	010  	   11 7 4	000  	11 7 5	  06LiDuSoWa.518
1480.719053	1000	010  	   6 2 5	000  	6 1 6	  06LiDuSoWa.519
1481.636178	1000	010  	   8 3 6	000  	9 1 9	  06LiDuSoWa.520
1482.643013	1000	010  	   5 5 1	000  	6 4 2	  06LiDuSoWa.521
1482.726808	1000	010  	   5 5 0	000  	6 4 3	  06LiDuSoWa.522
1483.142964	1000	010  	   11 3 8	000  	11 2 9	  06LiDuSoWa.523
1483.609419	1000	010  	   5 3 2	000  	5 2 3	  06LiDuSoWa.524
1484.932256	1000	010  	   8 2 6	000  	7 3 5	  06LiDuSoWa.525
1486.328472	1000	010  	   12 4 9	000  	11 5 6	  06LiDuSoWa.526
1486.523226	1000	010  	   10 2 8	000  	10 2 9	  06LiDuSoWa.527
1486.800056	1000	010  	   4 3 1	000  	4 2 2	  06LiDuSoWa.528
1488.408459	1000	010  	   8 1 7	000  	8 1 8	  06LiDuSoWa.529
1488.764485	1000	010  	   3 3 0	000  	3 2 1	  06LiDuSoWa.530
1490.440890	1000	010  	   3 3 1	000  	3 2 2	  06LiDuSoWa.531
1490.709889	1000	010  	   7 2 6	000  	7 1 7	  06LiDuSoWa.532
1490.734314	1000	010  	   10 2 8	000  	10 1 9	  06LiDuSoWa.533
1491.324079	1000	010  	   7 1 6	000  	6 2 5	  06LiDuSoWa.534
1491.477183	1000	010  	   4 3 2	000  	4 2 3	  06LiDuSoWa.535
1491.920085	1000	010  	   7 2 6	000  	7 0 7	  06LiDuSoWa.536
1492.848116	1000	010  	   5 3 2	000  	4 3 1	  06LiDuSoWa.537
1493.358909	1000	010  	   5 3 3	000  	5 2 4	  06LiDuSoWa.538
1493.645370	1000	010  	   10 3 7	000  	9 4 6	  06LiDuSoWa.539
1493.810872	1000	010  	   12 3 9	000  	12 2 10	  06LiDuSoWa.540
1496.345491	1000	010  	   6 3 4	000  	6 2 5	  06LiDuSoWa.541
1496.949734	1000	010  	   2 2 0	000  	1 0 1	  06LiDuSoWa.542
1498.257989	1000	010  	   8 8 1	000  	8 8 0	  06LiDuSoWa.543
1498.257989	1000	010  	   8 8 1	000  	8 8 0	  06LiDuSoWa.544
1498.617637	1000	010  	   9 8 2	000  	9 8 1	  06LiDuSoWa.545
1498.617637	1000	010  	   9 8 1	000  	9 8 2	  06LiDuSoWa.546
1499.009176	1000	010  	   10 8 3	000  	10 8 2	  06LiDuSoWa.547
1499.009176	1000	010  	   10 8 2	000  	10 8 3	  06LiDuSoWa.548
1500.644982	1000	010  	   7 3 5	000  	7 2 6	  06LiDuSoWa.549
1501.729405	1000	010  	   8 2 7	000  	8 1 8	  06LiDuSoWa.550
1502.374525	1000	010  	   8 2 7	000  	8 0 8	  06LiDuSoWa.551
1503.841659	1000	010  	   8 1 8	000  	7 1 7	  06LiDuSoWa.552
1504.210495	1000	010  	   8 0 8	000  	7 0 7	  06LiDuSoWa.553
1504.596069	1000	010  	   5 4 2	000  	4 4 1	  06LiDuSoWa.554
1504.609909	1000	010  	   5 4 1	000  	4 4 0	  06LiDuSoWa.555
1504.776780	1000	010  	   9 1 8	000  	9 1 9	  06LiDuSoWa.556
1505.070960	1000	010  	   6 2 4	000  	5 2 3	  06LiDuSoWa.557
1505.112300	1000	010  	   9 1 8	000  	9 0 9	  06LiDuSoWa.558
1506.387966	1000	010  	   8 3 6	000  	8 2 7	  06LiDuSoWa.559
1507.887962	1000	010  	   11 2 9	000  	11 1 10	  06LiDuSoWa.560
1508.021325	1000	010  	   11 4 7	000  	11 3 8	  06LiDuSoWa.561
1508.219597	1000	010  	   6 3 4	000  	5 3 3	  06LiDuSoWa.562
1509.974516	1000	010  	   9 2 7	000  	8 3 6	  06LiDuSoWa.563
1510.365044	1000	010  	   7 2 6	000  	6 2 5	  06LiDuSoWa.564
1511.180047	1000	010  	   8 1 7	000  	7 2 6	  06LiDuSoWa.565
1511.315739	1000	010  	   9 7 3	000  	10 6 4	  06LiDuSoWa.566
1512.978730	1000	010  	   7 1 6	000  	6 1 5	  06LiDuSoWa.567
1513.612020	1000	010  	   9 3 7	000  	9 2 8	  06LiDuSoWa.568
1513.868714	1000	010  	   9 2 8	000  	9 0 9	  06LiDuSoWa.569
1514.207420	1000	010  	   3 2 1	000  	2 0 2	  06LiDuSoWa.570
1515.813460	1000	010  	   9 1 9	000  	8 1 8	  06LiDuSoWa.571
1516.010184	1000	010  	   9 0 9	000  	8 0 8	  06LiDuSoWa.572
1516.511507	1000	010  	   7 3 5	000  	7 1 6	  06LiDuSoWa.573
1517.230963	1000	010  	   8 3 6	000  	8 1 7	  06LiDuSoWa.574
1517.999837	1000	010  	   6 3 4	000  	6 1 5	  06LiDuSoWa.575
1518.649484	1000	010  	   9 9 1	000  	9 9 0	  06LiDuSoWa.576
1518.649484	1000	010  	   9 9 0	000  	9 9 1	  06LiDuSoWa.577
1518.813577	1000	010  	   9 4 5	000  	9 3 6	  06LiDuSoWa.578
1519.011619	1000	010  	   10 9 1	000  	10 9 2	  06LiDuSoWa.579
1519.011619	1000	010  	   10 9 2	000  	10 9 1	  06LiDuSoWa.580
1520.561602	1000	010  	   6 4 3	000  	5 4 2	  06LiDuSoWa.581
1520.592437	1000	010  	   10 1 9	000  	10 0 10	  06LiDuSoWa.582
1520.622831	1000	010  	   6 4 2	000  	5 4 1	  06LiDuSoWa.583
1521.007717	1000	010  	   5 3 3	000  	5 1 4	  06LiDuSoWa.584
1522.258665	1000	010  	   10 3 8	000  	10 2 9	  06LiDuSoWa.585
1522.874784	1000	010  	   7 2 5	000  	6 2 4	  06LiDuSoWa.586
1523.823663	1000	010  	   8 4 4	000  	8 3 5	  06LiDuSoWa.587
1524.087449	1000	010  	   7 3 5	000  	6 3 4	  06LiDuSoWa.588
1524.501276	1000	010  	   8 2 7	000  	7 2 6	  06LiDuSoWa.589
1524.767660	1000	010  	   4 3 2	000  	4 1 3	  06LiDuSoWa.590
1525.271507	1000	010  	   4 2 2	000  	3 1 3	  06LiDuSoWa.591
1525.593689	1000	010  	   12 2 10	000  	12 1 11	  06LiDuSoWa.592
1525.882113	1000	010  	   10 2 9	000  	10 1 10	  06LiDuSoWa.593
1526.050738	1000	010  	   10 2 9	000  	10 0 10	  06LiDuSoWa.594
1526.469011	1000	010  	   10 3 8	000  	10 1 9	  06LiDuSoWa.595
1527.005078	1000	010  	   7 3 4	000  	6 3 3	  06LiDuSoWa.596
1527.045901	1000	010  	   8 1 7	000  	7 1 6	  06LiDuSoWa.597
1527.574322	1000	010  	   10 1 10	000  	9 1 9	  06LiDuSoWa.598
1527.675360	1000	010  	   10 0 10	000  	9 0 9	  06LiDuSoWa.599
1529.532531	1000	010  	   9 1 8	000  	8 2 7	  06LiDuSoWa.600
1529.946140	1000	010  	   6 4 2	000  	6 3 3	  06LiDuSoWa.601
1531.225685	1000	010  	   5 4 1	000  	5 3 2	  06LiDuSoWa.602
1531.797678	1000	010  	   4 4 0	000  	4 3 1	  06LiDuSoWa.603
1531.979967	1000	010  	   5 4 2	000  	5 3 3	  06LiDuSoWa.604
1531.993020	1000	010  	   4 4 1	000  	4 3 2	  06LiDuSoWa.605
1532.019618	1000	010  	   7 2 6	000  	6 1 5	  06LiDuSoWa.606
1532.089450	1000	010  	   6 4 3	000  	6 3 4	  06LiDuSoWa.607
1532.182814	1000	010  	   11 3 9	000  	11 2 10	  06LiDuSoWa.608
1532.508951	1000	010  	   7 4 4	000  	7 3 5	  06LiDuSoWa.609
1533.485115	1000	010  	   8 4 5	000  	8 3 6	  06LiDuSoWa.610
1534.093463	1000	010  	   4 2 2	000  	3 0 3	  06LiDuSoWa.611
1534.785842	1000	010  	   10 2 8	000  	9 3 7	  06LiDuSoWa.612
1535.200467	1000	010  	   6 5 2	000  	5 5 1	  06LiDuSoWa.613
1535.200467	1000	010  	   6 5 1	000  	5 5 0	  06LiDuSoWa.614
1535.291585	1000	010  	   9 4 6	000  	9 3 7	  06LiDuSoWa.615
1535.291585	1000	010  	   11 1 10	000  	11 1 11	  06LiDuSoWa.616
1536.635556	1000	010  	   7 4 4	000  	6 4 3	  06LiDuSoWa.617
1536.832361	1000	010  	   7 4 3	000  	6 4 2	  06LiDuSoWa.618
1538.189091	1000	010  	   10 4 7	000  	10 3 8	  06LiDuSoWa.619
1538.553554	1000	010  	   11 2 10	000  	11 1 11	  06LiDuSoWa.620
1538.639629	1000	010  	   11 2 10	000  	11 0 11	  06LiDuSoWa.621
1539.018671	1000	010  	   11 0 11	000  	10 1 10	  06LiDuSoWa.622
1539.141344	1000	010  	   11 1 11	000  	10 1 10	  06LiDuSoWa.623
1539.191277	1000	010  	   11 0 11	000  	10 0 10	  06LiDuSoWa.624
1539.809902	1000	010  	   8 3 6	000  	7 3 5	  06LiDuSoWa.625
1540.261434	1000	010  	   8 2 6	000  	7 2 5	  06LiDuSoWa.626
1540.366979	1000	010  	   8 2 7	000  	7 1 6	  06LiDuSoWa.627
1540.375233	1000	010  	   9 1 8	000  	8 1 7	  06LiDuSoWa.628
1541.842474	1000	010  	   10 8 3	000  	11 7 4	  06LiDuSoWa.629
1541.842474	1000	010  	   10 8 2	000  	11 7 5	  06LiDuSoWa.630
1542.388334	1000	010  	   11 4 8	000  	11 3 9	  06LiDuSoWa.631
1543.173958	1000	010  	   12 3 10	000  	12 2 11	  06LiDuSoWa.632
1544.704963	1000	010  	   3 3 0	000  	3 1 3	  06LiDuSoWa.633
1544.972060	1000	010  	   8 3 5	000  	7 3 4	  06LiDuSoWa.634
1545.805516	1000	010  	   11 6 5	000  	12 4 8	  06LiDuSoWa.635
1546.286612	1000	010  	   10 1 9	000  	9 2 8	  06LiDuSoWa.636
1547.935851	1000	010  	   12 3 9	000  	11 4 8	  06LiDuSoWa.637
1548.022570	1000	010  	   12 4 9	000  	12 3 10	  06LiDuSoWa.638
1549.131926	1000	010  	   9 2 8	000  	8 1 7	  06LiDuSoWa.639
1550.459916	1000	010  	   12 0 12	000  	11 1 11	  06LiDuSoWa.640
1550.522185	1000	010  	   12 1 12	000  	11 1 11	  06LiDuSoWa.641
1550.545830	1000	010  	   12 0 12	000  	11 0 11	  06LiDuSoWa.642
1550.608451	1000	010  	   12 1 12	000  	11 0 11	  06LiDuSoWa.643
1551.106745	1000	010  	   7 5 3	000  	6 5 2	  06LiDuSoWa.644
1551.385802	1000	010  	   12 2 11	000  	12 1 12	  06LiDuSoWa.645
1551.744756	1000	010  	   10 2 9	000  	9 2 8	  06LiDuSoWa.646
1551.873756	1000	010  	   5 2 3	000  	4 1 4	  06LiDuSoWa.647
1552.790373	1000	010  	   8 4 5	000  	7 4 4	  06LiDuSoWa.648
1553.230589	1000	010  	   10 1 9	000  	9 1 8	  06LiDuSoWa.649
1553.303156	1000	010  	   8 4 4	000  	7 4 3	  06LiDuSoWa.650
1555.308608	1000	010  	   9 3 7	000  	8 3 6	  06LiDuSoWa.651
1557.048259	1000	010  	   9 2 7	000  	8 2 6	  06LiDuSoWa.652
1557.890930	1000	010  	   5 2 3	000  	4 0 4	  06LiDuSoWa.653
1558.663898	1000	010  	   11 2 9	000  	10 3 8	  06LiDuSoWa.654
1558.688661	1000	010  	   10 2 9	000  	9 1 8	  06LiDuSoWa.655
1560.727527	1000	010  	   12 5 7	000  	12 4 8	  06LiDuSoWa.656
1561.635119	1000	010  	   11 1 10	000  	10 2 9	  06LiDuSoWa.657
1561.690523	1000	010  	   13 0 13	000  	12 1 12	  06LiDuSoWa.658
1561.733306	1000	010  	   13 0 13	000  	12 0 12	  06LiDuSoWa.659
1563.318522	1000	010  	   9 3 6	000  	8 3 5	  06LiDuSoWa.660
1564.621790	1000	010  	   5 3 3	000  	4 2 2	  06LiDuSoWa.661
1564.898109	1000	010  	   11 2 10	000  	10 2 9	  06LiDuSoWa.662
1565.846646	1000	010  	   11 1 10	000  	10 1 9	  06LiDuSoWa.663
1566.151316	1000	010  	   11 5 6	000  	11 4 7	  06LiDuSoWa.664
1567.103692	1000	010  	   8 5 4	000  	7 5 3	  06LiDuSoWa.665
1567.124415	1000	010  	   8 5 3	000  	7 5 2	  06LiDuSoWa.666
1567.634765	1000	010  	   7 6 1	000  	6 6 0	  06LiDuSoWa.667
1567.634765	1000	010  	   7 6 2	000  	6 6 1	  06LiDuSoWa.668
1568.980136	1000	010  	   9 4 6	000  	8 4 5	  06LiDuSoWa.669
1569.086555	1000	010  	   10 6 4	000  	11 4 7	  06LiDuSoWa.670
1569.109522	1000	010  	   11 2 10	000  	10 1 9	  06LiDuSoWa.671
1570.126768	1000	010  	   9 4 5	000  	8 4 4	  06LiDuSoWa.672
1570.244414	1000	010  	   5 3 2	000  	4 2 3	  06LiDuSoWa.673
1570.521483	1000	010  	   10 3 8	000  	9 3 7	  06LiDuSoWa.674
1572.651849	1000	010  	   9 5 4	000  	9 4 5	  06LiDuSoWa.675
1573.083961	1000	010  	   10 2 8	000  	9 2 7	  06LiDuSoWa.676
1574.215935	1000	010  	   8 5 3	000  	8 4 4	  06LiDuSoWa.677
1574.518024	1000	010  	   10 5 6	000  	10 4 7	  06LiDuSoWa.678
1574.654951	1000	010  	   11 5 7	000  	11 4 8	  06LiDuSoWa.679
1574.720415	1000	010  	   9 5 5	000  	9 4 6	  06LiDuSoWa.680
1575.061593	1000	010  	   8 5 4	000  	8 4 5	  06LiDuSoWa.681
1575.108821	1000	010  	   7 5 2	000  	7 4 3	  06LiDuSoWa.682
1575.403301	1000	010  	   7 5 3	000  	7 4 4	  06LiDuSoWa.683
1575.587651	1000	010  	   6 5 1	000  	6 4 2	  06LiDuSoWa.684
1575.670657	1000	010  	   6 5 2	000  	6 4 3	  06LiDuSoWa.685
1575.822817	1000	010  	   5 5 0	000  	5 4 1	  06LiDuSoWa.686
1575.839719	1000	010  	   5 5 1	000  	5 4 2	  06LiDuSoWa.687
1575.895781	1000	010  	   12 1 11	000  	11 2 10	  06LiDuSoWa.688
1576.519195	1000	010  	   6 3 4	000  	5 2 3	  06LiDuSoWa.689
1577.786175	1000	010  	   12 2 11	000  	11 2 10	  06LiDuSoWa.690
1578.343725	1000	010  	   12 1 11	000  	11 1 10	  06LiDuSoWa.691
1580.234302	1000	010  	   12 2 11	000  	11 1 10	  06LiDuSoWa.692
1580.985698	1000	010  	   12 2 10	000  	11 3 9	  06LiDuSoWa.693
1582.592413	1000	010  	   6 2 4	000  	5 1 5	  06LiDuSoWa.694
1583.191196	1000	010  	   9 5 5	000  	8 5 4	  06LiDuSoWa.695
1583.255637	1000	010  	   9 5 4	000  	8 5 3	  06LiDuSoWa.696
1583.461652	1000	010  	   8 6 3	000  	7 6 2	  06LiDuSoWa.697
1583.461652	1000	010  	   8 6 2	000  	7 6 1	  06LiDuSoWa.698
1585.137442	1000	010  	   10 4 7	000  	9 4 6	  06LiDuSoWa.699
1585.406428	1000	010  	   11 3 9	000  	10 3 8	  06LiDuSoWa.700
1586.351461	1000	010  	   6 2 4	000  	5 0 5	  06LiDuSoWa.701
1586.633304	1000	010  	   7 3 5	000  	6 2 4	  06LiDuSoWa.702
1587.397605	1000	010  	   10 4 6	000  	9 4 5	  06LiDuSoWa.703
1588.265854	1000	010  	   11 2 9	000  	10 2 8	  06LiDuSoWa.704
1589.199953	1000	010  	   6 3 3	000  	5 2 4	  06LiDuSoWa.705
1591.114054	1000	010  	   4 3 1	000  	3 1 2	  06LiDuSoWa.706
1594.071630	1000	010  	   4 4 1	000  	3 3 0	  06LiDuSoWa.707
1594.101933	1000	010  	   4 4 0	000  	3 3 1	  06LiDuSoWa.708
1595.138862	1000	010  	   8 3 6	000  	7 2 5	  06LiDuSoWa.709
1599.354019	1000	010  	   10 5 6	000  	9 5 5	  06LiDuSoWa.710
1599.354019	1000	010  	   9 6 4	000  	8 6 3	  06LiDuSoWa.711
1599.354019	1000	010  	   9 6 3	000  	8 6 2	  06LiDuSoWa.712
1599.526826	1000	010  	   10 5 5	000  	9 5 4	  06LiDuSoWa.713
1599.761121	1000	010  	   11 3 8	000  	10 3 7	  06LiDuSoWa.714
1599.944528	1000	010  	   12 3 10	000  	11 3 9	  06LiDuSoWa.715
1601.187045	1000	010  	   11 4 8	000  	10 4 7	  06LiDuSoWa.716
1601.331852	1000	010  	   8 7 1	000  	7 7 0	  06LiDuSoWa.717
1601.331852	1000	010  	   8 7 2	000  	7 7 1	  06LiDuSoWa.718
1602.382443	1000	010  	   9 3 7	000  	8 2 6	  06LiDuSoWa.719
1602.607636	1000	010  	   12 2 10	000  	11 2 9	  06LiDuSoWa.720
1605.162646	1000	010  	   11 4 7	000  	10 4 6	  06LiDuSoWa.721
1608.819502	1000	010  	   10 3 8	000  	9 2 7	  06LiDuSoWa.722
1609.518384	1000	010  	   5 4 2	000  	4 3 1	  06LiDuSoWa.723
1609.731060	1000	010  	   5 4 1	000  	4 3 2	  06LiDuSoWa.724
1610.669655	1000	010  	   7 3 4	000  	6 2 5	  06LiDuSoWa.725
1615.008358	1000	010  	   11 3 9	000  	10 2 8	  06LiDuSoWa.726
1615.310086	1000	010  	   10 6 5	000  	9 6 4	  06LiDuSoWa.727
1615.310086	1000	010  	   10 6 4	000  	9 6 3	  06LiDuSoWa.728
1615.571290	1000	010  	   11 5 7	000  	10 5 6	  06LiDuSoWa.729
1615.970554	1000	010  	   11 5 6	000  	10 5 5	  06LiDuSoWa.730
1617.283462	1000	010  	   7 2 5	000  	6 1 6	  06LiDuSoWa.731
1617.283462	1000	010  	   12 3 9	000  	11 3 8	  06LiDuSoWa.732
1618.494885	1000	010  	   11 6 6	000  	11 5 7	  06LiDuSoWa.733
1618.906723	1000	010  	   10 6 4	000  	10 5 5	  06LiDuSoWa.734
1619.800934	1000	010  	   9 6 4	000  	9 5 5	  06LiDuSoWa.735
1620.206278	1000	010  	   8 6 2	000  	8 5 3	  06LiDuSoWa.736
1620.238779	1000	010  	   8 6 3	000  	8 5 4	  06LiDuSoWa.737
1620.541923	1000	010  	   7 6 2	000  	7 5 3	  06LiDuSoWa.738
1620.541923	1000	010  	   7 6 1	000  	7 5 2	  06LiDuSoWa.739
1620.737748	1000	010  	   6 6 0	000  	6 5 1	  06LiDuSoWa.740
1620.737748	1000	010  	   6 6 1	000  	6 5 2	  06LiDuSoWa.741
1623.352355	1000	010  	   12 4 8	000  	11 4 7	  06LiDuSoWa.742
1624.636797	1000	010  	   6 4 3	000  	5 3 2	  06LiDuSoWa.743
1625.484911	1000	010  	   6 4 2	000  	5 3 3	  06LiDuSoWa.744
1635.516009	1000	010  	   8 3 5	000  	7 2 6	  06LiDuSoWa.745
1639.054150	1000	010  	   7 4 4	000  	6 3 3	  06LiDuSoWa.746
1641.556330	1000	010  	   7 4 3	000  	6 3 4	  06LiDuSoWa.747
1648.647307	1000	010  	   11 7 5	000  	10 7 4	  06LiDuSoWa.748
1648.647307	1000	010  	   11 7 4	000  	10 7 3	  06LiDuSoWa.749
1651.381980	1000	010  	   8 3 5	000  	7 1 6	  06LiDuSoWa.750
1651.409712	1000	010  	   10 8 2	000  	9 8 1	  06LiDuSoWa.751
1651.409712	1000	010  	   10 8 3	000  	9 8 2	  06LiDuSoWa.752
1652.155816	1000	010  	   10 7 4	000  	11 5 7	  06LiDuSoWa.753
1655.485955	1000	010  	   8 2 6	000  	7 1 7	  06LiDuSoWa.754
1658.294509	1000	010  	   8 4 4	000  	7 3 5	  06LiDuSoWa.755
1663.740882	1000	010  	   9 4 6	000  	8 3 5	  06LiDuSoWa.756
1664.367118	1000	010  	   9 3 6	000  	8 2 7	  06LiDuSoWa.757
1664.367118	1000	010  	   11 7 5	000  	11 6 6	  06LiDuSoWa.758
1664.482530	1000	010  	   12 7 6	000  	11 7 5	  06LiDuSoWa.759
1664.482530	1000	010  	   12 7 5	000  	11 7 4	  06LiDuSoWa.760
1664.960817	1000	010  	   10 7 3	000  	10 6 4	  06LiDuSoWa.761
1664.972022	1000	010  	   10 7 4	000  	10 6 5	  06LiDuSoWa.762
1665.431751	1000	010  	   9 7 3	000  	9 6 4	  06LiDuSoWa.763
1665.431751	1000	010  	   9 7 2	000  	9 6 3	  06LiDuSoWa.764
1665.774714	1000	010  	   8 7 1	000  	8 6 2	  06LiDuSoWa.765
1665.774714	1000	010  	   8 7 2	000  	8 6 3	  06LiDuSoWa.766
1666.022147	1000	010  	   7 7 0	000  	7 6 1	  06LiDuSoWa.767
1666.022147	1000	010  	   7 7 1	000  	7 6 2	  06LiDuSoWa.768
1673.185926	1000	010  	   10 4 7	000  	9 3 6	  06LiDuSoWa.769
1676.236440	1000	010  	   9 4 5	000  	8 3 6	  06LiDuSoWa.770
1680.629738	1000	010  	   11 4 8	000  	10 3 7	  06LiDuSoWa.771
1684.135490	1000	010  	   7 5 3	000  	6 4 2	  06LiDuSoWa.772
1684.226270	1000	010  	   7 5 2	000  	6 4 3	  06LiDuSoWa.773
1686.406943	1000	010  	   12 4 9	000  	11 3 8	  06LiDuSoWa.774
1699.301967	1000	010  	   8 5 4	000  	7 4 3	  06LiDuSoWa.775
1699.631212	1000	010  	   8 5 3	000  	7 4 4	  06LiDuSoWa.776
-1709.865211	1000	010  	   11 8 4	000  	11 7 5	  06LiDuSoWa.777
1714.080586	1000	010  	   9 5 5	000  	8 4 4	  06LiDuSoWa.778
1715.052287	1000	010  	   9 5 4	000  	8 4 5	  06LiDuSoWa.779
1728.175824	1000	010  	   10 5 6	000  	9 4 5	  06LiDuSoWa.780
1728.744873	1000	010  	   7 6 2	000  	6 5 1	  06LiDuSoWa.781
1728.744873	1000	010  	   7 6 1	000  	6 5 2	  06LiDuSoWa.782
1741.152295	1000	010  	   11 5 7	000  	10 4 6	  06LiDuSoWa.783
1744.043631	1000	010  	   8 6 2	000  	7 5 3	  06LiDuSoWa.784
1744.991652	1000	010  	   12 4 8	000  	11 3 9	  06LiDuSoWa.785
1746.589615	1000	010  	   11 5 6	000  	10 4 7	  06LiDuSoWa.786
1759.224398	1000	010  	   9 6 4	000  	8 5 3	  06LiDuSoWa.787
1759.258709	1000	010  	   9 6 3	000  	8 5 4	  06LiDuSoWa.788
1763.362937	1000	010  	   12 5 7	000  	11 4 8	  06LiDuSoWa.789
1773.695856	1000	010  	   7 7 0	000  	6 6 1	  06LiDuSoWa.790
1773.695856	1000	010  	   7 7 1	000  	6 6 0	  06LiDuSoWa.791
1774.364299	1000	010  	   10 6 4	000  	9 5 5	  06LiDuSoWa.792
1774.804308	1000	010  	   12 3 9	000  	11 2 10	  06LiDuSoWa.793
1788.901620	1000	010  	   8 7 1	000  	7 6 2	  06LiDuSoWa.794
1788.901620	1000	010  	   8 7 2	000  	7 6 1	  06LiDuSoWa.795
1789.010144	1000	010  	   11 6 6	000  	10 5 5	  06LiDuSoWa.796
1804.035938	1000	010  	   9 7 3	000  	8 6 2	  06LiDuSoWa.797
1804.035938	1000	010  	   9 7 2	000  	8 6 3	  06LiDuSoWa.798
1804.267904	1000	010  	   12 6 6	000  	11 5 7	  06LiDuSoWa.799
1819.075621	1000	010  	   10 7 4	000  	9 6 3	  06LiDuSoWa.800
1819.075621	1000	010  	   10 7 3	000  	9 6 4	  06LiDuSoWa.801
1833.721716	1000	010  	   8 8 1	000  	7 7 0	  06LiDuSoWa.802
1833.721716	1000	010  	   8 8 0	000  	7 7 1	  06LiDuSoWa.803
1848.724028	1000	010  	   9 8 2	000  	8 7 1	  06LiDuSoWa.804
1848.724028	1000	010  	   9 8 1	000  	8 7 2	  06LiDuSoWa.805
1863.645772	1000	010  	   10 8 3	000  	9 7 2	  06LiDuSoWa.806
1863.645772	1000	010  	   10 8 2	000  	9 7 3	  06LiDuSoWa.807
2500.364449	1000	100  	   11 5 6	000  	12 5 7	  06LiDuSoWa.808
2501.716802	1000	100  	   11 2 9	000  	12 2 10	  06LiDuSoWa.809
2502.766121	1000	100  	   11 4 8	000  	12 4 9	  06LiDuSoWa.810
2502.916966	1000	100  	   5 1 4	000  	6 3 3	  06LiDuSoWa.811
2503.869360	1000	100  	   9 2 7	000  	10 3 8	  06LiDuSoWa.812
2504.919444	1000	100  	   12 1 11	000  	13 1 12	  06LiDuSoWa.813
2504.969536	1000	100  	   13 1 13	000  	14 0 14	  06LiDuSoWa.814
2504.969536	1000	100  	   13 0 13	000  	14 0 14	  06LiDuSoWa.815
2505.623421	1000	100  	   12 2 11	000  	13 2 12	  06LiDuSoWa.816
2509.040390	1000	100  	   11 3 9	000  	12 3 10	  06LiDuSoWa.817
2510.753488	1000	100  	   10 3 7	000  	11 3 8	  06LiDuSoWa.818
2516.221777	1000	100  	   10 4 6	000  	11 4 7	  06LiDuSoWa.819
2517.197119	1000	100  	   10 2 8	000  	11 2 9	  06LiDuSoWa.820
2519.887333	1000	100  	   11 1 10	000  	12 1 11	  06LiDuSoWa.821
2520.313563	1000	100  	   12 0 12	000  	13 0 13	  06LiDuSoWa.822
2520.338671	1000	100  	   12 1 12	000  	13 1 13	  06LiDuSoWa.823
2520.420346	1000	100  	   10 5 6	000  	11 5 7	  06LiDuSoWa.824
2521.070747	1000	100  	   10 4 7	000  	11 4 8	  06LiDuSoWa.825
2521.091968	1000	100  	   11 2 10	000  	12 2 11	  06LiDuSoWa.826
2525.211533	1000	100  	   5 0 5	000  	6 2 4	  06LiDuSoWa.827
2525.771277	1000	100  	   10 3 8	000  	11 3 9	  06LiDuSoWa.828
2530.819207	1000	100  	   9 3 6	000  	10 3 7	  06LiDuSoWa.829
2533.474615	1000	100  	   9 2 7	000  	10 2 8	  06LiDuSoWa.830
2534.550111	1000	100  	   10 1 9	000  	11 1 10	  06LiDuSoWa.831
2535.473346	1000	100  	   11 0 11	000  	12 0 12	  06LiDuSoWa.832
2535.524947	1000	100  	   11 1 11	000  	12 1 12	  06LiDuSoWa.833
2536.515011	1000	100  	   10 2 9	000  	11 2 10	  06LiDuSoWa.834
2536.666332	1000	100  	   9 4 5	000  	10 4 6	  06LiDuSoWa.835
2538.870062	1000	100  	   9 5 4	000  	10 5 5	  06LiDuSoWa.836
2538.981173	1000	100  	   9 6 4	000  	10 6 5	  06LiDuSoWa.837
2538.981173	1000	100  	   9 6 3	000  	10 6 4	  06LiDuSoWa.838
2539.086643	1000	100  	   9 5 5	000  	10 5 6	  06LiDuSoWa.839
2539.391075	1000	100  	   9 4 6	000  	10 4 7	  06LiDuSoWa.840
2542.689180	1000	100  	   9 3 7	000  	10 3 8	  06LiDuSoWa.841
2548.934500	1000	100  	   9 1 8	000  	10 1 9	  06LiDuSoWa.842
2550.355361	1000	100  	   10 0 10	000  	11 1 11	  06LiDuSoWa.843
2550.441907	1000	100  	   10 0 10	000  	11 0 11	  06LiDuSoWa.844
2550.541257	1000	100  	   10 1 10	000  	11 1 11	  06LiDuSoWa.845
2550.605010	1000	100  	   8 2 6	000  	9 2 7	  06LiDuSoWa.846
2551.180523	1000	100  	   8 3 5	000  	9 3 6	  06LiDuSoWa.847
2551.940972	1000	100  	   9 2 8	000  	10 2 9	  06LiDuSoWa.848
2554.179926	1000	100  	   4 0 4	000  	5 2 3	  06LiDuSoWa.849
2556.262352	1000	100  	   8 4 4	000  	9 4 5	  06LiDuSoWa.850
2557.178344	1000	100  	   8 6 2	000  	9 6 3	  06LiDuSoWa.851
2557.178344	1000	100  	   8 6 3	000  	9 6 4	  06LiDuSoWa.852
2557.365988	1000	100  	   8 5 3	000  	9 5 4	  06LiDuSoWa.853
2557.446037	1000	100  	   8 5 4	000  	9 5 5	  06LiDuSoWa.854
2557.623484	1000	100  	   8 4 5	000  	9 4 6	  06LiDuSoWa.855
2559.771099	1000	100  	   8 3 6	000  	9 3 7	  06LiDuSoWa.856
2563.188208	1000	100  	   8 1 7	000  	9 1 8	  06LiDuSoWa.857
2564.373081	1000	100  	   11 1 11	000  	11 1 10	  06LiDuSoWa.858
2565.032084	1000	100  	   9 0 9	000  	10 1 10	  06LiDuSoWa.859
2565.203360	1000	100  	   9 0 9	000  	10 0 10	  06LiDuSoWa.860
2565.392603	1000	100  	   9 1 9	000  	10 1 10	  06LiDuSoWa.861
2565.562788	1000	100  	   9 1 9	000  	10 0 10	  06LiDuSoWa.862
2566.772010	1000	100  	   7 1 6	000  	8 2 7	  06LiDuSoWa.863
2567.419873	1000	100  	   8 2 7	000  	9 2 8	  06LiDuSoWa.864
2568.476090	1000	100  	   7 2 5	000  	8 2 6	  06LiDuSoWa.865
2571.412788	1000	100  	   7 3 4	000  	8 3 5	  06LiDuSoWa.866
2575.048230	1000	100  	   7 6 1	000  	8 6 2	  06LiDuSoWa.867
2575.048230	1000	100  	   7 6 2	000  	8 6 3	  06LiDuSoWa.868
2575.075822	1000	100  	   7 4 3	000  	8 4 4	  06LiDuSoWa.869
2575.444598	1000	100  	   7 5 2	000  	8 5 3	  06LiDuSoWa.870
2575.469895	1000	100  	   7 5 3	000  	8 5 4	  06LiDuSoWa.871
2575.673005	1000	100  	   7 4 4	000  	8 4 5	  06LiDuSoWa.872
2576.698289	1000	100  	   6 1 5	000  	7 2 6	  06LiDuSoWa.873
2576.698289	1000	100  	   10 0 10	000  	10 2 9	  06LiDuSoWa.874
2576.966573	1000	100  	   7 3 5	000  	8 3 6	  06LiDuSoWa.875
2577.615712	1000	100  	   7 1 6	000  	8 1 7	  06LiDuSoWa.876
2578.497578	1000	100  	   3 0 3	000  	4 2 2	  06LiDuSoWa.877
2578.902766	1000	020  	   7 3 5	000  	8 4 4	  06LiDuSoWa.878
2579.405535	1000	100  	   8 0 8	000  	9 1 9	  06LiDuSoWa.879
2579.739789	1000	100  	   8 0 8	000  	9 0 9	  06LiDuSoWa.880
2580.091170	1000	100  	   8 1 8	000  	9 1 9	  06LiDuSoWa.881
2580.426960	1000	100  	   8 1 8	000  	9 0 9	  06LiDuSoWa.882
2581.096041	1000	100  	   10 1 10	000  	10 1 9	  06LiDuSoWa.883
2582.993414	1000	100  	   7 2 6	000  	8 2 7	  06LiDuSoWa.884
2584.564972	1000	020  	   7 3 4	000  	8 4 5	  06LiDuSoWa.885
2585.324244	1000	100  	   10 1 9	000  	10 3 8	  06LiDuSoWa.886
2586.911432	1000	100  	   6 2 4	000  	7 2 5	  06LiDuSoWa.887
2587.816684	1000	020  	   5 0 5	000  	6 2 4	  06LiDuSoWa.888
2589.988135	1000	020  	   12 0 12	000  	13 0 13	  06LiDuSoWa.889
2590.897421	1000	100  	   9 0 9	000  	9 2 8	  06LiDuSoWa.890
2591.068173	1000	100  	   6 3 3	000  	7 3 4	  06LiDuSoWa.891
2591.418037	1000	020  	   6 2 5	000  	7 3 4	  06LiDuSoWa.892
2592.568677	1000	100  	   6 1 5	000  	7 1 6	  06LiDuSoWa.893
2592.594013	1000	100  	   6 6 0	000  	7 6 1	  06LiDuSoWa.894
2592.594013	1000	100  	   6 6 1	000  	7 6 2	  06LiDuSoWa.895
2592.985125	1000	100  	   9 1 8	000  	9 3 7	  06LiDuSoWa.896
2592.985125	1000	100  	   3 1 2	000  	3 3 1	  06LiDuSoWa.897
2593.142279	1000	100  	   6 5 1	000  	7 5 2	  06LiDuSoWa.898
2593.142279	1000	100  	   6 5 2	000  	7 5 3	  06LiDuSoWa.899
2593.234408	1000	100  	   6 4 2	000  	7 4 3	  06LiDuSoWa.900
2593.379336	1000	100  	   7 0 7	000  	8 1 8	  06LiDuSoWa.901
2593.458575	1000	100  	   8 3 6	000  	8 4 5	  06LiDuSoWa.902
2593.458575	1000	100  	   6 4 3	000  	7 4 4	  06LiDuSoWa.903
2593.526232	1000	020  	   5 1 5	000  	6 2 4	  06LiDuSoWa.904
2593.834362	1000	100  	   7 2 6	000  	8 1 7	  06LiDuSoWa.905
2594.025522	1000	100  	   7 0 7	000  	8 0 8	  06LiDuSoWa.906
2594.201103	1000	100  	   6 3 4	000  	7 3 5	  06LiDuSoWa.907
2594.431143	1000	020  	   6 3 4	000  	7 4 3	  06LiDuSoWa.908
2594.655268	1000	100  	   7 1 7	000  	8 1 8	  06LiDuSoWa.909
2595.298458	1000	100  	   7 1 7	000  	8 0 8	  06LiDuSoWa.910
2595.851571	1000	100  	   4 1 3	000  	4 3 2	  06LiDuSoWa.911
2597.939667	1000	100  	   8 1 7	000  	8 3 6	  06LiDuSoWa.912
2598.201177	1000	100  	   9 1 9	000  	9 1 8	  06LiDuSoWa.913
2598.454683	1000	100  	   5 1 4	000  	5 3 3	  06LiDuSoWa.914
2598.686053	1000	100  	   6 2 5	000  	7 2 6	  06LiDuSoWa.915
2598.851307	1000	100  	   2 0 2	000  	3 2 1	  06LiDuSoWa.916
2599.485724	1000	100  	   11 2 10	000  	11 2 9	  06LiDuSoWa.917
2599.852874	1000	100  	   5 3 3	000  	5 4 2	  06LiDuSoWa.918
2600.144183	1000	100  	   6 1 5	000  	6 3 4	  06LiDuSoWa.919
2600.194364	1000	100  	   7 1 6	000  	7 3 5	  06LiDuSoWa.920
2602.466305	1000	020  	   9 2 7	000  	10 3 8	  06LiDuSoWa.921
2604.158639	1000	100  	   8 0 8	000  	8 2 7	  06LiDuSoWa.922
2604.349644	1000	020  	   11 0 11	000  	12 1 12	  06LiDuSoWa.923
2604.393156	1000	020  	   11 0 11	000  	12 0 12	  06LiDuSoWa.924
2604.538462	1000	020  	   11 1 11	000  	12 1 12	  06LiDuSoWa.925
2604.583248	1000	020  	   11 1 11	000  	12 0 12	  06LiDuSoWa.926
2605.706028	1000	100  	   5 2 3	000  	6 2 4	  06LiDuSoWa.927
2606.828578	1000	100  	   6 0 6	000  	7 1 7	  06LiDuSoWa.928
2608.040719	1000	100  	   6 0 6	000  	7 0 7	  06LiDuSoWa.929
2608.236078	1000	100  	   5 1 4	000  	6 1 5	  06LiDuSoWa.930
2609.113778	1000	100  	   6 1 6	000  	7 1 7	  06LiDuSoWa.931
2609.472926	1000	020  	   5 3 3	000  	6 4 2	  06LiDuSoWa.933
2609.883212	1000	100  	   5 3 2	000  	6 3 3	  06LiDuSoWa.934
2610.154895	1000	020  	   7 2 5	000  	8 3 6	  06LiDuSoWa.935
2610.250962	1000	020  	   5 3 2	000  	6 4 3	  06LiDuSoWa.936
2610.322624	1000	100  	   12 3 9	000  	12 4 8	  06LiDuSoWa.937
2610.322624	1000	100  	   6 1 6	000  	7 0 7	  06LiDuSoWa.938
2610.484127	1000	100  	   5 5 1	000  	6 5 2	  06LiDuSoWa.939
2610.484127	1000	100  	   5 5 0	000  	6 5 1	  06LiDuSoWa.940
2610.857430	1000	100  	   5 4 1	000  	6 4 2	  06LiDuSoWa.941
2610.927018	1000	100  	   5 4 2	000  	6 4 3	  06LiDuSoWa.942
2611.382293	1000	100  	   5 3 3	000  	6 3 4	  06LiDuSoWa.943
2611.938480	1000	020  	   5 2 4	000  	6 3 3	  06LiDuSoWa.944
2614.497309	1000	100  	   5 2 4	000  	6 2 5	  06LiDuSoWa.945
2615.444307	1000	020  	   4 0 4	000  	5 2 3	  06LiDuSoWa.946
2615.688730	1000	100  	   8 1 8	000  	8 1 7	  06LiDuSoWa.947
2616.150023	1000	100  	   7 0 7	000  	7 2 6	  06LiDuSoWa.948
2616.450356	1000	100  	   1 0 1	000  	2 2 0	  06LiDuSoWa.949
2617.634698	1000	020  	   12 1 12	000  	12 1 11	  06LiDuSoWa.950
2618.460149	1000	020  	   10 0 10	000  	11 1 11	  06LiDuSoWa.951
2618.547319	1000	020  	   10 0 10	000  	11 0 11	  06LiDuSoWa.952
2618.812615	1000	020  	   10 1 10	000  	11 1 11	  06LiDuSoWa.953
2618.897931	1000	020  	   10 1 10	000  	11 0 11	  06LiDuSoWa.954
2619.063404	1000	020  	   11 2 10	000  	12 2 11	  06LiDuSoWa.955
2619.338891	1000	100  	   10 2 9	000  	10 2 8	  06LiDuSoWa.956
2619.618694	1000	100  	   5 0 5	000  	6 1 6	  06LiDuSoWa.957
2620.444558	1000	020  	   11 2 10	000  	12 1 11	  06LiDuSoWa.958
2621.807667	1000	100  	   5 0 5	000  	6 0 6	  06LiDuSoWa.959
2623.504088	1000	100  	   5 1 5	000  	6 1 6	  06LiDuSoWa.960
2623.601596	1000	020  	   10 1 9	000  	11 2 10	  06LiDuSoWa.961
2623.813082	1000	020  	   4 4 1	000  	5 5 0	  06LiDuSoWa.962
2623.813082	1000	020  	   4 4 0	000  	5 5 1	  06LiDuSoWa.963
2624.117652	1000	020  	   4 1 4	000  	5 2 3	  06LiDuSoWa.964
2624.376121	1000	020  	   4 3 2	000  	5 4 1	  06LiDuSoWa.965
2624.570811	1000	100  	   4 1 3	000  	5 1 4	  06LiDuSoWa.966
2624.570811	1000	020  	   4 3 1	000  	5 4 2	  06LiDuSoWa.967
2625.083525	1000	020  	   5 2 3	000  	6 3 4	  06LiDuSoWa.968
2625.690360	1000	100  	   5 1 5	000  	6 0 6	  06LiDuSoWa.969
2626.050878	1000	020  	   10 1 9	000  	11 1 10	  06LiDuSoWa.970
2626.369593	1000	100  	   5 2 4	000  	5 3 3	  06LiDuSoWa.971
2626.485101	1000	100  	   6 0 6	000  	6 2 5	  06LiDuSoWa.972
2627.825709	1000	100  	   4 3 1	000  	5 3 2	  06LiDuSoWa.973
2628.025104	1000	100  	   4 4 0	000  	5 4 1	  06LiDuSoWa.974
2628.040063	1000	100  	   4 4 1	000  	5 4 2	  06LiDuSoWa.975
2628.411095	1000	100  	   4 3 2	000  	5 3 3	  06LiDuSoWa.976
2628.770263	1000	100  	   6 1 6	000  	6 2 5	  06LiDuSoWa.977
2629.334489	1000	100  	   4 2 3	000  	4 3 2	  06LiDuSoWa.978
2630.091004	1000	020  	   4 2 3	000  	5 3 2	  06LiDuSoWa.979
2630.400274	1000	100  	   4 2 3	000  	5 2 4	  06LiDuSoWa.980
2631.149226	1000	020  	   10 2 9	000  	11 2 10	  06LiDuSoWa.981
2631.700318	1000	100  	   4 0 4	000  	5 1 5	  06LiDuSoWa.982
2631.752304	1000	020  	   9 1 8	000  	10 2 9	  06LiDuSoWa.983
2632.069841	1000	020  	   9 2 7	000  	10 2 8	  06LiDuSoWa.984
2632.247251	1000	020  	   9 0 9	000  	10 1 10	  06LiDuSoWa.985
2632.418727	1000	020  	   9 0 9	000  	10 0 10	  06LiDuSoWa.986
2632.864288	1000	100  	   3 2 1	000  	3 3 0	  06LiDuSoWa.987
2632.894930	1000	020  	   9 1 9	000  	10 1 10	  06LiDuSoWa.988
2633.066298	1000	020  	   9 1 9	000  	10 0 10	  06LiDuSoWa.989
2633.291084	1000	100  	   7 1 7	000  	7 1 6	  06LiDuSoWa.990
2633.593878	1000	020  	   10 2 9	000  	11 1 10	  06LiDuSoWa.991
2633.814868	1000	100  	   10 2 8	000  	10 3 7	  06LiDuSoWa.992
2633.814868	1000	100  	   4 2 2	000  	4 3 1	  06LiDuSoWa.993
2634.784562	1000	100  	   5 0 5	000  	5 2 4	  06LiDuSoWa.994
2635.460836	1000	100  	   4 0 4	000  	5 0 5	  06LiDuSoWa.995
2635.704299	1000	100  	   5 2 3	000  	5 3 2	  06LiDuSoWa.996
2635.867859	1000	020  	   4 2 2	000  	5 3 3	  06LiDuSoWa.997
2635.963524	1000	020  	   9 1 8	000  	10 1 9	  06LiDuSoWa.998
2637.865267	1000	100  	   4 1 4	000  	5 1 5	  06LiDuSoWa.999
2638.128255	1000	100  	   6 2 4	000  	6 3 3	  06LiDuSoWa.1000
2638.501349	1000	100  	   9 2 8	000  	9 2 7	  06LiDuSoWa.1001
2638.669264	1000	100  	   5 1 5	000  	5 2 4	  06LiDuSoWa.1002
2638.825585	1000	020  	   8 1 7	000  	9 2 8	  06LiDuSoWa.1003
2639.322170	1000	020  	   3 3 1	000  	4 4 0	  06LiDuSoWa.1004
2639.349242	1000	020  	   3 3 0	000  	4 4 1	  06LiDuSoWa.1005
2640.176528	1000	100  	   7 2 5	000  	7 3 4	  06LiDuSoWa.1006
2640.814417	1000	100  	   4 0 4	000  	4 2 3	  06LiDuSoWa.1007
2641.370731	1000	100  	   3 1 2	000  	4 1 3	  06LiDuSoWa.1008
2641.621164	1000	100  	   4 1 4	000  	5 0 5	  06LiDuSoWa.1009
2643.116949	1000	100  	   3 2 1	000  	4 2 2	  06LiDuSoWa.1010
2643.395970	1000	020  	   9 2 8	000  	10 2 9	  06LiDuSoWa.1011
2643.910897	1000	020  	   8 2 6	000  	9 2 7	  06LiDuSoWa.1012
2644.655172	1000	100  	   11 0 11	000  	10 2 8	  06LiDuSoWa.1013
2644.655172	1000	100  	   3 0 3	000  	3 2 2	  06LiDuSoWa.1014
2644.836123	1000	020  	   10 3 8	000  	11 3 9	  06LiDuSoWa.1015
2645.026310	1000	100  	   3 3 0	000  	4 3 1	  06LiDuSoWa.1016
2645.119545	1000	020  	   7 1 6	000  	8 2 7	  06LiDuSoWa.1017
2645.196648	1000	100  	   3 3 1	000  	4 3 2	  06LiDuSoWa.1018
2645.637033	1000	020  	   8 0 8	000  	9 1 9	  06LiDuSoWa.1019
2645.770058	1000	020  	   8 1 7	000  	9 1 8	  06LiDuSoWa.1020
2645.817013	1000	020  	   9 3 6	000  	10 3 7	  06LiDuSoWa.1021
2645.972902	1000	020  	   8 0 8	000  	9 0 9	  06LiDuSoWa.1022
2646.348791	1000	100  	   3 2 2	000  	4 2 3	  06LiDuSoWa.1023
2646.716304	1000	020  	   3 2 2	000  	4 3 1	  06LiDuSoWa.1024
2646.746201	1000	100  	   2 0 2	000  	2 2 1	  06LiDuSoWa.1025
2646.807456	1000	020  	   8 1 8	000  	9 1 9	  06LiDuSoWa.1026
2646.979560	1000	100  	   4 1 4	000  	4 2 3	  06LiDuSoWa.1027
2647.143335	1000	020  	   8 1 8	000  	9 0 9	  06LiDuSoWa.1028
2647.422393	1000	100  	   11 3 9	000  	11 3 8	  06LiDuSoWa.1029
2647.605737	1000	020  	   9 2 8	000  	10 1 9	  06LiDuSoWa.1030
2648.136839	1000	100  	   6 0 6	000  	6 1 5	  06LiDuSoWa.1031
2648.651306	1000	020  	   3 2 1	000  	4 3 2	  06LiDuSoWa.1032
2649.015160	1000	020  	   10 0 10	000  	10 1 9	  06LiDuSoWa.1033
2649.289462	1000	100  	   3 0 3	000  	4 0 4	  06LiDuSoWa.1034
2650.423076	1000	100  	   6 1 6	000  	6 1 5	  06LiDuSoWa.1035
2650.671457	1000	020  	   3 1 3	000  	4 2 2	  06LiDuSoWa.1036
2651.184678	1000	020  	   6 1 5	000  	7 2 6	  06LiDuSoWa.1037
2652.226710	1000	100  	   3 1 3	000  	4 1 4	  06LiDuSoWa.1038
2653.610968	1000	100  	   3 1 3	000  	3 2 2	  06LiDuSoWa.1039
2655.897181	1000	020  	   8 2 7	000  	9 2 8	  06LiDuSoWa.1040
2655.961526	1000	020  	   7 1 6	000  	8 1 7	  06LiDuSoWa.1041
2656.189598	1000	100  	   8 2 7	000  	8 2 6	  06LiDuSoWa.1042
2657.229742	1000	020  	   7 2 5	000  	8 2 6	  06LiDuSoWa.1043
2657.669535	1000	020  	   5 1 4	000  	6 2 5	  06LiDuSoWa.1044
2657.669535	1000	020  	   9 3 7	000  	10 3 8	  06LiDuSoWa.1045
2658.416780	1000	100  	   2 1 1	000  	3 1 2	  06LiDuSoWa.1046
2658.516673	1000	020  	   7 0 7	000  	8 1 8	  06LiDuSoWa.1047
2658.548541	1000	100  	   2 1 2	000  	2 2 1	  06LiDuSoWa.1048
2658.759399	1000	020  	   9 1 9	000  	9 2 8	  06LiDuSoWa.1049
2659.163192	1000	020  	   7 0 7	000  	8 0 8	  06LiDuSoWa.1050
2660.127468	1000	100  	   8 5 4	000  	7 6 1	  06LiDuSoWa.1051
2660.582661	1000	020  	   7 1 7	000  	8 1 8	  06LiDuSoWa.1052
2660.914382	1000	100  	   2 2 0	000  	3 2 1	  06LiDuSoWa.1053
2661.227700	1000	020  	   7 1 7	000  	8 0 8	  06LiDuSoWa.1054
2662.282870	1000	100  	   2 2 1	000  	3 2 2	  06LiDuSoWa.1055
2662.328649	1000	020  	   8 3 5	000  	9 3 6	  06LiDuSoWa.1056
2662.433298	1000	100  	   5 0 5	000  	5 1 4	  06LiDuSoWa.1057
2662.498362	1000	020  	   2 2 1	000  	3 3 0	  06LiDuSoWa.1058
2662.689540	1000	100  	   6 1 5	000  	6 2 4	  06LiDuSoWa.1059
2662.842223	1000	020  	   8 2 7	000  	9 1 8	  06LiDuSoWa.1060
2662.881382	1000	020  	   2 2 0	000  	3 3 1	  06LiDuSoWa.1061
2663.612062	1000	100  	   2 0 2	000  	3 0 3	  06LiDuSoWa.1062
2664.011263	1000	100  	   10 3 8	000  	10 3 7	  06LiDuSoWa.1063
2665.055085	1000	020  	   9 0 9	000  	9 1 8	  06LiDuSoWa.1064
2665.132653	1000	020  	   4 1 3	000  	5 2 4	  06LiDuSoWa.1065
2665.705226	1000	020  	   9 1 9	000  	9 1 8	  06LiDuSoWa.1066
2666.101850	1000	100  	   2 1 1	000  	2 2 0	  06LiDuSoWa.1067
2666.318175	1000	100  	   5 1 5	000  	5 1 4	  06LiDuSoWa.1068
2666.594882	1000	100  	   2 1 2	000  	3 1 3	  06LiDuSoWa.1069
2666.754384	1000	100  	   5 1 4	000  	5 2 3	  06LiDuSoWa.1070
2667.051188	1000	020  	   6 1 5	000  	7 1 6	  06LiDuSoWa.1071
2667.662494	1000	100  	   3 1 2	000  	3 2 1	  06LiDuSoWa.1072
2668.181943	1000	100  	   4 1 3	000  	4 2 2	  06LiDuSoWa.1073
2668.733270	1000	020  	   7 2 6	000  	8 2 7	  06LiDuSoWa.1074
2669.541821	1000	020  	   5 1 4	000  	5 3 3	  06LiDuSoWa.1075
2670.390588	1000	020  	   8 0 8	000  	8 2 7	  06LiDuSoWa.1076
2670.750803	1000	020  	   6 0 6	000  	7 1 7	  06LiDuSoWa.1077
2671.070213	1000	020  	   8 3 6	000  	9 3 7	  06LiDuSoWa.1078
2671.562551	1000	020  	   8 1 8	000  	8 2 7	  06LiDuSoWa.1079
2671.744598	1000	100  	   7 2 6	000  	7 2 5	  06LiDuSoWa.1080
2671.871859	1000	020  	   6 2 4	000  	7 2 5	  06LiDuSoWa.1081
2671.961899	1000	020  	   6 0 6	000  	7 0 7	  06LiDuSoWa.1082
2673.432443	1000	020  	   2 1 2	000  	3 2 1	  06LiDuSoWa.1083
2673.848877	1000	100  	   8 3 5	000  	9 1 8	  06LiDuSoWa.1084
2673.958170	1000	020  	   3 1 2	000  	4 2 3	  06LiDuSoWa.1085
2674.106576	1000	100  	   4 0 4	000  	4 1 3	  06LiDuSoWa.1086
2674.270675	1000	020  	   6 1 6	000  	7 1 7	  06LiDuSoWa.1087
2674.628948	1000	020  	   6 1 5	000  	6 3 4	  06LiDuSoWa.1088
2674.747126	1000	020  	   1 0 1	000  	2 2 0	  06LiDuSoWa.1089
2675.482795	1000	020  	   6 1 6	000  	7 0 7	  06LiDuSoWa.1090
2675.518267	1000	100  	   1 1 0	000  	2 1 1	  06LiDuSoWa.1091
2677.685261	1000	100  	   9 3 7	000  	9 3 6	  06LiDuSoWa.1092
2678.531865	1000	100  	   1 0 1	000  	2 0 2	  06LiDuSoWa.1093
2679.325596	1000	020  	   7 3 4	000  	8 3 5	  06LiDuSoWa.1094
2679.325596	1000	020  	   5 1 4	000  	6 1 5	  06LiDuSoWa.1095
2679.575751	1000	020  	   7 2 6	000  	8 1 7	  06LiDuSoWa.1096
2679.653250	1000	020  	   9 4 5	000  	10 4 6	  06LiDuSoWa.1097
2679.823173	1000	100  	   0 0 0	000  	1 1 1	  06LiDuSoWa.1098
2679.885098	1000	100  	   11 4 8	000  	11 4 7	  06LiDuSoWa.1099
2680.270134	1000	100  	   4 1 4	000  	4 1 3	  06LiDuSoWa.1100
2680.522188	1000	020  	   8 1 7	000  	8 3 6	  06LiDuSoWa.1101
2680.944408	1000	100  	   1 1 1	000  	2 1 2	  06LiDuSoWa.1102
2681.234893	1000	020  	   8 0 8	000  	8 1 7	  06LiDuSoWa.1103
2681.288684	1000	020  	   7 0 7	000  	7 2 6	  06LiDuSoWa.1104
2681.961836	1000	020  	   6 2 5	000  	7 2 6	  06LiDuSoWa.1105
2682.224447	1000	020  	   5 0 5	000  	6 1 6	  06LiDuSoWa.1106
2682.405699	1000	020  	   8 1 8	000  	8 1 7	  06LiDuSoWa.1107
2682.810916	1000	100  	   3 0 3	000  	3 1 2	  06LiDuSoWa.1108
2683.306295	1000	100  	   7 3 4	000  	8 1 7	  06LiDuSoWa.1109
2683.353867	1000	020  	   7 1 7	000  	7 2 6	  06LiDuSoWa.1110
2684.369950	1000	020  	   2 1 1	000  	3 2 2	  06LiDuSoWa.1111
2684.369950	1000	020  	   10 2 9	000  	10 3 8	  06LiDuSoWa.1112
2684.412196	1000	020  	   5 0 5	000  	6 0 6	  06LiDuSoWa.1113
2684.674510	1000	100  	   6 2 5	000  	6 2 4	  06LiDuSoWa.1114
2685.013048	1000	020  	   7 3 5	000  	8 3 6	  06LiDuSoWa.1115
2685.542856	1000	100  	   12 3 9	000  	13 1 12	  06LiDuSoWa.1116
2687.568117	1000	100  	   10 4 7	000  	10 4 6	  06LiDuSoWa.1117
2687.629986	1000	020  	   5 2 3	000  	6 2 4	  06LiDuSoWa.1118
2687.934654	1000	020  	   5 1 5	000  	6 1 6	  06LiDuSoWa.1119
2688.219871	1000	100  	   8 3 6	000  	8 3 5	  06LiDuSoWa.1120
2688.718070	1000	100  	   2 0 2	000  	2 1 1	  06LiDuSoWa.1121
2690.122205	1000	020  	   5 1 5	000  	6 0 6	  06LiDuSoWa.1122
2690.406226	1000	020  	   6 0 6	000  	6 2 5	  06LiDuSoWa.1123
2690.497966	1000	100  	   3 0 3	000  	2 2 0	  06LiDuSoWa.1124
2690.935386	1000	100  	   10 5 6	000  	10 5 5	  06LiDuSoWa.1125
2691.536600	1000	100  	   10 5 5	000  	10 5 6	  06LiDuSoWa.1126
2691.769891	1000	100  	   3 1 3	000  	3 1 2	  06LiDuSoWa.1127
2692.281532	1000	100  	   1 0 1	000  	1 1 0	  06LiDuSoWa.1128
2692.688959	1000	100  	   6 1 5	000  	5 3 2	  06LiDuSoWa.1129
2692.782609	1000	020  	   4 1 3	000  	5 1 4	  06LiDuSoWa.1130
2692.966806	1000	020  	   4 0 4	000  	5 1 5	  06LiDuSoWa.1131
2693.039115	1000	020  	   1 1 1	000  	2 2 0	  06LiDuSoWa.1132
2693.089965	1000	100  	   9 6 4	000  	9 6 3	  06LiDuSoWa.1133
2693.089965	1000	100  	   9 6 3	000  	9 6 4	  06LiDuSoWa.1134
2693.866770	1000	100  	   0 0 0	000  	1 0 1	  06LiDuSoWa.1135
2693.925530	1000	020  	   6 1 6	000  	6 2 5	  06LiDuSoWa.1136
2694.117819	1000	100  	   9 5 5	000  	9 5 4	  06LiDuSoWa.1137
2694.324489	1000	100  	   9 5 4	000  	9 5 5	  06LiDuSoWa.1138
2694.670713	1000	100  	   5 2 4	000  	5 2 3	  06LiDuSoWa.1139
2695.603544	1000	020  	   5 2 4	000  	6 2 5	  06LiDuSoWa.1140
2695.741988	1000	100  	   7 3 5	000  	7 3 4	  06LiDuSoWa.1141
2695.783165	1000	100  	   8 6 2	000  	8 6 3	  06LiDuSoWa.1142
2695.783165	1000	100  	   8 6 3	000  	8 6 2	  06LiDuSoWa.1143
2695.817101	1000	020  	   8 4 4	000  	9 4 5	  06LiDuSoWa.1144
2696.218824	1000	020  	   6 3 3	000  	7 3 4	  06LiDuSoWa.1145
2696.466003	1000	020  	   1 1 0	000  	2 2 1	  06LiDuSoWa.1146
2696.659784	1000	100  	   10 4 6	000  	10 4 7	  06LiDuSoWa.1147
2696.725682	1000	020  	   4 0 4	000  	5 0 5	  06LiDuSoWa.1148
2696.870311	1000	100  	   8 5 4	000  	8 5 3	  06LiDuSoWa.1149
2696.930752	1000	100  	   8 5 3	000  	8 5 4	  06LiDuSoWa.1150
2696.984249	1000	100  	   8 4 5	000  	8 4 4	  06LiDuSoWa.1151
-2696.984249	1000	100  	   8 7 1	000  	8 7 2	  06LiDuSoWa.1152
-2696.984249	1000	100  	   8 7 2	000  	8 7 1	  06LiDuSoWa.1153
2697.153848	1000	020  	   7 0 7	000  	7 1 6	  06LiDuSoWa.1154
2697.209797	1000	100  	   9 4 5	000  	9 4 6	  06LiDuSoWa.1155
2697.282227	1000	020  	   8 4 5	000  	9 4 6	  06LiDuSoWa.1156
2697.389571	1000	020  	   5 0 5	000  	5 2 4	  06LiDuSoWa.1157
2697.478036	1000	100  	   6 3 3	000  	7 1 6	  06LiDuSoWa.1158
2697.594122	1000	020  	   8 2 7	000  	8 3 6	  06LiDuSoWa.1159
2697.669707	1000	100  	   11 4 7	000  	11 4 8	  06LiDuSoWa.1160
2697.827647	1000	020  	   6 2 5	000  	7 1 6	  06LiDuSoWa.1161
2698.175181	1000	100  	   7 6 2	000  	7 6 1	  06LiDuSoWa.1162
2698.175181	1000	100  	   7 6 1	000  	7 6 2	  06LiDuSoWa.1163
2698.662212	1000	100  	   8 4 4	000  	8 4 5	  06LiDuSoWa.1164
2699.219973	1000	020  	   7 1 7	000  	7 1 6	  06LiDuSoWa.1165
2699.268526	1000	100  	   7 5 3	000  	7 5 2	  06LiDuSoWa.1166
2699.281591	1000	100  	   7 5 2	000  	7 5 3	  06LiDuSoWa.1167
-2699.420227	1000	020  	   6 3 4	000  	7 3 5	  06LiDuSoWa.1168
-2699.420227	1000	100  	   7 7 0	000  	7 7 1	  06LiDuSoWa.1169
-2699.420227	1000	100  	   7 7 1	000  	7 7 0	  06LiDuSoWa.1170
2699.912859	1000	100  	   7 4 4	000  	7 4 3	  06LiDuSoWa.1171
2700.267153	1000	100  	   6 6 1	000  	6 6 0	  06LiDuSoWa.1172
2700.267153	1000	100  	   6 6 0	000  	6 6 1	  06LiDuSoWa.1173
2700.397795	1000	100  	   4 0 4	000  	3 2 1	  06LiDuSoWa.1174
2700.491042	1000	100  	   7 4 3	000  	7 4 4	  06LiDuSoWa.1175
2700.522908	1000	100  	   2 1 2	000  	2 1 1	  06LiDuSoWa.1176
2700.745869	1000	100  	   6 3 4	000  	6 3 3	  06LiDuSoWa.1177
2701.346605	1000	100  	   6 5 2	000  	6 5 1	  06LiDuSoWa.1178
2701.346605	1000	100  	   6 5 1	000  	6 5 2	  06LiDuSoWa.1179
2701.639786	1000	020  	   4 1 4	000  	5 1 5	  06LiDuSoWa.1180
2701.662727	1000	100  	   4 2 3	000  	4 2 2	  06LiDuSoWa.1181
2701.854388	1000	020  	   4 3 2	000  	4 4 1	  06LiDuSoWa.1182
2702.029599	1000	020  	   5 1 5	000  	4 3 2	  06LiDuSoWa.1183
2702.029599	1000	020  	   4 3 1	000  	4 4 0	  06LiDuSoWa.1184
2702.079272	1000	020  	   4 0 4	000  	4 2 3	  06LiDuSoWa.1185
2702.154243	1000	020  	   7 2 6	000  	7 3 5	  06LiDuSoWa.1186
2702.190242	1000	100  	   6 4 3	000  	6 4 2	  06LiDuSoWa.1187
2702.302776	1000	100  	   5 2 3	000  	6 0 6	  06LiDuSoWa.1188
2702.351215	1000	100  	   6 4 2	000  	6 4 3	  06LiDuSoWa.1189
2702.666710	1000	020  	   5 3 3	000  	5 4 2	  06LiDuSoWa.1190
2702.877503	1000	020  	   6 4 3	000  	6 5 2	  06LiDuSoWa.1191
2703.127986	1000	100  	   5 5 0	000  	5 5 1	  06LiDuSoWa.1192
2703.127986	1000	100  	   5 5 1	000  	5 5 0	  06LiDuSoWa.1193
2703.296580	1000	020  	   3 0 3	000  	4 1 4	  06LiDuSoWa.1194
2703.345762	1000	100  	   6 2 4	000  	7 0 7	  06LiDuSoWa.1195
2703.345762	1000	020  	   5 3 2	000  	5 4 1	  06LiDuSoWa.1196
2703.547958	1000	020  	   6 3 4	000  	6 4 3	  06LiDuSoWa.1197
2703.636296	1000	020  	   10 3 8	000  	10 4 7	  06LiDuSoWa.1198
2703.929100	1000	100  	   5 3 3	000  	5 3 2	  06LiDuSoWa.1199
2704.021932	1000	100  	   5 4 2	000  	5 4 1	  06LiDuSoWa.1200
2704.053459	1000	100  	   5 4 1	000  	5 4 2	  06LiDuSoWa.1201
2704.168250	1000	020  	   4 2 2	000  	5 2 3	  06LiDuSoWa.1202
2704.200665	1000	020  	   7 4 4	000  	7 5 3	  06LiDuSoWa.1203
2704.318931	1000	020  	   7 3 5	000  	7 4 4	  06LiDuSoWa.1204
2704.437131	1000	020  	   7 4 3	000  	7 5 2	  06LiDuSoWa.1205
2704.613636	1000	020  	   9 3 7	000  	9 4 6	  06LiDuSoWa.1206
2704.682949	1000	020  	   3 0 3	000  	3 2 2	  06LiDuSoWa.1207
2704.758326	1000	020  	   8 3 6	000  	8 4 5	  06LiDuSoWa.1208
2705.054225	1000	100  	   6 3 3	000  	6 3 4	  06LiDuSoWa.1209
2705.399244	1000	020  	   4 1 4	000  	5 0 5	  06LiDuSoWa.1210
2705.399244	1000	020  	   6 2 5	000  	6 3 4	  06LiDuSoWa.1211
2705.421613	1000	100  	   5 3 2	000  	5 3 3	  06LiDuSoWa.1212
2705.501587	1000	100  	   4 4 1	000  	4 4 0	  06LiDuSoWa.1213
2705.501587	1000	100  	   4 4 0	000  	4 4 1	  06LiDuSoWa.1214
2705.758450	1000	020  	   2 0 2	000  	2 2 1	  06LiDuSoWa.1215
2705.883229	1000	100  	   7 3 4	000  	7 3 5	  06LiDuSoWa.1216
2705.932306	1000	100  	   3 2 2	000  	3 2 1	  06LiDuSoWa.1217
2705.949805	1000	100  	   4 3 2	000  	4 3 1	  06LiDuSoWa.1218
2706.047181	1000	100  	   5 0 5	000  	4 2 2	  06LiDuSoWa.1219
2706.331245	1000	100  	   4 3 1	000  	4 3 2	  06LiDuSoWa.1220
2706.392765	1000	100  	   1 1 1	000  	1 1 0	  06LiDuSoWa.1221
2706.559146	1000	100  	   4 1 4	000  	3 2 1	  06LiDuSoWa.1222
2706.659944	1000	100  	   6 0 6	000  	5 2 3	  06LiDuSoWa.1223
2706.738977	1000	100  	   7 1 6	000  	6 3 3	  06LiDuSoWa.1224
2707.251260	1000	020  	   3 1 2	000  	4 1 3	  06LiDuSoWa.1225
2707.275271	1000	100  	   3 3 1	000  	3 3 0	  06LiDuSoWa.1226
2707.330357	1000	100  	   3 3 0	000  	3 3 1	  06LiDuSoWa.1227
2707.477478	1000	020  	   5 2 4	000  	5 3 3	  06LiDuSoWa.1228
2708.125174	1000	100  	   2 2 1	000  	2 2 0	  06LiDuSoWa.1229
2708.601696	1000	100  	   8 3 5	000  	8 3 6	  06LiDuSoWa.1230
2708.809741	1000	100  	   2 2 0	000  	2 2 1	  06LiDuSoWa.1231
2709.020026	1000	020  	   3 2 2	000  	3 3 1	  06LiDuSoWa.1232
2709.105807	1000	020  	   9 4 5	000  	9 5 4	  06LiDuSoWa.1233
2709.274025	1000	100  	   3 2 1	000  	3 2 2	  06LiDuSoWa.1234
2709.316641	1000	020  	   3 0 3	000  	4 0 4	  06LiDuSoWa.1235
2709.663879	1000	020  	   4 2 3	000  	5 2 4	  06LiDuSoWa.1236
2709.931726	1000	100  	   5 1 5	000  	4 2 2	  06LiDuSoWa.1237
2710.730418	1000	020  	   3 2 1	000  	3 3 0	  06LiDuSoWa.1238
2710.751993	1000	020  	   4 1 4	000  	4 2 3	  06LiDuSoWa.1239
2711.211137	1000	100  	   4 2 2	000  	4 2 3	  06LiDuSoWa.1240
2711.526765	1000	020  	   7 4 3	000  	8 4 4	  06LiDuSoWa.1241
2711.717268	1000	100  	   1 1 0	000  	1 1 1	  06LiDuSoWa.1242
2712.060687	1000	020  	   6 0 6	000  	6 1 5	  06LiDuSoWa.1243
2712.160080	1000	020  	   7 4 4	000  	8 4 5	  06LiDuSoWa.1244
2712.669769	1000	020  	   5 3 2	000  	6 3 3	  06LiDuSoWa.1245
2713.406466	1000	020  	   4 2 2	000  	4 3 1	  06LiDuSoWa.1246
2713.645139	1000	020  	   8 3 5	000  	8 4 4	  06LiDuSoWa.1247
2713.745368	1000	100  	   9 3 6	000  	9 3 7	  06LiDuSoWa.1248
2713.802250	1000	020  	   2 0 2	000  	3 1 3	  06LiDuSoWa.1249
2713.906561	1000	100  	   3 2 1	000  	4 0 4	  06LiDuSoWa.1250
2713.972814	1000	020  	   10 2 9	000  	10 2 8	  06LiDuSoWa.1251
2714.197787	1000	020  	   5 3 3	000  	6 3 4	  06LiDuSoWa.1252
2714.674512	1000	100  	   6 2 5	000  	5 3 2	  06LiDuSoWa.1253
2715.201250	1000	100  	   5 3 2	000  	6 1 5	  06LiDuSoWa.1254
2715.278377	1000	100  	   5 2 3	000  	5 2 4	  06LiDuSoWa.1255
2715.442761	1000	020  	   3 1 3	000  	4 1 4	  06LiDuSoWa.1256
2715.580854	1000	020  	   6 1 6	000  	6 1 5	  06LiDuSoWa.1257
2715.580854	1000	100  	   5 4 1	000  	6 3 4	  06LiDuSoWa.1258
2716.483806	1000	100  	   2 1 1	000  	2 1 2	  06LiDuSoWa.1259
2716.715277	1000	100  	   8 1 7	000  	7 3 4	  06LiDuSoWa.1260
2716.828517	1000	020  	   3 1 3	000  	3 2 2	  06LiDuSoWa.1261
2717.258818	1000	020  	   5 2 4	000  	6 1 5	  06LiDuSoWa.1262
2717.630497	1000	020  	   5 2 3	000  	5 3 2	  06LiDuSoWa.1263
2718.312313	1000	020  	   9 1 8	000  	9 2 7	  06LiDuSoWa.1264
2720.030516	1000	020  	   9 3 6	000  	9 4 5	  06LiDuSoWa.1265
2720.321049	1000	100  	   10 1 9	000  	9 3 6	  06LiDuSoWa.1266
2720.981158	1000	020  	   3 2 1	000  	4 2 2	  06LiDuSoWa.1267
2721.328185	1000	020  	   2 1 2	000  	2 2 1	  06LiDuSoWa.1268
2721.462319	1000	020  	   3 1 3	000  	4 0 4	  06LiDuSoWa.1269
2721.492853	1000	100  	   10 3 7	000  	10 3 8	  06LiDuSoWa.1270
2721.791310	1000	100  	   6 2 4	000  	6 2 5	  06LiDuSoWa.1271
2722.526875	1000	020  	   2 1 1	000  	3 1 2	  06LiDuSoWa.1272
2722.623934	1000	020  	   2 0 2	000  	3 0 3	  06LiDuSoWa.1273
2723.087876	1000	020  	   6 2 4	000  	6 3 3	  06LiDuSoWa.1274
2723.600991	1000	100  	   3 1 2	000  	3 1 3	  06LiDuSoWa.1275
2724.112137	1000	020  	   3 2 2	000  	4 2 3	  06LiDuSoWa.1276
2724.430491	1000	100  	   1 0 1	000  	0 0 0	  06LiDuSoWa.1277
2724.916471	1000	100  	   2 0 2	000  	1 1 1	  06LiDuSoWa.1278
2725.038270	1000	020  	   5 0 5	000  	5 1 4	  06LiDuSoWa.1279
2725.128927	1000	020  	   1 0 1	000  	2 1 2	  06LiDuSoWa.1280
2725.757341	1000	100  	   1 1 0	000  	1 0 1	  06LiDuSoWa.1281
2726.942186	1000	020  	   6 4 2	000  	7 4 3	  06LiDuSoWa.1282
2727.176317	1000	020  	   6 4 3	000  	7 4 4	  06LiDuSoWa.1283
2727.520578	1000	020  	   10 3 7	000  	10 4 6	  06LiDuSoWa.1284
2727.596382	1000	020  	   8 1 7	000  	8 2 6	  06LiDuSoWa.1285
2728.181775	1000	100  	   2 1 1	000  	2 0 2	  06LiDuSoWa.1286
2728.645624	1000	020  	   4 3 1	000  	5 3 2	  06LiDuSoWa.1287
2728.931766	1000	020  	   7 2 5	000  	7 3 4	  06LiDuSoWa.1288
2729.001074	1000	100  	   9 3 7	000  	8 4 4	  06LiDuSoWa.1289
2729.238087	1000	020  	   4 3 2	000  	5 3 3	  06LiDuSoWa.1290
2729.372046	1000	020  	   2 1 2	000  	3 1 3	  06LiDuSoWa.1291
2729.955056	1000	020  	   9 2 8	000  	9 2 7	  06LiDuSoWa.1292
2730.211816	1000	020  	   2 1 1	000  	2 2 0	  06LiDuSoWa.1293
2730.720797	1000	100  	   7 2 5	000  	7 2 6	  06LiDuSoWa.1294
2730.747759	1000	020  	   5 1 5	000  	5 1 4	  06LiDuSoWa.1295
2731.691900	1000	100  	   11 3 8	000  	11 3 9	  06LiDuSoWa.1296
2732.087100	1000	020  	   7 3 5	000  	8 2 6	  06LiDuSoWa.1297
2732.422624	1000	100  	   3 1 2	000  	3 0 3	  06LiDuSoWa.1298
2732.953331	1000	100  	   4 1 3	000  	4 1 4	  06LiDuSoWa.1299
2733.541974	1000	020  	   3 1 2	000  	3 2 1	  06LiDuSoWa.1300
2733.663935	1000	100  	   6 2 4	000  	5 3 3	  06LiDuSoWa.1301
2733.869597	1000	020  	   7 1 6	000  	7 2 5	  06LiDuSoWa.1302
2734.061376	1000	020  	   8 2 6	000  	8 3 5	  06LiDuSoWa.1303
2734.338700	1000	100  	   4 1 3	000  	3 2 2	  06LiDuSoWa.1304
2735.045501	1000	100  	   4 3 1	000  	5 1 4	  06LiDuSoWa.1305
2735.371679	1000	020  	   4 0 4	000  	4 1 3	  06LiDuSoWa.1306
2736.395796	1000	020  	   4 1 3	000  	4 2 2	  06LiDuSoWa.1307
2736.722156	1000	100  	   2 1 2	000  	1 1 1	  06LiDuSoWa.1308
2736.828115	1000	020  	   1 0 1	000  	2 0 2	  06LiDuSoWa.1309
2737.172917	1000	020  	   6 1 5	000  	6 2 4	  06LiDuSoWa.1310
2737.313135	1000	020  	   4 2 3	000  	5 1 4	  06LiDuSoWa.1311
2737.464317	1000	020  	   9 2 7	000  	9 3 6	  06LiDuSoWa.1312
2737.557090	1000	020  	   2 2 0	000  	3 2 1	  06LiDuSoWa.1313
2737.752362	1000	020  	   0 0 0	000  	1 1 1	  06LiDuSoWa.1314
2737.843749	1000	020  	   5 1 4	000  	5 2 3	  06LiDuSoWa.1315
2738.193388	1000	020  	   2 1 2	000  	3 0 3	  06LiDuSoWa.1316
2738.193388	1000	020  	   7 2 5	000  	6 4 2	  06LiDuSoWa.1317
2738.437549	1000	020  	   1 1 0	000  	2 1 1	  06LiDuSoWa.1318
2738.539628	1000	100  	   1 1 1	000  	0 0 0	  06LiDuSoWa.1319
2738.958828	1000	100  	   2 0 2	000  	1 0 1	  06LiDuSoWa.1320
2740.879241	1000	100  	   3 0 3	000  	2 1 2	  06LiDuSoWa.1321
2741.804185	1000	100  	   8 2 6	000  	8 2 7	  06LiDuSoWa.1322
2741.932780	1000	100  	   2 1 1	000  	1 1 0	  06LiDuSoWa.1323
2742.188921	1000	020  	   5 4 1	000  	6 4 2	  06LiDuSoWa.1324
2742.258107	1000	020  	   5 4 2	000  	6 4 3	  06LiDuSoWa.1325
2742.839424	1000	020  	   3 0 3	000  	3 1 2	  06LiDuSoWa.1326
2742.927399	1000	100  	   5 2 3	000  	5 1 4	  06LiDuSoWa.1327
2743.418579	1000	020  	   1 1 1	000  	2 1 2	  06LiDuSoWa.1328
2744.044414	1000	020  	   4 1 4	000  	4 1 3	  06LiDuSoWa.1329
2744.276050	1000	020  	   3 3 0	000  	4 3 1	  06LiDuSoWa.1330
2744.276050	1000	100  	   5 1 4	000  	5 1 5	  06LiDuSoWa.1331
2744.442691	1000	020  	   3 3 1	000  	4 3 2	  06LiDuSoWa.1332
2744.502887	1000	100  	   4 2 2	000  	4 1 3	  06LiDuSoWa.1333
2744.668139	1000	020  	   8 2 7	000  	8 2 6	  06LiDuSoWa.1334
2746.586967	1000	100  	   7 2 5	000  	7 1 6	  06LiDuSoWa.1335
2747.430034	1000	100  	   9 3 6	000  	8 4 5	  06LiDuSoWa.1336
2747.430034	1000	100  	   3 2 1	000  	3 1 2	  06LiDuSoWa.1337
2747.730043	1000	020  	   2 0 2	000  	2 1 1	  06LiDuSoWa.1338
2748.035570	1000	100  	   5 1 4	000  	5 0 5	  06LiDuSoWa.1339
2749.837436	1000	100  	   3 1 3	000  	2 1 2	  06LiDuSoWa.1340
2750.526230	1000	020  	   3 0 3	000  	2 2 0	  06LiDuSoWa.1341
2750.577505	1000	020  	   1 0 1	000  	1 1 0	  06LiDuSoWa.1342
2750.762963	1000	100  	   2 1 2	000  	1 0 1	  06LiDuSoWa.1343
2750.778878	1000	100  	   2 2 0	000  	2 1 1	  06LiDuSoWa.1344
2751.091397	1000	100  	   10 3 7	000  	10 2 8	  06LiDuSoWa.1345
2751.793401	1000	020  	   0 0 0	000  	1 0 1	  06LiDuSoWa.1346
2752.578785	1000	100  	   3 0 3	000  	2 0 2	  06LiDuSoWa.1347
2753.388762	1000	100  	   5 1 4	000  	4 2 3	  06LiDuSoWa.1348
2753.827920	1000	100  	   3 2 2	000  	2 2 1	  06LiDuSoWa.1349
2754.164802	1000	100  	   7 2 5	000  	6 3 4	  06LiDuSoWa.1350
2754.595066	1000	100  	   9 2 7	000  	9 2 8	  06LiDuSoWa.1351
2754.750249	1000	020  	   6 3 4	000  	7 2 5	  06LiDuSoWa.1352
2754.985737	1000	020  	   3 1 3	000  	3 1 2	  06LiDuSoWa.1353
2755.116760	1000	020  	   1 1 1	000  	2 0 2	  06LiDuSoWa.1354
2755.116760	1000	100  	   3 2 1	000  	2 2 0	  06LiDuSoWa.1355
2756.337018	1000	100  	   4 0 4	000  	3 1 3	  06LiDuSoWa.1356
2757.098016	1000	100  	   6 1 5	000  	6 1 6	  06LiDuSoWa.1357
2757.375039	1000	020  	   4 4 0	000  	5 4 1	  06LiDuSoWa.1358
2757.400016	1000	020  	   4 4 1	000  	5 4 2	  06LiDuSoWa.1359
2757.400016	1000	020  	   3 2 2	000  	4 1 3	  06LiDuSoWa.1360
2757.529381	1000	100  	   3 1 2	000  	2 1 1	  06LiDuSoWa.1361
2758.506477	1000	100  	   2 2 1	000  	2 1 2	  06LiDuSoWa.1362
2759.283395	1000	100  	   6 1 5	000  	6 0 6	  06LiDuSoWa.1363
2761.211129	1000	100  	   7 3 4	000  	7 2 5	  06LiDuSoWa.1364
2761.535684	1000	100  	   3 1 3	000  	2 0 2	  06LiDuSoWa.1365
2761.663418	1000	020  	   4 0 4	000  	3 2 1	  06LiDuSoWa.1366
2761.870279	1000	100  	   3 2 2	000  	3 1 3	  06LiDuSoWa.1367
2762.072186	1000	020  	   9 4 6	000  	10 3 7	  06LiDuSoWa.1368
2762.500791	1000	100  	   4 1 4	000  	3 1 3	  06LiDuSoWa.1369
2762.671262	1000	020  	   3 1 3	000  	2 2 0	  06LiDuSoWa.1370
2763.300000	1000	020  	   2 1 2	000  	2 1 1	  06LiDuSoWa.1371
2765.159257	1000	100  	   4 0 4	000  	3 0 3	  06LiDuSoWa.1372
2766.432027	1000	100  	   4 2 3	000  	4 1 4	  06LiDuSoWa.1373
2767.599532	1000	100  	   6 3 3	000  	6 2 4	  06LiDuSoWa.1374
2767.820037	1000	100  	   4 2 3	000  	3 2 2	  06LiDuSoWa.1375
2767.950728	1000	020  	   6 2 5	000  	6 2 4	  06LiDuSoWa.1376
2768.253147	1000	100  	   4 3 2	000  	3 3 1	  06LiDuSoWa.1377
2768.409249	1000	100  	   4 3 1	000  	3 3 0	  06LiDuSoWa.1378
2768.477877	1000	100  	   10 2 8	000  	10 2 9	  06LiDuSoWa.1379
2768.867606	1000	020  	   1 1 1	000  	1 1 0	  06LiDuSoWa.1380
2770.205282	1000	100  	   2 2 1	000  	2 0 2	  06LiDuSoWa.1381
2770.336170	1000	020  	   4 1 4	000  	3 2 1	  06LiDuSoWa.1382
2770.397832	1000	100  	   12 2 10	000  	13 0 13	  06LiDuSoWa.1383
2770.581054	1000	020  	   6 0 6	000  	5 2 3	  06LiDuSoWa.1384
2770.692221	1000	100  	   3 2 2	000  	3 0 3	  06LiDuSoWa.1385
2770.749803	1000	100  	   7 1 6	000  	7 1 7	  06LiDuSoWa.1386
2770.795185	1000	100  	   4 2 2	000  	3 2 1	  06LiDuSoWa.1387
2771.322194	1000	100  	   4 1 4	000  	3 0 3	  06LiDuSoWa.1388
2771.959834	1000	100  	   7 1 6	000  	7 0 7	  06LiDuSoWa.1389
2772.192560	1000	100  	   5 2 4	000  	5 1 5	  06LiDuSoWa.1390
2772.454330	1000	100  	   4 2 3	000  	4 0 4	  06LiDuSoWa.1391
2772.496893	1000	100  	   4 1 3	000  	3 1 2	  06LiDuSoWa.1392
2772.689660	1000	100  	   10 2 8	000  	10 1 9	  06LiDuSoWa.1393
2773.719907	1000	100  	   5 3 2	000  	5 2 3	  06LiDuSoWa.1394
2774.101333	1000	020  	   6 1 6	000  	5 2 3	  06LiDuSoWa.1395
2774.363039	1000	020  	   5 1 5	000  	4 2 2	  06LiDuSoWa.1396
2774.636972	1000	020  	   1 1 0	000  	1 1 1	  06LiDuSoWa.1397
2774.702923	1000	100  	   5 1 5	000  	4 1 4	  06LiDuSoWa.1398
2775.225813	1000	100  	   8 2 6	000  	7 3 5	  06LiDuSoWa.1399
-2775.441276	1000	020  	   5 5 0	000  	6 5 1	  06LiDuSoWa.1400
-2775.441276	1000	020  	   5 5 1	000  	6 5 2	  06LiDuSoWa.1401
2775.712104	1000	020  	   4 2 2	000  	3 3 1	  06LiDuSoWa.1402
2775.777606	1000	020  	   5 2 4	000  	5 2 3	  06LiDuSoWa.1403
2775.950720	1000	100  	   5 2 4	000  	5 0 5	  06LiDuSoWa.1404
2776.745240	1000	020  	   5 3 3	000  	6 2 4	  06LiDuSoWa.1405
2776.838683	1000	100  	   5 0 5	000  	4 0 4	  06LiDuSoWa.1406
2777.063208	1000	020  	   2 2 1	000  	3 1 2	  06LiDuSoWa.1407
2778.056487	1000	020  	   8 3 5	000  	9 2 8	  06LiDuSoWa.1408
2778.262062	1000	100  	   9 5 5	000  	10 3 8	  06LiDuSoWa.1409
2778.660703	1000	100  	   4 3 1	000  	4 2 2	  06LiDuSoWa.1410
2779.083315	1000	100  	   6 2 5	000  	6 1 6	  06LiDuSoWa.1411
2780.375019	1000	020  	   7 3 4	000  	8 2 7	  06LiDuSoWa.1412
2780.593836	1000	020  	   2 1 1	000  	2 1 2	  06LiDuSoWa.1413
2780.722472	1000	100  	   5 1 5	000  	4 0 4	  06LiDuSoWa.1414
2780.926591	1000	020  	   4 2 3	000  	4 2 2	  06LiDuSoWa.1415
2781.271956	1000	100  	   6 2 5	000  	6 0 6	  06LiDuSoWa.1416
2781.305673	1000	100  	   5 2 4	000  	4 2 3	  06LiDuSoWa.1417
2781.437149	1000	020  	   3 1 2	000  	2 2 1	  06LiDuSoWa.1418
2781.501018	1000	100  	   5 4 2	000  	4 4 1	  06LiDuSoWa.1419
2781.511680	1000	100  	   5 4 1	000  	4 4 0	  06LiDuSoWa.1420
2781.691959	1000	020  	   4 2 2	000  	5 1 5	  06LiDuSoWa.1421
2782.005921	1000	100  	   3 3 0	000  	3 2 1	  06LiDuSoWa.1422
2782.037868	1000	020  	   5 2 3	000  	6 1 6	  06LiDuSoWa.1423
2782.434131	1000	100  	   5 3 3	000  	4 3 2	  06LiDuSoWa.1424
2782.713149	1000	100  	   11 2 9	000  	11 2 10	  06LiDuSoWa.1425
2782.725193	1000	020  	   1 0 1	000  	0 0 0	  06LiDuSoWa.1426
2782.959975	1000	100  	   5 3 2	000  	4 3 1	  06LiDuSoWa.1427
2783.076806	1000	020  	   10 3 8	000  	10 3 7	  06LiDuSoWa.1428
2783.501817	1000	100  	   5 3 3	000  	5 2 4	  06LiDuSoWa.1429
2783.696049	1000	020  	   3 2 2	000  	3 2 1	  06LiDuSoWa.1430
2783.928947	1000	020  	   2 0 2	000  	1 1 1	  06LiDuSoWa.1431
2783.954812	1000	100  	   2 2 1	000  	1 1 0	  06LiDuSoWa.1432
2784.179932	1000	100  	   6 0 6	000  	5 1 5	  06LiDuSoWa.1433
2784.410868	1000	100  	   6 3 4	000  	6 2 5	  06LiDuSoWa.1434
2784.488062	1000	100  	   8 1 7	000  	8 1 8	  06LiDuSoWa.1435
2784.749560	1000	020  	   2 2 1	000  	2 2 0	  06LiDuSoWa.1436
2785.017114	1000	020  	   5 2 4	000  	4 3 1	  06LiDuSoWa.1437
2785.136614	1000	100  	   8 1 7	000  	8 0 8	  06LiDuSoWa.1438
2785.453045	1000	020  	   2 2 0	000  	2 2 1	  06LiDuSoWa.1439
2785.453045	1000	020  	   4 2 2	000  	5 0 5	  06LiDuSoWa.1440
2785.752846	1000	020  	   3 2 1	000  	4 1 4	  06LiDuSoWa.1441
2786.284732	1000	100  	   7 3 5	000  	7 2 6	  06LiDuSoWa.1442
2786.463998	1000	100  	   6 1 6	000  	5 1 5	  06LiDuSoWa.1443
2786.541721	1000	100  	   5 2 3	000  	4 2 2	  06LiDuSoWa.1444
2786.681554	1000	100  	   5 1 4	000  	4 1 3	  06LiDuSoWa.1445
2786.979296	1000	100  	   2 2 0	000  	1 1 1	  06LiDuSoWa.1446
2787.138541	1000	020  	   3 2 1	000  	3 2 2	  06LiDuSoWa.1447
2787.939537	1000	100  	   6 0 6	000  	5 0 5	  06LiDuSoWa.1448
2788.179577	1000	100  	   7 2 6	000  	7 0 7	  06LiDuSoWa.1449
2788.677408	1000	020  	   1 1 0	000  	1 0 1	  06LiDuSoWa.1450
2789.268245	1000	100  	   8 3 6	000  	8 2 7	  06LiDuSoWa.1451
2789.481585	1000	020  	   3 1 2	000  	3 1 3	  06LiDuSoWa.1452
2790.222338	1000	100  	   6 1 6	000  	5 0 5	  06LiDuSoWa.1453
2790.403740	1000	100  	   7 1 6	000  	6 2 5	  06LiDuSoWa.1454
2790.802738	1000	020  	   4 2 2	000  	4 2 3	  06LiDuSoWa.1455
2792.292298	1000	020  	   2 1 1	000  	2 0 2	  06LiDuSoWa.1456
2792.662812	1000	020  	   9 3 7	000  	9 3 6	  06LiDuSoWa.1457
2793.420642	1000	100  	   8 4 4	000  	8 3 5	  06LiDuSoWa.1458
2793.499151	1000	020  	   2 2 0	000  	3 1 3	  06LiDuSoWa.1459
2793.990352	1000	100  	   6 5 2	000  	5 5 1	  06LiDuSoWa.1460
2793.990352	1000	100  	   6 5 1	000  	5 5 0	  06LiDuSoWa.1461
2794.247713	1000	100  	   6 2 5	000  	5 2 4	  06LiDuSoWa.1462
2795.386471	1000	100  	   6 4 3	000  	5 4 2	  06LiDuSoWa.1463
2795.446226	1000	100  	   6 4 2	000  	5 4 1	  06LiDuSoWa.1464
2795.579459	1000	020  	   6 4 2	000  	5 5 1	  06LiDuSoWa.1465
2795.665697	1000	100  	   8 2 7	000  	8 1 8	  06LiDuSoWa.1466
2795.798722	1000	100  	   3 2 2	000  	2 1 1	  06LiDuSoWa.1467
2796.135730	1000	020  	   5 2 3	000  	4 3 2	  06LiDuSoWa.1468
2796.284585	1000	100  	   6 3 4	000  	5 3 3	  06LiDuSoWa.1469
2796.546401	1000	100  	   7 0 7	000  	6 1 6	  06LiDuSoWa.1470
2796.646891	1000	020  	   6 3 4	000  	5 4 1	  06LiDuSoWa.1471
2797.202328	1000	020  	   5 2 3	000  	5 2 4	  06LiDuSoWa.1472
2797.539336	1000	020  	   4 3 2	000  	5 2 3	  06LiDuSoWa.1473
2797.601268	1000	100  	   6 3 3	000  	5 3 2	  06LiDuSoWa.1474
2797.728369	1000	100  	   9 1 8	000  	9 1 9	  06LiDuSoWa.1475
2797.822524	1000	100  	   7 1 7	000  	6 1 6	  06LiDuSoWa.1476
2797.970046	1000	020  	   2 0 2	000  	1 0 1	  06LiDuSoWa.1477
2798.302796	1000	020  	   3 1 2	000  	3 0 3	  06LiDuSoWa.1478
2798.735261	1000	100  	   7 0 7	000  	6 0 6	  06LiDuSoWa.1479
2799.498663	1000	020  	   2 1 2	000  	1 1 1	  06LiDuSoWa.1480
2799.912989	1000	100  	   6 1 5	000  	5 1 4	  06LiDuSoWa.1481
2800.010050	1000	100  	   7 1 7	000  	6 0 6	  06LiDuSoWa.1482
2800.110854	1000	100  	   8 3 6	000  	8 1 7	  06LiDuSoWa.1483
2800.355326	1000	100  	   9 3 7	000  	9 1 8	  06LiDuSoWa.1484
2800.906781	1000	020  	   3 0 3	000  	2 1 2	  06LiDuSoWa.1485
2801.016148	1000	020  	   1 1 1	000  	0 0 0	  06LiDuSoWa.1486
2801.166211	1000	100  	   10 4 7	000  	10 3 8	  06LiDuSoWa.1487
2801.166211	1000	020  	   4 1 3	000  	4 1 4	  06LiDuSoWa.1488
2801.965317	1000	100  	   6 2 4	000  	5 2 3	  06LiDuSoWa.1489
2802.150897	1000	100  	   7 3 5	000  	7 1 6	  06LiDuSoWa.1490
2802.553230	1000	020  	   4 1 3	000  	3 2 2	  06LiDuSoWa.1491
2802.887962	1000	100  	   10 3 8	000  	10 1 9	  06LiDuSoWa.1492
2803.094622	1000	100  	   8 4 5	000  	8 3 6	  06LiDuSoWa.1493
2803.785713	1000	020  	   7 3 5	000  	7 3 4	  06LiDuSoWa.1494
2804.526221	1000	020  	   8 4 4	000  	9 3 7	  06LiDuSoWa.1495
2804.771370	1000	100  	   6 4 2	000  	6 3 3	  06LiDuSoWa.1496
2805.281197	1000	100  	   9 2 8	000  	9 0 9	  06LiDuSoWa.1497
2805.497744	1000	100  	   3 2 1	000  	2 1 2	  06LiDuSoWa.1498
2805.848739	1000	100  	   7 6 2	000  	6 6 1	  06LiDuSoWa.1499
2805.848739	1000	100  	   7 6 1	000  	6 6 0	  06LiDuSoWa.1500
2805.975487	1000	100  	   4 2 3	000  	3 1 2	  06LiDuSoWa.1501
2806.042127	1000	020  	   2 1 1	000  	1 1 0	  06LiDuSoWa.1502
2806.521272	1000	020  	   3 3 1	000  	3 3 0	  06LiDuSoWa.1503
2806.575495	1000	020  	   3 3 0	000  	3 3 1	  06LiDuSoWa.1504
2806.624464	1000	100  	   7 2 6	000  	6 2 5	  06LiDuSoWa.1505
2806.745519	1000	020  	   5 3 3	000  	5 3 2	  06LiDuSoWa.1506
2806.745519	1000	020  	   6 2 4	000  	6 2 5	  06LiDuSoWa.1507
2806.776573	1000	020  	   4 3 2	000  	4 3 1	  06LiDuSoWa.1508
2807.150795	1000	020  	   4 3 1	000  	4 3 2	  06LiDuSoWa.1509
2807.187008	1000	020  	   4 1 3	000  	4 0 4	  06LiDuSoWa.1510
2807.260289	1000	100  	   8 1 7	000  	7 2 6	  06LiDuSoWa.1511
2807.479173	1000	100  	   7 5 2	000  	6 5 1	  06LiDuSoWa.1512
2807.479173	1000	100  	   7 5 3	000  	6 5 2	  06LiDuSoWa.1513
2808.134617	1000	100  	   8 0 8	000  	7 1 7	  06LiDuSoWa.1514
2808.208438	1000	020  	   5 3 2	000  	5 3 3	  06LiDuSoWa.1515
2808.700393	1000	020  	   7 2 6	000  	6 3 3	  06LiDuSoWa.1516
2808.822096	1000	100  	   8 1 8	000  	7 1 7	  06LiDuSoWa.1517
2808.883512	1000	100  	   5 4 2	000  	5 3 3	  06LiDuSoWa.1518
-2808.883512	1000	001  	   16 0 16	000  	17 2 15	  06LiDuSoWa.1519
-2808.883512	1000	001  	   16 1 16	000  	17 2 15	  06LiDuSoWa.1520
2809.030089	1000	100  	   7 4 4	000  	6 4 3	  06LiDuSoWa.1521
2809.222722	1000	100  	   7 4 3	000  	6 4 2	  06LiDuSoWa.1522
2809.345551	1000	100  	   8 0 8	000  	7 0 7	  06LiDuSoWa.1523
2809.727953	1000	100  	   7 3 5	000  	6 3 4	  06LiDuSoWa.1524
2810.032444	1000	100  	   8 1 8	000  	7 0 7	  06LiDuSoWa.1525
2810.183135	1000	100  	   10 1 9	000  	10 1 10	  06LiDuSoWa.1526
2810.204656	1000	020  	   6 3 3	000  	6 3 4	  06LiDuSoWa.1527
2810.362762	1000	100  	   10 1 9	000  	10 0 10	  06LiDuSoWa.1528
2810.423821	1000	100  	   4 4 0	000  	4 3 1	  06LiDuSoWa.1529
2810.619456	1000	100  	   4 4 1	000  	4 3 2	  06LiDuSoWa.1530
2811.150107	1000	100  	   5 3 3	000  	5 1 4	  06LiDuSoWa.1531
2812.058674	1000	100  	   7 1 6	000  	6 1 5	  06LiDuSoWa.1532
2812.428001	1000	100  	   7 3 4	000  	6 3 3	  06LiDuSoWa.1533
2812.606289	1000	020  	   3 0 3	000  	2 0 2	  06LiDuSoWa.1534
2813.053358	1000	020  	   3 1 3	000  	2 1 2	  06LiDuSoWa.1535
2813.393485	1000	100  	   12 3 10	000  	12 1 11	  06LiDuSoWa.1536
2813.539811	1000	020  	   2 1 2	000  	1 0 1	  06LiDuSoWa.1537
2813.797476	1000	020  	   7 3 4	000  	7 3 5	  06LiDuSoWa.1538
2814.597258	1000	100  	   10 2 9	000  	10 1 10	  06LiDuSoWa.1539
2814.597258	1000	100  	   5 2 4	000  	4 1 3	  06LiDuSoWa.1540
2814.766193	1000	100  	   10 2 9	000  	10 0 10	  06LiDuSoWa.1541
2815.364965	1000	020  	   5 1 4	000  	5 1 5	  06LiDuSoWa.1542
2816.639429	1000	100  	   4 3 2	000  	4 1 3	  06LiDuSoWa.1543
2816.709592	1000	100  	   7 2 5	000  	6 2 4	  06LiDuSoWa.1544
2817.195887	1000	100  	   3 2 1	000  	2 0 2	  06LiDuSoWa.1545
2817.602183	1000	020  	   4 0 4	000  	3 1 3	  06LiDuSoWa.1546
2818.435637	1000	100  	   8 2 7	000  	7 2 6	  06LiDuSoWa.1547
2818.625829	1000	020  	   6 2 4	000  	5 3 3	  06LiDuSoWa.1548
2818.909340	1000	100  	   8 6 2	000  	7 6 1	  06LiDuSoWa.1549
2818.909340	1000	100  	   8 6 3	000  	7 6 2	  06LiDuSoWa.1550
2819.125161	1000	020  	   5 1 4	000  	5 0 5	  06LiDuSoWa.1551
2819.139874	1000	100  	   9 0 9	000  	8 1 8	  06LiDuSoWa.1552
2819.501469	1000	100  	   9 1 9	000  	8 1 8	  06LiDuSoWa.1553
2819.786804	1000	100  	   9 0 9	000  	8 0 8	  06LiDuSoWa.1554
2820.146492	1000	100  	   9 1 9	000  	8 0 8	  06LiDuSoWa.1555
2820.708118	1000	100  	   8 5 4	000  	7 5 3	  06LiDuSoWa.1556
2820.728795	1000	100  	   8 5 3	000  	7 5 2	  06LiDuSoWa.1557
2821.666831	1000	020  	   3 3 0	000  	4 2 3	  06LiDuSoWa.1558
2821.838110	1000	100  	   3 3 1	000  	3 1 2	  06LiDuSoWa.1559
2821.838110	1000	100  	   11 1 10	000  	11 1 11	  06LiDuSoWa.1560
2821.895952	1000	100  	   6 2 5	000  	5 1 4	  06LiDuSoWa.1561
2822.399368	1000	100  	   8 4 5	000  	7 4 4	  06LiDuSoWa.1562
2822.484013	1000	100  	   9 1 8	000  	8 2 7	  06LiDuSoWa.1563
2822.690097	1000	100  	   8 3 6	000  	7 3 5	  06LiDuSoWa.1564
2822.902323	1000	100  	   8 4 4	000  	7 4 3	  06LiDuSoWa.1565
2823.125917	1000	100  	   8 1 7	000  	7 1 6	  06LiDuSoWa.1566
2823.409604	1000	020  	   3 1 2	000  	2 1 1	  06LiDuSoWa.1567
2824.094445	1000	020  	   4 2 2	000  	4 1 3	  06LiDuSoWa.1568
2824.479329	1000	020  	   5 1 4	000  	4 2 3	  06LiDuSoWa.1569
2824.508108	1000	100  	   11 2 10	000  	11 0 11	  06LiDuSoWa.1570
2824.751815	1000	020  	   3 1 3	000  	2 0 2	  06LiDuSoWa.1571
2824.851667	1000	020  	   5 2 3	000  	5 1 4	  06LiDuSoWa.1572
2825.295344	1000	020  	   3 2 1	000  	3 1 2	  06LiDuSoWa.1573
2826.275109	1000	020  	   4 1 4	000  	3 1 3	  06LiDuSoWa.1574
2826.424560	1000	020  	   4 0 4	000  	3 0 3	  06LiDuSoWa.1575
2826.732908	1000	100  	   4 2 2	000  	3 1 3	  06LiDuSoWa.1576
2827.378606	1000	100  	   8 3 5	000  	7 3 4	  06LiDuSoWa.1577
2827.424009	1000	020  	   2 2 0	000  	2 1 1	  06LiDuSoWa.1578
2828.278877	1000	100  	   7 2 6	000  	6 1 5	  06LiDuSoWa.1579
2828.406802	1000	020  	   6 2 4	000  	6 1 5	  06LiDuSoWa.1580
2829.002789	1000	020  	   8 3 6	000  	7 4 3	  06LiDuSoWa.1581
2829.526093	1000	100  	   3 3 1	000  	2 2 0	  06LiDuSoWa.1582
2829.701496	1000	100  	   10 0 10	000  	9 1 9	  06LiDuSoWa.1583
2829.701496	1000	100  	   9 2 8	000  	8 2 7	  06LiDuSoWa.1584
2829.890573	1000	100  	   10 1 10	000  	9 1 9	  06LiDuSoWa.1585
2830.040627	1000	100  	   10 0 10	000  	9 0 9	  06LiDuSoWa.1586
2830.226120	1000	100  	   10 1 10	000  	9 0 9	  06LiDuSoWa.1587
2830.555210	1000	100  	   8 2 6	000  	7 2 5	  06LiDuSoWa.1588
2831.591972	1000	020  	   3 2 2	000  	2 2 1	  06LiDuSoWa.1589
2831.694591	1000	100  	   9 6 3	000  	8 6 2	  06LiDuSoWa.1590
2831.694591	1000	100  	   9 6 4	000  	8 6 3	  06LiDuSoWa.1591
2831.780672	1000	100  	   7 5 3	000  	7 4 4	  06LiDuSoWa.1592
2832.806790	1000	100  	   12 1 11	000  	12 1 12	  06LiDuSoWa.1593
2832.981149	1000	020  	   3 2 1	000  	2 2 0	  06LiDuSoWa.1594
2833.326410	1000	100  	   9 1 8	000  	8 1 7	  06LiDuSoWa.1595
2833.423120	1000	020  	   5 0 5	000  	4 1 4	  06LiDuSoWa.1596
2833.682785	1000	100  	   9 5 5	000  	8 5 4	  06LiDuSoWa.1597
2833.748916	1000	100  	   9 5 4	000  	8 5 3	  06LiDuSoWa.1598
2833.768621	1000	020  	   6 1 5	000  	6 0 6	  06LiDuSoWa.1599
2834.268022	1000	100  	   12 2 11	000  	12 1 12	  06LiDuSoWa.1600
2834.301224	1000	100  	   8 2 7	000  	7 1 6	  06LiDuSoWa.1601
2834.856554	1000	020  	   4 4 1	000  	4 4 0	  06LiDuSoWa.1602
2834.856554	1000	020  	   4 4 0	000  	4 4 1	  06LiDuSoWa.1603
2835.107349	1000	100  	   9 3 7	000  	8 3 6	  06LiDuSoWa.1604
2835.342575	1000	020  	   7 2 5	000  	7 1 6	  06LiDuSoWa.1605
2835.383909	1000	020  	   5 4 1	000  	5 4 2	  06LiDuSoWa.1606
2835.447459	1000	100  	   9 4 6	000  	8 4 5	  06LiDuSoWa.1607
2835.555787	1000	100  	   4 2 2	000  	3 0 3	  06LiDuSoWa.1608
2835.907536	1000	020  	   6 4 3	000  	6 4 2	  06LiDuSoWa.1609
2835.935648	1000	100  	   11 2 9	000  	10 3 8	  06LiDuSoWa.1610
2836.049802	1000	100  	   10 1 9	000  	9 2 8	  06LiDuSoWa.1611
2836.049802	1000	020  	   6 4 2	000  	6 4 3	  06LiDuSoWa.1612
2836.399139	1000	020  	   7 4 4	000  	7 4 3	  06LiDuSoWa.1613
2836.571154	1000	100  	   9 4 5	000  	8 4 4	  06LiDuSoWa.1614
2836.641865	1000	020  	   8 4 5	000  	8 4 4	  06LiDuSoWa.1615
2836.692380	1000	100  	   5 5 0	000  	5 4 1	  06LiDuSoWa.1616
2836.709937	1000	100  	   5 5 1	000  	5 4 2	  06LiDuSoWa.1617
2836.940255	1000	020  	   7 4 3	000  	7 4 4	  06LiDuSoWa.1618
2838.220762	1000	020  	   8 4 4	000  	8 4 5	  06LiDuSoWa.1619
2839.133752	1000	020  	   5 1 5	000  	4 1 4	  06LiDuSoWa.1620
2839.443550	1000	020  	   5 0 5	000  	4 0 4	  06LiDuSoWa.1621
2839.634971	1000	020  	   3 2 2	000  	3 1 3	  06LiDuSoWa.1622
2839.911880	1000	100  	   11 0 11	000  	10 1 10	  06LiDuSoWa.1623
2840.006398	1000	100  	   11 1 11	000  	10 1 10	  06LiDuSoWa.1624
2840.083390	1000	100  	   11 0 11	000  	10 0 10	  06LiDuSoWa.1625
2840.177333	1000	100  	   11 1 11	000  	10 0 10	  06LiDuSoWa.1626
2840.461094	1000	100  	   10 2 9	000  	9 2 8	  06LiDuSoWa.1627
2840.543708	1000	100  	   9 2 8	000  	8 1 7	  06LiDuSoWa.1628
2840.710450	1000	020  	   4 1 3	000  	3 1 2	  06LiDuSoWa.1629
2842.194569	1000	100  	   9 3 6	000  	8 3 5	  06LiDuSoWa.1630
2842.929008	1000	100  	   4 3 2	000  	3 2 1	  06LiDuSoWa.1631
2842.992506	1000	100  	   10 1 9	000  	9 1 8	  06LiDuSoWa.1632
2843.244868	1000	100  	   13 1 12	000  	13 0 13	  06LiDuSoWa.1633
2843.365339	1000	100  	   9 2 7	000  	8 2 6	  06LiDuSoWa.1634
2843.428261	1000	100  	   4 3 1	000  	4 1 4	  06LiDuSoWa.1635
2844.055704	1000	100  	   13 2 12	000  	13 0 13	  06LiDuSoWa.1636
2844.206042	1000	100  	   10 6 4	000  	9 6 3	  06LiDuSoWa.1637
2844.679027	1000	020  	   5 4 2	000  	6 3 3	  06LiDuSoWa.1638
2844.817615	1000	100  	   4 3 1	000  	3 2 2	  06LiDuSoWa.1639
2845.153710	1000	020  	   5 1 5	000  	4 0 4	  06LiDuSoWa.1640
2845.697337	1000	020  	   4 2 3	000  	4 1 4	  06LiDuSoWa.1641
2845.954061	1000	020  	   8 2 6	000  	8 1 7	  06LiDuSoWa.1642
2846.391176	1000	100  	   10 5 6	000  	9 5 5	  06LiDuSoWa.1643
2846.567261	1000	100  	   10 5 5	000  	9 5 4	  06LiDuSoWa.1644
2846.746074	1000	020  	   6 1 5	000  	5 2 4	  06LiDuSoWa.1645
2846.938021	1000	100  	   10 3 8	000  	9 3 7	  06LiDuSoWa.1646
2847.083592	1000	020  	   4 2 3	000  	3 2 2	  06LiDuSoWa.1647
2847.405513	1000	100  	   10 2 9	000  	9 1 8	  06LiDuSoWa.1648
2848.103648	1000	020  	   6 0 6	000  	5 1 5	  06LiDuSoWa.1649
2848.182647	1000	100  	   11 1 10	000  	10 2 9	  06LiDuSoWa.1650
2848.455525	1000	020  	   3 2 2	000  	3 0 3	  06LiDuSoWa.1651
2849.814030	1000	100  	   12 0 12	000  	11 1 11	  06LiDuSoWa.1652
2849.860867	1000	100  	   12 1 12	000  	11 1 11	  06LiDuSoWa.1653
2849.899601	1000	100  	   12 0 12	000  	11 0 11	  06LiDuSoWa.1654
2849.946654	1000	100  	   12 1 12	000  	11 0 11	  06LiDuSoWa.1655
2850.170390	1000	100  	   8 4 5	000  	8 2 6	  06LiDuSoWa.1656
2850.317305	1000	100  	   10 4 6	000  	9 4 5	  06LiDuSoWa.1657
2850.386152	1000	020  	   4 2 2	000  	3 2 1	  06LiDuSoWa.1658
2850.766946	1000	100  	   11 2 10	000  	10 2 9	  06LiDuSoWa.1659
2851.243090	1000	100  	   5 3 2	000  	5 1 5	  06LiDuSoWa.1660
2851.312211	1000	100  	   5 2 3	000  	4 1 4	  06LiDuSoWa.1661
2851.621578	1000	020  	   6 1 6	000  	5 1 5	  06LiDuSoWa.1662
2851.715280	1000	020  	   4 2 3	000  	4 0 4	  06LiDuSoWa.1663
2851.860954	1000	020  	   6 0 6	000  	5 0 5	  06LiDuSoWa.1664
2852.394200	1000	100  	   11 1 10	000  	10 1 9	  06LiDuSoWa.1665
2853.298954	1000	020  	   5 2 4	000  	5 1 5	  06LiDuSoWa.1666
2853.339065	1000	100  	   12 2 10	000  	11 3 9	  06LiDuSoWa.1667
2854.764012	1000	100  	   5 3 3	000  	4 2 2	  06LiDuSoWa.1668
2854.978459	1000	100  	   11 2 10	000  	10 1 9	  06LiDuSoWa.1669
2855.039916	1000	100  	   10 2 8	000  	9 2 7	  06LiDuSoWa.1670
2855.380194	1000	020  	   6 1 6	000  	5 0 5	  06LiDuSoWa.1671
2855.654828	1000	100  	   8 6 2	000  	8 5 3	  06LiDuSoWa.1672
2855.689109	1000	100  	   8 6 3	000  	8 5 4	  06LiDuSoWa.1673
2856.490029	1000	100  	   10 3 7	000  	9 3 6	  06LiDuSoWa.1674
2857.057384	1000	020  	   5 2 4	000  	5 0 5	  06LiDuSoWa.1675
2857.331675	1000	100  	   5 2 3	000  	4 0 4	  06LiDuSoWa.1676
2857.771121	1000	020  	   5 1 4	000  	4 1 3	  06LiDuSoWa.1677
2858.161913	1000	100  	   11 3 9	000  	10 3 8	  06LiDuSoWa.1678
2858.753309	1000	100  	   7 6 1	000  	7 5 2	  06LiDuSoWa.1679
2858.811072	1000	100  	   11 5 7	000  	10 5 6	  06LiDuSoWa.1680
2859.208328	1000	100  	   12 1 11	000  	11 2 10	  06LiDuSoWa.1681
2859.225421	1000	100  	   11 5 6	000  	10 5 5	  06LiDuSoWa.1682
2859.435540	1000	100  	   13 1 13	000  	12 1 12	  06LiDuSoWa.1683
2859.435540	1000	100  	   13 0 13	000  	12 1 12	  06LiDuSoWa.1684
2859.477446	1000	100  	   13 0 13	000  	12 0 12	  06LiDuSoWa.1685
2859.477446	1000	100  	   13 1 13	000  	12 0 12	  06LiDuSoWa.1686
2860.134394	1000	020  	   9 2 7	000  	9 1 8	  06LiDuSoWa.1687
2860.231843	1000	100  	   7 4 4	000  	7 2 5	  06LiDuSoWa.1688
2860.322633	1000	100  	   11 4 8	000  	10 4 7	  06LiDuSoWa.1689
2860.356188	1000	100  	   5 3 2	000  	4 2 3	  06LiDuSoWa.1690
2860.579454	1000	020  	   2 2 1	000  	1 1 0	  06LiDuSoWa.1691
2860.672146	1000	100  	   12 2 11	000  	11 2 10	  06LiDuSoWa.1692
2861.655645	1000	100  	   12 1 11	000  	11 1 10	  06LiDuSoWa.1693
2861.685228	1000	020  	   7 0 7	000  	6 1 6	  06LiDuSoWa.1694
2862.358566	1000	020  	   6 2 5	000  	6 1 6	  06LiDuSoWa.1695
2862.412269	1000	020  	   5 2 4	000  	4 2 3	  06LiDuSoWa.1696
2863.119770	1000	100  	   12 2 11	000  	11 1 10	  06LiDuSoWa.1697
2863.622771	1000	020  	   2 2 0	000  	1 1 1	  06LiDuSoWa.1698
2863.750513	1000	020  	   7 1 7	000  	6 1 6	  06LiDuSoWa.1699
2863.873397	1000	020  	   7 0 7	000  	6 0 6	  06LiDuSoWa.1700
2864.167438	1000	100  	   11 4 7	000  	10 4 6	  06LiDuSoWa.1701
2864.583886	1000	100  	   6 3 4	000  	5 2 3	  06LiDuSoWa.1702
2865.540254	1000	100  	   11 2 9	000  	10 2 8	  06LiDuSoWa.1703
2865.938370	1000	020  	   7 1 7	000  	6 0 6	  06LiDuSoWa.1704
2866.828176	1000	020  	   8 3 5	000  	8 2 6	  06LiDuSoWa.1705
2867.041221	1000	020  	   9 3 6	000  	9 2 7	  06LiDuSoWa.1706
2867.716452	1000	020  	   8 1 7	000  	8 0 8	  06LiDuSoWa.1707
-2868.088712	1000	020  	   5 5 0	000  	5 5 1	  06LiDuSoWa.1708
-2868.088712	1000	020  	   5 5 1	000  	5 5 0	  06LiDuSoWa.1709
2868.465641	1000	020  	   5 2 3	000  	4 2 2	  06LiDuSoWa.1710
-2868.655165	1000	020  	   6 5 1	000  	6 5 2	  06LiDuSoWa.1711
2868.666834	1000	100  	   13 2 11	000  	12 3 10	  06LiDuSoWa.1712
2868.749465	1000	020  	   7 1 6	000  	6 2 5	  06LiDuSoWa.1713
2868.786366	1000	100  	   14 1 14	000  	13 1 13	  06LiDuSoWa.1714
2868.786366	1000	100  	   14 0 14	000  	13 0 13	  06LiDuSoWa.1715
2868.786366	1000	100  	   12 3 10	000  	11 3 9	  06LiDuSoWa.1716
2868.803492	1000	100  	   14 1 14	000  	13 0 13	  06LiDuSoWa.1717
2869.080843	1000	020  	   4 3 2	000  	3 3 1	  06LiDuSoWa.1718
2869.125256	1000	020  	   7 3 4	000  	7 2 5	  06LiDuSoWa.1719
2869.229268	1000	020  	   4 3 1	000  	3 3 0	  06LiDuSoWa.1720
2869.415692	1000	100  	   13 1 12	000  	12 2 11	  06LiDuSoWa.1721
2869.458399	1000	100  	   6 4 3	000  	6 2 4	  06LiDuSoWa.1722
2869.931434	1000	100  	   11 3 8	000  	10 3 7	  06LiDuSoWa.1723
2869.978849	1000	020  	   6 3 4	000  	7 1 7	  06LiDuSoWa.1724
2870.224478	1000	100  	   13 2 12	000  	12 2 11	  06LiDuSoWa.1725
2870.793638	1000	100  	   13 1 12	000  	12 1 11	  06LiDuSoWa.1726
2871.603602	1000	100  	   13 2 12	000  	12 1 11	  06LiDuSoWa.1727
2871.872360	1000	100  	   3 3 0	000  	2 1 1	  06LiDuSoWa.1728
2872.273889	1000	100  	   7 3 5	000  	6 2 4	  06LiDuSoWa.1729
2872.699528	1000	100  	   4 4 1	000  	3 3 0	  06LiDuSoWa.1730
2872.728974	1000	100  	   4 4 0	000  	3 3 1	  06LiDuSoWa.1731
2872.750259	1000	020  	   6 3 3	000  	6 2 4	  06LiDuSoWa.1732
2873.563322	1000	020  	   3 2 2	000  	2 1 1	  06LiDuSoWa.1733
2874.368675	1000	020  	   8 0 8	000  	7 1 7	  06LiDuSoWa.1734
2874.395610	1000	020  	   6 1 5	000  	5 1 4	  06LiDuSoWa.1735
2874.962847	1000	100  	   12 2 10	000  	11 2 9	  06LiDuSoWa.1736
2875.539030	1000	020  	   8 1 8	000  	7 1 7	  06LiDuSoWa.1737
2875.578912	1000	020  	   8 0 8	000  	7 0 7	  06LiDuSoWa.1738
2876.436232	1000	100  	   7 3 4	000  	7 1 7	  06LiDuSoWa.1739
2876.508286	1000	020  	   5 3 2	000  	5 2 3	  06LiDuSoWa.1740
2876.749539	1000	020  	   8 1 8	000  	7 0 7	  06LiDuSoWa.1741
2877.173316	1000	100  	   6 3 3	000  	5 2 4	  06LiDuSoWa.1742
2877.281526	1000	020  	   10 2 8	000  	10 1 9	  06LiDuSoWa.1743
2877.523703	1000	020  	   6 2 5	000  	5 2 4	  06LiDuSoWa.1744
2878.018611	1000	100  	   8 3 6	000  	7 2 5	  06LiDuSoWa.1745
2879.482108	1000	020  	   4 3 1	000  	4 2 2	  06LiDuSoWa.1746
2879.482108	1000	100  	   6 2 4	000  	5 1 5	  06LiDuSoWa.1747
2879.907159	1000	100  	   3 3 1	000  	2 1 2	  06LiDuSoWa.1748
2882.181012	1000	100  	   9 3 7	000  	8 2 6	  06LiDuSoWa.1749
2882.313214	1000	100  	   12 3 9	000  	11 3 8	  06LiDuSoWa.1750
2882.929965	1000	020  	   3 3 1	000  	3 2 2	  06LiDuSoWa.1751
2882.973712	1000	100  	   4 3 1	000  	3 1 2	  06LiDuSoWa.1752
2883.245413	1000	100  	   6 2 4	000  	5 0 5	  06LiDuSoWa.1753
2883.362549	1000	020  	   3 2 1	000  	2 1 2	  06LiDuSoWa.1754
2883.571749	1000	100  	   13 2 11	000  	12 2 10	  06LiDuSoWa.1755
2884.141987	1000	020  	   8 2 7	000  	8 1 8	  06LiDuSoWa.1756
2884.172846	1000	020  	   4 3 2	000  	4 2 3	  06LiDuSoWa.1757
2884.788616	1000	020  	   8 2 7	000  	8 0 8	  06LiDuSoWa.1758
2885.092725	1000	020  	   9 1 8	000  	9 0 9	  06LiDuSoWa.1759
2885.242661	1000	020  	   4 2 3	000  	3 1 2	  06LiDuSoWa.1760
2885.746573	1000	020  	   5 3 2	000  	4 3 1	  06LiDuSoWa.1761
2886.316538	1000	020  	   5 3 3	000  	5 2 4	  06LiDuSoWa.1762
2886.356694	1000	020  	   9 0 9	000  	8 1 8	  06LiDuSoWa.1763
2886.422354	1000	100  	   5 4 2	000  	4 3 1	  06LiDuSoWa.1764
2886.633692	1000	100  	   5 4 1	000  	4 3 2	  06LiDuSoWa.1765
2886.925717	1000	020  	   6 2 4	000  	5 2 3	  06LiDuSoWa.1766
2887.003700	1000	020  	   9 0 9	000  	8 0 8	  06LiDuSoWa.1767
2887.003700	1000	020  	   9 1 9	000  	8 1 8	  06LiDuSoWa.1768
2887.649815	1000	020  	   9 1 9	000  	8 0 8	  06LiDuSoWa.1769
2887.765322	1000	100  	   11 3 9	000  	10 2 8	  06LiDuSoWa.1770
2888.435551	1000	100  	   6 4 2	000  	6 2 5	  06LiDuSoWa.1771
2889.630368	1000	020  	   6 3 4	000  	6 2 5	  06LiDuSoWa.1772
2889.842236	1000	020  	   8 1 7	000  	7 2 6	  06LiDuSoWa.1773
2890.404981	1000	020  	   7 1 6	000  	6 1 5	  06LiDuSoWa.1774
2890.501832	1000	100  	   7 4 3	000  	7 2 6	  06LiDuSoWa.1775
2892.364642	1000	020  	   7 2 6	000  	6 2 5	  06LiDuSoWa.1776
-2892.649477	1000	020  	   6 5 2	000  	7 4 3	  06LiDuSoWa.1777
-2892.954891	1000	020  	   6 5 1	000  	7 4 4	  06LiDuSoWa.1778
2893.648248	1000	100  	   5 3 2	000  	4 1 3	  06LiDuSoWa.1779
2894.332739	1000	020  	   7 3 5	000  	7 2 6	  06LiDuSoWa.1780
2895.704525	1000	020  	   5 2 4	000  	4 1 3	  06LiDuSoWa.1781
2896.092753	1000	100  	   7 3 4	000  	6 2 5	  06LiDuSoWa.1782
2896.400237	1000	020  	   9 2 8	000  	9 1 9	  06LiDuSoWa.1783
2897.810453	1000	020  	   10 0 10	000  	9 1 9	  06LiDuSoWa.1784
2898.146441	1000	020  	   10 0 10	000  	9 0 9	  06LiDuSoWa.1785
2898.161938	1000	020  	   10 1 10	000  	9 1 9	  06LiDuSoWa.1786
2898.498181	1000	020  	   10 1 10	000  	9 0 9	  06LiDuSoWa.1787
2898.866988	1000	100  	   4 3 2	000  	3 1 3	  06LiDuSoWa.1788
2899.461258	1000	100  	   6 4 3	000  	5 3 2	  06LiDuSoWa.1789
2900.308137	1000	100  	   6 4 2	000  	5 3 3	  06LiDuSoWa.1790
2900.568475	1000	020  	   8 3 6	000  	8 2 7	  06LiDuSoWa.1791
2901.505523	1000	020  	   6 3 4	000  	5 3 3	  06LiDuSoWa.1792
2902.751630	1000	020  	   6 3 3	000  	5 3 2	  06LiDuSoWa.1793
-2903.329335	1000	020  	   6 6 0	000  	6 6 1	  06LiDuSoWa.1794
-2903.329335	1000	020  	   6 6 1	000  	6 6 0	  06LiDuSoWa.1795
2904.822090	1000	100  	   6 3 3	000  	5 1 4	  06LiDuSoWa.1796
2905.172870	1000	020  	   6 2 5	000  	5 1 4	  06LiDuSoWa.1797
2905.463757	1000	020  	   7 2 5	000  	6 2 4	  06LiDuSoWa.1798
2905.708035	1000	020  	   8 1 7	000  	7 1 6	  06LiDuSoWa.1799
2906.325339	1000	020  	   4 2 2	000  	3 1 3	  06LiDuSoWa.1800
2906.913927	1000	020  	   8 2 7	000  	7 2 6	  06LiDuSoWa.1801
2908.387333	1000	020  	   9 3 7	000  	9 2 8	  06LiDuSoWa.1802
2908.832396	1000	020  	   11 0 11	000  	10 1 10	  06LiDuSoWa.1803
2909.002964	1000	020  	   11 0 11	000  	10 0 10	  06LiDuSoWa.1804
2909.020635	1000	020  	   11 1 11	000  	10 1 10	  06LiDuSoWa.1805
2909.192430	1000	020  	   11 1 11	000  	10 0 10	  06LiDuSoWa.1806
2909.512406	1000	020  	   9 1 8	000  	8 2 7	  06LiDuSoWa.1807
2911.120026	1000	100  	   7 2 5	000  	6 1 6	  06LiDuSoWa.1808
2911.448693	1000	100  	   7 4 4	000  	6 3 3	  06LiDuSoWa.1809
2912.841646	1000	020  	   5 4 1	000  	4 4 0	  06LiDuSoWa.1810
2913.305316	1000	100  	   7 2 5	000  	6 0 6	  06LiDuSoWa.1811
2913.947021	1000	100  	   7 4 3	000  	6 3 4	  06LiDuSoWa.1812
2914.018960	1000	020  	   7 2 6	000  	6 1 5	  06LiDuSoWa.1813
2914.171002	1000	100  	   5 5 0	000  	4 4 1	  06LiDuSoWa.1814
2914.171002	1000	100  	   5 5 1	000  	4 4 0	  06LiDuSoWa.1815
2917.745476	1000	100  	   7 3 4	000  	6 1 5	  06LiDuSoWa.1816
2917.775025	1000	020  	   7 3 5	000  	6 3 4	  06LiDuSoWa.1817
2917.922400	1000	100  	   8 3 5	000  	7 2 6	  06LiDuSoWa.1818
2919.487783	1000	020  	   12 0 12	000  	11 1 11	  06LiDuSoWa.1819
2919.673844	1000	020  	   12 1 12	000  	11 0 11	  06LiDuSoWa.1820
2920.354915	1000	020  	   9 1 8	000  	8 1 7	  06LiDuSoWa.1821
2921.155871	1000	020  	   9 2 8	000  	8 2 7	  06LiDuSoWa.1822
2921.868998	1000	100  	   8 4 5	000  	7 3 4	  06LiDuSoWa.1823
2922.779486	1000	020  	   8 2 7	000  	7 1 6	  06LiDuSoWa.1824
2923.861715	1000	020  	   8 2 6	000  	7 2 5	  06LiDuSoWa.1825
2927.555461	1000	100  	   6 5 2	000  	5 4 1	  06LiDuSoWa.1826
2927.573671	1000	100  	   6 5 1	000  	5 4 2	  06LiDuSoWa.1827
2927.893060	1000	100  	   8 4 4	000  	7 3 5	  06LiDuSoWa.1828
2928.247845	1000	020  	   9 4 5	000  	9 3 6	  06LiDuSoWa.1829
2928.772562	1000	020  	   3 3 1	000  	2 2 0	  06LiDuSoWa.1830
2929.103282	1000	020  	   6 4 3	000  	5 4 2	  06LiDuSoWa.1831
2929.147799	1000	020  	   3 3 0	000  	2 2 1	  06LiDuSoWa.1832
2929.147799	1000	020  	   6 4 2	000  	5 4 1	  06LiDuSoWa.1833
-2929.858723	1000	020  	   13 1 13	000  	12 1 12	  06LiDuSoWa.1834
2930.208021	1000	100  	   9 4 6	000  	8 3 5	  06LiDuSoWa.1835
2931.999012	1000	020  	   9 2 8	000  	8 1 7	  06LiDuSoWa.1836
2932.977869	1000	020  	   8 4 4	000  	8 3 5	  06LiDuSoWa.1837
2933.234155	1000	020  	   5 2 3	000  	4 1 4	  06LiDuSoWa.1838
2933.789946	1000	100  	   8 3 5	000  	7 1 6	  06LiDuSoWa.1839
2933.990186	1000	020  	   8 3 6	000  	7 3 5	  06LiDuSoWa.1840
2934.493411	1000	020  	   10 1 9	000  	9 1 8	  06LiDuSoWa.1841
2935.092853	1000	020  	   10 2 9	000  	9 2 8	  06LiDuSoWa.1842
2936.160398	1000	100  	   10 4 7	000  	9 3 6	  06LiDuSoWa.1843
2936.411878	1000	020  	   7 4 3	000  	7 3 4	  06LiDuSoWa.1844
2938.530494	1000	020  	   8 3 5	000  	7 3 4	  06LiDuSoWa.1845
2939.459614	1000	020  	   5 4 1	000  	5 3 2	  06LiDuSoWa.1846
2939.780356	1000	020  	   4 4 0	000  	4 3 1	  06LiDuSoWa.1847
2939.864112	1000	020  	   14 1 14	000  	13 0 13	  06LiDuSoWa.1848
2939.975422	1000	020  	   4 4 1	000  	4 3 2	  06LiDuSoWa.1849
2940.214568	1000	020  	   5 4 2	000  	5 3 3	  06LiDuSoWa.1850
2940.506288	1000	100  	   7 5 3	000  	6 4 2	  06LiDuSoWa.1851
2940.597279	1000	100  	   7 5 2	000  	6 4 3	  06LiDuSoWa.1852
2941.389954	1000	020  	   7 4 4	000  	7 3 5	  06LiDuSoWa.1853
2941.961434	1000	020  	   9 2 7	000  	8 2 6	  06LiDuSoWa.1854
2942.037829	1000	020  	   10 2 9	000  	9 1 8	  06LiDuSoWa.1855
2942.104449	1000	100  	   6 3 4	000  	5 1 5	  06LiDuSoWa.1856
2942.680927	1000	100  	   9 4 5	000  	8 3 6	  06LiDuSoWa.1857
2943.242347	1000	100  	   9 3 6	000  	8 2 7	  06LiDuSoWa.1858
2943.756353	1000	020  	   4 3 2	000  	3 2 1	  06LiDuSoWa.1859
2944.048932	1000	020  	   11 1 10	000  	10 2 9	  06LiDuSoWa.1860
2945.516716	1000	020  	   7 4 4	000  	6 4 3	  06LiDuSoWa.1861
2945.637318	1000	020  	   4 3 1	000  	3 2 2	  06LiDuSoWa.1862
2945.669932	1000	020  	   7 4 3	000  	6 4 2	  06LiDuSoWa.1863
2946.992013	1000	100  	   8 2 6	000  	7 0 7	  06LiDuSoWa.1864
2948.259685	1000	020  	   11 1 10	000  	10 1 9	  06LiDuSoWa.1865
2948.739708	1000	020  	   11 2 10	000  	10 2 9	  06LiDuSoWa.1866
2950.084054	1000	020  	   9 3 7	000  	8 3 6	  06LiDuSoWa.1867
2952.905793	1000	100  	   8 5 4	000  	7 4 3	  06LiDuSoWa.1868
2952.950461	1000	020  	   11 2 10	000  	10 1 9	  06LiDuSoWa.1869
2953.235463	1000	100  	   8 5 3	000  	7 4 4	  06LiDuSoWa.1870
2954.020404	1000	100  	   6 6 0	000  	5 5 1	  06LiDuSoWa.1871
2954.020404	1000	100  	   6 6 1	000  	5 5 0	  06LiDuSoWa.1872
2954.086584	1000	100  	   9 3 6	000  	8 1 7	  06LiDuSoWa.1873
2957.192004	1000	020  	   9 3 6	000  	8 3 5	  06LiDuSoWa.1874
2957.579561	1000	020  	   5 3 3	000  	4 2 2	  06LiDuSoWa.1875
2959.027943	1000	100  	   10 4 6	000  	9 3 7	  06LiDuSoWa.1876
2959.631340	1000	020  	   10 2 8	000  	9 2 7	  06LiDuSoWa.1877
2962.057665	1000	020  	   8 4 5	000  	7 4 4	  06LiDuSoWa.1878
2962.458223	1000	020  	   8 4 4	000  	7 4 3	  06LiDuSoWa.1879
2963.143204	1000	020  	   5 3 2	000  	4 2 3	  06LiDuSoWa.1880
2963.816723	1000	100  	   5 4 2	000  	4 2 3	  06LiDuSoWa.1881
2964.448566	1000	020  	   6 2 4	000  	5 1 5	  06LiDuSoWa.1882
2964.574181	1000	100  	   9 5 5	000  	8 4 4	  06LiDuSoWa.1883
2965.544364	1000	100  	   9 5 4	000  	8 4 5	  06LiDuSoWa.1884
2966.006443	1000	020  	   10 3 8	000  	9 3 7	  06LiDuSoWa.1885
2966.681551	1000	100  	   7 3 5	000  	6 1 6	  06LiDuSoWa.1886
2966.958833	1000	100  	   7 6 1	000  	6 5 2	  06LiDuSoWa.1887
2966.958833	1000	100  	   7 6 2	000  	6 5 1	  06LiDuSoWa.1888
2969.805510	1000	020  	   6 3 4	000  	5 2 3	  06LiDuSoWa.1889
-2970.604664	1000	001  	   10 8 2	000  	11 10 1	  06LiDuSoWa.1890
-2970.604664	1000	001  	   10 8 3	000  	11 10 2	  06LiDuSoWa.1891
2976.490116	1000	100  	   7 4 3	000  	6 2 4	  06LiDuSoWa.1892
-2977.516052	1000	020  	   7 5 2	000  	6 5 1	  06LiDuSoWa.1893
-2977.516052	1000	020  	   7 5 3	000  	6 5 2	  06LiDuSoWa.1894
2977.661942	1000	100  	   10 5 5	000  	9 4 6	  06LiDuSoWa.1895
2977.761299	1000	100  	   11 4 7	000  	10 3 8	  06LiDuSoWa.1896
2978.686005	1000	020  	   9 4 6	000  	8 4 5	  06LiDuSoWa.1897
2979.032095	1000	100  	   6 4 3	000  	5 2 4	  06LiDuSoWa.1898
2979.488072	1000	100  	   8 6 3	000  	7 5 2	  06LiDuSoWa.1899
2979.560824	1000	020  	   9 4 5	000  	8 4 4	  06LiDuSoWa.1900
2980.321827	1000	020  	   7 3 5	000  	6 2 4	  06LiDuSoWa.1901
2982.324117	1000	020  	   6 3 3	000  	5 2 4	  06LiDuSoWa.1902
2982.835993	1000	100  	   9 2 7	000  	8 1 8	  06LiDuSoWa.1903
2984.391713	1000	100  	   11 5 7	000  	10 4 6	  06LiDuSoWa.1904
2989.319928	1000	020  	   8 3 6	000  	7 2 5	  06LiDuSoWa.1905
2991.565523	1000	100  	   9 6 4	000  	8 5 3	  06LiDuSoWa.1906
2991.600314	1000	100  	   9 6 3	000  	8 5 4	  06LiDuSoWa.1907
2993.242360	1000	100  	   8 3 6	000  	7 1 7	  06LiDuSoWa.1908
-2994.658138	1000	100  	   7 7 0	000  	6 6 1	  06LiDuSoWa.1909
2995.112938	1000	100  	   7 4 4	000  	6 2 5	  06LiDuSoWa.1910
2997.157690	1000	020  	   9 3 7	000  	8 2 6	  06LiDuSoWa.1911
2997.324045	1000	100  	   10 4 6	000  	9 2 7	  06LiDuSoWa.1912
3002.054527	1000	020  	   4 4 1	000  	3 3 0	  06LiDuSoWa.1913
3002.084522	1000	020  	   4 4 0	000  	3 3 1	  06LiDuSoWa.1914
3003.262449	1000	100  	   10 6 4	000  	9 5 5	  06LiDuSoWa.1915
3004.006322	1000	020  	   7 3 4	000  	6 2 5	  06LiDuSoWa.1916
3004.300043	1000	020  	   10 3 8	000  	9 2 7	  06LiDuSoWa.1917
3004.592971	1000	100  	   11 3 8	000  	10 2 9	  06LiDuSoWa.1918
-3007.079614	1000	100  	   8 7 1	000  	7 6 2	  06LiDuSoWa.1919
-3007.079614	1000	100  	   8 7 2	000  	7 6 1	  06LiDuSoWa.1920
3008.509948	1000	020  	   5 4 2	000  	5 2 3	  06LiDuSoWa.1921
3017.754503	1000	020  	   5 4 2	000  	4 3 1	  06LiDuSoWa.1922
3017.964880	1000	020  	   5 4 1	000  	4 3 2	  06LiDuSoWa.1923
3021.484993	1000	100  	   10 2 8	000  	9 1 9	  06LiDuSoWa.1924
-3027.610253	1000	020  	   8 6 2	000  	7 6 1	  06LiDuSoWa.1925
-3027.610253	1000	020  	   8 6 3	000  	7 6 2	  06LiDuSoWa.1926
3029.073947	1000	020  	   8 3 5	000  	7 2 6	  06LiDuSoWa.1927
3031.255221	1000	100  	   9 4 6	000  	8 2 7	  06LiDuSoWa.1928
3031.650006	1000	100  	   6 5 1	000  	5 3 2	  06LiDuSoWa.1929
3033.178943	1000	020  	   6 4 3	000  	5 3 2	  06LiDuSoWa.1930
3039.084390	1000	020  	   8 2 6	000  	7 1 7	  06LiDuSoWa.1931
3039.829871	1000	100  	   12 3 9	000  	11 2 10	  06LiDuSoWa.1932
3047.935400	1000	020  	   7 4 4	000  	6 3 3	  06LiDuSoWa.1933
3050.398512	1000	020  	   7 4 3	000  	6 3 4	  06LiDuSoWa.1934
3057.900031	1000	100  	   8 5 4	000  	7 3 5	  06LiDuSoWa.1935
3058.240153	1000	020  	   9 3 6	000  	8 2 7	  06LiDuSoWa.1936
-3063.346316	1000	001  	   13 1 12	000  	14 5 9	  06LiDuSoWa.1937
3067.448376	1000	020  	   8 4 4	000  	7 3 5	  06LiDuSoWa.1938
3073.447393	1000	020  	   9 4 6	000  	8 3 5	  06LiDuSoWa.1939
3085.668611	1000	020  	   9 4 5	000  	8 3 6	  06LiDuSoWa.1940
3099.898653	1000	100  	   12 2 10	000  	11 1 11	  06LiDuSoWa.1941
-3105.742744	1000	020  	   5 5 1	000  	5 3 2	  06LiDuSoWa.1942
3115.347620	1000	100  	   12 3 10	000  	11 1 11	  06LiDuSoWa.1943
-3192.105424	1000	001  	   10 9 1	000  	11 10 2	  06LiDuSoWa.1944
-3192.105424	1000	001  	   10 9 2	000  	11 10 1	  06LiDuSoWa.1945
-3199.724922	1000	020  	   6 5 2	000  	5 3 3	  06LiDuSoWa.1946
3205.501277	1000	001  	   13 3 11	000  	14 5 10	  06LiDuSoWa.1947
3218.760531	1000	001  	   12 1 12	000  	13 3 11	  06LiDuSoWa.1948
3259.676563	1000	001  	   14 3 12	000  	15 4 11	  06LiDuSoWa.1949
3324.541046	1000	001  	   7 3 5	000  	8 5 4	  06LiDuSoWa.1950
3350.124144	1000	001  	   7 6 2	000  	8 7 1	  06LiDuSoWa.1951
3350.124144	1000	001  	   7 6 1	000  	8 7 2	  06LiDuSoWa.1952
3356.376716	1000	001  	   9 5 5	000  	10 6 4	  06LiDuSoWa.1953
3356.547242	1000	001  	   9 5 4	000  	10 6 5	  06LiDuSoWa.1954
-3357.824180	1000	001  	   10 9 2	000  	10 10 1	  06LiDuSoWa.1955
-3357.824180	1000	001  	   10 9 1	000  	10 10 0	  06LiDuSoWa.1956
3358.308146	1000	001  	   11 4 8	000  	12 5 7	  06LiDuSoWa.1957
3359.873488	1000	001  	   9 1 9	000  	10 2 8	  06LiDuSoWa.1958
3365.401695	1000	001  	   6 6 1	000  	7 7 0	  06LiDuSoWa.1959
3365.401695	1000	001  	   6 6 0	000  	7 7 1	  06LiDuSoWa.1960
3369.268405	1000	001  	   10 2 9	000  	11 3 8	  06LiDuSoWa.1961
3370.677219	1000	001  	   4 3 2	000  	5 5 1	  06LiDuSoWa.1962
3371.509197	1000	001  	   8 5 4	000  	9 6 3	  06LiDuSoWa.1963
3371.559148	1000	001  	   8 5 3	000  	9 6 4	  06LiDuSoWa.1964
3371.901881	1000	001  	   11 4 7	000  	12 5 8	  06LiDuSoWa.1965
3374.829434	1000	001  	   7 2 6	000  	8 4 5	  06LiDuSoWa.1966
3375.440360	1000	001  	   10 4 7	000  	11 5 6	  06LiDuSoWa.1967
3382.377742	1000	001  	   10 4 6	000  	11 5 7	  06LiDuSoWa.1968
3384.494096	1000	001  	   9 2 7	000  	10 4 6	  06LiDuSoWa.1969
3386.343513	1000	001  	   7 4 3	000  	7 6 2	  06LiDuSoWa.1970
3386.760035	1000	001  	   7 5 3	000  	8 6 2	  06LiDuSoWa.1971
3386.769158	1000	001  	   7 5 2	000  	8 6 3	  06LiDuSoWa.1972
3391.586712	1000	001  	   9 4 6	000  	10 5 5	  06LiDuSoWa.1973
3394.755539	1000	001  	   9 4 5	000  	10 5 6	  06LiDuSoWa.1974
3395.398505	1000	001  	   6 2 5	000  	7 4 4	  06LiDuSoWa.1975
3395.443954	1000	001  	   11 1 11	000  	11 3 8	  06LiDuSoWa.1976
3396.222930	1000	001  	   8 2 6	000  	9 4 5	  06LiDuSoWa.1977
3396.726234	1000	001  	   7 1 7	000  	8 3 6	  06LiDuSoWa.1978
3402.101865	1000	001  	   6 5 1	000  	7 6 2	  06LiDuSoWa.1979
3402.101865	1000	001  	   6 5 2	000  	7 6 1	  06LiDuSoWa.1980
3402.806237	1000	001  	   8 1 8	000  	9 2 7	  06LiDuSoWa.1981
3406.130387	1000	001  	   7 2 5	000  	8 4 4	  06LiDuSoWa.1982
3406.707889	1000	001  	   9 2 8	000  	10 3 7	  06LiDuSoWa.1983
3407.233243	1000	001  	   8 4 5	000  	9 5 4	  06LiDuSoWa.1984
3408.504628	1000	001  	   8 4 4	000  	9 5 5	  06LiDuSoWa.1985
3410.204421	1000	001  	   12 4 8	000  	12 6 7	  06LiDuSoWa.1986
3417.509076	1000	001  	   5 5 1	000  	6 6 0	  06LiDuSoWa.1987
3417.509076	1000	001  	   5 5 0	000  	6 6 1	  06LiDuSoWa.1988
3422.682764	1000	001  	   7 4 4	000  	8 5 3	  06LiDuSoWa.1989
3423.118016	1000	001  	   7 4 3	000  	8 5 4	  06LiDuSoWa.1990
3425.680651	1000	001  	   5 2 3	000  	6 4 2	  06LiDuSoWa.1991
3426.669554	1000	001  	   6 1 6	000  	7 3 5	  06LiDuSoWa.1992
3426.792644	1000	001  	   15 3 12	000  	16 3 13	  06LiDuSoWa.1993
3430.500421	1000	001  	   11 3 8	000  	12 4 9	  06LiDuSoWa.1994
3431.651934	1000	001  	   8 1 7	000  	9 3 6	  06LiDuSoWa.1995
3431.754499	1000	001  	   4 2 3	000  	5 4 2	  06LiDuSoWa.1996
3434.947030	1000	001  	   8 7 2	000  	8 8 1	  06LiDuSoWa.1997
3434.947030	1000	001  	   8 7 1	000  	8 8 0	  06LiDuSoWa.1998
3435.419584	1000	001  	   10 7 4	000  	10 8 3	  06LiDuSoWa.1999
3435.419584	1000	001  	   10 7 3	000  	10 8 2	  06LiDuSoWa.2000
3436.029774	1000	001  	   10 3 7	000  	11 4 8	  06LiDuSoWa.2001
3437.133802	1000	001  	   4 2 2	000  	5 4 1	  06LiDuSoWa.2002
3437.186858	1000	001  	   8 3 6	000  	9 4 5	  06LiDuSoWa.2003
3438.104850	1000	001  	   6 4 3	000  	7 5 2	  06LiDuSoWa.2004
3438.190504	1000	001  	   17 0 17	000  	18 0 18	  06LiDuSoWa.2005
3438.190504	1000	001  	   17 0 17	000  	18 1 18	  06LiDuSoWa.2006
3438.225256	1000	001  	   6 4 2	000  	7 5 3	  06LiDuSoWa.2007
3440.249214	1000	001  	   8 2 7	000  	9 3 6	  06LiDuSoWa.2008
3442.883547	1000	001  	   7 0 7	000  	8 2 6	  06LiDuSoWa.2009
3442.930565	1000	001  	   9 3 6	000  	10 4 7	  06LiDuSoWa.2010
3443.799925	1000	001  	   7 1 7	000  	8 2 6	  06LiDuSoWa.2011
3451.018118	1000	001  	   6 3 3	000  	6 5 2	  06LiDuSoWa.2012
3451.269348	1000	001  	   13 4 9	000  	14 4 10	  06LiDuSoWa.2013
3451.700942	1000	001  	   8 3 5	000  	9 4 6	  06LiDuSoWa.2014
3453.182781	1000	001  	   16 1 16	000  	17 0 17	  06LiDuSoWa.2015
3453.182781	1000	001  	   16 0 16	000  	17 1 17	  06LiDuSoWa.2016
3453.565189	1000	001  	   5 4 2	000  	6 5 1	  06LiDuSoWa.2017
3453.589240	1000	001  	   5 4 1	000  	6 5 2	  06LiDuSoWa.2018
3454.135284	1000	001  	   14 2 12	000  	15 2 13	  06LiDuSoWa.2019
3454.175451	1000	001  	   5 1 5	000  	6 3 4	  06LiDuSoWa.2020
3454.597873	1000	001  	   7 3 4	000  	7 5 3	  06LiDuSoWa.2021
3455.425366	1000	001  	   7 3 5	000  	8 4 4	  06LiDuSoWa.2022
3456.451277	1000	001  	   7 1 6	000  	8 3 5	  06LiDuSoWa.2023
3457.168940	1000	001  	   13 3 10	000  	14 3 11	  06LiDuSoWa.2024
3458.213419	1000	001  	   14 3 12	000  	15 2 13	  06LiDuSoWa.2025
3462.556042	1000	001  	   7 3 4	000  	8 4 5	  06LiDuSoWa.2026
3467.890724	1000	001  	   14 1 13	000  	15 1 14	  06LiDuSoWa.2027
3468.071147	1000	001  	   15 0 15	000  	16 0 16	  06LiDuSoWa.2028
3468.071147	1000	001  	   15 1 15	000  	16 1 16	  06LiDuSoWa.2029
3468.137962	1000	001  	   14 2 13	000  	15 1 14	  06LiDuSoWa.2030
3468.336118	1000	001  	   12 4 8	000  	13 4 9	  06LiDuSoWa.2031
3468.864826	1000	001  	   13 2 11	000  	14 2 12	  06LiDuSoWa.2032
3469.071173	1000	001  	   4 4 0	000  	5 5 1	  06LiDuSoWa.2033
3469.071173	1000	001  	   4 4 1	000  	5 5 0	  06LiDuSoWa.2034
3469.592653	1000	001  	   7 2 6	000  	8 3 5	  06LiDuSoWa.2035
3469.641715	1000	001  	   13 3 11	000  	14 3 12	  06LiDuSoWa.2036
3472.319002	1000	001  	   6 3 4	000  	7 4 3	  06LiDuSoWa.2037
3472.651319	1000	001  	   7 6 2	000  	7 7 1	  06LiDuSoWa.2038
3472.651319	1000	001  	   7 6 1	000  	7 7 0	  06LiDuSoWa.2039
3472.788955	1000	001  	   8 6 2	000  	8 7 1	  06LiDuSoWa.2040
3472.788955	1000	001  	   8 6 3	000  	8 7 2	  06LiDuSoWa.2041
3472.794411	1000	001  	   12 3 9	000  	13 3 10	  06LiDuSoWa.2042
3474.428774	1000	001  	   12 4 9	000  	13 4 10	  06LiDuSoWa.2043
3475.315903	1000	001  	   6 3 3	000  	7 4 4	  06LiDuSoWa.2044
3476.245758	1000	001  	   6 1 5	000  	7 3 4	  06LiDuSoWa.2045
3479.211517	1000	001  	   4 1 4	000  	5 3 3	  06LiDuSoWa.2046
3480.277056	1000	001  	   6 0 6	000  	7 2 5	  06LiDuSoWa.2047
3481.998111	1000	001  	   11 5 7	000  	12 5 8	  06LiDuSoWa.2048
3481.998111	1000	001  	   6 1 6	000  	7 2 5	  06LiDuSoWa.2049
3482.676952	1000	001  	   13 1 12	000  	14 1 13	  06LiDuSoWa.2050
3482.753705	1000	001  	   13 2 12	000  	14 2 13	  06LiDuSoWa.2051
3482.857844	1000	001  	   14 1 14	000  	15 1 15	  06LiDuSoWa.2052
3482.857844	1000	001  	   14 0 14	000  	15 0 15	  06LiDuSoWa.2053
3483.071556	1000	001  	   11 2 9	000  	12 3 10	  06LiDuSoWa.2054
3483.163855	1000	001  	   13 2 12	000  	14 1 13	  06LiDuSoWa.2055
3483.444610	1000	001  	   12 2 10	000  	13 2 11	  06LiDuSoWa.2056
3484.730825	1000	001  	   12 3 10	000  	13 3 11	  06LiDuSoWa.2057
3485.668744	1000	001  	   11 4 7	000  	12 4 8	  06LiDuSoWa.2058
3488.461585	1000	001  	   5 3 3	000  	6 4 2	  06LiDuSoWa.2059
3488.854071	1000	001  	   11 3 8	000  	12 3 9	  06LiDuSoWa.2060
3489.487046	1000	001  	   5 3 2	000  	6 4 3	  06LiDuSoWa.2061
3490.232046	1000	001  	   11 4 8	000  	12 4 9	  06LiDuSoWa.2062
3492.166705	1000	001  	   5 1 4	000  	6 3 3	  06LiDuSoWa.2063
3494.155046	1000	001  	   9 7 3	000  	10 7 4	  06LiDuSoWa.2064
3494.155046	1000	001  	   9 7 2	000  	10 7 3	  06LiDuSoWa.2065
3494.870306	1000	001  	   6 2 5	000  	7 3 4	  06LiDuSoWa.2066
3496.584810	1000	001  	   12 1 11	000  	13 2 12	  06LiDuSoWa.2067
3497.343101	1000	001  	   12 1 11	000  	13 1 12	  06LiDuSoWa.2068
3497.499217	1000	001  	   12 2 11	000  	13 2 12	  06LiDuSoWa.2069
3497.861001	1000	001  	   10 5 5	000  	11 5 6	  06LiDuSoWa.2070
3497.974888	1000	001  	   11 2 9	000  	12 2 10	  06LiDuSoWa.2071
3498.089778	1000	001  	   9 2 7	000  	10 3 8	  06LiDuSoWa.2072
3498.208709	1000	001  	   10 5 6	000  	11 5 7	  06LiDuSoWa.2073
3498.256399	1000	001  	   12 2 11	000  	13 1 12	  06LiDuSoWa.2074
3499.076162	1000	001  	   7 2 6	000  	7 4 3	  06LiDuSoWa.2075
3499.861308	1000	001  	   11 3 9	000  	12 3 10	  06LiDuSoWa.2076
3503.073508	1000	001  	   10 4 6	000  	11 4 7	  06LiDuSoWa.2077
3504.244933	1000	001  	   4 3 2	000  	5 4 1	  06LiDuSoWa.2078
3504.503429	1000	001  	   4 3 1	000  	5 4 2	  06LiDuSoWa.2079
3504.934634	1000	001  	   8 2 6	000  	9 3 7	  06LiDuSoWa.2080
3505.145553	1000	001  	   9 6 4	000  	10 6 5	  06LiDuSoWa.2081
3505.381970	1000	001  	   10 3 7	000  	11 3 8	  06LiDuSoWa.2082
3505.682852	1000	001  	   4 1 3	000  	5 3 2	  06LiDuSoWa.2083
3506.163312	1000	001  	   10 4 7	000  	11 4 8	  06LiDuSoWa.2084
3508.249292	1000	001  	   14 1 14	000  	14 2 13	  06LiDuSoWa.2085
3509.214299	1000	001  	   4 2 3	000  	4 4 0	  06LiDuSoWa.2086
3509.777823	1000	001  	   6 5 2	000  	6 6 1	  06LiDuSoWa.2087
3509.777823	1000	001  	   6 5 1	000  	6 6 0	  06LiDuSoWa.2088
3509.887724	1000	001  	   7 5 3	000  	7 6 2	  06LiDuSoWa.2089
3510.013103	1000	001  	   8 7 1	000  	9 7 2	  06LiDuSoWa.2090
3510.013103	1000	001  	   8 7 2	000  	9 7 3	  06LiDuSoWa.2091
3510.116021	1000	001  	   8 5 4	000  	8 6 3	  06LiDuSoWa.2092
3510.162181	1000	001  	   8 5 3	000  	8 6 2	  06LiDuSoWa.2093
3510.473846	1000	001  	   11 1 10	000  	12 2 11	  06LiDuSoWa.2094
3511.022602	1000	001  	   10 5 6	000  	10 6 5	  06LiDuSoWa.2095
3511.184305	1000	001  	   8 4 4	000  	7 6 1	  06LiDuSoWa.2096
3511.471768	1000	001  	   10 5 5	000  	10 6 4	  06LiDuSoWa.2097
3511.676448	1000	001  	   11 5 7	000  	11 6 6	  06LiDuSoWa.2098
3511.853065	1000	001  	   11 1 10	000  	12 1 11	  06LiDuSoWa.2099
3512.079630	1000	001  	   12 0 12	000  	13 1 13	  06LiDuSoWa.2100
3512.099903	1000	001  	   12 0 12	000  	13 0 13	  06LiDuSoWa.2101
3512.103237	1000	001  	   12 1 12	000  	13 1 13	  06LiDuSoWa.2102
3512.124617	1000	001  	   12 1 12	000  	13 0 13	  06LiDuSoWa.2103
3512.169935	1000	001  	   11 2 10	000  	12 2 11	  06LiDuSoWa.2104
3512.240083	1000	001  	   7 2 5	000  	8 3 6	  06LiDuSoWa.2105
3512.652943	1000	001  	   10 2 8	000  	11 2 9	  06LiDuSoWa.2106
3512.803920	1000	001  	   11 5 6	000  	11 6 5	  06LiDuSoWa.2107
3513.547458	1000	001  	   11 2 10	000  	12 1 11	  06LiDuSoWa.2108
3513.637652	1000	001  	   5 0 5	000  	6 2 4	  06LiDuSoWa.2109
3514.402069	1000	001  	   9 5 5	000  	10 5 6	  06LiDuSoWa.2110
3514.766271	1000	001  	   11 3 9	000  	12 2 10	  06LiDuSoWa.2111
3515.077828	1000	001  	   10 3 8	000  	11 3 9	  06LiDuSoWa.2112
3516.665312	1000	001  	   5 2 4	000  	6 3 3	  06LiDuSoWa.2113
3516.720724	1000	001  	   5 1 5	000  	6 2 4	  06LiDuSoWa.2114
3518.157743	1000	001  	   3 1 2	000  	4 3 1	  06LiDuSoWa.2115
3518.877987	1000	001  	   5 2 3	000  	5 4 2	  06LiDuSoWa.2116
3519.886051	1000	001  	   3 3 1	000  	4 4 0	  06LiDuSoWa.2117
3519.923247	1000	001  	   3 3 0	000  	4 4 1	  06LiDuSoWa.2118
3520.336881	1000	001  	   9 4 5	000  	10 4 6	  06LiDuSoWa.2119
3520.580229	1000	001  	   6 2 4	000  	7 3 5	  06LiDuSoWa.2120
3521.150014	1000	001  	   8 6 2	000  	9 6 3	  06LiDuSoWa.2121
3521.150014	1000	001  	   8 6 3	000  	9 6 4	  06LiDuSoWa.2122
3522.205523	1000	001  	   9 4 6	000  	10 4 7	  06LiDuSoWa.2123
3522.375511	1000	001  	   9 3 6	000  	10 3 7	  06LiDuSoWa.2124
3522.385964	1000	001  	   2 1 2	000  	3 3 1	  06LiDuSoWa.2125
3523.737375	1000	001  	   10 1 9	000  	11 2 10	  06LiDuSoWa.2126
3525.829284	1000	001  	   7 7 0	000  	8 7 1	  06LiDuSoWa.2127
3525.829284	1000	001  	   7 7 1	000  	8 7 2	  06LiDuSoWa.2128
3526.185034	1000	001  	   10 1 9	000  	11 1 10	  06LiDuSoWa.2129
3526.504920	1000	001  	   11 0 11	000  	12 1 12	  06LiDuSoWa.2130
3526.549305	1000	001  	   11 0 11	000  	12 0 12	  06LiDuSoWa.2131
3526.559864	1000	001  	   11 1 11	000  	12 1 12	  06LiDuSoWa.2132
3526.602937	1000	001  	   11 1 11	000  	12 0 12	  06LiDuSoWa.2133
3526.784562	1000	001  	   10 2 9	000  	11 2 10	  06LiDuSoWa.2134
3527.691286	1000	001  	   9 2 7	000  	10 2 8	  06LiDuSoWa.2135
3530.406222	1000	001  	   5 2 3	000  	6 3 4	  06LiDuSoWa.2136
3530.501125	1000	001  	   8 5 3	000  	9 5 4	  06LiDuSoWa.2137
3530.562864	1000	001  	   8 5 4	000  	9 5 5	  06LiDuSoWa.2138
3530.622136	1000	001  	   2 1 1	000  	3 3 0	  06LiDuSoWa.2139
3535.828984	1000	001  	   4 2 3	000  	5 3 2	  06LiDuSoWa.2140
3536.113564	1000	001  	   9 1 8	000  	10 2 9	  06LiDuSoWa.2141
3537.093469	1000	001  	   7 6 1	000  	8 6 2	  06LiDuSoWa.2142
3537.093469	1000	001  	   7 6 2	000  	8 6 3	  06LiDuSoWa.2143
3537.324654	1000	001  	   8 4 4	000  	9 4 5	  06LiDuSoWa.2144
3538.326061	1000	001  	   8 4 5	000  	9 4 6	  06LiDuSoWa.2145
3539.649261	1000	001  	   12 0 12	000  	12 1 11	  06LiDuSoWa.2146
3539.674457	1000	001  	   12 1 12	000  	12 1 11	  06LiDuSoWa.2147
3539.748839	1000	001  	   8 3 5	000  	9 3 6	  06LiDuSoWa.2148
3540.787181	1000	001  	   10 0 10	000  	11 1 11	  06LiDuSoWa.2149
3540.872843	1000	001  	   10 0 10	000  	11 0 11	  06LiDuSoWa.2150
3540.901835	1000	001  	   10 1 10	000  	11 1 11	  06LiDuSoWa.2151
3540.987769	1000	001  	   10 1 10	000  	11 0 11	  06LiDuSoWa.2152
3541.372179	1000	001  	   9 2 8	000  	10 2 9	  06LiDuSoWa.2153
3541.996328	1000	001  	   4 2 2	000  	5 3 3	  06LiDuSoWa.2154
3542.367786	1000	001  	   4 0 4	000  	5 2 3	  06LiDuSoWa.2155
3543.232707	1000	001  	   8 2 6	000  	9 2 7	  06LiDuSoWa.2156
3543.659170	1000	001  	   6 3 3	000  	5 5 0	  06LiDuSoWa.2157
3545.037166	1000	001  	   9 2 7	000  	9 4 6	  06LiDuSoWa.2158
3545.583369	1000	001  	   9 2 8	000  	10 1 9	  06LiDuSoWa.2159
3545.898401	1000	001  	   8 3 6	000  	9 3 7	  06LiDuSoWa.2160
3546.209727	1000	001  	   5 4 2	000  	5 5 1	  06LiDuSoWa.2161
3546.231912	1000	001  	   5 4 1	000  	5 5 0	  06LiDuSoWa.2162
3546.309658	1000	001  	   6 4 3	000  	6 5 2	  06LiDuSoWa.2163
3546.424539	1000	001  	   6 4 2	000  	6 5 1	  06LiDuSoWa.2164
3546.636190	1000	001  	   7 5 2	000  	8 5 3	  06LiDuSoWa.2165
3546.661484	1000	001  	   7 5 3	000  	8 5 4	  06LiDuSoWa.2166
3546.796839	1000	001  	   8 4 5	000  	8 5 4	  06LiDuSoWa.2167
3547.045178	1000	001  	   9 4 6	000  	9 5 5	  06LiDuSoWa.2168
3547.081749	1000	001  	   10 4 7	000  	10 5 6	  06LiDuSoWa.2169
3547.378032	1000	001  	   8 1 7	000  	9 2 8	  06LiDuSoWa.2170
3547.511704	1000	001  	   4 1 4	000  	5 2 3	  06LiDuSoWa.2171
3547.929151	1000	001  	   8 4 4	000  	8 5 3	  06LiDuSoWa.2172
3549.786176	1000	001  	   9 4 5	000  	9 5 4	  06LiDuSoWa.2173
3549.828607	1000	001  	   10 2 8	000  	10 4 7	  06LiDuSoWa.2174
3552.971381	1000	001  	   6 6 1	000  	7 6 2	  06LiDuSoWa.2175
3552.971381	1000	001  	   6 6 0	000  	7 6 1	  06LiDuSoWa.2176
3553.228964	1000	001  	   3 2 2	000  	4 3 1	  06LiDuSoWa.2177
3554.008362	1000	001  	   7 4 3	000  	8 4 4	  06LiDuSoWa.2178
3554.476816	1000	001  	   7 4 4	000  	8 4 5	  06LiDuSoWa.2179
3554.896635	1000	001  	   9 0 9	000  	10 1 10	  06LiDuSoWa.2180
3555.067758	1000	001  	   9 0 9	000  	10 0 10	  06LiDuSoWa.2181
3555.130051	1000	001  	   9 1 9	000  	10 1 10	  06LiDuSoWa.2182
3555.301264	1000	001  	   9 1 9	000  	10 0 10	  06LiDuSoWa.2183
3555.329623	1000	001  	   3 2 1	000  	4 3 2	  06LiDuSoWa.2184
3555.407209	1000	001  	   11 1 11	000  	11 1 10	  06LiDuSoWa.2185
3555.730366	1000	001  	   12 1 11	000  	12 3 10	  06LiDuSoWa.2186
3555.975185	1000	001  	   8 2 7	000  	9 2 8	  06LiDuSoWa.2187
3556.749436	1000	001  	   4 1 4	000  	4 3 1	  06LiDuSoWa.2188
3557.500284	1000	001  	   7 1 6	000  	8 2 7	  06LiDuSoWa.2189
3559.314450	1000	001  	   7 2 5	000  	8 2 6	  06LiDuSoWa.2190
3560.015152	1000	001  	   9 3 7	000  	10 2 8	  06LiDuSoWa.2191
3561.535182	1000	001  	   7 3 5	000  	8 3 6	  06LiDuSoWa.2192
3562.683491	1000	001  	   6 5 2	000  	7 5 3	  06LiDuSoWa.2193
3562.683491	1000	001  	   6 5 1	000  	7 5 2	  06LiDuSoWa.2194
3562.795635	1000	001  	   7 3 4	000  	6 5 1	  06LiDuSoWa.2195
3566.391252	1000	001  	   3 0 3	000  	4 2 2	  06LiDuSoWa.2196
3566.788950	1000	001  	   6 1 5	000  	7 2 6	  06LiDuSoWa.2197
3567.132470	1000	001  	   10 0 10	000  	10 2 9	  06LiDuSoWa.2198
3568.343153	1000	001  	   7 1 6	000  	8 1 7	  06LiDuSoWa.2199
3568.890619	1000	001  	   11 3 9	000  	11 4 8	  06LiDuSoWa.2200
3568.941424	1000	001  	   11 2 10	000  	11 3 9	  06LiDuSoWa.2201
3569.119086	1000	001  	   8 0 8	000  	9 0 9	  06LiDuSoWa.2202
3569.250149	1000	001  	   8 1 8	000  	9 1 9	  06LiDuSoWa.2203
3569.571943	1000	001  	   2 2 1	000  	3 3 0	  06LiDuSoWa.2204
3569.991472	1000	001  	   2 2 0	000  	3 3 1	  06LiDuSoWa.2205
3570.423696	1000	001  	   6 4 2	000  	7 4 3	  06LiDuSoWa.2206
3570.612240	1000	001  	   6 4 3	000  	7 4 4	  06LiDuSoWa.2207
3570.641048	1000	001  	   7 2 6	000  	8 2 7	  06LiDuSoWa.2208
3571.344933	1000	001  	   10 0 10	000  	10 1 9	  06LiDuSoWa.2209
3571.456750	1000	001  	   10 1 10	000  	10 1 9	  06LiDuSoWa.2210
3571.551867	1000	001  	   12 2 11	000  	12 2 10	  06LiDuSoWa.2211
3573.876793	1000	001  	   10 3 8	000  	10 4 7	  06LiDuSoWa.2212
3574.785009	1000	001  	   6 3 3	000  	7 3 4	  06LiDuSoWa.2213
3575.511829	1000	001  	   10 4 7	000  	11 3 8	  06LiDuSoWa.2214
3575.830694	1000	001  	   5 1 4	000  	6 2 5	  06LiDuSoWa.2215
3575.909400	1000	001  	   6 2 4	000  	7 2 5	  06LiDuSoWa.2216
3576.307724	1000	001  	   14 2 12	000  	14 3 11	  06LiDuSoWa.2217
3577.309712	1000	001  	   6 3 4	000  	7 3 5	  06LiDuSoWa.2218
3577.364027	1000	001  	   9 3 7	000  	9 4 6	  06LiDuSoWa.2219
3578.619185	1000	001  	   5 5 0	000  	6 5 1	  06LiDuSoWa.2220
3578.619185	1000	001  	   5 5 1	000  	6 5 2	  06LiDuSoWa.2221
3579.585998	1000	001  	   8 3 6	000  	8 4 5	  06LiDuSoWa.2222
3580.007554	1000	001  	   10 2 9	000  	10 3 8	  06LiDuSoWa.2223
3580.468424	1000	001  	   3 1 2	000  	3 3 1	  06LiDuSoWa.2224
3580.760393	1000	001  	   9 0 9	000  	9 2 8	  06LiDuSoWa.2225
3580.840582	1000	001  	   7 3 5	000  	7 4 4	  06LiDuSoWa.2226
3580.995311	1000	001  	   9 1 9	000  	9 2 8	  06LiDuSoWa.2227
3581.483331	1000	001  	   7 2 6	000  	8 1 7	  06LiDuSoWa.2228
3581.658471	1000	001  	   5 3 3	000  	5 4 2	  06LiDuSoWa.2229
3581.723585	1000	001  	   4 3 2	000  	4 4 1	  06LiDuSoWa.2230
3581.963798	1000	001  	   4 3 1	000  	4 4 0	  06LiDuSoWa.2231
3582.362619	1000	001  	   7 0 7	000  	8 1 8	  06LiDuSoWa.2232
3582.514987	1000	001  	   13 1 13	000  	12 3 10	  06LiDuSoWa.2233
3582.581700	1000	001  	   5 3 2	000  	5 4 1	  06LiDuSoWa.2234
3582.654653	1000	001  	   6 1 5	000  	7 1 6	  06LiDuSoWa.2235
3583.007610	1000	001  	   7 0 7	000  	8 0 8	  06LiDuSoWa.2236
3583.274092	1000	001  	   7 1 7	000  	8 1 8	  06LiDuSoWa.2237
3583.919700	1000	001  	   7 1 7	000  	8 0 8	  06LiDuSoWa.2238
3584.048219	1000	001  	   6 3 3	000  	6 4 2	  06LiDuSoWa.2239
3584.195123	1000	001  	   4 1 3	000  	4 3 2	  06LiDuSoWa.2240
3584.195123	1000	001  	   8 3 6	000  	9 2 7	  06LiDuSoWa.2241
3585.414979	1000	001  	   6 2 5	000  	7 2 6	  06LiDuSoWa.2242
3586.397360	1000	001  	   2 0 2	000  	3 2 1	  06LiDuSoWa.2243
3586.679884	1000	001  	   5 4 2	000  	6 4 3	  06LiDuSoWa.2244
3586.795195	1000	001  	   7 3 4	000  	7 4 3	  06LiDuSoWa.2245
3587.705506	1000	001  	   9 0 9	000  	9 1 8	  06LiDuSoWa.2246
3587.705506	1000	001  	   5 1 4	000  	5 3 3	  06LiDuSoWa.2247
3587.940906	1000	001  	   9 1 9	000  	9 1 8	  06LiDuSoWa.2248
3588.867946	1000	001  	   11 1 10	000  	11 2 9	  06LiDuSoWa.2249
3589.074002	1000	001  	   8 1 7	000  	8 3 6	  06LiDuSoWa.2250
3589.635496	1000	001  	   9 2 8	000  	9 3 7	  06LiDuSoWa.2251
3590.562929	1000	001  	   11 2 10	000  	11 2 9	  06LiDuSoWa.2252
3590.921657	1000	001  	   7 1 6	000  	7 3 5	  06LiDuSoWa.2253
3591.062044	1000	001  	   8 3 5	000  	8 4 4	  06LiDuSoWa.2254
3591.905535	1000	001  	   5 3 2	000  	6 3 3	  06LiDuSoWa.2255
3592.951025	1000	001  	   5 2 3	000  	6 2 4	  06LiDuSoWa.2256
3594.005666	1000	001  	   8 1 8	000  	8 2 7	  06LiDuSoWa.2257
3595.348566	1000	001  	   12 4 8	000  	11 6 5	  06LiDuSoWa.2258
3595.503308	1000	001  	   6 0 6	000  	7 1 7	  06LiDuSoWa.2259
3596.713378	1000	001  	   6 0 6	000  	7 0 7	  06LiDuSoWa.2260
3597.060183	1000	001  	   2 1 2	000  	3 2 1	  06LiDuSoWa.2261
3597.222558	1000	001  	   6 1 6	000  	7 1 7	  06LiDuSoWa.2262
3597.485048	1000	001  	   5 1 4	000  	6 1 5	  06LiDuSoWa.2263
3597.671795	1000	001  	   8 2 7	000  	8 3 6	  06LiDuSoWa.2264
3598.433176	1000	001  	   6 1 6	000  	7 0 7	  06LiDuSoWa.2265
3600.329592	1000	001  	   5 2 4	000  	6 2 5	  06LiDuSoWa.2266
3601.281210	1000	001  	   6 2 5	000  	7 1 6	  06LiDuSoWa.2267
3602.527560	1000	001  	   10 3 7	000  	10 4 6	  06LiDuSoWa.2268
3602.640110	1000	001  	   4 4 0	000  	5 4 1	  06LiDuSoWa.2269
3602.652644	1000	001  	   4 4 1	000  	5 4 2	  06LiDuSoWa.2270
3603.682861	1000	001  	   1 0 1	000  	2 2 0	  06LiDuSoWa.2271
3604.063488	1000	001  	   7 2 6	000  	7 3 5	  06LiDuSoWa.2272
3604.380163	1000	001  	   8 0 8	000  	8 1 7	  06LiDuSoWa.2273
3604.848530	1000	001  	   8 1 8	000  	8 1 7	  06LiDuSoWa.2274
3605.134307	1000	001  	   7 0 7	000  	7 2 6	  06LiDuSoWa.2275
3606.045625	1000	001  	   7 1 7	000  	7 2 6	  06LiDuSoWa.2276
3606.561367	1000	001  	   10 1 9	000  	10 2 8	  06LiDuSoWa.2277
3608.046353	1000	001  	   5 0 5	000  	6 1 6	  06LiDuSoWa.2278
3608.578740	1000	001  	   4 3 1	000  	5 3 2	  06LiDuSoWa.2279
3608.609304	1000	001  	   7 3 5	000  	8 2 6	  06LiDuSoWa.2280
3608.857720	1000	001  	   6 2 5	000  	6 3 4	  06LiDuSoWa.2281
3609.106860	1000	001  	   4 3 2	000  	5 3 3	  06LiDuSoWa.2282
3609.609232	1000	001  	   10 2 9	000  	10 2 8	  06LiDuSoWa.2283
3610.234243	1000	001  	   5 0 5	000  	6 0 6	  06LiDuSoWa.2284
3610.296028	1000	001  	   4 2 2	000  	5 2 3	  06LiDuSoWa.2285
3611.128051	1000	001  	   5 1 5	000  	6 1 6	  06LiDuSoWa.2286
3612.203832	1000	001  	   5 2 4	000  	5 3 3	  06LiDuSoWa.2287
3612.906457	1000	001  	   4 1 3	000  	5 1 4	  06LiDuSoWa.2288
3613.316647	1000	001  	   5 1 5	000  	6 0 6	  06LiDuSoWa.2289
3614.335703	1000	001  	   4 2 3	000  	4 3 2	  06LiDuSoWa.2290
3615.158887	1000	001  	   6 0 6	000  	6 2 5	  06LiDuSoWa.2291
3615.400987	1000	001  	   4 2 3	000  	5 2 4	  06LiDuSoWa.2292
3615.533041	1000	001  	   3 2 2	000  	3 3 1	  06LiDuSoWa.2293
3616.662451	1000	001  	   12 0 12	000  	11 2 9	  06LiDuSoWa.2294
3616.712127	1000	001  	   1 1 1	000  	2 2 0	  06LiDuSoWa.2295
3616.878027	1000	001  	   6 1 6	000  	6 2 5	  06LiDuSoWa.2296
3617.407833	1000	001  	   3 2 1	000  	3 3 0	  06LiDuSoWa.2297
3619.050267	1000	001  	   9 9 0	000  	9 9 1	  06LiDuSoWa.2298
3619.050267	1000	001  	   9 9 1	000  	9 9 0	  06LiDuSoWa.2299
3619.050267	1000	001  	   4 1 4	000  	3 3 1	  06LiDuSoWa.2300
3619.535700	1000	001  	   4 2 2	000  	4 3 1	  06LiDuSoWa.2301
3619.818090	1000	001  	   1 1 0	000  	2 2 1	  06LiDuSoWa.2302
3619.889380	1000	001  	   4 0 4	000  	5 1 5	  06LiDuSoWa.2303
3620.998865	1000	001  	   7 0 7	000  	7 1 6	  06LiDuSoWa.2304
3621.451570	1000	001  	   11 2 9	000  	11 3 8	  06LiDuSoWa.2305
3621.911847	1000	001  	   7 1 7	000  	7 1 6	  06LiDuSoWa.2306
3621.984455	1000	001  	   5 2 4	000  	6 1 5	  06LiDuSoWa.2307
3622.674942	1000	001  	   9 1 8	000  	9 2 7	  06LiDuSoWa.2308
3622.952015	1000	001  	   5 2 3	000  	5 3 2	  06LiDuSoWa.2309
3623.647889	1000	001  	   4 0 4	000  	5 0 5	  06LiDuSoWa.2310
3624.713438	1000	001  	   10 4 6	000  	11 3 9	  06LiDuSoWa.2311
3624.845112	1000	001  	   3 3 0	000  	4 3 1	  06LiDuSoWa.2312
3625.007198	1000	001  	   3 3 1	000  	4 3 2	  06LiDuSoWa.2313
3625.032779	1000	001  	   4 1 4	000  	5 1 5	  06LiDuSoWa.2314
3626.293704	1000	001  	   5 1 5	000  	5 2 4	  06LiDuSoWa.2315
3626.372957	1000	001  	   8 4 5	000  	9 3 6	  06LiDuSoWa.2316
3627.125366	1000	001  	   6 2 4	000  	6 3 3	  06LiDuSoWa.2317
3627.659569	1000	001  	   3 2 1	000  	4 2 2	  06LiDuSoWa.2318
3627.933674	1000	001  	   9 2 8	000  	9 2 7	  06LiDuSoWa.2319
3628.792112	1000	001  	   4 1 4	000  	5 0 5	  06LiDuSoWa.2320
3628.849904	1000	001  	   3 1 2	000  	4 1 3	  06LiDuSoWa.2321
3629.002051	1000	001  	   4 0 4	000  	4 2 3	  06LiDuSoWa.2322
3630.625181	1000	001  	   3 2 2	000  	4 2 3	  06LiDuSoWa.2323
3631.162188	1000	001  	   3 0 3	000  	4 1 4	  06LiDuSoWa.2324
3632.547893	1000	001  	   3 0 3	000  	3 2 2	  06LiDuSoWa.2325
3632.641017	1000	001  	   6 3 4	000  	7 2 5	  06LiDuSoWa.2326
3633.084424	1000	001  	   9 2 7	000  	9 3 6	  06LiDuSoWa.2327
3633.384791	1000	001  	   8 2 6	000  	8 3 5	  06LiDuSoWa.2328
3634.146317	1000	001  	   4 1 4	000  	4 2 3	  06LiDuSoWa.2329
3634.294921	1000	001  	   2 0 2	000  	2 2 1	  06LiDuSoWa.2330
3634.456902	1000	001  	   8 8 0	000  	8 8 1	  06LiDuSoWa.2331
3634.456902	1000	001  	   8 8 1	000  	8 8 0	  06LiDuSoWa.2332
3636.148360	1000	001  	   8 1 7	000  	8 2 6	  06LiDuSoWa.2333
3636.812949	1000	001  	   6 0 6	000  	6 1 5	  06LiDuSoWa.2334
3638.531496	1000	001  	   6 1 6	000  	6 1 5	  06LiDuSoWa.2335
3638.979606	1000	001  	   3 1 3	000  	4 1 4	  06LiDuSoWa.2336
3640.366335	1000	001  	   3 1 3	000  	3 2 2	  06LiDuSoWa.2337
3642.335899	1000	001  	   2 0 2	000  	3 1 3	  06LiDuSoWa.2338
3643.049778	1000	001  	   4 2 3	000  	5 1 4	  06LiDuSoWa.2339
3644.667624	1000	001  	   2 2 0	000  	3 2 1	  06LiDuSoWa.2340
3644.745825	1000	001  	   8 2 7	000  	8 2 6	  06LiDuSoWa.2341
3644.956122	1000	001  	   2 1 2	000  	2 2 1	  06LiDuSoWa.2342
3645.000355	1000	001  	   3 1 3	000  	4 0 4	  06LiDuSoWa.2343
3645.187122	1000	001  	   2 1 1	000  	3 1 2	  06LiDuSoWa.2344
3645.930959	1000	001  	   10 6 4	000  	11 5 7	  06LiDuSoWa.2345
3645.980352	1000	001  	   2 2 1	000  	3 2 2	  06LiDuSoWa.2346
3646.250973	1000	001  	   7 1 6	000  	7 2 5	  06LiDuSoWa.2347
3646.839647	1000	001  	   10 7 4	000  	10 7 3	  06LiDuSoWa.2348
3646.839647	1000	001  	   10 7 3	000  	10 7 4	  06LiDuSoWa.2349
3647.378731	1000	001  	   9 7 2	000  	9 7 3	  06LiDuSoWa.2350
3647.378731	1000	001  	   9 7 3	000  	9 7 2	  06LiDuSoWa.2351
3647.883858	1000	001  	   8 7 1	000  	8 7 2	  06LiDuSoWa.2352
3647.883858	1000	001  	   8 7 2	000  	8 7 1	  06LiDuSoWa.2353
3648.348784	1000	001  	   7 7 1	000  	7 7 0	  06LiDuSoWa.2354
3648.348784	1000	001  	   7 7 0	000  	7 7 1	  06LiDuSoWa.2355
3650.860965	1000	001  	   5 0 5	000  	5 1 4	  06LiDuSoWa.2356
3652.777120	1000	001  	   6 1 5	000  	6 2 4	  06LiDuSoWa.2357
3652.873289	1000	001  	   2 1 1	000  	2 2 0	  06LiDuSoWa.2358
3652.998753	1000	001  	   2 1 2	000  	3 1 3	  06LiDuSoWa.2359
3653.317074	1000	001  	   10 3 8	000  	10 3 7	  06LiDuSoWa.2360
3653.943051	1000	001  	   5 1 5	000  	5 1 4	  06LiDuSoWa.2361
3654.064106	1000	001  	   1 0 1	000  	2 1 2	  06LiDuSoWa.2362
3655.142092	1000	001  	   3 1 2	000  	3 2 1	  06LiDuSoWa.2363
3655.732616	1000	001  	   5 3 3	000  	6 2 4	  06LiDuSoWa.2364
3656.004346	1000	001  	   5 1 4	000  	5 2 3	  06LiDuSoWa.2365
3656.520538	1000	001  	   4 1 3	000  	4 2 2	  06LiDuSoWa.2366
3658.140026	1000	001  	   11 6 6	000  	11 6 5	  06LiDuSoWa.2367
3658.239796	1000	001  	   11 6 5	000  	11 6 6	  06LiDuSoWa.2368
3658.364156	1000	001  	   7 3 4	000  	8 2 7	  06LiDuSoWa.2369
3658.717166	1000	001  	   10 6 5	000  	10 6 4	  06LiDuSoWa.2370
3658.745235	1000	001  	   10 6 4	000  	10 6 5	  06LiDuSoWa.2371
3659.116807	1000	001  	   5 3 3	000  	4 4 0	  06LiDuSoWa.2372
3659.255907	1000	001  	   9 6 3	000  	9 6 4	  06LiDuSoWa.2373
3659.392562	1000	001  	   7 2 6	000  	7 2 5	  06LiDuSoWa.2374
3659.754275	1000	001  	   8 6 2	000  	8 6 3	  06LiDuSoWa.2375
3659.754275	1000	001  	   8 6 3	000  	8 6 2	  06LiDuSoWa.2376
3660.060634	1000	001  	   5 3 2	000  	4 4 1	  06LiDuSoWa.2377
3660.120600	1000	001  	   7 4 3	000  	8 3 6	  06LiDuSoWa.2378
3660.220368	1000	001  	   7 6 2	000  	7 6 1	  06LiDuSoWa.2379
3660.220368	1000	001  	   7 6 1	000  	7 6 2	  06LiDuSoWa.2380
3660.646010	1000	001  	   6 6 1	000  	6 6 0	  06LiDuSoWa.2381
3660.646010	1000	001  	   6 6 0	000  	6 6 1	  06LiDuSoWa.2382
3661.819356	1000	001  	   2 1 2	000  	3 0 3	  06LiDuSoWa.2383
3662.294421	1000	001  	   4 0 4	000  	4 1 3	  06LiDuSoWa.2384
3663.917245	1000	001  	   3 2 2	000  	4 1 3	  06LiDuSoWa.2385
3665.762602	1000	001  	   1 0 1	000  	2 0 2	  06LiDuSoWa.2386
3666.870525	1000	001  	   0 0 0	000  	1 1 1	  06LiDuSoWa.2387
3667.093486	1000	001  	   1 1 1	000  	2 1 2	  06LiDuSoWa.2388
3667.437292	1000	001  	   4 1 4	000  	4 1 3	  06LiDuSoWa.2389
3669.434005	1000	001  	   9 5 5	000  	9 5 4	  06LiDuSoWa.2390
3669.499842	1000	001  	   10 5 5	000  	10 5 6	  06LiDuSoWa.2391
3669.665394	1000	001  	   11 5 6	000  	11 5 7	  06LiDuSoWa.2392
3669.703556	1000	001  	   9 5 4	000  	9 5 5	  06LiDuSoWa.2393
3669.987120	1000	001  	   8 5 4	000  	8 5 3	  06LiDuSoWa.2394
3670.066730	1000	001  	   8 5 3	000  	8 5 4	  06LiDuSoWa.2395
3670.461810	1000	001  	   7 5 3	000  	7 5 2	  06LiDuSoWa.2396
3670.479623	1000	001  	   7 5 2	000  	7 5 3	  06LiDuSoWa.2397
3670.705580	1000	001  	   3 0 3	000  	3 1 2	  06LiDuSoWa.2398
3670.886256	1000	001  	   6 5 1	000  	6 5 2	  06LiDuSoWa.2399
3670.886256	1000	001  	   6 5 2	000  	6 5 1	  06LiDuSoWa.2400
3671.264048	1000	001  	   5 5 1	000  	5 5 0	  06LiDuSoWa.2401
3671.264048	1000	001  	   5 5 0	000  	5 5 1	  06LiDuSoWa.2402
3671.402778	1000	001  	   6 2 5	000  	6 2 4	  06LiDuSoWa.2403
3672.658612	1000	001  	   10 4 7	000  	10 4 6	  06LiDuSoWa.2404
3674.534054	1000	001  	   6 3 4	000  	5 4 1	  06LiDuSoWa.2405
3675.413168	1000	001  	   6 4 2	000  	7 3 5	  06LiDuSoWa.2406
3675.569822	1000	001  	   5 3 2	000  	6 2 5	  06LiDuSoWa.2407
3676.265015	1000	001  	   2 0 2	000  	2 1 1	  06LiDuSoWa.2408
3676.412554	1000	001  	   4 2 3	000  	3 3 0	  06LiDuSoWa.2409
3677.408533	1000	001  	   4 3 2	000  	5 2 3	  06LiDuSoWa.2410
3677.688156	1000	001  	   8 4 5	000  	8 4 4	  06LiDuSoWa.2411
3678.391108	1000	001  	   3 0 3	000  	2 2 0	  06LiDuSoWa.2412
3678.524528	1000	001  	   3 1 3	000  	3 1 2	  06LiDuSoWa.2413
3678.719340	1000	001  	   7 4 4	000  	7 4 3	  06LiDuSoWa.2414
3678.792682	1000	001  	   1 1 1	000  	2 0 2	  06LiDuSoWa.2415
3679.343710	1000	001  	   6 4 3	000  	6 4 2	  06LiDuSoWa.2416
3679.512480	1000	001  	   1 0 1	000  	1 1 0	  06LiDuSoWa.2417
3679.540741	1000	001  	   6 4 2	000  	6 4 3	  06LiDuSoWa.2418
3679.724801	1000	001  	   8 4 4	000  	8 4 5	  06LiDuSoWa.2419
3679.775648	1000	001  	   5 4 2	000  	5 4 1	  06LiDuSoWa.2420
3679.815765	1000	001  	   5 4 1	000  	5 4 2	  06LiDuSoWa.2421
3680.114440	1000	001  	   4 4 0	000  	4 4 1	  06LiDuSoWa.2422
3680.114440	1000	001  	   4 4 1	000  	4 4 0	  06LiDuSoWa.2423
3680.310554	1000	001  	   7 3 5	000  	7 3 4	  06LiDuSoWa.2424
3680.503790	1000	001  	   5 2 4	000  	5 2 3	  06LiDuSoWa.2425
3680.881598	1000	001  	   9 4 5	000  	9 4 6	  06LiDuSoWa.2426
3680.911613	1000	001  	   0 0 0	000  	1 0 1	  06LiDuSoWa.2427
3681.837936	1000	001  	   4 2 2	000  	3 3 1	  06LiDuSoWa.2428
3682.780092	1000	001  	   6 1 5	000  	5 3 2	  06LiDuSoWa.2429
3683.511153	1000	001  	   10 4 6	000  	10 4 7	  06LiDuSoWa.2430
3683.855326	1000	001  	   6 3 4	000  	6 3 3	  06LiDuSoWa.2431
3684.137969	1000	001  	   2 2 1	000  	3 1 2	  06LiDuSoWa.2432
3685.733002	1000	001  	   5 3 3	000  	5 3 2	  06LiDuSoWa.2433
3686.209287	1000	001  	   3 1 3	000  	2 2 0	  06LiDuSoWa.2434
3686.645153	1000	001  	   4 3 2	000  	4 3 1	  06LiDuSoWa.2435
3686.663985	1000	001  	   4 2 3	000  	4 2 2	  06LiDuSoWa.2436
3686.927271	1000	001  	   2 1 2	000  	2 1 1	  06LiDuSoWa.2437
3687.148378	1000	001  	   3 3 0	000  	3 3 1	  06LiDuSoWa.2438
3687.358893	1000	001  	   5 2 3	000  	6 1 6	  06LiDuSoWa.2439
3687.444366	1000	001  	   5 3 2	000  	5 3 3	  06LiDuSoWa.2440
3687.818411	1000	001  	   4 2 2	000  	5 1 5	  06LiDuSoWa.2441
3688.151416	1000	001  	   4 3 1	000  	5 2 4	  06LiDuSoWa.2442
3688.307100	1000	001  	   11 4 7	000  	11 4 8	  06LiDuSoWa.2443
3688.771974	1000	001  	   6 3 3	000  	6 3 4	  06LiDuSoWa.2444
3689.096661	1000	001  	   5 4 2	000  	6 3 3	  06LiDuSoWa.2445
3689.575010	1000	001  	   7 3 5	000  	6 4 2	  06LiDuSoWa.2446
3689.741931	1000	001  	   5 2 4	000  	4 3 1	  06LiDuSoWa.2447
3690.208772	1000	001  	   3 2 2	000  	3 2 1	  06LiDuSoWa.2448
3691.787358	1000	001  	   7 3 4	000  	7 3 5	  06LiDuSoWa.2449
3691.822460	1000	001  	   2 2 1	000  	2 2 0	  06LiDuSoWa.2450
3692.037377	1000	001  	   7 1 7	000  	6 2 4	  06LiDuSoWa.2451
3692.349511	1000	001  	   6 2 4	000  	7 0 7	  06LiDuSoWa.2452
3692.430408	1000	001  	   3 2 1	000  	4 1 4	  06LiDuSoWa.2453
3692.541850	1000	001  	   1 1 1	000  	1 1 0	  06LiDuSoWa.2454
3692.562547	1000	001  	   2 2 0	000  	2 2 1	  06LiDuSoWa.2455
3693.816746	1000	001  	   3 2 1	000  	3 2 2	  06LiDuSoWa.2456
3694.474806	1000	001  	   5 0 5	000  	4 2 2	  06LiDuSoWa.2457
3695.911216	1000	001  	   7 3 4	000  	6 4 3	  06LiDuSoWa.2458
3696.931245	1000	001  	   4 2 2	000  	4 2 3	  06LiDuSoWa.2459
3697.051744	1000	001  	   6 1 6	000  	5 2 3	  06LiDuSoWa.2460
3697.171493	1000	001  	   8 3 5	000  	8 3 6	  06LiDuSoWa.2461
3697.339130	1000	001  	   3 3 1	000  	4 2 2	  06LiDuSoWa.2462
3697.469187	1000	001  	   7 1 6	000  	6 3 3	  06LiDuSoWa.2463
3697.555196	1000	001  	   5 1 5	000  	4 2 2	  06LiDuSoWa.2464
3700.606894	1000	001  	   2 2 0	000  	3 1 3	  06LiDuSoWa.2465
3701.407141	1000	001  	   6 2 5	000  	5 3 2	  06LiDuSoWa.2466
3702.242580	1000	001  	   3 3 0	000  	4 2 3	  06LiDuSoWa.2467
3702.524148	1000	001  	   5 2 3	000  	5 2 4	  06LiDuSoWa.2468
3703.037475	1000	001  	   3 1 2	000  	2 2 1	  06LiDuSoWa.2469
3705.301340	1000	001  	   9 3 6	000  	9 3 7	  06LiDuSoWa.2470
3705.491795	1000	001  	   11 1 10	000  	10 3 7	  06LiDuSoWa.2471
3706.730309	1000	001  	   4 4 1	000  	5 3 2	  06LiDuSoWa.2472
3707.502911	1000	001  	   4 4 0	000  	5 3 3	  06LiDuSoWa.2473
3708.354470	1000	001  	   10 4 6	000  	9 5 5	  06LiDuSoWa.2474
3710.609703	1000	001  	   7 2 6	000  	6 3 3	  06LiDuSoWa.2475
3711.081234	1000	001  	   3 1 2	000  	3 1 3	  06LiDuSoWa.2476
3711.661484	1000	001  	   1 0 1	000  	0 0 0	  06LiDuSoWa.2477
3712.030055	1000	001  	   1 1 0	000  	1 0 1	  06LiDuSoWa.2478
3712.464439	1000	001  	   2 0 2	000  	1 1 1	  06LiDuSoWa.2479
3714.953887	1000	001  	   2 1 1	000  	2 0 2	  06LiDuSoWa.2480
3716.124880	1000	001  	   10 3 7	000  	10 3 8	  06LiDuSoWa.2481
3716.448097	1000	001  	   8 2 7	000  	7 3 4	  06LiDuSoWa.2482
3716.477272	1000	001  	   8 3 5	000  	7 4 4	  06LiDuSoWa.2483
3716.724655	1000	001  	   9 3 7	000  	8 4 4	  06LiDuSoWa.2484
3719.902870	1000	001  	   3 1 2	000  	3 0 3	  06LiDuSoWa.2485
3721.291488	1000	001  	   4 1 3	000  	4 1 4	  06LiDuSoWa.2486
3721.561053	1000	001  	   7 2 5	000  	7 2 6	  06LiDuSoWa.2487
3722.680879	1000	001  	   4 1 3	000  	3 2 2	  06LiDuSoWa.2488
3723.126088	1000	001  	   2 1 2	000  	1 1 1	  06LiDuSoWa.2489
3724.690797	1000	001  	   1 1 1	000  	0 0 0	  06LiDuSoWa.2490
3726.504752	1000	001  	   2 0 2	000  	1 0 1	  06LiDuSoWa.2491
3727.311856	1000	001  	   4 1 3	000  	4 0 4	  06LiDuSoWa.2492
3728.703267	1000	001  	   2 1 1	000  	1 1 0	  06LiDuSoWa.2493
3728.772971	1000	001  	   3 0 3	000  	2 1 2	  06LiDuSoWa.2494
3730.173047	1000	001  	   5 2 3	000  	5 1 4	  06LiDuSoWa.2495
3730.222927	1000	001  	   4 2 2	000  	4 1 3	  06LiDuSoWa.2496
3730.745348	1000	001  	   6 4 2	000  	7 2 5	  06LiDuSoWa.2497
3731.973991	1000	001  	   3 2 1	000  	3 1 2	  06LiDuSoWa.2498
3732.444278	1000	001  	   6 2 4	000  	6 1 5	  06LiDuSoWa.2499
3733.526447	1000	001  	   5 1 4	000  	5 1 5	  06LiDuSoWa.2500
3734.534916	1000	001  	   2 2 0	000  	2 1 1	  06LiDuSoWa.2501
3737.285655	1000	001  	   5 1 4	000  	5 0 5	  06LiDuSoWa.2502
3737.426549	1000	001  	   7 2 5	000  	7 1 6	  06LiDuSoWa.2503
3738.104381	1000	001  	   3 2 2	000  	2 2 1	  06LiDuSoWa.2504
3739.659605	1000	001  	   3 2 1	000  	2 2 0	  06LiDuSoWa.2505
3742.205706	1000	001  	   2 2 1	000  	2 1 2	  06LiDuSoWa.2506
3742.638846	1000	001  	   5 1 4	000  	4 2 3	  06LiDuSoWa.2507
3743.598832	1000	001  	   9 3 6	000  	9 2 7	  06LiDuSoWa.2508
3745.008433	1000	001  	   3 1 2	000  	2 1 1	  06LiDuSoWa.2509
3745.275270	1000	001  	   8 2 6	000  	8 1 7	  06LiDuSoWa.2510
3745.724811	1000	001  	   10 3 7	000  	10 2 8	  06LiDuSoWa.2511
3746.148230	1000	001  	   3 2 2	000  	3 1 3	  06LiDuSoWa.2512
3747.115951	1000	001  	   7 3 4	000  	7 2 5	  06LiDuSoWa.2513
3747.185495	1000	001  	   6 1 5	000  	6 1 6	  06LiDuSoWa.2514
3748.289797	1000	001  	   3 1 3	000  	2 0 2	  06LiDuSoWa.2515
3748.949182	1000	001  	   4 3 2	000  	3 3 1	  06LiDuSoWa.2516
3749.372859	1000	001  	   6 1 5	000  	6 0 6	  06LiDuSoWa.2517
3750.881191	1000	001  	   11 3 8	000  	11 2 9	  06LiDuSoWa.2518
3751.318274	1000	001  	   6 3 3	000  	6 2 4	  06LiDuSoWa.2519
3751.435405	1000	001  	   4 2 3	000  	4 1 4	  06LiDuSoWa.2520
3752.821917	1000	001  	   4 2 3	000  	3 2 2	  06LiDuSoWa.2521
3753.903007	1000	001  	   2 2 1	000  	2 0 2	  06LiDuSoWa.2522
3754.138567	1000	001  	   12 4 8	000  	12 3 9	  06LiDuSoWa.2523
3754.970826	1000	001  	   3 2 2	000  	3 0 3	  06LiDuSoWa.2524
3755.744209	1000	001  	   5 3 2	000  	5 2 3	  06LiDuSoWa.2525
3756.514624	1000	001  	   4 2 2	000  	3 2 1	  06LiDuSoWa.2526
3757.254403	1000	001  	   5 4 2	000  	4 4 1	  06LiDuSoWa.2527
3757.275155	1000	001  	   5 4 1	000  	4 4 0	  06LiDuSoWa.2528
3757.455373	1000	001  	   4 2 3	000  	4 0 4	  06LiDuSoWa.2529
3757.656424	1000	001  	   11 4 7	000  	11 3 8	  06LiDuSoWa.2530
3758.025499	1000	001  	   5 2 4	000  	5 1 5	  06LiDuSoWa.2531
3758.490921	1000	001  	   4 1 4	000  	3 0 3	  06LiDuSoWa.2532
3759.245779	1000	001  	   5 0 5	000  	4 1 4	  06LiDuSoWa.2533
3760.621541	1000	001  	   6 4 3	000  	7 2 6	  06LiDuSoWa.2534
3760.834131	1000	001  	   4 1 3	000  	3 1 2	  06LiDuSoWa.2535
3761.476666	1000	001  	   7 1 6	000  	7 1 7	  06LiDuSoWa.2536
3761.784437	1000	001  	   5 2 4	000  	5 0 5	  06LiDuSoWa.2537
3761.825260	1000	001  	   3 3 0	000  	3 2 1	  06LiDuSoWa.2538
3762.353318	1000	001  	   6 1 5	000  	5 2 4	  06LiDuSoWa.2539
3762.687166	1000	001  	   7 1 6	000  	7 0 7	  06LiDuSoWa.2540
3762.953462	1000	001  	   10 4 6	000  	10 3 7	  06LiDuSoWa.2541
3763.494371	1000	001  	   3 3 1	000  	3 2 2	  06LiDuSoWa.2542
3763.530000	1000	001  	   6 5 1	000  	5 5 0	  06LiDuSoWa.2543
3763.530000	1000	001  	   6 5 2	000  	5 5 1	  06LiDuSoWa.2544
3763.935110	1000	001  	   10 2 8	000  	10 2 9	  06LiDuSoWa.2545
3764.041562	1000	001  	   4 3 2	000  	4 2 3	  06LiDuSoWa.2546
3764.238703	1000	001  	   5 3 3	000  	4 3 2	  06LiDuSoWa.2547
3764.982712	1000	001  	   5 3 2	000  	4 3 1	  06LiDuSoWa.2548
3765.304383	1000	001  	   5 3 3	000  	5 2 4	  06LiDuSoWa.2549
3765.811116	1000	001  	   6 2 5	000  	6 1 6	  06LiDuSoWa.2550
3767.138150	1000	001  	   5 2 4	000  	4 2 3	  06LiDuSoWa.2551
3767.519406	1000	001  	   6 3 4	000  	6 2 5	  06LiDuSoWa.2552
3767.653353	1000	001  	   2 2 1	000  	1 1 0	  06LiDuSoWa.2553
3767.854464	1000	001  	   8 2 6	000  	7 3 5	  06LiDuSoWa.2554
3767.889084	1000	001  	   7 6 2	000  	6 6 1	  06LiDuSoWa.2555
3767.889084	1000	001  	   7 6 1	000  	6 6 0	  06LiDuSoWa.2556
3767.999603	1000	001  	   6 2 5	000  	6 0 6	  06LiDuSoWa.2557
3768.092263	1000	001  	   8 5 4	000  	9 3 7	  06LiDuSoWa.2558
3768.145868	1000	001  	   10 2 8	000  	10 1 9	  06LiDuSoWa.2559
3768.348117	1000	001  	   5 1 5	000  	4 0 4	  06LiDuSoWa.2560
3770.733681	1000	001  	   2 2 0	000  	1 1 1	  06LiDuSoWa.2561
3770.854603	1000	001  	   7 3 5	000  	7 2 6	  06LiDuSoWa.2562
3771.130996	1000	001  	   9 8 2	000  	8 8 1	  06LiDuSoWa.2563
3771.130996	1000	001  	   9 8 1	000  	8 8 0	  06LiDuSoWa.2564
3772.540697	1000	001  	   6 4 3	000  	5 4 2	  06LiDuSoWa.2565
3772.635924	1000	001  	   6 4 2	000  	5 4 1	  06LiDuSoWa.2566
3772.853692	1000	001  	   6 0 6	000  	5 1 5	  06LiDuSoWa.2567
3773.786920	1000	001  	   5 2 3	000  	4 2 2	  06LiDuSoWa.2568
3774.485465	1000	001  	   8 4 4	000  	8 3 5	  06LiDuSoWa.2569
3774.572784	1000	001  	   6 1 6	000  	5 1 5	  06LiDuSoWa.2570
3774.617235	1000	001  	   7 2 6	000  	7 1 7	  06LiDuSoWa.2571
3775.396326	1000	001  	   8 3 6	000  	8 2 7	  06LiDuSoWa.2572
3775.622716	1000	001  	   8 1 7	000  	8 1 8	  06LiDuSoWa.2573
3775.930563	1000	001  	   5 1 4	000  	4 1 3	  06LiDuSoWa.2574
3776.023144	1000	110  	   7 2 6	000  	8 4 5	  06LiDuSoWa.2575
3776.269219	1000	001  	   8 1 7	000  	8 0 8	  06LiDuSoWa.2576
3776.612170	1000	001  	   6 0 6	000  	5 0 5	  06LiDuSoWa.2577
3778.332298	1000	001  	   6 1 6	000  	5 0 5	  06LiDuSoWa.2578
3778.671653	1000	001  	   7 5 3	000  	6 5 2	  06LiDuSoWa.2579
3778.893798	1000	001  	   7 4 3	000  	7 3 4	  06LiDuSoWa.2580
3779.393422	1000	001  	   6 3 4	000  	5 3 3	  06LiDuSoWa.2581
3780.075936	1000	001  	   3 2 2	000  	2 1 1	  06LiDuSoWa.2582
3780.976410	1000	001  	   6 2 5	000  	5 2 4	  06LiDuSoWa.2583
3781.132902	1000	001  	   7 1 6	000  	6 2 5	  06LiDuSoWa.2584
3781.319229	1000	001  	   6 3 3	000  	5 3 2	  06LiDuSoWa.2585
3781.418008	1000	001  	   11 2 9	000  	11 1 10	  06LiDuSoWa.2586
3782.880989	1000	001  	   8 6 3	000  	7 6 2	  06LiDuSoWa.2587
3782.880989	1000	001  	   8 6 2	000  	7 6 1	  06LiDuSoWa.2588
3783.710374	1000	001  	   7 4 4	000  	7 3 5	  06LiDuSoWa.2589
3783.797951	1000	001  	   8 4 5	000  	8 3 6	  06LiDuSoWa.2590
3783.890849	1000	001  	   5 4 1	000  	5 3 2	  06LiDuSoWa.2591
3784.067881	1000	001  	   6 4 3	000  	6 3 4	  06LiDuSoWa.2592
3784.220427	1000	001  	   8 2 7	000  	8 1 8	  06LiDuSoWa.2593
3784.637827	1000	001  	   5 4 2	000  	5 3 3	  06LiDuSoWa.2594
3784.773381	1000	001  	   2 2 0	000  	1 0 1	  06LiDuSoWa.2595
3784.864628	1000	001  	   8 2 7	000  	8 0 8	  06LiDuSoWa.2596
3785.039384	1000	001  	   4 4 0	000  	4 3 1	  06LiDuSoWa.2597
3785.529736	1000	001  	   7 0 7	000  	6 1 6	  06LiDuSoWa.2598
3786.441647	1000	001  	   7 1 7	000  	6 1 6	  06LiDuSoWa.2599
3786.720822	1000	001  	   7 3 5	000  	7 1 6	  06LiDuSoWa.2600
3787.717632	1000	001  	   7 0 7	000  	6 0 6	  06LiDuSoWa.2601
3787.836424	1000	001  	   7 4 4	000  	6 4 3	  06LiDuSoWa.2602
3787.981514	1000	001  	   10 3 8	000  	10 2 9	  06LiDuSoWa.2603
3788.155819	1000	001  	   7 4 3	000  	6 4 2	  06LiDuSoWa.2604
3788.630238	1000	001  	   7 1 7	000  	6 0 6	  06LiDuSoWa.2605
3789.117696	1000	001  	   9 1 8	000  	9 1 9	  06LiDuSoWa.2606
3789.172727	1000	001  	   6 3 4	000  	6 1 5	  06LiDuSoWa.2607
3789.454262	1000	001  	   9 1 8	000  	9 0 9	  06LiDuSoWa.2608
3789.999234	1000	001  	   6 1 5	000  	5 1 4	  06LiDuSoWa.2609
3790.041243	1000	001  	   3 2 1	000  	2 1 2	  06LiDuSoWa.2610
3790.508623	1000	001  	   9 2 7	000  	8 3 6	  06LiDuSoWa.2611
3790.963655	1000	001  	   6 2 4	000  	5 2 3	  06LiDuSoWa.2612
3792.187682	1000	001  	   10 3 8	000  	10 1 9	  06LiDuSoWa.2613
3792.954115	1000	001  	   5 3 3	000  	5 1 4	  06LiDuSoWa.2614
3793.825181	1000	001  	   8 5 4	000  	7 5 3	  06LiDuSoWa.2615
3793.864882	1000	001  	   8 5 3	000  	7 5 2	  06LiDuSoWa.2616
3794.272591	1000	001  	   7 2 6	000  	6 2 5	  06LiDuSoWa.2617
3794.296789	1000	001  	   7 3 5	000  	6 3 4	  06LiDuSoWa.2618
3794.377632	1000	001  	   9 2 8	000  	9 1 9	  06LiDuSoWa.2619
3794.615962	1000	001  	   12 2 10	000  	12 1 11	  06LiDuSoWa.2620
3794.713128	1000	001  	   9 2 8	000  	9 0 9	  06LiDuSoWa.2621
3795.081003	1000	001  	   10 5 5	000  	10 4 6	  06LiDuSoWa.2622
3795.760481	1000	001  	   11 3 9	000  	11 2 10	  06LiDuSoWa.2623
3797.333826	1000	001  	   4 3 2	000  	4 1 3	  06LiDuSoWa.2624
3797.514901	1000	001  	   8 0 8	000  	7 1 7	  06LiDuSoWa.2625
3797.859530	1000	001  	   9 6 4	000  	8 6 3	  06LiDuSoWa.2626
3797.859530	1000	001  	   9 6 3	000  	8 6 2	  06LiDuSoWa.2627
3797.981723	1000	001  	   8 1 8	000  	7 1 7	  06LiDuSoWa.2628
3798.331795	1000	001  	   7 3 4	000  	6 3 3	  06LiDuSoWa.2629
3798.394291	1000	001  	   8 1 7	000  	7 2 6	  06LiDuSoWa.2630
3798.522760	1000	001  	   9 5 4	000  	9 4 5	  06LiDuSoWa.2631
3798.725046	1000	001  	   8 0 8	000  	7 0 7	  06LiDuSoWa.2632
3799.192538	1000	001  	   8 1 8	000  	7 0 7	  06LiDuSoWa.2633
3800.058362	1000	001  	   10 7 4	000  	9 7 3	  06LiDuSoWa.2634
3800.058362	1000	001  	   10 7 3	000  	9 7 2	  06LiDuSoWa.2635
3800.527331	1000	001  	   9 5 5	000  	9 4 6	  06LiDuSoWa.2636
3800.955367	1000	001  	   8 5 3	000  	8 4 4	  06LiDuSoWa.2637
3801.739466	1000	001  	   3 2 1	000  	2 0 2	  06LiDuSoWa.2638
3801.782948	1000	001  	   8 5 4	000  	8 4 5	  06LiDuSoWa.2639
3801.989421	1000	001  	   10 1 9	000  	10 0 10	  06LiDuSoWa.2640
3802.678464	1000	001  	   7 5 2	000  	7 4 3	  06LiDuSoWa.2641
3802.786094	1000	001  	   7 1 6	000  	6 1 5	  06LiDuSoWa.2642
3803.103460	1000	001  	   8 4 5	000  	7 4 4	  06LiDuSoWa.2643
3803.918352	1000	001  	   6 5 1	000  	6 4 2	  06LiDuSoWa.2644
3803.964779	1000	001  	   8 4 4	000  	7 4 3	  06LiDuSoWa.2645
3804.000111	1000	001  	   6 5 2	000  	6 4 3	  06LiDuSoWa.2646
3804.256852	1000	001  	   12 3 10	000  	12 2 11	  06LiDuSoWa.2647
3804.827336	1000	001  	   5 5 0	000  	5 4 1	  06LiDuSoWa.2648
3804.846245	1000	001  	   5 5 1	000  	5 4 2	  06LiDuSoWa.2649
3804.866549	1000	001  	   10 2 9	000  	10 1 10	  06LiDuSoWa.2650
3807.548533	1000	001  	   7 2 5	000  	6 2 4	  06LiDuSoWa.2651
3808.625786	1000	001  	   6 2 5	000  	5 1 4	  06LiDuSoWa.2652
3808.817713	1000	001  	   8 3 6	000  	7 3 5	  06LiDuSoWa.2653
3809.004310	1000	001  	   9 5 5	000  	8 5 4	  06LiDuSoWa.2654
3809.004310	1000	001  	   9 0 9	000  	8 1 8	  06LiDuSoWa.2655
3809.128293	1000	001  	   9 5 4	000  	8 5 3	  06LiDuSoWa.2656
3809.239249	1000	001  	   9 1 9	000  	8 1 8	  06LiDuSoWa.2657
3809.336973	1000	001  	   3 3 1	000  	2 2 0	  06LiDuSoWa.2658
3809.651842	1000	001  	   9 0 9	000  	8 0 8	  06LiDuSoWa.2659
3809.720833	1000	001  	   3 3 0	000  	2 2 1	  06LiDuSoWa.2660
3809.884926	1000	001  	   9 1 9	000  	8 0 8	  06LiDuSoWa.2661
3812.199052	1000	001  	   10 2 8	000  	9 3 7	  06LiDuSoWa.2662
3812.453924	1000	001  	   4 2 2	000  	3 1 3	  06LiDuSoWa.2663
3812.834070	1000	001  	   10 6 5	000  	9 6 4	  06LiDuSoWa.2664
3812.848530	1000	001  	   10 6 4	000  	9 6 3	  06LiDuSoWa.2665
3813.874715	1000	001  	   9 1 8	000  	8 2 7	  06LiDuSoWa.2666
3814.259941	1000	001  	   8 1 7	000  	7 1 6	  06LiDuSoWa.2667
3814.840238	1000	001  	   11 7 5	000  	10 7 4	  06LiDuSoWa.2668
3814.840238	1000	001  	   11 7 4	000  	10 7 3	  06LiDuSoWa.2669
3815.502682	1000	001  	   11 2 10	000  	11 1 11	  06LiDuSoWa.2670
3815.946636	1000	001  	   8 3 5	000  	7 3 4	  06LiDuSoWa.2671
3818.202574	1000	001  	   9 6 3	000  	9 5 4	  06LiDuSoWa.2672
3818.263719	1000	001  	   9 4 6	000  	8 4 5	  06LiDuSoWa.2673
3819.132820	1000	001  	   9 2 8	000  	8 2 7	  06LiDuSoWa.2674
3819.626675	1000	001  	   8 6 2	000  	8 5 3	  06LiDuSoWa.2675
3819.657853	1000	001  	   8 6 3	000  	8 5 4	  06LiDuSoWa.2676
3820.137024	1000	001  	   10 0 10	000  	9 1 9	  06LiDuSoWa.2677
3820.250587	1000	001  	   10 1 10	000  	9 1 9	  06LiDuSoWa.2678
3820.472675	1000	001  	   10 0 10	000  	9 0 9	  06LiDuSoWa.2679
3820.587751	1000	001  	   10 1 10	000  	9 0 9	  06LiDuSoWa.2680
3821.275038	1000	001  	   4 2 2	000  	3 0 3	  06LiDuSoWa.2681
3822.387736	1000	110  	   7 4 3	000  	7 6 2	  06LiDuSoWa.2682
3822.834012	1000	001  	   9 3 7	000  	8 3 6	  06LiDuSoWa.2683
3822.857298	1000	001  	   8 2 7	000  	7 1 6	  06LiDuSoWa.2684
3823.182496	1000	001  	   8 2 6	000  	7 2 5	  06LiDuSoWa.2685
3823.625386	1000	001  	   4 3 2	000  	3 2 1	  06LiDuSoWa.2686
3824.179507	1000	001  	   10 5 6	000  	9 5 5	  06LiDuSoWa.2687
3824.531056	1000	001  	   10 5 5	000  	9 5 4	  06LiDuSoWa.2688
3824.717121	1000	001  	   9 1 8	000  	8 1 7	  06LiDuSoWa.2689
3825.432338	1000	030  	   10 1 9	000  	11 3 8	  06LiDuSoWa.2690
3825.570846	1000	001  	   4 3 1	000  	3 2 2	  06LiDuSoWa.2691
3827.812311	1000	001  	   11 6 6	000  	10 6 5	  06LiDuSoWa.2692
3829.976950	1000	001  	   9 2 8	000  	8 1 7	  06LiDuSoWa.2693
3830.731494	1000	001  	   10 2 9	000  	9 2 8	  06LiDuSoWa.2694
3830.987861	1000	001  	   11 0 11	000  	10 1 10	  06LiDuSoWa.2695
3831.041761	1000	001  	   11 1 11	000  	10 1 10	  06LiDuSoWa.2696
3831.158314	1000	001  	   11 0 11	000  	10 0 10	  06LiDuSoWa.2697
3831.213661	1000	001  	   11 1 11	000  	10 0 10	  06LiDuSoWa.2698
3832.193947	1000	001  	   11 2 9	000  	10 3 8	  06LiDuSoWa.2699
3832.193947	1000	001  	   10 7 4	000  	10 6 5	  06LiDuSoWa.2700
3833.204159	1000	001  	   10 4 7	000  	9 4 6	  06LiDuSoWa.2701
3833.749018	1000	001  	   9 3 6	000  	8 3 5	  06LiDuSoWa.2702
3834.627620	1000	001  	   10 1 9	000  	9 1 8	  06LiDuSoWa.2703
3836.245832	1000	001  	   10 3 8	000  	9 3 7	  06LiDuSoWa.2704
3836.568258	1000	001  	   5 3 3	000  	4 2 2	  06LiDuSoWa.2705
3837.582240	1000	001  	   9 2 7	000  	8 2 6	  06LiDuSoWa.2706
3837.675638	1000	001  	   10 2 9	000  	9 1 8	  06LiDuSoWa.2707
3838.558691	1000	001  	   5 2 3	000  	4 1 4	  06LiDuSoWa.2708
3840.180281	1000	001  	   11 5 6	000  	10 5 5	  06LiDuSoWa.2709
3841.602201	1000	001  	   12 0 12	000  	11 1 11	  06LiDuSoWa.2710
3841.627882	1000	001  	   12 1 12	000  	11 1 11	  06LiDuSoWa.2711
3841.687565	1000	001  	   12 0 12	000  	11 0 11	  06LiDuSoWa.2712
3841.718139	1000	001  	   12 1 12	000  	11 0 11	  06LiDuSoWa.2713
3841.846449	1000	001  	   11 2 10	000  	10 2 9	  06LiDuSoWa.2714
3842.379180	1000	001  	   5 3 2	000  	4 2 3	  06LiDuSoWa.2715
3844.360818	1000	001  	   11 1 10	000  	10 1 9	  06LiDuSoWa.2716
3844.578409	1000	001  	   5 2 3	000  	4 0 4	  06LiDuSoWa.2717
3846.057841	1000	001  	   6 6 1	000  	7 4 4	  06LiDuSoWa.2718
3846.057841	1000	001  	   11 2 10	000  	10 1 9	  06LiDuSoWa.2719
3847.312214	1000	001  	   4 4 1	000  	3 3 0	  06LiDuSoWa.2720
3847.343249	1000	001  	   4 4 0	000  	3 3 1	  06LiDuSoWa.2721
3847.694276	1000	001  	   6 3 4	000  	5 2 3	  06LiDuSoWa.2722
3848.984809	1000	001  	   11 3 9	000  	10 3 8	  06LiDuSoWa.2723
3850.005175	1000	001  	   12 2 10	000  	11 3 9	  06LiDuSoWa.2724
3850.495690	1000	001  	   10 2 8	000  	9 2 7	  06LiDuSoWa.2725
3851.119258	1000	001  	   10 3 7	000  	9 3 6	  06LiDuSoWa.2726
3852.016413	1000	001  	   13 1 13	000  	12 1 12	  06LiDuSoWa.2727
3852.546447	1000	001  	   12 2 11	000  	11 2 10	  06LiDuSoWa.2728
3854.801976	1000	001  	   11 4 7	000  	10 4 6	  06LiDuSoWa.2729
3854.994756	1000	001  	   12 2 11	000  	11 1 10	  06LiDuSoWa.2730
3856.229094	1000	001  	   12 5 7	000  	11 5 6	  06LiDuSoWa.2731
3856.842852	1000	001  	   7 3 5	000  	6 2 4	  06LiDuSoWa.2732
3860.891911	1000	001  	   6 3 3	000  	5 2 4	  06LiDuSoWa.2733
3861.028360	1000	001  	   12 3 10	000  	11 3 9	  06LiDuSoWa.2734
3861.871736	1000	001  	   12 4 9	000  	11 4 8	  06LiDuSoWa.2735
3862.177310	1000	001  	   5 4 2	000  	4 3 1	  06LiDuSoWa.2736
3862.396375	1000	001  	   5 4 1	000  	4 3 2	  06LiDuSoWa.2737
3862.904952	1000	001  	   13 2 12	000  	12 2 11	  06LiDuSoWa.2738
3863.460481	1000	001  	   5 4 1	000  	5 2 4	  06LiDuSoWa.2739
3863.727744	1000	001  	   4 3 1	000  	3 1 2	  06LiDuSoWa.2740
3863.796290	1000	001  	   13 1 12	000  	12 1 11	  06LiDuSoWa.2741
3864.147444	1000	001  	   8 3 6	000  	7 2 5	  06LiDuSoWa.2742
3867.499243	1000	001  	   11 3 8	000  	10 3 7	  06LiDuSoWa.2743
3868.482805	1000	001  	   6 2 4	000  	5 1 5	  06LiDuSoWa.2744
3871.629263	1000	001  	   12 2 10	000  	11 2 9	  06LiDuSoWa.2745
3872.211494	1000	001  	   15 1 15	000  	14 0 14	  06LiDuSoWa.2746
3872.211494	1000	001  	   15 0 15	000  	14 0 14	  06LiDuSoWa.2747
3872.243721	1000	001  	   6 2 4	000  	5 0 5	  06LiDuSoWa.2748
3872.392502	1000	001  	   13 3 11	000  	12 3 10	  06LiDuSoWa.2749
3872.900333	1000	001  	   12 4 8	000  	11 4 7	  06LiDuSoWa.2750
3874.544599	1000	001  	   10 3 8	000  	9 2 7	  06LiDuSoWa.2751
3875.672049	1000	001  	   5 3 2	000  	4 1 3	  06LiDuSoWa.2752
3876.614698	1000	001  	   6 4 3	000  	5 3 2	  06LiDuSoWa.2753
3877.497831	1000	001  	   6 4 2	000  	5 3 3	  06LiDuSoWa.2754
3878.586663	1000	001  	   11 3 9	000  	10 2 8	  06LiDuSoWa.2755
3880.443945	1000	001  	   13 2 11	000  	12 2 10	  06LiDuSoWa.2756
3881.996231	1000	001  	   7 3 4	000  	6 2 5	  06LiDuSoWa.2757
3882.306572	1000	001  	   5 5 1	000  	4 4 0	  06LiDuSoWa.2758
3882.306572	1000	001  	   5 5 0	000  	4 4 1	  06LiDuSoWa.2759
3883.127604	1000	001  	   14 3 12	000  	13 3 11	  06LiDuSoWa.2760
3888.541244	1000	001  	   6 3 3	000  	5 1 4	  06LiDuSoWa.2761
3890.254834	1000	001  	   7 4 4	000  	6 3 3	  06LiDuSoWa.2762
3897.095971	1000	001  	   6 5 2	000  	5 4 1	  06LiDuSoWa.2763
3897.114186	1000	001  	   6 5 1	000  	5 4 2	  06LiDuSoWa.2764
3902.573109	1000	001  	   8 4 5	000  	7 3 4	  06LiDuSoWa.2765
3903.651340	1000	001  	   7 3 4	000  	6 1 5	  06LiDuSoWa.2766
3906.491166	1000	001  	   8 3 5	000  	7 2 6	  06LiDuSoWa.2767
3908.955803	1000	001  	   8 4 4	000  	7 3 5	  06LiDuSoWa.2768
3911.699503	1000	001  	   7 5 3	000  	6 4 2	  06LiDuSoWa.2769
3911.794605	1000	001  	   7 5 2	000  	6 4 3	  06LiDuSoWa.2770
3913.025715	1000	001  	   9 4 6	000  	8 3 5	  06LiDuSoWa.2771
3914.398696	1000	001  	   6 6 1	000  	5 5 0	  06LiDuSoWa.2772
3914.398696	1000	001  	   6 6 0	000  	5 5 1	  06LiDuSoWa.2773
3914.701016	1000	110  	   10 3 7	000  	11 3 8	  06LiDuSoWa.2774
3921.252044	1000	001  	   10 4 7	000  	9 3 6	  06LiDuSoWa.2775
3921.419789	1000	110  	   10 0 10	000  	11 0 11	  06LiDuSoWa.2776
3921.690971	1000	110  	   10 1 10	000  	11 1 11	  06LiDuSoWa.2777
3922.357077	1000	001  	   8 3 5	000  	7 1 6	  06LiDuSoWa.2778
3922.759043	1000	110  	   10 1 9	000  	11 1 10	  06LiDuSoWa.2779
3923.969113	1000	110  	   4 3 1	000  	5 4 2	  06LiDuSoWa.2780
3926.024455	1000	001  	   8 5 4	000  	7 4 3	  06LiDuSoWa.2781
3926.371418	1000	001  	   8 5 3	000  	7 4 4	  06LiDuSoWa.2782
3926.573267	1000	110  	   10 2 9	000  	11 2 10	  06LiDuSoWa.2783
3929.004161	1000	001  	   7 6 1	000  	6 5 2	  06LiDuSoWa.2784
3929.004161	1000	001  	   7 6 2	000  	6 5 1	  06LiDuSoWa.2785
3933.687384	1000	001  	   13 4 10	000  	12 3 9	  06LiDuSoWa.2786
3933.687384	1000	110  	   9 3 6	000  	10 3 7	  06LiDuSoWa.2787
3934.797143	1000	001  	   9 3 6	000  	8 2 7	  06LiDuSoWa.2788
3935.879072	1000	110  	   9 1 8	000  	10 1 9	  06LiDuSoWa.2789
3937.122722	1000	110  	   9 0 9	000  	10 0 10	  06LiDuSoWa.2790
3937.602770	1000	110  	   9 1 9	000  	10 1 10	  06LiDuSoWa.2791
3937.602770	1000	110  	   10 4 7	000  	11 4 8	  06LiDuSoWa.2792
3938.411076	1000	001  	   8 2 6	000  	7 1 7	  06LiDuSoWa.2793
3939.572265	1000	001  	   5 4 2	000  	4 2 3	  06LiDuSoWa.2794
3939.619101	1000	001  	   8 2 6	000  	7 0 7	  06LiDuSoWa.2795
3939.889409	1000	001  	   9 5 5	000  	8 4 4	  06LiDuSoWa.2796
3940.045652	1000	110  	   3 3 1	000  	4 4 0	  06LiDuSoWa.2797
3940.074657	1000	110  	   3 3 0	000  	4 4 1	  06LiDuSoWa.2798
3940.925176	1000	001  	   9 5 4	000  	8 4 5	  06LiDuSoWa.2799
3941.634018	1000	110  	   9 2 8	000  	10 2 9	  06LiDuSoWa.2800
3943.460345	1000	001  	   8 6 2	000  	7 5 3	  06LiDuSoWa.2801
3943.460345	1000	001  	   8 6 3	000  	7 5 2	  06LiDuSoWa.2802
3943.592323	1000	001  	   7 7 0	000  	6 6 1	  06LiDuSoWa.2803
3943.592323	1000	001  	   7 7 1	000  	6 6 0	  06LiDuSoWa.2804
3945.274811	1000	110  	   9 3 7	000  	10 3 8	  06LiDuSoWa.2805
3945.641456	1000	001  	   9 3 6	000  	8 1 7	  06LiDuSoWa.2806
3945.797880	1000	001  	   6 4 2	000  	5 2 3	  06LiDuSoWa.2807
3945.881916	1000	001  	   10 4 6	000  	9 3 7	  06LiDuSoWa.2808
3948.614645	1000	110  	   8 1 7	000  	9 1 8	  06LiDuSoWa.2809
3951.251357	1000	001  	   7 3 5	000  	6 1 6	  06LiDuSoWa.2810
3952.344748	1000	110  	   8 0 8	000  	9 0 9	  06LiDuSoWa.2811
3952.526929	1000	110  	   9 4 5	000  	10 4 6	  06LiDuSoWa.2812
3953.000621	1000	001  	   7 6 2	000  	7 4 3	  06LiDuSoWa.2813
3953.000621	1000	001  	   10 5 6	000  	9 4 5	  06LiDuSoWa.2814
3953.194331	1000	110  	   8 1 8	000  	9 1 9	  06LiDuSoWa.2815
3953.231837	1000	110  	   8 3 5	000  	9 3 6	  06LiDuSoWa.2816
3955.324813	1000	110  	   9 4 6	000  	10 4 7	  06LiDuSoWa.2817
3955.425881	1000	001  	   7 4 3	000  	6 2 4	  06LiDuSoWa.2818
3955.625268	1000	001  	   10 5 5	000  	9 4 6	  06LiDuSoWa.2819
3956.188307	1000	001  	   6 4 3	000  	5 2 4	  06LiDuSoWa.2820
3956.208572	1000	110  	   3 2 2	000  	4 3 1	  06LiDuSoWa.2821
3956.699532	1000	110  	   8 2 7	000  	9 2 8	  06LiDuSoWa.2822
3957.728116	1000	001  	   9 6 4	000  	8 5 3	  06LiDuSoWa.2823
3957.763516	1000	001  	   9 6 3	000  	8 5 4	  06LiDuSoWa.2824
3959.325094	1000	110  	   7 2 5	000  	8 2 6	  06LiDuSoWa.2825
3961.380957	1000	110  	   7 1 6	000  	8 1 7	  06LiDuSoWa.2826
3964.909445	1000	001  	   11 5 7	000  	10 4 6	  06LiDuSoWa.2827
3967.054526	1000	110  	   7 0 7	000  	8 0 8	  06LiDuSoWa.2828
3968.491310	1000	110  	   7 1 7	000  	8 1 8	  06LiDuSoWa.2829
3969.138180	1000	110  	   7 1 7	000  	8 0 8	  06LiDuSoWa.2830
3969.921045	1000	001  	   8 8 0	000  	7 7 1	  06LiDuSoWa.2831
3969.921045	1000	001  	   8 8 1	000  	7 7 0	  06LiDuSoWa.2832
3970.130965	1000	110  	   9 5 5	000  	10 5 6	  06LiDuSoWa.2833
3970.800184	1000	001  	   11 5 6	000  	10 4 7	  06LiDuSoWa.2834
3970.800184	1000	110  	   3 1 2	000  	3 3 1	  06LiDuSoWa.2835
3971.657764	1000	110  	   8 4 4	000  	9 4 5	  06LiDuSoWa.2836
3971.724978	1000	030  	   10 0 10	000  	11 0 11	  06LiDuSoWa.2837
3971.774929	1000	001  	   10 6 5	000  	9 5 4	  06LiDuSoWa.2838
3971.833427	1000	110  	   7 2 6	000  	8 2 7	  06LiDuSoWa.2839
3971.900362	1000	001  	   10 6 4	000  	9 5 5	  06LiDuSoWa.2840
3972.217904	1000	001  	   9 7 3	000  	8 6 2	  06LiDuSoWa.2841
3972.217904	1000	001  	   9 7 2	000  	8 6 3	  06LiDuSoWa.2842
3972.217904	1000	030  	   10 1 10	000  	11 0 11	  06LiDuSoWa.2843
3972.839359	1000	110  	   7 3 4	000  	8 3 5	  06LiDuSoWa.2844
3972.867956	1000	110  	   2 2 1	000  	3 3 0	  06LiDuSoWa.2845
3973.050094	1000	110  	   8 4 5	000  	9 4 6	  06LiDuSoWa.2846
3973.246562	1000	110  	   2 2 0	000  	3 3 1	  06LiDuSoWa.2847
3973.789763	1000	001  	   10 3 7	000  	9 1 8	  06LiDuSoWa.2848
3973.917947	1000	001  	   7 4 4	000  	6 2 5	  06LiDuSoWa.2849
3974.654792	1000	110  	   6 1 5	000  	7 1 6	  06LiDuSoWa.2850
3976.474642	1000	110  	   6 2 4	000  	7 2 5	  06LiDuSoWa.2851
3977.057180	1000	001  	   9 2 7	000  	8 1 8	  06LiDuSoWa.2852
3977.701351	1000	001  	   9 2 7	000  	8 0 8	  06LiDuSoWa.2853
3978.376965	1000	110  	   7 3 5	000  	8 3 6	  06LiDuSoWa.2854
3981.197606	1000	110  	   6 0 6	000  	7 0 7	  06LiDuSoWa.2855
3982.230387	1000	110  	   6 1 5	000  	6 3 4	  06LiDuSoWa.2856
3983.536157	1000	110  	   6 1 6	000  	7 1 7	  06LiDuSoWa.2857
3984.066184	1000	001  	   9 8 1	000  	8 7 2	  06LiDuSoWa.2858
3984.066184	1000	001  	   9 8 2	000  	8 7 1	  06LiDuSoWa.2859
3984.176777	1000	001  	   10 4 6	000  	9 2 7	  06LiDuSoWa.2860
3984.748742	1000	110  	   6 1 6	000  	7 0 7	  06LiDuSoWa.2861
3985.728504	1000	030  	   9 0 9	000  	10 1 10	  06LiDuSoWa.2862
3985.897439	1000	030  	   9 0 9	000  	10 0 10	  06LiDuSoWa.2863
3985.897439	1000	110  	   3 1 2	000  	4 2 3	  06LiDuSoWa.2864
3986.294340	1000	001  	   10 7 3	000  	9 6 4	  06LiDuSoWa.2865
3986.596908	1000	030  	   9 1 9	000  	10 1 10	  06LiDuSoWa.2866
3987.084195	1000	110  	   6 2 5	000  	7 2 6	  06LiDuSoWa.2867
3987.987360	1000	110  	   8 5 3	000  	9 5 4	  06LiDuSoWa.2868
3988.068086	1000	110  	   8 5 4	000  	9 5 5	  06LiDuSoWa.2869
3988.727766	1000	110  	   5 1 4	000  	6 1 5	  06LiDuSoWa.2870
3990.055270	1000	110  	   7 4 3	000  	8 4 4	  06LiDuSoWa.2871
3990.665047	1000	110  	   7 4 4	000  	8 4 5	  06LiDuSoWa.2872
3990.665047	1000	030  	   4 2 3	000  	5 3 2	  06LiDuSoWa.2873
3992.005211	1000	110  	   6 3 3	000  	7 3 4	  06LiDuSoWa.2874
3992.623531	1000	110  	   5 0 5	000  	6 1 6	  06LiDuSoWa.2875
3993.119479	1000	001  	   8 4 5	000  	7 2 6	  06LiDuSoWa.2876
3997.998308	1000	001  	   11 4 7	000  	10 2 8	  06LiDuSoWa.2877
3998.066724	1000	001  	   10 8 3	000  	9 7 2	  06LiDuSoWa.2878
3998.066724	1000	001  	   10 8 2	000  	9 7 3	  06LiDuSoWa.2879
3998.382080	1000	110  	   5 1 5	000  	6 1 6	  06LiDuSoWa.2880
3999.669711	1000	030  	   8 0 8	000  	9 0 9	  06LiDuSoWa.2881
4000.567993	1000	110  	   5 1 5	000  	6 0 6	  06LiDuSoWa.2882
4001.175478	1000	030  	   8 1 8	000  	9 0 9	  06LiDuSoWa.2883
4002.470685	1000	110  	   5 2 4	000  	6 2 5	  06LiDuSoWa.2884
4002.651118	1000	030  	   8 1 7	000  	9 1 8	  06LiDuSoWa.2885
4003.619804	1000	110  	   4 1 3	000  	5 1 4	  06LiDuSoWa.2886
4004.337855	1000	110  	   4 0 4	000  	5 1 5	  06LiDuSoWa.2887
4004.864810	1000	030  	   8 2 6	000  	9 2 7	  06LiDuSoWa.2888
4005.044312	1000	110  	   7 0 7	000  	7 1 6	  06LiDuSoWa.2889
4005.284135	1000	030  	   9 2 8	000  	10 2 9	  06LiDuSoWa.2890
4005.693234	1000	110  	   7 5 2	000  	8 5 3	  06LiDuSoWa.2891
4005.718968	1000	110  	   7 5 3	000  	8 5 4	  06LiDuSoWa.2892
4005.850439	1000	030  	   3 1 3	000  	4 2 2	  06LiDuSoWa.2893
4006.331131	1000	110  	   1 1 1	000  	2 2 0	  06LiDuSoWa.2894
4006.376820	1000	001  	   11 3 8	000  	10 1 9	  06LiDuSoWa.2895
4088.653092	1000	001  	   9 6 3	000  	8 4 4	  06LiDuSoWa.2896
4006.746888	1000	030  	   6 1 5	000  	7 2 6	  06LiDuSoWa.2897
4007.128219	1000	110  	   7 1 7	000  	7 1 6	  06LiDuSoWa.2898
4007.227679	1000	030  	   3 2 2	000  	4 3 1	  06LiDuSoWa.2899
4008.096465	1000	110  	   4 0 4	000  	5 0 5	  06LiDuSoWa.2900
4009.381645	1000	110  	   7 2 6	000  	6 4 3	  06LiDuSoWa.2901
4009.381645	1000	001  	   9 3 7	000  	8 1 8	  06LiDuSoWa.2902
4009.716115	1000	110  	   1 1 0	000  	2 2 1	  06LiDuSoWa.2903
4010.420700	1000	110  	   5 3 2	000  	6 3 3	  06LiDuSoWa.2904
4010.524262	1000	110  	   6 2 5	000  	6 3 4	  06LiDuSoWa.2905
4011.920516	1000	110  	   5 3 3	000  	6 3 4	  06LiDuSoWa.2906
4012.023772	1000	030  	   7 1 6	000  	8 1 7	  06LiDuSoWa.2907
4012.354199	1000	030  	   7 0 7	000  	8 1 8	  06LiDuSoWa.2908
4012.412351	1000	110  	   4 2 2	000  	5 2 3	  06LiDuSoWa.2909
4012.462603	1000	030  	   9 1 9	000  	9 2 8	  06LiDuSoWa.2910
4012.998683	1000	030  	   7 0 7	000  	8 0 8	  06LiDuSoWa.2911
4013.087999	1000	110  	   4 1 4	000  	5 1 5	  06LiDuSoWa.2912
4013.452886	1000	110  	   4 0 4	000  	4 2 3	  06LiDuSoWa.2913
4013.546461	1000	110  	   5 1 5	000  	5 2 4	  06LiDuSoWa.2914
4014.077375	1000	001  	   9 4 6	000  	8 2 7	  06LiDuSoWa.2915
4014.345927	1000	110  	   5 2 4	000  	5 3 3	  06LiDuSoWa.2916
4014.903169	1000	030  	   7 1 7	000  	8 1 8	  06LiDuSoWa.2917
4015.448407	1000	110  	   3 0 3	000  	4 1 4	  06LiDuSoWa.2918
4015.548523	1000	030  	   7 1 7	000  	8 0 8	  06LiDuSoWa.2919
4016.159590	1000	001  	   12 4 8	000  	11 2 9	  06LiDuSoWa.2920
4016.429505	1000	001  	   7 5 3	000  	6 3 4	  06LiDuSoWa.2921
4016.845720	1000	110  	   4 1 4	000  	5 0 5	  06LiDuSoWa.2922
4016.919162	1000	110  	   4 2 3	000  	4 3 2	  06LiDuSoWa.2923
4017.274356	1000	001  	   10 2 8	000  	9 0 9	  06LiDuSoWa.2924
4017.348122	1000	030  	   8 2 7	000  	9 2 8	  06LiDuSoWa.2925
4017.715446	1000	030  	   7 2 5	000  	8 2 6	  06LiDuSoWa.2926
4017.987636	1000	110  	   4 2 3	000  	5 2 4	  06LiDuSoWa.2927
4018.514769	1000	110  	   3 2 2	000  	3 3 1	  06LiDuSoWa.2928
4019.188194	1000	110  	   3 1 2	000  	4 1 3	  06LiDuSoWa.2929
4020.201603	1000	110  	   3 2 1	000  	3 3 0	  06LiDuSoWa.2930
4020.381686	1000	030  	   4 1 3	000  	5 2 4	  06LiDuSoWa.2931
4021.294962	1000	110  	   6 0 6	000  	6 1 5	  06LiDuSoWa.2932
-4021.467694	1000	110  	   7 6 1	000  	8 6 2	  06LiDuSoWa.2933
4021.467694	1000	110  	   3 0 3	000  	4 0 4	  06LiDuSoWa.2934
4021.650281	1000	110  	   4 2 2	000  	4 3 1	  06LiDuSoWa.2935
4022.201859	1000	110  	   4 1 4	000  	4 2 3	  06LiDuSoWa.2936
4022.611329	1000	030  	   6 1 5	000  	7 1 6	  06LiDuSoWa.2937
4022.968237	1000	030  	   2 2 1	000  	3 3 0	  06LiDuSoWa.2938
4023.071416	1000	110  	   6 5 1	000  	7 5 2	  06LiDuSoWa.2939
4023.071416	1000	110  	   6 5 2	000  	7 5 3	  06LiDuSoWa.2940
4023.335876	1000	030  	   2 2 0	000  	3 3 1	  06LiDuSoWa.2941
4024.091246	1000	030  	   8 0 8	000  	8 2 7	  06LiDuSoWa.2942
4024.124238	1000	110  	   5 2 4	000  	6 1 5	  06LiDuSoWa.2943
4024.271443	1000	110  	   5 2 3	000  	5 3 2	  06LiDuSoWa.2944
4024.669666	1000	030  	   6 0 6	000  	7 1 7	  06LiDuSoWa.2945
4024.846657	1000	110  	   6 1 6	000  	6 1 5	  06LiDuSoWa.2946
4025.166171	1000	110  	   5 4 1	000  	6 4 2	  06LiDuSoWa.2947
4025.235078	1000	110  	   5 4 2	000  	6 4 3	  06LiDuSoWa.2948
4025.881190	1000	030  	   6 0 6	000  	7 0 7	  06LiDuSoWa.2949
4026.540532	1000	110  	   2 0 2	000  	3 1 3	  06LiDuSoWa.2950
4027.702422	1000	110  	   3 1 3	000  	4 1 4	  06LiDuSoWa.2951
4028.043562	1000	110  	   4 3 1	000  	5 3 2	  06LiDuSoWa.2952
4028.627329	1000	110  	   4 3 2	000  	5 3 3	  06LiDuSoWa.2953
4028.751822	1000	030  	   2 1 2	000  	3 2 1	  06LiDuSoWa.2954
4028.846824	1000	030  	   6 1 6	000  	7 1 7	  06LiDuSoWa.2955
4029.238362	1000	030  	   3 1 2	000  	4 2 3	  06LiDuSoWa.2956
4029.843030	1000	030  	   7 2 6	000  	8 2 7	  06LiDuSoWa.2957
4030.056955	1000	030  	   6 1 6	000  	7 0 7	  06LiDuSoWa.2958
4030.452310	1000	110  	   3 2 1	000  	4 2 2	  06LiDuSoWa.2959
4031.984041	1000	030  	   9 3 7	000  	10 3 8	  06LiDuSoWa.2960
4032.167704	1000	030  	   6 2 4	000  	7 2 5	  06LiDuSoWa.2961
4032.437322	1000	001  	   9 8 1	000  	9 6 4	  06LiDuSoWa.2962
4033.153714	1000	110  	   8 2 6	000  	8 3 5	  06LiDuSoWa.2963
4033.604681	1000	110  	   3 2 2	000  	4 2 3	  06LiDuSoWa.2964
4033.723757	1000	110  	   3 1 3	000  	4 0 4	  06LiDuSoWa.2965
4034.598395	1000	110  	   10 1 10	000  	9 2 7	  06LiDuSoWa.2966
4034.641910	1000	030  	   5 1 4	000  	6 1 5	  06LiDuSoWa.2967
4035.034113	1000	030  	   8 3 5	000  	9 3 6	  06LiDuSoWa.2968
4035.125508	1000	030  	   7 0 7	000  	7 2 6	  06LiDuSoWa.2969
4035.259703	1000	110  	   2 1 1	000  	3 1 2	  06LiDuSoWa.2970
4035.361835	1000	110  	   2 0 2	000  	3 0 3	  06LiDuSoWa.2971
4036.206688	1000	030  	   5 0 5	000  	6 1 6	  06LiDuSoWa.2972
4036.981274	1000	110  	   4 1 3	000  	3 3 0	  06LiDuSoWa.2973
4038.263164	1000	110  	   1 0 1	000  	2 1 2	  06LiDuSoWa.2974
4038.394760	1000	030  	   5 0 5	000  	6 0 6	  06LiDuSoWa.2975
4039.288543	1000	110  	   7 1 6	000  	7 2 5	  06LiDuSoWa.2976
4039.333188	1000	110  	   6 6 0	000  	7 6 1	  06LiDuSoWa.2977
4039.333188	1000	110  	   6 6 1	000  	7 6 2	  06LiDuSoWa.2978
4039.724685	1000	030  	   2 1 1	000  	3 2 2	  06LiDuSoWa.2979
4039.998697	1000	001  	   12 3 9	000  	11 2 10	  06LiDuSoWa.2980
4040.131530	1000	110  	   5 5 1	000  	6 5 2	  06LiDuSoWa.2981
4040.131530	1000	110  	   5 5 0	000  	6 5 1	  06LiDuSoWa.2982
4040.291040	1000	110  	   7 2 5	000  	6 4 2	  06LiDuSoWa.2983
4041.196643	1000	110  	   5 1 5	000  	5 1 4	  06LiDuSoWa.2984
4042.084135	1000	110  	   4 4 0	000  	5 4 1	  06LiDuSoWa.2985
4042.096414	1000	110  	   4 4 1	000  	5 4 2	  06LiDuSoWa.2986
4042.247647	1000	110  	   2 1 2	000  	3 1 3	  06LiDuSoWa.2987
4042.738162	1000	030  	   5 1 5	000  	6 1 6	  06LiDuSoWa.2988
4042.819031	1000	030  	   6 2 5	000  	7 2 6	  06LiDuSoWa.2989
4044.326325	1000	030  	   6 0 6	000  	6 2 5	  06LiDuSoWa.2990
4044.995463	1000	110  	   3 3 0	000  	4 3 1	  06LiDuSoWa.2991
4045.165725	1000	110  	   3 3 1	000  	4 3 2	  06LiDuSoWa.2992
4045.637632	1000	110  	   4 2 3	000  	5 1 4	  06LiDuSoWa.2993
4046.742329	1000	110  	   4 0 4	000  	4 1 3	  06LiDuSoWa.2994
4046.742329	1000	030  	   10 1 10	000  	9 3 7	  06LiDuSoWa.2995
4047.037805	1000	030  	   4 0 4	000  	5 1 5	  06LiDuSoWa.2996
4047.921074	1000	110  	   2 2 0	000  	3 2 1	  06LiDuSoWa.2997
4048.031013	1000	030  	   4 1 3	000  	5 1 4	  06LiDuSoWa.2998
4048.460563	1000	030  	   1 1 1	000  	2 2 0	  06LiDuSoWa.2999
4049.276034	1000	110  	   2 2 1	000  	3 2 2	  06LiDuSoWa.3000
4049.961198	1000	110  	   1 0 1	000  	2 0 2	  06LiDuSoWa.3001
4050.465673	1000	110  	   6 3 4	000  	7 2 5	  06LiDuSoWa.3002
4050.796005	1000	030  	   4 0 4	000  	5 0 5	  06LiDuSoWa.3003
4051.071374	1000	110  	   2 1 2	000  	3 0 3	  06LiDuSoWa.3004
4051.373327	1000	030  	   5 0 5	000  	5 2 4	  06LiDuSoWa.3005
4051.684508	1000	110  	   1 1 0	000  	2 1 1	  06LiDuSoWa.3006
4051.894823	1000	030  	   1 1 0	000  	2 2 1	  06LiDuSoWa.3007
4053.540289	1000	030  	   7 1 7	000  	7 1 6	  06LiDuSoWa.3008
4054.992209	1000	110  	   3 0 3	000  	3 1 2	  06LiDuSoWa.3009
4055.493530	1000	110  	   4 1 4	000  	4 1 3	  06LiDuSoWa.3010
4056.151156	1000	030  	   4 0 4	000  	4 2 3	  06LiDuSoWa.3011
4056.287611	1000	030  	   5 2 4	000  	6 2 5	  06LiDuSoWa.3012
4056.709181	1000	110  	   1 1 1	000  	2 1 2	  06LiDuSoWa.3013
4057.495546	1000	030  	   3 0 3	000  	4 1 4	  06LiDuSoWa.3014
4057.903740	1000	030  	   5 1 5	000  	5 2 4	  06LiDuSoWa.3015
4058.431379	1000	030  	   7 3 5	000  	8 3 6	  06LiDuSoWa.3016
4058.685850	1000	030  	   6 2 5	000  	7 1 6	  06LiDuSoWa.3017
4058.883276	1000	030  	   3 0 3	000  	3 2 2	  06LiDuSoWa.3018
4060.468531	1000	110  	   2 0 2	000  	2 1 1	  06LiDuSoWa.3019
4062.531289	1000	030  	   3 1 2	000  	4 1 3	  06LiDuSoWa.3020
4063.515286	1000	030  	   3 0 3	000  	4 0 4	  06LiDuSoWa.3021
4063.711276	1000	110  	   1 0 1	000  	1 1 0	  06LiDuSoWa.3022
4064.525402	1000	030  	   4 2 2	000  	5 2 3	  06LiDuSoWa.3023
4065.126354	1000	110  	   0 0 0	000  	1 0 1	  06LiDuSoWa.3024
4065.760263	1000	030  	   4 1 4	000  	4 2 3	  06LiDuSoWa.3025
4066.124182	1000	110  	   9 4 5	000  	10 3 8	  06LiDuSoWa.3026
4066.894775	1000	110  	   3 2 2	000  	4 1 3	  06LiDuSoWa.3027
4067.247300	1000	110  	   3 1 3	000  	3 1 2	  06LiDuSoWa.3028
4068.146791	1000	030  	   2 0 2	000  	3 1 3	  06LiDuSoWa.3029
4068.408507	1000	110  	   1 1 1	000  	2 0 2	  06LiDuSoWa.3030
4069.073395	1000	030  	   6 3 3	000  	7 3 4	  06LiDuSoWa.3031
4070.156206	1000	030  	   6 1 6	000  	6 1 5	  06LiDuSoWa.3032
4070.237887	1000	030  	   4 2 3	000  	5 2 4	  06LiDuSoWa.3033
4070.622862	1000	030  	   3 1 3	000  	4 1 4	  06LiDuSoWa.3034
4072.009344	1000	030  	   3 1 3	000  	3 2 2	  06LiDuSoWa.3035
4072.533947	1000	030  	   6 3 4	000  	7 3 5	  06LiDuSoWa.3036
4073.072403	1000	110  	   6 2 5	000  	6 2 4	  06LiDuSoWa.3037
4074.466701	1000	110  	   5 3 3	000  	6 2 4	  06LiDuSoWa.3038
4076.176646	1000	110  	   2 1 2	000  	2 1 1	  06LiDuSoWa.3039
4076.643726	1000	030  	   3 1 3	000  	4 0 4	  06LiDuSoWa.3040
4077.851804	1000	110  	   5 3 3	000  	4 4 0	  06LiDuSoWa.3041
4077.881147	1000	030  	   2 1 1	000  	3 1 2	  06LiDuSoWa.3042
4077.943136	1000	030  	   5 2 4	000  	6 1 5	  06LiDuSoWa.3043
4079.023016	1000	030  	   5 0 5	000  	5 1 4	  06LiDuSoWa.3044
4079.598690	1000	030  	   1 0 1	000  	2 1 2	  06LiDuSoWa.3045
4080.271848	1000	110  	   9 3 7	000  	9 3 6	  06LiDuSoWa.3046
4081.406413	1000	030  	   3 2 1	000  	4 2 2	  06LiDuSoWa.3047
4082.158179	1000	110  	   1 1 1	000  	1 1 0	  06LiDuSoWa.3048
4082.549128	1000	110  	   6 3 3	000  	7 2 6	  06LiDuSoWa.3049
4082.645328	1000	110  	   5 2 4	000  	5 2 3	  06LiDuSoWa.3050
4083.383835	1000	030  	   6 2 4	000  	6 3 3	  06LiDuSoWa.3051
4084.620203	1000	030  	   3 2 2	000  	4 2 3	  06LiDuSoWa.3052
4084.692585	1000	030  	   2 1 2	000  	3 1 3	  06LiDuSoWa.3053
4085.453108	1000	030  	   5 3 2	000  	6 3 3	  06LiDuSoWa.3054
4085.553546	1000	030  	   5 1 5	000  	5 1 4	  06LiDuSoWa.3055
4087.070720	1000	030  	   5 3 3	000  	6 3 4	  06LiDuSoWa.3056
4087.264580	1000	030  	   8 4 4	000  	9 4 5	  06LiDuSoWa.3057
4087.433174	1000	110  	   2 2 1	000  	3 1 2	  06LiDuSoWa.3058
4087.883911	1000	110  	   1 1 0	000  	1 1 1	  06LiDuSoWa.3059
4088.822880	1000	030  	   3 1 2	000  	3 2 1	  06LiDuSoWa.3060
4088.873923	1000	030  	   8 4 5	000  	9 4 6	  06LiDuSoWa.3061
4089.442088	1000	030  	   4 0 4	000  	4 1 3	  06LiDuSoWa.3062
4089.933310	1000	030  	   7 1 6	000  	7 2 5	  06LiDuSoWa.3063
4089.933310	1000	110  	   4 2 2	000  	5 1 5	  06LiDuSoWa.3064
4090.176040	1000	110  	   8 3 6	000  	8 3 5	  06LiDuSoWa.3065
4091.297322	1000	030  	   1 0 1	000  	2 0 2	  06LiDuSoWa.3066
4091.644503	1000	030  	   4 1 3	000  	4 2 2	  06LiDuSoWa.3067
4091.845971	1000	030  	   9 2 8	000  	9 2 7	  06LiDuSoWa.3068
4092.294837	1000	030  	   0 0 0	000  	1 1 1	  06LiDuSoWa.3069
4092.734763	1000	030  	   6 1 5	000  	6 2 4	  06LiDuSoWa.3070
4093.188655	1000	110  	   3 2 2	000  	3 2 1	  06LiDuSoWa.3071
4093.327223	1000	110  	   2 1 1	000  	2 1 2	  06LiDuSoWa.3072
4093.693925	1000	110  	   4 2 2	000  	5 0 5	  06LiDuSoWa.3073
4093.865932	1000	030  	   1 1 0	000  	2 1 1	  06LiDuSoWa.3074
4094.084174	1000	110  	   5 3 2	000  	6 2 5	  06LiDuSoWa.3075
4095.118994	1000	110  	   2 2 1	000  	2 2 0	  06LiDuSoWa.3076
4095.221940	1000	110  	   3 2 1	000  	4 1 4	  06LiDuSoWa.3077
4095.725733	1000	110  	   9 4 5	000  	10 2 8	  06LiDuSoWa.3078
4095.818737	1000	110  	   2 2 0	000  	2 2 1	  06LiDuSoWa.3079
4095.859492	1000	110  	   1 0 1	000  	0 0 0	  06LiDuSoWa.3080
4096.609993	1000	110  	   3 2 1	000  	3 2 2	  06LiDuSoWa.3081
4096.932198	1000	110  	   4 3 2	000  	5 2 3	  06LiDuSoWa.3082
4097.039120	1000	030  	   3 0 3	000  	3 1 2	  06LiDuSoWa.3083
4097.887434	1000	030  	   4 2 3	000  	5 1 4	  06LiDuSoWa.3084
4098.011741	1000	030  	   2 2 0	000  	3 2 1	  06LiDuSoWa.3085
4098.839133	1000	030  	   1 1 1	000  	2 1 2	  06LiDuSoWa.3086
4099.048611	1000	110  	   4 2 2	000  	4 2 3	  06LiDuSoWa.3087
4099.048611	1000	030  	   4 1 4	000  	4 1 3	  06LiDuSoWa.3088
4099.378337	1000	030  	   2 2 1	000  	3 2 2	  06LiDuSoWa.3089
4101.302627	1000	030  	   4 3 1	000  	5 3 2	  06LiDuSoWa.3090
4101.419610	1000	110  	   3 1 2	000  	3 1 3	  06LiDuSoWa.3091
4101.680596	1000	110  	   6 3 4	000  	6 3 3	  06LiDuSoWa.3092
4101.920902	1000	030  	   4 3 2	000  	5 3 3	  06LiDuSoWa.3093
4101.920902	1000	110  	   1 1 0	000  	1 0 1	  06LiDuSoWa.3094
4102.075030	1000	030  	   2 0 2	000  	2 1 1	  06LiDuSoWa.3095
4102.753356	1000	030  	   7 4 3	000  	8 4 4	  06LiDuSoWa.3096
4103.436481	1000	030  	   7 4 4	000  	8 4 5	  06LiDuSoWa.3097
4103.842568	1000	110  	   5 2 3	000  	5 2 4	  06LiDuSoWa.3098
4104.467837	1000	110  	   5 3 3	000  	5 3 2	  06LiDuSoWa.3099
4105.959189	1000	110  	   5 3 2	000  	5 3 3	  06LiDuSoWa.3100
4105.993968	1000	110  	   6 3 3	000  	6 3 4	  06LiDuSoWa.3101
4106.116031	1000	030  	   8 2 7	000  	8 2 6	  06LiDuSoWa.3102
4106.167388	1000	110  	   4 3 2	000  	4 3 1	  06LiDuSoWa.3103
4106.335535	1000	030  	   0 0 0	000  	1 0 1	  06LiDuSoWa.3104
4106.548335	1000	110  	   4 3 1	000  	4 3 2	  06LiDuSoWa.3105
4107.244412	1000	110  	   3 3 1	000  	3 3 0	  06LiDuSoWa.3106
4107.299598	1000	110  	   3 3 0	000  	3 3 1	  06LiDuSoWa.3107
4107.616248	1000	110  	   4 3 1	000  	5 2 4	  06LiDuSoWa.3108
4108.983141	1000	110  	   9 4 6	000  	9 4 5	  06LiDuSoWa.3109
4110.166928	1000	030  	   3 1 3	000  	3 1 2	  06LiDuSoWa.3110
4110.241751	1000	110  	   3 1 2	000  	3 0 3	  06LiDuSoWa.3111
4110.537694	1000	030  	   1 1 1	000  	2 0 2	  06LiDuSoWa.3112
4110.655973	1000	110  	   8 3 5	000  	8 3 6	  06LiDuSoWa.3113
4110.709082	1000	110  	   2 0 2	000  	1 0 1	  06LiDuSoWa.3114
4111.354554	1000	110  	   6 2 4	000  	6 2 5	  06LiDuSoWa.3115
4112.004717	1000	110  	   4 1 3	000  	4 1 4	  06LiDuSoWa.3116
4112.375044	1000	110  	   2 1 2	000  	1 1 1	  06LiDuSoWa.3117
4112.409658	1000	110  	   8 4 5	000  	8 4 4	  06LiDuSoWa.3118
4112.683398	1000	110  	   2 2 0	000  	3 0 3	  06LiDuSoWa.3119
4112.838203	1000	030  	   8 0 8	000  	7 2 5	  06LiDuSoWa.3120
4112.838203	1000	110  	   6 4 2	000  	7 3 5	  06LiDuSoWa.3121
4113.029430	1000	110  	   10 4 6	000  	10 4 7	  06LiDuSoWa.3122
4113.393066	1000	110  	   4 1 3	000  	3 2 2	  06LiDuSoWa.3123
4114.057208	1000	110  	   8 4 4	000  	8 4 5	  06LiDuSoWa.3124
4114.306245	1000	110  	   1 1 1	000  	0 0 0	  06LiDuSoWa.3125
4114.903544	1000	110  	   7 4 4	000  	7 4 3	  06LiDuSoWa.3126
4115.733765	1000	030  	   4 0 4	000  	3 2 1	  06LiDuSoWa.3127
4116.615159	1000	110  	   9 3 6	000  	9 3 7	  06LiDuSoWa.3128
4116.810398	1000	110  	   6 4 3	000  	6 4 2	  06LiDuSoWa.3129
4116.969415	1000	110  	   6 4 2	000  	6 4 3	  06LiDuSoWa.3130
4116.969415	1000	030  	   3 3 1	000  	4 3 2	  06LiDuSoWa.3131
4117.495032	1000	110  	   3 3 1	000  	4 2 2	  06LiDuSoWa.3132
4117.910539	1000	030  	   3 2 2	000  	4 1 3	  06LiDuSoWa.3133
4117.910539	1000	030  	   6 4 2	000  	7 4 3	  06LiDuSoWa.3134
4118.025080	1000	110  	   4 1 3	000  	4 0 4	  06LiDuSoWa.3135
4118.156595	1000	030  	   6 4 3	000  	7 4 4	  06LiDuSoWa.3136
4118.330320	1000	110  	   5 4 2	000  	5 4 1	  06LiDuSoWa.3137
4118.361982	1000	110  	   5 4 1	000  	5 4 2	  06LiDuSoWa.3138
4118.621107	1000	030  	   2 1 2	000  	2 1 1	  06LiDuSoWa.3139
4118.775550	1000	110  	   2 1 1	000  	1 1 0	  06LiDuSoWa.3140
4119.559065	1000	110  	   4 4 1	000  	4 4 0	  06LiDuSoWa.3141
4119.559065	1000	110  	   4 4 0	000  	4 4 1	  06LiDuSoWa.3142
4121.570829	1000	110  	   7 2 5	000  	7 2 6	  06LiDuSoWa.3143
4122.390125	1000	110  	   3 3 0	000  	4 2 3	  06LiDuSoWa.3144
4123.660091	1000	030  	   7 1 7	000  	6 2 4	  06LiDuSoWa.3145
4124.287890	1000	030  	   1 1 1	000  	1 1 0	  06LiDuSoWa.3146
4125.313331	1000	110  	   3 1 3	000  	2 1 2	  06LiDuSoWa.3147
4125.359003	1000	110  	   9 5 4	000  	9 5 5	  06LiDuSoWa.3148
4125.438230	1000	110  	   10 3 7	000  	10 3 8	  06LiDuSoWa.3149
4126.416033	1000	110  	   2 1 2	000  	1 0 1	  06LiDuSoWa.3150
4127.491613	1000	110  	   8 5 4	000  	8 5 3	  06LiDuSoWa.3151
4127.549797	1000	110  	   8 5 3	000  	8 5 4	  06LiDuSoWa.3152
4127.654751	1000	110  	   5 4 2	000  	6 3 3	  06LiDuSoWa.3153
4127.862626	1000	030  	   6 3 4	000  	7 2 5	  06LiDuSoWa.3154
4128.807910	1000	030  	   6 2 5	000  	6 2 4	  06LiDuSoWa.3155
4128.973815	1000	110  	   4 0 4	000  	3 1 3	  06LiDuSoWa.3156
4129.520378	1000	110  	   7 5 3	000  	7 5 2	  06LiDuSoWa.3157
4130.065144	1000	030  	   1 1 0	000  	1 1 1	  06LiDuSoWa.3158
4131.275295	1000	110  	   6 5 2	000  	6 5 1	  06LiDuSoWa.3159
4131.275295	1000	110  	   6 5 1	000  	6 5 2	  06LiDuSoWa.3160
4131.491783	1000	110  	   5 2 3	000  	5 1 4	  06LiDuSoWa.3161
4132.340035	1000	110  	   4 2 2	000  	4 1 3	  06LiDuSoWa.3162
4132.774573	1000	110  	   5 5 0	000  	5 5 1	  06LiDuSoWa.3163
4132.774573	1000	110  	   5 5 1	000  	5 5 0	  06LiDuSoWa.3164
4132.903710	1000	030  	   5 4 1	000  	6 4 2	  06LiDuSoWa.3165
4132.977711	1000	030  	   5 4 2	000  	6 4 3	  06LiDuSoWa.3166
4133.009644	1000	110  	   6 2 4	000  	6 1 5	  06LiDuSoWa.3167
4133.881163	1000	110  	   5 1 4	000  	4 2 3	  06LiDuSoWa.3168
4134.202549	1000	110  	   8 2 6	000  	8 2 7	  06LiDuSoWa.3169
4134.767277	1000	110  	   3 2 1	000  	3 1 2	  06LiDuSoWa.3170
4135.347360	1000	110  	   3 1 2	000  	2 1 1	  06LiDuSoWa.3171
4135.948997	1000	030  	   2 1 1	000  	2 1 2	  06LiDuSoWa.3172
4136.464195	1000	030  	   5 2 4	000  	5 2 3	  06LiDuSoWa.3173
4137.012189	1000	110  	   3 1 3	000  	2 0 2	  06LiDuSoWa.3174
4137.196008	1000	030  	   1 0 1	000  	0 0 0	  06LiDuSoWa.3175
4137.436746	1000	110  	   7 2 5	000  	7 1 6	  06LiDuSoWa.3176
4137.486864	1000	110  	   7 5 2	000  	8 4 5	  06LiDuSoWa.3177
4137.536391	1000	030  	   2 2 1	000  	3 1 2	  06LiDuSoWa.3178
4137.724014	1000	110  	   4 1 4	000  	3 1 3	  06LiDuSoWa.3179
4137.795801	1000	110  	   4 0 4	000  	3 0 3	  06LiDuSoWa.3180
4138.271209	1000	030  	   2 0 2	000  	1 1 1	  06LiDuSoWa.3181
4141.084479	1000	110  	   3 2 2	000  	2 2 1	  06LiDuSoWa.3182
4141.501421	1000	030  	   4 2 3	000  	4 2 2	  06LiDuSoWa.3183
4142.045721	1000	030  	   4 2 2	000  	5 1 5	  06LiDuSoWa.3184
4142.452561	1000	110  	   3 2 1	000  	2 2 0	  06LiDuSoWa.3185
4143.821590	1000	110  	   5 0 5	000  	4 1 4	  06LiDuSoWa.3186
4144.106079	1000	030  	   1 1 0	000  	1 0 1	  06LiDuSoWa.3187
4144.204041	1000	030  	   3 2 2	000  	3 2 1	  06LiDuSoWa.3188
-4144.596312	1000	110  	   7 6 1	000  	7 6 2	  06LiDuSoWa.3189
-4144.596312	1000	110  	   7 6 2	000  	7 6 1	  06LiDuSoWa.3190
4144.762216	1000	030  	   3 1 2	000  	3 1 3	  06LiDuSoWa.3191
4145.046252	1000	110  	   8 2 6	000  	8 1 7	  06LiDuSoWa.3192
4145.219180	1000	030  	   2 2 1	000  	2 2 0	  06LiDuSoWa.3193
4145.500788	1000	110  	   2 2 1	000  	2 1 2	  06LiDuSoWa.3194
4145.810074	1000	030  	   4 2 2	000  	5 0 5	  06LiDuSoWa.3195
4145.906889	1000	030  	   2 2 0	000  	2 2 1	  06LiDuSoWa.3196
4146.178774	1000	030  	   3 2 1	000  	4 1 4	  06LiDuSoWa.3197
4146.546044	1000	110  	   4 1 4	000  	3 0 3	  06LiDuSoWa.3198
4147.007396	1000	110  	   6 6 1	000  	6 6 0	  06LiDuSoWa.3199
4147.007396	1000	110  	   6 6 0	000  	6 6 1	  06LiDuSoWa.3200
4147.390094	1000	030  	   6 2 4	000  	7 1 7	  06LiDuSoWa.3201
4147.563749	1000	030  	   3 2 1	000  	3 2 2	  06LiDuSoWa.3202
4147.647596	1000	030  	   2 1 1	000  	2 0 2	  06LiDuSoWa.3203
4147.856586	1000	030  	   4 4 0	000  	5 4 1	  06LiDuSoWa.3204
4147.870137	1000	030  	   4 4 1	000  	5 4 2	  06LiDuSoWa.3205
4148.602191	1000	030  	   6 2 4	000  	7 0 7	  06LiDuSoWa.3206
4148.764131	1000	110  	   9 2 7	000  	9 2 8	  06LiDuSoWa.3207
4149.127782	1000	110  	   3 2 2	000  	3 1 3	  06LiDuSoWa.3208
4149.581356	1000	110  	   5 1 5	000  	4 1 4	  06LiDuSoWa.3209
4149.841813	1000	110  	   5 0 5	000  	4 0 4	  06LiDuSoWa.3210
4151.160599	1000	030  	   4 2 2	000  	4 2 3	  06LiDuSoWa.3211
4151.548302	1000	110  	   4 1 3	000  	3 1 2	  06LiDuSoWa.3212
4152.193085	1000	030  	   3 2 1	000  	4 0 4	  06LiDuSoWa.3213
4152.314691	1000	030  	   2 0 2	000  	1 0 1	  06LiDuSoWa.3214
4153.583716	1000	030  	   3 1 2	000  	3 0 3	  06LiDuSoWa.3215
4153.950771	1000	030  	   2 2 0	000  	3 1 3	  06LiDuSoWa.3216
4154.022076	1000	110  	   4 2 3	000  	4 1 4	  06LiDuSoWa.3217
4154.351519	1000	110  	   6 1 5	000  	5 2 4	  06LiDuSoWa.3218
4154.515199	1000	110  	   7 1 6	000  	7 1 7	  06LiDuSoWa.3219
4154.819930	1000	030  	   2 1 2	000  	1 1 1	  06LiDuSoWa.3220
4154.913070	1000	110  	   9 3 6	000  	9 2 7	  06LiDuSoWa.3221
4155.106340	1000	030  	   3 0 3	000  	2 1 2	  06LiDuSoWa.3222
4155.408276	1000	110  	   4 2 3	000  	3 2 2	  06LiDuSoWa.3223
4155.601888	1000	110  	   5 1 5	000  	4 0 4	  06LiDuSoWa.3224
4155.724959	1000	110  	   7 1 6	000  	7 0 7	  06LiDuSoWa.3225
4156.416120	1000	030  	   4 1 3	000  	4 1 4	  06LiDuSoWa.3226
4156.433240	1000	030  	   1 1 1	000  	0 0 0	  06LiDuSoWa.3227
4157.199696	1000	110  	   2 2 1	000  	2 0 2	  06LiDuSoWa.3228
4157.338016	1000	110  	   6 0 6	000  	5 1 5	  06LiDuSoWa.3229
4157.489243	1000	030  	   5 2 3	000  	5 2 4	  06LiDuSoWa.3230
4157.489243	1000	001  	   8 8 0	000  	7 6 1	  06LiDuSoWa.3231
4157.489243	1000	001  	   8 8 1	000  	7 6 2	  06LiDuSoWa.3232
4157.729960	1000	110  	   8 3 5	000  	8 2 6	  06LiDuSoWa.3233
4157.950120	1000	110  	   3 2 2	000  	3 0 3	  06LiDuSoWa.3234
4158.631352	1000	110  	   4 2 2	000  	3 2 1	  06LiDuSoWa.3235
4160.043082	1000	110  	   4 2 3	000  	4 0 4	  06LiDuSoWa.3236
4160.166824	1000	110  	   5 2 4	000  	5 1 5	  06LiDuSoWa.3237
4160.886328	1000	110  	   6 1 6	000  	5 1 5	  06LiDuSoWa.3238
4161.096195	1000	110  	   6 0 6	000  	5 0 5	  06LiDuSoWa.3239
4161.397124	1000	030  	   2 1 1	000  	1 1 0	  06LiDuSoWa.3240
4162.435913	1000	030  	   4 1 3	000  	4 0 4	  06LiDuSoWa.3241
4162.639865	1000	110  	   7 3 4	000  	7 2 5	  06LiDuSoWa.3242
4163.925686	1000	110  	   5 2 4	000  	5 0 5	  06LiDuSoWa.3243
4164.595713	1000	110  	   10 2 8	000  	10 2 9	  06LiDuSoWa.3244
4164.645802	1000	110  	   6 1 6	000  	5 0 5	  06LiDuSoWa.3245
4166.805693	1000	030  	   3 0 3	000  	2 0 2	  06LiDuSoWa.3246
4167.048455	1000	030  	   6 2 4	000  	6 2 5	  06LiDuSoWa.3247
4167.173919	1000	110  	   5 1 4	000  	4 1 3	  06LiDuSoWa.3248
4167.480436	1000	110  	   6 2 5	000  	6 1 6	  06LiDuSoWa.3249
4168.233368	1000	030  	   3 1 3	000  	2 1 2	  06LiDuSoWa.3250
4168.471743	1000	110  	   4 3 2	000  	3 3 1	  06LiDuSoWa.3251
4168.537863	1000	110  	   6 3 3	000  	6 2 4	  06LiDuSoWa.3252
4168.627366	1000	110  	   4 3 1	000  	3 3 0	  06LiDuSoWa.3253
4168.861050	1000	030  	   2 1 2	000  	1 0 1	  06LiDuSoWa.3254
4169.279572	1000	110  	   5 2 4	000  	4 2 3	  06LiDuSoWa.3255
4169.667414	1000	110  	   6 2 5	000  	6 0 6	  06LiDuSoWa.3256
4169.915276	1000	110  	   8 1 7	000  	8 1 8	  06LiDuSoWa.3257
4170.221908	1000	030  	   4 3 2	000  	5 2 3	  06LiDuSoWa.3258
4170.561061	1000	110  	   8 1 7	000  	8 0 8	  06LiDuSoWa.3259
4170.682409	1000	030  	   5 1 4	000  	5 1 5	  06LiDuSoWa.3260
4170.949433	1000	110  	   2 2 1	000  	1 1 0	  06LiDuSoWa.3261
4171.659438	1000	110  	   7 1 7	000  	6 1 6	  06LiDuSoWa.3262
4171.764848	1000	110  	   7 0 7	000  	6 0 6	  06LiDuSoWa.3263
4173.332541	1000	030  	   8 3 6	000  	8 3 5	  06LiDuSoWa.3264
4173.847434	1000	110  	   7 1 7	000  	6 0 6	  06LiDuSoWa.3265
4173.989020	1000	110  	   2 2 0	000  	1 1 1	  06LiDuSoWa.3266
4174.169367	1000	110  	   7 1 6	000  	6 2 5	  06LiDuSoWa.3267
4174.259093	1000	110  	   5 3 2	000  	5 2 3	  06LiDuSoWa.3268
4174.441776	1000	030  	   5 1 4	000  	5 0 5	  06LiDuSoWa.3269
4175.106505	1000	110  	   5 2 3	000  	4 2 2	  06LiDuSoWa.3270
4175.809996	1000	110  	   7 2 6	000  	7 1 7	  06LiDuSoWa.3271
4177.019927	1000	110  	   7 2 6	000  	7 0 7	  06LiDuSoWa.3272
4177.207418	1000	030  	   7 3 5	000  	7 3 4	  06LiDuSoWa.3273
4178.689664	1000	030  	   3 1 2	000  	2 1 1	  06LiDuSoWa.3274
4178.879198	1000	110  	   4 3 1	000  	4 2 2	  06LiDuSoWa.3275
4179.047562	1000	030  	   3 3 1	000  	3 3 0	  06LiDuSoWa.3276
4179.097957	1000	030  	   3 3 0	000  	3 3 1	  06LiDuSoWa.3277
4179.457839	1000	030  	   4 3 2	000  	4 3 1	  06LiDuSoWa.3278
4179.617876	1000	030  	   5 3 3	000  	5 3 2	  06LiDuSoWa.3279
4179.808009	1000	030  	   4 3 1	000  	4 3 2	  06LiDuSoWa.3280
4179.932888	1000	030  	   3 1 3	000  	2 0 2	  06LiDuSoWa.3281
4179.960819	1000	030  	   7 2 5	000  	7 2 6	  06LiDuSoWa.3282
4179.960819	1000	110  	   9 5 4	000  	10 3 7	  06LiDuSoWa.3283
4180.495695	1000	030  	   4 0 4	000  	3 0 3	  06LiDuSoWa.3284
4180.877831	1000	030  	   4 3 1	000  	5 2 4	  06LiDuSoWa.3285
4180.992110	1000	030  	   5 3 2	000  	5 3 3	  06LiDuSoWa.3286
4181.281584	1000	030  	   4 1 4	000  	3 1 3	  06LiDuSoWa.3287
4181.926360	1000	110  	   8 1 8	000  	7 1 7	  06LiDuSoWa.3288
4181.955680	1000	110  	   8 0 8	000  	7 0 7	  06LiDuSoWa.3289
4181.999483	1000	110  	   6 1 5	000  	5 1 4	  06LiDuSoWa.3290
4182.645198	1000	110  	   6 2 5	000  	5 2 4	  06LiDuSoWa.3291
4182.972876	1000	110  	   5 3 3	000  	4 3 2	  06LiDuSoWa.3292
4183.057599	1000	030  	   6 3 3	000  	6 3 4	  06LiDuSoWa.3293
4183.057599	1000	110  	   3 2 2	000  	2 1 1	  06LiDuSoWa.3294
4183.136632	1000	110  	   8 1 8	000  	7 0 7	  06LiDuSoWa.3295
4183.497331	1000	110  	   5 3 2	000  	4 3 1	  06LiDuSoWa.3296
4183.564176	1000	110  	   4 3 2	000  	4 2 3	  06LiDuSoWa.3297
4183.653207	1000	110  	   3 3 1	000  	3 2 2	  06LiDuSoWa.3298
4184.040231	1000	110  	   5 3 3	000  	5 2 4	  06LiDuSoWa.3299
4184.452609	1000	030  	   4 2 2	000  	4 1 3	  06LiDuSoWa.3300
4184.673587	1000	110  	   9 1 8	000  	9 1 9	  06LiDuSoWa.3301
4185.010392	1000	110  	   9 1 8	000  	9 0 9	  06LiDuSoWa.3302
4185.138078	1000	030  	   5 2 3	000  	5 1 4	  06LiDuSoWa.3303
4185.345285	1000	110  	   6 3 4	000  	6 2 5	  06LiDuSoWa.3304
4185.588409	1000	110  	   8 2 7	000  	8 0 8	  06LiDuSoWa.3305
4185.721074	1000	030  	   3 2 1	000  	3 1 2	  06LiDuSoWa.3306
4186.628610	1000	030  	   7 3 4	000  	7 3 5	  06LiDuSoWa.3307
4187.405436	1000	030  	   5 0 5	000  	4 1 4	  06LiDuSoWa.3308
4187.696166	1000	110  	   7 3 5	000  	7 2 6	  06LiDuSoWa.3309
4187.878802	1000	030  	   2 2 0	000  	2 1 1	  06LiDuSoWa.3310
4188.703010	1000	030  	   6 2 4	000  	6 1 5	  06LiDuSoWa.3311
4189.328615	1000	030  	   6 1 5	000  	6 0 6	  06LiDuSoWa.3312
4190.103551	1000	030  	   4 1 4	000  	3 0 3	  06LiDuSoWa.3313
4191.058034	1000	110  	   9 0 9	000  	8 1 8	  06LiDuSoWa.3314
4191.224121	1000	110  	   8 3 6	000  	8 2 7	  06LiDuSoWa.3315
4191.528128	1000	110  	   6 2 4	000  	5 2 3	  06LiDuSoWa.3316
4191.706644	1000	110  	   9 0 9	000  	8 0 8	  06LiDuSoWa.3317
4191.706644	1000	110  	   9 1 9	000  	8 1 8	  06LiDuSoWa.3318
4192.098771	1000	030  	   3 2 2	000  	2 2 1	  06LiDuSoWa.3319
4192.355755	1000	110  	   9 1 9	000  	8 0 8	  06LiDuSoWa.3320
4192.459034	1000	030  	   8 3 5	000  	8 3 6	  06LiDuSoWa.3321
4192.688358	1000	110  	   8 1 7	000  	7 2 6	  06LiDuSoWa.3322
4192.834276	1000	110  	   3 2 1	000  	2 1 2	  06LiDuSoWa.3323
4193.425694	1000	030  	   5 0 5	000  	4 0 4	  06LiDuSoWa.3324
4193.566151	1000	110  	   4 2 3	000  	3 1 2	  06LiDuSoWa.3325
4193.937067	1000	030  	   5 1 5	000  	4 1 4	  06LiDuSoWa.3326
4194.637337	1000	110  	   9 2 8	000  	9 1 9	  06LiDuSoWa.3327
4194.974049	1000	110  	   9 2 8	000  	9 0 9	  06LiDuSoWa.3328
4195.464605	1000	110  	   7 2 6	000  	6 2 5	  06LiDuSoWa.3329
4195.602955	1000	030  	   2 2 1	000  	2 1 2	  06LiDuSoWa.3330
4195.822933	1000	110  	   7 1 6	000  	6 1 5	  06LiDuSoWa.3331
4195.822933	1000	110  	   5 4 1	000  	4 4 0	  06LiDuSoWa.3332
4195.958664	1000	030  	   4 1 3	000  	3 1 2	  06LiDuSoWa.3333
4196.061502	1000	030  	   8 2 6	000  	8 2 7	  06LiDuSoWa.3334
4197.218860	1000	110  	   6 3 4	000  	5 3 3	  06LiDuSoWa.3335
4198.393103	1000	110  	   10 1 9	000  	10 1 10	  06LiDuSoWa.3336
4198.538604	1000	110  	   6 3 3	000  	5 3 2	  06LiDuSoWa.3337
4199.957960	1000	030  	   5 1 5	000  	4 0 4	  06LiDuSoWa.3338
4200.143394	1000	030  	   3 2 2	000  	3 1 3	  06LiDuSoWa.3339
4201.021272	1000	110  	   10 0 10	000  	9 0 9	  06LiDuSoWa.3340
4201.116789	1000	110  	   9 4 5	000  	9 3 6	  06LiDuSoWa.3341
4201.276595	1000	030  	   9 3 6	000  	9 3 7	  06LiDuSoWa.3342
4201.376668	1000	110  	   10 1 10	000  	9 0 9	  06LiDuSoWa.3343
4201.955955	1000	110  	   10 3 8	000  	10 2 9	  06LiDuSoWa.3344
4202.021579	1000	030  	   6 0 6	000  	5 1 5	  06LiDuSoWa.3345
4202.067605	1000	110  	   8 3 6	000  	8 1 7	  06LiDuSoWa.3346
4202.941759	1000	110  	   9 3 7	000  	9 1 8	  06LiDuSoWa.3347
4203.562625	1000	110  	   7 3 5	000  	7 1 6	  06LiDuSoWa.3348
4204.533299	1000	110  	   3 2 1	000  	2 0 2	  06LiDuSoWa.3349
4205.779770	1000	030  	   6 0 6	000  	5 0 5	  06LiDuSoWa.3350
4206.197043	1000	030  	   6 1 6	000  	5 1 5	  06LiDuSoWa.3351
4206.271544	1000	030  	   4 2 3	000  	4 1 4	  06LiDuSoWa.3352
4206.906030	1000	030  	   8 2 6	000  	8 1 7	  06LiDuSoWa.3353
4206.999892	1000	110  	   6 3 4	000  	6 1 5	  06LiDuSoWa.3354
4207.301093	1000	030  	   2 2 1	000  	2 0 2	  06LiDuSoWa.3355
4207.558795	1000	110  	   7 2 5	000  	6 2 4	  06LiDuSoWa.3356
4207.658168	1000	030  	   4 2 3	000  	3 2 2	  06LiDuSoWa.3357
4207.714676	1000	110  	   8 2 7	000  	7 2 6	  06LiDuSoWa.3358
4208.553112	1000	110  	   8 1 7	000  	7 1 6	  06LiDuSoWa.3359
4208.818177	1000	110  	   8 4 4	000  	8 3 5	  06LiDuSoWa.3360
4208.965388	1000	030  	   3 2 2	000  	3 0 3	  06LiDuSoWa.3361
4209.429794	1000	110  	   9 1 8	000  	8 2 7	  06LiDuSoWa.3362
4209.903000	1000	110  	   11 0 11	000  	10 0 10	  06LiDuSoWa.3363
4209.923294	1000	110  	   11 1 11	000  	10 1 10	  06LiDuSoWa.3364
4210.010188	1000	110  	   6 4 3	000  	5 4 2	  06LiDuSoWa.3365
4210.063970	1000	110  	   6 4 2	000  	5 4 1	  06LiDuSoWa.3366
4210.294729	1000	110  	   6 2 5	000  	5 1 4	  06LiDuSoWa.3367
4210.743834	1000	030  	   4 2 2	000  	3 2 1	  06LiDuSoWa.3368
4211.138428	1000	110  	   7 3 5	000  	6 3 4	  06LiDuSoWa.3369
4211.689106	1000	110  	   5 3 3	000  	5 1 4	  06LiDuSoWa.3370
4213.087851	1000	030  	   5 1 4	000  	4 1 3	  06LiDuSoWa.3371
4213.854828	1000	110  	   7 3 4	000  	6 3 3	  06LiDuSoWa.3372
4213.985693	1000	030  	   5 2 4	000  	5 1 5	  06LiDuSoWa.3373
4214.571058	1000	110  	   4 2 2	000  	3 1 3	  06LiDuSoWa.3374
4214.941228	1000	110  	   7 4 3	000  	7 3 4	  06LiDuSoWa.3375
4215.522028	1000	030  	   7 0 7	000  	6 1 6	  06LiDuSoWa.3376
4217.709487	1000	030  	   7 0 7	000  	6 0 6	  06LiDuSoWa.3377
4218.070737	1000	030  	   7 1 7	000  	6 1 6	  06LiDuSoWa.3378
4218.363771	1000	110  	   12 0 12	000  	11 0 11	  06LiDuSoWa.3379
4218.379679	1000	110  	   12 1 12	000  	11 1 11	  06LiDuSoWa.3380
4218.520931	1000	110  	   8 4 5	000  	8 3 6	  06LiDuSoWa.3381
4219.393670	1000	110  	   9 2 8	000  	8 2 7	  06LiDuSoWa.3382
4220.271146	1000	110  	   9 1 8	000  	8 1 7	  06LiDuSoWa.3383
4221.051447	1000	030  	   2 2 1	000  	1 1 0	  06LiDuSoWa.3384
4221.535208	1000	110  	   6 4 3	000  	6 3 4	  06LiDuSoWa.3385
4221.811734	1000	110  	   3 3 1	000  	3 1 2	  06LiDuSoWa.3386
4221.892355	1000	030  	   9 2 7	000  	9 1 8	  06LiDuSoWa.3387
4222.437614	1000	110  	   5 4 1	000  	5 3 2	  06LiDuSoWa.3388
4222.953842	1000	110  	   8 2 6	000  	7 2 5	  06LiDuSoWa.3389
4223.098948	1000	030  	   5 2 4	000  	4 2 3	  06LiDuSoWa.3390
4223.192941	1000	110  	   5 4 2	000  	5 3 3	  06LiDuSoWa.3391
4223.215135	1000	030  	   6 2 5	000  	6 1 6	  06LiDuSoWa.3392
4223.392607	1000	110  	   4 2 2	000  	3 0 3	  06LiDuSoWa.3393
4223.579921	1000	110  	   8 2 7	000  	7 1 6	  06LiDuSoWa.3394
4223.919433	1000	110  	   6 5 2	000  	5 5 1	  06LiDuSoWa.3395
4223.919433	1000	110  	   6 5 1	000  	5 5 0	  06LiDuSoWa.3396
4224.020713	1000	110  	   7 4 4	000  	6 4 3	  06LiDuSoWa.3397
4224.077025	1000	030  	   2 2 0	000  	1 1 1	  06LiDuSoWa.3398
4224.202309	1000	110  	   7 4 3	000  	6 4 2	  06LiDuSoWa.3399
4224.483308	1000	110  	   4 4 0	000  	4 3 1	  06LiDuSoWa.3400
4224.599203	1000	030  	   8 1 7	000  	8 0 8	  06LiDuSoWa.3401
4224.646287	1000	110  	   8 3 6	000  	7 3 5	  06LiDuSoWa.3402
4225.332404	1000	030  	   4 4 1	000  	4 4 0	  06LiDuSoWa.3403
4225.332404	1000	030  	   4 4 0	000  	4 4 1	  06LiDuSoWa.3404
4225.403103	1000	030  	   6 2 5	000  	6 0 6	  06LiDuSoWa.3405
4226.072889	1000	030  	   5 4 2	000  	5 4 1	  06LiDuSoWa.3406
4226.100175	1000	030  	   5 4 1	000  	5 4 2	  06LiDuSoWa.3407
4226.406434	1000	110  	   13 1 13	000  	12 1 12	  06LiDuSoWa.3408
4226.406434	1000	110  	   13 0 13	000  	12 0 12	  06LiDuSoWa.3409
4226.889284	1000	030  	   6 4 3	000  	6 4 2	  06LiDuSoWa.3410
4227.026421	1000	030  	   6 4 2	000  	6 4 3	  06LiDuSoWa.3411
4227.677721	1000	030  	   7 4 4	000  	7 4 3	  06LiDuSoWa.3412
4228.169060	1000	030  	   7 4 3	000  	7 4 4	  06LiDuSoWa.3413
4228.234174	1000	030  	   8 4 5	000  	8 4 4	  06LiDuSoWa.3414
4228.752077	1000	030  	   5 2 3	000  	4 2 2	  06LiDuSoWa.3415
4229.275026	1000	030  	   8 0 8	000  	7 0 7	  06LiDuSoWa.3416
4229.430555	1000	110  	   8 3 5	000  	7 3 4	  06LiDuSoWa.3417
4229.495972	1000	110  	   3 3 1	000  	2 2 0	  06LiDuSoWa.3418
4229.570373	1000	030  	   8 1 8	000  	7 1 7	  06LiDuSoWa.3419
4229.666255	1000	030  	   8 4 4	000  	8 4 5	  06LiDuSoWa.3420
4229.871461	1000	110  	   3 3 0	000  	2 2 1	  06LiDuSoWa.3421
4229.956028	1000	030  	   6 1 5	000  	5 1 4	  06LiDuSoWa.3422
4230.519303	1000	110  	   10 2 9	000  	9 2 8	  06LiDuSoWa.3423
4231.202203	1000	110  	   10 1 9	000  	9 1 8	  06LiDuSoWa.3424
4233.819750	1000	030  	   7 2 6	000  	7 1 7	  06LiDuSoWa.3425
4234.038400	1000	110  	   14 0 14	000  	13 0 13	  06LiDuSoWa.3426
4234.071187	1000	030  	   3 2 2	000  	2 1 1	  06LiDuSoWa.3427
4235.031246	1000	030  	   7 2 6	000  	7 0 7	  06LiDuSoWa.3428
4237.534169	1000	110  	   9 2 7	000  	8 2 6	  06LiDuSoWa.3429
4237.694430	1000	110  	   9 3 7	000  	8 3 6	  06LiDuSoWa.3430
4237.728587	1000	110  	   7 5 3	000  	6 5 2	  06LiDuSoWa.3431
4237.728587	1000	110  	   7 5 2	000  	6 5 1	  06LiDuSoWa.3432
4237.826200	1000	110  	   8 4 5	000  	7 4 4	  06LiDuSoWa.3433
4238.297447	1000	110  	   8 4 4	000  	7 4 3	  06LiDuSoWa.3434
4238.380958	1000	030  	   6 2 5	000  	5 2 4	  06LiDuSoWa.3435
4239.531943	1000	030  	   8 3 5	000  	8 2 6	  06LiDuSoWa.3436
4239.572254	1000	030  	   9 3 6	000  	9 2 7	  06LiDuSoWa.3437
4239.881322	1000	110  	   5 2 3	000  	4 1 4	  06LiDuSoWa.3438
4240.481976	1000	030  	   9 0 9	000  	8 0 8	  06LiDuSoWa.3439
4240.705659	1000	030  	   9 1 9	000  	8 1 8	  06LiDuSoWa.3440
4241.757504	1000	030  	   4 3 2	000  	3 3 1	  06LiDuSoWa.3441
4241.886988	1000	030  	   4 3 1	000  	3 3 0	  06LiDuSoWa.3442
4241.958061	1000	030  	   7 3 4	000  	7 2 5	  06LiDuSoWa.3443
4243.104122	1000	030  	   9 1 8	000  	9 0 9	  06LiDuSoWa.3444
4243.148232	1000	110  	   4 3 2	000  	3 2 1	  06LiDuSoWa.3445
4243.650179	1000	110  	   4 3 1	000  	4 1 4	  06LiDuSoWa.3446
4243.787611	1000	030  	   3 2 1	000  	2 1 2	  06LiDuSoWa.3447
4245.037891	1000	110  	   4 3 1	000  	3 2 2	  06LiDuSoWa.3448
4245.064719	1000	110  	   9 3 6	000  	8 3 5	  06LiDuSoWa.3449
4245.604223	1000	030  	   6 3 3	000  	6 2 4	  06LiDuSoWa.3450
4245.816279	1000	030  	   4 2 3	000  	3 1 2	  06LiDuSoWa.3451
4245.897154	1000	110  	   5 2 3	000  	4 0 4	  06LiDuSoWa.3452
4246.238576	1000	030  	   8 2 7	000  	8 0 8	  06LiDuSoWa.3453
4246.466585	1000	030  	   7 1 6	000  	6 1 5	  06LiDuSoWa.3454
4246.723071	1000	030  	   8 1 7	000  	7 2 6	  06LiDuSoWa.3455
4247.221962	1000	030  	   6 2 4	000  	5 2 3	  06LiDuSoWa.3456
4249.292153	1000	030  	   5 3 2	000  	5 2 3	  06LiDuSoWa.3457
4250.218887	1000	110  	   10 3 8	000  	9 3 7	  06LiDuSoWa.3458
4251.155473	1000	110  	   10 2 8	000  	9 2 7	  06LiDuSoWa.3459
4251.325350	1000	030  	   10 0 10	000  	9 0 9	  06LiDuSoWa.3460
4251.347172	1000	110  	   8 5 3	000  	7 5 2	  06LiDuSoWa.3461
4251.383096	1000	110  	   9 4 6	000  	8 4 5	  06LiDuSoWa.3462
4251.482320	1000	030  	   10 1 10	000  	9 1 9	  06LiDuSoWa.3463
4251.780789	1000	110  	   5 3 2	000  	5 1 5	  06LiDuSoWa.3464
4252.140641	1000	030  	   4 3 1	000  	4 2 2	  06LiDuSoWa.3465
4252.430689	1000	110  	   9 4 5	000  	8 4 4	  06LiDuSoWa.3466
4253.474733	1000	030  	   7 2 6	000  	6 2 5	  06LiDuSoWa.3467
4253.774614	1000	030  	   3 3 0	000  	3 2 1	  06LiDuSoWa.3468
4255.303289	1000	110  	   5 3 3	000  	4 2 2	  06LiDuSoWa.3469
4255.457217	1000	030  	   3 3 1	000  	3 2 2	  06LiDuSoWa.3470
4255.487096	1000	030  	   3 2 1	000  	2 0 2	  06LiDuSoWa.3471
4256.254729	1000	110  	   9 5 5	000  	9 4 6	  06LiDuSoWa.3472
4256.391101	1000	030  	   5 2 4	000  	4 1 3	  06LiDuSoWa.3473
4256.853638	1000	030  	   4 3 2	000  	4 2 3	  06LiDuSoWa.3474
4258.123169	1000	030  	   5 3 3	000  	4 3 2	  06LiDuSoWa.3475
4258.290398	1000	030  	   9 2 8	000  	9 1 9	  06LiDuSoWa.3476
4258.441077	1000	110  	   8 5 3	000  	8 4 4	  06LiDuSoWa.3477
4258.530791	1000	030  	   5 3 2	000  	4 3 1	  06LiDuSoWa.3478
4258.624849	1000	030  	   9 2 8	000  	9 0 9	  06LiDuSoWa.3479
4259.189971	1000	030  	   5 3 3	000  	5 2 4	  06LiDuSoWa.3480
4259.288478	1000	110  	   8 5 4	000  	8 4 5	  06LiDuSoWa.3481
4260.435343	1000	110  	   10 3 7	000  	9 3 6	  06LiDuSoWa.3482
4260.893596	1000	110  	   5 3 2	000  	4 2 3	  06LiDuSoWa.3483
4261.204235	1000	030  	   10 1 9	000  	10 0 10	  06LiDuSoWa.3484
4261.730545	1000	110  	   7 5 2	000  	7 4 3	  06LiDuSoWa.3485
4261.793682	1000	030  	   11 0 11	000  	10 0 10	  06LiDuSoWa.3486
-4261.900781	1000	030  	   11 1 11	000  	10 1 10	  06LiDuSoWa.3487
4262.024965	1000	110  	   7 5 3	000  	7 4 4	  06LiDuSoWa.3488
4262.589505	1000	030  	   8 1 7	000  	7 1 6	  06LiDuSoWa.3489
4262.743044	1000	030  	   6 3 4	000  	6 2 5	  06LiDuSoWa.3490
4262.946290	1000	110  	   6 3 3	000  	6 1 6	  06LiDuSoWa.3491
4263.719179	1000	110  	   11 2 9	000  	10 2 8	  06LiDuSoWa.3492
4264.390412	1000	110  	   6 5 2	000  	6 4 3	  06LiDuSoWa.3493
4264.643241	1000	110  	   10 4 7	000  	9 4 6	  06LiDuSoWa.3494
4264.727235	1000	110  	   9 5 5	000  	8 5 4	  06LiDuSoWa.3495
4264.785087	1000	110  	   9 5 4	000  	8 5 3	  06LiDuSoWa.3496
4265.519274	1000	110  	   6 3 4	000  	5 2 3	  06LiDuSoWa.3497
4265.595570	1000	110  	   8 4 5	000  	8 2 6	  06LiDuSoWa.3498
4265.949537	1000	030  	   7 2 5	000  	6 2 4	  06LiDuSoWa.3499
4266.030435	1000	030  	   6 2 5	000  	5 1 4	  06LiDuSoWa.3500
4266.344488	1000	110  	   5 5 0	000  	5 4 1	  06LiDuSoWa.3501
4266.358059	1000	110  	   5 5 1	000  	5 4 2	  06LiDuSoWa.3502
4266.685895	1000	110  	   10 4 6	000  	9 4 5	  06LiDuSoWa.3503
4266.685895	1000	030  	   4 2 2	000  	3 1 3	  06LiDuSoWa.3504
4267.750161	1000	030  	   7 3 5	000  	7 2 6	  06LiDuSoWa.3505
4268.364484	1000	030  	   8 2 7	000  	7 2 6	  06LiDuSoWa.3506
4269.050878	1000	110  	   6 2 4	000  	5 1 5	  06LiDuSoWa.3507
4271.893122	1000	030  	   12 0 12	000  	11 0 11	  06LiDuSoWa.3508
4271.963221	1000	030  	   12 1 12	000  	11 1 11	  06LiDuSoWa.3509
4273.683206	1000	110  	   7 3 5	000  	6 2 4	  06LiDuSoWa.3510
4274.379946	1000	030  	   8 3 6	000  	8 2 7	  06LiDuSoWa.3511
4274.617085	1000	030  	   6 3 4	000  	5 3 3	  06LiDuSoWa.3512
4275.606608	1000	030  	   6 3 3	000  	5 3 2	  06LiDuSoWa.3513
4278.111047	1000	110  	   6 3 3	000  	5 2 4	  06LiDuSoWa.3514
4278.364729	1000	030  	   9 1 8	000  	8 1 7	  06LiDuSoWa.3515
4279.975655	1000	110  	   8 3 6	000  	7 2 5	  06LiDuSoWa.3516
4283.043698	1000	030  	   9 2 8	000  	8 2 7	  06LiDuSoWa.3517
4283.193006	1000	110  	   4 3 1	000  	3 1 2	  06LiDuSoWa.3518
4284.814785	1000	030  	   8 2 6	000  	7 2 5	  06LiDuSoWa.3519
4286.757567	1000	110  	   4 4 1	000  	3 3 0	  06LiDuSoWa.3520
4286.787228	1000	110  	   4 4 0	000  	3 3 1	  06LiDuSoWa.3521
4291.193617	1000	030  	   7 3 5	000  	6 3 4	  06LiDuSoWa.3522
4293.173718	1000	030  	   7 3 4	000  	6 3 3	  06LiDuSoWa.3523
4293.523141	1000	030  	   5 2 3	000  	4 1 4	  06LiDuSoWa.3524
4293.841808	1000	030  	   10 1 9	000  	9 1 8	  06LiDuSoWa.3525
4294.185470	1000	110  	   5 3 2	000  	4 1 3	  06LiDuSoWa.3526
4297.517911	1000	110  	   7 3 4	000  	6 2 5	  06LiDuSoWa.3527
4297.517911	1000	030  	   10 2 9	000  	9 2 8	  06LiDuSoWa.3528
4299.084816	1000	110  	   4 3 2	000  	3 1 3	  06LiDuSoWa.3529
4299.543028	1000	030  	   5 2 3	000  	4 0 4	  06LiDuSoWa.3530
4300.731344	1000	110  	   5 4 2	000  	4 3 1	  06LiDuSoWa.3531
4300.943255	1000	110  	   5 4 1	000  	4 3 2	  06LiDuSoWa.3532
4301.298693	1000	030  	   3 3 1	000  	2 2 0	  06LiDuSoWa.3533
4301.670233	1000	030  	   3 3 0	000  	2 2 1	  06LiDuSoWa.3534
4301.966617	1000	110  	   7 2 5	000  	6 1 6	  06LiDuSoWa.3535
4303.555438	1000	030  	   5 4 1	000  	4 4 0	  06LiDuSoWa.3536
4303.555438	1000	030  	   5 4 2	000  	4 4 1	  06LiDuSoWa.3537
4303.718955	1000	030  	   9 2 7	000  	8 2 6	  06LiDuSoWa.3538
4304.155085	1000	110  	   7 2 5	000  	6 0 6	  06LiDuSoWa.3539
4305.760164	1000	110  	   6 3 3	000  	5 1 4	  06LiDuSoWa.3540
4307.802621	1000	030  	   8 3 6	000  	7 3 5	  06LiDuSoWa.3541
4311.233418	1000	030  	   8 3 5	000  	7 3 4	  06LiDuSoWa.3542
4314.082797	1000	110  	   6 4 3	000  	5 3 2	  06LiDuSoWa.3543
4314.926588	1000	110  	   6 4 2	000  	5 3 3	  06LiDuSoWa.3544
4316.437620	1000	030  	   4 3 2	000  	3 2 1	  06LiDuSoWa.3545
4318.294882	1000	030  	   4 3 1	000  	3 2 2	  06LiDuSoWa.3546
4319.174209	1000	110  	   7 3 4	000  	6 1 5	  06LiDuSoWa.3547
4319.974760	1000	110  	   8 3 5	000  	7 2 6	  06LiDuSoWa.3548
4320.085315	1000	030  	   6 4 3	000  	5 4 2	  06LiDuSoWa.3549
4320.121746	1000	030  	   6 4 2	000  	5 4 1	  06LiDuSoWa.3550
4324.404200	1000	030  	   9 3 7	000  	8 3 6	  06LiDuSoWa.3551
4326.439640	1000	110  	   7 4 4	000  	6 3 3	  06LiDuSoWa.3552
4327.637368	1000	030  	   7 4 3	000  	7 3 4	  06LiDuSoWa.3553
4328.927453	1000	110  	   7 4 3	000  	6 3 4	  06LiDuSoWa.3554
4329.445879	1000	030  	   6 4 2	000  	6 3 3	  06LiDuSoWa.3555
4329.725092	1000	030  	   9 3 6	000  	8 3 5	  06LiDuSoWa.3556
4330.176741	1000	030  	   5 4 1	000  	5 3 2	  06LiDuSoWa.3557
4330.258116	1000	030  	   4 4 0	000  	4 3 1	  06LiDuSoWa.3558
4330.452576	1000	030  	   4 4 1	000  	4 3 2	  06LiDuSoWa.3559
4330.452576	1000	030  	   5 3 3	000  	4 2 2	  06LiDuSoWa.3560
4330.935164	1000	030  	   5 4 2	000  	5 3 3	  06LiDuSoWa.3561
4331.613086	1000	030  	   6 4 3	000  	6 3 4	  06LiDuSoWa.3562
4332.669344	1000	030  	   7 4 4	000  	7 3 5	  06LiDuSoWa.3563
4334.344814	1000	030  	   8 4 5	000  	8 3 6	  06LiDuSoWa.3564
4335.926697	1000	030  	   5 3 2	000  	4 2 3	  06LiDuSoWa.3565
4336.794576	1000	030  	   7 4 4	000  	6 4 3	  06LiDuSoWa.3566
4336.900719	1000	030  	   7 4 3	000  	6 4 2	  06LiDuSoWa.3567
4337.297385	1000	110  	   8 4 5	000  	7 3 4	  06LiDuSoWa.3568
4339.387846	1000	110  	   8 2 6	000  	7 0 7	  06LiDuSoWa.3569
4342.918605	1000	030  	   6 3 4	000  	5 2 3	  06LiDuSoWa.3570
4343.040243	1000	110  	   6 3 4	000  	5 1 5	  06LiDuSoWa.3571
4343.287649	1000	110  	   8 4 4	000  	7 3 5	  06LiDuSoWa.3572
4343.819270	1000	110  	   5 5 1	000  	4 4 0	  06LiDuSoWa.3573
4343.819270	1000	110  	   5 5 0	000  	4 4 1	  06LiDuSoWa.3574
4346.115584	1000	110  	   9 3 6	000  	8 2 7	  06LiDuSoWa.3575
4346.140540	1000	110  	   9 4 6	000  	8 3 5	  06LiDuSoWa.3576
4353.651748	1000	030  	   8 4 5	000  	7 4 4	  06LiDuSoWa.3577
4353.740497	1000	030  	   7 3 5	000  	6 2 4	  06LiDuSoWa.3578
4353.905536	1000	030  	   8 4 4	000  	7 4 3	  06LiDuSoWa.3579
4355.180581	1000	030  	   6 3 3	000  	5 2 4	  06LiDuSoWa.3580
4356.955917	1000	110  	   9 3 6	000  	8 1 7	  06LiDuSoWa.3581
4357.485328	1000	110  	   6 5 2	000  	5 4 1	  06LiDuSoWa.3582
4357.502078	1000	110  	   6 5 1	000  	5 4 2	  06LiDuSoWa.3583
4358.541514	1000	110  	   9 4 5	000  	8 3 6	  06LiDuSoWa.3584
4368.092592	1000	110  	   7 3 5	000  	6 1 6	  06LiDuSoWa.3585
4370.756791	1000	110  	   7 5 3	000  	6 4 2	  06LiDuSoWa.3586
4370.847400	1000	110  	   7 5 2	000  	6 4 3	  06LiDuSoWa.3587
4373.276054	1000	110  	   5 4 1	000  	4 2 2	  06LiDuSoWa.3588
4376.838490	1000	030  	   7 3 4	000  	6 2 5	  06LiDuSoWa.3589
4378.129084	1000	110  	   5 4 2	000  	4 2 3	  06LiDuSoWa.3590
4383.106863	1000	110  	   10 3 7	000  	9 1 8	  06LiDuSoWa.3591
4383.223938	1000	110  	   6 4 2	000  	5 2 3	  06LiDuSoWa.3592
4383.527639	1000	110  	   8 5 4	000  	7 4 3	  06LiDuSoWa.3593
4383.855893	1000	110  	   8 5 3	000  	7 4 4	  06LiDuSoWa.3594
4391.473247	1000	110  	   7 4 3	000  	6 2 4	  06LiDuSoWa.3595
4392.530615	1000	030  	   4 4 1	000  	3 3 0	  06LiDuSoWa.3596
4392.559565	1000	030  	   4 4 0	000  	3 3 1	  06LiDuSoWa.3597
4395.201694	1000	110  	   8 3 6	000  	7 1 7	  06LiDuSoWa.3598
4395.615154	1000	110  	   9 5 5	000  	8 4 4	  06LiDuSoWa.3599
4396.580283	1000	110  	   9 5 4	000  	8 4 5	  06LiDuSoWa.3600
4400.761526	1000	110  	   6 6 0	000  	5 5 1	  06LiDuSoWa.3601
4400.761526	1000	110  	   6 6 1	000  	5 5 0	  06LiDuSoWa.3602
4408.472597	1000	030  	   5 4 2	000  	4 3 1	  06LiDuSoWa.3603
4408.680963	1000	030  	   5 4 1	000  	4 3 2	  06LiDuSoWa.3604
4424.160823	1000	030  	   6 4 3	000  	5 3 2	  06LiDuSoWa.3605
4424.984442	1000	030  	   6 4 2	000  	5 3 3	  06LiDuSoWa.3606
4427.837668	1000	110  	   8 4 5	000  	7 2 6	  06LiDuSoWa.3607
4439.211862	1000	030  	   7 4 4	000  	6 3 3	  06LiDuSoWa.3608
4754.788506	1000	011  	   9 6 3	000  	10 7 4	  06LiDuSoWa.3609
4754.788506	1000	011  	   9 6 4	000  	10 7 3	  06LiDuSoWa.3610
4758.676001	1000	011  	   7 2 6	000  	8 4 5	  06LiDuSoWa.3611
4769.408161	1000	011  	   8 6 3	000  	9 7 2	  06LiDuSoWa.3612
4769.408161	1000	011  	   8 6 2	000  	9 7 3	  06LiDuSoWa.3613
4770.776075	1000	011  	   7 0 7	000  	8 3 6	  06LiDuSoWa.3614
4775.673403	1000	011  	   9 5 5	000  	10 6 4	  06LiDuSoWa.3615
4784.175735	1000	011  	   7 6 1	000  	8 7 2	  06LiDuSoWa.3616
4784.175735	1000	011  	   7 6 2	000  	8 7 1	  06LiDuSoWa.3617
4788.252605	1000	011  	   10 4 6	000  	11 5 7	  06LiDuSoWa.3618
4788.294331	1000	011  	   10 3 8	000  	11 4 7	  06LiDuSoWa.3619
4789.330012	1000	011  	   6 4 2	000  	6 6 1	  06LiDuSoWa.3620
4790.291869	1000	011  	   8 5 4	000  	9 6 3	  06LiDuSoWa.3621
4790.336868	1000	011  	   8 5 3	000  	9 6 4	  06LiDuSoWa.3622
4791.120261	1000	011  	   9 2 8	000  	10 3 7	  06LiDuSoWa.3623
4791.635089	1000	011  	   7 2 5	000  	8 4 4	  06LiDuSoWa.3624
4797.108486	1000	011  	   9 4 6	000  	10 5 5	  06LiDuSoWa.3625
4797.523441	1000	011  	   5 2 4	000  	6 4 3	  06LiDuSoWa.3626
4799.060543	1000	011  	   6 6 1	000  	7 7 0	  06LiDuSoWa.3627
4799.060543	1000	011  	   6 6 0	000  	7 7 1	  06LiDuSoWa.3628
4800.099170	1000	011  	   6 2 4	000  	7 4 3	  06LiDuSoWa.3629
4800.270913	1000	011  	   6 0 6	000  	7 3 5	  06LiDuSoWa.3630
4802.401569	1000	011  	   6 1 6	000  	7 3 5	  06LiDuSoWa.3631
4805.082359	1000	011  	   7 5 3	000  	8 6 2	  06LiDuSoWa.3632
4809.428737	1000	011  	   5 2 3	000  	6 4 2	  06LiDuSoWa.3633
4810.981488	1000	011  	   9 3 7	000  	10 4 6	  06LiDuSoWa.3634
4812.179443	1000	011  	   8 4 5	000  	9 5 4	  06LiDuSoWa.3635
4813.383386	1000	011  	   8 4 4	000  	9 5 5	  06LiDuSoWa.3636
4813.813913	1000	011  	   8 1 7	000  	9 3 6	  06LiDuSoWa.3637
4814.775734	1000	011  	   4 2 3	000  	5 4 2	  06LiDuSoWa.3638
4817.855957	1000	011  	   7 0 7	000  	8 2 6	  06LiDuSoWa.3639
4819.006889	1000	011  	   7 1 7	000  	8 2 6	  06LiDuSoWa.3640
4820.017587	1000	011  	   6 5 2	000  	7 6 1	  06LiDuSoWa.3641
4820.017587	1000	011  	   6 5 1	000  	7 6 2	  06LiDuSoWa.3642
4824.388107	1000	011  	   8 2 7	000  	9 3 6	  06LiDuSoWa.3643
4826.590605	1000	011  	   5 0 5	000  	6 3 4	  06LiDuSoWa.3644
4827.130489	1000	011  	   7 4 4	000  	8 5 3	  06LiDuSoWa.3645
4830.321942	1000	011  	   5 1 5	000  	6 3 4	  06LiDuSoWa.3646
4830.718735	1000	011  	   8 3 6	000  	9 4 5	  06LiDuSoWa.3647
4833.074016	1000	011  	   3 2 1	000  	4 4 0	  06LiDuSoWa.3648
-4833.074016	1000	011  	   5 5 0	000  	6 6 1	  06LiDuSoWa.3649
-4833.074016	1000	011  	   5 5 1	000  	6 6 0	  06LiDuSoWa.3650
4837.286457	1000	011  	   9 3 6	000  	10 4 7	  06LiDuSoWa.3651
4837.660430	1000	011  	   7 1 6	000  	8 3 5	  06LiDuSoWa.3652
4842.123626	1000	011  	   6 4 3	000  	7 5 2	  06LiDuSoWa.3653
4842.237903	1000	011  	   6 4 2	000  	7 5 3	  06LiDuSoWa.3654
-4842.237903	1000	011  	   8 3 5	000  	9 4 6	  06LiDuSoWa.3655
4848.403996	1000	011  	   7 3 5	000  	8 4 4	  06LiDuSoWa.3656
4849.041663	1000	200  	   13 1 12	000  	14 3 11	  06LiDuSoWa.3657
4849.590124	1000	011  	   4 0 4	000  	5 3 3	  06LiDuSoWa.3658
4850.704209	1000	011  	   14 0 14	000  	15 0 15	  06LiDuSoWa.3659
4853.440195	1000	011  	   7 2 6	000  	8 3 5	  06LiDuSoWa.3660
4855.600919	1000	011  	   6 0 6	000  	7 2 5	  06LiDuSoWa.3661
4855.673078	1000	011  	   4 1 4	000  	5 3 3	  06LiDuSoWa.3662
4856.505683	1000	011  	   6 1 5	000  	7 3 4	  06LiDuSoWa.3663
4857.221803	1000	011  	   5 4 2	000  	6 5 1	  06LiDuSoWa.3664
4857.243437	1000	011  	   5 4 1	000  	6 5 2	  06LiDuSoWa.3665
4863.881855	1000	011  	   13 2 11	000  	14 2 12	  06LiDuSoWa.3666
4864.824856	1000	011  	   6 3 4	000  	7 4 3	  06LiDuSoWa.3667
4866.852856	1000	011  	   13 1 13	000  	14 1 14	  06LiDuSoWa.3668
4867.395350	1000	011  	   13 1 12	000  	14 1 13	  06LiDuSoWa.3669
4867.668736	1000	011  	   13 2 12	000  	14 2 13	  06LiDuSoWa.3670
4867.790913	1000	011  	   6 3 3	000  	7 4 4	  06LiDuSoWa.3671
4868.080460	1000	011  	   13 2 12	000  	14 1 13	  06LiDuSoWa.3672
4869.498298	1000	011  	   3 0 3	000  	4 3 2	  06LiDuSoWa.3673
4871.557431	1000	011  	   5 1 4	000  	6 3 3	  06LiDuSoWa.3674
4872.426961	1000	011  	   4 4 1	000  	5 5 0	  06LiDuSoWa.3675
4872.426961	1000	011  	   4 4 0	000  	5 5 1	  06LiDuSoWa.3676
4874.604481	1000	011  	   11 2 9	000  	12 3 10	  06LiDuSoWa.3677
4878.425173	1000	011  	   6 2 5	000  	7 3 4	  06LiDuSoWa.3678
4878.577365	1000	011  	   3 1 3	000  	4 3 2	  06LiDuSoWa.3679
4880.573708	1000	011  	   5 3 3	000  	6 4 2	  06LiDuSoWa.3680
4880.816933	1000	011  	   10 2 8	000  	11 3 9	  06LiDuSoWa.3681
4881.140744	1000	011  	   12 3 10	000  	13 3 11	  06LiDuSoWa.3682
4881.585813	1000	011  	   5 3 2	000  	6 4 3	  06LiDuSoWa.3683
4881.910442	1000	011  	   12 1 11	000  	13 1 12	  06LiDuSoWa.3684
4882.408208	1000	011  	   12 2 11	000  	13 2 12	  06LiDuSoWa.3685
4882.710438	1000	011  	   12 0 12	000  	13 1 13	  06LiDuSoWa.3686
4882.731578	1000	011  	   12 0 12	000  	13 0 13	  06LiDuSoWa.3687
4882.766324	1000	011  	   12 1 12	000  	13 0 13	  06LiDuSoWa.3688
4884.317174	1000	011  	   4 1 3	000  	5 3 2	  06LiDuSoWa.3689
4886.251994	1000	011  	   9 2 7	000  	10 3 8	  06LiDuSoWa.3690
4887.684821	1000	011  	   6 2 5	000  	6 4 2	  06LiDuSoWa.3691
4889.139495	1000	011  	   5 0 5	000  	6 2 4	  06LiDuSoWa.3692
4889.508534	1000	011  	   11 2 9	000  	12 2 10	  06LiDuSoWa.3693
4891.660983	1000	011  	   8 2 6	000  	9 3 7	  06LiDuSoWa.3694
4892.089939	1000	011  	   11 4 7	000  	12 4 8	  06LiDuSoWa.3695
4892.866671	1000	011  	   5 1 5	000  	6 2 4	  06LiDuSoWa.3696
4894.721792	1000	011  	   11 1 10	000  	12 2 11	  06LiDuSoWa.3697
4895.481439	1000	011  	   11 3 9	000  	12 3 10	  06LiDuSoWa.3698
4896.038375	1000	011  	   4 3 2	000  	5 4 1	  06LiDuSoWa.3699
4896.099741	1000	011  	   11 1 10	000  	12 1 11	  06LiDuSoWa.3700
4896.163866	1000	011  	   3 1 2	000  	4 3 1	  06LiDuSoWa.3701
4896.293547	1000	011  	   4 3 1	000  	5 4 2	  06LiDuSoWa.3702
4896.983230	1000	011  	   11 2 10	000  	12 2 11	  06LiDuSoWa.3703
4897.743954	1000	011  	   7 2 5	000  	8 3 6	  06LiDuSoWa.3704
4898.313667	1000	011  	   11 0 11	000  	12 1 12	  06LiDuSoWa.3705
4898.357170	1000	011  	   11 0 11	000  	12 0 12	  06LiDuSoWa.3706
4898.391722	1000	011  	   11 1 11	000  	12 1 12	  06LiDuSoWa.3707
4898.434337	1000	011  	   11 1 11	000  	12 0 12	  06LiDuSoWa.3708
4899.939241	1000	011  	   5 2 4	000  	6 3 3	  06LiDuSoWa.3709
4900.832206	1000	011  	   10 3 7	000  	11 3 8	  06LiDuSoWa.3710
4902.437671	1000	011  	   10 2 8	000  	11 2 9	  06LiDuSoWa.3711
4905.088916	1000	011  	   6 2 4	000  	7 3 5	  06LiDuSoWa.3712
4906.702444	1000	011  	   7 6 2	000  	7 7 1	  06LiDuSoWa.3713
4906.702444	1000	011  	   7 6 1	000  	7 7 0	  06LiDuSoWa.3714
4906.817288	1000	011  	   6 0 6	000  	6 3 3	  06LiDuSoWa.3715
4907.470442	1000	011  	   10 1 9	000  	11 2 10	  06LiDuSoWa.3716
4908.947997	1000	011  	   10 4 6	000  	11 4 7	  06LiDuSoWa.3717
4908.947997	1000	011  	   6  1 6	000  	6 3 3	  06LiDuSoWa.3718
4909.920400	1000	011  	   10 1 9	000  	11 1 10	  06LiDuSoWa.3719
4910.387828	1000	011  	   11 3 9	000  	12 2 10	  06LiDuSoWa.3720
4911.429571	1000	011  	   10 2 9	000  	11 2 10	  06LiDuSoWa.3721
4911.429571	1000	011  	   3 3 1	000  	4 4 0	  06LiDuSoWa.3722
4911.468084	1000	011  	   3 3 0	000  	4 4 1	  06LiDuSoWa.3723
4912.335107	1000	011  	   10 4 7	000  	11 4 8	  06LiDuSoWa.3724
4913.626583	1000	011  	   10 0 10	000  	11 1 11	  06LiDuSoWa.3725
4913.712613	1000	011  	   10 0 10	000  	11 0 11	  06LiDuSoWa.3726
4913.783377	1000	011  	   10 1 10	000  	11 1 11	  06LiDuSoWa.3727
4913.870561	1000	011  	   10 1 10	000  	11 0 11	  06LiDuSoWa.3728
4915.853304	1000	011  	   9 2 7	000  	10 2 8	  06LiDuSoWa.3729
4916.728154	1000	011  	   9 3 6	000  	10 3 7	  06LiDuSoWa.3730
4917.888296	1000	011  	   4 0 4	000  	5 2 3	  06LiDuSoWa.3731
4918.073115	1000	011  	   10 5 6	000  	11 5 7	  06LiDuSoWa.3732
4918.853107	1000	011  	   4 2 3	000  	5 3 2	  06LiDuSoWa.3733
4919.141636	1000	011  	   9 1 8	000  	10 2 9	  06LiDuSoWa.3734
4919.141636	1000	011  	   5 0 5	000  	5 3 2	  06LiDuSoWa.3735
4922.869441	1000	011  	   5 1 5	000  	5 3 2	  06LiDuSoWa.3736
4923.353442	1000	011  	   9 1 8	000  	10 1 9	  06LiDuSoWa.3737
4923.833029	1000	200  	   7 3 4	000  	7 6 1	  06LiDuSoWa.3738
4923.973815	1000	011  	   4 1 4	000  	5 2 3	  06LiDuSoWa.3739
4924.577238	1000	011  	   9 3 7	000  	10 3 8	  06LiDuSoWa.3740
4924.791425	1000	011  	   11 1 11	000  	11 2 10	  06LiDuSoWa.3741
4925.213760	1000	011  	   4 2 2	000  	5 3 3	  06LiDuSoWa.3742
4925.781531	1000	011  	   9 2 8	000  	10 2 9	  06LiDuSoWa.3743
4927.126481	1000	011  	   4 0 4	000  	4 3 1	  06LiDuSoWa.3744
4927.724313	1000	011  	   9 4 6	000  	10 4 7	  06LiDuSoWa.3745
4928.610710	1000	011  	   9 0 9	000  	10 1 10	  06LiDuSoWa.3746
4928.782017	1000	011  	   9 0 9	000  	10 0 10	  06LiDuSoWa.3747
4928.922262	1000	011  	   9 1 9	000  	10 1 10	  06LiDuSoWa.3748
4929.093687	1000	011  	   9 1 9	000  	10 0 10	  06LiDuSoWa.3749
4929.538974	1000	011  	   8 1 7	000  	9 2 8	  06LiDuSoWa.3750
4929.959368	1000	011  	   8 2 6	000  	9 2 7	  06LiDuSoWa.3751
4929.991724	1000	011  	   9 2 8	000  	10 1 9	  06LiDuSoWa.3752
4931.558076	1000	011  	   10 3 8	000  	11 2 9	  06LiDuSoWa.3753
4933.208940	1000	011  	   4 1 4	000  	4 3 1	  06LiDuSoWa.3754
4933.287919	1000	011  	   8 3 5	000  	9 3 6	  06LiDuSoWa.3755
4933.699284	1000	011  	   9 5 5	000  	10 5 6	  06LiDuSoWa.3756
4936.033787	1000	011  	   3 2 2	000  	4 3 1	  06LiDuSoWa.3757
4936.482947	1000	011  	   8 1 7	000  	9 1 8	  06LiDuSoWa.3758
4938.197371	1000	011  	   3 2 1	000  	4 3 2	  06LiDuSoWa.3759
4938.708785	1000	011  	   7 1 6	000  	8 2 7	  06LiDuSoWa.3760
4939.430407	1000	011  	   8 3 6	000  	9 3 7	  06LiDuSoWa.3761
4939.970682	1000	011  	   10 0 10	000  	10 2 9	  06LiDuSoWa.3762
4940.114235	1000	011  	   8 2 7	000  	9 2 8	  06LiDuSoWa.3763
4940.652650	1000	011  	   3 1 3	000  	3 3 0	  06LiDuSoWa.3764
4941.830118	1000	011  	   3 0 3	000  	4 2 2	  06LiDuSoWa.3765
4942.201723	1000	011  	   8 4 4	000  	9 4 5	  06LiDuSoWa.3766
4943.210862	1000	011  	   8 0 8	000  	9 1 9	  06LiDuSoWa.3767
4943.272704	1000	011  	   8 4 5	000  	9 4 6	  06LiDuSoWa.3768
4943.818099	1000	011  	   8 1 8	000  	9 1 9	  06LiDuSoWa.3769
4944.154015	1000	011  	   8 1 8	000  	9 0 9	  06LiDuSoWa.3770
4944.339847	1000	011  	   10 1 10	000  	10 1 9	  06LiDuSoWa.3771
4944.818021	1000	011  	   7 2 5	000  	8 2 6	  06LiDuSoWa.3772
4947.052734	1000	011  	   6 1 5	000  	7 2 6	  06LiDuSoWa.3773
4949.280961	1000	011  	   8 5 3	000  	9 5 4	  06LiDuSoWa.3774
4949.345169	1000	011  	   8 5 4	000  	9 5 5	  06LiDuSoWa.3775
4949.550964	1000	011  	   7 1 6	000  	8 1 7	  06LiDuSoWa.3776
4949.866423	1000	011  	   5 4 2	000  	5 5 1	  06LiDuSoWa.3777
4949.887563	1000	011  	   5 4 1	000  	5 5 0	  06LiDuSoWa.3778
4950.254236	1000	011  	   7 3 4	000  	8 3 5	  06LiDuSoWa.3779
4950.330885	1000	011  	   6 4 3	000  	6 5 2	  06LiDuSoWa.3780
4950.437125	1000	011  	   6 4 2	000  	6 5 1	  06LiDuSoWa.3781
4950.905683	1000	011  	   3 1 3	000  	4 2 2	  06LiDuSoWa.3782
4950.968231	1000	011  	   7 4 4	000  	7 5 3	  06LiDuSoWa.3783
4951.742114	1000	011  	   8 4 5	000  	8 5 4	  06LiDuSoWa.3784
4952.206270	1000	011  	   2 2 1	000  	3 3 0	  06LiDuSoWa.3785
4952.638245	1000	011  	   2 2 0	000  	3 3 1	  06LiDuSoWa.3786
4952.805150	1000	011  	   8 4 4	000  	8 5 3	  06LiDuSoWa.3787
4954.180255	1000	011  	   9 3 7	000  	10 2 8	  06LiDuSoWa.3788
4954.489265	1000	011  	   7 2 6	000  	8 2 7	  06LiDuSoWa.3789
4954.511923	1000	011  	   7 3 5	000  	8 3 6	  06LiDuSoWa.3790
4954.787233	1000	011  	   9 1 9	000  	9 2 8	  06LiDuSoWa.3791
4955.222081	1000	011  	   5 1 4	000  	6 2 5	  06LiDuSoWa.3792
4955.644028	1000	011  	   8 6 2	000  	9 6 3	  06LiDuSoWa.3793
4955.644028	1000	011  	   8 6 3	000  	9 6 4	  06LiDuSoWa.3794
4957.327990	1000	011  	   7 0 7	000  	8 1 8	  06LiDuSoWa.3795
4957.973434	1000	011  	   7 0 7	000  	8 0 8	  06LiDuSoWa.3796
4958.432304	1000	011  	   7 4 3	000  	8 4 4	  06LiDuSoWa.3797
4958.484706	1000	011  	   7 1 7	000  	8 1 8	  06LiDuSoWa.3798
4958.926086	1000	011  	   7 4 4	000  	8 4 5	  06LiDuSoWa.3799
4959.130904	1000	011  	   7 1 7	000  	8 0 8	  06LiDuSoWa.3800
4960.418343	1000	011  	   6 2 4	000  	7 2 5	  06LiDuSoWa.3801
4960.694807	1000	011  	   10 1 9	000  	10 3 8	  06LiDuSoWa.3802
4961.419443	1000	011  	   9 0 9	000  	9 1 8	  06LiDuSoWa.3803
4961.725133	1000	011  	   2 0 2	000  	3 2 1	  06LiDuSoWa.3804
4962.822997	1000	011  	   4 1 3	000  	4 3 2	  06LiDuSoWa.3805
4962.916407	1000	011  	   6 1 5	000  	7 1 6	  06LiDuSoWa.3806
4963.889152	1000	011  	   4 1 3	000  	5 2 4	  06LiDuSoWa.3807
4964.650665	1000	011  	   10 2 9	000  	10 3 8	  06LiDuSoWa.3808
4964.963629	1000	011  	   7 5 2	000  	8 5 3	  06LiDuSoWa.3809
4964.982367	1000	011  	   7 5 3	000  	8 5 4	  06LiDuSoWa.3810
4965.331950	1000	011  	   7 2 6	000  	8 1 7	  06LiDuSoWa.3811
4967.096916	1000	011  	   5 1 4	000  	5 3 3	  06LiDuSoWa.3812
4967.260854	1000	011  	   6 3 3	000  	7 3 4	  06LiDuSoWa.3813
4967.405878	1000	011  	   9 1 8	000  	9 3 7	  06LiDuSoWa.3814
-4967.902956	1000	011  	   8 8 1	000  	9 8 2	  06LiDuSoWa.3815
-4967.902956	1000	011  	   8 8 0	000  	9 8 1	  06LiDuSoWa.3816
4967.964998	1000	011  	   8 0 8	000  	8 2 7	  06LiDuSoWa.3817
4968.736962	1000	011  	   10 3 8	000  	10 4 7	  06LiDuSoWa.3818
4968.968828	1000	011  	   6 2 5	000  	7 2 6	  06LiDuSoWa.3819
4969.815500	1000	011  	   6 3 4	000  	7 3 5	  06LiDuSoWa.3820
4970.492582	1000	011  	   6 1 5	000  	6 3 4	  06LiDuSoWa.3821
4970.826781	1000	011  	   6 0 6	000  	7 1 7	  06LiDuSoWa.3822
4971.144441	1000	011  	   7 6 1	000  	8 6 2	  06LiDuSoWa.3823
4971.144441	1000	011  	   7 6 2	000  	8 6 3	  06LiDuSoWa.3824
4971.235886	1000	011  	   8 1 7	000  	8 3 6	  06LiDuSoWa.3825
4971.524733	1000	011  	   9 3 7	000  	9 4 6	  06LiDuSoWa.3826
4972.036782	1000	011  	   6 0 6	000  	7 0 7	  06LiDuSoWa.3827
4972.130440	1000	011  	   7 1 6	000  	7 3 5	  06LiDuSoWa.3828
4972.955995	1000	011  	   6 1 6	000  	7 1 7	  06LiDuSoWa.3829
4973.118039	1000	011  	   8 3 6	000  	8 4 5	  06LiDuSoWa.3830
4973.518163	1000	011  	   4 3 2	000  	4 4 1	  06LiDuSoWa.3831
4973.559666	1000	011  	   3 1 2	000  	4 2 3	  06LiDuSoWa.3832
4973.768615	1000	011  	   5 3 3	000  	5 4 2	  06LiDuSoWa.3833
4973.819251	1000	011  	   7 3 5	000  	7 4 4	  06LiDuSoWa.3834
4973.922125	1000	011  	   2 1 2	000  	3 2 1	  06LiDuSoWa.3835
4974.042689	1000	011  	   9 2 8	000  	9 3 7	  06LiDuSoWa.3836
4974.167032	1000	011  	   6 1 6	000  	7 0 7	  06LiDuSoWa.3837
4974.435493	1000	011  	   6 4 2	000  	7 4 3	  06LiDuSoWa.3838
4974.630235	1000	011  	   6 4 3	000  	7 4 4	  06LiDuSoWa.3839
4974.680600	1000	011  	   5 3 2	000  	5 4 1	  06LiDuSoWa.3840
4976.701656	1000	011  	   5 2 3	000  	6 2 4	  06LiDuSoWa.3841
4976.875729	1000	011  	   5 1 4	000  	6 1 5	  06LiDuSoWa.3842
4977.728615	1000	011  	   8 3 6	000  	9 2 7	  06LiDuSoWa.3843
4978.808706	1000	011  	   8 0 8	000  	8 1 7	  06LiDuSoWa.3844
4978.901693	1000	011  	   1 0 1	000  	2 2 0	  06LiDuSoWa.3845
4979.417568	1000	011  	   8 1 8	000  	8 1 7	  06LiDuSoWa.3846
4979.734475	1000	011  	   7 3 4	000  	7 4 3	  06LiDuSoWa.3847
4980.099783	1000	011  	   7 0 7	000  	7 2 6	  06LiDuSoWa.3848
4980.597284	1000	011  	   6 5 2	000  	7 5 3	  06LiDuSoWa.3849
4980.597284	1000	011  	   6 5 1	000  	7 5 2	  06LiDuSoWa.3850
4981.810640	1000	011  	   8 2 7	000  	8 3 6	  06LiDuSoWa.3851
4983.546592	1000	011  	   5 0 5	000  	6 1 6	  06LiDuSoWa.3852
4983.603467	1000	011  	   5 2 4	000  	6 2 5	  06LiDuSoWa.3853
4984.004086	1000	011  	   5 3 2	000  	6 3 3	  06LiDuSoWa.3854
4984.546138	1000	011  	   2 1 1	000  	3 2 2	  06LiDuSoWa.3855
4984.600318	1000	011  	   8 3 5	000  	8 4 4	  06LiDuSoWa.3856
4984.833784	1000	011  	   6 2 5	000  	7 1 6	  06LiDuSoWa.3857
4985.297893	1000	011  	   5 3 3	000  	6 3 4	  06LiDuSoWa.3858
4985.733682	1000	011  	   5 0 5	000  	6 0 6	  06LiDuSoWa.3859
4986.629354	1000	011  	   6 6 0	000  	7 6 1	  06LiDuSoWa.3860
4986.629354	1000	011  	   6 6 1	000  	7 6 2	  06LiDuSoWa.3861
4987.274032	1000	011  	   5 1 5	000  	6 1 6	  06LiDuSoWa.3862
4987.910719	1000	011  	   7 2 6	000  	7 3 5	  06LiDuSoWa.3863
4989.462852	1000	011  	   5 1 5	000  	6 0 6	  06LiDuSoWa.3864
4990.274483	1000	011  	   5 4 1	000  	6 4 2	  06LiDuSoWa.3865
4990.336113	1000	011  	   5 4 2	000  	6 4 3	  06LiDuSoWa.3866
4990.481137	1000	011  	   6 0 6	000  	6 2 5	  06LiDuSoWa.3867
4990.943186	1000	011  	   9 3 6	000  	9 4 5	  06LiDuSoWa.3868
4991.537546	1000	011  	   4 1 3	000  	5 1 4	  06LiDuSoWa.3869
4992.411019	1000	011  	   6 2 5	000  	6 3 4	  06LiDuSoWa.3870
4992.612187	1000	011  	   6 1 6	000  	6 2 5	  06LiDuSoWa.3871
4992.937817	1000	200  	   8 1 8	000  	9 3 7	  06LiDuSoWa.3872
4993.513368	1000	011  	   4 2 2	000  	5 2 3	  06LiDuSoWa.3873
4993.677707	1000	011  	   1 1 1	000  	2 2 0	  06LiDuSoWa.3874
4995.409045	1000	011  	   4 0 4	000  	5 1 5	  06LiDuSoWa.3875
4995.478278	1000	011  	   5 2 4	000  	5 3 3	  06LiDuSoWa.3876
4995.965834	1000	011  	   7 0 7	000  	7 1 6	  06LiDuSoWa.3877
4996.184434	1000	011  	   5 5 1	000  	6 5 2	  06LiDuSoWa.3878
4996.184434	1000	011  	   5 5 0	000  	6 5 1	  06LiDuSoWa.3879
4997.002374	1000	011  	   1 1 0	000  	2 2 1	  06LiDuSoWa.3880
4997.122150	1000	011  	   7 1 7	000  	7 1 6	  06LiDuSoWa.3881
4997.354887	1000	011  	   4 2 3	000  	4 3 2	  06LiDuSoWa.3882
4998.337601	1000	011  	   3 2 2	000  	3 3 1	  06LiDuSoWa.3883
4998.421313	1000	011  	   4 2 3	000  	5 2 4	  06LiDuSoWa.3884
4998.712208	1000	011  	   5 0 5	000  	5 2 4	  06LiDuSoWa.3885
5000.275378	1000	011  	   3 2 1	000  	3 3 0	  06LiDuSoWa.3886
5000.368405	1000	011  	   4 3 1	000  	5 3 2	  06LiDuSoWa.3887
5000.900207	1000	011  	   4 3 2	000  	5 3 3	  06LiDuSoWa.3888
5001.494996	1000	011  	   4 1 4	000  	5 1 5	  06LiDuSoWa.3889
5002.439667	1000	011  	   5 1 5	000  	5 2 4	  06LiDuSoWa.3890
5002.752542	1000	011  	   4 2 2	000  	4 3 1	  06LiDuSoWa.3891
5004.521870	1000	011  	   4 0 4	000  	4 2 3	  06LiDuSoWa.3892
5005.254820	1000	011  	   4 1 4	000  	5 0 5	  06LiDuSoWa.3893
5005.704715	1000	011  	   9 1 8	000  	9 2 7	  06LiDuSoWa.3894
5006.600970	1000	011  	   3 0 3	000  	4 1 4	  06LiDuSoWa.3895
5006.703107	1000	011  	   5 2 3	000  	5 3 2	  06LiDuSoWa.3896
5006.851636	1000	011  	   3 1 2	000  	4 1 3	  06LiDuSoWa.3897
5007.988509	1000	011  	   3 0 3	000  	3 2 2	  06LiDuSoWa.3898
5009.619735	1000	011  	   2 0 2	000  	2 2 1	  06LiDuSoWa.3899
5010.526728	1000	011  	   3 2 1	000  	4 2 2	  06LiDuSoWa.3900
5010.608800	1000	011  	   4 1 4	000  	4 2 3	  06LiDuSoWa.3901
5011.633843	1000	011  	   6 2 4	000  	6 3 3	  06LiDuSoWa.3902
5012.136446	1000	011  	   6 0 6	000  	6 1 5	  06LiDuSoWa.3903
5012.621052	1000	011  	   3 0 3	000  	4 0 4	  06LiDuSoWa.3904
5012.989421	1000	011  	   11 2 9	000  	11 3 8	  06LiDuSoWa.3905
5013.429670	1000	011  	   3 2 2	000  	4 2 3	  06LiDuSoWa.3906
5014.265932	1000	011  	   6 1 6	000  	6 1 5	  06LiDuSoWa.3907
5015.676151	1000	011  	   3 1 3	000  	4 1 4	  06LiDuSoWa.3908
5016.390331	1000	011  	   3 3 0	000  	4 3 1	  06LiDuSoWa.3909
5016.521364	1000	011  	   7 2 5	000  	7 3 4	  06LiDuSoWa.3910
5016.552760	1000	011  	   3 3 1	000  	4 3 2	  06LiDuSoWa.3911
5017.063191	1000	011  	   3 1 3	000  	3 2 2	  06LiDuSoWa.3912
5017.660364	1000	011  	   2 0 2	000  	3 1 3	  06LiDuSoWa.3913
5018.309631	1000	011  	   8 1 7	000  	8 2 6	  06LiDuSoWa.3914
5020.110871	1000	011  	   8 2 6	000  	8 3 5	  06LiDuSoWa.3915
5021.246908	1000	011  	   9 2 7	000  	9 3 6	  06LiDuSoWa.3916
5021.696655	1000	011  	   3 1 3	000  	4 0 4	  06LiDuSoWa.3917
5021.817241	1000	011  	   2 1 2	000  	2 2 1	  06LiDuSoWa.3918
5022.702925	1000	011  	   2 1 1	000  	3 1 2	  06LiDuSoWa.3919
5025.144223	1000	011  	   6 3 4	000  	7 2 5	  06LiDuSoWa.3920
5026.360629	1000	011  	   5 0 5	000  	5 1 4	  06LiDuSoWa.3921
5026.481851	1000	011  	   2 0 2	000  	3 0 3	  06LiDuSoWa.3922
5027.314191	1000	011  	   2 2 0	000  	3 2 1	  06LiDuSoWa.3923
5027.460227	1000	011  	   7 1 6	000  	7 2 5	  06LiDuSoWa.3924
5027.460227	1000	200  	   7 1 7	000  	8 3 6	  06LiDuSoWa.3925
5028.614945	1000	011  	   2 2 1	000  	3 2 2	  06LiDuSoWa.3926
5029.286937	1000	011  	   1 0 1	000  	2 1 2	  06LiDuSoWa.3927
5029.860174	1000	011  	   2 1 2	000  	3 1 3	  06LiDuSoWa.3928
5030.089786	1000	011  	   5 1 5	000  	5 1 4	  06LiDuSoWa.3929
5033.039090	1000	011  	   6 1 5	000  	6 2 4	  06LiDuSoWa.3930
5033.143443	1000	011  	   3 1 2	000  	3 2 1	  06LiDuSoWa.3931
5033.864025	1000	011  	   11 3 9	000  	11 3 8	  06LiDuSoWa.3932
5035.152560	1000	011  	   4 1 3	000  	4 2 2	  06LiDuSoWa.3933
5035.395577	1000	011  	   5 1 4	000  	5 2 3	  06LiDuSoWa.3934
5037.814052	1000	011  	   4 0 4	000  	4 1 3	  06LiDuSoWa.3935
5038.682198	1000	011  	   2 1 2	000  	3 0 3	  06LiDuSoWa.3936
5038.770942	1000	011  	   10 5 6	000  	11 4 7	  06LiDuSoWa.3937
5038.974151	1000	011  	   1 1 0	000  	2 1 1	  06LiDuSoWa.3938
5040.985634	1000	011  	   1 0 1	000  	2 0 2	  06LiDuSoWa.3939
5042.037039	1000	011  	   0 0 0	000  	1 1 1	  06LiDuSoWa.3940
5043.240337	1000	011  	   7 2 6	000  	7 2 5	  06LiDuSoWa.3941
5043.900902	1000	011  	   4 1 4	000  	4 1 3	  06LiDuSoWa.3942
5044.058866	1000	011  	   1 1 1	000  	2 1 2	  06LiDuSoWa.3943
5044.633288	1000	011  	   5 1 4	000  	4 3 1	  06LiDuSoWa.3944
5046.144283	1000	011  	   3 0 3	000  	3 1 2	  06LiDuSoWa.3945
5046.722200	1000	011  	   3 2 2	000  	4 1 3	  06LiDuSoWa.3946
5047.844775	1000	011  	   5 3 3	000  	6 2 4	  06LiDuSoWa.3947
5048.177244	1000	011  	   10 3 8	000  	10 3 7	  06LiDuSoWa.3948
5050.915589	1000	011  	   8 4 4	000  	9 3 7	  06LiDuSoWa.3949
5051.588988	1000	011  	   2 0 2	000  	2 1 1	  06LiDuSoWa.3950
5052.160781	1000	011  	   5 3 2	000  	4 4 1	  06LiDuSoWa.3951
5053.687073	1000	011  	   7 4 4	000  	8 3 5	  06LiDuSoWa.3952
5054.957523	1000	011  	   6 2 5	000  	6 2 4	  06LiDuSoWa.3953
5055.220111	1000	011  	   3 1 3	000  	3 1 2	  06LiDuSoWa.3954
5055.758270	1000	011  	   1 1 1	000  	2 0 2	  06LiDuSoWa.3955
5056.077476	1000	011  	   0 0 0	000  	1 0 1	  06LiDuSoWa.3956
5057.803991	1000	011  	   6 3 3	000  	7 2 6	  06LiDuSoWa.3957
5059.574751	1000	011  	   9 3 7	000  	9 3 6	  06LiDuSoWa.3958
5062.904315	1000	011  	   3 1 3	000  	2 2 0	  06LiDuSoWa.3959
5063.786036	1000	011  	   2 1 2	000  	2 1 1	  06LiDuSoWa.3960
5064.105584	1000	011  	   4 0 4	000  	3 2 1	  06LiDuSoWa.3961
5064.144721	1000	011  	   9 5 4	000  	10 4 7	  06LiDuSoWa.3962
5065.057526	1000	011  	   4 2 2	000  	3 3 1	  06LiDuSoWa.3963
5066.089434	1000	011  	   7 0 7	000  	6 2 4	  06LiDuSoWa.3964
5067.036050	1000	011  	   6 3 4	000  	5 4 1	  06LiDuSoWa.3965
5067.669101	1000	011  	   5 3 2	000  	6 2 5	  06LiDuSoWa.3966
5067.879424	1000	011  	   8 3 6	000  	8 3 5	  06LiDuSoWa.3967
5069.200244	1000	011  	   4 3 2	000  	5 2 3	  06LiDuSoWa.3968
5069.507609	1000	011  	   1 1 1	000  	1 1 0	  06LiDuSoWa.3969
5069.684783	1000	011  	   4 2 3	000  	4 2 2	  06LiDuSoWa.3970
5069.974386	1000	011  	   5 0 5	000  	4 2 2	  06LiDuSoWa.3971
-5069.974386	1000	200  	   13 2 11	000  	14 2 12	  06LiDuSoWa.3972
5070.191727	1000	011  	   4 1 4	000  	3 2 1	  06LiDuSoWa.3973
5070.655578	1000	011  	   6 0 6	000  	5 2 3	  06LiDuSoWa.3974
5071.035793	1000	011  	   4 2 2	000  	5 1 5	  06LiDuSoWa.3975
5071.112662	1000	011  	   5 2 3	000  	6 1 6	  06LiDuSoWa.3976
5073.013563	1000	011  	   5 2 4	000  	4 3 1	  06LiDuSoWa.3977
5073.013563	1000	011  	   3 2 2	000  	3 2 1	  06LiDuSoWa.3978
5073.289428	1000	011  	   7 3 5	000  	7 3 4	  06LiDuSoWa.3979
5073.701828	1000	011  	   5 1 5	000  	4 2 2	  06LiDuSoWa.3980
5074.099073	1000	011  	   6 4 3	000  	7 3 4	  06LiDuSoWa.3981
5074.457286	1000	011  	   2 2 1	000  	2 2 0	  06LiDuSoWa.3982
5075.172628	1000	011  	   1 1 0	000  	1 1 1	  06LiDuSoWa.3983
5075.209741	1000	011  	   2 2 0	000  	2 2 1	  06LiDuSoWa.3984
5075.297260	1000	011  	   3 2 1	000  	4 1 4	  06LiDuSoWa.3985
5075.640192	1000	011  	   6 2 4	000  	7 1 7	  06LiDuSoWa.3986
5076.360479	1000	011  	   6 3 4	000  	6 3 3	  06LiDuSoWa.3987
5076.684109	1000	011  	   3 2 1	000  	3 2 2	  06LiDuSoWa.3988
5077.844821	1000	011  	   5 3 3	000  	5 3 2	  06LiDuSoWa.3989
5078.438465	1000	011  	   4 3 2	000  	4 3 1	  06LiDuSoWa.3990
5078.630871	1000	011  	   3 3 1	000  	3 3 0	  06LiDuSoWa.3991
5078.693718	1000	011  	   3 3 0	000  	3 3 1	  06LiDuSoWa.3992
5078.873441	1000	011  	   4 3 1	000  	4 3 2	  06LiDuSoWa.3993
5079.542545	1000	011  	   5 3 2	000  	5 3 3	  06LiDuSoWa.3994
5079.939913	1000	011  	   4 3 1	000  	5 2 4	  06LiDuSoWa.3995
5079.939913	1000	011  	   12 2 11	000  	11 3 8	  06LiDuSoWa.3996
5080.148252	1000	011  	   4 2 2	000  	4 2 3	  06LiDuSoWa.3997
5080.770170	1000	011  	   2 1 1	000  	2 1 2	  06LiDuSoWa.3998
5081.246953	1000	011  	   6 3 3	000  	6 3 4	  06LiDuSoWa.3999
5081.313582	1000	011  	   3 2 1	000  	4 0 4	  06LiDuSoWa.4000
5081.383793	1000	011  	   9 4 6	000  	9 4 5	  06LiDuSoWa.4001
5082.633350	1000	011  	   8 4 5	000  	8 4 4	  06LiDuSoWa.4002
5083.166338	1000	011  	   7 4 4	000  	7 4 3	  06LiDuSoWa.4003
5083.253726	1000	011  	   2 2 0	000  	3 1 3	  06LiDuSoWa.4004
5083.362042	1000	011  	   6 4 3	000  	6 4 2	  06LiDuSoWa.4005
5083.431554	1000	011  	   5 4 2	000  	5 4 1	  06LiDuSoWa.4006
5083.469929	1000	011  	   5 4 1	000  	5 4 2	  06LiDuSoWa.4007
5083.469929	1000	011  	   4 4 1	000  	4 4 0	  06LiDuSoWa.4008
5083.469929	1000	011  	   4 4 0	000  	4 4 1	  06LiDuSoWa.4009
5083.552117	1000	011  	   6 4 2	000  	6 4 3	  06LiDuSoWa.4010
5083.848089	1000	011  	   7 4 3	000  	7 4 4	  06LiDuSoWa.4011
5084.602325	1000	011  	   8 4 4	000  	8 4 5	  06LiDuSoWa.4012
5084.725076	1000	011  	   7 3 4	000  	7 3 5	  06LiDuSoWa.4013
5084.958498	1000	011  	   6 2 5	000  	5 3 2	  06LiDuSoWa.4014
5085.205266	1000	011  	   5 2 3	000  	4 3 2	  06LiDuSoWa.4015
5086.275087	1000	011  	   5 2 3	000  	5 2 4	  06LiDuSoWa.4016
5086.884015	1000	011  	   1 0 1	000  	0 0 0	  06LiDuSoWa.4017
5087.787760	1000	011  	   2 0 2	000  	1 1 1	  06LiDuSoWa.4018
5088.588209	1000	011  	   10 5 6	000  	10 5 5	  06LiDuSoWa.4019
5088.799842	1000	011  	   6 5 2	000  	6 5 1	  06LiDuSoWa.4020
5088.799842	1000	011  	   7 5 2	000  	7 5 3	  06LiDuSoWa.4021
5088.799842	1000	011  	   6 5 1	000  	6 5 2	  06LiDuSoWa.4022
5088.827517	1000	011  	   5 5 1	000  	5 5 0	  06LiDuSoWa.4023
5088.827517	1000	011  	   5 5 0	000  	5 5 1	  06LiDuSoWa.4024
5089.082246	1000	011  	   3 1 2	000  	3 1 3	  06LiDuSoWa.4025
5089.213667	1000	011  	   1 1 0	000  	1 0 1	  06LiDuSoWa.4026
5089.386576	1000	011  	   10 4 6	000  	10 4 7	  06LiDuSoWa.4027
5091.990492	1000	011  	   9 4 6	000  	8 5 3	  06LiDuSoWa.4028
5092.469015	1000	011  	   2 1 1	000  	2 0 2	  06LiDuSoWa.4029
5093.786426	1000	011  	   3 3 0	000  	4 2 3	  06LiDuSoWa.4030
5094.271792	1000	011  	   7 6 1	000  	7 6 2	  06LiDuSoWa.4031
5094.997377	1000	011  	   5 4 1	000  	6 3 4	  06LiDuSoWa.4032
5095.298222	1000	011  	   6 2 4	000  	6 2 5	  06LiDuSoWa.4033
5097.904373	1000	011  	   3 1 2	000  	3 0 3	  06LiDuSoWa.4034
-5099.588985	1000	011  	   7 7 0	000  	7 7 1	  06LiDuSoWa.4035
-5099.588985	1000	011  	   7 7 1	000  	7 7 0	  06LiDuSoWa.4036
5099.923309	1000	011  	   4 1 3	000  	4 1 4	  06LiDuSoWa.4037
5099.987406	1000	011  	   2 1 2	000  	1 1 1	  06LiDuSoWa.4038
5101.309261	1000	011  	   4 1 3	000  	3 2 2	  06LiDuSoWa.4039
5101.656350	1000	011  	   1 1 1	000  	0 0 0	  06LiDuSoWa.4040
5101.828421	1000	011  	   2 0 2	000  	1 0 1	  06LiDuSoWa.4041
5104.212183	1000	011  	   3 0 3	000  	2 1 2	  06LiDuSoWa.4042
5105.944522	1000	011  	   4 1 3	000  	4 0 4	  06LiDuSoWa.4043
5106.218799	1000	011  	   2 1 1	000  	1 1 0	  06LiDuSoWa.4044
-5106.463404	1000	200  	   11 2 9	000  	12 2 10	  06LiDuSoWa.4045
5107.170027	1000	011  	   6 2 4	000  	5 3 3	  06LiDuSoWa.4046
5109.835827	1000	200  	   12 1 11	000  	13 1 12	  06LiDuSoWa.4047
5110.746311	1000	200  	   13 1 13	000  	14 1 14	  06LiDuSoWa.4048
5110.746311	1000	200  	   13 0 13	000  	14 0 14	  06LiDuSoWa.4049
5112.917872	1000	011  	   5 1 4	000  	5 1 5	  06LiDuSoWa.4050
5113.287256	1000	011  	   3 1 3	000  	2 1 2	  06LiDuSoWa.4051
5113.287256	1000	200  	   4 1 3	000  	4 4 0	  06LiDuSoWa.4052
5113.440714	1000	011  	   4 2 2	000  	4 1 3	  06LiDuSoWa.4053
5113.923767	1000	011  	   5 2 3	000  	5 1 4	  06LiDuSoWa.4054
5114.028665	1000	011  	   2 1 2	000  	1 0 1	  06LiDuSoWa.4055
5114.842958	1000	011  	   3 2 1	000  	3 1 2	  06LiDuSoWa.4056
5115.910719	1000	011  	   3 0 3	000  	2 0 2	  06LiDuSoWa.4057
5116.675403	1000	011  	   5 1 4	000  	5 0 5	  06LiDuSoWa.4058
5116.953050	1000	011  	   6 2 4	000  	6 1 5	  06LiDuSoWa.4059
5117.181596	1000	011  	   2 2 0	000  	2 1 1	  06LiDuSoWa.4060
5120.046885	1000	011  	   4 0 4	000  	3 1 3	  06LiDuSoWa.4061
5120.909102	1000	011  	   3 2 2	000  	2 2 1	  06LiDuSoWa.4062
5121.157375	1000	011  	   8 2 6	000  	8 2 7	  06LiDuSoWa.4063
5122.526864	1000	011  	   3 2 1	000  	2 2 0	  06LiDuSoWa.4064
5122.929609	1000	011  	   7 2 5	000  	7 1 6	  06LiDuSoWa.4065
5123.010584	1000	011  	   3 1 2	000  	2 1 1	  06LiDuSoWa.4066
5123.913489	1000	200  	   5 1 4	000  	6 3 3	  06LiDuSoWa.4067
5124.838657	1000	011  	   2 2 1	000  	2 1 2	  06LiDuSoWa.4068
5124.987125	1000	011  	   3 1 3	000  	2 0 2	  06LiDuSoWa.4069
-5125.072604	1000	200  	   10 2 8	000  	11 2 9	  06LiDuSoWa.4070
5126.130943	1000	011  	   4 1 4	000  	3 1 3	  06LiDuSoWa.4071
5127.446970	1000	011  	   6 1 5	000  	6 1 6	  06LiDuSoWa.4072
5128.866438	1000	011  	   4 0 4	000  	3 0 3	  06LiDuSoWa.4073
5128.951997	1000	011  	   3 2 2	000  	3 1 3	  06LiDuSoWa.4074
5129.636304	1000	011  	   6 1 5	000  	6 0 6	  06LiDuSoWa.4075
5130.594600	1000	200  	   3 0 3	000  	4 3 2	  06LiDuSoWa.4076
5134.166589	1000	200  	   10 3 8	000  	11 3 9	  06LiDuSoWa.4077
5134.953039	1000	011  	   4 1 4	000  	3 0 3	  06LiDuSoWa.4078
5135.841635	1000	011  	   4 2 3	000  	3 2 2	  06LiDuSoWa.4079
5136.974513	1000	011  	   9 2 7	000  	9 2 8	  06LiDuSoWa.4080
5137.781013	1000	011  	   8 3 5	000  	8 2 6	  06LiDuSoWa.4081
5137.953832	1000	011  	   9 3 6	000  	9 2 7	  06LiDuSoWa.4082
5138.473356	1000	011  	   5 1 5	000  	4 1 4	  06LiDuSoWa.4083
5139.465958	1000	011  	   4 1 3	000  	3 1 2	  06LiDuSoWa.4084
5139.732169	1000	011  	   4 2 2	000  	3 2 1	  06LiDuSoWa.4085
5140.054558	1000	011  	   7 3 4	000  	7 2 5	  06LiDuSoWa.4086
5140.475796	1000	011  	   4 2 3	000  	4 0 4	  06LiDuSoWa.4087
5140.765348	1000	011  	   5 0 5	000  	4 0 4	  06LiDuSoWa.4088
5140.952242	1000	011  	   4 3 1	000  	3 3 0	  06LiDuSoWa.4089
5141.171805	1000	011  	   10 3 7	000  	10 2 8	  06LiDuSoWa.4090
5141.299868	1000	011  	   5 2 4	000  	5 1 5	  06LiDuSoWa.4091
5142.612298	1000	011  	   6 1 5	000  	5 2 4	  06LiDuSoWa.4092
5142.685227	1000	011  	   7 1 6	000  	7 1 7	  06LiDuSoWa.4093
5144.320083	1000	200  	   9 2 7	000  	10 2 8	  06LiDuSoWa.4094
5144.493934	1000	011  	   5 1 5	000  	4 0 4	  06LiDuSoWa.4095
5145.057122	1000	011  	   5 2 4	000  	5 0 5	  06LiDuSoWa.4096
5146.233059	1000	200  	   7 1 7	000  	7 3 4	  06LiDuSoWa.4097
5146.583373	1000	200  	   11 0 11	000  	12 0 12	  06LiDuSoWa.4098
5147.061474	1000	200  	   10 2 9	000  	11 2 10	  06LiDuSoWa.4099
5147.452227	1000	200  	   5 0 5	000  	6 2 4	  06LiDuSoWa.4100
5147.842707	1000	011  	   5 3 2	000  	5 2 3	  06LiDuSoWa.4101
5148.177410	1000	011  	   6 0 6	000  	5 1 5	  06LiDuSoWa.4102
5149.365442	1000	011  	   6 2 5	000  	6 1 6	  06LiDuSoWa.4103
5150.306623	1000	011  	   6 1 6	000  	5 1 5	  06LiDuSoWa.4104
5150.411851	1000	011  	   5 2 4	000  	4 2 3	  06LiDuSoWa.4105
5151.552501	1000	011  	   6 2 5	000  	6 0 6	  06LiDuSoWa.4106
5151.936315	1000	011  	   6 0 6	000  	5 0 5	  06LiDuSoWa.4107
5153.379155	1000	011  	   2 2 0	000  	1 1 1	  06LiDuSoWa.4108
5153.720870	1000	011  	   10 2 8	000  	10 2 9	  06LiDuSoWa.4109
5153.870020	1000	200  	   9 3 7	000  	10 3 8	  06LiDuSoWa.4110
5154.065864	1000	011  	   6 1 6	000  	5 0 5	  06LiDuSoWa.4111
5155.040083	1000	011  	   3 3 1	000  	3 2 2	  06LiDuSoWa.4112
5155.322422	1000	011  	   5 1 4	000  	4 1 3	  06LiDuSoWa.4113
5156.349662	1000	011  	   5 3 3	000  	4 3 2	  06LiDuSoWa.4114
5157.081114	1000	011  	   5 3 2	000  	4 3 1	  06LiDuSoWa.4115
5157.416594	1000	011  	   5 3 3	000  	5 2 4	  06LiDuSoWa.4116
5157.541110	1000	011  	   5 2 3	000  	4 2 2	  06LiDuSoWa.4117
5158.428882	1000	011  	   8 1 7	000  	8 0 8	  06LiDuSoWa.4118
5158.465098	1000	011  	   7 2 6	000  	7 1 7	  06LiDuSoWa.4119
5159.678598	1000	011  	   3 3 1	000  	4 0 4	  06LiDuSoWa.4120
5160.495731	1000	011  	   7 0 7	000  	6 1 6	  06LiDuSoWa.4121
5160.911847	1000	011  	   5 4 2	000  	4 4 1	  06LiDuSoWa.4122
5160.928221	1000	011  	   5 4 1	000  	4 4 0	  06LiDuSoWa.4123
5161.653051	1000	011  	   7 1 7	000  	6 1 6	  06LiDuSoWa.4124
5161.765633	1000	200  	   9 1 8	000  	10 1 9	  06LiDuSoWa.4125
5162.338942	1000	011  	   7 1 6	000  	6 2 5	  06LiDuSoWa.4126
5162.684082	1000	011  	   7 0 7	000  	6 0 6	  06LiDuSoWa.4127
5162.880683	1000	011  	   3 2 2	000  	2 1 1	  06LiDuSoWa.4128
5163.904095	1000	200  	   10 0 10	000  	11 0 11	  06LiDuSoWa.4129
5164.012022	1000	200  	   10 1 10	000  	11 1 11	  06LiDuSoWa.4130
5164.530159	1000	011  	   6 2 5	000  	5 2 4	  06LiDuSoWa.4131
5167.423295	1000	011  	   2 2 0	000  	1 0 1	  06LiDuSoWa.4132
5168.357817	1000	011  	   8 2 7	000  	8 1 8	  06LiDuSoWa.4133
5170.261570	1000	011  	   6 1 5	000  	5 1 4	  06LiDuSoWa.4134
5171.898632	1000	011  	   6 3 4	000  	5 3 3	  06LiDuSoWa.4135
5171.937895	1000	011  	   8 0 8	000  	7 1 7	  06LiDuSoWa.4136
5172.150209	1000	011  	   9 1 8	000  	9 1 9	  06LiDuSoWa.4137
5172.482040	1000	011  	   9 1 8	000  	9 0 9	  06LiDuSoWa.4138
5172.548927	1000	011  	   8 1 8	000  	7 1 7	  06LiDuSoWa.4139
5172.908939	1000	011  	   3 2 1	000  	2 1 2	  06LiDuSoWa.4140
5173.151908	1000	011  	   8 0 8	000  	7 0 7	  06LiDuSoWa.4141
5173.794678	1000	011  	   6 3 3	000  	5 3 2	  06LiDuSoWa.4142
5174.003262	1000	011  	   4 2 3	000  	3 1 2	  06LiDuSoWa.4143
5174.297499	1000	011  	   9 4 5	000  	9 3 6	  06LiDuSoWa.4144
5175.299892	1000	011  	   9 3 7	000  	9 2 8	  06LiDuSoWa.4145
5175.471771	1000	011  	   6 2 4	000  	5 2 3	  06LiDuSoWa.4146
5176.558192	1000	011  	   6 4 3	000  	5 4 2	  06LiDuSoWa.4147
5176.647592	1000	011  	   6 4 2	000  	5 4 1	  06LiDuSoWa.4148
5177.608201	1000	200  	   4 0 4	000  	5 2 3	  06LiDuSoWa.4149
5178.302118	1000	200  	   8 1 7	000  	9 1 8	  06LiDuSoWa.4150
5178.783847	1000	011  	   9 2 8	000  	9 1 9	  06LiDuSoWa.4151
5179.364343	1000	011  	   8 4 4	000  	8 3 5	  06LiDuSoWa.4152
5179.770652	1000	011  	   8 3 6	000  	8 1 7	  06LiDuSoWa.4153
5180.818905	1000	200  	   9 0 9	000  	10 0 10	  06LiDuSoWa.4154
5181.021614	1000	200  	   9 1 9	000  	10 1 10	  06LiDuSoWa.4155
5181.196780	1000	200  	   9 1 9	000  	10 0 10	  06LiDuSoWa.4156
5181.444838	1000	011  	   6 5 2	000  	5 5 1	  06LiDuSoWa.4157
5181.444838	1000	011  	   6 5 1	000  	5 5 0	  06LiDuSoWa.4158
5181.679898	1000	011  	   6 3 4	000  	6 1 5	  06LiDuSoWa.4159
5182.244379	1000	011  	   9 3 7	000  	9 1 8	  06LiDuSoWa.4160
5182.839846	1000	011  	   10 3 8	000  	10 2 9	  06LiDuSoWa.4161
5183.031475	1000	011  	   9 1 9	000  	8 1 8	  06LiDuSoWa.4162
5183.365309	1000	011  	   9 0 9	000  	8 0 8	  06LiDuSoWa.4163
5183.679417	1000	011  	   9 1 9	000  	8 0 8	  06LiDuSoWa.4164
5183.704525	1000	011  	   5 2 4	000  	4 1 3	  06LiDuSoWa.4165
5183.994178	1000	011  	   7 1 6	000  	6 1 5	  06LiDuSoWa.4166
5187.054143	1000	011  	   10 3 8	000  	10 1 9	  06LiDuSoWa.4167
5187.137220	1000	200  	   7 3 4	000  	8 3 5	  06LiDuSoWa.4168
5187.275163	1000	011  	   7 3 5	000  	6 3 4	  06LiDuSoWa.4169
5187.545860	1000	011  	   5 4 1	000  	5 3 2	  06LiDuSoWa.4170
5188.090310	1000	011  	   6 4 3	000  	6 3 4	  06LiDuSoWa.4171
5191.129836	1000	011  	   8 2 7	000  	7 2 6	  06LiDuSoWa.4172
5191.269739	1000	011  	   7 3 4	000  	6 3 3	  06LiDuSoWa.4173
5192.179030	1000	011  	   6 2 5	000  	5 1 4	  06LiDuSoWa.4174
5192.283275	1000	011  	   7 4 4	000  	6 4 3	  06LiDuSoWa.4175
5192.979494	1000	011  	   10 0 10	000  	9 1 9	  06LiDuSoWa.4176
5193.007213	1000	200  	   7 3 5	000  	8 3 6	  06LiDuSoWa.4177
5193.051213	1000	011  	   7 2 5	000  	6 2 4	  06LiDuSoWa.4178
5193.132597	1000	011  	   10 1 10	000  	9 1 9	  06LiDuSoWa.4179
5193.311368	1000	011  	   10 0 10	000  	9 0 9	  06LiDuSoWa.4180
5193.466651	1000	011  	   10 1 10	000  	9 0 9	  06LiDuSoWa.4181
5194.857927	1000	200  	   7 1 6	000  	8 1 7	  06LiDuSoWa.4182
5195.666112	1000	011  	   4 2 2	000  	3 1 3	  06LiDuSoWa.4183
5196.420731	1000	011  	   8 1 7	000  	7 1 6	  06LiDuSoWa.4184
5196.900847	1000	011  	   9 1 8	000  	8 2 7	  06LiDuSoWa.4185
5197.308982	1000	200  	   8 0 8	000  	9 0 9	  06LiDuSoWa.4186
5198.074308	1000	011  	   5 4 2	000  	6 1 5	  06LiDuSoWa.4187
5199.774858	1000	011  	   7 2 6	000  	6 1 5	  06LiDuSoWa.4188
5200.390565	1000	200  	   7 2 6	000  	8 2 7	  06LiDuSoWa.4189
5200.882717	1000	011  	   3 3 1	000  	2 2 0	  06LiDuSoWa.4190
5201.266029	1000	011  	   3 3 0	000  	2 2 1	  06LiDuSoWa.4191
5201.944736	1000	011  	   7 6 2	000  	6 6 1	  06LiDuSoWa.4192
5202.349469	1000	011  	   8 3 6	000  	7 3 5	  06LiDuSoWa.4193
5202.966313	1000	011  	   11 0 11	000  	10 0 10	  06LiDuSoWa.4194
5203.541960	1000	011  	   9 2 8	000  	8 2 7	  06LiDuSoWa.4195
5205.360139	1000	200  	   6 2 4	000  	7 2 5	  06LiDuSoWa.4196
5208.048997	1000	011  	   8 4 5	000  	7 4 4	  06LiDuSoWa.4197
5209.007582	1000	200  	   6 3 3	000  	7 3 4	  06LiDuSoWa.4198
5209.486044	1000	011  	   8 3 5	000  	7 3 4	  06LiDuSoWa.4199
5209.909547	1000	011  	   8 2 6	000  	7 2 5	  06LiDuSoWa.4200
5211.782678	1000	200  	   6 1 5	000  	7 1 6	  06LiDuSoWa.4201
5212.317110	1000	011  	   12 0 12	000  	11 0 11	  06LiDuSoWa.4202
5212.607217	1000	011  	   8 5 4	000  	7 5 3	  06LiDuSoWa.4203
5212.644494	1000	011  	   8 5 3	000  	7 5 2	  06LiDuSoWa.4204
5213.832262	1000	200  	   9 1 9	000  	9 1 8	  06LiDuSoWa.4205
5214.007242	1000	200  	   7 1 7	000  	8 1 8	  06LiDuSoWa.4206
5214.385735	1000	011  	   9 2 8	000  	8 1 7	  06LiDuSoWa.4207
5215.373677	1000	011  	   10 2 9	000  	9 2 8	  06LiDuSoWa.4208
5216.995923	1000	011  	   9 3 7	000  	8 3 6	  06LiDuSoWa.4209
5217.362541	1000	011  	   4 3 1	000  	3 2 2	  06LiDuSoWa.4210
5217.949363	1000	200  	   6 2 5	000  	7 2 6	  06LiDuSoWa.4211
5218.361612	1000	011  	   10 1 9	000  	9 1 8	  06LiDuSoWa.4212
5219.209315	1000	011  	   10 5 6	000  	10 4 7	  06LiDuSoWa.4213
5219.360365	1000	200  	   6 1 5	000  	6 3 4	  06LiDuSoWa.4214
5219.736626	1000	011  	   8 5 3	000  	8 4 4	  06LiDuSoWa.4215
5221.288689	1000	011  	   7 5 3	000  	7 4 4	  06LiDuSoWa.4216
5221.831840	1000	011  	   6 5 1	000  	6 4 2	  06LiDuSoWa.4217
5221.914364	1000	011  	   6 5 2	000  	6 4 3	  06LiDuSoWa.4218
5222.411003	1000	011  	   5 5 1	000  	5 4 2	  06LiDuSoWa.4219
5223.783650	1000	011  	   9 4 6	000  	8 4 5	  06LiDuSoWa.4220
5225.609512	1000	011  	   9 4 5	000  	8 4 4	  06LiDuSoWa.4221
5226.129738	1000	200  	   5 2 3	000  	6 2 4	  06LiDuSoWa.4222
5228.102199	1000	011  	   9 3 6	000  	8 3 5	  06LiDuSoWa.4223
5228.328549	1000	011  	   5 2 3	000  	4 0 4	  06LiDuSoWa.4224
5228.607507	1000	011  	   11 1 10	000  	10 1 9	  06LiDuSoWa.4225
5228.677169	1000	011  	   5 3 3	000  	4 2 2	  06LiDuSoWa.4226
-5228.918850	1000	200  	   5 5 0	000  	6 5 1	  06LiDuSoWa.4227
5228.918850	1000	200  	   6 0 6	000  	7 0 7	  06LiDuSoWa.4228
-5228.918850	1000	200  	   5 5 1	000  	6 5 2	  06LiDuSoWa.4229
5229.235211	1000	200  	   5 1 4	000  	6 1 5	  06LiDuSoWa.4230
5229.672904	1000	200  	   5 3 2	000  	6 3 3	  06LiDuSoWa.4231
-5229.724808	1000	200  	   5 4 1	000  	6 4 2	  06LiDuSoWa.4232
5230.029571	1000	200  	   6 1 6	000  	7 1 7	  06LiDuSoWa.4233
5231.103703	1000	011  	   10 3 8	000  	9 3 7	  06LiDuSoWa.4234
5232.848213	1000	011  	   9 6 4	000  	8 6 3	  06LiDuSoWa.4235
5232.848213	1000	011  	   9 6 3	000  	8 6 2	  06LiDuSoWa.4236
5234.476981	1000	011  	   5 3 2	000  	4 2 3	  06LiDuSoWa.4237
5235.396526	1000	200  	   5 2 4	000  	6 2 5	  06LiDuSoWa.4238
5235.473323	1000	200  	   7 0 7	000  	7 2 6	  06LiDuSoWa.4239
5238.646797	1000	011  	   12 1 11	000  	11 1 10	  06LiDuSoWa.4240
5239.377715	1000	011  	   10 4 7	000  	9 4 6	  06LiDuSoWa.4241
5240.198314	1000	011  	   6 3 4	000  	5 2 3	  06LiDuSoWa.4242
5240.281107	1000	011  	   10 2 8	000  	9 2 7	  06LiDuSoWa.4243
5243.044661	1000	011  	   10 4 6	000  	9 4 5	  06LiDuSoWa.4244
5244.028015	1000	011  	   10 5 6	000  	9 5 5	  06LiDuSoWa.4245
5244.050870	1000	200  	   5 0 5	000  	6 0 6	  06LiDuSoWa.4246
-5244.343971	1000	011  	   10 5 5	000  	9 5 4	  06LiDuSoWa.4247
5245.781582	1000	200  	   5 1 5	000  	6 1 6	  06LiDuSoWa.4248
5246.566962	1000	011  	   10 3 7	000  	9 3 6	  06LiDuSoWa.4249
5246.639671	1000	200  	   4 2 2	000  	5 2 3	  06LiDuSoWa.4250
5247.122662	1000	200  	   4 1 3	000  	5 1 4	  06LiDuSoWa.4251
5249.125657	1000	200  	   4 3 1	000  	5 3 2	  06LiDuSoWa.4252
5249.724840	1000	200  	   4 3 2	000  	5 3 3	  06LiDuSoWa.4253
5249.822586	1000	011  	   7 3 5	000  	6 2 4	  06LiDuSoWa.4254
5250.668634	1000	011  	   4 4 1	000  	3 3 0	  06LiDuSoWa.4255
5250.698809	1000	011  	   4 4 0	000  	3 3 1	  06LiDuSoWa.4256
5251.266723	1000	011  	   3 3 1	000  	2 1 2	  06LiDuSoWa.4257
5251.530032	1000	200  	   9 2 8	000  	9 2 7	  06LiDuSoWa.4258
5252.998358	1000	011  	   6 2 4	000  	5 1 5	  06LiDuSoWa.4259
5253.332094	1000	011  	   11 2 9	000  	10 2 8	  06LiDuSoWa.4260
5255.412406	1000	011  	   6 6 0	000  	6 5 1	  06LiDuSoWa.4261
5255.412406	1000	011  	   6 6 1	000  	6 5 2	  06LiDuSoWa.4262
5256.133162	1000	200  	   5 2 3	000  	5 3 2	  06LiDuSoWa.4263
5256.350926	1000	200  	   7 2 5	000  	7 3 4	  06LiDuSoWa.4264
5256.752022	1000	011  	   6 2 4	000  	5 0 5	  06LiDuSoWa.4265
5257.436319	1000	011  	   12 3 10	000  	11 3 9	  06LiDuSoWa.4266
5257.679912	1000	011  	   8 3 6	000  	7 2 5	  06LiDuSoWa.4267
5258.888697	1000	200  	   4 0 4	000  	5 0 5	  06LiDuSoWa.4268
5261.224566	1000	011  	   11 4 7	000  	10 4 6	  06LiDuSoWa.4269
5261.298000	1000	200  	   4 1 4	000  	5 1 5	  06LiDuSoWa.4270
5265.208454	1000	200  	   3 1 2	000  	4 1 3	  06LiDuSoWa.4271
5266.473710	1000	200  	   3 2 1	000  	4 2 2	  06LiDuSoWa.4272
5267.513534	1000	200  	   3 3 0	000  	4 3 1	  06LiDuSoWa.4273
5267.685633	1000	200  	   3 3 1	000  	4 3 2	  06LiDuSoWa.4274
5267.764114	1000	011  	   5 3 2	000  	4 1 3	  06LiDuSoWa.4275
5271.339952	1000	200  	   6 1 6	000  	6 1 5	  06LiDuSoWa.4276
5271.506614	1000	200  	   8 2 7	000  	8 2 6	  06LiDuSoWa.4277
5273.717321	1000	200  	   3 0 3	000  	4 0 4	  06LiDuSoWa.4278
5274.934682	1000	011  	   7 3 4	000  	6 2 5	  06LiDuSoWa.4279
5275.461020	1000	011  	   13 2 11	000  	12 2 10	  06LiDuSoWa.4280
5276.602200	1000	200  	   3 1 3	000  	4 1 4	  06LiDuSoWa.4281
5280.633188	1000	011  	   6 4 3	000  	5 3 2	  06LiDuSoWa.4282
5281.015462	1000	011  	   6 3 3	000  	5 1 4	  06LiDuSoWa.4283
-5281.015462	1000	011  	   12 3 9	000  	11 3 8	  06LiDuSoWa.4284
5281.509931	1000	011  	   6 4 2	000  	5 3 3	  06LiDuSoWa.4285
5283.239881	1000	200  	   2 1 1	000  	3 1 2	  06LiDuSoWa.4286
5283.651320	1000	200  	   2 1 2	000  	2 2 1	  06LiDuSoWa.4287
5283.863689	1000	200  	   8 2 6	000  	7 4 3	  06LiDuSoWa.4288
5285.203017	1000	200  	   2 2 0	000  	3 2 1	  06LiDuSoWa.4289
5286.591892	1000	200  	   2 2 1	000  	3 2 2	  06LiDuSoWa.4290
5287.456160	1000	011  	   7 2 5	000  	6 1 6	  06LiDuSoWa.4291
5288.597474	1000	200  	   5 1 5	000  	5 1 4	  06LiDuSoWa.4292
5288.838872	1000	200  	   2 0 2	000  	3 0 3	  06LiDuSoWa.4293
5289.142409	1000	200  	   7 2 6	000  	7 2 5	  06LiDuSoWa.4294
5289.648442	1000	011  	   7 2 5	000  	6 0 6	  06LiDuSoWa.4295
5290.732897	1000	200  	   4 1 3	000  	4 2 2	  06LiDuSoWa.4296
5290.927860	1000	200  	   2 1 1	000  	2 2 0	  06LiDuSoWa.4297
5293.445947	1000	011  	   5 3 3	000  	4 1 4	  06LiDuSoWa.4298
5293.452178	1000	011  	   5 3 3	000  	4 1 4	  06LiDuSoWa.4299
5294.702398	1000	011  	   7 4 4	000  	6 3 3	  06LiDuSoWa.4300
5296.587140	1000	011  	   7 3 4	000  	6 1 5	  06LiDuSoWa.4301
5297.158007	1000	200  	   5 3 3	000  	4 4 0	  06LiDuSoWa.4302
5297.303592	1000	011  	   7 4 3	000  	6 3 4	  06LiDuSoWa.4303
5299.471215	1000	011  	   5 3 3	000  	4 0 4	  06LiDuSoWa.4304
5299.870871	1000	011  	   5 5 1	000  	4 4 0	  06LiDuSoWa.4305
5299.870871	1000	011  	   5 5 0	000  	4 4 1	  06LiDuSoWa.4306
5300.029788	1000	011  	   8 3 5	000  	7 2 6	  06LiDuSoWa.4307
5301.007704	1000	200  	   1 1 0	000  	2 1 1	  06LiDuSoWa.4308
5303.702373	1000	200  	   4 1 4	000  	4 1 3	  06LiDuSoWa.4309
5303.936518	1000	200  	   6 2 5	000  	6 2 4	  06LiDuSoWa.4310
5304.318217	1000	200  	   1 0 1	000  	2 0 2	  06LiDuSoWa.4311
5311.782045	1000	200  	   7 3 5	000  	7 3 4	  06LiDuSoWa.4312
5313.836271	1000	011  	   8 4 4	000  	7 3 5	  06LiDuSoWa.4313
5315.570266	1000	200  	   5 2 4	000  	5 2 3	  06LiDuSoWa.4314
5316.145430	1000	200  	   3 1 3	000  	3 1 2	  06LiDuSoWa.4315
5318.227962	1000	200  	   1 1 1	000  	2 0 2	  06LiDuSoWa.4316
5318.829522	1000	200  	   6 3 4	000  	6 3 3	  06LiDuSoWa.4317
5319.942305	1000	200  	   0 0 0	000  	1 0 1	  06LiDuSoWa.4318
5325.212445	1000	200  	   5 3 2	000  	5 3 3	  06LiDuSoWa.4319
5325.776704	1000	200  	   4 4 1	000  	4 4 0	  06LiDuSoWa.4320
5325.776704	1000	200  	   4 4 0	000  	4 4 1	  06LiDuSoWa.4321
5327.632475	1000	200  	   4 3 1	000  	4 3 2	  06LiDuSoWa.4322
5329.763935	1000	200  	   3 3 1	000  	3 3 0	  06LiDuSoWa.4323
5329.817346	1000	200  	   3 3 0	000  	3 3 1	  06LiDuSoWa.4324
5330.114991	1000	011  	   7 5 2	000  	6 4 3	  06LiDuSoWa.4325
5332.631804	1000	200  	   3 2 1	000  	3 2 2	  06LiDuSoWa.4326
5335.702963	1000	200  	   5 2 3	000  	5 2 4	  06LiDuSoWa.4327
5341.306991	1000	200  	   2 1 1	000  	2 1 2	  06LiDuSoWa.4328
5347.438867	1000	200  	   3 1 2	000  	3 1 3	  06LiDuSoWa.4329
5350.216645	1000	200  	   1 0 1	000  	0 0 0	  06LiDuSoWa.4330
5356.258930	1000	200  	   3 1 2	000  	3 0 3	  06LiDuSoWa.4331
5359.188939	1000	011  	   9 5 5	000  	8 4 4	  06LiDuSoWa.4332
5364.186271	1000	200  	   2 0 2	000  	1 0 1	  06LiDuSoWa.4333
5365.274773	1000	200  	   5 1 4	000  	5 1 5	  06LiDuSoWa.4334
5366.756125	1000	200  	   2 1 1	000  	1 1 0	  06LiDuSoWa.4335
5374.212859	1000	200  	   3 1 3	000  	2 1 2	  06LiDuSoWa.4336
5377.006873	1000	200  	   3 0 3	000  	2 0 2	  06LiDuSoWa.4337
5377.275013	1000	200  	   3 2 2	000  	2 2 1	  06LiDuSoWa.4338
5378.368714	1000	011  	   7 4 4	000  	6 2 5	  06LiDuSoWa.4339
5378.473929	1000	200  	   3 2 1	000  	2 2 0	  06LiDuSoWa.4340
5381.314091	1000	011  	   4 4 0	000  	3 1 3	  06LiDuSoWa.4341
5381.367140	1000	200  	   3 1 2	000  	2 1 1	  06LiDuSoWa.4342
5385.931193	1000	200  	   4 1 4	000  	3 1 3	  06LiDuSoWa.4343
5387.988785	1000	200  	   7 1 6	000  	7 1 7	  06LiDuSoWa.4344
5388.587158	1000	200  	   4 0 4	000  	3 0 3	  06LiDuSoWa.4345
5389.566692	1000	200  	   4 3 2	000  	3 3 1	  06LiDuSoWa.4346
5389.709762	1000	200  	   4 3 1	000  	3 3 0	  06LiDuSoWa.4347
5395.050732	1000	200  	   4 1 3	000  	3 1 2	  06LiDuSoWa.4348
5396.850068	1000	200  	   5 2 4	000  	5 0 5	  06LiDuSoWa.4349
5396.980567	1000	200  	   5 1 5	000  	4 1 4	  06LiDuSoWa.4350
5398.065219	1000	011  	   8 4 5	000  	7 2 6	  06LiDuSoWa.4351
5399.082705	1000	200  	   5 0 5	000  	4 0 4	  06LiDuSoWa.4352
5399.600864	1000	200  	   8 1 7	000  	8 1 8	  06LiDuSoWa.4353
5400.532854	1000	200  	   6 2 5	000  	6 0 6	  06LiDuSoWa.4354
5402.204745	1000	200  	   5 2 4	000  	4 2 3	  06LiDuSoWa.4355
5402.999552	1000	200  	   5 1 5	000  	4 0 4	  06LiDuSoWa.4356
5402.999552	1000	200  	   8 3 6	000  	8 2 7	  06LiDuSoWa.4357
5404.489536	1000	200  	   3 3 0	000  	3 2 1	  06LiDuSoWa.4358
5405.060366	1000	200  	   6 0 6	000  	5 1 5	  06LiDuSoWa.4359
5405.575515	1000	200  	   7 2 6	000  	7 0 7	  06LiDuSoWa.4360
5406.965616	1000	200  	   5 2 3	000  	4 2 2	  06LiDuSoWa.4361
5407.380600	1000	200  	   6 1 6	000  	5 1 5	  06LiDuSoWa.4362
5408.816348	1000	200  	   6 0 6	000  	5 0 5	  06LiDuSoWa.4363
5411.626938	1000	200  	   8 2 7	000  	8 0 8	  06LiDuSoWa.4364
5413.509576	1000	200  	   6 2 5	000  	5 2 4	  06LiDuSoWa.4365
5414.365215	1000	200  	   6 3 4	000  	5 3 3	  06LiDuSoWa.4366
5417.174525	1000	200  	   7 1 7	000  	6 1 6	  06LiDuSoWa.4367
5418.057404	1000	200  	   7 0 7	000  	6 0 6	  06LiDuSoWa.4368
5419.127804	1000	200  	   6 1 5	000  	5 1 4	  06LiDuSoWa.4369
5420.412642	1000	200  	   6 2 4	000  	5 2 3	  06LiDuSoWa.4370
5425.706535	1000	200  	   8 0 8	000  	7 1 7	  06LiDuSoWa.4371
5425.768151	1000	200  	   7 3 5	000  	6 3 4	  06LiDuSoWa.4372
5426.413110	1000	200  	   8 1 8	000  	7 1 7	  06LiDuSoWa.4373
5426.915448	1000	200  	   8 0 8	000  	7 0 7	  06LiDuSoWa.4374
5428.152669	1000	200  	   7 3 4	000  	6 3 3	  06LiDuSoWa.4375
5429.301422	1000	200  	   7 1 6	000  	6 1 5	  06LiDuSoWa.4376
5432.535693	1000	011  	   7 5 2	000  	6 3 3	  06LiDuSoWa.4377
5432.879780	1000	200  	   7 2 5	000  	6 2 4	  06LiDuSoWa.4378
5433.750655	1000	200  	   8 2 7	000  	7 2 6	  06LiDuSoWa.4379
5435.400251	1000	200  	   9 0 9	000  	8 0 8	  06LiDuSoWa.4380
5435.778156	1000	200  	   9 1 9	000  	8 0 8	  06LiDuSoWa.4381
5436.424345	1000	200  	   8 3 6	000  	7 3 5	  06LiDuSoWa.4382
5438.239039	1000	200  	   8 1 7	000  	7 1 6	  06LiDuSoWa.4383
5442.729774	1000	200  	   9 2 8	000  	8 2 7	  06LiDuSoWa.4384
5443.359417	1000	200  	   10 1 10	000  	9 1 9	  06LiDuSoWa.4385
5443.501597	1000	200  	   10 0 10	000  	9 0 9	  06LiDuSoWa.4386
5443.695367	1000	200  	   10 1 10	000  	9 0 9	  06LiDuSoWa.4387
5444.183253	1000	200  	   8 2 6	000  	7 2 5	  06LiDuSoWa.4388
5446.158580	1000	200  	   9 1 8	000  	8 1 7	  06LiDuSoWa.4389
5446.286798	1000	200  	   9 3 7	000  	8 3 6	  06LiDuSoWa.4390
5451.008561	1000	200  	   10 2 9	000  	9 2 8	  06LiDuSoWa.4391
5451.115767	1000	200  	   11 1 11	000  	10 1 10	  06LiDuSoWa.4392
5451.192875	1000	200  	   11 0 11	000  	10 0 10	  06LiDuSoWa.4393
-5455.125972	1000	200  	   5 5 0	000  	5 4 1	  06LiDuSoWa.4394
5455.333720	1000	200  	   10 3 8	000  	9 3 7	  06LiDuSoWa.4395
5455.932714	1000	200  	   11 1 10	000  	10 2 9	  06LiDuSoWa.4396
5457.617227	1000	200  	   4 2 2	000  	3 0 3	  06LiDuSoWa.4397
5458.356686	1000	200  	   12 0 12	000  	11 1 11	  06LiDuSoWa.4398
5458.406273	1000	200  	   12 1 12	000  	11 1 11	  06LiDuSoWa.4399
5458.654787	1000	200  	   11 2 10	000  	10 2 9	  06LiDuSoWa.4400
5460.142612	1000	200  	   11 1 10	000  	10 1 9	  06LiDuSoWa.4401
5474.605326	1000	200  	   5 3 3	000  	4 2 2	  06LiDuSoWa.4402
5497.938023	1000	200  	   6 2 4	000  	5 1 5	  06LiDuSoWa.4403
5504.273388	1000	200  	   4 3 1	000  	3 1 2	  06LiDuSoWa.4404
5513.439722	1000	200  	   5 3 2	000  	4 1 3	  06LiDuSoWa.4405
5529.475354	1000	200  	   7 2 5	000  	6 0 6	  06LiDuSoWa.4406
6657.911300	1000	002  	   11 2 10	000  	12 5 7	  06LiDuSoWa.4407
6664.062600	1000	002  	   10 5 5	000  	11 7 4	  06LiDuSoWa.4408
6773.629600	1000	002  	   10 5 5	000  	9 8 2	  06LiDuSoWa.4409
6798.979800	1000	002  	   7 7 0	000  	8 8 1	  06LiDuSoWa.4410
6798.979800	1000	002  	   7 7 1	000  	8 8 0	  06LiDuSoWa.4411
6832.138200	1000	002  	   8 6 3	000  	9 7 2	  06LiDuSoWa.4412
6832.138200	1000	002  	   8 6 2	000  	9 7 3	  06LiDuSoWa.4413
6839.226500	1000	002  	   10 1 10	000  	11 2 9	  06LiDuSoWa.4414
6848.195700	1000	002  	   11 2 10	000  	12 3 9	  06LiDuSoWa.4415
6854.246100	1000	002  	   7 3 4	000  	8 5 3	  06LiDuSoWa.4416
6863.152200	1000	002  	   9 5 5	000  	10 6 4	  06LiDuSoWa.4417
6863.478400	1000	002  	   6 6 1	000  	7 7 0	  06LiDuSoWa.4418
6863.478400	1000	002  	   6 6 0	000  	7 7 1	  06LiDuSoWa.4419
6878.738100	1000	002  	   8 5 4	000  	9 6 3	  06LiDuSoWa.4420
6878.811000	1000	002  	   8 5 3	000  	9 6 4	  06LiDuSoWa.4421
6894.422700	1000	002  	   7 5 3	000  	8 6 2	  06LiDuSoWa.4422
6906.581100	1000	002  	   9 4 6	000  	10 5 5	  06LiDuSoWa.4423
6923.799000	1000	002  	   7 0 7	000  	8 3 6	  06LiDuSoWa.4424
6924.426300	1000	002  	   8 4 4	000  	9 5 5	  06LiDuSoWa.4425
6929.975600	1000	002  	   9 2 8	000  	10 3 7	  06LiDuSoWa.4426
6932.807400	1000	002  	   4 1 3	000  	5 4 2	  06LiDuSoWa.4427
6938.670600	1000	002  	   7 4 4	000  	8 5 3	  06LiDuSoWa.4428
6939.244400	1000	002  	   7 4 3	000  	8 5 4	  06LiDuSoWa.4429
6943.293100	1000	002  	   11 2 9	000  	11 5 6	  06LiDuSoWa.4430
6954.647800	1000	002  	   6 4 2	000  	7 5 3	  06LiDuSoWa.4431
6958.705200	1000	002  	   8 3 6	000  	9 4 5	  06LiDuSoWa.4432
6959.498000	1000	002  	   10 3 7	000  	11 4 8	  06LiDuSoWa.4433
6964.961700	1000	002  	   8 2 7	000  	9 3 6	  06LiDuSoWa.4434
6969.767700	1000	002  	   9 6 4	000  	9 7 3	  06LiDuSoWa.4435
6969.767700	1000	002  	   9 6 3	000  	9 7 2	  06LiDuSoWa.4436
6970.005500	1000	002  	   8 6 2	000  	8 7 1	  06LiDuSoWa.4437
6970.005500	1000	002  	   8 6 3	000  	8 7 2	  06LiDuSoWa.4438
6970.876000	1000	002  	   7 0 7	000  	8 2 6	  06LiDuSoWa.4439
6970.876000	1000	002  	   12 5 7	000  	13 5 8	  06LiDuSoWa.4440
6975.353700	1000	002  	   8 3 5	000  	9 4 6	  06LiDuSoWa.4441
6977.690800	1000	002  	   7 3 5	000  	8 4 4	  06LiDuSoWa.4442
6983.995600	1000	002  	   5 1 5	000  	6 3 4	  06LiDuSoWa.4443
6985.223300	1000	002  	   12 4 8	000  	13 4 9	  06LiDuSoWa.4444
6986.043700	1000	002  	   7 3 4	000  	8 4 5	  06LiDuSoWa.4445
6986.121000	1000	002  	   4 4 1	000  	5 5 0	  06LiDuSoWa.4446
6987.778300	1000	002  	   11 5 7	000  	12 5 8	  06LiDuSoWa.4447
6994.173100	1000	002  	   12 3 9	000  	13 3 10	  06LiDuSoWa.4448
6995.150600	1000	002  	   6 3 4	000  	7 4 3	  06LiDuSoWa.4449
6995.503900	1000	002  	   7 2 6	000  	8 3 5	  06LiDuSoWa.4450
6995.661500	1000	002  	   8 7 2	000  	9 7 3	  06LiDuSoWa.4451
6995.661500	1000	002  	   8 7 1	000  	9 7 2	  06LiDuSoWa.4452
6998.722800	1000	002  	   6 3 3	000  	7 4 4	  06LiDuSoWa.4453
7002.501500	1000	002  	   12 2 10	000  	13 2 11	  06LiDuSoWa.4454
7003.667700	1000	002  	   11 4 8	000  	12 4 9	  06LiDuSoWa.4455
7004.503700	1000	002  	   10 5 6	000  	11 5 7	  06LiDuSoWa.4456
7004.984100	1000	002  	   11 2 9	000  	12 3 10	  06LiDuSoWa.4457
7005.452400	1000	002  	   4 0 4	000  	5 3 3	  06LiDuSoWa.4458
7010.878600	1000	002  	   6 1 6	000  	7 2 5	  06LiDuSoWa.4459
7011.591900	1000	002  	   11 3 8	000  	12 3 9	  06LiDuSoWa.4460
7011.726800	1000	002  	   5 3 3	000  	6 4 2	  06LiDuSoWa.4461
7012.963100	1000	002  	   5 3 2	000  	6 4 3	  06LiDuSoWa.4462
7015.040700	1000	002  	   12 2 11	000  	13 2 12	  06LiDuSoWa.4463
7017.411800	1000	002  	   8 5 3	000  	8 6 2	  06LiDuSoWa.4464
7017.607200	1000	002  	   11 3 9	000  	12 3 10	  06LiDuSoWa.4465
7018.371700	1000	002  	   8 6 3	000  	9 6 4	  06LiDuSoWa.4466
7018.371700	1000	002  	   8 6 2	000  	9 6 3	  06LiDuSoWa.4467
7019.177500	1000	002  	   10 4 6	000  	11 4 7	  06LiDuSoWa.4468
7019.892700	1000	002  	   11 2 9	000  	12 2 10	  06LiDuSoWa.4469
7020.474500	1000	002  	   10 4 7	000  	11 4 8	  06LiDuSoWa.4470
7021.100400	1000	002  	   9 5 4	000  	10 5 5	  06LiDuSoWa.4471
7021.183600	1000	002  	   9 5 5	000  	10 5 6	  06LiDuSoWa.4472
7022.471500	1000	002  	   11 3 8	000  	10 6 5	  06LiDuSoWa.4473
7027.846800	1000	002  	   4 3 2	000  	5 4 1	  06LiDuSoWa.4474
7028.849100	1000	002  	   10 3 7	000  	11 3 8	  06LiDuSoWa.4475
7031.578600	1000	002  	   12 0 12	000  	13 0 13	  06LiDuSoWa.4476
7031.830500	1000	002  	   11 2 10	000  	12 2 11	  06LiDuSoWa.4477
7032.316400	1000	002  	   8 2 6	000  	9 3 7	  06LiDuSoWa.4478
7034.369100	1000	002  	   10 3 8	000  	11 3 9	  06LiDuSoWa.4479
7034.760800	1000	002  	   7 6 1	000  	8 6 2	  06LiDuSoWa.4480
7034.760800	1000	002  	   7 6 2	000  	8 6 3	  06LiDuSoWa.4481
7036.230500	1000	002  	   9 4 5	000  	10 4 6	  06LiDuSoWa.4482
7036.979800	1000	002  	   10 2 8	000  	11 2 9	  06LiDuSoWa.4483
7040.375800	1000	002  	   7 2 5	000  	8 3 6	  06LiDuSoWa.4484
7043.755700	1000	002  	   3 3 1	000  	4 4 0	  06LiDuSoWa.4485
7043.800400	1000	002  	   3 3 0	000  	4 4 1	  06LiDuSoWa.4486
7044.268000	1000	002  	   5 2 4	000  	6 3 3	  06LiDuSoWa.4487
7044.268000	1000	002  	   2 0 2	000  	3 3 1	  06LiDuSoWa.4488
7046.086500	1000	002  	   9 3 6	000  	10 3 7	  06LiDuSoWa.4489
7046.544800	1000	002  	   5 1 5	000  	6 2 4	  06LiDuSoWa.4490
7048.364400	1000	002  	   10 2 9	000  	11 2 10	  06LiDuSoWa.4491
7048.676200	1000	002  	   10 1 9	000  	11 1 10	  06LiDuSoWa.4492
7049.111800	1000	002  	   6 2 4	000  	7 3 5	  06LiDuSoWa.4493
7049.708000	1000	002  	   3 1 2	000  	4 3 1	  06LiDuSoWa.4494
7050.954100	1000	002  	   9 3 7	000  	10 3 8	  06LiDuSoWa.4495
7051.050800	1000	002  	   6 6 1	000  	7 6 2	  06LiDuSoWa.4496
7051.050800	1000	002  	   6 6 0	000  	7 6 1	  06LiDuSoWa.4497
7053.840400	1000	002  	   9 2 7	000  	10 2 8	  06LiDuSoWa.4498
7053.859500	1000	002  	   8 4 5	000  	9 4 6	  06LiDuSoWa.4499
7055.991100	1000	002  	   10 3 8	000  	11 2 9	  06LiDuSoWa.4500
7059.094500	1000	002  	   5 2 3	000  	6 3 4	  06LiDuSoWa.4501
7059.138600	1000	002  	   12 1 12	000  	12 1 11	  06LiDuSoWa.4502
7061.391600	1000	002  	   10 4 7	000  	10 5 6	  06LiDuSoWa.4503
7062.334000	1000	002  	   8 4 5	000  	8 5 4	  06LiDuSoWa.4504
7062.510500	1000	002  	   7 4 4	000  	7 5 3	  06LiDuSoWa.4505
7062.696600	1000	002  	   6 4 3	000  	6 5 2	  06LiDuSoWa.4506
7062.946800	1000	002  	   5 4 2	000  	5 5 1	  06LiDuSoWa.4507
7062.975500	1000	002  	   5 4 1	000  	5 5 0	  06LiDuSoWa.4508
7063.043600	1000	002  	   7 4 3	000  	7 5 2	  06LiDuSoWa.4509
7063.400600	1000	002  	   8 3 5	000  	9 3 6	  06LiDuSoWa.4510
7063.849400	1000	002  	   8 4 4	000  	8 5 3	  06LiDuSoWa.4511
7064.167900	1000	002  	   10 1 10	000  	11 1 11	  06LiDuSoWa.4512
7064.257800	1000	002  	   10 1 10	000  	11 0 11	  06LiDuSoWa.4513
7064.642000	1000	002  	   9 2 8	000  	10 2 9	  06LiDuSoWa.4514
7067.415600	1000	002  	   8 3 6	000  	9 3 7	  06LiDuSoWa.4515
7068.852200	1000	002  	   9 2 8	000  	10 1 9	  06LiDuSoWa.4516
7070.134700	1000	002  	   7 4 3	000  	8 4 4	  06LiDuSoWa.4517
7070.467900	1000	002  	   7 4 4	000  	8 4 5	  06LiDuSoWa.4518
7070.613200	1000	002  	   8 2 6	000  	9 2 7	  06LiDuSoWa.4519
7074.038300	1000	002  	   8 1 7	000  	9 2 8	  06LiDuSoWa.4520
7078.085600	1000	002  	   4 1 4	000  	5 2 3	  06LiDuSoWa.4521
7079.905000	1000	002  	   9 0 9	000  	10 1 10	  06LiDuSoWa.4522
7080.233100	1000	002  	   9 1 9	000  	10 0 10	  06LiDuSoWa.4523
7080.688800	1000	002  	   8 2 7	000  	9 2 8	  06LiDuSoWa.4524
7080.805200	1000	002  	   7 3 4	000  	8 3 5	  06LiDuSoWa.4525
7080.987200	1000	002  	   8 1 7	000  	9 1 8	  06LiDuSoWa.4526
7081.764900	1000	002  	   3 2 2	000  	4 3 1	  06LiDuSoWa.4527
7083.800900	1000	002  	   7 3 5	000  	8 3 6	  06LiDuSoWa.4528
7086.637800	1000	002  	   11 3 9	000  	11 4 8	  06LiDuSoWa.4529
7086.844500	1000	002  	   6 4 2	000  	7 4 3	  06LiDuSoWa.4530
7086.994300	1000	002  	   6 4 3	000  	7 4 4	  06LiDuSoWa.4531
7087.042700	1000	002  	   5 5 1	000  	6 5 2	  06LiDuSoWa.4532
7087.042700	1000	002  	   5 5 0	000  	6 5 1	  06LiDuSoWa.4533
7087.633800	1000	002  	   8 2 7	000  	9 1 8	  06LiDuSoWa.4534
7093.168800	1000	002  	   10 3 8	000  	10 4 7	  06LiDuSoWa.4535
7095.347000	1000	002  	   8 0 8	000  	9 1 9	  06LiDuSoWa.4536
7095.677600	1000	002  	   8 1 8	000  	9 1 9	  06LiDuSoWa.4537
7096.012300	1000	002  	   8 1 8	000  	9 0 9	  06LiDuSoWa.4538
7096.507100	1000	002  	   6 1 5	000  	7 2 6	  06LiDuSoWa.4539
7096.551700	1000	002  	   7 2 6	000  	8 2 7	  06LiDuSoWa.4540
7096.731900	1000	002  	   7 1 6	000  	8 1 7	  06LiDuSoWa.4541
7097.902900	1000	002  	   9 3 7	000  	9 4 6	  06LiDuSoWa.4542
7098.193100	1000	002  	   6 3 3	000  	7 3 4	  06LiDuSoWa.4543
7098.369300	1000	002  	   2 2 1	000  	3 3 0	  06LiDuSoWa.4544
7098.837300	1000	002  	   2 2 0	000  	3 3 1	  06LiDuSoWa.4545
7099.450400	1000	002  	   10 1 9	000  	10 3 8	  06LiDuSoWa.4546
7100.136800	1000	002  	   6 3 4	000  	7 3 5	  06LiDuSoWa.4547
7101.104000	1000	002  	   8 3 6	000  	8 4 5	  06LiDuSoWa.4548
7103.105800	1000	002  	   7 3 5	000  	7 4 4	  06LiDuSoWa.4549
7103.364100	1000	002  	   5 4 1	000  	6 4 2	  06LiDuSoWa.4550
7103.417600	1000	002  	   5 4 2	000  	6 4 3	  06LiDuSoWa.4551
7104.267800	1000	002  	   6 3 4	000  	6 4 3	  06LiDuSoWa.4552
7104.442000	1000	002  	   6 2 4	000  	7 2 5	  06LiDuSoWa.4553
7104.922200	1000	002  	   5 3 3	000  	5 4 2	  06LiDuSoWa.4554
7105.351700	1000	002  	   3 1 3	000  	4 2 2	  06LiDuSoWa.4555
7105.621500	1000	002  	   4 3 1	000  	4 4 0	  06LiDuSoWa.4556
7106.057200	1000	002  	   5 3 2	000  	5 4 1	  06LiDuSoWa.4557
7106.457300	1000	002  	   5 1 4	000  	6 2 5	  06LiDuSoWa.4558
7107.395300	1000	002  	   7 2 6	000  	8 1 7	  06LiDuSoWa.4559
7107.455000	1000	002  	   6 3 3	000  	6 4 2	  06LiDuSoWa.4560
7109.032700	1000	002  	   9 1 8	000  	9 3 7	  06LiDuSoWa.4561
7109.091300	1000	002  	   11 1 10	000  	11 2 9	  06LiDuSoWa.4562
7110.286400	1000	002  	   7 3 4	000  	7 4 3	  06LiDuSoWa.4563
7110.346500	1000	002  	   7 0 7	000  	8 1 8	  06LiDuSoWa.4564
7110.995200	1000	002  	   7 0 7	000  	8 0 8	  06LiDuSoWa.4565
7111.015500	1000	002  	   7 1 7	000  	8 1 8	  06LiDuSoWa.4566
7111.662700	1000	002  	   7 1 7	000  	8 0 8	  06LiDuSoWa.4567
7112.281800	1000	002  	   6 2 5	000  	7 2 6	  06LiDuSoWa.4568
7112.371700	1000	002  	   6 1 5	000  	7 1 6	  06LiDuSoWa.4569
7112.713500	1000	002  	   9 0 9	000  	9 1 8	  06LiDuSoWa.4570
7112.900900	1000	002  	   9 2 8	000  	9 3 7	  06LiDuSoWa.4571
7114.712400	1000	002  	   8 3 5	000  	8 4 4	  06LiDuSoWa.4572
7115.734400	1000	002  	   8 1 7	000  	8 3 6	  06LiDuSoWa.4573
7116.455900	1000	002  	   4 1 3	000  	5 2 4	  06LiDuSoWa.4574
7119.947800	1000	002  	   6 1 5	000  	6 3 4	  06LiDuSoWa.4575
7120.102100	1000	002  	   8 0 8	000  	8 2 7	  06LiDuSoWa.4576
7121.641700	1000	002  	   5 2 3	000  	6 2 4	  06LiDuSoWa.4577
7122.385600	1000	002  	   8 2 7	000  	8 3 6	  06LiDuSoWa.4578
7125.991000	1000	002  	   6 0 6	000  	7 0 7	  06LiDuSoWa.4579
7126.102900	1000	002  	   6 1 6	000  	7 1 7	  06LiDuSoWa.4580
7127.101200	1000	002  	   3 1 2	000  	4 2 3	  06LiDuSoWa.4581
7127.313700	1000	002  	   6 1 6	000  	7 0 7	  06LiDuSoWa.4582
7127.933000	1000	002  	   5 2 4	000  	6 2 5	  06LiDuSoWa.4583
7128.112600	1000	002  	   5 1 4	000  	6 1 5	  06LiDuSoWa.4584
7128.597600	1000	002  	   2 1 2	000  	3 2 1	  06LiDuSoWa.4585
7129.051300	1000	002  	   10 1 9	000  	10 2 8	  06LiDuSoWa.4586
7130.874000	1000	002  	   7 3 5	000  	8 2 6	  06LiDuSoWa.4587
7130.944700	1000	002  	   8 0 8	000  	8 1 7	  06LiDuSoWa.4588
7131.273800	1000	002  	   8 1 8	000  	8 1 7	  06LiDuSoWa.4589
7132.236500	1000	002  	   4 3 1	000  	5 3 2	  06LiDuSoWa.4590
7132.708700	1000	002  	   4 3 2	000  	5 3 3	  06LiDuSoWa.4591
7133.118000	1000	002  	   7 0 7	000  	7 2 6	  06LiDuSoWa.4592
7133.532500	1000	002  	   8 7 2	000  	8 7 1	  06LiDuSoWa.4593
7133.532500	1000	002  	   8 7 1	000  	8 7 2	  06LiDuSoWa.4594
7133.791100	1000	002  	   7 1 7	000  	7 2 6	  06LiDuSoWa.4595
7134.441900	1000	002  	   7 7 1	000  	7 7 0	  06LiDuSoWa.4596
7134.441900	1000	002  	   7 7 0	000  	7 7 1	  06LiDuSoWa.4597
7135.722800	1000	002  	   6 2 5	000  	6 3 4	  06LiDuSoWa.4598
7136.453200	1000	002  	   1 0 1	000  	2 2 0	  06LiDuSoWa.4599
7138.772300	1000	002  	   2 1 1	000  	3 2 2	  06LiDuSoWa.4600
7139.026300	1000	002  	   4 2 2	000  	5 2 3	  06LiDuSoWa.4601
7140.659500	1000	002  	   5 0 5	000  	6 0 6	  06LiDuSoWa.4602
7142.481900	1000	002  	   4 2 3	000  	4 3 2	  06LiDuSoWa.4603
7143.142800	1000	002  	   5 1 5	000  	6 0 6	  06LiDuSoWa.4604
7143.549000	1000	002  	   4 2 3	000  	5 2 4	  06LiDuSoWa.4605
7144.068500	1000	002  	   3 2 2	000  	3 3 1	  06LiDuSoWa.4606
7145.758300	1000	002  	   6 1 6	000  	6 2 5	  06LiDuSoWa.4607
7148.262200	1000	002  	   4 2 2	000  	4 3 1	  06LiDuSoWa.4608
7148.493200	1000	002  	   1 1 1	000  	2 2 0	  06LiDuSoWa.4609
7148.539700	1000	002  	   10 2 9	000  	9 4 6	  06LiDuSoWa.4610
7148.723400	1000	002  	   3 3 0	000  	4 3 1	  06LiDuSoWa.4611
7148.877100	1000	002  	   3 3 1	000  	4 3 2	  06LiDuSoWa.4612
7151.205200	1000	002  	   9 2 8	000  	9 2 7	  06LiDuSoWa.4613
7151.276400	1000	002  	   4 0 4	000  	5 1 5	  06LiDuSoWa.4614
7151.666600	1000	002  	   1 1 0	000  	2 2 1	  06LiDuSoWa.4615
7153.596900	1000	002  	   10 2 8	000  	10 3 7	  06LiDuSoWa.4616
7153.636400	1000	002  	   5 0 5	000  	5 2 4	  06LiDuSoWa.4617
7155.035200	1000	002  	   4 0 4	000  	5 0 5	  06LiDuSoWa.4618
7155.611500	1000	002  	   4 1 4	000  	5 1 5	  06LiDuSoWa.4619
7155.655200	1000	002  	   6 2 4	000  	6 3 3	  06LiDuSoWa.4620
7156.001900	1000	002  	   9 6 3	000  	9 6 4	  06LiDuSoWa.4621
7156.001900	1000	002  	   9 6 4	000  	9 6 3	  06LiDuSoWa.4622
7156.419000	1000	002  	   3 2 1	000  	4 2 2	  06LiDuSoWa.4623
7156.561800	1000	002  	   7 0 7	000  	6 3 4	  06LiDuSoWa.4624
7157.884900	1000	002  	   7 6 1	000  	7 6 2	  06LiDuSoWa.4625
7157.884900	1000	002  	   7 6 2	000  	7 6 1	  06LiDuSoWa.4626
7159.159800	1000	002  	   3 2 2	000  	4 2 3	  06LiDuSoWa.4627
7159.232900	1000	002  	   9 2 7	000  	9 3 6	  06LiDuSoWa.4628
7159.370400	1000	002  	   4 1 4	000  	5 0 5	  06LiDuSoWa.4629
7161.957400	1000	002  	   8 4 4	000  	9 3 7	  06LiDuSoWa.4630
7162.810900	1000	002  	   8 1 7	000  	8 2 6	  06LiDuSoWa.4631
7163.263100	1000	002  	   3 0 3	000  	4 1 4	  06LiDuSoWa.4632
7164.724900	1000	002  	   4 1 4	000  	4 2 3	  06LiDuSoWa.4633
7166.088600	1000	002  	   6 0 6	000  	6 1 5	  06LiDuSoWa.4634
7167.413100	1000	002  	   6 1 6	000  	6 1 5	  06LiDuSoWa.4635
7169.282100	1000	002  	   3 0 3	000  	4 0 4	  06LiDuSoWa.4636
7170.123200	1000	002  	   3 1 3	000  	4 1 4	  06LiDuSoWa.4637
7171.197900	1000	002  	   4 2 3	000  	5 1 4	  06LiDuSoWa.4638
7171.510700	1000	002  	   3 1 3	000  	3 2 2	  06LiDuSoWa.4639
7173.512000	1000	002  	   2 2 0	000  	3 2 1	  06LiDuSoWa.4640
7174.640200	1000	002  	   7 1 6	000  	7 2 5	  06LiDuSoWa.4641
7174.777800	1000	002  	   2 2 1	000  	3 2 2	  06LiDuSoWa.4642
7174.879000	1000	002  	   2 0 2	000  	3 1 3	  06LiDuSoWa.4643
7176.143400	1000	002  	   3 1 3	000  	4 0 4	  06LiDuSoWa.4644
7176.493200	1000	002  	   2 1 2	000  	2 2 1	  06LiDuSoWa.4645
7176.554800	1000	002  	   9 5 4	000  	9 5 5	  06LiDuSoWa.4646
7176.928900	1000	002  	   2 1 1	000  	3 1 2	  06LiDuSoWa.4647
7177.217200	1000	002  	   8 5 4	000  	8 5 3	  06LiDuSoWa.4648
7178.122700	1000	002  	   7 5 3	000  	7 5 2	  06LiDuSoWa.4649
7178.140900	1000	002  	   7 5 2	000  	7 5 3	  06LiDuSoWa.4650
7178.946700	1000	002  	   6 5 2	000  	6 5 1	  06LiDuSoWa.4651
7178.946700	1000	002  	   6 5 1	000  	6 5 2	  06LiDuSoWa.4652
7178.994600	1000	002  	   5 3 3	000  	6 2 4	  06LiDuSoWa.4653
7179.686200	1000	002  	   5 5 0	000  	5 5 1	  06LiDuSoWa.4654
7179.686200	1000	002  	   5 5 1	000  	5 5 0	  06LiDuSoWa.4655
7181.285900	1000	002  	   5 0 5	000  	5 1 4	  06LiDuSoWa.4656
7182.495100	1000	002  	   6 1 5	000  	6 2 4	  06LiDuSoWa.4657
7183.699400	1000	002  	   2 0 2	000  	3 0 3	  06LiDuSoWa.4658
7185.303400	1000	002  	   7 2 6	000  	7 2 5	  06LiDuSoWa.4659
7185.950400	1000	002  	   9 3 7	000  	9 3 6	  06LiDuSoWa.4660
7186.133400	1000	002  	   8 4 5	000  	7 5 2	  06LiDuSoWa.4661
7186.466000	1000	002  	   6 4 3	000  	7 3 4	  06LiDuSoWa.4662
7186.632600	1000	002  	   5 1 4	000  	5 2 3	  06LiDuSoWa.4663
7186.685000	1000	002  	   3 1 2	000  	3 2 1	  06LiDuSoWa.4664
7186.832900	1000	002  	   1 0 1	000  	2 1 2	  06LiDuSoWa.4665
7187.721600	1000	002  	   4 1 3	000  	4 2 2	  06LiDuSoWa.4666
7188.740500	1000	002  	   6 3 3	000  	7 2 6	  06LiDuSoWa.4667
7190.856500	1000	002  	   9 4 6	000  	9 4 5	  06LiDuSoWa.4668
7192.451700	1000	002  	   3 2 2	000  	4 1 3	  06LiDuSoWa.4669
7193.223300	1000	002  	   8 4 5	000  	8 4 4	  06LiDuSoWa.4670
7193.358300	1000	002  	   2 1 2	000  	3 0 3	  06LiDuSoWa.4671
7193.639200	1000	002  	   1 1 0	000  	2 1 1	  06LiDuSoWa.4672
7193.681000	1000	002  	   4 0 4	000  	4 1 3	  06LiDuSoWa.4673
7194.708400	1000	002  	   7 4 4	000  	7 4 3	  06LiDuSoWa.4674
7195.551100	1000	002  	   7 4 3	000  	7 4 4	  06LiDuSoWa.4675
7195.649100	1000	002  	   8 4 4	000  	8 4 5	  06LiDuSoWa.4676
7195.962800	1000	002  	   6 4 2	000  	6 4 3	  06LiDuSoWa.4677
7196.512100	1000	002  	   5 4 2	000  	5 4 1	  06LiDuSoWa.4678
7196.559900	1000	002  	   5 4 1	000  	5 4 2	  06LiDuSoWa.4679
7196.774700	1000	002  	   9 4 5	000  	9 4 6	  06LiDuSoWa.4680
7197.164600	1000	002  	   4 4 1	000  	4 4 0	  06LiDuSoWa.4681
7197.164600	1000	002  	   4 4 0	000  	4 4 1	  06LiDuSoWa.4682
7198.018800	1000	002  	   4 1 4	000  	4 1 3	  06LiDuSoWa.4683
7198.266700	1000	002  	   6 2 5	000  	6 2 4	  06LiDuSoWa.4684
7198.530500	1000	002  	   1 0 1	000  	2 0 2	  06LiDuSoWa.4685
7200.649900	1000	002  	   6 3 3	000  	5 4 2	  06LiDuSoWa.4686
7201.009500	1000	002  	   4 3 2	000  	5 2 3	  06LiDuSoWa.4687
7202.575700	1000	002  	   7 3 5	000  	7 3 4	  06LiDuSoWa.4688
7202.806000	1000	002  	   3 0 3	000  	3 1 2	  06LiDuSoWa.4689
7204.562200	1000	002  	   4 2 3	000  	3 3 0	  06LiDuSoWa.4690
7205.834700	1000	002  	   5 4 2	000  	6 3 3	  06LiDuSoWa.4691
7206.686500	1000	002  	   6 3 4	000  	6 3 3	  06LiDuSoWa.4692
7208.105800	1000	002  	   5 2 4	000  	5 2 3	  06LiDuSoWa.4693
7208.807100	1000	002  	   2 0 2	000  	2 1 1	  06LiDuSoWa.4694
7208.997100	1000	002  	   5 3 3	000  	5 3 2	  06LiDuSoWa.4695
7209.666600	1000	002  	   3 1 3	000  	3 1 2	  06LiDuSoWa.4696
7210.246800	1000	002  	   4 3 2	000  	4 3 1	  06LiDuSoWa.4697
7210.742000	1000	002  	   4 3 1	000  	4 3 2	  06LiDuSoWa.4698
7210.955000	1000	002  	   3 3 1	000  	3 3 0	  06LiDuSoWa.4699
7211.026800	1000	002  	   3 3 0	000  	3 3 1	  06LiDuSoWa.4700
7212.178400	1000	002  	   6 3 3	000  	6 3 4	  06LiDuSoWa.4701
7212.280800	1000	002  	   1 0 1	000  	1 1 0	  06LiDuSoWa.4702
7214.809500	1000	002  	   4 2 3	000  	4 2 2	  06LiDuSoWa.4703
7218.464200	1000	002  	   2 1 2	000  	2 1 1	  06LiDuSoWa.4704
7218.744400	1000	002  	   3 2 2	000  	3 2 1	  06LiDuSoWa.4705
7220.620200	1000	002  	   2 2 1	000  	2 2 0	  06LiDuSoWa.4706
7222.575900	1000	002  	   3 2 1	000  	3 2 2	  06LiDuSoWa.4707
7223.780800	1000	002  	   4 4 1	000  	5 3 2	  06LiDuSoWa.4708
7224.322800	1000	002  	   1 1 1	000  	1 1 0	  06LiDuSoWa.4709
7224.553600	1000	002  	   4 4 0	000  	5 3 3	  06LiDuSoWa.4710
7225.659200	1000	002  	   4 2 2	000  	4 2 3	  06LiDuSoWa.4711
7229.012900	1000	002  	   9 3 6	000  	9 3 7	  06LiDuSoWa.4712
7229.448800	1000	002  	   2 2 0	000  	3 1 3	  06LiDuSoWa.4713
7229.837600	1000	002  	   1 1 0	000  	1 1 1	  06LiDuSoWa.4714
7234.514700	1000	002  	   8 1 7	000  	7 3 4	  06LiDuSoWa.4715
7234.583100	1000	002  	   3 1 2	000  	2 2 1	  06LiDuSoWa.4716
7234.997300	1000	002  	   2 1 1	000  	2 1 2	  06LiDuSoWa.4717
7239.322200	1000	002  	   6 2 4	000  	6 2 5	  06LiDuSoWa.4718
7240.130400	1000	002  	   8 3 5	000  	7 4 4	  06LiDuSoWa.4719
7242.623600	1000	002  	   3 1 2	000  	3 1 3	  06LiDuSoWa.4720
7243.880900	1000	002  	   1 1 0	000  	1 0 1	  06LiDuSoWa.4721
7244.428300	1000	002  	   1 0 1	000  	0 0 0	  06LiDuSoWa.4722
7245.006300	1000	002  	   2 0 2	000  	1 1 1	  06LiDuSoWa.4723
7249.694800	1000	002  	   7 2 5	000  	7 2 6	  06LiDuSoWa.4724
7251.446100	1000	002  	   3 1 2	000  	3 0 3	  06LiDuSoWa.4725
7252.491800	1000	002  	   4 1 3	000  	4 1 4	  06LiDuSoWa.4726
7254.663300	1000	002  	   2 1 2	000  	1 1 1	  06LiDuSoWa.4727
7256.471900	1000	002  	   1 1 1	000  	0 0 0	  06LiDuSoWa.4728
7258.867000	1000	002  	   5 2 3	000  	5 1 4	  06LiDuSoWa.4729
7259.047400	1000	002  	   2 0 2	000  	1 0 1	  06LiDuSoWa.4730
7260.445000	1000	002  	   2 1 1	000  	1 1 0	  06LiDuSoWa.4731
7260.733600	1000	002  	   3 2 1	000  	3 1 2	  06LiDuSoWa.4732
7260.976500	1000	002  	   6 2 4	000  	6 1 5	  06LiDuSoWa.4733
7262.701200	1000	002  	   9 3 6	000  	8 4 5	  06LiDuSoWa.4734
7263.380400	1000	002  	   2 2 0	000  	2 1 1	  06LiDuSoWa.4735
7266.646300	1000	002  	   3 2 2	000  	2 2 1	  06LiDuSoWa.4736
7267.733800	1000	002  	   3 1 3	000  	2 1 2	  06LiDuSoWa.4737
7267.909900	1000	002  	   5 1 4	000  	5 0 5	  06LiDuSoWa.4738
7268.418900	1000	002  	   3 2 1	000  	2 2 0	  06LiDuSoWa.4739
7268.704300	1000	002  	   2 1 2	000  	1 0 1	  06LiDuSoWa.4740
7271.002000	1000	002  	   2 2 1	000  	2 1 2	  06LiDuSoWa.4741
7271.591500	1000	002  	   6 5 1	000  	5 5 0	  06LiDuSoWa.4742
7271.591500	1000	002  	   6 5 2	000  	5 5 1	  06LiDuSoWa.4743
7272.571000	1000	002  	   3 0 3	000  	2 0 2	  06LiDuSoWa.4744
7272.657500	1000	002  	   8 2 6	000  	8 1 7	  06LiDuSoWa.4745
7272.820800	1000	002  	   4 3 1	000  	3 3 0	  06LiDuSoWa.4746
7273.400500	1000	002  	   5 3 3	000  	6 1 6	  06LiDuSoWa.4747
7273.991400	1000	002  	   5 4 2	000  	4 4 1	  06LiDuSoWa.4748
7274.019200	1000	002  	   5 4 1	000  	4 4 0	  06LiDuSoWa.4749
7274.683900	1000	002  	   3 2 2	000  	3 1 3	  06LiDuSoWa.4750
7274.723900	1000	002  	   6 3 3	000  	6 2 4	  06LiDuSoWa.4751
7274.959300	1000	002  	   9 2 7	000  	9 2 8	  06LiDuSoWa.4752
7275.911700	1000	002  	   4 0 4	000  	3 1 3	  06LiDuSoWa.4753
7276.552300	1000	002  	   3 1 2	000  	2 1 1	  06LiDuSoWa.4754
7279.092600	1000	002  	   6 1 5	000  	6 0 6	  06LiDuSoWa.4755
7279.219900	1000	002  	   5 3 2	000  	5 2 3	  06LiDuSoWa.4756
7279.432500	1000	002  	   3 1 3	000  	2 0 2	  06LiDuSoWa.4757
7279.582800	1000	002  	   4 2 3	000  	4 1 4	  06LiDuSoWa.4758
7280.102000	1000	002  	   8 6 2	000  	7 6 1	  06LiDuSoWa.4759
7280.102000	1000	002  	   8 6 3	000  	7 6 2	  06LiDuSoWa.4760
7280.247100	1000	002  	   4 1 4	000  	3 1 3	  06LiDuSoWa.4761
7280.858600	1000	002  	   7 5 2	000  	8 3 5	  06LiDuSoWa.4762
7280.969100	1000	002  	   4 2 3	000  	3 2 2	  06LiDuSoWa.4763
7281.903700	1000	002  	   9 2 7	000  	9 1 8	  06LiDuSoWa.4764
7283.069800	1000	002  	   4 3 1	000  	4 2 2	  06LiDuSoWa.4765
7283.505600	1000	002  	   3 2 2	000  	3 0 3	  06LiDuSoWa.4766
7284.733600	1000	002  	   4 0 4	000  	3 0 3	  06LiDuSoWa.4767
7284.822800	1000	002  	   9 4 5	000  	9 3 6	  06LiDuSoWa.4768
7285.242600	1000	002  	   4 2 2	000  	3 2 1	  06LiDuSoWa.4769
7287.363400	1000	002  	   3 3 1	000  	3 2 2	  06LiDuSoWa.4770
7287.502500	1000	002  	   5 3 3	000  	4 3 2	  06LiDuSoWa.4771
7287.642500	1000	002  	   4 3 2	000  	4 2 3	  06LiDuSoWa.4772
7288.458600	1000	002  	   5 3 2	000  	4 3 1	  06LiDuSoWa.4773
7288.569200	1000	002  	   5 3 3	000  	5 2 4	  06LiDuSoWa.4774
7288.923300	1000	002  	   6 4 3	000  	5 4 2	  06LiDuSoWa.4775
7289.388100	1000	002  	   5 2 4	000  	5 0 5	  06LiDuSoWa.4776
7290.352700	1000	002  	   6 3 4	000  	6 2 5	  06LiDuSoWa.4777
7292.035200	1000	002  	   4 1 3	000  	3 1 2	  06LiDuSoWa.4778
7292.153700	1000	002  	   5 1 5	000  	4 1 4	  06LiDuSoWa.4779
7292.678200	1000	002  	   6 2 5	000  	6 1 6	  06LiDuSoWa.4780
7293.119800	1000	002  	   7 3 5	000  	7 2 6	  06LiDuSoWa.4781
7294.606800	1000	002  	   9 6 3	000  	8 6 2	  06LiDuSoWa.4782
7294.606800	1000	002  	   9 6 4	000  	8 6 3	  06LiDuSoWa.4783
7294.741300	1000	002  	   5 2 4	000  	4 2 3	  06LiDuSoWa.4784
7294.864300	1000	002  	   6 2 5	000  	6 0 6	  06LiDuSoWa.4785
7295.690300	1000	002  	   5 0 5	000  	4 0 4	  06LiDuSoWa.4786
7296.450900	1000	002  	   2 2 1	000  	1 1 0	  06LiDuSoWa.4787
7296.912600	1000	002  	   8 3 6	000  	8 2 7	  06LiDuSoWa.4788
7298.171300	1000	002  	   5 1 5	000  	4 0 4	  06LiDuSoWa.4789
7299.579600	1000	002  	   2 2 0	000  	1 1 1	  06LiDuSoWa.4790
7300.450900	1000	002  	   6 4 3	000  	6 3 4	  06LiDuSoWa.4791
7300.527700	1000	002  	   7 2 6	000  	7 1 7	  06LiDuSoWa.4792
7300.635300	1000	002  	   5 4 1	000  	5 3 2	  06LiDuSoWa.4793
7301.054600	1000	002  	   8 5 4	000  	7 5 3	  06LiDuSoWa.4794
7301.118900	1000	002  	   8 5 3	000  	7 5 2	  06LiDuSoWa.4795
7301.374300	1000	002  	   5 4 2	000  	5 3 3	  06LiDuSoWa.4796
7302.224600	1000	002  	   6 3 4	000  	5 3 3	  06LiDuSoWa.4797
7302.282200	1000	002  	   8 1 7	000  	8 1 8	  06LiDuSoWa.4798
7302.478100	1000	002  	   5 2 3	000  	4 2 2	  06LiDuSoWa.4799
7303.453700	1000	002  	   6 1 6	000  	5 1 5	  06LiDuSoWa.4800
7303.824000	1000	002  	   7 4 4	000  	6 4 3	  06LiDuSoWa.4801
7304.188800	1000	002  	   11 5 7	000  	11 4 8	  06LiDuSoWa.4802
7304.726500	1000	002  	   6 3 3	000  	5 3 2	  06LiDuSoWa.4803
7306.558800	1000	002  	   5 1 4	000  	4 1 3	  06LiDuSoWa.4804
7307.212200	1000	002  	   6 1 6	000  	5 0 5	  06LiDuSoWa.4805
7307.843500	1000	002  	   6 2 5	000  	5 2 4	  06LiDuSoWa.4806
7308.612100	1000	002  	   3 2 2	000  	2 1 1	  06LiDuSoWa.4807
7312.062200	1000	002  	   6 5 2	000  	6 4 3	  06LiDuSoWa.4808
7313.514300	1000	002  	   7 0 7	000  	6 1 6	  06LiDuSoWa.4809
7313.623200	1000	002  	   8 5 4	000  	9 2 7	  06LiDuSoWa.4810
7313.623200	1000	002  	   2 2 0	000  	1 0 1	  06LiDuSoWa.4811
7313.776000	1000	002  	   9 1 8	000  	9 1 9	  06LiDuSoWa.4812
7314.111400	1000	002  	   9 1 8	000  	9 0 9	  06LiDuSoWa.4813
7314.186600	1000	002  	   7 1 7	000  	6 1 6	  06LiDuSoWa.4814
7314.948700	1000	002  	   9 6 3	000  	9 5 4	  06LiDuSoWa.4815
7315.051700	1000	002  	   9 6 4	000  	9 5 5	  06LiDuSoWa.4816
7316.562200	1000	002  	   7 3 5	000  	6 3 4	  06LiDuSoWa.4817
7316.657500	1000	002  	   9 2 7	000  	8 3 6	  06LiDuSoWa.4818
7319.499600	1000	002  	   6 2 4	000  	5 2 3	  06LiDuSoWa.4819
7319.717200	1000	002  	   6 1 5	000  	5 1 4	  06LiDuSoWa.4820
7320.183400	1000	002  	   7 2 6	000  	6 2 5	  06LiDuSoWa.4821
7321.820900	1000	002  	   7 3 4	000  	6 3 3	  06LiDuSoWa.4822
7324.077500	1000	002  	   8 0 8	000  	7 1 7	  06LiDuSoWa.4823
7324.407600	1000	002  	   8 1 8	000  	7 1 7	  06LiDuSoWa.4824
7325.055900	1000	002  	   8 1 7	000  	7 2 6	  06LiDuSoWa.4825
7325.287800	1000	002  	   8 0 8	000  	7 0 7	  06LiDuSoWa.4826
7330.333300	1000	002  	   8 3 6	000  	7 3 5	  06LiDuSoWa.4827
7333.598800	1000	002  	   3 3 0	000  	2 2 1	  06LiDuSoWa.4828
7334.658700	1000	002  	   9 0 9	000  	8 0 8	  06LiDuSoWa.4829
7334.816900	1000	002  	   9 1 9	000  	8 0 8	  06LiDuSoWa.4830
7335.492700	1000	002  	   6 2 5	000  	5 1 4	  06LiDuSoWa.4831
7335.682900	1000	002  	   7 2 5	000  	6 2 4	  06LiDuSoWa.4832
7336.133700	1000	002  	   9 4 5	000  	8 4 4	  06LiDuSoWa.4833
7338.529600	1000	002  	   9 1 8	000  	8 2 7	  06LiDuSoWa.4834
7339.599100	1000	002  	   8 3 5	000  	7 3 4	  06LiDuSoWa.4835
7340.922600	1000	002  	   8 1 7	000  	7 1 6	  06LiDuSoWa.4836
7341.181600	1000	002  	   4 2 2	000  	3 1 3	  06LiDuSoWa.4837
7342.401600	1000	002  	   9 2 8	000  	8 2 7	  06LiDuSoWa.4838
7343.450400	1000	002  	   10 0 10	000  	9 1 9	  06LiDuSoWa.4839
7343.520400	1000	002  	   10 1 10	000  	9 1 9	  06LiDuSoWa.4840
7344.131200	1000	002  	   6 6 1	000  	7 4 4	  06LiDuSoWa.4841
7346.472000	1000	002  	   11 5 6	000  	10 5 5	  06LiDuSoWa.4842
7347.226900	1000	002  	   4 3 2	000  	3 2 1	  06LiDuSoWa.4843
7349.230700	1000	002  	   4 3 1	000  	3 2 2	  06LiDuSoWa.4844
7349.373100	1000	002  	   9 1 8	000  	8 1 7	  06LiDuSoWa.4845
7350.564300	1000	002  	   8 2 6	000  	7 2 5	  06LiDuSoWa.4846
7352.312000	1000	002  	   10 2 9	000  	9 2 8	  06LiDuSoWa.4847
7352.492700	1000	002  	   11 1 11	000  	10 1 10	  06LiDuSoWa.4848
7352.629900	1000	002  	   11 0 11	000  	10 0 10	  06LiDuSoWa.4849
7352.661800	1000	002  	   11 1 11	000  	10 0 10	  06LiDuSoWa.4850
7357.462500	1000	002  	   9 3 6	000  	8 3 5	  06LiDuSoWa.4851
7359.538800	1000	002  	   12 5 8	000  	11 5 7	  06LiDuSoWa.4852
7361.170100	1000	002  	   12 0 12	000  	11 0 11	  06LiDuSoWa.4853
7362.516200	1000	002  	   12 5 7	000  	11 5 6	  06LiDuSoWa.4854
7363.726900	1000	002  	   9 2 7	000  	8 2 6	  06LiDuSoWa.4855
7364.364400	1000	002  	   4 4 1	000  	3 3 0	  06LiDuSoWa.4856
7365.856000	1000	002  	   5 3 2	000  	4 2 3	  06LiDuSoWa.4857
7366.729900	1000	002  	   11 3 9	000  	10 3 8	  06LiDuSoWa.4858
7370.371400	1000	002  	   4 4 0	000  	5 1 5	  06LiDuSoWa.4859
7370.525000	1000	002  	   6 3 4	000  	5 2 3	  06LiDuSoWa.4860
7371.308300	1000	002  	   11 4 7	000  	10 4 6	  06LiDuSoWa.4861
7373.268900	1000	002  	   5 2 3	000  	4 0 4	  06LiDuSoWa.4862
7374.586500	1000	002  	   10 3 7	000  	9 3 6	  06LiDuSoWa.4863
7374.822600	1000	002  	   10 2 8	000  	9 2 7	  06LiDuSoWa.4864
7376.916600	1000	002  	   12 3 10	000  	11 3 9	  06LiDuSoWa.4865
7377.260400	1000	002  	   14 1 14	000  	13 0 13	  06LiDuSoWa.4866
7377.260400	1000	002  	   14 0 14	000  	13 0 13	  06LiDuSoWa.4867
7378.136000	1000	002  	   13 2 12	000  	12 2 11	  06LiDuSoWa.4868
7378.912900	1000	002  	   5 4 2	000  	4 3 1	  06LiDuSoWa.4869
7383.711800	1000	002  	   11 2 9	000  	10 2 8	  06LiDuSoWa.4870
7385.561800	1000	002  	   7 4 3	000  	7 2 6	  06LiDuSoWa.4871
7385.664100	1000	002  	   8 3 6	000  	7 2 5	  06LiDuSoWa.4872
7387.384500	1000	002  	   4 3 1	000  	3 1 2	  06LiDuSoWa.4873
7389.790700	1000	002  	   12 4 8	000  	11 4 7	  06LiDuSoWa.4874
7390.232300	1000	002  	   11 3 8	000  	10 3 7	  06LiDuSoWa.4875
7390.447000	1000	002  	   9 3 7	000  	8 2 6	  06LiDuSoWa.4876
7390.728500	1000	002  	   5 5 1	000  	4 4 0	  06LiDuSoWa.4877
7392.997200	1000	002  	   6 4 3	000  	5 3 2	  06LiDuSoWa.4878
7393.919000	1000	002  	   6 4 2	000  	5 3 3	  06LiDuSoWa.4879
7400.776400	1000	002  	   6 2 4	000  	5 0 5	  06LiDuSoWa.4880
7405.485900	1000	002  	   7 3 4	000  	6 2 5	  06LiDuSoWa.4881
7406.243000	1000	002  	   5 5 0	000  	6 2 5	  06LiDuSoWa.4882
7406.243000	1000	002  	   7 4 4	000  	6 3 3	  06LiDuSoWa.4883
7409.006500	1000	002  	   7 4 3	000  	6 3 4	  06LiDuSoWa.4884
7410.098000	1000	002  	   7 5 3	000  	7 3 4	  06LiDuSoWa.4885
7411.946400	1000	002  	   6 3 3	000  	5 1 4	  06LiDuSoWa.4886
7418.107700	1000	002  	   8 4 5	000  	7 3 4	  06LiDuSoWa.4887
7419.357900	1000	002  	   7 5 3	000  	6 4 2	  06LiDuSoWa.4888
7419.458700	1000	002  	   7 5 2	000  	6 4 3	  06LiDuSoWa.4889
7424.601800	1000	002  	   5 3 3	000  	4 1 4	  06LiDuSoWa.4890
7424.877900	1000	002  	   8 4 4	000  	7 3 5	  06LiDuSoWa.4891
7426.671200	1000	002  	   7 6 2	000  	6 5 1	  06LiDuSoWa.4892
7426.671200	1000	002  	   7 6 1	000  	6 5 2	  06LiDuSoWa.4893
7427.140700	1000	002  	   7 3 4	000  	6 1 5	  06LiDuSoWa.4894
7430.091600	1000	002  	   7 2 5	000  	6 1 6	  06LiDuSoWa.4895
7430.142600	1000	002  	   8 3 5	000  	7 2 6	  06LiDuSoWa.4896
7433.253100	1000	002  	   8 5 4	000  	7 4 3	  06LiDuSoWa.4897
7433.623600	1000	002  	   8 5 3	000  	7 4 4	  06LiDuSoWa.4898
7435.568600	1000	002  	   10 4 7	000  	9 3 6	  06LiDuSoWa.4899
7440.681200	1000	002  	   8 6 3	000  	7 5 2	  06LiDuSoWa.4900
7442.247100	1000	002  	   9 4 5	000  	8 3 6	  06LiDuSoWa.4901
7443.628700	1000	002  	   8 7 2	000  	7 6 1	  06LiDuSoWa.4902
7443.628700	1000	002  	   8 7 1	000  	7 6 2	  06LiDuSoWa.4903
7446.004300	1000	002  	   8 3 5	000  	7 1 6	  06LiDuSoWa.4904
7447.775300	1000	002  	   9 5 4	000  	8 4 5	  06LiDuSoWa.4905
7454.513400	1000	002  	   9 6 3	000  	8 5 4	  06LiDuSoWa.4906
7457.386000	1000	002  	   9 7 3	000  	8 6 2	  06LiDuSoWa.4907
7457.386000	1000	002  	   9 7 2	000  	8 6 3	  06LiDuSoWa.4908
7458.510900	1000	002  	   9 3 6	000  	8 2 7	  06LiDuSoWa.4909
7459.295800	1000	002  	   10 5 6	000  	9 4 5	  06LiDuSoWa.4910
7461.392000	1000	002  	   8 5 3	000  	8 2 6	  06LiDuSoWa.4911
7461.985700	1000	002  	   10 4 6	000  	9 3 7	  06LiDuSoWa.4912
7465.790700	1000	002  	   8 2 6	000  	7 1 7	  06LiDuSoWa.4913
7467.000700	1000	002  	   8 2 6	000  	7 0 7	  06LiDuSoWa.4914
7471.551900	1000	002  	   7 4 3	000  	6 2 4	  06LiDuSoWa.4915
7472.570400	1000	002  	   6 4 3	000  	5 2 4	  06LiDuSoWa.4916
7473.516600	1000	002  	   7 3 5	000  	6 1 6	  06LiDuSoWa.4917
7477.089600	1000	002  	   11 5 6	000  	10 4 7	  06LiDuSoWa.4918
7484.905300	1000	002  	   11 4 7	000  	10 3 8	  06LiDuSoWa.4919
7489.321300	1000	002  	   9 4 5	000  	8 2 6	  06LiDuSoWa.4920
7489.907400	1000	002  	   7 4 4	000  	6 2 5	  06LiDuSoWa.4921
7495.008300	1000	002  	   4 4 0	000  	3 1 3	  06LiDuSoWa.4922
7495.657000	1000	002  	   5 5 0	000  	4 3 1	  06LiDuSoWa.4923
7497.256400	1000	002  	   10 3 7	000  	9 1 8	  06LiDuSoWa.4924
7503.201200	1000	002  	   9 2 7	000  	8 1 8	  06LiDuSoWa.4925
7503.852300	1000	002  	   9 2 7	000  	8 0 8	  06LiDuSoWa.4926
7514.507100	1000	002  	   11 4 7	000  	10 2 8	  06LiDuSoWa.4927
7541.602500	1000	002  	   10 2 8	000  	9 0 9	  06LiDuSoWa.4928
7557.586600	1000	002  	   6 6 1	000  	6 3 4	  06LiDuSoWa.4929
7560.281400	1000	002  	   10 3 8	000  	9 1 9	  06LiDuSoWa.4930
7608.818400	1000	002  	   9 7 3	000  	9 4 6	  06LiDuSoWa.4931
16.730481	18.5	000	1	1	0	000	1	0	1	06ZeBaKuRi.1
11638.905800	3000	301	3	3	0	000	2	2	1	07MaToCa.1
11736.158300	3000	013	11	0	11	000	12	0	12	07MaToCa.2
11736.158300	3000	013	11	1	11	000	12	1	12	07MaToCa.3
11748.942700	3000	013	10	2	9	000	11	2	10	07MaToCa.4
11755.260000	3000	013	10	0	10	000	11	0	11	07MaToCa.5
11755.260000	3000	013	10	1	10	000	11	1	11	07MaToCa.6
11758.424100	3000	013	9	3	6	000	10	3	7	07MaToCa.7
11759.061300	3000	013	9	3	7	000	10	3	8	07MaToCa.8
11765.924300	3000	013	8	4	4	000	9	4	5	07MaToCa.9
11766.101300	3000	013	8	4	5	000	9	4	6	07MaToCa.10
11766.786600	3000	013	9	2	8	000	10	2	9	07MaToCa.11
11767.332600	3000	013	9	1	8	000	10	1	9	07MaToCa.12
11773.785700	3000	013	9	0	9	000	10	0	10	07MaToCa.13
11773.785700	3000	013	9	1	9	000	10	1	10	07MaToCa.14
11774.553100	3000	013	8	3	5	000	9	3	6	07MaToCa.15
11783.917000	3000	013	8	2	7	000	9	2	8	07MaToCa.16
11784.694900	3000	013	8	1	7	000	9	1	8	07MaToCa.17
11791.719600	3000	013	8	0	8	000	9	0	9	07MaToCa.18
11791.719600	3000	013	8	1	8	000	9	1	9	07MaToCa.19
11796.037800	3000	013	7	2	5	000	8	2	6	07MaToCa.20
11798.709400	3000	013	6	4	2	000	7	4	3	07MaToCa.21
11798.791700	3000	013	6	4	3	000	7	4	4	07MaToCa.22
11800.699700	3000	013	7	2	6	000	8	2	7	07MaToCa.23
11801.415400	3000	013	7	1	6	000	8	1	7	07MaToCa.24
11807.448700	3000	013	6	3	3	000	7	3	4	07MaToCa.25
11812.320500	3000	013	6	2	4	000	7	2	5	07MaToCa.26
11817.098600	3000	013	6	2	5	000	7	2	6	07MaToCa.27
11817.576900	3000	013	6	1	5	000	7	1	6	07MaToCa.28
11824.896600	3000	013	5	3	3	000	6	3	4	07MaToCa.29
11825.831500	3000	013	6	0	6	000	7	0	7	07MaToCa.30
11831.271500	3000	013	4	4	0	000	5	4	1	07MaToCa.31
11831.271500	3000	013	4	4	1	000	5	4	2	07MaToCa.32
11833.172400	3000	013	5	2	4	000	6	2	5	07MaToCa.33
11833.412700	3000	013	5	1	4	000	6	1	5	07MaToCa.34
11840.676100	3000	013	4	3	1	000	5	3	2	07MaToCa.35
11841.078400	3000	013	4	3	2	000	5	3	3	07MaToCa.36
11842.073400	3000	013	5	1	5	000	6	1	6	07MaToCa.37
11845.471600	3000	013	4	2	2	000	5	2	3	07MaToCa.38
11849.056800	3000	013	4	2	3	000	5	2	4	07MaToCa.39
11849.214300	3000	013	4	1	3	000	5	1	4	07MaToCa.40
11857.043400	3000	013	3	3	0	000	4	3	1	07MaToCa.41
11857.184600	3000	013	3	3	1	000	4	3	2	07MaToCa.42
11857.337000	3000	013	4	0	4	000	5	0	5	07MaToCa.43
11857.806800	3000	013	4	1	4	000	5	1	5	07MaToCa.44
11862.412900	3000	013	3	2	1	000	4	2	2	07MaToCa.45
11864.794500	3000	013	3	2	2	000	4	2	3	07MaToCa.46
11865.185100	3000	013	3	1	2	000	4	1	3	07MaToCa.47
11872.263300	3000	013	3	0	3	000	4	0	4	07MaToCa.48
11873.115700	3000	013	3	1	3	000	4	1	4	07MaToCa.49
11877.474100	3000	013	6	6	0	000	6	6	1	07MaToCa.50
11879.281700	3000	013	2	2	0	000	3	2	1	07MaToCa.51
11880.462300	3000	013	2	2	1	000	3	2	2	07MaToCa.52
11881.370200	3000	013	2	1	1	000	3	1	2	07MaToCa.53
11884.884400	3000	013	5	1	5	000	5	1	4	07MaToCa.54
11888.079900	3000	013	2	1	2	000	3	1	3	07MaToCa.55
11894.821400	3000	013	5	5	0	000	5	5	1	07MaToCa.56
11897.818800	3000	013	1	1	0	000	2	1	1	07MaToCa.57
11901.968300	3000	013	1	0	1	000	2	0	2	07MaToCa.58
11902.749000	3000	013	1	1	1	000	2	1	2	07MaToCa.59
11906.711000	3000	013	7	4	4	000	7	4	3	07MaToCa.60
11907.824500	3000	013	6	4	2	000	6	4	3	07MaToCa.61
11908.197700	3000	013	5	4	2	000	5	4	1	07MaToCa.62
11911.180200	3000	013	7	3	5	000	7	3	4	07MaToCa.63
11912.658900	3000	013	3	1	3	000	3	1	2	07MaToCa.64
11913.347200	3000	013	5	2	4	000	5	2	3	07MaToCa.65
11926.303400	3000	013	2	2	1	000	2	2	0	07MaToCa.66
11957.605800	3000	013	4	1	3	000	4	1	4	07MaToCa.67
11958.203600	3000	013	2	1	2	000	1	1	1	07MaToCa.68
11962.373100	3000	013	2	0	2	000	1	0	1	07MaToCa.69
11964.884600	3000	013	2	1	1	000	1	1	0	07MaToCa.70
11972.273100	3000	013	3	2	2	000	2	2	1	07MaToCa.71
11974.412700	3000	013	3	2	1	000	2	2	0	07MaToCa.72
11975.558500	3000	013	3	0	3	000	2	0	2	07MaToCa.73
11982.445900	3000	013	4	1	4	000	3	1	3	07MaToCa.74
11985.673100	3000	013	5	4	1	000	4	4	0	07MaToCa.75
11985.673100	3000	013	5	4	2	000	4	4	1	07MaToCa.76
11986.475400	3000	013	4	2	3	000	3	2	2	07MaToCa.77
11987.036200	3000	013	4	0	4	000	3	0	3	07MaToCa.78
11996.933700	3000	013	5	0	5	000	4	0	4	07MaToCa.79
11999.988400	3000	013	5	2	4	000	4	2	3	07MaToCa.80
12003.185500	3000	013	6	1	6	000	5	1	5	07MaToCa.81
12012.655100	3000	013	6	2	5	000	5	2	4	07MaToCa.82
12015.825600	3000	013	7	4	4	000	6	4	3	07MaToCa.83
12020.438200	3000	013	8	1	8	000	7	1	7	07MaToCa.84
12024.331700	3000	013	7	2	6	000	6	2	5	07MaToCa.85
12034.937000	3000	013	8	2	7	000	7	2	6	07MaToCa.86
12035.860000	3000	013	7	1	6	000	6	1	5	07MaToCa.87
12039.245500	3000	013	8	3	6	000	7	3	5	07MaToCa.88
12059.651200	3000	013	8	2	6	000	7	2	5	07MaToCa.89
12066.033500	3000	013	12	2	11	000	11	2	10	07MaToCa.90
12080.362100	3000	013	5	2	3	000	4	0	4	07MaToCa.91
12104.801200	3000	013	11	3	8	000	10	3	7	07MaToCa.92
6129.152090	400	101	6	4	3	000	7	5	2	09MiTaPuSt.1
6129.263250	400	101	6	4	2	000	7	5	3	09MiTaPuSt.2
6146.351560	400	101	5	4	2	000	6	5	1	09MiTaPuSt.3
6146.374480	400	101	5	4	1	000	6	5	2	09MiTaPuSt.4
6163.302750	1000	101	4	4	0	000	5	5	1	09MiTaPuSt.5
6163.302750	1000	101	4	4	1	000	5	5	0	09MiTaPuSt.6
6166.251630	400	101	6	3	3	000	7	4	4	09MiTaPuSt.7
6181.249200	400	101	5	3	3	000	6	4	2	09MiTaPuSt.8
6182.207680	2000	101	5	3	2	000	6	4	3	09MiTaPuSt.9
6198.434610	400	101	4	3	2	000	5	4	1	09MiTaPuSt.10
6198.685450	3000	101	4	3	1	000	5	4	2	09MiTaPuSt.11
6200.512980	400	101	7	2	5	000	8	3	6	09MiTaPuSt.12
6206.714630	400	101	11	0	11	000	12	1	12	09MiTaPuSt.13
6206.823070	400	101	11	1	11	000	12	0	12	09MiTaPuSt.14
6208.433040	400	101	5	1	5	000	6	2	4	09MiTaPuSt.15
6209.077430	3000	101	5	2	4	000	6	3	3	09MiTaPuSt.16
6210.868360	400	101	6	2	4	000	7	3	5	09MiTaPuSt.17
6215.193460	400	101	3	3	1	000	4	4	0	09MiTaPuSt.18
6215.231610	400	101	3	3	0	000	4	4	1	09MiTaPuSt.19
6222.448490	400	101	5	2	3	000	6	3	4	09MiTaPuSt.20
6223.450080	400	101	10	0	10	000	11	1	11	09MiTaPuSt.21
6223.671200	400	101	10	1	10	000	11	0	11	09MiTaPuSt.22
6229.524780	400	101	4	2	3	000	5	3	2	09MiTaPuSt.23
6230.707560	5000	101	9	2	8	000	10	1	9	09MiTaPuSt.24
6234.116300	400	101	8	1	7	000	9	2	8	09MiTaPuSt.25
6235.505890	400	101	4	2	2	000	5	3	3	09MiTaPuSt.26
6239.785200	400	101	9	0	9	000	10	1	10	09MiTaPuSt.27
6240.227490	400	101	9	1	9	000	10	0	10	09MiTaPuSt.28
6240.378290	400	101	4	1	4	000	5	2	3	09MiTaPuSt.29
6246.030370	400	101	7	1	6	000	8	2	7	09MiTaPuSt.30
6247.957090	400	101	3	2	2	000	4	3	1	09MiTaPuSt.31
6249.993620	400	101	3	2	1	000	4	3	2	09MiTaPuSt.32
6250.182880	400	101	8	2	7	000	9	1	8	09MiTaPuSt.33
6255.666370	400	101	8	0	8	000	9	1	9	09MiTaPuSt.34
6256.535910	400	101	8	1	8	000	9	0	9	09MiTaPuSt.35
6265.111110	400	101	2	2	1	000	3	3	0	09MiTaPuSt.36
6265.493260	400	101	2	2	0	000	3	3	1	09MiTaPuSt.37
6267.398880	400	101	5	1	4	000	6	2	5	09MiTaPuSt.38
6268.011380	400	101	3	1	3	000	4	2	2	09MiTaPuSt.39
6270.681840	400	101	7	2	6	000	8	1	7	09MiTaPuSt.40
6271.001260	400	101	7	0	7	000	8	1	8	09MiTaPuSt.41
6272.674070	400	101	7	1	7	000	8	0	8	09MiTaPuSt.42
6274.984260	400	101	6	3	3	000	6	4	2	09MiTaPuSt.43
6275.914930	400	101	4	3	2	000	4	4	1	09MiTaPuSt.44
6276.134270	400	101	4	3	1	000	4	4	0	09MiTaPuSt.45
6278.042340	400	101	4	1	3	000	5	2	4	09MiTaPuSt.46
6284.927890	5000	101	8	2	7	000	8	3	6	09MiTaPuSt.47
6285.659270	400	101	6	0	6	000	7	1	7	09MiTaPuSt.48
6289.330800	5000	101	3	1	2	000	4	2	3	09MiTaPuSt.49
6291.264000	400	101	8	0	8	000	8	1	7	09MiTaPuSt.50
6291.572600	400	101	2	1	2	000	3	2	1	09MiTaPuSt.51
6292.200050	400	101	6	2	5	000	7	1	6	09MiTaPuSt.52
6293.257510	400	101	7	2	6	000	7	3	5	09MiTaPuSt.53
6297.733110	2380	021	8	0	8	000	9	0	9	09MiTaPuSt.54
6298.208790	400	021	8	1	8	000	9	1	9	09MiTaPuSt.55
6299.477850	400	101	5	0	5	000	6	1	6	09MiTaPuSt.56
6299.776010	400	101	6	2	5	000	6	3	4	09MiTaPuSt.57
6301.534120	680	101	2	1	1	000	3	2	2	09MiTaPuSt.58
6304.626630	400	101	5	2	4	000	5	3	3	09MiTaPuSt.59
6305.028630	400	101	5	1	5	000	6	0	6	09MiTaPuSt.60
6308.030540	400	101	4	2	3	000	4	3	2	09MiTaPuSt.61
6309.014940	1640	021	7	1	6	000	8	1	7	09MiTaPuSt.62
6309.636240	580	101	7	0	7	000	7	1	6	09MiTaPuSt.63
6310.259640	400	101	3	2	2	000	3	3	1	09MiTaPuSt.64
6311.704540	400	101	1	1	1	000	2	2	0	09MiTaPuSt.65
6312.073640	1360	101	3	2	1	000	3	3	0	09MiTaPuSt.66
6312.371640	400	101	4	0	4	000	5	1	5	09MiTaPuSt.67
6312.461840	900	021	7	0	7	000	8	0	8	09MiTaPuSt.68
6313.043850	400	101	4	2	2	000	4	3	1	09MiTaPuSt.69
6313.313750	600	021	7	1	7	000	8	1	8	09MiTaPuSt.70
6314.409150	400	101	5	2	4	000	6	1	5	09MiTaPuSt.71
6314.809650	400	101	1	1	0	000	2	2	1	09MiTaPuSt.72
6314.994850	400	101	5	2	3	000	5	3	2	09MiTaPuSt.73
6316.127250	400	101	4	0	4	000	5	0	5	09MiTaPuSt.74
6317.414350	400	101	6	2	4	000	6	3	3	09MiTaPuSt.75
6317.900160	400	101	4	1	4	000	5	1	5	09MiTaPuSt.76
6318.004760	400	101	5	1	5	000	5	2	4	09MiTaPuSt.77
6319.288560	1100	101	7	2	5	000	7	3	4	09MiTaPuSt.78
6321.438160	780	021	6	1	5	000	7	1	6	09MiTaPuSt.79
6321.657960	400	101	4	1	4	000	5	0	5	09MiTaPuSt.80
6322.617660	400	101	3	1	2	000	4	1	3	09MiTaPuSt.81
6322.886770	400	101	8	1	7	000	8	2	6	09MiTaPuSt.82
6323.945070	400	101	6	3	4	000	7	2	5	09MiTaPuSt.83
6324.488070	400	101	3	0	3	000	4	1	4	09MiTaPuSt.84
6326.686470	400	021	6	0	6	000	7	0	7	09MiTaPuSt.85
6326.968570	400	101	6	0	6	000	6	1	5	09MiTaPuSt.86
6327.013470	400	101	4	1	4	000	4	2	3	09MiTaPuSt.87
6330.507980	400	101	3	0	3	000	4	0	4	09MiTaPuSt.88
6332.783490	400	101	3	1	3	000	4	1	4	09MiTaPuSt.89
6334.166790	400	101	3	1	3	000	3	2	2	09MiTaPuSt.90
6334.644290	400	021	5	1	4	000	6	1	5	09MiTaPuSt.91
6334.779590	400	101	7	1	6	000	7	2	5	09MiTaPuSt.92
6336.313790	400	101	2	0	2	000	3	1	3	09MiTaPuSt.93
6336.746490	400	101	4	2	3	000	5	1	4	09MiTaPuSt.94
6338.802500	400	101	3	1	3	000	4	0	4	09MiTaPuSt.95
6339.206300	400	021	5	2	3	000	6	2	4	09MiTaPuSt.96
6339.692100	400	101	2	1	1	000	3	1	2	09MiTaPuSt.97
6339.870500	400	021	6	3	3	000	7	3	4	09MiTaPuSt.98
6340.427600	1500	021	5	0	5	000	6	0	6	09MiTaPuSt.99
6342.292300	400	101	5	0	5	000	5	1	4	09MiTaPuSt.100
6342.601510	5000	021	6	3	4	000	7	3	5	09MiTaPuSt.101
6342.741710	400	021	5	1	5	000	6	1	6	09MiTaPuSt.102
6342.918510	400	101	6	1	5	000	6	2	4	09MiTaPuSt.103
6345.134810	400	101	2	0	2	000	3	0	3	09MiTaPuSt.104
6346.054010	400	021	5	2	4	000	6	2	5	09MiTaPuSt.105
6347.375820	400	101	2	1	1	000	2	2	0	09MiTaPuSt.106
6347.573120	400	101	5	1	4	000	5	2	3	09MiTaPuSt.107
6348.490320	400	101	1	0	1	000	2	1	2	09MiTaPuSt.108
6348.729920	400	021	4	1	3	000	5	1	4	09MiTaPuSt.109
6348.910020	400	101	3	1	2	000	3	2	1	09MiTaPuSt.110
6349.305920	400	101	4	1	3	000	4	2	2	09MiTaPuSt.111
6353.793930	400	021	4	0	4	000	5	0	5	09MiTaPuSt.112
6354.775530	400	101	4	0	4	000	4	1	3	09MiTaPuSt.113
6355.740230	400	021	4	2	2	000	5	2	3	09MiTaPuSt.114
6356.333430	400	101	2	1	2	000	3	0	3	09MiTaPuSt.115
6356.391830	400	021	5	3	2	000	6	3	3	09MiTaPuSt.116
6357.209330	440	021	4	1	4	000	5	1	5	09MiTaPuSt.117
6357.746240	400	021	5	3	3	000	6	3	4	09MiTaPuSt.118
6358.647940	400	101	3	2	2	000	4	1	3	09MiTaPuSt.119
6360.655040	400	021	4	2	3	000	5	2	4	09MiTaPuSt.120
6361.522440	400	101	0	0	0	000	1	1	1	09MiTaPuSt.121
6362.084640	400	101	1	1	1	000	2	1	2	09MiTaPuSt.122
6363.621450	400	021	3	1	2	000	4	1	3	09MiTaPuSt.123
6370.242260	400	101	2	0	2	000	2	1	1	09MiTaPuSt.124
6373.784870	400	101	1	1	1	000	2	0	2	09MiTaPuSt.125
6373.936370	400	101	1	0	1	000	1	1	0	09MiTaPuSt.126
6375.496670	940	021	3	2	2	000	4	2	3	09MiTaPuSt.127
6379.676880	400	101	2	2	1	000	3	1	2	09MiTaPuSt.128
6387.093790	400	101	3	2	1	000	4	1	4	09MiTaPuSt.129
6387.534900	400	101	1	1	1	000	1	1	0	09MiTaPuSt.130
6388.065200	400	101	2	2	0	000	2	2	1	09MiTaPuSt.131
6388.537100	5000	021	3	3	1	000	4	3	2	09MiTaPuSt.132
6389.262400	400	021	2	2	0	000	3	2	1	09MiTaPuSt.133
6390.565400	400	021	2	2	1	000	3	2	2	09MiTaPuSt.134
6392.980610	400	101	1	1	0	000	1	1	1	09MiTaPuSt.135
6395.255410	400	021	1	1	0	000	2	1	1	09MiTaPuSt.136
6395.450410	400	021	1	0	1	000	2	0	2	09MiTaPuSt.137
6400.202720	480	021	1	1	1	000	2	1	2	09MiTaPuSt.138
6406.439630	400	101	2	0	2	000	1	1	1	09MiTaPuSt.139
6407.021340	400	101	1	1	0	000	1	0	1	09MiTaPuSt.140
6409.457440	400	101	2	1	1	000	2	0	2	09MiTaPuSt.141
6410.532840	400	021	0	0	0	000	1	0	1	09MiTaPuSt.142
6411.122940	400	021	3	1	3	000	3	1	2	09MiTaPuSt.143
6413.670050	400	101	3	1	2	000	3	0	3	09MiTaPuSt.144
6415.461250	1240	101	4	1	3	000	3	2	2	09MiTaPuSt.145
6419.682960	400	101	1	1	1	000	0	0	0	09MiTaPuSt.146
6419.833760	400	021	2	1	2	000	2	1	1	09MiTaPuSt.147
6420.096560	400	101	4	1	3	000	4	0	4	09MiTaPuSt.148
6420.482360	400	101	2	0	2	000	1	0	1	09MiTaPuSt.149
6422.217670	400	101	5	2	3	000	5	1	4	09MiTaPuSt.150
6422.735170	400	101	6	2	4	000	6	1	5	09MiTaPuSt.151
6423.196670	1800	101	2	1	1	000	1	1	0	09MiTaPuSt.152
6423.732970	400	101	4	2	2	000	4	1	3	09MiTaPuSt.153
6425.651570	540	021	1	1	1	000	1	1	0	09MiTaPuSt.154
6425.699070	820	101	7	2	5	000	7	1	6	09MiTaPuSt.155
6426.224470	400	021	5	2	4	000	5	2	3	09MiTaPuSt.156
6426.638370	400	101	3	2	1	000	3	1	2	09MiTaPuSt.157
6428.853080	400	101	5	1	4	000	5	0	5	09MiTaPuSt.158
6430.037180	400	101	2	2	0	000	2	1	1	09MiTaPuSt.159
6430.393180	400	101	3	1	3	000	2	1	2	09MiTaPuSt.160
6431.300680	400	101	8	2	6	000	8	1	7	09MiTaPuSt.161
6431.455180	400	021	1	1	0	000	1	1	1	09MiTaPuSt.162
6431.679480	400	101	2	1	2	000	1	0	1	09MiTaPuSt.163
6433.798290	400	101	3	0	3	000	2	0	2	09MiTaPuSt.164
6435.085490	400	021	3	2	2	000	3	2	1	09MiTaPuSt.165
6435.906290	400	101	7	3	4	000	7	2	5	09MiTaPuSt.166
6437.005500	400	101	4	0	4	000	3	1	3	09MiTaPuSt.167
6437.157190	400	021	2	2	0	000	2	2	1	09MiTaPuSt.168
6437.744100	400	101	2	2	1	000	2	1	2	09MiTaPuSt.169
6438.731600	5000	021	3	2	1	000	3	2	2	09MiTaPuSt.170
6439.339300	400	101	9	2	7	000	9	1	8	09MiTaPuSt.171
6439.514400	400	101	6	1	5	000	6	0	6	09MiTaPuSt.172
6440.875800	400	101	3	2	2	000	3	1	3	09MiTaPuSt.173
6441.349300	400	021	1	0	1	000	0	0	0	09MiTaPuSt.174
6442.091510	400	101	3	1	3	000	2	0	2	09MiTaPuSt.175
6442.253600	400	101	6	3	3	000	6	2	4	09MiTaPuSt.176
6442.535610	400	101	4	1	4	000	3	1	3	09MiTaPuSt.177
6445.827610	5000	101	4	0	4	000	3	0	3	09MiTaPuSt.178
6445.849210	5000	021	3	1	2	000	3	1	3	09MiTaPuSt.179
6448.467120	400	101	5	3	2	000	5	2	3	09MiTaPuSt.180
6449.127720	400	021	6	3	4	000	6	3	3	09MiTaPuSt.181
6450.294620	400	021	5	3	3	000	5	3	2	09MiTaPuSt.182
6450.447920	400	101	5	2	4	000	5	1	5	09MiTaPuSt.183
6450.617620	5000	021	3	3	1	000	3	3	0	09MiTaPuSt.184
6450.617620	5000	021	4	3	2	000	4	3	1	09MiTaPuSt.185
6450.676320	1800	101	5	0	5	000	4	1	4	09MiTaPuSt.186
6450.676320	1800	021	3	3	0	000	3	3	1	09MiTaPuSt.187
6451.219420	400	101	7	1	6	000	7	0	7	09MiTaPuSt.188
6451.361520	1800	101	4	1	4	000	3	0	3	09MiTaPuSt.189
6451.930520	400	021	5	3	2	000	5	3	3	09MiTaPuSt.190
6452.493630	400	101	6	1	5	000	5	2	4	09MiTaPuSt.191
6453.585430	400	101	4	3	1	000	4	2	2	09MiTaPuSt.192
6454.040030	400	101	5	1	5	000	4	1	4	09MiTaPuSt.193
6456.033230	400	021	2	1	2	000	1	1	1	09MiTaPuSt.194
6457.130130	400	101	3	3	0	000	3	2	1	09MiTaPuSt.195
6458.092940	400	101	5	3	3	000	5	2	4	09MiTaPuSt.196
6458.230140	400	101	4	3	2	000	4	2	3	09MiTaPuSt.197
6458.805340	400	101	3	3	1	000	3	2	2	09MiTaPuSt.198
6458.825340	400	101	6	3	4	000	6	2	5	09MiTaPuSt.199
6459.560440	440	101	5	2	4	000	4	2	3	09MiTaPuSt.200
6459.993340	400	101	7	3	5	000	7	2	6	09MiTaPuSt.201
6460.059140	400	101	5	1	5	000	4	0	4	09MiTaPuSt.202
6462.663640	400	021	2	1	1	000	1	1	0	09MiTaPuSt.203
6463.008450	5000	101	6	0	6	000	5	1	5	09MiTaPuSt.204
6463.194850	400	101	2	2	1	000	1	1	0	09MiTaPuSt.205
6463.812950	400	101	7	2	6	000	7	1	7	09MiTaPuSt.206
6464.914850	400	101	6	1	6	000	5	1	5	09MiTaPuSt.207
6466.236050	400	101	2	2	0	000	1	1	1	09MiTaPuSt.208
6467.872760	400	101	7	4	3	000	7	3	4	09MiTaPuSt.209
6469.190260	400	021	3	1	3	000	2	1	2	09MiTaPuSt.210
6469.213260	1800	021	4	4	0	000	4	4	1	09MiTaPuSt.211
6469.213260	1800	021	4	4	1	000	4	4	0	09MiTaPuSt.212
6469.450060	1400	021	5	4	2	000	5	4	1	09MiTaPuSt.213
6469.481760	400	021	5	4	1	000	5	4	2	09MiTaPuSt.214
6469.660160	400	101	7	1	6	000	6	2	5	09MiTaPuSt.215
6469.701860	400	021	6	4	3	000	6	4	2	09MiTaPuSt.216
6469.879860	520	021	6	4	2	000	6	4	3	09MiTaPuSt.217
6470.461260	400	021	3	0	3	000	2	0	2	09MiTaPuSt.218
6471.483460	400	101	8	2	7	000	8	1	8	09MiTaPuSt.219
6472.724070	5000	101	7	4	4	000	7	3	5	09MiTaPuSt.220
6472.993970	400	101	6	4	2	000	6	3	3	09MiTaPuSt.221
6474.168570	400	101	7	0	7	000	6	1	6	09MiTaPuSt.222
6474.803270	620	101	3	2	2	000	2	1	1	09MiTaPuSt.223
6477.384370	400	101	7	1	7	000	6	0	6	09MiTaPuSt.224
6477.423970	400	101	5	4	2	000	5	3	3	09MiTaPuSt.225
6479.274180	400	101	4	4	0	000	4	3	1	09MiTaPuSt.226
6479.463980	400	101	4	4	1	000	4	3	2	09MiTaPuSt.227
6479.508780	5000	101	9	2	8	000	9	1	9	09MiTaPuSt.228
6479.778480	1880	021	3	1	2	000	2	1	1	09MiTaPuSt.229
6480.138580	400	101	6	1	5	000	5	1	4	09MiTaPuSt.230
6481.844980	400	021	4	1	4	000	3	1	3	09MiTaPuSt.231
6482.979080	480	021	3	2	2	000	2	2	1	09MiTaPuSt.232
6483.494490	400	021	4	0	4	000	3	0	3	09MiTaPuSt.233
6484.584690	3000	021	3	2	1	000	2	2	0	09MiTaPuSt.234
6484.673890	5000	101	4	2	3	000	3	1	2	09MiTaPuSt.235
6484.704590	1800	101	3	2	1	000	2	1	2	09MiTaPuSt.236
6491.153100	1000	021	5	5	0	000	5	5	1	09MiTaPuSt.237
6491.153100	1000	021	5	5	1	000	5	5	0	09MiTaPuSt.238
6491.463600	1000	021	6	5	1	000	6	5	2	09MiTaPuSt.239
6491.463600	1000	021	6	5	2	000	6	5	1	09MiTaPuSt.240
6492.854410	400	101	5	2	4	000	4	1	3	09MiTaPuSt.241
6494.167410	400	101	9	1	9	000	8	1	8	09MiTaPuSt.242
6495.448310	400	021	5	0	5	000	4	0	4	09MiTaPuSt.243
6496.654510	5000	021	4	1	3	000	3	1	2	09MiTaPuSt.244
6498.080610	5000	021	4	2	3	000	3	2	2	09MiTaPuSt.245
6499.545620	400	101	6	2	5	000	5	1	4	09MiTaPuSt.246
6501.956020	400	021	4	2	2	000	3	2	1	09MiTaPuSt.247
6503.268620	400	101	10	1	10	000	9	0	9	09MiTaPuSt.248
6504.644530	400	101	3	3	1	000	2	2	0	09MiTaPuSt.249
6505.029030	400	101	3	3	0	000	2	2	1	09MiTaPuSt.250
6506.583730	660	021	6	0	6	000	5	0	5	09MiTaPuSt.251
6512.862540	400	021	5	2	4	000	4	2	3	09MiTaPuSt.252
6512.930740	400	021	4	3	2	000	3	3	1	09MiTaPuSt.253
6513.089140	400	021	5	1	4	000	4	1	3	09MiTaPuSt.254
6513.127740	800	021	4	3	1	000	3	3	0	09MiTaPuSt.255
6516.480150	400	021	7	1	7	000	6	1	6	09MiTaPuSt.256
6517.174350	400	021	7	0	7	000	6	0	6	09MiTaPuSt.257
6519.743160	480	101	4	3	1	000	3	2	2	09MiTaPuSt.258
6520.044860	400	021	5	2	3	000	4	2	2	09MiTaPuSt.259
6526.938470	400	021	8	1	8	000	7	1	7	09MiTaPuSt.260
6527.242570	400	021	6	2	5	000	5	2	4	09MiTaPuSt.261
6527.339670	400	021	8	0	8	000	7	0	7	09MiTaPuSt.262
6528.790070	3000	021	6	1	5	000	5	1	4	09MiTaPuSt.263
6528.790070	3000	021	5	3	3	000	4	3	2	09MiTaPuSt.264
6529.356180	400	101	5	3	3	000	4	2	2	09MiTaPuSt.265
6529.473080	1080	021	5	3	2	000	4	3	1	09MiTaPuSt.266
6535.101690	400	101	5	3	2	000	4	2	3	09MiTaPuSt.267
6538.243390	400	021	6	2	4	000	5	2	3	09MiTaPuSt.268
6541.144500	400	021	7	2	6	000	6	2	5	09MiTaPuSt.269
6541.541900	400	101	4	4	1	000	3	3	0	09MiTaPuSt.270
6541.565300	5000	101	4	4	0	000	3	3	1	09MiTaPuSt.271
6543.459600	5000	021	7	1	6	000	6	1	5	09MiTaPuSt.272
6546.403210	5000	021	6	3	3	000	5	3	2	09MiTaPuSt.273
6546.494310	400	021	10	0	10	000	9	0	9	09MiTaPuSt.274
6546.938910	1280	021	5	4	1	000	4	4	0	09MiTaPuSt.275
6546.938910	1280	021	5	4	2	000	4	4	1	09MiTaPuSt.276
6551.826820	400	101	6	3	3	000	5	2	4	09MiTaPuSt.277
6554.508320	1800	021	8	2	7	000	7	2	6	09MiTaPuSt.278
6556.818130	400	021	7	2	5	000	6	2	4	09MiTaPuSt.279
6556.977230	460	021	8	1	7	000	7	1	6	09MiTaPuSt.280
6560.446440	1260	021	7	3	5	000	6	3	4	09MiTaPuSt.281
6562.973440	440	021	6	4	2	000	5	4	1	09MiTaPuSt.282
6564.092440	5000	021	7	3	4	000	6	3	3	09MiTaPuSt.283
6567.662850	400	101	6	4	3	000	5	3	2	09MiTaPuSt.284
6569.427350	5000	021	9	1	8	000	8	1	7	09MiTaPuSt.285
6574.741360	1000	101	5	5	0	000	4	4	1	09MiTaPuSt.286
6574.741360	1000	101	5	5	1	000	4	4	0	09MiTaPuSt.287
6575.990470	400	021	8	3	6	000	7	3	5	09MiTaPuSt.288
6578.992070	800	021	7	4	4	000	6	4	3	09MiTaPuSt.289
6579.247270	400	021	7	4	3	000	6	4	2	09MiTaPuSt.290
6579.270870	400	101	7	4	4	000	6	3	3	09MiTaPuSt.291
6582.577280	980	021	8	3	5	000	7	3	4	09MiTaPuSt.292
6587.768490	400	101	6	5	2	000	5	4	1	09MiTaPuSt.293
6587.786190	400	101	6	5	1	000	5	4	2	09MiTaPuSt.294
6587.911990	460	210	6	2	4	000	7	2	5	09MiTaPuSt.295
6590.277090	400	210	7	0	7	000	8	0	8	09MiTaPuSt.296
6592.108000	400	210	7	1	7	000	8	1	8	09MiTaPuSt.297
6599.240710	400	210	6	2	5	000	7	2	6	09MiTaPuSt.298
6600.331610	5000	101	7	5	3	000	6	4	2	09MiTaPuSt.299
-6600.428310	520	101	7	5	2	000	6	4	3	09MiTaPuSt.300
6604.486020	1000	101	6	6	0	000	5	5	1	09MiTaPuSt.301
6604.486020	1000	101	6	6	1	000	5	5	0	09MiTaPuSt.302
6608.422030	400	210	6	1	6	000	7	1	7	09MiTaPuSt.303
6613.020640	5000	210	5	1	4	000	6	1	5	09MiTaPuSt.304
6616.335610	1060	210	5	2	4	000	6	2	5	09MiTaPuSt.305
6617.006150	1000	101	7	6	1	000	6	5	2	09MiTaPuSt.306
6617.006150	1000	101	7	6	2	000	6	5	1	09MiTaPuSt.307
6620.978350	400	210	5	0	5	000	6	0	6	09MiTaPuSt.308
6623.479560	860	210	5	3	3	000	6	3	4	09MiTaPuSt.309
6629.195770	400	210	4	1	3	000	5	1	4	09MiTaPuSt.310
6635.715780	400	210	4	0	4	000	5	0	5	09MiTaPuSt.311
6640.172390	400	210	4	1	4	000	5	1	5	09MiTaPuSt.312
6641.728790	500	210	4	3	2	000	5	3	3	09MiTaPuSt.313
6646.106300	600	210	3	1	2	000	4	1	3	09MiTaPuSt.314
6646.829700	5000	210	3	2	1	000	4	2	2	09MiTaPuSt.315
6650.385910	3000	210	3	0	3	000	4	0	4	09MiTaPuSt.316
6663.322930	400	210	2	1	1	000	3	1	2	09MiTaPuSt.317
6665.197340	400	210	2	2	0	000	3	2	1	09MiTaPuSt.318
6665.355240	400	210	2	0	2	000	3	0	3	09MiTaPuSt.319
6670.868950	400	210	2	1	2	000	3	1	3	09MiTaPuSt.320
6680.570770	400	210	1	1	0	000	2	1	1	09MiTaPuSt.321
6685.789470	400	210	1	1	1	000	2	1	2	09MiTaPuSt.322
6696.254390	400	210	0	0	0	000	1	0	1	09MiTaPuSt.323
6709.621820	400	210	3	2	2	000	3	2	1	09MiTaPuSt.324
6713.092930	400	210	2	2	0	000	2	2	1	09MiTaPuSt.325
6716.769730	400	210	1	1	0	000	1	1	1	09MiTaPuSt.326
6717.493830	400	210	5	3	2	000	5	3	3	09MiTaPuSt.327
6719.266340	400	210	4	3	2	000	4	3	1	09MiTaPuSt.328
6719.644140	720	210	4	3	1	000	4	3	2	09MiTaPuSt.329
-6721.632640	400	210	3	3	1	000	3	3	0	09MiTaPuSt.330
-6721.689140	2000	210	3	3	0	000	3	3	1	09MiTaPuSt.331
6726.603750	1600	210	1	0	1	000	0	0	0	09MiTaPuSt.332
-6727.433650	500	210	5	4	2	000	5	4	1	09MiTaPuSt.333
-6739.666870	1000	210	5	5	0	000	5	5	1	09MiTaPuSt.334
-6739.666870	1000	210	5	5	1	000	5	5	0	09MiTaPuSt.335
6740.702680	400	210	2	0	2	000	1	0	1	09MiTaPuSt.336
6740.997380	400	210	2	1	2	000	1	1	1	09MiTaPuSt.337
6753.262800	400	210	3	1	3	000	2	1	2	09MiTaPuSt.338
6753.684600	400	210	3	0	3	000	2	0	2	09MiTaPuSt.339
6757.520810	400	210	3	2	2	000	2	2	1	09MiTaPuSt.340
6762.264620	400	210	3	1	2	000	2	1	1	09MiTaPuSt.341
6764.807620	400	210	4	1	4	000	3	1	3	09MiTaPuSt.342
6765.412420	400	210	4	0	4	000	3	0	3	09MiTaPuSt.343
6770.701130	400	210	4	2	3	000	3	2	2	09MiTaPuSt.344
6773.724340	400	210	4	2	2	000	3	2	1	09MiTaPuSt.345
6775.633440	1240	210	5	1	5	000	4	1	4	09MiTaPuSt.346
6777.123050	400	210	4	1	3	000	3	1	2	09MiTaPuSt.347
6781.569150	440	210	4	3	2	000	3	3	1	09MiTaPuSt.348
6781.718250	760	210	4	3	1	000	3	3	0	09MiTaPuSt.349
6783.146160	420	210	5	2	4	000	4	2	3	09MiTaPuSt.350
6785.777160	1800	210	6	0	6	000	5	0	5	09MiTaPuSt.351
6785.777160	1800	210	6	1	6	000	5	1	5	09MiTaPuSt.352
6794.983280	400	210	7	0	7	000	6	0	6	09MiTaPuSt.353
6795.033280	400	210	5	3	2	000	4	3	1	09MiTaPuSt.354
6802.968990	2000	210	6	2	4	000	5	2	3	09MiTaPuSt.355
-6803.774890	420	210	8	0	8	000	7	0	7	09MiTaPuSt.356
6805.630500	680	210	6	1	5	000	5	1	4	09MiTaPuSt.357
6805.630500	680	210	7	2	6	000	6	2	5	09MiTaPuSt.358
6806.930700	400	210	6	3	4	000	5	3	3	09MiTaPuSt.359
6808.143500	400	210	6	3	3	000	5	3	2	09MiTaPuSt.360
6818.713620	400	210	7	3	5	000	6	3	4	09MiTaPuSt.361
6820.123020	400	210	10	0	10	000	9	0	9	09MiTaPuSt.362
6820.467320	400	050	7	1	6	000	6	1	5	09MiTaPuSt.363
-6829.791340	700	210	8	3	6	000	7	3	5	09MiTaPuSt.364
6863.477600	1000	002	6	6	0	000	7	7	1	09MiTaPuSt.365
6863.477600	1000	002	6	6	1	000	7	7	0	09MiTaPuSt.366
6924.425510	400	002	8	4	4	000	9	5	5	09MiTaPuSt.367
6925.933210	1000	002	5	5	0	000	6	6	1	09MiTaPuSt.368
6925.933210	1000	002	5	5	1	000	6	6	0	09MiTaPuSt.369
6938.670040	400	002	7	4	4	000	8	5	3	09MiTaPuSt.370
6964.961080	540	002	8	2	7	000	9	3	6	09MiTaPuSt.371
6977.685910	800	002	7	3	5	000	8	4	4	09MiTaPuSt.372
6986.120620	1000	002	4	4	0	000	5	5	1	09MiTaPuSt.373
6986.120620	1000	002	4	4	1	000	5	5	0	09MiTaPuSt.374
6995.150240	400	002	6	3	4	000	7	4	3	09MiTaPuSt.375
7011.734870	5000	002	5	3	3	000	6	4	2	09MiTaPuSt.376
7019.180080	400	002	10	4	6	000	11	4	7	09MiTaPuSt.377
7019.892280	400	002	11	2	9	000	12	2	10	09MiTaPuSt.378
7020.474080	400	002	10	4	7	000	11	4	8	09MiTaPuSt.379
7021.099280	400	002	9	5	4	000	10	5	5	09MiTaPuSt.380
7024.236390	400	002	9	2	7	000	10	3	8	09MiTaPuSt.381
7027.845990	400	002	4	3	2	000	5	4	1	09MiTaPuSt.382
7031.840200	400	002	11	2	10	000	12	2	11	09MiTaPuSt.383
7032.080100	5000	002	11	1	10	000	12	1	11	09MiTaPuSt.384
7040.374820	400	002	7	2	5	000	8	3	6	09MiTaPuSt.385
7043.755320	400	002	3	3	1	000	4	4	0	09MiTaPuSt.386
7049.111630	400	002	6	2	4	000	7	3	5	09MiTaPuSt.387
7050.954430	400	002	9	3	7	000	10	3	8	09MiTaPuSt.388
7059.097550	400	002	5	2	3	000	6	3	4	09MiTaPuSt.389
7060.768850	400	002	9	1	8	000	10	2	9	09MiTaPuSt.390
7062.332750	400	002	8	4	5	000	8	5	4	09MiTaPuSt.391
7063.041450	5000	002	7	4	3	000	7	5	2	09MiTaPuSt.392
7063.400150	400	002	8	3	5	000	9	3	6	09MiTaPuSt.393
7063.976660	400	002	4	2	3	000	5	3	2	09MiTaPuSt.394
7064.639260	400	002	9	2	8	000	10	2	9	09MiTaPuSt.395
7070.134670	400	002	7	4	3	000	8	4	4	09MiTaPuSt.396
7070.466170	400	002	7	4	4	000	8	4	5	09MiTaPuSt.397
7078.089580	400	002	4	1	4	000	5	2	3	09MiTaPuSt.398
7080.982180	400	002	8	1	7	000	9	1	8	09MiTaPuSt.399
7081.764290	400	002	3	2	2	000	4	3	1	09MiTaPuSt.400
7083.799990	400	002	7	3	5	000	8	3	6	09MiTaPuSt.401
7084.089490	400	002	3	2	1	000	4	3	2	09MiTaPuSt.402
7087.449000	400	002	7	2	5	000	8	2	6	09MiTaPuSt.403
7087.634800	2400	002	8	2	7	000	9	1	8	09MiTaPuSt.404
7095.346310	400	002	8	0	8	000	9	1	9	09MiTaPuSt.405
7096.508010	400	002	6	1	5	000	7	2	6	09MiTaPuSt.406
7096.552010	400	002	7	2	6	000	8	2	7	09MiTaPuSt.407
7096.730910	400	002	7	1	6	000	8	1	7	09MiTaPuSt.408
7098.369110	400	002	2	2	1	000	3	3	0	09MiTaPuSt.409
7098.481310	5000	002	3	0	3	000	4	2	2	09MiTaPuSt.410
7098.836810	400	002	2	2	0	000	3	3	1	09MiTaPuSt.411
7103.363720	400	002	5	4	1	000	6	4	2	09MiTaPuSt.412
7103.416020	400	002	5	4	2	000	6	4	3	09MiTaPuSt.413
7104.926230	400	002	5	3	3	000	5	4	2	09MiTaPuSt.414
7105.324130	400	002	4	3	2	000	4	4	1	09MiTaPuSt.415
7105.351630	400	002	3	1	3	000	4	2	2	09MiTaPuSt.416
7107.395030	400	002	7	2	6	000	8	1	7	09MiTaPuSt.417
7107.454630	400	002	6	3	3	000	6	4	2	09MiTaPuSt.418
7110.283730	400	002	7	3	4	000	7	4	3	09MiTaPuSt.419
7110.346630	400	002	7	0	7	000	8	1	8	09MiTaPuSt.420
7110.992140	400	002	7	0	7	000	8	0	8	09MiTaPuSt.421
7111.018040	400	002	7	1	7	000	8	1	8	09MiTaPuSt.422
7111.664040	400	002	7	1	7	000	8	0	8	09MiTaPuSt.423
7112.281940	400	002	6	2	5	000	7	2	6	09MiTaPuSt.424
7112.371440	400	002	6	1	5	000	7	1	6	09MiTaPuSt.425
7112.712840	780	002	9	0	9	000	9	1	8	09MiTaPuSt.426
7112.872640	480	002	9	1	9	000	9	1	8	09MiTaPuSt.427
7112.899540	400	002	9	2	8	000	9	3	7	09MiTaPuSt.428
7114.712740	400	002	8	3	5	000	8	4	4	09MiTaPuSt.429
7115.732640	5000	002	8	1	7	000	8	3	6	09MiTaPuSt.430
7116.451840	1000	002	4	1	3	000	5	2	4	09MiTaPuSt.431
7116.451840	1000	002	5	3	3	000	6	3	4	09MiTaPuSt.432
7119.316250	5000	002	7	1	6	000	7	3	5	09MiTaPuSt.433
7124.778960	400	002	6	0	6	000	7	1	7	09MiTaPuSt.434
7127.313460	400	002	6	1	6	000	7	0	7	09MiTaPuSt.435
7128.597070	400	002	2	1	2	000	3	2	1	09MiTaPuSt.436
7129.973570	400	002	7	2	6	000	7	3	5	09MiTaPuSt.437
7132.235970	400	002	4	3	1	000	5	3	2	09MiTaPuSt.438
7132.707670	800	002	4	3	2	000	5	3	3	09MiTaPuSt.439
7134.442880	1000	002	7	7	0	000	7	7	1	09MiTaPuSt.440
7134.442880	1000	002	7	7	1	000	7	7	0	09MiTaPuSt.441
7138.470980	400	002	5	0	5	000	6	1	6	09MiTaPuSt.442
7143.142690	400	002	5	1	5	000	6	0	6	09MiTaPuSt.443
7143.548190	400	002	4	2	3	000	5	2	4	09MiTaPuSt.444
7144.106890	400	002	4	1	3	000	5	1	4	09MiTaPuSt.445
7144.435490	400	002	6	0	6	000	6	2	5	09MiTaPuSt.446
7146.167300	400	002	3	2	1	000	3	3	0	09MiTaPuSt.447
7148.262300	400	002	4	2	2	000	4	3	1	09MiTaPuSt.448
7148.494600	540	002	1	1	1	000	2	2	0	09MiTaPuSt.449
7151.202900	1120	002	9	2	8	000	9	2	7	09MiTaPuSt.450
7151.276200	400	002	4	0	4	000	5	1	5	09MiTaPuSt.451
7151.641710	400	002	5	2	3	000	5	3	2	09MiTaPuSt.452
7151.667200	400	002	1	1	0	000	2	2	1	09MiTaPuSt.453
7155.035510	400	002	4	0	4	000	5	0	5	09MiTaPuSt.454
7155.610710	400	002	4	1	4	000	5	1	5	09MiTaPuSt.455
7156.118710	400	002	5	1	5	000	5	2	4	09MiTaPuSt.456
7156.419510	400	002	3	2	1	000	4	2	2	09MiTaPuSt.457
7157.886810	1000	002	7	6	1	000	7	6	2	09MiTaPuSt.458
7157.886810	1000	002	7	6	2	000	7	6	1	09MiTaPuSt.459
7158.720020	1000	002	6	6	0	000	6	6	1	09MiTaPuSt.460
7158.720020	1000	002	6	6	1	000	6	6	0	09MiTaPuSt.461
7159.371120	400	002	4	1	4	000	5	0	5	09MiTaPuSt.462
7162.810620	400	002	8	1	7	000	8	2	6	09MiTaPuSt.463
7163.262020	400	002	3	0	3	000	4	1	4	09MiTaPuSt.464
7169.282230	400	002	3	0	3	000	4	0	4	09MiTaPuSt.465
7170.122140	400	002	3	1	3	000	4	1	4	09MiTaPuSt.466
7171.209040	5000	002	4	2	3	000	5	1	4	09MiTaPuSt.467
7171.509140	400	002	3	1	3	000	3	2	2	09MiTaPuSt.468
7173.513840	400	002	2	2	0	000	3	2	1	09MiTaPuSt.469
7174.639540	400	002	7	1	6	000	7	2	5	09MiTaPuSt.470
7174.778540	1800	002	2	2	1	000	3	2	2	09MiTaPuSt.471
7174.879140	400	002	2	0	2	000	3	1	3	09MiTaPuSt.472
7176.143250	400	002	3	1	3	000	4	0	4	09MiTaPuSt.473
7176.929150	400	002	2	1	1	000	3	1	2	09MiTaPuSt.474
7178.117050	880	002	7	5	3	000	7	5	2	09MiTaPuSt.475
7178.139850	1000	002	7	5	2	000	7	5	3	09MiTaPuSt.476
7178.945350	1000	002	6	5	1	000	6	5	2	09MiTaPuSt.477
7178.945350	1000	002	6	5	2	000	6	5	1	09MiTaPuSt.478
7183.699760	400	002	2	0	2	000	3	0	3	09MiTaPuSt.479
7184.535560	400	002	2	1	2	000	3	1	3	09MiTaPuSt.480
7184.614660	400	002	2	1	1	000	2	2	0	09MiTaPuSt.481
7185.951560	400	002	9	3	7	000	9	3	6	09MiTaPuSt.482
7186.466960	5000	002	6	4	3	000	7	3	4	09MiTaPuSt.483
7186.630660	400	002	5	1	4	000	5	2	3	09MiTaPuSt.484
7186.685160	400	002	3	1	2	000	3	2	1	09MiTaPuSt.485
7186.830060	400	002	1	0	1	000	2	1	2	09MiTaPuSt.486
7187.721270	400	002	4	1	3	000	4	2	2	09MiTaPuSt.487
7193.223370	400	002	8	4	5	000	8	4	4	09MiTaPuSt.488
7193.357680	400	002	2	1	2	000	3	0	3	09MiTaPuSt.489
7193.639080	400	002	1	1	0	000	2	1	1	09MiTaPuSt.490
7193.681080	400	002	4	0	4	000	4	1	3	09MiTaPuSt.491
7195.963000	400	002	6	4	2	000	6	4	3	09MiTaPuSt.492
7196.511680	400	002	5	4	2	000	5	4	1	09MiTaPuSt.493
7196.559780	400	002	5	4	1	000	5	4	2	09MiTaPuSt.494
7198.271680	400	002	6	2	5	000	6	2	4	09MiTaPuSt.495
7198.530180	400	002	1	0	1	000	2	0	2	09MiTaPuSt.496
7198.874980	400	002	1	1	1	000	2	1	2	09MiTaPuSt.497
7206.685100	540	002	6	3	4	000	6	3	3	09MiTaPuSt.498
7208.108400	1800	002	5	2	4	000	5	2	3	09MiTaPuSt.499
7208.806800	400	002	2	0	2	000	2	1	1	09MiTaPuSt.500
7208.997100	400	002	5	3	3	000	5	3	2	09MiTaPuSt.501
7209.666300	400	002	3	1	3	000	3	1	2	09MiTaPuSt.502
7210.246700	400	002	4	3	2	000	4	3	1	09MiTaPuSt.503
7210.573400	400	002	1	1	1	000	2	0	2	09MiTaPuSt.504
7210.573400	1800	002	4	2	2	000	3	3	1	09MiTaPuSt.505
7210.741500	400	002	4	3	1	000	4	3	2	09MiTaPuSt.506
7210.920000	400	002	5	3	2	000	5	3	3	09MiTaPuSt.507
7210.954800	400	002	3	3	1	000	3	3	0	09MiTaPuSt.508
7211.026700	400	002	3	3	0	000	3	3	1	09MiTaPuSt.509
7212.280310	400	002	1	0	1	000	1	1	0	09MiTaPuSt.510
7213.766710	460	002	0	0	0	000	1	0	1	09MiTaPuSt.511
7218.464320	400	002	2	1	2	000	2	1	1	09MiTaPuSt.512
7218.744720	400	002	3	2	2	000	3	2	1	09MiTaPuSt.513
7222.576320	400	002	3	2	1	000	3	2	2	09MiTaPuSt.514
7224.322730	400	002	1	1	1	000	1	1	0	09MiTaPuSt.515
7227.381830	400	002	5	1	5	000	4	2	2	09MiTaPuSt.516
7234.579040	960	002	3	1	2	000	2	2	1	09MiTaPuSt.517
7239.321450	400	002	6	2	4	000	6	2	5	09MiTaPuSt.518
7244.428560	400	002	1	0	1	000	0	0	0	09MiTaPuSt.519
7245.003560	400	002	2	0	2	000	1	1	1	09MiTaPuSt.520
7251.439470	400	002	3	1	2	000	3	0	3	09MiTaPuSt.521
7254.663080	400	002	2	1	2	000	1	1	1	09MiTaPuSt.522
7256.471780	400	002	1	1	1	000	0	0	0	09MiTaPuSt.523
7258.512980	400	002	4	1	3	000	4	0	4	09MiTaPuSt.524
7258.863880	400	002	5	2	3	000	5	1	4	09MiTaPuSt.525
7258.950480	400	002	4	2	2	000	4	1	3	09MiTaPuSt.526
7259.047680	400	002	2	0	2	000	1	0	1	09MiTaPuSt.527
7260.445090	400	002	2	1	1	000	1	1	0	09MiTaPuSt.528
7263.379890	400	002	2	2	0	000	2	1	1	09MiTaPuSt.529
7264.154790	400	002	5	1	4	000	5	1	5	09MiTaPuSt.530
7268.703700	400	002	2	1	2	000	1	0	1	09MiTaPuSt.531
7271.002100	400	002	2	2	1	000	2	1	2	09MiTaPuSt.532
7271.589300	1000	002	6	5	1	000	5	5	0	09MiTaPuSt.533
7271.589300	1000	002	6	5	2	000	5	5	1	09MiTaPuSt.534
7272.550200	400	002	4	3	2	000	3	3	1	09MiTaPuSt.535
7272.571900	400	002	3	0	3	000	2	0	2	09MiTaPuSt.536
7276.552310	400	002	3	1	2	000	2	1	1	09MiTaPuSt.537
7279.220320	400	002	5	3	2	000	5	2	3	09MiTaPuSt.538
7279.432620	400	002	3	1	3	000	2	0	2	09MiTaPuSt.539
7279.582920	400	002	4	2	3	000	4	1	4	09MiTaPuSt.540
7280.247120	400	002	4	1	4	000	3	1	3	09MiTaPuSt.541
7285.627030	400	002	5	2	4	000	5	1	5	09MiTaPuSt.542
7286.334430	1000	002	7	5	2	000	6	5	1	09MiTaPuSt.543
7286.334430	1000	002	7	5	3	000	6	5	2	09MiTaPuSt.544
7287.364830	400	002	3	3	1	000	3	2	2	09MiTaPuSt.545
7287.639430	5000	002	4	3	2	000	4	2	3	09MiTaPuSt.546
7288.458730	400	002	5	3	2	000	4	3	1	09MiTaPuSt.547
7288.569330	400	002	5	3	3	000	5	2	4	09MiTaPuSt.548
7288.923230	400	002	6	4	3	000	5	4	2	09MiTaPuSt.549
7291.083140	5000	002	7	1	6	000	7	0	7	09MiTaPuSt.550
7292.035240	400	002	4	1	3	000	3	1	2	09MiTaPuSt.551
7292.066540	400	002	6	1	5	000	5	2	4	09MiTaPuSt.552
7292.153640	400	002	5	1	5	000	4	1	4	09MiTaPuSt.553
7293.114940	5000	002	7	3	5	000	7	2	6	09MiTaPuSt.554
7294.740840	400	002	5	2	4	000	4	2	3	09MiTaPuSt.555
7295.690340	400	002	5	0	5	000	4	0	4	09MiTaPuSt.556
7296.450640	400	002	2	2	1	000	1	1	0	09MiTaPuSt.557
7300.635150	400	002	5	4	1	000	5	3	2	09MiTaPuSt.558
7303.454260	400	002	6	1	6	000	5	1	5	09MiTaPuSt.559
7303.823760	400	002	7	4	4	000	6	4	3	09MiTaPuSt.560
7304.726160	400	002	6	3	3	000	5	3	2	09MiTaPuSt.561
7307.843560	400	002	6	2	5	000	5	2	4	09MiTaPuSt.562
7308.611860	400	002	3	2	2	000	2	1	1	09MiTaPuSt.563
7314.186770	400	002	7	1	7	000	6	1	6	09MiTaPuSt.564
7316.561580	400	002	7	3	5	000	6	3	4	09MiTaPuSt.565
7319.126280	400	002	4	2	3	000	3	1	2	09MiTaPuSt.566
7319.495580	400	002	6	2	4	000	5	2	3	09MiTaPuSt.567
7319.716580	400	002	6	1	5	000	5	1	4	09MiTaPuSt.568
7324.406490	400	002	8	1	8	000	7	1	7	09MiTaPuSt.569
7333.206100	400	002	3	3	1	000	2	2	0	09MiTaPuSt.570
7333.598400	400	002	3	3	0	000	2	2	1	09MiTaPuSt.571
7334.658610	400	002	9	0	9	000	8	0	8	09MiTaPuSt.572
7335.683110	400	002	7	2	5	000	6	2	4	09MiTaPuSt.573
7342.400820	400	002	9	2	8	000	8	2	7	09MiTaPuSt.574
7347.569730	980	002	8	2	7	000	7	1	6	09MiTaPuSt.575
7349.228530	400	002	4	3	1	000	3	2	2	09MiTaPuSt.576
7349.372130	400	002	9	1	8	000	8	1	7	09MiTaPuSt.577
7350.564130	400	002	8	2	6	000	7	2	5	09MiTaPuSt.578
7352.463830	5000	002	11	0	11	000	10	1	10	09MiTaPuSt.579
7352.492540	400	002	11	1	11	000	10	1	10	09MiTaPuSt.580
7352.630440	400	002	11	0	11	000	10	0	10	09MiTaPuSt.581
7352.662040	400	002	11	1	11	000	10	0	10	09MiTaPuSt.582
7359.831250	400	002	5	3	3	000	4	2	2	09MiTaPuSt.583
7361.096650	1500	002	12	1	12	000	11	1	11	09MiTaPuSt.584
7363.728450	400	002	9	2	7	000	8	2	6	09MiTaPuSt.585
7367.248360	400	002	5	2	3	000	4	1	4	09MiTaPuSt.586
7370.526260	400	002	6	3	4	000	5	2	3	09MiTaPuSt.587
7373.268570	400	002	5	2	3	000	4	0	4	09MiTaPuSt.588
7376.917670	400	002	12	3	10	000	11	3	9	09MiTaPuSt.589
7377.255370	580	002	14	1	14	000	13	1	13	09MiTaPuSt.590
7377.275270	620	002	14	0	14	000	13	0	13	09MiTaPuSt.591
7378.132980	400	002	13	2	12	000	12	2	11	09MiTaPuSt.592
7378.913780	1400	002	5	4	2	000	4	3	1	09MiTaPuSt.593
7379.139680	400	002	5	4	1	000	4	3	2	09MiTaPuSt.594
7392.997400	400	002	6	4	3	000	5	3	2	09MiTaPuSt.595
7400.776210	400	002	6	2	4	000	5	0	5	09MiTaPuSt.596
7405.485220	400	002	7	3	4	000	6	2	5	09MiTaPuSt.597
7409.006020	400	002	7	4	3	000	6	3	4	09MiTaPuSt.598
7412.475630	1000	002	6	6	0	000	5	5	1	09MiTaPuSt.599
7412.475630	1000	002	6	6	1	000	5	5	0	09MiTaPuSt.600
7418.108040	400	002	8	4	5	000	7	3	4	09MiTaPuSt.601
7419.457940	400	002	7	5	2	000	6	4	3	09MiTaPuSt.602
7427.139750	400	002	7	3	4	000	6	1	5	09MiTaPuSt.603
7430.097060	400	002	7	2	5	000	6	1	6	09MiTaPuSt.604
7430.141860	400	002	8	3	5	000	7	2	6	09MiTaPuSt.605
7433.252660	400	002	8	5	4	000	7	4	3	09MiTaPuSt.606
7433.622960	400	002	8	5	3	000	7	4	4	09MiTaPuSt.607
7442.246930	400	002	9	4	5	000	8	3	6	09MiTaPuSt.608
7443.627780	1000	002	8	7	1	000	7	6	2	09MiTaPuSt.609
7443.627780	1000	002	8	7	2	000	7	6	1	09MiTaPuSt.610
7446.004780	800	002	8	3	5	000	7	1	6	09MiTaPuSt.611
7446.665480	400	002	9	5	5	000	8	4	4	09MiTaPuSt.612
7447.775090	400	002	9	5	4	000	8	4	5	09MiTaPuSt.613
7458.510000	600	002	9	3	6	000	8	2	7	09MiTaPuSt.614
7764.793360	400	300	6	0	6	000	7	0	7	09MiTaPuSt.615
7765.242160	5000	300	5	1	4	000	6	1	5	09MiTaPuSt.616
7771.387270	400	300	5	2	4	000	6	2	5	09MiTaPuSt.617
7781.213780	520	300	5	0	5	000	6	0	6	09MiTaPuSt.618
7783.054580	400	300	5	1	5	000	6	1	6	09MiTaPuSt.619
7784.638090	400	300	4	1	3	000	5	1	4	09MiTaPuSt.620
7790.052700	400	300	4	2	3	000	5	2	4	09MiTaPuSt.621
7797.228800	400	300	4	0	4	000	5	0	5	09MiTaPuSt.622
7799.687010	400	300	4	1	4	000	5	1	5	09MiTaPuSt.623
7803.983220	400	300	3	1	2	000	4	1	3	09MiTaPuSt.624
7804.840320	400	300	3	2	1	000	4	2	2	09MiTaPuSt.625
7808.244620	400	300	3	2	2	000	4	2	3	09MiTaPuSt.626
7813.016130	660	300	3	0	3	000	4	0	4	09MiTaPuSt.627
7822.982040	400	300	2	1	1	000	3	1	2	09MiTaPuSt.628
7828.896850	560	300	2	0	2	000	3	0	3	09MiTaPuSt.629
7841.414950	5000	300	1	1	0	000	2	1	1	09MiTaPuSt.630
7844.887270	5000	300	1	0	1	000	2	0	2	09MiTaPuSt.631
7847.016670	3000	300	1	1	1	000	2	1	2	09MiTaPuSt.632
7860.752890	820	300	0	0	0	000	1	0	1	09MiTaPuSt.633
7861.421590	1800	300	4	4	0	000	4	4	1	09MiTaPuSt.634
7861.421590	1800	300	4	4	1	000	4	4	0	09MiTaPuSt.635
7863.764300	720	300	4	3	2	000	4	3	1	09MiTaPuSt.636
-7867.495700	1440	300	3	3	1	000	3	3	0	09MiTaPuSt.637
-7867.547500	480	300	3	3	0	000	3	3	1	09MiTaPuSt.638
7867.818800	940	300	3	2	2	000	3	2	1	09MiTaPuSt.639
7870.993310	5000	300	3	2	1	000	3	2	2	09MiTaPuSt.640
7872.387910	400	300	2	2	0	000	2	2	1	09MiTaPuSt.641
7872.453910	840	300	1	1	1	000	1	1	0	09MiTaPuSt.642
7877.598320	780	300	1	1	0	000	1	1	1	09MiTaPuSt.643
7901.825850	1320	300	2	1	2	000	1	1	1	09MiTaPuSt.644
7904.252660	3000	300	2	0	2	000	1	0	1	09MiTaPuSt.645
7906.499760	600	300	2	1	1	000	1	1	0	09MiTaPuSt.646
7913.528570	400	300	3	1	3	000	2	1	2	09MiTaPuSt.647
7915.725070	400	300	3	2	2	000	2	2	1	09MiTaPuSt.648
7916.310270	400	300	3	0	3	000	2	0	2	09MiTaPuSt.649
7920.147680	5000	300	3	1	2	000	2	1	1	09MiTaPuSt.650
7924.325380	400	300	4	1	4	000	3	1	3	09MiTaPuSt.651
7927.469090	400	300	4	2	3	000	3	2	2	09MiTaPuSt.652
7929.968090	600	300	4	2	2	000	3	2	1	09MiTaPuSt.653
7932.566290	460	300	4	1	3	000	3	1	2	09MiTaPuSt.654
7934.252100	580	300	5	1	5	000	4	1	4	09MiTaPuSt.655
7936.264600	400	300	5	0	5	000	4	0	4	09MiTaPuSt.656
7938.194800	400	300	5	2	4	000	4	2	3	09MiTaPuSt.657
7943.323210	400	300	6	1	6	000	5	1	5	09MiTaPuSt.658
7944.697480	5000	300	6	0	6	000	5	0	5	09MiTaPuSt.659
7951.606520	880	300	7	1	7	000	6	1	6	09MiTaPuSt.660
7952.323820	5000	300	7	0	7	000	6	0	6	09MiTaPuSt.661
7953.390520	5000	300	6	1	5	000	5	1	4	09MiTaPuSt.662
7953.947020	740	300	6	2	4	000	5	2	3	09MiTaPuSt.663
7956.572930	1060	300	7	2	6	000	6	2	5	09MiTaPuSt.664
7959.111130	580	300	8	1	8	000	7	1	7	09MiTaPuSt.665
7959.584130	400	300	8	0	8	000	7	0	7	09MiTaPuSt.666
8432.359120	660	012	9	0	9	000	10	0	10	09MiTaPuSt.667
8432.395720	560	012	9	1	9	000	10	1	10	09MiTaPuSt.668
8435.883380	400	012	8	2	6	000	9	2	7	09MiTaPuSt.669
8441.787630	1540	012	8	1	7	000	9	1	8	09MiTaPuSt.670
8443.008690	400	012	8	2	7	000	9	2	8	09MiTaPuSt.671
8448.710520	400	012	8	0	8	000	9	0	9	09MiTaPuSt.672
8448.801620	400	012	8	1	8	000	9	1	9	09MiTaPuSt.673
8451.281140	680	012	7	3	4	000	8	3	5	09MiTaPuSt.674
8454.249450	5000	012	7	3	5	000	8	3	6	09MiTaPuSt.675
8456.628760	400	012	7	1	6	000	8	1	7	09MiTaPuSt.676
8458.571150	400	012	7	2	6	000	8	2	7	09MiTaPuSt.677
8464.599460	400	012	7	0	7	000	8	0	8	09MiTaPuSt.678
8464.801650	400	012	7	1	7	000	8	1	8	09MiTaPuSt.679
8467.216910	400	012	6	4	2	000	7	4	3	09MiTaPuSt.680
8467.374460	520	012	6	4	3	000	7	4	4	09MiTaPuSt.681
8468.099460	500	012	6	3	3	000	7	3	4	09MiTaPuSt.682
8471.329370	400	012	6	1	5	000	7	1	6	09MiTaPuSt.683
8478.776270	1540	012	6	0	6	000	7	1	7	09MiTaPuSt.684
8479.993470	400	012	6	0	6	000	7	0	7	09MiTaPuSt.685
8480.416430	400	012	6	1	6	000	7	1	7	09MiTaPuSt.686
8483.373320	400	012	5	4	2	000	6	4	3	09MiTaPuSt.687
8483.631280	400	012	5	2	3	000	6	2	4	09MiTaPuSt.688
8484.836930	400	012	5	3	2	000	6	3	3	09MiTaPuSt.689
8485.909030	940	012	5	3	3	000	6	3	4	09MiTaPuSt.690
8486.179980	900	012	5	1	4	000	6	1	5	09MiTaPuSt.691
8489.334380	400	012	5	2	4	000	6	2	5	09MiTaPuSt.692
8494.876890	400	012	5	0	5	000	6	0	6	09MiTaPuSt.693
8495.680790	400	012	5	1	5	000	6	1	6	09MiTaPuSt.694
8497.869990	400	012	5	1	5	000	6	0	6	09MiTaPuSt.695
8499.305650	1800	012	4	4	0	000	5	4	1	09MiTaPuSt.696
8499.305650	1800	012	4	4	1	000	5	4	2	09MiTaPuSt.697
8500.406270	1800	012	4	2	2	000	5	2	3	09MiTaPuSt.698
8501.381500	400	012	4	1	3	000	5	1	4	09MiTaPuSt.699
8501.804810	400	012	4	3	2	000	5	3	3	09MiTaPuSt.700
8504.670690	400	012	4	2	3	000	5	2	4	09MiTaPuSt.701
8505.539440	400	012	4	0	4	000	5	1	5	09MiTaPuSt.702
8509.299840	400	012	4	0	4	000	5	0	5	09MiTaPuSt.703
8510.650910	400	012	4	1	4	000	5	1	5	09MiTaPuSt.704
8514.409700	400	012	4	1	4	000	5	0	5	09MiTaPuSt.705
8517.007620	400	012	3	1	2	000	4	1	3	09MiTaPuSt.706
8520.042920	400	012	3	2	2	000	4	2	3	09MiTaPuSt.707
8523.474320	400	012	3	0	3	000	4	0	4	09MiTaPuSt.708
8533.029690	400	012	2	1	1	000	3	1	2	09MiTaPuSt.709
8534.219140	400	012	2	2	0	000	3	2	1	09MiTaPuSt.710
8535.467640	400	012	2	2	1	000	3	2	2	09MiTaPuSt.711
8537.772490	400	012	2	0	2	000	3	0	3	09MiTaPuSt.712
8539.960680	400	012	2	1	2	000	3	1	3	09MiTaPuSt.713
8549.386550	400	012	1	1	0	000	2	1	1	09MiTaPuSt.714
8552.491660	400	012	1	0	1	000	2	0	2	09MiTaPuSt.715
8554.397360	400	012	1	1	1	000	2	1	2	09MiTaPuSt.716
8556.998660	740	012	3	0	3	000	3	1	2	09MiTaPuSt.717
8562.894880	5000	012	2	0	2	000	2	1	1	09MiTaPuSt.718
8564.932900	400	012	3	1	3	000	3	1	2	09MiTaPuSt.719
8569.508010	400	012	5	2	4	000	5	2	3	09MiTaPuSt.720
8572.004780	1000	012	6	5	1	000	6	5	2	09MiTaPuSt.721
8572.004780	1000	012	6	5	2	000	6	5	1	09MiTaPuSt.722
8572.337280	1000	012	5	5	0	000	5	5	1	09MiTaPuSt.723
8572.337280	1000	012	5	5	1	000	5	5	0	09MiTaPuSt.724
8573.888980	400	012	2	1	2	000	2	1	1	09MiTaPuSt.725
8575.933680	480	012	4	2	3	000	4	2	2	09MiTaPuSt.726
8576.103440	400	012	6	4	3	000	6	4	2	09MiTaPuSt.727
8576.332840	400	012	6	4	2	000	6	4	3	09MiTaPuSt.728
8576.593780	420	012	6	3	4	000	6	3	3	09MiTaPuSt.729
8578.460280	400	012	5	3	3	000	5	3	2	09MiTaPuSt.730
8579.343770	400	012	4	3	2	000	4	3	1	09MiTaPuSt.731
8579.626190	400	012	3	2	2	000	3	2	1	09MiTaPuSt.732
8579.768090	400	012	3	3	1	000	3	3	0	09MiTaPuSt.733
8579.840330	400	012	3	3	0	000	3	3	1	09MiTaPuSt.734
8579.840330	5000	012	1	1	1	000	1	1	0	09MiTaPuSt.735
8582.114490	400	012	2	2	0	000	2	2	1	09MiTaPuSt.736
8583.538870	400	012	3	2	1	000	3	2	2	09MiTaPuSt.737
8585.578680	5000	012	1	1	0	000	1	1	1	09MiTaPuSt.738
8587.031590	1800	012	4	2	2	000	4	2	3	09MiTaPuSt.739
8591.104000	3000	012	2	1	1	000	2	1	2	09MiTaPuSt.740
8593.204900	400	012	5	2	3	000	5	2	4	09MiTaPuSt.741
8598.390910	400	012	1	0	1	000	0	0	0	09MiTaPuSt.742
8602.795240	400	012	2	1	1	000	2	0	2	09MiTaPuSt.743
8613.119550	400	012	2	0	2	000	1	0	1	09MiTaPuSt.744
8616.544670	400	012	2	1	1	000	1	1	0	09MiTaPuSt.745
8620.323930	400	012	4	2	2	000	4	1	3	09MiTaPuSt.746
8621.696080	400	012	3	2	1	000	3	1	2	09MiTaPuSt.747
8623.001250	400	012	3	1	3	000	2	1	2	09MiTaPuSt.748
8626.764170	400	012	3	0	3	000	2	0	2	09MiTaPuSt.749
8627.522720	400	012	3	2	2	000	2	2	1	09MiTaPuSt.750
8629.381590	400	012	3	2	1	000	2	2	0	09MiTaPuSt.751
8633.166870	400	012	3	1	2	000	2	1	1	09MiTaPuSt.752
8635.290150	400	012	4	1	4	000	3	1	3	09MiTaPuSt.753
8638.998630	400	012	4	0	4	000	3	0	3	09MiTaPuSt.754
8641.647750	400	012	4	3	2	000	3	3	1	09MiTaPuSt.755
8642.091160	400	012	4	2	3	000	3	2	2	09MiTaPuSt.756
8646.614360	400	012	4	2	2	000	3	2	1	09MiTaPuSt.757
8649.310960	400	012	4	1	3	000	3	1	2	09MiTaPuSt.758
8649.909120	400	012	5	0	5	000	4	0	4	09MiTaPuSt.759
8653.948070	480	012	5	4	2	000	4	4	1	09MiTaPuSt.760
8653.972870	560	012	5	4	1	000	4	4	0	09MiTaPuSt.761
8656.141930	400	012	5	2	4	000	4	2	3	09MiTaPuSt.762
8656.963210	400	012	5	3	3	000	4	3	2	09MiTaPuSt.763
8657.776020	5000	012	6	1	6	000	5	1	5	09MiTaPuSt.764
8659.894840	400	012	6	0	6	000	5	0	5	09MiTaPuSt.765
8664.468110	400	012	5	2	3	000	4	2	2	09MiTaPuSt.766
8664.626510	400	012	5	1	4	000	4	1	3	09MiTaPuSt.767
8667.969180	400	012	7	1	7	000	6	1	6	09MiTaPuSt.768
8669.304980	5000	012	7	0	7	000	6	0	6	09MiTaPuSt.769
8669.547480	500	012	6	2	5	000	5	2	4	09MiTaPuSt.770
8674.628990	400	012	6	3	3	000	5	3	2	09MiTaPuSt.771
8677.533190	400	012	8	1	8	000	7	1	7	09MiTaPuSt.772
8678.673690	400	012	6	1	5	000	5	1	4	09MiTaPuSt.773
8682.202400	400	012	7	2	6	000	6	2	5	09MiTaPuSt.774
8682.342500	1100	012	6	2	4	000	5	2	3	09MiTaPuSt.775
8685.133200	440	012	7	4	3	000	6	4	2	09MiTaPuSt.776
8686.505200	580	012	9	1	9	000	8	1	8	09MiTaPuSt.777
8686.941200	400	012	9	0	9	000	8	0	8	09MiTaPuSt.778
8687.009800	400	012	7	3	5	000	6	3	4	09MiTaPuSt.779
8691.072710	400	012	7	1	6	000	6	1	5	09MiTaPuSt.780
8694.925210	400	012	10	1	10	000	9	1	9	09MiTaPuSt.781
8699.630140	400	012	7	2	5	000	6	2	4	09MiTaPuSt.782
8700.096310	740	012	8	4	5	000	7	4	4	09MiTaPuSt.783
8701.277720	400	012	8	4	4	000	7	4	3	09MiTaPuSt.784
8701.399480	400	012	8	3	6	000	7	3	5	09MiTaPuSt.785
8701.727480	400	012	8	1	7	000	7	1	6	09MiTaPuSt.786
8702.820410	400	012	11	1	11	000	10	1	10	09MiTaPuSt.787
8702.940720	2100	012	11	0	11	000	10	0	10	09MiTaPuSt.788
8704.990910	400	012	9	2	8	000	8	2	7	09MiTaPuSt.789
8710.957320	860	012	9	1	8	000	8	1	7	09MiTaPuSt.790
8729.691040	500	012	9	3	6	000	8	3	5	09MiTaPuSt.791
-8743.303360	620	012	10	2	8	000	9	2	7	09MiTaPuSt.792
8960.926700	2000	201	3	1	2	000	3	2	1	09MiTaPuSt.793
9031.002100	2000	201	5	2	3	000	5	1	4	09MiTaPuSt.794
9044.812100	2000	201	2	1	2	000	1	0	1	09MiTaPuSt.795
9128.379800	2000	310	6	2	5	000	7	2	6	09MiTaPuSt.796
9209.524500	2000	121	6	1	5	000	5	1	4	09MiTaPuSt.797
9216.600000	2000	070	8	1	8	000	7	1	7	09MiTaPuSt.798
9309.247000	2000	310	5	1	5	000	4	0	4	09MiTaPuSt.799
9310.728800	2000	310	4	3	2	000	3	3	1	09MiTaPuSt.800
9435.264400	2000	310	5	4	2	000	4	3	1	09MiTaPuSt.801
9435.443300	2000	310	5	4	1	000	4	3	2	09MiTaPuSt.802
9677.247500	2000	102	6	3	3	000	7	4	4	09MiTaPuSt.803
9693.082500	2000	102	5	3	2	000	6	4	3	09MiTaPuSt.804
9709.539900	2000	102	4	3	1	000	5	4	2	09MiTaPuSt.805
9742.867300	2000	102	6	4	2	000	6	5	1	09MiTaPuSt.806
9759.000700	5000	102	7	1	6	000	8	2	7	09MiTaPuSt.807
9762.483500	2000	102	8	0	8	000	9	1	9	09MiTaPuSt.808
9762.573900	2000	102	3	2	1	000	4	3	2	09MiTaPuSt.809
9763.282600	5000	102	8	1	8	000	9	0	9	09MiTaPuSt.810
9777.347400	2000	102	2	2	1	000	3	3	0	09MiTaPuSt.811
9782.085300	2000	102	7	2	6	000	8	1	7	09MiTaPuSt.812
9790.191600	2000	022	8	2	7	000	9	2	8	09MiTaPuSt.813
9790.773500	2000	102	4	1	3	000	5	2	4	09MiTaPuSt.814
9797.596500	2000	022	6	1	6	000	7	0	7	09MiTaPuSt.815
9802.055600	2000	022	7	1	6	000	8	1	7	09MiTaPuSt.816
9802.240800	2000	102	5	1	4	000	6	1	5	09MiTaPuSt.817
9805.783600	2000	022	7	2	6	000	8	2	7	09MiTaPuSt.818
9814.552800	2000	022	5	1	5	000	6	0	6	09MiTaPuSt.819
9814.552800	2000	022	6	2	4	000	7	2	5	09MiTaPuSt.820
9816.741800	5000	022	6	1	5	000	7	1	6	09MiTaPuSt.821
9825.905700	2000	022	1	1	0	000	2	2	1	09MiTaPuSt.822
9825.905700	2000	102	6	1	6	000	7	1	7	09MiTaPuSt.823
9826.070700	2000	102	4	2	2	000	4	3	1	09MiTaPuSt.824
9826.292600	2000	022	4	0	4	000	5	0	5	09MiTaPuSt.825
9826.524600	2000	102	5	2	4	000	6	1	5	09MiTaPuSt.826
9831.740800	2000	022	4	1	4	000	5	0	5	09MiTaPuSt.827
9831.843000	2000	022	5	1	4	000	6	1	5	09MiTaPuSt.828
9859.250400	2000	102	5	3	3	000	6	2	4	09MiTaPuSt.829
9863.405700	2000	102	3	1	2	000	4	1	3	09MiTaPuSt.830
9870.997800	2000	022	3	3	0	000	4	3	1	09MiTaPuSt.831
9876.115700	2000	102	2	0	2	000	3	1	3	09MiTaPuSt.832
9884.480200	2000	102	5	1	5	000	5	1	4	09MiTaPuSt.833
9887.049800	2000	102	2	1	2	000	3	1	3	09MiTaPuSt.834
9915.305600	2000	102	0	0	0	000	1	0	1	09MiTaPuSt.835
9929.314600	2000	022	2	2	1	000	2	2	0	09MiTaPuSt.836
9930.106800	2000	022	2	2	0	000	2	2	1	09MiTaPuSt.837
9933.209000	5000	022	3	3	1	000	3	3	0	09MiTaPuSt.838
9933.306100	5000	022	3	3	0	000	3	3	1	09MiTaPuSt.839
9936.760100	2000	102	4	2	2	000	4	1	3	09MiTaPuSt.840
9936.813500	5000	102	6	2	4	000	6	1	5	09MiTaPuSt.841
9939.221500	5000	102	3	2	1	000	3	1	2	09MiTaPuSt.842
9940.839100	2000	022	3	1	3	000	2	1	2	09MiTaPuSt.843
9940.952700	2000	022	5	4	2	000	5	4	1	09MiTaPuSt.844
9952.541600	2000	022	3	1	3	000	2	0	2	09MiTaPuSt.845
9952.621700	2000	022	4	1	4	000	3	1	3	09MiTaPuSt.846
9955.989500	2000	022	4	0	4	000	3	0	3	09MiTaPuSt.847
9983.081200	2000	022	7	1	7	000	6	1	6	09MiTaPuSt.848
9984.344900	2000	022	7	0	7	000	6	0	6	09MiTaPuSt.849
9985.335000	2000	102	4	0	4	000	3	0	3	09MiTaPuSt.850
9989.731100	2000	022	4	2	3	000	3	2	2	09MiTaPuSt.851
9991.679200	2000	102	8	1	8	000	7	1	7	09MiTaPuSt.852
9997.296200	5000	102	3	2	1	000	2	1	2	09MiTaPuSt.853
10011.507900	2000	022	5	3	2	000	4	3	1	09MiTaPuSt.854
10014.193900	2000	102	7	0	7	000	6	0	6	09MiTaPuSt.855
10019.383000	2000	102	10	1	9	000	9	2	8	09MiTaPuSt.856
10019.383000	2000	102	12	0	12	000	11	0	11	09MiTaPuSt.857
10019.383000	2000	102	12	1	12	000	11	1	11	09MiTaPuSt.858
10036.501000	2000	022	7	1	6	000	6	1	5	09MiTaPuSt.859
10046.073000	2000	022	7	3	4	000	6	3	3	09MiTaPuSt.860
10047.453000	2000	102	4	4	0	000	3	3	1	09MiTaPuSt.861
10047.453000	2000	102	4	4	1	000	3	3	0	09MiTaPuSt.862
10079.468100	2000	022	9	2	7	000	8	2	6	09MiTaPuSt.863
10212.023900	2000	400	5	3	2	000	6	3	3	09MiTaPuSt.864
10212.023900	2000	400	6	0	6	000	7	0	7	09MiTaPuSt.865
10238.288600	2000	400	4	2	3	000	5	2	4	09MiTaPuSt.866
10328.661300	2000	003	8	2	7	000	9	3	6	09MiTaPuSt.867
10342.706000	2000	003	4	4	0	000	5	5	1	09MiTaPuSt.868
10342.706000	2000	003	4	4	1	000	5	5	0	09MiTaPuSt.869
10394.571800	2000	400	6	1	6	000	5	0	5	09MiTaPuSt.870
10401.614200	2000	003	7	5	2	000	8	5	3	09MiTaPuSt.871
10401.614200	2000	003	7	5	3	000	8	5	4	09MiTaPuSt.872
10418.101800	2000	003	7	4	4	000	7	5	3	09MiTaPuSt.873
10439.516400	2000	003	8	1	7	000	9	2	8	09MiTaPuSt.874
10443.891400	5000	003	7	3	4	000	8	3	5	09MiTaPuSt.875
10449.452400	2000	003	3	2	2	000	4	3	1	09MiTaPuSt.876
10459.689200	5000	003	5	4	1	000	6	4	2	09MiTaPuSt.877
10461.045000	2000	003	8	1	8	000	9	1	9	09MiTaPuSt.878
10461.159500	2000	003	8	0	8	000	9	0	9	09MiTaPuSt.879
10462.282900	5000	003	6	3	4	000	7	3	5	09MiTaPuSt.880
10476.759800	2000	003	9	1	9	000	9	1	8	09MiTaPuSt.881
10477.253400	2000	003	7	0	7	000	8	1	8	09MiTaPuSt.882
10477.742200	2000	003	7	1	7	000	8	1	8	09MiTaPuSt.883
10479.033000	2000	003	5	3	3	000	6	3	4	09MiTaPuSt.884
10486.694400	5000	003	4	1	3	000	5	2	4	09MiTaPuSt.885
10494.652400	2000	003	5	2	4	000	6	2	5	09MiTaPuSt.886
10497.706400	2000	003	3	1	2	000	4	2	3	09MiTaPuSt.887
10497.706400	2000	003	5	1	4	000	6	1	5	09MiTaPuSt.888
10499.192500	5000	003	2	1	2	000	3	2	1	09MiTaPuSt.889
10509.571100	5000	003	2	1	1	000	3	2	2	09MiTaPuSt.890
10509.800700	2000	003	5	1	5	000	6	1	6	09MiTaPuSt.891
10510.031200	2000	003	5	0	5	000	6	0	6	09MiTaPuSt.892
10511.918300	2000	003	3	3	0	000	4	3	1	09MiTaPuSt.893
10511.988800	2000	003	5	1	5	000	6	0	6	09MiTaPuSt.894
10512.647500	2000	003	6	0	6	000	6	2	5	09MiTaPuSt.895
10514.331000	2000	003	4	1	3	000	5	1	4	09MiTaPuSt.896
10527.898600	2000	003	5	5	0	000	5	5	1	09MiTaPuSt.897
10527.898600	2000	003	5	5	1	000	5	5	0	09MiTaPuSt.898
10530.986000	2000	003	3	1	2	000	4	1	3	09MiTaPuSt.899
10534.360200	2000	003	3	0	3	000	4	1	4	09MiTaPuSt.900
10534.360200	2000	003	4	1	4	000	4	2	3	09MiTaPuSt.901
10538.487100	2000	003	4	2	3	000	5	1	4	09MiTaPuSt.902
10540.315100	2000	003	3	1	3	000	4	1	4	09MiTaPuSt.903
10540.382600	2000	003	3	0	3	000	4	0	4	09MiTaPuSt.904
10541.522100	2000	003	2	2	0	000	3	2	1	09MiTaPuSt.905
10542.729400	2000	003	2	2	1	000	3	2	2	09MiTaPuSt.906
10546.325400	2000	003	3	1	3	000	4	0	4	09MiTaPuSt.907
10546.440100	2000	003	2	0	2	000	3	1	3	09MiTaPuSt.908
10547.725500	2000	003	2	1	1	000	3	1	2	09MiTaPuSt.909
10550.653700	2000	003	5	0	5	000	5	1	4	09MiTaPuSt.910
10557.944100	2000	003	4	1	3	000	4	2	2	09MiTaPuSt.911
10564.538300	5000	003	1	1	0	000	2	1	1	09MiTaPuSt.912
10567.636400	2000	003	4	1	4	000	4	1	3	09MiTaPuSt.913
10568.822300	2000	003	6	3	4	000	6	3	3	09MiTaPuSt.914
10569.712300	2000	003	1	1	1	000	2	1	2	09MiTaPuSt.915
10573.167300	2000	003	4	3	2	000	4	3	1	09MiTaPuSt.916
10574.140200	2000	003	3	3	1	000	3	3	0	09MiTaPuSt.917
10574.221600	2000	003	3	3	0	000	3	3	1	09MiTaPuSt.918
10584.078500	2000	003	1	0	1	000	1	1	0	09MiTaPuSt.919
10586.426300	2000	003	3	2	2	000	3	2	1	09MiTaPuSt.920
10588.571500	2000	003	2	2	1	000	2	2	0	09MiTaPuSt.921
10589.414100	2000	003	2	2	0	000	2	2	1	09MiTaPuSt.922
10590.510300	2000	003	3	2	1	000	3	2	2	09MiTaPuSt.923
10593.574900	2000	003	4	2	2	000	4	2	3	09MiTaPuSt.924
10595.160800	2000	003	1	1	1	000	1	1	0	09MiTaPuSt.925
10613.215700	5000	003	3	1	2	000	3	1	3	09MiTaPuSt.926
10617.491200	2000	003	2	1	1	000	2	0	2	09MiTaPuSt.927
10626.781800	2000	003	5	2	3	000	5	1	4	09MiTaPuSt.928
10626.869200	2000	003	4	2	2	000	4	1	3	09MiTaPuSt.929
10627.307400	2000	003	1	1	1	000	0	0	0	09MiTaPuSt.930
10628.671800	2000	003	3	2	1	000	3	1	2	09MiTaPuSt.931
10628.671800	2000	003	6	2	4	000	6	1	5	09MiTaPuSt.932
10628.737700	2000	003	4	1	3	000	4	0	4	09MiTaPuSt.933
10631.971700	2000	003	3	0	3	000	2	1	2	09MiTaPuSt.934
10634.325200	2000	003	3	2	2	000	2	2	1	09MiTaPuSt.935
10635.469200	2000	003	4	3	2	000	3	3	1	09MiTaPuSt.936
10635.808100	2000	003	4	3	1	000	3	3	0	09MiTaPuSt.937
10637.558900	2000	003	6	3	3	000	6	2	4	09MiTaPuSt.938
10637.923800	2000	003	3	1	3	000	2	1	2	09MiTaPuSt.939
10638.957200	2000	003	2	2	1	000	2	1	2	09MiTaPuSt.940
10639.299300	2000	003	2	1	2	000	1	0	1	09MiTaPuSt.941
10645.056100	2000	003	6	4	2	000	5	4	1	09MiTaPuSt.942
10646.038800	2000	003	8	4	4	000	8	3	5	09MiTaPuSt.943
10646.068800	2000	003	4	3	1	000	4	2	2	09MiTaPuSt.944
10646.270000	2000	003	4	0	4	000	3	1	3	09MiTaPuSt.945
10647.691200	2000	003	6	1	5	000	6	0	6	09MiTaPuSt.946
10649.863400	2000	003	4	1	4	000	3	1	3	09MiTaPuSt.947
10651.306700	2000	003	5	3	2	000	4	3	1	09MiTaPuSt.948
10652.494900	2000	003	6	3	4	000	6	2	5	09MiTaPuSt.949
10653.174200	5000	003	4	2	2	000	3	2	1	09MiTaPuSt.950
10659.042000	2000	003	5	0	5	000	4	1	4	09MiTaPuSt.951
10661.001400	2000	003	5	1	5	000	4	1	4	09MiTaPuSt.952
10662.255500	5000	003	4	1	3	000	3	1	2	09MiTaPuSt.953
10664.371000	2000	003	6	3	4	000	5	3	3	09MiTaPuSt.954
10670.398200	2000	003	5	2	3	000	4	2	2	09MiTaPuSt.955
10671.332900	2000	003	6	1	6	000	5	1	5	09MiTaPuSt.956
10673.975700	2000	003	6	2	5	000	5	2	4	09MiTaPuSt.957
10674.103200	2000	003	6	0	6	000	5	0	5	09MiTaPuSt.958
10676.158200	2000	003	5	1	4	000	4	1	3	09MiTaPuSt.959
10685.192700	2000	003	7	2	6	000	6	2	5	09MiTaPuSt.960
10687.187300	2000	003	6	2	4	000	5	2	3	09MiTaPuSt.961
10690.772900	2000	003	8	0	8	000	7	0	7	09MiTaPuSt.962
10695.409700	2000	003	8	2	7	000	7	2	6	09MiTaPuSt.963
10698.581700	2000	003	9	0	9	000	8	0	8	09MiTaPuSt.964
10702.742500	2000	003	8	3	5	000	7	3	4	09MiTaPuSt.965
10702.889000	2000	003	7	2	5	000	6	2	4	09MiTaPuSt.966
10703.077900	2000	003	9	3	7	000	8	3	6	09MiTaPuSt.967
10706.005400	2000	003	10	0	10	000	9	0	9	09MiTaPuSt.968
10710.137300	2000	003	4	3	2	000	3	2	1	09MiTaPuSt.969
10716.867800	2000	003	8	2	6	000	7	2	5	09MiTaPuSt.970
4205.778600	500	030	6	0	6	000	5	0	5	09MiTaPuSt.971
4213.085900	500	030	5	1	4	000	4	1	3	09MiTaPuSt.972
4213.851400	500	110	7	3	4	000	6	3	3	09MiTaPuSt.973
4268.367000	500	030	8	2	7	000	7	2	6	09MiTaPuSt.974
4278.096000	500	110	6	3	3	000	5	2	4	09MiTaPuSt.975
-4280.539000	500	030	5	5	0	000	5	5	1	09MiTaPuSt.976
-4280.539000	500	030	5	5	1	000	5	5	0	09MiTaPuSt.977
4943.818000	500	011	8	1	8	000	9	1	9	09MiTaPuSt.978
4962.914700	700	011	6	1	5	000	7	1	6	09MiTaPuSt.979
4968.970700	600	011	6	2	5	000	7	2	6	09MiTaPuSt.980
4976.703600	1500	011	5	2	3	000	6	2	4	09MiTaPuSt.981
4976.877100	500	011	5	1	4	000	6	1	5	09MiTaPuSt.982
4983.604500	500	011	5	2	4	000	6	2	5	09MiTaPuSt.983
5000.369700	500	011	4	3	1	000	5	3	2	09MiTaPuSt.984
5010.526800	500	011	3	2	1	000	4	2	2	09MiTaPuSt.985
5015.674400	1700	011	3	1	3	000	4	1	4	09MiTaPuSt.986
5022.703700	1600	011	2	1	1	000	3	1	2	09MiTaPuSt.987
5040.986100	1300	011	1	0	1	000	2	0	2	09MiTaPuSt.988
5063.785500	500	011	2	1	2	000	2	1	1	09MiTaPuSt.989
5073.015600	500	011	3	2	2	000	3	2	1	09MiTaPuSt.990
5073.015600	500	011	5	2	4	000	4	3	1	09MiTaPuSt.991
5074.457600	500	011	2	2	1	000	2	2	0	09MiTaPuSt.992
5075.173300	600	011	1	1	0	000	1	1	1	09MiTaPuSt.993
5075.210500	500	011	2	2	0	000	2	2	1	09MiTaPuSt.994
5076.674900	800	011	3	2	1	000	3	2	2	09MiTaPuSt.995
5078.442500	1400	011	4	3	2	000	4	3	1	09MiTaPuSt.996
5078.631600	500	011	3	3	1	000	3	3	0	09MiTaPuSt.997
5078.694900	500	011	3	3	0	000	3	3	1	09MiTaPuSt.998
5088.828300	500	011	5	5	0	000	5	5	1	09MiTaPuSt.999
5088.828300	500	011	5	5	1	000	5	5	0	09MiTaPuSt.1000
5115.911500	500	011	3	0	3	000	2	0	2	09MiTaPuSt.1001
5120.914100	600	011	3	2	2	000	2	2	1	09MiTaPuSt.1002
5128.867000	500	011	4	0	4	000	3	0	3	09MiTaPuSt.1003
5138.474000	500	011	5	1	5	000	4	1	4	09MiTaPuSt.1004
5164.532100	500	011	6	2	5	000	5	2	4	09MiTaPuSt.1005
5175.471100	500	011	6	2	4	000	5	2	3	09MiTaPuSt.1006
5193.133200	700	011	10	1	10	000	9	1	9	09MiTaPuSt.1007
6322.869600	1100	101	8	1	7	000	8	2	6	09MiTaPuSt.1008
6409.459800	1500	101	2	1	1	000	2	0	2	09MiTaPuSt.1009
6423.737200	500	101	4	2	2	000	4	1	3	09MiTaPuSt.1010
6587.772700	500	101	6	5	2	000	5	4	1	09MiTaPuSt.1011
6587.772700	500	101	6	5	1	000	5	4	2	09MiTaPuSt.1012
5600.93879	2000	040  	   4 4 0	000  	4 4 1	  10MiTaDaJe.1
5600.93879	2000	040  	   4 4 1	000  	4 4 0	  10MiTaDaJe.2
5633.31857	1380	040  	   6 3 3	000  	5 3 2	  10MiTaDaJe.3
5649.11450	730	040  	   7 3 5	000  	6 3 4	  10MiTaDaJe.4
-5665.17864	1200	120  	   8 5 3	000  	7 5 2	  10MiTaDaJe.5
5680.76598	2000	040  	   5 5 0	000  	5 5 1	  10MiTaDaJe.6
5680.76598	2000	040  	   5 5 1	000  	5 5 0	  10MiTaDaJe.7
5685.74459	600	040  	   9 3 6	000  	8 3 5	  10MiTaDaJe.8
6000.20289	2000	101  	   7 7 0	000  	8 8 1	  10MiTaDaJe.9
6000.20289	2000	101  	   7 7 1	000  	8 8 0	  10MiTaDaJe.10
6020.53183	2000	101  	   8 6 2	000  	9 7 3	  10MiTaDaJe.11
6020.53183	2000	101  	   8 6 3	000  	9 7 2	  10MiTaDaJe.12
6038.12437	2000	101  	   7 6 2	000  	8 7 1	  10MiTaDaJe.13
6038.12437	2000	101  	   7 6 1	000  	8 7 2	  10MiTaDaJe.14
6055.48891	2000	101  	   6 6 1	000  	7 7 0	  10MiTaDaJe.15
6055.48891	2000	101  	   6 6 0	000  	7 7 1	  10MiTaDaJe.16
6075.37555	2000	101  	   7 5 2	000  	8 6 3	  10MiTaDaJe.17
6075.37555	2000	101  	   7 5 3	000  	8 6 2	  10MiTaDaJe.18
6078.60946	400	101  	   9 4 5	000  	10 5 6	  10MiTaDaJe.19
6092.77469	2000	101  	   6 5 1	000  	7 6 2	  10MiTaDaJe.20
6092.77469	2000	101  	   6 5 2	000  	7 6 1	  10MiTaDaJe.21
6093.94149	400	101  	   8 4 5	000  	9 5 4	  10MiTaDaJe.22
6095.09451	400	101  	   8 4 4	000  	9 5 5	  10MiTaDaJe.23
6101.34231	420	101  	   9 3 7	000  	10 4 6	  10MiTaDaJe.24
6109.94418	2000	101  	   5 5 0	000  	6 6 1	  10MiTaDaJe.25
6109.94418	2000	101  	   5 5 1	000  	6 6 0	  10MiTaDaJe.26
6111.70081	400	101  	   7 4 4	000  	8 5 3	  10MiTaDaJe.27
6112.09764	400	101  	   7 4 3	000  	8 5 4	  10MiTaDaJe.28
6124.13722	400	101  	   8 3 6	000  	9 4 5	  10MiTaDaJe.29
6126.39116	470	101  	   9 3 6	000  	10 4 7	  10MiTaDaJe.30
6127.51086	590	101  	   8 2 7	000  	9 3 6	  10MiTaDaJe.31
6132.55487	400	101  	   7 1 7	000  	8 2 6	  10MiTaDaJe.32
6137.98592	400	101  	   8 3 5	000  	9 4 6	  10MiTaDaJe.33
6144.56369	400	101  	   7 3 5	000  	8 4 4	  10MiTaDaJe.34
6156.82143	5000	101  	   13 1 12	000  	14 2 13	  10MiTaDaJe.35
6158.78948	400	101  	   7 2 6	000  	8 3 5	  10MiTaDaJe.36
6162.88954	3000	021  	   6 2 4	000  	7 4 3	  10MiTaDaJe.37
6163.62561	400	101  	   6 3 4	000  	7 4 3	  10MiTaDaJe.38
6172.01585	410	101  	   10 2 8	000  	11 3 9	  10MiTaDaJe.39
6172.15665	420	101  	   13 0 13	000  	14 1 14	  10MiTaDaJe.40
6172.18166	450	101  	   13 1 13	000  	14 0 14	  10MiTaDaJe.41
6175.79377	5000	101  	   12 2 11	000  	13 1 12	  10MiTaDaJe.42
6181.67026	400	101  	   9 2 7	000  	10 3 8	  10MiTaDaJe.43
6189.60973	400	101  	   12 0 12	000  	13 1 13	  10MiTaDaJe.44
6189.66239	400	101  	   12 1 12	000  	13 0 13	  10MiTaDaJe.45
6190.58489	400	101  	   11 1 10	000  	12 2 11	  10MiTaDaJe.46
6190.95999	400	101  	   8 2 6	000  	9 3 7	  10MiTaDaJe.47
6193.82630	5000	101  	   11 2 10	000  	12 1 11	  10MiTaDaJe.48
6196.41731	490	101  	   8 5 3	000  	8 6 2	  10MiTaDaJe.49
6206.28438	400	101  	   10 1 9	000  	11 2 10	  10MiTaDaJe.50
6234.52438	400	101  	   8 4 4	000  	8 5 3	  10MiTaDaJe.51
6237.36090	5000	101  	   6 4 3	000  	6 5 2	  10MiTaDaJe.52
6237.46055	400	101  	   6 4 2	000  	6 5 1	  10MiTaDaJe.53
6240.05640	400	101  	   9 1 9	000  	10 1 10	  10MiTaDaJe.54
6240.37829	400	101  	   4 1 4	000  	5 2 3	  10MiTaDaJe.55
6244.54481	400	101  	   9 3 7	000  	10 2 8	  10MiTaDaJe.56
6246.11081	500	101  	   7 3 4	000  	8 3 5	  10MiTaDaJe.57
6255.76219	400	101  	   10 3 8	000  	10 4 7	  10MiTaDaJe.58
6262.80564	400	101  	   10 2 9	000  	10 3 8	  10MiTaDaJe.59
6264.58175	580	021  	   2 1 1	000  	3 3 0	  10MiTaDaJe.60
6266.53846	400	101  	   8 3 6	000  	8 4 5	  10MiTaDaJe.61
6267.02890	400	021  	   10 1 10	000  	11 1 11	  10MiTaDaJe.62
6269.98216	400	101  	   7 3 5	000  	7 4 4	  10MiTaDaJe.63
6271.64768	400	101  	   7 0 7	000  	8 0 8	  10MiTaDaJe.64
6272.00696	400	021  	   6 2 4	000  	6 4 3	  10MiTaDaJe.65
6272.02846	520	101  	   7 1 7	000  	8 1 8	  10MiTaDaJe.66
6272.59196	400	101  	   9 0 9	000  	9 1 8	  10MiTaDaJe.67
6272.74296	400	101  	   6 3 4	000  	6 4 3	  10MiTaDaJe.68
6274.76427	500	101  	   9 2 8	000  	9 3 7	  10MiTaDaJe.69
6275.59257	3000	101  	   7 3 4	000  	7 4 3	  10MiTaDaJe.70
6275.64357	460	021  	   10 2 9	000  	11 2 10	  10MiTaDaJe.71
6277.34883	400	101  	   8 3 5	000  	8 4 4	  10MiTaDaJe.72
6280.95572	400	101  	   8 1 8	000  	8 2 7	  10MiTaDaJe.73
6281.91359	400	021  	   9 2 7	000  	10 2 8	  10MiTaDaJe.74
6282.53128	400	021  	   9 0 9	000  	10 0 10	  10MiTaDaJe.75
6282.78598	760	021  	   9 1 9	000  	10 1 10	  10MiTaDaJe.76
6284.63019	440	101  	   5 3 2	000  	6 3 3	  10MiTaDaJe.77
6286.87069	400	101  	   6 0 6	000  	7 0 7	  10MiTaDaJe.78
6287.56429	400	101  	   6 1 6	000  	7 1 7	  10MiTaDaJe.79
6289.05440	400	101  	   5 1 4	000  	6 1 5	  10MiTaDaJe.80
6292.75096	400	101  	   5 2 4	000  	6 2 5	  10MiTaDaJe.81
6297.75042	1450	101  	   7 3 5	000  	8 2 6	  10MiTaDaJe.82
6303.50753	400	021  	   8 2 7	000  	9 2 8	  10MiTaDaJe.83
6316.67625	5000	101  	   9 2 7	000  	9 3 6	  10MiTaDaJe.84
6325.35537	3000	101  	   3 2 2	000  	4 2 3	  10MiTaDaJe.85
6330.39888	560	021  	   8 4 5	000  	9 4 6	  10MiTaDaJe.86
6341.52180	500	101  	   2 2 1	000  	3 2 2	  10MiTaDaJe.87
6342.57821	5000	021  	   6 3 4	000  	7 3 5	  10MiTaDaJe.88
6347.15421	400	101  	   7 3 4	000  	8 2 7	  10MiTaDaJe.89
6349.10092	450	101  	   7 4 3	000  	8 3 6	  10MiTaDaJe.90
6356.26803	480	101  	   6 3 3	000  	7 2 6	  10MiTaDaJe.91
6360.96594	600	021  	   6 4 3	000  	7 4 4	  10MiTaDaJe.92
6361.12764	400	101  	   6 4 3	000  	7 3 4	  10MiTaDaJe.93
6368.29336	570	101  	   5 3 2	000  	6 2 5	  10MiTaDaJe.94
6376.28827	470	021  	   5 4 1	000  	6 4 2	  10MiTaDaJe.95
6376.35307	600	021  	   5 4 2	000  	6 4 3	  10MiTaDaJe.96
6389.26240	2000	101  	   5 1 5	000  	4 2 2	  10MiTaDaJe.97
6390.44190	400	101  	   4 2 2	000  	4 2 3	  10MiTaDaJe.98
6391.74741	3000	021  	   4 4 1	000  	5 4 2	  10MiTaDaJe.99
6391.74741	3000	021  	   4 4 0	000  	5 4 1	  10MiTaDaJe.100
6396.10841	400	101  	   2 2 0	000  	3 1 3	  10MiTaDaJe.101
6432.83277	580	101  	   3 2 2	000  	2 2 1	  10MiTaDaJe.102
6433.28499	5000	101  	   7 2 5	000  	6 3 4	  10MiTaDaJe.103
6448.78142	400	021  	   5 2 3	000  	5 2 4	  10MiTaDaJe.104
6449.12772	5000	101  	   10 2 8	000  	10 1 9	  10MiTaDaJe.105
6457.02293	410	101  	   5 3 3	000  	4 3 2	  10MiTaDaJe.106
6457.55843	2000	021  	   7 3 4	000  	7 3 5	  10MiTaDaJe.107
6468.98686	570	021  	   9 4 6	000  	9 4 5	  10MiTaDaJe.108
6469.76336	550	021  	   8 4 5	000  	8 4 4	  10MiTaDaJe.109
6469.86786	1500	021  	   7 4 4	000  	7 4 3	  10MiTaDaJe.110
6469.86786	1500	101  	   10 3 8	000  	10 2 9	  10MiTaDaJe.111
6471.89326	400	101  	   6 2 5	000  	5 2 4	  10MiTaDaJe.112
6472.24636	440	101  	   6 3 3	000  	5 3 2	  10MiTaDaJe.113
6481.25118	400	101  	   6 2 4	000  	5 2 3	  10MiTaDaJe.114
6487.66200	520	101  	   10 2 9	000  	10 1 10	  10MiTaDaJe.115
6491.29260	5000	101  	   7 5 2	000  	7 4 3	  10MiTaDaJe.116
6491.31530	400	101  	   7 1 6	000  	6 1 5	  10MiTaDaJe.117
6500.99892	410	101  	   8 1 7	000  	7 1 6	  10MiTaDaJe.118
6503.13472	400	101  	   10 0 10	000  	9 0 9	  10MiTaDaJe.119
6516.50545	2000	021  	   9 6 4	000  	9 6 3	  10MiTaDaJe.120
6516.50545	2000	021  	   9 6 3	000  	9 6 4	  10MiTaDaJe.121
6520.47626	400	101  	   10 2 9	000  	9 1 8	  10MiTaDaJe.122
6522.11786	3000	101  	   11 2 10	000  	10 2 9	  10MiTaDaJe.123
6538.26139	400	021  	   6 2 4	000  	5 2 3	  10MiTaDaJe.124
6540.21760	2000	021  	   7 7 1	000  	7 7 0	  10MiTaDaJe.125
6540.21760	2000	021  	   7 7 0	000  	7 7 1	  10MiTaDaJe.126
6549.43372	2000	210  	   8 2 6	000  	9 2 7	  10MiTaDaJe.127
6554.43602	560	101  	   9 3 7	000  	8 2 6	  10MiTaDaJe.128
6555.40363	400	021  	   11 1 11	000  	10 1 10	  10MiTaDaJe.129
6555.45903	400	021  	   11 0 11	000  	10 0 10	  10MiTaDaJe.130
6570.78576	400	101  	   7 3 4	000  	6 2 5	  10MiTaDaJe.131
6579.58857	480	021  	   10 2 9	000  	9 2 8	  10MiTaDaJe.132
6580.19347	400	210  	   7 3 4	000  	8 3 5	  10MiTaDaJe.133
6584.10798	2000	021  	   6 5 1	000  	5 5 0	  10MiTaDaJe.134
6584.10798	2000	021  	   6 5 2	000  	5 5 1	  10MiTaDaJe.135
6600.40611	400	101  	   7 5 2	000  	6 4 3	  10MiTaDaJe.136
6607.83823	400	021  	   10 2 8	000  	9 2 7	  10MiTaDaJe.137
6609.63273	400	210  	   6 1 6	000  	7 0 7	  10MiTaDaJe.138
6612.27544	400	101  	   8 5 4	000  	7 4 3	  10MiTaDaJe.139
6614.93464	820	210  	   2 1 2	000  	3 2 1	  10MiTaDaJe.140
6625.16616	410	210  	   2 1 1	000  	3 2 2	  10MiTaDaJe.141
6630.90637	2000	101  	   7 7 0	000  	6 6 1	  10MiTaDaJe.142
6630.90637	2000	101  	   7 7 1	000  	6 6 0	  10MiTaDaJe.143
6633.70378	460	101  	   10 5 6	000  	9 4 5	  10MiTaDaJe.144
6672.38945	840	210  	   3 1 2	000  	3 2 1	  10MiTaDaJe.145
6672.80855	400	210  	   4 1 3	000  	4 2 2	  10MiTaDaJe.146
6683.91887	3000	210  	   3 0 3	000  	3 1 2	  10MiTaDaJe.147
6721.57744	420	210  	   3 3 1	000  	3 3 0	  10MiTaDaJe.148
6721.63264	400	210  	   3 3 0	000  	3 3 1	  10MiTaDaJe.149
6727.41165	3000	210  	   5 4 2	000  	5 4 1	  10MiTaDaJe.150
6727.43365	400	210  	   5 4 1	000  	5 4 2	  10MiTaDaJe.151
6730.14336	2000	210  	   4 4 0	000  	4 4 1	  10MiTaDaJe.152
6730.14336	2000	210  	   4 4 1	000  	4 4 0	  10MiTaDaJe.153
6739.62918	2000	210  	   5 5 0	000  	5 5 1	  10MiTaDaJe.154
6739.62918	2000	210  	   5 5 1	000  	5 5 0	  10MiTaDaJe.155
6740.88838	430	050  	   2 2 1	000  	2 2 0	  10MiTaDaJe.156
6741.45568	1440	050  	   2 2 0	000  	2 2 1	  10MiTaDaJe.157
6749.97350	2000	210  	   6 6 0	000  	6 6 1	  10MiTaDaJe.158
6749.97350	2000	210  	   6 6 1	000  	6 6 0	  10MiTaDaJe.159
6760.92631	2000	210  	   7 7 1	000  	7 7 0	  10MiTaDaJe.160
6760.92631	2000	210  	   7 7 0	000  	7 7 1	  10MiTaDaJe.161
6768.59253	520	050  	   5 1 4	000  	4 1 3	  10MiTaDaJe.162
6773.62684	400	210  	   4 1 4	000  	3 0 3	  10MiTaDaJe.163
6787.63856	3000	050  	   3 2 2	000  	2 2 1	  10MiTaDaJe.164
6791.26157	400	210  	   2 2 0	000  	1 1 1	  10MiTaDaJe.165
6803.11179	570	050  	   4 2 3	000  	3 2 2	  10MiTaDaJe.166
6803.74669	5000	210  	   8 0 8	000  	7 0 7	  10MiTaDaJe.167
6806.96430	400	050  	   4 2 2	000  	3 2 1	  10MiTaDaJe.168
6814.65241	1500	210  	   8 1 7	000  	7 1 6	  10MiTaDaJe.169
6815.64671	460	210  	   8 2 7	000  	7 2 6	  10MiTaDaJe.170
6820.73992	400	210  	   10 1 10	000  	9 1 9	  10MiTaDaJe.171
6829.81074	470	210  	   8 3 6	000  	7 3 5	  10MiTaDaJe.172
6832.13695	2000	002  	   8 6 2	000  	9 7 3	  10MiTaDaJe.173
6832.13695	2000	002  	   8 6 3	000  	9 7 2	  10MiTaDaJe.174
6851.82648	400	210  	   8 5 4	000  	7 5 3	  10MiTaDaJe.175
6851.84488	400	210  	   8 5 3	000  	7 5 2	  10MiTaDaJe.176
6860.55780	400	210  	   11 2 9	000  	10 2 8	  10MiTaDaJe.177
6861.62480	560	210  	   10 4 7	000  	9 4 6	  10MiTaDaJe.178
6878.73873	1110	002  	   8 5 4	000  	9 6 3	  10MiTaDaJe.179
6878.81073	400	002  	   8 5 3	000  	9 6 4	  10MiTaDaJe.180
6910.65049	540	002  	   9 4 5	000  	10 5 6	  10MiTaDaJe.181
6950.67686	2000	210  	   5 5 0	000  	4 4 1	  10MiTaDaJe.182
6950.67686	2000	210  	   5 5 1	000  	4 4 0	  10MiTaDaJe.183
6959.49927	5000	002  	   10 3 7	000  	11 4 8	  10MiTaDaJe.184
7002.49505	400	002  	   12 2 10	000  	13 2 11	  10MiTaDaJe.185
7015.21387	400	002  	   12 1 11	000  	13 1 12	  10MiTaDaJe.186
7018.36968	2000	002  	   8 6 3	000  	9 6 4	  10MiTaDaJe.187
7018.36968	2000	002  	   8 6 2	000  	9 6 3	  10MiTaDaJe.188
7060.76885	2000	002  	   6 0 6	000  	6 3 3	  10MiTaDaJe.189
7076.86598	5000	002  	   11 1 11	000  	11 1 10	  10MiTaDaJe.190
7141.91339	5000	002  	   8 4 5	000  	9 3 6	  10MiTaDaJe.191
7186.13196	5000	002  	   8 4 5	000  	7 5 2	  10MiTaDaJe.192
7271.02920	5000	002  	   12 4 8	000  	12 3 9	  10MiTaDaJe.193
7314.94477	480	002  	   9 6 3	000  	9 5 4	  10MiTaDaJe.194
7415.06373	470	002  	   13 3 10	000  	12 3 9	  10MiTaDaJe.195
7442.47158	2000	002  	   8 8 1	000  	7 7 0	  10MiTaDaJe.196
7442.47158	2000	002  	   8 8 0	000  	7 7 1	  10MiTaDaJe.197
7465.78971	400	002  	   8 2 6	000  	7 1 7	  10MiTaDaJe.198
7467.00225	400	002  	   8 2 6	000  	7 0 7	  10MiTaDaJe.199
7468.02472	400	002  	   10 6 5	000  	9 5 4	  10MiTaDaJe.200
7468.16242	400	002  	   10 6 4	000  	9 5 5	  10MiTaDaJe.201
7470.68082	430	002  	   11 5 7	000  	10 4 6	  10MiTaDaJe.202
7480.20494	550	002  	   8 4 4	000  	7 2 5	  10MiTaDaJe.203
7480.23334	5000	002  	   12 5 8	000  	11 4 7	  10MiTaDaJe.204
7481.66274	410	002  	   11 6 5	000  	10 5 6	  10MiTaDaJe.205
7489.90625	650	002  	   7 4 4	000  	6 2 5	  10MiTaDaJe.206
7490.31315	400	002  	   10 3 7	000  	9 2 8	  10MiTaDaJe.207
7500.28227	590	002  	   10 4 6	000  	9 2 7	  10MiTaDaJe.208
7502.10287	460	002  	   8 3 6	000  	7 0 7	  10MiTaDaJe.209
7524.07590	480	002  	   7 5 3	000  	6 3 4	  10MiTaDaJe.210
7558.24416	5000	002  	   10 4 7	000  	9 1 8	  10MiTaDaJe.211
7560.61296	5000	002  	   10 3 8	000  	9 0 9	  10MiTaDaJe.212
7668.85782	3000	031  	   6 2 4	000  	7 2 5	  10MiTaDaJe.213
7687.56555	480	111  	   5 0 5	000  	6 0 6	  10MiTaDaJe.214
7690.13295	460	111  	   5 1 5	000  	6 1 6	  10MiTaDaJe.215
7691.21615	5000	031  	   3 1 2	000  	3 2 1	  10MiTaDaJe.216
7692.58255	3000	300  	   10 0 10	000  	11 0 11	  10MiTaDaJe.217
7694.77006	830	031  	   5 2 4	000  	6 2 5	  10MiTaDaJe.218
7704.82877	420	031  	   2 0 2	000  	2 1 1	  10MiTaDaJe.219
7705.00877	1040	111  	   4 1 4	000  	5 1 5	  10MiTaDaJe.220
7721.70000	640	031  	   3 2 1	000  	4 2 2	  10MiTaDaJe.221
7729.34141	490	111  	   2 0 2	000  	3 0 3	  10MiTaDaJe.222
7738.89432	690	300  	   6 2 4	000  	7 2 5	  10MiTaDaJe.223
7740.04822	460	031  	   2 2 1	000  	3 2 2	  10MiTaDaJe.224
7742.74413	450	300  	   6 4 2	000  	7 4 3	  10MiTaDaJe.225
7743.84273	3000	111  	   1 1 0	000  	2 1 1	  10MiTaDaJe.226
7744.07413	2000	111  	   1 0 1	000  	2 0 2	  10MiTaDaJe.227
7761.61985	440	300  	   5 2 3	000  	6 2 4	  10MiTaDaJe.228
7785.61159	5000	300  	   4 3 1	000  	5 3 2	  10MiTaDaJe.229
7785.87659	530	031  	   2 2 1	000  	2 2 0	  10MiTaDaJe.230
7786.22319	400	300  	   4 3 2	000  	5 3 3	  10MiTaDaJe.231
7796.62590	730	031  	   5 2 3	000  	5 2 4	  10MiTaDaJe.232
7800.38881	660	111  	   4 2 3	000  	4 1 4	  10MiTaDaJe.233
7804.48302	420	111  	   2 1 2	000  	1 1 1	  10MiTaDaJe.234
7805.19862	5000	300  	   3 3 0	000  	4 3 1	  10MiTaDaJe.235
7824.48494	600	300  	   2 2 0	000  	3 2 1	  10MiTaDaJe.236
7827.52315	2000	111  	   3 1 2	000  	2 1 1	  10MiTaDaJe.237
7839.10496	3000	031  	   4 4 1	000  	4 4 0	  10MiTaDaJe.238
7839.10496	3000	031  	   4 4 0	000  	4 4 1	  10MiTaDaJe.239
7839.62716	690	031  	   5 4 1	000  	5 4 2	  10MiTaDaJe.240
7841.32217	450	111  	   5 1 5	000  	4 1 4	  10MiTaDaJe.241
7848.52928	5000	300  	   6 5 1	000  	6 5 2	  10MiTaDaJe.242
7848.52928	5000	300  	   6 5 2	000  	6 5 1	  10MiTaDaJe.243
7853.27768	490	111  	   6 0 6	000  	5 0 5	  10MiTaDaJe.244
7926.06868	490	300  	   4 3 2	000  	3 3 1	  10MiTaDaJe.245
7926.19888	550	300  	   4 3 1	000  	3 3 0	  10MiTaDaJe.246
7937.74110	400	300  	   5 3 2	000  	4 3 1	  10MiTaDaJe.247
7941.15881	2000	300  	   6 5 1	000  	5 5 0	  10MiTaDaJe.248
7941.15881	2000	300  	   6 5 2	000  	5 5 1	  10MiTaDaJe.249
7952.81082	940	111  	   7 2 5	000  	6 0 6	  10MiTaDaJe.250
7957.06063	460	300  	   7 3 5	000  	6 3 4	  10MiTaDaJe.251
7965.52884	3000	300  	   9 0 9	000  	8 1 8	  10MiTaDaJe.252
7965.92204	430	300  	   9 1 9	000  	8 1 8	  10MiTaDaJe.253
7972.94695	460	300  	   8 2 6	000  	7 2 5	  10MiTaDaJe.254
7977.78285	430	300  	   9 3 6	000  	8 3 5	  10MiTaDaJe.255
8365.72338	400	012  	   4 4 1	000  	5 5 0	  10MiTaDaJe.256
8397.24748	5000	012  	   4 3 1	000  	5 4 2	  10MiTaDaJe.257
8398.34792	2000	012  	   11 0 11	000  	12 0 12	  10MiTaDaJe.258
8398.34792	2000	012  	   11 1 11	000  	12 1 12	  10MiTaDaJe.259
8402.39919	990	012  	   10 3 7	000  	11 3 8	  10MiTaDaJe.260
8415.57092	400	012  	   10 1 10	000  	11 1 11	  10MiTaDaJe.261
8421.07646	400	012  	   5 2 3	000  	6 3 4	  10MiTaDaJe.262
8427.23143	400	012  	   9 2 8	000  	10 2 9	  10MiTaDaJe.263
8432.56332	450	012  	   9 1 9	000  	10 0 10	  10MiTaDaJe.264
8434.62718	2000	012  	   8 4 4	000  	9 4 5	  10MiTaDaJe.265
8434.62718	2000	012  	   8 3 5	000  	9 3 6	  10MiTaDaJe.266
8435.32055	400	012  	   8 4 5	000  	9 4 6	  10MiTaDaJe.267
8445.04794	470	012  	   3 2 1	000  	4 3 2	  10MiTaDaJe.268
8445.79574	440	012  	   7 1 6	000  	8 2 7	  10MiTaDaJe.269
8449.13574	400	012  	   8 1 8	000  	9 0 9	  10MiTaDaJe.270
8450.98504	430	012  	   7 4 3	000  	8 4 4	  10MiTaDaJe.271
8463.95436	430	012  	   7 0 7	000  	8 1 8	  10MiTaDaJe.272
8479.69317	400	012  	   5 5 0	000  	6 5 1	  10MiTaDaJe.273
8481.61838	490	012  	   6 1 6	000  	7 0 7	  10MiTaDaJe.274
8502.59278	400	012  	   7 0 7	000  	7 1 6	  10MiTaDaJe.275
8504.01678	400	012  	   1 1 1	000  	2 2 0	  10MiTaDaJe.276
8509.62888	400	012  	   4 2 2	000  	4 3 1	  10MiTaDaJe.277
8535.50354	470	012  	   5 0 5	000  	5 1 4	  10MiTaDaJe.278
8540.79634	400	012  	   1 0 1	000  	2 1 2	  10MiTaDaJe.279
8543.29473	400	012  	   3 1 2	000  	3 2 1	  10MiTaDaJe.280
8548.78080	400	012  	   2 1 2	000  	3 0 3	  10MiTaDaJe.281
8559.97716	1100	012  	   6 2 5	000  	6 2 4	  10MiTaDaJe.282
8565.83407	2000	012  	   7 6 1	000  	7 6 2	  10MiTaDaJe.283
8565.83407	2000	012  	   7 6 2	000  	7 6 1	  10MiTaDaJe.284
8566.92377	710	012  	   8 3 6	000  	8 3 5	  10MiTaDaJe.285
8571.65958	2000	012  	   7 5 2	000  	7 5 3	  10MiTaDaJe.286
8571.65958	2000	012  	   7 5 3	000  	7 5 2	  10MiTaDaJe.287
8585.74749	770	012  	   7 3 4	000  	7 3 5	  10MiTaDaJe.288
8611.99369	400	012  	   1 1 1	000  	0 0 0	  10MiTaDaJe.289
8625.98134	520	012  	   5 1 4	000  	5 0 5	  10MiTaDaJe.290
8629.50334	450	012  	   7 2 5	000  	7 1 6	  10MiTaDaJe.291
8634.70115	440	012  	   3 1 3	000  	2 0 2	  10MiTaDaJe.292
8635.56475	460	012  	   3 2 2	000  	3 1 3	  10MiTaDaJe.293
8656.74027	560	012  	   4 3 2	000  	4 2 3	  10MiTaDaJe.294
8716.32163	400	012  	   4 3 2	000  	3 2 1	  10MiTaDaJe.295
8725.81488	400	012  	   10 5 6	000  	9 5 5	  10MiTaDaJe.296
8729.29934	440	012  	   5 3 3	000  	4 2 2	  10MiTaDaJe.297
8734.75650	400	012  	   12 1 11	000  	11 1 10	  10MiTaDaJe.298
8743.28116	3000	012  	   10 2 8	000  	9 2 7	  10MiTaDaJe.299
6000.1978	1000	101  	   7 7 1	000  	8 8 0	  09LiNaKaCa.1
6000.1978	1000	101  	   7 7 0	000  	8 8 1	  09LiNaKaCa.2
6002.7359	1000	101  	   9 6 4	000  	10 7 3	  09LiNaKaCa.3
6002.7359	1000	101  	   9 6 3	000  	10 7 4	  09LiNaKaCa.4
6020.5315	1000	101  	   8 6 3	000  	9 7 2	  09LiNaKaCa.5
6020.5315	1000	101  	   8 6 2	000  	9 7 3	  09LiNaKaCa.6
6022.0618	1000	101  	   10 5 6	000  	11 6 5	  09LiNaKaCa.7
6022.4577	1000	101  	   10 5 5	000  	11 6 6	  09LiNaKaCa.8
6038.1249	1000	101  	   7 6 2	000  	8 7 1	  09LiNaKaCa.9
6038.1249	1000	101  	   7 6 1	000  	8 7 2	  09LiNaKaCa.10
6039.9755	1000	101  	   9 5 5	000  	10 6 4	  09LiNaKaCa.11
6040.1323	1000	101  	   9 5 4	000  	10 6 5	  09LiNaKaCa.12
6049.1668	1000	101  	   11 4 7	000  	12 5 8	  09LiNaKaCa.13
6055.4880	1000	101  	   6 6 1	000  	7 7 0	  09LiNaKaCa.14
6055.4880	1000	101  	   6 6 0	000  	7 7 1	  09LiNaKaCa.15
6056.6148	1000	101  	   10 4 7	000  	11 5 6	  09LiNaKaCa.16
6057.7633	1000	101  	   8 5 4	000  	9 6 3	  09LiNaKaCa.17
6063.1189	1000	101  	   10 4 6	000  	11 5 7	  09LiNaKaCa.18
6075.3229	1000	101  	   10 3 8	000  	11 4 7	  09LiNaKaCa.19
6075.3758	1000	101  	   7 5 3	000  	8 6 2	  09LiNaKaCa.20
6075.3758	1000	101  	   7 5 2	000  	8 6 3	  09LiNaKaCa.21
6075.6077	1000	101  	   9 4 6	000  	10 5 5	  09LiNaKaCa.22
6078.6088	1000	101  	   9 4 5	000  	10 5 6	  09LiNaKaCa.23
6084.4528	1000	101  	   7 0 7	000  	8 3 6	  09LiNaKaCa.24
6089.7575	1000	101  	   8 1 8	000  	9 2 7	  09LiNaKaCa.25
6090.6858	1000	021  	   7 3 5	000  	8 5 4	  09LiNaKaCa.26
6092.7742	1000	101  	   6 5 2	000  	7 6 1	  09LiNaKaCa.27
6092.7742	1000	101  	   6 5 1	000  	7 6 2	  09LiNaKaCa.28
6093.9403	1000	101  	   8 4 5	000  	9 5 4	  09LiNaKaCa.29
6095.0970	1000	101  	   8 4 4	000  	9 5 5	  09LiNaKaCa.30
6101.3448	1000	101  	   9 3 7	000  	10 4 6	  09LiNaKaCa.31
6107.5407	1000	101  	   11 3 8	000  	12 4 9	  09LiNaKaCa.32
6109.9441	1000	101  	   5 5 1	000  	6 6 0	  09LiNaKaCa.33
6109.9441	1000	101  	   5 5 0	000  	6 6 1	  09LiNaKaCa.34
6111.6985	1000	101  	   7 4 4	000  	8 5 3	  09LiNaKaCa.35
6112.0972	1000	101  	   7 4 3	000  	8 5 4	  09LiNaKaCa.36
6115.1194	1000	101  	   6 0 6	000  	7 3 5	  09LiNaKaCa.37
6116.3902	1000	101  	   10 3 7	000  	11 4 8	  09LiNaKaCa.38
6132.5552	1000	101  	   7 1 7	000  	8 2 6	  09LiNaKaCa.39
6136.2516	1000	101  	   15 0 15	000  	16 1 16	  09LiNaKaCa.40
6136.2516	1000	101  	   15 1 15	000  	16 0 16	  09LiNaKaCa.41
6137.9887	1000	101  	   8 3 5	000  	9 4 6	  09LiNaKaCa.42
6139.1153	1000	101  	   14 1 13	000  	15 2 14	  09LiNaKaCa.43
6139.6046	1000	101  	   14 2 13	000  	15 1 14	  09LiNaKaCa.44
6142.5257	1000	101  	   5 0 5	000  	6 3 4	  09LiNaKaCa.45
6144.5645	1000	101  	   7 3 5	000  	8 4 4	  09LiNaKaCa.46
6146.3523	1000	101  	   5 4 2	000  	6 5 1	  09LiNaKaCa.47
6146.3745	1000	101  	   5 4 1	000  	6 5 2	  09LiNaKaCa.48
6149.0874	1000	101  	   12 2 10	000  	13 3 11	  09LiNaKaCa.49
6151.3462	1000	101  	   7 3 4	000  	8 4 5	  09LiNaKaCa.50
6154.3705	1000	101  	   14 0 14	000  	15 1 15	  09LiNaKaCa.51
6154.3705	1000	101  	   14 1 14	000  	15 0 15	  09LiNaKaCa.52
6156.8189	1000	101  	   13 1 12	000  	14 2 13	  09LiNaKaCa.53
6157.7635	1000	101  	   13 2 12	000  	14 1 13	  09LiNaKaCa.54
6158.3986	1000	101  	   8 6 3	000  	8 7 2	  09LiNaKaCa.55
6158.3986	1000	101  	   8 6 2	000  	8 7 1	  09LiNaKaCa.56
6158.7901	1000	101  	   7 2 6	000  	8 3 5	  09LiNaKaCa.57
6160.6477	1000	101  	   7 6 2	000  	7 7 1	  09LiNaKaCa.58
6160.6477	1000	101  	   7 6 1	000  	7 7 0	  09LiNaKaCa.59
6161.3195	1000	101  	   11 2 9	000  	12 3 10	  09LiNaKaCa.60
6162.8874	1000	021  	   6 2 4	000  	7 4 3	  09LiNaKaCa.61
6163.3026	1000	101  	   4 4 1	000  	5 5 0	  09LiNaKaCa.62
6163.3026	1000	101  	   4 4 0	000  	5 5 1	  09LiNaKaCa.63
6163.6254	1000	101  	   6 3 4	000  	7 4 3	  09LiNaKaCa.64
6166.2521	1000	101  	   6 3 3	000  	7 4 4	  09LiNaKaCa.65
6166.5503	1000	101  	   4 0 4	000  	5 3 3	  09LiNaKaCa.66
6170.4657	1000	101  	   12 3 10	000  	13 2 11	  09LiNaKaCa.67
6172.0141	1000	101  	   10 2 8	000  	11 3 9	  09LiNaKaCa.68
6172.1553	1000	101  	   13 0 13	000  	14 1 14	  09LiNaKaCa.69
6172.1809	1000	101  	   13 1 13	000  	14 0 14	  09LiNaKaCa.70
6172.3392	1000	101  	   6 1 6	000  	7 2 5	  09LiNaKaCa.71
6175.7904	1000	101  	   12 2 11	000  	13 1 12	  09LiNaKaCa.72
6181.2485	1000	101  	   5 3 3	000  	6 4 2	  09LiNaKaCa.73
6181.6726	1000	101  	   9 2 7	000  	10 3 8	  09LiNaKaCa.74
6182.2096	1000	101  	   5 3 2	000  	6 4 3	  09LiNaKaCa.75
6185.7908	1000	101  	   6 2 5	000  	7 3 4	  09LiNaKaCa.76
6189.6096	1000	101  	   12 0 12	000  	13 1 13	  09LiNaKaCa.77
6189.6621	1000	101  	   12 1 12	000  	13 0 13	  09LiNaKaCa.78
6190.5851	1000	101  	   11 1 10	000  	12 2 11	  09LiNaKaCa.79
6190.9597	1000	101  	   8 2 6	000  	9 3 7	  09LiNaKaCa.80
6191.7277	1000	101  	   10 5 6	000  	10 6 5	  09LiNaKaCa.81
6192.0855	1000	101  	   10 5 5	000  	10 6 4	  09LiNaKaCa.82
6193.8125	1000	101  	   11 2 10	000  	12 1 11	  09LiNaKaCa.83
6193.8125	1000	101  	   11 3 9	000  	12 2 10	  09LiNaKaCa.84
6194.0927	1000	101  	   9 5 5	000  	9 6 4	  09LiNaKaCa.85
6194.2335	1000	101  	   9 5 4	000  	9 6 3	  09LiNaKaCa.86
6196.3697	1000	101  	   8 5 4	000  	8 6 3	  09LiNaKaCa.87
6196.4103	1000	101  	   8 5 3	000  	8 6 2	  09LiNaKaCa.88
6197.1237	1000	021  	   7 1 6	000  	8 3 5	  09LiNaKaCa.89
6198.0058	1000	101  	   13 1 13	000  	13 2 12	  09LiNaKaCa.90
6198.4330	1000	101  	   4 3 2	000  	5 4 1	  09LiNaKaCa.91
6198.5006	1000	101  	   7 5 3	000  	7 6 2	  09LiNaKaCa.92
6198.5006	1000	101  	   7 5 2	000  	7 6 1	  09LiNaKaCa.93
6198.6747	1000	101  	   4 3 1	000  	5 4 2	  09LiNaKaCa.94
6200.4470	1000	101  	   6 5 2	000  	6 6 1	  09LiNaKaCa.95
6200.4470	1000	101  	   6 5 1	000  	6 6 0	  09LiNaKaCa.96
6200.5126	1000	101  	   7 2 5	000  	8 3 6	  09LiNaKaCa.97
6205.4583	1000	021  	   7 6 2	000  	8 7 1	  09LiNaKaCa.98
6205.4583	1000	021  	   7 6 1	000  	8 7 2	  09LiNaKaCa.99
6206.2185	1000	101  	   9 4 6	000  	10 4 7	  09LiNaKaCa.100
6206.2824	1000	101  	   10 1 9	000  	11 2 10	  09LiNaKaCa.101
6206.7150	1000	101  	   11 0 11	000  	12 1 12	  09LiNaKaCa.102
6206.7596	1000	101  	   11 0 11	000  	12 0 12	  09LiNaKaCa.103
6206.7821	1000	101  	   11 1 11	000  	12 1 12	  09LiNaKaCa.104
6206.8249	1000	101  	   11 1 11	000  	12 0 12	  09LiNaKaCa.105
6208.1307	1000	021  	   7 5 3	000  	8 6 2	  09LiNaKaCa.106
6208.4342	1000	101  	   5 1 5	000  	6 2 4	  09LiNaKaCa.107
6208.7309	1000	101  	   10 1 9	000  	11 1 10	  09LiNaKaCa.108
6209.0868	1000	101  	   5 2 4	000  	6 3 3	  09LiNaKaCa.109
6209.5730	1000	101  	   10 2 9	000  	11 2 10	  09LiNaKaCa.110
6210.8689	1000	101  	   6 2 4	000  	7 3 5	  09LiNaKaCa.111
6211.2725	1000	101  	   9 2 7	000  	10 2 8	  09LiNaKaCa.112
6212.0291	1000	101  	   10 2 9	000  	11 1 10	  09LiNaKaCa.113
6215.0271	1000	021  	   6 1 5	000  	7 3 4	  09LiNaKaCa.114
6215.1968	1000	101  	   3 3 1	000  	4 4 0	  09LiNaKaCa.115
6215.2310	1000	101  	   3 3 0	000  	4 4 1	  09LiNaKaCa.116
6218.5840	1000	101  	   10 3 8	000  	11 2 9	  09LiNaKaCa.117
6219.9443	1000	021  	   6 6 1	000  	7 7 0	  09LiNaKaCa.118
6219.9443	1000	021  	   6 6 0	000  	7 7 1	  09LiNaKaCa.119
6220.8659	1000	101  	   9 1 8	000  	10 2 9	  09LiNaKaCa.120
6221.6505	1000	101  	   6 0 6	000  	6 3 3	  09LiNaKaCa.121
6222.4481	1000	101  	   5 2 3	000  	6 3 4	  09LiNaKaCa.122
6222.6841	1000	021  	   6 5 2	000  	7 6 1	  09LiNaKaCa.123
6222.6841	1000	021  	   6 5 1	000  	7 6 2	  09LiNaKaCa.124
6223.4509	1000	101  	   10 0 10	000  	11 1 11	  09LiNaKaCa.125
6223.5383	1000	101  	   10 0 10	000  	11 0 11	  09LiNaKaCa.126
6223.5813	1000	101  	   10 1 10	000  	11 1 11	  09LiNaKaCa.127
6223.6719	1000	101  	   10 1 10	000  	11 0 11	  09LiNaKaCa.128
6225.0328	1000	101  	   8 4 5	000  	9 4 6	  09LiNaKaCa.129
6225.0793	1000	101  	   9 1 8	000  	10 1 9	  09LiNaKaCa.130
6226.0368	1000	101  	   8 3 5	000  	9 3 6	  09LiNaKaCa.131
6226.4996	1000	101  	   9 2 8	000  	10 2 9	  09LiNaKaCa.132
6228.2546	1000	101  	   10 4 7	000  	10 5 6	  09LiNaKaCa.133
6228.3265	1000	021  	   7 3 4	000  	8 4 5	  09LiNaKaCa.134
6228.4642	1000	021  	   6 4 3	000  	7 5 2	  09LiNaKaCa.135
6228.5704	1000	021  	   6 4 2	000  	7 5 3	  09LiNaKaCa.136
6229.2577	1000	101  	   8 2 6	000  	9 2 7	  09LiNaKaCa.137
6229.3252	1000	021  	   5 1 4	000  	6 3 3	  09LiNaKaCa.138
6229.5252	1000	101  	   4 2 3	000  	5 3 2	  09LiNaKaCa.139
6230.7145	1000	101  	   9 2 8	000  	10 1 9	  09LiNaKaCa.140
6231.0621	1000	101  	   9 4 6	000  	9 5 5	  09LiNaKaCa.141
6232.8496	1000	101  	   8 3 6	000  	9 3 7	  09LiNaKaCa.142
6233.1829	1000	101  	   11 1 11	000  	11 2 10	  09LiNaKaCa.143
6233.5044	1000	101  	   8 4 5	000  	8 5 4	  09LiNaKaCa.144
6233.6436	1000	101  	   9 4 5	000  	9 5 4	  09LiNaKaCa.145
6233.6436	1000	101  	   10 4 6	000  	10 5 5	  09LiNaKaCa.146
6234.1165	1000	101  	   8 1 7	000  	9 2 8	  09LiNaKaCa.147
6234.4224	1000	021  	   12 0 12	000  	13 0 13	  09LiNaKaCa.148
6234.4629	1000	021  	   12 1 12	000  	13 1 13	  09LiNaKaCa.149
6235.0692	1000	101  	   5 0 5	000  	5 3 2	  09LiNaKaCa.150
6235.5062	1000	101  	   4 2 2	000  	5 3 3	  09LiNaKaCa.151
6235.5345	1000	101  	   7 4 4	000  	7 5 3	  09LiNaKaCa.152
6237.3610	1000	101  	   6 4 3	000  	6 5 2	  09LiNaKaCa.153
6237.4628	1000	101  	   6 4 2	000  	6 5 1	  09LiNaKaCa.154
6238.9969	1000	101  	   5 4 2	000  	5 5 1	  09LiNaKaCa.155
6239.0169	1000	101  	   5 4 1	000  	5 5 0	  09LiNaKaCa.156
6239.7854	1000	101  	   9 0 9	000  	10 1 10	  09LiNaKaCa.157
6239.9560	1000	101  	   9 0 9	000  	10 0 10	  09LiNaKaCa.158
6240.0551	1000	101  	   9 1 9	000  	10 1 10	  09LiNaKaCa.159
6240.2270	1000	101  	   9 1 9	000  	10 0 10	  09LiNaKaCa.160
6240.3785	1000	101  	   4 1 4	000  	5 2 3	  09LiNaKaCa.161
6241.0601	1000	101  	   8 1 7	000  	9 1 8	  09LiNaKaCa.162
6241.0601	1000	101  	   8 1 7	000  	9 1 8	  09LiNaKaCa.163
6241.5069	1000	021  	   4 1 3	000  	5 3 2	  09LiNaKaCa.164
6243.2393	1000	021  	   5 4 2	000  	6 5 1	  09LiNaKaCa.165
6243.2393	1000	101  	   8 2 7	000  	9 2 8	  09LiNaKaCa.166
6243.2610	1000	021  	   5 4 1	000  	6 5 2	  09LiNaKaCa.167
6243.8174	1000	021  	   5 0 5	000  	6 2 4	  09LiNaKaCa.168
6244.0872	1000	101  	   4 0 4	000  	4 3 1	  09LiNaKaCa.169
6244.5422	1000	101  	   9 3 7	000  	10 2 8	  09LiNaKaCa.170
6246.0275	1000	101  	   7 1 6	000  	8 2 7	  09LiNaKaCa.171
6246.1077	1000	101  	   7 3 4	000  	8 3 5	  09LiNaKaCa.172
6247.5889	1000	101  	   7 2 5	000  	8 2 6	  09LiNaKaCa.173
6247.9497	1000	101  	   3 2 2	000  	4 3 1	  09LiNaKaCa.174
6248.0765	1000	101  	   12 1 11	000  	12 2 10	  09LiNaKaCa.175
6248.9743	1000	021  	   12 2 10	000  	13 2 11	  09LiNaKaCa.176
6249.2066	1000	101  	   11 2 10	000  	11 3 9	  09LiNaKaCa.177
6249.9322	1000	101  	   10 1 10	000  	10 2 9	  09LiNaKaCa.178
6249.9949	1000	101  	   3 2 1	000  	4 3 2	  09LiNaKaCa.179
6250.1835	1000	101  	   8 2 7	000  	9 1 8	  09LiNaKaCa.180
6250.6764	1000	101  	   7 3 5	000  	8 3 6	  09LiNaKaCa.181
6250.8510	1000	021  	   11 0 11	000  	12 0 12	  09LiNaKaCa.182
6250.9207	1000	021  	   11 1 11	000  	12 1 12	  09LiNaKaCa.183
6252.3195	1000	021  	   9 2 7	000  	10 3 8	  09LiNaKaCa.184
6253.0231	1000	021  	   5 3 3	000  	6 4 2	  09LiNaKaCa.185
6254.0116	1000	101  	   10 0 10	000  	10 1 9	  09LiNaKaCa.186
6254.1355	1000	101  	   10 1 10	000  	10 1 9	  09LiNaKaCa.187
6255.6670	1000	101  	   8 0 8	000  	9 1 9	  09LiNaKaCa.188
6255.7608	1000	101  	   10 3 8	000  	10 4 7	  09LiNaKaCa.189
6256.0031	1000	101  	   8 0 8	000  	9 0 9	  09LiNaKaCa.190
6256.2028	1000	101  	   8 1 8	000  	9 1 9	  09LiNaKaCa.191
6256.4202	1000	021  	   8 2 6	000  	9 3 7	  09LiNaKaCa.192
6256.5359	1000	101  	   8 1 8	000  	9 0 9	  09LiNaKaCa.193
6256.6926	1000	101  	   10 4 7	000  	11 3 8	  09LiNaKaCa.194
6256.8735	1000	101  	   7 1 6	000  	8 1 7	  09LiNaKaCa.195
6256.9311	1000	101  	   6 1 5	000  	7 2 6	  09LiNaKaCa.196
6258.1722	1000	021  	   4 4 1	000  	5 5 0	  09LiNaKaCa.197
6258.1722	1000	021  	   4 4 0	000  	5 5 1	  09LiNaKaCa.198
6258.4194	1000	021  	   11 1 10	000  	12 2 11	  09LiNaKaCa.199
6259.2554	1000	021  	   11 2 9	000  	12 2 10	  09LiNaKaCa.200
6259.8375	1000	101  	   7 2 6	000  	8 2 7	  09LiNaKaCa.201
6261.0451	1000	021  	   11 3 8	000  	12 3 9	  09LiNaKaCa.202
6261.4622	1000	101  	   6 4 2	000  	7 4 3	  09LiNaKaCa.203
6261.8892	1000	101  	   9 3 7	000  	9 4 6	  09LiNaKaCa.204
6262.8051	1000	101  	   10 2 9	000  	10 3 8	  09LiNaKaCa.205
6264.5823	1000	021  	   2 1 1	000  	3 3 0	  09LiNaKaCa.206
6265.1115	1000	101  	   2 2 1	000  	3 3 0	  09LiNaKaCa.207
6265.4934	1000	101  	   2 2 0	000  	3 3 1	  09LiNaKaCa.208
6265.6477	1000	101  	   9 0 9	000  	9 2 8	  09LiNaKaCa.209
6265.7205	1000	101  	   6 3 3	000  	7 3 4	  09LiNaKaCa.210
6265.9207	1000	101  	   9 1 9	000  	9 2 8	  09LiNaKaCa.211
6266.1967	1000	101  	   6 2 4	000  	7 2 5	  09LiNaKaCa.212
6266.5378	1000	101  	   8 3 6	000  	8 4 5	  09LiNaKaCa.213
6266.8953	1000	021  	   10 0 10	000  	11 0 11	  09LiNaKaCa.214
6267.0307	1000	021  	   10 1 10	000  	11 1 11	  09LiNaKaCa.215
6267.4006	1000	101  	   5 1 4	000  	6 2 5	  09LiNaKaCa.216
6267.8789	1000	021  	   6 2 4	000  	7 3 5	  09LiNaKaCa.217
6268.0119	1000	101  	   3 1 3	000  	4 2 2	  09LiNaKaCa.218
6268.2245	1000	021  	   4 3 2	000  	5 4 1	  09LiNaKaCa.219
6268.6167	1000	101  	   6 3 4	000  	7 3 5	  09LiNaKaCa.220
6268.9782	1000	101  	   11 1 10	000  	11 2 9	  09LiNaKaCa.221
6269.9796	1000	101  	   7 3 5	000  	7 4 4	  09LiNaKaCa.222
6270.2341	1000	021  	   10 1 9	000  	11 2 10	  09LiNaKaCa.223
6270.6812	1000	101  	   7 2 6	000  	8 1 7	  09LiNaKaCa.224
6271.0011	1000	101  	   7 0 7	000  	8 1 8	  09LiNaKaCa.225
6271.1447	1000	101  	   8 3 6	000  	9 2 7	  09LiNaKaCa.226
6271.6477	1000	101  	   7 0 7	000  	8 0 8	  09LiNaKaCa.227
6272.0043	1000	021  	   6 2 4	000  	6 4 3	  09LiNaKaCa.228
6272.0281	1000	101  	   7 1 7	000  	8 1 8	  09LiNaKaCa.229
6272.5146	1000	021  	   4 0 4	000  	5 2 3	  09LiNaKaCa.230
6272.5941	1000	101  	   9 0 9	000  	9 1 8	  09LiNaKaCa.231
6272.6735	1000	101  	   7 1 7	000  	8 0 8	  09LiNaKaCa.232
6272.7416	1000	101  	   6 3 4	000  	6 4 3	  09LiNaKaCa.233
6272.7954	1000	101  	   6 1 5	000  	7 1 6	  09LiNaKaCa.234
6272.8668	1000	101  	   9 1 9	000  	9 1 8	  09LiNaKaCa.235
6274.4516	1000	101  	   5 3 3	000  	5 4 2	  09LiNaKaCa.236
6274.7654	1000	101  	   9 2 8	000  	9 3 7	  09LiNaKaCa.237
6274.9838	1000	101  	   6 3 3	000  	6 4 2	  09LiNaKaCa.238
6275.1085	1000	021  	   10 3 7	000  	11 3 8	  09LiNaKaCa.239
6275.3062	1000	101  	   5 3 2	000  	5 4 1	  09LiNaKaCa.240
6275.5861	1000	101  	   7 3 4	000  	7 4 3	  09LiNaKaCa.241
6275.6424	1000	021  	   10 2 9	000  	11 2 10	  09LiNaKaCa.242
6275.9123	1000	101  	   4 3 2	000  	4 4 1	  09LiNaKaCa.243
6276.1348	1000	101  	   4 3 1	000  	4 4 0	  09LiNaKaCa.244
6276.3348	1000	101  	   6 2 5	000  	7 2 6	  09LiNaKaCa.245
6277.3491	1000	101  	   8 3 5	000  	8 4 4	  09LiNaKaCa.246
6278.0412	1000	101  	   4 1 3	000  	5 2 4	  09LiNaKaCa.247
6279.4050	1000	101  	   5 4 1	000  	6 4 2	  09LiNaKaCa.248
6279.4687	1000	101  	   5 4 2	000  	6 4 3	  09LiNaKaCa.249
6280.0492	1000	101  	   9 3 6	000  	9 4 5	  09LiNaKaCa.250
6280.3680	1000	101  	   2 0 2	000  	3 2 1	  09LiNaKaCa.251
6280.3680	1000	101  	   6 1 5	000  	6 3 4	  09LiNaKaCa.252
6280.4216	1000	101  	   8 0 8	000  	8 2 7	  09LiNaKaCa.253
6280.9564	1000	101  	   8 1 8	000  	8 2 7	  09LiNaKaCa.254
6281.9142	1000	021  	   9 2 7	000  	10 2 8	  09LiNaKaCa.255
6282.5320	1000	021  	   9 0 9	000  	10 0 10	  09LiNaKaCa.256
6282.7895	1000	021  	   9 1 9	000  	10 1 10	  09LiNaKaCa.257
6282.8901	1000	101  	   10 3 7	000  	10 4 6	  09LiNaKaCa.258
6283.4168	1000	021  	   3 3 1	000  	4 4 0	  09LiNaKaCa.259
6283.4502	1000	021  	   3 3 0	000  	4 4 1	  09LiNaKaCa.260
6284.0638	1000	101  	   12 3 9	000  	12 4 8	  09LiNaKaCa.261
6284.6298	1000	101  	   5 3 2	000  	6 3 3	  09LiNaKaCa.262
6284.6657	1000	101  	   11 3 8	000  	11 4 7	  09LiNaKaCa.263
6284.9376	1000	101  	   8 2 7	000  	8 3 6	  09LiNaKaCa.264
6284.9954	1000	021  	   10 3 8	000  	11 3 9	  09LiNaKaCa.265
6284.9954	1000	101  	   5 2 3	000  	6 2 4	  09LiNaKaCa.266
6285.0474	1000	021  	   9 1 8	000  	10 1 9	  09LiNaKaCa.267
6285.6597	1000	101  	   6 0 6	000  	7 1 7	  09LiNaKaCa.268
6285.9753	1000	101  	   5 3 3	000  	6 3 4	  09LiNaKaCa.269
6286.8694	1000	101  	   6 0 6	000  	7 0 7	  09LiNaKaCa.270
6287.5643	1000	101  	   6 1 6	000  	7 1 7	  09LiNaKaCa.271
6288.7750	1000	101  	   6 1 6	000  	7 0 7	  09LiNaKaCa.272
6289.0537	1000	101  	   5 1 4	000  	6 1 5	  09LiNaKaCa.273
6289.1098	1000	101  	   10 1 9	000  	10 2 8	  09LiNaKaCa.274
6289.3252	1000	101  	   3 1 2	000  	4 2 3	  09LiNaKaCa.275
6289.5773	1000	021  	   9 2 8	000  	10 2 9	  09LiNaKaCa.276
6290.0930	1000	021  	   8 1 7	000  	9 2 8	  09LiNaKaCa.277
6290.3390	1000	021  	   9 3 6	000  	10 3 7	  09LiNaKaCa.278
6291.2647	1000	101  	   8 0 8	000  	8 1 7	  09LiNaKaCa.279
6291.5730	1000	101  	   2 1 2	000  	3 2 1	  09LiNaKaCa.280
6291.8027	1000	101  	   8 1 8	000  	8 1 7	  09LiNaKaCa.281
6292.2006	1000	101  	   6 2 5	000  	7 1 6	  09LiNaKaCa.282
6292.7534	1000	101  	   5 2 4	000  	6 2 5	  09LiNaKaCa.283
6293.2603	1000	101  	   7 2 6	000  	7 3 5	  09LiNaKaCa.284
6293.7771	1000	101  	   7 0 7	000  	7 2 6	  09LiNaKaCa.285
6294.7092	1000	021  	   8 2 6	000  	9 2 7	  09LiNaKaCa.286
6294.8007	1000	101  	   7 1 7	000  	7 2 6	  09LiNaKaCa.287
6296.8743	1000	101  	   4 4 0	000  	5 4 1	  09LiNaKaCa.288
6296.8802	1000	101  	   4 4 1	000  	5 4 2	  09LiNaKaCa.289
6297.0386	1000	021  	   8 1 7	000  	9 1 8	  09LiNaKaCa.290
6297.7399	1000	021  	   8 0 8	000  	9 0 9	  09LiNaKaCa.291
6297.7553	1000	101  	   7 3 5	000  	8 2 6	  09LiNaKaCa.292
6298.2084	1000	021  	   8 1 8	000  	9 1 9	  09LiNaKaCa.293
6298.5216	1000	021  	   9 3 7	000  	10 3 8	  09LiNaKaCa.294
6299.4786	1000	101  	   5 0 5	000  	6 1 6	  09LiNaKaCa.295
6299.6092	1000	101  	   10 5 6	000  	11 4 7	  09LiNaKaCa.296
6299.7774	1000	101  	   6 2 5	000  	6 3 4	  09LiNaKaCa.297
6301.5348	1000	101  	   2 1 1	000  	3 2 2	  09LiNaKaCa.298
6301.6666	1000	101  	   5 0 5	000  	6 0 6	  09LiNaKaCa.299
6302.7517	1000	101  	   4 3 1	000  	5 3 2	  09LiNaKaCa.300
6302.8396	1000	101  	   5 1 5	000  	6 1 6	  09LiNaKaCa.301
6303.2954	1000	101  	   4 3 2	000  	5 3 3	  09LiNaKaCa.302
6303.5091	1000	021  	   8 2 7	000  	9 2 8	  09LiNaKaCa.303
6303.8068	1000	101  	   4 2 2	000  	5 2 3	  09LiNaKaCa.304
6304.6272	1000	101  	   5 2 4	000  	5 3 3	  09LiNaKaCa.305
6305.0291	1000	101  	   5 1 5	000  	6 0 6	  09LiNaKaCa.306
6305.3140	1000	101  	   6 0 6	000  	6 2 5	  09LiNaKaCa.307
6305.6914	1000	101  	   4 1 3	000  	5 1 4	  09LiNaKaCa.308
6306.3798	1000	021  	   8 3 5	000  	9 3 6	  09LiNaKaCa.309
6307.2193	1000	101  	   6 1 6	000  	6 2 5	  09LiNaKaCa.310
6307.4291	1000	101  	   9 1 8	000  	9 2 7	  09LiNaKaCa.311
6308.0308	1000	101  	   4 2 3	000  	4 3 2	  09LiNaKaCa.312
6308.5619	1000	021  	   7 2 5	000  	8 2 6	  09LiNaKaCa.313
6309.0163	1000	021  	   7 1 6	000  	8 1 7	  09LiNaKaCa.314
6309.0976	1000	101  	   4 2 3	000  	5 2 4	  09LiNaKaCa.315
6309.6385	1000	101  	   7 0 7	000  	7 1 6	  09LiNaKaCa.316
6310.2597	1000	101  	   3 2 2	000  	3 3 1	  09LiNaKaCa.317
6310.2597	1000	101  	   10 2 8	000  	10 3 7	  09LiNaKaCa.318
6310.6654	1000	101  	   7 1 7	000  	7 1 6	  09LiNaKaCa.319
6311.7045	1000	101  	   1 1 1	000  	2 2 0	  09LiNaKaCa.320
6312.0728	1000	101  	   3 2 1	000  	3 3 0	  09LiNaKaCa.321
6312.3710	1000	101  	   4 0 4	000  	5 1 5	  09LiNaKaCa.322
6312.4614	1000	021  	   7 0 7	000  	8 0 8	  09LiNaKaCa.323
6312.9969	1000	021  	   9 4 5	000  	10 4 6	  09LiNaKaCa.324
6313.0449	1000	101  	   4 2 2	000  	4 3 1	  09LiNaKaCa.325
6313.0739	1000	021  	   8 3 6	000  	9 3 7	  09LiNaKaCa.326
6313.0739	1000	101  	   8 4 5	000  	9 3 6	  09LiNaKaCa.327
6313.3121	1000	021  	   7 1 7	000  	8 1 8	  09LiNaKaCa.328
6314.4081	1000	101  	   5 2 4	000  	6 1 5	  09LiNaKaCa.329
6314.6422	1000	101  	   5 0 5	000  	5 2 4	  09LiNaKaCa.330
6314.8096	1000	101  	   1 1 0	000  	2 2 1	  09LiNaKaCa.331
6314.9963	1000	101  	   5 2 3	000  	5 3 2	  09LiNaKaCa.332
6315.3256	1000	021  	   9 4 6	000  	10 4 7	  09LiNaKaCa.333
6315.5963	1000	021  	   9 1 9	000  	9 1 8	  09LiNaKaCa.334
6316.1288	1000	101  	   4 0 4	000  	5 0 5	  09LiNaKaCa.335
6316.2142	1000	021  	   2 0 2	000  	3 2 1	  09LiNaKaCa.336
6317.4143	1000	101  	   6 2 4	000  	6 3 3	  09LiNaKaCa.337
6317.5199	1000	021  	   7 2 6	000  	8 2 7	  09LiNaKaCa.338
6317.7844	1000	101  	   9 4 5	000  	10 3 8	  09LiNaKaCa.339
6317.9000	1000	101  	   4 1 4	000  	5 1 5	  09LiNaKaCa.340
6318.0061	1000	101  	   5 1 5	000  	5 2 4	  09LiNaKaCa.341
6319.2896	1000	101  	   7 2 5	000  	7 3 4	  09LiNaKaCa.342
6319.4106	1000	101  	   8 2 6	000  	8 3 5	  09LiNaKaCa.343
6320.1530	1000	101  	   3 3 0	000  	4 3 1	  09LiNaKaCa.344
6320.3215	1000	101  	   3 3 1	000  	4 3 2	  09LiNaKaCa.345
6321.4397	1000	021  	   6 1 5	000  	7 1 6	  09LiNaKaCa.346
6321.4759	1000	101  	   4 0 4	000  	4 2 3	  09LiNaKaCa.347
6321.6583	1000	101  	   4 1 4	000  	5 0 5	  09LiNaKaCa.348
6321.9557	1000	021  	   10 5 5	000  	11 5 6	  09LiNaKaCa.349
6322.1529	1000	021  	   8 0 8	000  	8 2 7	  09LiNaKaCa.350
6322.3237	1000	101  	   3 2 1	000  	4 2 2	  09LiNaKaCa.351
6322.6183	1000	101  	   3 1 2	000  	4 1 3	  09LiNaKaCa.352
6322.8880	1000	101  	   8 1 7	000  	8 2 6	  09LiNaKaCa.353
6323.0883	1000	021  	   7 3 4	000  	8 3 5	  09LiNaKaCa.354
6323.5901	1000	101  	   9 5 5	000  	10 4 6	  09LiNaKaCa.355
6323.9448	1000	101  	   6 3 4	000  	7 2 5	  09LiNaKaCa.356
6324.4883	1000	101  	   3 0 3	000  	4 1 4	  09LiNaKaCa.357
6325.3527	1000	101  	   3 2 2	000  	4 2 3	  09LiNaKaCa.358
6325.8747	1000	101  	   3 0 3	000  	3 2 2	  09LiNaKaCa.359
6326.6856	1000	021  	   6 0 6	000  	7 0 7	  09LiNaKaCa.360
6326.9689	1000	101  	   6 0 6	000  	6 1 5	  09LiNaKaCa.361
6327.0131	1000	101  	   4 1 4	000  	4 2 3	  09LiNaKaCa.362
6327.6870	1000	021  	   7 3 5	000  	8 3 6	  09LiNaKaCa.363
6328.1423	1000	021  	   6 1 6	000  	7 1 7	  09LiNaKaCa.364
6328.3626	1000	021  	   7 2 6	000  	8 1 7	  09LiNaKaCa.365
6328.8719	1000	101  	   6 1 6	000  	6 1 5	  09LiNaKaCa.366
6329.0155	1000	021  	   6 1 5	000  	6 3 4	  09LiNaKaCa.367
6329.0984	1000	021  	   9 1 8	000  	9 3 7	  09LiNaKaCa.368
6329.2074	1000	021  	   8 4 4	000  	9 4 5	  09LiNaKaCa.369
6330.3993	1000	021  	   8 4 5	000  	9 4 6	  09LiNaKaCa.370
6330.5083	1000	101  	   3 0 3	000  	4 0 4	  09LiNaKaCa.371
6331.6825	1000	021  	   6 2 5	000  	7 2 6	  09LiNaKaCa.372
6331.7906	1000	021  	   8 1 7	000  	8 3 6	  09LiNaKaCa.373
6332.0106	1000	101  	   8 2 7	000  	8 2 6	  09LiNaKaCa.374
6332.6291	1000	101  	   8 4 4	000  	9 3 7	  09LiNaKaCa.375
6332.7852	1000	101  	   3 1 3	000  	4 1 4	  09LiNaKaCa.376
6333.7997	1000	021  	   8 1 8	000  	8 1 7	  09LiNaKaCa.377
6334.1699	1000	101  	   3 1 3	000  	3 2 2	  09LiNaKaCa.378
6334.5885	1000	021  	   7 0 7	000  	7 2 6	  09LiNaKaCa.379
6334.6447	1000	021  	   5 1 4	000  	6 1 5	  09LiNaKaCa.380
6334.7802	1000	101  	   7 1 6	000  	7 2 5	  09LiNaKaCa.381
6336.3136	1000	101  	   2 0 2	000  	3 1 3	  09LiNaKaCa.382
6336.7477	1000	101  	   4 2 3	000  	5 1 4	  09LiNaKaCa.383
6337.4307	1000	021  	   9 5 4	000  	10 5 5	  09LiNaKaCa.384
6337.6287	1000	021  	   9 5 5	000  	10 5 6	  09LiNaKaCa.385
6338.2554	1000	101  	   7 4 4	000  	8 3 5	  09LiNaKaCa.386
6338.8025	1000	101  	   3 1 3	000  	4 0 4	  09LiNaKaCa.387
6339.2082	1000	021  	   5 2 3	000  	6 2 4	  09LiNaKaCa.388
6339.4694	1000	101  	   2 1 2	000  	2 2 1	  09LiNaKaCa.389
6339.6914	1000	101  	   2 1 1	000  	3 1 2	  09LiNaKaCa.390
6339.8724	1000	021  	   6 3 3	000  	7 3 4	  09LiNaKaCa.391
6340.1699	1000	101  	   2 2 0	000  	3 2 1	  09LiNaKaCa.392
6340.4167	1000	021  	   5 0 5	000  	6 0 6	  09LiNaKaCa.393
6340.4963	1000	101  	   9 3 6	000  	10 2 9	  09LiNaKaCa.394
6341.5202	1000	101  	   2 2 1	000  	3 2 2	  09LiNaKaCa.395
6342.2930	1000	101  	   5 0 5	000  	5 1 4	  09LiNaKaCa.396
6342.5906	1000	021  	   6 3 4	000  	7 3 5	  09LiNaKaCa.397
6342.7532	1000	021  	   5 1 5	000  	6 1 6	  09LiNaKaCa.398
6342.9183	1000	101  	   6 1 5	000  	6 2 4	  09LiNaKaCa.399
6343.2558	1000	101  	   10 3 7	000  	11 2 10	  09LiNaKaCa.400
6344.1075	1000	101  	   7 4 3	000  	6 5 2	  09LiNaKaCa.401
6345.1010	1000	021  	   7 4 3	000  	8 4 4	  09LiNaKaCa.402
6345.1351	1000	101  	   2 0 2	000  	3 0 3	  09LiNaKaCa.403
6345.6373	1000	021  	   7 4 4	000  	8 4 5	  09LiNaKaCa.404
6345.6373	1000	101  	   8 5 4	000  	9 4 5	  09LiNaKaCa.405
6345.6567	1000	101  	   5 1 5	000  	5 1 4	  09LiNaKaCa.406
6346.0532	1000	021  	   5 2 4	000  	6 2 5	  09LiNaKaCa.407
6347.1557	1000	101  	   7 3 4	000  	8 2 7	  09LiNaKaCa.408
6347.3775	1000	101  	   2 1 1	000  	2 2 0	  09LiNaKaCa.409
6347.5127	1000	101  	   2 1 2	000  	3 1 3	  09LiNaKaCa.410
6347.5729	1000	101  	   5 1 4	000  	5 2 3	  09LiNaKaCa.411
6347.7940	1000	021  	   6 1 6	000  	6 2 5	  09LiNaKaCa.412
6347.8432	1000	101  	   8 5 3	000  	9 4 6	  09LiNaKaCa.413
6348.2314	1000	101  	   7 6 2	000  	7 6 1	  09LiNaKaCa.414
6348.2314	1000	101  	   7 6 1	000  	7 6 2	  09LiNaKaCa.415
6348.4883	1000	101  	   1 0 1	000  	2 1 2	  09LiNaKaCa.416
6348.5164	1000	101  	   5 3 3	000  	6 2 4	  09LiNaKaCa.417
6348.7303	1000	021  	   4 1 3	000  	5 1 4	  09LiNaKaCa.418
6348.9101	1000	101  	   3 1 2	000  	3 2 1	  09LiNaKaCa.419
6349.0994	1000	101  	   7 4 3	000  	8 3 6	  09LiNaKaCa.420
6349.3057	1000	101  	   4 1 3	000  	4 2 2	  09LiNaKaCa.421
6349.8147	1000	021  	   1 1 1	000  	2 2 0	  09LiNaKaCa.422
6350.0332	1000	021  	   4 0 4	000  	5 1 5	  09LiNaKaCa.423
6350.4566	1000	021  	   7 0 7	000  	7 1 6	  09LiNaKaCa.424
6350.7307	1000	101  	   6 6 1	000  	6 6 0	  09LiNaKaCa.425
6350.7307	1000	101  	   6 6 0	000  	6 6 1	  09LiNaKaCa.426
6351.9072	1000	101  	   5 3 3	000  	4 4 0	  09LiNaKaCa.427
6351.9465	1000	021  	   7 1 7	000  	7 1 6	  09LiNaKaCa.428
6352.7517	1000	021  	   8 5 3	000  	9 5 4	  09LiNaKaCa.429
6352.7836	1000	101  	   5 3 2	000  	4 4 1	  09LiNaKaCa.430
6352.8258	1000	021  	   8 5 4	000  	9 5 5	  09LiNaKaCa.431
6353.3919	1000	021  	   5 0 5	000  	5 2 4	  09LiNaKaCa.432
6353.7955	1000	021  	   4 0 4	000  	5 0 5	  09LiNaKaCa.433
6354.7763	1000	101  	   4 0 4	000  	4 1 3	  09LiNaKaCa.434
6355.7379	1000	021  	   4 2 2	000  	5 2 3	  09LiNaKaCa.435
6356.2677	1000	101  	   6 3 3	000  	7 2 6	  09LiNaKaCa.436
6356.3351	1000	101  	   2 1 2	000  	3 0 3	  09LiNaKaCa.437
6356.3928	1000	021  	   5 3 2	000  	6 3 3	  09LiNaKaCa.438
6356.7818	1000	101  	   1 1 0	000  	2 1 1	  09LiNaKaCa.439
6357.2110	1000	021  	   4 1 4	000  	5 1 5	  09LiNaKaCa.440
6357.7461	1000	021  	   5 3 3	000  	6 3 4	  09LiNaKaCa.441
6358.6478	1000	101  	   3 2 2	000  	4 1 3	  09LiNaKaCa.442
6359.1515	1000	021  	   4 0 4	000  	4 2 3	  09LiNaKaCa.443
6360.1885	1000	101  	   1 0 1	000  	2 0 2	  09LiNaKaCa.444
6360.3042	1000	101  	   4 1 4	000  	4 1 3	  09LiNaKaCa.445
6360.6594	1000	021  	   4 2 3	000  	5 2 4	  09LiNaKaCa.446
6360.7659	1000	021  	   6 4 2	000  	7 4 3	  09LiNaKaCa.447
6360.9707	1000	021  	   6 4 3	000  	7 4 4	  09LiNaKaCa.448
6361.1316	1000	101  	   6 4 3	000  	7 3 4	  09LiNaKaCa.449
6361.5250	1000	101  	   0 0 0	000  	1 1 1	  09LiNaKaCa.450
6362.0869	1000	101  	   1 1 1	000  	2 1 2	  09LiNaKaCa.451
6362.3255	1000	101  	   6 2 5	000  	6 2 4	  09LiNaKaCa.452
6362.5415	1000	021  	   3 0 3	000  	3 2 2	  09LiNaKaCa.453
6363.6218	1000	021  	   3 1 2	000  	4 1 3	  09LiNaKaCa.454
6364.0326	1000	101  	   3 0 3	000  	3 1 2	  09LiNaKaCa.455
6365.0957	1000	021  	   6 2 4	000  	5 4 1	  09LiNaKaCa.456
6365.7208	1000	101  	   8 6 3	000  	9 5 4	  09LiNaKaCa.457
6366.1653	1000	101  	   7 5 3	000  	8 4 4	  09LiNaKaCa.458
6366.3231	1000	021  	   4 1 4	000  	4 2 3	  09LiNaKaCa.459
6366.3231	1000	101  	   8 4 4	000  	8 4 5	  09LiNaKaCa.460
6366.4523	1000	101  	   6 4 2	000  	7 3 5	  09LiNaKaCa.461
6367.0470	1000	101  	   7 5 2	000  	8 4 5	  09LiNaKaCa.462
6367.1715	1000	021  	   3 0 3	000  	4 0 4	  09LiNaKaCa.463
6367.7079	1000	021  	   5 2 4	000  	6 1 5	  09LiNaKaCa.464
6367.7342	1000	101  	   7 4 4	000  	7 4 3	  09LiNaKaCa.465
6368.0124	1000	021  	   7 5 2	000  	8 5 3	  09LiNaKaCa.466
6368.0329	1000	021  	   7 5 3	000  	8 5 4	  09LiNaKaCa.467
6368.1809	1000	101  	   6 3 3	000  	5 4 2	  09LiNaKaCa.468
6368.2951	1000	101  	   5 3 2	000  	6 2 5	  09LiNaKaCa.469
6368.4032	1000	101  	   7 4 3	000  	7 4 4	  09LiNaKaCa.470
6369.4521	1000	021  	   6 1 6	000  	6 1 5	  09LiNaKaCa.471
6369.4521	1000	101  	   7 3 5	000  	7 3 4	  09LiNaKaCa.472
6370.1095	1000	101  	   4 2 3	000  	3 3 0	  09LiNaKaCa.473
6370.2425	1000	101  	   2 0 2	000  	2 1 1	  09LiNaKaCa.474
6370.3926	1000	101  	   6 4 3	000  	6 4 2	  09LiNaKaCa.475
6370.5772	1000	101  	   6 4 2	000  	6 4 3	  09LiNaKaCa.476
6371.5807	1000	021  	   3 1 3	000  	4 1 4	  09LiNaKaCa.477
6372.3267	1000	101  	   3 1 3	000  	3 1 2	  09LiNaKaCa.478
6372.5377	1000	021  	   4 3 1	000  	5 3 2	  09LiNaKaCa.479
6372.5835	1000	021  	   3 2 1	000  	4 2 2	  09LiNaKaCa.480
6373.0889	1000	021  	   4 3 2	000  	5 3 3	  09LiNaKaCa.481
6373.7848	1000	101  	   1 1 1	000  	2 0 2	  09LiNaKaCa.482
6373.9372	1000	101  	   1 0 1	000  	1 1 0	  09LiNaKaCa.483
6374.3461	1000	101  	   4 4 1	000  	4 4 0	  09LiNaKaCa.484
6374.3461	1000	101  	   4 4 0	000  	4 4 1	  09LiNaKaCa.485
6375.1613	1000	101  	   6 3 4	000  	6 3 3	  09LiNaKaCa.486
6375.3490	1000	101  	   4 2 2	000  	3 3 1	  09LiNaKaCa.487
6375.5009	1000	021  	   3 2 2	000  	4 2 3	  09LiNaKaCa.488
6375.5644	1000	101  	   0 0 0	000  	1 0 1	  09LiNaKaCa.489
6376.2895	1000	021  	   5 4 1	000  	6 4 2	  09LiNaKaCa.490
6376.3537	1000	021  	   5 4 2	000  	6 4 3	  09LiNaKaCa.491
6377.3688	1000	021  	   8 6 3	000  	9 6 4	  09LiNaKaCa.492
6377.3688	1000	021  	   8 6 2	000  	9 6 3	  09LiNaKaCa.493
6378.5237	1000	101  	   5 3 3	000  	5 3 2	  09LiNaKaCa.494
6378.7158	1000	101  	   7 3 5	000  	6 4 2	  09LiNaKaCa.495
6379.1476	1000	021  	   2 1 1	000  	3 1 2	  09LiNaKaCa.496
6379.4011	1000	101  	   5 2 3	000  	6 1 6	  09LiNaKaCa.497
6379.6775	1000	101  	   2 2 1	000  	3 1 2	  09LiNaKaCa.498
6379.7098	1000	101  	   6 3 3	000  	6 3 4	  09LiNaKaCa.499
6380.0113	1000	101  	   3 1 3	000  	2 2 0	  09LiNaKaCa.500
6380.1677	1000	101  	   5 3 2	000  	5 3 3	  09LiNaKaCa.501
6380.3620	1000	101  	   4 2 3	000  	4 2 2	  09LiNaKaCa.502
6380.7909	1000	101  	   7 1 7	000  	6 2 4	  09LiNaKaCa.503
6380.8346	1000	101  	   4 3 2	000  	4 3 1	  09LiNaKaCa.504
6380.9767	1000	021  	   2 0 2	000  	3 0 3	  09LiNaKaCa.505
6381.3279	1000	101  	   4 2 2	000  	5 1 5	  09LiNaKaCa.506
6381.4197	1000	101  	   6 2 4	000  	7 1 7	  09LiNaKaCa.507
6381.4388	1000	101  	   2 1 2	000  	2 1 1	  09LiNaKaCa.508
6381.8862	1000	101  	   5 4 2	000  	6 3 3	  09LiNaKaCa.509
6382.1656	1000	101  	   5 2 4	000  	4 3 1	  09LiNaKaCa.510
6382.3219	1000	101  	   4 3 1	000  	5 2 4	  09LiNaKaCa.511
6382.3963	1000	101  	   3 3 1	000  	3 3 0	  09LiNaKaCa.512
6382.4576	1000	101  	   3 3 0	000  	3 3 1	  09LiNaKaCa.513
6383.2627	1000	021  	   6 5 2	000  	7 5 3	  09LiNaKaCa.514
6383.2627	1000	021  	   6 5 1	000  	7 5 2	  09LiNaKaCa.515
6383.7527	1000	021  	   1 0 1	000  	2 1 2	  09LiNaKaCa.516
6384.1287	1000	101  	   5 4 1	000  	6 3 4	  09LiNaKaCa.517
6384.7045	1000	101  	   7 3 4	000  	6 4 3	  09LiNaKaCa.518
6384.9351	1000	101  	   3 2 2	000  	3 2 1	  09LiNaKaCa.519
6385.5652	1000	021  	   5 1 5	000  	5 1 4	  09LiNaKaCa.520
6385.9064	1000	021  	   2 1 2	000  	3 1 3	  09LiNaKaCa.521
6386.5977	1000	101  	   4 1 4	000  	3 2 1	  09LiNaKaCa.522
6386.8339	1000	021  	   2 1 1	000  	2 2 0	  09LiNaKaCa.523
6387.3639	1000	101  	   2 2 1	000  	2 2 0	  09LiNaKaCa.524
6387.5351	1000	101  	   1 1 1	000  	1 1 0	  09LiNaKaCa.525
6388.0666	1000	101  	   2 2 0	000  	2 2 1	  09LiNaKaCa.526
6388.3717	1000	021  	   3 3 0	000  	4 3 1	  09LiNaKaCa.527
6388.4814	1000	101  	   3 2 1	000  	3 2 2	  09LiNaKaCa.528
6388.5365	1000	021  	   3 3 1	000  	4 3 2	  09LiNaKaCa.529
6389.2621	1000	021  	   2 2 0	000  	3 2 1	  09LiNaKaCa.530
6389.2621	1000	101  	   5 1 5	000  	4 2 2	  09LiNaKaCa.531
6390.4417	1000	101  	   4 2 2	000  	4 2 3	  09LiNaKaCa.532
6390.5664	1000	021  	   2 2 1	000  	3 2 2	  09LiNaKaCa.533
6390.7777	1000	101  	   8 3 6	000  	7 4 3	  09LiNaKaCa.534
6391.7343	1000	021  	   4 4 0	000  	5 4 1	  09LiNaKaCa.535
6391.7490	1000	021  	   4 4 1	000  	5 4 2	  09LiNaKaCa.536
6392.2784	1000	021  	   8 2 7	000  	8 2 6	  09LiNaKaCa.537
6392.3252	1000	101  	   6 2 5	000  	5 3 2	  09LiNaKaCa.538
6392.4318	1000	021  	   4 0 4	000  	4 1 3	  09LiNaKaCa.539
6392.4318	1000	021  	   7 6 2	000  	8 6 3	  09LiNaKaCa.540
6392.4318	1000	021  	   7 6 1	000  	8 6 2	  09LiNaKaCa.541
6392.6459	1000	101  	   3 3 1	000  	4 2 2	  09LiNaKaCa.542
6392.9804	1000	101  	   1 1 0	000  	1 1 1	  09LiNaKaCa.543
6393.5008	1000	101  	   5 2 3	000  	4 3 2	  09LiNaKaCa.544
6394.5661	1000	101  	   5 2 3	000  	5 2 4	  09LiNaKaCa.545
6395.2559	1000	021  	   1 1 0	000  	2 1 1	  09LiNaKaCa.546
6395.4511	1000	021  	   1 0 1	000  	2 0 2	  09LiNaKaCa.547
6396.1094	1000	101  	   2 2 0	000  	3 1 3	  09LiNaKaCa.548
6396.4920	1000	021  	   0 0 0	000  	1 1 1	  09LiNaKaCa.549
6396.8060	1000	101  	   3 1 2	000  	2 2 1	  09LiNaKaCa.550
6397.5498	1000	101  	   3 3 0	000  	4 2 3	  09LiNaKaCa.551
6397.7593	1000	101  	   2 1 1	000  	2 1 2	  09LiNaKaCa.552
6398.5009	1000	021  	   5 5 1	000  	6 5 2	  09LiNaKaCa.553
6398.5009	1000	021  	   5 5 0	000  	6 5 1	  09LiNaKaCa.554
6399.6154	1000	021  	   4 1 4	000  	4 1 3	  09LiNaKaCa.555
6399.8053	1000	101  	   7 2 6	000  	6 3 3	  09LiNaKaCa.556
6400.2029	1000	021  	   1 1 1	000  	2 1 2	  09LiNaKaCa.557
6400.6964	1000	021  	   3 0 3	000  	3 1 2	  09LiNaKaCa.558
6400.9592	1000	101  	   4 4 1	000  	5 3 2	  09LiNaKaCa.559
6401.2509	1000	101  	   9 3 7	000  	8 4 4	  09LiNaKaCa.560
6401.7326	1000	101  	   4 4 0	000  	5 3 3	  09LiNaKaCa.561
6402.7610	1000	101  	   8 3 5	000  	7 4 4	  09LiNaKaCa.562
6403.6401	1000	101  	   6 6 1	000  	7 5 2	  09LiNaKaCa.563
6403.6401	1000	101  	   6 6 0	000  	7 5 3	  09LiNaKaCa.564
6403.7173	1000	101  	   8 2 7	000  	7 3 4	  09LiNaKaCa.565
6404.0928	1000	101  	   5 5 1	000  	6 4 2	  09LiNaKaCa.566
6404.1691	1000	101  	   5 5 0	000  	6 4 3	  09LiNaKaCa.567
6404.8491	1000	101  	   3 1 2	000  	3 1 3	  09LiNaKaCa.568
6406.0853	1000	021  	   2 0 2	000  	2 1 1	  09LiNaKaCa.569
6406.0853	1000	101  	   1 0 1	000  	0 0 0	  09LiNaKaCa.570
6406.2711	1000	021  	   7 2 6	000  	7 2 5	  09LiNaKaCa.571
6406.4407	1000	101  	   2 0 2	000  	1 1 1	  09LiNaKaCa.572
6407.0215	1000	101  	   1 1 0	000  	1 0 1	  09LiNaKaCa.573
6407.5130	1000	021  	   6 6 1	000  	7 6 2	  09LiNaKaCa.574
6407.5130	1000	021  	   6 6 0	000  	7 6 1	  09LiNaKaCa.575
6409.2015	1000	021  	   1 0 1	000  	1 1 0	  09LiNaKaCa.576
6409.4594	1000	101  	   2 1 1	000  	2 0 2	  09LiNaKaCa.577
6410.5323	1000	021  	   0 0 0	000  	1 0 1	  09LiNaKaCa.578
6411.9090	1000	021  	   1 1 1	000  	2 0 2	  09LiNaKaCa.579
6412.9523	1000	101  	   6 2 4	000  	5 3 3	  09LiNaKaCa.580
6413.6707	1000	101  	   3 1 2	000  	3 0 3	  09LiNaKaCa.581
6414.0834	1000	101  	   4 1 3	000  	4 1 4	  09LiNaKaCa.582
6415.4628	1000	101  	   4 1 3	000  	3 2 2	  09LiNaKaCa.583
6417.6401	1000	101  	   2 1 2	000  	1 1 1	  09LiNaKaCa.584
6417.6713	1000	021  	   6 2 5	000  	6 2 4	  09LiNaKaCa.585
6419.6832	1000	101  	   1 1 1	000  	0 0 0	  09LiNaKaCa.586
6419.8343	1000	021  	   2 1 2	000  	2 1 1	  09LiNaKaCa.587
6420.0972	1000	101  	   4 1 3	000  	4 0 4	  09LiNaKaCa.588
6420.2925	1000	021  	   5 3 3	000  	6 2 4	  09LiNaKaCa.589
6420.4826	1000	101  	   2 0 2	000  	1 0 1	  09LiNaKaCa.590
6422.0993	1000	101  	   3 0 3	000  	2 1 2	  09LiNaKaCa.591
6422.2173	1000	101  	   5 2 3	000  	5 1 4	  09LiNaKaCa.592
6422.4419	1000	101  	   9 3 6	000  	8 4 5	  09LiNaKaCa.593
6422.4419	1000	101  	   13 4 9	000  	13 3 10	  09LiNaKaCa.594
6422.7335	1000	101  	   6 2 4	000  	6 1 5	  09LiNaKaCa.595
6423.2078	1000	101  	   2 1 1	000  	1 1 0	  09LiNaKaCa.596
6423.2404	1000	021  	   10 3 8	000  	10 3 7	  09LiNaKaCa.597
6423.7333	1000	101  	   4 2 2	000  	4 1 3	  09LiNaKaCa.598
6424.6510	1000	021  	   5 0 5	000  	4 2 2	  09LiNaKaCa.599
6425.0953	1000	101  	   5 1 4	000  	5 1 5	  09LiNaKaCa.600
6425.6517	1000	021  	   1 1 1	000  	1 1 0	  09LiNaKaCa.601
6425.6989	1000	101  	   7 2 5	000  	7 1 6	  09LiNaKaCa.602
6426.0878	1000	101  	   10 3 7	000  	10 2 8	  09LiNaKaCa.603
6426.2272	1000	021  	   5 2 4	000  	5 2 3	  09LiNaKaCa.604
6426.6380	1000	101  	   3 2 1	000  	3 1 2	  09LiNaKaCa.605
6427.0589	1000	101  	   9 3 6	000  	9 2 7	  09LiNaKaCa.606
6427.5272	1000	101  	   12 4 8	000  	12 3 9	  09LiNaKaCa.607
6428.8536	1000	101  	   5 1 4	000  	5 0 5	  09LiNaKaCa.608
6430.0374	1000	101  	   2 2 0	000  	2 1 1	  09LiNaKaCa.609
6430.3932	1000	101  	   3 1 3	000  	2 1 2	  09LiNaKaCa.610
6430.5332	1000	101  	   8 3 5	000  	8 2 6	  09LiNaKaCa.611
6431.3007	1000	101  	   8 2 6	000  	8 1 7	  09LiNaKaCa.612
6431.4554	1000	021  	   1 1 0	000  	1 1 1	  09LiNaKaCa.613
6431.6807	1000	101  	   2 1 2	000  	1 0 1	  09LiNaKaCa.614
6431.9208	1000	021  	   4 2 3	000  	4 2 2	  09LiNaKaCa.615
6432.8324	1000	101  	   3 2 2	000  	2 2 1	  09LiNaKaCa.616
6433.2752	1000	101  	   7 2 5	000  	6 3 4	  09LiNaKaCa.617
6433.5184	1000	021  	   9 3 7	000  	9 3 6	  09LiNaKaCa.618
6433.7978	1000	101  	   3 0 3	000  	2 0 2	  09LiNaKaCa.619
6434.2072	1000	101  	   5 1 4	000  	4 2 3	  09LiNaKaCa.620
6434.3171	1000	101  	   3 2 1	000  	2 2 0	  09LiNaKaCa.621
6434.9091	1000	101  	   11 4 7	000  	11 3 8	  09LiNaKaCa.622
6435.0850	1000	021  	   3 2 2	000  	3 2 1	  09LiNaKaCa.623
6435.9065	1000	101  	   7 3 4	000  	7 2 5	  09LiNaKaCa.624
6436.4084	1000	021  	   2 2 1	000  	2 2 0	  09LiNaKaCa.625
6437.0070	1000	101  	   4 0 4	000  	3 1 3	  09LiNaKaCa.626
6437.1574	1000	021  	   2 2 0	000  	2 2 1	  09LiNaKaCa.627
6437.2144	1000	021  	   2 1 1	000  	2 1 2	  09LiNaKaCa.628
6437.7443	1000	101  	   2 2 1	000  	2 1 2	  09LiNaKaCa.629
6438.7411	1000	021  	   3 2 1	000  	3 2 2	  09LiNaKaCa.630
6438.7767	1000	101  	   3 1 2	000  	2 1 1	  09LiNaKaCa.631
6439.3397	1000	101  	   9 2 7	000  	9 1 8	  09LiNaKaCa.632
6439.5144	1000	101  	   6 1 5	000  	6 0 6	  09LiNaKaCa.633
6440.0578	1000	021  	   5 3 2	000  	6 2 5	  09LiNaKaCa.634
6440.3899	1000	101  	   6 3 4	000  	7 0 7	  09LiNaKaCa.635
6440.8771	1000	101  	   3 2 2	000  	3 1 3	  09LiNaKaCa.636
6441.3493	1000	021  	   1 0 1	000  	0 0 0	  09LiNaKaCa.637
6441.5179	1000	021  	   8 3 6	000  	8 3 5	  09LiNaKaCa.638
6442.0921	1000	101  	   3 1 3	000  	2 0 2	  09LiNaKaCa.639
6442.2547	1000	101  	   6 3 3	000  	6 2 4	  09LiNaKaCa.640
6442.3729	1000	021  	   4 2 2	000  	4 2 3	  09LiNaKaCa.641
6442.5360	1000	101  	   4 1 4	000  	3 1 3	  09LiNaKaCa.642
6443.1396	1000	101  	   4 3 2	000  	3 3 1	  09LiNaKaCa.643
6443.3352	1000	101  	   4 3 1	000  	3 3 0	  09LiNaKaCa.644
6443.4430	1000	101  	   10 3 7	000  	9 4 6	  09LiNaKaCa.645
6443.6972	1000	101  	   10 4 6	000  	10 3 7	  09LiNaKaCa.646
6445.1320	1000	101  	   4 2 3	000  	4 1 4	  09LiNaKaCa.647
6445.4956	1000	021  	   1 1 0	000  	1 0 1	  09LiNaKaCa.648
6445.8288	1000	101  	   4 0 4	000  	3 0 3	  09LiNaKaCa.649
6445.8518	1000	021  	   3 1 2	000  	3 1 3	  09LiNaKaCa.650
6446.4635	1000	021  	   7 3 5	000  	7 3 4	  09LiNaKaCa.651
6446.5182	1000	101  	   4 2 3	000  	3 2 2	  09LiNaKaCa.652
6447.7174	1000	021  	   5 2 3	000  	4 3 2	  09LiNaKaCa.653
6448.4675	1000	101  	   5 3 2	000  	5 2 3	  09LiNaKaCa.654
6448.7810	1000	021  	   5 2 3	000  	5 2 4	  09LiNaKaCa.655
6448.9139	1000	021  	   2 1 1	000  	2 0 2	  09LiNaKaCa.656
6449.1338	1000	021  	   6 3 4	000  	6 3 3	  09LiNaKaCa.657
6449.1338	1000	101  	   10 2 8	000  	10 1 9	  09LiNaKaCa.658
6450.0272	1000	101  	   4 2 2	000  	3 2 1	  09LiNaKaCa.659
6450.0695	1000	101  	   5 4 1	000  	4 4 0	  09LiNaKaCa.660
6450.2944	1000	021  	   5 3 3	000  	5 3 2	  09LiNaKaCa.661
6450.4490	1000	101  	   5 2 4	000  	5 1 5	  09LiNaKaCa.662
6450.6169	1000	021  	   3 3 1	000  	3 3 0	  09LiNaKaCa.663
6450.6313	1000	021  	   4 3 2	000  	4 3 1	  09LiNaKaCa.664
6450.6767	1000	021  	   3 3 0	000  	3 3 1	  09LiNaKaCa.665
6450.6767	1000	101  	   5 0 5	000  	4 1 4	  09LiNaKaCa.666
6451.0458	1000	021  	   4 3 1	000  	4 3 2	  09LiNaKaCa.667
6451.2125	1000	101  	   7 1 6	000  	7 0 7	  09LiNaKaCa.668
6451.3579	1000	101  	   4 1 4	000  	3 0 3	  09LiNaKaCa.669
6451.9316	1000	021  	   5 3 2	000  	5 3 3	  09LiNaKaCa.670
6452.1062	1000	021  	   4 3 1	000  	5 2 4	  09LiNaKaCa.671
6452.4915	1000	101  	   6 1 5	000  	5 2 4	  09LiNaKaCa.672
6452.7834	1000	101  	   9 4 5	000  	9 3 6	  09LiNaKaCa.673
6453.5860	1000	101  	   4 3 1	000  	4 2 2	  09LiNaKaCa.674
6453.6188	1000	101  	   4 1 3	000  	3 1 2	  09LiNaKaCa.675
6453.8585	1000	021  	   6 3 3	000  	6 3 4	  09LiNaKaCa.676
6453.8804	1000	101  	   8 2 6	000  	7 3 5	  09LiNaKaCa.677
6454.0393	1000	101  	   5 1 5	000  	4 1 4	  09LiNaKaCa.678
6456.0340	1000	021  	   2 1 2	000  	1 1 1	  09LiNaKaCa.679
6456.3234	1000	021  	   2 0 2	000  	1 0 1	  09LiNaKaCa.680
6456.6979	1000	101  	   5 0 5	000  	4 0 4	  09LiNaKaCa.681
6456.7312	1000	101  	   6 2 5	000  	6 1 6	  09LiNaKaCa.682
6457.0268	1000	101  	   5 3 3	000  	4 3 2	  09LiNaKaCa.683
6457.1140	1000	021  	   4 1 3	000  	4 1 4	  09LiNaKaCa.684
6457.1332	1000	101  	   3 3 0	000  	3 2 1	  09LiNaKaCa.685
6457.5600	1000	021  	   7 3 4	000  	7 3 5	  09LiNaKaCa.686
6457.7059	1000	101  	   5 3 2	000  	4 3 1	  09LiNaKaCa.687
6458.0933	1000	101  	   5 3 3	000  	5 2 4	  09LiNaKaCa.688
6458.2305	1000	101  	   4 3 2	000  	4 2 3	  09LiNaKaCa.689
6458.7625	1000	021  	   3 0 3	000  	2 1 2	  09LiNaKaCa.690
6458.8053	1000	101  	   3 3 1	000  	3 2 2	  09LiNaKaCa.691
6458.8203	1000	101  	   6 3 4	000  	6 2 5	  09LiNaKaCa.692
6459.5625	1000	101  	   5 2 4	000  	4 2 3	  09LiNaKaCa.693
6459.6701	1000	101  	   11 2 9	000  	11 1 10	  09LiNaKaCa.694
6459.9933	1000	101  	   7 3 5	000  	7 2 6	  09LiNaKaCa.695
6460.0601	1000	101  	   5 1 5	000  	4 0 4	  09LiNaKaCa.696
6461.0782	1000	101  	   8 4 4	000  	8 3 5	  09LiNaKaCa.697
6462.3405	1000	101  	   8 3 6	000  	8 2 7	  09LiNaKaCa.698
6462.6643	1000	021  	   2 1 1	000  	1 1 0	  09LiNaKaCa.699
6463.0092	1000	101  	   6 0 6	000  	5 1 5	  09LiNaKaCa.700
6463.0092	1000	101  	   8 1 7	000  	8 0 8	  09LiNaKaCa.701
6463.1936	1000	101  	   2 2 1	000  	1 1 0	  09LiNaKaCa.702
6463.5882	1000	101  	   6 4 3	000  	5 4 2	  09LiNaKaCa.703
6463.6774	1000	101  	   6 4 2	000  	5 4 1	  09LiNaKaCa.704
6463.8143	1000	101  	   7 2 6	000  	7 1 7	  09LiNaKaCa.705
6464.9148	1000	101  	   6 1 6	000  	5 1 5	  09LiNaKaCa.706
6465.6636	1000	101  	   9 3 7	000  	9 2 8	  09LiNaKaCa.707
6465.8310	1000	101  	   5 2 3	000  	4 2 2	  09LiNaKaCa.708
6466.2367	1000	101  	   2 2 0	000  	1 1 1	  09LiNaKaCa.709
6466.7686	1000	101  	   6 0 6	000  	5 0 5	  09LiNaKaCa.710
6467.0431	1000	101  	   11 4 8	000  	11 3 9	  09LiNaKaCa.711
6467.2851	1000	101  	   7 5 3	000  	6 5 2	  09LiNaKaCa.712
6467.2851	1000	101  	   7 5 2	000  	6 5 1	  09LiNaKaCa.713
6467.4289	1000	101  	   10 4 7	000  	10 3 8	  09LiNaKaCa.714
6467.5003	1000	101  	   5 1 4	000  	4 1 3	  09LiNaKaCa.715
6467.6960	1000	101  	   11 5 6	000  	11 4 7	  09LiNaKaCa.716
6467.8736	1000	101  	   7 4 3	000  	7 3 4	  09LiNaKaCa.717
6468.2175	1000	101  	   13 5 9	000  	13 4 10	  09LiNaKaCa.718
6468.5940	1000	101  	   9 4 6	000  	9 3 7	  09LiNaKaCa.719
6468.6736	1000	101  	   6 1 6	000  	5 0 5	  09LiNaKaCa.720
6468.9860	1000	021  	   9 4 6	000  	9 4 5	  09LiNaKaCa.721
6469.1893	1000	021  	   3 1 3	000  	2 1 2	  09LiNaKaCa.722
6469.2129	1000	021  	   4 4 1	000  	4 4 0	  09LiNaKaCa.723
6469.2129	1000	021  	   4 4 0	000  	4 4 1	  09LiNaKaCa.724
6469.4508	1000	021  	   5 4 2	000  	5 4 1	  09LiNaKaCa.725
6469.4802	1000	021  	   5 4 1	000  	5 4 2	  09LiNaKaCa.726
6469.6599	1000	101  	   7 1 6	000  	6 2 5	  09LiNaKaCa.727
6469.7017	1000	021  	   6 4 3	000  	6 4 2	  09LiNaKaCa.728
6469.7610	1000	021  	   8 4 5	000  	8 4 4	  09LiNaKaCa.729
6469.8772	1000	021  	   6 4 2	000  	6 4 3	  09LiNaKaCa.730
6469.8772	1000	021  	   7 4 4	000  	7 4 3	  09LiNaKaCa.731
6469.8772	1000	101  	   10 3 8	000  	10 2 9	  09LiNaKaCa.732
6469.9681	1000	021  	   6 2 4	000  	5 3 3	  09LiNaKaCa.733
6470.0753	1000	021  	   2 1 2	000  	1 0 1	  09LiNaKaCa.734
6470.4617	1000	021  	   3 0 3	000  	2 0 2	  09LiNaKaCa.735
6470.5080	1000	021  	   7 4 3	000  	7 4 4	  09LiNaKaCa.736
6470.5080	1000	101  	   8 4 5	000  	8 3 6	  09LiNaKaCa.737
6470.6879	1000	021  	   5 1 4	000  	5 1 5	  09LiNaKaCa.738
6470.6879	1000	101  	   6 3 4	000  	5 3 3	  09LiNaKaCa.739
6470.8084	1000	021  	   7 2 5	000  	7 2 6	  09LiNaKaCa.740
6471.4847	1000	101  	   8 2 7	000  	8 1 8	  09LiNaKaCa.741
6471.6079	1000	021  	   8 4 4	000  	8 4 5	  09LiNaKaCa.742
6471.7551	1000	101  	   12 5 8	000  	12 4 9	  09LiNaKaCa.743
6471.8958	1000	101  	   6 2 5	000  	5 2 4	  09LiNaKaCa.744
6472.7265	1000	101  	   7 4 4	000  	7 3 5	  09LiNaKaCa.745
6472.9970	1000	101  	   6 4 2	000  	6 3 3	  09LiNaKaCa.746
6473.2558	1000	021  	   9 3 6	000  	9 3 7	  09LiNaKaCa.747
6474.0934	1000	101  	   9 2 7	000  	8 3 6	  09LiNaKaCa.748
6474.1696	1000	101  	   7 0 7	000  	6 1 6	  09LiNaKaCa.749
6474.2062	1000	101  	   9 1 8	000  	9 0 9	  09LiNaKaCa.750
6474.6733	1000	021  	   4 0 4	000  	3 1 3	  09LiNaKaCa.751
6474.8041	1000	101  	   3 2 2	000  	2 1 1	  09LiNaKaCa.752
6475.1172	1000	101  	   6 4 3	000  	6 3 4	  09LiNaKaCa.753
6475.1935	1000	101  	   7 1 7	000  	6 1 6	  09LiNaKaCa.754
6475.6922	1000	101  	   10 5 5	000  	10 4 6	  09LiNaKaCa.755
6475.7320	1000	101  	   11 5 7	000  	11 4 8	  09LiNaKaCa.756
6476.3580	1000	101  	   7 0 7	000  	6 0 6	  09LiNaKaCa.757
6476.4315	1000	021  	   5 2 3	000  	5 1 4	  09LiNaKaCa.758
6476.6755	1000	101  	   5 4 1	000  	5 3 2	  09LiNaKaCa.759
6477.1330	1000	101  	   7 4 3	000  	6 4 2	  09LiNaKaCa.760
6477.3842	1000	101  	   7 1 7	000  	6 0 6	  09LiNaKaCa.761
6477.4251	1000	101  	   5 4 2	000  	5 3 3	  09LiNaKaCa.762
6479.2718	1000	101  	   4 4 0	000  	4 3 1	  09LiNaKaCa.763
6479.4665	1000	101  	   4 4 1	000  	4 3 2	  09LiNaKaCa.764
6479.5152	1000	101  	   9 2 8	000  	9 1 9	  09LiNaKaCa.765
6479.7804	1000	021  	   3 1 2	000  	2 1 1	  09LiNaKaCa.766
6480.0395	1000	101  	   10 5 6	000  	10 4 7	  09LiNaKaCa.767
6480.1329	1000	101  	   6 1 5	000  	5 1 4	  09LiNaKaCa.768
6480.2626	1000	101  	   12 3 10	000  	12 2 11	  09LiNaKaCa.769
6480.8880	1000	021  	   3 1 3	000  	2 0 2	  09LiNaKaCa.770
6481.0030	1000	021  	   5 4 1	000  	6 3 4	  09LiNaKaCa.771
6481.2526	1000	101  	   6 2 4	000  	5 2 3	  09LiNaKaCa.772
6481.8465	1000	021  	   4 1 4	000  	3 1 3	  09LiNaKaCa.773
6482.1076	1000	101  	   9 5 4	000  	9 4 5	  09LiNaKaCa.774
6482.9176	1000	210  	   6 4 2	000  	7 5 3	  09LiNaKaCa.775
6482.9804	1000	021  	   3 2 2	000  	2 2 1	  09LiNaKaCa.776
6483.4396	1000	101  	   7 3 5	000  	6 3 4	  09LiNaKaCa.777
6483.4952	1000	021  	   4 0 4	000  	3 0 3	  09LiNaKaCa.778
6484.1304	1000	101  	   9 5 5	000  	9 4 6	  09LiNaKaCa.779
6484.4002	1000	101  	   8 0 8	000  	7 1 7	  09LiNaKaCa.780
6484.5386	1000	101  	   10 1 9	000  	10 0 10	  09LiNaKaCa.781
6484.5842	1000	021  	   3 2 1	000  	2 2 0	  09LiNaKaCa.782
6484.6753	1000	101  	   4 2 3	000  	3 1 2	  09LiNaKaCa.783
6484.7054	1000	101  	   3 2 1	000  	2 1 2	  09LiNaKaCa.784
6484.9299	1000	101  	   8 1 8	000  	7 1 7	  09LiNaKaCa.785
6485.1355	1000	101  	   8 1 7	000  	7 2 6	  09LiNaKaCa.786
6485.1355	1000	101  	   8 1 7	000  	7 2 6	  09LiNaKaCa.787
6485.6091	1000	101  	   8 0 8	000  	7 0 7	  09LiNaKaCa.788
6485.9728	1000	021  	   6 1 5	000  	6 1 6	  09LiNaKaCa.789
6486.0047	1000	101  	   13 3 11	000  	13 2 12	  09LiNaKaCa.790
6486.1431	1000	101  	   8 1 8	000  	7 0 7	  09LiNaKaCa.791
6487.1231	1000	101  	   7 3 4	000  	6 3 3	  09LiNaKaCa.792
6487.2062	1000	101  	   8 5 3	000  	8 4 4	  09LiNaKaCa.793
6487.6635	1000	101  	   10 2 9	000  	10 1 10	  09LiNaKaCa.794
6488.0359	1000	101  	   8 5 4	000  	8 4 5	  09LiNaKaCa.795
6489.8054	1000	101  	   8 4 5	000  	7 4 4	  09LiNaKaCa.796
6491.1515	1000	021  	   5 5 1	000  	5 5 0	  09LiNaKaCa.797
6491.1515	1000	021  	   5 5 0	000  	5 5 1	  09LiNaKaCa.798
6491.2879	1000	101  	   7 5 2	000  	7 4 3	  09LiNaKaCa.799
6491.3160	1000	101  	   7 1 6	000  	6 1 5	  09LiNaKaCa.800
6491.5805	1000	101  	   7 5 3	000  	7 4 4	  09LiNaKaCa.801
6491.8362	1000	021  	   7 5 3	000  	7 5 2	  09LiNaKaCa.802
6491.8501	1000	021  	   7 5 2	000  	7 5 3	  09LiNaKaCa.803
6492.6586	1000	021  	   9 5 5	000  	9 5 4	  09LiNaKaCa.804
6492.8547	1000	101  	   5 2 4	000  	4 1 3	  09LiNaKaCa.805
6492.8851	1000	021  	   9 5 4	000  	9 5 5	  09LiNaKaCa.806
6493.0645	1000	021  	   11 5 7	000  	11 5 6	  09LiNaKaCa.807
6493.1834	1000	101  	   10 2 8	000  	9 3 7	  09LiNaKaCa.808
6493.1834	1000	210  	   6 1 6	000  	7 2 5	  09LiNaKaCa.809
6493.5961	1000	021  	   10 5 5	000  	10 5 6	  09LiNaKaCa.810
6493.8942	1000	101  	   9 0 9	000  	8 1 8	  09LiNaKaCa.811
6493.9524	1000	021  	   5 1 5	000  	4 1 4	  09LiNaKaCa.812
6494.1670	1000	101  	   9 1 9	000  	8 1 8	  09LiNaKaCa.813
6494.5400	1000	101  	   9 0 9	000  	8 0 8	  09LiNaKaCa.814
6494.5903	1000	101  	   6 5 1	000  	6 4 2	  09LiNaKaCa.815
6494.6727	1000	101  	   6 5 2	000  	6 4 3	  09LiNaKaCa.816
6494.8110	1000	101  	   9 1 9	000  	8 0 8	  09LiNaKaCa.817
6495.4472	1000	021  	   5 0 5	000  	4 0 4	  09LiNaKaCa.818
6495.7654	1000	101  	   8 3 6	000  	7 3 5	  09LiNaKaCa.819
6495.7654	1000	101  	   11 2 10	000  	11 1 11	  09LiNaKaCa.820
6495.8188	1000	101  	   7 2 5	000  	6 2 4	  09LiNaKaCa.821
6496.4278	1000	101  	   10 6 4	000  	10 5 5	  09LiNaKaCa.822
6496.6620	1000	021  	   4 1 3	000  	3 1 2	  09LiNaKaCa.823
6497.2648	1000	101  	   5 5 0	000  	5 4 1	  09LiNaKaCa.824
6497.2827	1000	101  	   5 5 1	000  	5 4 2	  09LiNaKaCa.825
6498.0782	1000	021  	   4 2 3	000  	3 2 2	  09LiNaKaCa.826
6498.6269	1000	101  	   9 1 8	000  	8 2 7	  09LiNaKaCa.827
6499.5458	1000	101  	   6 2 5	000  	5 1 4	  09LiNaKaCa.828
6499.8472	1000	021  	   3 2 2	000  	3 0 3	  09LiNaKaCa.829
6499.8472	1000	210  	   6 3 4	000  	7 4 3	  09LiNaKaCa.830
6499.9723	1000	021  	   5 1 5	000  	4 0 4	  09LiNaKaCa.831
6501.0040	1000	101  	   8 1 7	000  	7 1 6	  09LiNaKaCa.832
6501.1357	1000	021  	   6 1 5	000  	5 2 4	  09LiNaKaCa.833
6501.1357	1000	101  	   9 6 3	000  	9 5 4	  09LiNaKaCa.834
6501.2038	1000	210  	   5 4 1	000  	6 5 2	  09LiNaKaCa.835
6501.2398	1000	101  	   9 6 4	000  	9 5 5	  09LiNaKaCa.836
6501.9562	1000	021  	   4 2 2	000  	3 2 1	  09LiNaKaCa.837
6502.1483	1000	021  	   7 1 6	000  	7 1 7	  09LiNaKaCa.838
6502.1483	1000	210  	   6 3 3	000  	7 4 4	  09LiNaKaCa.839
6502.2355	1000	101  	   8 3 5	000  	7 3 4	  09LiNaKaCa.840
6502.7998	1000	101  	   10 0 10	000  	9 1 9	  09LiNaKaCa.841
6502.8259	1000	021  	   6 0 6	000  	5 1 5	  09LiNaKaCa.842
6502.9357	1000	101  	   10 1 10	000  	9 1 9	  09LiNaKaCa.843
6503.0336	1000	021  	   9 2 7	000  	9 2 8	  09LiNaKaCa.844
6503.1354	1000	101  	   10 0 10	000  	9 0 9	  09LiNaKaCa.845
6503.2703	1000	101  	   10 1 10	000  	9 0 9	  09LiNaKaCa.846
6503.6729	1000	101  	   12 2 11	000  	12 1 12	  09LiNaKaCa.847
6504.0871	1000	101  	   9 4 5	000  	8 4 4	  09LiNaKaCa.848
6504.6481	1000	101  	   3 3 1	000  	2 2 0	  09LiNaKaCa.849
6505.0298	1000	101  	   3 3 0	000  	2 2 1	  09LiNaKaCa.850
6505.1248	1000	101  	   7 2 6	000  	6 1 5	  09LiNaKaCa.851
6505.2422	1000	101  	   8 6 2	000  	8 5 3	  09LiNaKaCa.852
6505.2740	1000	101  	   8 6 3	000  	8 5 4	  09LiNaKaCa.853
6505.9635	1000	101  	   4 2 2	000  	3 1 3	  09LiNaKaCa.854
6506.5852	1000	021  	   6 0 6	000  	5 0 5	  09LiNaKaCa.855
6507.3635	1000	101  	   9 3 7	000  	8 3 6	  09LiNaKaCa.856
6507.5091	1000	021  	   5 2 4	000  	5 0 5	  09LiNaKaCa.857
6508.6967	1000	210  	   6 2 5	000  	7 3 4	  09LiNaKaCa.858
6508.7488	1000	210  	   11 1 10	000  	12 1 11	  09LiNaKaCa.859
6508.8014	1000	101  	   7 6 2	000  	7 5 3	  09LiNaKaCa.860
6508.8014	1000	101  	   7 6 1	000  	7 5 2	  09LiNaKaCa.861
6509.2523	1000	021  	   6 1 6	000  	5 0 5	  09LiNaKaCa.862
6509.4522	1000	210  	   11 3 9	000  	12 3 10	  09LiNaKaCa.863
6509.4686	1000	101  	   9 1 8	000  	8 1 7	  09LiNaKaCa.864
6510.1220	1000	101  	   8 2 7	000  	7 1 6	  09LiNaKaCa.865
6510.2288	1000	101  	   10 1 9	000  	9 2 8	  09LiNaKaCa.866
6510.4444	1000	101  	   11 2 9	000  	10 3 8	  09LiNaKaCa.867
6510.8042	1000	101  	   13 1 12	000  	13 0 13	  09LiNaKaCa.868
6511.1955	1000	101  	   11 0 11	000  	10 1 10	  09LiNaKaCa.869
6511.2616	1000	101  	   11 1 11	000  	10 1 10	  09LiNaKaCa.870
6511.3672	1000	101  	   11 0 11	000  	10 0 10	  09LiNaKaCa.871
6511.4334	1000	101  	   11 1 11	000  	10 0 10	  09LiNaKaCa.872
6511.8417	1000	101  	   6 6 1	000  	6 5 2	  09LiNaKaCa.873
6511.8417	1000	101  	   6 6 0	000  	6 5 1	  09LiNaKaCa.874
6512.8619	1000	021  	   5 2 4	000  	4 2 3	  09LiNaKaCa.875
6512.9308	1000	021  	   4 3 2	000  	3 3 1	  09LiNaKaCa.876
6513.0945	1000	021  	   5 1 4	000  	4 1 3	  09LiNaKaCa.877
6513.1249	1000	021  	   4 3 1	000  	3 3 0	  09LiNaKaCa.878
6513.5224	1000	101  	   10 2 9	000  	9 2 8	  09LiNaKaCa.879
6513.5224	1000	210  	   10 2 8	000  	11 2 9	  09LiNaKaCa.880
6514.2606	1000	021  	   6 2 5	000  	6 0 6	  09LiNaKaCa.881
6514.9847	1000	021  	   7 0 7	000  	6 1 6	  09LiNaKaCa.882
6515.1052	1000	101  	   9 2 8	000  	8 1 7	  09LiNaKaCa.883
6515.1875	1000	021  	   6 6 1	000  	6 6 0	  09LiNaKaCa.884
6515.1875	1000	021  	   6 6 0	000  	6 6 1	  09LiNaKaCa.885
6515.5545	1000	021  	   7 6 2	000  	7 6 1	  09LiNaKaCa.886
6515.5545	1000	021  	   7 6 1	000  	7 6 2	  09LiNaKaCa.887
6516.4142	1000	021  	   6 3 3	000  	6 2 4	  09LiNaKaCa.888
6516.4809	1000	021  	   7 1 7	000  	6 1 6	  09LiNaKaCa.889
6517.1732	1000	021  	   7 0 7	000  	6 0 6	  09LiNaKaCa.890
6517.8062	1000	101  	   4 3 2	000  	3 2 1	  09LiNaKaCa.891
6517.9067	1000	101  	   10 4 6	000  	9 4 5	  09LiNaKaCa.892
6518.1297	1000	101  	   10 3 8	000  	9 3 7	  09LiNaKaCa.893
6518.3504	1000	021  	   8 1 7	000  	8 1 8	  09LiNaKaCa.894
6518.6689	1000	021  	   7 1 7	000  	6 0 6	  09LiNaKaCa.895
6518.7513	1000	210  	   5 3 3	000  	6 4 2	  09LiNaKaCa.896
6519.1301	1000	101  	   12 0 12	000  	11 1 11	  09LiNaKaCa.897
6519.5217	1000	210  	   5 3 2	000  	6 4 3	  09LiNaKaCa.898
6519.7434	1000	101  	   4 3 1	000  	3 2 2	  09LiNaKaCa.899
6520.0441	1000	021  	   5 2 3	000  	4 2 2	  09LiNaKaCa.900
6520.2611	1000	101  	   11 1 10	000  	10 2 9	  09LiNaKaCa.901
6520.4730	1000	101  	   10 2 9	000  	9 1 8	  09LiNaKaCa.902
6521.1629	1000	101  	   9 2 7	000  	8 2 6	  09LiNaKaCa.903
6521.3658	1000	210  	   7 2 5	000  	8 3 6	  09LiNaKaCa.904
6522.1075	1000	101  	   11 2 10	000  	10 2 9	  09LiNaKaCa.905
6523.3767	1000	021  	   4 3 1	000  	4 2 2	  09LiNaKaCa.906
6524.3791	1000	101  	   4 3 1	000  	4 0 4	  09LiNaKaCa.907
6524.3791	1000	210  	   5 0 5	000  	6 2 4	  09LiNaKaCa.908
6524.4732	1000	101  	   11 1 10	000  	10 1 9	  09LiNaKaCa.909
6525.2351	1000	210  	   10 1 9	000  	11 1 10	  09LiNaKaCa.910
6526.1296	1000	021  	   8 0 8	000  	7 1 7	  09LiNaKaCa.911
6526.3221	1000	101  	   11 2 10	000  	10 1 9	  09LiNaKaCa.912
6526.9392	1000	021  	   8 1 8	000  	7 1 7	  09LiNaKaCa.913
6527.0837	1000	050  	   9 0 9	000  	10 0 10	  09LiNaKaCa.914
6527.2448	1000	021  	   6 2 5	000  	5 2 4	  09LiNaKaCa.915
6527.3397	1000	021  	   8 0 8	000  	7 0 7	  09LiNaKaCa.916
6528.0318	1000	021  	   4 3 2	000  	4 2 3	  09LiNaKaCa.917
6528.0318	1000	101  	   11 3 9	000  	10 3 8	  09LiNaKaCa.918
6528.1506	1000	021  	   8 1 8	000  	7 0 7	  09LiNaKaCa.919
6528.5934	1000	210  	   10 3 8	000  	11 3 9	  09LiNaKaCa.920
6528.7866	1000	021  	   6 1 5	000  	5 1 4	  09LiNaKaCa.921
6528.8021	1000	021  	   5 3 3	000  	4 3 2	  09LiNaKaCa.922
6529.0733	1000	101  	   12 1 11	000  	11 2 10	  09LiNaKaCa.923
6529.3062	1000	210  	   10 2 9	000  	11 2 10	  09LiNaKaCa.924
6529.3589	1000	101  	   5 3 3	000  	4 2 2	  09LiNaKaCa.925
6529.4701	1000	021  	   5 3 2	000  	4 3 1	  09LiNaKaCa.926
6529.7471	1000	101  	   5 3 2	000  	5 0 5	  09LiNaKaCa.927
6529.8665	1000	021  	   5 3 3	000  	5 2 4	  09LiNaKaCa.928
6530.6017	1000	101  	   5 2 3	000  	4 1 4	  09LiNaKaCa.929
6531.0234	1000	210  	   9 2 7	000  	10 2 8	  09LiNaKaCa.930
6532.5301	1000	101  	   12 2 11	000  	11 1 10	  09LiNaKaCa.931
6532.5833	1000	210  	   6 2 4	000  	7 3 5	  09LiNaKaCa.932
6532.6747	1000	210  	   5 2 4	000  	6 3 3	  09LiNaKaCa.933
6532.8057	1000	021  	   6 3 4	000  	6 2 5	  09LiNaKaCa.934
6533.7259	1000	101  	   14 0 14	000  	13 0 13	  09LiNaKaCa.935
6533.7344	1000	101  	   14 1 14	000  	13 0 13	  09LiNaKaCa.936
6535.1015	1000	101  	   5 3 2	000  	4 2 3	  09LiNaKaCa.937
6536.4670	1000	021  	   9 0 9	000  	8 1 8	  09LiNaKaCa.938
6536.8611	1000	210  	   4 3 2	000  	5 4 1	  09LiNaKaCa.939
6536.8971	1000	021  	   9 1 9	000  	8 1 8	  09LiNaKaCa.940
6537.1158	1000	021  	   9 0 9	000  	8 0 8	  09LiNaKaCa.941
6537.5450	1000	021  	   9 1 9	000  	8 0 8	  09LiNaKaCa.942
6538.2617	1000	021  	   6 2 4	000  	5 2 3	  09LiNaKaCa.943
6538.8508	1000	101  	   6 3 3	000  	6 0 6	  09LiNaKaCa.944
6538.8802	1000	101  	   13 2 12	000  	12 1 11	  09LiNaKaCa.945
6539.0001	1000	101  	   6 3 4	000  	5 2 3	  09LiNaKaCa.946
6540.2223	1000	021  	   7 7 1	000  	7 7 0	  09LiNaKaCa.947
6540.2223	1000	021  	   7 7 0	000  	7 7 1	  09LiNaKaCa.948
6540.5264	1000	210  	   10 0 10	000  	11 0 11	  09LiNaKaCa.949
6541.1513	1000	021  	   7 2 6	000  	6 2 5	  09LiNaKaCa.950
6541.5444	1000	101  	   4 4 1	000  	3 3 0	  09LiNaKaCa.951
6541.5751	1000	101  	   4 4 0	000  	3 3 1	  09LiNaKaCa.952
6543.4600	1000	021  	   7 1 6	000  	6 1 5	  09LiNaKaCa.953
6544.6729	1000	021  	   6 3 4	000  	5 3 3	  09LiNaKaCa.954
6545.1705	1000	210  	   5 2 3	000  	6 3 4	  09LiNaKaCa.955
6545.9857	1000	101  	   7 3 5	000  	6 2 4	  09LiNaKaCa.956
6546.1480	1000	021  	   10 0 10	000  	9 1 9	  09LiNaKaCa.957
6546.1480	1000	050  	   8 1 8	000  	9 1 9	  09LiNaKaCa.958
6546.3806	1000	021  	   10 1 10	000  	9 1 9	  09LiNaKaCa.959
6546.4055	1000	021  	   6 3 3	000  	5 3 2	  09LiNaKaCa.960
6546.4941	1000	021  	   10 0 10	000  	9 0 9	  09LiNaKaCa.961
6546.7146	1000	021  	   10 1 10	000  	9 0 9	  09LiNaKaCa.962
6546.9273	1000	021  	   5 4 2	000  	4 4 1	  09LiNaKaCa.963
6546.9445	1000	021  	   5 4 1	000  	4 4 0	  09LiNaKaCa.964
6547.0847	1000	210  	   9 2 8	000  	10 2 9	  09LiNaKaCa.965
6547.7550	1000	210  	   9 3 7	000  	10 3 8	  09LiNaKaCa.966
6549.4343	1000	210  	   8 2 6	000  	9 2 7	  09LiNaKaCa.967
6551.0961	1000	101  	   8 3 6	000  	7 2 5	  09LiNaKaCa.968
6551.8255	1000	101  	   6 3 3	000  	5 2 4	  09LiNaKaCa.969
6552.3529	1000	101  	   7 3 4	000  	7 0 7	  09LiNaKaCa.970
6552.4445	1000	210  	   9 4 5	000  	10 4 6	  09LiNaKaCa.971
6553.7227	1000	210  	   4 2 3	000  	5 3 2	  09LiNaKaCa.972
6554.3815	1000	210  	   3 3 1	000  	4 4 0	  09LiNaKaCa.973
6554.4068	1000	210  	   3 3 0	000  	4 4 1	  09LiNaKaCa.974
6554.4326	1000	101  	   9 3 7	000  	8 2 6	  09LiNaKaCa.975
6554.5249	1000	021  	   8 2 7	000  	7 2 6	  09LiNaKaCa.976
6554.7195	1000	210  	   8 1 7	000  	9 1 8	  09LiNaKaCa.977
6554.9636	1000	101  	   5 4 2	000  	4 3 1	  09LiNaKaCa.978
6555.1806	1000	101  	   5 4 1	000  	4 3 2	  09LiNaKaCa.979
6555.2869	1000	021  	   11 0 11	000  	10 1 10	  09LiNaKaCa.980
6555.4023	1000	021  	   11 1 11	000  	10 1 10	  09LiNaKaCa.981
6555.4587	1000	021  	   11 0 11	000  	10 0 10	  09LiNaKaCa.982
6555.5733	1000	021  	   11 1 11	000  	10 0 10	  09LiNaKaCa.983
6556.4302	1000	101  	   10 3 8	000  	9 2 7	  09LiNaKaCa.984
6556.7980	1000	021  	   7 2 5	000  	6 2 4	  09LiNaKaCa.985
6556.9768	1000	021  	   8 1 7	000  	7 1 6	  09LiNaKaCa.986
6557.5420	1000	210  	   9 0 9	000  	10 0 10	  09LiNaKaCa.987
6557.6305	1000	101  	   11 3 9	000  	10 2 8	  09LiNaKaCa.988
6557.9709	1000	210  	   8 3 5	000  	9 3 6	  09LiNaKaCa.989
6558.5340	1000	210  	   9 1 9	000  	10 1 10	  09LiNaKaCa.990
6558.7716	1000	101  	   6 2 4	000  	5 1 5	  09LiNaKaCa.991
6560.4493	1000	021  	   7 3 5	000  	6 3 4	  09LiNaKaCa.992
6562.8984	1000	021  	   6 4 3	000  	5 4 2	  09LiNaKaCa.993
6562.9777	1000	021  	   6 4 2	000  	5 4 1	  09LiNaKaCa.994
6564.0050	1000	021  	   12 0 12	000  	11 0 11	  09LiNaKaCa.995
6564.1020	1000	021  	   7 3 4	000  	6 3 3	  09LiNaKaCa.996
6564.6275	1000	210  	   8 2 7	000  	9 2 8	  09LiNaKaCa.997
6566.8843	1000	210  	   8 3 6	000  	9 3 7	  09LiNaKaCa.998
6567.2358	1000	210  	   7 1 6	000  	8 1 7	  09LiNaKaCa.999
6567.6632	1000	101  	   6 4 3	000  	5 3 2	  09LiNaKaCa.1000
6568.4433	1000	210  	   7 2 5	000  	8 2 6	  09LiNaKaCa.1001
6568.5337	1000	101  	   6 4 2	000  	5 3 3	  09LiNaKaCa.1002
6569.4388	1000	021  	   9 1 8	000  	8 1 7	  09LiNaKaCa.1003
6570.7870	1000	101  	   7 3 4	000  	6 2 5	  09LiNaKaCa.1004
6574.1430	1000	210  	   8 0 8	000  	9 0 9	  09LiNaKaCa.1005
6574.7418	1000	101  	   5 5 1	000  	4 4 0	  09LiNaKaCa.1006
6574.7418	1000	101  	   5 5 0	000  	4 4 1	  09LiNaKaCa.1007
6575.8167	1000	210  	   8 1 8	000  	9 0 9	  09LiNaKaCa.1008
6575.9906	1000	021  	   8 3 6	000  	7 3 5	  09LiNaKaCa.1009
6579.0039	1000	021  	   7 4 4	000  	6 4 3	  09LiNaKaCa.1010
6579.2470	1000	021  	   7 4 3	000  	6 4 2	  09LiNaKaCa.1011
6579.2706	1000	101  	   7 4 4	000  	6 3 3	  09LiNaKaCa.1012
6579.5906	1000	021  	   10 2 9	000  	9 2 8	  09LiNaKaCa.1013
6580.1954	1000	210  	   7 3 4	000  	8 3 5	  09LiNaKaCa.1014
6581.1243	1000	021  	   10 1 9	000  	9 1 8	  09LiNaKaCa.1015
6581.8600	1000	101  	   7 4 3	000  	6 3 4	  09LiNaKaCa.1016
6582.0090	1000	210  	   7 2 6	000  	8 2 7	  09LiNaKaCa.1017
6582.4104	1000	210  	   6 1 5	000  	7 2 6	  09LiNaKaCa.1018
6582.5786	1000	021  	   8 3 5	000  	7 3 4	  09LiNaKaCa.1019
6584.1118	1000	021  	   6 5 2	000  	5 5 1	  09LiNaKaCa.1020
6584.1118	1000	021  	   6 5 1	000  	5 5 0	  09LiNaKaCa.1021
6585.9508	1000	210  	   7 3 5	000  	8 3 6	  09LiNaKaCa.1022
6587.7681	1000	101  	   6 5 2	000  	5 4 1	  09LiNaKaCa.1023
6587.7863	1000	101  	   6 5 1	000  	5 4 2	  09LiNaKaCa.1024
6587.9193	1000	210  	   6 2 4	000  	7 2 5	  09LiNaKaCa.1025
6589.2824	1000	101  	   8 4 5	000  	7 3 4	  09LiNaKaCa.1026
6589.6278	1000	210  	   7 0 7	000  	8 1 8	  09LiNaKaCa.1027
6590.2309	1000	101  	   7 2 5	000  	6 1 6	  09LiNaKaCa.1028
6590.2713	1000	210  	   7 0 7	000  	8 0 8	  09LiNaKaCa.1029
6590.5239	1000	210  	   2 2 0	000  	3 3 1	  09LiNaKaCa.1030
6591.3011	1000	021  	   11 2 10	000  	10 2 9	  09LiNaKaCa.1031
6591.3691	1000	210  	   5 1 4	000  	6 2 5	  09LiNaKaCa.1032
6591.8047	1000	021  	   9 2 7	000  	8 2 6	  09LiNaKaCa.1033
6591.9162	1000	050  	   5 1 5	000  	6 1 6	  09LiNaKaCa.1034
6592.1083	1000	210  	   7 1 7	000  	8 1 8	  09LiNaKaCa.1035
6592.2983	1000	021  	   11 1 10	000  	10 1 9	  09LiNaKaCa.1036
6595.1791	1000	021  	   8 4 5	000  	7 4 4	  09LiNaKaCa.1037
6595.1791	1000	210  	   7 4 3	000  	8 4 4	  09LiNaKaCa.1038
6595.5473	1000	101  	   8 4 4	000  	7 3 5	  09LiNaKaCa.1039
6595.8474	1000	021  	   8 4 4	000  	7 4 3	  09LiNaKaCa.1040
6597.0433	1000	101  	   9 4 6	000  	8 3 5	  09LiNaKaCa.1041
6599.2399	1000	210  	   6 2 5	000  	7 2 6	  09LiNaKaCa.1042
6600.0454	1000	021  	   7 5 3	000  	6 5 2	  09LiNaKaCa.1043
6600.0454	1000	021  	   7 5 2	000  	6 5 1	  09LiNaKaCa.1044
6600.3122	1000	101  	   7 5 3	000  	6 4 2	  09LiNaKaCa.1045
6600.4056	1000	101  	   7 5 2	000  	6 4 3	  09LiNaKaCa.1046
6601.6103	1000	210  	   6 3 3	000  	7 3 4	  09LiNaKaCa.1047
6601.7057	1000	021  	   9 3 6	000  	8 3 5	  09LiNaKaCa.1048
6602.4996	1000	021  	   12 2 11	000  	11 2 10	  09LiNaKaCa.1049
6602.6541	1000	050  	   4 1 3	000  	5 1 4	  09LiNaKaCa.1050
6604.4875	1000	101  	   6 6 1	000  	5 5 0	  09LiNaKaCa.1051
6604.4875	1000	101  	   6 6 0	000  	5 5 1	  09LiNaKaCa.1052
6604.6730	1000	210  	   6 0 6	000  	7 1 7	  09LiNaKaCa.1053
6604.8478	1000	210  	   6 3 4	000  	7 3 5	  09LiNaKaCa.1054
6605.8808	1000	210  	   6 0 6	000  	7 0 7	  09LiNaKaCa.1055
6606.1670	1000	021  	   10 3 8	000  	9 3 7	  09LiNaKaCa.1056
6607.7209	1000	210  	   5 2 3	000  	6 2 4	  09LiNaKaCa.1057
6608.4214	1000	210  	   6 1 6	000  	7 1 7	  09LiNaKaCa.1058
6612.2756	1000	101  	   8 5 4	000  	7 4 3	  09LiNaKaCa.1059
6612.6227	1000	101  	   8 5 3	000  	7 4 4	  09LiNaKaCa.1060
6612.8987	1000	021  	   9 4 5	000  	8 4 4	  09LiNaKaCa.1061
6613.0243	1000	210  	   5 1 4	000  	6 1 5	  09LiNaKaCa.1062
6616.3379	1000	210  	   5 2 4	000  	6 2 5	  09LiNaKaCa.1063
6617.0052	1000	101  	   7 6 2	000  	6 5 1	  09LiNaKaCa.1064
6617.0052	1000	101  	   7 6 1	000  	6 5 2	  09LiNaKaCa.1065
6618.7904	1000	210  	   5 0 5	000  	6 1 6	  09LiNaKaCa.1066
6620.9783	1000	210  	   5 0 5	000  	6 0 6	  09LiNaKaCa.1067
6621.9562	1000	210  	   5 3 2	000  	6 3 3	  09LiNaKaCa.1068
6623.4794	1000	101  	   9 5 5	000  	8 4 4	  09LiNaKaCa.1069
6623.4794	1000	210  	   5 3 3	000  	6 3 4	  09LiNaKaCa.1070
6624.4345	1000	210  	   5 1 5	000  	6 1 6	  09LiNaKaCa.1071
6626.6254	1000	101  	   10 4 6	000  	9 3 7	  09LiNaKaCa.1072
6626.6254	1000	210  	   5 1 5	000  	6 0 6	  09LiNaKaCa.1073
6627.5051	1000	210  	   4 2 2	000  	5 2 3	  09LiNaKaCa.1074
6629.0783	1000	101  	   8 6 3	000  	7 5 2	  09LiNaKaCa.1075
6629.0783	1000	101  	   8 6 2	000  	7 5 3	  09LiNaKaCa.1076
6629.1964	1000	210  	   4 1 3	000  	5 1 4	  09LiNaKaCa.1077
6630.8913	1000	101  	   7 7 1	000  	6 6 0	  09LiNaKaCa.1078
6630.8913	1000	101  	   7 7 0	000  	6 6 1	  09LiNaKaCa.1079
6633.2822	1000	210  	   4 2 3	000  	5 2 4	  09LiNaKaCa.1080
6635.7130	1000	210  	   4 0 4	000  	5 0 5	  09LiNaKaCa.1081
6640.1729	1000	210  	   4 1 4	000  	5 1 5	  09LiNaKaCa.1082
6641.7283	1000	210  	   4 3 2	000  	5 3 3	  09LiNaKaCa.1083
6646.1103	1000	210  	   3 1 2	000  	4 1 3	  09LiNaKaCa.1084
6650.0425	1000	210  	   3 2 2	000  	4 2 3	  09LiNaKaCa.1085
6650.3969	1000	210  	   3 0 3	000  	4 0 4	  09LiNaKaCa.1086
6670.8701	1000	210  	   2 1 2	000  	3 1 3	  09LiNaKaCa.1087
6680.5707	1000	210  	   1 1 0	000  	2 1 1	  09LiNaKaCa.1088
6680.7030	1000	210  	   1 0 1	000  	2 0 2	  09LiNaKaCa.1089
6685.7901	1000	210  	   1 1 1	000  	2 1 2	  09LiNaKaCa.1090
6696.2539	1000	210  	   0 0 0	000  	1 0 1	  09LiNaKaCa.1091
6704.7969	1000	210  	   2 1 2	000  	2 1 1	  09LiNaKaCa.1092
6711.2468	1000	210  	   1 1 1	000  	1 1 0	  09LiNaKaCa.1093
6713.0938	1000	210  	   2 2 0	000  	2 2 1	  09LiNaKaCa.1094
6714.1393	1000	210  	   4 2 2	000  	4 2 3	  09LiNaKaCa.1095
6716.7699	1000	210  	   1 1 0	000  	1 1 1	  09LiNaKaCa.1096
6717.4970	1000	210  	   5 3 2	000  	5 3 3	  09LiNaKaCa.1097
6719.2672	1000	210  	   4 3 2	000  	4 3 1	  09LiNaKaCa.1098
6721.3925	1000	210  	   2 1 1	000  	2 1 2	  09LiNaKaCa.1099
6721.5792	1000	210  	   3 3 1	000  	3 3 0	  09LiNaKaCa.1100
6721.6322	1000	210  	   3 3 0	000  	3 3 1	  09LiNaKaCa.1101