0 0 0 0 0 1 e         0.0000000000  0.000e+00   65
2 0 0 0 0 1 e         2.0808968771  2.546e-06  115
4 0 0 0 0 1 e         6.9362934443  2.546e-06  135
6 0 0 0 0 1 e        14.5661189561  2.410e-06  132
8 0 0 0 0 1 e        24.9702620860  2.410e-06  137
10 0 0 0 0 1 e       38.1485712589  2.410e-06  140
12 0 0 0 0 1 e       54.1008547458  2.411e-06  135
14 0 0 0 0 1 e       72.8268790224  2.548e-06  141
16 0 0 0 0 1 e       94.3263722194  2.548e-06  140
18 0 0 0 0 1 e      118.5990202948  2.549e-06  139
20 0 0 0 0 1 e      145.6444694067  2.549e-06  141
22 0 0 0 0 1 e      175.4623259266  2.550e-06  138
24 0 0 0 0 1 e      208.0521543205  2.551e-06  145
26 0 0 0 0 1 e      243.4134797638  2.551e-06  132
28 0 0 0 0 1 e      281.5457869133  2.552e-06  138
30 0 0 0 0 1 e      322.4485197381  2.553e-06  141
32 0 0 0 0 1 e      366.1210815648  2.554e-06  142
34 0 0 0 0 1 e      412.5628361576  2.556e-06  134
36 0 0 0 0 1 e      461.7731055169  2.557e-06  133
38 0 0 0 0 1 e      513.7511729671  2.559e-06  124
40 0 0 0 0 1 e      568.4962799896  2.562e-06  116
42 0 0 0 0 1 e      626.0076285409  2.566e-06  127
1 0 1 1 0 1 e       658.0212524139  1.732e-03   36
2 0 1 1 0 1 f       659.4132637797  1.783e-03   51
3 0 1 1 0 1 e       661.4935938183  1.732e-03   60
4 0 1 1 0 1 f       664.2813640811  1.732e-03   70
5 0 1 1 0 1 e       667.7435585257  1.732e-03   76
6 0 1 1 0 1 f       671.9312121936  1.732e-03   73
7 0 1 1 0 1 e       676.7713012387  1.732e-03   78
8 0 1 1 0 1 f       682.3625038875  1.732e-03   70
44 0 0 0 0 1 e      686.2843797935  2.716e-06  117
9 0 1 1 0 1 e       688.5766993457  1.732e-03   76
10 0 1 1 0 1 f      695.5752275875  1.732e-03   78
11 0 1 1 0 1 e      703.1593319796  1.732e-03   75
12 0 1 1 0 1 f      711.5691548834  1.732e-03   79
13 0 1 1 0 1 e      720.5189613722  1.732e-03   80
14 0 1 1 0 1 f      730.3442183088  1.732e-03   81
15 0 1 1 0 1 e      740.6556536043  1.732e-03   78
46 0 0 0 0 1 e      749.3256554361  2.731e-06  111
16 0 1 1 0 1 f      751.8995708210  1.732e-03   82
17 0 1 1 0 1 e      763.5689792443  1.732e-03   80
18 0 1 1 0 1 f      776.2354725111  1.732e-03   75
19 0 1 1 0 1 e      789.2585957295  1.732e-03   82
20 0 1 1 0 1 f      803.3516336019  1.732e-03   71
48 0 0 0 0 1 e      815.1305357257  2.912e-06  101
21 0 1 1 0 1 e      817.7240044766  1.732e-03   76
22 0 1 1 0 1 f      833.2472281533  1.732e-03   69
23 0 1 1 0 1 e      848.9648912812  1.732e-03   75
24 0 1 1 0 1 f      865.9221052551  1.732e-03   70
25 0 1 1 0 1 e      882.9806342517  1.732e-03   76
50 0 0 0 0 1 e      883.6980602806  2.987e-06  103
26 0 1 1 0 1 f      901.3754222809  1.732e-03   82
27 0 1 1 0 1 e      919.7710749528  1.732e-03   76
28 0 1 1 0 1 f      939.6071668848  1.732e-03   76
52 0 0 0 0 1 e      955.0272295839  3.283e-06   90
29 0 1 1 0 1 e      959.3354227610  1.732e-03   70
30 0 1 1 0 1 f      980.6162048810  1.732e-03   79
31 0 1 1 0 1 e     1001.6730244653  1.732e-03   70
32 0 1 1 0 1 f     1024.4023946359  1.732e-03   71
54 0 0 0 0 1 e     1029.1170028116  3.707e-06   87
33 0 1 1 0 1 e     1046.7833608107  1.732e-03   69
34 0 1 1 0 1 f     1070.9649205456  1.732e-03   68
35 0 1 1 0 1 e     1094.6659802295  1.732e-03   75
56 0 0 0 0 1 e     1105.9662995964  4.335e-06   75
36 0 1 1 0 1 f     1120.3032824941  1.796e-03   59
37 0 1 1 0 1 e     1145.3199120453  1.732e-03   65
38 0 1 1 0 1 f     1172.4163918774  1.846e-03   61
58 0 0 0 0 1 e     1185.5739991800  5.152e-06   65
39 0 1 1 0 1 e     1198.7443061874  1.732e-03   61
40 0 1 1 0 1 f     1227.3035004152  1.894e-03   48
0 1 0 0 0 2 e      1230.3254348260  1.805e-06   10
2 1 0 0 0 2 e      1232.4045744928  1.805e-06   22
4 1 0 0 0 2 e      1237.2558675559  1.806e-06   30
6 1 0 0 0 2 e      1244.8792350582  1.806e-06   31
41 0 1 1 0 1 e     1254.9385970481  1.732e-03   52
8 1 0 0 0 2 e      1255.2745533686  1.806e-06   31
60 0 0 0 0 1 e     1267.9389398790  6.507e-06   66
10 1 0 0 0 2 e     1268.4416533101  1.806e-06   29
12 1 0 0 0 2 e     1284.3803210468  1.807e-06   35
42 0 1 1 0 1 f     1284.9641639369  1.941e-03   46
14 1 0 0 0 2 e     1303.0902976967  1.807e-06   31
43 0 1 1 0 1 e     1313.9019602324  1.732e-03   45
2 0 2 2 0 1 e      1317.1709119042  3.262e-03   11
3 0 2 2 0 1 f      1319.2595735091  3.212e-03   17
4 0 2 2 0 1 e      1322.0444139859  2.939e-03   18
16 1 0 0 0 2 e     1324.5712794550  1.808e-06   37
5 0 2 2 0 1 f      1325.5256183277  2.884e-03   18
6 0 2 2 0 1 e      1329.7029110006  2.884e-03   23
7 0 2 2 0 1 f      1334.5763968290  2.514e-03   24
8 0 2 2 0 1 e      1340.1464591404  2.514e-03   24
44 0 1 1 0 1 f     1345.3969593670  1.987e-03   50
9 0 2 2 0 1 f      1346.4124690394  2.449e-03   29
0 1 0 0 0 1 e      1347.0927447975  1.800e-06    9
18 1 0 0 0 2 e     1348.8229176455  1.809e-06   39
2 1 0 0 0 1 e      1349.1771623296  1.800e-06   20
62 0 0 0 0 1 e     1353.0599204701  8.244e-06   63
10 0 2 2 0 1 e     1353.3746046371  2.449e-03   27
4 1 0 0 0 1 e      1354.0407773785  1.801e-06   25
11 0 2 2 0 1 f     1361.0325329018  2.000e-03   23
6 1 0 0 0 1 e      1361.6835279014  1.801e-06   25
12 0 2 2 0 1 e     1369.3865619659  2.000e-03   24
8 1 0 0 0 1 e      1372.1053164269  1.802e-06   26
45 0 1 1 0 1 e     1375.6333087478  1.783e-03   50
20 1 0 0 0 2 e     1375.8448187754  1.809e-06   33
13 0 2 2 0 1 f     1378.4373500169  1.414e-03   30
10 1 0 0 0 1 e     1385.3060100353  1.802e-06   29
14 0 2 2 0 1 e     1388.1835976413  2.000e-03   28
15 0 2 2 0 1 f     1398.6256301343  1.778e-03   29
12 1 0 0 0 1 e     1401.2854403887  1.803e-06   37
22 1 0 0 0 2 e     1405.6365445902  1.810e-06   34
46 0 1 1 0 1 f     1408.6013327818  2.031e-03   53
16 0 2 2 0 1 e     1409.7638455682  2.265e-03   19
14 1 0 0 0 1 e     1420.0434037509  1.804e-06   36
17 0 2 2 0 1 f     1421.5984542855  2.078e-03   27
18 0 2 2 0 1 e     1434.1276641708  1.770e-03   32
24 1 0 0 0 2 e     1438.1976121534  1.811e-06   38
47 0 1 1 0 1 e     1440.1321421987  1.833e-03   45
64 0 0 0 0 1 e     1440.9357002333  1.076e-05   48
16 1 0 0 0 1 e     1441.5796609946  1.804e-06   38
19 0 2 2 0 1 f     1447.3543179147  1.523e-03   23
20 0 2 2 0 1 e     1461.2749053442  1.820e-03   26
18 1 0 0 0 1 e     1465.8939376581  1.805e-06   37
26 1 0 0 0 2 e     1473.5274939144  1.812e-06   27
48 0 1 1 0 1 f     1474.5764133707  2.075e-03   46
21 0 2 2 0 1 f     1475.8930508427  1.414e-03   27
22 0 2 2 0 1 e     1491.2044338395  1.414e-03   28
20 1 0 0 0 1 e     1492.9859239384  1.806e-06   33
23 0 2 2 0 1 f     1507.2143471088  1.414e-03   28
49 0 1 1 0 1 e     1507.3966181176  2.315e-03   46
28 1 0 0 0 2 e     1511.6256177910  1.813e-06   29
22 1 0 0 0 1 e     1522.8552747453  1.807e-06   32
24 0 2 2 0 1 e     1523.9164367279  1.523e-03   29
66 0 0 0 0 1 e     1531.5649960780  1.416e-05   48
25 0 2 2 0 1 f     1541.3175540213  1.414e-03   25
50 0 1 1 0 1 f     1543.3212467324  2.118e-03   41
30 1 0 0 0 2 e     1552.4913672676  1.814e-06   29
24 1 0 0 0 1 e     1555.5016097401  1.807e-06   37
26 0 2 2 0 1 e     1559.4099925992  1.414e-03   27
51 0 1 1 0 1 e     1577.4269583977  2.383e-03   48
27 0 2 2 0 1 f     1578.2024887054  1.500e-03   23
26 1 0 0 0 1 e     1590.9245133536  1.809e-06   33
32 1 0 0 0 2 e     1596.1240814814  1.816e-06   27
28 0 2 2 0 1 e     1597.6849281631  1.414e-03   25
52 0 1 1 0 1 f     1614.8346355808  2.176e-03   38
29 0 2 2 0 1 f     1617.8691549711  1.414e-03   23
68 0 0 0 0 1 e     1624.9464864618  1.864e-05   39
28 1 0 0 0 1 e     1629.1235348643  1.810e-06   35
30 0 2 2 0 1 e     1638.7403535680  1.500e-03   20
34 1 0 0 0 2 e     1642.5230553236  1.818e-06   30
53 0 1 1 0 1 e     1650.2213139651  2.421e-03   35
31 0 2 2 0 1 f     1660.3156655485  1.523e-03   26
30 1 0 0 0 1 e     1670.0981884185  1.811e-06   29
32 0 2 2 0 1 e     1682.5756796825  1.523e-03   21
54 0 1 1 0 1 f     1689.1150651562  2.217e-03   35
36 1 0 0 0 2 e     1691.6875395533  1.820e-06   25
33 0 2 2 0 1 f     1705.5418639780  1.652e-03   24
32 1 0 0 0 1 e     1713.8479530975  1.813e-06   25
70 0 0 0 0 1 e     1721.0788101580  2.444e-05   42
55 0 1 1 0 1 e     1725.7795120630  2.458e-03   30
34 0 2 2 0 1 e     1729.1891115629  1.414e-03   18
38 1 0 0 0 2 e     1743.6167409111  1.823e-06   22
35 0 2 2 0 1 f     1753.5478446693  1.746e-03   22
34 1 0 0 0 1 e     1760.3722729743  1.815e-06   25
56 0 1 1 0 1 f     1766.1623282321  2.288e-03   29
36 0 2 2 0 1 e     1778.5824226013  2.000e-03   17
40 1 0 0 0 2 e     1798.3098222378  1.827e-06   24
57 0 1 1 0 1 e     1804.0998848704  2.522e-03   26
37 0 2 2 0 1 f     1804.3319128903  1.836e-03   20
36 1 0 0 0 1 e     1809.6705571665  1.818e-06   26
72 0 0 0 0 1 e     1819.9601679228  5.810e-04   32
38 0 2 2 0 1 e     1830.7534335352  1.414e-03   19
58 0 1 1 0 1 f     1845.9760189825  2.327e-03   26
42 1 0 0 0 2 e     1855.7659026024  1.833e-06   24
39 0 2 2 0 1 f     1857.8930738617  1.903e-03   16
38 1 0 0 0 1 e     1861.7421799026  1.821e-06   25
1 1 1 1 0 2 e      1869.3991186609  2.236e-03    3
2 1 1 1 0 2 f      1870.7911305749  2.236e-03    3
3 1 1 1 0 2 e      1872.8690444777  2.236e-03    4
4 1 1 1 0 2 f      1875.6580717002  2.236e-03    7
5 1 1 1 0 2 e      1879.1147762404  1.732e-03    7
6 1 1 1 0 2 f      1883.3058311429  1.732e-03    4
59 0 1 1 0 1 e     1885.1807484433  2.891e-03   20
40 0 2 2 0 1 e     1885.7008986657  2.000e-03   13
7 1 1 1 0 2 e      1888.1362024625  1.000e-03    6
8 1 1 1 0 2 f      1893.7358922779  1.000e-03    8
9 1 1 1 0 2 e      1899.9339199972  1.732e-03    6
10 1 1 1 0 2 f     1906.9466855320  1.000e-03    4
41 0 2 2 0 1 f     1914.2303912093  1.967e-03   15
11 1 1 1 0 2 e     1914.5069144260  1.732e-03    9
44 1 0 0 0 2 e     1915.9840574241  1.843e-06   19
40 1 0 0 0 1 e     1916.5864806000  1.824e-06   24
74 0 0 0 0 1 e     1921.5903705808  8.109e-04   24
12 1 1 1 0 2 f     1922.9379540703  1.000e-03    8
60 0 1 1 0 1 f     1928.5530081411  2.366e-03   19
13 1 1 1 0 2 e     1931.8549321011  1.000e-03   11
14 1 1 1 0 2 f     1941.7104490863  1.000e-03    7
42 0 2 2 0 1 e     1943.4249025285  2.062e-03   15
15 1 1 1 0 2 e     1951.9782571655  1.000e-03    8
16 1 1 1 0 2 f     1963.2622465895  1.000e-03    7
61 0 1 1 0 1 e     1969.0206015669  3.219e-03   20
43 0 2 2 0 1 f     1973.3455391178  2.047e-03   13
42 1 0 0 0 1 e     1974.2027639326  1.830e-06   19
17 1 1 1 0 2 e     1974.8764600151  1.000e-03    6
3 0 3 3 0 1 e      1977.4334394889  5.000e-03    4
46 1 0 0 0 2 e     1978.9633186140  1.864e-06   18
4 0 3 3 0 1 f      1980.2235190811  5.000e-03    7
5 0 3 3 0 1 e      1983.7116503650  5.000e-03    7
18 1 1 1 0 2 f     1987.5938789104  1.000e-03    9
6 0 3 3 0 1 f      1987.8964522588  5.000e-03    8
7 0 3 3 0 1 e      1992.7790181293  5.196e-03    4
8 0 3 3 0 1 f      1998.3589828056  5.000e-03    6
19 1 1 1 0 2 e     2000.5489565992  1.000e-03    8
44 0 2 2 0 1 e     2003.9239682834  2.138e-03   11
9 0 3 3 0 1 e      2004.6375181293  5.385e-03    5
10 0 3 3 0 1 f     2011.6130300743  5.568e-03    6
62 0 1 1 0 1 f     2013.8916358205  2.432e-03   19
20 1 1 1 0 2 f     2014.7051517207  1.000e-03    8
11 0 3 3 0 1 e     2019.2858061842  5.568e-03    7
76 0 0 0 0 1 e     2025.9668602721  9.887e-04   21
2 1 1 1 0 1 f      2026.6180139304  2.236e-03    2
12 0 3 3 0 1 f     2027.6553435525  5.745e-03    7
3 1 1 1 0 1 e      2028.6966693588  1.000e-03    4
21 1 1 1 0 2 e     2028.9951792247  1.000e-03   10
4 1 1 1 0 1 f      2031.4928584679  1.732e-03    4
44 1 0 0 0 1 e     2034.5902999098  1.840e-06   20
5 1 1 1 0 1 e      2034.9507737603  1.000e-03    3
45 0 2 2 0 1 f     2035.2357635081  2.090e-03   10
13 0 3 3 0 1 e     2036.7226153663  5.745e-03    9
6 1 1 1 0 1 f      2039.1554562900  1.000e-03    6
7 1 1 1 0 1 e      2043.9834442099  1.000e-03    4
22 1 1 1 0 2 f     2044.5954962950  1.732e-03    7
48 1 0 0 0 2 e     2044.7026747035  1.913e-06   20
14 0 3 3 0 1 f     2046.4868100303  5.916e-03    8
8 1 1 1 0 1 f      2049.6041159036  1.000e-03    6
63 0 1 1 0 1 e     2055.6188015669  3.516e-03   19
9 1 1 1 0 1 e      2055.7977002615  1.000e-03    4
15 0 3 3 0 1 e     2056.9487295989  5.916e-03    7
23 1 1 1 0 2 e     2060.2151049781  1.000e-03   11
10 1 1 1 0 1 f     2062.8388384299  1.000e-03    6
46 0 2 2 0 1 e     2067.1983682835  2.563e-03   13
16 0 3 3 0 1 f     2068.1070137132  6.083e-03    7
11 1 1 1 0 1 e     2070.3904818178  1.000e-03    5
24 1 1 1 0 2 f     2077.2637203294  1.000e-03    8
12 1 1 1 0 1 f     2078.8582675492  1.732e-03    4
17 0 3 3 0 1 e     2079.9636183081  6.083e-03    6
13 1 1 1 0 1 e     2087.7616153447  1.000e-03    8
18 0 3 3 0 1 f     2092.5165694971  6.245e-03    5
25 1 1 1 0 2 e     2094.2075476269  1.000e-03    9
14 1 1 1 0 1 f     2097.6641699120  1.705e-03    6
46 1 0 0 0 1 e     2097.7483239379  1.861e-06   19
47 0 2 2 0 1 f     2099.8870092484  2.166e-03   11
64 0 1 1 0 1 f     2101.9935319778  2.497e-03   22
19 0 3 3 0 1 e     2105.7665404161  6.245e-03    6
15 1 1 1 0 1 e     2107.9119428312  1.000e-03    5
26 1 1 1 0 2 f     2112.7104627437  1.732e-03    9
50 1 0 0 0 2 e     2113.2010709873  2.024e-06   17
16 1 1 1 0 1 f     2119.2548029543  1.000e-03    5
20 0 3 3 0 1 f     2119.7127264701  6.403e-03    6
17 1 1 1 0 1 e     2130.8408258469  1.000e-03    7
27 1 1 1 0 2 e     2130.9723576552  1.000e-03    9
78 0 0 0 0 1 e     2133.0890227156  1.139e-03   14
48 0 2 2 0 1 e     2133.2446682835  2.927e-03   12
21 0 3 3 0 1 e     2134.3587834431  6.403e-03    5
18 1 1 1 0 1 f     2143.6317816887  1.000e-03    7
65 0 1 1 0 1 e     2144.9740570728  3.789e-03   16
22 0 3 3 0 1 f     2149.6978264701  6.557e-03    7
28 1 1 1 0 2 f     2150.9346373485  1.732e-03    6
19 1 1 1 0 1 e     2156.5479681572  1.732e-03    3
48 1 0 0 0 1 e     2163.6760369045  1.912e-06   18
23 0 3 3 0 1 e     2165.7373334431  6.557e-03    5
49 0 2 2 0 1 f     2167.3232833170  2.238e-03   13
29 1 1 1 0 2 e     2170.5100819782  1.000e-03    6
20 1 1 1 0 1 f     2170.7919290385  1.732e-03    3
24 0 3 3 0 1 f     2182.4701264701  6.708e-03    4
52 1 0 0 0 2 e     2184.4574097001  2.244e-06   18
21 1 1 1 0 1 e     2185.0333940201  1.000e-03    5
30 1 1 1 0 2 f     2191.9355007226  2.236e-03    6
66 0 1 1 0 1 f     2192.8551619778  2.870e-03    8
25 0 3 3 0 1 e     2199.9025834431  6.708e-03    5
22 1 1 1 0 1 f     2200.7379287969  1.000e-03    7
50 0 2 2 0 1 e     2202.0627845262  2.970e-03   14
31 1 1 1 0 2 e     2212.8178282039  1.000e-03   10
23 1 1 1 0 1 e     2216.2954812404  1.000e-03    6
26 0 3 3 0 1 f     2218.0291764701  6.856e-03    7
50 1 0 0 0 1 e     2232.3726052592  2.030e-06   18
24 1 1 1 0 1 f     2233.4672701584  1.000e-03    5
32 1 1 1 0 2 f     2235.7118073566  1.732e-03    7
27 0 3 3 0 1 e     2236.8556834431  6.856e-03    3
67 0 1 1 0 1 e     2237.0853592062  3.831e-03   10
51 0 2 2 0 1 f     2237.5305917843  2.309e-03   10
80 0 0 0 0 1 e     2242.9541811882  1.244e-03   10
25 1 1 1 0 1 e     2250.3348998673  1.000e-03    7
28 0 3 3 0 1 f     2256.3777764701  7.000e-03    6
33 1 1 1 0 2 e     2257.8965828597  1.732e-03    6
54 1 0 0 0 2 e     2258.4705501590  2.645e-06   14
26 1 1 1 0 1 f     2268.9806841362  1.000e-03    3
52 0 2 2 0 1 e     2273.6527129914  3.023e-03   11
29 0 3 3 0 1 e     2276.5950834431  7.000e-03    6
34 1 1 1 0 2 f     2282.2638818595  2.236e-03    7
68 0 1 1 0 1 f     2286.4743828569  3.106e-03   10
27 1 1 1 0 1 e     2287.1510430735  1.000e-03    5
30 0 3 3 0 1 f     2297.5098764701  7.141e-03    4
52 1 0 0 0 1 e     2303.8371611559  2.268e-06   14
35 1 1 1 0 2 e     2305.7448547048  1.000e-03    6
28 1 1 1 0 1 f     2307.2757521564  1.000e-03    5
53 0 2 2 0 1 f     2310.5086577789  2.377e-03    9
0 0 0 0 1 1 e      2314.0482599750  1.816e-06    2
1 0 0 0 1 1 e      2314.7364395009  1.800e-06   16
3 0 0 0 1 1 e      2318.1773250591  1.801e-06   17
31 0 3 3 0 1 e     2319.1212334431  7.141e-03    7
5 0 0 0 1 1 e      2324.3708660987  1.801e-06   17
29 1 1 1 0 1 e     2326.7436201703  1.000e-03    5
36 1 1 1 0 2 f     2331.5901099178  2.236e-03    5
69 0 1 1 0 1 e     2331.9524064573  3.873e-03    6
7 0 0 0 1 1 e      2333.3169718174  1.802e-06   19
56 1 0 0 0 2 e     2335.2393089245  3.311e-06   12
32 0 3 3 0 1 f     2341.4275764701  7.280e-03    3
9 0 0 0 1 1 e      2345.0155110884  1.802e-06   17
54 0 2 2 0 1 e     2348.0116196309  3.076e-03    7
30 1 1 1 0 1 f     2348.3549229395  1.732e-03    3
82 0 0 0 0 1 e     2355.5595367420  1.367e-03    7
37 1 1 1 0 2 e     2356.3620612746  1.000e-03    7
11 0 0 0 1 1 e     2359.4663123997  1.803e-06   18
33 0 3 3 0 1 e     2364.4293334431  7.284e-03    4
31 1 1 1 0 1 e     2369.1119884532  1.000e-03    3
13 0 0 0 1 1 e     2376.6691639087  1.803e-06   19
54 1 0 0 0 1 e     2378.0688025223  2.716e-06   14
70 0 1 1 0 1 f     2382.8504314517  3.157e-03   11
38 1 1 1 0 2 f     2383.6890505843  2.286e-03    5
55 0 2 2 0 1 f     2386.2595784198  2.443e-03    9
34 0 3 3 0 1 f     2388.1291764701  7.416e-03    3
32 1 1 1 0 1 f     2392.2152616795  1.000e-03    6
15 0 0 0 1 1 e     2396.6238134127  1.804e-06   20
39 1 1 1 0 2 e     2409.7486655534  1.000e-03    5
35 0 3 3 0 1 e     2412.5232334431  7.420e-03    3
33 1 1 1 0 1 e     2414.2540669327  1.000e-03    4
58 1 0 0 0 2 e     2414.7624600007  4.328e-06   16
17 0 0 0 1 1 e     2419.3299683707  1.805e-06   21
56 0 2 2 0 1 e     2425.1392196309  3.385e-03    8
36 0 3 3 0 1 f     2437.6149950961  5.000e-03    3
40 1 1 1 0 2 f     2438.5628856089  2.325e-03    4
34 1 1 1 0 1 f     2438.8544801734  1.536e-03    3
19 0 0 0 1 1 e     2444.7872959001  1.805e-06   17
4 2 0 0 0 3 e      2453.9885675559  1.414e-03    1
56 1 0 0 0 1 e     2455.0665931602  3.471e-06   10
6 2 0 0 0 3 e      2461.6143675559  1.414e-03    1
35 1 1 1 0 1 e     2462.1714526221  1.000e-03    2
57 0 2 2 0 1 f     2464.7846960155  2.508e-03    4
41 1 1 1 0 2 e     2465.9021974022  1.000e-03    4
84 0 0 0 0 1 e     2470.9071043857  1.455e-03    7
8 2 0 0 0 3 e      2472.0115283540  1.414e-03    2
21 0 0 0 1 1 e     2472.9954227737  1.806e-06   21
72 0 1 1 0 1 f     2481.9843563787  3.208e-03   10
10 2 0 0 0 3 e     2485.1812033394  1.414e-03    2
36 1 1 1 0 1 f     2488.2769729319  2.088e-03    2
38 0 3 3 0 1 f     2489.8829159038  5.000e-03    6
42 1 1 1 0 2 f     2496.2090856089  2.722e-03    3
60 1 0 0 0 2 e     2497.0387349048  5.779e-06    9
12 2 0 0 0 3 e     2501.1232783247  1.414e-03    1
23 0 0 0 1 1 e     2503.9539354294  1.807e-06   19
58 0 2 2 0 1 e     2505.0334196309  3.669e-03    9
37 1 1 1 0 1 e     2512.8618839887  1.000e-03    4
14 2 0 0 0 3 e     2519.8362093718  1.414e-03    2
43 1 1 1 0 2 e     2524.8223587347  2.236e-03    3
58 1 0 0 0 1 e     2534.8295628730  4.638e-06    8
25 0 0 0 1 1 e     2537.6623799747  1.808e-06   19
38 1 1 1 0 1 f     2540.4802756646  2.325e-03    3
16 2 0 0 0 3 e     2541.3201035343  1.414e-03    1
40 0 3 3 0 1 f     2544.9335159038  5.196e-03    4
44 1 1 1 0 2 f     2556.6234460744  2.439e-03    1
39 1 1 1 0 1 e     2566.3253825192  1.000e-03    5
27 0 0 0 1 1 e     2574.1202621840  1.809e-06   19
13 1 2 2 0 2 f     2575.1624229231  5.000e-03    4
62 1 0 0 0 2 e     2582.0668226479  7.767e-06   12
74 0 1 1 0 1 f     2583.8734096354  3.257e-03    5
45 1 1 1 0 2 e     2586.5080587347  2.646e-03    2
60 0 2 2 0 1 e     2587.6943504170  3.712e-03    9
86 0 0 0 0 1 e     2588.9921779780  1.561e-03    6
20 2 0 0 0 3 e     2592.6049176455  1.414e-03    1
15 1 2 2 0 2 f     2595.3458830769  5.000e-03    3
40 1 1 1 0 1 f     2595.4615837710  2.325e-03    1
42 0 3 3 0 1 f     2602.7640159038  5.385e-03    2
29 0 0 0 1 1 e     2613.3270475155  1.811e-06   19
60 1 0 0 0 1 e     2617.3567075360  6.322e-06    8
17 1 2 2 0 2 f     2618.3116830769  5.196e-03    2
46 1 1 1 0 2 f     2619.8103960744  2.439e-03    2
22 2 0 0 0 3 e     2622.4004751648  1.414e-03    3
41 1 1 1 0 1 e     2622.5607253437  1.000e-03    5
61 0 2 2 0 1 f     2630.1447332070  5.000e-03    6
18 1 2 2 0 2 e     2630.8460148427  2.305e-03    2
75 0 1 1 0 1 e     2633.0617970685  5.000e-03    6
19 1 2 2 0 2 f     2644.0620830769  5.385e-03    2
47 1 1 1 0 2 e     2650.9576759072  2.276e-03    3
42 1 1 1 0 1 f     2653.2215408732  2.364e-03    2
24 2 0 0 0 3 e     2654.9644406619  1.414e-03    2
31 0 0 0 1 1 e     2655.2821611100  1.812e-06   15
20 1 2 2 0 2 e     2657.9875586420  2.000e-03    3
44 0 3 3 0 1 f     2663.3754159038  5.568e-03    3
64 1 0 0 0 2 e     2669.8453714637  1.042e-05    8
21 1 2 2 0 2 f     2672.6019887054  2.872e-03    1
62 0 2 2 0 1 e     2673.1186675519  3.755e-03    6
43 1 1 1 0 1 e     2681.5685318959  1.000e-03    3
48 1 1 1 0 2 f     2685.7669144281  2.475e-03    2
22 1 2 2 0 2 e     2687.9094462407  2.000e-03    2
76 0 1 1 0 1 f     2688.5270680191  5.000e-03    7
26 2 0 0 0 3 e     2690.2976121534  1.414e-03    1
33 0 0 0 1 1 e     2699.9849877990  1.814e-06   18
62 1 0 0 0 1 e     2702.6469904413  8.651e-06    5
23 1 2 2 0 2 f     2703.9156887054  2.500e-03    3
63 0 2 2 0 1 f     2716.9618477932  5.000e-03    7
24 1 2 2 0 2 e     2720.6160367279  2.078e-03    3
28 2 0 0 0 3 e     2728.4027140894  1.414e-03    4
25 1 2 2 0 2 f     2738.0120887054  2.062e-03    3
77 0 1 1 0 1 e     2738.9315219314  5.000e-03    6
45 1 1 1 0 1 e     2743.3467426531  1.000e-03    3
35 0 0 0 1 1 e     2747.4348721106  1.817e-06   18
26 1 2 2 0 2 e     2756.1070281631  2.449e-03    1
66 1 0 0 0 2 e     2760.3729855349  1.389e-05   10
64 0 2 2 0 1 e     2761.3096372619  3.797e-03    5
27 1 2 2 0 2 f     2774.8872887054  2.500e-03    2
51 1 1 1 0 2 e     2788.1455583977  2.771e-03    2
64 1 0 0 0 1 e     2790.6993385315  1.178e-05    6
28 1 2 2 0 2 e     2794.3703281631  2.000e-03    2
78 0 1 1 0 1 f     2795.9211789806  5.000e-03    7
37 0 0 0 1 1 e     2797.6311182844  1.819e-06   14
65 0 2 2 0 1 f     2806.5468448574  5.032e-03    4
47 1 1 1 0 1 e     2807.8953357257  1.000e-03    3
32 2 0 0 0 3 e     2812.9108530975  1.414e-03    1
29 1 2 2 0 2 f     2814.5478602598  2.000e-03    3
52 1 1 1 0 2 f     2825.9794467324  2.547e-03    2
30 1 2 2 0 2 e     2835.4173796825  2.078e-03    1
79 0 1 1 0 1 e     2847.5465265557  5.032e-03    5
39 0 0 0 1 1 e     2850.5729902734  1.823e-06   17
66 0 2 2 0 1 e     2852.2616355139  3.839e-03    4
68 1 0 0 0 2 e     2853.6482289080  1.838e-05    5
34 2 0 0 0 3 e     2859.3130553236  1.414e-03    1
49 1 1 1 0 1 e     2875.2121098838  2.167e-03    3
66 1 0 0 0 1 e     2881.5126467086  1.592e-05    5
80 0 1 1 0 1 f     2906.0640923942  5.025e-03    4
41 0 0 0 1 1 e     2906.2597117696  1.828e-06   17
51 1 1 1 0 1 e     2945.2951295839  1.000e-03    1
68 0 2 2 0 1 e     2945.9724816678  3.881e-03    5
70 1 0 0 0 2 e     2949.6696240886  2.413e-05    6
81 0 1 1 0 1 e     2958.9086213833  5.064e-03    4
1 0 1 1 1 1 f      2959.8173868566  1.828e-03    2
38 2 0 0 0 3 e     2960.4133395533  1.414e-03    1
2 0 1 1 1 1 e      2961.1934798233  1.778e-03    7
3 0 1 1 1 1 f      2963.2642820679  1.778e-03    3
43 0 0 0 1 1 e     2964.6904661964  1.838e-06   18
4 0 1 1 1 1 e      2966.0165832788  1.778e-03    6
5 0 1 1 1 1 f      2969.4772603002  1.778e-03    4
6 0 1 1 1 1 e      2973.5953560354  1.778e-03    5
68 1 0 0 0 1 e     2975.0857773131  2.131e-05    4
56 1 1 1 0 2 f     2977.2518651562  2.630e-03    2
7 0 1 1 1 1 f      2978.4468370580  1.778e-03    7
8 0 1 1 1 1 e      2983.9314508539  1.778e-03    7
9 0 1 1 1 1 f      2990.1773571691  1.778e-03    7
10 0 1 1 1 1 e     2997.0227929557  1.778e-03    5
11 0 1 1 1 1 f     3004.6653392399  1.758e-03    6
12 0 1 1 1 1 e     3012.8676442219  1.778e-03    4
53 1 1 1 0 1 e     3018.1478028116  1.000e-03    1
13 0 1 1 1 1 f     3021.9145008617  1.778e-03    5
45 0 0 0 1 1 e     3025.8643967249  1.859e-06   17
14 0 1 1 1 1 e     3031.4713011514  1.778e-03    6
15 0 1 1 1 1 f     3041.9220190991  1.758e-03    7
70 0 2 2 0 1 e     3042.4435715387  3.922e-03    2
72 1 0 0 0 2 e     3048.4349026719  5.006e-04    2
16 0 1 1 1 1 e     3052.8294755518  1.778e-03    3
17 0 1 1 1 1 f     3064.6892607533  1.778e-03    7
70 1 0 0 0 1 e     3071.4175580367  2.824e-05    2
42 2 0 0 0 3 e     3072.5607026024  1.414e-03    2
83 0 1 1 0 1 e     3073.0163718987  5.095e-03    5
18 0 1 1 1 1 e     3076.9404681975  1.778e-03    6
47 0 0 0 1 1 e     3089.7806062787  1.908e-06   17
19 0 1 1 1 1 f     3090.2140371984  1.758e-03    7
55 1 1 1 0 1 e     3093.7650995964  1.000e-03    1
20 0 1 1 1 1 e     3103.8086708244  1.778e-03    7
21 0 1 1 1 1 f     3118.4972199263  1.778e-03    4
44 2 0 0 0 3 e     3132.7818026024  1.414e-03    1
22 0 1 1 1 1 e     3133.4290095168  1.758e-03    8
23 0 1 1 1 1 f     3149.5380479170  1.778e-03    4
74 1 0 0 0 2 e     3149.9448552541  1.197e-03    4
49 0 0 0 1 1 e     3156.4381575476  2.020e-06   16
24 0 1 1 1 1 e     3165.8027382676  1.778e-03    7
72 1 0 0 0 1 e     3170.5074006522  7.666e-04    2
25 0 1 1 1 1 f     3183.3362190138  1.778e-03    6
26 0 1 1 1 1 e     3200.9308137346  1.778e-03    7
27 0 1 1 1 1 f     3219.8903754940  1.778e-03    7
51 0 0 0 1 1 e     3225.8360730244  2.241e-06   16
28 0 1 1 1 1 e     3238.8108132143  1.758e-03    8
29 0 1 1 1 1 f     3259.2019418471  1.758e-03    7
74 1 0 0 0 1 e     3272.3530516916  8.109e-04    2
30 0 1 1 1 1 e     3279.4440532775  1.758e-03    7
53 0 0 0 1 1 e     3297.9733350155  2.642e-06   16
31 0 1 1 1 1 f     3301.2683427476  1.778e-03    8
15 2 1 1 0 2 e     3307.4238790224  3.000e-04    1
87 0 1 1 0 1 e     3309.4509842435  5.000e-03    5
32 0 1 1 1 1 e     3322.8246105816  1.778e-03    4
17 2 1 1 0 2 e     3330.3190722194  3.000e-04    1
33 0 1 1 1 1 f     3346.0902214045  1.758e-03    7
19 2 1 1 0 2 e     3355.9867202948  3.000e-04    1
34 0 1 1 1 1 e     3368.9610074826  1.778e-03    8
55 0 0 0 1 1 e     3372.8488856576  3.309e-06   14
76 1 0 0 0 1 e     3376.9530782446  9.887e-04    2
21 2 1 1 0 2 e     3384.4311694067  3.000e-04    1
35 0 1 1 1 1 f     3393.6656344665  1.778e-03    6
23 2 1 1 0 2 e     3415.6497259266  3.000e-04    1
36 0 1 1 1 1 e     3417.8459257198  1.778e-03    7
89 0 1 1 0 1 e     3431.7779827566  5.000e-03    5
37 0 1 1 1 1 f     3443.9945495610  1.889e-03    6
25 2 1 1 0 2 e     3449.6381543205  3.000e-04    1
57 0 0 0 1 1 e     3450.4616269789  4.325e-06   16
38 0 1 1 1 1 e     3469.4789439342  1.778e-03    7
80 1 0 0 0 2 e     3470.9158811882  1.741e-03    4
78 1 0 0 0 1 e     3484.3071873765  1.272e-03    2
27 2 1 1 0 2 e     3486.3989797638  3.000e-04    1
39 0 1 1 1 1 f     3497.0772385043  1.870e-03    7
40 0 1 1 1 1 e     3523.8618388135  1.758e-03    6
1 1 0 0 1 2 e      3525.8924050620  3.000e-04   13
29 2 1 1 0 2 e     3525.9324869133  3.000e-04    1
3 1 0 0 1 2 e      3529.3296977121  3.000e-04   11
59 0 0 0 1 1 e     3530.8104208168  5.774e-06   16
5 1 0 0 1 2 e      3535.5190367925  3.000e-04   11
7 1 0 0 1 2 e      3544.4591002853  3.000e-04   12
41 0 1 1 1 1 f     3552.9112571761  1.936e-03    4
9 1 0 0 1 2 e      3556.1496429899  3.000e-04   12
91 0 1 1 0 1 e     3556.8430303428  5.032e-03    4
31 2 1 1 0 2 e     3568.2386197381  3.000e-04    1
11 1 0 0 1 2 e     3570.5907353137  3.000e-04   11
42 0 1 1 1 1 e     3580.9922523658  1.758e-03    5
82 1 0 0 0 2 e     3583.3803543856  1.897e-03    2
13 1 0 0 1 2 e     3587.7826585278  4.000e-04   15
15 1 0 0 1 2 e     3607.7226895140  3.000e-04   11
3 0 2 2 1 1 e      3608.7998959042  3.286e-03    2
43 0 1 1 1 1 f     3611.4963904779  1.982e-03    8
4 0 2 2 1 1 f      3611.5595183277  2.912e-03    2
33 2 1 1 0 2 e     3613.3142815648  3.000e-04    1
61 0 0 0 1 1 e     3613.8940886209  7.754e-06   12
5 0 2 2 1 1 e      3615.0140381034  2.912e-03    6
6 0 2 2 1 1 f      3619.1605402789  2.912e-03    2
8 0 2 2 1 1 f      3629.5214226185  2.482e-03    4
17 1 0 0 1 2 e     3630.4138407117  4.000e-04   12
9 0 2 2 1 1 e      3635.7394828076  2.482e-03    5
1 1 0 0 1 1 e      3638.7539536168  3.000e-04   10
44 0 1 1 1 1 e     3640.8693919975  1.808e-03    5
3 1 0 0 1 1 e      3642.2007765291  3.000e-04   14
10 0 2 2 1 1 f     3642.6473923742  2.040e-03    5
5 1 0 0 1 1 e      3648.4037746533  3.000e-04   12
11 0 2 2 1 1 e     3650.2485254786  2.482e-03    3
19 1 0 0 1 2 e     3655.8536464404  4.000e-04   15
7 1 0 0 1 1 e      3657.3646351840  3.000e-04   14
12 0 2 2 1 1 f     3658.5372012174  1.470e-03    3
35 2 1 1 0 2 e     3661.1612361576  3.000e-04    1
13 0 2 2 1 1 e     3667.5155906391  2.040e-03    2
9 1 0 0 1 1 e      3669.0825379282  3.071e-04   14
45 0 1 1 1 1 f     3672.8320400853  2.054e-03    7
14 0 2 2 1 1 f     3677.1874113679  1.732e-03    5
11 1 0 0 1 1 e     3683.5569472119  3.000e-04   14
21 1 0 0 1 2 e     3684.0415613823  4.000e-04   14
93 0 1 1 0 1 e     3684.6401699146  5.064e-03    2
15 0 2 2 1 1 e     3687.5505046462  2.040e-03    3
16 0 2 2 1 1 f     3698.6005738166  1.822e-03    3
63 0 0 0 1 1 e     3699.7114131994  1.039e-05   12
13 1 0 0 1 1 e     3700.7885501347  4.000e-04   10
46 0 1 1 1 1 e     3703.4934141032  1.828e-03    5
17 0 2 2 1 1 e     3710.3437422196  1.814e-03    2
37 2 1 1 0 2 e     3711.7747055169  3.000e-04    1
23 1 0 0 1 2 e     3714.9778938343  4.000e-04   16
15 1 0 0 1 1 e     3720.7755948387  2.000e-04   16
18 0 2 2 1 1 f     3722.7774490396  2.117e-03    2
19 0 2 2 1 1 e     3735.9028072171  1.863e-03    4
47 0 1 1 1 1 f     3736.9167135880  2.054e-03    7
17 1 0 0 1 1 e     3743.5192784751  3.000e-04   12
25 1 0 0 1 2 e     3748.6616426498  3.000e-04   13
20 0 2 2 1 1 f     3749.7142402547  1.470e-03    5
21 0 2 2 1 1 e     3764.2177195919  1.732e-03    2
48 0 1 1 1 1 e     3768.8606648329  2.349e-03    2
19 1 0 0 1 1 e     3769.0187545355  3.000e-04   14
22 0 2 2 1 1 f     3779.4133522845  1.446e-03    4
27 1 0 0 1 2 e     3785.0932817586  4.000e-04   12
65 0 0 0 1 1 e     3788.2611350413  1.384e-05   11
23 0 2 2 1 1 e     3795.2966059695  1.575e-03    3
21 1 0 0 1 1 e     3797.2739496944  3.000e-04   15
49 0 1 1 1 1 f     3803.7503744850  2.097e-03    6
24 0 2 2 1 1 f     3811.8724814844  1.446e-03    6
29 1 0 0 1 2 e     3824.2709155426  3.000e-04   11
23 1 0 0 1 1 e     3828.2848976250  4.000e-04   14
25 0 2 2 1 1 e     3829.1357026265  1.470e-03    6
50 0 1 1 1 1 e     3836.9746460078  2.349e-03    7
26 0 2 2 1 1 f     3847.0916374651  1.446e-03    5
25 1 0 0 1 1 e     3862.0494106287  3.824e-04   15
27 0 2 2 1 1 e     3865.7349510397  1.446e-03    5
31 1 0 0 1 2 e     3866.1949149869  3.000e-04   12
51 0 1 1 1 1 f     3873.3312115782  2.156e-03    8
67 0 0 0 1 1 e     3879.5419562392  1.829e-05   11
28 0 2 2 1 1 f     3885.0729794466  1.470e-03    5
27 1 0 0 1 1 e     3898.5686477890  3.000e-04   12
29 0 2 2 1 1 e     3905.0938660897  1.470e-03    5
52 0 1 1 1 1 e     3907.8301015893  2.439e-03    6
33 1 0 0 1 2 e     3910.8641007304  3.000e-04   14
30 0 2 2 1 1 f     3925.8113934628  1.470e-03    5
29 1 0 0 1 1 e     3937.8419363833  3.000e-04   14
53 0 1 1 1 1 f     3945.6580148628  2.253e-03    8
31 0 2 2 1 1 e     3947.2109059179  1.552e-03    5
35 1 0 0 1 2 e     3958.2778020890  3.000e-04   15
32 0 2 2 1 1 f     3969.3088744936  1.575e-03    5
69 0 0 0 1 1 e     3973.5525389635  2.397e-05    8
31 1 0 0 1 1 e     3979.8688121728  3.000e-04   15
54 0 1 1 1 1 e     3981.4276841296  2.490e-03    5
33 0 2 2 1 1 e     3992.0859471973  1.470e-03    5
37 1 0 0 1 2 e     4008.4359218352  4.000e-04   13
34 0 2 2 1 1 f     4015.5647562002  1.700e-03    5
55 0 1 1 1 1 f     4020.7312005682  2.253e-03    4
33 1 0 0 1 1 e     4024.6483045613  3.000e-04   16
35 0 2 2 1 1 e     4039.7203066860  2.040e-03    3
56 0 1 1 1 1 e     4057.7691614107  2.490e-03    5
39 1 0 0 1 2 e     4061.3356052799  3.000e-04   12
36 0 2 2 1 1 f     4064.5788121714  1.792e-03    6
71 0 0 0 1 1 e     4070.2915046336  3.115e-05    7
35 1 0 0 1 1 e     4072.1804221936  4.000e-04   16
37 0 2 2 1 1 e     4090.1091835352  1.470e-03    2
57 0 1 1 1 1 f     4098.5479631701  2.362e-03    4
38 0 2 2 1 1 f     4116.3468374360  1.860e-03    4
41 1 0 0 1 2 e     4116.9780532640  3.351e-04   14
37 1 0 0 1 1 e     4122.4634647263  3.000e-04   15
58 0 1 1 1 1 e     4136.8465484433  3.112e-03    1
39 0 2 2 1 1 e     4143.2536538076  1.446e-03    3
1 1 1 1 1 2 f      4151.9091259818  1.758e-03    3
2 1 1 1 1 2 e      4153.2854483263  1.758e-03    6
3 1 1 1 1 2 f      4155.3594238135  1.758e-03    7
4 1 1 1 1 2 e      4158.1061871168  1.758e-03    5
5 1 1 1 1 2 f      4161.5702897954  1.758e-03    4
6 1 1 1 1 2 e      4165.6814961818  1.758e-03    6
73 0 0 0 1 1 e     4169.7582361176  7.054e-04    5
7 1 1 1 1 2 f      4170.5397604840  1.758e-03    7
40 0 2 2 1 1 f     4170.8704308150  1.944e-03    5
43 1 0 0 1 2 e     4175.3614341621  3.000e-04   14
39 1 0 0 1 1 e     4175.4980795177  3.000e-04   15
8 1 1 1 1 2 e      4176.0121372286  1.758e-03    6
59 0 1 1 1 1 f     4179.1079608155  2.347e-03    5
9 1 1 1 1 2 f      4182.2696686479  1.758e-03    6
10 1 1 1 1 2 e     4189.0967321709  1.758e-03    6
11 1 1 1 1 2 f     4196.7588664942  1.758e-03    8
41 0 2 2 1 1 e     4199.1548432431  2.040e-03    5
12 1 1 1 1 2 e     4204.9354629954  1.758e-03    7
13 1 1 1 1 2 f     4214.0077180594  1.758e-03    6
60 0 1 1 1 1 e     4218.6654030898  3.233e-03    4
14 1 1 1 1 2 e     4223.5281920184  1.758e-03    7
42 0 2 2 1 1 f     4228.1513084432  2.007e-03    5
41 1 0 0 1 1 e     4231.2829293572  3.000e-04   14
15 1 1 1 1 2 f     4234.0153815207  1.758e-03    8
45 1 0 0 1 2 e     4236.4852304490  3.000e-04   10
16 1 1 1 1 2 e     4244.8745881743  1.758e-03    5
17 1 1 1 1 2 f     4256.7816284901  1.758e-03    6
43 0 2 2 1 1 e     4257.8098195438  2.100e-03    5
61 0 1 1 1 1 f     4262.4083486368  2.399e-03    6
18 1 1 1 1 2 e     4268.9744061095  1.758e-03    5
75 0 0 0 1 1 e     4271.9500335310  1.067e-03    5
19 1 1 1 1 2 f     4282.3065001182  1.758e-03    6
44 0 2 2 1 1 f     4288.1866513130  2.069e-03    4
43 1 0 0 1 1 e     4289.8175610075  3.000e-04   16
20 1 1 1 1 2 e     4295.8271500327  1.758e-03    8
47 1 0 0 1 2 e     4300.3481371960  3.000e-04   10
62 0 1 1 1 1 e     4303.2196067873  3.538e-03    4
1 1 1 1 1 1 f      4304.0583637797  2.122e-03    1
3 1 1 1 1 1 f      4307.5136770980  1.758e-03    3
4 1 1 1 1 1 e      4310.2623857295  1.758e-03    4
21 1 1 1 1 2 f     4310.5891979647  1.758e-03    7
5 1 1 1 1 1 f      4313.7340185653  1.758e-03    2
6 1 1 1 1 1 e      4317.8471235105  1.758e-03    4
45 0 2 2 1 1 e     4319.2183211622  2.594e-03    3
7 1 1 1 1 1 f      4322.7180637373  1.758e-03    3
22 1 1 1 1 2 e     4325.4322570497  1.758e-03    8
8 1 1 1 1 1 e      4328.1893617784  1.758e-03    3
9 1 1 1 1 1 f      4334.4663668361  1.758e-03    5
10 1 1 1 1 1 e     4341.2897205400  1.758e-03    2
23 1 1 1 1 2 f     4341.6295010953  1.758e-03    6
63 0 1 1 1 1 f     4348.4513026181  2.465e-03    7
11 1 1 1 1 1 f     4348.9784944213  1.758e-03    4
46 0 2 2 1 1 f     4350.9617798758  2.128e-03    5
45 1 0 0 1 1 e     4351.1011956843  3.000e-04   17
12 1 1 1 1 1 e     4357.1475471595  1.758e-03    3
24 1 1 1 1 2 e     4357.7893524080  1.758e-03    6
13 1 1 1 1 1 f     4366.2547302244  1.758e-03    4
49 1 0 0 1 2 e     4366.9498616072  4.000e-04   15
25 1 1 1 1 2 f     4375.4263288855  1.758e-03    6
14 1 1 1 1 1 e     4375.7626943875  1.758e-03    6
77 0 0 0 1 1 e     4376.8668324008  1.067e-03    5
47 0 2 2 1 1 e     4383.3795308874  2.955e-03    3
15 1 1 1 1 1 f     4386.2943624478  1.758e-03    5
64 0 1 1 1 1 e     4390.5109611883  3.811e-03    4
26 1 1 1 1 2 e     4392.8981145409  1.758e-03    5
16 1 1 1 1 1 e     4397.1351668462  1.758e-03    3
17 1 1 1 1 1 f     4409.0971168904  1.758e-03    4
27 1 1 1 1 2 f     4411.9796788537  1.758e-03    7
47 1 0 0 1 1 e     4415.1329878327  3.000e-04   12
48 0 2 2 1 1 f     4416.5001965676  2.202e-03    5
18 1 1 1 1 1 e     4421.2627721897  1.758e-03    2
28 1 1 1 1 2 e     4430.7585227610  2.000e-03    1
19 1 1 1 1 1 f     4434.6632336019  1.758e-03    1
51 1 0 0 1 2 e     4436.2882675962  4.000e-04   12
65 0 1 1 1 1 f     4437.2325477105  2.529e-03    3
20 1 1 1 1 1 e     4448.1496023936  1.758e-03    5
49 0 2 2 1 1 e     4450.2906638044  2.955e-03    5
29 1 1 1 1 2 f     4451.2888597769  1.758e-03    7
21 1 1 1 1 1 f     4462.9918336019  1.758e-03    1
30 1 1 1 1 2 e     4471.3675147984  1.758e-03    6
22 1 1 1 1 1 e     4477.7912609797  1.758e-03    6
66 0 1 1 1 1 e     4480.5370882502  3.811e-03    5
49 1 0 0 1 1 e     4481.9134991021  3.000e-04    6
79 0 0 0 1 1 e     4484.5049544434  1.207e-03    5
50 0 2 2 1 1 f     4484.7894276552  2.274e-03    5
31 1 1 1 1 2 f     4493.3529312769  1.758e-03    6
23 1 1 1 1 1 f     4494.0826593297  1.758e-03    5
53 1 0 0 1 2 e     4508.3618461526  3.254e-04   13
24 1 1 1 1 1 e     4510.1885215083  1.758e-03    2
32 1 1 1 1 2 e     4514.7270133177  1.758e-03    5
51 0 2 2 1 1 e     4519.9527098467  2.997e-03    5
25 1 1 1 1 1 f     4527.9350656935  1.758e-03    3
67 0 1 1 1 1 f     4528.7505389545  3.132e-03    2
33 1 1 1 1 2 f     4538.1714827547  1.758e-03    5
26 1 1 1 1 1 e     4545.3411367431  1.758e-03    5
51 1 0 0 1 1 e     4551.4389893864  3.000e-04    9
52 0 2 2 1 1 f     4555.8286163996  2.343e-03    4
34 1 1 1 1 2 e     4560.8355520385  1.758e-03    6
27 1 1 1 1 1 f     4564.5495350253  1.758e-03    4
68 0 1 1 1 1 e     4573.2983221325  3.852e-03    5
55 1 0 0 1 2 e     4583.1704138701  3.000e-04   13
28 1 1 1 1 1 e     4583.2481616003  1.758e-03    4
35 1 1 1 1 2 f     4585.7439378261  1.821e-03    6
53 0 2 2 1 1 e     4592.3646054679  3.050e-03    4
81 0 0 0 1 1 e     4594.8634064191  1.307e-03    4
29 1 1 1 1 1 f     4603.9243858829  1.758e-03    4
36 1 1 1 1 2 e     4609.6924480326  1.758e-03    6
69 0 1 1 1 1 f     4623.0043795816  3.132e-03    6
53 1 0 0 1 1 e     4623.7088907131  3.000e-04   13
30 1 1 1 1 1 e     4623.9098288531  1.758e-03    3
54 0 2 2 1 1 f     4629.6197001583  2.410e-03    5
37 1 1 1 1 2 f     4636.0689638707  1.821e-03    6
31 1 1 1 1 1 f     4646.0596965726  1.758e-03    4
57 1 0 0 1 2 e     4660.7136334888  4.000e-04    9
38 1 1 1 1 2 e     4661.2965717214  1.758e-03    6
32 1 1 1 1 1 e     4667.3251286835  1.758e-03    3
55 0 2 2 1 1 e     4667.5213394891  3.409e-03    3
39 1 1 1 1 2 f     4689.1459490845  1.870e-03    6
33 1 1 1 1 1 f     4690.9547139624  1.758e-03    4
55 1 0 0 1 1 e     4698.7256409294  4.000e-04   12
56 0 2 2 1 1 f     4706.1615626821  2.476e-03    5
83 0 0 0 1 1 e     4707.9413603857  1.424e-03    5
34 1 1 1 1 1 e     4713.4935545909  1.758e-03    4
40 1 1 1 1 2 e     4715.6474132752  1.758e-03    6
71 0 1 1 1 1 f     4719.9954142118  3.183e-03    6
1 2 0 0 1 3 e      4722.6089913813  5.006e-05    8
3 2 0 0 1 3 e      4726.0489948397  2.016e-05   10
5 2 0 0 1 3 e      4732.2410940424  2.016e-05   11
35 1 1 1 1 1 f     4738.6095658035  1.821e-03    2
59 1 0 0 1 2 e     4740.9877200681  4.000e-04   11
7 2 0 0 1 3 e      4741.1850523065  3.340e-05   12
41 1 1 1 1 2 f     4744.9740446696  1.918e-03    4
57 0 2 2 1 1 e     4745.4264032579  3.691e-03    3
9 2 0 0 1 3 e      4752.8808033910  4.519e-05   12
36 1 1 1 1 1 e     4762.4144867888  1.758e-03    3
11 2 0 0 1 3 e     4767.3277714012  1.029e-05   11
42 1 1 1 1 2 e     4772.7440656754  1.758e-03    4
57 1 0 0 1 1 e     4776.4843581399  3.000e-04    8
2 1 2 2 1 2 f      4784.1951735091  3.412e-03    1
13 2 0 0 1 3 e     4784.5264696946  1.229e-05   12
3 1 2 2 1 2 e      4786.2682629450  3.156e-03    2
37 1 1 1 1 1 f     4789.0225840494  1.821e-03    3
4 1 2 2 1 2 f      4789.0305959184  3.105e-03    2
5 1 2 2 1 2 e      4792.4854124932  3.105e-03    2
6 1 2 2 1 2 f      4796.6305575784  2.765e-03    2
7 1 2 2 1 2 e      4801.4664350705  2.765e-03    2
43 1 1 1 1 2 f     4803.5525509421  1.964e-03    6
15 2 0 0 1 3 e     4804.4757156480  4.656e-05    9
8 1 2 2 1 2 f      4806.9935329342  2.706e-03    2
9 1 2 2 1 2 e      4813.2110318888  2.706e-03    2
38 1 1 1 1 1 e     4814.0865998157  1.758e-03    2
73 0 1 1 1 1 f     4819.7203488622  3.233e-03    5
10 1 2 2 1 2 f     4820.1206690394  2.706e-03    1
85 0 0 0 1 1 e     4823.7370549011  1.509e-03    4
61 1 0 0 1 2 e     4823.9934889798  3.001e-04   10
59 0 2 2 1 1 e     4826.0772536606  3.691e-03    4
17 2 0 0 1 3 e     4827.1756205645  1.032e-05   11
11 1 2 2 1 2 e     4827.7186833015  2.307e-03    2
44 1 1 1 1 2 e     4832.5853654699  1.758e-03    5
1 2 0 0 1 2 e      4833.9413963137  4.008e-05   11
12 1 2 2 1 2 f     4836.0084914593  1.823e-03    2
3 2 0 0 1 2 e      4837.3807947706  2.016e-05   13
39 1 1 1 1 1 f     4842.1931028681  1.870e-03    3
5 2 0 0 1 2 e      4843.5717428961  3.721e-05   15
7 2 0 0 1 2 e      4852.5140823365  2.840e-05   11
19 2 0 0 1 3 e     4852.6255385403  2.435e-05   10
14 1 2 2 1 2 f     4854.6602900756  1.823e-03    2
59 1 0 0 1 1 e     4856.9883326763  6.471e-04    6
9 2 0 0 1 2 e      4864.2077606406  2.014e-05   14
45 1 1 1 1 2 f     4864.8794367632  2.054e-03    3
15 1 2 2 1 2 e     4865.0223216048  2.307e-03    2
60 0 2 2 1 1 f     4867.4977532070  5.016e-03    2
74 0 1 1 1 1 e     4867.9639470685  5.016e-03    2
40 1 1 1 1 1 e     4868.5102906764  1.758e-03    2
16 1 2 2 1 2 f     4876.0746922099  2.117e-03    2
11 2 0 0 1 2 e     4878.6526629795  1.029e-05   14
21 2 0 0 1 3 e     4880.8249729049  7.088e-05   12
17 1 2 2 1 2 e     4887.8177641708  2.110e-03    1
46 1 1 1 1 2 e     4895.1710071307  1.857e-03    3
13 2 0 0 1 2 e     4895.8484548524  1.029e-05   14
41 1 1 1 1 1 f     4898.1214332212  1.918e-03    3
18 1 2 2 1 2 f     4900.2520361001  1.909e-03    2
61 0 2 2 1 1 e     4909.4695737316  3.734e-03    4
63 1 0 0 1 2 e     4909.7289327438  3.001e-04    9
23 2 0 0 1 3 e     4911.7735355266  1.424e-05   11
19 1 2 2 1 2 e     4913.3761053442  2.153e-03    1
15 2 0 0 1 2 e     4915.7951789517  1.032e-05   16
75 0 1 1 1 1 f     4922.1889565165  5.016e-03    3
42 1 1 1 1 1 e     4925.6845602324  1.758e-03    2
20 1 2 2 1 2 f     4927.1913843787  1.823e-03    2
47 1 1 1 1 2 f     4928.9550708399  2.054e-03    4
17 2 0 0 1 2 e     4938.4921929906  2.437e-05   16
61 1 0 0 1 1 e     4940.2308145516  3.001e-04   11
21 1 2 2 1 2 e     4941.6965338395  1.823e-03    1
87 0 0 0 1 1 e     4942.2511896569  1.612e-03    2
25 2 0 0 1 3 e     4945.4705661622  1.303e-05   13
62 0 2 2 1 1 f     4952.2707508278  5.016e-03    4
43 1 1 1 1 1 f     4956.8058529953  2.009e-03    2
22 1 2 2 1 2 f     4956.8932989758  1.823e-03    2
48 1 1 1 1 2 e     4960.4987306042  2.522e-03    2
19 2 0 0 1 2 e     4963.9395391094  2.436e-05   16
4 1 2 2 1 1 f      4971.5340735091  3.412e-03    1
76 0 1 1 1 1 e     4971.6437783437  5.009e-03    4
23 1 2 2 1 2 e     4972.7799852837  1.823e-03    2
6 1 2 2 1 1 f      4979.1387968290  2.765e-03    1
27 2 0 0 1 3 e     4981.9153854306  1.032e-05   11
7 1 2 2 1 1 e      4983.9792110006  3.105e-03    1
6 4 0 0 0 4 e      4987.6972353596  2.253e-03    2
24 1 2 2 1 2 f     4989.3586005651  1.823e-03    2
8 1 2 2 1 1 f      4989.5107968290  2.765e-03    1
1 2 0 0 1 1 e      4989.9247112536  2.600e-04    7
21 2 0 0 1 2 e     4992.1367690178  1.032e-05   14
3 2 0 0 1 1 e      4993.3776961573  1.400e-04    9
63 0 2 2 1 1 e     4995.6086638179  3.776e-03    4
49 1 1 1 1 2 f     4995.7784499889  2.097e-03    4
8 4 0 0 0 4 e      4998.0629012387  2.000e-03    1
65 1 0 0 1 2 e     4998.1923821798  3.003e-04    7
5 2 0 0 1 1 e      4999.5919431484  9.003e-05    9
10 1 2 2 1 1 f     5002.6478329018  2.307e-03    1
25 1 2 2 1 2 e     5006.6278367279  1.909e-03    1
7 2 0 0 1 1 e      5008.5686416210  7.004e-05   10
11 1 2 2 1 1 e     5010.2529619659  2.307e-03    1
10 4 0 0 0 4 e     5011.1951634666  2.153e-03    2
45 1 1 1 1 1 f     5018.2457769594  2.009e-03    4
12 1 2 2 1 1 f     5018.5499329018  2.307e-03    1
9 2 0 0 1 1 e      5020.3071592675  5.006e-05   11
29 2 0 0 1 3 e     5021.1073197772  1.032e-05   12
23 2 0 0 1 2 e     5023.0835534356  1.032e-05   12
26 1 2 2 1 2 f     5024.5893713634  6.311e-03    2
63 1 0 0 1 1 e     5026.2162540884  4.002e-04    6
12 4 0 0 0 4 e     5027.0968434315  2.000e-03    2
77 0 1 1 1 1 f     5027.3781009319  5.016e-03    2
13 1 2 2 1 1 e     5027.5374619659  2.022e-03    2
50 1 1 1 1 2 e     5028.5687192801  2.402e-03    4
11 2 0 0 1 1 e     5034.8073614308  5.006e-05    9
14 1 2 2 1 1 f     5037.2174173909  1.803e-03    2
64 0 2 2 1 1 f     5039.7898448574  5.016e-03    4
27 1 2 2 1 2 e     5043.2441103811  1.124e-02    2
14 4 0 0 0 4 e     5045.7589398405  2.000e-03    2
46 1 1 1 1 1 e     5048.2801031724  1.808e-03    4
13 2 0 0 1 1 e     5052.0690814253  5.108e-05   10
25 2 0 0 1 2 e     5056.7795585680  1.032e-05   12
16 1 2 2 1 1 f     5058.6496428777  1.803e-03    2
28 1 2 2 1 2 f     5062.5946549711  2.573e-03    1
31 2 0 0 1 3 e     5063.0456506748  3.119e-05   12
51 1 1 1 1 2 f     5065.3465292227  2.197e-03    3
16 4 0 0 0 4 e     5067.1857122127  2.000e-03    2
17 1 2 2 1 1 e     5070.4011514274  1.795e-03    2
15 2 0 0 1 1 e     5072.0924562962  5.006e-05   11
78 0 1 1 1 1 e     5078.0495265557  5.016e-03    4
47 1 1 1 1 1 f     5082.4408103329  2.054e-03    4
29 1 2 2 1 2 e     5082.6442535680  4.118e-02    1
18 1 2 2 1 1 f     5082.8469415421  2.100e-03    2
65 0 2 2 1 1 e     5084.4886397580  3.818e-03    4
67 1 0 0 1 2 e     5089.3833897069  3.006e-04    9
18 4 0 0 0 4 e     5091.3765490682  2.000e-03    3
27 2 0 0 1 2 e     5093.2242833939  1.032e-05   13
17 2 0 0 1 1 e     5094.8780523249  1.200e-04    8
19 1 2 2 1 1 e     5095.9789006867  1.795e-03    4
52 1 1 1 1 2 e     5099.3794934188  2.402e-03    5
30 1 2 2 1 2 f     5103.4054549711  9.116e-02    1
33 2 0 0 1 3 e     5107.7295586976  2.300e-05   12
48 1 1 1 1 1 e     5113.6999421987  2.164e-03    1
65 1 0 0 1 1 e     5114.9415721008  4.001e-04    8
20 4 0 0 0 4 e     5118.3285146657  2.599e-03    2
19 2 0 0 1 1 e     5120.4221357263  5.006e-05   11
21 1 2 2 1 1 e     5124.3207195919  1.823e-03    2
31 1 2 2 1 2 e     5124.8928666253  1.611e-01    2
66 0 2 2 1 1 f     5130.0508448574  5.048e-03    2
29 2 0 0 1 2 e     5132.4170908779  6.608e-05   13
79 0 1 1 1 1 f     5135.2941889806  5.016e-03    5
53 1 1 1 1 2 f     5137.6600504345  2.197e-03    4
22 1 2 2 1 1 f     5139.5315308342  1.446e-03    4
22 4 0 0 0 4 e     5148.0437978789  2.231e-03    2
21 2 0 0 1 1 e     5148.7282601812  5.006e-05   11
49 1 1 1 1 1 f     5149.3895467324  2.139e-03    2
35 2 0 0 1 3 e     5155.1581671078  3.488e-05   14
23 1 2 2 1 1 e     5155.4260621323  1.446e-03    3
33 1 2 2 1 2 e     5169.9515115629  3.011e-01    1
24 1 2 2 1 1 f     5172.0201476496  1.446e-03    2
54 1 1 1 1 2 e     5172.9301120299  2.439e-03    4
31 2 0 0 1 2 e     5174.3580824744  2.016e-05   15
67 0 2 2 1 1 e     5176.1064816678  3.860e-03    4
23 2 0 0 1 1 e     5179.7947368629  6.005e-05   10
24 4 0 0 0 4 e     5180.5198912812  2.000e-03    1
50 1 1 1 1 1 e     5181.8667181176  2.585e-03    1
69 1 0 0 1 2 e     5183.2994452508  5.556e-04    8
80 0 1 1 1 1 e     5187.1806765557  5.048e-03    4
25 1 2 2 1 1 e     5189.2926925992  1.823e-03    1
34 1 2 2 1 2 f     5193.0963446693  1.111e-01    1
37 2 0 0 1 3 e     5205.3308005153  2.016e-05   12
67 1 0 0 1 1 e     5206.4032164232  3.008e-04    8
26 1 2 2 1 1 f     5207.2712695904  1.530e-03    2
55 1 1 1 1 2 f     5212.7177400470  2.308e-03    4
25 2 0 0 1 1 e     5213.6212404372  5.007e-05   10
26 4 0 0 0 4 e     5215.7601282663  2.000e-03    2
33 2 0 0 1 2 e     5219.0462818278  1.032e-05   14
51 1 1 1 1 1 f     5219.0912355808  2.197e-03    1
27 1 2 2 1 1 e     5225.9232925992  1.823e-03    1
1 0 1 1 2 1 e      5237.2383984385  1.000e-03    2
2 0 1 1 2 1 f      5238.6082968771  1.000e-03    1
3 0 1 1 2 1 e      5240.6565451607  1.000e-03    2
4 0 1 1 2 1 f      5243.4006934443  1.000e-03    1
28 1 2 2 1 1 f     5245.2852549711  1.823e-03    1
5 0 1 1 2 1 e      5246.8094062002  1.000e-03    2
56 1 1 1 1 2 e     5249.2243674597  2.540e-03    2
27 2 0 0 1 1 e     5250.2072234428  6.005e-05   10
6 0 1 1 2 1 f      5250.9308189561  1.000e-03    1
52 1 1 1 1 1 e     5252.7797861814  2.646e-03    2
28 4 0 0 0 4 e     5253.7582709188  2.000e-03    2
7 0 1 1 2 1 e      5255.6964905210  1.000e-03    2
39 2 0 0 1 3 e     5258.2459773504  3.011e-05   13
8 0 1 1 2 1 f      5261.1993620860  1.000e-03    1
29 1 2 2 1 1 e     5265.3142281631  1.823e-03    1
35 2 0 0 1 2 e     5266.4809084496  3.011e-05   10
9 0 1 1 2 1 e      5267.3182666724  1.000e-03    2
69 0 2 2 1 1 e     5270.4615801293  3.901e-03    4
10 0 1 1 2 1 f     5274.2057712589  1.000e-03    1
71 1 0 0 1 2 e     5279.9389765180  3.010e-04   10
11 0 1 1 2 1 e     5281.6737630023  1.000e-03    2
30 1 2 2 1 1 f     5286.0609570946  1.552e-03    3
29 2 0 0 1 1 e     5289.5518127468  6.005e-05   10
12 0 1 1 2 1 f     5289.9499547458  1.000e-03    1
57 1 1 1 1 2 f     5290.5176774136  2.308e-03    5
30 4 0 0 0 4 e     5294.5191227610  2.000e-03    1
13 0 1 1 2 1 e     5298.7631168841  1.000e-03    2
82 0 1 1 1 1 e     5299.0355718987  5.079e-03    4
69 1 0 0 1 1 e     5300.6058153362  5.086e-04    5
31 1 2 2 1 1 e     5307.4661796825  1.909e-03    1
14 0 1 1 2 1 f     5308.4317790224  1.000e-03    1
41 2 0 0 1 3 e     5313.9032897711  2.267e-04   10
37 2 0 0 1 2 e     5316.6622955603  2.016e-05   11
15 0 1 1 2 1 e     5318.5866256209  1.000e-03    2
54 1 1 1 1 1 e     5326.4380120630  2.713e-03    1
58 1 1 1 1 2 e     5328.2463795300  2.907e-03    3
32 1 2 2 1 1 f     5329.5972647632  1.909e-03    2
16 0 1 1 2 1 f     5329.6507722194  1.000e-03    1
31 2 0 0 1 1 e     5331.6568065494  8.004e-05   10
1 2 1 1 1 3 f      5332.2665637797  2.045e-03    2
2 2 1 1 1 3 e      5333.6422524139  2.000e-03    2
3 2 1 1 1 3 f      5335.7190500445  2.000e-03    4
32 4 0 0 0 4 e     5338.0371244653  2.000e-03    1
4 2 1 1 1 3 e      5338.4630383220  1.758e-03    5
17 0 1 1 2 1 e     5341.1430962571  1.000e-03    2
5 2 1 1 1 3 f      5341.9332705166  2.000e-03    6
6 2 1 1 1 3 e      5346.0386630298  1.758e-03    8
7 2 1 1 1 3 f      5350.9098088965  1.758e-03    5
18 0 1 1 2 1 f     5353.6067202948  1.000e-03    1
8 2 1 1 1 3 e      5356.3698497751  1.758e-03    8
9 2 1 1 1 3 f      5362.6468039484  2.000e-03    6
19 0 1 1 2 1 e     5366.4326448507  1.000e-03    2
10 2 1 1 1 3 e     5369.4545392320  1.758e-03    8
39 2 0 0 1 2 e     5369.5891732796  2.016e-05   11
59 1 1 1 1 2 f     5371.0602363655  2.385e-03    2
43 2 0 0 1 3 e     5372.3012367217  4.008e-05   11
33 2 0 0 1 1 e     5376.5194906949  8.004e-05   10
11 2 1 1 1 3 f     5377.1464242288  1.750e-03    8
73 1 0 0 1 2 e     5379.3012667527  8.646e-04    7
20 0 1 1 2 1 f     5380.2993694067  1.000e-03    1
34 4 0 0 0 4 e     5384.3120608107  2.000e-03    1
12 2 1 1 1 3 e     5385.2938506480  1.749e-03    8
13 2 1 1 1 3 f     5394.4062514483  1.745e-03    8
21 0 1 1 2 1 e     5394.4550476666  1.000e-03    2
71 1 0 0 1 1 e     5397.5406566522  7.054e-04    7
56 1 1 1 1 1 e     5402.8403120630  2.713e-03    1
57 3 1 1 0 4 e     5403.1735995964  1.000e-03    1
14 2 1 1 1 3 e     5403.8870583158  1.742e-03    8
22 0 1 1 2 1 f     5409.7283259266  1.000e-03    1
60 1 1 1 1 2 e     5410.0086015669  3.418e-03    1
84 0 1 1 1 1 e     5413.6125279963  5.111e-03    2
15 2 1 1 1 3 f     5414.4270658125  1.744e-03    8
35 2 0 0 1 1 e     5424.1402527648  1.100e-04    9
36 1 2 2 1 1 f     5424.9525128903  2.166e-03    1
23 0 1 1 2 1 e     5425.2093401235  1.000e-03    2
16 2 1 1 1 3 e     5425.2341106380  1.740e-03    8
41 2 0 0 1 2 e     5425.2608321183  5.007e-05   12
36 4 0 0 0 4 e     5433.3487802295  2.000e-03    1
45 2 0 0 1 3 e     5433.4390645815  5.007e-05    9
17 2 1 1 1 3 f     5437.2082290458  1.740e-03    8
24 0 1 1 2 1 f     5441.8927543205  1.000e-03    1
18 2 1 1 1 3 e     5449.3338611415  1.744e-03    8
61 1 1 1 1 2 f     5454.3378358205  2.451e-03    1
25 0 1 1 2 1 e     5458.6958670421  1.000e-03    2
19 2 1 1 1 3 f     5462.7493571824  1.747e-03    8
37 2 0 0 1 1 e     5474.5181515469  1.200e-04    9
20 2 1 1 1 3 e     5476.1865168202  1.758e-03    7
26 0 1 1 2 1 f     5476.7925797638  1.000e-03    1
75 1 0 0 1 2 e     5481.3842329162  1.033e-03    6
58 1 1 1 1 1 e     5481.9864166569  2.772e-03    2
43 2 0 0 1 2 e     5483.6770932869  5.007e-05   11
55 3 1 1 0 3 e     5484.0579995964  1.000e-03    1
59 3 1 1 0 4 e     5484.1633991800  1.000e-03    1
38 4 0 0 0 4 e     5485.1456120453  2.000e-03    1
1 2 1 1 1 2 f      5485.2687776656  2.045e-03    2
2 2 1 1 1 2 e      5486.6439300591  2.000e-03    4
3 2 1 1 1 2 f      5488.7204569874  2.000e-03    4
21 2 1 1 1 3 f     5491.0502498674  1.758e-03    8
4 2 1 1 1 2 e      5491.4630905927  1.765e-03    6
62 1 1 1 1 2 e     5494.5047206820  3.528e-03    2
27 0 1 1 2 1 e     5494.9128333385  1.000e-03    2
5 2 1 1 1 2 f      5494.9330642923  1.773e-03    3
73 1 0 0 1 1 e     5497.2128978454  7.054e-04    5
47 2 0 0 1 3 e     5497.3159270448  7.006e-05    9
6 2 1 1 1 2 e      5499.0372499784  1.758e-03    5
7 2 1 1 1 2 f      5503.9087435730  1.755e-03    6
22 2 1 1 1 3 e     5505.7918604688  1.742e-03    8
8 2 1 1 1 2 e      5509.3646539033  1.744e-03    5
28 0 1 1 2 1 f     5514.4271869133  1.000e-03    1
9 2 1 1 1 2 f      5515.6435389578  1.746e-03    6
23 2 1 1 1 3 f     5522.1098468706  1.747e-03    6
10 2 1 1 1 2 e     5522.4459677963  1.744e-03    6
39 2 0 0 1 1 e     5527.6531081359  1.000e-03    5
11 2 1 1 1 2 f     5530.1395187931  1.747e-03    5
86 0 1 1 1 1 e     5530.9057282435  5.009e-03    2
40 1 2 2 1 1 f     5531.3442738617  2.223e-03    1
29 0 1 1 2 1 e     5533.8615033257  1.000e-03    2
24 2 1 1 1 3 e     5538.1493222245  1.758e-03    8
12 2 1 1 1 2 e     5538.2810652862  1.740e-03    4
40 4 0 0 0 4 e     5539.6949061874  2.000e-03    1
63 1 1 1 1 2 f     5540.3584319778  2.515e-03    1
45 2 0 0 1 2 e     5544.8369672491  1.627e-04    9
13 2 1 1 1 2 f     5547.3971443847  1.747e-03    6
30 0 1 1 2 1 f     5554.7958197381  1.000e-03    1
25 2 1 1 1 3 f     5555.9278527155  1.744e-03    8
14 2 1 1 1 2 e     5556.8686521110  1.742e-03    5
41 1 2 2 1 1 e     5559.6136986657  2.307e-03    1
57 3 1 1 0 3 e     5562.2128991800  1.000e-03    1
60 1 1 1 1 1 e     5563.8729015669  3.418e-03    1
49 2 0 0 1 3 e     5563.9288677437  8.005e-05   10
15 2 1 1 1 2 f     5567.4152046591  1.739e-03    6
61 3 1 1 0 4 e     5567.9058398790  1.000e-03    1
26 2 1 1 1 3 e     5573.2572960682  1.745e-03    8
31 0 1 1 2 1 e     5575.5400506515  1.000e-03    2
16 2 1 1 1 2 e     5578.2104507472  1.740e-03    6
64 1 1 1 1 2 e     5581.7350015669  3.699e-03    1
41 2 0 0 1 1 e     5583.5445096088  2.000e-04    9
17 2 1 1 1 2 f     5590.1924848308  1.745e-03    6
27 2 1 1 1 3 f     5592.5034480976  1.750e-03    6
42 4 0 0 0 4 e     5596.9986970481  2.000e-03    1
32 0 1 1 2 1 f     5597.8980815648  1.000e-03    1
75 1 0 0 1 1 e     5599.6170782446  9.042e-04    7
18 2 1 1 1 2 e     5602.3049165585  1.737e-03    6
47 2 0 0 1 2 e     5608.7405995360  6.006e-05   10
28 2 1 1 1 3 e     5611.1159912336  1.750e-03    7
19 2 1 1 1 2 f     5615.7301019274  1.745e-03    6
33 0 1 1 2 1 e     5619.9478588612  1.000e-03    2
65 1 1 1 1 2 f     5629.1130619778  2.886e-03    1
20 2 1 1 1 2 e     5629.1517782999  1.739e-03    5
29 2 1 1 1 3 f     5631.8368383098  1.747e-03    8
51 2 0 0 1 3 e     5633.2794795069  3.000e-04   10
43 2 0 0 1 1 e     5642.1915438288  2.400e-04    5
59 3 1 1 0 3 e     5643.1217398790  1.000e-03    1
34 0 1 1 2 1 f     5643.7333361576  1.000e-03    1
21 2 1 1 1 2 f     5644.0274873622  1.744e-03    6
44 1 2 2 1 1 f     5648.7700635081  2.386e-03    1
88 0 1 1 1 1 e     5650.9189972932  5.016e-03    4
30 2 1 1 1 3 e     5651.7260134334  1.750e-03    8
63 3 1 1 0 4 e     5654.3992204701  1.000e-03    1
44 4 0 0 0 4 e     5657.0597602324  2.000e-03    1
22 2 1 1 1 2 e     5658.7499973617  1.746e-03    6
35 0 1 1 2 1 e     5667.0847708373  1.000e-03    2
1 2 1 1 1 1 f      5667.4381637797  2.122e-03    1
2 2 1 1 1 1 e      5668.8163147738  2.000e-03    4
3 2 1 1 1 1 f      5670.8996646301  2.000e-03    4
66 1 1 1 1 2 e     5671.6968581395  3.960e-03    2
4 2 1 1 1 1 e      5673.6463544700  2.000e-03    3
31 2 1 1 1 3 f     5673.9255193456  1.758e-03    8
23 2 1 1 1 2 f     5675.0837387721  1.749e-03    6
49 2 0 0 1 2 e     5675.3861670578  1.200e-04    7
5 2 1 1 1 1 f      5677.1314311944  2.000e-03    4
6 2 1 1 1 1 e      5681.2383220239  2.000e-03    3
7 2 1 1 1 1 f      5686.1324510976  2.000e-03    4
24 2 1 1 1 2 e     5691.1004386524  1.767e-03    5
8 2 1 1 1 1 e      5691.5903364063  2.000e-03    4
36 0 1 1 2 1 f     5692.3007055169  1.000e-03    1
79 1 0 0 1 2 e     5693.7068811882  1.694e-03    3
32 2 1 1 1 3 e     5695.0837607457  1.758e-03    7
9 2 1 1 1 1 f      5697.9027372660  2.000e-03    4
45 2 0 0 1 1 e     5703.5939302590  9.900e-04    5
10 2 1 1 1 1 e     5704.7025156626  2.000e-03    4
77 1 0 0 1 1 e     5704.7551831325  1.207e-03    6
53 2 0 0 1 3 e     5705.3639799631  3.000e-04    6
25 2 1 1 1 2 f     5708.9013133893  1.769e-03    3
11 2 1 1 1 1 f     5712.4422842925  2.000e-03    4
37 0 1 1 2 1 e     5716.9498392420  1.000e-03    2
33 2 1 1 1 3 f     5718.7694961976  1.758e-03    8
46 4 0 0 0 4 e     5719.8733087478  2.045e-03    1
12 2 1 1 1 1 e     5720.5748871655  1.773e-03    5
67 1 1 1 1 2 f     5720.6075432964  3.092e-03    2
26 2 1 1 1 2 e     5726.2011846962  1.767e-03    5
61 3 1 1 0 3 e     5726.7833204701  1.000e-03    1
13 2 1 1 1 1 f     5729.7506545599  2.000e-03    3
14 2 1 1 1 1 e     5739.2068366594  2.000e-03    4
34 2 1 1 1 3 e     5741.1909429280  1.758e-03    7
38 0 1 1 2 1 f     5743.5996729671  1.000e-03    1
65 3 1 1 0 4 e     5743.6455002333  1.000e-03    1
51 2 0 0 1 2 e     5744.7743039687  2.200e-04    6
27 2 1 1 1 2 f     5745.4731598872  1.744e-03    6
15 2 1 1 1 1 f     5749.8285792797  2.000e-03    4
16 2 1 1 1 1 e     5760.5986879528  2.000e-03    4
28 2 1 1 1 2 e     5764.0544737647  1.747e-03    4
35 2 1 1 1 3 f     5766.3686444555  1.771e-03    8
47 2 0 0 1 1 e     5767.7512115370  3.600e-04    6
39 0 1 1 2 1 e     5769.5420764783  1.000e-03    2
17 2 1 1 1 1 f     5772.6740216661  2.000e-03    4
90 0 1 1 1 1 e     5773.6500103428  5.016e-03    4
55 2 0 0 1 3 e     5780.1829733022  2.500e-04    5
18 2 1 1 1 1 e     5784.7500020725  2.000e-03    4
29 2 1 1 1 2 f     5784.8030139058  1.769e-03    6
45 3 2 2 0 3 f     5786.2688327818  2.264e-03    1
36 2 1 1 1 3 e     5790.0455340403  1.758e-03    8
40 0 1 1 2 1 f     5797.6294799896  1.000e-03    1
19 2 1 1 1 1 f     5798.2883943574  2.000e-03    3
7 4 1 1 0 3 e      5799.1600189561  1.000e-03    1
81 1 0 0 1 2 e     5803.9418552423  1.786e-03    2
30 2 1 1 1 2 e     5804.6566366579  1.756e-03    4
9 4 1 1 0 3 e      5810.9431166724  1.000e-03    2
20 2 1 1 1 1 e     5811.6604431601  2.000e-03    4
63 3 1 1 0 3 e     5813.1975002333  1.000e-03    1
37 2 1 1 1 3 f     5816.7235017508  1.870e-03    4
53 2 0 0 1 2 e     5816.9044889686  2.100e-04    6
10 4 1 1 0 3 f     5818.0285712589  1.000e-03    1
41 0 1 1 2 1 e     5824.8613542652  1.000e-03    2
66 1 1 1 1 1 e     5825.9721592062  4.000e-03    1
21 2 1 1 1 1 f     5826.6706308776  2.000e-03    4
31 2 1 1 1 2 f     5826.8916103927  1.746e-03    5
49 2 0 0 1 1 e     5834.6614062411  1.000e-03    3
67 3 1 1 0 4 e     5835.6354960780  1.000e-03    1
22 2 1 1 1 1 e     5841.3295124645  2.000e-03    4
38 2 1 1 1 3 e     5841.6462203483  1.814e-03    7
13 4 1 1 0 3 e     5842.8243168841  1.000e-03    2
32 2 1 1 1 2 e     5848.0083378843  2.000e-03    3
47 3 2 2 0 3 f     5850.8819133707  2.304e-03    1
50 4 0 0 0 4 e     5853.7589181176  2.522e-03    1
42 0 1 1 2 1 f     5854.3886285409  1.000e-03    1
57 2 0 0 1 3 e     5857.7331513233  2.700e-04    5
23 2 1 1 1 1 f     5857.8204882327  2.000e-03    4
39 2 1 1 1 3 f     5869.8276092186  1.898e-03    4
33 2 1 1 1 2 f     5871.7363486688  1.806e-03    5
24 2 1 1 1 1 e     5873.7568627665  2.000e-03    4
43 0 1 1 2 1 e     5882.9064041672  1.000e-03    2
48 3 2 2 0 3 e     5884.1564181176  2.522e-03    1
17 4 1 1 0 3 e     5885.7912722194  1.000e-03    1
25 2 1 1 1 1 f     5891.7374568251  2.000e-03    4
55 2 0 0 1 2 e     5891.7765675206  2.200e-04    8
34 2 1 1 1 2 e     5894.1087759380  1.904e-03    4
40 2 1 1 1 3 e     5895.9946293297  1.758e-03    5
92 0 1 1 1 1 e     5899.0930468376  5.048e-03    4
65 3 1 1 0 3 e     5902.3647960780  1.000e-03    1
1 3 0 0 1 4 e      5903.7281833254  1.000e-03    5
51 2 0 0 1 1 e     5904.3256157611  1.000e-03    4
3 3 0 0 1 4 e      5907.1726222127  1.000e-03    7
26 2 1 1 1 1 e     5908.9425053157  2.000e-03    3
19 4 1 1 0 3 e     5911.4308448507  1.000e-03    2
5 3 0 0 1 4 e      5913.3722100176  1.000e-03    8
44 0 1 1 2 1 f     5913.8772797935  1.000e-03    1
83 1 0 0 1 2 e     5916.8914043856  1.855e-03    3
49 3 2 2 0 3 f     5918.2645467324  2.342e-03    1
35 2 1 1 1 2 f     5919.3369405458  2.000e-03    3
7 3 0 0 1 4 e      5922.3273239586  1.000e-03    8
52 4 0 0 0 4 e     5924.8288583977  2.585e-03    1
41 2 1 1 1 3 f     5925.6857408896  2.142e-03    3
20 4 1 1 0 3 f     5925.8850694067  1.000e-03    1
27 2 1 1 1 1 f     5928.4213869402  2.000e-03    4
9 3 0 0 1 4 e      5934.0373908811  1.000e-03    6
59 2 0 0 1 3 e     5938.0142904581  3.001e-04    5
21 4 1 1 0 3 e     5939.8410259266  1.000e-03    1
36 2 1 1 1 2 e     5942.9578536509  1.782e-03    5
45 0 1 1 2 1 e     5943.6762676148  1.000e-03    2
28 2 1 1 1 1 e     5946.8850641422  2.000e-03    4
11 3 0 0 1 4 e     5948.5025656550  1.000e-03    9
50 3 2 2 0 3 e     5952.9103583977  2.585e-03    1
42 2 1 1 1 3 e     5953.0861636812  2.000e-03    5
13 3 0 0 1 4 e     5965.7214350576  1.000e-03    7
29 2 1 1 1 1 f     5967.8716620149  2.000e-03    3
7 2 2 2 1 3 e      5968.9909350705  2.765e-03    2
57 2 0 0 1 2 e     5969.3912644700  3.500e-04    4
37 2 1 1 1 2 f     5969.6937110194  1.870e-03    6
23 4 1 1 0 3 e     5971.0222543205  1.000e-03    1
46 0 1 1 2 1 f     5976.0953554361  1.000e-03    1
53 2 0 0 1 1 e     5976.7413570445  1.000e-03    3
9 2 2 2 1 3 e      5980.7415818888  2.706e-03    2
43 2 1 1 1 3 f     5984.2939973077  2.183e-03    3
15 3 0 0 1 4 e     5985.6950396301  1.000e-03    8
30 2 1 1 1 1 e     5987.5911661956  2.000e-03    2
10 2 2 2 1 3 f     5987.6512690394  2.706e-03    1
51 3 2 2 0 3 f     5988.4146355808  2.395e-03    1
24 4 1 1 0 3 f     5988.4997543205  1.000e-03    1
67 3 1 1 0 3 e     5994.2819864618  1.000e-03    1
38 2 1 1 1 2 e     5994.5546919102  2.000e-03    6
11 2 2 2 1 3 e     5995.2551333015  2.307e-03    2
54 4 0 0 0 4 e     5998.6401139651  2.619e-03    1
12 2 2 2 1 3 f     6003.5487500169  1.823e-03    1
25 4 1 1 0 3 e     6004.9729543205  1.000e-03    1
47 0 1 1 2 1 e     6007.1698455809  1.000e-03    2
17 3 0 0 1 4 e     6008.4219943288  1.000e-03    8
31 2 1 1 1 1 f     6010.0880275303  2.000e-03    4
13 2 2 2 1 3 e     6012.5322298036  2.307e-03    2
44 2 1 1 1 3 e     6012.9223921328  2.000e-03    4
61 2 0 0 1 3 e     6021.0244593457  1.000e-03    4
14 2 2 2 1 3 f     6022.2072400756  1.823e-03    2
39 2 1 1 1 2 f     6022.8037852283  1.887e-03    4
52 3 2 2 0 3 e     6024.4316139651  2.619e-03    1
1 3 0 0 1 3 e      6025.1908084447  1.000e-03    5
71 3 1 1 0 4 e     6027.8599101580  1.000e-03    1
3 3 0 0 1 3 e      6028.6240305159  1.000e-03    9
32 2 1 1 1 1 e     6031.0419317232  2.000e-03    4
15 2 2 2 1 3 e     6032.5737976413  2.307e-03    1
19 3 0 0 1 4 e     6033.9022682866  1.000e-03    8
5 3 0 0 1 3 e      6034.8033334775  1.000e-03    8
48 0 1 1 2 1 f     6041.0409357257  1.000e-03    1
27 4 1 1 0 3 e     6041.6933833385  1.000e-03    2
16 2 2 2 1 3 f     6043.6310542855  2.375e-03    1
7 3 0 0 1 3 e      6043.7296436146  1.000e-03   11
45 2 1 1 1 3 f     6045.6520960744  2.224e-03    2
40 2 1 1 1 2 e     6048.8981662033  2.000e-03    4
59 2 0 0 1 2 e     6049.7505581201  3.200e-04    3
55 2 0 0 1 1 e     6051.9095727325  1.000e-03    4
33 2 1 1 1 1 f     6055.0696353625  2.000e-03    4
17 2 2 2 1 3 e     6055.3787641708  2.110e-03    1
9 3 0 0 1 3 e      6055.4022212684  1.000e-03    9
53 3 2 2 0 3 f     6061.3353651562  2.432e-03    1
21 3 0 0 1 4 e     6062.1352139686  1.000e-03    8
11 3 0 0 1 3 e     6069.8208701253  1.000e-03   11
49 0 1 1 2 1 e     6073.3865480031  1.000e-03    2
46 2 1 1 1 3 e     6075.5017031892  2.045e-03    3
34 2 1 1 1 1 e     6077.2538781627  2.000e-03    4
41 2 1 1 1 2 f     6078.6683384193  2.142e-03    4
29 4 1 1 0 3 e     6081.1825533257  1.000e-03    2
13 3 0 0 1 3 e     6086.9851407326  1.000e-03   11
69 3 1 1 0 3 e     6088.9450101580  1.000e-03    1
23 3 0 0 1 4 e     6093.1199399074  6.320e-04    9
20 2 2 2 1 3 f     6094.7692508427  1.823e-03    1
54 3 2 2 0 3 e     6098.7148120630  2.653e-03    1
35 2 1 1 1 1 f     6102.8160723487  2.000e-03    4
42 2 1 1 1 2 e     6105.9877078114  2.000e-03    4
63 2 0 0 1 3 e     6106.7625395229  1.000e-03    4
15 3 0 0 1 3 e     6106.8953261350  1.000e-03   12
50 0 1 1 2 1 f     6108.7094602806  1.000e-03    1
21 2 2 2 1 3 e     6109.2812338395  1.823e-03    1
47 2 1 1 1 3 f     6109.7592620215  2.264e-03    3
31 4 1 1 0 3 e     6123.4400506515  1.000e-03    2
22 2 2 2 1 3 f     6124.4823471088  1.823e-03    1
36 2 1 1 1 1 e     6126.2222861948  2.000e-03    3
25 3 0 0 1 4 e     6126.8564258402  1.000e-03    8
73 3 1 1 0 4 e     6128.0853679228  1.157e-03    1
17 3 0 0 1 3 e     6129.5507977769  1.000e-03    9
57 2 0 0 1 1 e     6129.8284493882  1.000e-03    4
61 2 0 0 1 2 e     6132.8567416587  1.430e-03    3
55 3 2 2 0 3 f     6137.0243282321  2.497e-03    1
43 2 1 1 1 2 f     6137.2852831805  2.183e-03    4
4 2 2 2 1 2 f      6140.3700183277  3.105e-03    1
23 2 2 2 1 3 e     6140.3782367279  1.909e-03    1
48 2 1 1 1 3 e     6140.8234697440  2.088e-03    3
51 0 1 1 2 1 e     6142.3255602806  1.000e-03    1
5 2 2 2 1 2 e      6143.8237110006  3.105e-03    1
37 2 1 1 1 1 f     6153.3270064140  2.056e-03    3
19 3 0 0 1 3 e     6154.9512390104  1.000e-03   12
24 2 2 2 1 3 f     6156.9622505651  1.823e-03    2
8 2 2 2 1 2 f      6158.3328690394  2.706e-03    1
27 3 0 0 1 4 e     6163.3435708281  1.000e-03    8
9 2 2 2 1 2 e      6164.5499591404  2.765e-03    1
44 2 1 1 1 2 e     6165.8224948619  2.045e-03    2
1 3 0 0 1 2 e      6167.3136484385  1.000e-03    4
33 4 1 1 0 3 e     6168.4647588612  1.000e-03    2
3 3 0 0 1 2 e      6170.7598610731  1.000e-03    6
10 2 2 2 1 2 f     6171.4591329018  2.307e-03    1
25 2 2 2 1 3 e     6174.2419367279  1.909e-03    1
56 3 2 2 0 3 e     6175.7685848704  2.713e-03    1
49 2 1 1 1 3 f     6176.6090355023  2.342e-03    2
5 3 0 0 1 2 e      6176.9626858686  1.000e-03    7
38 2 1 1 1 1 e     6177.9447632139  2.000e-03    4
11 2 2 2 1 2 e     6179.0582619659  2.307e-03    1
52 0 1 1 2 1 f     6179.1055295839  1.000e-03    1
21 3 0 0 1 3 e     6183.0965267060  1.000e-03   11
7 3 0 0 1 2 e      6185.9220160494  1.000e-03    7
71 3 1 1 0 3 e     6186.3535679228  1.157e-03    1
12 2 2 2 1 2 f     6187.3479500169  1.823e-03    1
65 2 0 0 1 3 e     6195.2249306316  3.003e-04    4
13 2 2 2 1 2 e     6196.3248033375  1.000e-03    2
9 3 0 0 1 2 e      6197.6379042925  1.000e-03    6
45 2 1 1 1 2 f     6198.6544320258  2.224e-03    3
29 3 0 0 1 4 e     6202.5801485795  1.000e-03    8
14 2 2 2 1 2 f     6205.9997301343  2.117e-03    1
39 2 1 1 1 1 f     6206.6009593325  2.099e-03    4
50 2 1 1 1 3 e     6208.8855938013  2.522e-03    4
59 2 0 0 1 1 e     6210.4970695295  1.000e-03    2
27 2 2 2 1 3 e     6210.8723603811  1.823e-03    2
11 3 0 0 1 2 e     6212.1104089174  1.000e-03    7
53 0 1 1 2 1 e     6213.9856295839  1.000e-03    1
23 3 0 0 1 3 e     6213.9861025405  1.000e-03   11
57 3 2 2 0 3 f     6215.4830189825  2.533e-03    1
35 4 1 1 0 3 e     6216.2574708373  1.000e-03    2
15 2 2 2 1 2 e     6216.3614216048  2.307e-03    2
63 2 0 0 1 2 e     6218.7257103517  9.115e-02    2
16 2 2 2 1 2 f     6227.4145922099  2.117e-03    2
46 2 1 1 1 2 e     6228.4021091093  2.045e-03    3
13 3 0 0 1 2 e     6229.3392270693  1.000e-03    6
75 3 1 1 0 4 e     6231.0675705808  1.287e-03    1
40 2 1 1 1 1 e     6232.4215863325  2.000e-03    4
17 2 2 2 1 2 e     6239.1565048695  2.110e-03    2
31 3 0 0 1 4 e     6244.5659102797  1.000e-03    8
51 2 1 1 1 3 f     6246.2142411566  2.342e-03    2
25 3 0 0 1 3 e     6247.6192912408  1.000e-03   12
15 3 0 0 1 2 e     6249.3243151111  1.000e-03    7
18 2 2 2 1 2 f     6251.5918861001  1.909e-03    2
54 0 1 1 2 1 f     6252.2223028116  1.000e-03    1
58 3 2 2 0 3 e     6255.5846484433  3.059e-03    1
41 2 1 1 1 1 f     6262.6384302586  2.142e-03    3
47 2 1 1 1 2 f     6262.7754439051  2.264e-03    4
19 2 2 2 1 2 e     6264.7132847575  2.110e-03    2
37 4 1 1 0 3 e     6266.8167392420  1.000e-03    2
30 2 2 2 1 3 f     6271.0134655485  1.909e-03    1
17 3 0 0 1 2 e     6272.0651245836  1.000e-03    6
20 2 2 2 1 2 f     6278.5300343787  1.823e-03    2
52 2 1 1 1 3 e     6279.6891361814  2.760e-03    2
27 3 0 0 1 3 e     6283.9958363103  1.000e-03   10
67 2 0 0 1 3 e     6286.4154412699  1.258e-03    2
73 3 1 1 0 3 e     6286.5161705808  1.287e-03    1
33 3 0 0 1 4 e     6289.2998312029  1.000e-03    7
42 2 1 1 1 1 e     6289.6521626553  2.000e-03    4
21 2 2 2 1 2 e     6293.0317695919  1.823e-03    2
48 2 1 1 1 2 e     6293.7247884721  2.088e-03    3
61 2 0 0 1 1 e     6293.9157441123  1.000e-03    2
59 3 2 2 0 3 f     6296.7013081411  2.568e-03    1
19 3 0 0 1 2 e     6297.5616232690  1.000e-03    7
22 2 2 2 1 2 f     6308.2304471088  1.823e-03    1
15 4 1 1 0 1 e     6313.6000256209  1.000e-03    2
53 2 1 1 1 3 f     6318.5578503685  2.498e-03    2
43 2 1 1 1 1 f     6321.4379976698  2.183e-03    3
29 3 0 0 1 3 e     6323.1152958420  1.000e-03   11
23 2 2 2 1 2 e     6324.1113231758  1.823e-03    3
21 3 0 0 1 2 e     6325.8134715692  1.000e-03    6
56 0 1 1 2 1 f     6328.0671995964  1.000e-03    1
49 2 1 1 1 2 f     6329.6464534951  2.304e-03    3
17 4 1 1 0 1 e     6336.5651722194  1.000e-03    1
77 3 1 1 0 4 e     6336.7658602721  1.406e-03    1
35 3 0 0 1 4 e     6336.7810453208  1.000e-03    8
60 3 2 2 0 3 e     6338.1584015669  3.370e-03    1
24 2 2 2 1 2 f     6340.6911005651  1.823e-03    2
44 2 1 1 1 1 e     6349.6347900337  2.000e-03    4
54 2 1 1 1 3 e     6353.2267398182  2.619e-03    3
23 3 0 0 1 2 e     6356.8206613680  1.000e-03    7
25 2 2 2 1 2 e     6357.9494636363  1.000e-03    4
1 3 0 0 1 1 e      6360.2632074976  1.000e-03    4
50 2 1 1 1 2 e     6361.7904229724  2.522e-03    4
3 3 0 0 1 1 e      6363.7206201607  1.000e-03    4
31 3 0 0 1 3 e     6364.9769713765  1.000e-03   10
57 0 1 1 2 1 e     6365.4654995964  1.000e-03    1
5 3 0 0 1 1 e      6369.9446812002  1.000e-03    4
26 2 2 2 1 2 f     6375.9120713634  1.823e-03    2
41 4 1 1 0 3 e     6376.2312285409  1.000e-03    1
7 3 0 0 1 1 e      6378.9351655210  1.000e-03    4
63 2 0 0 1 1 e     6380.0840103517  1.089e-03    2
69 2 0 0 1 3 e     6380.3278723423  1.000e-03    3
61 3 2 2 0 3 f     6380.6794358205  2.630e-03    1
45 2 1 1 1 1 f     6382.9984155039  2.224e-03    4
37 3 0 0 1 4 e     6387.0081280009  1.000e-03    7
75 3 1 1 0 3 e     6389.4165602721  1.406e-03    1
25 3 0 0 1 2 e     6390.5825057106  1.000e-03    7
9 3 0 0 1 1 e      6390.6916416724  1.000e-03    4
55 2 1 1 1 3 f     6393.6475466942  2.432e-03    2
27 2 2 2 1 2 e     6394.5491060736  1.000e-03    2
51 2 1 1 1 2 f     6399.2650467324  2.342e-03    1
11 3 0 0 1 1 e     6405.2143130023  1.000e-03    4
58 0 1 1 2 1 f     6406.6346991800  1.000e-03    1
33 3 0 0 1 3 e     6409.5802161233  1.000e-03   10
1 1 1 1 2 2 e      6409.9930656257  1.000e-03    3
2 1 1 1 2 2 f      6411.3623968771  1.000e-03    2
46 2 1 1 1 1 e     6412.3698254733  2.045e-03    2
3 1 1 1 2 2 e      6413.4094623995  1.000e-03    3
28 2 2 2 1 2 f     6413.8938718382  1.823e-03    2
4 1 1 1 2 2 f      6416.1566434443  1.000e-03    2
5 1 1 1 2 2 e      6419.5602352816  1.000e-03    3
23 4 1 1 0 1 e     6422.1624901235  1.000e-03    2
13 3 0 0 1 1 e     6422.5031418841  1.000e-03    4
6 1 1 1 2 2 f      6423.6879189561  1.000e-03    2
27 3 0 0 1 2 e     6427.0987389810  1.000e-03    7
7 1 1 1 2 2 e      6428.4444620860  1.000e-03    2
56 2 1 1 1 3 e     6429.5101848704  2.713e-03    1
52 2 1 1 1 2 e     6432.5972422764  2.585e-03    3
29 2 2 2 1 2 e     6433.9079504662  1.000e-03    3
8 1 1 1 2 2 f      6433.9584120860  1.000e-03    2
43 4 1 1 0 3 e     6435.0856285409  1.000e-03    1
39 3 0 0 1 4 e     6439.9801668112  1.000e-03    8
9 1 1 1 2 2 e      6440.0620166724  1.000e-03    4
15 3 0 0 1 1 e     6442.5576756209  1.000e-03    4
79 3 1 1 0 4 e     6445.2158227156  1.516e-03    1
59 0 1 1 2 1 e     6445.2844991800  1.000e-03    1
10 1 1 1 2 2 f     6446.9670712589  1.000e-03    2
47 2 1 1 1 1 f     6447.3203230762  2.264e-03    2
11 1 1 1 2 2 e     6454.4126427886  1.000e-03    4
30 2 2 2 1 2 f     6454.6350602598  1.823e-03    2
25 4 1 1 0 1 e     6456.2606543205  1.000e-03    1
35 3 0 0 1 3 e     6456.9246567637  1.000e-03    9
12 1 1 1 2 2 f     6462.7141047458  1.000e-03    2
17 3 0 0 1 1 e     6465.3779212571  1.000e-03    4
29 3 0 0 1 2 e     6466.3689816522  1.000e-03    6
65 2 0 0 1 1 e     6468.9972981556  1.000e-03    2
57 2 1 1 1 3 f     6471.4788189825  2.533e-03    1
13 1 1 1 2 2 e     6471.4957918841  1.000e-03    4
53 2 1 1 1 2 f     6471.6356651562  2.432e-03    1
31 2 2 2 1 2 e     6476.0254606767  1.000e-03    2
71 2 0 0 1 3 e     6476.9596015270  1.000e-03    4
48 2 1 1 1 1 e     6477.8557801582  2.088e-03    2
14 1 1 1 2 2 f     6481.1992790224  1.000e-03    2
60 0 1 1 2 1 f     6487.9194398790  1.000e-03    1
19 3 0 0 1 1 e     6490.9634448507  1.000e-03    4
15 1 1 1 2 2 e     6491.3124756209  1.000e-03    4
27 4 1 1 0 1 e     6493.1390869133  1.000e-03    1
77 3 1 1 0 3 e     6495.0596227156  1.516e-03    1
41 3 0 0 1 4 e     6495.6965265014  1.000e-03    7
45 4 1 1 0 3 e     6496.7026554361  1.000e-03    1
32 2 2 2 1 2 f     6498.1344147632  1.909e-03    2
21 2 2 2 1 1 e     6499.3343694067  1.000e-03    1
1 3 1 1 1 4 f      6500.8756927255  2.045e-03    3
2 3 1 1 1 4 e      6502.2529712488  2.000e-03    5
16 1 1 1 2 2 f     6502.4221222194  1.000e-03    2
3 3 1 1 1 4 f      6504.3342639304  2.000e-03    4
54 2 1 1 1 2 e     6506.1452120630  2.653e-03    1
37 3 0 0 1 3 e     6507.0096986565  1.000e-03    7
4 3 1 1 1 4 e      6507.0762537538  2.000e-03    5
31 3 0 0 1 2 e     6508.3929762481  1.000e-03    7
58 2 1 1 1 3 e     6508.5189848704  2.713e-03    1
5 3 1 1 1 4 f      6510.5553310142  2.000e-03    5
17 1 1 1 2 2 e     6513.8608250921  1.000e-03    4
49 2 1 1 1 1 f     6514.4018883009  2.304e-03    3
6 3 1 1 1 4 e      6514.6555682991  2.000e-03    4
21 3 0 0 1 1 e     6519.3148226666  1.000e-03    4
7 3 1 1 1 4 f      6519.5417303018  2.000e-03    4
8 3 1 1 1 4 e      6524.9904759544  2.000e-03    4
18 1 1 1 2 2 f     6526.3822202948  1.000e-03    2
61 0 1 1 2 1 e     6527.8137398790  1.000e-03    1
23 2 2 2 1 1 e     6530.4721259266  1.000e-03    1
9 3 1 1 1 4 f      6531.2932646020  2.000e-03    4
29 4 1 1 0 1 e     6532.7983197381  1.000e-03    1
10 3 1 1 1 4 e     6538.0811877683  2.000e-03    3
19 1 1 1 2 2 e     6539.1411948507  1.000e-03    4
34 2 2 2 1 2 f     6544.3925043236  2.013e-03    2
11 3 1 1 1 4 f     6545.8087423334  2.000e-03    4
50 2 1 1 1 1 e     6546.0921181176  2.522e-03    1
55 2 1 1 1 2 f     6546.7516282321  2.497e-03    1
23 3 0 0 1 1 e     6550.4309401235  1.000e-03    4
59 2 1 1 1 3 f     6552.0479189825  2.533e-03    1
20 1 1 1 2 2 f     6553.0763025751  3.173e-03    2
33 3 0 0 1 2 e     6553.1701464812  1.000e-03    6
12 3 1 1 1 4 e     6553.9269524018  2.000e-03    4
43 3 0 0 1 4 e     6554.1551547351  1.000e-03    7
65 3 2 2 0 3 f     6556.9270619778  3.039e-03    1
1 1 1 1 2 1 e      6558.7225030796  1.000e-03    3
39 3 0 0 1 3 e     6559.8340032831  1.000e-03    7
2 1 1 1 2 1 f      6560.0947968771  1.000e-03    2
67 2 0 0 1 1 e     6560.6579412699  1.000e-03    2
47 4 1 1 0 3 e     6561.0836955809  1.086e-03    2
3 1 1 1 2 1 e      6562.1428290662  1.000e-03    3
13 3 1 1 1 4 f     6563.0890415513  2.000e-03    5
4 1 1 1 2 1 f      6564.8940434443  1.000e-03    2
21 1 1 1 2 2 e     6567.1531197128  1.000e-03    4
5 1 1 1 2 1 e      6568.2995559779  1.000e-03    4
35 2 2 2 1 2 e     6568.5331361576  1.000e-03    1
62 0 1 1 2 1 f     6571.9234204701  1.000e-03    1
6 1 1 1 2 1 f      6572.4355689561  1.000e-03    2
14 3 1 1 1 4 e     6572.5282296524  2.000e-03    5
73 2 0 0 1 3 e     6576.3120192518  1.157e-03    2
7 1 1 1 2 1 e      6577.1926415656  1.000e-03    4
56 2 1 1 1 2 e     6582.4336484667  2.653e-03    2
22 1 1 1 2 2 f     6582.5115759266  1.000e-03    2
8 1 1 1 2 1 f      6582.7194120860  1.000e-03    2
15 3 1 1 1 4 f     6583.1328263728  2.000e-03    5
51 2 1 1 1 1 f     6584.2429911566  2.342e-03    2
25 3 0 0 1 1 e     6584.3121920421  1.000e-03    4
9 1 1 1 2 1 e      6588.8222416724  1.000e-03    4
60 2 1 1 1 3 e     6590.2692250051  3.696e-03    2
36 2 2 2 1 2 f     6593.4094128903  2.166e-03    1
16 3 1 1 1 4 e     6593.8837873037  2.000e-03    5
10 1 1 1 2 1 f     6595.7457712589  1.000e-03    2
23 1 1 1 2 2 e     6597.8958448559  1.000e-03    3
35 3 0 0 1 2 e     6600.6997816430  1.000e-03    7
27 2 2 2 1 1 e     6601.0456833385  1.000e-03    2
11 1 1 1 2 1 e     6603.1877130023  1.000e-03    4
17 3 1 1 1 4 f     6605.9399531817  2.000e-03    5
12 1 1 1 2 1 f     6611.5138047458  1.000e-03    2
24 1 1 1 2 2 f     6614.6812543205  1.000e-03    2
45 3 0 0 1 4 e     6615.3557189187  1.000e-03    7
41 3 0 0 1 3 e     6615.3975507939  1.000e-03    7
52 2 1 1 1 1 e     6617.0804139651  2.619e-03    1
18 3 1 1 1 4 e     6617.9941044918  2.000e-03    5
37 2 2 2 1 2 e     6618.9210892420  1.000e-03    2
13 1 1 1 2 1 e     6620.2885918841  1.000e-03    4
33 4 1 1 0 1 e     6620.4618815648  1.000e-03    1
27 3 0 0 1 1 e     6620.9579833385  1.000e-03    4
57 2 1 1 1 2 f     6624.6149236073  2.497e-03    2
49 4 1 1 0 3 e     6628.2258480031  1.000e-03    2
14 1 1 1 2 1 f     6630.0235290224  1.000e-03    2
25 1 1 1 2 2 e     6631.3697628016  1.000e-03    3
19 3 1 1 1 4 f     6631.5100815911  2.000e-03    5
61 2 1 1 1 3 f     6635.3603719808  2.568e-03    2
15 1 1 1 2 1 e     6640.1255756209  1.000e-03    4
29 2 2 2 1 1 e     6640.4782869133  1.000e-03    1
20 3 1 1 1 4 e     6644.8582468028  2.000e-03    5
26 1 1 1 2 2 f     6649.5862297638  1.000e-03    2
37 3 0 0 1 2 e     6650.9818951660  1.000e-03    7
16 1 1 1 2 1 f     6651.2748722194  1.000e-03    2
69 2 0 0 1 1 e     6655.0648864618  1.000e-03    1
53 2 1 1 1 1 f     6656.8416503685  2.395e-03    2
21 3 1 1 1 4 f     6659.8430890547  2.000e-03    3
1 3 1 1 1 3 f      6660.2033599911  2.000e-03    3
29 3 0 0 1 1 e     6660.3682783257  1.000e-03    4
58 2 1 1 1 2 e     6661.4600848704  2.713e-03    1
2 3 1 1 1 3 e      6661.5769112488  2.000e-03    5
17 1 1 1 2 1 e     6662.6978233900  1.000e-03    4
3 3 1 1 1 3 f      6663.6523714400  2.000e-03    4
4 3 1 1 1 3 e      6666.3908525609  2.000e-03    4
27 1 1 1 2 2 e     6667.5735583385  1.000e-03    4
35 4 1 1 0 1 e     6668.4665055169  1.000e-03    1
5 3 1 1 1 3 f      6669.8606167322  2.000e-03    4
43 3 0 0 1 3 e     6673.6990227543  1.000e-03    6
6 3 1 1 1 3 e      6673.9555428869  2.000e-03    5
22 3 1 1 1 4 e     6674.4753645586  2.000e-03    5
62 2 1 1 1 3 e     6674.7465515669  3.370e-03    2
18 1 1 1 2 1 f     6675.2673202948  1.000e-03    2
75 2 0 0 1 3 e     6678.3814622291  1.287e-03    3
7 3 1 1 1 3 f      6678.8284032322  2.000e-03    5
47 3 0 0 1 4 e     6679.2969002396  1.000e-03    5
31 2 2 2 1 1 e     6682.6739197381  1.000e-03    1
8 3 1 1 1 3 e      6684.2703002922  2.000e-03    4
28 1 1 1 2 2 f     6687.2257869133  1.000e-03    2
19 1 1 1 2 1 e     6688.0048037811  1.000e-03    4
9 3 1 1 1 3 f      6690.5548646020  2.000e-03    4
54 2 1 1 1 1 e     6690.8138630141  2.619e-03    2
23 3 1 1 1 4 f     6690.9369570113  2.000e-03    5
10 3 1 1 1 3 e     6697.3356156626  2.000e-03    4
51 4 1 1 0 3 e     6698.1312949323  1.000e-03    2
20 1 1 1 2 1 f     6702.0008194067  1.000e-03    2
31 3 0 0 1 1 e     6702.5426756515  1.000e-03    4
39 3 0 0 1 2 e     6704.0155514783  1.000e-03    4
11 3 1 1 1 3 f     6705.0396162354  2.000e-03    4
59 2 1 1 1 2 f     6705.2238635618  2.533e-03    2
29 1 1 1 2 2 e     6706.5066817074  1.000e-03    4
24 3 1 1 1 4 e     6706.8453555173  2.000e-03    4
12 3 1 1 1 3 e     6713.1513683174  2.000e-03    5
21 1 1 1 2 1 e     6716.0465660440  1.000e-03    4
37 4 1 1 0 1 e     6719.2472729671  1.000e-03    1
63 2 1 1 1 3 f     6721.4082838992  2.630e-03    2
13 3 1 1 1 3 f     6722.2830615961  2.000e-03    4
25 3 1 1 1 4 f     6724.7925064707  2.000e-03    3
30 1 1 1 2 2 f     6727.5992197381  1.000e-03    2
33 2 2 2 1 1 e     6727.6318815648  1.000e-03    1
41 2 2 2 1 2 e     6727.9628285409  1.000e-03    1
22 1 1 1 2 1 f     6731.4745759266  1.000e-03    2
14 3 1 1 1 3 e     6731.7168896524  2.000e-03    5
55 2 1 1 1 1 f     6732.1983966942  2.432e-03    2
45 3 0 0 1 3 e     6734.7378669876  1.000e-03    6
26 3 1 1 1 4 e     6741.9678681380  2.000e-03    5
15 3 1 1 1 3 f     6742.2852673701  2.000e-03    5
60 2 1 1 1 2 e     6743.2240250051  3.059e-03    2
49 3 0 0 1 4 e     6745.9758230031  1.000e-03    4
23 1 1 1 2 1 e     6746.8228353912  1.000e-03    3
33 3 0 0 1 1 e     6747.4811088612  1.000e-03    4
31 1 1 1 2 2 e     6748.1695394261  1.000e-03    4
71 2 0 0 1 1 e     6752.2165679228  1.157e-03    1
16 3 1 1 1 3 e     6753.0320073037  2.000e-03    5
41 3 0 0 1 2 e     6759.8004600265  1.000e-03    6
27 3 1 1 1 4 f     6761.4089785904  2.000e-03    5
64 2 1 1 1 3 e     6761.9581293198  3.655e-03    2
24 1 1 1 2 1 f     6763.6893543205  1.000e-03    2
17 3 1 1 1 3 f     6765.0447931817  2.000e-03    5
56 2 1 1 1 1 e     6767.2953984667  2.935e-03    2
32 1 1 1 2 2 f     6770.7059815648  1.000e-03    2
53 4 1 1 0 3 e     6770.7945161978  1.000e-03    2
39 4 1 1 0 1 e     6772.8116729671  1.000e-03    1
35 2 2 2 1 1 e     6775.3526361576  1.000e-03    1
18 3 1 1 1 3 e     6777.0968044917  2.000e-03    5
28 3 1 1 1 4 e     6779.8418524625  2.000e-03    5
25 1 1 1 2 1 e     6780.3332170421  1.000e-03    4
77 2 0 0 1 3 e     6783.1666602721  1.406e-03    1
43 2 2 2 1 2 e     6786.6147541672  1.000e-03    2
61 2 1 1 1 2 f     6788.5758219808  2.568e-03    2
19 3 1 1 1 3 f     6790.5623415911  2.000e-03    5
33 1 1 1 2 2 e     6792.5592838612  1.000e-03    4
35 3 0 0 1 1 e     6795.1826958373  1.000e-03    4
47 3 0 0 1 3 e     6798.5135705809  1.000e-03    4
26 1 1 1 2 1 f     6798.6430297638  1.000e-03    2
29 3 1 1 1 4 f     6800.7850358829  2.000e-03    4
20 3 1 1 1 3 e     6803.9104868028  2.000e-03    5
65 2 1 1 1 3 f     6810.1923469778  2.690e-03    2
57 2 1 1 1 1 f     6810.3113189825  2.533e-03    1
51 3 0 0 1 4 e     6815.3924699323  1.000e-03    4
34 1 1 1 2 2 f     6816.5458361576  1.000e-03    2
27 1 1 1 2 1 e     6816.5764920465  1.000e-03    3
43 3 0 0 1 2 e     6818.3360785409  1.000e-03    2
21 3 1 1 1 3 f     6818.8370455974  2.000e-03    5
30 3 1 1 1 4 e     6820.4664736132  2.000e-03    4
37 2 2 2 1 1 e     6825.8335055169  1.000e-03    1
41 4 1 1 0 1 e     6829.1536799896  1.000e-03    1
22 3 1 1 1 3 e     6833.4731153765  2.000e-03    3
1 3 1 1 1 2 f      6835.3717389491  2.000e-03    3
28 1 1 1 2 1 f     6836.3358369133  1.000e-03    2
2 3 1 1 1 2 e      6836.7478662154  2.000e-03    3
3 3 1 1 1 2 f      6838.8294639806  2.000e-03    3
35 1 1 1 2 2 e     6839.6769259441  1.000e-03    3
4 3 1 1 1 2 e      6841.5698594526  2.000e-03    5
31 3 1 1 1 4 f     6842.9191174036  2.000e-03    5
5 3 1 1 1 2 f      6845.0522822150  2.000e-03    5
37 3 0 0 1 1 e     6845.6475892420  1.000e-03    4
55 4 1 1 0 3 e     6846.2171995964  1.000e-03    1
58 2 1 1 1 1 e     6846.5280484433  3.059e-03    1
45 2 2 2 1 2 e     6848.0190797935  1.000e-03    1
6 3 1 1 1 2 e      6849.1494134834  2.000e-03    5
23 3 1 1 1 3 f     6849.8687167042  2.000e-03    4
73 2 0 0 1 1 e     6852.1093192518  1.157e-03    2
7 3 1 1 1 2 f      6854.0411866802  2.000e-03    5
29 1 1 1 2 1 e     6855.5527645216  1.000e-03    3
8 3 1 1 1 2 e      6859.4840010112  2.000e-03    5
32 3 1 1 1 4 e     6863.8408217671  2.000e-03    5
49 3 0 0 1 3 e     6865.0249077425  1.000e-03    6
36 1 1 1 2 2 f     6865.1177555169  1.000e-03    2
24 3 1 1 1 3 e     6865.7835712642  2.000e-03    5
9 3 1 1 1 2 f      6865.7954157375  2.000e-03    4
1 0 0 0 3 1 e      6869.6557293302  1.000e-03    5
10 3 1 1 1 2 e     6872.5743380476  2.000e-03    5
3 0 0 0 3 1 e      6873.0422319404  1.000e-03    6
63 2 1 1 1 2 f     6874.6707338992  2.630e-03    2
30 1 1 1 2 1 f     6876.7679197381  1.000e-03    2
5 0 0 0 3 1 e      6879.1374252331  1.000e-03    6
45 3 0 0 1 2 e     6879.6211018210  1.000e-03    3
11 3 1 1 1 2 f     6880.3154862487  2.000e-03    5
24 4 2 2 0 2 e     6882.4220342517  2.000e-03    1
25 3 1 1 1 3 f     6883.6567387680  2.000e-03    4
53 3 0 0 1 4 e     6887.5452644886  1.000e-03    4
33 3 1 1 1 4 f     6887.8120139622  2.000e-03    5
7 0 0 0 3 1 e      6887.9420953907  1.000e-03    6
12 3 1 1 1 2 e     6888.4203883174  2.000e-03    5
37 1 1 1 2 2 e     6889.5211613336  1.000e-03    3
79 2 0 0 1 3 e     6890.6668519519  1.516e-03    2
31 1 1 1 2 1 e     6897.2615070137  1.000e-03    3
13 3 1 1 1 2 f     6897.6004183089  2.000e-03    5
39 3 0 0 1 1 e     6898.8756264783  1.000e-03    4
9 0 0 0 3 1 e      6899.4551357053  1.000e-03    6
25 4 2 2 0 2 f     6899.8825137680  2.000e-03    2
26 3 1 1 1 3 e     6900.8415881380  2.000e-03    5
14 3 1 1 1 2 e     6907.0213296524  2.000e-03    5
34 3 1 1 1 4 e     6909.9648455201  2.000e-03    4
47 2 2 2 1 2 e     6912.1753357257  1.000e-03    1
11 0 0 0 3 1 e     6913.6771776114  1.000e-03    6
64 2 1 1 1 2 e     6914.9574570728  3.919e-03    1
38 1 1 1 2 2 f     6916.4211729671  1.000e-03    2
15 3 1 1 1 2 f     6917.6503945649  2.000e-03    4
32 1 1 1 2 1 f     6919.9384815648  1.000e-03    2
27 3 1 1 1 3 f     6920.2008906569  2.000e-03    5
57 4 1 1 0 3 e     6924.3978995964  1.000e-03    1
16 3 1 1 1 2 e     6928.3774928064  2.000e-03    4
60 2 1 1 1 1 e     6928.4986750051  4.283e-03    2
13 0 0 0 3 1 e     6930.6078040583  1.000e-03    6
51 3 0 0 1 3 e     6934.2710109654  1.000e-03    5
35 3 1 1 1 4 f     6935.4615847674  2.000e-03    4
28 3 1 1 1 3 e     6938.6472924625  2.000e-03    5
17 3 1 1 1 2 f     6940.4650654969  2.000e-03    5
33 1 1 1 2 1 e     6941.7023905388  1.000e-03    3
39 1 1 1 2 2 e     6942.0911086413  1.000e-03    3
47 3 0 0 1 2 e     6943.6556491771  1.000e-03    3
15 0 0 0 3 1 e     6950.2466397842  1.000e-03    6
18 3 1 1 1 2 e     6952.4886044917  2.000e-03    5
41 3 0 0 1 1 e     6954.8657653819  1.000e-03    4
36 3 1 1 1 4 e     6958.8339961374  3.082e-03    2
29 3 1 1 1 3 f     6959.4994132586  2.000e-03    5
55 3 0 0 1 4 e     6962.4328762040  1.000e-03    4
65 2 1 1 1 2 f     6963.5071319778  2.690e-03    1
34 1 1 1 2 1 f     6965.8461361576  1.000e-03    1
19 3 1 1 1 2 f     6966.0443780565  2.000e-03    4
40 1 1 1 2 2 f     6970.4542799896  1.000e-03    2
17 0 0 0 3 1 e     6972.5933059965  1.000e-03    6
2 2 0 0 2 3 e      6974.2384637797  2.045e-03    1
4 2 0 0 2 3 e      6979.0188640811  2.000e-03    1
49 2 2 2 1 2 e     6979.0805480031  1.000e-03    2
30 3 1 1 1 3 e     6979.1997236132  2.000e-03    4
20 3 1 1 1 2 e     6979.3540477361  2.000e-03    5
37 3 1 1 1 4 f     6985.8673036455  2.000e-03    4
6 2 0 0 2 3 e      6986.5302853596  2.000e-03    2
35 1 1 1 2 1 e     6988.8738592774  1.000e-03    3
43 2 2 2 1 1 e     6993.8317797935  1.000e-03    1
21 3 1 1 1 2 f     6994.3881655974  2.000e-03    5
69 2 1 1 1 3 f     6995.9578314517  3.312e-03    1
8 2 0 0 2 3 e      6996.7737012387  2.000e-03    1
30 4 2 2 0 2 e     6997.3813227610  2.000e-03    1
41 1 1 1 2 2 e     6997.3866116000  1.000e-03    3
19 0 0 0 3 1 e     6997.6475820250  1.000e-03    6
31 3 1 1 1 3 f     7001.5532572158  2.000e-03    4
53 3 0 0 1 3 e     7006.2510117529  1.000e-03    4
22 3 1 1 1 2 e     7008.9733439338  2.000e-03    5
10 2 0 0 2 3 e     7009.7472297835  2.057e-03    2
49 3 0 0 1 2 e     7010.4394980031  1.000e-03    4
38 3 1 1 1 4 e     7010.4568719523  2.000e-03    3
62 2 1 1 1 1 e     7013.2195015669  3.655e-03    1
43 3 0 0 1 1 e     7013.6178791672  1.000e-03    4
36 1 1 1 2 1 f     7014.4905055169  1.000e-03    2
32 3 1 1 1 3 e     7022.4977623903  2.000e-03    3
21 0 0 0 3 1 e     7025.4091711234  1.000e-03    6
12 2 0 0 2 3 e     7025.4519434315  2.000e-03    2
23 3 1 1 1 2 f     7025.4951917042  2.000e-03    4
42 1 1 1 2 2 f     7027.2168285409  1.000e-03    2
2 1 2 2 2 2 e      7030.0987080968  2.000e-03    2
3 1 2 2 2 2 f      7032.1565938183  2.000e-03    1
5 1 2 2 2 2 f      7038.3249613034  2.000e-03    2
37 1 1 1 2 1 e     7038.7761946670  1.000e-03    3
39 3 1 1 1 4 f     7039.0282918774  2.265e-03    2
57 3 0 0 1 4 e     7040.0533993882  1.000e-03    4
24 3 1 1 1 2 e     7041.3469127665  2.000e-03    4
6 1 2 2 2 2 e      7042.4385329720  2.000e-03    3
14 2 0 0 2 3 e     7043.8871613722  2.000e-03    1
33 3 1 1 1 3 f     7046.3608325907  2.000e-03    4
7 1 2 2 2 2 f      7047.2380121936  2.000e-03    1
2 3 1 1 1 1 e      7047.7984938183  2.000e-03    1
51 2 2 2 1 2 e     7048.7356602806  1.000e-03    1
3 3 1 1 1 1 f      7049.8884139304  2.000e-03    2
4 3 1 1 1 1 e      7052.6337761720  2.000e-03    2
8 1 2 2 2 2 e      7052.7220502922  2.000e-03    2
67 2 1 1 1 2 f     7055.0846828569  3.263e-03    1
45 2 2 2 1 1 e     7055.3447797935  1.000e-03    1
43 1 1 1 2 2 e     7055.4053122918  1.000e-03    3
23 0 0 0 3 1 e     7055.8776042868  1.000e-03    6
5 3 1 1 1 1 f      7056.1318881373  2.000e-03    2
9 1 2 2 2 2 f      7058.8925102736  2.000e-03    3
25 3 1 1 1 2 f     7059.3662885076  2.000e-03    4
6 3 1 1 1 1 e      7060.2322449269  2.000e-03    3
40 3 1 1 1 4 e     7064.8228352520  2.000e-03    3
16 2 0 0 2 3 e     7065.0522664243  2.000e-03    2
7 3 1 1 1 1 f      7065.1491080406  2.000e-03    2
10 1 2 2 2 2 e     7065.7475297835  2.000e-03    2
38 1 1 1 2 1 f     7065.8713229671  1.000e-03    2
34 3 1 1 1 3 e     7068.5413955201  2.000e-03    4
1 4 0 0 1 5 e      7070.4175762144  1.000e-03    5
8 3 1 1 1 1 e      7070.5938502922  2.000e-03    2
11 1 2 2 2 2 f     7073.2880048168  2.000e-03    3
3 4 0 0 1 5 e      7073.8669486798  1.000e-03    4
45 3 0 0 1 1 e     7075.1318676148  1.000e-03    4
26 3 1 1 1 2 e     7076.4731914343  2.000e-03    4
9 3 1 1 1 1 f      7076.9421038875  2.000e-03    1
51 3 0 0 1 2 e     7079.9710065252  1.000e-03    5
5 4 0 0 1 5 e      7080.0756258906  1.000e-03    5
55 3 0 0 1 3 e     7080.9638332561  1.000e-03    5
12 1 2 2 2 2 e     7081.5143966759  2.000e-03    2
10 3 1 1 1 1 e     7083.7186863042  2.000e-03    3
44 1 1 1 2 2 f     7086.7085797935  1.000e-03    2
34 4 2 2 0 2 e     7087.9253608107  2.000e-03    1
18 2 0 0 2 3 e     7088.9474258777  2.000e-03    2
7 4 0 0 1 5 e      7089.0436112407  1.000e-03    5
4 2 0 0 2 2 e      7089.0451640811  2.000e-03    1
25 0 0 0 3 1 e     7089.0522904989  1.000e-03    6
13 1 2 2 2 2 f     7090.4259448548  2.000e-03    3
39 1 1 1 2 1 e     7091.4076419746  1.000e-03    3
11 3 1 1 1 1 f     7091.5088912354  2.000e-03    2
35 3 1 1 1 3 f     7093.9221572617  2.000e-03    5
41 3 1 1 1 4 f     7094.9439412956  2.142e-03    4
27 3 1 1 1 2 f     7095.9999306569  2.000e-03    5
6 2 0 0 2 2 e      7096.5525012387  2.000e-03    1
12 3 1 1 1 1 e     7099.6053466759  2.000e-03    2
14 1 2 2 2 2 e     7100.0229110951  2.000e-03    3
64 2 1 1 1 1 e     7100.6802293198  4.020e-03    2
9 4 0 0 1 5 e      7100.7703102374  1.000e-03    8
13 3 1 1 1 1 f     7108.8498365961  2.000e-03    2
2 3 2 2 1 4 f      7109.5019119042  3.412e-03    1
15 1 2 2 2 2 f     7110.3048859566  2.000e-03    2
3 3 2 2 1 4 e      7111.5736937475  3.105e-03    2
4 3 2 2 1 4 f      7114.3361686075  3.053e-03    3
28 3 1 1 1 2 e     7114.3531098879  2.000e-03    4
11 4 0 0 1 5 e     7115.2558194115  1.000e-03    7
20 2 0 0 2 3 e     7115.5715957295  2.000e-03    1
45 1 1 1 2 2 e     7116.1474383411  1.000e-03    3
36 3 1 1 1 3 e     7117.3300211374  2.000e-03    4
5 3 2 2 1 4 e      7117.7898477714  3.053e-03    3
14 3 1 1 1 1 e     7118.2549444284  2.000e-03    3
10 2 0 0 2 2 e     7119.7511319796  2.000e-03    1
40 1 1 1 2 1 f     7119.9879299896  1.000e-03    2
59 3 0 0 1 4 e     7120.4049753213  1.000e-03    4
53 2 2 2 1 2 e     7121.1379295839  1.000e-03    1
16 1 2 2 2 2 e     7121.2727678899  2.000e-03    3
6 3 2 2 1 4 f      7121.9344110006  3.053e-03    1
42 3 1 1 1 4 e     7121.9349514429  2.000e-03    3
6 4 3 3 0 3 f      7122.7634575784  2.855e-03    2
27 0 0 0 3 1 e     7124.9328202106  1.000e-03    5
7 3 2 2 1 4 e      7126.7711223233  2.706e-03    3
7 4 3 3 0 3 e      7127.6448591404  2.706e-03    1
15 3 1 1 1 1 f     7128.9646445649  2.000e-03    2
8 3 2 2 1 4 f      7132.2982329342  2.646e-03    2
13 4 0 0 1 5 e     7132.4996965248  1.000e-03    7
17 1 2 2 2 2 f     7132.9249075255  2.000e-03    3
8 4 3 3 0 3 f      7133.2283690394  2.646e-03    1
29 3 1 1 1 2 f     7135.3957255490  2.000e-03    3
12 2 0 0 2 2 e     7135.4461548834  2.000e-03    1
36 4 2 2 0 2 e     7137.3634802295  2.000e-03    1
9 3 2 2 1 4 e      7138.5176442723  2.646e-03    3
47 3 0 0 1 1 e     7139.4074705809  1.000e-03    4
9 4 3 3 0 3 e      7139.5069046371  2.646e-03    1
16 3 1 1 1 1 e     7139.6662164243  2.000e-03    2
37 3 1 1 1 3 f     7144.2361522885  2.056e-03    3
22 2 0 0 2 3 e     7144.9248044766  2.000e-03    1
18 1 2 2 2 2 e     7145.2626874869  2.000e-03    2
10 3 2 2 1 4 f     7145.4276368383  2.646e-03    2
10 4 3 3 0 3 f     7146.4788690394  2.646e-03    1
41 1 1 1 2 1 e     7146.7686299896  1.000e-03    2
46 1 1 1 2 2 f     7148.9275054361  1.000e-03    2
69 2 1 1 1 2 f     7149.4010828569  3.263e-03    1
65 2 1 1 1 1 f     7150.3099619778  3.039e-03    1
17 3 1 1 1 1 f     7151.8536716661  2.000e-03    2
53 3 0 0 1 2 e     7152.2500318766  1.000e-03    4
15 4 0 0 1 5 e     7152.5017905498  1.000e-03    8
11 3 2 2 1 4 e     7153.0295331683  2.236e-03    3
43 3 1 1 1 4 f     7153.6113127945  2.183e-03    4
11 4 3 3 0 3 e     7154.1574046371  2.646e-03    1
30 3 1 1 1 2 e     7154.9850998668  2.000e-03    5
19 1 2 2 2 2 f     7158.2853336019  2.000e-03    1
57 3 0 0 1 3 e     7158.4088661242  1.000e-03    3
12 3 2 2 1 4 f     7161.3230559914  1.732e-03    2
12 4 3 3 0 3 f     7162.5252414593  1.732e-03    2
37 4 2 2 0 2 f     7163.3076824941  2.056e-03    1
29 0 0 0 3 1 e     7163.5188042174  1.000e-03    6
18 3 1 1 1 1 e     7163.8403874869  2.000e-03    2
79 2 0 0 1 1 e     7168.2472227156  1.516e-03    1
38 3 1 1 1 3 e     7168.8622591163  2.000e-03    4
13 3 2 2 1 4 e     7170.3075032080  1.732e-03    3
13 4 3 3 0 3 e     7171.5913976413  2.236e-03    1
20 1 2 2 2 2 e     7171.9931501031  2.000e-03    2
16 2 0 0 2 2 e     7175.0177708210  2.000e-03    1
17 4 0 0 1 5 e     7175.2610855775  1.000e-03    8
42 1 1 1 2 1 f     7176.8394785409  1.000e-03    2
24 2 0 0 2 3 e     7177.0059197534  2.000e-03    2
19 3 1 1 1 1 f     7177.5159030565  2.000e-03    2
31 3 1 1 1 2 f     7177.5543747585  2.000e-03    4
47 1 1 1 2 2 e     7179.6121054361  1.000e-03    2
14 3 2 2 1 4 f     7179.9827400756  1.732e-03    2
44 3 1 1 1 4 e     7181.7902151022  2.000e-03    4
21 1 2 2 2 2 f     7186.3862190392  2.000e-03    2
49 2 2 2 1 1 e     7186.6396602806  1.000e-03    1
38 4 2 2 0 2 e     7189.5797061874  2.000e-03    1
15 3 2 2 1 4 e     7190.3511216048  2.236e-03    2
20 3 1 1 1 1 e     7190.7763001031  2.000e-03    2
66 2 1 1 1 1 e     7190.8924592062  3.960e-03    1
15 4 3 3 0 3 e     7191.8134716048  2.236e-03    2
55 2 2 2 1 2 e     7196.2864028116  1.000e-03    1
39 3 1 1 1 3 f     7197.3014981545  2.000e-03    5
32 3 1 1 1 2 e     7198.3690365804  2.000e-03    3
18 2 0 0 2 2 e     7198.8971841203  2.000e-03    2
19 4 0 0 1 5 e     7200.7775814229  1.000e-03    7
16 3 2 2 1 4 f     7201.4083422099  2.040e-03    2
22 1 2 2 2 2 e     7201.4643079704  2.000e-03    3
16 4 3 3 0 3 f     7202.9693922099  2.040e-03    2
61 3 0 0 1 4 e     7203.4857301746  1.000e-03    4
31 0 0 0 3 1 e     7204.8096657594  1.000e-03    7
43 1 1 1 2 1 e     7204.8587789584  1.000e-03    3
21 3 1 1 1 1 f     7205.9522336019  2.000e-03    1
49 3 0 0 1 1 e     7206.4430980031  1.000e-03    4
2 1 2 2 2 1 e      7209.1214524139  2.000e-03    1
1 4 0 0 1 4 e      7209.6949606146  1.000e-03    5
3 1 2 2 2 1 f      7211.1802789497  2.000e-03    2
26 2 0 0 2 3 e     7211.8145782663  2.000e-03    2
3 4 0 0 1 4 e      7213.1250051629  1.000e-03    5
17 3 2 2 1 4 e     7213.1599880082  2.033e-03    3
48 1 1 1 2 2 f     7213.8730857257  1.000e-03    2
4 1 2 2 2 1 e      7213.9241388084  2.000e-03    3
17 4 3 3 0 3 e     7214.8241641708  2.033e-03    1
45 3 1 1 1 4 f     7215.0309073377  2.224e-03    5
23 1 2 2 2 2 f     7217.2269982682  2.000e-03    2
5 1 2 2 2 1 f      7217.3547113034  2.000e-03    2
5 4 0 0 1 4 e      7219.3000379025  1.000e-03    6
22 3 1 1 1 1 e     7220.4734044766  2.000e-03    1
6 1 2 2 2 1 e      7221.4706067161  2.000e-03    2
33 3 1 1 1 2 f     7222.4749491344  2.000e-03    4
40 3 1 1 1 3 e     7223.1376509695  2.000e-03    4
18 3 2 2 1 4 f     7225.5993987249  1.822e-03    3
7 1 2 2 2 1 f      7226.2734067161  2.000e-03    2
55 3 0 0 1 2 e     7227.2749006681  1.000e-03    3
18 4 3 3 0 3 f     7227.3723861001  1.822e-03    2
7 4 0 0 1 4 e      7228.2189250852  1.000e-03    6
21 4 0 0 1 5 e     7229.0501297322  1.000e-03    7
8 1 2 2 2 1 e      7231.7615348240  2.000e-03    3
0 2 0 0 2 1 e      7232.5089524139  2.000e-03    1
24 1 2 2 2 2 e     7233.6750197534  2.000e-03    2
2 2 0 0 2 1 e      7234.5642366706  2.000e-03    3
44 1 1 1 2 1 f     7236.4257797935  1.000e-03    2
23 3 1 1 1 1 f     7237.1612167042  2.000e-03    2
9 1 2 2 2 1 f      7237.9364016166  2.000e-03    2
59 3 0 0 1 3 e     7238.5850445295  1.000e-03    4
19 3 2 2 1 4 e     7238.7332347575  2.033e-03    2
4 2 0 0 2 1 e      7239.3591613034  2.000e-03    2
9 4 0 0 1 4 e      7239.8820985422  1.000e-03    7
19 4 3 3 0 3 e     7240.6179347575  2.033e-03    2
67 2 1 1 1 1 f     7242.1824828569  3.263e-03    1
46 3 1 1 1 4 e     7244.3892835651  2.045e-03    5
34 3 1 1 1 2 e     7244.5033140020  2.000e-03    3
10 1 2 2 2 1 e     7244.7961863042  2.000e-03    3
49 1 1 1 2 2 e     7245.7978980031  1.000e-03    2
71 2 1 1 1 2 f     7246.4513314517  3.312e-03    1
6 2 0 0 2 1 e      7246.8956573193  2.000e-03    3
33 0 0 0 3 1 e     7248.8045054244  1.000e-03    7
28 2 0 0 2 3 e     7249.3512668848  2.000e-03    1
25 1 2 2 2 2 f     7250.8063342517  2.000e-03    1
11 1 2 2 2 1 f     7252.3430548834  2.000e-03    1
20 3 2 2 1 4 f     7252.5545243232  1.732e-03    3
24 3 1 1 1 1 e     7252.9316127665  2.000e-03    2
41 3 1 1 1 3 f     7253.1179234425  2.142e-03    3
11 4 0 0 1 4 e     7254.2893255212  1.000e-03    7
51 2 2 2 1 1 e     7256.4176295839  1.000e-03    1
8 2 0 0 2 1 e      7257.1708502922  2.000e-03    2
23 4 0 0 1 5 e     7260.0785996270  1.000e-03    7
12 1 2 2 2 1 e     7260.5745581278  2.000e-03    2
65 4 1 1 0 3 e     7264.6861960780  1.000e-03    1
45 1 1 1 2 1 e     7265.6760383411  1.000e-03    3
21 3 2 2 1 4 e     7267.0724300088  1.732e-03    3
26 1 2 2 2 2 e     7268.6237546023  2.000e-03    2
21 4 3 3 0 3 e     7269.1993338395  1.732e-03    1
13 1 2 2 2 1 f     7269.4934448548  2.000e-03    3
35 3 1 1 1 2 f     7270.1555015198  2.000e-03    2
10 2 0 0 2 1 e     7270.1869196376  2.000e-03    3
25 3 1 1 1 1 f     7271.1425137680  2.000e-03    2
13 4 0 0 1 4 e     7271.4401270698  1.000e-03    9
57 2 2 2 1 2 e     7274.1818995964  1.000e-03    1
51 3 0 0 1 1 e     7276.2394602806  1.000e-03    2
14 1 2 2 2 1 e     7279.0964398405  2.000e-03    2
47 3 1 1 1 4 f     7279.2002894470  2.264e-03    4
42 3 1 1 1 3 e     7280.1558725043  2.000e-03    3
50 1 1 1 2 2 f     7281.5429602806  1.000e-03    2
22 3 2 2 1 4 f     7282.2729105970  1.732e-03    3
22 4 3 3 0 3 f     7284.5328471088  1.732e-03    1
12 2 0 0 2 1 e     7285.9419494117  2.000e-03    3
27 1 2 2 2 2 f     7287.1254547062  2.000e-03    3
26 3 1 1 1 1 e     7288.1507546023  2.000e-03    2
63 3 0 0 1 4 e     7289.2950591374  1.000e-03    4
15 1 2 2 2 1 f     7289.3870809114  2.000e-03    3
30 2 0 0 2 3 e     7289.6117048810  2.000e-03    1
15 4 0 0 1 4 e     7291.3340053480  1.000e-03    9
36 3 1 1 1 2 e     7293.3890676703  2.000e-03    3
25 4 0 0 1 5 e     7293.8614807597  1.000e-03    8
35 0 0 0 3 1 e     7295.5028202000  1.000e-03    7
2 3 2 2 1 3 f      7297.8325427066  3.365e-03    2
23 3 2 2 1 4 e     7298.1740367279  1.822e-03    1
46 1 1 1 2 1 f     7298.7458054361  1.000e-03    2
3 3 2 2 1 3 e      7299.9041664664  3.105e-03    3
16 1 2 2 2 1 e     7300.3614012232  2.000e-03    3
23 4 3 3 0 3 e     7300.5668852837  1.732e-03    2
4 3 2 2 1 3 f      7302.6669437475  3.105e-03    2
14 2 0 0 2 1 e     7304.4373777618  2.000e-03    3
57 3 0 0 1 2 e     7305.0459326521  1.000e-03    3
5 3 2 2 1 3 e      7306.1185624932  3.073e-03    2
28 1 2 2 2 2 e     7306.3113215329  2.000e-03    3
27 3 1 1 1 1 f     7307.8961445829  2.000e-03    2
48 3 1 1 1 4 e     7309.7308352210  2.088e-03    5
6 3 2 2 1 3 f      7310.2615075784  2.706e-03    2
43 3 1 1 1 3 f     7311.6848866520  2.183e-03    4
17 1 2 2 2 1 f     7312.0246741921  2.000e-03    3
17 4 0 0 1 4 e     7313.9709713085  1.000e-03    9
51 1 1 1 2 2 e     7314.7041392287  1.000e-03    3
24 3 2 2 1 4 f     7314.7558453746  1.732e-03    2
7 3 2 2 1 3 e      7315.0942039148  2.840e-03    2
24 4 3 3 0 3 f     7317.2936471088  1.732e-03    1
37 3 1 1 1 2 f     7320.5966822998  2.056e-03    3
8 3 2 2 1 3 f      7320.6188416696  2.646e-03    3
61 3 0 0 1 3 e     7321.4911551746  1.000e-03    4
26 2 0 0 2 2 e     7321.6908222809  2.000e-03    1
18 1 2 2 2 1 e     7324.3700158283  2.000e-03    3
16 2 0 0 2 1 e     7325.6723345566  2.000e-03    3
28 3 1 1 1 1 e     7326.1298988569  2.000e-03    2
29 1 2 2 2 2 f     7326.1821448229  2.000e-03    2
9 3 2 2 1 3 e      7326.8340442723  2.646e-03    3
53 2 2 2 1 1 e     7328.9459295839  1.000e-03    1
47 1 1 1 2 1 e     7329.2203348106  1.000e-03    3
27 4 0 0 1 5 e     7330.3991048238  1.000e-03    6
25 3 2 2 1 4 e     7332.0393925992  1.732e-03    1
32 2 0 0 2 3 e     7332.5987599706  2.000e-03    3
10 3 2 2 1 3 f     7333.7371688594  2.236e-03    3
25 4 3 3 0 3 e     7334.7181146635  1.809e-03    2
19 1 2 2 2 1 f     7337.4049672808  2.000e-03    3
19 4 0 0 1 4 e     7339.3503976425  1.000e-03    8
44 3 1 1 1 3 e     7339.9146344901  2.000e-03    4
11 3 2 2 1 3 e     7341.3321998349  2.236e-03    3
1 4 0 0 1 3 e      7342.2156688871  1.000e-03    6
37 0 0 0 3 1 e     7344.9037803859  1.000e-03    7
38 3 1 1 1 2 e     7345.0251509476  2.000e-03    3
3 4 0 0 1 3 e      7345.6532857243  1.000e-03    7
49 3 1 1 1 4 f     7346.1191426005  2.304e-03    5
30 1 2 2 2 2 e     7346.7368236132  2.000e-03    2
29 3 1 1 1 1 f     7347.4219358829  2.000e-03    2
53 3 0 0 1 1 e     7348.7956900936  1.000e-03    4
12 3 2 2 1 3 f     7349.6178482948  1.732e-03    3
18 2 0 0 2 1 e     7349.6458158283  2.000e-03    3
20 1 2 2 2 1 e     7351.1207112693  2.000e-03    3
5 4 0 0 1 3 e      7351.8414665869  1.000e-03    8
52 1 1 1 2 2 f     7351.9373295839  1.000e-03    1
26 4 3 3 0 3 f     7352.8363887054  1.803e-03    1
13 3 2 2 1 3 e     7358.5934675016  2.219e-03    3
28 2 0 0 2 2 e     7359.2082668848  2.000e-03    1
7 4 0 0 1 3 e      7360.7800630672  1.000e-03    7
48 1 1 1 2 1 f     7363.7971357257  1.000e-03    1
21 1 2 2 2 1 f     7365.5283554106  2.000e-03    3
30 3 1 1 1 1 e     7366.8694236132  2.000e-03    2
21 4 0 0 1 4 e     7367.4719307393  1.000e-03    9
31 1 2 2 2 2 f     7367.9763413274  2.000e-03    3
14 3 2 2 1 3 f     7368.2590925975  1.732e-03    3
27 3 2 2 1 4 e     7368.6669329146  1.732e-03    3
29 4 0 0 1 5 e     7369.6891047466  1.000e-03    7
27 4 3 3 0 3 e     7371.6533603811  1.732e-03    2
9 4 0 0 1 3 e      7372.4689596457  1.000e-03    8
45 3 1 1 1 3 f     7373.0005210744  2.224e-03    4
39 3 1 1 1 2 f     7373.7974642359  2.099e-03    3
20 2 0 0 2 1 e     7376.3584146657  2.000e-03    2
50 3 1 1 1 4 e     7377.8128313738  2.522e-03    5
65 3 0 0 1 4 e     7377.8306481556  1.000e-03    2
15 3 2 2 1 3 e     7378.6149216048  2.236e-03    2
22 1 2 2 2 1 e     7380.6112079704  2.000e-03    3
59 3 0 0 1 2 e     7385.5624195295  1.000e-03    2
53 1 1 1 2 2 e     7386.3290795839  1.000e-03    2
11 4 0 0 1 3 e     7386.9075747829  1.000e-03    7
28 3 2 2 1 4 f     7388.0059549711  1.732e-03    1
16 3 2 2 1 3 f     7389.6616099960  2.040e-03    3
31 3 1 1 1 1 f     7389.7190497585  2.000e-03    2
32 1 2 2 2 2 e     7389.9003095506  2.000e-03    2
28 4 3 3 0 3 f     7391.1666218382  1.732e-03    2
49 1 1 1 2 1 e     7395.4892538927  1.000e-03    3
23 1 2 2 2 1 f     7396.3909082299  2.000e-03    3
39 0 0 0 3 1 e     7397.0075326454  1.000e-03    6
23 4 0 0 1 4 e     7398.3348862063  1.000e-03    6
40 3 1 1 1 2 e     7399.4102334278  2.000e-03    3
30 2 0 0 2 2 e     7399.4497048810  2.000e-03    1
17 3 2 2 1 3 e     7401.3969548695  2.033e-03    2
46 3 1 1 1 3 e     7402.4149254733  2.045e-03    4
13 4 0 0 1 3 e     7404.0964414330  1.000e-03    7
22 2 0 0 2 1 e     7405.8098079704  2.000e-03    3
63 3 0 0 1 3 e     7407.1264103517  1.000e-03    4
29 3 2 2 1 4 e     7408.0574908656  1.732e-03    2
32 3 1 1 1 1 e     7410.3681926380  2.000e-03    2
29 4 3 3 0 3 e     7411.3738281631  1.732e-03    1
31 4 0 0 1 5 e     7411.7319967506  1.000e-03    6
33 1 2 2 2 2 f     7412.5066205456  2.000e-03    1
24 1 2 2 2 1 e     7412.8458769293  2.000e-03    3
18 3 2 2 1 3 f     7413.8246861001  1.822e-03    2
51 3 1 1 1 4 f     7415.7846854993  2.342e-03    5
15 4 0 0 1 3 e     7424.0346305476  1.000e-03    8
55 3 0 0 1 1 e     7424.1112385419  1.000e-03    4
54 1 1 1 2 2 f     7425.0501028116  1.000e-03    1
19 3 2 2 1 3 e     7426.9396347575  2.033e-03    2
30 3 2 2 1 4 f     7428.7731602598  1.732e-03    2
41 3 1 1 1 2 f     7429.7583577688  2.142e-03    4
25 1 2 2 2 1 f     7429.9979782663  2.000e-03    2
50 1 1 1 2 1 f     7431.5806602806  1.000e-03    1
25 4 0 0 1 4 e     7431.9388915422  1.000e-03    9
30 4 3 3 0 3 f     7432.2777549711  1.732e-03    1
33 3 1 1 1 1 f     7434.7871575907  2.000e-03    2
34 1 2 2 2 2 e     7435.7984871952  2.000e-03    3
47 3 1 1 1 3 f     7437.0645554423  2.264e-03    4
24 2 0 0 2 1 e     7437.9991627665  2.000e-03    2
61 2 2 2 1 2 e     7438.2018398790  1.000e-03    1
20 3 2 2 1 3 f     7440.7473343787  1.732e-03    2
32 2 0 0 2 2 e     7442.4165946359  2.000e-03    1
17 4 0 0 1 3 e     7446.7224850977  1.000e-03    8
26 1 2 2 2 1 e     7447.8210104951  2.000e-03    3
52 3 1 1 1 4 e     7448.6347598546  2.585e-03    4
31 3 2 2 1 4 e     7450.2086166253  1.803e-03    2
69 4 1 1 0 3 e     7451.3475101580  1.000e-03    1
41 0 0 0 3 1 e     7451.8117363416  1.000e-03    4
31 4 3 3 0 3 e     7453.8765796825  1.822e-03    1
21 3 2 2 1 3 e     7455.2421195919  1.732e-03    2
33 4 0 0 1 5 e     7456.5257981983  1.000e-03    6
42 3 1 1 1 2 e     7456.5445786403  2.000e-03    2
34 3 1 1 1 1 e     7456.6258705201  2.000e-03    2
35 1 2 2 2 2 f     7459.7736503875  2.000e-03    2
55 1 1 1 2 2 e     7460.6711028116  1.000e-03    1
51 1 1 1 2 1 e     7464.4846102806  1.000e-03    2
27 1 2 2 2 1 f     7466.3446880395  2.000e-03    3
48 3 1 1 1 3 e     7467.6548341717  2.088e-03    3
27 4 0 0 1 4 e     7468.2832007368  1.000e-03    9
61 3 0 0 1 2 e     7468.8222873291  1.000e-03    3
67 3 0 0 1 4 e     7469.0889412699  1.258e-03    2
22 3 2 2 1 3 f     7470.4299989758  1.732e-03    2
19 4 0 0 1 3 e     7472.1599221775  1.000e-03    8
32 3 2 2 1 4 f     7472.3001147632  1.822e-03    2
26 2 0 0 2 1 e     7472.9268771618  2.000e-03    3
32 4 3 3 0 3 f     7476.1717647632  1.822e-03    2
38 2 0 0 2 3 e     7477.9038120453  2.000e-03    1
35 3 1 1 1 1 f     7482.6257515198  2.000e-03    2
36 1 2 2 2 2 e     7484.4337313618  2.000e-03    2
28 1 2 2 2 1 e     7485.5364548662  2.000e-03    3
23 3 2 2 1 3 e     7486.3031852837  1.732e-03    2
34 2 0 0 2 2 e     7488.1067802295  2.000e-03    1
53 3 1 1 1 4 f     7488.1964909328  2.395e-03    5
43 3 1 1 1 2 f     7488.4770957470  2.183e-03    3
1 0 1 1 3 1 f      7490.3156266577  2.000e-03    3
2 0 1 1 3 1 e      7491.6715512488  2.000e-03    5
48 4 2 2 0 2 e     7492.2737421987  2.088e-03    1
3 0 1 1 3 1 f      7493.7114299080  2.000e-03    5
33 3 2 2 1 4 e     7495.1186115629  1.732e-03    1
65 3 0 0 1 3 e     7495.4902718481  1.000e-03    4
4 0 1 1 3 1 e      7496.4192497173  2.000e-03    6
33 4 3 3 0 3 e     7499.1598115629  1.732e-03    1
2 3 2 2 1 2 f      7499.6498735091  3.365e-03    1
5 0 1 1 3 1 f      7499.8241552171  2.000e-03    6
21 4 0 0 1 3 e     7500.3459493467  1.000e-03    8
56 1 1 1 2 2 f     7500.8964995964  1.000e-03    1
3 3 2 2 1 2 e      7501.7252629450  3.105e-03    2
52 1 1 1 2 1 f     7502.0948295839  1.000e-03    1
57 3 0 0 1 1 e     7502.1852148498  1.000e-03    3
24 3 2 2 1 3 f     7502.8717005651  1.732e-03    2
49 3 1 1 1 3 f     7503.8756046724  2.304e-03    4
6 0 1 1 3 1 e      7503.8794690733  2.000e-03    5
35 4 0 0 1 5 e     7504.0704043464  1.000e-03    4
4 3 2 2 1 2 f      7504.4907735091  3.365e-03    1
29 1 2 2 2 1 f     7505.4328448229  2.000e-03    2
36 3 1 1 1 1 e     7505.6424961374  2.000e-03    2
29 4 0 0 1 4 e     7507.3674618343  1.000e-03    9
5 3 2 2 1 2 e      7507.9470110006  3.053e-03    1
7 0 1 1 3 1 f      7508.6528800976  2.000e-03    6
43 0 0 0 3 1 e     7509.3173958859  1.000e-03    4
37 1 2 2 2 2 f     7509.7768371857  2.056e-03    2
28 2 0 0 2 1 e     7510.5914448229  2.000e-03    2
6 3 2 2 1 2 f      7512.0958075784  2.706e-03    2
8 0 1 1 3 1 e      7514.0532810112  2.000e-03    5
44 3 1 1 1 2 e     7516.4264022991  2.000e-03    4
7 3 2 2 1 2 e      7516.9353223233  2.706e-03    3
34 3 2 2 1 4 f     7518.5868043236  1.931e-03    2
25 3 2 2 1 3 e     7520.1229146635  1.732e-03    2
9 0 1 1 3 1 f      7520.1983097831  2.000e-03    6
54 3 1 1 1 4 e     7522.1945763685  2.619e-03    4
8 3 2 2 1 2 f      7522.4668416696  2.646e-03    3
1 4 0 0 1 2 e      7523.0108138915  1.000e-03    3
63 2 2 2 1 2 e     7524.3236204701  1.000e-03    1
30 1 2 2 2 1 e     7525.9915173691  2.000e-03    3
3 4 0 0 1 2 e      7526.4629225666  1.000e-03    3
49 4 2 2 0 2 f     7526.9172133707  2.304e-03    1
10 0 1 1 3 1 e     7526.9393635605  2.000e-03    7
9 3 2 2 1 2 e      7528.6896776057  2.646e-03    3
23 4 0 0 1 3 e     7531.2810278735  1.000e-03    8
40 2 0 0 2 3 e     7531.7826061874  2.000e-03    1
5 4 0 0 1 2 e      7532.6764332797  1.000e-03    7
37 3 1 1 1 1 f     7533.2337824941  2.056e-03    1
11 0 1 1 3 1 f     7534.4598518761  2.000e-03    7
10 3 2 2 1 2 f     7535.6033509706  2.236e-03    2
50 3 1 1 1 3 e     7535.6327382577  2.522e-03    4
38 1 2 2 2 2 e     7535.8042367034  2.000e-03    3
53 1 1 1 2 1 e     7536.2024795839  1.000e-03    2
57 1 1 1 2 2 e     7537.7311493882  1.000e-03    2
26 3 2 2 1 3 f     7538.0722713634  1.732e-03    2
7 4 0 0 1 2 e      7541.6517263453  1.000e-03    6
12 0 1 1 3 1 e     7542.5376599246  2.000e-03    7
35 3 2 2 1 4 e     7542.7898226013  2.236e-03    1
11 3 2 2 1 2 e     7543.2070187695  2.236e-03    2
35 4 3 3 0 3 e     7547.2280170821  1.732e-03    2
31 1 2 2 2 1 f     7547.2614048810  2.000e-03    1
31 4 0 0 1 4 e     7549.1907116089  1.000e-03    8
45 3 1 1 1 2 f     7549.9522371779  2.224e-03    4
30 2 0 0 2 1 e     7550.9944138210  2.008e-03    2
13 0 1 1 3 1 f     7551.4374649118  2.000e-03    6
12 3 2 2 1 2 f     7551.5049914593  1.732e-03    2
9 4 0 0 1 2 e      7553.3880607442  1.000e-03    6
37 4 0 0 1 5 e     7554.3632961441  1.000e-03    5
63 3 0 0 1 2 e     7554.8251103517  1.000e-03    2
27 3 2 2 1 3 e     7556.7017925992  1.732e-03    1
38 3 1 1 1 1 e     7557.4164120453  2.000e-03    1
13 3 2 2 1 2 e     7560.4913032080  1.732e-03    3
14 0 1 1 3 1 e     7560.8488730642  2.000e-03    4
39 1 2 2 2 2 f     7562.5130533013  2.285e-03    2
69 3 0 0 1 4 e     7563.0719101580  1.000e-03    1
55 3 1 1 1 4 f     7563.3536809252  2.432e-03    4
25 4 0 0 1 3 e     7564.9640947968  1.000e-03    6
36 3 2 2 1 4 f     7567.6317787798  2.012e-03    2
11 4 0 0 1 2 e     7567.8866692258  1.000e-03    6
32 1 2 2 2 1 e     7569.1859244653  2.000e-03    1
45 0 0 0 3 1 e     7569.5214302219  1.000e-03    3
14 3 2 2 1 2 f     7570.1711592642  1.732e-03    3
1 2 1 1 2 3 e      7570.5919968771  1.000e-03    1
15 0 1 1 3 1 f     7571.1307604859  2.000e-03    6
2 2 1 1 2 3 f      7571.9632968771  1.000e-03    1
36 4 3 3 0 3 f     7572.3073128903  2.090e-03    1
51 3 1 1 1 3 f     7573.4336342148  2.342e-03    4
3 2 1 1 2 3 e      7574.0106101292  1.000e-03    3
54 1 1 1 2 1 f     7575.3390028116  1.000e-03    1
28 3 2 2 1 3 f     7576.0307718382  1.732e-03    2
4 2 1 1 2 3 f      7576.7622934443  1.000e-03    1
46 3 1 1 1 2 e     7579.0563087478  2.045e-03    1
58 1 1 1 2 2 f     7579.4542991800  1.000e-03    1
5 2 1 1 2 3 e      7580.1620805001  1.000e-03    2
15 3 2 2 1 2 e     7580.5401976413  2.236e-03    1
16 0 1 1 3 1 e     7581.8710101764  2.000e-03    7
59 3 0 0 1 1 e     7583.0177991800  1.000e-03    1
13 4 0 0 1 2 e     7585.1453305078  1.000e-03    6
67 3 0 0 1 3 e     7586.5813412699  1.000e-03    4
39 3 1 1 1 1 f     7586.6119961463  2.099e-03    2
42 2 0 0 2 3 e     7588.3824970481  2.000e-03    1
7 2 1 1 2 3 e      7589.0471905210  1.000e-03    2
40 1 2 2 2 2 e     7589.9079345502  2.000e-03    3
16 3 2 2 1 2 f     7591.6031542855  2.307e-03    1
33 1 2 2 2 1 f     7591.8288919974  2.000e-03    3
37 3 2 2 1 4 e     7593.2200780683  1.732e-03    2
17 0 1 1 3 1 f     7593.5394416676  2.000e-03    5
33 4 0 0 1 4 e     7593.7521660234  1.000e-03    7
32 2 0 0 2 1 e     7594.1342941373  2.000e-03    3
8 2 1 1 2 3 f      7594.5788577273  1.000e-03    2
29 3 2 2 1 3 e     7596.0368408656  1.732e-03    2
56 3 1 1 1 4 e     7598.4893848704  2.713e-03    1
9 2 1 1 2 3 e      7600.6676289045  1.000e-03    3
27 4 0 0 1 3 e     7601.3955147622  1.000e-03    6
17 3 2 2 1 2 e     7603.3518048695  2.033e-03    2
15 4 0 0 1 2 e     7605.1652269919  1.000e-03    8
18 0 1 1 3 1 e     7605.6049969476  2.000e-03    5
52 3 1 1 1 3 e     7606.3485769202  2.585e-03    3
39 4 0 0 1 5 e     7607.4045688520  1.000e-03    5
10 2 1 1 2 3 f     7607.5994712589  1.000e-03    1
55 1 1 1 2 1 e     7610.6446028116  1.000e-03    1
40 3 1 1 1 1 e     7611.9480516177  2.000e-03    2
65 2 2 2 1 2 e     7613.1844002333  1.000e-03    1
47 3 1 1 1 2 f     7614.1857444350  2.264e-03    4
11 2 1 1 2 3 e     7615.0203558851  1.000e-03    3
34 1 2 2 2 1 e     7615.1191906781  2.000e-03    2
18 3 2 2 1 2 f     7615.7986454570  1.822e-03    3
30 3 2 2 1 3 f     7616.7475102598  1.732e-03    2
59 1 1 1 2 2 e     7617.5057398790  1.000e-03    1
19 0 1 1 3 1 f     7618.6631287070  2.000e-03    6
38 3 2 2 1 4 f     7619.4335433760  2.090e-03    2
12 2 1 1 2 3 f     7623.3595378963  1.000e-03    2
38 4 3 3 0 3 f     7624.5462738617  2.149e-03    1
17 4 0 0 1 2 e     7627.9466430467  1.000e-03    7
19 3 2 2 1 2 e     7628.9277347575  2.033e-03    2
20 0 1 1 3 1 e     7632.0506649430  2.000e-03    4
13 2 1 1 2 3 e     7632.1084182717  1.000e-03    3
47 0 0 0 3 1 e     7632.4256666948  1.000e-03    4
31 3 2 2 1 3 e     7638.1295166253  1.803e-03    2
35 1 2 2 2 1 f     7639.1363503875  2.000e-03    2
34 2 0 0 2 1 e     7640.0094906781  2.000e-03    2
29 4 0 0 1 3 e     7640.5748005505  1.000e-03    7
35 4 0 0 1 4 e     7641.0513229139  1.000e-03    8
57 3 1 1 1 4 f     7641.2533849638  2.497e-03    4
40 2 0 0 2 2 e     7641.5281004152  2.142e-03    1
14 2 1 1 2 3 f     7641.8600883596  1.000e-03    2
41 3 1 1 1 1 f     7642.7590639369  2.183e-03    1
20 3 2 2 1 2 f     7642.7596508427  1.732e-03    1
65 3 0 0 1 2 e     7643.5732452391  1.000e-03    3
48 3 1 1 1 2 e     7644.4308238200  2.088e-03    4
53 3 1 1 1 3 f     7645.7372819693  2.395e-03    3
39 3 2 2 1 4 e     7646.4076661005  1.732e-03    2
21 0 1 1 3 1 f     7646.5017021625  2.000e-03    5
42 1 2 2 2 2 e     7646.7455304925  2.000e-03    2
44 2 0 0 2 3 e     7647.7046602324  2.000e-03    1
15 2 1 1 2 3 e     7651.9286790224  1.000e-03    1
19 4 0 0 1 2 e     7653.4884466843  1.000e-03    7
4 1 3 3 2 2 f      7656.5954735091  3.365e-03    1
21 3 2 2 1 2 e     7657.2676695919  1.732e-03    2
1 4 1 1 1 5 f      7658.3744080968  2.000e-03    2
2 4 1 1 1 5 e      7659.7516948330  2.000e-03    4
71 3 0 0 1 4 e     7659.7752390404  1.000e-03    2
32 3 2 2 1 3 f     7660.2198647632  1.822e-03    2
60 1 1 1 2 2 f     7660.7330398790  1.000e-03    1
22 0 1 1 3 1 e     7661.2070990164  2.000e-03    6
3 4 1 1 1 5 f      7661.8363951654  2.045e-03    3
16 2 1 1 2 3 f     7663.1003794550  1.000e-03    1
41 4 0 0 1 5 e     7663.1939753893  1.000e-03    2
36 1 2 2 2 1 e     7663.7893813618  2.000e-03    2
4 4 1 1 1 5 e      7664.5779834799  2.000e-03    3
61 3 0 0 1 1 e     7666.6069398790  1.000e-03    1
5 4 1 1 1 5 f      7668.0668266251  2.000e-03    4
7 1 3 3 2 2 e      7668.9639110006  3.053e-03    1
42 3 1 1 1 1 e     7669.2373286403  2.000e-03    2
6 4 1 1 1 5 e      7672.1631901322  1.414e-03    5
22 3 2 2 1 2 f     7672.4824989758  1.732e-03    2
40 3 2 2 1 4 f     7673.9900825355  2.149e-03    2
17 2 1 1 2 3 e     7674.4813020182  1.000e-03    3
23 0 1 1 3 1 f     7677.0547402187  2.000e-03    7
7 4 1 1 1 5 f      7677.0662080406  2.000e-03    2
58 3 1 1 1 4 e     7677.5267393947  2.713e-03    3
40 4 3 3 0 3 f     7679.5641912093  2.207e-03    1
54 3 1 1 1 3 e     7679.8017017653  2.619e-03    4
69 3 0 0 1 3 e     7680.3991610272  1.000e-03    3
49 3 1 1 1 2 f     7681.1750480048  2.304e-03    3
21 4 0 0 1 2 e     7681.7904829889  1.000e-03    5
31 4 0 0 1 3 e     7682.5010221389  1.000e-03    6
8 4 1 1 1 5 e      7682.5064311173  2.000e-03    4
33 3 2 2 1 3 e     7682.9779956227  1.732e-03    2
18 2 1 1 2 3 f     7687.0809202948  1.000e-03    1
10 1 3 3 2 2 f     7687.5112690394  2.646e-03    1
57 1 1 1 2 1 e     7687.8090995964  1.000e-03    1
23 3 2 2 1 2 e     7688.3685367279  1.822e-03    1
36 2 0 0 2 1 e     7688.6222813618  2.000e-03    2
9 4 1 1 1 5 f      7688.8333539850  1.414e-03    3
37 1 2 2 2 1 f     7689.1811120453  2.000e-03    1
37 4 0 0 1 4 e     7691.0870596193  1.000e-03    7
24 0 1 1 3 1 e     7693.0737550848  2.000e-03    5
11 1 3 3 2 2 e     7695.0692046371  2.646e-03    1
10 4 1 1 1 5 e     7695.6061259884  2.000e-03    2
49 0 0 0 3 1 e     7698.0263347599  1.000e-03    4
19 2 1 1 2 3 e     7699.7675024490  1.000e-03    3
61 1 1 1 2 2 e     7699.9953801746  1.000e-03    2
43 3 1 1 1 1 f     7701.6731639369  2.183e-03    1
41 3 2 2 1 4 e     7702.3510505971  2.236e-03    2
12 1 3 3 2 2 f     7703.3109329018  2.236e-03    1
11 4 1 1 1 5 f     7703.3707044768  1.414e-03    2
44 1 2 2 2 2 e     7706.3142593670  2.224e-03    1
34 3 2 2 1 3 f     7706.4484543236  1.931e-03    2
41 4 3 3 0 3 e     7708.1133025285  2.291e-03    1
46 2 0 0 2 3 e     7709.7422087478  2.045e-03    1
25 0 1 1 3 1 f     7710.3208865531  2.000e-03    6
12 4 1 1 1 5 e     7711.4646026331  1.414e-03    3
50 3 1 1 1 2 e     7712.5529234346  2.522e-03    4
23 4 0 0 1 2 e     7712.8538063032  1.000e-03    7
20 2 1 1 2 3 f     7713.8003694067  1.000e-03    1
38 1 2 2 2 1 e     7715.1970033700  2.000e-03    3
13 4 1 1 1 5 f     7720.6754690872  1.414e-03    4
55 3 1 1 1 3 f     7720.7849222796  2.432e-03    3
1 2 1 1 2 2 e      7721.5411484385  1.463e-03    2
43 4 0 0 1 5 e     7721.7262074228  1.000e-03    4
14 1 3 3 2 2 f     7721.8602238291  1.732e-03    2
59 3 1 1 1 4 f     7721.8959081411  2.568e-03    1
25 3 2 2 1 2 e     7722.2323925992  1.732e-03    1
2 2 1 1 2 2 f      7722.9129968771  1.000e-03    1
3 2 1 1 2 2 e      7724.9567951607  1.000e-03    2
3 3 3 3 1 4 f      7724.9853792850  5.099e-03    2
33 4 0 0 1 3 e     7727.1746637591  1.000e-03    7
26 0 1 1 3 1 e     7727.6501144432  2.000e-03    5
4 2 1 1 2 2 f      7727.7067934443  1.000e-03    1
4 3 3 3 1 4 e      7727.7551743094  5.099e-03    3
21 2 1 1 2 3 e     7727.7844976666  1.000e-03    2
44 3 1 1 1 1 e     7729.2802602324  2.000e-03    1
58 1 1 1 2 1 f     7730.0115991800  1.000e-03    1
14 4 1 1 1 5 e     7730.0802260608  1.414e-03    4
35 3 2 2 1 3 e     7730.5814170821  1.732e-03    2
5 2 1 1 2 2 e      7731.1044562002  1.000e-03    2
5 3 3 3 1 4 f      7731.2200405683  5.099e-03    3
42 3 2 2 1 4 f     7731.3052912093  2.207e-03    1
3 3 2 2 1 1 e      7731.3192735091  3.365e-03    1
15 1 3 3 2 2 e     7732.1644976413  2.236e-03    1
4 3 2 2 1 1 f      7734.0946735091  3.365e-03    1
67 3 0 0 1 2 e     7735.0610230005  1.000e-03    3
6 2 1 1 2 2 f      7735.2400770071  1.000e-03    2
6 3 3 3 1 4 e      7735.3774513119  5.099e-03    2
45 1 2 2 2 2 f     7737.1247340574  2.045e-03    2
42 4 3 3 0 3 f     7737.3613391178  2.278e-03    1
5 3 2 2 1 1 e      7737.5587110006  3.053e-03    1
38 2 0 0 2 1 e     7739.9689033700  2.000e-03    3
7 2 1 1 2 2 e      7739.9845905210  1.000e-03    2
7 3 3 3 1 4 f      7740.2273675322  5.099e-03    2
15 4 1 1 1 5 f     7740.7482462014  1.414e-03    4
6 3 2 2 1 1 f      7741.7181420524  2.706e-03    3
39 1 2 2 2 1 f     7741.9639490324  2.000e-03    2
16 1 3 3 2 2 f     7743.1517301343  2.040e-03    1
22 2 1 1 2 3 f     7743.2583259266  1.000e-03    1
39 4 0 0 1 4 e     7743.8586724753  1.000e-03    7
62 1 1 1 2 2 f     7744.7300204701  1.000e-03    1
1 4 0 0 1 1 e      7745.1683794849  1.000e-03    4
8 2 1 1 2 2 f      7745.5122620860  1.000e-03    1
27 0 1 1 3 1 f     7746.3009604925  2.000e-03    6
7 3 2 2 1 1 e      7746.5696779847  2.706e-03    2
25 4 0 0 1 2 e     7746.6773617512  1.000e-03    7
3 4 0 0 1 1 e      7748.6320621073  1.000e-03    4
51 3 1 1 1 2 f     7750.9192967324  2.342e-03    2
16 4 1 1 1 5 e     7751.4527902616  1.414e-03    3
9 2 1 1 2 2 e      7751.5960166724  1.000e-03    2
9 3 3 3 1 4 f      7752.0063300743  5.657e-03    1
8 3 2 2 1 1 f      7752.1165416696  2.646e-03    3
63 3 0 0 1 1 e     7752.9544603517  1.000e-03    2
5 4 0 0 1 1 e      7754.8651266521  1.000e-03    3
36 3 2 2 1 3 f     7755.4341287798  2.061e-03    2
56 3 1 1 1 3 e     7755.9904484667  2.673e-03    2
9 3 2 2 1 1 e      7758.3546640899  2.646e-03    2
10 2 1 1 2 2 f     7758.5235712589  1.000e-03    1
23 2 1 1 2 3 e     7758.5327749458  1.000e-03    3
27 3 2 2 1 2 e     7758.8585281631  1.732e-03    1
10 3 3 3 1 4 e     7758.9349181293  5.657e-03    2
73 3 0 0 1 4 e     7759.1966705808  1.287e-03    1
60 3 1 1 1 4 e     7759.2937994845  3.059e-03    3
43 3 2 2 1 4 e     7761.0518682834  2.360e-03    1
45 3 1 1 1 1 f     7763.3553960744  2.224e-03    2
17 4 1 1 1 5 f     7763.5875748657  1.414e-03    2
7 4 0 0 1 1 e      7763.8695490904  1.000e-03    4
28 0 1 1 3 1 e     7764.9361488569  2.000e-03    4
10 3 2 2 1 1 f     7765.2870509706  2.236e-03    2
11 2 1 1 2 2 e     7765.9386630023  1.000e-03    2
51 0 0 0 3 1 e     7766.3251699323  1.000e-03    4
11 3 3 3 1 4 f     7766.5560248684  5.657e-03    2
43 4 3 3 0 3 e     7767.3036682834  2.360e-03    1
59 1 1 1 2 1 e     7767.6944991800  1.000e-03    1
40 1 2 2 2 1 e     7769.3407533013  2.000e-03    2
11 3 2 2 1 1 e     7772.9105619659  2.236e-03    1
12 2 1 1 2 2 f     7774.2738878963  1.000e-03    2
35 4 0 0 1 3 e     7774.5942075776  1.000e-03    7
12 3 3 3 1 4 e     7774.8705217010  5.657e-03    3
24 2 1 1 2 3 f     7775.4541543205  1.000e-03    1
18 4 1 1 1 5 e     7775.5814478970  1.414e-03    4
9 4 0 0 1 1 e      7775.6448072259  1.000e-03    6
71 3 0 0 1 3 e     7776.9412135238  1.000e-03    3
28 3 2 2 1 2 f     7778.2324549711  1.732e-03    1
19 1 3 3 2 2 e     7780.2437641708  2.033e-03    1
37 3 2 2 1 3 e     7780.9402780683  1.732e-03    2
12 3 2 2 1 1 f     7781.2295816282  1.732e-03    3
45 4 0 0 1 5 e     7783.0033384384  1.000e-03    4
13 2 1 1 2 2 e     7783.0136547458  1.000e-03    1
27 4 0 0 1 2 e     7783.2599520225  1.000e-03    5
52 3 1 1 1 2 e     7783.4193102535  2.585e-03    3
13 3 3 3 1 4 f     7783.8772153663  5.831e-03    1
29 0 1 1 3 1 f     7784.9936858829  2.000e-03    4
19 4 1 1 1 5 f     7789.1938010474  1.414e-03    3
11 4 0 0 1 1 e     7790.1902403312  1.000e-03    4
13 3 2 2 1 1 e     7790.2372298036  2.236e-03    2
44 3 2 2 1 4 f     7791.3699513130  2.278e-03    2
25 2 1 1 2 3 e     7792.0123670421  1.000e-03    2
46 3 1 1 1 1 e     7792.0808754733  2.045e-03    2
14 2 1 1 2 2 f     7792.7621383596  1.000e-03    2
14 3 3 3 1 4 e     7793.5751516652  5.831e-03    3
20 1 3 3 2 2 f     7793.9815179147  1.822e-03    1
40 2 0 0 2 1 e     7794.0505033013  2.000e-03    2
41 1 2 2 2 1 f     7797.4835487316  2.000e-03    2
57 3 1 1 1 3 f     7798.5729557876  2.946e-03    2
69 2 2 2 1 2 e     7799.1189864618  1.000e-03    1
41 4 0 0 1 4 e     7799.3656212216  1.000e-03    8
14 3 2 2 1 1 f     7799.9432301343  2.040e-03    1
47 1 2 2 2 2 f     7800.7924374903  2.088e-03    2
20 4 1 1 1 5 e     7802.4667374771  1.414e-03    2
15 2 1 1 2 2 e     7802.8208256209  1.000e-03    2
15 3 3 3 1 4 f     7803.9672137132  6.164e-03    1
30 0 1 1 3 1 e     7804.9322949962  2.000e-03    6
61 3 1 1 1 4 f     7805.2754358205  2.630e-03    1
38 3 2 2 1 3 f     7807.1736128903  2.090e-03    1
13 4 0 0 1 1 e     7807.5060997909  1.000e-03    5
15 3 2 2 1 1 e     7810.3371216048  2.236e-03    2
26 2 1 1 2 3 f     7810.3871797638  1.000e-03    1
60 1 1 1 2 1 f     7811.4390398790  1.000e-03    1
16 2 1 1 2 2 f     7813.9905258372  1.000e-03    2
16 3 3 3 1 4 e     7815.0512239535  6.000e-03    2
21 4 1 1 1 5 f     7817.5669926613  1.414e-03    2
30 3 2 2 1 2 f     7819.0064655485  1.822e-03    1
16 3 2 2 1 1 f     7821.4303922099  2.040e-03    2
45 3 2 2 1 4 e     7822.5076682835  2.751e-03    1
29 4 0 0 1 2 e     7822.6028910684  1.000e-03    6
53 3 1 1 1 2 f     7823.4163503685  2.395e-03    2
22 1 3 3 2 2 f     7823.5120423411  1.732e-03    2
37 4 0 0 1 3 e     7824.7598619415  1.000e-03    7
17 2 1 1 2 2 e     7825.3583573231  1.000e-03    3
42 1 2 2 2 1 e     7826.2194304925  2.000e-03    2
31 0 1 1 3 1 f     7826.3984169878  2.000e-03    5
17 3 3 3 1 4 f     7826.8268137132  6.164e-03    1
15 4 0 0 1 1 e     7827.5928427368  1.000e-03    5
47 3 1 1 1 1 f     7827.8041730762  2.264e-03    2
1 4 1 1 1 4 f      7827.8339524139  2.000e-03    1
27 2 1 1 2 3 e     7828.2229797638  1.000e-03    1
2 4 1 1 1 4 e      7829.2051453004  2.000e-03    4
45 4 3 3 0 3 e     7829.2665682835  2.751e-03    1
69 3 0 0 1 2 e     7829.2855329671  4.212e-03    2
3 4 1 1 1 4 f      7831.2816954429  2.000e-03    3
64 1 1 1 2 2 f     7831.4446002333  1.000e-03    1
22 4 1 1 1 5 e     7832.1069962264  1.414e-03    3
17 3 2 2 1 1 e     7833.2068048695  2.033e-03    2
48 1 2 2 2 2 e     7833.6466133707  2.304e-03    1
4 4 1 1 1 4 e      7834.0149745653  2.000e-03    4
39 3 2 2 1 3 e     7834.0525161005  1.732e-03    2
58 3 1 1 1 3 e     7834.9136618675  2.713e-03    3
53 0 0 0 3 1 e     7837.3190340617  1.000e-03    5
5 4 1 1 1 4 f      7837.4876220660  1.414e-03    5
18 2 1 1 2 2 f     7837.9555202948  1.000e-03    1
18 3 3 3 1 4 e     7839.2963293621  6.164e-03    2
31 3 2 2 1 2 e     7840.3903796825  1.822e-03    1
6 4 1 1 1 4 e      7841.5726480338  1.414e-03    4
65 3 0 0 1 1 e     7842.0572981556  1.000e-03    2
62 3 1 1 1 4 e     7843.7934015669  3.655e-03    1
18 3 2 2 1 1 f     7845.6894361001  1.822e-03    2
7 4 1 1 1 4 f      7846.4527688901  1.414e-03    5
47 4 0 0 1 5 e     7847.0234303225  1.000e-03    6
32 0 1 1 3 1 e     7847.6342243673  2.000e-03    5
28 2 1 1 2 3 f     7848.0571869133  1.000e-03    1
23 4 1 1 1 5 f     7848.7046375082  1.414e-03    4
61 1 1 1 2 1 e     7850.2989398790  1.000e-03    1
17 4 0 0 1 1 e     7850.4494341244  1.000e-03    5
19 2 1 1 2 2 e     7850.6274854658  1.000e-03    3
42 2 0 0 2 1 e     7850.8674970481  2.000e-03    1
8 4 1 1 1 4 e      7851.8784246611  1.414e-03    5
19 3 3 3 1 4 f     7852.4562479836  6.325e-03    2
46 3 2 2 1 4 f     7854.1783092484  2.385e-03    1
43 1 2 2 2 1 f     7855.7390639369  2.183e-03    1
54 3 1 1 1 2 e     7857.0278471337  3.384e-03    2
43 4 0 0 1 4 e     7857.6060680864  1.000e-03    7
48 3 1 1 1 1 e     7857.6356801582  2.088e-03    2
3 1 3 3 2 1 e      7858.1234119042  3.412e-03    1
9 4 1 1 1 4 f      7858.1744461594  1.414e-03    4
19 3 2 2 1 1 e     7858.8468053442  2.076e-03    1
4 1 3 3 2 1 f      7860.8697735091  3.365e-03    1
75 3 0 0 1 4 e     7861.3349602721  1.406e-03    1
40 3 2 2 1 3 f     7861.6671738617  2.149e-03    1
32 3 2 2 1 2 f     7862.5423147632  1.822e-03    2
5 1 3 3 2 1 e      7864.3083139859  3.105e-03    1
24 4 1 1 1 5 e     7864.5025479621  1.414e-03    3
20 2 1 1 2 2 f     7864.6593694067  1.000e-03    1
31 4 0 0 1 2 e     7864.7045868609  1.000e-03    5
10 4 1 1 1 4 e     7864.9323586672  2.000e-03    5
20 3 3 3 1 4 e     7866.3098404161  6.325e-03    1
29 2 1 1 2 3 e     7867.1621869133  1.000e-03    1
49 1 2 2 2 2 f     7867.1908181176  2.522e-03    1
6 1 3 3 2 1 f      7868.4313183277  3.053e-03    1
33 0 1 1 3 1 f     7870.5150539031  2.000e-03    5
11 4 1 1 1 4 f     7872.6546648285  1.414e-03    3
20 3 2 2 1 1 f     7872.7188843787  1.732e-03    2
25 1 3 3 2 2 e     7872.9561540213  1.732e-03    1
65 1 1 1 2 2 e     7873.1072002333  1.000e-03    1
7 1 3 3 2 1 e      7873.2434110006  3.053e-03    1
19 4 0 0 1 1 e     7876.0768745146  1.000e-03    3
73 3 0 0 1 3 e     7876.2093679228  1.157e-03    1
39 4 0 0 1 3 e     7877.6705661956  1.000e-03    8
21 2 1 1 2 2 e     7878.6274753425  1.000e-03    3
8 1 3 3 2 1 f      7878.7411591404  2.706e-03    1
59 3 1 1 1 3 f     7879.1061635618  2.533e-03    2
12 4 1 1 1 4 e     7880.7339728402  1.414e-03    6
21 3 3 3 1 4 f     7880.8549764701  6.481e-03    2
25 4 1 1 1 5 f     7882.6080294427  1.414e-03    3
9 1 3 3 2 1 e      7884.9276690394  2.646e-03    1
33 3 2 2 1 2 e     7885.2973796825  1.822e-03    1
44 1 2 2 2 1 e     7885.8327097997  2.000e-03    2
47 3 2 2 1 4 e     7886.7159682835  3.094e-03    1
21 3 2 2 1 1 e     7887.2568195919  1.732e-03    2
30 2 1 1 2 3 f     7888.4616935029  1.000e-03    2
13 4 1 1 1 4 f     7889.8924074262  1.414e-03    3
41 3 2 2 1 3 e     7889.9167025285  2.291e-03    1
26 1 3 3 2 2 f     7890.8108233102  1.732e-03    2
63 3 1 1 1 4 f     7891.3963319778  2.690e-03    1
34 0 1 1 3 1 e     7893.0451012897  2.000e-03    5
22 2 1 1 2 2 f     7894.1009259266  1.000e-03    1
49 3 1 1 1 1 f     7895.0187133707  2.304e-03    1
62 1 1 1 2 1 f     7895.5923204701  1.000e-03    1
22 3 3 3 1 4 e     7896.0943084431  6.481e-03    2
71 2 2 2 1 2 e     7896.1891101580  1.000e-03    1
55 3 1 1 1 2 f     7898.6688466942  2.432e-03    2
1 2 1 1 2 1 e      7898.7215000000  1.000e-03    1
14 4 1 1 1 4 e     7899.2831045104  1.414e-03    5
11 1 3 3 2 1 e     7899.3592687695  2.236e-03    2
26 4 1 1 1 5 e     7899.6527798446  1.414e-03    3
2 2 1 1 2 1 f      7900.0940968771  1.000e-03    1
3 2 1 1 2 1 e      7902.1423296033  1.000e-03    2
22 3 2 2 1 1 f     7902.5182489758  1.732e-03    2
21 4 0 0 1 1 e     7904.4745875536  1.000e-03    4
4 2 1 1 2 1 f      7904.9040934443  1.000e-03    1
12 1 3 3 2 1 f     7907.6066619659  2.236e-03    1
5 2 1 1 2 1 e      7908.3069189561  1.000e-03    1
31 2 1 1 2 3 e     7908.8302935029  1.000e-03    2
34 3 2 2 1 2 f     7908.8395043236  1.931e-03    2
23 2 1 1 2 2 e     7909.3580401235  1.000e-03    2
33 4 0 0 1 2 e     7909.5667340265  1.000e-03    5
15 4 1 1 1 4 f     7909.8875844412  1.414e-03    4
44 2 0 0 2 1 e     7910.4165597997  2.000e-03    2
55 0 0 0 3 1 e     7911.0077262040  1.000e-03    4
23 3 3 3 1 4 f     7912.0213264701  6.633e-03    1
49 4 0 0 1 5 e     7913.7840422175  1.000e-03    6
13 1 3 3 2 1 e     7916.5427500169  1.732e-03    1
60 3 1 1 1 3 e     7916.5698250051  3.059e-03    2
45 1 2 2 2 1 f     7916.7311840574  2.045e-03    2
7 2 1 1 2 1 e      7917.2088741689  1.000e-03    3
35 0 1 1 3 1 f     7917.3425354344  2.000e-03    6
23 3 2 2 1 1 e     7918.4360352837  1.732e-03    2
45 4 0 0 1 4 e     7918.5795648799  1.000e-03    6
42 3 2 2 1 3 f     7918.9140391178  2.278e-03    1
27 4 1 1 1 5 f     7919.2751723145  2.000e-03    4
48 3 2 2 1 4 f     7919.7497962827  2.385e-03    2
16 4 1 1 1 4 e     7920.5797789653  1.414e-03    4
66 1 1 1 2 2 f     7920.8720960780  1.000e-03    1
8 2 1 1 2 1 f      7922.7638620860  1.000e-03    1
50 3 1 1 1 1 e     7925.9448382577  2.522e-03    2
14 1 3 3 2 1 f     7926.1634500169  1.732e-03    1
71 3 0 0 1 2 e     7926.2584101580  1.000e-03    1
24 2 1 1 2 2 f     7926.2794543205  1.000e-03    1
48 4 3 3 0 3 f     7927.4066833170  2.452e-03    1
24 3 3 3 1 4 e     7928.6445084431  6.633e-03    2
9 2 1 1 2 1 e      7928.8502392565  1.000e-03    2
64 3 1 1 1 4 e     7931.0246200689  3.655e-03    3
17 4 1 1 1 4 f     7932.6397896153  1.414e-03    5
35 3 2 2 1 2 e     7932.9601170821  1.732e-03    2
41 4 0 0 1 3 e     7933.3267172956  1.000e-03    8
67 3 0 0 1 1 e     7933.9151412699  1.000e-03    2
24 3 2 2 1 1 f     7935.0889471088  1.732e-03    1
63 1 1 1 2 1 e     7935.6225204701  1.000e-03    1
23 4 0 0 1 1 e     7935.6419453238  1.000e-03    5
10 2 1 1 2 1 f     7935.8141712589  1.000e-03    1
28 4 1 1 1 5 e     7937.5565843368  1.414e-03    4
36 0 1 1 3 1 e     7941.1627982188  2.000e-03    5
25 2 1 1 2 2 e     7942.8166516721  1.000e-03    3
11 2 1 1 2 1 e     7943.2310712589  1.000e-03    1
18 4 1 1 1 4 e     7944.6231477103  2.000e-03    3
25 3 3 3 1 4 f     7945.9562014701  6.782e-03    2
16 1 3 3 2 1 f     7947.4670301343  2.040e-03    1
6 3 3 3 1 3 e      7947.8679181293  5.292e-03    1
46 1 2 2 2 1 e     7948.1794087478  2.045e-03    1
29 1 3 3 2 2 e     7948.4872281631  1.732e-03    1
12 2 1 1 2 1 f     7951.6107403887  1.000e-03    1
25 3 2 2 1 1 e     7952.3836646635  1.732e-03    2
33 2 1 1 2 3 e     7953.2280684442  1.000e-03    2
49 3 2 2 1 4 e     7953.6764264048  3.094e-03    2
35 4 0 0 1 2 e     7957.1861655907  1.000e-03    4
36 3 2 2 1 2 f     7957.8954128903  2.090e-03    1
19 4 1 1 1 4 f     7958.1493581500  1.414e-03    6
8 3 3 3 1 3 e      7958.2500181293  5.477e-03    1
29 4 1 1 1 5 f     7958.7048574962  2.000e-03    3
17 1 3 3 2 1 e     7959.1508999269  2.307e-03    2
13 2 1 1 2 1 e     7960.3495310434  1.000e-03    4
26 2 1 1 2 2 f     7961.1945868391  1.000e-03    2
61 3 1 1 1 3 f     7962.3781219808  2.568e-03    2
26 3 3 3 1 4 e     7963.9627834431  6.928e-03    1
9 3 3 3 1 3 f      7964.4802300743  5.657e-03    1
37 0 1 1 3 1 f     7966.8803121576  2.000e-03    5
30 1 3 3 2 2 f     7969.0817549711  1.732e-03    1
25 4 0 0 1 1 e     7969.5792207271  1.000e-03    3
14 2 1 1 2 1 f     7970.1570413866  1.000e-03    2
26 3 2 2 1 1 f     7970.4291713634  1.732e-03    2
20 4 1 1 1 4 e     7971.4141840075  1.414e-03    4
18 1 3 3 2 1 f     7971.5204092281  2.033e-03    2
46 2 0 0 2 1 e     7972.6965707648  2.045e-03    2
57 3 1 1 1 2 f     7976.6735282321  2.497e-03    1
34 2 1 1 2 3 f     7977.4780361576  1.000e-03    1
30 4 1 1 1 5 e     7978.2130254825  1.414e-03    2
44 3 2 2 1 3 f     7978.9091013130  2.278e-03    2
27 2 1 1 2 2 e     7979.0086333385  1.000e-03    2
15 2 1 1 2 1 e     7980.2076849976  1.000e-03    3
65 3 1 1 1 4 f     7980.2525419778  2.690e-03    3
47 1 2 2 2 1 f     7980.4553374903  2.088e-03    2
47 4 0 0 1 4 e     7982.2851388801  1.000e-03    8
27 3 3 3 1 4 f     7982.6601264701  6.928e-03    2
51 4 0 0 1 5 e     7983.2847551623  1.000e-03    5
37 3 2 2 1 2 e     7983.3820780683  1.732e-03    2
19 1 3 3 2 1 e     7984.5778410427  1.822e-03    2
21 4 1 1 1 4 f     7986.4145012415  1.414e-03    4
57 0 0 0 3 1 e     7987.3902493882  1.000e-03    4
50 3 2 2 1 4 f     7988.0711375506  3.047e-03    2
27 3 2 2 1 1 e     7989.0982281631  1.732e-03    1
16 2 1 1 2 1 f     7991.4494166070  1.000e-03    2
43 4 0 0 1 3 e     7991.7270593804  1.000e-03    5
38 0 1 1 3 1 e     7991.9872091163  2.000e-03    4
52 3 1 1 1 1 e     7997.0066583977  2.585e-03    1
20 1 3 3 2 1 f     7998.3202616295  1.822e-03    2
28 2 1 1 2 2 f     7998.8466869133  1.000e-03    1
35 2 1 1 2 3 e     8000.3515361576  1.000e-03    1
2 4 1 1 1 3 e      8000.6904033373  2.000e-03    3
31 4 1 1 1 5 f     8000.8978376534  2.000e-03    3
22 4 1 1 1 4 e     8000.9509127880  1.414e-03    5
62 3 1 1 1 3 e     8000.9564015669  3.370e-03    1
28 3 3 3 1 4 e     8002.0491834431  7.071e-03    1
3 4 1 1 1 3 f      8002.7702998536  2.000e-03    3
17 2 1 1 2 1 e     8002.8033962571  1.000e-03    2
4 4 1 1 1 3 e      8005.5049721417  2.000e-03    3
27 4 0 0 1 1 e     8006.2866450438  1.000e-03    3
37 4 0 0 1 2 e     8007.5642861289  1.000e-03    3
5 4 1 1 1 3 f      8008.9850024725  2.000e-03    3
38 3 2 2 1 2 f     8009.7131433760  2.240e-03    2
45 3 2 2 1 3 e     8009.8976682834  2.360e-03    1
58 3 1 1 1 2 e     8012.4798166569  2.713e-03    2
21 1 3 3 2 1 e     8012.7500508427  1.732e-03    1
6 4 1 1 1 3 e      8013.0704853596  2.000e-03    2
48 1 2 2 2 1 e     8013.2575421987  2.088e-03    1
18 2 1 1 2 1 f     8015.4877935800  1.460e-03    3
23 4 1 1 1 4 f     8017.4366706337  1.414e-03    4
29 2 1 1 2 2 e     8017.9264530451  1.000e-03    3
7 4 1 1 1 3 f      8017.9612911623  1.414e-03    4
39 0 1 1 3 1 f     8019.1280244619  2.000e-03    5
66 3 1 1 1 4 e     8020.9866570728  3.919e-03    1
32 4 1 1 1 5 e     8021.6229785096  1.414e-03    3
29 3 3 3 1 4 f     8022.1300764701  7.071e-03    2
8 4 1 1 1 3 e      8023.3880502922  2.000e-03    2
51 3 2 2 1 4 e     8023.3894487588  3.134e-03    2
65 1 1 1 2 1 e     8023.6637002333  1.000e-03    1
73 3 0 0 1 2 e     8025.9663679228  1.157e-03    1
36 2 1 1 2 3 f     8026.0867055169  1.000e-03    1
22 1 3 3 2 1 f     8027.8665508427  1.732e-03    1
19 2 1 1 2 1 e     8028.1370424532  1.000e-03    3
69 3 0 0 1 1 e     8028.5288483099  1.410e-03    2
29 3 2 2 1 1 e     8028.5807281631  1.732e-03    1
9 4 1 1 1 3 f      8029.6992531106  1.414e-03    4
24 4 1 1 1 4 e     8033.2332695345  1.414e-03    4
10 4 1 1 1 3 e     8036.4561131120  2.000e-03    5
48 2 0 0 2 1 e     8037.7131421987  2.088e-03    1
53 3 1 1 1 1 f     8037.7435355808  2.395e-03    1
30 2 1 1 2 2 f     8039.2342197381  1.000e-03    1
1 1 0 0 3 2 e      8042.2070333889  1.000e-03    4
20 2 1 1 2 1 f     8042.2731966725  1.000e-03    2
30 3 3 3 1 4 e     8042.9004834431  7.071e-03    1
23 1 3 3 2 1 e     8043.6719338395  1.732e-03    1
11 4 1 1 1 3 f     8044.1983908289  1.414e-03    2
40 0 1 1 3 1 e     8045.5166242276  2.000e-03    3
3 1 0 0 3 2 e      8045.5926786797  1.000e-03    6
29 4 0 0 1 1 e     8045.7637824836  1.000e-03    4
33 4 1 1 1 5 f     8045.8517612840  2.000e-03    3
63 3 1 1 1 3 f     8048.3892319778  2.690e-03    1
49 4 0 0 1 4 e     8048.7217582972  1.000e-03    7
30 3 2 2 1 1 f     8049.4201655485  1.822e-03    1
37 2 1 1 2 3 e     8050.2023055169  1.000e-03    1
25 4 1 1 1 4 f     8051.2129925123  2.000e-03    2
5 1 0 0 3 2 e      8051.6865384786  1.000e-03    5
12 4 1 1 1 3 e     8052.2749110447  1.414e-03    5
45 4 0 0 1 3 e     8052.8715150382  1.000e-03    8
53 4 0 0 1 5 e     8055.5238236670  1.000e-03    4
21 2 1 1 2 1 e     8056.2092502310  1.000e-03    4
59 3 1 1 1 2 f     8057.4309189825  2.533e-03    1
52 3 2 2 1 4 f     8059.1356577789  2.579e-03    1
31 2 1 1 2 2 e     8059.5738561902  1.000e-03    3
24 1 3 3 2 1 f     8060.1617471088  1.732e-03    1
7 1 0 0 3 2 e      8060.4886356329  1.000e-03    6
39 4 0 0 1 2 e     8060.7009767835  1.000e-03    2
13 4 1 1 1 3 f     8061.4614548834  2.000e-03    1
19 3 3 3 1 3 f     8064.8104264701  6.481e-03    1
59 0 0 0 3 1 e     8066.4651945295  1.000e-03    4
34 4 1 1 1 5 e     8067.7845577577  1.414e-03    2
26 4 1 1 1 4 e     8068.2610108251  1.414e-03    3
54 3 1 1 1 1 e     8070.8213139651  2.619e-03    1
31 3 2 2 1 1 e     8070.8291796825  1.822e-03    1
14 4 1 1 1 3 e     8070.8442406056  1.414e-03    4
22 2 1 1 2 1 f     8071.8048861211  1.000e-03    3
67 3 1 1 1 4 f     8071.8409828569  3.263e-03    1
9 1 0 0 3 2 e      8071.9989277476  1.000e-03    6
66 1 1 1 2 1 f     8072.0699960780  1.000e-03    1
79 3 0 0 1 4 e     8073.7533019519  1.516e-03    2
47 3 2 2 1 3 e     8074.0154682835  3.094e-03    1
41 0 1 1 3 1 f     8074.0838639369  2.183e-03    1
25 1 3 3 2 1 e     8077.3395367279  1.822e-03    1
38 2 1 1 2 3 f     8077.4282729671  1.000e-03    1
50 1 2 2 2 1 e     8081.0665824250  2.342e-03    2
15 4 1 1 1 3 f     8081.4817452398  1.414e-03    3
32 2 1 1 2 2 f     8082.3569815648  1.000e-03    1
11 1 0 0 3 2 e     8086.2169934148  1.000e-03    5
32 3 3 3 1 4 e     8086.5204334431  7.211e-03    1
23 2 1 1 2 1 e     8087.0181159269  1.000e-03    3
27 4 1 1 1 4 f     8087.7450282829  1.414e-03    5
31 4 0 0 1 1 e     8088.0110800849  1.000e-03    3
64 3 1 1 1 3 e     8088.0740293198  3.655e-03    2
16 4 1 1 1 3 e     8092.1642717384  1.414e-03    5
41 3 2 2 1 2 e     8092.4947005971  2.236e-03    2
32 3 2 2 1 1 f     8093.0678639780  1.931e-03    1
21 3 3 3 1 3 f     8093.1778264701  6.633e-03    1
35 4 1 1 1 5 f     8093.5650152317  2.000e-03    2
60 3 1 1 1 2 e     8094.3147015669  3.370e-03    1
42 0 1 1 3 1 e     8101.7507087460  2.000e-03    4
39 2 1 1 2 3 e     8102.7783729671  1.000e-03    1
13 1 0 0 3 2 e     8103.1429661086  1.000e-03    6
33 2 1 1 2 2 e     8103.9486315231  1.000e-03    2
24 2 1 1 2 1 f     8104.0797820303  1.000e-03    2
17 4 1 1 1 3 f     8104.2642330070  1.414e-03    4
50 2 0 0 2 1 e     8105.4597324250  2.342e-03    2
28 4 1 1 1 4 e     8106.0345837226  1.414e-03    5
48 3 2 2 1 3 f     8107.1472462827  2.385e-03    2
2 0 2 2 3 1 f      8112.8248427066  3.365e-03    2
55 3 1 1 1 1 f     8113.2529282321  2.497e-03    1
68 3 1 1 1 4 e     8113.6771064573  4.000e-03    1
27 1 3 3 2 1 e     8113.7509887054  1.803e-03    1
67 1 1 1 2 1 e     8114.4211960780  1.000e-03    1
3 0 2 2 3 1 e      8114.8652331330  3.105e-03    3
33 3 2 2 1 1 e     8115.8415456227  1.732e-03    2
51 1 2 2 2 1 f     8116.1072467324  2.342e-03    1
18 4 1 1 1 3 e     8116.2333499326  1.414e-03    4
41 4 0 0 1 2 e     8116.5949241544  1.000e-03    3
36 4 1 1 1 5 e     8116.6969320696  1.414e-03    3
47 4 0 0 1 3 e     8116.7582707746  1.000e-03    8
4 0 2 2 3 1 f      8117.5859019409  3.053e-03    3
51 4 0 0 1 4 e     8117.8882699969  1.000e-03    5
25 2 1 1 2 1 e     8120.5636726940  1.000e-03    3
5 0 2 2 3 1 e      8120.9865144380  3.053e-03    3
42 3 2 2 1 2 f     8121.6204651636  2.207e-03    2
15 1 0 0 3 2 e     8122.7762978776  1.000e-03    5
23 3 3 3 1 3 f     8124.3073264701  6.633e-03    1
6 0 2 2 3 1 f      8125.0670539148  2.706e-03    2
71 3 0 0 1 1 e     8125.8956101580  1.000e-03    1
29 4 1 1 1 4 f     8127.0313274592  2.000e-03    4
34 2 1 1 2 2 f     8128.2143361576  1.000e-03    1
75 3 0 0 1 2 e     8128.4119705808  1.287e-03    1
19 4 1 1 1 3 f     8129.8099530565  2.017e-03    2
7 0 2 2 3 1 e      8129.8275889900  2.706e-03    3
55 4 0 0 1 5 e     8130.4979153729  1.000e-03    4
40 2 1 1 2 3 f     8131.5006799896  1.000e-03    1
43 0 1 1 3 1 f     8131.7471593670  2.224e-03    1
54 3 2 2 1 4 f     8132.9551180994  2.579e-03    2
33 4 0 0 1 1 e     8133.0277302322  1.000e-03    3
8 0 2 2 3 1 f      8135.2681416696  2.646e-03    3
65 3 1 1 1 3 f     8137.1401319778  2.690e-03    1
26 2 1 1 2 1 f     8139.1024952389  1.000e-03    3
34 3 2 2 1 1 f     8139.4853043236  1.931e-03    2
49 3 2 2 1 3 e     8140.8807845262  3.134e-03    1
61 3 1 1 1 2 f     8140.9368081411  2.568e-03    1
9 0 2 2 3 1 e      8141.3889818888  2.646e-03    2
20 4 1 1 1 3 e     8143.0534068286  1.414e-03    3
37 4 1 1 1 5 f     8144.0380809987  2.056e-03    3
17 1 0 0 3 2 e     8145.1167980446  1.000e-03    6
30 4 1 1 1 4 e     8146.5519739001  1.414e-03    4
56 3 1 1 1 1 e     8147.3902848704  2.713e-03    1
10 0 2 2 3 1 f     8148.1898688594  2.236e-03    3
1 1 0 0 3 1 e      8148.1945897541  1.000e-03    4
61 0 0 0 3 1 e     8148.2312051746  1.000e-03    4
35 2 1 1 2 2 e     8151.0515361576  1.000e-03    1
43 3 2 2 1 2 e     8151.1826354060  2.291e-03    2
3 1 0 0 3 1 e      8151.5862481477  1.000e-03    4
52 1 2 2 2 1 e     8151.6072583977  2.585e-03    1
71 1 1 1 2 2 e     8153.1015101580  1.000e-03    1
11 0 2 2 3 1 e     8155.6706998349  2.236e-03    3
5 1 0 0 3 1 e      8157.6903794201  1.000e-03    4
41 2 1 1 2 3 e     8158.0794799896  1.000e-03    1
21 4 1 1 1 3 f     8158.1125635174  1.414e-03    3
44 0 1 1 3 1 e     8160.6881587478  2.045e-03    2
35 3 2 2 1 1 e     8163.6194226013  2.236e-03    1
12 0 2 2 3 1 f     8163.8315414593  1.732e-03    2
68 1 1 1 2 1 f     8164.3933864618  1.000e-03    1
7 1 0 0 3 1 e      8166.5077313426  1.000e-03    4
38 4 1 1 1 5 e     8168.3621887993  1.414e-03    2
31 4 1 1 1 4 f     8169.0707421383  1.414e-03    4
19 1 0 0 3 2 e     8170.1637646198  1.000e-03    6
55 3 2 2 1 4 e     8171.0595696309  3.234e-03    2
6 3 3 3 1 2 e      8172.3894503650  5.099e-03    1
22 4 1 1 1 3 e     8172.6218483741  1.414e-03    4
13 0 2 2 3 1 e     8172.6723698747  1.732e-03    3
43 4 0 0 1 2 e     8175.2464499108  1.000e-03    3
50 3 2 2 1 3 f     8175.3946875506  3.081e-03    2
52 2 0 0 2 1 e     8175.9363469892  2.395e-03    2
36 2 1 1 2 2 f     8176.8053055169  1.000e-03    1
28 2 1 1 2 1 f     8176.8693089099  1.000e-03    3
7 3 3 3 1 2 f      8177.2380522588  5.099e-03    1
66 3 1 1 1 3 e     8177.9211570728  3.919e-03    1
9 1 0 0 3 1 e      8178.0375649518  1.000e-03    4
35 4 0 0 1 1 e     8180.8140329470  1.000e-03    3
44 3 2 2 1 2 f     8181.7117391178  2.278e-03    1
36 3 3 3 1 4 e     8182.0473334431  7.487e-03    1
14 0 2 2 3 1 f     8182.1923592642  1.732e-03    3
49 4 0 0 1 3 e     8183.3887474675  1.000e-03    8
81 3 0 0 1 4 e     8184.0271367420  1.693e-03    1
53 1 2 2 2 1 f     8188.0287355808  2.395e-03    1
42 2 1 1 2 3 f     8188.3036285409  1.000e-03    1
36 3 2 2 1 1 f     8188.6702287798  2.012e-03    2
9 3 3 3 1 2 f      8189.0122828056  5.099e-03    1
23 4 1 1 1 3 f     8189.1755157659  1.414e-03    5
53 4 0 0 1 4 e     8189.7828843677  1.000e-03    5
32 4 1 1 1 4 e     8189.8124451032  1.414e-03    4
45 0 1 1 3 1 f     8192.1171707648  2.045e-03    2
11 1 0 0 3 1 e     8192.2804441072  1.000e-03    4
15 0 2 2 3 1 e     8192.3924577813  2.040e-03    3
31 1 3 3 2 1 e     8194.8145535680  1.803e-03    1
27 3 3 3 1 3 f     8194.8665764701  7.071e-03    1
29 2 1 1 2 1 e     8195.8642922496  1.000e-03    3
39 4 1 1 1 5 f     8197.2699387432  2.099e-03    2
21 1 0 0 3 2 e     8197.9169666888  1.000e-03    5
37 2 1 1 2 2 e     8200.8807055169  1.000e-03    1
1 4 1 1 1 2 f      8201.6413388550  2.045e-03    2
2 4 1 1 1 2 e      8203.0168051970  1.414e-03    3
16 0 2 2 3 1 f     8203.2726099960  2.040e-03    3
11 3 3 3 1 2 f     8203.5583435525  5.831e-03    1
24 4 1 1 1 3 e     8204.9398029379  1.414e-03    4
3 4 1 1 1 2 f      8205.1049890057  2.000e-03    2
37 3 3 3 1 4 f     8207.6586055000  5.099e-03    2
4 4 1 1 1 2 e      8207.8438072343  1.414e-03    3
69 1 1 1 2 1 e     8207.8933864618  1.000e-03    1
57 4 0 0 1 5 e     8208.2077919254  1.000e-03    4
13 1 0 0 3 1 e     8209.2357944769  1.000e-03    4
51 3 2 2 1 3 e     8210.4928129914  3.184e-03    1
5 4 1 1 1 2 f      8211.3392381373  2.000e-03    2
12 3 3 3 1 2 e     8211.8701153663  5.831e-03    1
45 3 2 2 1 2 e     8212.6242682834  2.360e-03    1
33 4 1 1 1 4 f     8213.8625733730  2.000e-03    3
37 3 2 2 1 1 e     8214.1602335352  1.732e-03    1
28 3 3 3 1 3 e     8214.2337834431  7.071e-03    1
17 0 2 2 3 1 e     8214.8323548695  2.033e-03    2
6 4 1 1 1 2 e      8215.4292307654  1.414e-03    4
43 2 1 1 2 3 e     8216.1048285409  1.000e-03    1
30 2 1 1 2 1 f     8217.3790884185  1.000e-03    1
7 4 1 1 1 2 f      8220.3453140486  1.414e-03    2
13 3 3 3 1 2 f     8220.8734100303  6.000e-03    1
46 0 1 1 3 1 e     8222.3297310484  2.045e-03    3
40 4 1 1 1 5 e     8222.7771230477  1.414e-03    3
25 4 1 1 1 3 f     8222.9994351180  1.414e-03    3
54 1 2 2 2 1 e     8224.8762139651  2.619e-03    1
8 4 1 1 1 2 e      8225.7739002922  2.000e-03    2
73 3 0 0 1 1 e     8226.0161679228  1.157e-03    1
58 3 1 1 1 1 e     8226.7078666569  2.713e-03    2
18 0 2 2 3 1 f     8227.0727787903  1.822e-03    3
63 3 1 1 1 2 f     8227.1926319778  2.690e-03    1
38 2 1 1 2 2 f     8228.1305729671  1.000e-03    1
23 1 0 0 3 2 e     8228.3761035793  1.000e-03    6
15 1 0 0 3 1 e     8228.9032539968  1.000e-03    4
37 4 0 0 1 1 e     8231.3697055169  1.000e-03    1
9 4 1 1 1 2 f      8232.1208233016  1.414e-03    3
63 0 0 0 3 1 e     8232.6877403122  1.000e-03    3
77 3 0 0 1 2 e     8233.5925602721  1.406e-03    1
5 5 0 0 1 6 e      8234.4662675559  1.000e-03    3
34 4 1 1 1 4 e     8235.8161079666  2.000e-03    3
45 4 0 0 1 2 e     8236.6545117131  1.000e-03    3
31 2 1 1 2 1 e     8237.6178197381  1.000e-03    1
10 4 1 1 1 2 e     8238.8769438623  1.414e-03    3
33 1 3 3 2 1 e     8239.4628796825  1.822e-03    1
19 0 2 2 3 1 e     8239.9918624766  1.822e-03    3
26 4 1 1 1 3 e     8240.0060392979  1.414e-03    3
15 3 3 3 1 2 f     8240.9578618717  6.000e-03    2
7 5 0 0 1 6 e      8243.4479350582  1.000e-03    1
46 3 2 2 1 2 f     8244.5607635081  2.317e-03    1
52 3 2 2 1 3 f     8246.3880577789  2.579e-03    1
11 4 1 1 1 2 f     8246.6680612163  2.000e-03    2
44 2 1 1 2 3 f     8247.8363797935  1.000e-03    1
57 3 2 2 1 4 e     8249.0157196309  3.803e-03    1
54 2 0 0 2 1 e     8249.1426651562  2.432e-03    1
17 1 0 0 3 1 e     8251.2824095623  1.000e-03    4
73 1 1 1 2 2 e     8251.8442679228  1.157e-03    1
16 3 3 3 1 2 e     8252.0404295989  6.000e-03    1
51 4 0 0 1 3 e     8252.7598508349  1.000e-03    7
41 4 1 1 1 5 f     8253.2587856089  2.899e-03    1
39 2 1 1 2 2 e     8253.4356729671  1.000e-03    1
20 0 2 2 3 1 f     8253.5908580339  1.732e-03    3
12 4 1 1 1 2 e     8254.7368976285  1.414e-03    4
30 3 3 3 1 3 e     8255.0436334431  7.211e-03    1
9 5 0 0 1 6 e      8255.1902283540  1.000e-03    3
47 0 1 1 3 1 f     8255.1939730762  2.264e-03    2
70 1 1 1 2 1 f     8259.4387101580  1.000e-03    1
27 4 1 1 1 3 f     8259.5816804407  1.414e-03    3
32 2 1 1 2 1 f     8260.6338087680  1.121e-03    2
39 3 3 3 1 4 f     8260.9509159038  5.099e-03    2
35 4 1 1 1 4 f     8261.4074644578  2.000e-03    4
25 1 0 0 3 2 e     8261.5404600380  1.000e-03    4
55 1 2 2 2 1 f     8262.6829651562  2.432e-03    1
34 1 3 3 2 1 f     8262.8144115629  1.732e-03    1
71 3 1 1 1 4 f     8263.2159563787  3.360e-03    1
13 4 1 1 1 2 f     8263.9864183088  2.000e-03    1
55 4 0 0 1 4 e     8264.4050389500  1.000e-03    5
64 3 1 1 1 2 e     8266.2044570728  3.919e-03    1
39 3 2 2 1 1 e     8267.4630661005  1.732e-03    2
21 0 2 2 3 1 e     8267.8686633421  1.732e-03    3
11 5 0 0 1 6 e     8269.6966783247  1.000e-03    3
68 3 1 1 1 3 e     8270.4978828317  3.960e-03    2
59 3 1 1 1 1 f     8272.5586135618  2.533e-03    2
14 4 1 1 1 2 e     8273.3553705934  1.414e-03    3
19 1 0 0 3 1 e     8276.3736628245  1.000e-03    4
47 3 2 2 1 2 e     8276.8196682835  2.751e-03    2
28 4 1 1 1 3 e     8277.8207227610  2.000e-03    1
42 4 1 1 1 5 e     8279.9418778914  2.000e-03    2
33 2 1 1 2 1 e     8282.1057673312  1.000e-03    2
40 2 1 1 2 2 f     8282.1877799896  1.000e-03    1
22 0 2 2 3 1 f     8282.8276105970  1.732e-03    3
15 4 1 1 1 2 f     8284.0739445649  2.000e-03    2
36 4 1 1 1 4 e     8284.5625958531  1.414e-03    5
39 4 0 0 1 1 e     8284.6932444899  1.000e-03    3
48 0 1 1 3 1 e     8286.6718551582  2.088e-03    4
13 5 0 0 1 6 e     8286.9644152093  1.000e-03    2
59 4 0 0 1 5 e     8288.6511996866  1.000e-03    3
16 4 1 1 1 2 e     8294.7316528985  1.414e-03    3
40 3 2 2 1 1 f     8295.3389912093  2.207e-03    1
83 3 0 0 1 4 e     8297.0106043857  1.766e-03    1
27 1 0 0 3 2 e     8297.4091544334  1.000e-03    6
23 0 2 2 3 1 e     8298.4637392254  1.732e-03    3
32 3 3 3 1 3 e     8298.6134334431  7.211e-03    1
29 4 1 1 1 3 f     8298.9225528018  2.000e-03    2
47 4 0 0 1 2 e     8300.8188439668  1.000e-03    3
56 1 2 2 2 1 e     8300.8739120630  2.653e-03    1
20 3 3 3 1 2 e     8303.2859834431  6.481e-03    1
21 1 0 0 3 1 e     8304.1764485042  1.000e-03    4
34 2 1 1 2 1 f     8306.6327238603  1.000e-03    2
17 4 1 1 1 2 f     8306.9314216661  2.000e-03    2
15 5 0 0 1 6 e     8306.9937035343  1.000e-03    3
41 2 1 1 2 2 e     8308.7168799896  1.000e-03    1
12 4 2 2 1 5 f     8309.9359229231  5.099e-03    1
46 2 1 1 2 3 f     8310.0975554361  1.000e-03    1
48 3 2 2 1 2 f     8310.1521092484  2.385e-03    1
37 4 1 1 1 4 f     8311.7023820110  2.099e-03    4
43 4 1 1 1 5 f     8312.0029856089  2.899e-03    1
24 0 2 2 3 1 f     8314.7816419183  1.732e-03    2
65 3 1 1 1 2 f     8316.1965319778  2.690e-03    1
41 3 3 3 1 4 f     8317.0026159038  5.292e-03    1
30 4 1 1 1 3 e     8318.3820763346  1.414e-03    2
18 4 1 1 1 2 e     8318.8650669402  1.414e-03    3
65 0 0 0 3 1 e     8319.8334481556  1.000e-03    4
49 0 1 1 3 1 f     8320.9752800515  2.304e-03    2
69 3 1 1 1 3 f     8322.8428314517  3.312e-03    1
41 3 2 2 1 1 e     8323.5258986657  2.236e-03    1
53 4 0 0 1 3 e     8324.8730275182  1.000e-03    3
56 2 0 0 2 1 e     8325.0770282321  2.497e-03    1
14 4 2 2 1 5 f     8328.6161530000  5.099e-03    2
35 2 1 1 2 1 e     8329.3300361576  1.000e-03    1
59 3 2 2 1 4 e     8329.7195504170  3.844e-03    1
17 5 0 0 1 6 e     8329.7843794550  1.000e-03    1
25 0 2 2 3 1 e     8331.7767611161  1.732e-03    3
19 4 1 1 1 2 f     8332.5596507748  2.000e-03    2
23 1 0 0 3 1 e     8334.6903661831  1.000e-03    4
29 1 0 0 3 2 e     8335.9820524988  1.000e-03    6
38 4 1 1 1 4 e     8336.0496582587  1.414e-03    4
42 2 1 1 2 2 f     8338.9769285409  1.000e-03    1
44 4 1 1 1 5 e     8339.8574587347  2.449e-03    2
57 1 2 2 2 1 f     8340.0666282321  2.497e-03    1
47 2 1 1 2 3 e     8340.3221554361  1.000e-03    1
41 4 0 0 1 1 e     8340.7879542652  1.000e-03    2
31 4 1 1 1 3 f     8341.0217203988  1.414e-03    3
57 4 0 0 1 4 e     8341.7540025669  1.000e-03    3
49 3 2 2 1 2 e     8343.7640845262  3.134e-03    1
20 4 1 1 1 2 e     8345.7567940201  1.414e-03    1
26 0 2 2 3 1 f     8349.4528784420  1.732e-03    3
16 4 2 2 1 5 f     8350.0607830769  5.099e-03    2
50 0 1 1 3 1 e     8353.7162632577  2.522e-03    4
19 5 0 0 1 6 e     8355.3363176455  1.000e-03    2
36 2 1 1 2 1 f     8355.3711313417  1.000e-03    2
61 3 1 1 1 1 f     8356.3514358205  2.630e-03    1
55 3 2 2 1 3 e     8357.9513196309  3.530e-03    1
21 4 1 1 1 2 f     8360.9577308776  2.000e-03    2
3 2 2 2 2 2 f      8361.3723787990  2.183e-03    2
32 4 1 1 1 3 e     8361.6912036625  2.000e-03    2
73 3 1 1 1 4 f     8362.9984096354  3.407e-03    1
38 1 3 3 2 1 f     8363.0834128903  2.090e-03    1
4 2 2 2 2 2 e      8364.1167289497  2.000e-03    2
39 4 1 1 1 4 f     8364.7499961463  2.099e-03    2
24 3 3 3 1 2 e     8365.6046834431  6.782e-03    1
70 3 1 1 1 3 e     8365.7999064573  4.000e-03    1
43 2 1 1 2 2 e     8366.7209285409  1.000e-03    1
5 2 2 2 2 2 f      8367.5417585257  2.000e-03    1
49 4 0 0 1 2 e     8367.7412363151  1.000e-03    2
27 0 2 2 3 1 e     8367.8062698225  1.732e-03    3
25 1 0 0 3 1 e     8367.9140479415  1.000e-03    3
35 3 3 3 1 3 f     8369.1433764701  7.483e-03    1
60 3 2 2 1 4 f     8370.9053332070  5.099e-03    1
6 2 2 2 2 2 e      8371.6578585257  2.000e-03    1
61 4 0 0 1 5 e     8371.8237609990  1.000e-03    3
45 4 1 1 1 5 f     8373.5006777207  2.224e-03    2
18 4 2 2 1 5 f     8374.2734830769  5.292e-03    2
48 2 1 1 2 3 f     8375.0854357257  1.000e-03    1
22 4 1 1 1 2 e     8375.4030928585  1.414e-03    2
43 3 3 3 1 4 f     8375.8116159038  5.477e-03    2
7 2 2 2 2 2 f      8376.4572067161  2.000e-03    2
31 1 0 0 3 2 e     8377.2586375130  1.000e-03    4
50 3 2 2 1 2 f     8378.5107833170  2.452e-03    1
37 2 1 1 2 1 e     8379.2853571665  1.000e-03    1
8 2 2 2 2 2 e      8381.9419012386  2.000e-03    1
43 3 2 2 1 1 e     8382.3516854060  2.291e-03    2
25 3 3 3 1 2 f     8382.9113764701  6.928e-03    1
21 5 0 0 1 6 e     8383.6466098775  1.000e-03    2
1 5 0 0 1 5 e      8384.0281744928  1.000e-03    1
33 4 1 1 1 3 f     8385.8794446081  2.000e-03    2
28 0 2 2 3 1 f     8386.8418239465  1.732e-03    3
19 4 2 2 1 5 e     8387.4290367423  2.236e-03    2
3 5 0 0 1 5 e      8387.4599210244  1.000e-03    2
9 2 2 2 2 2 f      8388.1135038875  2.000e-03    1
51 0 1 1 3 1 f     8389.4608059646  2.342e-03    3
39 1 3 3 2 1 e     8389.8674335352  1.732e-03    1
40 4 1 1 1 4 e     8390.2774553973  1.414e-03    5
23 4 1 1 1 2 f     8392.1238517700  1.414e-03    3
62 3 1 1 1 1 e     8393.5911015669  3.370e-03    1
5 5 0 0 1 5 e      8393.6381013071  1.000e-03    2
10 2 2 2 2 2 e     8394.9688993457  2.000e-03    1
56 3 2 2 1 3 f     8396.6223784198  2.640e-03    1
44 2 1 1 2 2 f     8398.4978797935  1.000e-03    1
43 4 0 0 1 1 e     8399.6505041672  1.000e-03    2
55 4 0 0 1 3 e     8399.7259637723  1.000e-03    4
20 4 2 2 1 5 f     8401.2503830769  5.477e-03    1
11 2 2 2 2 2 f     8402.5108297835  2.000e-03    2
46 4 1 1 1 5 e     8402.5232923275  2.045e-03    2
7 5 0 0 1 5 e      8402.5610942134  1.000e-03    2
27 1 0 0 3 1 e     8403.8493037238  1.000e-03    4
6 3 0 0 2 2 e      8406.4659353596  2.000e-03    2
29 0 2 2 3 1 e     8406.5524908656  1.732e-03    2
38 2 1 1 2 1 f     8406.8548946888  1.000e-03    3
34 4 1 1 1 3 e     8407.7460205201  2.000e-03    2
24 4 1 1 1 2 e     8407.8065379215  1.414e-03    4
67 0 0 0 3 1 e     8409.6660412699  1.000e-03    4
12 2 2 2 2 2 e     8410.7395548834  2.000e-03    1
85 3 0 0 1 4 e     8412.7023779780  1.854e-03    1
61 3 2 2 1 4 e     8413.1626675519  3.886e-03    1
51 3 2 2 1 2 e     8413.4586845262  3.134e-03    1
9 5 0 0 1 5 e      8414.2295533394  1.000e-03    2
23 5 0 0 1 6 e     8414.7145406619  1.732e-03    1
21 4 2 2 1 5 e     8415.7923462407  2.236e-03    1
8 3 0 0 2 2 e      8416.7203525631  2.000e-03    2
40 1 3 3 2 1 f     8417.3295738617  2.149e-03    1
71 3 1 1 1 3 f     8419.7974563787  3.360e-03    1
59 1 2 2 2 1 f     8420.1802189825  2.533e-03    1
41 4 1 1 1 4 f     8420.5447611023  2.183e-03    3
33 1 0 0 3 2 e     8421.2380134332  1.000e-03    6
59 4 0 0 1 4 e     8421.8272084911  1.000e-03    4
52 0 1 1 3 1 e     8423.4600111814  2.585e-03    4
25 4 1 1 1 2 f     8426.0595637680  2.000e-03    2
30 0 2 2 3 1 f     8426.9469602598  1.732e-03    2
11 5 0 0 1 5 e     8428.6429210468  1.000e-03    1
10 3 0 0 2 2 e     8429.7096275875  2.000e-03    1
22 4 2 2 1 5 f     8431.0021887054  2.693e-03    2
39 2 1 1 2 1 e     8431.9759799026  1.000e-03    1
35 4 1 1 1 3 f     8433.4930434594  2.012e-03    3
45 3 3 3 1 4 f     8437.3832159038  5.657e-03    1
51 4 0 0 1 2 e     8437.4172218182  1.000e-03    4
47 4 1 1 1 5 f     8437.7518144281  2.264e-03    3
15 2 2 2 2 2 f     8439.5264359566  2.000e-03    2
3 4 1 1 1 1 f      8441.5560640811  2.000e-03    1
29 1 0 0 3 1 e     8442.4939324836  1.000e-03    4
50 2 1 1 2 3 f     8442.7981602806  1.000e-03    1
26 4 1 1 1 2 e     8442.9672923975  1.414e-03    3
45 3 2 2 1 1 e     8443.9355682835  2.751e-03    1
4 4 1 1 1 1 e      8444.2991585257  2.000e-03    1
12 3 0 0 2 2 e     8445.4333613722  2.000e-03    1
41 1 3 3 2 1 e     8445.4853986657  2.236e-03    1
13 5 0 0 1 5 e     8445.8025190427  1.000e-03    2
23 4 2 2 1 5 e     8446.9210367279  2.307e-03    1
42 4 1 1 1 4 e     8447.2459395780  2.000e-03    3
5 4 1 1 1 1 f      8447.8065121936  2.000e-03    1
31 0 2 2 3 1 e     8448.0151166253  1.803e-03    2
25 5 0 0 1 6 e     8448.5433121534  1.000e-03    2
52 3 2 2 1 2 f     8449.6213917843  2.516e-03    1
16 2 2 2 2 2 e     8450.4956622127  2.000e-03    2
6 4 1 1 1 1 e      8451.9094012387  2.000e-03    1
3 4 2 2 1 4 e      8455.2472629450  3.105e-03    2
62 3 2 2 1 4 f     8455.6959477932  5.099e-03    1
36 4 1 1 1 3 e     8456.5476823265  1.414e-03    3
7 4 1 1 1 1 f      8456.8419990590  1.414e-03    3
63 4 0 0 1 5 e     8457.7271226478  1.000e-03    1
4 4 2 2 1 4 f      8458.0062183277  3.053e-03    1
53 0 1 1 3 1 f     8460.6493010563  2.395e-03    3
46 2 1 1 2 2 f     8460.7475554361  1.000e-03    1
40 2 1 1 2 1 f     8461.0793799896  1.000e-03    1
45 4 0 0 1 1 e     8461.2819518657  1.000e-03    2
5 4 2 2 1 4 e      8461.4573110006  3.053e-03    1
17 2 2 2 2 2 f     8462.1513250327  2.141e-03    2
8 4 1 1 1 1 e      8462.2846002922  2.000e-03    2
27 4 1 1 1 2 f     8462.7632222809  2.000e-03    1
24 4 2 2 1 5 f     8463.5097887054  2.291e-03    2
75 3 1 1 1 4 f     8465.5194680191  5.099e-03    1
6 4 2 2 1 4 f      8465.6012968290  2.706e-03    1
15 5 0 0 1 5 e     8465.7032450020  1.000e-03    3
35 1 0 0 3 2 e     8467.9190841379  1.000e-03    4
48 4 1 1 1 5 e     8467.9411421987  2.088e-03    1
9 4 1 1 1 1 f      8468.6586157929  1.414e-03    3
32 0 2 2 3 1 f     8469.7672147632  1.822e-03    2
7 4 2 2 1 4 e      8470.4339591404  2.706e-03    1
42 1 3 3 2 1 f     8474.3162912093  2.207e-03    1
18 2 2 2 2 2 e     8474.4880758777  2.000e-03    2
51 2 1 1 2 3 e     8475.4186602806  1.000e-03    1
10 4 1 1 1 1 e     8475.4266319796  2.000e-03    1
8 4 2 2 1 4 f      8475.9546829342  2.655e-03    2
57 4 0 0 1 3 e     8477.3192195923  1.000e-03    3
43 4 1 1 1 4 f     8479.0895593670  2.224e-03    1
25 4 2 2 1 5 e     8480.8135367279  2.307e-03    1
28 4 1 1 1 2 e     8480.8839988569  2.000e-03    2
64 3 1 1 1 1 e     8481.1531015669  3.655e-03    1
9 4 2 2 1 4 e      8482.1688591404  2.706e-03    1
11 4 1 1 1 1 f     8483.2527912354  2.092e-03    2
31 1 0 0 3 1 e     8483.8475857047  1.000e-03    4
37 4 1 1 1 3 f     8483.8622614298  2.056e-03    3
16 3 0 0 2 2 e     8485.0847750327  2.000e-03    2
27 5 0 0 1 6 e     8485.1300540019  1.000e-03    2
53 3 2 2 1 2 e     8485.9027129914  3.184e-03    1
41 2 1 1 2 1 e     8487.3986806000  1.000e-03    1
19 2 2 2 2 2 f     8487.5143725111  2.000e-03    1
17 5 0 0 1 5 e     8488.3501909072  1.000e-03    3
10 4 2 2 1 4 f     8489.0705690394  2.646e-03    1
47 2 1 1 2 2 e     8490.9008554361  1.000e-03    1
12 4 1 1 1 1 e     8491.3350966759  2.000e-03    2
33 0 2 2 3 1 e     8492.1920457684  1.822e-03    3
54 0 1 1 3 1 e     8495.9037694187  2.619e-03    3
11 4 2 2 1 4 e     8496.6650046372  2.646e-03    1
26 4 2 2 1 5 f     8498.7790887054  2.291e-03    2
13 4 1 1 1 1 f     8500.6262526633  1.977e-03    4
20 2 2 2 2 2 e     8501.2200146657  2.382e-03    2
69 0 0 0 3 1 e     8502.1859689259  1.000e-03    3
29 4 1 1 1 2 f     8502.2350858829  2.000e-03    2
61 4 0 0 1 4 e     8504.6255294755  1.000e-03    4
49 4 1 1 1 5 f     8504.7543133707  2.304e-03    1
12 4 2 2 1 4 f     8504.9487414593  1.732e-03    2
44 4 1 1 1 4 e     8506.9490852485  1.414e-03    3
38 4 1 1 1 3 e     8508.0947674071  1.414e-03    3
47 3 2 2 1 1 e     8508.2768682835  2.751e-03    1
18 3 0 0 2 2 e     8509.0109725111  2.000e-03    1
53 4 0 0 1 2 e     8509.8472026669  1.000e-03    2
14 4 1 1 1 1 e     8510.0095574882  2.003e-03    2
52 2 1 1 2 3 f     8513.2387295839  1.000e-03    1
19 5 0 0 1 5 e     8513.7397913596  1.000e-03    3
13 4 2 2 1 4 e     8513.9202298036  2.236e-03    2
1 5 0 0 1 4 e      8515.1874596451  1.000e-03    2
34 0 2 2 3 1 f     8515.3027543236  1.931e-03    2
21 2 2 2 2 2 f     8515.6176690392  2.000e-03    2
37 1 0 0 3 2 e     8517.3015435880  1.000e-03    4
27 4 2 2 1 5 e     8517.4768281631  2.236e-03    2
42 2 1 1 2 1 f     8518.0460285409  1.000e-03    1
3 5 0 0 1 4 e      8518.6175759357  1.000e-03    2
15 4 1 1 1 1 f     8520.7808941104  1.977e-03    2
30 4 1 1 1 2 e     8521.5547236132  2.000e-03    2
29 5 0 0 1 6 e     8524.4715140894  1.732e-03    1
5 5 0 0 1 4 e      8524.7890134918  1.000e-03    3
47 4 0 0 1 1 e     8525.6829130011  1.000e-03    4
48 2 1 1 2 2 f     8525.7266357257  1.000e-03    1
33 1 0 0 3 1 e     8527.9100109486  1.000e-03    4
22 2 2 2 2 2 e     8530.6934281533  2.000e-03    1
16 4 1 1 1 1 e     8531.4512792443  2.000e-03    1
7 5 0 0 1 4 e      8533.7040314798  1.000e-03    2
15 4 2 2 1 4 e     8533.9371716048  2.236e-03    2
55 0 1 1 3 1 f     8534.5397072068  2.432e-03    3
20 3 0 0 2 2 e     8535.6712957295  2.000e-03    1
28 4 2 2 1 5 f     8536.8110887054  2.693e-03    1
39 4 1 1 1 3 f     8536.9886004152  2.142e-03    1
35 0 2 2 3 1 e     8539.0835670821  1.732e-03    2
45 4 1 1 1 4 f     8540.3803960744  2.224e-03    2
21 5 0 0 1 5 e     8541.8733816828  1.000e-03    2
17 4 1 1 1 1 f     8543.7120750069  1.414e-03    3
31 4 1 1 1 2 f     8544.4749332803  1.414e-03    2
16 4 2 2 1 4 f     8544.9802422099  2.040e-03    2
9 5 0 0 1 4 e      8545.3621599241  1.000e-03    3
65 4 0 0 1 5 e     8546.3575272821  1.000e-03    3
23 2 2 2 2 2 f     8546.4602597173  2.000e-03    2
53 2 1 1 2 3 e     8547.0492295839  1.000e-03    1
18 4 1 1 1 1 e     8555.6553792443  2.000e-03    1
17 4 2 2 1 4 e     8556.7139548695  2.033e-03    2
49 2 1 1 2 2 e     8557.0728357257  1.000e-03    1
59 4 0 0 1 3 e     8557.6513330199  1.000e-03    3
11 5 0 0 1 4 e     8559.7637811952  1.000e-03    4
55 3 2 2 1 2 e     8561.0913196309  3.234e-03    1
40 4 1 1 1 3 e     8562.3843017948  1.414e-03    2
36 0 2 2 3 1 f     8563.5530287798  2.012e-03    2
32 4 1 1 1 2 e     8564.9807426380  2.000e-03    2
22 3 0 0 2 2 e     8565.0628044766  2.000e-03    1
18 4 2 2 1 4 f     8569.1371861001  1.822e-03    2
39 1 0 0 3 2 e     8569.3842549822  1.000e-03    6
46 4 1 1 1 4 e     8569.3960754733  2.045e-03    2
19 4 1 1 1 1 f     8569.4235626006  1.414e-03    3
77 3 1 1 1 4 f     8570.7541789806  5.099e-03    1
56 0 1 1 3 1 e     8571.0454234667  2.653e-03    4
23 5 0 0 1 5 e     8572.7478283718  1.000e-03    2
51 4 1 1 1 5 f     8574.5064467324  2.342e-03    2
35 1 0 0 3 1 e     8574.6810679538  1.000e-03    4
49 3 2 2 1 1 e     8575.3727845262  3.134e-03    1
13 5 0 0 1 4 e     8576.9072907208  1.000e-03    4
30 4 2 2 1 5 f     8577.6130602598  2.236e-03    1
44 2 1 1 2 1 f     8577.7489797935  1.000e-03    1
25 2 2 2 2 2 f     8580.0433697534  2.000e-03    2
19 4 2 2 1 4 e     8582.2482847575  2.188e-03    2
55 4 0 0 1 2 e     8585.0333683101  1.000e-03    3
37 0 2 2 3 1 e     8588.6896280683  1.732e-03    2
33 4 1 1 1 2 f     8589.4820575907  2.000e-03    2
63 4 0 0 1 4 e     8590.1457603517  1.000e-03    2
49 4 0 0 1 1 e     8592.8514930749  1.000e-03    4
41 4 1 1 1 3 f     8592.8689499870  2.142e-03    3
20 4 2 2 1 4 f     8596.0527843787  1.781e-03    2
15 5 0 0 1 4 e     8596.7937460488  1.000e-03    3
24 3 0 0 2 2 e     8597.1882912812  2.000e-03    1
71 0 0 0 3 1 e     8597.3893223093  1.157e-03    3
26 2 2 2 2 2 e     8597.8545282663  2.000e-03    2
21 4 1 1 1 1 f     8597.9124281533  2.000e-03    1
47 4 1 1 1 4 f     8604.4195230762  2.264e-03    2
25 5 0 0 1 5 e     8606.3641028905  1.000e-03    3
21 4 2 2 1 4 e     8610.5432338395  1.732e-03    1
57 0 1 1 3 1 f     8611.1324189825  2.533e-03    2
34 4 1 1 1 2 e     8611.1613205201  2.000e-03    2
33 5 0 0 1 6 e     8611.4204814814  1.000e-03    1
38 0 2 2 3 1 f     8614.5176128903  2.090e-03    1
27 2 2 2 2 2 f     8616.3637486169  2.000e-03    2
42 4 1 1 1 3 e     8619.4206865406  1.424e-03    3
17 5 0 0 1 4 e     8619.4231989383  1.000e-03    4
55 2 1 1 2 3 e     8621.3936028116  1.000e-03    1
37 1 0 0 3 1 e     8624.1596788883  1.000e-03    4
41 1 0 0 3 2 e     8624.1660227941  1.000e-03    5
22 4 2 2 1 4 f     8625.7250471088  1.732e-03    1
51 2 1 1 2 2 e     8625.9673602806  1.000e-03    1
26 3 0 0 2 2 e     8632.0487282663  2.000e-03    2
48 4 1 1 1 4 e     8634.5764594869  2.088e-03    4
28 2 2 2 2 2 e     8635.5435668848  2.000e-03    1
35 4 1 1 1 2 f     8637.2555824941  2.056e-03    1
67 4 0 0 1 5 e     8637.7115624930  1.000e-03    2
61 4 0 0 1 3 e     8640.7215609990  1.000e-03    3
39 0 2 2 3 1 e     8641.0075020209  1.732e-03    3
23 4 2 2 1 4 e     8641.5973338395  1.732e-03    1
27 5 0 0 1 5 e     8642.7209138437  1.000e-03    3
1 1 1 1 3 2 f      8643.6772746179  2.449e-03    2
19 5 0 0 1 4 e     8644.7939867864  1.000e-03    3
24 4 1 1 1 1 e     8644.8698627665  2.000e-03    2
2 1 1 1 3 2 e      8645.0326865318  2.000e-03    4
3 1 1 1 3 2 f      8647.0739512454  2.449e-03    4
58 0 1 1 3 1 e     8648.8837060614  2.713e-03    3
4 1 1 1 3 2 e      8649.7781845230  2.000e-03    4
43 4 1 1 1 3 f     8651.5030616520  2.183e-03    2
5 1 1 1 3 2 f      8653.1888727885  2.000e-03    4
29 2 2 2 2 2 f     8655.4255227610  2.000e-03    1
6 1 1 1 3 2 e      8657.2379873995  1.414e-03    4
4 4 2 2 1 3 f      8658.0027183277  3.053e-03    1
24 4 2 2 1 4 f     8658.1579540213  1.732e-03    1
35 5 0 0 1 6 e     8659.0245553236  1.000e-03    2
36 4 1 1 1 2 e     8660.0952120453  2.000e-03    1
5 4 2 2 1 3 e      8661.4543139859  3.105e-03    1
7 1 1 1 3 2 f      8662.0206109464  1.414e-03    3
51 4 0 0 1 1 e     8662.7876949323  1.000e-03    2
57 4 0 0 1 2 e     8662.9737493882  1.000e-03    2
25 4 1 1 1 1 f     8663.2280412804  1.414e-03    4
52 2 1 1 2 2 f     8663.8693295839  1.000e-03    1
8 1 1 1 3 2 e      8667.4068002922  2.000e-03    2
40 0 2 2 3 1 f     8668.1924325355  2.174e-03    2
28 3 0 0 2 2 e     8669.6385709188  2.000e-03    2
49 4 1 1 1 4 f     8671.2033800515  2.531e-03    2
21 5 0 0 1 4 e     8672.9069793703  1.000e-03    3
9 1 1 1 3 2 f      8673.5701127164  1.414e-03    3
25 4 2 2 1 4 e     8675.4073646635  1.732e-03    2
8 4 2 2 1 3 f      8675.9584329342  2.646e-03    2
30 2 2 2 2 2 e     8675.9696227610  2.000e-03    1
39 1 0 0 3 1 e     8676.3448783648  1.000e-03    4
65 4 0 0 1 4 e     8678.3872892583  1.000e-03    3
26 4 1 1 1 1 e     8680.1378342517  2.000e-03    1
10 1 1 1 3 2 e     8680.2927664371  2.000e-03    4
43 1 0 0 3 2 e     8681.6468673820  1.000e-03    4
29 5 0 0 1 5 e     8681.8164925293  1.000e-03    2
9 4 2 2 1 3 e      8682.1740046371  2.646e-03    1
3 5 0 0 1 3 e      8686.3370698540  1.608e-03    2
37 4 1 1 1 2 f     8687.7945918774  2.099e-03    1
11 1 1 1 3 2 f     8687.8369529298  1.414e-03    4
59 0 1 1 3 1 f     8690.4240450882  2.533e-03    3
5 5 0 0 1 3 e      8692.5387977287  1.000e-03    2
26 4 2 2 1 4 f     8693.3471713634  1.732e-03    2
73 0 0 0 3 1 e     8695.2780126864  1.157e-03    3
12 1 1 1 3 2 e     8695.8884349697  1.414e-03    4
41 0 2 2 3 1 e     8696.0375468689  2.207e-03    2
11 4 2 2 1 3 e     8696.6742619659  2.236e-03    1
31 2 2 2 2 2 f     8697.2203646732  2.000e-03    2
53 2 1 1 2 2 e     8697.5788295839  1.000e-03    1
27 4 1 1 1 1 f     8700.0548445829  2.015e-03    2
7 5 0 0 1 3 e      8701.4926164269  1.000e-03    1
50 4 1 1 1 4 e     8702.4930882577  2.522e-03    2
23 5 0 0 1 4 e     8703.7612554946  1.000e-03    3
13 1 1 1 3 2 f     8704.8208440872  1.414e-03    4
48 2 1 1 2 1 f     8705.3774357257  1.000e-03    1
37 5 0 0 1 6 e     8709.3818395533  1.000e-03    2
30 3 0 0 2 2 e     8709.9652048810  2.000e-03    1
38 4 1 1 1 2 e     8711.7832120453  2.000e-03    1
27 4 2 2 1 4 e     8711.9760925992  1.732e-03    1
45 4 1 1 1 3 f     8712.8920460744  2.224e-03    3
9 5 0 0 1 3 e      8713.2077533686  1.000e-03    1
13 4 2 2 1 3 e     8713.9414619659  2.236e-03    1
14 1 1 1 3 2 e     8714.1952760608  1.414e-03    4
28 4 1 1 1 1 e     8718.1703749528  2.000e-03    1
32 2 2 2 2 2 e     8719.1329095506  2.000e-03    2
55 4 1 1 1 5 f     8722.2514651562  2.432e-03    2
14 4 2 2 1 3 f     8723.6102301343  2.040e-03    1
31 5 0 0 1 5 e     8723.6544243745  1.000e-03    2
15 1 1 1 3 2 f     8724.5210462014  1.414e-03    4
42 0 2 2 3 1 f     8724.5796391178  2.278e-03    1
63 4 0 0 1 3 e     8726.5299603517  1.000e-03    2
11 5 0 0 1 3 e     8727.6756210468  1.000e-03    1
60 0 1 1 3 1 e     8729.4167505257  3.059e-03    3
41 1 0 0 3 1 e     8731.2364963768  1.000e-03    3
28 4 2 2 1 4 f     8731.2943887054  1.803e-03    1
15 4 2 2 1 3 e     8733.9687455682  2.476e-03    1
16 1 1 1 3 2 e     8735.2144375073  1.414e-03    4
53 4 0 0 1 1 e     8735.4921295839  1.000e-03    1
3 0 3 3 3 1 f      8736.4931792850  5.099e-03    2
54 2 1 1 2 2 f     8737.0318028116  1.000e-03    1
25 5 0 0 1 4 e     8737.3567822904  1.000e-03    4
4 0 3 3 3 1 e      8739.2206503650  5.099e-03    1
29 4 1 1 1 1 f     8739.6567858829  2.066e-03    2
51 4 1 1 1 4 f     8740.7287355808  2.395e-03    1
39 4 1 1 1 2 f     8741.1007918774  2.099e-03    1
46 4 1 1 1 3 e     8741.7189254733  2.045e-03    2
33 2 2 2 2 2 f     8741.7544777233  2.453e-03    2
45 1 0 0 3 2 e     8741.8253771581  1.000e-03    3
5 0 3 3 3 1 f      8742.6260190811  5.099e-03    1
59 4 0 0 1 2 e     8743.6672991800  1.000e-03    1
13 5 0 0 1 3 e     8744.9014403887  1.000e-03    1
6 0 3 3 3 1 e      8746.7168851941  5.099e-03    2
17 1 1 1 3 2 f     8746.9369422080  1.414e-03    4
29 4 2 2 1 4 e     8751.3009908656  1.732e-03    2
7 0 3 3 3 1 f      8751.4871510646  5.099e-03    3
32 3 0 0 2 2 e     8753.0201595506  2.000e-03    2
43 0 2 2 3 1 e     8753.7808682834  2.360e-03    1
8 0 3 3 3 1 e      8756.9390181293  5.292e-03    2
18 1 1 1 3 2 e     8758.9443041146  1.414e-03    3
9 0 3 3 3 1 f      8763.0731741018  5.477e-03    2
15 5 0 0 1 3 e     8764.8817416029  1.000e-03    2
34 2 2 2 2 2 e     8765.0321406781  2.069e-03    2
33 5 0 0 1 5 e     8768.2287184025  1.000e-03    2
18 4 2 2 1 3 f     8769.1867542855  2.307e-03    1
67 4 0 0 1 4 e     8769.3484893582  1.000e-03    3
10 0 3 3 3 1 e     8769.8884681293  5.657e-03    2
55 2 1 1 2 2 e     8771.9126028116  1.000e-03    1
30 4 2 2 1 4 f     8771.9975655485  1.822e-03    1
19 1 1 1 3 2 f     8772.0697120953  1.414e-03    4
61 0 1 1 3 1 f     8772.4134599274  2.568e-03    3
52 4 1 1 1 4 e     8773.1427583977  2.585e-03    2
27 5 0 0 1 4 e     8773.6933083530  1.000e-03    3
47 4 1 1 1 3 f     8777.0329133707  2.304e-03    1
11 0 3 3 3 1 f     8777.3847599370  5.657e-03    3
31 4 1 1 1 1 f     8782.0349997585  2.000e-03    2
19 4 2 2 1 3 e     8782.3027641708  2.033e-03    1
44 0 2 2 3 1 f     8783.6797635081  2.317e-03    1
20 1 1 1 3 2 e     8785.3843340075  1.414e-03    4
12 0 3 3 3 1 e     8785.5630883677  5.657e-03    3
17 5 0 0 1 3 e     8787.6163085565  1.000e-03    2
43 1 0 0 3 1 e     8788.8341216491  1.000e-03    4
35 2 2 2 2 2 f     8789.0252003875  2.048e-03    2
3 1 1 1 3 1 f      8792.6624584679  2.000e-03    1
31 4 2 2 1 4 e     8793.3823666253  1.803e-03    2
13 0 3 3 3 1 f     8794.4214896497  5.831e-03    3
4 1 1 1 3 1 e      8795.3681715596  1.414e-03    2
75 0 0 0 3 1 e     8795.8476303750  1.287e-03    3
41 4 1 1 1 2 f     8797.1709821761  2.142e-03    2
5 1 1 1 3 1 f      8798.7840089838  1.414e-03    3
21 1 1 1 3 2 f     8799.9182274427  1.414e-03    4
32 4 1 1 1 1 e     8802.5274926380  2.484e-03    2
6 1 1 1 3 1 e      8802.8327227243  1.414e-03    2
61 3 2 2 1 2 e     8803.1264504170  3.844e-03    1
14 0 3 3 3 1 e     8803.9616183318  5.831e-03    3
47 1 0 0 3 2 e     8804.7004114557  1.000e-03    3
48 4 1 1 1 3 e     8806.9814301582  2.088e-03    2
7 1 1 1 3 1 f      8807.6261975126  1.414e-03    3
55 4 0 0 1 1 e     8810.9631025223  1.000e-03    1
62 0 1 1 3 1 e     8812.6440515669  3.370e-03    2
29 5 0 0 1 4 e     8812.7717733077  1.000e-03    3
56 2 1 1 2 2 f     8812.9177995964  1.000e-03    1
53 4 1 1 1 4 f     8812.9992003685  2.395e-03    2
8 1 1 1 3 1 e      8813.0137612639  1.414e-03    4
19 5 0 0 1 3 e     8813.1082680340  1.000e-03    3
36 2 2 2 2 2 e     8813.6674824941  2.056e-03    1
15 0 3 3 3 1 f     8814.1833618717  6.000e-03    2
45 0 2 2 3 1 e     8814.2344682835  2.360e-03    2
22 1 1 1 3 2 e     8814.5349949901  1.414e-03    4
65 4 0 0 1 3 e     8815.0727481556  1.000e-03    2
32 4 2 2 1 4 f     8815.4573647632  1.822e-03    2
35 5 0 0 1 5 e     8815.5402553236  1.000e-03    1
41 5 0 0 1 6 e     8818.3393026024  1.732e-03    1
9 1 1 1 3 1 f      8819.1887370913  1.414e-03    4
16 0 3 3 3 1 e     8825.0859872067  6.000e-03    3
10 1 1 1 3 1 e     8825.9077405343  2.000e-03    3
61 4 0 0 1 2 e     8827.1142398790  1.000e-03    1
33 4 1 1 1 1 f     8827.1912946359  2.000e-03    1
23 1 1 1 3 2 f     8830.4816995167  1.414e-03    4
11 1 1 1 3 1 f     8833.4702221125  1.414e-03    4
17 0 3 3 3 1 f     8836.6704160106  6.164e-03    2
33 4 2 2 1 4 e     8838.2178456227  1.732e-03    2
37 2 2 2 2 2 f     8839.0340824941  2.056e-03    1
12 1 1 1 3 1 e     8841.5180517997  1.414e-03    4
23 4 2 2 1 3 e     8841.6787338395  1.732e-03    1
49 4 1 1 1 3 f     8843.9258467324  2.342e-03    1
46 0 2 2 3 1 f     8845.4768092484  2.385e-03    1
24 1 1 1 3 2 e     8846.3952963448  1.414e-03    4
54 4 1 1 1 4 e     8846.5276120630  2.653e-03    1
36 3 0 0 2 2 e     8847.3283824941  2.056e-03    1
34 4 1 1 1 1 e     8848.8512608107  2.000e-03    1
18 0 3 3 3 1 e     8848.9343549566  6.325e-03    2
57 2 1 1 2 2 e     8848.9634995964  1.000e-03    1
45 1 0 0 3 1 e     8849.1372156027  1.000e-03    4
13 1 1 1 3 1 f     8850.4710810347  1.977e-03    3
43 4 1 1 1 2 f     8856.0055116520  2.183e-03    2
63 0 1 1 3 1 f     8857.0998552921  2.630e-03    3
14 1 1 1 3 1 e     8859.8408992229  1.414e-03    4
34 4 2 2 1 4 f     8861.6717043236  1.931e-03    2
19 0 3 3 3 1 f     8861.8812549566  6.325e-03    2
69 4 0 0 1 4 e     8863.0267483099  1.410e-03    2
25 1 1 1 3 2 f     8863.7590592209  2.000e-03    3
38 2 2 2 2 2 e     8865.0352019613  2.000e-03    2
37 5 0 0 1 5 e     8865.5886395533  1.000e-03    1
15 1 1 1 3 1 f     8870.1920837857  1.414e-03    3
49 1 0 0 3 2 e     8870.2704788424  1.000e-03    3
23 5 0 0 1 3 e     8872.3552550925  1.000e-03    3
50 4 1 1 1 3 e     8874.9824181176  2.522e-03    1
25 4 2 2 1 3 e     8875.5050146635  1.732e-03    2
20 0 3 3 3 1 e     8875.5075834431  6.325e-03    3
43 5 0 0 1 6 e     8876.9442026024  1.000e-03    3
47 0 2 2 3 1 e     8877.3978682835  2.751e-03    1
16 1 1 1 3 1 e     8880.8775003817  1.414e-03    4
26 1 1 1 3 2 e     8880.9646286217  1.414e-03    4
44 4 1 1 1 2 e     8883.3610844901  2.161e-03    2
35 4 2 2 1 4 e     8885.8066170821  1.795e-03    2
55 4 1 1 1 4 f     8888.0113466942  2.432e-03    2
21 0 3 3 3 1 f     8889.8138264701  6.633e-03    1
39 2 2 2 2 2 f     8891.7787061874  2.000e-03    1
17 1 1 1 3 1 f     8892.6329413185  1.414e-03    4
26 4 2 2 1 3 f     8893.4714540213  1.732e-03    1
36 4 1 1 1 1 e     8897.9377802295  2.000e-03    1
64 0 1 1 3 1 e     8898.5650015669  3.655e-03    1
77 0 0 0 3 1 e     8899.0986414938  1.406e-03    2
27 1 1 1 3 2 f     8899.7507223145  2.000e-03    4
18 1 1 1 3 1 e     8904.6285153820  1.999e-03    2
22 0 3 3 3 1 e     8904.8059584431  6.481e-03    2
25 5 0 0 1 3 e     8906.1107097401  1.000e-03    1
62 2 1 1 2 3 f     8906.2543204701  1.000e-03    1
67 4 0 0 1 3 e     8906.3527960780  1.000e-03    1
48 0 2 2 3 1 f     8909.9946833170  2.452e-03    1
36 4 2 2 1 4 f     8910.6381757580  2.012e-03    2
27 4 2 2 1 3 e     8912.0888281631  1.732e-03    1
47 1 0 0 3 1 e     8912.1435655227  1.000e-03    3
63 4 0 0 1 2 e     8913.3127204701  1.000e-03    1
51 4 1 1 1 3 f     8913.5701411566  2.342e-03    2
7 5 0 0 1 2 e      8913.8016279014  1.000e-03    1
45 4 1 1 1 2 f     8917.6049460744  2.224e-03    2
19 1 1 1 3 1 f     8917.7921814430  1.414e-03    3
28 1 1 1 3 2 e     8918.2426343368  1.414e-03    4
39 5 0 0 1 5 e     8918.3710315745  1.000e-03    2
23 0 3 3 3 1 f     8920.4746264701  6.633e-03    2
56 4 1 1 1 4 e     8922.6429984667  2.653e-03    2
9 5 0 0 1 2 e      8925.5606632311  1.000e-03    2
37 4 1 1 1 1 f     8925.8336824941  2.056e-03    1
59 2 1 1 2 2 e     8928.7303991800  1.000e-03    1
20 1 1 1 3 1 e     8931.0913854998  1.414e-03    3
37 4 2 2 1 4 e     8936.1518280683  1.732e-03    2
24 0 3 3 3 1 e     8936.8264584431  6.633e-03    2
45 5 0 0 1 6 e     8938.2951574241  1.000e-03    1
29 1 1 1 3 2 f     8938.4559363715  2.000e-03    3
51 1 0 0 3 2 e     8938.5351196420  1.000e-03    2
11 5 0 0 1 2 e     8940.0871403887  1.000e-03    1
27 5 0 0 1 3 e     8942.6214807108  1.000e-03    3
49 0 2 2 3 1 e     8943.2671764048  3.094e-03    2
65 0 1 1 3 1 f     8944.4832969778  2.690e-03    2
21 1 1 1 3 1 f     8945.6713548976  1.414e-03    4
52 4 1 1 1 3 e     8945.7255861814  2.585e-03    2
35 5 0 0 1 4 e     8946.4388562544  1.000e-03    4
25 0 3 3 3 1 f     8953.8555514701  6.782e-03    2
13 5 0 0 1 2 e     8957.3758720698  1.000e-03    2
30 1 1 1 3 2 e     8958.2291663883  1.414e-03    4
71 4 0 0 1 4 e     8959.4232101580  1.000e-03    1
22 1 1 1 3 1 e     8960.2669490644  1.536e-03    3
38 4 2 2 1 4 f     8962.3585738617  2.149e-03    1
57 4 1 1 1 4 f     8965.7625282321  2.497e-03    1
26 0 3 3 3 1 e     8971.5683834431  6.782e-03    2
30 4 2 2 1 3 f     8972.1692655485  1.822e-03    1
41 5 0 0 1 5 e     8973.8883624201  1.000e-03    2
42 2 2 2 2 2 e     8975.9705639369  2.183e-03    1
23 1 1 1 3 1 f     8976.2688695956  1.414e-03    4
50 0 2 2 3 1 f     8977.2199917843  2.516e-03    1
15 5 0 0 1 2 e     8977.4328037509  1.000e-03    1
49 1 0 0 3 1 e     8977.8538674814  1.000e-03    3
39 4 1 1 1 1 f     8979.3143918774  2.099e-03    1
31 1 1 1 3 2 f     8979.8740282023  2.000e-03    3
29 5 0 0 1 3 e     8981.8861010660  1.077e-03    2
47 4 1 1 1 2 f     8981.9635133707  2.304e-03    1
53 4 1 1 1 3 f     8985.9638355808  2.395e-03    1
66 0 1 1 3 1 e     8987.1767570728  3.919e-03    1
39 4 2 2 1 4 e     8989.2511335352  1.732e-03    1
27 0 3 3 3 1 f     8989.9601764701  6.928e-03    1
24 1 1 1 3 1 e     8992.1562866163  1.414e-03    4
31 4 2 2 1 3 e     8993.5313796825  1.822e-03    1
5 5 1 1 1 5 f      8996.8435717002  2.449e-03    1
17 5 0 0 1 2 e     9000.2567376581  1.000e-03    1
6 5 1 1 1 5 e      9000.9191024625  1.414e-03    1
32 1 1 1 3 2 e     9000.9225096055  1.414e-03    3
65 4 0 0 1 2 e     9002.2614693824  1.000e-03    2
79 0 0 0 3 1 e     9005.0293811882  1.596e-03    1
7 5 1 1 1 5 f      9005.8099922779  1.414e-03    1
28 0 3 3 3 1 e     9009.0347834431  6.928e-03    2
53 1 0 0 3 2 e     9009.4933264853  1.000e-03    2
25 1 1 1 3 1 f     9009.5853798442  1.414e-03    3
48 4 1 1 1 2 e     9011.5004301582  2.088e-03    2
51 0 2 2 3 1 e     9011.8454487588  3.134e-03    2
32 4 2 2 1 3 f     9015.6565655485  1.822e-03    1
40 4 2 2 1 4 f     9016.8337738617  2.149e-03    1
54 4 1 1 1 3 e     9019.2061630141  2.619e-03    2
33 1 1 1 3 2 f     9024.0027510994  2.000e-03    4
10 5 1 1 1 5 e     9024.2669144260  2.000e-03    1
19 5 0 0 1 2 e     9025.8459239384  1.000e-03    1
26 1 1 1 3 1 e     9026.7555130363  1.414e-03    4
29 0 3 3 3 1 f     9028.7896764701  7.071e-03    2
43 5 0 0 1 5 e     9032.1374800133  1.740e-03    2
67 0 1 1 3 1 f     9034.5600224173  3.039e-03    2
44 2 2 2 2 2 e     9035.5400097997  2.000e-03    2
12 5 1 1 1 5 e     9040.0621732636  1.414e-03    2
41 4 2 2 1 4 e     9045.0966005971  2.236e-03    2
27 1 1 1 3 1 f     9045.6175313646  1.414e-03    4
51 1 0 0 3 1 e     9046.2665983746  1.000e-03    3
34 1 1 1 3 2 e     9046.3219413000  2.000e-03    3
52 0 2 2 3 1 f     9047.1522577789  2.579e-03    1
30 0 3 3 3 1 e     9049.2222584431  7.071e-03    2
39 5 0 0 1 4 e     9049.2454812496  1.000e-03    3
13 5 1 1 1 5 f     9049.2584515783  1.414e-03    2
21 5 0 0 1 2 e     9054.1998493418  1.000e-03    2
73 4 0 0 1 4 e     9058.5381692518  1.157e-03    2
14 5 1 1 1 5 e     9058.6033321011  1.414e-03    1
55 4 1 1 1 3 f     9061.1057466942  2.432e-03    2
34 4 2 2 1 3 f     9061.8995043236  1.931e-03    2
28 1 1 1 3 1 e     9064.0681901751  1.414e-03    3
33 5 0 0 1 3 e     9068.6729729743  1.000e-03    1
31 0 3 3 3 1 f     9070.3376764701  7.211e-03    2
35 1 1 1 3 2 f     9070.8435262485  2.056e-03    3
68 0 1 1 3 1 e     9078.4799592062  3.960e-03    1
50 4 1 1 1 2 e     9079.6925382577  2.534e-03    2
16 5 1 1 1 5 e     9079.8900600151  1.414e-03    1
53 0 2 2 3 1 e     9083.1290163112  3.339e-03    2
55 1 0 0 3 2 e     9083.1431542604  1.000e-03    2
29 1 1 1 3 1 f     9084.3671337806  1.414e-03    4
23 5 0 0 1 2 e     9085.3231097401  1.000e-03    1
32 0 3 3 3 1 e     9092.1326038929  7.215e-03    2
45 5 0 0 1 5 e     9093.1191380191  1.000e-03    2
36 1 1 1 3 2 e     9094.4271178498  1.414e-03    3
56 4 1 1 1 3 e     9095.4256120630  2.653e-03    1
63 2 1 1 2 2 e     9096.4119204701  1.000e-03    1
46 2 2 2 2 2 e     9097.8349327818  2.264e-03    1
30 1 1 1 3 1 e     9104.0916333155  1.414e-03    4
41 5 0 0 1 4 e     9104.7560208316  1.000e-03    3
36 4 2 2 1 3 f     9110.9007446693  2.012e-03    1
81 0 0 0 3 1 e     9113.6354589651  1.596e-03    2
33 0 3 3 3 1 f     9114.6081764701  7.348e-03    2
4 0 0 0 4 1 e      9116.6366455789  1.000e-03    2
53 1 0 0 3 1 e     9117.3804856962  1.000e-03    4
19 5 1 1 1 5 f     9117.5291517207  1.414e-03    1
25 5 0 0 1 2 e     9119.2104115469  1.000e-03    2
54 0 2 2 3 1 f     9119.7928784198  2.640e-03    1
37 1 1 1 3 2 f     9120.3929712309  2.099e-03    2
6 0 0 0 4 1 e      9124.0263718174  1.000e-03    1
31 1 1 1 3 1 f     9125.8336670745  1.414e-03    4
69 0 1 1 3 1 f     9127.3281314517  3.312e-03    1
8 0 0 0 4 1 e      9134.1035718174  1.000e-03    1
37 4 2 2 1 3 e     9136.3683226013  2.236e-03    1
34 0 3 3 3 1 e     9137.7615334431  7.353e-03    2
57 4 1 1 1 3 f     9138.9986189825  2.533e-03    1
38 1 1 1 3 2 e     9145.2394776718  1.414e-03    3
21 5 1 1 1 5 f     9145.8032962950  2.000e-03    1
32 1 1 1 3 1 e     9146.8252504792  1.414e-03    3
10 0 0 0 4 1 e     9146.8679123997  1.000e-03    1
52 4 1 1 1 2 e     9150.6356583977  2.585e-03    1
27 5 0 0 1 2 e     9155.8617133536  1.000e-03    1
47 5 0 0 1 5 e     9156.8311186140  1.000e-03    1
55 0 2 2 3 1 e     9157.1188696309  3.234e-03    2
57 1 0 0 3 2 e     9159.4844795903  1.000e-03    2
22 5 1 1 1 5 e     9160.2256792247  1.414e-03    1
75 4 0 0 1 4 e     9160.3672654264  1.287e-03    2
35 0 3 3 3 1 f     9161.5976950961  5.099e-03    1
12 0 0 0 4 1 e     9162.3196381542  1.000e-03    2
43 5 0 0 1 4 e     9163.0035319212  1.000e-03    2
45 4 2 2 1 4 e     9165.0441682835  2.751e-03    1
37 5 0 0 1 3 e     9166.4787571665  1.000e-03    1
62 4 1 1 1 4 e     9167.3705015669  3.370e-03    1
33 1 1 1 3 1 f     9170.0154256203  1.414e-03    3
39 1 1 1 3 2 f     9172.6534680966  2.495e-03    2
58 4 1 1 1 3 e     9174.3819848704  2.713e-03    1
36 0 3 3 3 1 e     9186.1105334431  7.487e-03    1
55 1 0 0 3 1 e     9191.1950018628  1.000e-03    4
53 4 1 1 1 2 f     9191.6174651562  2.432e-03    1
34 1 1 1 3 1 e     9192.2671359910  1.414e-03    3
24 5 1 1 1 5 e     9192.4955263025  1.414e-03    2
56 0 2 2 3 1 f     9195.1433960155  2.700e-03    1
29 5 0 0 1 2 e     9195.2808348643  1.000e-03    1
40 1 1 1 3 2 e     9198.7537970481  2.000e-03    1
16 0 0 0 4 1 e     9201.2817683707  1.000e-03    1
3 2 0 0 3 3 e      9201.9479773785  1.000e-03    1
5 2 0 0 3 3 e      9208.0460773785  1.000e-03    1
25 5 1 1 1 5 f     9210.6154627437  2.000e-03    1
37 0 3 3 3 1 f     9211.3064159038  5.099e-03    1
7 2 0 0 3 3 e      9216.8513283540  1.732e-03    1
35 1 1 1 3 1 f     9216.9116814061  1.833e-03    4
39 5 0 0 1 3 e     9219.5062799026  1.000e-03    1
59 4 1 1 1 3 f     9219.6382189825  2.533e-03    1
47 4 1 1 1 1 f     9220.9933327818  2.264e-03    1
71 0 1 1 3 1 f     9222.7910439152  3.312e-03    2
49 5 0 0 1 5 e     9223.2725728454  1.000e-03    2
45 5 0 0 1 4 e     9223.9886712760  1.000e-03    2
18 0 0 0 4 1 e     9224.7917821354  1.000e-03    2
83 0 0 0 3 1 e     9224.9188043857  1.766e-03    1
26 5 1 1 1 5 e     9227.5096526411  1.414e-03    2
41 1 1 1 3 2 f     9227.6233856089  2.531e-03    2
9 2 0 0 3 3 e      9228.3784132311  1.961e-03    2
47 4 2 2 1 4 e     9229.1420682835  2.751e-03    1
57 0 2 2 3 1 e     9233.8119196309  3.530e-03    2
31 5 0 0 1 2 e     9237.4592884185  1.000e-03    1
59 1 0 0 3 2 e     9238.5159349048  1.000e-03    1
36 1 1 1 3 1 e     9240.4202997274  1.414e-03    4
11 2 0 0 3 3 e     9242.6121752120  1.000e-03    2
20 0 0 0 4 1 e     9250.9871593369  1.000e-03    2
60 4 1 1 1 3 e     9256.0750484433  3.059e-03    1
13 2 0 0 3 3 e     9259.5524037509  1.000e-03    1
39 0 3 3 3 1 f     9263.7333159038  5.099e-03    2
51 2 2 2 2 2 f     9265.6097467324  2.342e-03    1
37 1 1 1 3 1 f     9266.5238612118  2.099e-03    3
57 1 0 0 3 1 e     9267.7099461701  1.000e-03    2
42 4 2 2 1 3 f     9274.4398912093  2.207e-03    1
15 2 0 0 3 3 e     9279.2041823727  1.000e-03    2
22 0 0 0 4 1 e     9279.8688791016  1.000e-03    2
49 4 1 1 1 1 f     9288.3427133707  2.304e-03    1
38 1 1 1 3 1 e     9291.2823825192  1.414e-03    1
51 5 0 0 1 5 e     9292.4370097001  1.000e-03    1
49 4 2 2 1 4 e     9295.9877682835  3.094e-03    1
17 2 0 0 3 3 e     9301.5669376581  1.000e-03    1
12 1 2 2 3 2 f     9302.6741229231  5.099e-03    1
30 5 1 1 1 5 e     9305.7665050911  1.414e-03    2
24 0 0 0 4 1 e     9311.4350577020  1.000e-03    2
59 0 2 2 3 1 e     9313.2070350239  3.803e-03    2
44 1 1 1 3 2 e     9313.8964587347  2.828e-03    1
39 1 1 1 3 1 f     9318.8507837710  2.099e-03    3
41 0 3 3 3 1 f     9318.8791159038  5.292e-03    2
61 1 0 0 3 2 e     9320.2346226478  1.000e-03    1
73 0 1 1 3 1 f     9320.9441830071  3.360e-03    2
19 2 0 0 3 3 e     9326.6358376581  1.000e-03    1
31 5 1 1 1 5 f     9328.4964073566  2.000e-03    1
85 0 0 0 3 1 e     9338.8747779780  1.854e-03    1
40 1 1 1 3 1 e     9344.8509539315  1.414e-03    2
26 0 0 0 4 1 e     9345.6852621840  1.000e-03    1
59 1 0 0 3 1 e     9346.9255075360  1.000e-03    1
21 2 0 0 3 3 e     9354.4157749551  1.000e-03    2
74 0 1 1 3 1 e     9368.5174970685  5.099e-03    1
41 1 1 1 3 1 f     9373.8878206442  2.142e-03    2
46 1 1 1 3 2 e     9375.5181759072  2.486e-03    1
43 0 3 3 3 1 f     9376.7395159038  5.657e-03    1
19 1 2 2 3 2 e     9378.8532929430  2.076e-03    3
28 0 0 0 4 1 e     9382.6194548498  1.000e-03    2
23 2 0 0 3 3 e     9384.9012406619  1.000e-03    4
20 1 2 2 3 2 f     9392.4560508427  1.732e-03    1
34 5 1 1 1 5 e     9394.9929828597  2.000e-03    1
61 0 2 2 3 1 e     9395.3032589844  3.844e-03    2
42 1 1 1 3 1 e     9401.1274286198  1.414e-03    2
21 1 2 2 3 2 e     9406.7361462407  1.732e-03    3
47 1 1 1 3 2 f     9408.7744144281  2.670e-03    1
25 2 0 0 3 3 e     9418.0971615469  1.000e-03    2
22 1 2 2 3 2 f     9421.6990887054  2.693e-03    1
75 0 1 1 3 1 f     9421.7972680191  5.099e-03    1
30 0 0 0 4 1 e     9422.2354475155  1.000e-03    1
51 5 0 0 1 4 e     9423.3480097001  1.000e-03    1
64 4 1 1 1 3 e     9427.6616015669  3.655e-03    1
61 1 0 0 3 1 e     9428.8354489887  1.562e-03    2
23 1 2 2 3 2 e     9437.3382367279  1.822e-03    2
62 0 2 2 3 1 f     9437.4173477932  5.099e-03    1
24 1 2 2 3 2 f     9453.6600540213  1.732e-03    1
27 2 0 0 3 3 e     9453.9978207691  1.000e-03    3
44 1 1 1 3 1 e     9460.1104872745  1.414e-03    2
32 0 0 0 4 1 e     9464.5370244545  1.000e-03    2
76 0 1 1 3 1 e     9470.5693219314  5.099e-03    1
63 0 2 2 3 1 e     9480.1022372619  3.927e-03    1
26 1 2 2 3 2 f     9488.3395887054  1.803e-03    2
65 1 0 0 3 2 e     9491.7306855349  1.000e-03    1
29 2 0 0 3 3 e     9492.6053236578  1.000e-03    3
27 1 2 2 3 2 e     9506.6970281631  1.732e-03    2
50 1 1 1 3 2 e     9506.8607583977  2.946e-03    1
34 0 0 0 4 1 e     9509.5196799548  1.000e-03    2
63 1 0 0 3 1 e     9513.4445385315  1.000e-03    1
46 1 1 1 3 1 e     9521.7996357257  1.414e-03    1
77 0 1 1 3 1 f     9525.3281734999  5.099e-03    2
28 1 2 2 3 2 f     9525.7366076154  1.732e-03    2
31 2 0 0 3 3 e     9533.9181530975  1.000e-03    2
51 1 1 1 3 2 f     9543.0657467324  2.736e-03    1
29 1 2 2 3 2 e     9545.4520535680  1.803e-03    1
36 0 0 0 4 1 e     9557.1818721106  1.000e-03    1
30 1 2 2 3 2 f     9565.8508129042  1.822e-03    2
55 5 0 0 1 4 e     9569.9299089245  1.000e-03    1
78 0 1 1 3 1 e     9575.3035265557  5.130e-03    1
48 1 1 1 3 1 e     9586.1920357257  1.414e-03    1
31 1 2 2 3 2 e     9586.9236796825  1.822e-03    2
65 1 0 0 3 1 e     9600.7486467086  1.000e-03    1
38 0 0 0 4 1 e     9607.5270902734  1.000e-03    1
32 1 2 2 3 2 f     9608.6798639780  1.931e-03    1
35 2 0 0 3 3 e     9624.6517571665  1.000e-03    1
33 1 2 2 3 2 e     9631.1098115629  1.732e-03    1
79 0 1 1 3 1 f     9631.5421923942  5.123e-03    1
50 1 1 1 3 1 e     9653.2877098838  2.387e-03    1
34 1 2 2 3 2 f     9654.2250446693  2.012e-03    1
67 0 2 2 3 1 e     9657.7933816678  4.007e-03    1
40 0 0 0 4 1 e     9660.5521117696  1.000e-03    1
37 2 0 0 3 3 e     9674.0761799026  1.000e-03    1
35 1 2 2 3 2 e     9678.0124226013  2.236e-03    1
55 1 1 1 3 2 f     9688.1636651562  2.814e-03    1
36 1 2 2 3 2 f     9702.4846128903  2.090e-03    1
42 0 0 0 4 1 e     9716.2563661964  1.000e-03    1
37 1 2 2 3 2 e     9727.6292335352  1.732e-03    1
38 1 2 2 3 2 f     9753.4580738617  2.149e-03    1
44 0 0 0 4 1 e     9774.6364314606  1.000e-03    2
39 1 2 2 3 2 e     9779.9595986657  2.236e-03    1
41 2 0 0 3 3 e     9781.0245639326  1.000e-03    1
3 2 1 1 3 3 f      9787.8648305749  2.449e-03    1
4 2 1 1 3 3 e      9790.5672762404  2.000e-03    1
82 0 1 1 3 1 e     9792.8167718987  5.192e-03    1
5 2 1 1 3 3 f      9793.9827311429  2.000e-03    1
40 1 2 2 3 2 f     9807.1434912093  2.207e-03    1
41 1 2 2 3 2 e     9835.0032025285  2.291e-03    1
46 0 0 0 4 1 e     9835.6968062787  1.000e-03    1
43 2 0 0 3 3 e     9838.5516999098  1.000e-03    1
42 1 2 2 3 2 f     9863.5425391178  2.278e-03    1
4 1 3 3 3 2 e      9866.0491503650  5.099e-03    1
5 1 3 3 3 2 f      9869.4632190811  5.099e-03    1
7 1 3 3 3 2 f      9878.3231175322  5.099e-03    2
8 1 3 3 3 2 e      9883.7798181293  5.477e-03    1
17 2 1 1 3 3 f     9887.8365789104  1.414e-03    1
41 2 0 0 3 2 e     9889.6537639326  1.000e-03    1
9 1 3 3 3 2 f      9889.9123828056  5.099e-03    1
43 1 2 2 3 2 e     9892.7575682834  2.360e-03    1
10 1 3 3 3 2 e     9896.7306621567  5.477e-03    2
18 2 1 1 3 3 e     9899.7792565992  1.414e-03    1
12 1 3 3 3 2 e     9912.4073153663  5.831e-03    1
13 1 3 3 3 2 f     9921.2706767914  5.831e-03    2
44 1 2 2 3 2 f     9922.6532635081  2.317e-03    1
20 2 1 1 3 3 e     9926.2289792247  1.414e-03    1
14 1 3 3 3 2 e     9930.8151224826  5.831e-03    2
21 2 1 1 3 3 f     9940.8726962950  2.000e-03    1
15 1 3 3 3 2 f     9941.0384100303  6.000e-03    1
43 2 0 0 3 2 e     9947.1317999098  1.000e-03    1
16 1 3 3 3 2 e     9951.9444739535  6.000e-03    2
45 1 2 2 3 2 e     9953.2229682835  2.751e-03    1
22 2 1 1 3 3 e     9955.3892049781  1.414e-03    1
47 2 0 0 3 3 e     9961.6940747035  1.000e-03    1
17 1 3 3 3 2 f     9963.5309416052  6.164e-03    2
23 2 1 1 3 3 f     9971.4657203294  1.414e-03    1
18 1 3 3 3 2 e     9975.8004793621  6.164e-03    2
46 1 2 2 3 2 f     9984.4603092484  2.385e-03    1
24 2 1 1 3 3 e     9987.2627476269  1.414e-03    1
19 1 3 3 3 2 f     9988.7477479836  6.325e-03    2
20 1 3 3 3 2 e    10002.3829834431  6.481e-03    1
25 2 1 1 3 3 f    10004.7777627437  2.000e-03    1
45 2 0 0 3 2 e    10007.3088239379  1.000e-03    1
47 1 2 2 3 2 e    10016.3990682835  3.094e-03    1
21 1 3 3 3 2 f    10016.6922764701  6.481e-03    2
26 2 1 1 3 3 e    10021.8423576552  1.414e-03    1
27 2 1 1 3 3 f    10040.8053373485  2.000e-03    1
23 1 3 3 3 2 f    10047.3578264701  6.782e-03    1
48 1 2 2 3 2 f    10048.9901833170  2.452e-03    1
28 2 1 1 3 3 e    10059.1350819782  1.414e-03    1
24 1 3 3 3 2 e    10063.7196334431  6.633e-03    1
47 2 0 0 3 2 e    10070.1845369045  1.000e-03    1
29 2 1 1 3 3 f    10079.5491007226  2.449e-03    1
25 1 3 3 3 2 f    10080.7520764701  6.928e-03    1
49 1 2 2 3 2 e    10082.2834845262  3.134e-03    1
51 2 0 0 3 3 e    10095.6194097001  1.000e-03    1
26 1 3 3 3 2 e    10098.4702834431  6.782e-03    1
30 2 1 1 3 3 e    10099.1366282039  1.414e-03    1
50 1 2 2 3 2 f    10116.2247917843  2.516e-03    1
27 1 3 3 3 2 f    10116.8679264701  6.928e-03    2
31 2 1 1 3 3 f    10121.0082073566  2.000e-03    1
49 2 0 0 3 2 e    10135.7572052592  1.000e-03    1
32 2 1 1 3 3 e    10141.8437828597  2.000e-03    1
51 1 2 2 3 2 e    10150.8776129914  3.184e-03    1
29 1 3 3 3 2 f    10155.7097764701  7.071e-03    1
33 2 1 1 3 3 f    10165.1794818595  2.449e-03    1
53 2 0 0 3 3 e    10166.6260501590  1.000e-03    1
30 1 3 3 3 2 e    10176.1477084431  7.071e-03    2
52 1 2 2 3 2 f    10186.1641577789  2.579e-03    1
34 2 1 1 3 3 e    10187.2610547048  1.414e-03    1
31 1 3 3 3 2 f    10197.2678764701  7.211e-03    1
51 2 0 0 3 2 e    10204.0270611559  1.000e-03    1
35 2 1 1 3 3 f    10212.0673099178  2.449e-03    1
32 1 3 3 3 2 e    10219.0680038929  7.211e-03    2
53 1 2 2 3 2 e    10222.1765196309  3.234e-03    1
36 2 1 1 3 3 e    10235.3805612746  1.414e-03    1
33 1 3 3 3 2 f    10241.5490764701  7.348e-03    1
54 1 2 2 3 2 f    10258.8156784198  2.640e-03    1
37 2 1 1 3 3 f    10261.6614505843  2.495e-03    1
34 1 3 3 3 2 e    10264.7105334431  7.353e-03    1
35 1 3 3 3 2 f    10288.5510764701  7.483e-03    1
55 1 2 2 3 2 e    10296.1797196309  3.530e-03    1
57 2 0 0 3 3 e    10316.7090600007  1.000e-03    1
57 1 2 2 3 2 e    10372.8829196309  3.803e-03    1
39 1 3 3 3 2 f    10390.7149159038  5.099e-03    1
59 2 0 0 3 3 e    10395.7846349048  1.000e-03    1
57 2 0 0 3 2 e    10425.0076628730  1.000e-03    1
59 1 2 2 3 2 e    10452.2949504170  3.844e-03    1
61 2 0 0 3 3 e    10477.5503226479  1.000e-03    1
59 2 0 0 3 2 e    10504.0593075360  1.000e-03    1
63 2 0 0 3 3 e    10562.0021714637  1.000e-03    1
65 2 0 0 3 3 e    10649.1340855349  1.000e-03    1
1 0 0 0 5 1 e     11327.2160984385  8.000e-03    2
3 0 0 0 5 1 e     11330.5488951607  8.000e-03    2
5 0 0 0 5 1 e     11336.5465062002  8.000e-03    2
7 0 0 0 5 1 e     11345.2119905210  8.000e-03    2
9 0 0 0 5 1 e     11356.5393666724  8.000e-03    2
11 0 0 0 5 1 e    11370.5334130023  8.000e-03    2
13 0 0 0 5 1 e    11387.1907668841  8.000e-03    2
15 0 0 0 5 1 e    11406.5145756209  8.000e-03    2
17 0 0 0 5 1 e    11428.5034962571  8.000e-03    2
19 0 0 0 5 1 e    11453.1552448507  8.000e-03    2
21 0 0 0 5 1 e    11480.4699476666  8.000e-03    2
23 0 0 0 5 1 e    11510.4466543205  8.000e-03    1
25 0 0 0 5 1 e    11543.0901670421  8.000e-03    2
27 0 0 0 5 1 e    11578.3958869133  8.000e-03    1
29 0 0 0 5 1 e    11616.3617533257  8.000e-03    2
31 0 0 0 5 1 e    11656.9895506515  8.000e-03    2
33 0 0 0 5 1 e    11700.2769588612  8.000e-03    2
35 0 0 0 5 1 e    11746.2250208373  8.000e-03    2
37 0 0 0 5 1 e    11794.8348892420  8.000e-03    2
39 0 0 0 5 1 e    11846.0985764783  8.000e-03    2
41 0 0 0 5 1 e    11900.0254799896  8.000e-03    1
43 0 0 0 5 1 e    11956.6069041672  8.000e-03    2
45 0 0 0 5 1 e    12015.8406676148  8.000e-03    2
47 0 0 0 5 1 e    12077.7381955809  8.000e-03    2
49 0 0 0 5 1 e    12142.2841357257  8.000e-03    1
51 0 0 0 5 1 e    12209.4846602806  8.000e-03    1
1 1 0 0 5 2 e     12460.7343968771  3.000e-03    1
3 1 0 0 5 2 e     12464.0680451607  3.000e-03    2
5 1 0 0 5 2 e     12470.0673062002  3.000e-03    2
7 1 0 0 5 2 e     12478.7326405210  3.000e-03    2
9 1 0 0 5 2 e     12490.0663166724  3.000e-03    2
11 1 0 0 5 2 e    12504.0564630023  3.000e-03    2
13 1 0 0 5 2 e    12520.7234168841  3.000e-03    2
15 1 0 0 5 2 e    12540.0517256209  3.000e-03    2
17 1 0 0 5 2 e    12562.0437202948  3.000e-03    1
3 1 0 0 5 1 e     12564.6778951607  3.000e-03    2
5 1 0 0 5 1 e     12570.6823062002  3.000e-03    2
7 1 0 0 5 1 e     12579.3560189561  3.000e-03    1
19 1 0 0 5 2 e    12586.7021694067  3.000e-03    1
9 1 0 0 5 1 e     12590.6978166724  3.000e-03    2
11 1 0 0 5 1 e    12604.7073630023  3.000e-03    2
21 1 0 0 5 2 e    12614.0215259266  3.000e-03    1
13 1 0 0 5 1 e    12621.3852668841  3.000e-03    2
15 1 0 0 5 1 e    12640.7319756209  3.000e-03    2
23 1 0 0 5 2 e    12644.0085543205  3.000e-03    1
17 1 0 0 5 1 e    12662.7455962571  3.000e-03    2
25 1 0 0 5 2 e    12676.6559797638  3.000e-03    1
19 1 0 0 5 1 e    12687.4271948507  3.000e-03    2
27 1 0 0 5 2 e    12711.9657869133  3.000e-03    1
21 1 0 0 5 1 e    12714.7753976666  3.000e-03    2
23 1 0 0 5 1 e    12744.7934901235  3.000e-03    2
29 1 0 0 5 2 e    12749.9391197381  3.000e-03    1
31 1 0 0 5 2 e    12790.5741815648  3.000e-03    1
27 1 0 0 5 1 e    12812.8210869133  3.000e-03    1
33 1 0 0 5 2 e    12833.8680361576  3.000e-03    1
29 1 0 0 5 1 e    12850.8360533257  3.232e-03    2
35 1 0 0 5 2 e    12879.8224208373  3.000e-03    2
31 1 0 0 5 1 e    12891.5115506515  3.000e-03    2
37 1 0 0 5 2 e    12928.4344392420  3.000e-03    2
33 1 0 0 5 1 e    12934.8559088612  3.000e-03    2
39 1 0 0 5 2 e    12979.7056264783  3.000e-03    2
35 1 0 0 5 1 e    12980.8618708373  3.000e-03    2
37 1 0 0 5 1 e    13029.5326392420  3.000e-03    2
41 1 0 0 5 2 e    13033.6334042652  3.000e-03    2
39 1 0 0 5 1 e    13080.8662264783  3.000e-03    2
43 1 0 0 5 2 e    13090.2186541672  3.000e-03    2
41 1 0 0 5 1 e    13134.8619042652  3.000e-03    2
45 1 0 0 5 2 e    13149.4580676148  3.000e-03    2
43 1 0 0 5 1 e    13191.5196041672  3.000e-03    2
47 1 0 0 5 2 e    13211.3520955809  3.000e-03    2
45 1 0 0 5 1 e    13250.8365676148  3.000e-03    2
49 1 0 0 5 2 e    13275.8997602806  3.000e-03    1
47 1 0 0 5 1 e    13312.8152955809  3.000e-03    2
51 1 0 0 5 1 e    13444.7479295839  3.000e-03    1
53 1 0 0 5 1 e    13514.7025295839  3.000e-03    1
