    0    0    0    0    0    0       0.00000000    0.00000000    6   A+     1
    0    0    0    2    0    2       1.90806643    0.00000062   30   A+     1
    0    0    0    1    1    1       2.25990614    0.00000058   17   A+     1
    0    0    0    2    1    1       3.63665767    0.00000122   24   A+     1
    0    0    0    3    1    3       5.31148305    0.00000049   43   A+     1
    0    0    0    4    0    4       6.34590339    0.00000217   35   A+     1
    0    0    0    4    1    3       8.27015178    0.00000061   35   A+     1
    0    0    0    2    2    0       8.50737382    0.00000069   29   A+     2
    0    0    0    3    2    2      10.41551477    0.00000056   41   A+     1
    0    0    0    5    1    5      10.79803005    0.00000041   40   A+     1
    0    0    0    4    2    2      12.97870607    0.00000056   42   A+     2
    0    0    0    6    0    6      13.27989853    0.00000059   32   A+     1
    0    0    0    6    1    5      15.54042044    0.00000135   39   A+     1
    0    0    0    5    2    4      16.13984413    0.00000072   46   A+     1
    0    0    0    3    3    1      18.65879647    0.00000132   25   A+     2
    0    0    0    7    1    7      18.70951611    0.00000058   43   A+     1
    0    0    0    6    2    4      20.03773885    0.00000091   44   A+     2
    0    0    0    4    3    1      21.20726866    0.00000126   32   A+     2
    0    0    0    8    0    8      22.66153333    0.00000069   36   A+     1
    0    0    0    5    3    3      24.39356282    0.00000107   43   A+     2
    0    0    0    7    2    6      24.39834749    0.00000064   50   A+     1
    0    0    0    8    1    7      25.43157481    0.00000066   44   A+     1
    0    0    0    6    3    3      28.22013939    0.00000098   38   A+     2
    0    0    0    9    1    9      29.03305046    0.00000077   44   A+     1
    0    0    0    8    2    6      29.72350244    0.00000063   49   A+     2
    0    0    0    7    3    5      32.68290236    0.00000094   49   A+     2
    0    0    0    4    4    0      32.73787421    0.00000353   21   A+     3
    0    0    0   10    0   10      34.43746629    0.00000062   38   A+     1
    0    0    0    9    2    8      35.18022384    0.00000067   54   A+     1
    0    0    0    5    4    2      35.92325110    0.00000298   34   A+     2
    0    0    0    8    3    5      37.79526654    0.00000078   41   A+     2
    0    0    0   10    1    9      37.91959541    0.00000074   35   A+     1
    0    0    0    6    4    2      39.74655093    0.00000298   35   A+     3
    0    0    0   11    1   11      41.75435988    0.00000068   43   A+     1
    0    0    0   10    2    8      42.07627145    0.00000092   44   A+     2
    0    0    0    9    3    7      43.53127813    0.00000564   51   A+     2
    0    0    0    7    4    4      44.20819791    0.00000275   42   A+     2
    0    0    0   11    2   10      48.47155163    0.00000079   47   A+     1
    0    0    0   12    0   12      48.56360863    0.00000095   34   A+     1
    0    0    0    8    4    4      49.30885554    0.00000273   44   A+     3
    0    0    0   10    3    7      49.94677845    0.00000111   38   A+     2
    0    0    0    5    5    1      50.73747333    0.00000707   27   A+     3
    0    0    0   12    1   11      52.97045538    0.00000087   40   A+     1
    0    0    0    6    5    1      54.56006393    0.00000192   38   A+     3
    0    0    0    9    4    6      55.04876634    0.00000468   40   A+     2
    0    0    0   13    1   13      56.85930099    0.00000079   44   A+     1
    0    0    0   11    3    9      56.94195202    0.00000073   50   A+     2
    0    0    0   12    2   10      57.12320861    0.00000059   44   A+     2
    0    0    0    7    5    3      59.02044643    0.00000147   41   A+     3
    0    0    0   10    4    6      61.42956661    0.00000181   47   A+     3
    0    0    0    8    5    3      64.11894586    0.00000162   43   A+     3
    0    0    0   13    2   12      64.25560365    0.00000084   47   A+     1
    0    0    0   12    3    9      64.69617411    0.00000110   48   A+     2
    0    0    0   14    0   14      65.01432305    0.00000102   39   A+     1
    0    0    0   11    4    8      68.44984994    0.00000159   50   A+     2
    0    0    0    9    5    5      69.85591565    0.00000199   48   A+     3
    0    0    0   14    1   13      70.53883146    0.00000099   41   A+     1
    0    0    0    6    6    0      72.64931425    0.00000191   26   A+     4
    0    0    0   13    3   11      72.91549734    0.00000104   52   A+     2
    0    0    0   15    1   15      74.33509951    0.00000110   45   A+     1
    0    0    0   14    2   12      74.86860402    0.00000127   46   A+     2
    0    0    0   12    4    8      76.11513874    0.00000147   45   A+     3
    0    0    0   10    5    5      76.23179135    0.00000540   45   A+     3
    0    0    0    7    6    2      77.10934592    0.00000165   33   A+     3
    0    0    0   14    3   11      82.07357645    0.00000092   49   A+     2
    0    0    0    8    6    2      82.20712320    0.00000148   42   A+     4
    0    0    0   15    2   14      82.51337559    0.00000104   51   A+     1
    0    0    0   11    5    7      83.24698757    0.00000550   47   A+     3
    0    0    0   16    0   16      83.78108188    0.00000123   38   A+     1
    0    0    0   13    4   10      84.41704776    0.00000112   46   A+     2
    0    0    0    9    6    4      87.94287302    0.00000251   42   A+     3
    0    0    0   16    1   15      90.56924713    0.00000128   37   A+     1
    0    0    0   12    5    7      90.90209476    0.00000664   38   A+     3
    0    0    0   15    3   13      91.44858805    0.00000079   50   A+     2
    0    0    0   14    4   10      93.37424675    0.00000113   43   A+     3
    0    0    0   17    1   17      94.17111178    0.00000141   38   A+     1
    0    0    0   10    6    4      94.31687836    0.00000539   43   A+     4
    0    0    0   16    2   14      95.29429298    0.00000103   49   A+     2
    0    0    0    7    7    1      98.46335790    0.00000840   30   A+     4
    0    0    0   13    5    9      99.19749635    0.00000588   47   A+     3
    0    0    0   11    6    6     101.32942428    0.00001094   43   A+     3
    0    0    0   16    3   13     102.11651629    0.00000139   42   A+     2
    0    0    0   15    4   12     102.95613155    0.00000203   51   A+     2
    0    0    0   17    2   16     103.22437656    0.00000125   49   A+     1
    0    0    0    8    7    1     103.56108379    0.00001525   35   A+     4
    0    0    0   18    0   18     104.86507802    0.00000150   40   A+     1
    0    0    0   14    5    9     108.13414939    0.00000270   53   A+     3
    0    0    0   12    6    6     108.98085281    0.00001881   41   A+     4
    0    0    0    9    7    3     109.29654723    0.00000838   38   A+     4
    0    0    0   17    3   15     112.53332122    0.00000094   58   A+     2
    0    0    0   18    1   17     113.00190103    0.00000104   41   A+     1
    0    0    0   16    4   12     113.21873466    0.00000176   51   A+     3
    0    0    0   10    7    3     115.66992296    0.00001524   36   A+     4
    0    0    0   19    1   19     116.35906138    0.00000224   41   A+     1
    0    0    0   13    6    8     117.27147199    0.00000323   43   A+     3
    0    0    0   15    5   11     117.71195646    0.00000450   45   A+     3
    0    0    0   18    2   16     118.36569579    0.00000089   38   A+     2
    0    0    0   11    7    5     122.68141883    0.00001521   41   A+     4
    0    0    0   17    4   14     124.07227717    0.00000164   54   A+     2
    0    0    0   18    3   15     124.86392531    0.00000149   54   A+     2
    0    0    0   14    6    8     126.20173813    0.00001641   42   A+     4
    0    0    0   19    2   18     126.36762027    0.00000148   52   A+     1
    0    0    0   16    5   11     127.93310638    0.00000360   53   A+     3
    0    0    0    8    8    0     128.16779596    0.00004999   27   A+     5
    0    0    0   20    0   20     128.27070390    0.00000688   31   A+     1
    0    0    0   12    7    5     130.33121957    0.00003548   38   A+     4
    0    0    0    9    8    2     133.90347289    0.00004126   32   A+     4
    0    0    0   18    4   14     135.66494995    0.00000127   46   A+     3
    0    0    0   15    6   10     135.77201422    0.00001129   41   A+     3
    0    0    0   19    3   17     136.15711352    0.00000100   47   A+     2
    0    0    0   20    1   19     137.78323404    0.00000133   36   A+     1
    0    0    0   13    7    7     138.61964048    0.00001500   42   A+     4
    0    0    0   17    5   13     138.79551958    0.00000271   46   A+     3
    0    0    0   10    8    2     140.27687088    0.00003592   35   A+     5
    0    0    0   21    1   21     140.89286813    0.00000286   38   A+     1
    0    0    0   20    2   18     144.03673165    0.00000110   44   A+     2
    0    0    0   16    6   10     145.98277905    0.00000319   46   A+     4
    0    0    0   11    8    4     147.28827158    0.00003327   39   A+     4
    0    0    0   14    7    7     147.54687638    0.00003307   42   A+     4
    0    0    0   19    4   16     147.76906008    0.00000105   43   A+     2
    0    0    0   18    5   13     150.30519017    0.00000223   45   A+     3
    0    0    0   20    3   17     150.34522148    0.00000107   50   A+     2
    0    0    0   21    2   20     151.92274837    0.00000182   47   A+     1
    0    0    0   22    0   22     154.00222314    0.00001311   35   A+     1
    0    0    0   12    8    4     154.93763834    0.00003199   43   A+     5
    0    0    0   17    6   12     156.83445484    0.00001212   48   A+     3
    0    0    0   15    7    9     157.11327374    0.00000326   41   A+     4
    0    0    0   20    4   16     160.73531901    0.00000118   49   A+     3
    0    0    0    9    9    1     161.74927778    0.00005513   19   A+     5
    0    0    0   21    3   19     162.30314750    0.00000125   52   A+     2
    0    0    0   19    5   15     162.45382352    0.00000165   44   A+     3
    0    0    0   13    8    6     163.22531863    0.00000332   42   A+     4
    0    0    0   22    1   21     164.87632157    0.00000198   38   A+     1
    0    0    0   16    7    9     167.31906762    0.00001452   44   A+     4
    0    0    0   23    1   23     167.76823344    0.00000207   38   A+     1
    0    0    0   10    9    1     168.12321225    0.00004292   32   A+     5
    0    0    0   18    6   12     168.32767652    0.00001039   43   A+     4
    0    0    0   14    8    6     172.15134495    0.00003265   41   A+     5
    0    0    0   22    2   20     172.25192045    0.00000106   39   A+     2
    0    0    0   21    4   18     174.04736668    0.00000281   48   A+     2
    0    0    0   11    9    3     175.13501435    0.00000266   42   A+     5
    0    0    0   20    5   15     175.25802307    0.00000684   42   A+     3
    0    0    0   17    7   11     178.16464372    0.00002744   39   A+     4
    0    0    0   22    3   19     178.56937110    0.00000127   50   A+     2
    0    0    0   23    2   22     179.87107380    0.00000210   43   A+     1
    0    0    0   19    6   14     180.46274808    0.00000903   47   A+     3
    0    0    0   15    8    8     181.71598974    0.00003615   43   A+     4
    0    0    0   24    0   24     182.06272889    0.00000974   35   A+     1
    0    0    0   12    9    3     182.78469497    0.00000124   39   A+     5
    0    0    0   22    4   18     188.45953453    0.00000084   47   A+     3
    0    0    0   21    5   17     188.69273976    0.00000099   46   A+     3
    0    0    0   18    7   11     189.65029071    0.00002470   41   A+     4
    0    0    0   23    3   21     190.95119453    0.00000155   44   A+     2
    0    0    0   13    9    5     191.07237542    0.00000167   46   A+     5
    0    0    0   16    8    8     191.91935832    0.00003931   41   A+     5
    0    0    0   20    6   14     193.24068235    0.00000689   48   A+     4
    0    0    0   24    1   23     194.26430449    0.00000264   33   A+     1
    0    0    0   25    1   25     196.98222175    0.00000939   39   A+     1
    0    0    0   10   10    0     199.19240374    0.00004628   22   A+     6
    0    0    0   14    9    5     199.99824653    0.00000266   44   A+     5
    0    0    0   19    7   13     201.77635488    0.00002483   41   A+     4
    0    0    0   17    8   10     202.76177009    0.00003392   40   A+     4
    0    0    0   22    5   17     202.80119507    0.00000066   46   A+     3
    0    0    0   23    4   20     202.90436870    0.00000066   38   A+     2
    0    0    0   24    2   22     202.94787607    0.00000161   39   A+     2
    0    0    0   11   10    2     206.20511304    0.00000208   35   A+     5
    0    0    0   21    6   16     206.66127273    0.00000500   49   A+     3
    0    0    0   24    3   21     209.52056253    0.00000190   41   A+     2
    0    0    0   15    9    7     209.56239652    0.00000266   40   A+     5
    0    0    0   25    2   24     210.19638965    0.00000236   43   A+     1
    0    0    0   26    0   26     212.45404953    0.00003800   30   A+     1
    0    0    0   12   10    2     213.85559998    0.00000128   38   A+     6
    0    0    0   18    8   10     214.24347817    0.00000960   43   A+     5
    0    0    0   20    7   13     214.54325733    0.00000324   43   A+     4
    0    0    0   23    5   19     217.51793938    0.00000387   45   A+     3
    0    0    0   24    4   20     218.87395911    0.00000290   41   A+     3
    0    0    0   16    9    7     219.76495501    0.00000266   42   A+     5
    0    0    0   22    6   16     220.72662349    0.00000402   42   A+     4
    0    0    0   25    3   23     222.07868124    0.00000186   41   A+     2
    0    0    0   13   10    4     222.14399058    0.00000158   41   A+     5
    0    0    0   26    1   25     225.94571254    0.00001001   36   A+     1
    0    0    0   19    8   12     226.36469080    0.00000332   44   A+     4
    0    0    0   21    7   15     227.95142342    0.00000329   45   A+     4
    0    0    0   27    1   27     228.53272527    0.00000961   35   A+     1
    0    0    0   17    9    9     230.60611010    0.00000204   39   A+     5
    0    0    0   14   10    4     231.07043363    0.00000160   41   A+     6
    0    0    0   24    5   19     232.94714372    0.00000301   47   A+     3
    0    0    0   25    4   22     234.33279759    0.00000208   48   A+     2
    0    0    0   23    6   18     235.43489204    0.00000226   46   A+     3
    0    0    0   26    2   24     236.05736439    0.00000422   34   A+     2
    0    0    0   20    8   12     239.12570286    0.00000316   42   A+     5
    0    0    0   11   11    1     240.48086183    0.00000333   21   A+     6
    0    0    0   15   10    6     240.63500285    0.00000265   40   A+     5
    0    0    0   22    7   15     242.00125173    0.00000323   42   A+     4
    0    0    0   18    9    9     242.08601614    0.00000266   41   A+     5
    0    0    0   27    2   26     242.88536491    0.00000843   42   A+     1
    0    0    0   26    3   23     243.16166177    0.00000224   44   A+     2
    0    0    0   28    0   28     245.17740259    0.00000967   30   A+     1
    0    0    0   12   11    1     248.13254137    0.00000496   27   A+     6
    0    0    0   25    5   21     248.93432182    0.00000127   42   A+     3
    0    0    0   24    6   18     250.79107976    0.00000199   41   A+     4
    0    0    0   16   10    6     250.83775718    0.00000144   44   A+     6
    0    0    0   26    4   22     252.01741655    0.00000155   46   A+     3
    0    0    0   21    8   14     252.52676338    0.00003159   42   A+     4
    0    0    0   19    9   11     254.20487607    0.00000165   41   A+     5
    0    0    0   27    3   25     255.66194900    0.00000283   42   A+     2
    0    0    0   13   11    3     256.42210375    0.00000495   33   A+     6
    0    0    0   23    7   17     256.69317869    0.00001144   45   A+     4
    0    0    0   28    1   27     259.92682791    0.00000329   35   A+     1
    0    0    0   17   10    8     261.67884062    0.00000160   40   A+     5
    0    0    0   29    1   29     262.41822557    0.00003995   30   A+     1
    0    0    0   14   11    3     265.34966412    0.00000200   33   A+     6
    0    0    0   26    5   21     265.71234819    0.00000249   46   A+     3
    0    0    0   22    8   14     266.56822568    0.00003154   41   A+     5
    0    0    0   25    6   20     266.78883746    0.00000729   46   A+     3
    0    0    0   20    9   11     266.96282021    0.00000133   42   A+     5
    0    0    0   27    4   24     268.32065600    0.00000200   44   A+     2
    0    0    0   28    2   26     271.51761389    0.00000306   38   A+     2
    0    0    0   24    7   17     272.02776600    0.00000325   41   A+     4
    0    0    0   18   10    8     273.15837273    0.00000175   35   A+     6
    0    0    0   15   11    5     274.91526037    0.00002486   38   A+     6
    0    0    0   29    2   28     277.92761716    0.00001905   36   A+     1
    0    0    0   28    3   25     279.44047258    0.00000599   39   A+     2
    0    0    0   30    0   30     280.23298556    0.00000974   28   A+     1
    0    0    0   21    9   13     280.36011476    0.00000266   42   A+     5
    0    0    0   23    8   16     281.25027622    0.00000332   43   A+     4
    0    0    0   27    5   23     282.94515166    0.00000256   38   A+     3
    0    0    0   26    6   20     283.44050723    0.00000315   46   A+     4
    0    0    0   16   11    5     285.11897439    0.00000200   32   A+     6
    0    0    0   19   10   10     285.27649124    0.00000166   40   A+     5
    0    0    0   12   12    0     285.59617762    0.00004885   22   A+     7
    0    0    0   28    4   24     287.92225407    0.00000350   40   A+     3
    0    0    0   25    7   19     288.00527093    0.00000934   49   A+     4
    0    0    0   29    3   27     291.67744507    0.00000745   37   A+     2
    0    0    0   13   12    2     293.88732999    0.00004160   29   A+     6
    0    0    0   22    9   13     294.39691714    0.00000266   32   A+     5
    0    0    0   17   11    7     295.96085405    0.00000200   39   A+     6
    0    0    0   30    1   29     296.21578125    0.00000696   34   A+     1
    0    0    0   24    8   16     296.57335599    0.00003345   34   A+     5
    0    0    0   20   10   10     298.03327335    0.00000115   43   A+     6
    0    0    0   31    1   31     298.63782845    0.00003847   29   A+     1
    0    0    0   27    6   22     300.72860573    0.00000308   49   A+     3
    0    0    0   28    5   23     301.11871053    0.00000276   44   A+     3
    0    0    0   14   12    2     302.81638684    0.00003759   30   A+     7
    0    0    0   26    7   19     304.62663373    0.00000793   44   A+     4
    0    0    0   29    4   26     304.85138183    0.00000489   45   A+     2
    0    0    0   18   11    7     307.44100298    0.00000230   37   A+     6
    0    0    0   23    9   15     309.07344698    0.00000266   34   A+     5
    0    0    0   30    2   28     309.28044872    0.00000325   35   A+     2
    0    0    0   21   10   12     311.42892838    0.00000263   38   A+     5
    0    0    0   15   12    4     312.38351734    0.00004240   31   A+     6
    0    0    0   25    8   18     312.53769604    0.00003332   37   A+     4
    0    0    0   31    2   30     315.31536594    0.00000946   35   A+     1
    0    0    0   32    0   32     317.62074412    0.00004346   28   A+     1
    0    0    0   30    3   27     318.29433458    0.00000232   41   A+     2
    0    0    0   28    6   22     318.68268446    0.00000159   42   A+     4
    0    0    0   29    5   25     319.55123019    0.00000165   39   A+     3
    0    0    0   19   11    9     319.55950490    0.00002027   30   A+     6
    0    0    0   27    7   21     321.89170936    0.00000518   46   A+     4
    0    0    0   16   12    4     322.58868158    0.00004040   33   A+     7
    0    0    0   24    9   15     324.38997541    0.00000266   35   A+     5
    0    0    0   22   10   12     325.46355075    0.00000144   40   A+     6
    0    0    0   30    4   26     326.60339249    0.00000301   44   A+     3
    0    0    0   26    8   18     329.14380863    0.00003131   34   A+     5
    0    0    0   31    3   29     330.10297126    0.00000873   38   A+     2
    0    0    0   20   11    9     332.31644124    0.00000230   36   A+     6
    0    0    0   17   12    6     333.43202574    0.00003564   34   A+     6
    0    0    0   13   13    1     334.51876088    0.00004706   19   A+     7
    0    0    0   32    1   31     334.81960561    0.00003894   33   A+     1
    0    0    0   33    1   33     337.19052247    0.00000971   24   A+     1
    0    0    0   29    6   24     337.25976718    0.00000155   40   A+     3
    0    0    0   30    5   25     339.19479139    0.00000165   40   A+     3
    0    0    0   28    7   21     339.80219817    0.00000416   41   A+     4
    0    0    0   23   10   14     340.13729684    0.00000160   37   A+     5
    0    0    0   25    9   17     340.34670494    0.00000315   38   A+     5
    0    0    0   14   13    1     343.44966628    0.00003700   26   A+     7
    0    0    0   31    4   28     343.90457030    0.00001107   40   A+     2
    0    0    0   18   12    6     344.91353999    0.00004028   33   A+     7
    0    0    0   21   11   11     345.71191340    0.00000333   37   A+     6
    0    0    0   27    8   20     346.39189212    0.00003188   39   A+     4
    0    0    0   32    2   30     349.31870918    0.00000324   31   A+     2
    0    0    0   15   13    3     353.01880239    0.00000818   28   A+     7
    0    0    0   33    2   32     355.04295542    0.00003407   33   A+     1
    0    0    0   24   10   14     355.45036945    0.00000203   41   A+     6
    0    0    0   30    6   24     356.52718008    0.00000199   38   A+     4
    0    0    0   26    9   17     356.94390992    0.00000332   35   A+     5
    0    0    0   19   12    8     357.03329559    0.00003804   33   A+     6
    0    0    0   34    0   34     357.34045590    0.00000699   30   A+     1
    0    0    0   29    7   23     358.35685122    0.00000264   36   A+     4
    0    0    0   31    5   27     358.74991766    0.00000296   35   A+     3
    0    0    0   32    3   29     359.65305586    0.00000327   35   A+     2
    0    0    0   22   11   11     359.74604653    0.00000200   30   A+     6
    0    0    0   16   13    3     363.22595439    0.00004207   26   A+     7
    0    0    0   28    8   20     364.28254885    0.00002146   40   A+     5
    0    0    0   32    4   28     368.05083993    0.00001336   37   A+     3
    0    0    0   20   12    8     369.79138898    0.00004138   32   A+     7
    0    0    0   33    3   31     370.91854477    0.00001455   37   A+     2
    0    0    0   25   10   16     371.40289954    0.00000213   37   A+     5
    0    0    0   17   13    5     374.07123464    0.00004729   28   A+     7
    0    0    0   27    9   19     374.18182296    0.00003465   34   A+     5
    0    0    0   23   11   13     374.41888890    0.00000171   36   A+     6
    0    0    0   34    1   33     375.74317640    0.00000968   31   A+     1
    0    0    0   31    6   26     376.38759385    0.00000406   45   A+     3
    0    0    0   30    7   23     377.55928982    0.00000887   40   A+     4
    0    0    0   35    1   35     378.07544070    0.00000972   28   A+     1
    0    0    0   32    5   27     379.97566480    0.00000436   40   A+     3
    0    0    0   29    8   22     382.81588207    0.00000329   34   A+     4
    0    0    0   21   12   10     383.18776335    0.00003939   35   A+     6
    0    0    0   33    4   30     385.45689582    0.00001832   36   A+     2
    0    0    0   18   13    5     385.55478598    0.00003969   29   A+     7
    0    0    0   14   14    0     387.22760817    0.00000821   19   A+     8
    0    0    0   26   10   16     387.99508820    0.00000149   34   A+     6
    0    0    0   24   11   13     389.73061162    0.00000331   36   A+     6
    0    0    0   34    2   32     391.62504769    0.00001525   30   A+     2
    0    0    0   28    9   19     392.06062756    0.00000332   40   A+     5
    0    0    0   15   14    2     396.79896366    0.00003980   27   A+     7
    0    0    0   32    6   26     396.98610206    0.00000270   36   A+     4
    0    0    0   35    2   34     397.10653205    0.00000964   36   A+     1
    0    0    0   22   12   10     397.22259764    0.00002850   31   A+     7
    0    0    0   31    7   25     397.40530209    0.00000327   38   A+     4
    0    0    0   19   13    7     397.67642862    0.00003969   28   A+     7
    0    0    0   36    0   36     399.39167980    0.00000843   28   A+     1
    0    0    0   33    5   29     400.53436241    0.00000274   35   A+     3
    0    0    0   30    8   22     401.99250799    0.00001605   34   A+     5
    0    0    0   34    3   31     403.44244561    0.00002377   31   A+     2
    0    0    0   27   10   18     405.22700546    0.00000333   38   A+     5
    0    0    0   25   11   15     405.68130821    0.00000496   33   A+     6
    0    0    0   16   14    2     407.00852157    0.00004243   25   A+     8
    0    0    0   20   13    7     410.43636403    0.00003688   32   A+     7
    0    0    0   29    9   21     410.58073365    0.00003152   39   A+     5
    0    0    0   23   12   12     411.89593696    0.00003540   34   A+     6
    0    0    0   34    4   30     412.22976094    0.00000331   32   A+     3
    0    0    0   35    3   33     414.10716717    0.00001485   39   A+     2
    0    0    0   17   14    4     417.85615938    0.00004456   27   A+     7
    0    0    0   32    7   25     417.90331611    0.00000132   36   A+     4
    0    0    0   33    6   28     418.11650015    0.00000132   42   A+     3
    0    0    0   36    1   35     418.99019684    0.00004326   27   A+     1
    0    0    0   37    1   37     421.29180761    0.00000600   29   A+     1
    0    0    0   31    8   24     421.81275576    0.00001217   38   A+     4
    0    0    0   26   11   15     422.27109787    0.00000166   27   A+     6
    0    0    0   28   10   18     423.09898775    0.00000167   30   A+     6
    0    0    0   34    5   29     423.49996451    0.00001179   34   A+     3
    0    0    0   21   13    9     423.83444351    0.00003992   33   A+     7
    0    0    0   24   12   12     427.20785434    0.00004143   31   A+     7
    0    0    0   18   14    4     429.34205878    0.00000398   31   A+     8
    0    0    0   35    4   32     429.48328576    0.00002570   33   A+     2
    0    0    0   30    9   21     429.74236041    0.00000332   37   A+     5
    0    0    0   36    2   34     436.20482001    0.00004063   32   A+     2
    0    0    0   22   13    9     437.87093778    0.00003308   32   A+     7
    0    0    0   33    7   27     439.04213544    0.00000160   45   A+     4
    0    0    0   27   11   17     439.50001470    0.00000316   34   A+     6
    0    0    0   34    6   28     440.07541680    0.00000165   33   A+     4
    0    0    0   19   14    6     441.46621684    0.00004118   28   A+     7
    0    0    0   37    2   36     441.50326573    0.00000972   32   A+     1
    0    0    0   29   10   20     441.61116200    0.00000333   31   A+     5
    0    0    0   32    8   24     442.27730136    0.00000669   37   A+     5
    0    0    0   25   12   14     443.15840185    0.00001523   30   A+     6
    0    0    0   15   15    1     443.70033633    0.00004667   19   A+     8
    0    0    0   38    0   38     443.77374721    0.00001568   28   A+     1
    0    0    0   35    5   31     444.89329025    0.00001410   29   A+     3
    0    0    0   31    9   23     449.54579075    0.00000332   37   A+     5
    0    0    0   36    3   33     449.59091616    0.00003108   27   A+     2
    0    0    0   23   13   11     452.54576899    0.00004030   31   A+     7
    0    0    0   16   15    1     453.91254329    0.00004417   21   A+     8
    0    0    0   20   14    6     454.22854763    0.00003983   27   A+     8
    0    0    0   28   11   17     457.36833833    0.00000167   31   A+     6
    0    0    0   36    4   32     459.08609033    0.00002879   31   A+     3
    0    0    0   37    3   35     459.65499017    0.00003375   34   A+     2
    0    0    0   26   12   14     459.74761190    0.00000971   27   A+     7
    0    0    0   30   10   20     460.76367131    0.00000333   31   A+     6
    0    0    0   34    7   27     460.84059745    0.00000212   35   A+     4
    0    0    0   35    6   30     462.44948018    0.00000230   37   A+     3
    0    0    0   33    8   26     463.38612017    0.00000509   36   A+     4
    0    0    0   38    1   37     464.56252045    0.00005041   27   A+     1
    0    0    0   17   15    3     464.76302581    0.00000398   26   A+     8
    0    0    0   39    1   39     466.83875026    0.00001537   27   A+     1
    0    0    0   21   14    8     467.62915066    0.00003674   29   A+     7
    0    0    0   24   13   11     467.85892515    0.00004214   25   A+     7
    0    0    0   36    5   31     469.80293465    0.00000314   30   A+     3
    0    0    0   32    9   23     469.99131497    0.00003672   28   A+     5
    0    0    0   29   11   19     475.87606754    0.00000333   32   A+     6
    0    0    0   37    4   34     475.95828442    0.00000326   34   A+     2
    0    0    0   18   15    3     476.25171833    0.00004186   27   A+     8
    0    0    0   27   12   16     476.97566564    0.00003954   28   A+     6
    0    0    0   31   10   22     480.55671779    0.00003813   33   A+     5
    0    0    0   22   14    8     481.66801800    0.00003565   31   A+     8
    0    0    0   38    2   36     483.06850405    0.00000977   30   A+     2
    0    0    0   35    7   29     483.27234963    0.00000253   29   A+     4
    0    0    0   25   13   13     483.81067332    0.00003810   32   A+     7
    0    0    0   34    8   26     485.14053112    0.00000332   35   A+     5
    0    0    0   36    6   30     485.81586014    0.00000365   34   A+     4
    0    0    0   39    2   38     488.23102864    0.00001551   26   A+     1
    0    0    0   19   15    5     488.37885566    0.00004081   26   A+     8
    0    0    0   40    0   40     490.48587123    0.00000970   26   A+     1
    0    0    0   33    9   25     491.07935562    0.00000332   34   A+     5
    0    0    0   37    5   33     491.81068840    0.00000915   32   A+     3
    0    0    0   28   12   16     494.84256768    0.00000333   30   A+     7
    0    0    0   30   11   19     495.02347119    0.00000316   29   A+     6
    0    0    0   23   14   10     496.34519089    0.00003799   30   A+     7
    0    0    0   38    3   35     498.03922474    0.00000310   29   A+     2
    0    0    0   26   13   13     500.40079354    0.00003619   30   A+     7
    0    0    0   32   10   22     500.99065874    0.00000332   34   A+     6
    0    0    0   20   15    5     501.14424014    0.00003834   29   A+     8
    0    0    0   16   16    0     503.91351218    0.00005122   15   A+     9
    0    0    0   36    7   29     506.37858837    0.00000495   26   A+     4
    0    0    0   35    8   28     507.53975715    0.00000967   29   A+     4
    0    0    0   39    3   37     507.55106128    0.00004225   26   A+     2
    0    0    0   38    4   34     508.55293665    0.00000229   33   A+     3
    0    0    0   37    6   32     509.38722657    0.00000566   32   A+     3
    0    0    0   24   14   10     511.66062137    0.00003869   32   A+     8
    0    0    0   40    1   39     512.46098542    0.00000978   28   A+     1
    0    0    0   34    9   25     512.81006914    0.00003401   32   A+     5
    0    0    0   29   12   18     513.34850577    0.00000316   28   A+     6
    0    1    0    0    0    0     513.53912791    0.00029687    2   A-     2
    0    0    0   21   15    7     514.54775722    0.00004283   28   A+     8
    0    0    0   41    1   41     514.71572957    0.00005111   23   A+     1
    0    0    0   17   16    2     514.76698614    0.00005326   22   A+     8
    0    0    0   31   11   21     514.81050407    0.00000973   28   A+     6
    0    1    0    2    0    2     515.44548250    0.00007081    9   A+     3
    0    1    0    1    1    1     515.83607471    0.00008165    6   A+     2
    0    1    0    2    1    1     517.21315684    0.00007330    8   A+     2
    0    0    0   27   13   15     517.62947713    0.00004214   30   A+     7
    0    1    0    3    1    3     518.88392644    0.00000327   15   A+     3
    0    0    0   38    5   33     518.90596182    0.00000295   29   A+     3
    0    1    0    4    0    4     519.88007558    0.00000327   14   A+     4
    0    1    0    4    1    3     521.84554284    0.00005653   15   A+     3
    0    0    0   33   10   24     522.06551892    0.00000167   33   A+     5
    0    1    0    2    2    0     522.19744501    0.00009534    6   A+     4
    0    1    0    3    2    2     524.10425048    0.00006584   12   A+     2
    0    1    0    5    1    5     524.36348659    0.00006095   14   A+     4
    0    0    0   39    4   36     524.85724687    0.00003540   34   A+     2
    0    0    0   18   16    2     526.25894809    0.00004634   21   A+     9
    0    1    0    4    2    2     526.66555449    0.00007470   10   A+     5
    0    1    0    6    0    6     526.80879155    0.00005956   13   A+     5
    0    0    0   25   14   12     527.61445250    0.00004778   23   A+     7
    0    0    0   22   15    7     528.58959260    0.00003762   28   A+     8
    0    1    0    6    1    5     529.11399684    0.00000332   16   A+     4
    0    1    0    5    2    4     529.82441503    0.00000333   12   A+     3
    0    0    0   37    7   31     530.10111655    0.00000166   35   A+     4
    0    0    0   36    8   28     530.58635536    0.00000166   30   A+     5
    0    0    0   40    2   38     532.22702116    0.00000970   26   A+     2
    0    1    0    7    1    7     532.26499534    0.00005826   16   A+     5
    0    0    0   30   12   18     532.49339063    0.00000969   28   A+     7
    0    1    0    3    3    1     532.53807692    0.00008450    7   A+     4
    0    1    0    6    2    4     533.71954441    0.00005606   15   A+     6
    0    0    0   38    6   32     534.23442247    0.00000293   31   A+     4
    0    1    0    4    3    1     535.08476118    0.00006254   11   A+     4
    0    0    0   35    9   27     535.18407663    0.00001499   30   A+     5
    0    0    0   32   11   21     535.23747176    0.00004311   26   A+     6
    0    0    0   28   13   15     535.49666913    0.00004136   27   A+     7
    0    1    0    8    0    8     536.18333971    0.00006014   14   A+     6
    0    0    0   41    2   40     537.28841013    0.00003985   24   A+     1
    0    1    0    7    2    6     538.07687856    0.00000329   19   A+     4
    0    1    0    5    3    3     538.26868896    0.00005608   16   A+     5
    0    0    0   19   16    4     538.38924557    0.00004124   23   A+     8
    0    1    0    8    1    7     539.00273829    0.00000329   18   A+     5
    0    0    0   42    0   42     539.52747860    0.00003983   25   A+     1
    0    0    0   39    5   35     541.26653116    0.00000332   28   A+     3
    0    1    0    6    3    3     542.09259681    0.00005469   14   A+     5
    0    1    0    9    1    9     542.57538986    0.00000332   17   A+     6
    0    0    0   23   15    9     543.26973121    0.00000333   28   A+     8
    0    1    0    8    2    6     543.39856555    0.00000332   16   A+     7
    0    0    0   34   10   24     543.78175090    0.00003592   30   A+     6
    0    0    0   26   14   12     544.20659002    0.00004407   28   A+     8
    0    1    0    7    3    5     546.55217774    0.00005419   16   A+     6
    0    1    0    4    4    0     546.88143422    0.00007551    7   A+     6
    0    1    0   10    0   10     547.94974702    0.00005969   13   A+     7
    0    0    0   40    3   37     548.74801137    0.00000978   26   A+     2
    0    1    0    9    2    8     548.85094574    0.00004987   19   A+     5
    0    1    0    5    4    2     550.06455939    0.00008636    7   A+     4
    0    0    0   20   16    4     551.15804589    0.00004522   23   A+     9
    0    1    0   10    1    9     551.48786668    0.00005425   16   A+     6
    0    1    0    8    3    5     551.66074830    0.00005591   16   A+     6
    0    0    0   31   12   20     552.27742058    0.00003910   27   A+     6
    0    1    0    6    4    2     553.88494389    0.00006923   11   A+     7
    0    0    0   29   13   17     554.00257701    0.00004066   26   A+     7
    0    0    0   37    8   30     554.27772049    0.00000163   32   A+     4
    0    0    0   38    7   31     554.52642590    0.00000164   31   A+     4
    0    1    0   11    1   11     555.28043508    0.00000333   17   A+     7
    0    1    0   10    2    8     555.74329849    0.00000333   22   A+     8
    0    0    0   33   11   23     556.30439387    0.00000165   30   A+     6
    0    1    0    9    3    7     557.39269137    0.00005669   16   A+     7
    0    0    0   41    3   39     557.78743357    0.00004445   27   A+     2
    0    0    0   36    9   27     558.20150111    0.00001487   28   A+     5
    0    1    0    7    4    4     558.34358573    0.00006476   14   A+     5
    0    0    0   24   15    9     558.58820109    0.00000266   28   A+     8
    0    0    0   39    6   34     558.92733766    0.00001507   30   A+     3
    0    0    0   40    4   36     560.55449487    0.00004119   28   A+     3
    0    0    0   27   14   14     561.43714931    0.00003936   30   A+     7
    0    1    0   12    0   12     562.06322373    0.00006103   17   A+     8
    0    1    0   11    2   10     562.13255042    0.00005032   21   A+     6
    0    0    0   42    1   41     562.68619042    0.00005003   24   A+     1
    0    1    0    8    4    4     563.44054026    0.00006797   10   A+     8
    0    1    0   10    3    7     563.80335972    0.00005567   17   A+     7
    0    0    0   21   16    6     564.56504383    0.00004411   24   A+     8
    0    0    0   43    1   43     564.92156439    0.00005083   18   A+     1
    0    1    0    5    5    1     565.21960946    0.00008168    9   A+     6
    0    0    0   35   10   26     566.13937988    0.00001832   27   A+     5
    0    1    0   12    1   11     566.53532977    0.00005781   17   A+     7
    0    0    0   17   17    1     567.84183776    0.00005375   19   A+     9
    0    1    0    6    5    1     569.03946602    0.00006184   12   A+     6
    0    1    0    9    4    6     569.17635411    0.00006844   11   A+     6
    0    1    0   13    1   13     570.36578992    0.00000333   17   A+     8
    0    1    0   12    2   10     570.78154418    0.00000334   15   A+     9
    0    1    0   11    3    9     570.79386733    0.00005390   17   A+     8
    0    0    0   40    5   35     570.80708637    0.00004053   26   A+     3
    0    0    0   32   12   20     572.70071536    0.00000316   29   A+     7
    0    0    0   30   13   17     573.14717606    0.00003989   26   A+     7
    0    1    0    7    5    3     573.49663553    0.00007476   10   A+     7
    0    0    0   25   15   11     574.54489096    0.00003883   27   A+     8
    0    1    0   10    4    6     575.55247010    0.00006415   10   B+     9
    0    0    0   41    4   38     576.15741500    0.00003764   31   A+     2
    0    1    0   13    2   12     577.90497709    0.00000333   20   A+     7
    0    0    0   34   11   23     578.01159515    0.00003925   27   A+     6
    0    1    0   14    0   14     578.49742916    0.00006520   12   A+     9
    0    1    0   12    3    9     578.54192755    0.00000333   23   A+     8
    0    1    0    8    5    3     578.59155127    0.00005410   16   A+     7
    0    0    0   22   16    6     578.61048297    0.00000333   33   A+     9
    0    0    0   38    8   30     578.61924405    0.00000163   29   A+     5
    0    0    0   28   14   14     579.30604497    0.00004646   23   A+     8
    0    0    0   18   17    1     579.33731141    0.00005215   17   A+     9
    0    0    0   39    7   33     579.53314274    0.00000167   31   A+     4
    0    0    0   37    9   29     581.86270771    0.00000768   36   A+     5
    0    1    0   11    4    8     582.56771780    0.00005907   14   A+     7
    0    0    0   42    2   40     583.68921009    0.00004128   28   A+     2
    0    1    0   14    1   13     584.09985424    0.00005693   18   A+     8
    0    1    0    9    5    5     584.32451948    0.00006535   12   A+     8
    0    0    0   40    6   34     585.36442713    0.00000314   31   A+     4
    0    1    0   13    3   11     586.75631358    0.00004908   20   A+     9
    0    1    0    6    6    0     587.54349024    0.00006884    9   A+     8
    0    1    0   15    1   15     587.81856176    0.00000333   18   A+     9
    0    1    0   14    2   12     588.51843905    0.00000333   21   A+    10
    0    0    0   43    2   42     588.67434590    0.00004145   21   A+     1
    0    0    0   36   10   26     589.13870467    0.00000167   28   A+     6
    0    1    0   12    4    8     590.22749980    0.00005448   16   A+    10
    0    1    0   10    5    5     590.69567901    0.00007840    9   A+     8
    0    0    0   44    0   44     590.89766006    0.00004467   24   A+     1
    0    0    0   26   15   11     591.13989391    0.00004057   29   A+     8
    0    0    0   19   17    3     591.47146663    0.00004980   19   A+     9
    0    1    0    7    6    2     592.00058723    0.00008411   11   A+     6
    0    0    0   31   13   19     592.93044499    0.00000333   26   A+     7
    0    0    0   41    5   37     593.23731008    0.00000148   28   A+     3
    0    0    0   23   16    8     593.29423447    0.00000267   25   A+     8
    0    0    0   33   12   22     593.76337280    0.00000333   20   A+     6
    0    1    0   14    3   11     595.90622253    0.00005474   17   A+     9
    0    1    0   15    2   14     596.14924211    0.00006054   19   A+     8
    0    1    0    8    6    2     597.09448812    0.00007032   12   A+     9
    0    1    0   16    0   16     597.24325623    0.00005872   13   A+    10
    0    1    0   11    5    7     597.70584764    0.00006011   15   A+     9
    0    0    0   29   14   16     597.81330189    0.00004212   25   A+     7
    0    1    0   13    4   10     598.52350946    0.00005106   19   A+     8
    0    0    0   35   11   25     600.35897962    0.00003788   31   A+     6
    0    0    0   42    3   39     601.70079045    0.00005218   20   A+     2
    0    1    0    9    6    4     602.82621416    0.00007159   11   A+     7
    0    0    0   39    8   32     603.60422561    0.00000305   27   A+     4
    0    1    0   16    1   15     604.12601879    0.00006059   16   A+     9
    0    0    0   20   17    3     604.24395305    0.00004299   25   A+     9
    0    1    0   15    3   13     605.27681730    0.00005137   21   A+    10
    0    0    0   40    7   33     605.29551967    0.00000314   32   A+     4
    0    1    0   12    5    7     605.35546253    0.00006889   14   A+     9
    0    0    0   38    9   29     606.16822331    0.00000499   24   A+     5
    0    1    0   14    4   10     607.47411335    0.00005730   15   A+    11
    0    1    0   17    1   17     607.62792414    0.00005824   16   A+    10
    0    0    0   27   15   13     608.37313478    0.00003650   27   A+     8
    0    0    0   24   16    8     608.61639831    0.00004579   24   A+     9
    0    1    0   16    2   14     608.93643361    0.00007255   14   A+    11
    0    1    0   10    6    4     609.19576241    0.00008195   12   A+    10
    0    0    0   43    3   41     610.35791342    0.00005076   26   A+     2
    0    0    0   41    6   36     611.06348836    0.00002534   29   A+     3
    0    0    0   37   10   28     612.78005285    0.00003406   32   A+     5
    0    0    0   32   13   19     613.35253853    0.00000333   30   A+     7
    0    1    0   13    5    9     613.64503479    0.00005661   19   A+    10
    0    1    0    7    7    1     613.84201309    0.00006599   11   A+     8
    0    0    0   42    4   38     615.01055227    0.00000165   26   A+     3
    0    0    0   44    1   43     615.23757539    0.00004533   23   A+     1
    0    0    0   34   12   22     615.46537582    0.00003586   28   A+     7
    0    1    0   16    3   13     615.93408625    0.00000234   25   A+    10
    0    1    0   11    6    6     616.20327731    0.00006137   15   A+     8
    0    1    0   17    2   16     616.84459861    0.00000327   19   A+     9
    0    0    0   30   14   16     616.95900829    0.00004303   26   A+     8
    0    1    0   15    4   12     617.04945426    0.00000333   20   A+     9
    0    0    0   45    1   45     617.45579783    0.00004628   20   A+     1
    0    0    0   21   17    5     617.65499842    0.00005199   19   A+     9
    0    1    0   18    0   18     618.30164668    0.00005304   19   A+    10
    0    1    0    8    7    1     618.93612334    0.00006596   14   A+     8
    0    1    0   14    5    9     622.57523398    0.00005817   14   A+    10
    0    0    0   36   11   25     623.34705512    0.00000167   26   A+     6
    0    1    0   12    6    6     623.84921118    0.00006962   13   A+    11
    0    0    0   25   16   10     624.57680429    0.00005365   19   A+     8
    0    1    0    9    7    3     624.66755780    0.00006068   16   A+     9
    0    0    0   42    5   37     625.47796086    0.00004229   20   A+     3
    0    0    0   28   15   13     626.24490044    0.00004010   26   A+     8
    0    1    0   17    3   15     626.34758881    0.00000327   21   A+    11
    0    1    0   18    1   17     626.55366581    0.00006302   15   A+    10
    0    1    0   16    4   12     627.30417401    0.00000327   19   A+    12
    0    0    0   40    8   32     629.24427321    0.00000332   24   A+     5
    0    1    0   19    1   19     629.78546440    0.00005811   17   A+    10
    0    0    0   43    4   40     629.83861766    0.00005096   19   A+     2
    0    1    0   10    7    3     631.03632160    0.00006484   13   A+     9
    0    0    0   39    9   31     631.11820548    0.00000397   29   A+     5
    0    0    0   41    7   35     631.57243063    0.00000592   33   A+     4
    0    0    0   22   17    5     631.70447816    0.00004614   23   A+     9
    0    1    0   18    2   16     632.00139705    0.00005512   16   A+    11
    0    1    0   13    6    8     632.13400194    0.00005726   18   A+     9
    0    1    0   15    5   11     632.14626702    0.00006883   16   A+    11
    0    0    0   33   13   21     634.41349199    0.00003558   32   A+     7
    0    0    0   18   18    0     635.46050264    0.00005817   15   A+    12
    0    0    0   31   14   18     636.74320051    0.00004112   27   A+     7
    0    0    0   38   10   28     637.06353836    0.00000298   30   A+     6
    0    0    0   44    2   42     637.46136619    0.00004504   20   A+     2
    0    0    0   35   12   24     637.80697966    0.00000973   29   A+     6
    0    1    0   11    7    5     638.04294287    0.00005947   15   A+    10
    0    1    0   17    4   14     638.15066771    0.00000467   22   A+    10
    0    1    0   18    3   15     638.66458348    0.00000272   22   A+    11
    0    0    0   42    6   36     639.24388426    0.00003797   22   A+     4
    0    1    0   19    2   18     639.97010298    0.00000333   16   A+     9
    0    1    0   14    6    8     641.05792210    0.00005320   17   A+    12
    0    0    0   26   16   10     641.17543909    0.00003736   24   A+     9
    0    1    0   20    0   20     641.67699701    0.00005962   17   A+    10
    0    1    0   16    5   11     642.36012213    0.00005543   15   A+    11
    0    0    0   45    2   44     642.38742572    0.00005443   20   A+     1
    0    1    0    8    8    0     644.10196900    0.00007798   11   A+    10
    0    0    0   46    0   46     644.59574652    0.00004750   20   A+     1
    0    0    0   29   15   15     644.75476987    0.00004173   26   A+     8
    0    1    0   12    7    5     645.68738356    0.00005883   17   A+    10
    0    0    0   23   17    7     646.39229715    0.00003906   24   A+     9
    0    0    0   37   11   27     646.97566452    0.00000333   26   A+     6
    0    0    0   19   18    2     647.59823173    0.00004678   22   A+    10
    0    0    0   43    5   39     647.69742418    0.00000973   28   A+     3
    0    1    0   18    4   14     649.73401864    0.00005518   20   A+    13
    0    1    0    9    8    2     649.83374383    0.00006657   14   A+     8
    0    1    0   19    3   17     649.95623851    0.00005220   19   A+    11
    0    1    0   15    6   10     650.62135880    0.00005687   19   A+    10
    0    1    0   20    1   19     651.32841727    0.00005311   18   A+    10
    0    1    0   17    5   13     653.21483620    0.00005214   19   A+    12
    0    1    0   13    7    7     653.97006687    0.00004971   23   A+    11
    0    1    0   21    1   21     654.28503882    0.00006192   14   A+    10
    0    0    0   41    8   34     655.52383244    0.00000313   31   A+     4
    0    0    0   34   13   21     656.11321126    0.00000974   30   A+     7
    0    1    0   10    8    2     656.20260940    0.00006876   11   A+    11
    0    0    0   40    9   31     656.71348173    0.00000255   28   A+     5
    0    0    0   44    3   41     656.89857612    0.00000978   21   A+     2
    0    0    0   32   14   18     657.16585847    0.00003667   29   A+     8
    0    1    0   20    2   18     657.66733968    0.00006158   12   A+    11
    0    0    0   27   16   12     658.41232992    0.00004186   27   A+     8
    0    0    0   42    7   35     658.70076889    0.00000313   27   A+     4
    0    0    0   20   18    2     660.37493004    0.00004726   16   A+    12
    0    0    0   36   12   24     660.78805258    0.00004445   29   A+     7
    0    1    0   16    6   10     660.82494858    0.00005800   18   A+    13
    0    0    0   24   17    7     661.71845573    0.00004573   19   A+     9
    0    1    0   19    4   16     661.83107166    0.00006209   17   A+    11
    0    0    0   39   10   30     661.98955918    0.00000527   25   A+     5
    0    1    0   14    7    7     662.89093031    0.00004906   23   A+    11
    0    1    0   11    8    4     663.20914291    0.00007391   12   A+     9
    0    0    0   30   15   15     663.90303072    0.00003769   25   A+     8
    0    1    0   20    3   17     664.12825212    0.00005455   19   A+    11
    0    1    0   18    5   13     664.71610625    0.00005462   19   A+    12
    0    0    0   45    3   43     665.25854115    0.00005120   16   A+     2
    0    1    0   21    2   20     665.50521646    0.00005315   17   A+     9
    0    0    0   43    6   38     665.78518745    0.00000301   22   A+     3
    0    1    0   22    0   22     667.37366422    0.00005972   15   A+    10
    0    0    0   46    1   45     670.11505542    0.00001580   20   A+     1
    0    1    0   12    8    4     670.85303038    0.00005625   18   A+    12
    0    0    0   38   11   27     671.24522466    0.00004527   20   A+     6
    0    1    0   17    6   12     671.66892981    0.00005419   19   A+    11
    0    0    0   44    4   40     671.84161722    0.00000316   21   A+     3
    0    0    0   47    1   47     672.31733416    0.00004887   22   A+     1
    0    1    0   15    7    9     672.45064844    0.00005907   17   A+    12
    0    0    0   21   18    4     673.79019563    0.00004531   21   A+    10
    0    1    0   20    4   16     674.78545907    0.00000333   21   A+    13
    0    1    0   21    3   19     676.08610519    0.00000333   21   A+    11
    0    0    0   28   16   12     676.28746769    0.00000266   25   A+     9
    0    1    0   19    5   15     676.85625617    0.00005077   20   A+    12
    0    0    0   25   17    9     677.68291636    0.00004910   21   A+     9
    0    0    0   33   14   20     678.22705873    0.00004026   30   A+     7
    0    1    0    9    9    1     678.30852723    0.00009050    6   A+    10
    0    1    0   22    1   21     678.41193183    0.00004887   19   A+    10
    0    0    0   35   13   23     678.45200421    0.00004234   22   A+     7
    0    1    0   13    8    6     679.13495893    0.00005506   17   A+    10
    0    1    0   23    1   23     681.12219748    0.00005579   16   A+    10
    0    0    0   42    8   34     682.46730242    0.00000164   24   A+     5
    0    1    0   16    7    9     682.64923738    0.00005209   19   A+    12
    0    0    0   44    5   39     682.86654931    0.00000333   25   A+     3
    0    0    0   41    9   33     682.95374043    0.00000167   29   A+     5
    0    1    0   18    6   12     683.15403894    0.00005573   19   A+    14
    0    0    0   31   15   17     683.68948098    0.00004201   23   A+     8
    0    0    0   37   12   26     684.40920614    0.00004080   27   A+     6
    0    1    0   10    9    1     684.67806642    0.00006623   11   A+    10
    0    1    0   22    2   20     685.87922938    0.00005176   18   A+    11
    0    0    0   45    4   42     685.88393699    0.00005328   21   A+     2
    0    0    0   43    7   37     686.22168365    0.00000299   33   A+     4
    0    0    0   40   10   30     687.55830575    0.00000395   28   A+     6
    0    0    0   22   18    4     687.84400377    0.00004164   21   A+    12
    0    1    0   14    8    6     688.05467591    0.00005079   18   A+    13
    0    1    0   21    4   18     688.09141672    0.00004988   18   A+    11
    0    1    0   20    5   15     689.65118009    0.00006108   13   A+    12
    0    1    0   11    9    3     691.68503742    0.00006313   16   A+    11
    0    1    0   22    3   19     692.33535093    0.00004734   22   A+    11
    0    1    0   23    2   22     693.43105423    0.00005625   16   A+     9
    0    1    0   17    7   11     693.48712017    0.00004609   23   A+    13
    0    0    0   46    2   44     693.54799634    0.00001149   19   A+     2
    0    0    0   26   17    9     694.28588946    0.00004786   23   A+     9
    0    0    0   29   16   14     694.80087528    0.00000266   30   A+     8
    0    1    0   19    6   14     695.28049614    0.00005457   16   A+    12
    0    1    0   24    0   24     695.39469453    0.00007367    8   A+    10
    0    0    0   44    6   38     695.91017537    0.00000333   21   A+     4
    0    0    0   39   11   29     696.15564318    0.00000531   24   A+     6
    0    1    0   15    8    8     697.61262719    0.00004701   21   A+    11
    0    0    0   47    2   46     698.42694878    0.00004627   19   A+     1
    0    1    0   12    9    3     699.32942476    0.00005419   18   A+    11
    0    0    0   34   14   20     699.92680101    0.00004295   26   A+     8
    0    0    0   48    0   48     700.62058174    0.00004510   17   A+     1
    0    0    0   36   13   23     701.42978345    0.00004001   27   A+     7
    0    1    0   22    4   18     702.48832628    0.00000333   19   A+    13
    0    0    0   23   18    6     702.53632333    0.00004861   20   A+    10
    0    1    0   21    5   17     703.07662648    0.00000333   17   A+    12
    0    0    0   32   15   17     704.11410987    0.00004100   23   A+     8
    0    0    0   45    5   41     704.62011448    0.00000978   22   A+     3
    0    1    0   23    3   21     704.71692110    0.00005022   20   A+    11
    0    1    0   18    7   11     704.96464567    0.00005712   16   A+    13
    0    0    0   19   19    1     706.74118870    0.00006264   12   A+    13
    0    1    0   13    9    5     707.61137232    0.00005803   15   A+    12
    0    1    0   24    1   23     707.78611290    0.00005975   15   A+    10
    0    1    0   16    8    8     707.80893291    0.00005681   17   A+    14
    0    1    0   20    6   14     708.04934039    0.00005121   19   A+    14
    0    0    0   38   12   26     708.66992841    0.00000971   29   A+     7
    0    0    0   42    9   33     709.84059399    0.00000199   27   A+     5
    0    0    0   43    8   36     710.04108013    0.00000199   23   A+     4
    0    1    0   25    1   25     710.29389404    0.00005836   14   A+    10
    0    0    0   27   17   11     711.52727601    0.00000267   22   A+     9
    0    0    0   41   10   32     713.77005702    0.00002056   26   A+     5
    0    0    0   30   16   14     713.95270720    0.00005031   15   A+     9
    0    0    0   46    3   43     714.35214945    0.00000848   18   A+     2
    0    0    0   44    7   37     714.76139240    0.00000331   23   A+     4
    0    1    0   10   10    0     716.44490177    0.00006549   13   A+    12
    0    1    0   14    9    5     716.53116165    0.00005922   14   A+    12
    0    1    0   24    2   22     716.57349952    0.00006298   16   A+    11
    0    1    0   23    4   20     716.92949034    0.00005277   18   A+    11
    0    1    0   19    7   13     717.08224666    0.00005831   14   A+    14
    0    1    0   22    5   17     717.17446306    0.00005482   18   A+    12
    0    0    0   24   18    6     717.86726442    0.00004834   16   A+    12
    0    1    0   17    8   10     718.64386059    0.00005689   17   A+    12
    0    0    0   20   19    1     719.52229686    0.00005377   13   A+    13
    0    1    0   21    6   16     721.46044658    0.00005607   16   A+    12
    0    0    0   40   11   29     721.70727039    0.00004495   23   A+     6
    0    0    0   35   14   22     722.26504882    0.00004602   25   A+     7
    0    0    0   47    3   45     722.48579968    0.00004126   22   A+     2
    0    0    0   45    6   40     723.07718288    0.00000316   24   A+     3
    0    1    0   24    3   21     723.27149695    0.00000333   17   A+    11
    0    1    0   11   10    2     723.45272215    0.00005731   15   A+    10
    0    1    0   25    2   24     723.73109808    0.00000333   17   A+     9
    0    0    0   37   13   25     725.04658730    0.00000316   24   A+     7
    0    0    0   33   15   19     725.17724013    0.00004842   19   A+     8
    0    1    0   26    0   26     725.74225152    0.00006045   14   A+    10
    0    1    0   15    9    7     726.08864960    0.00005609   16   A+    13
    0    0    0   48    1   47     727.31793841    0.00004746   21   A+     1
    0    0    0   28   17   11     729.40677590    0.00000267   18   A+     9
    0    0    0   49    1   49     729.50521334    0.00005596   19   A+     1
    0    1    0   20    7   13     729.84021858    0.00005841   17   A+    14
    0    1    0   18    8   10     730.11766157    0.00005500   18   A+    15
    0    0    0   46    4   42     730.97731236    0.00000985   20   A+     3
    0    1    0   12   10    2     731.09799199    0.00005351   16   A+    13
    0    1    0   23    5   19     731.88151164    0.00000333   18   A+    12
    0    1    0   24    4   20     732.87870781    0.00000333   14   A+    13
    0    0    0   21   19    3     732.94231533    0.00005553   14   A+    13
    0    0    0   39   12   28     733.57078724    0.00004366   21   A+     6
    0    0    0   31   16   16     733.74243382    0.00004928   22   A+     8
    0    0    0   25   18    8     733.83664383    0.00004278   23   A+    10
    0    1    0   22    6   16     735.51590862    0.00005925   15   A+    14
    0    1    0   25    3   23     735.82611755    0.00005232   18   A+    11
    0    1    0   16    9    7     736.28422934    0.00005316   18   A+    13
    0    0    0   43    9   35     737.37271162    0.00000166   27   A+     5
    0    0    0   44    8   36     738.29525456    0.00000167   24   A+     5
    0    1    0   13   10    4     739.38083447    0.00006248   15   A+    11
    0    1    0   26    1   25     739.44868029    0.00006179   13   A+    10
    0    0    0   42   10   32     740.62519507    0.00001247   28   A+     6
    0    1    0   27    1   27     741.79785933    0.00005826   15   A+    10
    0    1    0   19    8   12     742.23033430    0.00005834   16   A+    13
    0    0    0   46    5   41     742.90441859    0.00000333   19   A+     3
    0    1    0   21    7   15     743.23889409    0.00005579   17   A+    14
    0    0    0   45    7   39     743.48150025    0.00002836   22   A+     4
    0    0    0   47    4   44     744.27968177    0.00004452   24   A+     2
    0    0    0   36   14   22     745.24190038    0.00000333   23   A+     8
    0    0    0   34   15   19     746.87836349    0.00004726   20   A+     8
    0    0    0   22   19    3     747.00098561    0.00006532   14   A+    13
    0    1    0   17    9    9     747.11789976    0.00005329   20   A+    14
    0    1    0   24    5   19     747.29856818    0.00005817   15   A+    12
    0    0    0   41   11   31     747.90032115    0.00004240   24   A+     6
    0    0    0   29   17   13     747.92454863    0.00004185   23   A+     9
    0    1    0   14   10    4     748.30117270    0.00005319   16   A+    14
    0    1    0   25    4   22     748.33799955    0.00005239   18   A+    11
    0    0    0   38   13   25     749.30252881    0.00000980   26   A+     7
    0    1    0   26    2   24     749.68249017    0.00005664   15   A+    11
    0    1    0   23    6   18     750.21367988    0.00005546   15   A+    12
    0    0    0   26   18    8     750.44436735    0.00004350   23   A+    12
    0    0    0   48    2   46     751.95132266    0.00004809   17   A+     2
    0    0    0   32   16   16     754.17028984    0.00004074   20   A+     9
    0    1    0   20    8   12     754.98244760    0.00005034   20   A+    15
    0    0    0   46    6   40     755.39047059    0.00000316   23   A+     4
    0    1    0   27    2   26     756.39172297    0.00004908   18   A+     9
    0    0    0   49    2   48     756.79164734    0.00004189   16   A+     1
    0    1    0   26    3   23     756.90052342    0.00005623   14   A+    11
    0    1    0   22    7   15     757.27887142    0.00005288   17   A+    14
    0    1    0   15   10    6     757.85918211    0.00005897   13   A+    12
    0    1    0   28    0   28     758.41723136    0.00006837   13   A+    10
    0    1    0   11   11    1     758.49290698    0.00008294    6   A+    12
    0    1    0   18    9    9     758.58988885    0.00005436   17   A+    14
    0    0    0   50    0   50     758.97133041    0.00005660   14   A+     1
    0    0    0   40   12   28     759.11151236    0.00004613   22   A+     7
    0    0    0   23   19    5     761.69821734    0.00004914   17   A+    13
    0    1    0   25    5   21     763.27602185    0.00005583   17   A+    12
    0    0    0   47    5   43     763.97911475    0.00003956   26   A+     3
    0    0    0   44    9   35     765.55329967    0.00000367   27   A+     5
    0    1    0   24    6   18     765.55907330    0.00005303   17   A+    14
    0    1    0   26    4   22     765.99597113    0.00007465   12   A+    13
    0    1    0   12   11    1     766.13936313    0.00005805   14   A+    12
    0    0    0   30   17   13     767.08044085    0.00005108   19   A+     9
    0    0    0   45    8   38     767.16057099    0.00000398   23   A+     4
    0    0    0   27   18   10     767.69056109    0.00004807   18   A+    10
    0    1    0   16   10    6     768.05495734    0.00004999   19   A+    15
    0    0    0   43   10   34     768.12384586    0.00000438   25   A+     5
    0    1    0   21    8   14     768.37411957    0.00005071   20   A+    13
    0    0    0   37   14   24     768.85730344    0.00000984   19   A+     7
    0    0    0   35   15   21     769.21807399    0.00005102   18   A+     8
    0    1    0   27    3   25     769.38994187    0.00005435   16   A+    11
    0    1    0   19    9   11     770.70035997    0.00005831   18   A+    15
    0    1    0   23    7   17     771.96059662    0.00006086   12   A+    14
    0    1    0   28    1   27     773.40586886    0.00005693   15   A+    10
    0    0    0   46    7   39     773.50248226    0.00000971   18   A+     4
    0    0    0   48    3   45     774.07526464    0.00000980   17   A+     2
    0    0    0   39   13   27     774.19781193    0.00004392   27   A+     7
    0    1    0   13   11    3     774.42339892    0.00005638   14   A+    13
    0    0    0   42   11   31     774.73485935    0.00001997   24   A+     6
    0    0    0   33   16   18     775.23646147    0.00004323   23   A+     8
    0    1    0   29    1   29     775.63292939    0.00007432   11   A+    10
    0    0    0   24   19    5     777.03430757    0.00004883   20   A+    13
    0    1    0   17   10    8     778.88865203    0.00005716   15   A+    13
    0    1    0   26    5   21     780.03949935    0.00005278   21   A+    12
    0    1    0   25    6   20     781.54557760    0.00006614   10   A+    12
    0    0    0   20   20    0     781.65798568    0.00007214   11   A+    16
    0    0    0   49    3   47     782.03789036    0.00005730   18   A+     2
    0    1    0   27    4   24     782.30531131    0.00005528   16   A+    11
    0    1    0   22    8   14     782.40586498    0.00006481   13   A+    15
    0    0    0   47    6   42     782.92023684    0.00004825   19   A+     3
    0    1    0   14   11    3     783.34491906    0.00005501   15   A+    13
    0    1    0   20    9   11     783.44957952    0.00005642   16   A+    15
    0    1    0   28    2   26     785.14259448    0.00006324   13   A+    11
    0    0    0   41   12   30     785.29243692    0.00004507   24   A+     6
    0    0    0   28   18   10     785.57496970    0.00004812   22   A+    12
    0    0    0   50    1   49     786.84556494    0.00004598   19   A+     1
    0    0    0   31   17   15     786.87457380    0.00004393   22   A+     9
    0    1    0   24    7   17     787.28434558    0.00004927   19   A+    14
    0    0    0   51    1   51     789.01855479    0.00005441   16   A+     1
    0    1    0   18   10    8     790.36047913    0.00004733   22   A+    16
    0    1    0   29    2   28     791.40232039    0.00006012   13   A+     9
    0    0    0   36   15   21     792.19592937    0.00004654   23   A+     8
    0    0    0   48    4   44     792.36569925    0.00000985   21   A+     3
    0    1    0   15   11    5     792.90409861    0.00005347   16   A+    14
    0    0    0   25   19    7     793.00873674    0.00004554   20   A+    13
    0    0    0   38   14   24     793.11142207    0.00003841   21   A+     8
    0    1    0   28    3   25     793.17088090    0.00006181   15   A+    11
    0    1    0   30    0   30     793.42031608    0.00006171   13   A+    10
    0    0    0   45    9   37     794.37863683    0.00000419   21   A+     5
    0    0    0   21   20    2     795.08255560    0.00005386   18   A+    14
    0    0    0   44   10   34     796.26648127    0.00000462   24   A+     6
    0    0    0   46    8   38     796.73645943    0.00000315   19   A+     5
    0    1    0   21    9   13     796.83756777    0.00005568   18   A+    15
    0    0    0   34   16   18     796.94067241    0.00004342   24   A+     9
    0    1    0   23    8   16     797.07772589    0.00005771   16   A+    13
    0    1    0   27    5   23     797.26356747    0.00000327   21   A+    12
    0    1    0   26    6   20     798.18529525    0.00000327   19   A+    14
    0    0    0   40   13   27     799.73215110    0.00000971   26   A+     7
    0    1    0   28    4   24     801.87295175    0.00006540   14   A+    13
    0    0    0   43   11   33     802.21113594    0.00000496   25   A+     6
    0    1    0   19   10   10     802.47032780    0.00004861   19   A+    14
    0    1    0   16   11    5     803.10092318    0.00006291   12   A+    14
    0    1    0   25    7   19     803.25061574    0.00005627   14   A+    14
    0    0    0   47    7   41     803.34978523    0.00000333   20   A+     4
    0    0    0   29   18   12     804.09774815    0.00004798   20   A+    10
    0    1    0   12   12    0     804.43228597    0.00007050   10   A+    14
    0    0    0   49    4   46     805.01541246    0.00005904   16   A+     2
    0    1    0   29    3   27     805.38480658    0.00005998   14   A+    11
    0    0    0   48    5   43     805.51262735    0.00000333   21   A+     3
    0    0    0   32   17   15     807.30682185    0.00005786   15   A+     9
    0    0    0   22   20    2     809.14618773    0.00006202   14   A+    16
    0    0    0   26   19    7     809.62184699    0.00004290   21   A+    13
    0    1    0   30    1   29     809.66543369    0.00005321   17   A+    10
    0    1    0   22    9   13     810.86476564    0.00005270   20   A+    15
    0    1    0   31    1   31     811.79752483    0.00007286   10   A+    10
    0    0    0   42   12   30     812.11363957    0.00004782   23   A+     7
    0    1    0   24    8   16     812.39010765    0.00005699   15   A+    15
    0    0    0   50    2   48     812.67360617    0.00004705   15   A+     2
    0    1    0   13   12    2     812.71776991    0.00005700   14   A+    12
    0    1    0   17   11    7     813.93553756    0.00006690   11   A+    15
    0    1    0   20   10   10     815.21837195    0.00005233   17   A+    17
    0    1    0   28    5   23     815.41914547    0.00005745   14   A+    12
    0    1    0   27    6   22     815.46148327    0.00006859   15   A+    12
    0    0    0   37   15   23     815.81201950    0.00004556   19   A+     8
    0    0    0   51    2   50     817.48105585    0.00006153   13   A+     1
    0    0    0   48    6   42     817.69242141    0.00000316   20   A+     4
    0    0    0   39   14   26     818.00410800    0.00000983   18   A+     7
    0    1    0   29    4   26     818.81503480    0.00005919   17   A+    11
    0    0    0   35   16   20     819.28329836    0.00004146   21   A+     8
    0    0    0   52    0   52     819.64700150    0.00004401   16   A+     1
    0    1    0   26    7   19     819.86041021    0.00005920   13   A+    14
    0    1    0   14   12    2     821.64102858    0.00005724   15   A+    15
    0    1    0   30    2   28     822.90387954    0.00006088   14   A+    11
    0    0    0   30   18   12     823.25877105    0.00004550   16   A+    12
    0    0    0   23   20    4     823.84880834    0.00005952   17   A+    14
    0    0    0   46    9   37     823.85563873    0.00000326   20   A+     5
    0    0    0   45   10   36     825.05332016    0.00000333   19   A+     5
    0    1    0   18   11    7     825.40794768    0.00005296   15   A+    15
    0    1    0   23    9   15     825.53117457    0.00005984   15   A+    15
    0    0    0   49    5   45     825.74929249    0.00004417   20   A+     3
    0    0    0   41   13   29     825.90580735    0.00005634   20   A+     7
    0    0    0   27   19    9     826.87343397    0.00004435   19   A+    13
    0    0    0   47    8   40     826.88652409    0.00001519   18   A+     4
    0    1    0   25    8   18     828.34345544    0.00004839   21   A+    13
    0    0    0   33   17   17     828.37715933    0.00000597   18   A+     9
    0    1    0   21   10   12     828.60500806    0.00004614   22   A+    15
    0    1    0   31    2   30     828.75487067    0.00005447   16   A+     9
    0    0    0   44   11   33     830.32936337    0.00003564   21   A+     6
    0    1    0   32    0   32     830.75126677    0.00006075   12   A+    10
    0    1    0   15   12    4     831.20185236    0.00005515   15   A+    13
    0    1    0   30    3   27     832.02019136    0.00007146   14   A+    11
    0    1    0   28    6   22     833.40235453    0.00000333   15   A+    14
    0    1    0   29    5   25     833.84507404    0.00000333   15   A+    12
    0    0    0   48    7   41     834.95520822    0.00000984   20   A+     4
    0    0    0   50    3   47     836.08049363    0.00004500   15   A+     2
    0    1    0   27    7   21     837.11333295    0.00005798   17   A+    14
    0    1    0   19   11    9     837.51836646    0.00006222   12   A+    16
    0    0    0   24   20    4     839.19003855    0.00004989   19   A+    16
    0    0    0   43   12   32     839.57531020    0.00004446   20   A+     6
    0    0    0   38   15   23     840.06646056    0.00004180   18   A+     8
    0    1    0   30    4   26     840.52692363    0.00005794   14   A+    13
    0    1    0   24    9   15     840.83720183    0.00006282   12   A+    15
    0    1    0   16   12    4     841.40028707    0.00005734   13   A+    16
    0    0    0   36   16   20     842.26360877    0.00004520   15   A+     9
    0    1    0   22   10   12     842.63004480    0.00005000   17   A+    17
    0    0    0   31   18   14     843.05796639    0.00005642   13   A+    10
    0    0    0   40   14   26     843.53537758    0.00004496   20   A+     8
    0    1    0   31    3   29     843.78790703    0.00006084   14   A+    11
    0    0    0   51    3   49     843.91316442    0.00004803   20   A+     2
    0    0    0   28   19    9     844.76339266    0.00005776   11   A+    13
    0    1    0   26    8   18     844.93802897    0.00006397   14   A+    15
    0    0    0   49    6   44     845.29123507    0.00005495   18   A+     3
    0    1    0   32    1   31     848.23503267    0.00009190   12   A+    10
    0    0    0   52    1   51     848.69674441    0.00004987   18   A+     1
    0    0    0   34   17   17     850.08556708    0.00000595   20   A+     9
    0    1    0   20   11    9     850.26670136    0.00005048   18   A+    16
    0    1    0   33    1   33     850.29113280    0.00007188    9   A+    10
    0    0    0   53    1   53     850.85626667    0.00005249   13   A+     1
    0    1    0   29    6   24     851.96699833    0.00005992   13   A+    12
    0    1    0   17   12    6     852.23648393    0.00005379   17   A+    14
    0    0    0   42   13   29     852.71900926    0.00006884   14   A+     7
    0    1    0   30    5   25     853.46533418    0.00005016   22   A+    12
    0    0    0   47    9   39     853.97550676    0.00000287   18   A+     5
    0    1    0   13   13    1     854.24146094    0.00007163    9   A+    14
    0    0    0   46   10   36     854.48489915    0.00000223   18   A+     6
    0    1    0   28    7   21     855.01123957    0.00005425   16   A+    14
    0    0    0   25   20    6     855.17036566    0.00005945   13   A+    14
    0    0    0   50    4   46     855.97832842    0.00005661   17   A+     3
    0    1    0   25    9   17     856.78296034    0.00005434   15   A+    15
    0    1    0   23   10   14     857.29382347    0.00004676   21   A+    15
    0    0    0   48    8   40     857.80170659    0.00000957   21   A+     5
    0    1    0   31    4   28     857.84702567    0.00005526   17   A+    11
    0    0    0   45   11   35     859.08981088    0.00003422   24   A+     6
    0    0    0   21   21    1     860.17985236    0.00005262   12   A+    16
    0    1    0   27    8   20     862.17409393    0.00005772   14   A+    13
    0    1    0   32    2   30     862.93714731    0.00005201   16   A+    11
    0    1    0   14   13    1     863.16661352    0.00006012   13   A+    14
    0    0    0   29   19   11     863.29191958    0.00006220   12   A+    13
    0    0    0   32   18   14     863.49534236    0.00000597   15   A+    12
    0    1    0   21   11   11     863.65317278    0.00005254   16   A+    17
    0    1    0   18   12    6     863.71034621    0.00005246   17   A+    17
    0    0    0   39   15   25     864.95916004    0.00005702   15   A+     8
    0    0    0   49    7   43     865.82098554    0.00005435   13   A+     4
    0    0    0   37   16   22     865.88215729    0.00004780   20   A+     8
    0    0    0   44   12   32     867.67746398    0.00005058   15   A+     7
    0    0    0   51    4   48     868.08280759    0.00005166   17   A+     2
    0    1    0   33    2   32     868.44344503    0.00005630   15   A+     9
    0    0    0   41   14   28     869.70552644    0.00004736   20   A+     7
    0    1    0   34    0   34     870.40978807    0.00006607   10   A+    10
    0    0    0   50    5   45     870.60591612    0.00004891   17   A+     3
    0    1    0   30    6   24     871.21969779    0.00005398   17   A+    14
    0    0    0   26   20    6     871.78918979    0.00004859   16   A+    16
    0    0    0   35   17   19     872.43186550    0.00005659   12   A+     9
    0    1    0   24   10   14     872.59638760    0.00005135   19   A+    17
    0    1    0   15   13    3     872.72934269    0.00005729   13   A+    15
    0    1    0   31    5   27     873.01831042    0.00006218   16   A+    12
    0    1    0   26    9   17     873.36864942    0.00006227   14   A+    15
    0    1    0   32    3   29     873.37849896    0.00006191   16   A+    11
    0    1    0   29    7   23     873.55306307    0.00006230   16   A+    14
    0    0    0   22   21    1     874.24952751    0.00006042    9   A+    16
    0    0    0   52    2   50     875.71494756    0.00005746   11   A+     2
    0    1    0   19   12    8     875.82213506    0.00004944   17   A+    15
    0    1    0   22   11   11     877.67796546    0.00005522   15   A+    17
    0    1    0   28    8   20     880.05226823    0.00005249   19   A+    15
    0    0    0   43   13   31     880.17162343    0.00000981   18   A+     7
    0    0    0   53    2   52     880.49365535    0.00005501   16   A+     1
    0    1    0   32    4   28     881.94970432    0.00005792   12   A+    13
    0    0    0   30   19   11     882.45856568    0.00005344   16   A+    13
    0    0    0   54    0   54     882.64667986    0.00005089   13   A+     1
    0    0    0   50    6   44     882.79676239    0.00000977   17   A+     4
    0    1    0   16   13    3     882.93008707    0.00006286   14   A+    15
    0    0    0   47   10   38     884.56109496    0.00000286   19   A+     5
    0    0    0   33   18   16     884.57079571    0.00000597   15   A+    10
    0    1    0   33    3   31     884.57933287    0.00006143   12   A+    11
    0    0    0   48    9   39     884.75223223    0.00000299   13   A+     5
    0    0    0   46   11   35     888.49259475    0.00000332   24   A+     6
    0    1    0   25   10   16     888.53811149    0.00004930   17   A+    15
    0    1    0   20   12    8     888.57172350    0.00005876   15   A+    18
    0    0    0   23   21    3     888.95756227    0.00006784   11   A+    16
    0    0    0   27   20    8     889.04669238    0.00005994   14   A+    14
    0    1    0   34    1   33     889.11959164    0.00006583   13   A+    10
    0    0    0   49    8   42     889.22256455    0.00003037   23   A+     4
    0    0    0   51    5   47     889.90791425    0.00004237   18   A+     3
    0    0    0   38   16   22     890.13866578    0.00005496   17   A+     9
    0    0    0   40   15   25     890.49005851    0.00005603   11   A+     8
    0    1    0   27    9   19     890.59469660    0.00005234   15   A+    15
    0    1    0   31    6   26     891.06749032    0.00006453   12   A+    12
    0    1    0   35    1   35     891.11266996    0.00006360   12   A+    10
    0    1    0   23   11   13     892.34098680    0.00005855   13   A+    17
    0    1    0   30    7   23     892.74194800    0.00005162   18   A+    14
    0    1    0   17   13    5     893.76822010    0.00005468   16   A+    16
    0    1    0   32    5   27     894.21311908    0.00006339   14   A+    12
    0    0    0   36   17   19     895.41641623    0.00007518   11   A+     9
    0    0    0   45   12   34     896.42038796    0.00004974   16   A+     6
    0    0    0   42   14   28     896.51435702    0.00000316   20   A+     8
    0    1    0   29    8   22     898.57287669    0.00006191   14   A+    13
    0    0    0   50    7   43     899.15609124    0.00000316   18   A+     4
    0    1    0   33    4   30     899.37796517    0.00005312   16   A+    11
    0    0    0   52    3   49     900.37817428    0.00006226   12   A+     2
    0    1    0   21   12   10     901.95926925    0.00005339   16   A+    16
    0    0    0   31   19   13     902.26369288    0.00004740   16   A+    13
    0    0    0   24   21    3     904.30491699    0.00006260   11   A+    16
    0    1    0   26   10   16     905.11906393    0.00006379   12   A+    17
    0    1    0   34    2   32     905.23352292    0.00006684   10   A+    11
    0    1    0   18   13    5     905.24423010    0.00005207   19   A+    16
    0    0    0   34   18   16     906.28410584    0.00006292   12   A+    12
    0    0    0   28   20    8     906.94267264    0.00006642   11   A+    16
    0    1    0   24   11   13     907.64238421    0.00005948   15   A+    17
    0    1    0   14   14    0     907.89737172    0.00007242    9   B+    16
    0    0    0   53    3   51     908.11007972    0.00005124   14   A+     2
    0    0    0   44   13   31     908.26380916    0.00005148   15   A+     7
    0    1    0   28    9   19     908.46137924    0.00006014   13   A+    15
    0    0    0   51    6   46     910.16470830    0.00000334   16   A+     3
    0    1    0   35    2   34     910.46417637    0.00006686   13   A+     9
    0    1    0   32    6   26     911.64937419    0.00000333   17   A+    14
    0    1    0   36    0   36     912.39567157    0.00008064    9   A+    10
    0    1    0   31    7   25     912.57414032    0.00000333   14   A+    14
    0    0    0   54    1   53     912.87070539    0.00005739   13   A+     1
    0    1    0   33    5   29     914.77677749    0.00006140   13   A+    12
    0    0    0   55    1   55     915.01732457    0.00006097   13   A+     1
    0    0    0   39   16   24     915.03323089    0.00005376   18   A+     8
    0    0    0   48   10   38     915.28299176    0.00000161   16   A+     6
    0    1    0   22   12   10     915.98480912    0.00005275   18   A+    18
    0    0    0   49    9   41     916.16711649    0.00000167   14   A+     5
    0    0    0   41   15   27     916.65924818    0.00000333   17   A+     8
    0    1    0   34    3   31     917.17100262    0.00005990   13   A+    11
    0    1    0   19   13    7     917.35792696    0.00005807   13   B+    17
    0    1    0   15   14    2     917.46253224    0.00006247   11   A+    14
    0    1    0   30    8   22     917.73622192    0.00005525   18   A+    15
    0    0    0   47   11   37     918.53796217    0.00000883   15   A+     6
    0    0    0   37   17   21     919.03856369    0.00007010   14   A+     9
    0    0    0   25   21    5     920.29090517    0.00005089   13   A+    16
    0    0    0   50    8   42     921.50429501    0.00004943   19   A+     5
    0    0    0   52    4   48     921.80815409    0.00006621   11   A+     3
    0    1    0   27   10   18     922.33933775    0.00006850   11   A+    15
    0    0    0   32   19   13     922.70689736    0.00006957    9   A+    13
    0    1    0   25   11   15     923.58241112    0.00006179   11   A+    17
    0    0    0   43   14   30     923.96180544    0.00005171   15   A+     7
    0    0    0   29   20   10     925.47731503    0.00005900   13   A+    14
    0    0    0   46   12   34     925.80417604    0.00005351   16   A+     7
    0    1    0   34    4   30     926.10847746    0.00006353   11   A+    13
    0    1    0   29    9   21     926.96875539    0.00005805   13   A+    15
    0    1    0   16   14    2     927.66550425    0.00006198   12   A+    17
    0    1    0   35    3   33     927.74154834    0.00005561   17   A+    11
    0    0    0   35   18   18     928.63570469    0.00006448   12   A+    10
    0    1    0   20   13    7     930.10948393    0.00005602   15   A+    17
    0    1    0   23   12   12     930.64840457    0.00005481   15   A+    16
    0    0    0   51    7   45     930.88525054    0.00000167   16   A+     4
    0    1    0   36    1   35     932.32306411    0.00006342   13   A+    10
    0    1    0   33    6   28     932.76765772    0.00000333   13   A+    12
    0    1    0   32    7   25     933.05765828    0.00000334   13   A+    14
    0    0    0   53    4   50     933.47603019    0.00006025   11   A+     2
    0    1    0   37    1   37     934.26154000    0.00007023   12   A+    10
    0    0    0   26   21    5     936.91604739    0.00005171   13   A+    16
    0    0    0   45   13   33     936.99534724    0.00005196   17   A+     7
    0    1    0   31    8   24     937.54269474    0.00005826   15   A+    13
    0    1    0   34    5   29     937.70115922    0.00005638   15   A+    12
    0    0    0   52    5   47     938.09826950    0.00005628   15   A+     3
    0    1    0   17   14    4     938.50633862    0.00005843   13   A+    15
    0    1    0   26   11   15     940.16106186    0.00006163   12   A+    17
    0    1    0   28   10   18     940.19915439    0.00005565   14   A+    17
    0    0    0   40   16   24     940.56582350    0.00006600   14   A+     9
    0    0    0   54    2   52     941.07499951    0.00006524   12   A+     2
    0    0    0   22   22    0     942.28023820    0.00007343    8   A+    19
    0    0    0   38   17   21     943.29868001    0.00006755    9   A+     9
    0    1    0   35    4   32     943.38282718    0.00006542   11   A+    11
    0    0    0   42   15   27     943.46659176    0.00005304   16   A+     8
    0    1    0   21   13    9     943.49898452    0.00005339   16   A+    18
    0    0    0   33   19   15     943.78812121    0.00006870   12   A+    13
    0    0    0   30   20   10     944.65021683    0.00006277   12   A+    16
    0    0    0   55    2   54     945.82871032    0.00006021   10   A+     1
    0    1    0   24   12   12     945.95014707    0.00005804   13   A+    18
    0    1    0   30    9   21     946.11713479    0.00006464   12   A+    15
    0    0    0   49   10   40     946.64987966    0.00000441   21   A+     5
    0    0    0   56    0   56     947.96901428    0.00004873   12   A+     1
    0    0    0   50    9   41     948.24832841    0.00000628   17   A+     5
    0    0    0   48   11   37     949.22614723    0.00000612   23   A+     6
    0    1    0   36    2   34     949.79747993    0.00006643   10   A+    11
    0    1    0   18   14    4     949.98488307    0.00006565   10   A+    18
    0    0    0   52    6   46     950.65822208    0.00000982   14   A+     4
    0    0    0   36   18   18     951.62502599    0.00007054   10   A+    12
    0    0    0   44   14   30     952.04808954    0.00005189   15   A+     8
    0    0    0   51    8   44     954.17103242    0.00000167   13   A+     4
    0    0    0   27   21    7     954.17982514    0.00005815   13   A+    16
    0    1    0   33    7   27     954.18185488    0.00000333   12   A+    14
    0    1    0   34    6   28     954.70681133    0.00000334   10   A+    14
    0    1    0   37    2   36     954.81401684    0.00007368   12   A+     9
    0    0    0   47   12   36     955.82894441    0.00005505   13   A+     6
    0    0    0   53    5   49     956.43534310    0.00005432   15   A+     3
    0    1    0   38    0   38     956.70795515    0.00007592   11   A+    10
    0    0    0   23   22    2     956.99414277    0.00005342   12   A+    17
    0    1    0   27   11   17     957.37845148    0.00006174   12   B+    17
    0    1    0   22   13    9     957.52631638    0.00006468   11   B+    18
    0    1    0   32    8   24     957.99302775    0.00006061   12   A+    15
    0    1    0   29   10   20     958.69872033    0.00006507   11   A+    15
    0    1    0   35    5   31     959.10946301    0.00006661   12   A+    12
    0    1    0   25   12   14     961.89019250    0.00006008   12   A+    16
    0    1    0   19   14    6     962.10125878    0.00006248   12   A+    16
    0    1    0   36    3   33     963.32552038    0.00006889   12   A+    11
    0    0    0   31   20   12     964.46176695    0.00005591   15   A+    14
    0    1    0   15   15    1     965.37560286    0.00007237    9   A+    16
    0    0    0   34   19   15     965.50753849    0.00007249    8   A+    13
    0    1    0   31    9   23     965.90701079    0.00006091   14   A+    15
    0    0    0   52    7   45     966.14352567    0.00000987   16   A+     4
    0    0    0   46   13   33     966.36690831    0.00004804   16   A+     7
    0    0    0   41   16   26     966.73609623    0.00005139   16   A+     8
    0    0    0   54    3   51     966.97488586    0.00000167   14   A+     2
    0    0    0   39   17   23     968.19657890    0.00005789   15   A+     9
    0    0    0   43   15   29     970.91231570    0.00006691   12   A+     8
    0    0    0   28   21    7     972.08232519    0.00007125   10   A+    16
    0    1    0   23   13   11     972.19159552    0.00006653   10   A+    18
    0    0    0   24   22    2     972.34740615    0.00006776    9   A+    19
    0    1    0   36    4   32     972.95043003    0.00005815   13   A+    13
    0    1    0   37    3   35     973.26020871    0.00006151   13   A+    11
    0    0    0   55    3   53     974.62755051    0.00005582   11   A+     2
    0    1    0   20   14    6     974.85544605    0.00005782   15   A+    19
    0    1    0   28   11   17     975.23484703    0.00007394    9   A+    17
    0    0    0   37   18   20     975.25222420    0.00000334   12   A+    10
    0    1    0   16   15    1     975.58127794    0.00006730    9   B+    16
    0    1    0   34    7   27     975.96469480    0.00000333   15   A+    14
    0    1    0   35    6   30     977.07043615    0.00000333   14   A+    12
    0    0    0   53    6   48     977.51340790    0.00006886    8   A+     3
    0    1    0   30   10   20     977.83830910    0.00005270   16   A+    17
    0    1    0   38    1   37     977.84700025    0.00008650    9   A+    10
    0    1    0   26   12   14     978.46842810    0.00005544   13   A+    18
    0    0    0   50   10   40     978.66378007    0.00000826   15   A+     6
    0    1    0   33    8   26     979.08718683    0.00006269   14   A+    13
    0    0    0   56    1   55     979.36665705    0.00006761   11   A+     1
    0    1    0   39    1   39     979.73676201    0.00007134   10   A+    10
    0    0    0   49   11   39     980.55736503    0.00000517   20   A+     6
    0    0    0   45   14   32     980.77318761    0.00006140   15   A+     7
    0    0    0   51    9   43     980.95750025    0.00004954   12   A+     5
    0    0    0   57    1   57     981.50113501    0.00006613   12   A+     1
    0    1    0   36    5   31     983.96566290    0.00005721   13   A+    12
    0    0    0   32   20   12     984.91135236    0.00006067   14   A+    16
    0    1    0   32    9   23     986.33845727    0.00006886    9   B+    15
    0    1    0   17   15    3     986.42485171    0.00007049   10   A+    17
    0    0    0   48   12   36     986.49478550    0.00004340   15   A+     7
    0    1    0   24   13   11     987.49489252    0.00006157   11   A+    18
    0    0    0   52    8   44     987.86181783    0.00006517   12   A+     5
    0    0    0   35   19   17     987.86490678    0.00006508   10   A+    13
    0    1    0   21   14    8     988.24749818    0.00006332   12   A+    17
    0    0    0   25   22    4     988.33996225    0.00006235   12   A+    17
    0    1    0   37    4   34     989.83597641    0.00006665   12   A+    11
    0    0    0   54    4   50     989.86290497    0.00005162   10   A+     3
    0    0    0   29   21    9     990.62364435    0.00007457    9   A+    16
    0    0    0   42   16   26     993.54436755    0.00005401   15   A+     9
    0    1    0   29   11   19     993.73021036    0.00005465   14   A+    17
    0    0    0   40   17   23     993.73247516    0.00005387   16   A+     9
    0    1    0   27   12   16     995.68516601    0.00005246   16   A+    16
    0    0    0   47   13   35     996.37797328    0.00006023   13   A+     7
    0    1    0   38    2   36     996.63954379    0.00007561    8   A+    11
    0    1    0   31   10   22     997.61796695    0.00007024    8   B+    15
    0    1    0   18   15    3     997.90651870    0.00006719    9   A+    17
    0    1    0   35    7   29     998.38124663    0.00006384   12   A+    14
    0    0    0   53    7   47     998.52862169    0.00007842    9   A+     4
    0    0    0   44   15   29     998.99613798    0.00005514   15   A+     8
    0    0    0   38   18   20     999.51736715    0.00007071    8   A+    12
    0    1    0   36    6   30    1000.41251367    0.00006439   11   A+    14
    0    1    0   34    8   26    1000.82655590    0.00006457   11   A+    15
    0    0    0   55    4   52    1001.19088079    0.00000167    8   A+     2
    0    1    0   39    2   38    1001.49078233    0.00007109    9   B+     9
    0    1    0   22   14    8    1002.27726317    0.00006195   11   A+    20
    0    1    0   40    0   40    1003.34629126    0.00006956   10   A+    10
    0    1    0   25   13   13    1003.43618116    0.00005796   14   A+    18
    0    0    0   26   22    4    1004.97123549    0.00006056   11   A+    19
    0    0    0   33   20   14    1005.99910519    0.00006332    9   A+    14
    0    1    0   37    5   33    1006.00094839    0.00006078   14   A+    12
    0    1    0   33    9   25    1007.41214382    0.00007204   12   A+    15
    0    0    0   54    5   49    1007.90923478    0.00007049   13   A+     3
    0    0    0   56    2   54    1008.75392622    0.00005031   11   A+     2
    0    0    0   30   21    9    1009.80354972    0.00005262   12   A+    16
    0    1    0   19   15    5    1010.02591396    0.00006195   11   A+    18
    0    0    0   46   14   32    1010.13708825    0.00007748    9   A+     8
    0    0    0   36   19   17    1010.86016436    0.00000334    9   A+    13
    0    0    0   51   10   42    1011.32262877    0.00006936   12   A+     5
    0    1    0   38    3   35    1011.78062679    0.00007445    7   A+    11
    0    0    0   50   11   39    1012.53183737    0.00004493   13   A+     6
    0    1    0   30   11   19    1012.86472305    0.00005495   14   A+    17
    0    0    0   57    2   56    1013.48507303    0.00005046   11   A+     1
    0    1    0   28   12   16    1013.54023307    0.00006291   10   A+    18
    0    0    0   52    9   43    1014.34992090    0.00005839   16   A+     5
    0    0    0   58    0   58    1015.61311708    0.00006254   13   A+     1
    0    1    0   23   14   10    1016.94505290    0.00006001   11   A+    18
    0    0    0   49   12   38    1017.80164955    0.00005277   10   A+     6
    0    1    0   32   10   22    1018.03795343    0.00008165    6   A+    17
    0    0    0   41   17   25    1019.90590427    0.00006686   11   A+     9
    0    1    0   26   13   13    1020.01555896    0.00006669   11   B+    18
    0    0    0   43   16   28    1020.99040460    0.00005399   16   A+     8
    0    1    0   39    3   37    1021.12418827    0.00007278    8   A+    11
    0    0    0   54    6   48    1021.21048454    0.00000990   10   A+     4
    0    1    0   36    7   29    1021.47053008    0.00006177   13   A+    14
    0    0    0   53    8   46    1021.73275933    0.00006288   13   A+     4
    0    0    0   27   22    6    1022.24219713    0.00007017   10   A+    17
    0    1    0   38    4   34    1022.40913239    0.00008044    9   A+    13
    0    1    0   20   15    5    1022.78317925    0.00006263   11   A+    18
    0    1    0   35    8   28    1023.21032176    0.00006263   11   A+    13
    0    1    0   37    6   32    1023.97701968    0.00006400   10   A+    12
    0    0    0   39   18   22    1024.41989732    0.00006555   10   A+    10
    0    0    0   55    5   51    1025.31523796    0.00005044   14   A+     3
    0    1    0   40    1   39    1025.69293699    0.00007192    8   A+    10
    0    2    0    0    0    0    1026.45533471    0.00020000    1   C-     3
    0    1    0   16   16    0    1026.65003759    0.00008688    7   A+    18
    0    0    0   48   13   35    1027.02879942    0.00006692   10   A+     7
    0    1    0   41    1   41    1027.53748656    0.00008219    6   A+    10
    0    0    0   45   15   31    1027.71811114    0.00005525   11   A+     8
    0    0    0   34   20   14    1027.72536345    0.00006883    9   A+    16
    0    0    0   23   23    1    1027.92620377    0.00012466    4   C+    19
    0    2    0    2    0    2    1028.36080600    0.00011547    3   B-     5
    0    2    0    1    1    1    1028.79210250    0.00020000    1   C-     3
    0    1    0   34    9   25    1029.12802775    0.00006750   10   A+    15
    0    0    0   31   21   11    1029.62178038    0.00006653   12   A+    16
    0    2    0    2    1    1    1030.16930250    0.00020000    1   C-     3
    0    2    0    3    1    3    1031.83594904    0.00014142    2   B-     5
    0    1    0   29   12   18    1032.03395434    0.00005783   13   A+    16
    0    1    0   24   14   10    1032.25069454    0.00005934   12   A+    20
    0    1    0   31   11   21    1032.63848765    0.00006875   10   A+    17
    0    2    0    4    0    4    1032.79210529    0.00011547    3   B-     7
    0    1    0   38    5   33    1033.02994185    0.00006565   11   B+    12
    0    0    0   37   19   19    1034.49325245    0.00007766   10   A+    13
    0    2    0    4    1    3    1034.80050449    0.00020000    1   C-     5
    0    0    0   56    3   53    1035.87614182    0.00005250   15   A+     2
    0    0    0   54    7   47    1035.94976466    0.00000985   12   A+     4
    0    1    0   21   15    7    1036.17837239    0.00007024    9   B+    19
    0    2    0    3    2    2    1037.17790673    0.00011547    3   B-     3
    0    1    0   27   13   15    1037.23301842    0.00005854   12   A+    18
    0    2    0    5    1    5    1037.30855385    0.00011547    3   B-     7
    0    1    0   17   16    2    1037.49684881    0.00006642   10   A+    16
    0    1    0   39    4   36    1038.71244531    0.00005805   14   A+    11
    0    1    0   33   10   24    1039.09864211    0.00006001   11   A+    15
    0    2    0    6    0    6    1039.71555684    0.00020000    1   C-     9
    0    2    0    4    2    2    1039.73742682    0.00011547    3   B-     8
    0    0    0   47   14   34    1040.14011116    0.00005500   11   A+     7
    0    0    0   28   22    6    1040.15150372    0.00005417   12   A+    19
    0    2    0    6    1    5    1042.06695005    0.00014142    2   B-     7
    0    2    0    5    2    4    1042.89383277    0.00014142    2   B-     5
    0    0    0   24   23    1    1043.28638430    0.00008571    6   A+    19
    0    0    0   57    3   55    1043.46414014    0.00005102   13   A+     2
    0    0    0   52   10   42    1044.63021838    0.00000988   12   A+     6
    0    0    0   51   11   41    1045.14999316    0.00007298    9   A+     6
    0    1    0   37    7   31    1045.17742872    0.00006816   11   A+    14
    0    2    0    7    1    7    1045.19989840    0.00010228    4   B-     9
    0    1    0   40    2   38    1045.77056100    0.00007211   11   A+    11
    0    2    0    3    3    1    1045.81105235    0.00014142    2   B-     6
    0    1    0   36    8   28    1046.24084336    0.00005838   13   A+    15
    0    0    0   42   17   25    1046.71735821    0.00008746   10   A+     9
    0    2    0    6    2    4    1046.78608199    0.00010000    4   B-    10
    0    0    0   55    6   50    1047.30945566    0.00006389   11   A+     3
    0    0    0   58    1   57    1048.18311419    0.00005421   12   A+     1
    0    1    0   25   14   12    1048.19430372    0.00007502    7   A+    18
    0    0    0   53    9   45    1048.35076814    0.00000989   11   A+     5
    0    2    0    4    3    1    1048.35581493    0.00014142    2   B-     6
    0    1    0   38    6   32    1048.79276103    0.00007288    8   B+    14
    0    1    0   18   16    2    1048.98176052    0.00007559    7   B+    19
    0    0    0   44   16   28    1049.07455335    0.00006207   12   A+     9
    0    2    0    8    0    8    1049.08279783    0.00011547    3   B-    11
    0    0    0   50   12   38    1049.74994077    0.00007636   10   A+     7
    0    0    0   40   18   22    1049.96025412    0.00007421    8   A+    12
    0    0    0   32   21   11    1050.07883250    0.00006334    9   A+    16
    0    0    0   35   20   16    1050.08931263    0.00006235    8   A+    14
    0    1    0   22   15    7    1050.21142748    0.00005502   13   A+    19
    0    0    0   59    1   59    1050.30478425    0.00005074   13   A+     1
    0    1    0   41    2   40    1050.49324233    0.00006898    9   A+     9
    0    2    0    7    2    6    1051.14005683    0.00011547    3   B-     7
    0    1    0   30   12   18    1051.16630138    0.00005957   14   A+    18
    0    1    0   35    9   27    1051.48660670    0.00005976   12   A+    15
    0    2    0    5    3    3    1051.53728389    0.00020000    1   C-     8
    0    2    0    8    1    7    1051.95305700    0.00011547    3   B-     9
    0    1    0   42    0   42    1052.30962510    0.00007454    9   A+    10
    0    1    0   32   11   21    1053.05181060    0.00005639   13   A+    17
    0    1    0   28   13   15    1055.08863309    0.00006515   10   A+    18
    0    2    0    6    3    3    1055.35848714    0.00014142    2   B-     8
    0    1    0   39    5   35    1055.43106536    0.00006206   12   A+    12
    0    2    0    9    1    9    1055.49700908    0.00010509    4   B-    11
    0    2    0    8    2    6    1056.45791832    0.00010000    4   B-    12
    0    0    0   54    8   46    1056.89710320    0.00006479    9   A+     5
    0    0    0   46   15   31    1057.07845963    0.00006238    9   A+     8
    0    0    0   49   13   37    1058.31961263    0.00005266   13   A+     7
    0    0    0   29   22    8    1058.69990581    0.00007524    8   A+    17
    0    0    0   38   19   19    1058.76408626    0.00010335    5   A+    13
    0    0    0   25   23    3    1059.28546626    0.00007765    8   A+    19
    0    2    0    7    3    5    1059.81454060    0.00010000    4   B-    10
    0    0    0   56    4   52    1060.15822272    0.00006064   12   A+     3
    0    2    0    4    4    0    1060.43067918    0.00011547    3   B-     9
    0    1    0   34   10   24    1060.80004351    0.00007024    8   B+    17
    0    2    0   10    0   10    1060.83959054    0.00011547    3   B-    13
    0    1    0   19   16    4    1061.10460831    0.00006160   11   A+    17
    0    2    0    9    2    8    1061.90590698    0.00011547    3   B-     9
    0    1    0   40    3   37    1062.49422896    0.00006454   11   A+    11
    0    2    0    5    4    2    1063.61142872    0.00011547    3   B-     6
    0    2    0   10    1    9    1064.43498865    0.00011547    3   B-    11
    0    1    0   26   14   12    1064.77574808    0.00007002   10   A+    20
    0    1    0   23   15    9    1064.88234747    0.00006030   11   A+    20
    0    2    0    8    3    5    1064.91934593    0.00008944    5   B+    10
    0    2    0    6    4    2    1067.42902896    0.00020000    1   C-    11
    0    2    0   11    1   11    1068.18556975    0.00011547    3   B-    13
    0    0    0   55    7   49    1068.73333374    0.00011259    6   A+     4
    0    2    0   10    2    8    1068.79399796    0.00011547    3   B-    14
    0    1    0   38    7   31    1069.58404931    0.00000333   12   A+    14
    0    1    0   37    8   30    1069.91588213    0.00000333   12   A+    13
    0    2    0    9    3    7    1070.64718247    0.00010000    4   B-    12
    0    0    0   48   14   34    1070.78176530    0.00000976   16   A+     8
    0    1    0   31   12   20    1070.93731886    0.00006588    9   B+    16
    0    0    0   33   21   13    1071.17369341    0.00006738   11   A+    16
    0    0    0   57    4   54    1071.22458137    0.00008135    6   A+     2
    0    1    0   41    3   39    1071.32492600    0.00007071    8   A+    11
    0    2    0    7    4    4    1071.88419853    0.00010000    4   B-     8
    0    0    0   36   20   16    1073.09153885    0.00008383    6   A+    16
    0    1    0   39    6   34    1073.48510214    0.00006978    8   B+    12
    0    1    0   29   13   17    1073.58247514    0.00005748   12   A+    18
    0    1    0   20   16    4    1073.86564170    0.00007021    9   A+    20
    0    1    0   33   11   23    1074.10469146    0.00006268   11   A+    17
    0    0    0   43   17   27    1074.16570642    0.00008944    5   B+     9
    0    1    0   40    4   36    1074.40927779    0.00006257   10   A+    13
    0    1    0   36    9   27    1074.48833873    0.00008924    6   B+    15
    0    2    0   12    0   12    1074.94049250    0.00014142    2   B-    15
    0    2    0   11    2   10    1075.17750727    0.00008944    5   B+    11
    0    1    0   42    1   41    1075.86113139    0.00006538   10   A+    10
    0    0    0   26   23    3    1075.92396481    0.00007560    8   A+    19
    0    0    0   41   18   24    1076.13818908    0.00007203    9   A+    10
    0    2    0    8    4    4    1076.97753361    0.00014142    2   B-    13
    0    2    0   10    3    7    1077.05265525    0.00008944    5   B+    12
    0    1    0   43    1   43    1077.66312439    0.00007587    8   A+    10
    0    0    0   45   16   30    1077.79625121    0.00007006   12   A+     8
    0    0    0   30   22    8    1077.88674322    0.00005567   10   A+    19
    0    0    0   52   11   41    1078.41167029    0.00006016   11   A+     6
    0    0    0   53   10   44    1078.58214409    0.00005270   10   A+     5
    0    0    0   58    2   56    1078.75012712    0.00005262    9   A+     2
    0    2    0    5    5    1    1079.12282296    0.00012013    3   B-     9
    0    2    0   12    1   11    1079.47871500    0.00011547    3   B-    13
    0    0    0   56    5   51    1079.97423302    0.00006757    8   A+     3
    0    1    0   24   15    9    1080.19118427    0.00006627    9   B+    20
    0    1    0   27   14   14    1081.99533689    0.00006464   11   A+    18
    0    0    0   51   12   40    1082.33981809    0.00006398    9   A+     6
    0    2    0    9    4    6    1082.70890401    0.00014142    2   B-    10
    0    0    0   54    9   45    1083.06513119    0.00008783    6   A+     5
    0    1    0   35   10   26    1083.14265463    0.00007426    8   B+    15
    0    2    0   13    1   13    1083.25113604    0.00012691    3   B-    15
    0    0    0   59    2   58    1083.46181267    0.00007453    7   A+     1
    0    0    0   39   19   21    1083.67273246    0.00007559    7   A+    13
    0    2    0   12    2   10    1083.82294399    0.00010000    4   B-    16
    0    2    0   11    3    9    1084.03841446    0.00014142    2   B-    14
    0    1    0   40    5   35    1084.89499310    0.00006440   10   B+    12
    0    0    0   60    0   60    1085.57786202    0.00005156   13   A+     1
    0    0    0   47   15   33    1087.07690584    0.00000703   12   A+     8
    0    1    0   21   16    6    1087.26441201    0.00007071    8   B+    18
    0    2    0    7    5    3    1087.39367389    0.00020000    1   C-    11
    0    2    0   10    4    6    1089.08013137    0.00020000    1   C-    15
    0    1    0   41    4   38    1089.98929507    0.00005864   12   A+    11
    0    0    0   50   13   37    1090.25042398    0.00006766    7   A+     7
    0    2    0   13    2   12    1090.93804267    0.00008944    5   B+    13
    0    1    0   32   12   20    1091.34715444    0.00005963   12   B+    18
    0    2    0   14    0   14    1091.35813992    0.00020000    1   C-    17
    0    1    0   17   17    1    1091.69421573    0.00008842    6   A+    18
    0    2    0   12    3    9    1091.77980597    0.00010000    4   B-    14
    0    0    0   55    8   48    1091.90573743    0.00000991   10   A+     4
    0    2    0    8    5    3    1092.48489799    0.00014142    2   B-    11
    0    1    0   30   13   17    1092.71462788    0.00006562   10   A+    18
    0    0    0   34   21   13    1092.90705027    0.00007325    9   A+    16
    0    0    0   27   23    5    1093.20131409    0.00008165    6   A+    19
    0    1    0   38    8   30    1094.24044851    0.00005146   15   A+    15
    0    0    0   56    6   50    1094.37342562    0.00006511    7   A+     4
    0    1    0   39    7   33    1094.57523827    0.00006360   11   A+    14
    0    1    0   34   11   23    1095.79735811    0.00006325   10   B+    17
    0    2    0   11    4    8    1096.09015972    0.00020000    1   C-    12
    0    1    0   25   15   11    1096.13782164    0.00006105   11   A+    20
    0    0    0   57    5   53    1096.53454572    0.00007996    6   A+     3
    0    0    0   37   20   18    1096.73142279    0.00009369    5   A+    14
    0    2    0   14    1   13    1097.03925911    0.00014142    2   B-    15
    0    1    0   42    2   40    1097.19982467    0.00007502    7   A+    11
    0    0    0   31   22   10    1097.71263981    0.00006096   12   A+    17
    0    1    0   37    9   29    1098.13333252    0.00006183   11   A+    15
    0    2    0    9    5    5    1098.21342592    0.00012374    3   B-    13
    0    1    0   28   14   14    1099.85280549    0.00006551   10   A+    20
    0    1    0   40    6   34    1099.88073950    0.00007024    8   A+    14
    0    2    0   13    3   11    1099.98932630    0.00009256    5   B+    16
    0    2    0   15    1   15    1100.68068017    0.00010847    4   B-    17
    0    1    0   22   16    6    1101.30110286    0.00007469    8   B+    21
    0    2    0   14    2   12    1101.55051191    0.00010000    4   B-    18
    0    1    0   43    2   42    1101.81981142    0.00006978    8   A+     9
    0    2    0    6    6    0    1101.87732946    0.00020000    1   C-    12
    0    0    0   49   14   36    1102.06247954    0.00006659   10   A+     7
    0    0    0   44   17   27    1102.25195502    0.00005669   10   A+     9
    0    0    0   42   18   24    1102.95356244    0.00008072    8   A+    12
    0    1    0   18   17    1    1103.18251349    0.00008092    6   B+    18
    0    1    0   44    0   44    1103.59748613    0.00007985    7   A+    10
    0    2    0   12    4    8    1103.74438531    0.00011547    3   B-    17
    0    2    0   10    5    5    1104.58010731    0.00020000    1   C-    13
    0    1    0   36   10   26    1106.12645757    0.00006653   10   A+    17
    0    2    0    7    6    2    1106.33082956    0.00014142    2   B-     9
    0    0    0   58    3   55    1107.08463547    0.00005855   10   A+     2
    0    0    0   46   16   30    1107.15590539    0.00000993    9   A+     9
    0    1    0   41    5   37    1107.37694691    0.00006885    9   A+    12
    0    0    0   56    7   49    1108.59154664    0.00000994    8   A+     4
    0    2    0   14    3   11    1109.13046372    0.00010000    4   B-    16
    0    2    0   15    2   14    1109.16829168    0.00010962    4   B-    15
    0    0    0   40   19   21    1109.21904835    0.00008944    5   A+    13
    0    2    0   16    0   16    1110.08339156    0.00011547    3   B-    19
    0    0    0   28   23    5    1111.11871470    0.00009832    6   A+    19
    0    2    0    8    6    2    1111.42148167    0.00014142    2   B-    14
    0    2    0   11    5    7    1111.58498780    0.00020000    1   C-    15
    0    2    0   13    4   10    1112.03431504    0.00014142    2   B-    14
    0    0    0   53   11   43    1112.31747065    0.00006628   11   A+     6
    0    1    0   33   12   22    1112.39588775    0.00005901   12   A+    16
    0    1    0   31   13   19    1112.48502545    0.00008944    5   B+    18
    0    1    0   26   15   11    1112.72251453    0.00006188   11   B+    20
    0    0    0   54   10   44    1113.18614661    0.00005574   11   A+     6
    0    0    0   59    3   57    1114.61909672    0.00005000   10   A+     2
    0    0    0   35   21   15    1115.27871184    0.00008302    8   A+    16
    0    1    0   19   17    3    1115.30921558    0.00007502    7   B+    19
    0    1    0   42    3   39    1115.44765165    0.00006407   11   A+    11
    0    0    0   52   12   40    1115.57125013    0.00006732    8   A+     7
    0    1    0   23   16    8    1115.97578037    0.00006667    9   A+    19
    0    2    0   16    1   15    1117.06122361    0.00020000    1   C-    17
    0    0    0   24   24    0    1117.08937767    0.00010000    4   A-    21
    0    2    0    9    6    4    1117.14878022    0.00011547    3   B-    11
    0    0    0   48   15   33    1117.71355275    0.00000990   10   A+     8
    0    1    0   35   11   25    1118.12991922    0.00007071    8   B+    17
    0    0    0   32   22   10    1118.17698424    0.00007440    8   A+    19
    0    1    0   29   14   16    1118.34834985    0.00006567   10   A+    18
    0    0    0   55    9   47    1118.35055362    0.00006389   10   A+     5
    0    2    0   15    3   13    1118.49669056    0.00008944    5   B+    18
    0    1    0   39    8   32    1119.20834422    0.00006631   10   A+    13
    0    2    0   12    5    7    1119.22897711    0.00013672    3   B-    15
    0    0    0   60    1   59    1119.31922000    0.00006168   13   A+     1
    0    0    0   57    6   52    1119.52608048    0.00008316    8   A+     3
    0    1    0   40    7   33    1120.31645682    0.00005748   12   A+    14
    0    2    0   17    1   17    1120.46314718    0.00011547    3   B-    19
    0    2    0   14    4   10    1120.97801888    0.00008944    5   B+    19
    0    0    0   38   20   18    1121.00912344    0.00008944    5   A+    16
    0    0    0   61    1   61    1121.42920237    0.00007075   11   A+     1
    0    2    0   16    2   14    1121.96003779    0.00010000    4   B-    20
    0    1    0   38    9   29    1122.42221221    0.00006332   10   A+    15
    0    0    0   51   13   39    1122.82131517    0.00006814   10   A+     7
    0    2    0   10    6    4    1123.51350379    0.00011547    3   B-    16
    0    1    0   43    3   41    1123.85647873    0.00007628    9   A+    11
    0    1    0   41    6   36    1125.58897874    0.00006555   10   A+    12
    0    2    0   13    5    9    1127.51225045    0.00011547    3   B-    17
    0    1    0   20   17    3    1128.07396613    0.00008165    6   A+    19
    0    1    0   44    1   43    1128.35153170    0.00007755    8   A+    10
    0    0    0   56    8   48    1128.63887434    0.00010788    6   A+     5
    0    2    0    7    7    1    1128.68167024    0.00020000    1   C-    12
    0    1    0   42    4   38    1128.87061620    0.00006993    9   A+    13
    0    2    0   16    3   13    1129.14221490    0.00010000    4   B-    18
    0    0    0   29   23    7    1129.67436919    0.00008372    6   A+    19
    0    1    0   37   10   28    1129.75165911    0.00006922    9   B+    15
    0    2    0   17    2   16    1129.84807147    0.00014142    2   B-    17
    0    1    0   27   15   13    1129.94499549    0.00005986   12   A+    20
    0    1    0   45    1   45    1130.11293131    0.00007024    8   A+     9
    0    0    0   43   18   26    1130.40661773    0.00008694    7   A+    10
    0    2    0   11    6    6    1130.51580340    0.00011547    3   B-    13
    0    2    0   15    4   12    1130.54635921    0.00010705    4   B-    16
    0    0    0   45   17   29    1130.97563405    0.00008110    8   A+    10
    0    2    0   18    0   18    1131.11614414    0.00020000    1   C-    20
    0    1    0   24   16    8    1131.28836164    0.00006667    9   A+    22
    0    0    0   58    4   54    1132.70917735    0.00009889    7   A+     3
    0    1    0   32   13   19    1132.89381570    0.00007071    8   B+    18
    0    0    0   25   24    2    1133.09536548    0.00010000    4   A-    19
    0    2    0    8    7    1    1133.77230053    0.00014142    2   B-    12
    0    0    0   50   14   36    1133.98178471    0.00000995    6   A+     8
    0    1    0   34   12   22    1134.08361050    0.00005407   14   A+    18
    0    0    0   41   19   23    1135.40259006    0.00007322    8   A+    13
    0    2    0   14    5    9    1136.43583720    0.00011547    3   B-    17
    0    0    0   47   16   32    1137.15313809    0.00000990   11   A+     8
    0    1    0   30   14   16    1137.48187097    0.00007946    7   A+    20
    0    2    0   12    6    6    1138.15626499    0.00011547    3   B-    18
    0    0    0   36   21   15    1138.28808065    0.00008456    6   A+    16
    0    0    0   33   22   12    1139.27998625    0.00007559    7   A+    17
    0    2    0   18    1   17    1139.48411557    0.00011547    3   B-    19
    0    2    0    9    7    3    1139.49938614    0.00014142    2   B-    14
    0    1    0   42    5   37    1139.53497500    0.00008092    6   A+    12
    0    2    0   17    3   15    1139.55308550    0.00010000    4   B-    20
    0    2    0   16    4   12    1140.79306901    0.00012313    4   B-    21
    0    1    0   36   11   25    1141.10259410    0.00007657    8   B+    17
    0    0    0   57    7   51    1141.47622849    0.00008165    6   A+     4
    0    1    0   21   17    5    1141.47697037    0.00006627    9   A+    20
    0    2    0   19    1   19    1142.58991483    0.00018295    2   B-    20
    0    0    0   59    4   56    1143.57486212    0.00006030    8   A+     2
    0    1    0   43    4   40    1143.64556036    0.00006257   10   A+    11
    0    1    0   40    8   32    1144.83028942    0.00006554   10   B+    15
    0    2    0   18    2   16    1145.01780594    0.00011547    3   B-    21
    0    2    0   10    7    3    1145.86362291    0.00020000    1   C-    14
    0    0    0   39   20   20    1145.92449051    0.00009297    6   A+    14
    0    2    0   15    5   11    1145.99979873    0.00011547    3   B-    19
    1    0    0    2    0    2    1146.37762767    0.00020000    1   C-     7
    0    2    0   13    6    8    1146.43487894    0.00011547    3   B-    15
    0    1    0   41    7   35    1146.57897432    0.00005740   13   A+    14
    1    0    0    1    1    1    1146.73769013    0.00014142    2   B-     4
    0    0    0   54   11   43    1146.86768168    0.00008868    6   A+     6
    0    1    0   25   16   10    1147.23889121    0.00006817    9   B+    20
    0    1    0   39    9   31    1147.35497464    0.00007054    9   A+    15
    0    1    0   28   15   13    1147.80543173    0.00005891   12   A+    20
    1    0    0    2    1    1    1148.10777560    0.00014142    2   B-     4
    0    0    0   55   10   46    1148.43187780    0.00008259    8   A+     5
    0    0    0   30   23    7    1148.86900589    0.00009374    5   A+    19
    0    0    0   49   15   35    1148.98830061    0.00000705   10   A+     8
    0    0    0   53   12   42    1149.44430893    0.00007115    9   A+     6
    0    0    0   26   24    2    1149.74104565    0.00009042    6   A+    21
    1    0    0    3    1    3    1149.77477650    0.00012196    4   B-     7
    1    0    0    4    0    4    1150.79456496    0.00011547    3   B-    10
    0    1    0   44    2   42    1150.93408409    0.00008552    7   A+    11
    0    0    0   60    2   58    1151.06452955    0.00010000    4   A-     2
    0    2    0   17    4   14    1151.63200750    0.00014142    2   B-    18
    0    2    0   18    3   15    1151.85491074    0.00008944    5   B+    20
    1    0    0    4    1    3    1152.71936959    0.00010000    4   B-     7
    0    2    0   11    7    5    1152.86491385    0.00014142    2   B-    16
    0    2    0   19    2   18    1152.95567011    0.00014142    2   B-    18
    1    0    0    2    2    0    1152.98500707    0.00014142    2   B-     8
    0    1    0   42    6   36    1153.71401768    0.00008664    6   A+    14
    0    1    0   33   13   21    1153.94108763    0.00006291   10   B+    18
    0    1    0   38   10   28    1154.01887621    0.00007502    7   B+    17
    0    0    0   58    5   53    1154.25091345    0.00006370   11   A+     3
    0    0    0   56    9   47    1154.40307627    0.00006056    9   A+     5
    0    2    0   20    0   20    1154.46116016    0.00011547    3   B-    21
    1    0    0    3    2    2    1154.88398117    0.00011547    3   B-     4
    1    0    0    5    1    5    1155.23535868    0.00011547    3   B-    10
    0    2    0   14    6    8    1155.35227816    0.00010000    4   B-    20
    0    1    0   45    2   44    1155.46956963    0.00010000    4   B-     9
    0    1    0   22   17    5    1155.51775040    0.00008165    6   B+    20
    0    0    0   61    2   60    1155.75722267    0.00008506    6   C+     1
    0    0    0   52   13   39    1156.03220678    0.00006301   12   A+     7
    0    2    0   16    5   11    1156.20615691    0.00014142    2   B-    19
    0    1    0   35   12   24    1156.41047110    0.00006627    9   B+    16
    0    1    0   46    0   46    1157.20905327    0.00012021    4   A-    10
    0    1    0   31   14   18    1157.25335940    0.00007623    7   A+    18
    1    0    0    4    2    2    1157.43485620    0.00012035    3   B-    11
    1    0    0    6    0    6    1157.69608156    0.00011989    3   B-    13
    0    0    0   62    0   62    1157.86167706    0.00006188    8   A+     1
    0    0    0   44   18   26    1158.49652872    0.00009892    7   A+    12
    0    2    0    8    8    0    1159.52154321    0.00014142    2   B-    15
    1    0    0    6    1    5    1159.95513869    0.00014142    2   B-    10
    0    0    0   46   17   29    1160.33691078    0.00007404    9   A+     9
    0    1    0   18   18    0    1160.47880367    0.00008092    6   B+    22
    0    2    0   12    7    5    1160.50383940    0.00011547    3   B-    16
    1    0    0    5    2    4    1160.58116607    0.00010335    6   B+     7
    0    0    0   34   22   12    1161.02131574    0.00009297    6   A+    19
    0    1    0   43    5   39    1161.81283191    0.00006651   10   A+    12
    0    0    0   37   21   17    1161.93558274    0.00008944    5   A+    16
    0    0    0   42   19   23    1162.22389279    0.00008813    6   A+    13
    1    0    0    7    1    7    1163.10964117    0.00010560    5   B+    13
    1    0    0    3    3    1    1163.13704962    0.00035468    3   B-     8
    0    2    0   19    3   17    1163.14602324    0.00010000    4   B-    21
    0    2    0   18    4   14    1163.20549867    0.00010000    4   B-    23
    0    1    0   26   16   10    1163.82731211    0.00006239   11   A+    22
    0    2    0   20    1   19    1164.25260673    0.00014142    2   B-    20
    1    0    0    6    2    4    1164.46014682    0.00009058    6   B+    14
    0    0    0   57    8   50    1164.68532218    0.00012590    6   A+     4
    0    1    0   37   11   27    1164.71537814    0.00006291   10   B+    17
    0    2    0   15    6   10    1164.90875838    0.00009137    5   B+    17
    0    2    0    9    8    2    1165.24915236    0.00012669    3   B-    12
    1    0    0    4    3    1    1165.67346503    0.00017191    4   B-     8
    0    1    0   29   15   15    1166.30364630    0.00006001   11   A+    20
    0    0    0   51   14   38    1166.54038077    0.00007266    8   A+     7
    0    0    0   27   24    4    1167.02625043    0.00009751    5   A+    19
    1    0    0    8    0    8    1167.03423833    0.00016857    3   B-    16
    0    2    0   17    5   13    1167.05278135    0.00011985    3   B-    21
    0    2    0   21    1   21    1167.05529735    0.00011932    3   B-    21
    0    0    0   48   16   32    1167.78797477    0.00000992    9   A+     9
    0    0    0   31   23    9    1168.70277501    0.00007278    8   A+    19
    0    2    0   13    7    7    1168.78037758    0.00010924    4   B-    18
    1    0    0    7    2    6    1168.80052066    0.00008459    6   B+    10
    1    0    0    5    3    3    1168.84451302    0.00011547    3   B-    11
    1    0    0    8    1    7    1169.79959084    0.00011065    4   B-    13
    0    0    0   58    6   52    1170.05847545    0.00007071    5   A+     4
    0    0    0   59    5   55    1170.08252171    0.00008165    6   A+     3
    0    1    0   23   17    7    1170.19672440    0.00006435   10   A+    21
    0    1    0   44    3   41    1170.64006884    0.00007024    8   A+    11
    0    2    0   20    2   18    1170.67815098    0.00013101    3   B-    22
    0    1    0   41    8   34    1171.09196230    0.00005624   13   A+    13
    0    0    0   40   20   20    1171.47768061    0.00009365    5   A+    16
    0    2    0   10    8    2    1171.61364261    0.00014142    2   B-    17
    0    1    0   19   18    2    1172.60978302    0.00008849    5   B+    19
    1    0    0    6    3    3    1172.65305986    0.00008944    5   B+    11
    0    1    0   40    9   31    1172.93291084    0.00006656   11   A+    15
    1    0    0    9    1    9    1173.38466266    0.00009173    5   B+    15
    0    1    0   42    7   35    1173.68240210    0.00006351   11   A+    14
    1    0    0    8    2    6    1174.09900237    0.00008944    5   B+    17
    0    2    0   16    6   10    1175.10471674    0.00010000    4   B-    22
    0    2    0   19    4   16    1175.29521808    0.00008944    5   B+    20
    0    1    0   34   13   21    1175.62680007    0.00006667    9   B+    18
    1    0    0    7    3    5    1177.09456056    0.00013428    3   B-    14
    1    0    0    4    4    0    1177.21794615    0.00011547    3   B-    12
    0    2    0   20    3   17    1177.29951272    0.00008944    5   B+    21
    0    1    0   32   14   18    1177.66306121    0.00006870    9   A+    20
    0    2    0   14    7    7    1177.69489602    0.00011547    3   B-    18
    0    2    0   21    2   20    1178.47081577    0.00011275    4   B-    19
    0    2    0   18    5   13    1178.54555455    0.00011547    3   B-    21
    0    2    0   11    8    4    1178.61499641    0.00011547    3   B-    14
    0    1    0   45    3   43    1178.71415966    0.00008074    7   A+    11
    1    0    0   10    0   10    1178.75605525    0.00011547    3   B-    18
    0    1    0   39   10   30    1178.92800355    0.00006978    8   A+    15
    0    1    0   36   12   24    1179.37660624    0.00005502   13   A+    18
    1    0    0    9    2    8    1179.53158730    0.00008165    6   B+    13
    0    2    0   22    0   22    1180.12266604    0.00011547    3   B-    22
    0    1    0   43    6   38    1180.27850488    0.00007164    9   B+    12
    1    0    0    5    4    2    1180.38801827    0.00011547    3   B-     8
    0    0    0   60    3   57    1180.60201085    0.00006325    7   A+     2
    0    0    0   50   15   35    1180.90137685    0.00008165    6   A+     8
    0    1    0   27   16   12    1181.05369018    0.00006400   10   A+    20
    0    0    0   55   11   45    1182.06225399    0.00008944    5   A+     6
    1    0    0    8    3    5    1182.18259374    0.00011554    4   B-    14
    1    0    0   10    1    9    1182.22897330    0.00010000    4   B-    15
    0    1    0   46    1   45    1183.16384104    0.00009513    6   A+    10
    0    0    0   35   22   14    1183.40081858    0.00008768    6   A+    17
    0    0    0   54   12   42    1183.95991790    0.00008334    7   A+     7
    0    0    0   58    7   51    1184.06072051    0.00008165    6   A+     4
    1    0    0    6    4    2    1184.19333814    0.00010000    4   B-    15
    0    0    0   56   10   46    1184.33536550    0.00009329    6   A+     6
    0    1    0   47    1   47    1184.88584694    0.00008454    8   A+     9
    0    0    0   28   24    4    1184.95068472    0.00010000    4   A-    21
    0    1    0   20   18    2    1185.37898978    0.00007024    8   A+    23
    0    1    0   30   15   15    1185.43986110    0.00006202   11   A+    20
    0    1    0   24   17    7    1185.51371248    0.00007559    7   B+    21
    0    1    0   44    4   40    1185.71264249    0.00009648    5   A+    13
    0    2    0   17    6   12    1185.94074353    0.00008944    5   B+    19
    1    0    0   11    1   11    1186.04610332    0.00008944    5   B+    17
    0    0    0   38   21   17    1186.22108576    0.00009496    5   B+    16
    0    2    0   12    8    4    1186.25366695    0.00012978    3   B-    19
    1    0    0   10    2    8    1186.39200072    0.00008165    6   B+    19
    0    0    0   45   18   28    1187.22435976    0.00007546    9   A+    10
    0    2    0   15    7    9    1187.24754366    0.00008944    5   B+    20
    1    0    0    9    3    7    1187.89121104    0.00008165    6   B+    16
    0    0    0   61    3   59    1188.09138725    0.00008165    6   A+     2
    0    2    0   20    4   16    1188.23729050    0.00010000    4   B-    24
    1    0    0    7    4    4    1188.63364991    0.00009766    5   B+    11
    0    1    0   38   11   27    1188.96867794    0.00007968    7   B+    17
    0    0    0   32   23    9    1189.17525674    0.00010535    5   A+    19
    0    2    0   21    3   19    1189.25902721    0.00010000    4   B-    22
    0    0    0   43   19   25    1189.68246100    0.00007710    7   A+    13
    0    0    0   53   13   41    1189.88327926    0.00007733    8   A+     7
    0    0    0   47   17   31    1190.33516960    0.00007071    8   A+    10
    0    2    0   19    5   15    1190.67676641    0.00011547    3   B-    22
    0    0    0   57    9   49    1190.95995840    0.00008828    6   A+     5
    0    2    0   22    1   21    1191.32706594    0.00011547    3   B-    21
    1    0    0   11    2   10    1192.76024874    0.00009240    5   B+    15
    0    0    0   62    1   61    1192.77348544    0.00006655   10   A+     1
    1    0    0   12    0   12    1192.81722209    0.00011547    3   B-    20
    1    0    0    8    4    4    1193.71026472    0.00011969    4   B-    18
    0    2    0   23    1   23    1193.85393423    0.00020000    1   C-    22
    0    0    0   59    6   54    1194.13813360    0.00011547    3   C-     3
    1    0    0   10    3    7    1194.27575198    0.00008944    5   B+    16
    0    2    0    9    9    1    1194.38052900    0.00020000    1   C-    17
    0    2    0   13    8    6    1194.52947155    0.00010791    4   B-    16
    0    0    0   63    1   63    1194.87195116    0.00006006   10   A+     1
    1    0    0    5    5    1    1195.22048268    0.00038152    2   B-    12
    0    1    0   44    5   39    1196.90024103    0.00006588    9   B+    12
    1    0    0   12    1   11    1197.20968463    0.00011547    3   B-    17
    0    2    0   18    6   12    1197.41734731    0.00010000    4   B-    24
    0    2    0   16    7    9    1197.43875992    0.00010655    4   B-    20
    0    0    0   41   20   22    1197.66820265    0.00007592    8   A+    14
    0    1    0   35   13   23    1197.95104023    0.00006386   10   B+    18
    0    1    0   42    8   34    1198.01625500    0.00007300    9   B+    15
    0    1    0   33   14   20    1198.71069702    0.00006989    9   A+    18
    0    1    0   21   18    4    1198.78631973    0.00008600    6   B+    20
    0    2    0   22    2   20    1198.88611147    0.00014142    2   B-    23
    0    1    0   28   16   12    1198.91788076    0.00006891    9   A+    22
    1    0    0    6    5    1    1199.02430042    0.00011547    3   B-    12
    0    0    0   49   16   34    1199.06051377    0.00007446    8   A+     8
    0    1    0   41    9   33    1199.15527340    0.00007071    8   A+    15
    1    0    0    9    4    6    1199.42265697    0.00008613    6   B+    14
    0    1    0   45    4   42    1199.66443935    0.00006788   11   A+    11
    0    0    0   52   14   38    1199.73790700    0.00007934    7   A+     8
    0    2    0   10    9    1    1200.74573258    0.00011547    3   B-    17
    1    0    0   13    1   13    1201.08049598    0.00010000    4   B-    19
    0    1    0   43    7   37    1201.19118360    0.00006588    9   A+    14
    1    0    0   11    3    9    1201.23829432    0.00009633    6   B+    18
    1    0    0   12    2   10    1201.36589440    0.00009186    6   B+    21
    0    1    0   25   17    9    1201.46872394    0.00006815   10   A+    21
    0    2    0   21    4   18    1201.53718033    0.00010000    4   B-    21
    0    1    0   37   12   26    1202.98193367    0.00005972   11   A+    16
    0    0    0   58    8   50    1203.12121892    0.00010831    5   A+     5
    0    2    0   14    8    6    1203.44276226    0.00011547    3   B-    21
    0    2    0   20    5   15    1203.46186443    0.00010000    4   B-    22
    1    0    0    7    5    3    1203.46341508    0.00010000    4   B-    15
    0    0    0   29   24    6    1203.51470471    0.00009395    5   A+    19
    0    1    0   40   10   30    1204.47950511    0.00006899   10   A+    17
    0    1    0   31   15   17    1205.21389152    0.00006565   10   B+    20
    0    2    0   22    3   19    1205.48796516    0.00010000    4   B-    22
    1    0    0   10    4    6    1205.77318917    0.00010252    6   B+    20
    0    2    0   23    2   22    1206.37378974    0.00010792    4   B-    20
    0    0    0   36   22   14    1206.41843985    0.00010314    5   A+    19
    0    1    0   46    2   44    1206.97786232    0.00008092    6   B+    11
    0    0    0   60    4   56    1207.52958762    0.00007441    9   A+     3
    0    2    0   11    9    3    1207.74755911    0.00010000    4   B-    19
    0    2    0   24    0   24    1208.10418147    0.00011547    3   B-    23
    0    2    0   17    7   11    1208.26881603    0.00011816    4   B-    22
    1    0    0   13    2   12    1208.47017489    0.00009259    5   B+    17
    1    0    0    8    5    3    1208.53765037    0.00010213    5   B+    15
    1    0    0   12    3    9    1208.95442506    0.00008165    6   B+    18
    1    0    0   14    0   14    1209.19249066    0.00011547    3   B-    22
    0    2    0   19    6   14    1209.53488700    0.00011547    3   B-    21
    0    0    0   25   25    1    1209.73665768    0.00009842    5   C+    22
    0    0    0   33   23   11    1210.28617117    0.00008702    6   A+    19
    0    1    0   44    6   38    1210.33075844    0.00007076    8   A+    14
    0    0    0   39   21   19    1211.14392208    0.00008944    5   A+    16
    0    1    0   47    2   46    1211.44138795    0.00006978    8   A+     9
    1    0    0   11    4    8    1212.75970643    0.00010000    4   B-    16
    0    1    0   22   18    4    1212.83181737    0.00008092    6   B+    24
    0    2    0   15    8    8    1212.99383887    0.00010000    4   B-    18
    0    1    0   48    0   48    1213.14296462    0.00007502    7   A+    10
    0    0    0   51   15   37    1213.45253801    0.00007071    8   A+     8
    0    1    0   39   11   29    1213.86263412    0.00007886    7   B+    17
    1    0    0    9    5    5    1214.24738212    0.00009226    5   B+    18
    1    0    0   14    1   13    1214.69703481    0.00014142    2   B-    19
    0    2    0   12    9    3    1215.38656228    0.00011547    3   B-    19
    0    2    0   22    4   18    1215.91769933    0.00008547    6   B+    25
    0    0    0   46   18   28    1216.58899975    0.00008165    6   A+    12
    0    0    0   59    7   53    1216.73265885    0.00007071    8   A+     4
    0    2    0   21    5   17    1216.87777775    0.00010000    4   B-    23
    1    0    0    6    6    0    1217.13471561    0.00014142    2   B-    16
    1    0    0   13    3   11    1217.13562325    0.00008165    6   B+    20
    0    1    0   29   16   14    1217.41986836    0.00007028    9   A+    20
    0    0    0   44   19   25    1217.77815993    0.00008944    5   A+    13
    0    2    0   23    3   21    1217.87212616    0.00009517    5   B+    23
    0    0    0   56   11   45    1217.90205951    0.00007818    8   A+     6
    0    1    0   26   17    9    1218.06165143    0.00006761   10   A+    21
    0    0    0   61    4   58    1218.23874054    0.00009390    5   A+     2
    1    0    0   15    1   15    1218.47418633    0.00009512    5   B+    21
    0    1    0   45    5   41    1218.71212128    0.00012257    5   B+    12
    1    0    0   14    2   12    1219.02574856    0.00008944    5   B+    23
    0    0    0   55   12   44    1219.11698432    0.00008664    7   A+     6
    0    2    0   18    7   11    1219.73794341    0.00010000    4   B-    22
    1    0    0   12    4    8    1220.38854092    0.00008944    5   B+    22
    0    1    0   34   14   20    1220.39658388    0.00008165    6   B+    20
    1    0    0   10    5    5    1220.59298184    0.00015620    4   B-    18
    0    2    0   24    1   23    1220.68804631    0.00014142    2   B-    22
    0    0    0   57   10   48    1220.87583917    0.00009143    6   A+     5
    0    1    0   36   13   23    1220.91395153    0.00007777    8   B+    18
    0    0    0   48   17   31    1220.97125829    0.00007559    7   A+     9
    1    0    0    7    6    2    1221.57361854    0.00011547    3   B-    12
    0    2    0   20    6   14    1222.29436977    0.00011547    3   B-    25
    0    0    0   30   24    6    1222.71727678    0.00010852    5   A+    21
    0    2    0   25    1   25    1222.98296138    0.00011547    3   B-    23
    0    2    0   16    8    8    1223.18273949    0.00010000    4   B-    23
    0    2    0   13    9    5    1223.66263162    0.00010000    4   B-    21
    0    0    0   54   13   41    1224.37469626    0.00006851    9   A+     7
    0    0    0   42   20   22    1224.49610882    0.00008165    6   A+    16
    0    1    0   43    8   36    1225.57159905    0.00007056    9   A+    13
    0    1    0   32   15   17    1225.62573907    0.00006780    9   A+    20
    0    0    0   62    2   60    1225.69489955    0.00008944    5   C-     2
    0    1    0   42    9   33    1226.02367176    0.00006291   10   A+    15
    1    0    0   14    3   11    1226.24782189    0.00009132    5   B+    20
    0    0    0   26   25    1    1226.38996430    0.00012792    3   C-    22
    1    0    0   15    2   14    1226.64251417    0.00008944    5   B+    19
    1    0    0    8    6    2    1226.64704119    0.00010293    4   B-    19
    0    1    0   38   12   26    1227.22690347    0.00006282   11   A+    18
    0    1    0   23   18    6    1227.51550933    0.00007024    8   A+    21
    1    0    0   11    5    7    1227.57468847    0.00008944    5   B+    20
    1    0    0   16    0   16    1227.87288948    0.00011547    3   B-    24
    0    1    0   46    3   43    1228.08165205    0.00006588    9   A+    11
    0    0    0   58    9   49    1228.37579987    0.00007920    7   A+     5
    1    0    0   13    4   10    1228.65088640    0.00008165    6   B+    18
    0    2    0   24    2   22    1229.57858247    0.00011547    3   B-    24
    0    1    0   44    7   37    1229.70052675    0.00007252    8   A+    14
    0    0    0   37   22   16    1230.07438905    0.00009569    5   B+    17
    0    2    0   23    4   20    1230.35529405    0.00008944    5   B+    22
    0    0    0   63    2   62    1230.37048041    0.00008183    7   C+     1
    0    1    0   41   10   32    1230.67356671    0.00007042    9   A+    15
    0    0    0   60    5   55    1230.72039715    0.00008165    6   A+     3
    0    2    0   22    5   17    1230.96440429    0.00011547    3   B-    23
    0    0    0   50   16   34    1230.97076036    0.00008944    5   B+     9
    0    2    0   19    7   13    1231.84667893    0.00008944    5   B+    23
    0    0    0   34   23   11    1232.03599445    0.00008831    6   A+    19
    1    0    0    9    6    4    1232.35541820    0.00010633    4   B-    15
    0    0    0   64    0   64    1232.46380430    0.00007878    7   A+     1
    0    2    0   14    9    5    1232.57593241    0.00010000    4   B-    21
    0    1    0   19   19    1    1232.97649359    0.00011835    5   B+    24
    0    2    0   10   10    0    1233.24017683    0.00014142    2   B-    21
    0    0    0   53   14   40    1233.57419912    0.00008338    7   A+     7
    0    2    0   17    8   10    1234.00983852    0.00011547    3   B-    20
    1    0    0   16    1   15    1234.63604710    0.00014618    3   B-    21
    1    0    0   12    5    7    1235.19335625    0.00008944    5   B+    20
    0    1    0   27   17   11    1235.29242669    0.00007099    9   A+    21
    1    0    0   15    3   13    1235.58062852    0.00008944    5   B+    22
    0    2    0   21    6   16    1235.69565579    0.00010000    4   B-    22
    0    1    0   47    3   45    1235.89488525    0.00008253    6   A+    11
    0    2    0   24    3   21    1236.40764047    0.00010000    4   B-    23
    0    1    0   30   16   14    1236.55975936    0.00006311   11   A+    22
    0    2    0   25    2   24    1236.64854150    0.00011547    3   B-    21
    0    0    0   40   21   19    1236.70469246    0.00010000    4   B-    16
    0    1    0   45    6   40    1237.53901492    0.00009530    5   B+    12
    1    0    0   14    4   10    1237.56509959    0.00008770    6   B+    24
    1    0    0   17    1   17    1238.21760302    0.00012795    4   B-    23
    0    2    0   26    0   26    1238.40755456    0.00011547    3   B-    23
    1    0    0   10    6    4    1238.69917248    0.00011547    3   B-    22
    1    0    0   16    2   14    1239.35346019    0.00010229    5   B+    25
    0    1    0   40   11   29    1239.39714323    0.00008170    9   B+    17
    0    0    0   59    8   52    1240.06283929    0.00008944    5   A+     4
    0    2    0   11   10    2    1240.24303232    0.00011547    3   B-    17
    0    1    0   48    1   47    1240.29713506    0.00009721    7   A+    10
    0    1    0   49    1   49    1241.98061102    0.00007461    8   A+     9
    0    2    0   15    9    7    1242.12653155    0.00014142    2   B-    23
    0    0    0   31   24    8    1242.55868758    0.00008944    5   A+    19
    0    1    0   35   14   22    1242.72065007    0.00006923    9   B+    18
    0    1    0   24   18    6    1242.83727006    0.00007071    8   A+    25
    1    0    0    7    7    1    1242.95219511    0.00014142    2   B-    16
    1    0    0   13    5    9    1243.44916831    0.00008309    6   B+    22
    0    0    0   27   25    3    1243.68299473    0.00010000    4   A-    22
    0    1    0   37   13   25    1244.51555961    0.00008231    8   B+    18
    0    2    0   20    7   13    1244.59533067    0.00010000    4   B-    23
    0    1    0   46    4   42    1244.86293507    0.00008125    7   A+    13
    0    2    0   18    8   10    1245.47525664    0.00011547    3   B-    25
    0    2    0   23    5   19    1245.66146214    0.00010000    4   B-    24
    1    0    0   11    6    6    1245.67825866    0.00011547    3   B-    18
    0    1    0   20   19    1    1245.74989941    0.00010281    5   B+    24
    0    0    0   61    5   57    1245.95196851    0.00010000    4   A-     3
    1    0    0   16    3   13    1246.19302266    0.00009814    5   B+    22
    0    2    0   24    4   20    1246.28266288    0.00008165    6   B+    26
    0    0    0   45   19   27    1246.51088401    0.00010949    4   A-    13
    0    0    0   47   18   30    1246.59099646    0.00008165    6   A+    10
    0    0    0   52   15   37    1246.64192968    0.00006297   11   A+     8
    0    1    0   33   15   19    1246.67557920    0.00006291   10   A+    20
    1    0    0   15    4   12    1247.10136257    0.00010000    4   B-    20
    1    0    0   17    2   16    1247.25690284    0.00013134    6   B+    21
    0    2    0   12   10    2    1247.88287261    0.00011910    3   B-    23
    1    0    0    8    7    1    1248.02574734    0.00011547    3   B-    16
    0    0    0   60    6   54    1248.17468545    0.00010000    4   C+     4
    1    0    0   18    0   18    1248.85936473    0.00011547    3   B-    26
    0    2    0   25    3   23    1248.96261245    0.00009580    5   B+    24
    0    2    0   22    6   16    1249.74066294    0.00011377    4   B-    26
    0    0    0   43   20   24    1251.96132298    0.00008944    5   A+    14
    0    1    0   39   12   28    1252.11121997    0.00005905   12   A+    16
    0    0    0   49   17   33    1252.24392377    0.00008491    7   A+    10
    0    2    0   16    9    7    1252.31488601    0.00008944    5   B+    23
    0    2    0   26    1   25    1252.33247326    0.00011547    3   B-    23
    1    0    0   14    5    9    1252.34320305    0.00009200    5   B+    22
    0    1    0   28   17   11    1253.16116913    0.00007024    8   B+    21
    1    0    0   12    6    6    1253.29319706    0.00010000    4   B-    24
    0    1    0   43    9   35    1253.53695367    0.00006978    8   B+    15
    1    0    0    9    7    3    1253.73380000    0.00010000    4   B-    19
    0    1    0   44    8   36    1253.80511338    0.00006001   11   A+    15
    0    0    0   38   22   16    1254.36799746    0.00008944    5   A+    19
    0    0    0   57   11   47    1254.38647211    0.00011531    5   A+     6
    0    0    0   35   23   13    1254.42401348    0.00008944    5   A+    19
    0    2    0   27    1   27    1254.44020528    0.00011547    3   B-    23
    0    0    0   56   12   44    1254.91659597    0.00007559    7   A+     7
    0    2    0   13   10    4    1256.15983538    0.00011547    3   B-    19
    0    1    0   31   16   16    1256.33735465    0.00007611    7   B+    20
    1    0    0   17    3   15    1256.56560626    0.00008944    5   B+    24
    0    1    0   46    5   41    1256.92374827    0.00008199    7   A+    12
    1    0    0   18    1   17    1256.96709828    0.00011547    3   B-    23
    1    0    0   16    4   12    1257.31450133    0.00008165    6   B+    26
    0    1    0   42   10   32    1257.51057212    0.00007190    9   B+    17
    0    2    0   19    8   12    1257.57890567    0.00020000    1   C-    22
    0    2    0   21    7   15    1257.98422039    0.00020000    1   C-    24
    0    1    0   47    4   44    1258.03119938    0.00007081    9   A+    11
    0    0    0   58   10   48    1258.08276789    0.00008944    5   A+     6
    0    1    0   45    7   39    1258.41303983    0.00006588    9   A+    14
    0    1    0   25   18    8    1258.79711907    0.00007253    8   A+    22
    0    1    0   21   19    3    1259.16209706    0.00008944    5   B+    25
    0    0    0   55   13   43    1259.50658903    0.00007224    8   A+     7
    1    0    0   10    7    3    1260.07676252    0.00010739    4   B-    19
    1    0    0   19    1   19    1260.30195740    0.00011547    3   B-    25
    0    2    0   24    5   19    1261.06567260    0.00011547    3   B-    24
    1    0    0   13    6    8    1261.54418593    0.00009188    5   B+    20
    0    0    0   28   25    3    1261.61527481    0.00014142    2   C-    22
    0    2    0   25    4   22    1261.74306545    0.00011547    3   B-    23
    1    0    0   15    5   11    1261.87505697    0.00009722    5   B+    24
    1    0    0   18    2   16    1262.31553281    0.00010000    4   B-    27
    0    0    0   60    7   53    1262.32295450    0.00010000    4   A-     4
    0    2    0   26    2   24    1262.68721853    0.00011547    3   B-    24
    0    0    0   41   21   21    1262.90308949    0.00010000    4   B-    16
    0    0    0   32   24    8    1263.03962151    0.00010743    4   A-    21
    0    2    0   17    9    9    1263.14093043    0.00011547    3   B-    25
    0    0    0   51   16   36    1263.51852354    0.00008165    6   A+     8
    0    0    0   63    3   61    1263.87930929    0.00011547    3   A-     2
    0    2    0   23    6   18    1264.42773462    0.00010000    4   B-    23
    0    2    0   14   10    4    1265.07386791    0.00010000    4   B-    25
    0    1    0   48    2   46    1265.33409164    0.00010382    4   B-    11
    0    1    0   41   11   31    1265.57270334    0.00007071    8   B+    17
    0    1    0   36   14   22    1265.68282564    0.00007559    7   B+    20
    0    0    0   59    9   51    1266.18132302    0.00010342    5   A+     5
    1    0    0   11    7    5    1267.05482942    0.00011547    3   B-    21
    0    0    0   54   14   40    1268.04979970    0.00007504    8   A+     8
    1    0    0   17    4   14    1268.11677864    0.00008732    6   B+    22
    0    1    0   34   15   19    1268.36337883    0.00006001   11   B+    20
    0    0    0   64    1   63    1268.54505208    0.00007626    9   A+     1
    0    1    0   38   13   25    1268.75580040    0.00007071    8   B+    18
    1    0    0   18    3   15    1268.82914516    0.00008743    6   B+    24
    0    2    0   27    2   26    1269.28068383    0.00011547    3   B-    21
    0    1    0   49    2   48    1269.73456762    0.00007286    9   A+     9
    0    1    0   46    6   40    1269.76009137    0.00009524    5   B+    14
    0    2    0   26    3   23    1270.02306417    0.00010393    4   B-    24
    1    0    0   19    2   18    1270.29255254    0.00008944    5   B+    23
    0    2    0   20    8   12    1270.32210941    0.00010247    4   B-    26
    1    0    0   14    6    8    1270.43202896    0.00010000    4   B-    26
    0    0    0   65    1   65    1270.63259818    0.00009904    6   A+     1
    0    2    0   28    0   28    1271.03412933    0.00020000    1   C-    23
    0    0    0   61    6   56    1271.12438219    0.00007559    7   C+     3
    0    1    0   50    0   50    1271.39870856    0.00007502    7   A+    10
    0    1    0   29   17   13    1271.66768637    0.00007502    7   B+    21
    0    2    0   22    7   15    1272.01396735    0.00011547    3   B-    24
    1    0    0   16    5   11    1272.04747686    0.00008944    5   B+    24
    1    0    0   20    0   20    1272.15652703    0.00013586    3   B-    27
    1    0    0    8    8    0    1272.66056663    0.00012828    3   B-    20
    0    1    0   22   19    3    1273.21242161    0.00008165    6   B+    25
    0    2    0   18    9    9    1274.60472820    0.00010000    4   B-    25
    0    2    0   15   10    6    1274.62523248    0.00008944    5   B+    21
    1    0    0   12    7    5    1274.66814602    0.00010000    4   B-    21
    0    1    0   26   18    8    1275.39498947    0.00008165    6   B+    25
    0    0    0   46   19   27    1275.88037960    0.00014142    2   C-    13
    0    2    0   11   11    1    1276.07981996    0.00011547    3   B-    22
    0    1    0   32   16   16    1276.75289644    0.00007364    9   B+    22
    0    2    0   25    5   21    1277.03305893    0.00010000    4   B-    25
    0    0    0   48   18   30    1277.22986255    0.00010000    4   B-    12
    0    0    0   36   23   13    1277.45046044    0.00011143    4   A-    19
    0    1    0   40   12   28    1277.63522332    0.00006511   10   B+    18
    0    1    0   47    5   43    1278.04780794    0.00006627    9   B+    12
    1    0    0    9    8    2    1278.36876198    0.00010761    4   B-    16
    0    0    0   39   22   18    1279.29962374    0.00008944    5   A+    17
    0    2    0   26    4   22    1279.37161007    0.00010000    4   B-    26
    1    0    0   18    4   14    1279.65276242    0.00008944    5   B+    28
    0    2    0   24    6   18    1279.76165369    0.00014142    2   B-    27
    1    0    0   15    6   10    1279.95657129    0.00009394    6   B+    22
    0    0    0   44   20   24    1280.06378317    0.00011547    3   B-    16
    1    0    0   19    3   17    1280.07763279    0.00008165    6   B+    26
    0    0    0   29   25    5    1280.18679409    0.00014142    2   C-    22
    0    0    0   60    8   52    1280.38232892    0.00011547    3   C-     5
    0    0    0   53   15   39    1280.46914093    0.00007276    8   A+     8
    1    0    0   20    1   19    1281.63696855    0.00010000    4   B-    25
    0    1    0   44    9   35    1281.69815240    0.00006832    9   A+    15
    0    2    0   27    3   25    1282.50679233    0.00008944    5   B+    24
    0    1    0   45    8   38    1282.65184763    0.00006291   10   A+    13
    1    0    0   17    5   13    1282.85820370    0.00008165    6   B+    26
    1    0    0   13    7    7    1282.91697959    0.00010000    4   B-    23
    0    2    0   21    8   14    1283.70419711    0.00014142    2   B-    23
    0    2    0   12   11    1    1283.72101095    0.00014142    2   B-    22
    0    0    0   50   17   33    1284.15435742    0.00010000    4   A-     9
    0    0    0   33   24   10    1284.15935775    0.00010794    4   A-    19
    0    0    0   62    4   58    1284.62976639    0.00009427    6   A+     3
    1    0    0   10    8    2    1284.71190797    0.00010616    4   B-    23
    1    0    0   21    1   21    1284.72119484    0.00012569    3   B-    26
    0    2    0   16   10    6    1284.81384407    0.00010000    4   B-    27
    0    1    0   43   10   34    1284.99062092    0.00007147    8   B+    15
    0    2    0   28    1   27    1286.26610960    0.00011547    3   B-    23
    0    2    0   23    7   17    1286.68480988    0.00020000    1   C-    25
    0    2    0   19    9   11    1286.70667655    0.00010645    4   B-    27
    0    1    0   48    3   45    1287.78612204    0.00007445    7   A+    11
    1    0    0   20    2   18    1287.86614136    0.00013317    3   B-    28
    0    1    0   23   19    5    1287.90120992    0.00009182    6   B+    26
    0    2    0   29    1   29    1288.22411928    0.00011547    3   B-    23
    0    1    0   46    7   39    1288.39514792    0.00007980    7   A+    14
    0    1    0   37   14   24    1289.28319667    0.00008076    8   B+    18
    0    0    0   42   21   21    1289.73894982    0.00008944    5   A+    16
    1    0    0   16    6   10    1290.11867275    0.00008944    5   B+    28
    0    1    0   35   15   21    1290.68894689    0.00007071    8   B+    20
    0    1    0   30   17   13    1290.81227442    0.00007974    7   B+    21
    0    0    0   57   12   46    1291.35876030    0.00007071    8   A+     6
    0    0    0   58   11   47    1291.51721193    0.00008742    7   A+     6
    1    0    0   11    8    4    1291.68993959    0.00010404    4   B-    19
    1    0    0   19    4   16    1291.70025618    0.00008165    6   B+    24
    1    0    0   14    7    7    1291.80180981    0.00008944    5   B+    23
    0    2    0   13   11    3    1291.99923124    0.00010000    4   B-    24
    0    1    0   42   11   31    1292.38934742    0.00007502    7   B+    17
    0    1    0   27   18   10    1292.63105558    0.00007304    8   A+    22
    0    1    0   39   13   27    1293.63480424    0.00007071    8   B+    18
    0    2    0   26    5   21    1293.78134480    0.00010000    4   B-    25
    1    0    0   20    3   17    1294.18544768    0.00008165    6   B+    26
    1    0    0   18    5   13    1294.31280146    0.00009064    6   B+    26
    0    0    0   61    7   55    1294.47550556    0.00008944    5   A+     4
    0    0    0   63    4   60    1295.21616245    0.00008944    5   A+     2
    0    0    0   56   13   43    1295.27888775    0.00008944    5   A+     7
    0    1    0   49    3   47    1295.39653787    0.00007834    8   A+    11
    0    2    0   17   10    8    1295.63988559    0.00011547    3   B-    23
    0    2    0   27    4   24    1295.68887460    0.00008944    5   B+    23
    1    0    0   21    2   20    1295.72946796    0.00008944    5   B+    24
    0    2    0   25    6   20    1295.73654226    0.00011547    3   B-    24
    0    0    0   59   10   50    1295.91646348    0.00010207    5   A+     5
    0    0    0   52   16   36    1296.70354250    0.00010000    4   A-     9
    0    1    0   47    6   42    1297.35158178    0.00008092    6   A+    12
    0    2    0   22    8   14    1297.72567738    0.00011547    3   B-    27
    1    0    0   22    0   22    1297.76829438    0.00011547    3   B-    28
    0    1    0   33   16   18    1297.80600910    0.00007202    9   B+    20
    0    2    0   28    2   26    1298.14804272    0.00014142    2   B-    24
    1    0    0   12    8    4    1299.30253974    0.00011547    3   B-    25
    0    0    0   30   25    5    1299.39874470    0.00011547    3   C-    22
    0    2    0   20    9   11    1299.44662194    0.00008944    5   B+    27
    0    1    0   50    1   49    1299.75062475    0.00008164    6   B+    10
    0    2    0   14   11    3    1300.91471047    0.00014142    2   B-    24
    1    0    0   17    6   12    1300.91845774    0.00010000    4   B-    24
    0    0    0   37   23   15    1301.11515792    0.00008944    5   B+    19
    1    0    0   15    7    9    1301.32237782    0.00008928    6   B+    25
    0    1    0   51    1   51    1301.39682046    0.00009045    6   B+     9
    0    2    0   24    7   17    1301.99755863    0.00010000    4   B-    25
    0    0    0   64    2   62    1302.64045955    0.00020000    1   C-     2
    0    0    0   55   14   42    1303.16447865    0.00008944    5   A+     7
    0    1    0   24   19    5    1303.22840362    0.00008944    5   B+    26
    0    1    0   41   12   30    1303.79900130    0.00007015   10   B+    16
    0    2    0   29    2   28    1304.25964586    0.00012015    3   B-    21
    1    0    0   20    4   16    1304.60202648    0.00008165    6   B+    29
    0    0    0   40   22   18    1304.86905794    0.00010000    4   B-    19
    0    0    0   60    9   51    1304.99884870    0.00008205    8   A+     5
    0    0    0   26   26    0    1305.83775767    0.00011547    3   C-    27
    0    0    0   47   19   29    1305.88818345    0.00011547    3   A-    13
    0    0    0   34   24   10    1305.91869566    0.00010283    5   A+    21
    0    2    0   30    0   30    1305.98418597    0.00011547    3   B-    23
    1    0    0   21    3   19    1306.10068845    0.00008165    6   B+    27
    1    0    0    9    9    1    1306.24592596    0.00020000    1   C-    20
    0    1    0   48    4   44    1306.26656805    0.00009309    5   B+    13
    0    2    0   28    3   25    1306.28344706    0.00008944    5   B+    24
    1    0    0   19    5   15    1306.40317989    0.00008944    5   B+    28
    0    2    0   18   10    8    1307.10356826    0.00014142    2   B-    29
    0    0    0   65    2   64    1307.30027226    0.00011547    3   C+     1
    1    0    0   13    8    6    1307.55070567    0.00008944    5   B+    21
    0    0    0   49   18   32    1308.50568415    0.00008165    6   A+    10
    1    0    0   22    1   21    1308.60877944    0.00011278    4   B-    26
    0    0    0   45   20   26    1308.80329797    0.00010000    4   B-    14
    0    1    0   20   20    0    1309.15486659    0.00010000    4   B-    30
    0    0    0   66    0   66    1309.38293638    0.00008571    6   A+     1
    0    0    0   62    5   57    1309.38428811    0.00009580    5   A+     3
    0    2    0   15   11    5    1310.46725106    0.00010000    4   B-    26
    0    1    0   45    9   37    1310.50391216    0.00006756    9   A+    15
    0    1    0   28   18   10    1310.50501362    0.00007024    8   A+    25
    0    1    0   31   17   15    1310.59438558    0.00007774    7   B+    21
    0    2    0   27    5   23    1310.99616910    0.00008944    5   B+    25
    1    0    0   23    1   23    1311.47093527    0.00011547    3   B-    27
    1    0    0   16    7    9    1311.47955604    0.00008165    6   B+    25
    0    1    0   46    8   38    1312.20509998    0.00008495    6   A+    15
    1    0    0   18    6   12    1312.35676043    0.00008165    6   B+    30
    0    2    0   26    6   20    1312.36373110    0.00010000    4   B-    28
    0    2    0   23    8   16    1312.38705622    0.00008944    5   B+    24
    1    0    0   10    9    1    1312.58913335    0.00012493    5   A+    20
    0    2    0   21    9   13    1312.82525440    0.00008944    5   B+    28
    0    1    0   44   10   34    1313.11437614    0.00008165    6   B+    17
    0    1    0   38   14   24    1313.52183001    0.00006945    9   B+    20
    0    1    0   36   15   21    1313.65236172    0.00006411   10   B+    20
    0    0    0   54   15   39    1314.93442218    0.00007408    8   A+     8
    0    2    0   28    4   24    1315.21895008    0.00011547    3   B-    26
    1    0    0   22    2   20    1315.95098240    0.00011547    3   B-    29
    1    0    0   14    8    6    1316.43408934    0.00010739    4   B-    27
    0    0    0   51   17   35    1316.70151351    0.00011547    3   A-    10
    0    0    0   43   21   23    1317.21195633    0.00014142    2   B-    16
    1    0    0   21    4   18    1317.85315557    0.00008694    6   B+    25
    0    2    0   25    7   19    1317.95229996    0.00011547    3   B-    26
    0    0    0   61    8   54    1318.02491263    0.00011547    3   C+     4
    0    1    0   47    7   41    1318.24268472    0.00007082    9   A+    14
    0    2    0   29    3   27    1318.48055419    0.00008944    5   B+    24
    0    1    0   49    4   46    1318.73487640    0.00007559    7   A+    11
    1    0    0   20    5   15    1319.14598972    0.00008475    6   B+    28
    0    1    0   40   13   27    1319.15278024    0.00007071    8   B+    18
    0    1    0   25   19    7    1319.19370501    0.00008944    5   B+    27
    0    2    0   19   10   10    1319.20485723    0.00008944    5   B+    25
    0    0    0   31   25    7    1319.24912919    0.00014142    2   C-    22
    0    1    0   34   16   18    1319.49682698    0.00007195    8   B+    22
    0    1    0   48    5   43    1319.52686926    0.00008165    6   B+    12
    1    0    0   11    9    3    1319.56758458    0.00010408    4   B-    23
    0    1    0   43   11   33    1319.84726545    0.00008534    6   B+    17
    0    2    0   16   11    5    1320.65698761    0.00010000    4   B-    26
    1    0    0   22    3   19    1322.27171820    0.00009602    6   B+    27
    1    0    0   17    7   11    1322.27315804    0.00010000    4   B-    27
    0    2    0   30    1   29    1322.49690917    0.00010000    4   B-    23
    0    1    0   21   20    2    1322.57242696    0.00009400    5   B+    26
    0    2    0   12   12    0    1322.87775094    0.00020000    1   C-    26
    0    0    0   27   26    2    1323.13842548    0.00014142    2   C-    24
    1    0    0   23    2   22    1323.54841052    0.00010000    4   B-    25
    0    0    0   63    5   59    1324.13678851    0.00011547    3   C-     3
    0    2    0   31    1   31    1324.33382608    0.00020000    1   C-    23
    1    0    0   19    6   14    1324.43383949    0.00011377    5   B+    26
    0    0    0   38   23   15    1325.41806928    0.00011547    3   C-    19
    1    0    0   24    0   24    1325.69791656    0.00011547    3   B-    28
    1    0    0   15    8    8    1325.95286710    0.00011606    4   B-    23
    0    1    0   50    2   48    1326.00407698    0.00007502    7   A+    11
    0    2    0   22    9   13    1326.84236071    0.00010000    4   B-    28
    1    0    0   12    9    3    1327.18063283    0.00010829    4   B-    23
    0    2    0   24    8   16    1327.68847246    0.00014142    2   B-    29
    0    0    0   35   24   12    1328.31551584    0.00010000    4   A-    19
    0    0    0   58   12   46    1328.44332597    0.00010000    4   C-     7
    0    0    0   62    6   56    1328.63367872    0.00011547    3   C+     4
    0    1    0   29   18   12    1329.01676558    0.00008567    6   B+    22
    0    2    0   28    5   23    1329.13270643    0.00014142    2   B-    25
    0    0    0   59   11   49    1329.29251930    0.00010328    6   A+     6
    0    2    0   27    6   22    1329.62755959    0.00010515    4   B-    25
    0    1    0   51    2   50    1330.34789775    0.00008165    6   A+     9
    0    0    0   53   16   38    1330.52595969    0.00008165    6   A+     8
    0    1    0   42   12   30    1330.60264659    0.00006570   11   B+    18
    0    1    0   32   17   15    1331.01420851    0.00007691    7   B+    21
    0    0    0   41   22   20    1331.07568379    0.00011547    3   B-    17
    0    2    0   13   12    2    1331.15770519    0.00011547    3   B-    22
    0    2    0   17   11    7    1331.48391853    0.00011547    3   B-    28
    0    0    0   57   13   45    1331.69168399    0.00011547    3   C-     7
    0    2    0   20   10   10    1331.94398628    0.00008944    5   B+    31
    0    1    0   52    0   52    1331.97495660    0.00008944    5   A+    10
    0    1    0   48    6   42    1332.01286983    0.00008849    5   B+    14
    0    2    0   29    4   26    1332.17676709    0.00008165    6   B+    23
    1    0    0   22    4   18    1332.19133822    0.00010000    4   B-    30
    1    0    0   21    5   17    1332.51656264    0.00008388    6   B+    29
    1    0    0   18    7   11    1333.70395080    0.00008488    6   B+    27
    0    0    0   60   10   50    1334.43371789    0.00014142    2   C-     6
    0    2    0   26    7   19    1334.54985306    0.00010000    4   B-    26
    1    0    0   23    3   21    1334.61454544    0.00008165    6   B+    28
    1    0    0   13    9    5    1335.42875780    0.00010000    4   B-    25
    0    1    0   26   19    7    1335.79716001    0.00008165    6   B+    27
    0    2    0   30    2   28    1335.90850431    0.00011949    3   B-    24
    1    0    0   16    8    8    1336.10757791    0.00009485    5   B+    29
    0    0    0   48   19   29    1336.53101960    0.00014142    2   C-    13
    0    1    0   22   20    2    1336.62805072    0.00008944    5   B+    31
    1    0    0   20    6   14    1337.15056200    0.00008165    6   B+    32
    0    1    0   37   15   23    1337.25369493    0.00007445    7   B+    20
    1    0    0   24    1   23    1337.86465786    0.00014142    2   B-    27
    0    0    0   46   20   26    1338.17985823    0.00011547    3   B-    16
    0    1    0   39   14   26    1338.39872983    0.00006588    9   B+    18
    0    0    0   56   14   42    1338.91799408    0.00006779    9   A+     8
    0    0    0   32   25    7    1339.73894589    0.00014142    2   C-    22
    0    1    0   49    5   45    1339.79491609    0.00007867    7   A+    12
    0    1    0   46    9   37    1339.96052598    0.00008489    7   A+    15
    0    2    0   14   12    2    1340.07467717    0.00011547    3   B-    28
    0    0    0   50   18   32    1340.41843348    0.00010000    4   B-    12
    1    0    0   25    1   25    1340.54831269    0.00011547    3   B-    28
    0    0    0   28   26    2    1341.07894178    0.00010000    4   A-    27
    0    2    0   23    9   15    1341.49838458    0.00009438    5   B+    29
    0    2    0   31    2   30    1341.57690926    0.00014142    2   B-    21
    0    1    0   35   16   20    1341.82563555    0.00006924   10   B+    20
    0    1    0   45   10   36    1341.88168294    0.00007024    8   A+    15
    0    0    0   65    3   63    1341.98248258    0.00008944    5   C+     2
    0    1    0   47    8   40    1342.33686786    0.00007535    8   A+    13
    0    2    0   18   11    7    1342.94851392    0.00010812    4   B-    28
    0    2    0   32    0   32    1343.25803483    0.00020000    1   C-    23
    0    0    0   62    7   55    1343.31796314    0.00008944    5   A+     4
    0    2    0   25    8   18    1343.63015358    0.00011547    3   B-    25
    1    0    0   10   10    0    1343.69325786    0.00022728    3   A-    24
    0    0    0   61    9   53    1344.01512154    0.00010000    4   A-     5
    1    0    0   14    9    5    1344.31193618    0.00011179    4   B-    25
    0    2    0   30    3   27    1345.12720659    0.00014142    2   B-    24
    0    1    0   41   13   29    1345.30951409    0.00007071    8   B+    18
    0    2    0   21   10   12    1345.32108050    0.00008928    6   B+    27
    0    0    0   44   21   23    1345.32209193    0.00011547    3   B-    16
    0    0    1    1    0    1    1345.72899322    0.00014142    2   B-     5
    1    0    0   19    7   13    1345.77217848    0.00009116    6   B+    29
    1    0    0   24    2   22    1346.50675819    0.00010680    4   B-    30
    1    0    0   22    5   17    1346.55706301    0.00009155    5   B+    29
    1    0    0   23    4   20    1346.57247676    0.00008944    5   B+    26
    0    0    0   66    1   65    1346.63294873    0.00009487    5   A+     1
    1    0    0   17    8   10    1346.89801384    0.00009130    5   B+    25
    0    2    0   29    5   25    1347.55202902    0.00009670    5   B+    25
    0    2    0   28    6   22    1347.55482196    0.00011547    3   B-    28
    0    1    0   44   11   33    1347.94681324    0.00007502    7   B+    17
    0    1    0   30   18   12    1348.16654536    0.00008165    6   B+    25
    0    0    1    2    1    2    1348.55021460    0.00045239    2   B-     9
    0    0    0   67    1   67    1348.70906482    0.00008944    5   A+     1
    0    0    1    3    0    3    1348.89358991    0.00014142    2   B-     9
    0    2    0   15   12    4    1349.62896758    0.00012762    3   B-    24
    0    1    0   50    3   47    1349.76660703    0.00007815    7   A+    11
    0    1    0   48    7   41    1349.79714466    0.00011344    3   B-    14
    0    0    0   52   17   35    1349.88568700    0.00011547    3   A-     9
    0    0    0   55   15   41    1350.03819210    0.00010000    4   A-     8
    0    0    0   39   23   17    1350.35813533    0.00011547    3   B-    19
    0    0    0   63    6   58    1350.46523199    0.00010000    4   C+     3
    1    0    0   21    6   16    1350.50713661    0.00008944    5   B+    28
    1    0    0   11   10    2    1350.67175010    0.00009806    5   A+    20
    0    0    1    3    1    2    1350.68561450    0.00014438    3   B-     5
    0    1    0   23   20    4    1351.32232490    0.00008591    6   B+    27
    0    0    0   36   24   12    1351.35142574    0.00014142    2   C-    21
    0    2    0   27    7   21    1351.79027082    0.00011547    3   B-    26
    0    1    0   33   17   17    1352.07181466    0.00007024    8   B+    21
    0    0    1    4    1    4    1352.80506155    0.00014142    2   B-    13
    0    1    0   27   19    9    1353.03873667    0.00007559    7   B+    27
    1    0    0   24    3   21    1353.07279084    0.00009811    6   B+    28
    0    0    1    2    2    1    1353.52049477    0.00020000    1   C-     5
    1    0    0   25    2   24    1353.73385614    0.00011101    5   B+    26
    1    0    0   15    9    7    1353.83042897    0.00010445    7   A+    27
    0    2    0   30    4   26    1353.84327575    0.00010000    4   B-    26
    0    0    1    5    0    5    1354.56444096    0.00014142    2   B-    13
    0    2    0   19   11    9    1355.05050590    0.00011547    3   B-    30
    0    0    1    3    2    1    1355.42907495    0.00014142    2   B-    10
    1    0    0   26    0   26    1355.94753351    0.00014142    2   B-    29
    0    0    1    5    1    4    1356.61861940    0.00013381    3   B-     9
    0    2    0   24    9   15    1356.79335678    0.00008944    5   B+    29
    0    2    0   31    3   29    1356.86133750    0.00008944    5   B+    24
    0    1    0   51    3   49    1357.21717464    0.00009498    5   B+    11
    0    0    0   42   22   20    1357.92017707    0.00010000    4   B-    19
    0    0    1    4    2    3    1357.95882166    0.00011547    3   B-     9
    0    1    0   43   12   32    1358.04628009    0.00006627    9   B+    16
    1    0    0   12   10    2    1358.28554983    0.00011547    3   B-    27
    1    0    0   18    8   10    1358.32513180    0.00009224    5   B+    31
    1    0    0   20    7   13    1358.47808546    0.00008291    6   B+    29
    0    2    0   22   10   12    1359.33640369    0.00008944    5   B+    32
    0    0    1    6    1    6    1359.48149308    0.00014142    2   B-    17
    0    0    0   29   26    4    1359.65973545    0.00009310    5   A+    24
    0    1    0   49    6   44    1359.69368685    0.00008228    6   A+    12
    0    2    0   16   12    4    1359.82047300    0.00012354    3   B-    30
    0    2    0   26    8   18    1360.21273847    0.00014142    2   B-    30
    0    0    0   62    8   54    1360.45739892    0.00011547    3   C+     5
    0    0    0   33   25    9    1360.86796502    0.00014142    2   C-    22
    0    2    0   32    1   31    1361.03258825    0.00011547    3   B-    23
    0    0    1    5    2    3    1361.17021786    0.00013137    3   B-    14
    1    0    0   23    5   19    1361.20362815    0.00009175    5   B+    30
    0    1    0   38   15   23    1361.49295687    0.00008165    6   B+    20
    0    1    0   52    1   51    1361.52426415    0.00008849    5   B+    10
    1    0    0   24    4   20    1362.45661990    0.00008944    5   B+    31
    0    0    1    7    0    7    1362.69904593    0.00014142    2   B-    17
    0    2    0   33    1   33    1362.76776329    0.00011547    3   B-    23
    0    1    0   53    1   53    1363.13321683    0.00008849    5   B+     9
    0    0    1    3    3    0    1363.57384257    0.00014142    2   B-     6
    0    1    0   40   14   26    1363.91384965    0.00008453    6   B+    20
    1    0    0   16    9    7    1363.98407907    0.00010404    5   A+    27
    0    0    0   64    4   60    1364.01781968    0.00008165    6   A+     3
    1    0    0   22    6   16    1364.50504364    0.00010520    6   B+    33
    0    1    0   36   16   20    1364.79195199    0.00009200    7   B+    22
    0    0    1    6    2    5    1364.92663683    0.00011547    3   B-    13
    0    0    1    7    1    6    1365.17195378    0.00011547    3   B-    13
    1    0    0   25    3   23    1365.59686035    0.00010000    4   B-    29
    0    2    0   29    6   24    1366.10619825    0.00008944    5   B+    25
    0    0    1    4    3    2    1366.11338371    0.00015358    3   B-    14
    0    0    0   59   12   48    1366.17102030    0.00011547    3   C-     6
    1    0    0   13   10    4    1366.53434539    0.00011019    4   B-    23
    0    1    0   24   20    4    1366.65505115    0.00008944    5   B+    32
    0    2    0   30    5   25    1367.14757391    0.00011547    3   B-    25
    0    0    0   60   11   49    1367.71589142    0.00008688    7   A+     6
    0    2    0   20   11    9    1367.78997560    0.00014142    2   B-    30
    0    0    0   49   19   31    1367.81185590    0.00012235    4   A-    13
    0    1    0   31   18   14    1367.95405330    0.00008165    6   B+    22
    0    0    0   47   20   28    1368.19318134    0.00008944    5   A+    14
    0    0    1    8    1    8    1368.56732828    0.00014142    2   B-    21
    0    0    0   58   13   45    1368.74508741    0.00011547    3   A-     7
    0    0    1    5    3    2    1369.28908406    0.00014544    3   B-    10
    1    0    0   26    1   25    1369.40306482    0.00011601    4   B-    28
    0    0    1    7    2    5    1369.50884293    0.00011547    3   B-    18
    0    2    0   28    7   21    1369.67513960    0.00010000    4   B-    26
    0    1    0   50    4   46    1369.89149412    0.00008944    5   A+    13
    0    1    0   47    9   39    1370.05995069    0.00007446    8   A+    15
    1    0    0   19    8   12    1370.38840297    0.00010087    6   A+    27
    0    2    0   17   12    6    1370.64921259    0.00011547    3   B-    26
    0    1    0   28   19    9    1370.91839272    0.00007894    7   B+    27
    0    2    0   31    4   28    1371.18674288    0.00009353    5   B+    23
    0    1    0   46   10   36    1371.29328292    0.00008022    6   B+    17
    1    0    0   21    7   15    1371.82204659    0.00010309    6   B+    30
    1    0    0   27    1   27    1371.95144901    0.00011547    3   B-    28
    0    1    0   42   13   29    1372.10530967    0.00007559    7   B+    18
    0    2    0   25    9   17    1372.72776050    0.00010000    4   B-    30
    0    0    0   51   18   34    1372.96698414    0.00014142    2   C-    10
    0    0    1    6    3    4    1373.10045486    0.00011547    3   B-    18
    0    1    0   48    8   40    1373.22643071    0.00007460    8   A+    15
    0    0    1    9    0    9    1373.24459629    0.00020000    1   C-    21
    0    0    0   61   10   52    1373.55769348    0.00011547    3   C-     5
    0    2    0   13   13    1    1373.60989253    0.00011547    3   B-    26
    0    1    0   34   17   17    1373.76706954    0.00007559    7   B+    21
    0    2    0   23   10   14    1373.98989873    0.00014142    2   B-    28
    0    0    0   45   21   25    1374.06971110    0.00010000    4   B-    16
    0    0    1    8    2    7    1374.41469854    0.00013369    3   B-    17
    0    0    0   65    4   62    1374.50549148    0.00011547    3   B-     2
    0    0    0   63    7   57    1374.67627813    0.00014142    2   C-     4
    1    0    0   17    9    9    1374.77322706    0.00012206    5   B+    29
    0    0    0   37   24   14    1375.02561351    0.00010000    4   A-    19
    0    0    0   57   14   44    1375.31125015    0.00011547    3   C-     7
    1    0    0   14   10    4    1375.41805411    0.00010000    4   B-    29
    0    0    0   40   23   17    1375.93740838    0.00010000    4   B-    19
    0    2    0   32    2   30    1375.93811581    0.00014142    2   B-    24
    0    0    1    9    1    8    1376.32587239    0.00013133    3   B-    17
    1    0    0   24    5   19    1376.55782954    0.00011547    3   B-    30
    0    1    0   45   11   35    1376.68814397    0.00008015    7   B+    17
    0    2    0   27    8   20    1377.43649413    0.00011547    3   B-    26
    0    0    1    4    4    1    1377.51473421    0.00020000    1   C-    10
    0    0    1    7    3    4    1377.55305297    0.00014142    2   B-    14
    1    0    0   25    4   22    1377.85134095    0.00009728    5   B+    27
    0    0    0   30   26    4    1378.87979472    0.00014142    2   C-    27
    1    0    0   23    6   18    1379.14290172    0.00008991    6   B+    29
    1    0    0   26    2   24    1379.46697614    0.00010000    4   B-    31
    0    0    1   10    1   10    1380.04910017    0.00014142    2   B-    25
    0    0    1    9    2    7    1380.48707902    0.00011916    3   B-    22
    0    1    0   49    7   43    1380.67514022    0.00007970    7   B+    14
    0    0    1    5    4    1    1380.68923541    0.00011547    3   B-    15
    0    2    0   21   11   11    1381.16721445    0.00008165    6   B+    31
    0    2    0   33    2   32    1381.22652287    0.00020000    1   C-    21
    0    1    0   51    4   48    1381.76737914    0.00008165    6   A+    11
    0    2    0   18   12    6    1382.11523057    0.00010000    4   B-    32
    0    2    0   14   13    1    1382.52899691    0.00011547    3   B-    26
    0    1    0   25   20    6    1382.62622923    0.00008165    6   B+    28
    0    0    1    8    3    6    1382.63539234    0.00011547    3   B-    22
    0    0    0   34   25    9    1382.63591674    0.00014142    2   C-    22
    0    2    0   34    0   34    1382.85510813    0.00011547    3   B-    23
    1    0    0   20    8   12    1383.08819656    0.00007993    8   A+    33
    0    0    0   62    9   53    1384.29239012    0.00014142    2   C-     5
    0    0    1    6    4    3    1384.49905881    0.00015033    3   B-    14
    0    1    0   50    5   45    1384.62502312    0.00007236    8   B+    12
    1    0    0   15   10    6    1384.93690157    0.00011921    3   B-    25
    1    0    0   11   11    1    1384.98434762    0.00020000    1   C-    24
    0    2    0   30    6   24    1385.34381441    0.00008944    5   B+    28
    0    0    0   43   22   22    1385.40217933    0.00014142    2   B-    17
    0    0    0   56   15   41    1385.78059089    0.00009193    6   A+     8
    1    0    0   22    7   15    1385.80477741    0.00008656    6   B+    30
    0    1    0   44   12   32    1386.13006815    0.00006627    9   B+    18
    0    0    1   11    0   11    1386.15043746    0.00014142    2   B-    25
    1    0    0   18    9    9    1386.19838261    0.00008944    5   B+    29
    1    0    0   27    2   26    1386.27204903    0.00009088    6   B+    27
    0    1    0   39   15   25    1386.37008553    0.00006456   10   B+    20
    0    0    1   10    2    9    1386.41023774    0.00014142    2   B-    21
    0    2    0   32    3   29    1386.48445784    0.00010410    4   B-    24
    0    0    0   67    2   66    1386.54515225    0.00010000    4   C-     1
    1    0    0   26    3   23    1386.55258558    0.00010625    5   B+    29
    0    2    0   31    5   27    1386.69850832    0.00008944    5   B+    25
    0    2    0   29    7   23    1388.20324310    0.00010771    4   B-    26
    0    0    1    9    3    6    1388.37654329    0.00014142    2   B-    18
    0    1    0   32   18   14    1388.37927983    0.00008944    5   B+    25
    0    1    0   37   16   22    1388.39581289    0.00008589    6   B+    20
    1    0    0   28    0   28    1388.51786159    0.00014142    2   B-    29
    0    0    1    7    4    3    1388.94524813    0.00011547    3   B-    19
    0    1    0   21   21    1    1388.98531341    0.00010554    4   B-    32
    0    1    0   52    2   50    1388.98901281    0.00011547    3   B-    11
    0    2    0   24   10   14    1389.28171274    0.00010000    4   B-    33
    0    2    0   26    9   17    1389.30176465    0.00010000    4   B-    30
    0    1    0   29   19   11    1389.43592465    0.00009949    5   B+    27
    0    0    1   11    1   10    1390.05130763    0.00014142    2   B-    21
    0    1    0   41   14   28    1390.06729698    0.00007046    9   B+    18
    0    0    0   64    5   59    1390.25581928    0.00013022    3   A-     3
    0    2    0   15   13    3    1392.08543840    0.00011547    3   B-    28
    1    0    0   25    5   21    1392.46934703    0.00008343    6   B+    31
    1    0    0   12   11    1    1392.59925767    0.00011547    3   B-    24
    0    1    0   53    2   52    1393.28055913    0.00012348    3   B-     9
    0    0    1   12    1   12    1393.91254044    0.00014142    2   B-    28
    0    0    1    8    4    5    1394.02800327    0.00011547    3   B-    18
    0    0    1   11    2    9    1394.13957654    0.00014142    2   B-    26
    0    2    0   19   12    8    1394.21881037    0.00011547    3   B-    28
    1    0    0   24    6   18    1394.42556240    0.00009064    6   B+    34
    0    0    1   10    3    8    1394.72245507    0.00020620    2   B-    26
    0    1    0   54    0   54    1394.87097236    0.00010000    4   A-    10
    1    0    0   16   10    6    1395.09065853    0.00011547    3   B-    31
    0    2    0   22   11   11    1395.18222821    0.00008165    6   B+    31
    0    2    0   32    4   28    1395.23886056    0.00011335    4   B-    26
    0    2    0   28    8   20    1395.30180380    0.00011547    3   B-    30
    0    0    1    5    5    0    1395.33773363    0.00014142    2   B-    11
    1    0    0   26    4   22    1395.43672681    0.00008893    6   B+    32
    0    1    0   35   17   19    1396.10004055    0.00008536    6   B+    21
    1    0    0   21    8   14    1396.42520657    0.00008944    5   B+    29
    0    1    0   50    6   44    1397.07331151    0.00011547    3   A-    14
    0    2    0   33    3   31    1397.62854511    0.00010000    4   B-    24
    1    0    0   19    9   11    1398.25901567    0.00009325    6   B+    31
    0    0    0   63    8   56    1398.55503386    0.00011547    3   C+     4
    0    0    0   31   26    6    1398.73972734    0.00011275    4   A-    24
    0    0    0   48   20   28    1398.84348783    0.00010000    4   B-    16
    1    0    0   27    3   25    1399.02400038    0.00010000    4   B-    29
    0    0    1    6    5    2    1399.14680456    0.00011547    3   B-    19
    0    1    0   26   20    6    1399.23562584    0.00008165    6   B+    33
    0    0    0   38   24   14    1399.33792109    0.00011547    3   B-    21
    0    1    0   43   13   31    1399.54007845    0.00008165    6   B+    18
    0    0    0   50   19   31    1399.72850915    0.00020000    1   C-    13
    0    0    1    9    4    5    1399.74829680    0.00012099    3   B-    23
    0    0    0   55   16   40    1400.08317524    0.00011547    3   B-     8
    1    0    0   23    7   17    1400.42638170    0.00008635    6   B+    31
    0    1    0   48    9   39    1400.81529539    0.00007684    8   B+    15
    1    0    0   13   11    3    1400.84924047    0.00011124    4   B-    27
    0    0    1   12    2   11    1400.89794163    0.00020000    1   C-    25
    0    1    0   47   10   38    1401.34932895    0.00008022    7   A+    15
    0    0    1   13    0   13    1401.38229084    0.00014142    2   B-    28
    0    0    1   11    3    8    1401.77749023    0.00014142    2   B-    22
    0    2    0   34    1   33    1401.87840310    0.00010000    4   B-    23
    0    0    0   41   23   19    1402.15339122    0.00011547    3   B-    19
    0    2    0   16   13    3    1402.27909935    0.00011547    3   B-    28
    0    1    0   22   21    1    1403.04641645    0.00010558    5   B+    32
    1    0    0   28    1   27    1403.22986529    0.00012603    3   B-    28
    0    0    0   46   21   25    1403.45400698    0.00013660    3   B-    16
    0    2    0   35    1   35    1403.52570397    0.00014142    2   B-    22
    0    0    1    7    5    2    1403.59175540    0.00011547    3   B-    15
    0    1    0   51    5   47    1403.93018544    0.00007911    7   A+    12
    0    0    0   60   12   48    1404.54229994    0.00010000    4   C+     7
    0    1    0   49    8   42    1404.63040007    0.00008550    6   A+    13
    0    0    0   65    5   61    1404.63306098    0.00010000    4   C-     3
    0    0    0   35   25   11    1405.04255117    0.00014142    2   C-    23
    0    2    0   31    6   26    1405.17831772    0.00010000    4   B-    25
    0    2    0   25   10   16    1405.21218111    0.00011547    3   B-    29
    0    0    0   27   27    1    1405.35814768    0.00014142    2   C-    30
    1    0    0   29    1   29    1405.67821844    0.00011547    3   B-    28
    1    0    0   17   10    8    1405.87975303    0.00010000    4   B-    27
    0    1    0   46   11   35    1406.07135154    0.00008849    5   B+    17
    0    0    1   10    4    7    1406.10573357    0.00015882    3   B-    22
    0    0    0   52   18   34    1406.15415348    0.00011547    3   C-    12
    0    0    1   13    1   12    1406.30787146    0.00020000    1   C-    24
    0    2    0   27    9   19    1406.51542704    0.00011547    3   B-    31
    0    0    0   61   11   51    1406.78287733    0.00009579    6   A+     6
    0    2    0   20   12    8    1406.95954381    0.00008944    5   B+    34
    0    2    0   30    7   23    1407.37808042    0.00010346    4   B-    26
    0    2    0   32    5   27    1407.86029403    0.00009179    5   B+    25
    0    1    0   30   19   11    1408.59160800    0.00007559    7   B+    27
    0    0    1    8    5    4    1408.67258931    0.00011547    3   B-    23
    1    0    0   26    5   21    1409.16472009    0.00008165    6   B+    31
    0    0    1   12    3   10    1409.36337449    0.00011547    3   B-    29
    0    1    0   33   18   16    1409.44227495    0.00008436    6   B+    22
    1    0    0   14   11    3    1409.73386210    0.00010000    4   B-    27
    0    2    0   23   11   13    1409.83503580    0.00011547    3   B-    32
    0    0    1   14    1   14    1410.14395525    0.00014142    2   B-    30
    1    0    0   25    6   20    1410.34661997    0.00008817    6   B+    30
    1    0    0   22    8   14    1410.39944794    0.00010287    4   B-    34
    0    0    1   13    2   11    1410.48260131    0.00014142    2   B-    29
    1    0    0   20    9   11    1410.95612375    0.00008944    5   B+    31
    0    0    0   64    6   58    1411.35877872    0.00014142    2   C-     4
    1    0    0   27    4   24    1411.67809223    0.00008944    5   B+    28
    0    1    0   40   15   25    1411.88502808    0.00006627    9   B+    20
    0    0    0   58   14   44    1412.34268152    0.00011547    3   A-     8
    0    1    0   38   16   22    1412.63752864    0.00007829    7   B+    22
    0    2    0   33    4   30    1412.69557922    0.00020000    1   C-    23
    0    0    1   11    4    7    1413.10389510    0.00011547    3   B-    27
    0    2    0   17   13    5    1413.11001550    0.00014142    2   B-    30
    0    0    0   62   10   52    1413.39459089    0.00011547    3   C-     6
    0    0    0   44   22   22    1413.52127428    0.00008944    5   B+    19
    0    2    0   29    8   22    1413.80895636    0.00010000    4   B-    26
    0    1    0   50    7   43    1413.94205121    0.00010000    4   B-    14
    0    1    0   52    3   49    1414.03316044    0.00010069    5   A+    11
    0    0    1    9    5    4    1414.38942011    0.00012960    3   B-    19
    1    0    0   28    2   26    1414.76939555    0.00011547    3   B-    31
    0    1    0   45   12   34    1414.85413984    0.00007256    8   B+    16
    1    0    0   24    7   17    1415.68753362    0.00009273    7   A+    31
    0    1    0   27   20    8    1416.48334731    0.00009322    5   B+    29
    0    1    0   42   14   28    1416.85913274    0.00011194    4   B-    20
    0    0    1    6    6    1    1417.03375009    0.00014142    2   B-    15
    1    0    0   18   10    8    1417.30428583    0.00011073    4   B-    33
    0    1    0   23   21    3    1417.74633875    0.00008165    6   B+    33
    0    0    1   13    3   10    1417.78245528    0.00014142    2   B-    25
    0    0    1   14    2   13    1417.85964462    0.00014142    2   B-    28
    0    0    0   54   17   37    1418.16475542    0.00014142    2   A-     9
    0    2    0   34    2   32    1418.22580087    0.00011547    3   B-    24
    0    0    1   15    0   15    1418.92352246    0.00014142    2   B-    29
    0    1    0   36   17   19    1419.07061031    0.00007502    7   B+    21
    1    0    0   15   11    5    1419.25338695    0.00036469    4   A-    30
    0    2    0   21   12   10    1420.33801742    0.00011547    3   B-    30
    0    0    1   12    4    9    1420.73815215    0.00011547    3   B-    26
    0    0    1   10    5    6    1420.74295152    0.00011547    3   B-    27
    1    0    0   29    2   28    1421.15268411    0.00010905    4   B-    27
    0    1    0   53    3   51    1421.35539769    0.00011344    3   B-    11
    0    0    1    7    6    1    1421.47825886    0.00012570    3   B-    20
    0    2    0   26   10   16    1421.78146758    0.00011547    3   B-    34
    0    0    0   57   15   43    1422.15991007    0.00010536    4   A-     8
    0    0    0   67    3   65    1422.39882383    0.00010000    4   C+     2
    1    0    0   28    3   25    1422.65980614    0.00008944    5   B+    29
    0    2    0   35    2   34    1423.20458665    0.00011547    3   B-    21
    0    0    0   28   27    1    1423.30781430    0.00011547    3   C-    30
    1    0    0   30    0   30    1423.40915050    0.00015836    3   B-    29
    0    0    0   39   24   16    1424.28823253    0.00020000    1   C-    19
    1    0    0   21    9   13    1424.28926117    0.00008988    6   B+    33
    0    2    0   28    9   19    1424.36925620    0.00008944    5   B+    31
    0    1    0   51    6   46    1424.53940410    0.00008540    6   A+    12
    0    2    0   18   13    5    1424.57834631    0.00011547    3   B-    30
    0    2    0   36    0   36    1424.77495996    0.00020000    1   C-    23
    1    0    0   23    8   16    1425.01123193    0.00010251    4   B-    30
    0    0    1   15    1   14    1425.04469930    0.00014142    2   B-    26
    0    2    0   24   11   13    1425.12583016    0.00010000    4   B-    32
    0    1    0   54    1   53    1425.61605819    0.00009467    5   A+    10
    0    2    0   32    6   26    1425.74262661    0.00011547    3   B-    28
    1    0    0   27    5   23    1426.31703599    0.00010000    4   B-    32
    0    0    1   14    3   12    1426.55728270    0.00014142    2   B-    31
    0    0    1    8    6    3    1426.55832842    0.00015281    3   B-    19
    1    0    0   26    6   20    1426.91823892    0.00008303    6   B+    35
    0    0    0   64    7   57    1426.96733453    0.00020000    1   C-     4
    0    0    0   68    1   67    1427.03512123    0.00011547    3   C-     1
    0    1    0   55    1   55    1427.18963731    0.00019000    1   C-     9
    0    2    0   31    7   25    1427.19597668    0.00011547    3   B-    26
    0    1    0   44   13   31    1427.61399015    0.00007024    8   B+    18
    0    0    1   11    5    6    1427.73371789    0.00011547    3   B-    23
    0    0    0   36   25   11    1428.08833445    0.00014142    2   C-    22
    0    2    0   14   14    0    1428.25099244    0.00011547    3   B-    32
    0    1    0   31   19   13    1428.38515337    0.00008165    6   B+    27
    0    2    0   33    5   29    1428.42956241    0.00012973    3   B-    25
    0    0    1   16    1   16    1428.73125565    0.00014142    2   B-    32
    0    0    0   42   23   19    1429.00731101    0.00010000    4   A-    19
    0    0    1   13    4    9    1429.01978274    0.00014142    2   B-    30
    0    0    0   69    1   69    1429.10054108    0.00008571    6   A+     1
    1    0    0   19   10   10    1429.36424959    0.00010000    4   B-    29
    1    0    0   16   11    5    1429.40830139    0.00011075    4   B-    29
    0    0    1   15    2   13    1429.50757086    0.00011547    3   B-    31
    1    0    0   12   12    0    1430.10244183    0.00020000    1   C-    30
    0    0    0   49   20   30    1430.13026232    0.00013321    3   B-    14
    0    2    0   34    3   31    1430.28028852    0.00011547    3   B-    24
    0    1    0   34   18   16    1431.14299368    0.00009004    6   B+    25
    1    0    0   28    4   24    1431.16369179    0.00008556    6   B+    32
    1    0    0   25    7   19    1431.58837243    0.00008352    6   B+    32
    0    1    0   48   10   38    1432.05040098    0.00008022    6   B+    17
    0    0    0   65    6   60    1432.14570406    0.00011547    3   C-     3
    0    1    0   49    9   41    1432.20917197    0.00006627    9   B+    15
    0    0    1    9    6    3    1432.27399152    0.00011547    3   B-    24
    0    0    0   51   19   33    1432.28219633    0.00014142    2   A-    13
    0    2    0   30    8   22    1432.95850852    0.00010621    4   B-    30
    0    1    0   24   21    3    1433.08517802    0.00008165    6   B+    33
    0    0    0   47   21   27    1433.47498727    0.00014142    2   B-    16
    0    2    0   22   12   10    1434.35395939    0.00008944    5   B+    35
    0    1    0   28   20    8    1434.36927801    0.00008944    5   B+    33
    1    0    0   29    3   27    1434.87304789    0.00008944    5   B+    29
    0    0    1   12    5    8    1435.36243623    0.00011547    3   B-    31
    0    1    0   52    4   48    1435.72825368    0.00011547    3   A-    13
    0    1    0   47   11   37    1436.09679610    0.00008092    6   B+    17
    0    0    1   15    3   12    1436.42582360    0.00011547    3   B-    27
    0    2    0   19   13    7    1436.68393577    0.00011547    3   B-    32
    0    1    0   50    8   42    1436.88228362    0.00007502    7   B+    15
    0    0    1   16    2   15    1437.27537108    0.00014142    2   B-    30
    0    1    0   39   16   24    1437.51677668    0.00007923    7   B+    20
    0    2    0   15   14    2    1437.80987472    0.00011547    3   B-    28
    0    0    1   14    4   11    1437.93084966    0.00014142    2   B-    29
    0    1    0   41   15   27    1438.03770452    0.00006394   10   B+    20
    1    0    0   22    9   13    1438.25880866    0.00009505    6   B+    33
    1    0    0   13   12    2    1438.35365710    0.00013113    3   B-    26
    0    0    1   10    6    5    1438.62581093    0.00011899    3   B-    23
    0    0    1   17    0   17    1438.77164495    0.00022764    2   B-    31
    0    2    0   27   10   18    1438.98957124    0.00008944    5   B+    30
    1    0    0   30    1   29    1439.35343934    0.00010000    4   B-    28
    0    2    0   34    4   30    1439.37491555    0.00010000    4   B-    26
    1    0    0   17   11    7    1440.19819919    0.00010959    4   B-    32
    1    0    0   24    8   16    1440.26094443    0.00012849    4   B-    35
    0    0    0   33   26    8    1440.37679758    0.00020000    1   C-    24
    0    2    0   35    3   33    1440.76421882    0.00011547    3   B-    24
    0    2    0   25   11   15    1441.05474555    0.00011547    3   B-    33
    1    0    0   31    1   31    1441.72837984    0.00014142    2   B-    28
    0    0    0   29   27    3    1441.89717473    0.00011547    3   C-    30
    1    0    0   20   10   10    1442.05979902    0.00012840    3   B-    35
    0    0    0   45   22   24    1442.27710922    0.00011547    3   B-    17
    0    0    1    7    7    0    1442.59357584    0.00016717    2   B-    16
    0    1    0   37   17   21    1442.67870752    0.00008944    5   B+    21
    0    2    0   29    9   21    1442.86354148    0.00010000    4   B-    31
    0    0    0   64    8   56    1443.37121475    0.00011547    3   C+     5
    0    0    0   61   12   50    1443.55567030    0.00011547    3   C-     6
    0    0    1   13    5    8    1443.62902737    0.00013271    3   B-    27
    1    0    0   27    6   22    1444.12361016    0.00009749    5   B+    31
    0    1    0   46   12   34    1444.21859749    0.00011547    3   B-    18
    0    1    0   43   14   30    1444.28920368    0.00009286    5   B+    18
    1    0    0   28    5   23    1444.39908821    0.00008165    6   B+    32
    0    0    0   60   13   47    1444.77438193    0.00011547    3   C-     7
    0    2    0   36    1   35    1445.03814105    0.00011547    3   B-    23
    0    0    1   11    6    5    1445.61387848    0.00011547    3   B-    28
    0    0    0   66    4   62    1445.69897120    0.00010671    5   A+     3
    0    1    0   51    7   45    1445.70105617    0.00011547    3   B-    14
    0    0    1   17    1   16    1446.20244408    0.00014142    2   B-    28
    0    0    1   16    3   14    1446.29814463    0.00014142    2   B-    33
    0    0    0   62   11   51    1446.50104295    0.00011547    3   A-     6
    0    2    0   37    1   37    1446.60628336    0.00014142    2   B-    22
    0    2    0   33    6   28    1446.84807582    0.00010256    4   B-    25
    0    1    0   53    4   50    1447.12227324    0.00007559    7   A+    11
    1    0    0   14   12    2    1447.23983426    0.00011547    3   B-    33
    0    0    1   15    4   11    1447.50590070    0.00014142    2   B-    32
    0    2    0   32    7   25    1447.66432192    0.00011547    3   B-    26
    0    0    1    8    7    2    1447.67362108    0.00012804    3   B-    24
    0    2    0   16   14    2    1448.00616382    0.00011547    3   B-    34
    1    0    0   29    4   26    1448.03637395    0.00008944    5   B+    28
    1    0    0   26    7   19    1448.13011259    0.00008648    6   B+    32
    0    1    0   32   19   13    1448.81650487    0.00008165    6   B+    27
    0    2    0   23   12   12    1449.00761450    0.00011547    3   B-    31
    0    1    0   25   21    5    1449.06227485    0.00009786    5   B+    34
    0    2    0   20   13    7    1449.42697428    0.00014142    2   B-    32
    0    0    1   18    1   18    1449.66553658    0.00014142    2   B-    34
    0    0    0   40   24   16    1449.87712143    0.00011547    3   A-    21
    0    0    0   59   14   46    1450.01266014    0.00008944    5   C+     7
    0    0    1   17    2   15    1451.18668438    0.00014142    2   B-    33
    0    2    0   34    5   29    1451.30954517    0.00020000    1   C-    25
    1    0    0   18   11    7    1451.62319327    0.00013083    4   B-    31
    0    0    0   37   25   13    1451.77231349    0.00014142    2   C-    23
    0    1    0   52    5   47    1452.13092517    0.00009877    5   B+    12
    1    0    0   30    2   28    1452.36503292    0.00014142    2   B-    31
    0    0    1   14    5   10    1452.53439841    0.00015450    3   B-    34
    0    2    0   31    8   24    1452.75068035    0.00011547    3   B-    26
    1    0    0   23    9   15    1452.86507179    0.00008944    5   B+    34
    0    1    0   29   20   10    1452.89339844    0.00010000    4   B-    29
    0    0    1   12    6    7    1453.23879636    0.00011547    3   B-    27
    0    0    0   55   17   39    1453.25977487    0.00014142    2   C-    10
    0    0    1    9    7    2    1453.38891780    0.00011925    3   B-    20
    0    1    0   35   18   18    1453.48115518    0.00008165    6   B+    22
    0    0    0   63   10   54    1453.80341348    0.00014142    2   C-     5
    0    1    0   54    2   52    1454.28863295    0.00011547    3   A-    11
    1    0    0   21   10   12    1455.39137872    0.00010000    4   B-    31
    0    0    0   67    4   64    1456.10598052    0.00012334    4   A-     2
    1    0    0   25    8   18    1456.14896755    0.00009298    6   B+    31
    0    1    0   45   13   33    1456.32710469    0.00008092    6   B+    18
    0    0    0   43   23   21    1456.49839035    0.00011547    3   B-    19
    0    2    0   35    4   32    1456.67832545    0.00008944    5   B+    23
    1    0    0   15   12    4    1456.76091032    0.00010000    4   B-    29
    0    2    0   28   10   18    1456.83687461    0.00008944    5   B+    34
    0    0    0   65    7   59    1457.30654988    0.00011547    3   C-     4
    0    2    0   26   11   15    1457.62194238    0.00010000    4   B-    33
    0    0    1   16    4   13    1457.68937436    0.00014142    2   B-    31
    0    0    1   17    3   14    1457.74660431    0.00012730    3   B-    29
    1    0    0   31    2   30    1458.36830604    0.00011547    3   B-    27
    0    1    0   55    2   54    1458.53128539    0.00014142    2   C-     9
    0    2    0   17   14    4    1458.83982196    0.00011547    3   B-    30
    0    0    1   18    2   17    1459.12418341    0.00014142    2   B-    32
    0    0    0   58   15   43    1459.17810380    0.00011547    3   C-     8
    0    0    1   10    7    4    1459.74033634    0.00011547    3   B-    28
    0    1    0   56    0   56    1460.08608479    0.00034988    2   B-    10
    1    0    0   32    0   32    1460.62217884    0.00011547    3   B-    29
    0    0    1   19    0   19    1460.93153596    0.00014142    2   B-    33
    0    0    0   30   27    3    1461.12641481    0.00014142    2   C-    29
    1    0    0   30    3   27    1461.33272594    0.00010863    4   B-    30
    0    0    1   13    6    7    1461.50063764    0.00011547    3   B-    31
    1    0    0   28    6   22    1461.99116352    0.00008165    6   B+    35
    0    2    0   30    9   21    1461.99840851    0.00014142    2   B-    31
    0    0    0   50   20   30    1462.05366700    0.00013652    3   B-    16
    0    0    1   15    5   10    1462.07958788    0.00014142    2   B-    30
    0    0    0   34   26    8    1462.15354151    0.00014142    2   C-    27
    1    0    0   29    5   25    1462.74772045    0.00009693    5   B+    32
    0    2    0   36    2   34    1462.77530454    0.00014142    2   B-    24
    0    2    0   21   13    9    1462.80742638    0.00014142    2   B-    34
    0    1    0   40   16   24    1463.03360380    0.00006925    9   B+    22
    0    1    0   49   10   40    1463.39616583    0.00008092    6   B+    15
    1    0    0   19   11    9    1463.68343910    0.00011547    3   B-    34
    0    0    0   48   21   27    1464.13269959    0.00014142    2   C-    16
    0    1    0   50    9   41    1464.26765790    0.00007502    7   B+    15
    0    2    0   24   12   12    1464.29890117    0.00010000    4   B-    36
    0    1    0   42   15   27    1464.82848342    0.00007269    8   B+    20
    0    1    0   52    6   46    1464.89960143    0.00011547    3   B-    14
    1    0    0   27    7   21    1465.31237146    0.00008328    6   B+    33
    0    1    0   26   21    5    1465.67828775    0.00008944    5   B+    34
    0    0    1   11    7    4    1466.72726420    0.00014142    2   B-    24
    0    1    0   48   11   37    1466.76463321    0.00008092    6   B+    17
    1    0    0   16   12    4    1466.91699345    0.00010000    4   B-    35
    0    1    0   38   17   21    1466.92414594    0.00007502    7   B+    21
    0    2    0   37    2   36    1467.50768999    0.00020000    1   C-    21
    0    0    0   69    2   68    1468.10452436    0.00010000    4   C-     1
    1    0    0   24    9   15    1468.10806125    0.00009105    6   A+    34
    0    0    1   18    3   16    1468.57507121    0.00020000    1   C-    35
    0    0    1   17    4   13    1468.57648730    0.00014142    2   B-    34
    0    2    0   34    6   28    1468.76666225    0.00008944    5   B+    28
    0    2    0   33    7   27    1468.77342639    0.00010000    4   B-    26
    0    2    0   38    0   38    1469.01726600    0.00014142    2   B-    23
    1    0    0   22   10   12    1469.35875683    0.00010000    4   B-    36
    0    1    0   51    8   44    1469.53494555    0.00008475    6   A+    13
    1    0    0   30    4   26    1469.65389378    0.00008944    5   B+    32
    0    0    1   19    1   18    1469.72313253    0.00014142    2   B-    30
    0    1    0   33   19   15    1469.88564256    0.00010000    4   B-    27
    0    2    0   18   14    4    1470.31072321    0.00010000    4   B-    36
    0    0    1   14    6    9    1470.39989811    0.00011547    3   B-    30
    0    1    0   53    5   49    1470.43322072    0.00009868    4   B-    12
    0    0    0   46   22   24    1471.67056547    0.00011547    3   B-    19
    0    0    1    8    8    1    1472.00529942    0.00014142    2   B-    20
    0    1    0   30   20   10    1472.05556521    0.00010000    4   B-    33
    0    0    0   57   16   42    1472.18962524    0.00014142    2   C-     8
    0    0    1   16    5   12    1472.26411302    0.00014142    2   B-    36
    0    1    0   44   14   30    1472.35757979    0.00007502    7   B+    20
    0    1    0   22   22    0    1472.43339377    0.00011547    3   B-    37
    1    0    0   26    8   18    1472.67537178    0.00008944    5   B+    36
    0    2    0   35    5   31    1472.73489612    0.00010000    4   B-    25
    0    0    1   20    1   20    1472.93931976    0.00014142    2   B-    36
    1    0    0   31    3   29    1473.12141312    0.00011285    4   B-    29
    0    2    0   32    8   24    1473.18626726    0.00014500    3   B-    30
    0    0    0   66    5   61    1473.35179087    0.00010000    4   C+     3
    0    1    0   47   12   36    1474.22351832    0.00008358    6   B+    16
    0    0    1   12    7    6    1474.35074568    0.00014612    3   B-    32
    0    2    0   27   11   17    1474.82736769    0.00010000    4   B-    34
    0    2    0   29   10   20    1475.32348951    0.00010000    4   B-    30
    0    0    1   19    2   17    1475.47898372    0.00014142    2   B-    35
    0    0    0   38   25   13    1476.09490044    0.00014142    2   C-    22
    0    0    0   41   24   18    1476.10308084    0.00014142    2   C-    19
    1    0    0   20   11    9    1476.37913180    0.00011128    4   B-    33
    0    2    0   36    3   33    1476.44152454    0.00011547    3   B-    24
    0    1    0   36   18   18    1476.45699675    0.00009620    5   B+    25
    0    2    0   22   13    9    1476.82524918    0.00014142    2   B-    34
    1    0    0   17   12    6    1477.70815814    0.00011547    3   B-    31
    0    0    1    9    8    1    1477.72106658    0.00011547    3   B-    25
    1    0    0   32    1   31    1477.78033491    0.00010795    4   B-    28
    1    0    0   13   13    1    1479.02659808    0.00012624    3   B-    32
    0    0    1   15    6    9    1479.93700713    0.00011547    3   B-    33
    0    0    1   18    4   15    1480.01826362    0.00014142    2   B-    33
    1    0    0   33    1   33    1480.10030514    0.00011547    3   B-    28
    0    2    0   25   12   14    1480.22806041    0.00011547    3   B-    32
    1    0    0   29    6   24    1480.47928225    0.00008662    6   A+    31
    0    1    0   54    3   51    1480.59385625    0.00009604    5   A+    11
    0    1    0   52    7   45    1480.86908990    0.00010000    4   A-    14
    0    0    0   31   27    5    1480.99514409    0.00014142    2   C-    30
    0    0    0   65    8   58    1481.63169386    0.00011547    3   C+     4
    0    2    0   31    9   23    1481.77408946    0.00010000    4   B-    31
    0    0    1   19    3   16    1481.78071840    0.00022772    2   B-    31
    1    0    0   30    5   25    1482.28938607    0.00012592    5   B+    32
    0    2    0   19   14    6    1482.41913257    0.00010000    4   B-    32
    0    0    1   13    7    6    1482.61032881    0.00011547    3   B-    28
    0    1    0   27   21    7    1482.93247790    0.00008944    5   B+    35
    0    0    1   17    5   12    1483.09136793    0.00012881    3   B-    32
    1    0    0   28    7   21    1483.13712674    0.00008165    6   B+    33
    0    0    0   62   12   50    1483.21383148    0.00011547    3   C+     7
    0    0    1   20    2   19    1483.38535432    0.00014142    2   B-    34
    1    0    0   23   10   14    1483.96200732    0.00011288    4   B-    32
    1    0    0   25    9   17    1483.98839184    0.00008944    5   B+    35
    0    0    1   10    8    3    1484.07243449    0.00012755    3   B-    24
    0    0    0   35   26   10    1484.57103775    0.00020000    1   C-    24
    0    0    1   21    0   21    1485.40654352    0.00026203    2   B-    35
    0    1    0   46   13   33    1485.67956245    0.00008849    5   B+    18
    0    2    0   36    4   32    1486.20022507    0.00010612    5   B+    26
    0    2    0   37    3   35    1486.25404839    0.00014142    2   B-    24
    0    2    0   15   15    1    1486.77422466    0.00014142    2   B-    34
    0    0    0   63   11   53    1486.86002364    0.00010000    4   A-     6
    1    0    0   31    4   28    1486.90570628    0.00010000    4   B-    28
    0    1    0   23   22    2    1487.13999411    0.00011547    3   B-    33
    0    0    0   67    5   63    1487.43813266    0.00020000    1   C-     3
    0    1    0   55    3   53    1487.80990371    0.00009868    4   A-    11
    1    0    0   14   13    1    1487.91461683    0.00014142    2   B-    31
    1    0    0   18   12    6    1489.13451478    0.00010253    4   B-    37
    0    1    0   41   16   26    1489.18805008    0.00006943    9   B+    20
    1    0    0   21   11   11    1489.71036786    0.00010101    5   A+    36
    1    0    0   27    8   20    1489.84073078    0.00010761    5   B+    32
    0    0    1   16    6   11    1490.11225453    0.00014142    2   B-    32
    0    2    0   38    1   37    1490.51427233    0.00020000    1   C-    23
    0    2    0   34    7   27    1490.53995181    0.00014142    2   B-    26
    0    0    1   11    8    3    1491.05960026    0.00011547    3   B-    29
    0    2    0   35    6   30    1491.11935928    0.00010000    4   B-    25
    0    2    0   23   13   11    1491.48057183    0.00019939    2   B-    35
    0    0    1   14    7    8    1491.50635020    0.00011547    3   B-    35
    0    1    0   34   19   15    1491.59234546    0.00009585    5   B+    27
    0    1    0   39   17   23    1491.80717133    0.00010000    4   B-    21
    0    1    0   31   20   12    1491.85572965    0.00010000    4   B-    29
    0    1    0   53    6   48    1491.86190051    0.00010000    4   B-    12
    0    2    0   39    1   39    1492.00921958    0.00011547    3   B-    22
    0    1    0   56    1   55    1492.02578595    0.00008944    5   A+    10
    1    0    0   32    2   30    1492.22586532    0.00014142    2   B-    31
    0    0    1   19    4   15    1492.25133948    0.00014142    2   B-    36
    0    1    0   43   15   29    1492.25695959    0.00008165    6   B+    20
    0    2    0   28   11   17    1492.67138824    0.00011547    3   B-    34
    0    0    1   20    3   18    1493.37380551    0.00014142    2   B-    37
    0    1    0   57    1   57    1493.56254708    0.00014142    2   C-     9
    0    2    0   33    8   26    1494.26518367    0.00010000    4   B-    26
    0    2    0   30   10   20    1494.44943911    0.00010000    4   B-    34
    0    0    1   18    5   14    1494.55701302    0.00013335    3   B-    38
    0    0    0   51   20   32    1494.61322753    0.00014142    2   B-    14
    0    2    0   20   14    6    1495.16476563    0.00010000    4   B-    38
    0    1    0   50   10   40    1495.38831672    0.00009868    4   B-    17
    0    0    0   49   21   29    1495.42831345    0.00014142    2   C-    16
    0    0    1   21    1   20    1495.56122280    0.00014142    2   B-    32
    0    0    0   66    6   60    1496.29199872    0.00020000    1   C-     4
    0    2    0   26   12   14    1496.79495950    0.00011547    3   B-    37
    0    0    0   59   15   45    1496.83327689    0.00009322    5   A+     8
    0    1    0   51    9   43    1496.95526194    0.00008849    5   B+    15
    0    2    0   16   15    1    1496.97341510    0.00011547    3   B-    33
    1    0    0   15   13    3    1497.43764192    0.00011547    3   B-    35
    0    2    0   36    5   31    1497.53281764    0.00010000    4   B-    25
    1    0    0   33    2   32    1497.91262121    0.00011547    3   B-    27
    0    1    0   49   11   39    1498.07494944    0.00008233    7   B+    17
    0    0    1   22    1   22    1498.54808078    0.00014142    2   B-    38
    0    0    1   12    8    5    1498.68243285    0.00011547    3   B-    28
    1    0    0   24   10   14    1499.20180806    0.00010000    4   B-    37
    1    0    0   30    6   24    1499.65319539    0.00008165    6   B+    35
    0    1    0   37   18   20    1500.07025887    0.00012789    4   B-    22
    1    0    0   34    0   34    1500.15579652    0.00011547    3   B-    29
    1    0    0   26    9   17    1500.50606046    0.00010000    4   B-    35
    0    1    0   28   21    7    1500.82515001    0.00010630    4   B-    35
    0    0    1   17    6   11    1500.92622279    0.00014142    2   B-    35
    0    0    1   15    7    8    1501.03961567    0.00012738    3   B-    31
    0    0    0   39   25   15    1501.05580792    0.00014142    2   C-    23
    0    1    0   45   14   32    1501.06450448    0.00008944    5   B+    18
    1    0    0   19   12    8    1501.19584014    0.00010000    4   B-    33
    0    0    0   32   27    5    1501.50451470    0.00020000    1   C-    29
    1    0    0   29    7   23    1501.60258902    0.00008434    6   B+    33
    0    0    0   47   22   26    1501.70073172    0.00011547    3   B-    17
    1    0    0   31    5   27    1501.75872873    0.00008420    6   B+    32
    0    2    0   32    9   23    1502.19096786    0.00010000    4   B-    30
    0    0    1   21    2   19    1502.33231105    0.00014142    2   B-    37
    0    1    0   24   22    2    1502.48490956    0.00011547    3   B-    38
    1    0    0   32    3   29    1502.50202881    0.00010000    4   B-    31
    0    0    0   42   24   18    1502.96723794    0.00020000    1   C-    21
    0    2    0   37    4   34    1503.10927916    0.00011547    3   B-    23
    0    1    0   52    8   44    1503.18987145    0.00010000    4   A-    15
    1    0    0   22   11   11    1503.67709339    0.00003714    5   A+    35
    0    1    0   54    4   50    1503.78311053    0.00011547    3   A-    13
    0    1    0   48   12   36    1504.86920930    0.00008944    5   B+    18
    0    0    1   20    4   17    1504.91938338    0.00014142    2   B-    35
    0    0    0   69    3   67    1505.12766968    0.00011547    3   C+     2
    0    0    1    9    9    0    1505.25582502    0.00014142    2   B-    21
    0    0    1   19    5   14    1506.67120892    0.00011547    3   B-    34
    0    2    0   24   13   11    1506.77373582    0.00014142    2   B-    35
    0    0    1   13    8    5    1506.94119398    0.00011547    3   B-    33
    1    0    0   16   13    3    1507.59554254    0.00010875    6   A+    34
    0    0    0   36   26   10    1507.62706566    0.00020000    1   C-    27
    1    0    0   28    8   20    1507.64561715    0.00008165    6   B+    36
    0    2    0   17   15    3    1507.81001113    0.00011547    3   B-    36
    0    0    0   28   28    0    1508.26835767    0.00020000    1   C-    37
    0    0    1   21    3   18    1508.54769129    0.00014142    2   B-    33
    0    2    0   21   14    8    1508.54797708    0.00010000    4   B-    34
    0    2    0   38    2   36    1509.59692852    0.00014142    2   B-    24
    0    0    0   70    1   69    1509.75059295    0.00011547    3   C-     1
    0    0    1   22    2   21    1510.03888108    0.00014142    2   B-    36
    1    0    0   32    4   28    1510.89790797    0.00011103    4   B-    32
    0    2    0   29   11   19    1511.15387261    0.00010000    4   B-    34
    0    0    1   16    7   10    1511.21020777    0.00012038    3   B-    37
    0    0    1   10    9    2    1511.60805330    0.00014142    2   B-    29
    0    0    1   23    0   23    1512.20044601    0.00014142    2   B-    36
    0    1    0   32   20   12    1512.29401404    0.00010000    4   B-    33
    0    0    1   18    6   13    1512.37962146    0.00014142    2   B-    34
    0    2    0   35    7   29    1512.94042805    0.00011180    4   B-    26
    0    1    0   53    7   47    1513.30721693    0.00010000    4   B-    14
    1    0    0   33    3   31    1513.74926754    0.00009411    5   B+    29
    1    0    0   20   12    8    1513.89255206    0.00010631    4   B-    39
    0    1    0   35   19   17    1513.93696301    0.00010000    4   B-    27
    0    2    0   27   12   16    1513.99992371    0.00010000    4   B-    33
    0    2    0   39    2   38    1514.13307024    0.00020000    1   C-    21
    0    2    0   31   10   22    1514.21520467    0.00008944    5   B+    30
    0    2    0   36    6   30    1514.43588931    0.00011547    3   B-    28
    0    1    0   55    4   52    1514.79533855    0.00011547    3   B-    11
    1    0    0   25   10   16    1515.07756151    0.00010784    4   B-    33
    0    1    0   47   13   35    1515.67143423    0.00008849    5   B+    18
    0    0    1   14    8    7    1515.83616159    0.00012855    3   B-    32
    0    1    0   42   16   26    1515.97988895    0.00008944    5   B+    22
    0    2    0   34    8   26    1515.98873137    0.00008944    5   B+    30
    0    0    0   67    6   62    1516.15217533    0.00011547    3   C-     3
    0    1    0   40   17   23    1517.32741787    0.00009926    5   B+    21
    1    0    0   27    9   19    1517.66117320    0.00009883    5   B+    36
    1    0    0   23   11   13    1518.27949731    0.00011547    3   B-    37
    1    0    0   17   13    5    1518.38853195    0.00009994    5   A+    37
    0    1    0   25   22    4    1518.46890892    0.00013542    3   B-    34
    1    0    0   34    1   33    1518.51582839    0.00011547    3   B-    28
    0    0    1   21    4   17    1518.55659677    0.00014142    2   B-    38
    0    0    1   11    9    2    1518.59564330    0.00014142    2   B-    25
    0    2    0   18   15    3    1519.28411000    0.00011547    3   B-    35
    0    1    0   29   21    9    1519.35597941    0.00012571    3   B-    35
    0    0    1   20    5   16    1519.41879545    0.00011547    3   B-    40
    1    0    0   31    6   26    1519.41897999    0.00010000    4   B-    31
    0    2    0   37    5   33    1519.59885691    0.00011547    3   B-    25
    0    1    0   44   15   29    1520.32316873    0.00008849    5   B+    20
    0    0    1   22    3   20    1520.67471602    0.00014142    2   B-    39
    1    0    0   30    7   23    1520.71295001    0.00009251    6   B+    33
    1    0    0   35    1   35    1520.79356258    0.00011547    3   B-    28
    0    1    0   56    2   54    1521.90284711    0.00008165    6   A+    11
    0    1    0   54    5   49    1521.96282450    0.00008757    5   A+    12
    0    0    1   17    7   10    1522.01822068    0.00011547    3   B-    33
    0    2    0   22   14    8    1522.56867396    0.00010000    4   B-    40
    0    0    0   33   27    7    1522.65226919    0.00014142    2   C-    30
    0    2    0   25   13   13    1522.70425978    0.00014142    2   B-    36
    1    0    0   32    5   27    1522.86929706    0.00008383    6   B+    32
    0    2    0   33    9   25    1523.24953603    0.00011547    3   B-    31
    0    0    0   63   12   52    1523.51405030    0.00014142    2   C-     6
    0    0    1   23    1   22    1523.69055303    0.00014142    2   B-    34
    0    1    0   38   18   20    1524.32085205    0.00011547    3   B-    25
    0    0    1   19    6   13    1524.47313899    0.00011547    3   B-    37
    0    2    0   38    3   35    1524.90439517    0.00011547    3   B-    24
    0    0    1   15    8    7    1525.36776810    0.00011938    3   B-    36
    1    0    0   29    8   22    1526.09003008    0.00008944    5   B+    32
    0    1    0   57    2   56    1526.09928562    0.00010000    4   A-     9
    0    0    1   12    9    4    1526.21847158    0.00011547    3   B-    33
    0    0    1   24    1   24    1526.48747259    0.00014142    2   B-    39
    0    0    0   40   25   15    1526.65479928    0.00020000    1   C-    22
    0    0    0   29   28    2    1526.86663548    0.00020000    1   C-    33
    1    0    0   21   12   10    1527.22449344    0.00011687    5   A+    35
    0    0    0   61   14   48    1527.27294693    0.00014142    2   C+     7
    0    0    0   52   20   32    1527.80919551    0.00014142    2   C-    16
    0    0    0   64   11   53    1527.87592295    0.00011547    3   C+     6
    0    1    0   51   10   42    1528.02517632    0.00010000    4   B-    15
    1    0    0   33    4   30    1528.26385804    0.00010389    4   B-    28
    0    0    0   66    8   58    1529.12898670    0.00012809    4   C+     5
    0    0    0   68    4   64    1529.67667910    0.00016262    3   A-     3
    1    0    0   18   13    5    1529.81669026    0.00009999    5   A+    36
    0    1    0   50   11   39    1530.02829655    0.00007445    7   B+    17
    0    2    0   30   11   19    1530.27514566    0.00010000    4   B-    34
    0    1    0   52    9   43    1530.32367002    0.00012350    3   B-    15
    0    1    0   46   14   32    1530.40986713    0.00010000    4   B-    20
    0    0    0   37   26   12    1531.32106585    0.00020000    1   C-    24
    0    2    0   19   15    5    1531.39578452    0.00011547    3   B-    38
    1    0    0   26   10   16    1531.58999862    0.00017725    3   B-    38
    0    0    1   23    2   21    1531.68668326    0.00025812    2   B-    38
    1    0    0   14   14    0    1531.73595053    0.00014107    3   A-    36
    0    2    0   28   12   16    1531.84281657    0.00011547    3   B-    38
    0    0    0   48   22   26    1532.36728823    0.00011547    3   C-    19
    0    0    1   22    4   19    1532.39218769    0.00014142    2   B-    37
    0    0    1   21    5   16    1532.82789266    0.00012785    3   B-    36
    0    1    0   33   20   14    1533.37000056    0.00010000    4   B-    29
    0    0    1   18    7   12    1533.46393977    0.00011547    3   B-    39
    1    0    0   24   11   13    1533.51772653    0.00010261    4   B-    36
    0    2    0   39    3   37    1534.08607288    0.00011547    3   B-    24
    1    0    0   34    2   32    1534.34416252    0.00011547    3   B-    31
    0    0    1   13    9    4    1534.47785564    0.00011547    3   B-    29
    0    2    0   32   10   22    1534.62096690    0.00009705    5   B+    34
    0    1    0   26   22    4    1535.09127793    0.00011547    3   B-    39
    0    0    0   60   15   45    1535.12746380    0.00010000    4   C-     8
    0    1    0   54    6   48    1535.42732894    0.00011344    3   B-    14
    1    0    0   28    9   19    1535.45434397    0.00009792    5   B+    36
    0    0    1   16    8    9    1535.53591698    0.00012118    3   B-    35
    0    2    0   38    4   34    1535.64917275    0.00014142    2   B-    26
    0    2    0   36    7   29    1536.01212461    0.00008944    5   B+    26
    0    1    0   49   12   38    1536.15567493    0.00014142    2   B-    16
    0    0    0   65   10   56    1536.65460348    0.00014142    2   C-     5
    0    1    0   36   19   17    1536.91911053    0.00008165    6   B+    27
    0    1    0   53    8   46    1537.05211635    0.00010265    4   B-    13
    0    0    1   20    6   15    1537.20638482    0.00014500    3   B-    36
    0    2    0   23   14   10    1537.22677032    0.00014142    2   B-    35
    0    2    0   37    6   32    1537.99301463    0.00010401    4   B-    25
    0    0    1   23    3   20    1538.04210182    0.00014142    2   B-    36
    0    2    0   40    1   39    1538.30767234    0.00020000    1   C-    23
    0    2    0   35    8   28    1538.35634243    0.00012797    3   B-    26
    0    1    0   30   21    9    1538.52530372    0.00010000    4   B-    35
    0    0    1   24    2   23    1539.06767172    0.00014142    2   B-    37
    0    2    0   26   13   13    1539.27251030    0.00014142    2   B-    36
    0    1    0   55    5   51    1539.28691497    0.00020000    1   C-    12
    0    2    0   41    1   41    1539.73342372    0.00014142    2   B-    21
    1    0    0   35    2   34    1539.78201014    0.00011547    3   B-    27
    1    0    0   32    6   26    1539.91684248    0.00008944    5   B+    35
    0    0    0   69    4   66    1540.01617700    0.00012334    4   A-     2
    1    0    0   31    7   25    1540.46366611    0.00009048    6   B+    33
    1    0    0   22   12   10    1541.19208417    0.00010000    4   B-    41
    1    0    0   15   14    2    1541.26101732    0.00011547    3   B-    32
    0    0    1   25    0   25    1541.31612921    0.00014142    2   B-    37
    1    0    0   19   13    7    1541.87991001    0.00010000    4   B-    39
    1    0    0   36    0   36    1542.00985915    0.00014142    2   B-    29
    0    0    1   10   10    1    1542.33046374    0.00020000    1   C-    25
    0    0    0   67    7   61    1542.34062080    0.00011547    3   C-     4
    1    0    0   33    5   29    1543.34363723    0.00009837    6   B+    32
    0    0    1   14    9    6    1543.37270616    0.00011547    3   B-    37
    0    1    0   43   16   28    1543.40925440    0.00008849    5   B+    20
    0    1    0   41   17   25    1543.48515956    0.00014949    3   B-    22
    0    2    0   20   15    5    1544.14482895    0.00011547    3   B-    37
    0    0    0   34   27    7    1544.44054589    0.00020000    1   C-    29
    0    2    0   34    9   25    1544.95003573    0.00014142    2   B-    30
    1    0    0   30    8   22    1545.17494193    0.00009558    6   B+    36
    0    0    1   19    7   12    1545.54813732    0.00020000    1   C-    35
    1    0    0   34    3   31    1546.09401005    0.00010000    4   B-    31
    0    0    0   30   28    2    1546.10485178    0.00020000    1   C-    37
    0    1    0   48   13   35    1546.30269619    0.00008092    6   B+    18
    0    0    1   17    8    9    1546.34085886    0.00011547    3   B-    38
    0    2    0   38    5   33    1546.55516726    0.00014142    2   B-    25
    0    0    0   59   16   44    1546.84513525    0.00020000    1   C-     8
    0    0    1   22    5   18    1546.85564457    0.00014142    2   B-    42
    0    0    1   23    4   19    1547.52624182    0.00014142    2   B-    39
    1    0    0   27   10   18    1548.73938410    0.00010794    4   B-    34
    0    1    0   45   15   31    1549.02732612    0.00011547    3   B-    20
    0    2    0   16   16    0    1549.15155479    0.00011910    3   B-    38
    0    1    0   39   18   22    1549.20894865    0.00008407    6   B+    22
    0    0    1   11   10    1    1549.31897559    0.00011547    3   B-    30
    1    0    0   25   11   15    1549.39179402    0.00011316    4   B-    38
    0    1    0   56    3   53    1549.45394964    0.00009417    5   A+    11
    0    2    0   31   11   21    1550.03532670    0.00009832    5   B+    34
    0    2    0   29   12   18    1550.32390668    0.00011547    3   B-    34
    0    0    1   24    3   22    1550.45683288    0.00020900    2   B-    40
    0    0    1   21    6   15    1550.58151619    0.00011547    3   B-    39
    0    1    0   54    7   47    1550.61212138    0.00010000    4   B-    14
    1    0    0   16   14    2    1551.42118410    0.00014142    2   B-    39
    0    2    0   39    4   36    1551.96297678    0.00011547    3   B-    23
    0    0    0   71    2   70    1551.97629568    0.00010000    4   C+     1
    0    1    0   27   22    6    1552.35275105    0.00014142    2   B-    35
    0    2    0   24   14   10    1552.52224410    0.00011547    3   B-    41
    0    0    1   15    9    6    1552.90378577    0.00022633    2   B-    33
    1    0    0   29    9   21    1553.88557992    0.00009742    5   B+    36
    0    0    1   25    1   24    1554.10421351    0.00014142    2   B-    35
    1    0    0   20   13    7    1554.57824796    0.00011547    3   B-    38
    1    0    0   34    4   30    1554.86244565    0.00010796    4   B-    32
    0    1    0   34   20   14    1555.08374795    0.00010000    4   B-    33
    0    0    0   38   26   12    1555.65449574    0.00020000    1   C-    27
    0    2    0   33   10   24    1555.66679979    0.00014142    2   B-    30
    1    0    0   23   12   12    1555.79454571    0.00010936    4   B-    37
    0    2    0   27   13   15    1556.47831705    0.00014142    2   B-    37
    0    1    0   57    3   55    1556.57985622    0.00020000    1   C-    11
    1    0    0   35    3   33    1556.73999138    0.00010000    4   B-    29
    0    0    1   26    1   26    1556.75588351    0.00014142    2   B-    40
    0    0    1   12   10    3    1556.94315120    0.00011547    3   B-    29
    0    2    0   21   15    7    1557.53112208    0.00011547    3   B-    40
    0    0    1   18    8   11    1557.78277635    0.00011547    3   B-    37
    0    0    1   20    7   14    1558.27077537    0.00014142    2   B-    41
    0    1    0   31   21   11    1558.33266448    0.00008944    5   B+    35
    0    0    0   68    5   63    1558.68999627    0.00011547    3   C+     3
    0    2    0   40    2   38    1558.70129732    0.00011547    3   B-    24
    0    1    0   23   23    1    1559.46923103    0.00011547    3   B-    40
    0    2    0   37    7   31    1559.70260344    0.00011547    3   B-    26
    0    2    0   17   16    2    1559.99119438    0.00011547    3   B-    34
    0    1    0   47   14   34    1560.39357478    0.00011547    3   B-    18
    0    1    0   37   19   19    1560.53847145    0.00008944    5   B+    27
    0    1    0   58    1   57    1560.75204950    0.00014142    2   A-     9
    1    0    0   32    7   25    1560.86301837    0.00008638    6   B+    33
    1    0    0   33    6   28    1560.94728119    0.00012570    4   B-    31
    0    1    0   52   10   42    1561.31042874    0.00008944    5   B+    17
    0    2    0   36    8   28    1561.37026576    0.00011101    4   B-    30
    1    0    0   36    1   35    1561.56378435    0.00013364    3   B-    28
    0    0    1   23    5   18    1561.57235439    0.00014142    2   B-    38
    0    1    0   55    6   50    1561.63335178    0.00011767    5   B+    12
    0    0    0   53   20   34    1561.64025414    0.00014142    2   C-    14
    1    0    0   17   14    4    1562.21651868    0.00013075    3   B-    35
    0    1    0   59    1   59    1562.25298955    0.00014135    3   B-     9
    0    0    1   24    4   21    1562.43132815    0.00014142    2   B-    38
    0    1    0   51   11   41    1562.62459000    0.00009929    5   B+    17
    0    2    0   38    6   32    1562.77590284    0.00011547    3   B-    28
    0    0    1   16    9    8    1563.07118732    0.00015603    3   B-    40
    0    0    1   25    2   23    1563.47558023    0.00014142    2   B-    39
    1    0    0   37    1   37    1563.80737091    0.00011547    3   B-    28
    0    1    0   53    9   45    1564.30256943    0.00009201    5   B+    15
    0    0    0   64   12   52    1564.45968148    0.00011547    3   C-     7
    0    0    1   22    6   17    1564.59701545    0.00013206    3   B-    38
    1    0    0   31    8   24    1564.89985170    0.00008544    6   B+    32
    0    0    1   13   10    3    1565.20285040    0.00013319    3   B-    34
    1    0    0   26   11   15    1565.90166330    0.00010225    4   B-    37
    0    0    0   31   28    4    1565.98407545    0.00020000    1   C-    33
    1    0    0   34    5   29    1566.17786898    0.00011547    3   B-    32
    1    0    0   28   10   18    1566.52575344    0.00011129    4   B-    39
    0    0    0   35   27    9    1566.86772502    0.00020000    1   C-    30
    0    0    0   67    8   60    1567.23214622    0.00013163    4   C+     4
    0    2    0   35    9   27    1567.29273841    0.00011547    3   B-    31
    1    0    0   21   13    9    1567.91195439    0.00012765    4   B-    41
    0    1    0   50   12   38    1568.08304919    0.00011547    3   B-    18
    0    2    0   25   14   12    1568.45534290    0.00011547    3   B-    36
    0    2    0   39    5   35    1569.00220716    0.00010433    4   B-    25
    0    2    0   30   12   18    1569.44309918    0.00010000    4   B-    38
    0    0    0   65   11   55    1569.52716450    0.00014142    2   A-     6
    0    0    1   19    8   11    1569.86201728    0.00011547    3   B-    40
    0    0    1   25    3   22    1570.23594715    0.00014142    2   B-    37
    0    1    0   28   22    6    1570.25267919    0.00020000    1   C-    40
    0    1    0   42   17   25    1570.28011619    0.00012582    3   B-    21
    0    2    0   32   11   21    1570.43444229    0.00008944    5   B+    34
    0    0    1   26    2   25    1570.45707728    0.00014142    2   B-    38
    1    0    0   24   12   12    1571.03273893    0.00010788    4   B-    42
    0    2    0   18   16    2    1571.46887866    0.00011547    3   B-    40
    0    1    0   44   16   28    1571.47614819    0.00010000    4   B-    22
    0    2    0   22   15    7    1571.55524713    0.00011547    3   B-    39
    0    0    1   21    7   14    1571.63255416    0.00011547    3   B-    37
    1    0    0   35    4   32    1572.08536644    0.00008944    5   B+    28
    0    1    0   54    8   46    1572.17077265    0.00014142    2   B-    15
    0    0    1   27    0   27    1572.75455259    0.00020000    1   C-    38
    1    0    0   30    9   21    1572.95527851    0.00009227    5   B+    36
    1    0    0   18   14    4    1573.64698665    0.00012980    4   B-    41
    0    0    1   17    9    8    1573.87477042    0.00011547    3   B-    36
    0    0    0   61   15   47    1574.05875048    0.00011547    3   C-     8
    0    0    1   14   10    5    1574.09865235    0.00011547    3   B-    33
    0    2    0   28   13   15    1574.32207954    0.00014142    2   B-    37
    0    1    0   40   18   22    1574.73415451    0.00010000    4   B-    25
    0    1    0   24   23    1    1574.82089412    0.00014142    2   B-    39
    0    2    0   40    3   37    1575.62495939    0.00011547    3   B-    24
    0    0    1   24    5   20    1576.87237060    0.00014142    2   B-    43
    0    2    0   34   10   24    1577.35305451    0.00008165    6   B+    34
    0    1    0   35   20   16    1577.43513944    0.00010000    4   B-    29
    0    1    0   49   13   37    1577.57319292    0.00008944    5   B+    18
    0    1    0   46   15   31    1578.36933773    0.00009436    5   B+    20
    1    0    0   36    2   34    1578.72458450    0.00011547    3   B-    31
    0    1    0   32   21   11    1578.77827246    0.00011630    5   B+    35
    0    0    1   25    4   21    1579.19819283    0.00014142    2   B-    40
    0    0    1   23    6   17    1579.25671162    0.00014142    2   B-    41
    0    0    0   42   25   17    1579.76676838    0.00020000    1   C-    22
    0    0    0   39   26   14    1580.62644351    0.00020000    1   C-    24
    1    0    0   22   13    9    1581.88064247    0.00010000    4   B-    40
    1    0    0   33    7   27    1581.90034509    0.00009102    6   B+    33
    0    0    1   20    8   13    1582.57889617    0.00012242    3   B-    39
    0    0    1   26    3   24    1582.69611123    0.00020000    1   C-    41
    1    0    0   34    6   28    1582.79707263    0.00010653    5   B+    35
    1    0    0   27   11   17    1583.04790485    0.00011116    4   B-    39
    0    0    1   11   11    0    1583.21258660    0.00014142    2   B-    26
    0    1    0   55    7   49    1583.47581000    0.00014142    2   B-    14
    0    2    0   19   16    4    1583.58406005    0.00014142    2   B-    36
    0    0    1   15   10    5    1583.63012122    0.00011547    3   B-    37
    1    0    0   37    2   36    1583.97376667    0.00012126    3   B-    26
    0    2    0   38    7   31    1584.08978871    0.00009283    5   B+    26
    0    2    0   41    3   39    1584.25170692    0.00011547    3   B-    24
    0    1    0   57    4   54    1584.78328915    0.00010000    4   A-    11
    0    1    0   38   19   19    1584.79539284    0.00008165    6   B+    27
    1    0    0   29   10   20    1584.94899958    0.00010498    4   B-    35
    0    2    0   26   14   12    1585.02592003    0.00010000    4   B-    42
    0    2    0   37    8   30    1585.02833140    0.00009398    5   B+    27
    1    0    0   32    8   24    1585.26621700    0.00009463    5   B+    36
    0    0    1   18    9   10    1585.31511077    0.00011547    3   B-    42
    0    0    1   22    7   16    1585.63403190    0.00012476    3   B-    43
    1    0    0   19   14    6    1585.71251291    0.00010258    4   B-    37
    1    0    0   38    0   38    1586.18350394    0.00014142    2   B-    29
    0    2    0   23   15    9    1586.21651452    0.00010000    4   B-    42
    0    0    0   32   28    4    1586.50244472    0.00020000    1   C-    37
    0    0    1   27    1   26    1586.80590022    0.00014142    2   B-    36
    1    0    0   25   12   14    1586.90651802    0.00012156    4   B-    38
    0    2    0   39    6   34    1587.46743083    0.00010000    4   B-    25
    1    0    0   35    5   31    1587.49137285    0.00009412    5   B+    32
    0    2    0   40    4   36    1587.64643862    0.00014142    2   B-    26
    1    0    0   15   15    1    1588.20776518    0.00014142    2   B-    38
    0    2    0   42    1   41    1588.41909467    0.00020000    1   C-    23
    0    1    0   29   22    8    1588.79073054    0.00011547    3   B-    36
    0    2    0   31   12   20    1589.20064880    0.00011547    3   B-    34
    0    0    1   28    1   28    1589.35102542    0.00014142    2   B-    41
    0    2    0   43    1   43    1589.77811613    0.00020000    1   C-    21
    0    0    0   36   27    9    1589.93382674    0.00020000    1   C-    29
    0    0    0   71    3   69    1590.16754060    0.00010000    4   C+     2
    0    2    0   36    9   27    1590.27794474    0.00011547    3   B-    30
    0    1    0   25   23    3    1590.81154590    0.00014142    2   B-    41
    0    0    1   12   11    2    1590.83805256    0.00014142    2   B-    35
    0    1    0   48   14   34    1591.01588892    0.00010871    4   B-    20
    0    2    0   33   11   23    1591.47273870    0.00010000    4   B-    34
    0    1    0   58    2   56    1591.83080100    0.00011547    3   A-    11
    1    0    0   36    3   33    1592.03728890    0.00010842    4   B-    31
    1    0    0   31    9   23    1592.66353757    0.00010000    4   B-    36
    0    2    0   29   13   17    1592.80344870    0.00014142    2   B-    37
    0    0    1   25    5   20    1592.91891596    0.00014142    2   B-    39
    0    0    1   16   10    7    1593.79785022    0.00011547    3   B-    36
    0    1    0   56    5   51    1594.05297127    0.00013775    2   B-    12
    0    0    1   24    6   19    1594.55662475    0.00014142    2   B-    40
    0    0    0   72    1   71    1594.77786387    0.00014142    2   C-     1
    0    0    1   26    4   23    1595.02673679    0.00014142    2   B-    39
    0    1    0   53   10   44    1595.23940129    0.00014142    2   B-    15
    0    1    0   52   11   41    1595.86414885    0.00014142    2   B-    17
    0    0    1   21    8   13    1595.93369427    0.00014142    2   B-    42
    0    1    0   59    2   58    1595.98330210    0.00014142    2   B-     9
    0    0    0   54   20   34    1596.10907348    0.00020000    1   C-    16
    0    2    0   20   16    4    1596.33677786    0.00011547    3   B-    42
    1    0    0   23   13   11    1596.48482997    0.00011547    3   B-    43
    0    0    1   19    9   10    1597.39190097    0.00012484    3   B-    38
    0    1    0   60    0   60    1597.46596300    0.00011547    3   A-    10
    0    0    1   27    2   25    1597.63300914    0.00014142    2   B-    40
    0    1    0   43   17   27    1597.71227695    0.00011547    3   B-    22
    1    0    0   16   15    1    1598.37051045    0.00012393    4   A-    37
    0    2    0   40    5   35    1598.38036201    0.00011547    3   B-    25
    1    0    0   20   14    6    1598.41320324    0.00013212    4   B-    43
    0    0    1   13   11    2    1599.09907893    0.00014142    2   B-    30
    0    2    0   35   10   26    1599.67972775    0.00020000    1   C-    30
    0    1    0   33   21   13    1599.86159465    0.00010695    4   B-    35
    0    0    0   59   17   43    1600.00624161    0.00011547    3   C-    10
    0    1    0   45   16   30    1600.18022997    0.00011547    3   B-    20
    0    0    1   23    7   16    1600.27488387    0.00014142    2   B-    39
    0    1    0   36   20   16    1600.42415796    0.00011547    3   B-    32
    0    1    0   51   12   40    1600.65151708    0.00014142    2   B-    16
    1    0    0   28   11   17    1600.83025417    0.00010000    4   B-    38
    0    1    0   41   18   24    1600.89686628    0.00009219    5   B+    22
    1    0    0   36    4   32    1601.49523054    0.00011813    5   B+    33
    0    2    0   24   15    9    1601.51541257    0.00010000    4   B-    41
    1    0    0   37    3   35    1602.07917090    0.00011027    5   B+    29
    0    2    0   27   14   14    1602.23407539    0.00011547    3   B-    37
    0    0    0   69    6   64    1602.47504581    0.00020000    1   C-     3
    0    2    0   41    4   38    1603.21618088    0.00010000    4   B-    23
    1    0    0   26   12   14    1603.41581130    0.00010276    5   B+    43
    1    0    0   34    7   27    1603.59351320    0.00008315    6   B+    33
    1    0    0   30   10   20    1604.00944560    0.00019590    3   B-    39
    0    0    1   28    2   27    1604.19488103    0.00014142    2   B-    39
    0    0    1   17   10    7    1604.60149890    0.00014142    2   B-    39
    1    0    0   35    6   30    1605.06694890    0.00008567    6   B+    31
    0    0    1   27    3   24    1605.08286718    0.00014142    2   B-    38
    0    0    0   65   12   54    1606.04722207    0.00014142    2   C-     6
    0    0    0   40   26   14    1606.23608109    0.00020000    1   C-    27
    1    0    0   33    8   26    1606.27368028    0.00009294    5   B+    32
    0    0    1   29    0   29    1606.51659408    0.00014142    2   B-    38
    1    0    0   38    1   37    1606.92586218    0.00020074    2   B-    28
    0    1    0   55    8   48    1607.17986446    0.00013375    3   B-    13
    0    1    0   26   23    3    1607.44130134    0.00014142    2   B-    40
    0    0    0   33   28    6    1607.66196734    0.00020000    1   C-    33
    0    1    0   30   22    8    1607.96759265    0.00010000    4   B-    40
    0    0    1   14   11    4    1607.99604724    0.00014142    2   B-    39
    0    1    0   47   15   33    1608.34897704    0.00011547    3   B-    20
    0    1    0   56    6   50    1608.57829796    0.00020000    1   C-    14
    0    2    0   39    7   33    1609.06472336    0.00011547    3   B-    26
    1    0    0   39    1   39    1609.14017221    0.00016458    3   B-    27
    1    0    0   17   15    3    1609.16832635    0.00011547    3   B-    40
    0    2    0   38    8   30    1609.33507872    0.00020000    1   C-    30
    0    0    1   26    5   22    1609.47365174    0.00014142    2   B-    44
    0    1    0   50   13   37    1609.48348307    0.00008944    5   B+    18
    0    2    0   32   12   20    1609.59651196    0.00011547    3   B-    38
    0    1    0   39   19   21    1609.68965890    0.00010000    4   B-    28
    0    2    0   21   16    6    1609.72702735    0.00011547    3   B-    38
    0    0    1   22    8   15    1609.92653933    0.00014798    3   B-    41
    0    2    0   42    2   40    1610.09855726    0.00011547    3   B-    24
    0    0    1   20    9   12    1610.10586248    0.00017026    2   B-    44
    0    1    0   57    5   53    1610.47841438    0.00010278    5   B+    12
    0    0    1   25    6   19    1610.50501850    0.00014142    2   B-    42
    1    0    0   24   13   11    1611.72420379    0.00010000    4   B-    42
    1    0    0   21   14    8    1611.74893700    0.00010853    4   B-    39
    0    0    0   66   11   55    1611.84462360    0.00011547    3   C+     6
    0    2    0   30   13   17    1611.92278786    0.00014142    2   B-    37
    1    0    0   36    5   31    1612.25002993    0.00009695    6   B+    32
    1    0    0   32    9   23    1613.01089030    0.00010000    4   B-    36
    0    2    0   34   11   23    1613.15024180    0.00010000    4   B-    34
    0    0    1   27    4   23    1613.61003531    0.00014142    2   B-    41
    0    0    0   37   27   11    1613.63962118    0.00020000    1   C-    30
    0    2    0   40    6   34    1613.81921526    0.00010000    4   B-    28
    0    2    0   37    9   29    1613.90611978    0.00014142    2   B-    31
    0    2    0   43    2   42    1614.34776139    0.00020000    1   C-    21
    0    0    0   29   29    1    1614.53228768    0.00020000    1   C-    39
    0    2    0   17   17    1    1615.35248604    0.00014771    3   B-    41
    0    0    1   24    7   18    1615.55680347    0.00014142    2   B-    44
    0    2    0   44    0   44    1615.67044439    0.00020000    1   C-    23
    0    0    0   70    4   66    1615.95217007    0.00010000    4   A-     3
    0    0    1   18   10    9    1616.04150071    0.00012061    3   B-    38
    0    0    1   28    3   26    1617.36909900    0.00020000    1   C-    42
    0    2    0   25   15   11    1617.45182789    0.00010000    4   B-    43
    0    0    1   15   11    4    1617.52891624    0.00011918    3   B-    34
    0    0    0   68    8   60    1617.70812138    0.00010603    4   C+     5
    1    0    0   37    4   34    1618.34516549    0.00009641    5   B+    28
    1    0    0   29   11   19    1619.24921594    0.00015673    3   B-    40
    0    2    0   28   14   14    1620.07967882    0.00011547    3   B-    43
    1    0    0   27   12   16    1620.56098031    0.00012956    6   A+    39
    1    0    0   18   15    3    1620.60127240    0.00014728    3   B-    39
    0    1    0   58    3   55    1620.61647111    0.00009868    4   A-    11
    0    2    0   41    5   37    1620.92207053    0.00011547    3   B-    25
    0    1    0   34   21   13    1621.58299081    0.00010913    4   B-    35
    0    0    1   29    1   28    1621.80305458    0.00014142    2   B-    37
    0    0    0   67   10   58    1622.11456348    0.00020000    1   C-     5
    0    1    0   49   14   36    1622.27659738    0.00008944    5   B+    18
    0    2    0   36   10   26    1622.64741540    0.00014142    2   B-    34
    0    1    0   56    7   49    1623.19080566    0.00020000    1   C-    14
    0    0    1   21    9   12    1623.45695070    0.00011547    3   B-    40
    1    0    0   31   10   22    1623.70769351    0.00012653    3   B-    35
    0    2    0   22   16    6    1623.75489117    0.00010000    4   B-    44
    0    1    0   37   20   18    1624.05066133    0.00010000    4   B-    29
    0    0    1   30    1   30    1624.27216701    0.00014142    2   B-    41
    0    0    1   23    8   15    1624.55785083    0.00022311    2   B-    44
    0    1    0   27   23    5    1624.70965011    0.00014142    2   B-    42
    1    0    0   38    2   36    1625.37735801    0.00014142    2   B-    31
    1    0    0   22   14    8    1625.72003378    0.00010000    4   B-    45
    0    1    0   44   17   27    1625.78176927    0.00013252    4   B-    21
    1    0    0   35    7   29    1625.91763018    0.00009286    5   B+    33
    0    0    0   71    4   68    1626.23354751    0.00014142    2   C-     2
    0    2    0   18   17    1    1626.83399078    0.00011547    3   B-    40
    0    0    1   27    5   22    1626.88757436    0.00014142    2   B-    40
    0    0    1   26    6   21    1627.09090573    0.00020000    1   C-    41
    1    0    0   25   13   13    1627.59895468    0.00010662    6   A+    44
    0    1    0   59    3   57    1627.66301297    0.00011547    3   A-    11
    0    1    0   42   18   24    1627.69649190    0.00012437    4   B-    25
    0    0    1   16   11    6    1627.69741960    0.00011547    3   B-    42
    0    1    0   31   22   10    1627.78269383    0.00010000    4   B-    36
    0    0    1   12   12    1    1627.88463880    0.00018675    2   B-    32
    1    0    0   34    8   26    1627.92332685    0.00008944    5   B+    36
    0    0    1   19   10    9    1628.11789730    0.00014142    2   B-    41
    1    0    0   36    6   30    1628.31453896    0.00010997    5   B+    35
    0    2    0   42    3   39    1628.58108064    0.00014142    2   B-    24
    0    1    0   46   16   30    1629.52185051    0.00011547    3   B-    22
    0    1    0   53   11   43    1629.74720123    0.00014142    2   B-    17
    0    0    0   69    7   63    1629.75369090    0.00014142    2   C-     4
    0    1    0   54   10   44    1629.81987426    0.00011547    3   B-    17
    0    0    1   28    4   25    1630.16389891    0.00014142    2   B-    40
    1    0    0   39    2   38    1630.48545077    0.00012472    3   B-    26
    0    2    0   33   12   22    1630.63089071    0.00011547    3   B-    34
    0    0    1   25    7   18    1631.47954677    0.00015873    3   B-    40
    0    2    0   31   13   19    1631.67998512    0.00014142    2   B-    37
    0    1    0   60    1   59    1631.79402267    0.00011547    3   C-     9
    1    0    0   19   15    5    1632.66968384    0.00011547    3   B-    42
    1    0    0   40    0   40    1632.67678443    0.00011730    3   B-    29
    0    1    0   61    1   61    1633.25922954    0.00014142    2   B-     9
    0    0    0   30   29    1    1633.78126430    0.00020000    1   C-    38
    0    1    0   57    6   52    1633.82633323    0.00014142    2   B-    12
    0    1    0   52   12   40    1633.86119121    0.00014142    2   B-    18
    1    0    0   33    9   25    1633.99760534    0.00010000    4   B-    36
    0    2    0   26   15   11    1634.02569733    0.00011547    3   B-    42
    0    0    1   29    2   27    1634.10270631    0.00014142    2   B-    41
    1    0    0   37    5   33    1634.18639506    0.00010469    5   B+    32
    0    2    0   39    8   32    1634.28505631    0.00010000    4   B-    27
    0    2    0   40    7   33    1634.78364722    0.00014142    2   B-    26
    0    1    0   40   19   21    1635.22108617    0.00010000    4   B-    27
    0    2    0   35   11   25    1635.46742543    0.00014142    2   B-    34
    0    0    1   13   12    1    1636.14736815    0.00011547    3   B-    37
    0    2    0   43    3   41    1636.74457589    0.00014142    2   B-    24
    0    0    1   22    9   14    1637.44545206    0.00014142    2   B-    46
    0    0    0   73    2   72    1638.15840594    0.00011547    3   C+     1
    0    2    0   38    9   29    1638.17761140    0.00011547    3   B-    30
    1    0    0   30   11   19    1638.30432613    0.00010000    4   B-    39
    1    0    0   28   12   16    1638.34179283    0.00013151    3   B-    44
    0    2    0   23   16    8    1638.42027546    0.00010000    4   B-    40
    0    0    1   17   11    6    1638.50214381    0.00011547    3   B-    37
    0    2    0   29   14   16    1638.56299891    0.00010000    4   B-    38
    0    2    0   19   17    3    1638.95335953    0.00011547    3   B-    43
    0    1    0   48   15   33    1638.96668625    0.00010000    4   B-    20
    0    2    0   41    6   36    1639.53721496    0.00014142    2   B-    25
    0    0    1   24    8   17    1639.82805102    0.00014142    2   B-    43
    1    0    0   38    3   35    1640.27225162    0.00014849    4   B-    31
    0    0    1   30    2   29    1640.27261155    0.00014142    2   B-    40
    1    0    0   23   14   10    1640.32619727    0.00010000    4   B-    41
    0    0    1   20   10   11    1640.83080670    0.00013051    3   B-    40
    0    2    0   44    1   43    1640.84833409    0.00020000    1   C-    23
    0    1    0   51   13   39    1642.03327077    0.00020000    1   C-    18
    0    2    0   42    4   38    1642.11241833    0.00014142    2   B-    26
    0    2    0   45    1   45    1642.14277613    0.00020000    1   C-    21
    0    0    1   29    3   26    1642.52383358    0.00014142    2   B-    39
    0    0    1   31    0   31    1642.60212484    0.00014142    2   B-    38
    0    1    0   28   23    5    1642.61741592    0.00014142    2   B-    41
    0    1    0   56    8   48    1643.85323149    0.00018393    3   B-    15
    0    1    0   35   21   15    1643.94222776    0.00011949    3   B-    35
    1    0    0   32   10   22    1644.04332482    0.00013271    5   B+    39
    1    0    0   26   13   13    1644.10898327    0.00010000    4   B-    43
    0    0    1   27    6   21    1644.33372084    0.00014142    2   B-    43
    0    0    1   28    5   24    1644.66091092    0.00014142    2   B-    45
    0    0    1   14   12    3    1645.04582841    0.00014142    2   B-    36
    1    0    0   20   15    5    1645.37314506    0.00012913    3   B-    41
    0    2    0   37   10   28    1646.25608494    0.00011547    3   B-    30
    0    1    0   58    4   54    1646.60609258    0.00011547    3   A-    13
    0    0    1   26    7   20    1648.04323467    0.00011547    3   B-    45
    0    1    0   32   22   10    1648.23581902    0.00012489    4   B-    40
    0    0    0   66   12   54    1648.28195282    0.00014142    2   C-     7
    0    1    0   38   20   18    1648.31471701    0.00010790    4   B-    32
    1    0    0   16   16    0    1648.41787705    0.00014142    2   B-    44
    1    0    0   36    7   29    1648.91204995    0.00008944    5   B+    33
    1    0    0   39    3   37    1649.75586268    0.00010000    4   B-    29
    0    0    1   18   11    8    1649.94293894    0.00014142    2   B-    44
    0    1    0   24   24    0    1650.05773573    0.00018820    2   C+    45
    1    0    0   35    8   28    1650.21493172    0.00010143    5   B+    32
    1    0    0   38    4   34    1650.72963753    0.00013593    3   B-    33
    0    0    1   29    4   25    1650.78448828    0.00014142    2   B-    42
    0    2    0   27   15   13    1651.23698398    0.00010000    4   B-    44
    0    2    0   20   17    3    1651.70987993    0.00011547    3   B-    42
    1    0    0   37    6   32    1651.77895830    0.00009838    5   B+    31
    0    0    1   23    9   14    1652.07112541    0.00020000    1   C-    42
    0    2    0   32   13   19    1652.07499444    0.00020000    1   C-    37
    0    2    0   34   12   22    1652.30391660    0.00011547    3   B-    38
    0    2    0   42    5   37    1652.98566620    0.00020000    1   C-    25
    0    0    0   31   29    3    1653.66912473    0.00020000    1   C-    39
    0    2    0   24   16    8    1653.72321190    0.00011547    3   B-    46
    0    0    0   63   15   49    1653.83634048    0.00014142    2   C-     8
    0    1    0   50   14   36    1654.17590037    0.00008944    5   B+    20
    0    0    1   21   10   11    1654.18036957    0.00014142    2   B-    43
    0    0    1   30    3   28    1654.45270817    0.00014142    2   B-    42
    0    1    0   45   17   29    1654.48825932    0.00011606    4   B-    22
    0    0    1   15   12    3    1654.58016585    0.00012731    3   B-    41
    1    0    0   40    1   39    1654.60279938    0.00014142    2   B-    28
    0    1    0   43   18   26    1655.13354639    0.00010000    4   B-    22
    0    0    0   69    8   62    1655.32881610    0.00010000    4   C-     4
    1    0    0   24   14   10    1655.56758405    0.00010000    4   B-    47
    1    0    0   34    9   25    1655.62396426    0.00010914    4   B-    36
    0    0    1   25    8   17    1655.73733689    0.00011547    3   B-    45
    0    1    0   57    7   51    1656.18488227    0.00014142    2   B-    14
    1    0    0   29   12   18    1656.75856887    0.00008679    7   A+    40
    1    0    0   41    1   41    1656.79265726    0.00013464    3   B-    26
    0    2    0   43    4   40    1656.84763178    0.00014142    2   B-    23
    0    1    0   59    4   56    1657.08344628    0.00014142    2   B-    11
    1    1    0    1    1    1    1657.12610557    0.00020000    1   C-     7
    0    2    0   30   14   16    1657.68392641    0.00010000    4   B-    43
    1    0    0   31   11   21    1657.99568334    0.00051020    2   B-    40
    0    2    0   36   11   25    1658.42414214    0.00010000    4   B-    34
    1    1    0    2    1    1    1658.49629446    0.00020000    1   C-     7
    1    0    0   21   15    7    1658.71173460    0.00011727    4   B-    44
    0    0    1   31    1   30    1659.10393843    0.00014142    2   B-    37
    1    0    0   17   16    2    1659.21829141    0.00020000    1   C-    39
    0    1    0   47   16   32    1659.50063835    0.00011547    3   B-    20
    0    2    0   40    8   32    1659.88830522    0.00008490    6   B+    30
    1    1    0    3    1    3    1660.15955702    0.00013641    4   A-    13
    0    2    0   41    7   35    1661.03085905    0.00010000    4   B-    27
    1    0    0   38    5   33    1661.10834717    0.00012575    3   B-    32
    1    1    0    4    0    4    1661.14076799    0.00010118    4   A-    18
    0    1    0   29   23    7    1661.16330210    0.00011547    3   B-    43
    1    0    0   27   13   15    1661.25448417    0.00011547    3   B-    45
    0    1    0   41   19   23    1661.38963867    0.00010000    4   B-    28
    0    0    1   32    1   32    1661.51824046    0.00014142    2   B-    41
    0    0    1   19   11    8    1662.01969807    0.00019353    2   B-    39
    0    0    1   28    6   23    1662.20463146    0.00014142    2   B-    42
    0    2    0   39    9   31    1663.09276928    0.00011547    3   B-    31
    1    1    0    4    1    3    1663.10680086    0.00013235    4   A-    13
    1    1    0    2    2    0    1663.48742998    0.00020000    1   C-    13
    0    0    1   29    5   24    1663.50343096    0.00014142    2   B-    41
    0    2    0   44    2   42    1663.79556925    0.00014142    2   B-    24
    0    1    0   60    2   58    1664.07197672    0.00014142    2   C-    11
    0    1    0   54   11   43    1664.27470612    0.00012560    3   B-    17
    0    0    1   16   12    5    1664.75050403    0.00016336    3   B-    40
    1    0    0   33   10   24    1665.01702006    0.00014142    2   B-    35
    0    1    0   55   10   46    1665.04225477    0.00011547    3   B-    15
    0    2    0   21   17    5    1665.10468036    0.00011547    3   B-    45
    0    0    1   27    7   20    1665.24956095    0.00014142    2   B-    41
    1    1    0    5    1    5    1665.61307307    0.00011516    5   A+    19
    0    1    0   25   24    2    1666.05585430    0.00014142    2   C-    41
    0    1    0   36   21   15    1666.93911035    0.00011026    4   B-    35
    1    0    0   39    4   36    1667.01896257    0.00011547    3   B-    28
    0    0    1   24    9   16    1667.33483018    0.00014142    2   B-    48
    0    2    0   42    6   36    1667.60351466    0.00014142    2   B-    28
    0    1    0   53   12   42    1667.71239828    0.00014142    2   B-    16
    0    0    1   30    4   27    1667.82347107    0.00014142    2   B-    41
    0    2    0   45    2   44    1667.93399170    0.00020000    1   C-    21
    1    1    0    4    2    2    1667.93432672    0.00011730    3   A-    19
    1    1    0    6    0    6    1668.03699592    0.00015130    4   A-    24
    0    0    1   22   10   13    1668.16665761    0.00014142    2   B-    42
    0    1    0   61    2   60    1668.18201772    0.00011547    3   A-     9
    0    2    0   28   15   13    1669.08583287    0.00010000    4   B-    43
    0    2    0   46    0   46    1669.19492913    0.00014142    2   B-    23
    0    1    0   33   22   12    1669.32767813    0.00012509    3   B-    36
    0    1    0   62    0   62    1669.62945707    0.00011547    3   A-    10
    0    2    0   25   16   10    1669.66366032    0.00010000    4   B-    42
    0    1    0   49   15   35    1670.22202474    0.00010000    4   B-    20
    1    1    0    6    1    5    1670.34094803    0.00010241    4   A-    19
    0    2    0   38   10   28    1670.50619252    0.00020000    1   C-    34
    1    0    0   18   16    2    1670.65466122    0.00014142    2   B-    46
    1    1    0    5    2    4    1671.07827827    0.00013720    3   A-    14
    1    0    0   25   14   12    1671.44421584    0.00010000    4   B-    43
    0    0    1   26    8   19    1672.28638908    0.00014142    2   B-    44
    1    0    0   37    7   31    1672.52087532    0.00008944    5   B+    33
    1    0    0   22   15    7    1672.68553360    0.00010510    4   B-    43
    0    0    1   31    2   29    1672.84816395    0.00014142    2   B-    41
    0    2    0   33   13   21    1673.10818610    0.00014142    2   B-    37
    1    0    0   36    8   28    1673.15044848    0.00012997    3   B-    36
    0    1    0   39   20   20    1673.21593332    0.00010000    4   B-    29
    1    1    0    7    1    7    1673.47750346    0.00011776    6   A+    25
    0    0    0   32   29    3    1674.19751481    0.00020000    1   C-    38
    1    0    0   40    2   38    1674.31378243    0.00014142    2   B-    31
    0    2    0   35   12   24    1674.61547227    0.00010000    4   B-    34
    0    0    1   20   11   10    1674.73278340    0.00020000    1   C-    46
    1    1    0    6    2    4    1674.95499129    0.00013385    5   A+    25
    0    1    0   52   13   39    1675.22280141    0.00011547    3   B-    18
    0    2    0   43    5   39    1675.33281554    0.00014142    2   B-    25
    0    0    1   17   12    5    1675.55677910    0.00011547    3   B-    44
    1    0    0   30   12   18    1675.81128504    0.00013481    5   A+    44
    0    0    1   13   13    0    1676.32662088    0.00020000    1   C-    34
    1    1    0    4    3    1    1676.36523844    0.00020000    1   C-    14
    1    0    0   38    6   32    1676.49589442    0.00010421    5   B+    35
    0    0    0   61   17   45    1677.19740161    0.00014142    2   C-    10
    1    1    0    8    0    8    1677.36840320    0.00011935    5   A+    30
    0    2    0   31   14   18    1677.44240848    0.00010000    4   B-    38
    0    0    0   73    3   71    1677.51756566    0.00011547    3   C+     2
    1    0    0   35    9   27    1677.89024401    0.00015244    4   B-    36
    1    0    0   32   11   21    1678.32487191    0.00012383    3   B-    39
    0    0    1   32    2   31    1678.68410568    0.00021236    2   B-    40
    1    0    0   28   13   15    1679.03566698    0.00011025    4   B-    44
    0    2    0   22   17    5    1679.13694074    0.00011547    3   B-    44
    1    1    0    7    2    6    1679.29214774    0.00021000    1   C-    20
    1    0    0   41    2   40    1679.31585200    0.00014142    2   B-    26
    1    1    0    5    3    3    1679.53322946    0.00020000    1   C-    20
    0    1    0   57    8   50    1679.91371418    0.00014142    2   B-    13
    1    1    0    8    1    7    1680.18317923    0.00012874    4   A-    25
    0    1    0   30   23    7    1680.34748564    0.00013483    4   B-    42
    0    0    1   29    6   23    1680.75080227    0.00014142    2   B-    44
    0    0    1   33    0   33    1681.01124001    0.00014142    2   B-    38
    1    0    0   42    0   42    1681.48800500    0.00025062    2   B-    29
    0    2    0   37   11   27    1682.02070157    0.00011547    3   B-    34
    0    0    0   74    1   73    1682.11483400    0.00020000    1   C-     1
    0    0    1   30    5   26    1682.43326766    0.00020000    1   C-    45
    0    0    1   31    3   28    1682.49145522    0.00014142    2   B-    39
    0    1    0   26   24    2    1682.69297050    0.00014142    2   B-    46
    1    0    0   19   16    4    1682.72623069    0.00014142    2   B-    41
    0    0    1   23   10   13    1682.78980315    0.00014142    2   B-    45
    0    0    1   28    7   22    1683.09740292    0.00011547    3   B-    46
    0    1    0   44   18   26    1683.20675572    0.00014142    2   B-    25
    0    0    1   25    9   16    1683.23707243    0.00015668    2   B-    44
    1    1    0    6    3    3    1683.33905394    0.00011730    3   A-    20
    1    0    0   39    5   35    1683.40872509    0.00009959    5   B+    32
    1    1    0    9    1    9    1683.73957088    0.00012301    4   A-    30
    0    2    0   44    3   41    1683.77036985    0.00014142    2   B-    24
    0    1    0   46   17   29    1683.83180457    0.00012802    3   B-    21
    0    1    0   59    5   55    1683.99632763    0.00020000    1   C-    12
    0    1    0   58    6   52    1684.26391345    0.00020000    1   C-    14
    1    1    0    8    2    6    1684.58715567    0.00009797    6   A+    31
    0    0    1   14   13    2    1685.22718985    0.00011547    3   B-    43
    0    2    0   18   18    0    1685.34803466    0.00014142    2   B-    48
    0    2    0   41    8   34    1686.13127288    0.00010000    4   B-    27
    0    2    0   26   16   10    1686.24149357    0.00010000    4   B-    47
    1    0    0   34   10   24    1686.62849553    0.00010780    4   B-    39
    0    1    0   51   14   38    1686.71382421    0.00010000    4   B-    18
    0    0    1   18   12    7    1686.99896711    0.00011547    3   B-    43
    1    0    0   23   15    9    1687.29458792    0.00010000    4   B-    46
    0    2    0   29   15   15    1687.57218490    0.00011547    3   B-    45
    1    1    0    7    3    5    1687.77771490    0.00012003    4   A-    26
    1    0    0   26   14   12    1687.95608889    0.00010000    4   B-    48
    0    0    1   21   11   10    1688.08230996    0.00014142    2   B-    41
    0    2    0   42    7   35    1688.10832535    0.00011547    3   B-    26
    1    1    0    4    4    0    1688.17641848    0.00020000    1   C-    20
    0    1    0   42   19   23    1688.19529583    0.00010000    4   B-    27
    0    2    0   40    9   31    1688.65224012    0.00011547    3   B-    30
    1    1    0   10    0   10    1689.08107651    0.00011472    4   A-    35
    0    0    1   27    8   19    1689.47498520    0.00015240    3   B-    46
    1    1    0    9    2    8    1690.01543828    0.00009115    5   A+    26
    0    1    0   48   16   32    1690.11677829    0.00012044    3   B-    22
    0    1    0   37   21   17    1690.57364455    0.00010604    4   B-    35
    0    0    1   31    4   27    1690.72439121    0.00014142    2   B-    42
    1    0    0   40    3   37    1690.75852197    0.00010000    4   B-    31
    0    1    0   34   22   12    1691.05684711    0.00011547    3   B-    40
    1    1    0    5    4    2    1691.34432840    0.00011547    3   B-    15
    0    2    0   45    3   43    1691.55998103    0.00011547    3   B-    24
    1    1    0   10    1    9    1692.60995305    0.00009092    6   A+    30
    1    1    0    8    3    5    1692.86215208    0.00014623    3   B-    26
    0    2    0   23   17    7    1693.80669408    0.00011547    3   B-    47
    0    0    1   32    3   30    1693.92598302    0.00014142    2   B-    42
    0    1    0   60    3   57    1694.08348195    0.00011547    3   A-    11
    0    2    0   43    6   38    1694.19283433    0.00014142    2   B-    25
    0    0    1   15   13    2    1694.76379592    0.00016335    3   B-    38
    0    2    0   34   13   21    1694.77944913    0.00014142    2   B-    37
    1    1    0    6    4    2    1695.14748425    0.00020000    1   C-    26
    0    0    0   33   29    5    1695.36648409    0.00020000    1   C-    39
    0    2    0   39   10   30    1695.39790323    0.00020000    1   C-    30
    1    0    0   20   16    4    1695.43269474    0.00011547    3   B-    48
    1    0    0   31   12   20    1695.50009469    0.00010000    4   B-    40
    0    2    0   46    1   45    1695.59458097    0.00014142    2   B-    23
    1    1    0   11    1   11    1696.38570082    0.00013201    4   A-    35
    1    0    0   37    8   30    1696.72804700    0.00013014    4   B-    32
    0    2    0   47    1   47    1696.82634462    0.00020000    1   C-    21
    1    0    0   38    7   31    1696.82722332    0.00008741    6   B+    33
    1    1    0   10    2    8    1696.87244802    0.00011812    4   A-    36
    1    0    0   29   13   17    1697.45202643    0.00010530    4   B-    46
    0    2    0   19   18    2    1697.47121145    0.00014142    2   B-    43
    0    2    0   36   12   24    1697.56595812    0.00012266    3   B-    38
    0    2    0   32   14   18    1697.83862245    0.00014142    2   B-    43
    0    0    1   24   10   15    1698.05017528    0.00011547    3   B-    44
    0    0    0   68   11   57    1698.41139360    0.00020000    1   C-     6
    1    1    0    9    3    7    1698.56708317    0.00009115    5   A+    31
    0    0    1   33    1   32    1698.71382600    0.00014142    2   B-    37
    0    1    0   40   20   20    1698.75474069    0.00010000    4   B-    32
    0    2    0   44    4   40    1698.96561994    0.00014142    2   B-    26
    0    0    1   19   12    7    1699.07724878    0.00014403    3   B-    46
    1    0    0   33   11   23    1699.29047157    0.00010000    4   B-    40
    0    1    0   55   11   45    1699.44570346    0.00011547    3   B-    17
    1    1    0    7    4    4    1699.58404600    0.00010822    5   A+    21
    1    0    0   41    3   39    1699.76229811    0.00010673    4   B-    29
    0    0    1   26    9   18    1699.77684644    0.00014142    2   B-    49
    0    0    1   30    6   25    1699.90388052    0.00016368    2   B-    43
    0    1    0   27   24    4    1699.96906481    0.00014142    2   C-    42
    0    1    0   31   23    9    1700.17079163    0.00014590    3   B-    43
    1    0    0   36    9   27    1700.79734070    0.00010908    4   B-    36
    0    1    0   56   10   46    1700.92085104    0.00014300    3   B-    17
    0    1    0   61    3   59    1701.06043372    0.00020000    1   C-    11
    1    0    0   39    6   34    1701.08091521    0.00010335    6   B+    31
    0    0    1   34    1   34    1701.08797658    0.00014142    2   B-    41
    0    0    1   29    7   22    1701.58967900    0.00014142    2   B-    42
    0    0    1   22   11   12    1702.06830771    0.00014142    2   B-    48
    0    1    0   50   15   35    1702.11526781    0.00011547    3   B-    20
    0    1    0   54   12   42    1702.20510484    0.00014142    2   B-    18
    1    0    0   40    4   36    1702.49118322    0.00014142    2   B-    33
    1    0    0   24   15    9    1702.53862934    0.00011551    4   B-    45
    0    0    1   31    5   26    1702.79903809    0.00014142    2   B-    41
    1    1    0   12    0   12    1703.13041609    0.00010425    5   A+    40
    1    1    0   11    2   10    1703.23463732    0.00009205    5   A+    31
    0    2    0   27   16   12    1703.45685646    0.00010000    4   B-    43
    1    0    0   42    1   41    1704.59569802    0.00014142    2   B-    28
    1    1    0    8    4    4    1704.65725791    0.00018148    4   A-    32
    0    0    1   16   13    4    1704.93610381    0.00011547    3   B-    47
    1    1    0   10    3    7    1704.94690753    0.00010118    4   A-    31
    1    0    0   27   14   14    1705.10334665    0.00012111    4   B-    44
    0    1    0   62    1   61    1705.14975654    0.00013944    3   C+     9
    0    2    0   38   11   27    1706.25713085    0.00011547    3   B-    34
    1    1    0    5    5    1    1706.51868714    0.00010934    4   A-    21
    0    1    0   63    1   63    1706.57984068    0.00014142    2   B-     9
    0    2    0   30   15   15    1706.69594121    0.00010000    4   B-    44
    1    0    0   43    1   43    1706.76269486    0.00011547    3   B-    26
    0    0    1   28    8   21    1707.30363212    0.00020000    1   C-    45
    1    1    0   12    1   11    1707.58768911    0.00008704    8   A+    35
    0    0    1   32    4   29    1707.98371306    0.00014142    2   B-    41
    0    1    0   59    6   54    1708.41632030    0.00014142    2   B-    12
    1    0    0   21   16    6    1708.77457184    0.00011547    3   B-    43
    1    0    0   35   10   26    1708.87865513    0.00011547    3   B-    35
    0    1    0   53   13   41    1709.05192931    0.00014142    2   B-    18
    0    0    0   70    8   62    1709.05939014    0.00020000    1   C-     5
    0    2    0   24   17    7    1709.11399703    0.00011547    3   B-    46
    0    2    0   20   18    2    1710.23255632    0.00014142    2   B-    50
    1    1    0    6    5    1    1710.32067164    0.00014142    2   B-    21
    0    2    0   44    5   39    1710.32425844    0.00020000    1   C-    25
    1    1    0    9    4    6    1710.36562813    0.00017215    3   A-    27
    1    1    0   13    1   13    1711.40048335    0.00014761    3   A-    40
    0    0    1   20   12    9    1711.79151616    0.00014142    2   B-    45
    1    1    0   12    2   10    1711.83799156    0.00010865    5   A+    41
    1    1    0   11    3    9    1711.90454870    0.00010050    5   A+    36
    0    1    0   45   18   28    1711.91759454    0.00014142    2   B-    22
    1    0    0   17   17    1    1712.34155241    0.00014142    2   B-    46
    1    0    0   40    5   35    1712.75212641    0.00012235    4   B-    32
    0    2    0   45    4   42    1712.83994966    0.00020000    1   C-    23
    0    2    0   42    8   34    1713.03539796    0.00010000    4   B-    30
    0    1    0   35   22   14    1713.42442400    0.00012939    3   B-    36
    0    1    0   47   17   31    1713.81231331    0.00011547    3   B-    22
    0    0    1   33    2   31    1713.85450843    0.00014142    2   B-    41
    0    0    1   25   10   15    1713.94788882    0.00014142    2   B-    46
    1    1    0    7    5    3    1714.75698804    0.00012640    4   A-    27
    0    1    0   38   21   17    1714.84540466    0.00011547    3   B-    35
    0    2    0   41    9   33    1714.85606015    0.00012157    3   B-    31
    0    2    0   43    7   37    1715.60419442    0.00011547    3   B-    27
    0    1    0   43   19   25    1715.63795445    0.00011547    3   B-    28
    0    0    1   17   13    4    1715.74447031    0.00014142    2   B-    42
    1    0    0   32   12   20    1715.82514909    0.00010000    4   B-    44
    1    0    0   30   13   17    1716.50445805    0.00011004    4   B-    45
    0    0    1   23   11   12    1716.69072026    0.00014142    2   B-    43
    1    1    0   10    4    6    1716.71203373    0.00013732    4   A-    37
    0    0    1   27    9   18    1716.95533526    0.00014142    2   B-    45
    0    2    0   35   13   23    1717.08859080    0.00014142    2   B-    37
    0    1    0   28   24    4    1717.88399409    0.00014142    2   C-    47
    1    0    0   41    4   38    1718.08331167    0.00011547    3   B-    28
    0    1    0   58    8   50    1718.27037302    0.00020000    1   C-    15
    1    0    0   25   15   11    1718.41804848    0.00013183    3   B-    47
    0    2    0   33   14   20    1718.87245072    0.00011547    3   B-    38
    1    1    0   13    2   12    1718.93356016    0.00009919    7   A+    36
    0    0    1   34    2   33    1719.42362374    0.00014142    2   B-    39
    1    1    0   14    0   14    1719.48970088    0.00009205    5   A+    45
    1    1    0   12    3    9    1719.61457120    0.00011115    4   A-    36
    0    0    1   31    6   25    1719.76836107    0.00014142    2   B-    44
    0    2    0   46    2   44    1719.79735205    0.00020000    1   C-    24
    1    1    0    8    5    3    1719.82778135    0.00011337    4   A-    27
    0    1    0   52   14   38    1719.89021064    0.00010000    4   B-    20
    0    1    0   32   23    9    1720.63248112    0.00010348    4   B-    42
    0    0    1   30    7   24    1720.72378209    0.00020000    1   C-    46
    1    0    0   34   11   23    1720.89315632    0.00010000    4   B-    40
    0    2    0   40   10   30    1720.93131899    0.00014142    2   B-    34
    1    0    0   38    8   30    1720.95219514    0.00011736    4   B-    36
    0    2    0   37   12   26    1721.15528938    0.00011547    3   B-    34
    0    2    0   28   16   12    1721.30965318    0.00010000    4   B-    48
    0    1    0   49   16   34    1721.37012168    0.00014142    2   B-    20
    0    1    0   60    4   56    1721.40444715    0.00020000    1   C-    13
    1    0    0   39    7   33    1721.71444645    0.00011875    4   B-    33
    0    0    1   35    0   35    1721.74332285    0.00014142    2   B-    38
    1    0    0   22   16    6    1722.75174232    0.00011547    3   B-    50
    0    0    1   32    5   28    1722.78612004    0.00014142    2   B-    45
    1    0    0   28   14   14    1722.88573135    0.00011151    4   B-    49
    0    2    0   21   18    4    1723.63145937    0.00011547    3   B-    45
    1    1    0   11    4    8    1723.69359355    0.00010393    6   A+    32
    1    0    0   18   17    1    1723.78050893    0.00014142    2   B-    45
    0    2    0   44    6   38    1724.16706410    0.00010000    4   B-    28
    1    0    0   37    9   29    1724.34465724    0.00011547    3   B-    36
    0    0    1   33    3   30    1724.91274073    0.00014142    2   B-    39
    0    1    0   41   20   22    1724.93046943    0.00010000    4   B-    29
    0    2    0   48    0   48    1725.03735398    0.00014142    2   B-    23
    0    2    0   25   17    9    1725.05905785    0.00010000    4   B-    48
    1    1    0   14    1   13    1725.07142878    0.00011890    7   A+    39
    0    0    1   21   12    9    1725.14228332    0.00011547    3   B-    48
    1    1    0    9    5    5    1725.53315272    0.00013546    3   A-    33
    1    0    0   42    2   40    1725.54229581    0.00011547    3   B-    31
    0    0    1   29    8   21    1725.77351342    0.00014142    2   B-    47
    0    2    0   31   15   17    1726.45719561    0.00011547    3   B-    45
    0    0    0   75    2   74    1726.65057568    0.00020000    1   C-     1
    0    0    1   18   13    6    1727.18895663    0.00014142    2   B-    50
    1    0    0   40    6   34    1727.37336861    0.00012127    3   B-    35
    1    1    0   13    3   11    1727.79128447    0.00010241    4   A-    41
    0    0    1   14   14    1    1728.51884092    0.00014142    2   B-    40
    1    1    0   15    1   15    1728.77257809    0.00020984    2   B-    44
    1    1    0    6    6    0    1728.84777169    0.00011213    4   A-    27
    1    1    0   14    2   12    1729.48932030    0.00015099    3   A-    46
    1    0    0   43    2   42    1730.46364631    0.00014058    3   B-    26
    0    0    1   26   10   17    1730.48286773    0.00011547    3   B-    45
    0    2    0   39   11   29    1731.13384983    0.00011547    3   B-    34
    1    1    0   12    4    8    1731.31698283    0.00012780    7   A+    42
    0    1    0   59    7   53    1731.40919360    0.00020000    1   C-    14
    0    1    0   61    4   58    1731.69456905    0.00014142    2   B-    10
    1    0    0   36   10   26    1731.76744640    0.00010493    4   B-    39
    1    1    0   10    5    5    1731.87394444    0.00011715    7   A+    33
    0    0    1   24   11   14    1731.94985162    0.00020000    1   C-    50
    0    2    0   45    5   41    1732.20758935    0.00020000    1   C-    25
    1    0    0   44    0   44    1732.61653161    0.00020159    2   B-    29
    1    1    0    7    6    2    1733.28356008    0.00011285    4   A-    22
    0    0    1   33    4   29    1733.40381043    0.00024843    2   B-    42
    0    1    0   51   15   37    1734.64593266    0.00011547    3   B-    20
    0    0    1   28    9   20    1734.77258560    0.00014142    2   B-    50
    1    0    0   26   15   11    1734.93264538    0.00010000    4   B-    46
    1    0    0   41    5   37    1735.13601391    0.00014819    5   B+    32
    0    1    0   56   11   45    1735.26149905    0.00014142    2   B-    17
    0    0    1   34    3   32    1735.76993597    0.00014142    2   B-    42
    1    0    0   19   17    3    1735.85551407    0.00014142    2   B-    48
    0    0    0   65   15   51    1736.16520048    0.00014142    2   C-     8
    1    0    0   31   13   19    1736.19182960    0.00011205    4   B-    46
    0    1    0   36   22   14    1736.42985007    0.00011547    3   B-    40
    0    1    0   29   24    6    1736.43878470    0.00014142    2   C-    43
    1    0    0   33   12   22    1736.78616387    0.00010237    4   B-    40
    1    1    0   14    3   11    1736.89542516    0.00015545    3   A-    41
    1    1    0   15    2   14    1737.09295435    0.00010801    6   A+    40
    1    0    0   23   16    8    1737.36422395    0.00015454    3   B-    45
    0    1    0   57   10   48    1737.43692889    0.00012449    3   B-    15
    0    2    0   22   18    4    1737.66866014    0.00014142    2   B-    52
    0    0    1   15   14    1    1738.05761673    0.00012979    3   B-    45
    1    1    0   16    0   16    1738.14993557    0.00010583    6   A+    49
    1    1    0    8    6    2    1738.35359790    0.00016888    3   A-    33
    1    1    0   11    5    7    1738.85117728    0.00010723    5   A+    38
    0    0    1   22   12   11    1739.12914560    0.00012818    3   B-    47
    0    0    1   19   13    6    1739.26913501    0.00014142    2   B-    45
    1    1    0   13    4   10    1739.57351109    0.00013542    4   A-    37
    0    1    0   39   21   19    1739.75484504    0.00011547    3   B-    35
    0    2    0   29   16   14    1739.79997749    0.00011547    3   B-    44
    0    2    0   36   13   23    1740.03611867    0.00014142    2   B-    37
    0    0    1   32    6   27    1740.19424700    0.00014142    2   B-    43
    0    0    1   31    7   24    1740.50590296    0.00014142    2   B-    42
    0    2    0   34   14   20    1740.54401585    0.00010000    4   B-    43
    0    2    0   43    8   36    1740.57142294    0.00010000    4   B-    27
    0    0    1   35    1   34    1740.63744162    0.00014142    2   B-    37
    0    2    0   46    3   43    1741.20202722    0.00014142    2   B-    24
    0    1    0   46   18   28    1741.26506742    0.00016072    2   B-    25
    1    0    0   29   14   16    1741.30363668    0.00010000    4   B-    45
    0    2    0   26   17    9    1741.64174542    0.00011547    3   B-    47
    0    2    0   42    9   33    1741.70521661    0.00014142    2   B-    29
    0    1    0   33   23   11    1741.73269538    0.00011547    3   B-    43
    0    1    0   63    2   62    1742.69457876    0.00014142    2   B-     9
    0    0    1   36    1   36    1742.98092916    0.00014142    2   B-    41
    1    0    0   35   11   25    1743.13319075    0.00010000    4   B-    40
    1    0    0   42    3   39    1743.47863626    0.00010000    4   B-    31
    0    1    0   54   13   41    1743.52130551    0.00011547    3   B-    18
    0    1    0   44   19   25    1743.71749190    0.00010000    4   B-    26
    1    1    0    9    6    4    1744.05828114    0.00011234    4   A-    28
    0    2    0   44    7   37    1744.08153258    0.00011356    4   B-    27
    0    1    0   64    0   64    1744.10674967    0.00011547    3   A-     9
    0    1    0   25   25    1    1744.16703767    0.00014142    2   C-    50
    0    1    0   48   17   31    1744.42957143    0.00014142    2   B-    21
    0    0    1   33    5   28    1744.81276466    0.00015792    2   B-    41
    0    1    0   60    5   55    1744.84477763    0.00014142    2   C-    12
    0    0    1   30    8   23    1744.88435576    0.00020000    1   C-    46
    1    1    0   16    1   15    1745.00649752    0.00012512    5   A+    43
    0    2    0   38   12   26    1745.38354018    0.00010000    4   B-    38
    1    0    0   39    8   32    1745.81696396    0.00010000    4   B-    32
    0    0    0   71    8   64    1745.89318512    0.00020000    1   C-     4
    1    1    0   15    3   13    1746.22434771    0.00011189    5   A+    46
    1    1    0   12    5    7    1746.46433217    0.00008938    8   A+    38
    0    2    0   32   15   17    1746.85591119    0.00012711    3   B-    44
    0    2    0   41   10   32    1747.10698913    0.00014142    2   B-    30
    1    0    0   40    7   33    1747.35015413    0.00012048    3   B-    33
    0    0    1   27   10   17    1747.65556075    0.00013071    3   B-    47
    0    0    1   25   11   14    1747.84592787    0.00020000    1   C-    45
    0    0    1   16   14    3    1748.23233244    0.00013441    3   B-    44
    1    1    0   14    4   10    1748.48142767    0.00009873    6   A+    47
    1    1    0   17    1   17    1748.48982300    0.00011176    5   A+    48
    1    0    0   38    9   29    1748.53309005    0.00011614    5   B+    36
    1    0    0   20   17    3    1748.56558563    0.00020000    1   C-    47
    0    2    0   47    3   45    1748.69446938    0.00020000    1   C-    24
    1    1    0   16    2   14    1749.80962221    0.00011485    4   A-    50
    1    1    0   10    6    4    1750.39748548    0.00010862    5   A+    39
    0    0    1   34    4   31    1750.61978079    0.00014142    2   B-    41
    0    2    0   45    6   40    1751.42040361    0.00012743    3   B-    25
    0    1    0   42   20   22    1751.74339975    0.00010000    4   B-    32
    0    0    1   20   13    8    1751.98564149    0.00016567    3   B-    52
    1    0    0   27   15   13    1752.08226144    0.00011649    4   B-    48
    1    0    0   43    3   41    1752.09221023    0.00014474    3   B-    29
    0    2    0   23   18    6    1752.34351401    0.00014142    2   B-    47
    1    0    0   24   16    8    1752.61139861    0.00015469    3   B-    52
    0    2    0   48    1   47    1752.65823278    0.00014142    2   B-    22
    1    0    0   41    6   36    1752.96730069    0.00012116    5   B+    31
    0    0    1   29    9   20    1753.22869041    0.00020000    1   C-    46
    0    1    0   50   16   34    1753.26097373    0.00014142    2   B-    22
    0    1    0   53   14   40    1753.70517941    0.00011547    3   B-    18
    0    0    1   23   12   11    1753.75217119    0.00013301    3   B-    50
    0    2    0   49    1   49    1753.82756659    0.00014142    2   B-    21
    1    1    0   13    5    9    1754.71460002    0.00012703    4   A-    43
    1    1    0    7    7    1    1755.15192585    0.00013546    4   A-    28
    0    1    0   59    8   52    1755.24597316    0.00013001    3   B-    13
    1    0    0   37   10   28    1755.29490933    0.00010663    4   B-    35
    0    1    0   30   24    6    1755.63157919    0.00014142    2   C-    48
    1    0    0   32   13   19    1756.51537941    0.00011414    4   B-    45
    0    2    0   40   11   29    1756.65089231    0.00014142    2   B-    34
    1    0    0   42    4   38    1756.70035954    0.00010230    4   B-    33
    1    1    0   16    3   13    1756.82618519    0.00009929    5   A+    45
    1    0    0   44    1   43    1756.90363081    0.00014142    2   B-    28
    0    0    0   63   17   47    1756.93299160    0.00020000    1   C-    10
    0    0    1   35    2   33    1757.12217001    0.00020000    1   C-    41
    1    1    0   11    6    6    1757.37158665    0.00009145    6   A+    34
    1    1    0   17    2   16    1757.69247268    0.00014071    5   A+    44
    1    1    0   15    4   12    1758.01138074    0.00012090    6   A+    41
    0    2    0   46    4   42    1758.13176205    0.00020000    1   C-    26
    1    0    0   34   12   22    1758.38366362    0.00010000    4   B-    44
    0    2    0   27   17   11    1758.86176286    0.00014142    2   B-    49
    0    2    0   30   16   14    1758.92762435    0.00010000    4   B-    49
    0    0    1   17   14    3    1759.04348548    0.00014142    2   B-    49
    1    0    0   45    1   45    1759.05016829    0.00017269    2   B-    26
    0    2    0   19   19    1    1759.10440013    0.00014142    2   B-    50
    1    1    0   18    0   18    1759.11173765    0.00010867    5   A+    51
    0    1    0   61    5   57    1759.83188909    0.00019314    2   B-    12
    0    1    0   37   22   16    1760.07288928    0.00011547    3   B-    36
    1    1    0    8    7    1    1760.22207534    0.00011227    5   A+    28
    1    0    0   30   14   16    1760.35684927    0.00010878    4   B-    50
    0    1    0   26   25    1    1760.81130548    0.00014142    2   C-    48
    0    0    1   32    7   26    1760.92800376    0.00014142    2   B-    46
    0    0    1   33    6   27    1761.39965443    0.00014142    2   B-    44
    1    0    0   21   17    5    1761.91105983    0.00014142    2   B-    50
    0    0    1   36    2   35    1762.48940889    0.00014142    2   B-    38
    0    2    0   35   14   22    1762.85342723    0.00010000    4   B-    38
    0    1    0   34   23   11    1763.47060502    0.00012200    3   B-    42
    1    1    0   14    5    9    1763.60251910    0.00010118    4   A-    43
    0    2    0   37   13   25    1763.62174495    0.00014142    2   B-    37
    0    0    1   26   11   16    1764.37900787    0.00020000    1   C-    51
    0    0    1   31    8   23    1764.63638140    0.00013332    3   B-    47
    0    0    1   37    0   37    1764.79797350    0.00014142    2   B-    38
    1    1    0   12    6    6    1764.98151821    0.00007478    8   A+    44
    0    1    0   40   21   19    1765.30132715    0.00014142    2   B-    35
    0    0    1   21   13    8    1765.33810064    0.00014142    2   B-    47
    0    0    1   28   10   19    1765.46614373    0.00014142    2   B-    46
    0    0    1   34    5   30    1765.70961133    0.00014142    2   B-    45
    1    1    0    9    7    3    1765.92643284    0.00013851    5   A+    34
    1    0    0   36   11   25    1766.01024287    0.00011547    3   B-    40
    1    0    0   42    5   37    1767.15478214    0.00016658    3   B-    32
    0    0    0   75    3   73    1767.17503500    0.00020000    1   C-     2
    1    1    0   17    3   15    1767.19557763    0.00010316    7   A+    50
    1    1    0   18    1   17    1767.33318994    0.00011036    4   A-    47
    0    2    0   24   18    6    1767.65590875    0.00014142    2   B-    54
    0    1    0   52   15   37    1767.81473749    0.00010000    4   B-    20
    0    2    0   33   15   19    1767.89207081    0.00011001    4   B-    45
    1    1    0   16    4   12    1768.21703778    0.00010597    6   A+    51
    1    0    0   25   16   10    1768.49419447    0.00010000    4   B-    47
    0    2    0   44    8   36    1768.78350800    0.00014142    2   B-    30
    0    0    1   24   12   13    1769.01205434    0.00020000    1   C-    49
    0    2    0   43    9   35    1769.19888260    0.00014142    2   B-    30
    0    0    1   35    3   32    1769.71321589    0.00014142    2   B-    39
    0    1    0   62    3   59    1769.85544054    0.00020000    1   C-    11
    1    0    0   28   15   13    1769.86720264    0.00011547    3   B-    47
    0    2    0   39   12   28    1770.25100410    0.00011547    3   B-    34
    0    2    0   46    5   41    1770.33035822    0.00014142    2   B-    25
    0    0    1   18   14    5    1770.49046908    0.00014142    2   B-    48
    1    1    0   19    1   19    1770.54474245    0.00014483    2   A-    51
    0    2    0   47    4   44    1771.17795160    0.00014142    2   B-    22
    0    1    0   47   18   30    1771.24900519    0.00014142    2   B-    23
    1    0    0   40    8   32    1771.33340197    0.00011299    4   B-    36
    1    0    0   43    4   40    1771.51917268    0.00011547    3   B-    28
    0    2    0   20   19    1    1771.87059999    0.00014142    2   B-    49
    1    1    0   10    7    3    1772.26497269    0.00013704    4   A-    34
    0    0    1   30    9   22    1772.32426365    0.00020000    1   C-    51
    0    1    0   45   19   27    1772.43356419    0.00016515    3   B-    27
    1    1    0   18    2   16    1772.76573328    0.00011291    5   A+    53
    0    2    0   45    7   39    1772.78626844    0.00020000    1   C-    28
    0    1    0   56   12   44    1773.11572399    0.00014142    2   C-    18
    1    1    0   15    5   11    1773.12786007    0.00010241    4   A-    48
    1    1    0   13    6    8    1773.22685458    0.00012202    5   A+    39
    1    0    0   39    9   31    1773.36302865    0.00010000    4   B-    36
    1    0    0   41    7   35    1773.50262036    0.00011142    4   B-    33
    0    2    0   42   10   32    1773.92509442    0.00014142    2   B-    34
    0    1    0   58   10   48    1774.61804606    0.00012811    3   B-    17
    0    1    0   31   24    8    1775.46312589    0.00014142    2   C-    44
    0    1    0   49   17   33    1775.68397423    0.00011547    3   B-    22
    1    0    0   22   17    5    1775.89205050    0.00012847    3   B-    49
    0    2    0   28   17   11    1776.71934979    0.00011547    3   B-    48
    0    1    0   63    3   61    1776.76893955    0.00020000    1   C-    11
    0    1    0   60    7   53    1776.81231545    0.00020000    1   C-    14
    1    0    0   33   13   21    1777.47467837    0.00011547    3   B-    46
    0    1    0   27   25    3    1778.09544871    0.00014142    2   B-    51
    0    2    0   48    2   46    1778.10641996    0.00014142    2   B-    24
    0    1    0   55   13   43    1778.63074215    0.00013328    3   B-    18
    0    2    0   31   16   16    1778.69266418    0.00010000    4   B-    45
    0    0    1   35    4   31    1778.77505094    0.00020000    1   C-    42
    1    1    0   17    4   14    1779.01270987    0.00011687    4   A-    45
    1    0    0   44    2   42    1779.06988228    0.00050326    2   B-    31
    0    1    0   43   20   24    1779.19301191    0.00011547    3   B-    29
    1    1    0   11    7    5    1779.23816589    0.00017645    3   A-    39
    0    0    1   22   13   10    1779.32688338    0.00014142    2   B-    54
    1    1    0   18    3   15    1779.44577986    0.00011730    3   A-    49
    1    0    0   38   10   28    1779.46177509    0.00011053    4   B-    39
    1    0    0   18   18    0    1779.95179323    0.00014142    2   B-    54
    0    0    1   36    3   34    1779.96995717    0.00020000    1   C-    42
    1    0    0   31   14   18    1780.04518613    0.00012762    4   B-    46
    1    0    0   35   12   24    1780.61759437    0.00011040    4   B-    40
    1    1    0   19    2   18    1780.71111343    0.00009690    6   A+    47
    0    1    0   64    1   63    1780.81891041    0.00020000    1   C-     9
    1    0    0   42    6   36    1780.98481851    0.00010000    4   B-    35
    0    0    1   27   11   16    1781.54847470    0.00020000    1   C-    46
    0    0    1   33    7   26    1782.00330178    0.00014142    2   B-    42
    0    2    0   49    2   48    1782.06001506    0.00020000    1   C-    21
    1    1    0   14    6    8    1782.10810000    0.00008686    7   A+    49
    1    1    0   20    0   20    1782.37944732    0.00011730    3   A-    53
    0    0    1   19   14    5    1782.57314820    0.00014142    2   B-    52
    0    2    0   41   11   31    1782.80830262    0.00012155    3   B-    34
    0    0    1   34    6   29    1783.07791516    0.00014142    2   B-    43
    0    2    0   50    0   50    1783.19738574    0.00014142    2   B-    23
    1    1    0   16    5   11    1783.29330700    0.00011833    5   A+    47
    0    2    0   46    6   40    1783.54161300    0.00017498    2   B-    28
    0    2    0   25   18    8    1783.60588214    0.00011547    3   B-    49
    0    0    1   29   10   19    1783.91459165    0.00014142    2   B-    48
    1    0    0   45    2   44    1783.92704041    0.00014142    2   B-    26
    0    1    0   38   22   16    1784.35291404    0.00014142    2   B-    40
    0    0    1   15   15    0    1784.43833981    0.00014142    2   B-    42
    0    0    1   37    1   36    1784.87700864    0.00014142    2   B-    37
    0    0    1   25   12   13    1784.90770936    0.00011547    3   B-    52
    1    0    0   26   16   10    1785.01228122    0.00011032    4   B-    53
    0    0    1   32    8   25    1785.03028576    0.00020000    1   C-    46
    0    2    0   21   19    3    1785.27485025    0.00014142    2   B-    52
    0    1    0   61    6   56    1785.37966331    0.00014142    2   B-    12
    1    1    0    8    8    0    1785.41868941    0.00010637    4   A-    34
    0    2    0   36   14   22    1785.80035223    0.00011547    3   B-    43
    0    1    0   35   23   13    1785.84724574    0.00014142    2   C-    43
    1    0    0   46    0   46    1786.06243299    0.00012901    3   B-    29
    1    1    0   12    7    5    1786.84662105    0.00010368    4   A-    39
    0    0    1   38    1   38    1787.19607393    0.00014142    2   B-    41
    0    2    0   38   13   25    1787.84570367    0.00020000    1   C-    37
    0    1    0   54   14   40    1788.15882320    0.00011726    4   B-    20
    1    0    0   29   15   15    1788.28721982    0.00011110    4   B-    49
    1    0    0   43    5   39    1789.34179647    0.00010551    4   B-    32
    1    0    0   37   11   27    1789.52529871    0.00010534    4   B-    40
    0    2    0   34   15   19    1789.56569215    0.00011547    3   B-    44
    0    0    1   35    5   30    1789.58192958    0.00014142    2   B-    41
    1    0    0   23   17    7    1790.50834369    0.00014142    2   B-    52
    1    1    0   18    4   14    1790.53916805    0.00021073    3   A-    55
    1    1    0   19    3   17    1790.69336930    0.00010640    6   A+    53
    1    1    0    9    8    2    1791.12335164    0.00010241    4   A-    29
    0    1    0   41   21   21    1791.48530011    0.00011547    3   B-    35
    0    2    0   47    5   43    1791.51996938    0.00020000    1   C-    25
    1    1    0   15    6   10    1791.62607481    0.00011023    5   A+    44
    1    1    0   20    1   19    1791.99778902    0.00009250    7   A+    50
    1    0    0   19   18    2    1792.03008413    0.00014142    2   B-    48
    0    0    1   31    9   22    1792.05986041    0.00020000    1   C-    47
    0    0    1   23   13   10    1793.95178397    0.00011547    3   B-    49
    1    1    0   17    5   13    1794.09650442    0.00014245    7   A+    52
    0    0    1   16   15    2    1794.61588981    0.00014142    2   B-    52
    1    1    0   21    1   21    1794.93080264    0.00013555    4   A-    53
    1    1    0   13    7    7    1795.08955174    0.00010118    4   A-    44
    0    2    0   29   17   13    1795.21447001    0.00010000    4   B-    50
    0    0    1   20   14    7    1795.29243375    0.00014142    2   B-    51
    0    1    0   60    8   52    1795.46107450    0.00020000    1   C-    15
    0    0    1   36    4   33    1795.70619509    0.00014142    2   B-    41
    0    2    0   40   12   28    1795.75764411    0.00014142    2   B-    38
    0    1    0   32   24    8    1795.93373501    0.00014142    2   C-    48
    0    1    0   28   25    3    1796.01898794    0.00014142    2   B-    49
    0    2    0   44    9   35    1797.33990316    0.00014142    2   B-    29
    1    1    0   10    8    2    1797.46197041    0.00011370    4   A-    40
    1    0    0   41    8   34    1797.48628515    0.00014142    2   B-    32
    0    2    0   45    8   38    1797.61045366    0.00011227    4   B-    27
    1    1    0   20    2   18    1798.31210625    0.00010822    5   A+    55
    1    0    0   44    3   41    1798.43234347    0.00011547    3   B-    31
    1    0    0   40    9   31    1798.83511068    0.00014142    2   B-    36
    1    0    0   34   13   21    1799.06966188    0.00011547    3   B-    45
    0    2    0   32   16   16    1799.09509158    0.00014142    2   B-    49
    0    2    0   22   19    3    1799.31692731    0.00014142    2   B-    51
    0    0    1   28   11   18    1799.35584793    0.00014142    2   B-    52
    0    2    0   26   18    8    1800.19377687    0.00011547    3   B-    55
    1    0    0   32   14   18    1800.36889127    0.00011934    4   B-    50
    1    0    0   42    7   35    1800.49597631    0.00014142    2   B-    33
    0    2    0   48    3   45    1800.88918223    0.00014142    2   B-    24
    0    2    0   43   10   34    1801.38590750    0.00014142    2   B-    30
    0    0    1   26   12   15    1801.44017313    0.00011547    3   B-    51
    0    1    0   53   15   39    1801.62132306    0.00023744    2   B-    20
    1    1    0   16    6   10    1801.78120461    0.00008887    6   A+    54
    0    1    0   46   19   27    1801.78690227    0.00010000    4   B-    26
    0    1    0   48   18   30    1801.86998894    0.00014142    2   B-    25
    1    0    0   27   16   12    1802.16524486    0.00011547    3   B-    48
    1    1    0   19    4   16    1802.58020957    0.00011922    3   A-    49
    0    0    1   37    2   35    1802.66071203    0.00014142    2   B-    41
    0    2    0   46    7   39    1802.72753639    0.00014142    2   B-    27
    0    0    1   30   10   21    1803.00119036    0.00011547    3   B-    47
    1    0    0   36   12   24    1803.48792509    0.00010415    4   B-    44
    0    0    1   34    7   28    1803.71388254    0.00014142    2   B-    46
    1    1    0   14    7    7    1803.96785009    0.00020127    5   A+    44
    1    0    0   39   10   30    1804.26757398    0.00010363    4   B-    35
    1    1    0   11    8    4    1804.43486413    0.00011972    4   A-    35
    1    0    0   20   18    2    1804.74455098    0.00019439    2   B-    56
    1    1    0   20    3   17    1804.78464960    0.00010118    4   A-    52
    0    0    1   17   15    2    1805.42982455    0.00014142    2   B-    46
    1    1    0   18    5   13    1805.54301399    0.00011283    5   A+    51
    0    0    1   35    6   29    1805.66347347    0.00014142    2   B-    44
    1    0    0   24   17    7    1805.75997212    0.00016909    3   B-    51
    0    0    1   33    8   25    1806.06731624    0.00014142    2   B-    47
    1    1    0   21    2   20    1806.12877301    0.00011476    4   A-    49
    1    0    0   45    3   43    1806.74076131    0.00010000    4   B-    29
    0    1    0   44   20   24    1807.27972801    0.00011547    3   B-    32
    1    0    0   30   15   15    1807.34297902    0.00011103    4   B-    48
    1    0    0   43    6   38    1807.42741991    0.00012357    4   B-    31
    0    1    0   50   17   33    1807.57524192    0.00014142    2   B-    21
    0    0    1   38    2   37    1807.87770718    0.00014142    2   B-    38
    1    1    0   22    0   22    1807.95753288    0.00009115    5   A+    55
    0    2    0   49    3   47    1808.14554902    0.00014142    2   B-    24
    0    0    1   21   14    7    1808.64772933    0.00014142    2   B-    54
    0    1    0   58   11   47    1808.82828917    0.00020000    1   C-    17
    0    1    0   36   23   13    1808.86165605    0.00014142    2   B-    42
    0    1    0   61    7   55    1809.12310882    0.00014142    2   C+    14
    0    0    1   24   13   12    1809.21257558    0.00015988    3   B-    56
    0    1    0   39   22   18    1809.27159707    0.00014142    2   B-    36
    0    2    0   37   14   24    1809.38517600    0.00011547    3   B-    38
    0    1    0   57   12   46    1809.53401951    0.00020000    1   C-    16
    0    2    0   42   11   31    1809.60620137    0.00010000    4   B-    34
    0    0    1   39    0   39    1810.17460922    0.00014142    2   B-    37
    0    0    1   36    5   32    1811.18993933    0.00014142    2   B-    45
    0    2    0   47    6   42    1811.20051794    0.00020000    1   C-    25
    1    0    0   46    1   45    1811.52639225    0.00014142    2   B-    28
    0    2    0   35   15   21    1811.87689037    0.00010000    4   B-    45
    0    2    0   50    1   49    1812.03842269    0.00014142    2   B-    22
    1    1    0   12    8    4    1812.04252907    0.00013660    5   A+    45
    0    1    0   59   10   50    1812.42678064    0.00014142    2   B-    15
    0    0    1   32    9   24    1812.43518562    0.00020000    1   C-    51
    1    1    0   17    6   12    1812.57389756    0.00009031    6   A+    48
    0    2    0   39   13   27    1812.70826672    0.00014142    2   B-    38
    0    2    0   51    1   51    1813.14583856    0.00020000    1   C-    21
    1    0    0   44    4   40    1813.27833203    0.00010760    4   B-    33
    1    1    0   15    7    9    1813.48250241    0.00009876    5   A+    49
    1    0    0   47    1   47    1813.65394413    0.00014142    2   B-    26
    1    0    0   38   11   27    1813.67760981    0.00012403    3   B-    40
    0    2    0   23   19    5    1813.99697115    0.00020000    1   C-    54
    0    2    0   30   17   13    1814.34689409    0.00010000    4   B-    49
    0    1    0   56   13   43    1814.37955014    0.00011547    3   B-    18
    0    1    0   29   25    5    1814.58172472    0.00014142    2   C-    52
    1    1    0   20    4   16    1815.47028600    0.00009776    5   A+    57
    1    1    0   21    3   19    1816.70071538    0.00011631    4   A-    55
    0    0    1   37    3   34    1816.82731474    0.00020000    1   C-    39
    0    0    1   18   15    4    1816.87986199    0.00014142    2   B-    56
    0    1    0   33   24   10    1817.04286674    0.00014142    2   C-    44
    0    2    0   27   18   10    1817.41925207    0.00014142    2   B-    50
    1    1    0   19    5   15    1817.62512402    0.00010118    4   A-    55
    0    0    1   29   11   18    1817.80011793    0.00014142    2   B-    48
    1    0    0   21   18    4    1818.09421433    0.00039044    2   B-    50
    0    1    0   42   21   21    1818.30631185    0.00011964    3   B-    35
    0    0    1   27   12   15    1818.60928768    0.00020000    1   C-    53
    0    1    0   52   16   36    1818.95376885    0.00014142    2   B-    22
    1    1    0   22    1   21    1818.96078261    0.00010568    6   A+    52
    0    1    0   65    2   64    1819.51942208    0.00020000    1   C-     9
    0    2    0   48    4   44    1819.55278204    0.00020000    1   C-    26
    1    1    0    9    9    1    1819.63210599    0.00012449    4   A-    35
    1    0    0   28   16   12    1819.95353187    0.00012631    4   B-    54
    0    2    0   33   16   18    1820.13484312    0.00010000    4   B-    45
    1    1    0   13    8    6    1820.28495563    0.00010224    5   A+    40
    0    1    0   66    0   66    1820.89671482    0.00014142    2   C-     9
    0    0    0   67   15   53    1821.04503048    0.00020000    1   C-     8
    1    0    0   35   13   23    1821.30051524    0.00013068    4   B-    46
    1    0    0   33   14   20    1821.32856236    0.00011354    4   B-    46
    1    1    0   23    1   23    1821.64344516    0.00014483    2   A-    55
    1    0    0   25   17    9    1821.64646766    0.00012307    3   B-    54
    0    2    0   41   12   30    1821.90353208    0.00011547    3   B-    34
    0    0    1   22   14    9    1822.63875933    0.00014142    2   B-    53
    0    0    1   31   10   21    1822.72646338    0.00013396    3   B-    48
    0    1    0   55   14   42    1823.25128200    0.00011419    4   B-    18
    1    1    0   16    7    9    1823.63255557    0.00010263    6   A+    48
    1    1    0   18    6   12    1824.00417603    0.00009511    6   A+    58
    1    0    0   44    5   39    1824.26572630    0.00014142    2   B-    32
    1    0    0   42    8   34    1824.29940731    0.00014142    2   B-    36
    1    0    0   41    9   33    1824.94885944    0.00010000    4   B-    36
    0    0    1   25   13   12    1825.11009401    0.00011547    3   B-    51
    1    1    0   10    9    1    1825.97143611    0.00011477    4   A-    35
    0    0    1   35    7   28    1826.08914791    0.00014142    2   B-    42
    0    2    0   45    9   37    1826.12523464    0.00011547    3   B-    30
    1    1    0   22    2   20    1826.39347515    0.00008433    7   A+    57
    0    0    1   38    3   36    1826.51379073    0.00014142    2   B-    42
    0    0    1   37    4   33    1826.77739849    0.00014142    2   B-    42
    1    0    0   37   12   26    1826.99479576    0.00010764    4   B-    40
    1    0    0   31   15   17    1827.03283534    0.00012092    3   B-    49
    0    2    0   46    8   38    1827.13990153    0.00011547    3   B-    30
    1    0    0   45    4   42    1827.30829530    0.00014142    2   B-    28
    0    0    1   34    8   27    1827.74656866    0.00016391    2   B-    46
    1    0    0   43    7   37    1827.88823564    0.00014996    4   B-    33
    0    0    1   36    6   31    1828.55745338    0.00014142    2   B-    43
    1    1    0   21    4   18    1828.71552939    0.00010656    6   A+    51
    0    0    1   19   15    4    1828.96613058    0.00012085    3   B-    50
    1    1    0   14    8    6    1829.16241308    0.00012324    4   A-    50
    0    2    0   24   19    5    1829.31491928    0.00014142    2   B-    53
    0    2    0   44   10   34    1829.48989882    0.00014142    2   B-    34
    1    0    0   40   10   30    1829.71316523    0.00015182    3   B-    39
    1    1    0   20    5   15    1830.35863911    0.00010241    4   A-    54
    0    0    1   39    1   38    1831.43338294    0.00014142    2   B-    37
    0    1    0   47   19   29    1831.77641885    0.00010000    4   B-    27
    1    0    0   22   18    4    1832.07913288    0.00014142    2   B-    58
    0    1    0   37   23   15    1832.51382964    0.00011316    4   B-    43
    0    2    0   47    7   41    1832.57492800    0.00012610    3   B-    28
    1    1    0   22    3   19    1832.85389119    0.00009115    5   A+    54
    0    2    0   48    5   43    1832.92598805    0.00020000    1   C-    25
    1    1    0   11    9    3    1832.94472320    0.00015130    2   A-    41
    0    1    0   49   18   32    1833.12733603    0.00014142    2   B-    23
    0    1    0   61    8   54    1833.16465556    0.00020000    1   C-    13
    0    0    1   33    9   24    1833.45055705    0.00014142    2   B-    47
    0    2    0   38   14   24    1833.60785810    0.00010000    4   B-    43
    0    0    1   40    1   40    1833.73286491    0.00014142    2   B-    40
    0    1    0   30   25    5    1833.78375602    0.00014142    2   B-    50
    1    1    0   23    2   22    1833.92626732    0.00010241    4   A-    51
    0    2    0   31   17   15    1834.11688083    0.00011547    3   B-    50
    1    1    0   17    7   11    1834.41892872    0.00011669    5   A+    53
    0    2    0   36   15   21    1834.82548635    0.00010811    4   B-    44
    0    1    0   40   22   18    1834.82704665    0.00014142    2   B-    41
    1    0    0   46    2   44    1834.89931957    0.00014142    2   B-    31
    0    2    0   28   18   10    1835.28210560    0.00020287    3   B-    56
    1    1    0   24    0   24    1835.84913007    0.00010241    4   A-    57
    0    1    0   45   20   26    1836.00321359    0.00012471    3   B-    29
    0    1    0   54   15   39    1836.06496802    0.00011547    3   B-    20
    1    1    0   19    6   14    1836.07297799    0.00012165    6   A+    52
    0    0    1   28   12   17    1836.41528303    0.00011547    3   B-    52
    0    2    0   20   20    0    1836.59087350    0.00018396    2   B-    58
    0    0    1   30   11   20    1836.88131754    0.00020000    1   C-    53
    0    2    0   43   11   33    1837.04500912    0.00014142    2   B-    34
    0    0    1   37    5   32    1837.13551824    0.00014142    2   B-    41
    0    0    1   23   14    9    1837.26640009    0.00011547    3   B-    56
    1    0    0   44    6   38    1837.36731675    0.00021211    2   B-    35
    0    1    0   63    5   59    1837.98071639    0.00020000    1   C-    12
    1    0    0   26   17    9    1838.16828769    0.00014142    2   B-    53
    0    2    0   40   13   27    1838.20903664    0.00014142    2   B-    37
    1    0    0   29   16   14    1838.37700372    0.00011547    3   B-    49
    1    0    0   39   11   29    1838.46855808    0.00011272    4   B-    40
    1    1    0   15    8    8    1838.67451882    0.00010507    5   A+    45
    0    2    0   50    2   48    1838.72517083    0.00014142    2   B-    24
    0    1    0   34   24   10    1838.78983117    0.00014142    2   C-    48
    1    0    0   47    2   46    1839.70655755    0.00014142    2   B-    26
    0    1    0   51   17   35    1840.10349695    0.00014142    2   B-    22
    1    1    0   12    9    3    1840.55317481    0.00013169    5   A+    41
    0    0    1   26   13   14    1841.64379534    0.00014142    2   B-    57
    0    0    1   20   15    6    1841.68833694    0.00012597    3   B-    59
    0    1    0   26   26    0    1841.76051768    0.00014142    2   C-    58
    0    2    0   34   16   18    1841.81203919    0.00011547    3   B-    49
    1    0    0   48    0   48    1841.82405875    0.00014849    2   B-    28
    0    2    0   51    2   50    1842.59698415    0.00020000    1   C-    21
    1    0    0   34   14   20    1842.92315812    0.00013272    4   B-    50
    1    1    0   22    4   18    1843.03846871    0.00011892    5   A+    59
    0    0    1   32   10   23    1843.09003326    0.00014142    2   B-    47
    0    0    1   38    4   35    1843.21752064    0.00014142    2   B-    41
    0    2    0   52    0   52    1843.67366365    0.00014142    2   B-    23
    1    1    0   21    5   17    1843.72065586    0.00011519    4   A-    57
    0    0    1   16   16    1    1844.06231218    0.00020000    1   C-    50
    1    0    0   36   13   23    1844.16720901    0.00010000    4   B-    45
    1    1    0   23    3   21    1845.19791317    0.00012382    4   A-    57
    0    2    0   25   19    7    1845.27070295    0.00014142    2   B-    56
    0    2    0   48    6   42    1845.74000860    0.00014142    2   B-    29
    0    1    0   43   21   23    1845.76427536    0.00011547    3   B-    35
    1    1    0   18    7   11    1845.84175642    0.00012605    5   A+    52
    1    0    0   45    5   41    1846.00032967    0.00025452    2   B-    32
    0    1    0   59   11   49    1846.57824789    0.00020000    1   C-    17
    0    1    0   58   12   46    1846.59478211    0.00020000    1   C-    18
    1    0    0   23   18    6    1846.69934787    0.00014142    2   B-    52
    1    0    0   32   15   17    1847.35860681    0.00011547    3   B-    48
    0    1    0   64    3   61    1847.93364107    0.00014142    2   B-    11
    1    1    0   24    1   23    1848.20396274    0.00009023    7   A+    54
    0    2    0   42   12   30    1848.68886589    0.00014142    2   B-    38
    1    1    0   20    6   14    1848.78091740    0.00013349    4   A-    61
    1    1    0   13    9    5    1848.79542933    0.00011128    4   A-    46
    1    1    0   16    8    8    1848.82273917    0.00008683    6   A+    55
    0    0    1   36    7   30    1849.08748809    0.00014142    2   B-    46
    0    2    0   21   20    2    1849.99966793    0.00051331    2   B-    52
    0    0    1   35    8   27    1850.06980324    0.00014142    2   B-    47
    0    0    1   39    2   37    1850.48126760    0.00014142    2   B-    41
    1    1    0   25    1   25    1850.67975389    0.00022696    2   A-    57
    0    1    0   57   13   45    1850.76893813    0.00014142    2   B-    18
    1    0    0   38   12   26    1851.13874547    0.00012863    3   B-    44
    1    0    0   19   19    1    1851.22297416    0.00014142    2   B-    56
    1    0    0   42    9   33    1851.70631824    0.00012082    4   B-    36
    1    0    0   43    8   36    1851.74043472    0.00011547    3   B-    32
    0    0    1   24   14   11    1852.52987492    0.00011547    3   B-    55
    0    0    1   37    6   31    1852.58471131    0.00014142    2   B-    44
    0    1    0   53   16   38    1852.75564031    0.00014142    2   B-    20
    0    2    0   29   18   12    1853.78271357    0.00014142    2   B-    51
    0    2    0   32   17   15    1854.52414147    0.00010000    4   B-    49
    0    0    1   29   12   17    1854.85763136    0.00011547    3   B-    54
    0    0    1   17   16    1    1854.87953614    0.00020000    1   C-    55
    0    0    1   21   15    6    1855.04688825    0.00012180    3   B-    53
    0    0    1   34    9   26    1855.10675113    0.00014142    2   B-    51
    0    1    1    1    0    1    1855.24414461    0.00020081    2   C-     8
    1    0    0   27   17   11    1855.32538481    0.00036027    2   B-    55
    0    2    0   46    9   37    1855.56047763    0.00020000    1   C-    29
    0    0    1   40    2   39    1855.58802438    0.00014142    2   B-    38
    1    0    0   46    3   43    1855.63026938    0.00014142    2   B-    30
    1    0    0   41   10   32    1855.79881110    0.00011547    3   B-    35
    1    0    0   44    7   37    1856.28269913    0.00011547    3   B-    33
    0    0    1   31   11   20    1856.60070791    0.00014142    2   B-    49
    0    1    0   38   23   15    1856.80379253    0.00010000    4   B-    42
    0    1    1    1    1    0    1856.93853767    0.00020000    1   C-     2
    1    1    0   24    2   22    1856.94854644    0.00012226    4   A-    59
    0    2    0   47    8   40    1857.25239968    0.00010000    4   B-    27
    1    1    0   23    4   20    1857.41654485    0.00010532    4   A-    53
    1    0    0   30   16   14    1857.43549131    0.00010000    4   B-    55
    1    1    0   14    9    5    1857.67267893    0.00021000    1   C-    46
    1    1    0   22    5   17    1857.75077447    0.00009834    5   A+    56
    1    1    0   10   10    0    1857.77528722    0.00011922    3   A-    41
    0    0    1   41    0   41    1857.87166492    0.00014142    2   B-    37
    1    1    0   19    7   13    1857.90155696    0.00010383    5   A+    57
    0    1    1    2    1    2    1858.10155062    0.00009868    4   A-    14
    0    1    1    3    0    3    1858.40657064    0.00013189    4   A-    15
    0    2    0   37   15   23    1858.41164930    0.00010650    4   B-    45
    0    2    0   39   14   26    1858.46826091    0.00011547    3   B-    38
    0    0    1   27   13   14    1858.81388354    0.00020000    1   C-    52
    0    1    0   56   14   42    1858.98246562    0.00011547    3   B-    20
    0    1    0   27   26    2    1859.05305430    0.00014142    2   C-    53
    0    0    1   38    5   34    1859.20852478    0.00014142    2   B-    45
    1    1    0   17    8   10    1859.60588342    0.00010022    5   A+    49
    0    1    0   67    1   67    1860.16021638    0.00020000    1   C-     9
    0    1    1    3    1    2    1860.23815205    0.00010240    6   A+     9
    0    1    0   41   22   20    1861.01957674    0.00014142    2   B-    36
    0    1    0   35   24   12    1861.17576445    0.00014142    2   C-    44
    0    2    0   26   19    7    1861.86410819    0.00018218    2   B-    55
    1    0    0   24   18    6    1861.95515694    0.00020896    2   B-    60
    1    1    0   21    6   16    1862.12845755    0.00010461    5   A+    55
    0    1    1    4    1    4    1862.35077299    0.00009691    5   A+    21
    0    1    0   48   19   29    1862.40271724    0.00010501    4   B-    26
    0    2    0   50    3   47    1862.84644640    0.00020000    1   C-    24
    0    1    1    2    2    1    1863.18513542    0.00014096    5   A+     8
    1    1    0   24    3   21    1863.64040858    0.00011508    5   A+    56
    1    0    0   47    3   45    1863.70547137    0.00027290    3   B-    29
    1    0    0   40   11   29    1863.89681282    0.00011547    3   B-    40
    1    0    0   20   19    1    1863.94061366    0.00014142    2   B-    55
    0    2    0   22   20    2    1864.04763875    0.00020000    1   C-    60
    0    1    1    5    0    5    1864.07282160    0.00012583    5   A+    22
    0    2    0   48    7   41    1864.07564177    0.00020000    1   C-    27
    1    1    0   25    2   24    1864.08742921    0.00014876    5   A+    53
    0    0    1   33   10   23    1864.09242383    0.00014142    2   B-    48
    0    2    0   35   16   20    1864.12653209    0.00011547    3   B-    45
    0    2    0   41   13   29    1864.34827731    0.00014142    2   B-    38
    1    0    0   45    6   40    1864.44682468    0.00011547    3   B-    31
    1    1    0   11   10    2    1864.74971091    0.00015897    3   A-    36
    0    1    0   50   18   32    1865.02120377    0.00020000    1   C-    25
    0    1    1    3    2    1    1865.09262318    0.00011547    3   A-    16
    0    2    0   44   11   33    1865.12551092    0.00020000    1   C-    34
    1    0    0   35   14   22    1865.15335821    0.00011547    3   B-    46
    0    1    0   46   20   26    1865.36287036    0.00013547    3   B-    32
    1    1    0   26    0   26    1866.05611912    0.00010604    4   A-    59
    0    1    1    5    1    4    1866.16963492    0.00009237    5   A+    16
    0    0    1   39    3   36    1866.20654806    0.00014142    2   B-    39
    0    0    1   18   16    3    1866.33303712    0.00014142    2   B-    54
    1    1    0   15    9    7    1867.18487987    0.00009298    6   A+    51
    0    1    1    4    2    3    1867.62030245    0.00010761    4   A-    15
    1    0    0   37   13   25    1867.67002107    0.00011119    4   B-    46
    1    0    0   33   15   19    1868.31957686    0.00012078    4   B-    49
    0    0    1   25   14   11    1868.42959194    0.00014142    2   B-    58
    1    0    0   48    1   47    1868.46356878    0.00020000    1   C-    28
    0    1    1    6    1    6    1869.01807652    0.00009060    5   A+    28
    0    0    1   22   15    8    1869.04132991    0.00014142    2   B-    61
    0    2    0   51    3   49    1869.91166697    0.00020000    1   C-    24
    1    0    0   49    1   49    1870.57299107    0.00014142    2   B-    26
    1    1    0   20    7   13    1870.59872241    0.00011663    4   A-    56
    0    1    1    5    2    3    1870.82909528    0.00011419    4   A-    23
    1    1    0   18    8   10    1871.02543212    0.00014142    2   B-    59
    0    1    0   55   15   41    1871.14686917    0.00014142    2   B-    20
    1    0    0   46    4   42    1872.15379210    0.00014142    2   B-    33
    0    1    1    7    0    7    1872.20109447    0.00008849    5   A+    29
    1    1    0   12   10    2    1872.35843500    0.00011730    3   A-    47
    1    1    0   23    5   19    1872.38787822    0.00010568    5   A+    59
    0    0    1   37    7   30    1872.77172214    0.00014142    2   B-    42
    0    2    0   30   18   12    1872.92081925    0.00011547    3   B-    57
    0    0    1   36    8   29    1873.03590049    0.00020000    1   C-    46
    1    0    0   28   17   11    1873.11777525    0.00011547    3   B-    54
    0    1    0   52   17   35    1873.26736354    0.00020000    1   C-    21
    1    1    0   24    4   20    1873.28079349    0.00014176    3   A-    61
    0    1    1    3    3    0    1873.42539577    0.00012317    4   A-    10
    0    2    0   49    6   44    1873.51187767    0.00014142    2   B-    25
    0    2    0   52    1   51    1873.73355775    0.00020000    1   C-    22
    0    1    0   44   21   23    1873.85882610    0.00014142    2   B-    35
    0    0    1   30   12   19    1873.93712063    0.00020000    1   C-    53
    0    1    0   32   25    7    1874.10311758    0.00014142    2   C-    52
    0    1    1    6    2    5    1874.58280474    0.00010625    6   A+    22
    0    1    1    7    1    6    1874.72057012    0.00009676    5   A+    23
    0    2    0   53    1   53    1874.77994448    0.00014142    2   B-    21
    0    0    1   40    3   38    1875.39208743    0.00014142    2   B-    42
    0    1    0   62    8   54    1875.46145314    0.00020000    1   C-    15
    0    2    0   33   17   17    1875.56871354    0.00010000    4   B-    51
    1    0    0   39   12   28    1875.91937958    0.00010667    4   B-    40
    0    1    1    4    3    2    1875.96277971    0.00009834    6   A+    22
    0    2    0   43   12   32    1876.11387015    0.00020000    1   C-    34
    1    1    0   22    6   16    1876.11651513    0.00008836    6   A+    63
    1    1    0   25    3   23    1876.16276385    0.00010937    5   A+    59
    0    0    1   28   13   16    1876.61981442    0.00011547    3   B-    58
    0    0    1   38    6   33    1876.63164712    0.00014142    2   B-    43
    0    0    1   32   11   22    1876.95741397    0.00015743    2   B-    53
    0    1    0   28   26    2    1876.98524473    0.00014142    2   C-    59
    1    0    0   31   16   16    1877.12909629    0.00014142    2   B-    50
    1    0    0   21   19    3    1877.29461889    0.00014142    2   B-    58
    1    1    0   16    9    7    1877.33164505    0.00010631    6   A+    51
    0    0    1   39    4   35    1877.33722576    0.00014142    2   B-    42
    0    0    1   35    9   26    1877.40383512    0.00014142    2   B-    47
    1    0    0   25   18    8    1877.84636136    0.00014142    2   B-    54
    0    1    1    8    1    8    1878.09222006    0.00008804    6   A+    35
    0    0    1   19   16    3    1878.42260699    0.00028375    2   B-    59
    0    2    0   23   20    4    1878.73345481    0.00014142    2   B-    54
    0    2    0   27   19    9    1879.09556374    0.00014142    2   B-    57
    1    0    0   43    9   35    1879.10556486    0.00012572    3   B-    36
    0    1    1    5    3    2    1879.13633619    0.00012601    5   A+    17
    0    1    1    7    2    5    1879.16202446    0.00010685    5   A+    30
    1    1    0   26    1   25    1879.72506834    0.00010118    4   A-    56
    1    0    0   44    8   36    1879.85742929    0.00014704    3   B-    36
    0    0    1   41    1   40    1880.30808792    0.00014142    2   B-    37
    1    1    0   13   10    4    1880.60158799    0.00009404    6   A+    42
    0    1    0   39   23   17    1881.73142945    0.00014142    2   B-    43
    1    1    0   27    1   27    1882.03758875    0.00015383    3   A-    58
    1    0    0   42   10   32    1882.52454126    0.00011547    3   B-    39
    0    0    1   42    1   42    1882.59049698    0.00014142    2   B-    40
    0    2    0   38   15   23    1882.63505775    0.00012226    4   B-    44
    0    1    1    9    0    9    1882.73786897    0.00009623    5   A+    36
    0    1    1    6    3    4    1882.94439674    0.00009375    5   A+    29
    1    1    0   19    8   12    1883.08007762    0.00011592    6   A+    53
    0    2    0   50    4   46    1883.19302008    0.00014142    2   B-    26
    0    0    1   23   15    8    1883.67204164    0.00011547    3   B-    55
    1    1    0   21    7   15    1883.93396697    0.00010118    4   A-    59
    0    2    0   40   14   26    1883.96668927    0.00010000    4   B-    43
    1    0    0   46    5   41    1884.01860297    0.00012000    4   B-    32
    0    1    1    8    2    7    1884.06373030    0.00007445    7   A+    29
    0    1    0   36   24   12    1884.19983348    0.00014142    2   C-    48
    0    1    0   59   12   48    1884.29730193    0.00014142    2   C-    16
    1    0    0   45    7   39    1884.87161975    0.00011547    3   B-    33
    0    0    1   26   14   13    1884.96545126    0.00014142    2   B-    57
    0    1    0   60   11   49    1884.97597348    0.00020000    1   C-    17
    1    0    0   47    4   44    1885.43741475    0.00020000    1   C-    28
    0    2    0   47    9   39    1885.63874786    0.00020000    1   C-    30
    0    0    1   34   10   25    1885.73409892    0.00020000    1   C-    47
    0    1    1    9    1    8    1885.87122904    0.00008458    6   A+    30
    0    2    0   36   16   20    1887.07818297    0.00011547    3   B-    49
    0    1    0   54   16   38    1887.19497093    0.00020000    1   C-    22
    0    1    1    7    3    4    1887.39375242    0.00008866    7   A+    24
    0    0    1   39    5   34    1887.48158409    0.00014142    2   B-    41
    0    1    1    4    4    1    1887.62674655    0.00008849    5   A+    16
    0    2    0   46   10   36    1887.62784913    0.00014142    2   B-    34
    1    1    0   24    5   19    1887.73029141    0.00016097    3   A-    58
    0    1    0   58   13   45    1887.79888030    0.00020000    1   C-    18
    0    1    0   42   22   20    1887.84954492    0.00014142    2   B-    41
    1    0    0   36   14   22    1888.01904126    0.00012404    4   B-    50
    1    1    0   17    9    9    1888.11383820    0.00013398    4   A-    56
    0    2    0   48    8   40    1888.11537736    0.00011547    3   B-    30
    1    1    0   25    4   22    1888.67603962    0.00011565    6   A+    55
    0    1    0   63    7   57    1889.29658536    0.00014142    2   C+    14
    1    1    0   14   10    4    1889.47954645    0.00011393    4   A-    52
    0    1    1   10    1   10    1889.55900926    0.00009618    5   A+    42
    1    1    0   26    2   24    1889.90934797    0.00011068    4   A-    61
    1    0    0   34   15   19    1889.91567627    0.00011626    4   B-    48
    1    0    0   41   11   31    1889.96345438    0.00012186    4   B-    40
    0    1    0   61   10   52    1890.01593869    0.00020000    1   C-    15
    0    1    1    9    2    7    1890.13237087    0.00013159    4   A-    37
    1    1    0   23    6   18    1890.74435029    0.00012205    4   A-    57
    0    1    1    5    4    1    1890.79848907    0.00011636    6   A+    24
    0    2    0   42   13   29    1891.12614894    0.00014142    2   B-    37
    0    0    1   20   16    5    1891.14878420    0.00012932    3   B-    58
    1    0    0   22   19    3    1891.28385699    0.00014142    2   B-    57
    1    0    0   29   17   13    1891.54490437    0.00014142    2   B-    56
    1    0    0   38   13   25    1891.80898116    0.00010000    4   B-    45
    0    1    1    8    3    6    1892.47245239    0.00008092    6   A+    36
    0    2    0   31   18   14    1892.69616422    0.00011547    3   B-    52
    1    0    0   48    2   46    1893.03530156    0.00011547    3   B-    31
    0    0    1   40    4   37    1893.13025593    0.00014142    2   B-    41
    0    0    1   31   12   19    1893.65355552    0.00011547    3   B-    55
    0    1    0   49   19   31    1893.66516740    0.00012010    4   B-    27
    0    2    0   45   11   35    1893.84667614    0.00020000    1   C-    34
    0    2    0   24   20    4    1894.05690238    0.00033617    2   B-    62
    1    0    0   26   18    8    1894.37278016    0.00014142    2   B-    62
    0    1    1    6    4    3    1894.60530811    0.00010525    7   A+    23
    0    1    0   66    2   64    1894.66540258    0.00020000    1   C-    11
    0    2    0   49    7   43    1894.96652007    0.00020000    1   C-    28
    0    0    1   29   13   16    1895.06264342    0.00013143    3   B-    53
    0    1    0   33   25    9    1895.22144151    0.00014142    2   C-    53
    0    1    0   57   14   44    1895.35226399    0.00020000    1   C-    18
    0    1    0   47   20   28    1895.35901959    0.00014142    2   C-    29
    0    1    0   29   26    4    1895.55668481    0.00014142    2   C-    54
    0    1    1   11    0   11    1895.63254613    0.00008763    6   A+    42
    1    1    0   20    8   12    1895.77159134    0.00015091    3   A-    62
    0    1    1   10    2    9    1896.05014380    0.00007833    7   A+    36
    1    0    0   46    6   40    1896.54909337    0.00014142    2   B-    35
    1    1    0   27    2   26    1896.59850636    0.00012644    4   A-    55
    0    0    1   37    8   29    1896.64857971    0.00014142    2   B-    47
    0    2    0   28   19    9    1896.96452701    0.00014142    2   B-    56
    0    0    1   38    7   32    1897.05320965    0.00014142    2   B-    46
    1    1    0   26    3   23    1897.10905223    0.00012787    3   A-    58
    0    2    0   34   17   17    1897.25037873    0.00010000    4   B-    49
    1    0    0   32   16   16    1897.45759820    0.00014508    3   B-    55
    0    1    0   51   18   34    1897.55151742    0.00020000    1   C-    23
    1    0    0   49    2   48    1897.80064446    0.00015133    3   B-    26
    1    1    0   22    7   15    1897.90707348    0.00011158    4   A-    58
    0    0    1   33   11   22    1897.95224345    0.00014142    2   B-    49
    0    1    1    9    3    6    1898.20895047    0.00010502    6   A+    31
    1    1    0   28    0   28    1898.57964910    0.00013566    4   A-    60
    0    1    0   67    2   66    1898.65583873    0.00020000    1   C-     9
    0    0    1   24   15   10    1898.93859442    0.00011547    3   B-    63
    1    1    0   15   10    6    1898.99218352    0.00011496    4   A-    47
    0    1    1    7    4    3    1899.04841822    0.00010245    6   A+    31
    1    1    0   18    9    9    1899.53113424    0.00010305    5   A+    55
    0    1    1   11    1   10    1899.59311637    0.00009204    6   A+    37
    1    1    0   11   11    1    1899.83018296    0.00014483    2   A-    43
    1    0    0   50    0   50    1899.90051479    0.00021000    1   C-    28
    0    1    0   68    0   68    1899.99803108    0.00020000    1   C-     9
    0    0    1   36    9   28    1900.34223717    0.00014142    2   B-    51
    0    0    1   41    2   39    1900.59351009    0.00020000    1   C-    41
    1    0    0   40   12   28    1901.33697059    0.00012384    4   B-    44
    0    0    1   27   14   13    1902.13766250    0.00014142    2   B-    59
    0    0    1   39    6   33    1902.19352980    0.00014142    2   B-    44
    0    1    0   45   21   25    1902.59070547    0.00020000    1   C-    35
    0    1    1   12    1   12    1903.40363290    0.00011639    5   A+    48
    1    1    0   25    5   21    1903.63248660    0.00009515    6   A+    61
    0    1    1   11    2    9    1903.77617687    0.00009674    5   A+    44
    0    1    1    8    4    5    1904.12747339    0.00007081    8   A+    30
    0    2    0   44   12   32    1904.17834007    0.00014142    2   B-    38
    0    0    1   21   16    5    1904.51085090    0.00011547    3   B-    61
    0    1    1   10    3    8    1904.55042097    0.00007445    7   A+    43
    1    0    0   47    5   43    1905.08483588    0.00012556    3   B-    32
    0    2    0   53    2   52    1905.44943415    0.00020000    1   C-    21
    0    0    1   42    2   41    1905.61837013    0.00020000    1   C-    38
    0    1    1    5    5    0    1905.78322797    0.00012466    4   A-    18
    1    0    0   23   19    5    1905.90880616    0.00014142    2   B-    60
    1    1    0   24    6   18    1906.01673227    0.00009026    7   A+    65
    1    1    0   26    4   22    1906.23475593    0.00009943    5   A+    63
    0    2    0   54    0   54    1906.46536683    0.00020000    1   C-    23
    0    1    0   56   15   41    1906.86605408    0.00020000    1   C-    20
    0    1    0   53   17   37    1907.06853250    0.00020000    1   C-    22
    1    0    0   44    9   35    1907.15010235    0.00014142    2   B-    36
    0    1    0   40   23   17    1907.29656084    0.00011547    3   B-    42
    0    0    1   17   17    0    1907.36661776    0.00020000    1   C-    51
    1    1    0   12   11    1    1907.43992046    0.00010241    4   A-    42
    0    2    0   39   15   25    1907.49619258    0.00010000    4   B-    45
    0    1    0   37   24   14    1907.86153044    0.00014142    2   C-    44
    0    0    1   43    0   43    1907.88940433    0.00014142    2   B-    37
    0    0    1   35   10   25    1908.01509778    0.00014142    2   B-    48
    1    0    0   45    8   38    1908.58380087    0.00013393    3   B-    32
    1    1    0   21    8   14    1909.09942623    0.00016207    3   A-    56
    1    1    0   16   10    6    1909.13941776    0.00012736    5   A+    57
    1    1    0   27    3   25    1909.57199131    0.00010644    5   A+    60
    0    1    1    6    5    2    1909.58926868    0.00008497    7   A+    30
    0    0    1   40    5   36    1909.74252062    0.00014142    2   B-    45
    0    1    1    9    4    5    1909.84342073    0.00008764    6   A+    38
    1    0    0   43   10   34    1909.89077637    0.00014377    3   B-    35
    0    2    0   25   20    6    1910.01890069    0.00014142    2   B-    56
    0    2    0   41   14   28    1910.10288876    0.00014142    2   B-    38
    0    1    1   12    2   11    1910.52665586    0.00009713    6   A+    43
    1    0    0   30   17   13    1910.60722583    0.00014142    2   B-    55
    0    2    0   37   16   22    1910.66721883    0.00014142    2   B-    45
    0    2    0   50    6   44    1910.75191312    0.00020000    1   C-    29
    0    1    1   13    0   13    1910.84873384    0.00010000    4   A-    48
    1    0    0   37   14   24    1911.51992227    0.00013558    3   B-    46
    1    0    0   27   18   10    1911.53454946    0.00020000    1   C-    56
    1    1    0   19    9   11    1911.58362454    0.00010028    5   A+    60
    0    1    1   11    3    8    1911.60014814    0.00009761    5   A+    38
    1    0    0   35   15   21    1912.14685968    0.00014142    2   B-    49
    1    1    0   23    7   17    1912.51889503    0.00010939    4   A-    61
    0    2    0   32   18   14    1913.10912872    0.00014142    2   B-    57
    1    1    0   28    1   27    1913.52930079    0.00011922    3   A-    57
    0    0    1   32   12   21    1914.00709624    0.00011547    3   B-    54
    0    1    1    7    5    2    1914.03076283    0.00008717    8   A+    25
    0    0    1   30   13   18    1914.14213269    0.00011547    3   B-    59
    1    0    0   46    7   39    1914.73511097    0.00011547    3   B-    33
    0    1    0   30   26    4    1914.76681409    0.00014142    2   C-    60
    0    0    1   25   15   10    1914.84180532    0.00011547    3   B-    57
    1    0    0   48    3   45    1915.08635726    0.00014142    3   B-    29
    0    1    0   43   22   22    1915.31682982    0.00020000    1   C-    36
    0    2    0   29   19   11    1915.47121521    0.00020000    1   C-    58
    1    1    0   13   11    3    1915.68451772    0.00014593    3   A-    49
    1    1    0   29    1   29    1915.71520866    0.00014483    2   A-    59
    0    1    1   13    1   12    1915.84581672    0.00008022    6   A+    43
    0    1    1   10    4    7    1916.19619269    0.00010374    6   A+    37
    1    0    0   39   13   27    1916.58366320    0.00014142    2   B-    46
    1    0    0   42   11   31    1916.66845105    0.00014142    2   B-    40
    0    1    0   34   25    9    1916.97838776    0.00014142    2   C-    52
    0    2    0   21   21    1    1917.77180518    0.00014142    2   B-    62
    0    0    1   41    3   38    1917.82584091    0.00014142    2   B-    39
    1    0    0   33   16   18    1918.42118708    0.00020000    1   C-    50
    0    1    0   65    5   61    1918.43614968    0.00020000    1   C-    12
    0    0    1   22   16    7    1918.50905872    0.00014142    2   B-    60
    0    2    0   43   13   31    1918.54254334    0.00014142    2   B-    38
    0    0    1   18   17    2    1918.82372526    0.00011547    3   B-    61
    0    1    1    8    5    4    1919.10773055    0.00008194    8   A+    37
    0    1    1   12    3   10    1919.18064566    0.00010008    6   A+    49
    0    2    0   49    8   42    1919.50138003    0.00011547    3   B-    27
    0    2    0   35   17   19    1919.56947861    0.00010000    4   B-    51
    0    0    1   34   11   24    1919.58510175    0.00014142    2   B-    53
    0    1    1   14    1   14    1919.61309150    0.00008705    6   A+    53
    1    1    0   17   10    8    1919.92147637    0.00010752    6   A+    52
    0    0    1   28   14   15    1919.94579154    0.00012651    3   B-    58
    0    1    1   13    2   11    1920.11013993    0.00009744    5   A+    50
    1    1    0   26    5   21    1920.31375153    0.00013324    5   A+    60
    0    0    1   38    8   31    1920.90331305    0.00014142    2   B-    46
    1    0    0   24   19    5    1921.16956949    0.00014142    2   B-    59
    1    1    0   25    6   20    1921.92689702    0.00010118    4   A-    59
    0    0    1   39    7   32    1922.06172779    0.00014142    2   B-    42
    1    1    0   27    4   24    1922.48303962    0.00010241    4   A-    57
    0    1    0   60   12   48    1922.64413930    0.00020000    1   C-    18
    1    0    0   49    3   47    1922.98428266    0.00020000    1   C-    29
    1    1    0   22    8   14    1923.06436146    0.00012314    4   A-    64
    0    1    1   11    4    7    1923.18900358    0.00010509    6   A+    45
    0    2    0   46   11   35    1923.20932294    0.00020000    1   C-    34
    0    0    1   37    9   28    1923.92225331    0.00020000    1   C-    47
    1    0    0   47    6   42    1924.00627619    0.00011547    3   B-    31
    1    1    0   20    9   11    1924.27227802    0.00009369    6   A+    59
    1    1    0   14   11    3    1924.56330037    0.00011574    5   A+    48
    0    1    1    9    5    4    1924.82046356    0.00009175    6   A+    32
    1    1    0   28    2   26    1925.21254377    0.00011539    4   A-    62
    0    1    0   59   13   47    1925.46847597    0.00020000    1   C-    18
    0    1    0   50   19   31    1925.56410956    0.00011547    3   B-    26
    0    1    0   48   20   28    1925.99304345    0.00014142    2   C-    32
    1    0    0   20   20    0    1926.12406236    0.00020000    1   C-    64
    0    0    1   42    3   40    1926.59800349    0.00014142    2   B-    42
    0    2    0   26   20    6    1926.61869645    0.00014142    2   B-    64
    0    2    0   52    3   49    1927.08402914    0.00020000    1   C-    24
    0    0    1   40    6   35    1927.29602836    0.00020000    1   C-    43
    1    0    0   41   12   30    1927.39182245    0.00016955    3   B-    40
    0    1    1   14    2   13    1927.47513574    0.00008691    6   A+    49
    0    1    1   13    3   10    1927.59255720    0.00009250    6   A+    44
    1    0    0   50    1   49    1927.71439734    0.00020000    1   C-    27
    1    1    0   24    7   17    1927.76943803    0.00011477    5   A+    60
    0    1    1    6    6    1    1927.88480041    0.00011344    3   A-    24
    0    2    0   50    7   43    1928.16170362    0.00020000    1   C-    28
    0    1    0   66    3   63    1928.31701148    0.00020000    1   C-    11
    0    1    1   15    0   15    1928.37055685    0.00008540    6   A+    53
    1    0    0   28   18   10    1929.33124280    0.00014142    2   B-    63
    1    0    0   51    1   51    1929.80629041    0.00020000    1   C-    26
    0    1    0   62   10   52    1929.82225154    0.00020000    1   C-    17
    0    0    1   41    4   37    1930.37486857    0.00014142    2   B-    42
    0    1    0   52   18   34    1930.71836351    0.00020000    1   C-    25
    0    1    1   12    4    9    1930.81779657    0.00008594    6   A+    44
    0    0    1   19   17    2    1930.91739703    0.00011547    3   B-    55
    0    0    1   36   10   27    1930.93532285    0.00020000    1   C-    47
    0    1    1   10    5    6    1931.16935407    0.00008224    7   A+    44
    1    1    0   18   10    8    1931.33854425    0.00017214    3   A-    62
    0    0    1   26   15   12    1931.38041744    0.00014142    2   B-    65
    1    1    0   29    2   28    1931.44889651    0.00011651    4   A-    56
    0    0    1   43    1   42    1931.50070291    0.00014142    2   B-    37
    0    2    0   22   21    1    1931.82548054    0.00014142    2   B-    61
    0    1    0   46   21   25    1931.95907484    0.00014142    2   B-    35
    0    1    0   38   24   14    1932.16154792    0.00014142    2   C-    48
    0    1    1    7    6    1    1932.32631953    0.00010704    6   A+    32
    0    1    0   58   14   44    1932.36077715    0.00014142    2   B-    20
    0    2    0   45   12   34    1932.88309324    0.00020000    1   C-    34
    0    2    0   40   15   25    1932.99458511    0.00013071    3   B-    44
    0    0    1   23   16    7    1933.14375858    0.00011547    3   B-    63
    1    1    0   28    3   25    1933.20829016    0.00014652    3   B-    59
    1    0    0   48    4   44    1933.27422473    0.00015868    3   B-    33
    1    1    0   30    0   30    1933.41994688    0.00020000    1   C-    61
    0    1    0   41   23   19    1933.49918794    0.00014142    2   C-    43
    0    0    1   44    1   44    1933.76784611    0.00020512    2   B-    39
    0    0    1   31   13   18    1933.85810176    0.00014142    2   B-    54
    1    1    0   15   11    5    1934.07689290    0.00013820    4   A-    54
    0    2    0   33   18   16    1934.15919198    0.00014142    2   B-    52
    0    1    1   15    1   14    1934.57790544    0.00010545    5   A+    48
    0    2    0   30   19   11    1934.61521965    0.00020000    1   C-    57
    0    1    0   31   26    6    1934.61755470    0.00014142    2   C-    55
    0    2    0   38   16   22    1934.89323924    0.00011547    3   B-    49
    0    0    1   33   12   21    1934.99755799    0.00011547    3   B-    55
    1    0    0   36   15   21    1935.01296315    0.00010990    4   B-    48
    1    0    0   38   14   24    1935.65667805    0.00014142    2   B-    50
    1    0    0   45    9   37    1935.83652016    0.00020000    1   C-    36
    0    1    1   14    3   12    1936.36218525    0.00009130    8   A+    54
    0    2    0   42   14   28    1936.87696342    0.00020000    1   C-    43
    1    0    0   25   19    7    1937.06541210    0.00014142    2   B-    62
    0    1    1    8    6    3    1937.40232042    0.00007996    8   A+    31
    1    1    0   27    5   23    1937.45798707    0.00014142    2   B-    62
    1    1    0   21    9   13    1937.59607853    0.00011578    4   A-    63
    1    1    0   23    8   16    1937.66640049    0.00011472    5   A+    58
    1    0    0   44   10   34    1937.89760750    0.00014142    2   B-    40
    1    0    0   46    8   38    1938.01521550    0.00014142    2   B-    36
    0    1    1   11    5    6    1938.15509418    0.00007502    7   A+    39
    0    1    1   16    1   16    1938.17520648    0.00009868    4   A-    58
    0    2    0   51    6   46    1938.32888312    0.00020000    1   C-    25
    0    0    1   29   14   15    1938.39029171    0.00011547    3   B-    60
    1    1    0   26    6   20    1938.48691959    0.00010095    5   A+    67
    0    1    0   68    1   67    1939.09074225    0.00020000    1   C-     9
    0    1    1   13    4    9    1939.09270389    0.00011532    4   A-    51
    0    1    1   15    2   13    1939.12677075    0.00009203    5   A+    55
    0    1    0   35   25   11    1939.37450566    0.00014142    2   C-    53
    1    0    0   21   20    2    1939.48365751    0.00020000    1   C-    58
    1    0    0   34   16   18    1940.01977013    0.00020000    1   C-    55
    0    0    1   41    5   36    1940.60242361    0.00014142    2   B-    41
    0    1    0   54   17   37    1941.50563969    0.00020000    1   C-    22
    0    0    1   35   11   24    1941.85590014    0.00014142    2   B-    49
    1    1    0   28    4   24    1941.93482395    0.00012514    4   A-    64
    1    0    0   40   13   27    1941.99440497    0.00014142    2   B-    45
    0    2    0   36   17   19    1942.52576615    0.00014142    2   B-    49
    0    1    0   27   27    1    1942.80668767    0.00014142    2   C-    63
    0    1    1    9    6    3    1943.11388968    0.00012556    6   A+    39
    0    1    0   57   15   43    1943.22317408    0.00020000    1   C-    20
    1    1    0   19   10   10    1943.39060140    0.00011076    5   A+    56
    0    0    1   20   17    4    1943.64766073    0.00014142    2   B-    65
    1    1    0   25    7   19    1943.65968802    0.00009977    5   A+    63
    0    2    0   27   20    8    1943.85618501    0.00014142    2   B-    58
    1    0    0   43   11   33    1944.01259335    0.00012056    3   B-    40
    1    1    0   16   11    5    1944.22492343    0.00010794    5   A+    53
    1    0    0   47    7   41    1944.45159547    0.00014142    2   B-    33
    1    1    0   29    3   27    1945.40079199    0.00012251    4   A-    61
    0    0    1   42    4   39    1945.42349133    0.00014142    2   B-    41
    1    1    0   12   12    0    1945.77583308    0.00012837    3   A-    51
    0    1    1   12    5    8    1945.77757370    0.00008036    7   A+    50
    0    0    1   39    8   31    1945.80834863    0.00014142    2   B-    47
    1    0    0   49    4   46    1945.89651249    0.00020000    1   C-    28
    0    1    1   15    3   12    1946.22117127    0.00008849    5   A+    49
    1    0    0   48    5   43    1946.33472533    0.00014142    2   B-    32
    0    2    0   23   21    3    1946.51728014    0.00014142    2   B-    64
    0    2    0   44   13   31    1946.59789412    0.00014142    2   B-    37
    0    1    1   16    2   15    1946.87571901    0.00009538    5   A+    54
    0    0    1   40    7   34    1947.61565169    0.00014142    2   B-    46
    0    2    0   49    9   41    1947.74309071    0.00020000    1   C-    30
    1    0    0   29   18   12    1947.76370590    0.00020000    1   C-    57
    0    1    1   14    4   11    1947.99756863    0.00010236    6   A+    50
    0    0    1   38    9   30    1948.14451159    0.00014142    2   B-    51
    0    1    1   17    0   17    1948.19497082    0.00009404    5   A+    58
    0    2    0   48   10   38    1948.34199069    0.00020000    1   C-    34
    0    0    1   24   16    9    1948.41451569    0.00011547    3   B-    62
    0    0    1   27   15   12    1948.55575342    0.00015545    3   B-    59
    0    1    1   10    6    5    1949.46113586    0.00007369    8   A+    38
    1    1    0   30    1   29    1949.62498162    0.00010469    5   A+    58
    1    0    0   32   17   15    1950.63745312    0.00011547    3   B-    56
    1    1    0   22    9   13    1951.55659397    0.00011530    5   A+    62
    1    1    0   31    1   31    1951.71201044    0.00010241    4   A-    59
    0    2    0   50    8   42    1951.72211644    0.00011547    3   B-    30
    1    1    0   24    8   16    1952.90567727    0.00015208    4   A-    66
    0    0    1   43    2   41    1953.00527314    0.00014142    2   B-    41
    0    2    0   47   11   37    1953.21387292    0.00020000    1   C-    34
    1    0    0   22   20    2    1953.47746227    0.00020000    1   C-    66
    1    0    0   50    2   48    1953.47858239    0.00014142    2   B-    31
    1    0    0   26   19    7    1953.59702383    0.00020000    1   C-    61
    0    1    1    7    7    0    1953.92192488    0.00009320    6   A+    26
    1    1    0   13   12    2    1954.02180433    0.00012594    4   A-    45
    0    1    1   13    5    8    1954.03832247    0.00010000    4   A-    46
    1    0    0   42   12   30    1954.08341459    0.00011782    4   B-    44
    0    0    1   32   13   20    1954.21071183    0.00011547    3   B-    60
    0    0    1   37   10   27    1954.49565152    0.00014142    2   B-    48
    0    0    1   41    6   35    1954.52699569    0.00014142    2   B-    44
    1    1    0   17   11    7    1955.00785754    0.00009735    5   A+    59
    0    1    0   32   26    6    1955.10624919    0.00014142    2   C-    61
    1    1    0   28    5   23    1955.52222917    0.00012454    3   B-    61
    1    1    0   27    6   22    1955.68060391    0.00009650    6   A+    61
    0    1    1   17    1   16    1955.73036236    0.00008581    7   A+    53
    0    2    0   34   18   16    1955.84674506    0.00014142    2   B-    57
    1    1    0   20   10   10    1956.07783445    0.00009376    5   A+    66
    0    1    1   16    3   14    1956.08890116    0.00010570    5   A+    59
    0    1    1   11    6    5    1956.44404152    0.00007658    7   A+    46
    0    0    1   34   12   23    1956.62537774    0.00014142    2   B-    54
    0    0    1   21   17    4    1957.01393073    0.00014142    2   B-    59
    0    1    0   39   24   16    1957.09946928    0.00014142    2   C-    44
    0    0    1   30   14   17    1957.47097940    0.00014142    2   B-    59
    0    1    1   15    4   11    1957.56512844    0.00009518    5   A+    56
    0    0    1   44    2   43    1957.96814081    0.00014142    2   B-    38
    0    1    0   51   19   33    1958.09908551    0.00011547    3   B-    27
    1    0    0   51    2   50    1958.20820442    0.00020000    1   C-    26
    1    0    0   37   15   23    1958.51427578    0.00020000    1   C-    50
    1    0    0   48    6   42    1958.53918395    0.00018860    3   B-    35
    1    1    0   29    4   26    1958.82099531    0.00014849    2   B-    58
    0    1    1    8    7    2    1958.99825166    0.00008395    7   A+    38
    0    1    1   18    1   18    1959.07971620    0.00008247    6   A+    63
    0    2    0   41   15   27    1959.13065290    0.00011547    3   B-    45
    0    2    0   39   16   24    1959.75653120    0.00014142    2   B-    45
    1    1    0   26    7   19    1960.19023144    0.00014879    4   A-    62
    0    0    1   45    0   45    1960.22631829    0.00014142    2   B-    37
    1    0    0   52    0   52    1960.29071667    0.00021000    1   C-    27
    0    1    0   42   23   19    1960.33869043    0.00014142    2   B-    42
    1    0    0   39   14   26    1960.42904895    0.00015449    3   B-    46
    0    1    0   28   27    1    1960.74712548    0.00014142    2   C-    62
    0    1    1   17    2   15    1960.79842416    0.00008849    5   A+    60
    0    1    0   61   12   50    1961.63056142    0.00020000    1   C-    16
    0    2    0   28   20    8    1961.73185667    0.00020000    1   C-    65
    0    2    0   24   21    3    1961.84765691    0.00021833    2   B-    63
    0    1    0   47   21   27    1961.96348823    0.00014142    2   C-    35
    0    2    0   46   12   34    1962.22757397    0.00020000    1   C-    38
    1    0    0   35   16   20    1962.25336349    0.00020000    1   C-    50
    0    1    0   36   25   11    1962.40810584    0.00014142    2   C-    52
    0    0    1   42    5   38    1962.76766213    0.00014142    2   B-    45
    1    1    0   30    2   28    1962.80781096    0.00010016    6   A+    63
    1    1    0   14   12    2    1962.90211376    0.00011355    4   A-    56
    0    1    1   14    5   10    1962.93674205    0.00009379    8   A+    57
    0    1    0   62   11   51    1963.70875348    0.00020000    1   C-    17
    0    1    0   60   13   47    1963.77869030    0.00020000    1   C-    18
    0    1    1   12    6    7    1964.06321119    0.00007932    9   A+    45
    0    2    0   43   14   30    1964.28903845    0.00020000    1   C-    38
    0    0    1   25   16    9    1964.32163870    0.00014142    2   B-    65
    0    1    1    9    7    2    1964.70966205    0.00009133    6   A+    33
    0    0    1   36   11   26    1964.76509452    0.00020000    1   C-    53
    1    0    0   46    9   37    1965.17093319    0.00011547    3   B-    36
    1    1    0   23    9   15    1966.15306237    0.00026000    2   B-    65
    0    0    1   28   15   14    1966.36709044    0.00020000    1   C-    66
    1    1    0   18   11    7    1966.42554615    0.00010837    4   A-    57
    1    0    0   45   10   36    1966.54543246    0.00011547    3   B-    35
    1    0    0   49    5   45    1966.57137568    0.00017768    3   B-    32
    1    0    0   30   18   12    1966.83030863    0.00020000    1   C-    64
    0    1    1   17    3   14    1967.52561085    0.00008849    5   A+    54
    0    1    1   16    4   13    1967.74147484    0.00008535    6   A+    55
    1    0    0   47    8   40    1968.02084599    0.00014142    2   B-    32
    1    0    0   41   13   29    1968.04180494    0.00013628    3   B-    46
    1    0    0   23   20    4    1968.10764699    0.00020000    1   C-    60
    1    1    0   31    2   30    1968.63088438    0.00013350    4   A-    57
    0    1    1   18    2   17    1968.70722865    0.00011287    4   A-    58
    1    1    0   25    8   18    1968.78309128    0.00011487    5   A+    60
    1    1    0   21   10   12    1969.40013291    0.00010527    5   A+    60
    0    1    0   59   14   46    1970.00802741    0.00020000    1   C-    18
    0    1    0   63   10   54    1970.20621012    0.00020000    1   C-    15
    0    1    1   19    0   19    1970.32549836    0.00009598    5   A+    62
    1    1    0   32    0   32    1970.57746189    0.00011922    3   A-    62
    1    0    0   27   19    9    1970.76370735    0.00020000    1   C-    64
    0    0    1   22   17    6    1971.01671265    0.00014142    2   B-    67
    0    1    1   10    7    4    1971.05594907    0.00007944    8   A+    45
    0    0    1   40    8   33    1971.35272903    0.00025505    2   B-    46
    1    0    0   33   17   17    1971.60473984    0.00020000    1   C-    57
    0    0    1   43    3   40    1971.67925829    0.00014142    2   B-    39
    1    1    0   30    3   27    1971.87714775    0.00010186    5   A+    60
    1    0    0   44   11   33    1971.99533856    0.00026447    2   B-    40
    0    1    1   13    6    7    1972.31897807    0.00008022    6   A+    52
    1    1    0   15   12    4    1972.41742879    0.00012183    4   A-    51
    0    1    1   15    5   10    1972.47510826    0.00008022    6   A+    52
    0    0    1   39    9   30    1973.00914752    0.00014142    2   B-    47
    1    1    0   28    6   22    1973.53553974    0.00010844    5   A+    68
    1    1    0   29    5   25    1973.86467326    0.00017789    3   A-    63
    0    0    1   41    7   34    1973.97208428    0.00014142    2   B-    42
    0    0    1   18   18    1    1974.32587719    0.00014142    2   B-    59
    0    0    1   33   13   20    1975.19963162    0.00014142    2   B-    55
    0    2    0   45   13   33    1975.29151400    0.00014142    2   B-    38
    1    0    0   48    7   41    1975.88358360    0.00016127    3   B-    33
    0    1    0   33   26    8    1976.23461589    0.00014142    2   C-    56
    1    0    0   50    3   47    1976.81261301    0.00014142    2   B-    29
    0    0    1   31   14   17    1977.18824242    0.00011547    3   B-    61
    1    1    0   27    7   21    1977.36067874    0.00011730    3   A-    65
    0    2    0   25   21    5    1977.81545454    0.00014142    2   B-    66
    0    1    1   11    7    4    1978.03812527    0.00011297    4   A-    40
    0    2    0   35   18   18    1978.17164003    0.00014142    2   B-    52
    0    1    1   18    3   16    1978.35105934    0.00009809    5   A+    64
    1    1    0   19   11    9    1978.47804789    0.00010241    4   A-    63
    0    2    0   52    6   46    1978.53766531    0.00014142    2   B-    29
    0    1    1   17    4   13    1978.62001788    0.00010079    5   A+    61
    0    0    1   38   10   29    1978.69590101    0.00017571    2   B-    47
    0    0    1   35   12   23    1978.89038420    0.00015872    2   B-    55
    0    1    1   19    1   18    1979.24473238    0.00009857    5   A+    57
    0    1    0   29   27    3    1979.32729178    0.00014142    2   C-    64
    0    2    0   49   10   40    1979.66588539    0.00020000    1   C-    30
    0    1    0   69    2   68    1980.10201123    0.00020000    1   C-     9
    0    0    1   44    3   42    1980.12695228    0.00014142    2   B-    42
    0    1    0   58   15   43    1980.21854014    0.00020000    1   C-    20
    0    2    0   29   20   10    1980.24534322    0.00014142    2   B-    59
    1    1    0   30    4   26    1980.39784130    0.00011739    7   A+    65
    0    0    1   42    6   37    1980.54143291    0.00014142    2   B-    43
    0    0    1   26   16   11    1980.86439508    0.00013210    3   B-    64
    0    1    1   14    6    9    1981.21164338    0.00009099    6   A+    51
    1    1    0   24    9   15    1981.38609255    0.00013556    5   A+    64
    1    0    0   43   12   32    1981.41245290    0.00011547    3   B-    40
    0    1    1   20    1   20    1982.32019996    0.00009640    6   A+    67
    1    1    0   16   12    4    1982.56706114    0.00011922    3   A-    61
    1    0    0   38   15   23    1982.65116997    0.00012424    3   B-    48
    0    1    1   16    5   12    1982.65208927    0.00010306    5   A+    62
    0    1    0   40   24   16    1982.67368533    0.00020000    1   C-    48
    1    1    0   22   10   12    1983.35872451    0.00015391    3   A-    68
    1    0    0   24   20    4    1983.37293517    0.00020000    1   C-    68
    1    1    0   31    3   29    1983.62855381    0.00012522    5   A+    62
    0    2    0   48   11   37    1983.86073895    0.00020000    1   C-    34
    0    1    1    8    8    1    1983.88098398    0.00013083    4   A-    32
    1    0    0   51    3   49    1984.57509617    0.00020000    1   C-    29
    0    0    1   29   15   14    1984.81468558    0.00014142    2   B-    60
    0    0    1   45    1   44    1985.01066041    0.00015944    2   B-    37
    0    1    1   19    2   17    1985.08434676    0.00010000    4   A-    64
    1    0    0   36   16   20    1985.12197668    0.00019363    2   B-    55
    0    2    0   40   16   24    1985.25718670    0.00014142    2   B-    49
    1    1    0   26    8   18    1985.29835606    0.00017563    3   A-    68
    0    0    1   23   17    6    1985.65547144    0.00014142    2   B-    61
    0    1    1   12    7    6    1985.65569906    0.00008641    6   A+    52
    0    0    1   43    4   39    1985.81017974    0.00014142    2   B-    42
    1    0    0   40   14   26    1985.83721193    0.00020000    1   C-    50
    0    2    0   42   15   27    1985.90399296    0.00014142    2   B-    44
    0    1    0   37   25   13    1986.08055574    0.00014142    2   C-    53
    1    0    0   49    6   44    1986.08330179    0.00011547    3   B-    31
    0    0    1   19   18    1    1986.42371589    0.00014142    2   B-    65
    1    0    0   31   18   14    1986.53259085    0.00020000    1   C-    58
    0    0    1   46    1   46    1987.26443099    0.00014142    2   B-    39
    0    1    0   43   23   21    1987.81562707    0.00020000    1   C-    43
    1    1    0   32    1   31    1988.01934868    0.00011922    3   A-    59
    0    0    1   37   11   26    1988.31267989    0.00014142    2   B-    49
    1    0    0   28   19    9    1988.56568109    0.00020000    1   C-    63
    0    1    1    9    8    1    1989.59264499    0.00008781    7   A+    40
    1    1    0   33    1   33    1990.02663781    0.00014483    2   A-    59
    0    1    1   18    4   15    1990.05396981    0.00008849    5   A+    60
    0    2    0   38   17   21    1990.34960339    0.00011547    3   B-    49
    0    1    1   15    6    9    1990.74168530    0.00008565    8   A+    57
    1    1    0   20   11    9    1991.16508982    0.00011162    4   A-    61
    0    1    0   52   19   33    1991.26910414    0.00014142    2   C-    27
    1    0    0   53    1   53    1991.35338068    0.00014142    2   B-    26
    0    1    1   19    3   16    1991.54179000    0.00013737    4   A-    58
    1    1    0   29    6   24    1992.01139200    0.00010118    4   A-    62
    0    2    0   47   12   36    1992.21216153    0.00020000    1   C-    34
    0    2    0   44   14   30    1992.33897015    0.00020000    1   C-    43
    0    1    0   48   21   27    1992.60462134    0.00020000    1   C-    35
    0    1    1   20    2   19    1992.94843568    0.00009210    6   A+    62
    1    0    0   34   17   17    1993.20721694    0.00014142    2   B-    56
    1    1    0   17   12    6    1993.35101121    0.00009477    6   A+    56
    1    1    0   30    5   25    1993.38277269    0.00011007    4   A-    62
    0    1    1   17    5   12    1993.47137778    0.00008808    6   A+    57
    0    2    0   54    3   51    1993.60945324    0.00020000    1   C-    24
    0    1    1   13    7    6    1993.90937260    0.00008185    6   A+    47
    0    2    0   26   21    5    1994.42206923    0.00020000    1   C-    65
    1    0    0   42   13   29    1994.72592824    0.00031302    2   B-    45
    0    1    1   21    0   21    1994.76667658    0.00010132    5   A+    65
    1    0    0   47    9   39    1995.14531409    0.00020000    1   C-    36
    1    1    0   28    7   21    1995.17329297    0.00011730    3   A-    64
    1    1    0   13   13    1    1995.59080822    0.00012337    4   A-    53
    1    0    0   46   10   36    1995.83530683    0.00020000    1   C-    40
    0    1    1   10    8    3    1995.93967083    0.00009097    8   A+    39
    0    0    1   43    5   38    1996.45491008    0.00014142    2   B-    41
    1    0    0   50    4   46    1996.60948930    0.00014142    2   B-    33
    0    0    1   34   13   22    1996.82574915    0.00011547    3   B-    60
    1    1    0   25    9   17    1997.25578778    0.00010506    4   A-    67
    0    0    1   32   14   19    1997.54159978    0.00011946    3   B-    60
    0    0    1   41    8   33    1997.55482281    0.00014142    2   B-    47
    1    1    0   31    4   28    1997.67015410    0.00012894    4   A-    59
    1    1    0   23   10   14    1997.95208635    0.00014483    2   A-    62
    0    1    0   34   26    8    1998.00163502    0.00014142    2   C-    61
    0    0    1   27   16   11    1998.04343881    0.00014142    2   B-    67
    0    0    1   40    9   32    1998.51648043    0.00020000    1   C-    51
    0    1    0   30   27    3    1998.54791545    0.00014142    2   C-    63
    1    0    0   48    8   40    1998.78397223    0.00020000    1   C-    36
    0    0    1   20   18    3    1999.15827589    0.00014142    2   B-    63
    1    0    0   25   20    6    1999.27444739    0.00020000    1   C-    62
    0    2    0   30   20   10    1999.39599456    0.00014142    2   B-    66
    0    0    1   44    4   41    2000.07825732    0.00020730    2   B-    41
    1    0    0   45   11   35    2000.61658284    0.00016157    3   B-    40
    0    0    1   42    7   36    2000.77840214    0.00014142    2   B-    46
    0    1    1   16    6   11    2000.90951407    0.00006992    9   A+    56
    0    0    1   24   17    8    2000.93062144    0.00018160    2   B-    69
    0    2    0   36   18   18    2001.13319084    0.00011547    3   B-    57
    0    1    0   67    5   63    2001.19763120    0.00020000    1   C-    12
    0    1    0   62   12   50    2001.26334733    0.00020000    1   C-    18
    0    1    0   46   22   24    2001.54020110    0.00020000    1   C-    41
    0    0    1   36   12   25    2001.79298533    0.00015191    3   B-    54
    0    1    1   19    4   15    2002.27641190    0.00008519    7   A+    66
    1    1    0   27    8   20    2002.45209787    0.00013572    4   A-    62
    0    2    0   22   22    0    2002.61522722    0.00014142    2   B-    69
    1    1    0   32    2   30    2002.66523568    0.00013258    5   A+    64
    0    1    1   14    7    8    2002.79912481    0.00007116    8   A+    58
    0    1    1   11    8    3    2002.92150627    0.00008138    8   A+    47
    0    1    1   20    3   18    2003.13322134    0.00009569    6   A+    68
    0    0    1   39   10   29    2003.53626706    0.00014142    2   B-    48
    0    0    1   30   15   16    2003.89823529    0.00014142    2   B-    67
    0    1    0   63   11   53    2004.04120089    0.00020000    1   C-    17
    1    1    0   14   13    1    2004.47291396    0.00012595    5   A+    52
    1    1    0   21   11   11    2004.48792979    0.00009167    6   A+    66
    0    2    0   46   13   33    2004.62421984    0.00020000    1   C-    37
    1    0    0   21   21    1    2004.63051568    0.00020000    1   C-    67
    1    1    0   18   12    6    2004.77015506    0.00014074    4   A-    66
    0    1    1   18    5   14    2004.92833163    0.00009534    6   A+    67
    0    1    1   21    1   20    2005.07332651    0.00008796    6   A+    61
    0    2    0   53    6   48    2005.62427517    0.00020000    1   C-    25
    1    0    0   49    7   43    2006.62204507    0.00020000    1   C-    33
    1    0    0   32   18   14    2006.86993380    0.00020000    1   C-    65
    1    0    0   29   19   11    2007.00269970    0.00020000    1   C-    65
    1    0    0   39   15   25    2007.42296800    0.00020000    1   C-    50
    0    0    1   45    2   43    2007.72086627    0.00014142    2   B-    41
    0    1    1   22    1   22    2007.89137147    0.00010190    5   A+    70
    1    1    0   33    2   32    2008.13751398    0.00023466    2   A-    57
    1    0    0   37   16   22    2008.62561937    0.00020000    1   C-    50
    1    0    0   51    4   48    2008.67581685    0.00013189    3   B-    28
    0    1    0   41   24   18    2008.88770838    0.00014142    2   C-    44
    1    0    0   44   12   32    2009.37852255    0.00014142    2   B-    44
    0    0    1   43    6   37    2009.62341982    0.00014142    2   B-    44
    1    1    0   34    0   34    2010.05180469    0.00014483    2   A-    62
    0    1    0   38   25   13    2010.39121351    0.00014142    2   C-    52
    0    1    1   12    8    5    2010.53879117    0.00007699    7   A+    46
    0    1    0   68    3   65    2011.00637052    0.00020000    1   C-    11
    1    0    0   50    5   45    2011.13071040    0.00014142    2   B-    32
    1    1    0   30    6   24    2011.17117480    0.00011284    4   A-    69
    0    2    0   41   16   26    2011.39468630    0.00014142    2   B-    45
    0    2    0   50   10   40    2011.63550197    0.00020000    1   C-    34
    0    2    0   27   21    7    2011.66610584    0.00020000    1   C-    68
    0    1    1   17    6   11    2011.71571485    0.00010681    5   A+    62
    1    0    0   41   14   28    2011.88074923    0.00016606    2   B-    46
    0    1    1   21    2   19    2011.93285557    0.00008165    6   A+    68
    0    1    1   15    7    8    2012.32524143    0.00010613    5   A+    53
    0    0    1   38   11   28    2012.49906885    0.00014142    2   B-    53
    0    0    1   21   18    3    2012.52895470    0.00014142    2   B-    69
    0    0    1   46    2   45    2012.63570225    0.00014142    2   B-    38
    1    1    0   31    5   27    2012.85080935    0.00010389    5   A+    64
    1    1    0   32    3   29    2013.04637363    0.00010241    4   A-    61
    1    1    0   24   10   14    2013.18128984    0.00012640    3   A-    70
    0    2    0   43   15   29    2013.31482274    0.00020000    1   C-    45
    1    1    0   29    7   23    2013.62630312    0.00011016    4   A-    66
    1    1    0   26    9   17    2013.76241813    0.00015161    3   A-    66
    1    1    0   15   13    3    2013.98994974    0.00014142    2   B-    59
    0    0    1   47    0   47    2014.88202913    0.00014142    2   B-    37
    0    1    1   20    4   17    2014.93746115    0.00010097    6   A+    64
    0    2    0   49   11   39    2015.14922098    0.00020000    1   C-    34
    0    2    0   39   17   23    2015.21703393    0.00011547    3   B-    51
    1    0    0   35   17   19    2015.44458241    0.00020000    1   C-    57
    1    0    0   26   20    6    2015.81056514    0.00020000    1   C-    70
    0    0    1   28   16   13    2015.85862430    0.00011547    3   B-    66
    0    1    0   44   23   21    2015.92974680    0.00014142    2   B-    42
    1    0    0   52    2   50    2016.22982207    0.00014142    2   B-    30
    1    1    0   19   12    8    2016.82337117    0.00014434    3   A-    60
    0    0    1   25   17    8    2016.84200385    0.00011547    3   B-    63
    0    1    1   19    5   14    2017.03373130    0.00008634    6   A+    61
    0    2    0   23   22    2    2017.31277645    0.00020000    1   C-    63
    0    1    1    9    9    0    2017.74790721    0.00016262    3   A-    34
    0    1    0   59   15   45    2017.85013153    0.00020000    1   C-    20
    0    0    1   44    5   40    2018.25714433    0.00014142    2   B-    45
    0    1    1   21    3   18    2018.29089054    0.00011770    4   A-    62
    0    1    0   31   27    5    2018.40726472    0.00014142    2   C-    65
    1    1    0   22   11   11    2018.44531899    0.00011922    3   A-    64
    0    0    1   33   14   19    2018.53118940    0.00011547    3   B-    61
    1    0    0   22   21    1    2018.62943560    0.00020000    1   C-    65
    0    1    1   13    8    5    2018.79187120    0.00009046    7   A+    54
    0    0    1   35   13   22    2019.08786345    0.00020000    1   C-    55
    0    2    0   31   20   12    2019.18478023    0.00014142    2   B-    60
    0    1    1   22    2   21    2019.57995434    0.00010096    5   A+    66
    1    1    0   28    8   20    2020.24497006    0.00013819    3   A-    69
    0    1    0   35   26   10    2020.40727674    0.00014142    2   C-    56
    0    1    1   23    0   23    2021.52253759    0.00010349    5   A+    67
    1    1    0   32    4   28    2021.61781926    0.00013353    3   A-    66
    0    1    0   70    1   69    2021.69162436    0.00020000    1   C-     9
    1    0    0   43   13   31    2022.04485989    0.00015909    2   B-    46
    0    1    1   16    7   10    2022.48817724    0.00008139    6   A+    63
    0    2    0   48   12   36    2022.83678610    0.00020000    1   C-    38
    1    0    0   54    0   54    2022.99376457    0.00021000    1   C-    27
    0    1    1   18    6   13    2023.16044974    0.00007651    7   A+    61
    1    0    0   50    6   44    2023.31942124    0.00020000    1   C-    35
    0    0    1   31   15   16    2023.61792042    0.00014142    2   B-    61
    0    1    1   10    9    2    2024.09538493    0.00008849    5   A+    46
    1    1    0   16   13    3    2024.14131375    0.00013330    5   A+    58
    1    1    0   33    3   31    2024.23364875    0.00013220    4   A-    62
    0    0    1   42    8   35    2024.38926629    0.00014142    2   B-    46
    0    0    1   41    9   32    2024.66766286    0.00014142    2   B-    47
    0    2    0   37   18   20    2024.73212158    0.00014142    2   B-    52
    0    1    0   53   19   35    2025.07718348    0.00014142    2   C-    27
    0    0    1   37   12   25    2025.33312049    0.00014142    2   B-    55
    1    0    0   47   10   38    2025.76599217    0.00020000    1   C-    35
    1    0    0   30   19   11    2026.07503815    0.00020000    1   C-    64
    0    0    1   22   18    5    2026.53629091    0.00011547    3   B-    67
    0    1    1   14    8    7    2027.68027256    0.00007691    8   A+    53
    0    0    1   45    3   42    2027.77544779    0.00014142    2   B-    39
    0    1    1   21    4   17    2028.56098347    0.00007723    7   A+    70
    1    1    0   34    1   33    2028.71774328    0.00010118    4   A-    59
    0    0    1   40   10   31    2029.01750310    0.00021608    2   B-    47
    1    1    0   25   10   16    2029.04717496    0.00011993    4   A-    64
    1    1    0   20   12    8    2029.51219182    0.00013712    3   A-    70
    0    2    0   28   21    7    2029.54846054    0.00020000    1   C-    67
    0    1    1   20    5   16    2029.77174003    0.00008523    7   A+    71
    1    0    0   46   11   35    2029.87741604    0.00020000    1   C-    40
    0    1    1   22    3   20    2030.41672138    0.00008182    6   A+    71
    1    0    0   51    5   47    2030.43589795    0.00032188    2   B-    32
    1    1    0   35    1   35    2030.65814675    0.00011730    3   A-    59
    1    1    0   27    9   19    2030.90631964    0.00013291    3   B-    69
    1    1    0   31    6   26    2030.92488930    0.00012615    5   A+    63
    0    1    1   11    9    2    2031.07780091    0.00010561    6   A+    41
    0    2    0   24   22    2    2032.64953875    0.00020000    1   C-    71
    1    1    0   30    7   23    2032.72313633    0.00009115    5   A+    65
    1    0    0   38   16   22    2032.76391950    0.00020000    1   C-    55
    1    0    0   40   15   25    2032.83023758    0.00020000    1   C-    48
    1    0    0   27   20    8    2032.98308519    0.00020000    1   C-    64
    1    1    0   23   11   13    2033.03829582    0.00010118    4   A-    68
    0    1    1   23    1   22    2033.18997087    0.00010964    5   A+    64
    1    0    0   23   21    3    2033.26410773    0.00020000    1   C-    69
    0    1    1   17    7   10    2033.28824407    0.00007119    8   A+    58
    0    0    1   26   17   10    2033.39006602    0.00020000    1   C-    71
    1    1    0   32    5   27    2033.93121081    0.00012092    4   A-    63
    0    0    1   29   16   13    2034.30973648    0.00014142    2   B-    68
    1    1    0   17   13    5    2034.92738527    0.00014483    2   A-    64
    0    1    1   19    6   13    2035.24480858    0.00008016    7   A+    67
    0    1    0   39   25   15    2035.33908109    0.00014142    2   C-    53
    0    1    0   42   24   18    2035.73780122    0.00020000    1   C-    48
    0    1    1   24    1   24    2035.78940049    0.00009252    6   A+    72
    0    0    1   46    3   44    2035.97513542    0.00014142    2   B-    42
    0    0    1   44    6   39    2036.35501017    0.00014142    2   B-    43
    0    1    1   15    8    7    2037.20490856    0.00007480    8   A+    60
    0    0    1   39   11   28    2037.32470039    0.00020000    1   C-    49
    1    0    0   45   12   34    2037.98255712    0.00014142    2   B-    40
    0    2    0   42   16   26    2038.16911897    0.00014142    2   B-    49
    1    0    0   36   17   19    2038.31674836    0.00020000    1   C-    56
    1    0    0   42   14   28    2038.55961735    0.00020000    1   C-    50
    1    1    0   29    8   22    2038.67722329    0.00010156    6   A+    63
    0    1    1   12    9    4    2038.69553762    0.00007651    8   A+    53
    0    1    0   32   27    5    2038.90720734    0.00014142    2   C-    64
    0    2    0   58    0   58    2038.99101708    0.00020000    1   C-    23
    1    1    0   33    4   30    2039.00842414    0.00011313    4   A-    60
    1    0    0   50    7   43    2039.76417870    0.00014142    2   B-    33
    0    0    1   34   14   21    2040.15745952    0.00011547    3   B-    60
    0    2    0   40   17   23    2040.72188504    0.00014142    2   B-    49
    0    0    1   47    1   46    2040.83740692    0.00016040    2   B-    37
    0    0    1   23   18    5    2041.17998333    0.00020000    1   C-    70
    0    1    1   23    2   21    2041.28373743    0.00012402    3   A-    71
    0    2    0   44   15   29    2041.36324368    0.00020000    1   C-    44
    0    0    1   36   13   24    2041.98764383    0.00014142    2   B-    60
    0    1    1   22    4   19    2042.39112449    0.00008979    7   A+    68
    1    1    0   21   12   10    2042.83551479    0.00012568    4   A-    64
    0    0    1   48    1   48    2043.07899875    0.00014142    2   B-    39
    0    1    1   21    5   16    2043.17069005    0.00010745    5   A+    65
    0    1    0   36   26   10    2043.45185118    0.00014142    2   C-    61
    0    0    1   45    4   41    2043.56760979    0.00025071    2   B-    42
    0    0    1   32   15   18    2043.97363366    0.00011547    3   B-    68
    0    2    0   51   10   42    2044.24928790    0.00020000    1   C-    30
    0    1    0   45   23   23    2044.68069428    0.00020000    1   C-    43
    0    1    1   18    7   12    2044.72587585    0.00007626    8   A+    68
    1    1    0   34    2   32    2044.77543437    0.00011922    3   A-    64
    0    0    1   19   19    0    2044.91307278    0.00018751    2   B-    62
    1    1    0   26   10   16    2045.54897341    0.00014673    4   A-    72
    1    0    0   31   19   13    2045.78331104    0.00020000    1   C-    66
    0    2    0   52    9   43    2045.78573555    0.00020000    1   C-    31
    1    1    0   18   13    5    2046.34840224    0.00012472    4   A-    63
    0    1    1   13    9    4    2046.94855684    0.00007313    9   A+    48
    0    2    0   50   11   39    2047.08030583    0.00020000    1   C-    34
    0    1    0   28   28    0    2047.26781768    0.00014142    2   C-    70
    0    1    1   16    8    9    2047.36544867    0.00007307    9   A+    59
    0    1    1   23    3   20    2047.76881196    0.00011538    6   A+    65
    0    1    1   20    6   15    2047.96896468    0.00011923    6   A+    65
    0    2    0   29   21    9    2048.06929533    0.00014142    2   B-    69
    1    1    0   24   11   13    2048.26649233    0.00012078    4   A-    66
    1    0    0   53    3   51    2048.47678756    0.00020000    1   C-    29
    1    0    0   24   21    3    2048.53618834    0.00020000    1   C-    67
    0    1    1   24    2   23    2048.58352142    0.00008849    5   A+    68
    0    2    0   25   22    4    2048.62454802    0.00020000    1   C-    65
    1    1    0   28    9   19    2048.68722631    0.00011455    5   A+    68
    0    2    0   38   18   20    2048.96810018    0.00014142    2   B-    57
    1    1    0   14   14    0    2049.25101336    0.00011105    4   A-    59
    1    0    0   34   18   16    2049.44917933    0.00020000    1   C-    65
    0    0    1   38   12   27    2049.51138347    0.00011937    3   B-    54
    1    1    0   35    2   34    2049.96557294    0.00013568    4   A-    57
    1    0    0   44   13   31    2050.00146020    0.00020000    1   C-    45
    0    2    0   46   14   32    2050.35296246    0.00020000    1   C-    43
    0    0    1   27   17   10    2050.57345274    0.00014142    2   B-    65
    0    1    1   25    0   25    2050.59483607    0.00008849    5   A+    69
    1    0    0   51    6   46    2050.65285019    0.00014142    2   B-    31
    1    0    0   28   20    8    2050.79100435    0.00020000    1   C-    72
    1    1    0   32    6   26    2051.40627775    0.00012634    5   A+    70
    0    0    1   42    9   34    2051.46138103    0.00014142    2   B-    51
    1    1    0   36    0   36    2051.84198933    0.00011922    3   A-    62
    0    0    1   43    8   35    2051.89403349    0.00014142    2   B-    47
    1    0    0   54    1   53    2053.15344535    0.00020000    1   C-    26
    0    0    1   30   16   15    2053.39708455    0.00015867    2   B-    67
    0    2    0   49   12   38    2054.10191321    0.00020000    1   C-    34
    1    1    0   33    5   29    2054.41084221    0.00010796    4   A-    64
    0    0    1   45    5   40    2054.97606395    0.00014142    2   B-    41
    0    0    1   41   10   31    2055.13929541    0.00014142    2   B-    49
    1    0    0   55    1   55    2055.21251207    0.00014142    2   B-    26
    0    1    1   10   10    1    2055.50548243    0.00011843    3   A-    40
    0    1    1   14    9    6    2055.83725074    0.00013176    4   A-    60
    0    1    0   60   15   45    2056.11959014    0.00020000    1   C-    20
    0    0    1   24   18    7    2056.46027600    0.00012300    3   B-    69
    0    0    1   44    7   38    2056.54220695    0.00025962    2   B-    46
    1    1    0   34    3   31    2056.64294379    0.00011730    3   A-    61
    1    1    0   22   12   10    2056.79434970    0.00018565    2   B-    73
    0    1    1   19    7   12    2056.80109511    0.00010827    4   A-    63
    1    0    0   49    9   41    2057.03725966    0.00020000    1   C-    36
    0    0    1   46    4   43    2057.07961438    0.00014142    2   B-    41
    0    1    1   22    5   18    2057.18865665    0.00012029    4   A-    74
    0    1    1   23    4   19    2057.50701255    0.00008849    5   A+    72
    1    0    0   39   16   24    2057.53777056    0.00020000    1   C-    50
    0    0    1   20   19    2    2057.65193686    0.00020000    1   C-    72
    1    1    0   30    8   22    2057.74906839    0.00010000    4   B-    70
    0    1    1   17    8    9    2058.16274614    0.00009818    6   A+    65
    1    1    0   19   13    7    2058.40395914    0.00012864    4   A-    69
    1    1    0   15   14    2    2058.77028118    0.00033788    2   B-    54
    0    1    1   24    3   22    2060.18007201    0.00009463    6   A+    73
    0    1    1   21    6   15    2061.33389671    0.00010460    5   A+    71
    1    0    0   37   17   21    2061.82366877    0.00020000    1   C-    57
    1    0    0   52    4   48    2062.15148950    0.00020000    1   C-    33
    0    0    1   35   14   21    2062.41989340    0.00011547    3   B-    61
    0    1    1   11   10    1    2062.48906643    0.00009736    6   A+    48
    1    1    0   27   10   18    2062.68681110    0.00011730    3   A-    66
    0    0    1   40   11   30    2062.78835716    0.00014142    2   B-    53
    0    1    0   43   24   20    2063.22521101    0.00020000    1   C-    44
    0    1    1   25    1   24    2063.58593884    0.00008433    6   A+    66
    1    1    0   25   11   15    2064.13031103    0.00012553    3   A-    70
    1    0    0   25   21    5    2064.44247855    0.00020000    1   C-    71
    0    0    1   47    2   45    2064.74404266    0.00020000    1   C-    41
    0    0    1   33   15   18    2064.96553668    0.00014142    2   B-    62
    0    2    0   48   13   35    2065.20648832    0.00020000    1   C-    37
    0    1    1   15    9    6    2065.36142110    0.00008777    7   A+    55
    0    0    1   37   13   24    2065.52387652    0.00011547    3   B-    55
    1    1    0   34    4   30    2065.56279753    0.00011547    3   B-    66
    0    2    0   43   16   28    2065.58068342    0.00020000    1   C-    45
    0    1    0   29   28    2    2065.85792430    0.00014142    2   C-    64
    1    0    0   43   14   30    2065.87476926    0.00020000    1   C-    46
    0    1    1   26    1   26    2066.01202916    0.00013149    5   A+    74
    1    0    0   32   19   13    2066.12583639    0.00020000    1   C-    65
    0    2    0   41   17   25    2066.86320694    0.00014142    2   B-    51
    1    1    0   29    9   21    2067.10583928    0.00011730    3   A-    70
    0    1    0   37   26   12    2067.13487445    0.00020000    1   C-    56
    1    1    0   35    3   33    2067.19936033    0.00014142    2   B-    62
    1    0    0   46   12   34    2067.22499460    0.00014142    2   B-    44
    0    2    0   30   21    9    2067.22795382    0.00020000    1   C-    68
    0    0    1   45    6   39    2067.51555798    0.00014142    2   B-    44
    0    0    1   28   17   12    2068.39412732    0.00033795    2   B-    73
    1    1    0   16   14    2    2068.92400867    0.00016834    3   A-    64
    0    1    1   20    7   14    2069.51458991    0.00010741    5   A+    73
    0    1    1   18    8   11    2069.59630822    0.00010000    4   A-    64
    0    0    1   48    2   47    2069.62013734    0.00020000    1   C-    38
    0    2    0   45   15   31    2070.04824979    0.00020000    1   C-    45
    0    1    1   12   10    3    2070.10775722    0.00008010    7   A+    47
    0    0    1   21   19    2    2071.02822533    0.00020000    1   C-    66
    1    1    0   20   13    7    2071.09443404    0.00014483    2   A-    67
    1    1    0   23   12   12    2071.38786351    0.00012613    3   B-    67
    1    1    0   36    1   35    2071.72365068    0.00013119    3   A-    59
    0    0    1   49    0   49    2071.85540607    0.00014142    2   B-    37
    0    1    1   23    5   18    2071.89357144    0.00008337    6   A+    68
    0    0    1   25   18    7    2072.37702059    0.00014142    2   B-    72
    0    1    1   24    4   21    2072.40996175    0.00008569    6   A+    70
    1    1    0   33    6   28    2072.42498372    0.00012979    3   B-    64
    0    2    0   58    1   57    2072.70157562    0.00020000    1   C-    21
    1    1    0   32    7   25    2072.84595418    0.00013744    4   A-    66
    0    1    1   25    2   23    2073.07093935    0.00009770    5   A+    73
    0    0    1   31   16   15    2073.12085183    0.00014142    2   B-    69
    1    1    0   37    1   37    2073.60613238    0.00025677    2   A-    58
    1    0    0   53    4   50    2073.77107369    0.00014849    2   B-    28
    0    1    0   46   23   23    2074.06823235    0.00014142    2   B-    42
    0    0    1   39   12   27    2074.32705038    0.00014142    2   B-    55
    0    1    1   22    6   17    2075.33920507    0.00008022    6   A+    69
    0    1    1   16    9    8    2075.52205482    0.00011063    4   A-    66
    0    0    1   46    5   42    2076.18449962    0.00014142    2   B-    45
    1    1    0   34    5   29    2077.20386101    0.00015685    3   B-    63
    1    1    0   31    8   24    2077.46066491    0.00024552    2   B-    64
    0    2    0   52   10   42    2077.51080194    0.00020000    1   C-    34
    1    0    0   52    5   47    2078.31979208    0.00020000    1   C-    32
    0    1    1   13   10    3    2078.36175625    0.00008769    7   A+    55
    0    0    1   43    9   34    2078.90086683    0.00014142    2   B-    47
    0    2    0   51   11   41    2079.65418672    0.00020000    1   C-    34
    1    1    0   17   14    4    2079.71209132    0.00015306    4   A-    59
    0    1    1   26    2   25    2079.94447754    0.00010254    5   A+    68
    0    1    1   25    3   22    2079.94871550    0.00008849    5   A+    67
    1    1    0   28   10   18    2080.46151686    0.00011547    3   B-    74
    1    1    0   26   11   15    2080.62996877    0.00014483    2   A-    69
    1    0    0   26   21    5    2080.98518566    0.00020000    1   C-    70
    1    0    0   54    2   52    2081.28927972    0.00020000    1   C-    30
    0    1    1   19    8   11    2081.66671774    0.00007905    8   A+    70
    0    0    1   42   10   33    2081.90251644    0.00014142    2   B-    47
    0    1    1   27    0   27    2081.98578444    0.00008520    6   A+    71
    1    1    0   35    4   32    2082.80923270    0.00012121    4   A-    60
    0    1    1   21    7   14    2082.86638201    0.00008222    6   A+    67
    1    1    0   21   13    9    2084.41979875    0.00013435    3   A-    73
    0    0    1   22   19    4    2085.04090609    0.00011547    3   B-    75
    0    1    0   30   28    2    2085.08736473    0.00014142    2   C-    71
    0    0    1   36   14   23    2085.31868113    0.00014142    2   B-    60
    0    0    1   45    7   38    2085.72935233    0.00014142    2   B-    42
    1    0    0   38   17   21    2085.96504729    0.00020000    1   C-    56
    0    2    0   50   12   38    2086.00762944    0.00020000    1   C-    38
    0    0    1   47    3   44    2086.12697705    0.00014142    2   B-    39
    1    1    0   30    9   21    2086.16306780    0.00010503    5   A+    69
    0    1    1   17    9    8    2086.31737151    0.00008145    7   A+    61
    0    0    1   34   15   20    2086.59377706    0.00015689    2   B-    68
    1    1    0   24   12   12    2086.61592673    0.00011730    3   A-    75
    1    0    0   22   22    0    2086.70793236    0.00020000    1   C-    76
    0    0    1   29   17   12    2086.84957513    0.00011547    3   B-    67
    0    2    0   31   21   11    2087.02390902    0.00020000    1   C-    70
    1    0    0   33   19   15    2087.10313236    0.00020000    1   C-    67
    0    1    0   41   25   17    2087.14897143    0.00020000    1   C-    53
    0    1    1   24    5   20    2087.18341554    0.00012872    4   A-    76
    0    1    1   14   10    5    2087.25094529    0.00008478    8   A+    54
    1    0    0   49   10   40    2087.55467503    0.00020000    1   C-    35
    1    0    0   56    0   56    2088.00905979    0.00014849    2   B-    27
    0    0    1   41   11   30    2088.89165987    0.00014142    2   B-    49
    0    0    1   26   18    9    2088.92977409    0.00011547    3   B-    71
    1    0    0   50    9   41    2088.96158007    0.00020000    1   C-    36
    1    1    0   36    2   34    2089.14178037    0.00011730    3   A-    64
    0    1    1   25    4   21    2089.15343124    0.00009093    6   A+    74
    0    0    1   38   13   26    2089.69709393    0.00018254    3   B-    59
    0    1    1   23    6   17    2089.98814144    0.00008201    7   A+    73
    1    0    0   52    6   46    2090.84957567    0.00020000    1   C-    35
    1    1    0   18   14    4    2091.13568972    0.00014483    2   A-    69
    0    1    0   44   24   20    2091.34959035    0.00020000    1   C-    48
    0    1    0   38   26   12    2091.45615348    0.00020000    1   C-    61
    0    1    1   26    3   24    2092.39964604    0.00014142    2   C-    75
    0    0    1   32   16   17    2093.48022382    0.00020000    1   C-    68
    0    2    0   44   16   28    2093.62823959    0.00020000    1   C-    49
    0    2    0   42   17   25    2093.64172008    0.00020000    1   C-    49
    1    0    0   44   14   30    2093.82665343    0.00020000    1   C-    50
    1    1    0   33    7   27    2093.86920035    0.00022504    2   B-    68
    1    1    0   37    2   36    2094.11216778    0.00014483    2   A-    57
    0    0    1   48    3   46    2094.14032502    0.00014142    2   B-    42
    1    1    0   34    6   28    2094.25542451    0.00011547    3   B-    70
    0    1    1   20    8   13    2094.37440495    0.00008462    6   A+    68
    0    0    1   46    6   41    2094.71849486    0.00018276    2   B-    43
    1    1    0   38    0   38    2095.94808868    0.00015275    3   A-    62
    0    1    1   27    1   26    2096.26447910    0.00012661    5   A+    68
    1    0    0   53    5   49    2096.65959409    0.00021000    1   C-    32
    0    1    1   15   10    5    2096.77574247    0.00007223    8   A+    61
    0    1    1   22    7   16    2096.85745726    0.00008849    5   A+    77
    1    0    0   47   12   36    2097.10414475    0.00020000    1   C-    40
    0    1    1   11   11    0    2097.13604423    0.00014142    2   C-    42
    0    1    1   18    9   10    2097.74932760    0.00010480    6   A+    71
    1    1    0   27   11   17    2097.76480716    0.00011730    3   A-    72
    1    1    0   32    8   24    2097.81311618    0.00040560    2   B-    71
    1    0    0   27   21    7    2098.16284979    0.00020000    1   C-    73
    1    1    0   22   13    9    2098.37950470    0.00014483    2   A-    71
    1    1    0   35    5   31    2098.53325284    0.00010118    4   A-    64
    0    1    1   28    1   28    2098.55722994    0.00010161    5   A+    75
    1    1    0   29   10   20    2098.87233955    0.00024447    2   B-    68
    0    0    1   49    1   48    2098.98081168    0.00014142    2   B-    37
    0    2    0   40   18   22    2099.35130133    0.00020000    1   C-    56
    0    2    0   46   15   31    2099.37132448    0.00020000    1   C-    44
    0    0    1   23   19    4    2099.69011745    0.00019105    2   B-    69
    0    0    1   40   12   29    2099.78030208    0.00014142    2   B-    54
    0    0    1   50    1   50    2101.21067406    0.00019065    2   B-    39
    1    0    0   23   22    2    2101.34864751    0.00020000    1   C-    70
    1    1    0   25   12   14    2102.47929358    0.00014186    3   A-    69
    1    1    0   36    3   33    2102.59306504    0.00014483    2   A-    61
    1    1    0   19   14    6    2103.19396394    0.00014483    2   A-    64
    0    1    1   25    5   20    2103.21641626    0.00008815    6   A+    70
    0    0    1   47    4   43    2103.58703580    0.00014142    2   B-    42
    0    1    0   47   23   25    2104.09247859    0.00014142    2   B-    43
    0    1    0   35   27    9    2104.23728151    0.00020000    1   C-    65
    0    1    1   12   11    2    2104.75619999    0.00011547    3   A-    55
    0    1    0   31   28    4    2104.95685481    0.00014142    2   C-    65
    0    1    1   26    4   23    2104.98419284    0.00009393    5   A+    72
    0    1    1   24    6   19    2105.27688248    0.00008758    6   A+    71
    1    1    0   31    9   23    2105.85894549    0.00017197    3   B-    71
    0    0    1   30   17   14    2105.94167621    0.00014142    2   B-    74
    0    0    1   27   18    9    2106.11843352    0.00014142    2   B-    74
    1    0    0   52    7   45    2106.41445208    0.00020000    1   C-    33
    1    1    0   15   15    1    2106.73170261    0.00023333    3   A-    62
    0    1    1   16   10    7    2106.93629917    0.00008486    7   A+    60
    0    0    1   44    9   36    2106.98303423    0.00014142    2   B-    51
    0    1    1   27    2   25    2107.22673489    0.00008703    6   A+    75
    0    1    1   21    8   13    2107.71950857    0.00008849    5   A+    74
    1    0    0   34   19   15    2108.71557570    0.00020000    1   C-    66
    0    2    0   60    0   60    2108.72252955    0.00020000    1   C-    23
    0    0    1   45    8   37    2108.83384700    0.00014142    2   B-    47
    0    0    1   37   14   23    2108.85384622    0.00014142    2   B-    61
    0    0    1   43   10   33    2109.30710817    0.00014142    2   B-    49
    0    1    1   19    9   10    2109.81768505    0.00007775    7   A+    66
    1    0    0   39   17   23    2110.74126578    0.00020000    1   C-    57
    0    2    0   48   14   34    2110.91933619    0.00020000    1   C-    43
    0    1    1   23    7   16    2111.48785708    0.00008022    6   A+    71
    1    1    0   36    4   32    2112.18101330    0.00020000    1   C-    66
    1    1    0   37    3   35    2112.51105932    0.00014110    4   A-    62
    0    2    0   52   11   41    2112.87079632    0.00020000    1   C-    34
    1    1    0   23   13   11    2112.97437751    0.00012702    4   A-    76
    0    1    1   13   11    2    2113.01142820    0.00008156    6   A+    49
    0    1    1   28    2   27    2113.65114408    0.00009502    5   A+    70
    0    1    0   42   25   17    2114.01049084    0.00020000    1   C-    52
    0    2    0   54    9   45    2114.40233635    0.00020000    1   C-    31
    0    0    1   33   16   17    2114.47534241    0.00020000    1   C-    70
    0    0    1   39   13   26    2114.50766110    0.00020000    1   C-    54
    1    0    0   55    3   53    2114.68717951    0.00020000    1   C-    29
    0    1    1   27    3   24    2114.78482626    0.00010741    5   A+    69
    0    0    1   46    7   40    2114.90679274    0.00018736    2   B-    46
    0    0    1   24   19    6    2114.97516674    0.00020000    1   C-    77
    1    1    0   28   11   17    2115.53529528    0.00013402    4   A-    71
    1    1    0   34    7   27    2115.54737970    0.00048305    2   B-    67
    0    0    1   42   11   32    2115.63421115    0.00020000    1   C-    53
    0    1    1   29    0   29    2115.69588423    0.00011679    5   A+    72
    1    1    0   20   14    6    2115.88683409    0.00015703    3   A-    74
    1    0    0   28   21    7    2115.97687238    0.00020000    1   C-    72
    0    0    1   47    5   42    2116.09051797    0.00014142    2   B-    41
    0    1    0   39   26   14    2116.41576044    0.00020000    1   C-    56
    0    0    1   48    4   45    2116.41591177    0.00020000    1   C-    41
    1    1    0   35    6   30    2116.51574342    0.00018058    2   B-    64
    1    0    0   24   22    2    2116.62565227    0.00020000    1   C-    78
    1    1    0   16   15    1    2116.88878583    0.00014483    2   A-    61
    1    1    0   38    1   37    2117.03948369    0.00026505    2   A-    59
    1    0    0   53    6   48    2117.68749950    0.00020000    1   C-    31
    0    1    1   17   10    7    2117.73223994    0.00007745    8   A+    66
    1    1    0   30   10   20    2117.92030587    0.00014142    2   B-    75
    0    2    0   51   12   40    2118.55392655    0.00020000    1   C-    34
    1    1    0   33    8   26    2118.80649242    0.00015782    3   B-    65
    1    1    0   39    1   39    2118.86969673    0.00011922    3   A-    58
    1    1    0   26   12   14    2118.97840982    0.00020000    1   C-    77
    0    0    1   20   20    1    2119.10184560    0.00020000    1   C-    69
    0    1    1   26    5   22    2119.76125886    0.00009147    6   A+    78
    0    2    0   43   17   27    2121.05678895    0.00020000    1   C-    51
    0    1    1   25    6   19    2121.21346661    0.00008292    7   A+    75
    1    0    0   57    1   57    2121.38258428    0.00020000    1   C-    25
    0    1    1   22    8   15    2121.70227173    0.00009136    6   A+    72
    0    1    1   14   11    4    2121.90220444    0.00010338    6   A+    62
    0    2    0   45   16   30    2122.30979873    0.00020000    1   C-    45
    0    1    1   20    9   12    2122.52266483    0.00012655    4   A-    76
    1    1    0   36    5   31    2123.23803003    0.00021000    1   C-    63
    0    1    1   27    4   23    2123.53755311    0.00009976    5   A+    76
    0    0    1   28   18   11    2123.94447970    0.00020000    1   C-    73
    0    1    0   32   28    4    2125.46627409    0.00014142    2   C-    72
    0    0    1   31   17   14    2125.66952732    0.00023400    2   B-    68
    0    0    1   41   12   29    2125.87216097    0.00014142    2   B-    55
    1    1    0   32    9   23    2126.19283233    0.00013066    3   B-    70
    0    1    1   24    7   18    2126.75838979    0.00008650    6   A+    79
    0    1    1   28    3   26    2127.05167973    0.00021826    3   A-    77
    1    1    0   17   15    3    2127.68001811    0.00011730    3   A-    67
    1    1    0   24   13   11    2128.20416444    0.00013115    3   A-    74
    0    0    1   47    6   41    2128.21985100    0.00019306    2   B-    44
    0    0    1   50    2   49    2128.92114160    0.00014142    2   B-    38
    1    1    0   37    4   34    2129.04822949    0.00014142    2   B-    60
    0    1    1   18   10    9    2129.16420620    0.00009972    6   A+    65
    1    1    0   21   14    8    2129.21413393    0.00014142    2   B-    68
    0    2    0   47   15   33    2129.33192713    0.00020000    1   C-    45
    1    0    0   54    4   50    2129.90595317    0.00036492    2   B-    33
    0    0    1   25   19    6    2130.89790043    0.00011547    3   B-    71
    0    0    1   51    0   51    2131.14528595    0.00014142    2   B-    37
    0    1    1   29    1   28    2131.23309744    0.00008849    5   A+    70
    0    1    1   15   11    4    2131.42841043    0.00010986    6   A+    56
    0    0    1   36   15   22    2131.75772174    0.00014142    2   B-    68
    0    0    1   21   20    1    2132.48302166    0.00014142    2   B-    75
    1    0    0   25   22    4    2132.53880699    0.00020000    1   C-    72
    0    0    1   38   14   25    2133.02561117    0.00011547    3   B-    60
    0    1    1   30    1   30    2133.42401778    0.00010000    4   A-    76
    1    1    0   29   11   19    2133.94209050    0.00020000    1   C-    73
    1    0    0   29   21    9    2134.42509264    0.00020000    1   C-    74
    0    1    0   48   23   25    2134.75278823    0.00020000    1   C-    42
    0    0    1   45    9   36    2135.71319920    0.00020644    2   B-    47
    1    1    0   38    2   36    2135.77515459    0.00012159    4   A-    64
    0    1    1   21    9   12    2135.86393906    0.00008757    5   A+    70
    0    0    1   34   16   19    2136.10698491    0.00014142    2   B-    69
    1    1    0   27   12   16    2136.11254236    0.00010000    4   B-    71
    0    1    1   23    8   15    2136.32289437    0.00009904    6   A+    77
    0    0    1   48    5   44    2136.52350362    0.00014142    2   B-    45
    0    1    1   27    5   22    2137.15871214    0.00010237    4   A-    72
    0    0    1   44   10   35    2137.35347301    0.00014142    2   B-    47
    1    1    0   31   10   22    2137.60493979    0.00018172    3   B-    69
    0    1    1   26    6   21    2137.78745072    0.00011338    5   A+    73
    1    1    0   35    7   29    2137.85696153    0.00014142    2   B-    68
    0    0    1   46    8   39    2138.24064754    0.00014142    2   B-    46
    1    1    0   18   15    3    2139.10572045    0.00015426    3   A-    66
    1    1    0   36    6   30    2139.73977160    0.00017003    3   B-    70
    0    0    1   40   13   28    2139.95482464    0.00015932    2   B-    59
    0    1    1   28    4   25    2140.09967860    0.00011862    5   A+    74
    1    1    0   34    8   26    2140.44121066    0.00020000    1   C-    71
    1    1    0   39    2   38    2140.57502643    0.00011547    3   B-    57
    1    0    0   55    4   52    2141.17703586    0.00021000    1   C-    28
    0    1    1   19   10    9    2141.23184798    0.00007749    8   A+    71
    0    1    1   16   11    6    2141.59001870    0.00011114    4   A-    68
    0    1    0   40   26   14    2142.01332792    0.00020000    1   C-    61
    1    1    0   40    0   40    2142.36950316    0.00010241    4   A-    62
    0    0    1   29   18   11    2142.40589108    0.00013347    3   B-    75
    0    1    1   12   12    1    2142.62033479    0.00010464    4   A-    50
    0    1    1   25    7   18    2142.66947350    0.00008663    7   A+    73
    0    0    1   43   11   32    2143.01661136    0.00014142    2   B-    49
    1    1    0   22   14    8    2143.17621327    0.00014519    3   A-    78
    0    1    1   29    2   27    2143.69428600    0.00009244    5   A+    76
    1    1    0   25   13   13    2144.06849938    0.00019082    2   B-    78
    1    1    0   37    5   33    2145.20336042    0.00016468    3   B-    64
    0    0    1   47    7   40    2145.62789524    0.00014142    2   B-    42
    0    2    0   54   10   44    2145.97187943    0.00020000    1   C-    34
    0    0    1   32   17   16    2146.03424185    0.00020000    1   C-    75
    0    0    1   22   20    3    2146.50107056    0.00011547    3   B-    73
    0    2    0   53   11   43    2146.73059874    0.00020000    1   C-    34
    0    0    1   49    3   46    2146.74767913    0.00014142    2   B-    39
    1    1    0   33    9   25    2147.16547121    0.00014142    2   B-    72
    0    0    1   26   19    8    2147.45641923    0.00011547    3   B-    79
    1    0    0   56    2   54    2148.65587051    0.00020000    1   C-    30
    1    0    0   26   22    4    2149.08619517    0.00020000    1   C-    80
    0    2    0   44   17   27    2149.10890440    0.00020000    1   C-    49
    0    1    1   30    2   29    2149.69400265    0.00009024    5   A+    71
    0    1    1   22    9   14    2149.84265476    0.00020000    1   C-    80
    1    1    0   38    3   35    2150.83618148    0.00011547    3   B-    61
    0    1    1   13   12    1    2150.87732201    0.00014827    4   A-    58
    1    1    0   19   15    5    2151.16681201    0.00014483    2   A-    72
    0    1    1   24    8   17    2151.58229600    0.00009082    5   A+    75
    0    1    1   31    0   31    2151.72502914    0.00009016    6   A+    73
    0    1    1   29    3   26    2152.21842058    0.00010755    5   A+    71
    0    1    1   17   11    6    2152.38684425    0.00007884    8   A+    62
    0    0    1   42   12   31    2152.60141356    0.00014142    2   B-    54
    1    1    0   30   11   19    2152.98489999    0.00014142    2   B-    72
    1    0    0   30   21    9    2153.51076503    0.00020000    1   C-    73
    1    0    0   36   19   17    2153.84493469    0.00020000    1   C-    66
    1    1    0   28   12   16    2153.88182890    0.00015614    4   B-    79
    0    1    1   20   10   11    2153.93566939    0.00008190    9   A+    70
    0    0    1   50    3   48    2154.61993739    0.00014142    2   B-    42
    0    1    1   28    5   24    2154.92366938    0.00012699    4   A-    80
    0    1    1   27    6   21    2155.01702826    0.00013380    4   A-    77
    0    0    1   37   15   22    2155.29437056    0.00020000    1   C-    62
    1    0    0   58    0   58    2155.33475501    0.00021000    1   C-    26
    0    0    1   48    6   43    2155.61045096    0.00014142    2   B-    43
    1    1    0   23   14   10    2157.77362859    0.00017050    3   A-    72
    0    0    1   39   14   25    2157.83371483    0.00014142    2   B-    61
    1    1    0   32   10   22    2157.92779465    0.00020000    1   C-    76
    0    0    1   35   16   19    2158.37436059    0.00014142    2   B-    70
    0    1    1   26    7   20    2159.22138296    0.00008828    7   A+    81
    0    0    1   51    1   50    2159.43943118    0.00013837    3   B-    37
    0    1    1   14   12    3    2159.76964107    0.00014225    4   A-    57
    1    1    0   39    3   37    2160.15725260    0.00013235    4   B-    62
    0    1    1   29    4   25    2160.68406022    0.00010901    5   A+    78
    1    1    0   36    7   29    2160.83458415    0.00014142    2   B-    67
    1    0    0   54    6   48    2161.06182472    0.00036219    2   B-    35
    0    0    1   23   20    3    2161.15620345    0.00019058    2   B-    78
    0    0    1   30   18   13    2161.50321227    0.00014142    2   B-    74
    0    0    1   52    1   52    2161.65848073    0.00014142    2   B-    39
    1    0    0   41   17   25    2162.19851350    0.00020000    1   C-    57
    1    1    0   35    8   28    2162.71809261    0.00041041    2   B-    65
    1    1    0   37    6   32    2163.19680954    0.00020000    1   C-    64
    0    1    1   18   11    8    2163.81945084    0.00012656    6   A+    73
    1    1    0   20   15    5    2163.86255455    0.00014483    2   A-    71
    0    1    1   30    3   28    2164.11205947    0.00009511    5   A+    78
    0    1    1   23    9   14    2164.45777835    0.00009206    5   A+    74
    0    0    1   27   19    8    2164.65089699    0.00020000    1   C-    73
    1    1    0   40    1   39    2164.66583842    0.00016196    3   A-    59
    0    0    1   46    9   38    2165.08521180    0.00014142    2   B-    51
    1    0    0   55    5   51    2165.22557497    0.00021000    1   C-    32
    0    0    1   49    4   45    2165.83033883    0.00029207    2   B-    42
    0    0    1   41   13   28    2166.03973018    0.00014142    2   B-    54
    0    0    1   45   10   35    2166.04159915    0.00020000    1   C-    49
    1    0    0   27   22    6    2166.27126739    0.00020000    1   C-    74
    1    1    0   41    1   41    2166.44796274    0.00014298    3   A-    58
    0    0    1   33   17   16    2167.03388559    0.00014142    2   B-    69
    0    1    1   21   10   11    2167.27581265    0.00008913    6   A+    76
    0    1    1   25    8   17    2167.47993141    0.00009432    5   A+    79
    1    1    0   16   16    0    2168.00801382    0.00022996    3   A-    71
    0    0    1   47    8   39    2168.38425801    0.00014142    2   B-    47
    0    1    0   34   28    6    2168.40342919    0.00020000    1   C-    72
    0    1    1   31    1   30    2168.50025743    0.00008818    6   A+    71
    0    1    1   15   12    3    2169.29773827    0.00010367    7   A+    65
    0    1    1   32    1   32    2170.61131827    0.00011263    4   A-    77
    0    0    1   44   11   34    2171.03841341    0.00014142    2   B-    53
    1    1    0   38    5   33    2172.05857775    0.00014142    2   B-    63
    1    1    0   29   12   18    2172.28670809    0.00014142    2   B-    73
    1    0    0   23   23    1    2172.32942820    0.00021000    1   C-    79
    1    1    0   31   11   21    2172.66437356    0.00020000    1   C-    74
    0    1    1   28    6   23    2172.87538908    0.00014178    4   A-    75
    1    1    0   24   14   10    2173.00559890    0.00014142    2   B-    80
    1    0    0   31   21   11    2173.22992683    0.00020000    1   C-    75
    0    1    1   29    5   24    2173.74544069    0.00008022    6   A+    74
    0    0    1   48    7   42    2175.86779539    0.00014142    2   B-    46
    1    0    0   54    7   47    2175.86917454    0.00020000    1   C-    33
    0    1    1   19   11    8    2175.88804411    0.00008522    7   A+    67
    0    1    1   27    7   20    2176.41491108    0.00008515    7   A+    75
    0    0    1   24   20    5    2176.44729138    0.00019104    3   B-    76
    1    1    0   21   15    7    2177.19312143    0.00016424    3   A-    77
    1    1    0   27   13   15    2177.70317110    0.00012109    3   A-    80
    0    1    1   30    4   27    2177.73717923    0.00010000    4   A-    76
    0    0    1   50    4   47    2178.07828503    0.00014142    2   B-    41
    1    1    0   17   16    2    2178.80185794    0.00021000    1   C-    65
    1    1    0   33   10   24    2178.88741143    0.00018253    3   B-    70
    0    1    1   16   12    5    2179.46097149    0.00008992    7   A+    64
    0    0    1   38   15   24    2179.46676977    0.00014142    2   B-    68
    0    1    1   24    9   16    2179.71058076    0.00011614    4   A-    82
    0    0    1   49    5   44    2179.71417673    0.00014142    2   B-    41
    0    0    1   43   12   31    2179.96897677    0.00014142    2   B-    55
    0    0    1   31   18   13    2181.23699298    0.00013209    3   B-    76
    0    1    1   22   10   13    2181.25224644    0.00007670    8   A+    74
    0    0    1   36   16   21    2181.27755283    0.00014142    2   B-    69
    0    2    0   47   16   32    2181.60810773    0.00020000    1   C-    46
    0    1    1   31    2   29    2182.43482524    0.00008849    5   A+    77
    0    0    1   28   19   10    2182.48257677    0.00014142    2   B-    81
    0    0    1   40   14   27    2183.27864800    0.00020000    1   C-    60
    0    1    1   26    8   19    2184.01695683    0.00009271    5   A+    77
    1    0    0   28   22    6    2184.09205514    0.00020000    1   C-    82
    1    1    0   37    7   31    2184.42841472    0.00014142    2   B-    68
    1    1    0   40    2   38    2184.68618407    0.00013042    3   B-    64
    1    1    0   36    8   28    2185.63840834    0.00014142    2   B-    71
    0    0    1   51    2   49    2185.71962617    0.00020000    1   C-    40
    1    0    0   24   23    1    2187.61145277    0.00021000    1   C-    77
    1    1    0   38    6   32    2187.88358641    0.00017062    3   B-    70
    0    1    1   32    2   31    2188.06627645    0.00008470    6   A+    72
    0    1    1   20   11   10    2188.59229634    0.00012223    4   A-    78
    0    0    1   34   17   18    2188.66983821    0.00014142    2   B-    75
    1    1    0   25   14   12    2188.87257145    0.00013051    3   B-    74
    1    1    0   41    2   40    2189.35270399    0.00020000    1   C-    57
    1    0    0   59    1   59    2189.86335708    0.00020000    1   C-    25
    0    1    1   33    0   33    2190.07321540    0.00008383    6   A+    73
    1    1    0   18   16    2    2190.23125249    0.00012208    3   A-    76
    0    1    1   17   12    5    2190.25951661    0.00008087    7   A+    71
    0    0    1   52    2   51    2190.53718585    0.00020000    1   C-    37
    1    1    0   35    9   27    2191.02864043    0.00016562    2   B-    72
    1    1    0   42    0   42    2191.10465006    0.00013762    3   A-    59
    1    1    0   22   15    7    2191.15861868    0.00014142    2   B-    75
    1    1    0   30   12   18    2191.32716805    0.00011547    3   B-    80
    0    1    1   29    6   23    2191.40742386    0.00007991    7   A+    79
    0    0    1   49    6   43    2191.72743690    0.00014142    2   B-    45
    0    1    1   13   13    0    2191.93627249    0.00009868    4   A-    53
    0    1    1   31    3   28    2192.18289212    0.00009823    6   A+    72
    0    0    1   25   20    5    2192.37566243    0.00011924    3   B-    80
    0    1    1   30    5   26    2192.67049261    0.00013329    3   A-    81
    0    0    1   53    0   53    2192.75060068    0.00014142    2   B-    37
    1    1    0   32   11   21    2192.97978790    0.00014142    2   B-    73
    1    0    0   32   21   11    2193.58591695    0.00020000    1   C-    74
    0    1    1   28    7   22    2194.25006658    0.00008968    6   A+    83
    1    1    0   39    5   35    2194.40109227    0.00014142    2   B-    64
    0    0    1   47    9   38    2195.10899048    0.00014142    2   B-    47
    0    0    1   46   10   37    2195.37237496    0.00020000    1   C-    47
    1    1    0   28   13   15    2195.47299955    0.00011584    4   A-    78
    0    1    1   25    9   16    2195.60105678    0.00016637    3   A-    76
    0    1    1   23   10   13    2195.86506279    0.00010057    7   A+    80
    0    0    1   21   21    0    2196.86296236    0.00020000    1   C-    71
    0    0    1   48    8   41    2199.06416432    0.00014142    2   B-    46
    0    0    1   50    5   46    2199.25027249    0.00020000    1   C-    45
    0    0    1   45   11   34    2199.70007406    0.00028685    2   B-    49
    1    0    0   56    4   52    2199.88979846    0.00015154    2   B-    33
    1    1    0   34   10   24    2200.48537085    0.00014142    2   B-    77
    0    1    1   31    4   27    2200.59710429    0.00009118    6   A+    79
    0    1    1   14   13    2    2200.83087675    0.00016424    3   A-    66
    0    0    1   29   19   10    2200.95026568    0.00020000    1   C-    75
    0    1    1   27    8   19    2201.19322012    0.00011594    4   A-    81
    1    1    0   40    3   37    2201.32969729    0.00012763    4   B-    61
    0    0    1   32   18   15    2201.60691903    0.00014142    2   B-    75
    0    1    1   18   12    7    2201.69401579    0.00007913    8   A+    70
    0    1    1   21   11   10    2201.93238455    0.00011398    5   A+    72
    1    1    0   19   16    4    2202.29521499    0.00014142    2   B-    70
    1    0    0   29   22    8    2202.54753519    0.00020000    1   C-    76
    1    0    0   25   23    3    2203.53063615    0.00021000    1   C-    81
    0    1    1   32    3   30    2203.56051876    0.00010000    4   A-    79
    0    0    1   39   15   24    2204.27526953    0.00014142    2   B-    62
    0    0    1   37   16   21    2204.81652578    0.00020000    1   C-    70
    1    1    0   26   14   12    2205.37361574    0.00013802    3   B-    82
    1    1    0   23   15    9    2205.75821458    0.00020000    1   C-    81
    0    0    1   44   12   33    2207.97533020    0.00020000    1   C-    54
    0    1    1   33    1   32    2208.07187398    0.00013266    4   A-    72
    0    0    1   49    7   42    2208.25065973    0.00014142    2   B-    42
    1    1    0   38    7   31    2208.71679211    0.00020595    2   B-    67
    0    0    1   26   20    7    2208.94041272    0.00014142    2   B-    78
    1    1    0   37    8   30    2209.19979173    0.00014142    2   B-    65
    0    0    1   41   14   27    2209.35964730    0.00014142    2   B-    61
    0    0    1   51    3   48    2209.64833895    0.00014142    2   B-    39
    0    1    1   34    1   34    2210.11803346    0.00008862    6   A+    78
    1    1    0   41    3   39    2210.13019571    0.00019929    2   B-    62
    0    1    1   15   13    2    2210.36088963    0.00009239    5   A+    60
    0    1    1   30    6   25    2210.54783213    0.00010931    4   A-    77
    1    0    0   57    4   54    2210.89042182    0.00021000    1   C-    28
    0    0    1   35   17   18    2210.94180623    0.00020000    1   C-    69
    1    1    0   31   12   20    2211.00303120    0.00014142    2   B-    74
    0    1    1   24   10   15    2211.11462120    0.00011344    3   A-    78
    0    1    1   26    9   18    2212.12895544    0.00009181    5   A+    84
    1    1    0   39    6   34    2212.46857262    0.00020000    1   C-    64
    0    1    1   29    7   22    2212.72899322    0.00010092    5   A+    77
    0    1    1   31    5   26    2213.00911979    0.00013299    5   A+    75
    0    1    1   19   12    7    2213.76410563    0.00008575    7   A+    76
    1    1    0   29   13   17    2213.87806889    0.00013810    3   B-    82
    1    1    0   36    9   27    2213.92004147    0.00014142    2   B-    71
    1    1    0   33   11   23    2213.93149551    0.00027841    2   B-    75
    1    0    0   33   21   13    2214.57578236    0.00020000    1   C-    76
    1    1    0   42    1   41    2214.60341326    0.00014142    2   B-    59
    1    1    0   20   16    4    2214.99430102    0.00023455    3   B-    81
    0    1    1   22   11   12    2215.90868242    0.00011721    6   A+    83
    1    1    0   43    1   43    2216.33981382    0.00014142    2   B-    58
    0    0    1   52    3   50    2217.41402707    0.00014142    2   B-    42
    0    1    1   32    4   29    2217.87484110    0.00009601    6   A+    77
    1    0    0   58    2   56    2218.32978014    0.00020000    1   C-    30
    0    0    1   50    6   45    2219.00586669    0.00014142    2   B-    43
    0    1    1   28    8   21    2219.00944529    0.00012117    3   A-    79
    0    0    1   30   19   12    2220.05414568    0.00020000    1   C-    82
    1    0    0   26   23    3    2220.08569224    0.00021000    1   C-    79
    0    1    1   16   13    4    2220.52633983    0.00010199    5   A+    73
    1    1    0   24   15    9    2220.99330601    0.00014142    2   B-    79
    0    0    1   53    1   52    2222.21298990    0.00014142    2   B-    36
    0    0    1   33   18   15    2222.61247585    0.00020000    1   C-    77
    1    1    0   35   10   26    2222.72068141    0.00013699    3   B-    71
    0    2    0   50   15   35    2223.03709738    0.00020000    1   C-    44
    0    1    1   33    2   31    2223.43150441    0.00009243    6   A+    78
    1    1    0   40    5   35    2223.66586189    0.00020000    1   C-    63
    0    0    1   54    1   54    2224.42178062    0.00014142    2   B-    39
    1    0    0   60    0   60    2224.96872425    0.00021000    1   C-    26
    0    0    1   47   10   37    2225.34616546    0.00014142    2   B-    49
    0    0    1   23   21    2    2225.54753227    0.00020000    1   C-    75
    0    0    1   48    9   40    2225.77114163    0.00019118    2   B-    51
    0    0    1   27   20    7    2226.14203238    0.00020000    1   C-    82
    0    1    1   20   12    9    2226.46953959    0.00009661    7   A+    75
    0    1    1   25   10   15    2227.00095386    0.00010099    5   A+    82
    1    1    0   21   16    6    2228.32893527    0.00020000    1   C-    75
    1    1    0   41    4   38    2228.74349170    0.00014142    2   B-    60
    0    1    1   34    2   33    2228.76358456    0.00010000    4   A-    73
    0    0    1   38   16   23    2228.99193409    0.00014142    2   B-    69
    0    0    1   46   11   36    2229.00272653    0.00014142    2   B-    53
    0    1    1   27    9   18    2229.29518844    0.00009089    6   A+    78
    0    0    1   40   15   26    2229.71990004    0.00020000    1   C-    68
    0    0    1   51    4   47    2230.28297125    0.00014142    2   B-    42
    0    1    1   31    6   25    2230.39551521    0.00009194    6   A+    80
    0    1    1   23   11   12    2230.52099045    0.00010537    5   A+    77
    0    0    1   49    8   41    2230.55760080    0.00014142    2   B-    47
    0    1    1   35    0   35    2230.74022875    0.00010000    4   A-    73
    1    1    0   32   12   20    2231.31539932    0.00018346    3   B-    81
    0    1    1   17   13    4    2231.32749837    0.00013092    6   A+    67
    0    1    1   30    7   24    2231.84920042    0.00010455    5   A+    84
    1    1    0   30   13   17    2232.91815183    0.00017504    3   B-    80
    0    1    1   32    5   28    2232.99639594    0.00010762    5   A+    82
    1    1    0   17   17    1    2233.05090670    0.00012286    3   B-    73
    1    1    0   38    8   30    2233.40762280    0.00020000    1   C-    71
    1    1    0   39    7   33    2233.58879831    0.00014142    2   B-    68
    0    0    1   36   17   20    2233.84947369    0.00020000    1   C-    75
    1    0    0   56    6   50    2233.87902664    0.00020000    1   C-    35
    0    1    1   33    3   30    2234.60421833    0.00010203    5   A+    73
    1    1    0   34   11   23    2235.52034150    0.00022087    2   B-    74
    1    1    0   42    2   40    2235.88365158    0.00020000    1   C-    64
    0    0    1   42   14   29    2236.07716544    0.00020000    1   C-    60
    1    0    0   57    5   53    2236.12050272    0.00021000    1   C-    32
    0    0    1   45   12   33    2236.61986501    0.00019516    2   B-    55
    1    0    0   27   23    5    2237.27628549    0.00021000    1   C-    83
    1    1    0   37    9   29    2237.45175996    0.00020000    1   C-    72
    0    1    1   29    8   21    2237.46560791    0.00010372    6   A+    83
    1    1    0   40    6   34    2238.71956403    0.00014142    2   B-    70
    0    0    1   50    7   44    2239.41732804    0.00016970    2   B-    46
    0    0    1   31   19   12    2239.79370512    0.00014142    2   B-    76
    0    1    1   21   12    9    2239.81083665    0.00016845    3   A-    81
    1    1    0   28   14   14    2240.28198685    0.00015976    3   B-    84
    1    1    0   43    2   42    2240.44300858    0.00020000    1   C-    57
    0    0    1   24   21    4    2240.84570108    0.00014142    2   B-    85
    1    0    0   31   22   10    2241.36604972    0.00020000    1   C-    77
    0    0    1   52    4   49    2242.06005889    0.00014142    2   B-    41
    1    1    0   44    0   44    2242.15338280    0.00020000    1   C-    59
    1    1    0   22   16    6    2242.29707675    0.00013238    3   B-    86
    0    1    1   18   13    6    2242.76365301    0.00011694    5   A+    79
    0    1    1   33    4   29    2243.25340781    0.00009808    5   A+    80
    0    1    1   26   10   17    2243.52456115    0.00009485    5   A+    80
    0    0    1   28   20    9    2243.97977871    0.00023791    2   B-    80
    0    0    1   34   18   17    2244.25390570    0.00020000    1   C-    76
    1    1    0   18   17    1    2244.48358009    0.00020000    1   C-    72
    0    1    1   14   14    1    2245.06171576    0.00010961    4   A-    61
    0    1    1   34    3   32    2245.37793547    0.00010232    5   A+    80
    1    1    0   36   10   26    2245.59451295    0.00020000    1   C-    77
    0    0    1   51    5   46    2245.76066281    0.00014142    2   B-    41
    0    1    1   24   11   14    2245.76953793    0.00009205    7   A+    86
    1    1    0   41    5   37    2246.10383162    0.00022429    2   B-    64
    0    1    1   28    9   20    2247.09961554    0.00009178    6   A+    86
    0    0    1   44   13   32    2248.11632033    0.00014142    2   B-    60
    0    0    1   53    2   51    2249.67326951    0.00020000    1   C-    39
    0    1    1   35    1   34    2249.95164191    0.00009056    6   A+    73
    0    1    1   32    6   27    2250.80838528    0.00009550    5   A+    78
    0    1    1   31    7   24    2251.61651140    0.00008580    6   A+    78
    0    1    1   36    1   36    2251.94376535    0.00009005    6   A+    78
    1    1    0   33   12   22    2252.26314469    0.00014795    3   B-    75
    1    1    0   31   13   19    2252.59378907    0.00020000    1   C-    83
    1    1    0   26   15   11    2253.36720759    0.00011547    3   B-    81
    0    1    1   22   12   11    2253.78820250    0.00007706    8   A+    79
    0    0    1   39   16   23    2253.80268464    0.00014142    2   B-    70
    1    1    0   42    3   39    2254.05213310    0.00020000    1   C-    61
    0    0    1   54    2   53    2254.46726032    0.00020000    1   C-    37
    0    1    1   15   14    1    2254.59436545    0.00013743    3   A-    69
    0    1    1   19   13    6    2254.83610291    0.00009128    6   A+    73
    0    1    1   33    5   28    2254.98686769    0.00012316    4   A-    76
    1    0    0   28   23    5    2255.10388713    0.00021000    1   C-    81
    0    2    0   51   15   37    2255.54718037    0.00020000    1   C-    44
    0    0    1   41   15   26    2255.80045177    0.00020000    1   C-    62
    0    0    1   48   10   39    2255.96260731    0.00014142    2   B-    47
    1    1    0   19   17    3    2256.55104178    0.00020000    1   C-    78
    0    1    1   30    8   23    2256.56235579    0.00012114    5   A+    81
    0    0    1   55    0   55    2256.67112707    0.00014142    2   B-    36
    0    0    1   25   21    4    2256.78042740    0.00020000    1   C-    78
    1    1    0   23   16    8    2256.90108721    0.00020000    1   C-    79
    0    0    1   49    9   40    2257.09312532    0.00014142    2   B-    47
    0    0    1   37   17   20    2257.39280001    0.00020000    1   C-    69
    1    1    0   35   11   25    2257.74561920    0.00013077    3   B-    75
    0    0    1   51    6   45    2258.00294223    0.00014142    2   B-    45
    1    1    0   39    8   32    2258.25603197    0.00020000    1   C-    65
    1    1    0   29   14   16    2258.68834076    0.00016900    3   B-    78
    0    0    1   47   11   36    2258.94525099    0.00014142    2   B-    49
    1    1    0   40    7   33    2259.20389622    0.00019222    2   B-    67
    0    0    1   32   19   14    2260.16989205    0.00018881    2   B-    83
    0    1    1   34    4   31    2260.48800154    0.00010000    4   A-    78
    1    0    0   61    1   61    2260.65318202    0.00020000    1   C-    25
    0    1    1   27   10   17    2260.68498589    0.00009436    7   A+    84
    1    1    0   38    9   29    2261.62452487    0.00020000    1   C-    71
    0    1    1   25   11   14    2261.65396365    0.00010234    6   A+    80
    1    0    0   32   22   10    2261.72811147    0.00014483    2   C-    84
    1    1    0   43    3   41    2262.42284547    0.00012281    3   B-    61
    0    0    1   29   20    9    2262.45385474    0.00014142    2   B-    84
    0    0    1   50    8   43    2262.49039348    0.00032784    2   B-    46
    0    0    1   43   14   29    2263.43179828    0.00014142    2   B-    62
    1    1    0   41    6   36    2264.32349719    0.00020000    1   C-    64
    0    0    1   52    5   48    2264.34490868    0.00014142    2   B-    45
    0    1    1   16   14    3    2264.76268533    0.00008757    5   A+    68
    0    1    1   29    9   20    2265.54304978    0.00009013    5   A+    80
    0    0    1   46   12   35    2265.90341118    0.00014142    2   B-    54
    0    0    1   35   18   17    2266.53122592    0.00014142    2   B-    77
    0    1    1   35    2   33    2266.68420142    0.00008022    6   A+    78
    1    1    0   44    1   43    2266.85266387    0.00020000    1   C-    58
    0    1    1   20   13    8    2267.54385416    0.00008247    8   A+    84
    0    1    1   23   12   11    2268.40108342    0.00011547    3   A-    85
    1    1    0   45    1   45    2268.54527828    0.00020000    1   C-    57
    1    1    0   37   10   28    2269.10626503    0.00026734    2   B-    71
    1    1    0   20   17    3    2269.25353899    0.00020000    1   C-    77
    1    1    0   27   15   13    2270.50708796    0.00016823    3   B-    85
    0    1    1   36    2   35    2271.78220468    0.00009095    5   A+    73
    0    1    1   33    6   27    2271.99520211    0.00014004    3   A-    81
    0    1    1   32    7   26    2272.02385085    0.00009981    6   A+    85
    1    0    0   58    4   54    2272.11645572    0.00021000    1   C-    33
    1    1    0   24   16    8    2272.13961407    0.00014142    2   B-    90
    1    1    0   32   13   19    2272.90422092    0.00023380    2   B-    81
    0    0    1   26   21    6    2273.35189128    0.00014142    2   B-    87
    1    0    0   29   23    7    2273.56642372    0.00021000    1   C-    85
    0    0    1   51    7   44    2273.63631846    0.00018022    2   B-    42
    0    1    1   37    0   37    2273.72537695    0.00010000    4   A-    73
    1    1    0   34   12   22    2273.84660880    0.00011547    3   B-    82
    0    0    1   53    3   50    2274.83796507    0.00017029    2   B-    39
    0    1    1   17   14    3    2275.56623499    0.00010955    5   A+    76
    0    1    1   34    5   30    2275.89260517    0.00010087    5   A+    83
    0    1    1   31    8   23    2276.30021188    0.00010242    6   A+    84
    0    0    1   45   13   32    2276.75035373    0.00014142    2   B-    54
    0    0    1   22   22    1    2278.16878820    0.00020000    1   C-    81
    0    1    1   26   11   16    2278.17536916    0.00009366    6   A+    88
    0    1    1   28   10   19    2278.48292400    0.00014142    2   C-    82
    0    0    1   40   16   25    2279.24940624    0.00020000    1   C-    69
    0    1    1   35    3   32    2279.40822898    0.00009004    6   A+    74
    1    1    0   36   11   25    2280.60869747    0.00011055    4   B-    74
    0    1    1   21   13    8    2280.88734932    0.00007614    7   A+    78
    0    0    1   33   19   14    2281.18167792    0.00014142    2   B-    77
    0    0    1   30   20   11    2281.56413093    0.00014142    2   B-    82
    0    0    1   38   17   22    2281.57194890    0.00020000    1   C-    75
    0    0    1   42   15   28    2282.51778570    0.00020000    1   C-    68
    0    0    1   54    3   52    2282.51951012    0.00014142    2   B-    42
    1    1    0   21   17    5    2282.59151398    0.00014142    2   B-    83
    1    0    0   33   22   12    2282.72617250    0.00021000    1   C-    78
    1    0    0   59    4   56    2282.90934547    0.00021000    1   C-    28
    2    0    0    2    0    2    2283.35973599    0.00011547    3   B-    19
    0    1    1   24   12   13    2283.65020591    0.00009051    7   A+    83
    2    0    0    1    1    1    2283.72770024    0.00011547    3   B-    11
    0    1    1   30    9   22    2284.62505177    0.00008849    5   A+    88
    0    0    1   52    6   47    2284.87787310    0.00014142    2   B-    43
    2    0    0    2    1    1    2285.09150970    0.00013329    3   B-    11
    1    1    0   41    7   35    2285.34280815    0.00020000    1   C-    68
    1    1    0   39    9   31    2286.43763743    0.00018033    3   B-    72
    2    0    0    3    1    3    2286.75036209    0.00010419    4   B-    21
    0    1    1   18   14    5    2287.00560571    0.00010231    6   A+    75
    0    0    1   49   10   39    2287.22308092    0.00014142    2   B-    49
    0    0    1   55    1   54    2287.29977379    0.00016719    3   B-    35
    2    0    0    4    0    4    2287.75551834    0.00012607    3   B-    29
    1    1    0   25   16   10    2288.01235120    0.00011547    3   B-    83
    1    1    0   28   15   13    2288.28074460    0.00020000    1   C-    83
    0    1    1   35    4   31    2288.60742374    0.00008150    7   A+    80
    0    0    1   50    9   42    2289.04564837    0.00014142    2   B-    51
    1    1    0   44    2   42    2289.37511312    0.00019263    2   B-    64
    0    0    1   36   18   19    2289.44503469    0.00020000    1   C-    76
    0    0    1   56    1   56    2289.49905501    0.00020000    1   C-    38
    0    0    1   48   11   38    2289.52849860    0.00014142    2   B-    53
    0    1    1   36    3   34    2289.54817106    0.00008382    6   A+    80
    2    0    0    4    1    3    2289.68105235    0.00010337    4   B-    21
    2    0    0    2    2    0    2289.97452171    0.00014142    2   B-    20
    0    0    1   27   21    6    2290.56007514    0.00020000    1   C-    80
    0    0    1   44   14   31    2291.42254653    0.00014142    2   B-    60
    2    0    0    3    2    2    2291.86472685    0.00012958    4   B-    13
    2    0    0    5    1    5    2292.18529207    0.00010000    4   B-    31
    1    1    0   42    6   36    2292.28573753    0.00014142    2   B-    70
    1    0    0   30   23    7    2292.66426581    0.00021000    1   C-    83
    0    0    1   23   22    1    2292.83581277    0.00020000    1   C-    87
    0    1    1   33    7   26    2293.08395404    0.00009864    7   A+    79
    1    1    0   38   10   28    2293.25685815    0.00013543    3   B-    77
    0    1    1   34    6   29    2293.66169833    0.00008849    5   A+    79
    1    1    0   45    2   44    2293.84579316    0.00020000    1   C-    57
    1    1    0   33   13   21    2293.84974087    0.00014420    3   B-    84
    0    1    1   37    1   36    2294.14340945    0.00009412    6   A+    73
    2    0    0    4    2    2    2294.40332188    0.00011597    4   B-    30
    2    0    0    6    0    6    2294.62484499    0.00014142    2   B-    39
    0    1    1   22   13   10    2294.86670309    0.00009509    5   A+    89
    0    1    1   27   11   16    2295.33341656    0.00010627    5   A+    82
    0    0    1   51    8   43    2295.36890642    0.00017535    2   B-    47
    1    1    0   46    0   46    2295.51480324    0.00014320    3   B-    58
    0    0    1   47   12   35    2295.82544577    0.00014142    2   B-    55
    1    1    0   35   12   24    2296.06621481    0.00013295    3   B-    76
    0    1    1   38    1   38    2296.08715521    0.00008841    6   A+    78
    1    1    0   22   17    5    2296.56473671    0.00020000    1   C-    82
    0    1    1   32    8   25    2296.67957653    0.00013351    6   A+    82
    2    0    0    6    1    5    2296.88262469    0.00015091    3   B-    31
    1    0    0   62    0   62    2296.91235237    0.00021000    1   C-    25
    0    1    1   29   10   19    2296.91837143    0.00009868    4   A-    86
    0    0    1   53    4   49    2296.94804409    0.00020000    1   C-    42
    1    1    0   31   14   18    2297.40557256    0.00020000    1   C-    80
    2    0    0    5    2    4    2297.53466475    0.00011547    3   B-    23
    0    1    1   19   14    5    2299.08052285    0.00009563    5   A+    82
    0    1    1   25   12   13    2299.53497219    0.00008571    6   A+    88
    0    1    1   35    5   30    2299.71791787    0.00008905    6   A+    77
    2    0    0    7    1    7    2300.02230920    0.00020152    4   B-    41
    2    0    0    3    3    1    2300.12763496    0.00014746    4   B-    22
    1    1    0   43    5   39    2300.28676693    0.00020000    1   C-    64
    0    0    1   31   20   11    2301.31130189    0.00014142    2   B-    85
    2    0    0    6    2    4    2301.39487157    0.00008944    5   B+    40
    1    1    0   18   18    0    2301.83188755    0.00033191    2   B-    84
    0    1    1   15   15    0    2301.97246336    0.00014142    2   C-    64
    2    0    0    4    3    1    2302.65175335    0.00014142    2   B-    22
    0    0    1   34   19   16    2302.82950399    0.00014142    2   B-    84
    2    0    0    8    0    8    2303.91946753    0.00011547    3   B-    49
    1    1    0   37   11   27    2304.10790975    0.00016986    3   B-    75
    0    1    1   31    9   22    2304.34614909    0.00009062    5   A+    82
    1    0    0   34   22   12    2304.35875341    0.00021000    1   C-    85
    1    1    0   26   16   10    2304.52077152    0.00017706    2   B-    92
    0    0    1   41   16   25    2305.33196755    0.00020000    1   C-    70
    0    0    1   52    7   46    2305.54257111    0.00014142    2   B-    46
    0    1    1   36    4   33    2305.55170119    0.00008216    6   A+    78
    2    0    0    7    2    6    2305.71529712    0.00010363    5   B+    33
    2    0    0    5    3    3    2305.80789089    0.00011547    3   B-    32
    0    0    1   46   13   34    2306.02131526    0.00031260    2   B-    60
    0    0    1   39   17   22    2306.38689516    0.00020000    1   C-    69
    2    0    0    8    1    7    2306.68035382    0.00011081    4   B-    41
    1    1    0   29   15   15    2306.68943044    0.00014142    2   B-    87
    0    0    1   24   22    3    2308.14025615    0.00020000    1   C-    85
    0    0    1   54    4   51    2308.35629079    0.00020000    1   C-    41
    0    0    1   28   21    8    2308.40490975    0.00027019    2   B-    89
    1    1    0   44    3   41    2309.00333517    0.00020000    1   C-    61
    0    1    1   23   13   10    2309.48152028    0.00011155    5   A+    82
    2    0    0    6    3    3    2309.59806497    0.00009838    5   B+    32
    0    0    1   43   15   28    2309.87052798    0.00020000    1   C-    62
    1    1    0   41    8   34    2309.89038693    0.00050955    2   B-    65
    2    0    0    9    1    9    2310.24873828    0.00011300    5   A+    50
    2    0    0    8    2    6    2310.98710357    0.00013287    4   B-    50
    1    1    0   23   17    7    2311.17137560    0.00020000    1   C-    88
    0    1    1   20   14    7    2311.79111781    0.00010557    6   A+    81
    1    1    0   40    9   31    2311.89325069    0.00014142    2   B-    71
    0    1    1   16   15    2    2312.14357165    0.00011344    3   A-    78
    0    1    1   37    2   35    2312.20172715    0.00011344    3   A-    77
    1    1    0   42    7   35    2312.31107798    0.00016711    2   B-    67
    1    0    0   31   23    9    2312.39797322    0.00021000    1   C-    86
    0    0    1   37   18   19    2312.99319715    0.00020000    1   C-    78
    0    1    1   28   11   18    2313.12806139    0.00008555    6   A+    90
    1    1    0   19   18    2    2313.90400310    0.00020000    1   C-    77
    2    0    0    7    3    5    2314.01833940    0.00011486    4   B-    42
    0    0    1   53    5   48    2314.14590214    0.00014142    2   B-    41
    2    0    0    4    4    0    2314.20983169    0.00011547    3   B-    31
    0    1    1   34    7   28    2314.77919789    0.00011700    6   A+    86
    1    1    0   34   13   21    2315.43137706    0.00014142    2   B-    82
    2    0    0   10    0   10    2315.58708904    0.00011547    3   B-    58
    0    0    1   55    2   53    2315.93671287    0.00014142    2   B-    39
    0    1    1   30   10   21    2315.99139102    0.00011559    5   A+    84
    0    1    1   26   12   15    2316.05630454    0.00009617    5   A+    86
    0    1    1   35    6   29    2316.22494523    0.00012184    6   A+    81
    2    0    0    9    2    8    2316.39551911    0.00010000    4   B-    43
    1    1    0   45    3   43    2317.03108351    0.00020000    1   C-    61
    0    1    1   38    2   37    2317.11983896    0.00010710    5   A+    73
    2    0    0    5    4    2    2317.36488434    0.00014142    2   B-    24
    0    1    1   33    8   25    2317.70140342    0.00009019    6   A+    85
    1    1    0   32   14   18    2317.71709277    0.00035588    2   B-    87
    1    1    0   39   10   30    2318.04717247    0.00026518    2   B-    71
    1    1    0   43    6   38    2318.75234547    0.00020000    1   C-    64
    1    1    0   36   12   24    2318.92212188    0.00039086    2   B-    82
    0    1    1   39    0   39    2319.02762912    0.00010652    5   A+    73
    2    0    0   10    1    9    2319.05117348    0.00011547    3   B-    50
    2    0    0    8    3    5    2319.08214951    0.00009392    5   B+    42
    0    0    1   50   10   41    2319.12632922    0.00014142    2   B-    47
    0    0    1   45   14   31    2320.04992390    0.00014142    2   B-    62
    0    0    1   56    2   55    2320.71041302    0.00020000    1   C-    37
    0    0    1   49   11   38    2320.75252730    0.00014142    2   B-    49
    2    0    0    6    4    2    2321.15171295    0.00011547    3   B-    41
    0    1    1   36    5   32    2321.34585589    0.00009232    5   A+    83
    1    1    0   46    1   45    2321.41234329    0.00020000    1   C-    58
    1    1    0   27   16   12    2321.66308749    0.00020000    1   C-    85
    0    0    1   51    9   42    2321.67113466    0.00014142    2   B-    47
    0    0    1   32   20   13    2321.69412107    0.00014142    2   B-    83
    2    0    0   11    1   11    2322.85080741    0.00011471    4   A-    59
    0    0    1   57    0   57    2322.90489568    0.00014142    2   B-    36
    0    1    1   17   15    2    2322.95040319    0.00011109    4   A-    71
    1    1    0   47    1   47    2323.06216436    0.00020000    1   C-    57
    2    0    0   10    2    8    2323.22043777    0.00011547    3   B-    59
    0    0    1   25   22    3    2324.08159463    0.00011547    3   B-    90
    0    1    1   32    9   24    2324.70710817    0.00009742    5   A+    89
    0    1    1   24   13   12    2324.73213018    0.00016139    4   A-    93
    2    0    0    9    3    7    2324.76363896    0.00011186    4   B-    51
    0    0    1   35   19   16    2325.11305142    0.00014142    2   B-    78
    0    1    1   21   14    7    2325.13740342    0.00012178    4   A-    87
    2    0    0    7    4    4    2325.57112577    0.00009872    5   B+    34
    1    1    0   30   15   15    2325.73369668    0.00020000    1   C-    85
    1    1    0   24   17    7    2326.41456426    0.00029956    2   B-    86
    0    1    1   37    3   34    2326.52720720    0.00010267    6   A+    74
    1    1    0   20   18    2    2326.61051537    0.00014142    2   B-    89
    1    0    0   35   22   14    2326.62641027    0.00021000    1   C-    79
    0    0    1   29   21    8    2326.88643711    0.00012408    3   B-    82
    0    0    1   53    6   47    2326.98702331    0.00014142    2   B-    45
    1    1    0   38   11   27    2328.24475186    0.00014142    2   B-    74
    0    0    1   52    8   45    2328.51995088    0.00014142    2   B-    46
    2    0    0   11    2   10    2329.56170968    0.00011547    3   B-    52
    2    0    0   12    0   12    2329.58409265    0.00011547    3   B-    66
    2    0    0    8    4    4    2330.62355659    0.00024402    2   B-    51
    2    0    0   10    3    7    2331.11750257    0.00009759    5   B+    51
    0    1    1   29   11   18    2331.55937261    0.00009296    6   A+    84
    0    0    1   54    5   50    2331.78898310    0.00020000    1   C-    45
    0    0    1   40   17   24    2331.83718658    0.00014142    2   B-    75
    0    0    1   42   16   27    2332.04997460    0.00020000    1   C-    69
    2    0    0    5    5    1    2332.21416464    0.00025278    2   B-    33
    1    0    0   32   23    9    2332.76829981    0.00021000    1   C-    84
    0    1    1   27   12   15    2333.21357193    0.00008849    5   A+    90
    2    0    0   12    1   11    2333.96188859    0.00010000    4   B-    59
    0    1    1   18   15    4    2334.39305392    0.00013175    4   A-    85
    0    1    1   31   10   21    2335.70284183    0.00009520    5   A+    87
    0    0    1   47   13   34    2335.93016386    0.00014142    2   B-    54
    2    0    0    6    5    1    2336.00005934    0.00011547    3   B-    33
    0    1    1   38    3   36    2336.05924190    0.00010496    6   A+    80
    2    0    0    9    4    6    2336.30866428    0.00011547    3   B-    44
    0    1    1   37    4   33    2336.59798437    0.00009643    5   A+    80
    1    1    0   42    8   34    2336.68495283    0.00032267    2   B-    71
    0    1    1   35    7   28    2337.13744836    0.00010643    5   A+    80
    0    0    1   38   18   21    2337.17770732    0.00020000    1   C-    76
    1    1    0   35   13   23    2337.64837489    0.00022279    3   B-    85
    2    0    0   13    1   13    2337.81444919    0.00017007    3   B-    67
    0    0    1   44   15   30    2337.85910114    0.00020000    1   C-    68
    1    1    0   41    9   33    2337.98932427    0.00014142    2   B-    72
    2    0    0   11    3    9    2338.04685495    0.00010282    5   B+    60
    2    0    0   12    2   10    2338.12158862    0.00010561    5   B+    67
    1    1    0   33   14   20    2338.66401984    0.00011547    3   B-    81
    0    1    1   36    6   31    2339.10937507    0.00009279    6   A+    79
    0    1    1   22   14    9    2339.11930458    0.00009322    6   A+    86
    0    1    1   34    8   27    2339.36473358    0.00010724    7   A+    83
    1    1    0   28   16   12    2339.44052810    0.00020000    1   C-    93
    1    1    0   21   18    4    2339.95204421    0.00020000    1   C-    82
    2    0    0    7    5    3    2340.41806932    0.00011547    3   B-    43
    0    1    1   25   13   12    2340.61894657    0.00009233    6   A+    86
    0    1    1   39    1   38    2340.64725903    0.00011697    5   A+    73
    0    0    1   26   22    5    2340.66036631    0.00014142    2   B-    88
    0    0    1   53    7   46    2341.81979567    0.00020000    1   C-    42
    1    1    0   25   17    9    2342.29136839    0.00014142    2   B-    91
    0    0    1   55    3   52    2342.32107884    0.00014142    2   B-    38
    1    1    0   37   12   26    2342.41435404    0.00020000    1   C-    76
    0    1    1   40    1   40    2342.54787541    0.00012117    6   A+    77
    2    0    0   10    4    6    2342.62869113    0.00008944    5   B+    60
    0    0    1   33   20   13    2342.71362291    0.00014142    2   B-    86
    1    1    0   40   10   30    2343.47546108    0.00014142    2   B-    78
    2    0    0   13    2   12    2345.19784089    0.00010000    4   B-    60
    1    1    0   31   15   17    2345.41222726    0.00017274    2   B-    88
    2    0    0    8    5    3    2345.46797505    0.00014142    2   B-    43
    0    1    1   33    9   24    2345.70737984    0.00012111    4   A-    83
    2    0    0   12    3    9    2345.72535660    0.00012691    4   B-    60
    2    0    0   14    0   14    2345.88411917    0.00013245    3   B-    74
    0    0    1   30   21   10    2346.00467704    0.00014142    2   B-    91
    0    1    1   19   15    4    2346.47159294    0.00014142    2   A-    78
    0    1    1   37    5   32    2347.23202001    0.00010221    5   A+    77
    0    0    1   36   19   18    2348.03247461    0.00014142    2   B-    84
    1    1    0   44    6   38    2348.61951343    0.00013053    4   B-    70
    0    0    1   46   14   33    2349.31418939    0.00014142    2   B-    60
    1    0    0   36   22   14    2349.52932184    0.00021000    1   C-    85
    1    1    0   47    2   46    2349.56030713    0.00014142    2   B-    57
    2    0    0   11    4    8    2349.58213406    0.00009268    5   B+    53
    0    0    1   56    3   54    2349.93696032    0.00036704    2   B-    42
    0    1    1   30   11   20    2350.62762996    0.00014223    5   A+    92
    0    1    1   28   12   17    2351.00722844    0.00011309    5   A+    88
    2    0    0    9    5    5    2351.15052461    0.00011547    3   B-    53
    1    1    0   48    0   48    2351.18780472    0.00014142    2   B-    58
    2    0    0   14    1   13    2351.36822192    0.00010000    4   B-    67
    0    0    1   51   10   41    2351.67550423    0.00014142    2   B-    49
    0    0    1   50   11   40    2352.61771409    0.00014142    2   B-    54
    1    1    0   39   11   29    2353.01948125    0.00012369    3   B-    75
    0    1    1   38    4   35    2353.03908336    0.00013237    5   A+    78
    0    0    1   54    6   49    2353.19884178    0.00014142    2   B-    43
    0    1    1   23   14    9    2353.73674706    0.00010381    5   A+    92
    1    0    0   33   23   11    2353.77293424    0.00021000    1   C-    87
    2    0    0   13    3   11    2353.86876272    0.00008944    5   B+    68
    1    1    0   22   18    4    2353.92918233    0.00014142    2   B-    94
    2    0    0    6    6    0    2354.13143196    0.00014142    2   B-    42
    0    0    1   57    1   56    2354.69887848    0.00011547    3   B-    35
    0    0    1   52    9   44    2354.91243419    0.00014142    2   B-    52
    2    0    0   15    1   15    2355.12718312    0.00011175    4   B-    75
    2    0    0   14    2   12    2355.69581039    0.00011057    4   B-    75
    0    1    1   32   10   23    2356.05189220    0.00008886    6   A+    85
    0    0    1   58    1   58    2356.88818963    0.00014142    2   B-    38
    1    1    0   45    5   41    2356.92382151    0.00020000    1   C-    64
    0    1    1   26   13   14    2357.14110840    0.00008800    8   A+    95
    2    0    0   12    4    8    2357.17423750    0.00013048    3   B-    68
    2    0    0   10    5    5    2357.46570019    0.00013208    4   B-    53
    0    0    1   49   12   37    2357.58604814    0.00035738    2   B-    55
    1    1    0   29   16   14    2357.85350214    0.00011547    3   B-    87
    0    0    1   27   22    5    2357.87586542    0.00017362    2   B-    92
    0    0    1   41   17   24    2357.92314516    0.00020000    1   C-    69
    2    0    0    7    6    2    2358.54891618    0.00011547    3   B-    35
    0    1    1   20   15    6    2359.18530436    0.00009467    6   A+    90
    0    0    1   43   16   27    2359.40377335    0.00020000    1   C-    70
    0    1    1   39    2   37    2359.99534422    0.00008373    6   A+    77
    0    1    1   36    7   30    2360.11976321    0.00009059    5   A+    86
    1    1    0   36   13   23    2360.50096870    0.00021482    2   B-    83
    0    1    1   35    8   27    2361.67250668    0.00010208    6   A+    86
    0    0    1   39   18   21    2361.99821063    0.00014142    2   B-    78
    0    1    1   16   16    1    2362.64345338    0.00017238    3   A-    74
    0    0    1   53    8   45    2362.83979051    0.00014142    2   B-    47
    2    0    0   14    3   11    2362.93494090    0.00015637    3   B-    68
    0    1    1   37    6   31    2363.10848105    0.00008661    6   A+    81
    2    0    0   15    2   14    2363.28504534    0.00009199    5   B+    68
    2    0    0    8    6    2    2363.59815725    0.00011259    4   B-    52
    1    1    0   43    8   36    2364.10795356    0.00020000    1   C-    65
    2    0    0   11    5    7    2364.41420632    0.00008944    5   B+    62
    2    0    0   16    0   16    2364.47857986    0.00015636    3   A-    82
    1    1    0   42    9   33    2364.72871181    0.00037012    2   B-    71
    0    1    1   40    2   39    2364.77476817    0.00010703    4   A-    73
    2    0    0   13    4   10    2365.39723142    0.00011547    3   B-    61
    1    1    0   32   15   17    2365.72542854    0.00020746    2   B-    86
    0    0    1   31   21   10    2365.75888505    0.00014142    2   B-    85
    0    0    1   55    4   51    2365.83911385    0.00014142    2   B-    42
    0    0    1   48   13   36    2366.47671796    0.00014142    2   B-    60
    0    0    1   45   15   30    2366.48390798    0.00020000    1   C-    62
    1    1    0   38   12   26    2366.54212237    0.00020000    1   C-    82
    0    1    1   41    0   41    2366.64689809    0.00008807    6   A+    73
    0    2    1    2    1    2    2367.03188863    0.00014142    2   B-    21
    0    2    1    3    0    3    2367.29691711    0.00014142    2   B-    23
    0    1    1   34    9   26    2367.34811405    0.00009839    5   A+    90
    1    1    0   44    7   37    2368.05640750    0.00020000    1   C-    67
    1    1    0   23   18    6    2368.54136502    0.00011547    3   B-    87
    0    1    1   24   14   11    2368.99045316    0.00009616    6   A+    90
    0    2    1    3    1    2    2369.16978791    0.00014142    2   B-    14
    2    0    0    9    6    4    2369.27928263    0.00010951    4   B-    45
    0    1    1   38    5   34    2369.33690952    0.00011279    6   A+    83
    0    1    1   29   12   17    2369.43734915    0.00014131    3   A-    92
    1    1    0   41   10   32    2369.54406901    0.00014142    2   B-    71
    0    1    1   31   11   20    2370.33302431    0.00009278    6   A+    86
    2    0    0   16    1   15    2371.21566329    0.00012278    4   B-    75
    0    2    1    4    1    4    2371.27626323    0.00020000    1   C-    32
    0    0    1   37   19   18    2371.58745436    0.00020000    1   C-    78
    2    0    0   12    5    7    2371.99628287    0.00009852    5   B+    62
    2    0    0   15    3   13    2372.22593506    0.00009879    5   B+    76
    0    1    1   21   15    6    2372.53476731    0.00011547    3   A-    83
    0    2    1    5    0    5    2372.95957164    0.00014142    2   B-    34
    1    0    0   37   22   16    2373.06725065    0.00021000    1   C-    79
    0    1    1   17   16    1    2373.45284062    0.00013775    2   B-    82
    1    1    0   47    3   45    2373.95176781    0.00014142    2   B-    61
    0    2    1    3    2    1    2374.14088836    0.00020000    1   C-    24
    0    0    1   54    7   48    2374.22723271    0.00023214    2   B-    46
    2    0    0   14    4   10    2374.26864750    0.00014142    2   B-    76
    0    1    1   27   13   14    2374.29959318    0.00012876    3   A-    88
    1    1    0   19   19    1    2374.32289233    0.00020000    1   C-    87
    2    0    0   17    1   17    2374.77805003    0.00014142    2   B-    83
    0    2    1    5    1    4    2375.10005792    0.00014142    2   B-    25
    2    0    0   10    6    4    2375.59273261    0.00010000    4   B-    62
    0    0    1   28   22    7    2375.72816372    0.00020000    1   C-    90
    1    1    0   45    6   40    2375.74148768    0.00034202    2   B-    64
    0    1    1   39    3   36    2375.91056016    0.00010300    5   A+    74
    2    0    0   16    2   14    2375.92616136    0.00010148    5   B+    83
    0    2    1    4    2    3    2376.66658617    0.00013122    3   B-    23
    1    1    0   30   16   14    2376.90026893    0.00010000    4   B-    95
    0    0    1   56    4   53    2376.96310608    0.00014142    2   B-    41
    0    1    1   33   10   23    2377.03964055    0.00012918    4   A-    88
    0    2    1    6    1    6    2377.93412904    0.00045151    2   B-    43
    1    1    0   48    1   47    2378.28246538    0.00018875    2   B-    58
    0    0    1   24   23    2    2378.29956430    0.00020000    1   C-    97
    1    1    0   40   11   29    2378.43174003    0.00014142    2   B-    74
    0    0    1   47   14   33    2379.21523530    0.00020000    1   C-    62
    1    1    0   49    1   49    2379.89109920    0.00020000    1   C-    57
    2    0    0   13    5    9    2380.21291489    0.00013347    4   B-    70
    0    2    1    7    0    7    2381.08085372    0.00033532    2   B-    45
    1    1    0   35   14   22    2382.46120530    0.00017602    3   B-    82
    2    0    0   11    6    6    2382.53851659    0.00011547    3   B-    55
    2    0    0   16    3   13    2382.78292240    0.00011547    3   B-    76
    0    2    1    6    2    5    2383.62333485    0.00024900    2   B-    34
    0    2    1    7    1    6    2383.64795565    0.00014142    2   B-    36
    2    0    0   15    4   12    2383.75960681    0.00011547    3   B-    69
    0    1    1   37    7   30    2383.78574703    0.00008092    6   A+    80
    1    1    0   24   18    6    2383.78888752    0.00020000    1   C-    99
    2    0    0   17    2   16    2383.80308773    0.00012235    5   B+    75
    1    1    0   37   13   25    2383.98889925    0.00014142    2   B-    85
    0    0    1   57    2   55    2384.51057167    0.00014142    2   B-    39
    0    1    1   36    8   29    2384.62193779    0.00009652    5   A+    84
    0    0    1   42   17   26    2384.64469034    0.00014142    2   B-    75
    0    0    1   55    5   50    2384.79872390    0.00014142    2   B-    41
    0    0    1   52   10   43    2384.86687643    0.00014142    2   B-    47
    0    1    1   25   14   11    2384.87914243    0.00009898    6   A+    96
    0    1    1   18   16    3    2384.89930503    0.00014142    2   C-    81
    0    1    1   40    3   38    2384.90180421    0.00013799    4   A-    80
    2    0    0    8    7    1    2385.00103167    0.00012084    4   B-    44
    0    0    1   51   11   40    2385.12407029    0.00020000    1   C-    49
    0    2    1    4    3    2    2385.20492828    0.00020000    1   C-    33
    2    0    0   18    0   18    2385.36784582    0.00011547    3   B-    89
    0    0    1   32   21   12    2386.15000796    0.00014142    2   B-    92
    0    1    1   22   15    8    2386.52028538    0.00013775    2   A-    95
    0    0    1   35   20   15    2386.66005345    0.00020000    1   C-    87
    1    1    0   33   15   19    2386.67337306    0.00015571    3   B-    90
    0    2    1    8    1    8    2386.99603036    0.00020000    1   C-    53
    1    1    0   20   19    1    2387.03392936    0.00020343    2   B-    86
    0    1    1   38    6   33    2387.15110318    0.00010446    5   A+    79
    0    1    1   39    4   35    2387.15189568    0.00009360    6   A+    80
    0    0    1   44   16   29    2387.39305121    0.00020000    1   C-    69
    0    0    1   40   18   23    2387.45372320    0.00014142    2   B-    76
    0    2    1    7    2    5    2388.19879305    0.00025544    2   B-    46
    0    2    1    5    3    2    2388.37672681    0.00020000    1   C-    26
    0    1    1   30   12   19    2388.50358120    0.00013971    3   B-    90
    0    0    1   53    9   44    2388.85065105    0.00014142    2   B-    47
    2    0    0   14    5    9    2389.06430726    0.00010000    4   B-    70
    0    0    1   58    2   57    2389.26641285    0.00014142    2   B-    37
    0    0    1   50   12   39    2389.42591955    0.00020000    1   C-    54
    0    1    1   41    1   40    2389.46517634    0.00010772    5   A+    72
    0    1    1   35    9   26    2389.62916249    0.00017030    4   A-    84
    2    0    0   12    6    6    2390.11709352    0.00008944    5   B+    71
    0    1    1   32   11   22    2390.67630415    0.00015195    4   A-    93
    2    0    0    9    7    3    2390.68177427    0.00012396    4   B-    54
    1    1    0   39   12   28    2391.30749073    0.00016517    2   B-    76
    0    1    1   42    1   42    2391.32515646    0.00010019    5   A+    76
    0    0    1   59    0   59    2391.45077455    0.00014142    2   B-    36
    0    2    1    9    0    9    2391.60817508    0.00020000    1   C-    55
    0    1    1   28   13   16    2392.09385842    0.00019000    1   C-    97
    1    1    0   43    9   35    2392.10990571    0.00017943    3   B-    72
    0    2    1    6    3    4    2392.18163414    0.00012675    3   B-    44
    0    2    1    8    2    7    2393.09708632    0.00020000    1   C-    45
    2    0    0   17    3   15    2393.11103949    0.00008944    5   B+    84
    2    0    0   18    1   17    2393.44568055    0.00010399    4   B-    82
    1    1    0   28   17   11    2393.73272126    0.00020000    1   C-    91
    2    0    0   16    4   12    2393.92323958    0.00010000    4   B-    84
    0    0    1   29   22    7    2394.21719372    0.00020000    1   C-    94
    0    0    1   25   23    2    2394.24833054    0.00014142    2   B-    89
    0    2    1    9    1    8    2394.79580770    0.00020000    1   C-    46
    0    0    1   46   15   32    2395.74473849    0.00014142    2   B-    68
    0    0    1   38   19   20    2395.77816245    0.00020000    1   C-    84
    2    0    0   19    1   19    2396.75923150    0.00011501    4   A-    89
    0    1    1   19   16    3    2396.98132913    0.00010362    4   A-    90
    2    0    0   10    7    3    2396.99451141    0.00011955    3   B-    54
    0    0    1   54    8   47    2397.15311338    0.00014142    2   B-    46
    0    1    1   39    5   34    2397.54018192    0.00009369    6   A+    77
    0    0    1   49   13   36    2397.66085170    0.00020257    2   B-    54
    2    0    0   13    6    8    2398.32863747    0.00011226    5   B+    64
    2    0    0   15    5   11    2398.55074139    0.00008944    5   B+    78
    0    0    1   55    6   49    2398.60341508    0.00014142    2   B-    45
    0    1    1   34   10   25    2398.66645667    0.00014142    2   C-    86
    2    0    0   18    2   16    2398.77896682    0.00010906    5   B+    90
    1    1    0   25   18    8    2399.67071694    0.00014142    2   B-    91
    0    2    1    5    4    1    2400.31249717    0.00020000    1   C-    36
    0    1    1   23   15    8    2401.14116757    0.00012809    4   A-    88
    0    1    1   26   14   13    2401.40413573    0.00011399    5   A+    94
    0    0    1   56    5   52    2401.56777684    0.00014142    2   B-    45
    0    2    1    8    3    6    2401.70143192    0.00020000    1   C-    54
    0    1    1   40    4   37    2402.92768076    0.00010195    6   A+    78
    2    0    0   11    7    5    2403.93909856    0.00010000    4   B-    63
    1    1    0   41   11   31    2404.48176269    0.00014142    2   B-    75
    0    2    1   11    0   11    2404.49178188    0.00020000    1   C-    64
    2    0    0   17    4   14    2404.67419348    0.00009295    5   B+    76
    2    0    0   18    3   15    2405.30779309    0.00010000    4   B-    83
    1    1    0   36   14   22    2405.31293914    0.00014142    2   B-    88
    2    0    0   19    2   18    2406.73154965    0.00010587    5   B+    82
    2    0    0   14    6    8    2407.17380996    0.00017180    3   B-    79
    0    0    1   33   21   12    2407.17685795    0.00014142    2   B-    86
    0    2    1    9    3    6    2407.43344205    0.00014142    2   B-    47
    1    1    0   49    2   48    2407.58415541    0.00020000    1   C-    57
    0    1    1   38    7   32    2408.05098534    0.00010000    4   A-    86
    1    1    0   38   13   25    2408.11300290    0.00020000    1   C-    83
    0    1    1   31   12   19    2408.20625139    0.00011978    5   A+    94
    0    1    1   37    8   29    2408.21754219    0.00011344    3   A-    86
    1    1    0   34   15   19    2408.25623704    0.00014142    2   B-    87
    0    2    1   11    1   10    2408.51377141    0.00020000    1   C-    56
    0    2    1    7    4    3    2408.55602353    0.00020000    1   C-    47
    2    0    0   20    0   20    2408.55687514    0.00014003    3   A-    95
    2    0    0   16    5   11    2408.67442388    0.00008944    5   B+    78
    1    1    0   50    0   50    2409.17186977    0.00038154    2   B-    58
    2    0    0    8    8    0    2409.66327339    0.00014827    3   B-    55
    0    1    1   20   16    5    2409.69935254    0.00010379    4   A-    88
    0    0    1   48   14   35    2409.75266954    0.00020000    1   C-    60
    0    1    1   41    2   39    2410.07462233    0.00008872    6   A+    77
    0    1    1   29   13   16    2410.52431396    0.00014824    3   A-    90
    0    0    1   26   23    4    2410.83412481    0.00020000    1   C-   100
    2    0    0   12    7    5    2411.51609810    0.00010681    5   B+    63
    0    1    1   33   11   22    2411.65602735    0.00010351    5   A+    87
    0    0    1   43   17   26    2412.00199162    0.00014142    2   B-    69
    0    0    1   57    3   54    2412.10227365    0.00014142    2   B-    38
    1    1    0   29   17   13    2412.14946689    0.00014142    2   B-    95
    0    2    1   12    1   12    2412.27353159    0.00020000    1   C-    72
    0    1    1   36    9   28    2412.55145558    0.00010718    5   A+    90
    0    1    1   39    6   33    2412.67641832    0.00009541    5   A+    81
    0    2    1   11    2    9    2412.79565945    0.00041678    2   B-    65
    0    0    1   55    7   48    2412.82586466    0.00020000    1   C-    42
    0    0    1   41   18   23    2413.54510328    0.00014142    2   B-    78
    0    2    1   10    3    8    2413.77071740    0.00014142    2   B-    64
    1    1    0   22   19    3    2414.36200101    0.00020000    1   C-    91
    0    1    1   42    2   41    2414.74597540    0.00008389    7   A+    73
    0    2    1    5    5    0    2415.64790550    0.00020000    1   C-    27
    0    0    1   45   16   29    2416.01869538    0.00020000    1   C-    70
    2    0    0   18    4   14    2416.15383389    0.00012558    4   B-    91
    1    1    0   26   18    8    2416.18700622    0.00020000    1   C-   101
    0    1    1   24   15   10    2416.39813545    0.00010982    4   A-   100
    2    0    0   19    3   17    2416.51186323    0.00014518    5   B+    91
    0    1    1   43    0   43    2416.58215057    0.00009736    6   A+    73
    2    0    0   15    6   10    2416.65290125    0.00009483    5   B+    72
    1    1    0   40   12   28    2416.70837918    0.00020351    3   B-    82
    2    0    0   20    1   19    2418.00481996    0.00010922    4   B-    89
    0    0    1   52   11   42    2418.27230690    0.00014142    2   B-    54
    0    1    1   27   14   13    2418.56504921    0.00011213    5   A+    98
    0    0    1   53   10   43    2418.70664250    0.00014142    2   B-    49
    2    0    0   17    5   13    2419.43313893    0.00008944    5   B+    86
    0    2    1    6    5    2    2419.45147532    0.00020000    1   C-    45
    0    2    1   12    2   11    2419.53860188    0.00030696    2   B-    64
    0    0    1   58    3   56    2419.66399343    0.00014142    2   B-    42
    0    2    1   13    0   13    2419.69245807    0.00020000    1   C-    72
    2    0    0   13    7    7    2419.72551757    0.00010000    4   B-    73
    0    1    1   40    5   36    2419.84493905    0.00011407    5   A+    83
    1    1    0   44    9   35    2420.13598323    0.00020000    1   C-    71
    0    2    1   11    3    8    2420.81416905    0.00020000    1   C-    57
    0    1    1   35   10   25    2420.93141458    0.00009366    6   A+    89
    2    0    0   21    1   21    2421.06426803    0.00011471    4   A-    94
    2    0    0   10    8    2    2421.65691318    0.00013757    3   B-    65
    0    0    1   51   12   39    2421.90382045    0.00016124    2   B-    55
    0    1    1   21   16    5    2423.05265757    0.00011872    4   A-    95
    1    1    0   43   10   34    2423.60059538    0.00020000    1   C-    71
    0    0    1   56    6   51    2423.94139307    0.00014142    2   B-    43
    2    0    0   20    2   18    2424.20961459    0.00008944    5   B+    96
    0    0    1   59    1   58    2424.40967500    0.00014142    2   C-    35
    0    2    1   13    1   12    2424.76219649    0.00020000    1   C-    65
    0    0    1   47   15   32    2425.64185119    0.00014142    2   B-    62
    1    1    0   46    7   39    2426.46398910    0.00020000    1   C-    67
    0    0    1   60    1   60    2426.58936237    0.00020000    1   C-    38
    2    0    0   16    6   10    2426.76633625    0.00012631    4   B-    87
    0    1    1   17   17    0    2427.04710456    0.00014142    2   C-    78
    0    1    1   41    3   38    2427.52990328    0.00009813    5   A+    74
    0    0    1   27   23    4    2428.05714409    0.00020000    1   C-    92
    2    0    0   19    4   16    2428.14479334    0.00010000    4   B-    83
    0    2    1   12    3   10    2428.38945694    0.00015192    3   B-    73
    0    2    1   14    1   14    2428.46060402    0.00020000    1   C-    80
    0    1    1   32   12   21    2428.54582464    0.00011685    3   A-    92
    2    0    0   14    7    7    2428.56763414    0.00008944    5   B+    72
    2    0    0   11    8    4    2428.60128318    0.00010000    4   B-    58
    1    1    0   37   14   24    2428.79957849    0.00020000    1   C-    82
    0    0    1   34   21   14    2428.83992519    0.00015899    3   B-    93
    0    2    1    8    5    4    2428.96242444    0.00014142    2   B-    56
    1    1    0   23   19    5    2428.97877972    0.00014142    2   B-    97
    0    0    1   50   13   38    2429.48287890    0.00014142    2   B-    60
    0    1    1   30   13   18    2429.59058296    0.00013775    2   A-    99
    1    1    0   35   15   21    2430.47379457    0.00020000    1   C-    91
    2    0    0   20    3   17    2430.53949979    0.00008944    5   B+    90
    2    0    0   18    5   13    2430.83294131    0.00010386    4   B-    85
    1    1    0   42   11   31    2431.16896994    0.00020000    1   C-    74
    1    1    0   30   17   13    2431.20108654    0.00014142    2   B-    93
    2    0    0   21    2   20    2432.05023785    0.00010000    4   B-    88
    0    1    1   25   15   10    2432.29078059    0.00013920    3   A-    92
    0    1    1   38    8   31    2432.45499843    0.00008630    6   A+    84
    0    2    1   11    4    7    2432.67764122    0.00020000    1   C-    67
    0    0    1   55    8   47    2432.99662377    0.00029561    2   B-    47
    0    1    1   39    7   32    2433.03867130    0.00010391    5   A+    80
    0    0    1   31   22    9    2433.10565373    0.00014142    2   B-    96
    0    0    1   37   20   17    2433.15000885    0.00020000    1   C-    87
    1    1    0   49    3   47    2433.18103921    0.00020000    1   C-    61
    0    1    1   34   11   24    2433.27368015    0.00009494    5   A+    94
    1    1    0   27   18   10    2433.33867907    0.00020000    1   C-    94
    2    0    0   22    0   22    2434.04949291    0.00013376    5   A+    99
    1    1    0   47    6   42    2435.27149137    0.00016991    3   B-    64
    0    1    1   42    3   40    2436.06803659    0.00017350    5   A+    80
    0    1    1   37    9   28    2436.11488047    0.00015183    2   B-    84
    2    0    0   12    8    4    2436.17775532    0.00011113    5   B+    74
    0    1    1   28   14   15    2436.36139627    0.00011344    3   A-    96
    0    0    1   57    4   53    2436.97185003    0.00014142    2   B-    42
    0    1    1   22   16    7    2437.04223193    0.00012329    4   A-    93
    0    2    1   15    0   15    2437.19488091    0.00014142    2   B-    80
    1    1    0   50    1   49    2437.46246415    0.00020000    1   C-    57
    2    0    0   17    6   12    2437.51451016    0.00008944    5   B+    80
    0    1    1   40    6   35    2437.78200575    0.00010543    4   A-    79
    1    1    0   33   16   18    2437.84959854    0.00013261    4   B-    90
    2    0    0   15    7    9    2438.04279564    0.00010000    4   B-    81
    0    1    1   18   17    2    2438.49703540    0.00011344    3   A-    93
    1    1    0   51    1   51    2439.02954751    0.00020000    1   C-    57
    0    0    1   44   17   28    2439.99382524    0.00014142    2   B-    75
    0    1    1   41    4   37    2440.19086905    0.00008635    6   A+    80
    0    0    1   42   18   25    2440.27209841    0.00027446    2   B-    76
    0    2    1   12    4    9    2440.30093767    0.00020000    1   C-    66
    0    1    1   43    1   42    2440.59611763    0.00013437    4   B-    72
    0    0    1   49   14   35    2440.92682000    0.00014142    2   B-    62
    2    0    0   20    4   16    2440.98224427    0.00010000    4   B-    97
    0    2    1   10    5    6    2441.01495427    0.00020000    1   C-    66
    2    0    0   21    3   19    2442.41219910    0.00009356    5   B+    96
    0    1    1   44    1   44    2442.41765973    0.00009840    5   A+    76
    1    1    0   41   12   30    2442.74692726    0.00011547    3   B-    76
    2    0    0   19    5   15    2442.86558539    0.00010749    5   B+    93
    2    0    0    9    9    1    2443.25150786    0.00011547    3   B-    58
    0    2    1   15    1   14    2443.48952470    0.00019771    2   B-    73
    0    1    1   36   10   27    2443.83563589    0.00010234    4   A-    87
    2    0    0   13    8    6    2444.38621595    0.00010000    4   B-    67
    2    0    0   22    1   21    2444.85538656    0.00010000    4   B-    94
    0    0    1   46   16   31    2445.27919965    0.00014142    2   B-    69
    0    0    1   56    7   50    2445.44987111    0.00014142    2   B-    46
    0    2    1   14    3   12    2445.55827372    0.00013860    3   B-    81
    0    0    1   40   19   22    2446.06543246    0.00020000    1   C-    84
    2    0    0   23    1   23    2447.68900569    0.00011471    4   A-    99
    0    0    1   58    4   55    2447.87918212    0.00020000    1   C-    41
    0    2    1   11    5    6    2447.99469463    0.00023752    2   B-    59
    0    2    1   15    2   13    2448.12712578    0.00019873    2   B-    82
    2    0    0   16    7    9    2448.15125099    0.00010000    4   B-    80
    1    1    0   45    9   37    2448.80305746    0.00020000    1   C-    72
    0    1    1   26   15   12    2448.81855756    0.00011834    4   A-   103
    2    0    0   18    6   12    2448.89802102    0.00008944    5   B+    95
    0    1    1   31   13   18    2449.29326575    0.00032452    2   C-    92
    0    1    1   33   12   21    2449.52210753    0.00015275    3   A-    95
    2    0    0   10    9    1    2449.56461337    0.00014142    2   B-    57
    1    1    0   46    8   38    2450.32264283    0.00014142    2   B-    71
    1    1    0   20   20    0    2450.49169369    0.00014142    2   B-    99
    0    1    1   19   17    2    2450.58312662    0.00011255    5   A+    85
    0    1    1   41    5   36    2450.62751319    0.00012298    3   A-    77
    0    0    1   35   21   14    2451.13910102    0.00015874    3   B-    87
    0    0    1   24   24    1    2451.29176767    0.00020000    1   C-    96
    1    1    0   44   10   34    2451.58881033    0.00021987    2   B-    78
    0    0    1   53   11   42    2452.06218029    0.00020000    1   C-    49
    2    0    0   22    2   20    2452.16400339    0.00011576    5   B+   101
    0    0    1   54   10   45    2453.18718594    0.00014142    2   B-    48
    2    0    0   14    8    6    2453.22711800    0.00011547    3   B-    82
    1    1    0   36   15   21    2453.32622327    0.00028659    2   B-    88
    0    2    1    9    6    3    2453.39151305    0.00014142    2   B-    59
    0    0    1   32   22   11    2453.50487981    0.00020000    1   C-    94
    2    0    0   21    4   18    2454.17255380    0.00010000    4   B-    89
    0    1    1   29   14   15    2454.79371611    0.00016346    3   A-   100
    0    0    1   52   12   41    2455.02194893    0.00020000    1   C-    54
    0    1    1   42    4   39    2455.19438793    0.00012944    4   A-    78
    0    0    1   59    2   57    2455.39212834    0.00014142    2   B-    39
    0    2    1   15    3   12    2455.40694673    0.00011547    3   B-    74
    0    1    1   35   11   24    2455.52881678    0.00018155    3   A-    88
    2    0    0   20    5   15    2455.54710123    0.00015912    4   B-    92
    0    2    1   12    5    8    2455.61187914    0.00016461    2   B-    75
    0    2    1   16    2   15    2455.85956638    0.00031956    3   B-    81
    0    0    1   48   15   34    2456.17480584    0.00020000    1   C-    68
    2    0    0   11    9    3    2456.50929914    0.00009320    5   B+    68
    0    2    1   17    0   17    2456.99553972    0.00014142    2   B-    88
    0    1    1   39    8   31    2457.34205712    0.00017720    3   A-    86
    0    0    1   38   20   19    2457.34856051    0.00020000    1   C-    85
    0    2    1   14    4   11    2457.46694722    0.00045560    2   B-    75
    0    0    1   57    5   52    2457.66750823    0.00014142    2   B-    41
    1    1    0   40   13   27    2458.26720204    0.00014142    2   B-    83
    2    0    0   22    3   19    2458.48788542    0.00010000    4   B-    95
    1    1    0   43   11   33    2458.49505757    0.00016146    3   B-    75
    0    1    1   40    7   34    2458.57708264    0.00007881    7   A+    86
    0    0    1   55    9   46    2458.63984119    0.00020000    1   C-    47
    2    0    0   17    7   11    2458.89331481    0.00010000    4   B-    89
    1    1    0   34   16   18    2459.43551713    0.00020000    1   C-    97
    0    2    1   10    6    5    2459.73400914    0.00014142    2   B-    58
    2    0    0   23    2   22    2459.74069947    0.00010000    4   B-    93
    1    1    0   25   19    7    2460.11802085    0.00011547    3   B-   101
    0    0    1   60    2   59    2460.13149268    0.00020000    1   C-    37
    0    1    1   38    9   30    2460.31935534    0.00010266    6   A+    90
    2    0    0   19    6   14    2460.91737002    0.00008944    5   B+    87
    2    0    0   24    0   24    2461.84900399    0.00013040    5   A+   104
    0    0    1   51   13   38    2461.94270538    0.00014142    2   B-    54
    0    0    1   61    0   61    2462.30717454    0.00014142    2   B-    36
    0    1    1   43    2   41    2462.44828305    0.00011183    5   A+    77
    2    0    0   15    8    8    2462.70050949    0.00011992    4   B-    75
    0    1    1   20   17    4    2463.30561489    0.00017747    2   C-   100
    1    1    0   21   20    2    2463.84303478    0.00026119    2   B-    91
    0    2    1   13    5    8    2463.86636293    0.00015849    3   B-    68
    2    0    0   12    9    3    2464.08612070    0.00010577    4   B-    67
    0    0    1   29   23    6    2464.41496919    0.00020000    1   C-    94
    0    2    1   17    1   16    2464.63645180    0.00020000    1   C-    81
    0    2    1    7    7    0    2464.70955689    0.00037269    2   B-    39
    0    1    1   41    6   35    2464.96438507    0.00008319    6   A+    82
    0    1    1   27   15   12    2465.98280480    0.00009442    6   A+    95
    0    2    1   11    6    5    2466.71148369    0.00029367    2   B-    69
    0    1    1   24   16    9    2466.92874635    0.00014990    3   B-    98
    0    2    1   15    4   11    2467.02726948    0.00014142    2   B-    84
    0    1    1   44    2   43    2467.03163976    0.00009868    4   A-    73
    0    1    1   37   10   27    2467.37928842    0.00012552    3   A-    89
    0    0    1   43   18   25    2467.63297558    0.00018781    2   B-    78
    0    2    1   18    1   18    2467.87195726    0.00020000    1   C-    96
    1    1    0   51    2   50    2467.91804460    0.00014142    2   B-    57
    0    0    1   56    8   49    2468.38597981    0.00039958    2   B-    46
    2    0    0   22    4   18    2468.43699933    0.00008944    5   B+   102
    0    0    1   45   17   28    2468.62158078    0.00020000    1   C-    69
    0    1    1   45    0   45    2468.83242797    0.00009392    6   A+    73
    2    0    0   21    5   17    2468.85355362    0.00010834    5   B+    99
    1    1    0   42   12   30    2469.42154427    0.00017456    2   B-    82
    1    1    0   52    0   52    2469.46494205    0.00016289    2   B-    58
    1    1    0   29   18   12    2469.54759359    0.00014854    3   B-    96
    0    1    1   32   13   20    2469.63200313    0.00012264    4   A-   100
    1    1    0   48    6   42    2469.69204644    0.00020000    1   C-    70
    0    2    1    8    7    2    2469.78222941    0.00032624    2   B-    57
    0    2    1   17    2   15    2469.79050354    0.00033336    2   B-    91
    2    0    0   18    7   11    2470.26937206    0.00010000    4   B-    87
    2    0    0   23    3   21    2470.79205512    0.00009638    5   B+   101
    0    1    1   34   12   23    2471.13503513    0.00011152    3   A-    93
    1    1    0   32   17   15    2471.20728420    0.00018717    3   B-    95
    0    0    1   41   19   22    2472.16273279    0.00020000    1   C-    78
    2    0    0   13    9    5    2472.29456902    0.00011105    5   B+    77
    0    0    1   50   14   37    2472.73801516    0.00018639    2   B-    60
    0    0    1   57    6   51    2472.76630553    0.00014142    2   B-    46
    2    0    0   16    8    8    2472.80648223    0.00008944    5   B+    90
    0    1    1   42    5   38    2472.84412008    0.00020000    1   C-    83
    2    0    0   20    6   14    2473.57315258    0.00010000    4   B-   102
    0    0    1   58    5   54    2473.67089872    0.00014142    2   B-    45
    0    1    1   30   14   17    2473.86218603    0.00014142    2   B-    98
    2    0    0   24    1   23    2473.97973727    0.00010000    4   B-    99
    0    0    1   36   21   16    2474.07465624    0.00017067    2   B-    94
    0    2    1   12    6    7    2474.32488014    0.00014142    2   B-    68
    0    0    1   47   16   31    2475.17531008    0.00014142    2   B-    70
    0    2    1    9    7    2    2475.48893480    0.00023129    3   B-    50
    1    0    1    1    0    1    2476.45830322    0.00042240    2   B-    13
    2    0    0   25    1   25    2476.63049475    0.00014338    5   A+   104
    1    1    0   26   19    7    2476.63933168    0.00020000    1   C-    99
    0    1    1   21   17    4    2476.66317924    0.00011344    3   A-    92
    0    2    1   17    3   14    2476.69442305    0.00014142    2   B-    82
    1    1    0   37   15   23    2476.81370660    0.00020000    1   C-    91
    0    2    1   18    2   17    2477.67248904    0.00033906    2   B-    88
    1    1    0   39   14   26    2477.67726595    0.00014142    2   B-    82
    1    1    0   22   20    2    2477.82930222    0.00020000    1   C-   104
    1    0    1    1    1    0    2478.11737838    0.00007373    4   A-     4
    1    1    0   46    9   37    2478.11797591    0.00020000    1   C-    71
    0    1    1   36   11   26    2478.42247016    0.00010161    5   A+    95
    0    2    1   19    0   19    2479.09716016    0.00024463    2   B-    95
    1    0    1    2    1    2    2479.27682235    0.00008432    4   A-    22
    1    0    1    3    0    3    2479.60875662    0.00009691    4   A-    25
    1    1    0   45   10   36    2480.21827804    0.00014142    2   B-    71
    2    0    0   10   10    0    2480.70110851    0.00020992    2   B-    67
    2    0    0   14    9    5    2481.13517259    0.00011547    3   B-    76
    0    1    1   43    3   40    2481.37862887    0.00015385    3   A-    74
    1    0    1    3    1    2    2481.40182055    0.00008003    6   A+    16
    2    0    0   19    7   13    2482.27974566    0.00013870    4   B-    96
    0    2    1   15    5   10    2482.28886473    0.00020000    1   C-    77
    0    2    1   13    6    7    2482.57426395    0.00020000    1   C-    78
    2    0    0   24    2   22    2482.57999119    0.00009603    5   B+   106
    2    0    0   23    4   20    2482.75460178    0.00010000    4   B-    94
    0    1    1   25   16    9    2482.82485364    0.00014509    3   A-   105
    2    0    0   22    5   17    2482.82623890    0.00008944    5   B+    98
    0    1    1   40    8   33    2482.86819069    0.00009805    6   A+    84
    1    0    1    4    1    4    2483.51111684    0.00007688    4   A-    34
    2    0    0   17    8   10    2483.54547998    0.00010000    4   B-    83
    0    0    1   30   23    8    2483.54969501    0.00020000    1   C-   104
    0    1    1   28   15   14    2483.78258647    0.00009208    5   A+   105
    0    0    1   26   24    3    2483.84211565    0.00020000    1   C-   100
    0    0    1   59    3   56    2484.18316816    0.00014142    2   B-    38
    1    0    1    2    2    1    2484.25169792    0.00012993    4   A-    13
    0    1    1   41    7   34    2484.91007015    0.00009734    5   A+    80
    0    1    1   39    9   30    2485.16653248    0.00010414    5   A+    84
    1    0    1    5    0    5    2485.25262164    0.00006325    4   A-    37
    1    0    1    3    2    1    2486.15146995    0.00005424    6   A+    26
    0    0    1   54   11   44    2486.49424732    0.00014142    2   B-    54
    0    0    1   57    7   50    2486.65609357    0.00014142    2   B-    43
    2    0    0   21    6   16    2486.86560701    0.00008944    5   B+    94
    1    0    1    5    1    4    2487.30632445    0.00006703    5   A+    28
    0    0    1   49   15   34    2487.34392274    0.00020000    1   C-    62
    0    2    1   18    3   16    2487.51707604    0.00012410    3   B-    97
    1    1    0   48    7   41    2487.56281973    0.00020000    1   C-    67
    2    0    0   11   10    2    2487.64693930    0.00011547    3   B-    60
    0    2    1   19    1   18    2488.14437981    0.00014142    2   B-    88
    0    0    1   55   10   45    2488.32087606    0.00014142    2   B-    49
    1    1    0   30   18   12    2488.60393747    0.00020000    1   C-   105
    1    0    1    4    2    3    2488.66929179    0.00008416    5   A+    25
    0    0    1   53   12   41    2488.77949902    0.00014142    2   B-    55
    0    2    1   11    7    4    2488.80731815    0.00017592    2   B-    61
    2    0    0   24    3   21    2489.13926777    0.00011547    3   B-   100
    0    1    1   44    3   42    2489.55378107    0.00010338    5   A+    80
    2    0    0   25    2   24    2489.78632976    0.00012418    4   B-    97
    1    0    1    6    1    6    2490.15502573    0.00013034    4   A-    46
    0    1    1   33   13   20    2490.60676521    0.00010983    5   A+    93
    2    0    0   15    9    7    2490.60789417    0.00010000    4   B-    85
    0    1    1   22   17    6    2490.65709731    0.00013775    2   A-   105
    0    1    1   42    6   37    2490.99462928    0.00014984    3   A-    79
    0    2    1   20    1   20    2491.07883996    0.00018436    2   B-   103
    0    2    1   14    6    9    2491.45986823    0.00014142    2   B-    77
    0    1    1   38   10   29    2491.56253413    0.00013946    5   A+    87
    0    0    1   60    3   58    2491.69984699    0.00014142    2   B-    42
    1    0    1    5    2    3    2491.86472417    0.00007466    7   A+    38
    2    0    0   26    0   26    2491.95724785    0.00011529    4   A-   108
    1    1    0   33   17   17    2492.16227993    0.00020000    1   C-    98
    1    1    0   23   20    4    2492.45183203    0.00023316    3   B-    96
    0    2    1   16    5   12    2492.45767383    0.00019683    3   B-    92
    1    0    1    7    0    7    2493.34850193    0.00012293    4   A-    49
    0    1    1   35   12   23    2493.38498147    0.00010881    4   A-    96
    0    1    1   31   14   17    2493.56685847    0.00020000    1   C-   103
    1    1    0   27   19    9    2493.79745495    0.00020000    1   C-   104
    0    1    1   45    1   44    2494.04039405    0.00015934    4   A-    72
    0    2    1   19    2   17    2494.06952933    0.00020000    1   C-    98
    1    0    1    3    3    0    2494.30511286    0.00008302    3   A-    17
    0    0    1   56    9   48    2494.43724601    0.00014142    2   B-    52
    1    1    0   51    3   49    2494.72044830    0.00014142    2   B-    61
    2    0    0   18    8   10    2494.91736896    0.00008944    5   B+    98
    2    0    0   20    7   13    2494.92467637    0.00010531    4   B-    94
    0    0    1   52   13   40    2495.04043517    0.00020000    1   C-    60
    0    1    1   18   18    1    2495.15664831    0.00013775    2   B-    90
    2    0    0   12   10    2    2495.22424589    0.00010302    4   B-    77
    0    2    1    8    8    1    2495.24049512    0.00014142    2   B-    48
    1    0    1    6    2    5    2495.60365611    0.00006030    5   A+    37
    0    0    1   44   18   27    2495.63049374    0.00014142    2   B-    76
    0    1    1   43    4   39    2495.63307507    0.00017959    3   A-    80
    1    0    1    7    1    6    2495.81918562    0.00007121    6   A+    40
    0    1    1   46    1   46    2495.82537270    0.00012525    6   A+    75
    0    0    1   34   22   13    2496.21246858    0.00020000    1   C-    95
    0    2    1   12    7    6    2496.42001470    0.00017021    2   B-    78
    0    0    1   61    1   60    2496.43010846    0.00018439    3   B-    35
    1    1    0   43   12   32    2496.73305690    0.00020000    1   C-    76
    1    0    1    4    3    2    2496.83251714    0.00007221    6   A+    35
    0    0    1   58    6   53    2497.07941360    0.00020000    1   C-    43
    1    1    0   49    6   44    2497.32121354    0.00020000    1   C-    64
    2    0    0   23    5   19    2497.40296994    0.00011017    5   B+   104
    0    0    1   37   21   16    2497.64515576    0.00020000    1   C-    88
    0    0    1   46   17   30    2497.88453183    0.00014142    2   B-    76
    2    0    0   24    4   20    2498.55389370    0.00010235    4   B-   107
    0    0    1   62    1   62    2498.60126176    0.00014142    2   B-    36
    0    0    1   42   19   24    2498.89476053    0.00014142    2   B-    84
    1    0    1    8    1    8    2499.19737032    0.00010123    3   A-    58
    0    1    1   26   16   11    2499.35734287    0.00012379    3   A-   102
    0    2    1   18    4   15    2499.49152849    0.00029295    2   B-    91
    1    0    1    5    3    2    2499.99296872    0.00007150    6   A+    29
    1    0    1    7    2    5    2500.16302236    0.00007038    6   A+    50
    1    1    0   53    1   53    2500.47821823    0.00020000    1   C-    57
    0    2    1   19    3   16    2500.69160603    0.00014142    2   B-    89
    2    0    0   16    9    7    2500.71303199    0.00010000    4   B-    84
    2    0    0   22    6   16    2500.79645894    0.00008944    5   B+   107
    1    1    0   38   15   23    2500.93559582    0.00025291    2   B-    88
    0    2    1    9    8    1    2500.94758121    0.00020000    1   C-    60
    0    2    1   15    6    9    2500.98269653    0.00020000    1   C-    86
    2    0    0   25    3   23    2501.62964459    0.00010873    4   B-   106
    0    1    1   37   11   26    2501.95387562    0.00029899    2   B-    89
    0    1    1   29   15   14    2502.21815194    0.00015863    3   A-    97
    0    2    1   17    5   12    2503.26827408    0.00020000    1   C-    85
    0    0    1   31   23    8    2503.32078921    0.00011547    3   B-    96
    2    0    0   13   10    4    2503.43312749    0.00011471    4   B-    70
    0    2    1   21    0   21    2503.50426899    0.00019364    2   B-   101
    1    0    1    6    3    4    2503.78594327    0.00006019    6   A+    47
    1    0    1    9    0    9    2503.84469963    0.00007642    5   A+    61
    1    1    0   36   16   20    2504.51063143    0.00020000    1   C-    98
    0    2    1   13    7    6    2504.66666053    0.00014047    3   B-    71
    1    0    1    8    2    7    2505.04616113    0.00007063    4   A-    49
    0    0    1   51   14   37    2505.18583585    0.00014142    2   B-    62
    0    1    1   23   17    6    2505.28682277    0.00014051    3   A-    97
    2    0    0   26    1   25    2505.37588706    0.00011547    3   B-   103
    0    0    1   48   16   33    2505.70721093    0.00014142    2   B-    69
    0    0    1   57    8   49    2505.87107663    0.00014142    2   B-    47
    0    1    1   43    5   38    2506.45249505    0.00014258    3   B-    77
    1    0    1    9    1    8    2506.92030940    0.00008165    3   A-    51
    2    0    0   19    8   12    2506.92283113    0.00010000    4   B-    90
    0    1    1   19   18    1    2507.24707965    0.00012484    3   A-    99
    0    0    1   40   20   21    2507.65172265    0.00020000    1   C-    85
    2    0    0   27    1   27    2507.88632502    0.00016127    3   B-   106
    1    1    0   47    9   39    2508.07215130    0.00016933    2   B-    72
    2    0    0   21    7   15    2508.20473180    0.00010000    4   B-   102
    1    0    1    7    3    4    2508.21701093    0.00006282    7   A+    41
    1    0    1    4    4    1    2508.24665689    0.00008944    2   C-    26
    0    1    1   41    8   33    2509.05065492    0.00013160    5   A+    86
    1    1    0   46   10   36    2509.48853969    0.00014142    2   B-    78
    0    1    1   44    4   41    2509.82128884    0.00012972    5   A+    77
    0    0    1   59    4   55    2510.36047249    0.00014142    2   B-    42
    1    0    1   10    1   10    2510.62430786    0.00006325    4   A-    69
    0    1    1   40    9   32    2510.65580917    0.00014142    2   B-    90
    1    1    0   42   13   29    2510.96480476    0.00017827    2   B-    83
    1    0    1    9    2    7    2511.08786462    0.00007027    6   A+    62
    0    2    1   16    6   11    2511.14232948    0.00035431    2   B-    85
    1    0    1    5    4    1    2511.40528286    0.00008865    6   A+    39
    2    0    0   17    9    9    2511.45040600    0.00010000    4   B-    93
    0    1    1   42    7   36    2511.70209933    0.00010441    5   A+    86
    0    2    1   19    4   15    2511.70268029    0.00057365    2   B-   100
    0    1    1   34   13   22    2512.21815557    0.00014142    2   A-   101
    2    0    0   14   10    4    2512.27424839    0.00012248    4   B-    86
    2    0    0   24    5   19    2512.68236689    0.00010000    4   B-   103
    1    0    1    8    3    6    2513.27493863    0.00007888    4   A-    59
    0    2    1   14    7    8    2513.54978410    0.00030064    2   B-    87
    1    1    0   34   17   17    2513.75244391    0.00014142    2   B-    96
    2    0    0   25    4   22    2513.88433542    0.00011331    4   B-    98
    0    1    1   32   14   19    2513.90554450    0.00011152    3   A-   100
    0    2    1   21    1   20    2513.96451287    0.00014142    2   B-    95
    0    2    1   18    5   14    2514.71713754    0.00011547    3   B-   100
    1    0    1    6    4    3    2515.19708876    0.00006167    6   A+    38
    2    0    0   23    6   18    2515.36413109    0.00009229    5   B+    99
    2    0    0   26    2   24    2515.39145854    0.00009258    5   B+   110
    0    1    1   36   12   25    2516.27197256    0.00013775    2   A-    94
    0    1    1   39   10   29    2516.38566190    0.00008849    5   A+    90
    0    1    1   27   16   11    2516.52568844    0.00009868    4   A-   108
    0    2    1   22    1   22    2516.61210656    0.00014142    2   B-   108
    1    0    1   11    0   11    2516.69006989    0.00013464    5   A+    71
    1    0    1   10    2    9    2516.98440900    0.00009591    4   A-    60
    0    1    1   45    2   43    2517.12091385    0.00012636    4   A-    77
    0    0    1   35   22   13    2518.52033574    0.00020000    1   C-    98
    0    0    1   28   24    5    2518.94216472    0.00020000    1   C-   103
    1    0    1    9    3    6    2518.98840344    0.00006946    6   A+    52
    0    0    1   50   15   36    2519.14870801    0.00020000    1   C-    68
    0    0    1   58    7   52    2519.18647867    0.00014142    2   B-    46
    2    0    0   20    8   12    2519.56179841    0.00012343    5   B+   105
    1    0    1    7    4    3    2519.62179250    0.00006349    6   A+    51
    0    1    1   20   18    3    2519.97367459    0.00012477    3   A-    97
    0    1    1   43    6   37    2520.01212514    0.00009868    4   A-    82
    0    1    1   24   17    8    2520.55285759    0.00020000    1   C-   110
    1    0    1   11    1   10    2520.58061076    0.00009759    6   A+    62
    0    2    1   21    2   19    2520.91317425    0.00020000    1   C-   104
    0    0    1   60    4   57    2521.10083133    0.00014142    2   B-    41
    0    1    1   30   15   16    2521.28898008    0.00014500    2   A-   107
    0    0    1   55   11   44    2521.56858060    0.00015860    2   B-    49
    0    1    1   46    2   45    2521.63122247    0.00012332    5   A+    72
    2    0    0   15   10    6    2521.74732548    0.00008944    5   B+    79
    0    0    1   38   21   18    2521.85282274    0.00020000    1   C-    94
    0    2    1   12    8    5    2521.87777228    0.00038095    2   B-    69
    0    2    1   17    6   11    2521.94056508    0.00018298    3   B-    94
    2    0    0   11   11    1    2521.99551689    0.00012999    3   B-    72
    2    0    0   22    7   15    2522.12032035    0.00010000    4   B-   100
    2    0    0   27    2   26    2522.17464904    0.00010000    4   B-   101
    2    0    0   26    3   23    2522.45826281    0.00010326    4   B-   104
    2    0    0   18    9    9    2522.82066832    0.00010000    4   B-    92
    0    2    1   15    7    8    2523.06847476    0.00030832    2   B-    80
    0    0    1   54   12   43    2523.17721893    0.00020000    1   C-    54
    0    1    1   47    0   47    2523.39678610    0.00012315    3   A-    73
    1    1    0   25   20    6    2523.60093928    0.00026702    2   B-   100
    0    0    1   32   23   10    2523.72855117    0.00020000    1   C-   106
    0    0    1   56   10   47    2524.09111348    0.00014142    2   B-    48
    0    0    1   45   18   27    2524.26230923    0.00014142    2   B-    78
    0    2    1   20    4   17    2524.35627909    0.00014142    2   B-    98
    2    0    0   28    0   28    2524.37515272    0.00014142    2   B-   110
    1    0    1   12    1   12    2524.42127294    0.00007287    5   A+    79
    1    0    1   11    2    9    2524.67371697    0.00014153    7   A+    73
    1    0    1    8    4    5    2524.68028027    0.00010327    7   A+    50
    1    1    0   44   12   32    2524.68180641    0.00016983    4   B-    82
    1    0    1   10    3    8    2525.30354478    0.00008212    6   A+    70
    1    1    0   39   15   25    2525.69271469    0.00020000    1   C-    91
    1    0    1    5    5    0    2526.06990545    0.00006325    4   A-    30
    0    1    1   38   11   28    2526.12305112    0.00013203    4   A-    95
    0    0    1   43   19   24    2526.26155993    0.00020000    1   C-    78
    0    2    1   19    5   14    2526.81260574    0.00017294    3   B-    92
    0    2    1   21    3   18    2527.42049578    0.00020000    1   C-    96
    0    0    1   47   17   30    2527.78292954    0.00014142    2   B-    69
    1    1    0   37   16   22    2528.00062049    0.00020000    1   C-    92
    0    1    1   44    5   40    2528.30789654    0.00015509    6   A+    83
    0    2    1   22    2   21    2528.50353937    0.00011547    3   B-   101
    2    0    0   25    5   21    2528.51858067    0.00010357    4   B-   109
    0    0    1   61    2   59    2528.58234955    0.00014142    2   C-    39
    0    0    1   53   13   40    2528.77553152    0.00016875    2   B-    54
    1    1    0   41   14   28    2529.09674904    0.00014142    2   B-    82
    2    0    0   12   11    1    2529.57376394    0.00011547    3   B-    70
    1    0    1    6    5    2    2529.86099537    0.00007225    7   A+    48
    1    1    0   29   19   11    2530.01536732    0.00020000    1   C-   106
    0    2    1   23    0   23    2530.22126782    0.00014142    2   B-   106
    1    0    1    9    4    5    2530.37309287    0.00006180    5   A+    63
    1    1    0   53    2   52    2530.55986066    0.00020000    1   C-    55
    2    0    0   24    6   18    2530.57308096    0.00008944    5   B+   112
    0    0    1   57    9   48    2531.05007807    0.00014142    2   B-    47
    2    0    0   26    4   22    2531.37073233    0.00011880    4   B-   111
    1    0    1   12    2   11    2531.40287323    0.00008941    3   A-    71
    1    0    1   13    0   13    2531.85024287    0.00008572    5   A+    81
    2    0    0   16   10    6    2531.85241549    0.00010000    4   B-    94
    1    1    0   54    0   54    2532.06788322    0.00020000    1   C-    58
    1    0    1   11    3    8    2532.32471904    0.00006522    7   A+    63
    0    0    1   59    5   54    2532.72497530    0.00014142    2   B-    41
    2    0    0   21    8   14    2532.83483278    0.00008944    5   B+    97
    0    0    1   62    2   61    2533.30689154    0.00014142    2   C+    37
    0    1    1   21   18    3    2533.33658771    0.00015891    3   A-   106
    0    2    1   18    6   13    2533.37586225    0.00020000    1   C-    93
    0    0    1   41   20   21    2533.75685471    0.00014142    2   B-    87
    1    0    1    7    5    2    2534.28417034    0.00006261    6   A+    42
    0    1    1   28   16   13    2534.32948690    0.00026175    2   B-   105
    1    1    0   50    6   44    2534.42921851    0.00014142    2   B-    70
    2    0    0   19    9   11    2534.82350403    0.00010000    4   B-   101
    0    1    1   33   14   19    2534.88131468    0.00014142    2   B-   104
    2    0    0   27    3   25    2534.90139309    0.00008944    5   B+   109
    0    0    1   63    0   63    2535.47442430    0.00020000    1   C-    36
    0    1    1   42    8   35    2535.86650594    0.00013736    3   A-    84
    1    1    0   35   17   19    2535.97646202    0.00020000    1   C-    99
    0    1    1   25   17    8    2536.45387701    0.00014412    3   A-   101
    2    0    0   23    7   17    2536.67187172    0.00009952    5   B+   107
    1    0    1   10    4    7    2536.70015809    0.00006999    6   A+    61
    1    0    1   13    1   12    2536.76159781    0.00008019    7   A+    72
    0    1    1   41    9   32    2536.78824879    0.00010169    6   A+    84
    0    0    1   49   16   33    2536.87457035    0.00020000    1   C-    70
    0    1    1   45    3   42    2537.46256600    0.00009178    5   A+    74
    2    0    0   13   11    3    2537.78396582    0.00013347    4   B-    82
    0    2    1   21    4   17    2537.96539083    0.00020000    1   C-   107
    0    0    1   52   14   39    2538.27023912    0.00020000    1   C-    60
    0    2    1   14    8    7    2539.00706910    0.00020000    1   C-    79
    2    0    0   28    1   27    2539.04883549    0.00010236    4   B-   106
    1    0    1    8    5    4    2539.34057616    0.00006030    5   A+    60
    1    1    0   47   10   38    2539.39983929    0.00020000    1   C-    71
    0    1    1   43    7   36    2539.41597936    0.00013242    4   A-    80
    0    2    1   20    5   16    2539.54147942    0.00022124    2   B-   107
    0    2    1   22    3   20    2539.54869013    0.00020000    1   C-   110
    0    1    1   37   12   25    2539.79591549    0.00011415    4   A-    96
    1    0    1   12    3   10    2539.87451669    0.00008933    3   A-    80
    1    1    0   26   20    6    2540.12916144    0.00014142    2   B-   113
    1    0    1   14    1   14    2540.57515274    0.00007355    6   A+    88
    1    0    1   13    2   11    2540.93717511    0.00006013    7   A+    83
    0    1    1   31   15   16    2540.99585872    0.00018751    3   A-    99
    2    0    0   29    1   29    2541.45542417    0.00011547    3   B-   108
    0    0    1   36   22   15    2541.46416858    0.00020000    1   C-    96
    0    1    1   40   10   31    2541.84896376    0.00011152    3   A-    87
    0    2    1   23    1   22    2542.06911075    0.00014142    2   B-   100
    0    0    1   58    8   51    2542.21130074    0.00014142    2   B-    46
    2    0    0   17   10    8    2542.58962985    0.00009745    5   B+    87
    0    2    1   11    9    2    2543.06932013    0.00014142    2   B-    64
    1    0    1   11    4    7    2543.66463623    0.00009092    7   A+    74
    0    2    1   17    7   10    2544.01491390    0.00014142    2   B-    88
    1    1    0   22   21    1    2544.30032177    0.00022276    2   B-   103
    1    1    0   46   11   35    2544.30456675    0.00014142    2   B-    74
    0    2    1   24    1   24    2544.46898424    0.00014142    2   B-   113
    0    0    1   33   23   10    2544.77293445    0.00020000    1   C-    98
    1    0    1    9    5    4    2545.03025196    0.00009005    7   A+    54
    2    0    0   26    5   21    2545.13145395    0.00008944    5   B+   107
    0    1    1   46    3   44    2545.35455637    0.00009868    4   A-    80
    0    2    1   19    6   13    2545.45152763    0.00014142    2   B-   102
    2    0    0   25    6   20    2546.41789333    0.00010451    4   B-   104
    2    0    0   14   11    3    2546.62590250    0.00010000    4   B-    80
    0    0    1   39   21   18    2546.69469911    0.00014142    2   B-    88
    2    0    0   22    8   14    2546.74199606    0.00010340    5   B+   111
    0    1    1   44    6   39    2546.77452082    0.00012748    5   A+    79
    0    1    1   22   18    5    2547.33547900    0.00011344    3   A-   104
    2    0    0   20    9   11    2547.45951952    0.00010000    4   B-    99
    2    0    0   27    4   24    2547.55029749    0.00010000    4   B-   102
    1    0    1    6    6    1    2547.76670598    0.00056484    3   A-    39
    0    0    1   60    5   56    2548.08850171    0.00020000    1   C-    45
    1    0    1   13    3   10    2548.25180429    0.00006397    5   A+    73
    1    0    1   14    2   13    2548.28419695    0.00007642    6   A+    81
    0    2    1   15    8    7    2548.52304203    0.00014142    2   B-    89
    1    1    0   30   19   11    2549.07703499    0.00020000    1   C-   104
    1    0    1   15    0   15    2549.30934051    0.00009454    6   A+    90
    0    0    1   59    6   53    2549.38452545    0.00014142    2   C-    46
    0    1    1   47    1   46    2549.79747427    0.00021273    2   A-    72
    0    2    1   23    2   21    2550.25996058    0.00020000    1   C-   109
    2    0    0   28    2   26    2550.53639594    0.00011251    4   B-   112
    0    2    1   12    9    4    2550.68206658    0.00014142    2   B-    81
    0    1    1   39   11   28    2550.93113701    0.00025610    2   A-    89
    1    1    0   40   15   25    2551.08362916    0.00014142    2   B-    88
    1    0    1   12    4    9    2551.26205774    0.00006989    6   A+    72
    1    0    1   10    5    6    2551.35300434    0.00006325    4   A-    72
    1    1    0   50    7   43    2551.38896243    0.00014142    2   B-    67
    0    1    1   48    1   48    2551.54670732    0.00014674    5   A+    75
    0    0    1   51   15   36    2551.58976827    0.00014142    2   B-    62
    0    2    1   22    4   19    2551.78993814    0.00015671    3   B-   105
    2    0    0   24    7   17    2551.85965248    0.00011671    4   B-   105
    1    1    0   38   16   22    2552.12412558    0.00014142    2   B-    98
    1    0    1    7    6    1    2552.19019372    0.00007814    6   A+    52
    0    1    1   29   16   13    2552.76866506    0.00021703    2   B-   110
    0    2    1   21    5   16    2552.92955970    0.00021054    2   B-    99
    0    1    1   26   17   10    2552.99029403    0.00026945    2   A-   114
    0    1    1   45    4   41    2553.40190176    0.00014142    2   B-    80
    0    0    1   46   18   29    2553.53008646    0.00020000    1   C-    76
    2    0    0   18   10    8    2553.95934088    0.00010000    4   B-   102
    0    0    1   44   19   26    2554.26372250    0.00016568    2   B-    84
    1    0    1   15    1   14    2555.41071483    0.00009176    6   A+    81
    0    2    1   18    7   12    2555.44487124    0.00014142    2   B-   103
    1    1    0   42   14   28    2555.75935844    0.00052823    2   B-    88
    2    0    0   15   11    5    2556.09966872    0.00011547    3   B-    91
    0    1    1   34   14   21    2556.49339104    0.00013369    3   A-   101
    0    2    1   23    3   20    2556.88054249    0.00020000    1   C-   102
    2    0    0   29    2   28    2556.89447361    0.00011547    3   B-   103
    1    0    1   14    3   12    2556.98580588    0.00010237    5   A+    89
    1    0    1    8    6    3    2557.24542787    0.00006201    6   A+    51
    0    0    1   56   11   46    2557.28600399    0.00020000    1   C-    54
    0    1    1   36   13   24    2557.34956627    0.00013775    2   A-   102
    0    2    1   24    2   23    2557.48192360    0.00011547    3   B-   106
    0    2    1   20    6   15    2558.16560936    0.00014142    2   B-   100
    0    0    1   55   12   43    2558.21401194    0.00014142    2   B-    55
    1    0    1   11    5    6    2558.31048363    0.00006343    6   A+    65
    0    0    1   48   17   32    2558.31579168    0.00014142    2   B-    76
    2    0    0   28    3   25    2558.39431531    0.00011411    4   B-   108
    0    0    1   61    3   58    2558.56527085    0.00020000    1   C-    38
    1    1    0   53    3   51    2558.56550499    0.00014828    3   B-    61
    0    2    1   16    8    9    2558.67686517    0.00014142    2   B-    88
    1    1    0   23   21    3    2558.92701671    0.00014142    2   B-   110
    0    2    1   13    9    4    2558.92835696    0.00011547    3   B-    74
    1    0    1   16    1   16    2559.07393416    0.00006395    5   A+    96
    2    0    0   30    0   30    2559.10330442    0.00011471    4   A-   112
    0    2    1   25    0   25    2559.25039710    0.00020000    1   C-   110
    1    0    1   13    4    9    2559.50343807    0.00008944    2   C-    84
    1    0    1   15    2   13    2559.87009017    0.00007651    6   A+    92
    0    0    1   42   20   23    2560.49718265    0.00020000    1   C-    85
    0    0    1   57   10   47    2560.52187169    0.00014142    2   B-    49
    2    0    0   21    9   13    2560.72872453    0.00013861    4   B-   108
    2    0    0   23    8   16    2561.28375433    0.00013384    3   B-   103
    0    1    1   32   15   18    2561.33811311    0.00011892    3   A-   109
    1    1    0   51    6   46    2561.86385925    0.00026193    2   B-    64
    0    1    1   23   18    5    2561.97006349    0.00011344    3   A-   111
    2    0    0   27    5   23    2562.20359063    0.00010483    4   B-   113
    2    0    0   26    6   20    2562.90973805    0.00008944    5   B+   117
    1    0    1    9    6    3    2562.93376681    0.00006035    7   A+    64
    0    0    1   54   13   42    2563.14977903    0.00020000    1   C-    60
    0    0    1   59    7   52    2563.28479251    0.00014142    2   B-    43
    0    1    1   43    8   35    2563.35078826    0.00010543    5   A+    86
    0    1    1   42    9   34    2563.56320367    0.00019000    1   C-    90
    0    1    1   38   12   27    2563.95738302    0.00011152    3   A-    94
    1    1    0   55    1   55    2564.23487867    0.00014142    2   B-    56
    0    1    1   45    5   40    2564.95447484    0.00012887    4   A-    77
    0    0    1   37   22   15    2565.04441985    0.00020000    1   C-    98
    1    0    1   12    5    8    2565.90216669    0.00006325    4   A-    82
    2    0    0   19   10   10    2565.96137676    0.00010900    5   B+    94
    0    0    1   62    3   60    2566.04351327    0.00014142    2   B-    42
    2    0    0   16   11    5    2566.20555029    0.00009153    5   B+    89
    1    1    0   44   13   31    2566.20596063    0.00014142    2   B-    83
    0    1    1   46    4   43    2566.79253306    0.00014248    3   A-    77
    1    0    1   15    3   12    2566.80381301    0.00006518    5   A+    82
    2    0    0   28    4   24    2566.92068331    0.00008944    5   B+   113
    0    2    1   22    5   18    2566.93727879    0.00024719    2   B-   113
    0    1    1   19   19    0    2566.94345870    0.00020000    1   C-    95
    2    0    0   12   12    0    2567.11523724    0.00011547    3   B-    83
    0    1    1   44    7   38    2567.42760524    0.00010596    4   A-    86
    0    2    1   19    7   12    2567.50978105    0.00014142    2   B-    96
    1    0    1   16    2   15    2567.60791221    0.00012983    4   A-    90
    2    0    0   25    7   19    2567.68432636    0.00008944    5   B+   112
    0    2    1   14    9    6    2567.81039895    0.00020000    1   C-    91
    0    1    1   41   10   31    2567.95243317    0.00012384    4   A-    90
    0    0    1   58    9   50    2568.10134071    0.00014142    2   B-    52
    0    2    1   10   10    1    2568.22025066    0.00024541    2   B-    62
    1    0    1   14    4   11    2568.37199521    0.00012700    4   A-    82
    0    0    1   50   16   35    2568.67672377    0.00020000    1   C-    69
    1    0    1   17    0   17    2569.06404990    0.00006834    6   A+    97
    1    0    1   10    6    5    2569.25505688    0.00006068    6   A+    63
    0    2    1   24    3   22    2569.29215768    0.00014142    2   B-   115
    0    2    1   17    8    9    2569.46519810    0.00020000    1   C-    98
    1    1    0   49    9   41    2569.92259899    0.00015798    3   B-    72
    1    1    0   48   10   38    2569.95365849    0.00014142    2   B-    78
    0    1    1   27   17   10    2570.16411291    0.00013435    2   B-   105
    2    0    0   29    3   27    2570.58433034    0.00014142    2   B-   111
    0    0    1   63    1   62    2570.76009876    0.00050439    2   B-    35
    0    2    1   21    6   15    2571.52080145    0.00015781    3   B-   109
    0    1    1   30   16   15    2571.84394465    0.00019000    1   C-   107
    0    0    1   53   14   39    2571.99169335    0.00014142    2   B-    62
    0    0    1   40   21   20    2572.17273209    0.00020000    1   C-    94
    0    2    1   25    1   24    2572.44778504    0.00014142    2   B-   105
    0    0    1   60    6   55    2572.59020219    0.00020000    1   C-    43
    0    0    1   64    1   64    2572.92249967    0.00022785    2   B-    36
    1    0    1    7    7    0    2573.32761039    0.00009444    4   A-    43
    0    1    1   47    2   45    2574.09603941    0.00011859    5   A+    75
    1    0    1   13    5    8    2574.12895658    0.00006653    6   A+    75
    1    1    0   24   21    3    2574.19030620    0.00014142    2   B-   108
    2    0    0   22    9   13    2574.63112993    0.00010000    4   B-   106
    0    2    1   26    1   26    2574.64536524    0.00014142    2   B-   118
    2    0    0   30    1   29    2575.00766234    0.00014142    2   B-   108
    1    1    0   28   20    8    2575.08911930    0.00020000    1   C-   115
    0    2    1   11   10    1    2575.19795924    0.00020000    1   C-    75
    2    0    0   13   12    2    2575.32648841    0.00010000    4   B-    76
    1    0    1   11    6    5    2576.20969106    0.00006801    6   A+    76
    0    1    1   40   11   30    2576.37747903    0.00018535    2   A-    95
    2    0    0   24    8   16    2576.46015614    0.00011547    3   B-   116
    1    0    1   17    1   16    2576.47093349    0.00010089    5   A+    89
    1    0    1   16    3   14    2576.63186039    0.00007662    5   A+    97
    2    0    0   17   11    7    2576.94341139    0.00010000    4   B-    99
    1    1    0   41   15   27    2577.11025785    0.00018522    3   B-    91
    0    1    1   24   18    7    2577.24076726    0.00014142    2   B-   109
    2    0    0   31    1   31    2577.33652119    0.00011547    3   B-   110
    0    1    1   45    6   39    2577.85249909    0.00013755    3   A-    82
    1    0    1   15    4   11    2577.90071481    0.00012492    5   A+    93
    1    0    1    8    7    2    2578.38309463    0.00005585    6   A+    61
    0    1    1   48    2   47    2578.54354278    0.00013435    2   B-    72
    2    0    0   20   10   10    2578.59588338    0.00010000    4   B-   109
    0    1    1   35   14   21    2578.74093572    0.00019508    2   B-   105
    0    1    1   20   19    2    2579.67443003    0.00020000    1   C-   110
    1    0    1   18    1   18    2579.90815296    0.00012560    5   A+   104
    2    0    0   27    6   22    2580.03226666    0.00010650    5   B+   108
    2    0    0   28    5   23    2580.19446465    0.00010892    5   B+   111
    0    2    1   20    7   14    2580.21453806    0.00020000    1   C-   111
    0    1    1   49    0   49    2580.27435486    0.00013390    4   A-    73
    0    1    1   37   13   24    2580.87044388    0.00012703    4   A-    95
    1    0    1   17    2   15    2581.44561602    0.00009281    5   A+   100
    0    0    1   59    8   51    2581.50109892    0.00014142    2   C-    47
    0    2    1   23    5   18    2581.62985380    0.00029068    2   B-   105
    0    2    1   24    4   21    2581.78793875    0.00017798    3   B-   110
    0    2    1   25    2   23    2582.04528325    0.00026935    2   B-   114
    0    1    1   33   15   18    2582.31646878    0.00011152    3   A-   101
    1    1    0   46   12   34    2582.49043149    0.00014142    2   B-    82
    0    2    1   12   10    3    2582.81092910    0.00020000    1   C-    73
    0    0    1   45   19   26    2582.90107993    0.00020000    1   C-    78
    1    0    1   14    5   10    2582.99159222    0.00013246    5   A+    92
    0    0    1   47   18   29    2583.43213255    0.00020000    1   C-    78
    2    0    0   29    4   26    2583.73639702    0.00008944    5   B+   104
    1    0    1   12    6    7    2583.79787088    0.00006325    4   A-    74
    1    0    1    9    7    2    2584.07099659    0.00010515    7   A+    55
    2    0    0   26    7   19    2584.14643938    0.00012014    4   B-   109
    2    0    0   14   12    2    2584.16987269    0.00011547    3   B-    93
    0    0    1   52   15   38    2584.66676947    0.00014142    2   B-    68
    0    2    1   22    6   17    2585.51502463    0.00020000    1   C-   107
    0    0    1   61    4   57    2586.01735701    0.00034842    2   B-    42
    0    1    1   46    5   42    2586.21013230    0.00011179    4   A-    83
    0    2    1   16    9    8    2587.47987444    0.00014142    2   B-    99
    0    0    1   43   20   23    2587.87225317    0.00020000    1   C-    87
    2    0    0   30    2   28    2587.96515099    0.00011335    4   B-   114
    1    0    1   17    3   14    2588.02019162    0.00008926    3   A-    90
    1    0    1   16    4   13    2588.03526666    0.00009501    4   A-    91
    2    0    0   18   11    7    2588.31331593    0.00011038    4   B-    97
    0    1    1   39   12   27    2588.75588110    0.00010546    4   A-    96
    0    2    1   26    2   25    2588.81482896    0.00020000    1   C-   110
    0    2    1   25    3   22    2589.04504857    0.00014142    2   B-   107
    2    0    0   23    9   15    2589.16715928    0.00009750    5   B+   113
    0    0    1   38   22   17    2589.26073639    0.00014142    2   B-    96
    1    0    1   18    2   17    2589.35355008    0.00017873    4   A-    98
    0    0    1   49   17   32    2589.48425286    0.00014142    2   B-    69
    1    1    0   25   21    5    2590.08862263    0.00020000    1   C-   115
    1    0    1   10    7    4    2590.39165265    0.00006868    6   A+    73
    0    2    1   27    0   27    2590.59363003    0.00026123    2   B-   114
    0    1    1   43    9   34    2590.98326143    0.00011344    3   A-    84
    0    2    1   13   10    3    2591.05907158    0.00020000    1   C-    85
    1    0    1   19    0   19    2591.11903170    0.00006325    4   A-   105
    0    1    1   44    8   37    2591.45472853    0.00011344    3   A-    84
    0    1    1   31   16   15    2591.55503362    0.00020000    1   C-   112
    2    0    0   21   10   12    2591.86319641    0.00009699    5   B+   101
    1    0    1   13    6    7    2592.01965936    0.00005821    6   A+    86
    2    0    0   25    8   18    2592.27169739    0.00008944    5   B+   108
    1    0    1   15    5   10    2592.49068663    0.00006325    4   A-    85
    0    2    1   19    8   11    2592.95299349    0.00020000    1   C-   106
    0    1    1   21   19    2    2593.04244853    0.00020000    1   C-   102
    0    1    1   25   18    7    2593.14737739    0.00020000    1   C-   116
    0    2    1   21    7   14    2593.55601115    0.00018116    3   B-   103
    2    0    0   15   12    4    2593.64499072    0.00010000    4   B-    86
    0    0    1   57   11   46    2593.64634072    0.00020915    2   B-    49
    0    0    1   56   12   45    2593.89099030    0.00020000    1   C-    54
    2    0    0   31    2   30    2593.93835729    0.00011547    3   B-   105
    0    1    1   42   10   33    2594.69661061    0.00013980    3   A-    87
    0    0    1   60    7   54    2595.41048220    0.00014142    2   B-    46
    1    1    0   55    2   54    2595.50912128    0.00020000    1   C-    54
    0    1    1   47    3   44    2595.79576211    0.00012320    4   A-    74
    2    0    0   32    0   32    2596.14160503    0.00013563    3   B-   114
    0    1    1   45    7   38    2596.57938739    0.00013775    2   A-    80
    0    0    1   62    4   59    2596.62754245    0.00020000    1   C-    41
    2    0    0   30    3   27    2596.88669042    0.00010961    4   B-   110
    0    2    1   24    5   20    2596.90874254    0.00020000    1   C-   118
    1    1    0   56    0   56    2596.97754078    0.00020000    1   C-    57
    1    0    1   11    7    4    2597.34545002    0.00006547    6   A+    66
    0    0    1   58   10   49    2597.58194132    0.00014142    2   B-    48
    2    0    0   28    6   22    2597.81347882    0.00010673    5   B+   120
    0    0    1   55   13   42    2598.16169775    0.00020000    1   C-    55
    0    2    1   17    9    8    2598.26834939    0.00036643    2   B-    92
    2    0    0   29    5   25    2598.45921680    0.00008944    5   B+   115
    0    2    1   25    4   21    2598.50607781    0.00021145    2   B-   117
    1    0    1   18    3   16    2598.80258537    0.00013336    6   A+   105
    1    0    1   17    4   13    2598.86923370    0.00008072    5   A+   101
    1    0    1   19    1   18    2599.88383173    0.00007870    5   A+    97
    0    2    1   23    6   17    2600.15311838    0.00020000    1   C-   114
    2    0    0   19   11    9    2600.31556549    0.00011597    4   B-   107
    1    0    1   14    6    9    2600.87624697    0.00007029    6   A+    84
    2    0    0   27    7   21    2601.24627991    0.00009137    5   B+   116
    0    2    1   26    3   24    2601.49111813    0.00028879    2   B-   120
    0    1    1   36   14   23    2601.62445652    0.00012460    4   A-   102
    1    1    0   50    9   41    2601.82566258    0.00018883    3   B-    71
    0    1    1   41   11   30    2602.46301748    0.00022329    3   A-    89
    1    0    1   16    5   12    2602.62605562    0.00007381    8   A+   101
    1    0    1    8    8    1    2602.74046568    0.00020053    4   A-    54
    1    0    1   20    1   20    2603.07079375    0.00008165    3   A-   112
    0    1    1   48    3   46    2603.46861322    0.00013029    4   A-    80
    2    0    0   16   12    4    2603.75223256    0.00011676    4   B-   102
    1    1    0   42   15   27    2603.77086144    0.00020000    1   C-    88
    0    0    1   63    2   61    2604.07978955    0.00014142    2   C-    39
    2    0    0   24    9   15    2604.33687127    0.00011337    5   B+   111
    1    0    1   12    7    6    2604.93184227    0.00006323    5   A+    84
    0    1    1   38   13   26    2605.02798789    0.00024146    3   A-   102
    0    2    1   27    1   26    2605.10361529    0.00020000    1   C-   109
    0    1    1   46    6   41    2605.10589678    0.00014142    2   B-    79
    2    0    0   30    4   26    2605.22008411    0.00008944    5   B+   116
    1    0    1   19    2   17    2605.62258635    0.00005466    6   A+   108
    0    2    1   20    8   13    2605.65026549    0.00019730    3   B-   103
    2    0    0   22   10   12    2605.76341815    0.00008944    5   B+   115
    0    0    1   59    9   50    2606.09516428    0.00018175    2   B-    47
    0    0    1   54   14   41    2606.35005389    0.00014142    2   B-    60
    0    1    1   29   17   12    2606.41735040    0.00013435    2   B-   108
    0    1    1   22   19    4    2607.04681883    0.00020000    1   C-   116
    0    2    1   28    1   28    2607.13998300    0.00031082    2   B-   121
    0    2    1   22    7   16    2607.53642532    0.00020000    1   C-   117
    0    1    1   49    1   48    2607.86638586    0.00013395    4   A-    72
    1    0    1    9    8    1    2608.42841449    0.00006518    6   A+    67
    2    0    0   31    3   29    2608.65619405    0.00010000    4   B-   113
    2    0    0   26    8   18    2608.71906799    0.00014142    2   B-   121
    0    0    1   64    2   63    2608.79064134    0.00014142    2   C+    37
    0    2    1   15   10    5    2609.45999924    0.00020000    1   C-    94
    0    1    1   50    1   50    2609.58028120    0.00010038    5   A+    75
    0    1    1   26   18    9    2609.69016968    0.00020000    1   C-   113
    0    2    1   18    9   10    2609.69163280    0.00018792    3   B-   107
    0    0    1   61    5   56    2609.96640263    0.00014142    2   B-    41
    1    0    1   18    4   15    2610.25659742    0.00008561    4   A-    99
    1    0    1   15    6    9    2610.36751630    0.00015620    4   A-    95
    0    0    1   65    0   65    2610.95023034    0.00014142    2   B-    36
    0    0    1   36   23   14    2611.72521570    0.00014142    2   B-   108
    1    0    1   19    3   16    2611.93611310    0.00010357    6   A+    98
    1    1    0   47   12   36    2612.35163182    0.00028073    2   B-    76
    1    1    0   30   20   10    2612.59039639    0.00017279    3   B-   117
    0    2    1   25    5   20    2612.92810257    0.00026623    2   B-   110
    2    0    0   20   11    9    2612.95019253    0.00011547    3   B-   104
    1    0    1   13    7    6    2613.15159862    0.00005163    7   A+    77
    2    0    0   32    1   31    2613.25810747    0.00025679    2   B-   110
    1    0    1   17    5   12    2613.40097302    0.00009033    5   A+    94
    0    1    1   47    4   43    2613.43373513    0.00020000    1   C-    80
    1    0    1   20    2   19    2613.50015908    0.00006325    4   A-   105
    0    0    1   48   18   31    2613.96943415    0.00020000    1   C-    76
    0    0    1   39   22   17    2614.11234794    0.00020000    1   C-    98
    0    1    1   40   12   29    2614.19198563    0.00013435    2   B-    94
    0    2    1   26    4   23    2614.33989379    0.00024086    2   B-   114
    2    0    0   17   12    6    2614.49095758    0.00018346    3   B-    95
    1    0    1   10    8    3    2614.74905147    0.00007408    6   A+    66
    0    2    1   24    6   19    2615.42986714    0.00014142    2   B-   112
    1    0    1   21    0   21    2615.47762142    0.00006654    4   A-   112
    2    0    0   33    1   33    2615.52866227    0.00013172    5   A+   110
    0    0    1   44   20   25    2615.88268047    0.00014142    2   B-    85
    2    0    0   13   13    1    2616.04012975    0.00013529    3   B-    87
    0    2    1   27    2   25    2616.20038834    0.00014142    2   B-   118
    2    0    0   29    6   24    2616.21322436    0.00009674    5   B+   111
    2    0    0   30    5   25    2617.89896611    0.00011656    4   B-   113
    0    2    1   12   11    2    2618.24522019    0.00014142    2   B-    86
    0    0    1   53   15   38    2618.37917593    0.00014142    2   B-    62
    0    0    1   60    8   53    2618.61777929    0.00020000    1   C-    46
    2    0    0   28    7   21    2618.98524731    0.00010689    4   B-   113
    0    2    1   21    8   13    2618.98536808    0.00014142    2   B-   113
    0    1    1   44    9   36    2619.04518300    0.00012858    4   A-    90
    2    0    0   25    9   17    2620.14096883    0.00011249    5   B+   118
    0    1    1   45    8   37    2620.24958436    0.00013775    2   A-    86
    2    0    0   23   10   14    2620.29645353    0.00009420    5   B+   107
    1    0    1   16    6   11    2620.49368416    0.00006030    5   A+    93
    0    0    1   50   17   34    2621.28753864    0.00014142    2   B-    76
    0    1    1   23   19    4    2621.68735058    0.00020000    1   C-   108
    1    0    1   11    8    3    2621.70237004    0.00005244    6   A+    79
    0    2    1   19    9   10    2621.75052062    0.00020000    1   C-   100
    1    0    1   14    7    8    2622.00532213    0.00006325    4   A-    94
    0    1    1   43   10   33    2622.08212451    0.00015009    3   A-    90
    0    2    1   23    7   16    2622.15539053    0.00020000    1   C-   109
    2    0    0   31    4   28    2622.42293382    0.00011385    4   B-   106
    1    0    1   19    4   15    2622.42894212    0.00008138    4   A-   109
    1    0    1   20    3   18    2623.48279124    0.00007582    4   A-   113
    0    2    1   27    3   24    2623.86890274    0.00014142    2   B-   111
    1    1    0   46   13   33    2623.99188291    0.00020000    1   C-    83
    0    2    1   29    0   29    2624.25081240    0.00014142    2   B-   116
    1    1    0   55    3   53    2624.71630894    0.00023953    2   B-    61
    1    0    1   18    5   14    2624.81146958    0.00010179    4   A-   109
    0    0    1   62    5   58    2624.81549851    0.00014142    2   C-    45
    2    0    0   14   13    1    2624.88501722    0.00014142    2   B-    85
    0    0    1   42   21   22    2625.03518291    0.00014142    2   B-    94
    0    1    1   37   14   23    2625.14432434    0.00020000    1   C-   106
    0    1    1   30   17   14    2625.49792629    0.00012414    3   A-   119
    1    0    1   21    1   20    2625.60396841    0.00006744    4   A-   104
    0    1    1   46    7   40    2625.75278760    0.00010377    4   A-    86
    2    0    0   27    8   20    2625.80193677    0.00010263    5   B+   112
    2    0    0   18   12    6    2625.86231342    0.00010000    4   B-   110
    0    1    1   47    5   42    2626.05836736    0.00018469    3   A-    77
    0    1    1   48    4   45    2626.09676670    0.00012098    4   A-    77
    0    1    1   35   15   20    2626.18006199    0.00015655    2   A-   102
    2    0    0   21   11   11    2626.21706849    0.00010000    4   B-   114
    0    1    1   27   18    9    2626.86927395    0.00021025    2   A-   120
    2    0    0   32    2   30    2627.64943013    0.00011547    3   B-   116
    0    0    1   61    6   55    2628.36774209    0.00014142    2   C+    46
    1    0    1   22    1   22    2628.55705052    0.00007043    4   A-   119
    1    1    0   53    6   48    2628.87349600    0.00022345    3   B-    64
    0    1    1   42   11   32    2629.18738456    0.00020000    1   C-    95
    1    0    1   12    8    5    2629.28851345    0.00006325    4   A-    77
    0    2    1   26    5   22    2629.46251847    0.00014076    3   B-   123
    0    1    1   39   13   26    2629.82187110    0.00020000    1   C-    95
    0    0    1   57   12   45    2630.20870597    0.00014142    2   C-    55
    1    1    0   57    1   57    2630.29766721    0.00014142    2   B-    56
    0    2    1   17   10    7    2630.40155661    0.00028231    3   B-   102
    0    0    1   58   11   48    2630.64952570    0.00059230    2   B-    54
    1    1    0   43   15   29    2631.06715151    0.00018176    2   B-    91
    1    0    1   17    6   11    2631.25566235    0.00009123    6   A+   103
    0    2    1   25    6   19    2631.35437242    0.00014142    2   B-   119
    1    0    1   15    7    8    2631.49270844    0.00007571    6   A+    87
    1    0    1   21    2   19    2632.34985354    0.00012342    5   A+   115
    0    2    1   27    4   23    2632.86019984    0.00038276    2   B-   121
    0    1    1   33   16   17    2632.88334671    0.00016591    2   B-   114
    1    1    0   50   10   40    2632.98666666    0.00016915    3   B-    78
    2    0    0   33    2   32    2633.30008226    0.00012744    4   B-   107
    0    1    1   49    2   47    2633.37657340    0.00013264    3   A-    75
    0    0    1   56   13   44    2633.81168399    0.00020000    1   C-    59
    0    0    1   52   16   37    2634.18819661    0.00014142    2   B-    69
    1    1    0   51    9   43    2634.35639682    0.00020000    1   C-    72
    2    0    0   15   13    3    2634.36198329    0.00012176    4   B-    97
    0    2    1   20    9   12    2634.44651144    0.00020000    1   C-   115
    1    0    1   20    4   17    2635.03737855    0.00007975    6   A+   106
    2    0    0   30    6   24    2635.29383087    0.00011547    3   B-   122
    0    0    1   59   10   49    2635.31494789    0.00014142    2   C-    49
    0    0    1   37   23   14    2635.31503928    0.00020000    1   C-   100
    0    2    1   14   11    4    2635.37899801    0.00014142    2   B-    96
    2    0    0   24   10   14    2635.46270147    0.00010444    5   B+   120
    2    0    0   34    0   34    2635.49000289    0.00011547    3   B-   115
    1    0    1    9    9    0    2635.99142054    0.00008944    2   C-    58
    2    0    0   26    9   17    2636.57912446    0.00009551    5   B+   115
    1    0    1   19    5   14    2636.86738374    0.00007651    5   A+   102
    0    1    1   24   19    6    2636.96364084    0.00020000    1   C-   121
    2    0    0   31    5   27    2637.28320427    0.00012605    4   B-   117
    2    0    0   29    7   23    2637.36198462    0.00009726    5   B+   118
    0    2    1   24    7   18    2637.41438342    0.00020000    1   C-   122
    1    0    1   13    8    5    2637.50782791    0.00005430    6   A+    90
    0    1    1   50    2   49    2637.76801240    0.00043221    2   A-    72
    2    0    0   19   12    8    2637.86548710    0.00008944    5   B+   103
    2    0    0   32    3   29    2637.86679182    0.00009727    5   B+   112
    0    1    1   47    6   41    2638.50636053    0.00010326    4   A-    82
    1    0    1   21    3   18    2638.57145126    0.00008661    6   A+   105
    0    1    1   51    0   51    2639.46465378    0.00014142    2   B-    73
    1    1    0   45   14   32    2639.55825384    0.00020000    1   C-    82
    0    0    1   40   22   19    2639.59997379    0.00020000    1   C-    96
    1    0    1   22    2   21    2640.02823185    0.00006325    4   A-   111
    0    2    1   29    1   28    2640.04433987    0.00014142    2   B-   112
    2    0    0   22   11   11    2640.11656225    0.00010446    5   B+   112
    0    1    1   41   12   29    2640.26568083    0.00012254    4   A-    96
    0    0    1   55   14   41    2641.34487408    0.00020000    1   C-    62
    1    0    1   16    7   10    2641.61391678    0.00010430    5   A+   103
    0    2    1   18   10    9    2641.82484350    0.00014142    2   B-   100
    0    2    1   30    1   30    2641.95257197    0.00020000    1   C-   123
    0    0    1   47   19   28    2642.07727960    0.00014142    2   C-    78
    1    0    1   23    0   23    2642.14432839    0.00007889    4   A-   118
    1    0    1   10    9    2    2642.31269926    0.00010186    6   A+    77
    1    0    1   18    6   13    2642.65406424    0.00008368    6   A+   101
    0    0    1   61    7   54    2642.66109382    0.00014142    2   B-    43
    0    0    1   64    3   62    2642.69439258    0.00020000    1   C-    42
    1    1    0   48   12   36    2642.84983201    0.00020435    2   B-    82
    2    0    0   28    8   20    2643.52113491    0.00009264    5   B+   124
    1    1    0   24   22    2    2643.64164459    0.00020000    1   C-   123
    0    0    1   60    9   52    2644.36934228    0.00014142    2   B-    52
    2    0    0   16   13    3    2644.47060587    0.00012651    4   B-    95
    0    1    1   28   18   11    2644.68370097    0.00011344    3   A-   117
    0    2    1   15   11    4    2644.89830024    0.00014142    2   B-    89
    0    0    1   49   18   31    2645.14110302    0.00014142    2   B-    78
    0    1    1   31   17   14    2645.21320921    0.00017462    3   A-   110
    2    0    0   32    4   28    2646.26110459    0.00014142    2   B-   118
    1    0    1   14    8    7    2646.36012670    0.00010702    5   A+    88
    0    1    1   48    5   44    2646.52434401    0.00020000    1   C-    83
    0    2    1   27    5   22    2646.84270556    0.00020000    1   C-   114
    0    0    1   65    1   64    2647.39680041    0.00014142    2   B-    35
    0    2    1   23    8   15    2647.56722414    0.00016771    2   B-   119
    0    1    1   45    9   36    2647.75513862    0.00015474    3   A-    84
    0    2    1   21    9   12    2647.77830523    0.00020000    1   C-   107
    0    2    1   26    6   21    2647.91592935    0.00020000    1   C-   117
    1    0    1   21    4   17    2648.60575467    0.00012022    6   A+   116
    0    1    1   36   15   22    2649.06570493    0.00019000    1   C-   111
    2    0    0   33    3   31    2649.09726175    0.00010273    4   B-   115
    1    0    1   11    9    2    2649.26641450    0.00007183    6   A+    70
    0    1    1   38   14   25    2649.30009983    0.00019000    1   C-   103
    0    2    1   28    4   25    2649.43261148    0.00028827    2   B-   118
    0    0    1   66    1   66    2649.55157150    0.00014142    2   B-    36
    1    0    1   20    5   16    2649.55344239    0.00007170    5   A+   117
    0    1    1   46    8   39    2649.63685343    0.00011344    3   A-    84
    0    1    1   44   10   35    2650.10845043    0.00012333    4   A-    87
    0    0    1   62    6   57    2650.45349709    0.00014142    2   C+    43
    2    0    0   20   12    8    2650.50085901    0.00010000    4   B-   118
    1    0    1   22    3   20    2650.65435387    0.00005356    6   A+   120
    2    0    0   25   10   16    2651.26229336    0.00011547    3   B-   112
    1    0    1   17    7   10    2652.36976690    0.00009611    4   A-    96
    0    0    1   43   21   22    2652.41919587    0.00014142    2   B-    88
    0    0    1   54   15   40    2652.72781093    0.00020000    1   C-    68
    1    0    1   23    1   22    2653.60438134    0.00008548    3   A-   111
    2    0    0   27    9   19    2653.65191539    0.00010908    5   B+   122
    0    0    1   51   17   34    2653.72607721    0.00014142    2   B-    69
    2    0    0   34    1   33    2653.80689840    0.00011088    4   B-   111
    0    2    1   19   10    9    2653.88348788    0.00021098    2   B-   110
    0    1    1   34   16   19    2654.50136733    0.00041747    2   B-   112
    2    0    0   23   11   13    2654.64856101    0.00008944    5   B+   120
    1    0    1   19    6   13    2654.68870877    0.00008228    6   A+   111
    2    0    0   31    6   26    2654.96519426    0.00011547    3   B-   113
    2    0    0   17   13    5    2655.21127102    0.00011547    3   B-   105
    0    1    1   40   13   28    2655.25129512    0.00014142    2   B-   103
    0    1    1   21   20    1    2655.75078853    0.00020000    1   C-   117
    1    0    1   15    8    7    2655.84543835    0.00008393    5   A+   100
    2    0    0   35    1   35    2656.03094576    0.00011547    3   B-   111
    1    0    1   24    1   24    2656.36308458    0.00008162    4   A-   124
    2    0    0   30    7   23    2656.38029903    0.00010000    4   B-   115
    0    1    1   49    3   46    2656.39169157    0.00009986    4   A-    74
    0    1    1   47    7   40    2656.42816380    0.00012901    4   A-    80
    0    1    1   43   11   32    2656.54997533    0.00013435    2   B-    89
    1    0    1   12    9    4    2656.85285751    0.00007470    6   A+    89
    2    0    0   32    5   27    2658.27869926    0.00012117    4   B-   115
    0    2    1   30    2   29    2658.49748417    0.00014142    2   B-   116
    1    1    0   44   15   29    2658.99700346    0.00016374    4   B-    88
    0    0    1   38   23   16    2659.54066663    0.00014142    2   B-   108
    1    1    0   25   22    4    2659.54592684    0.00020000    1   C-   115
    0    0    1   61    8   53    2659.92370892    0.00014142    2   C-    48
    1    1    0   29   21    9    2660.03478658    0.00023901    2   B-   121
    0    2    1   31    0   31    2660.22413019    0.00014142    2   B-   118
    0    2    1   29    3   26    2661.29442463    0.00014142    2   B-   114
    1    0    1   23    2   21    2661.56784382    0.00009443    5   A+   121
    0    2    1   22    9   14    2661.74593210    0.00016467    3   B-   122
    2    0    0   29    8   22    2661.87697069    0.00010270    4   B-   115
    1    0    1   22    4   19    2662.37815439    0.00007440    5   A+   113
    1    1    0   57    2   56    2662.76474155    0.00014142    2   B-    54
    0    2    1   24    8   17    2662.81470057    0.00020000    1   C-   116
    1    0    1   21    5   16    2662.89771300    0.00026287    2   B-   109
    0    1    1   29   18   11    2663.13398184    0.00020000    1   C-   122
    2    0    0   33    4   30    2663.58713762    0.00008944    5   B+   108
    1    0    1   18    7   12    2663.76019348    0.00008430    5   A+   111
    2    0    0   21   12   10    2663.76842962    0.00010000    4   B-   110
    0    1    1   50    3   48    2663.89321362    0.00012536    4   A-    80
    0    0    1   63    4   59    2663.95135804    0.00014142    2   B-    42
    1    1    0   58    0   58    2664.19480600    0.00014142    2   B-    56
    0    2    1   28    5   24    2664.59939052    0.00014142    2   B-   127
    1    0    1   13    9    4    2665.07231041    0.00007265    6   A+    81
    0    2    1   27    6   21    2665.13160095    0.00020000    1   C-   124
    1    1    0   51   10   42    2665.46603984    0.00017286    2   B-    71
    0    1    1   32   17   16    2665.56472558    0.00019000    1   C-   121
    1    0    1   16    8    9    2665.96485269    0.00008403    4   A-    98
    0    1    1   48    6   43    2665.96622112    0.00009740    4   A-    79
    0    2    1   20   10   11    2666.57803417    0.00014142    2   B-   108
    2    0    0   18   13    5    2666.58421449    0.00012309    4   B-   103
    0    1    1   42   12   31    2666.97750934    0.00014142    2   B-    94
    0    0    1   58   12   47    2667.16687030    0.00014142    2   C-    54
    1    0    1   20    6   15    2667.36072721    0.00005836    6   A+   109
    2    0    0   26   10   16    2667.69543712    0.00010842    4   B-   125
    1    0    1   23    3   20    2667.92179846    0.00009391    4   A-   112
    0    1    1   51    1   50    2668.24657083    0.00011999    4   A-    72
    0    0    1   59   11   48    2668.29752168    0.00031931    2   B-    49
    2    0    0   14   14    0    2668.74876367    0.00012922    3   B-    99
    1    0    1   24    2   23    2668.92047847    0.00009825    4   A-   117
    0    1    1   26   19    8    2669.42488032    0.00020000    1   C-   126
    2    0    0   34    2   32    2669.58028211    0.00011547    3   B-   117
    0    1    1   22   20    3    2669.76102068    0.00020000    1   C-   114
    2    0    0   24   11   13    2669.81333595    0.00010253    4   B-   118
    0    2    1   26    7   20    2669.85284701    0.00014142    2   B-   127
    0    1    1   52    1   52    2669.92687828    0.00020000    1   C-    75
    0    0    1   57   13   44    2670.10005775    0.00020000    1   C-    55
    1    0    1   25    0   25    2671.12073443    0.00007783    5   A+   123
    2    0    0   28    9   19    2671.35945937    0.00011547    3   B-   119
    0    1    1   37   15   22    2672.58695311    0.00020000    1   C-   103
    0    0    1   48   19   30    2672.61866467    0.00014142    2   B-    84
    1    0    1   10   10    1    2673.06546419    0.00009098    3   A-    68
    0    2    1   30    3   28    2673.15944537    0.00015624    2   B-   125
    0    0    1   60   10   51    2673.66121348    0.00014142    2   C-    48
    0    0    1   46   20   27    2673.80823465    0.00014142    2   B-    85
    1    0    1   14    9    6    2673.92431241    0.00006994    6   A+   100
    1    1    0   49   12   38    2673.98534349    0.00020000    1   C-    76
    0    1    1   39   14   25    2674.09180141    0.00014665    2   A-   106
    0    0    1   62    7   56    2674.09379556    0.00020000    1   C-    46
    0    2    1   14   12    3    2674.09806534    0.00020000    1   C-    89
    0    0    1   64    4   61    2674.45836197    0.00014142    2   B-    41
    2    0    0   35    2   34    2674.97611612    0.00010000    4   B-   108
    2    0    0   32    6   26    2675.36253493    0.00011735    5   B+   124
    0    1    1   49    4   45    2675.68882528    0.00015090    3   A-    80
    1    0    1   19    7   12    2675.78600266    0.00010383    4   A-   104
    2    0    0   31    7   25    2676.03597364    0.00010217    5   B+   120
    1    1    0   26   22    4    2676.08528697    0.00020000    1   C-   128
    1    0    1   17    8    9    2676.71757671    0.00007477    6   A+   109
    0    1    1   35   16   19    2676.75423199    0.00019000    1   C-   115
    1    0    1   22    5   18    2676.85739879    0.00007421    5   A+   124
    0    0    1   50   18   33    2676.94757415    0.00014142    2   C-    76
    0    0    1   56   14   43    2676.97721865    0.00020000    1   C-    60
    0    1    1   46    9   38    2677.10615833    0.00036007    2   B-    90
    2    0    0   36    0   36    2677.14753836    0.00011547    3   B-   116
    0    2    1   18   11    8    2677.26608471    0.00020000    1   C-   113
    0    2    1   31    1   30    2677.27822186    0.00040854    2   B-   114
    1    0    1   23    4   19    2677.43312119    0.00008909    3   C-   122
    2    0    0   22   12   10    2677.66832854    0.00010000    4   B-   125
    2    0    0   15   14    2    2678.22748584    0.00011547    3   B-    91
    2    0    0   19   13    7    2678.58902053    0.00010000    4   B-   114
    0    1    1   45   10   35    2678.77707190    0.00013775    2   A-    90
    1    1    0   30   21    9    2679.10886976    0.00011547    3   B-   118
    0    1    1   47    8   39    2679.75564476    0.00022521    2   A-    86
    0    2    1   21   10   11    2679.90837418    0.00014142    2   B-   118
    1    0    1   11   10    1    2680.02051241    0.00007175    6   A+    81
    1    0    1   24    3   22    2680.29569046    0.00006553    4   A-   125
    0    0    1   44   21   24    2680.43836110    0.00020000    1   C-    94
    1    0    1   21    6   15    2680.67113813    0.00007102    5   A+   119
    2    0    0   30    8   22    2680.87019187    0.00012040    4   B-   126
    2    0    0   34    3   31    2681.26158073    0.00013408    3   B-   114
    0    0    2    2    0    2    2681.69438229    0.00017321    3   B-    26
    0    0    2    1    1    1    2682.01828691    0.00021213    2   B-    16
    0    0    2    2    1    1    2683.38608501    0.00017321    3   B-    16
    0    2    1   29    5   24    2683.39877821    0.00014142    2   B-   118
    1    0    1   15    9    6    2683.40953080    0.00007193    6   A+    92
    0    0    1   61    9   52    2683.79385012    0.00011547    3   B-    47
    1    0    1   25    1   24    2683.87892060    0.00011104    3   A-   116
    0    0    1   39   23   16    2684.40261838    0.00020000    1   C-   100
    0    1    1   44   11   34    2684.55305437    0.00012434    4   A-    95
    2    0    0   27   10   18    2684.76214248    0.00010000    4   B-   116
    0    0    2    3    1    3    2685.04812267    0.00015000    4   B-    30
    2    0    0   25   11   15    2685.61076655    0.00010000    4   B-   125
    0    0    2    4    0    4    2686.10046742    0.00037690    2   B-    40
    1    0    1   26    1   26    2686.48707413    0.00007562    6   A+   129
    0    1    1   33   17   16    2686.55077708    0.00020000    1   C-   112
    0    0    1   66    2   65    2686.58128226    0.00014142    2   C-    36
    0    1    1   27   19    8    2686.60961982    0.00014142    2   B-   117
    0    1    1   48    7   42    2686.67344767    0.00011152    3   A-    86
    0    2    1   27    7   20    2687.03328585    0.00020000    1   C-   118
    0    2    1   30    4   27    2687.04776873    0.00026020    2   B-   120
    1    0    1   12   10    3    2687.60781325    0.00006815    6   A+    80
    0    0    1   55   15   40    2687.71296089    0.00020000    1   C-    62
    0    1    1   50    4   47    2687.72309738    0.00014142    2   B-    77
    0    0    2    4    1    3    2687.98768453    0.00017321    3   B-    30
    1    0    1   18    8   11    2688.10432355    0.00006581    6   A+   107
    0    0    2    2    2    0    2688.14687707    0.00021213    2   B-    28
    2    0    0   16   14    2    2688.33831606    0.00011547    3   B-   109
    1    0    1   20    7   14    2688.44756509    0.00007084    6   A+   119
    0    0    1   67    0   67    2688.73276638    0.00020000    1   C-    35
    0    2    1   19   11    8    2689.32516172    0.00014142    2   B-   106
    0    0    1   63    5   58    2689.40110870    0.00017158    2   B-    41
    0    1    1   49    5   44    2689.68136979    0.00022284    2   A-    77
    2    0    0   29    9   21    2689.70207994    0.00011547    3   B-   124
    2    0    0   34    4   30    2690.01191212    0.00011223    5   B+   119
    0    0    2    3    2    2    2690.04162094    0.00015459    4   B-    20
    0    0    2    5    1    5    2690.49529272    0.00015985    4   B-    44
    2    0    0   20   13    7    2691.22588224    0.00011396    4   B-   111
    0    2    1   31    2   29    2691.40279525    0.00020000    1   C-   122
    1    0    1   23    5   18    2691.50246811    0.00008815    4   A-   116
    0    2    1   24    9   16    2691.59185515    0.00014142    2   B-   127
    2    0    0   35    3   33    2691.89041996    0.00014630    4   B-   116
    2    0    0   23   12   12    2692.20053876    0.00011547    3   B-   117
    1    0    1   24    4   21    2692.27283933    0.00013535    5   A+   119
    0    0    2    4    2    2    2692.58726589    0.00017321    3   B-    42
    0    0    2    6    0    6    2692.98442220    0.00017321    3   B-    54
    1    0    1   25    2   23    2693.21088103    0.00006325    4   A-   126
    1    1    0   27   22    6    2693.26122603    0.00019732    2   B-   119
    1    0    1   16    9    8    2693.52781267    0.00018400    5   A+   110
    0    2    1   22   10   13    2693.87410323    0.00014142    2   B-   115
    0    1    1   43   12   31    2694.32615632    0.00015280    3   A-    96
    1    0    1   22    6   17    2694.61923606    0.00006204    6   A+   116
    0    1    1   51    2   49    2694.96322903    0.00020000    1   C-    75
    0    0    2    6    1    5    2695.20764308    0.00016195    4   B-    44
    0    2    1   26    8   19    2695.22521260    0.00041499    2   B-   121
    0    0    2    5    2    4    2695.72574822    0.00017321    3   B-    34
    1    0    1   13   10    3    2695.82795850    0.00007274    6   A+    93
    2    0    0   33    6   28    2696.29338657    0.00010000    4   B-   115
    2    0    0   32    7   25    2696.33691619    0.00008944    5   B+   117
    2    0    0   36    1   35    2696.65632900    0.00011547    3   B-   112
    0    1    1   38   15   24    2696.74334523    0.00013435    2   B-   111
    0    2    1   32    2   31    2696.83069286    0.00025246    2   B-   118
    0    0    1   62    8   55    2697.58843824    0.00014142    2   C+    46
    0    0    2    3    3    1    2698.10162094    0.00017321    3   B-    32
    0    0    2    7    1    7    2698.34894545    0.00015000    4   B-    58
    0    2    1   33    0   33    2698.51129639    0.00020000    1   C-   120
    1    1    0   59    1   59    2698.66813278    0.00020000    1   C-    55
    1    1    0   31   21   11    2698.81880621    0.00018765    2   B-   123
    2    0    0   37    1   37    2698.84288769    0.00011547    3   B-   111
    2    0    0   17   14    4    2699.08105876    0.00014756    3   B-   101
    0    1    1   52    2   51    2699.30360778    0.00020000    1   C-    72
    0    1    1   40   14   27    2699.51956243    0.00013698    3   A-   103
    0    0    2    6    2    4    2699.59789163    0.00021213    2   B-    56
    0    1    1   36   16   21    2699.64282211    0.00020000    1   C-   113
    0    1    1   24   20    5    2699.68907155    0.00020000    1   C-   120
    1    0    1   25    3   22    2699.95997543    0.00007684    6   A+   117
    1    0    1   19    8   11    2700.12552031    0.00008165    3   A-   117
    1    0    1   26    2   25    2700.16215457    0.00016039    5   A+   122
    2    0    0   31    8   24    2700.50000366    0.00008944    5   B+   116
    0    0    2    4    3    1    2700.63256042    0.00026861    2   B-    32
    1    1    0   23   23    1    2700.75351875    0.00020000    1   C-   124
    0    1    1   53    0   53    2700.96647866    0.00014142    2   B-    72
    0    2    1   31    3   28    2701.25524717    0.00020000    1   C-   117
    2    0    0   34    5   29    2701.37228065    0.00010537    4   B-   117
    1    0    1   21    7   14    2701.74511628    0.00007864    5   A+   111
    0    1    1   49    6   43    2701.96784333    0.00020000    1   C-    82
    0    2    1   20   11   10    2702.02133844    0.00020000    1   C-   121
    2    0    0   26   11   15    2702.04115423    0.00010972    4   B-   123
    0    0    1   54   16   39    2702.24066247    0.00014142    2   B-    69
    0    0    2    8    0    8    2702.29634712    0.00017321    3   B-    67
    0    2    1   30    5   26    2702.31847662    0.00016711    3   B-   129
    1    0    1   27    0   27    2702.40910486    0.00006325    4   A-   128
    2    0    0   28   10   18    2702.46279628    0.00008944    5   B+   129
    0    0    1   47   20   27    2703.72324783    0.00020000    1   C-    87
    0    0    2    5    3    3    2703.79620270    0.00017321    3   B-    46
    0    0    1   64    5   60    2703.84656098    0.00020000    1   C-    45
    0    0    2    7    2    6    2703.92581605    0.00013416    5   B+    48
    1    0    1   17    9    8    2704.27921916    0.00007355    4   A-   102
    2    0    0   21   13    9    2704.49504854    0.00011547    3   B-   122
    1    0    1   14   10    5    2704.68049064    0.00006606    6   A+    91
    0    0    1   59   12   47    2704.76617994    0.00020000    1   C-    56
    0    2    1   28    7   22    2704.85437755    0.00020000    1   C-   131
    0    0    2    8    1    7    2705.02976822    0.00017321    3   B-    58
    1    1    0   50   12   38    2705.75886108    0.00020000    1   C-    82
    0    0    1   60   11   50    2706.58756332    0.00014142    2   B-    54
    1    0    1   24    5   20    2706.72935951    0.00006694    6   A+   129
    0    1    1   47    9   38    2707.10865272    0.00013775    2   A-    84
    2    0    0   35    4   32    2707.20419042    0.00011547    3   B-   109
    2    0    0   24   12   12    2707.36509599    0.00008944    5   B+   130
    0    0    2    6    3    3    2707.59620091    0.00015655    4   B-    46
    0    1    1   42   13   30    2708.02177165    0.00020000    1   C-   103
    0    1    1   46   10   37    2708.08736857    0.00037374    2   A-    87
    0    1    1   34   17   18    2708.17374466    0.00019000    1   C-   122
    0    2    1   23   10   13    2708.47617532    0.00020000    1   C-   125
    0    0    2    9    1    9    2708.59697373    0.00015000    4   B-    71
    2    0    0   30    9   21    2708.67988717    0.00011547    3   B-   121
    1    0    1   25    4   21    2708.94835853    0.00008664    6   A+   127
    1    1    0   54    8   46    2709.02152460    0.00020000    1   C-    71
    0    0    1   45   21   24    2709.09255698    0.00020000    1   C-    88
    1    0    1   23    6   17    2709.20802738    0.00007132    6   A+   126
    0    0    2    8    2    6    2709.21886468    0.00015542    4   B-    70
    0    1    1   50    5   46    2709.22615312    0.00011344    3   A-    83
    0    0    1   51   18   33    2709.38950348    0.00014142    2   C-    78
    0    0    1   63    6   57    2709.63367872    0.00014142    2   C-    46
    0    2    1   31    4   27    2709.86085252    0.00020000    1   C-   125
    0    1    1   48    8   41    2710.41701588    0.00020000    1   C-    84
    2    0    0   18   14    4    2710.45589492    0.00014142    2   B-   117
    0    0    2    4    4    0    2711.90637949    0.00017321    3   B-    44
    0    0    2    7    3    5    2712.02797167    0.00015000    4   B-    60
    1    0    1   26    3   24    2712.38261099    0.00012719    4   A-   130
    0    2    1   27    8   19    2712.38895873    0.00020000    1   C-   129
    0    2    1   32    3   30    2712.58305860    0.00029056    2   B-   127
    0    0    1   61   10   51    2712.70355089    0.00020000    1   C-    49
    1    0    1   20    8   13    2712.78063605    0.00009016    6   A+   114
    0    1    1   45   11   34    2713.19476959    0.00021378    2   C-    89
    0    0    1   57   14   43    2713.24581780    0.00014142    2   B-    62
    2    0    0   36    2   34    2713.76194998    0.00014142    2   B-   118
    1    0    1   11   11    0    2713.94718064    0.00008944    2   C-    72
    0    0    2   10    0   10    2713.98327293    0.00021213    2   B-    80
    1    0    1   15   10    5    2714.16613801    0.00005481    7   A+   103
    0    0    2    9    2    8    2714.63117046    0.00015000    4   B-    62
    0    0    2    5    4    2    2715.06921696    0.00017556    4   B-    36
    1    0    1   18    9   10    2715.66423330    0.00007701    6   A+   118
    1    0    1   22    7   16    2715.67874788    0.00006325    4   A-   127
    0    2    1   18   12    7    2715.99254923    0.00033631    2   B-   108
    0    2    1   14   13    2    2716.07638369    0.00020000    1   C-   102
    1    0    1   27    1   26    2716.42902684    0.00011032    5   A+   120
    1    1    0   46   15   31    2716.76238971    0.00012981    3   B-    88
    0    2    1   33    1   32    2716.81135093    0.00045608    2   B-   116
    0    0    2    8    3    5    2717.10480556    0.00015000    4   B-    60
    2    0    0   33    7   27    2717.27285242    0.00010000    4   B-   122
    0    0    2   10    1    9    2717.42962830    0.00015000    4   B-    71
    2    0    0   34    6   28    2718.03466486    0.00011061    5   B+   125
    2    0    0   22   13    9    2718.39594957    0.00011547    3   B-   118
    0    2    1   34    1   34    2718.52359029    0.00014142    2   B-   126
    0    0    2    6    4    2    2718.86605704    0.00016080    4   B-    58
    1    0    1   28    1   28    2718.92644877    0.00009106    5   A+   133
    2    0    0   37    2   36    2718.96344975    0.00010000    4   B-   108
    0    1    1   49    7   42    2718.99648673    0.00014142    2   B-    80
    2    0    0   27   11   17    2719.10463053    0.00009515    5   B+   130
    0    1    1   51    3   48    2719.26103886    0.00011344    3   A-    74
    0    0    1   43   22   21    2719.87478067    0.00014142    2   B-    98
    0    0    1   53   17   36    2720.50684621    0.00014142    2   B-    69
    2    0    0   32    8   24    2720.76812253    0.00015498    3   B-   128
    2    0    0   29   10   20    2720.79718254    0.00010000    4   B-   120
    2    0    0   38    0   38    2721.11405018    0.00014142    2   B-   117
    0    0    2   11    1   11    2721.22449451    0.00017321    3   B-    84
    0    1    1   21   21    0    2721.42768502    0.00020000    1   C-   114
    0    0    2   10    2    8    2721.48983089    0.00013416    5   B+    83
    0    1    1   39   15   24    2721.53567028    0.00013775    2   A-   103
    1    0    1   12   11    2    2721.53573892    0.00010324    5   A+    91
    0    0    1   66    3   64    2721.64963821    0.00014142    2   C+    41
    0    1    1   44   12   33    2722.31306497    0.00013435    2   B-    94
    2    0    0   19   14    6    2722.46302309    0.00010000    4   B-   109
    2    0    0   35    5   31    2722.60613436    0.00010750    4   B-   120
    0    2    1   31    5   26    2722.62851509    0.00017881    2   B-   120
    1    0    1   25    5   20    2722.69691628    0.00008184    5   A+   121
    0    0    2    9    3    7    2722.80056481    0.00015000    4   B-    73
    2    0    0   25   12   14    2723.16205091    0.00011061    4   B-   122
    0    0    2    7    4    4    2723.29645851    0.00015000    4   B-    50
    0    2    1   29    7   22    2723.32049495    0.00020000    1   C-   122
    0    2    1   26    9   18    2723.98597316    0.00011547    3   B-   132
    1    0    1   16   10    7    2724.28470966    0.00009528    6   A+   101
    1    0    1   24    6   19    2724.43414011    0.00006989    7   A+   123
    1    0    1   26    4   23    2724.71196826    0.00010005    7   A+   124
    2    0    0   15   15    1    2725.21793054    0.00014142    2   B-   104
    0    1    1   41   14   27    2725.58362476    0.00014834    3   A-   106
    1    0    1   21    8   13    2726.07116492    0.00005644    6   A+   125
    0    1    1   52    3   50    2726.62731976    0.00011344    3   A-    80
    2    0    0   36    3   33    2727.00051389    0.00010512    4   B-   116
    0    2    1   32    4   29    2727.16251342    0.00020000    1   C-   122
    1    0    1   27    2   25    2727.21283322    0.00009695    5   A+   131
    1    0    1   19    9   10    2727.68331139    0.00006325    4   A-   110
    0    0    2   11    2   10    2727.82724423    0.00015000    4   B-    75
    0    0    2   12    0   12    2728.00110542    0.00017321    3   B-    93
    0    2    1   19   12    7    2728.05437192    0.00020000    1   C-   118
    2    0    0   31    9   23    2728.29341625    0.00009145    5   B+   126
    0    0    2    8    4    4    2728.36169537    0.00013416    5   B+    72
    0    0    1   68    1   68    2728.48701295    0.00014142    2   B-    36
    0    0    2   10    3    7    2729.17265296    0.00015000    4   B-    73
    0    1    1   50    6   45    2729.33189970    0.00025763    2   A-    80
    0    0    2    5    5    1    2729.55434423    0.00021213    2   B-    48
    1    0    1   13   11    2    2729.75699943    0.00005451    6   A+    84
    0    2    1   28    8   21    2730.19146461    0.00017620    2   B-   125
    1    0    1   23    7   16    2730.24902995    0.00012008    4   A-   118
    0    1    1   35   17   18    2730.43194031    0.00019000    1   C-   113
    0    0    1   64    6   59    2730.65339406    0.00020000    1   C-    43
    0    1    1   53    1   52    2730.93706273    0.00037147    2   B-    70
    1    1    0   25   23    3    2731.93884973    0.00020000    1   C-   129
    0    0    2   12    1   11    2732.37211813    0.00015000    4   B-    83
    0    1    1   54    1   54    2732.58243683    0.00019000    1   C-    72
    2    0    0   23   13   11    2732.92934539    0.00011752    4   B-   129
    0    0    2    6    5    1    2733.35064592    0.00030000    1   C-    48
    1    1    0   60    0   60    2733.71649978    0.00020000    1   C-    56
    1    0    1   28    2   27    2733.74154733    0.00007675    4   A-   126
    0    0    2    9    4    6    2734.06199103    0.00019488    3   B-    64
    0    0    1   48   20   29    2734.27272232    0.00020000    1   C-    85
    1    0    1   27    3   24    2734.64000888    0.00017207    4   A-   121
    1    0    1   17   10    7    2735.03637591    0.00006991    5   A+   112
    2    0    0   20   14    6    2735.10211803    0.00010000    4   B-   125
    2    0    0   16   15    1    2735.33122229    0.00019433    4   B-   102
    0    0    1   50   19   32    2735.60153111    0.00014142    2   B-    84
    0    2    1   16   13    4    2735.75709908    0.00014142    2   B-   112
    1    0    1   29    0   29    2736.00964090    0.00006325    4   A-   131
    0    0    1   41   23   18    2736.03363970    0.00014142    2   B-   100
    0    0    2   11    3    9    2736.11787667    0.00017321    3   B-    86
    0    0    2   13    1   13    2736.21771178    0.00017321    3   B-    96
    2    0    0   36    4   32    2736.42108021    0.00010000    4   B-   120
    0    0    2   12    2   10    2736.43752775    0.00013416    5   B+    96
    2    0    0   28   11   17    2736.80121630    0.00010667    5   B+   127
    2    0    0   37    3   35    2737.02153800    0.00010000    4   B-   117
    0    2    1   34    2   33    2737.48542498    0.00020000    1   C-   119
    0    1    1   48    9   40    2737.74933053    0.00013775    2   A-    90
    0    0    2    7    5    3    2737.77937223    0.00019610    4   B-    62
    0    1    1   47   10   37    2738.03964195    0.00013435    2   B-    90
    1    1    0   51   12   40    2738.16993322    0.00020000    1   C-    76
    0    0    1   46   21   26    2738.38123419    0.00014142    2   B-    94
    1    0    1   14   11    4    2738.61091062    0.00007982    5   A+   104
    2    0    0   34    7   27    2738.86134430    0.00011547    3   B-   120
    1    0    1   26    5   22    2739.17283071    0.00009886    4   A-   134
    2    0    0   26   12   14    2739.59166508    0.00010000    4   B-   135
    2    0    0   30   10   20    2739.76584947    0.00008944    5   B+   131
    1    0    1   22    8   15    2739.99649427    0.00007937    5   A+   121
    0    1    1   51    4   47    2740.14745039    0.00020000    1   C-    80
    2    0    0   35    6   30    2740.20031841    0.00011547    3   B-   116
    1    0    1   25    6   19    2740.30545620    0.00006667    3   A-   131
    1    0    1   20    9   12    2740.33515887    0.00015648    4   A-   126
    0    0    2   10    4    6    2740.39813190    0.00019507    4   B-    85
    0    2    1   31    6   25    2740.45187524    0.00026764    2   B-   129
    0    2    1   20   12    9    2740.75016600    0.00020000    1   C-   116
    0    0    1   63    8   55    2741.16833683    0.00014142    2   C+    48
    2    0    0   33    8   26    2741.67453999    0.00010085    5   B+   118
    2    0    0   38    1   37    2741.80867373    0.00012232    3   B-   113
    0    1    1   49    8   41    2741.88175848    0.00011017    4   A-    86
    0    2    1   30    7   24    2742.42563989    0.00039488    2   B-   133
    0    1    1   46   11   36    2742.47710802    0.00013087    3   A-    95
    0    2    1   32    5   28    2742.61683245    0.00034440    2   B-   131
    0    0    2    8    5    3    2742.84220961    0.00016576    4   B-    62
    0    0    1   60   12   49    2743.00525030    0.00014142    2   C-    54
    1    0    1   27    4   23    2743.18982993    0.00008881    4   A-   132
    0    0    2   13    2   12    2743.49768457    0.00017321    3   B-    87
    0    2    1   33    3   30    2743.67668943    0.00019612    2   B-   119
    0    0    2   12    3    9    2743.82180339    0.00017321    3   B-    85
    0    2    1   23   11   12    2743.91942397    0.00020000    1   C-   120
    2    0    0   39    1   39    2743.96360558    0.00014028    3   B-   110
    0    0    1   65    4   61    2744.16821044    0.00014142    2   B-    42
    0    0    2   14    0   14    2744.32551066    0.00017321    3   B-   105
    0    0    1   59   13   46    2744.59298193    0.00020000    1   C-    55
    1    0    1   24    7   18    2745.45699004    0.00011464    5   A+   133
    0    0    1   61   11   50    2745.52491219    0.00014142    2   B-    49
    2    0    0   17   15    3    2746.07637049    0.00012976    4   B-   113
    1    0    1   18   10    9    2746.42128962    0.00008939    3   A-   110
    1    0    1   28    3   26    2746.89272246    0.00010377    4   A-   134
    2    0    0   36    5   31    2747.21445997    0.00010000    4   B-   118
    0    1    1   38   16   23    2747.32635393    0.00012018    3   A-   114
    0    0    2   11    4    8    2747.36954617    0.00019967    3   B-    77
    0    0    1   44   22   23    2747.90344922    0.00020000    1   C-    96
    2    0    0   24   13   11    2748.09495164    0.00009877    5   B+   125
    1    0    1   15   11    4    2748.09721789    0.00008478    5   A+    95
    2    0    0   21   14    8    2748.37309895    0.00014142    2   B-   117
    1    1    0   26   23    3    2748.48547133    0.00021147    2   B-   126
    0    0    2    9    5    5    2748.53939338    0.00015000    4   B-    76
    2    0    0   32    9   23    2748.54283004    0.00010000    4   B-   123
    0    2    1   29    8   21    2748.63426118    0.00024971    3   B-   132
    0    0    2   14    1   13    2749.81131481    0.00018861    4   B-    94
    0    0    1   58   14   45    2750.15036014    0.00014142    2   C-    60
    0    1    1   50    7   44    2750.18366818    0.00021672    2   A-    86
    0    1    1   45   12   33    2750.93876769    0.00014598    2   A-    96
    0    0    2    6    6    0    2751.03781863    0.00021213    2   B-    60
    1    0    1   29    1   28    2751.26346380    0.00006092    5   A+   124
    0    0    2   13    3   11    2751.98001204    0.00014457    5   B+    98
    0    1    1   42   14   29    2752.28410084    0.00013775    2   A-   103
    0    0    1   62   10   53    2752.32148348    0.00014142    2   C-    48
    2    0    0   37    4   34    2753.24966004    0.00008944    5   B+   110
    0    0    2   15    1   15    2753.56340074    0.00018978    3   B-   107
    1    0    1   21    9   12    2753.62222714    0.00007219    5   A+   118
    1    0    1   30    1   30    2753.68026015    0.00006529    5   A+   135
    0    0    2   14    2   12    2754.06477886    0.00013416    5   B+   108
    0    2    1   34    3   32    2754.37287934    0.00014142    2   B-   129
    1    0    1   23    8   15    2754.55740359    0.00011217    6   A+   132
    0    0    1   66    4   63    2754.59193100    0.00014142    2   B-    41
    0    0    1   54   17   38    2754.84949487    0.00020000    1   C-    76
    0    0    2   10    5    5    2754.87079680    0.00013740    5   B+    76
    0    0    2   12    4    8    2754.98182174    0.00017321    3   B-    98
    2    0    0   29   11   19    2755.13116382    0.00011547    3   B-   133
    0    0    1   64    7   58    2755.20717988    0.00020000    1   C-    46
    0    0    2    7    6    2    2755.46692084    0.00021213    2   B-    52
    0    1    1   51    5   46    2755.73613453    0.00012487    3   A-    77
    0    2    1   26   10   17    2756.10004121    0.00020000    1   C-   127
    1    0    1   27    5   22    2756.49984954    0.00009745    5   A+   126
    2    0    0   27   12   16    2756.65400894    0.00010733    4   B-   127
    1    0    1   26    6   21    2756.81047580    0.00006379    5   A+   128
    2    0    0   18   15    3    2757.45377345    0.00010907    4   B-   111
    0    2    1   18   13    6    2757.97880905    0.00018785    2   B-   121
    1    0    1   16   11    6    2758.21708244    0.00010307    5   A+   114
    1    0    1   19   10    9    2758.43913291    0.00013504    5   A+   120
    1    0    1   12   12    1    2758.61710708    0.00039834    3   A-    86
    0    2    1   35    1   34    2758.64861305    0.00020000    1   C-   117
    0    1    1   53    2   51    2758.85525242    0.00020000    1   C-    75
    0    2    1   28    9   20    2758.93092595    0.00020000    1   C-   137
    2    0    0   31   10   22    2759.36900300    0.00010000    4   B-   122
    0    0    1   57   15   42    2759.59009380    0.00020000    1   C-    62
    1    0    1   28    4   25    2759.68096999    0.00008225    5   A+   128
    2    0    0   38    2   36    2760.20491511    0.00011547    3   B-   119
    0    0    2    8    6    2    2760.52911043    0.00015478    4   B-    74
    0    2    1   32    6   27    2760.85141900    0.00020000    1   C-   126
    2    0    0   35    7   29    2761.07799216    0.00009877    5   B+   123
    0    0    2   14    3   11    2761.08299445    0.00017321    3   B-    96
    1    0    1   25    7   18    2761.30260430    0.00009621    6   A+   124
    0    0    2   15    2   14    2761.62240883    0.00015000    4   B-    98
    0    0    2   11    5    7    2761.83735272    0.00017321    3   B-    89
    0    2    1   31    7   24    2762.17837684    0.00020000    1   C-   124
    2    0    0   22   14    8    2762.27627312    0.00011253    4   B-   133
    0    0    1   42   23   20    2762.80202578    0.00014142    2   B-   108
    0    0    2   16    0   16    2762.94845281    0.00017321    3   B-   115
    0    1    1   54    2   53    2763.14776423    0.00014142    2   B-    72
    2    0    0   34    8   26    2763.21992530    0.00014142    2   B-   130
    0    0    2   13    4   10    2763.22585430    0.00015000    4   B-    89
    2    0    0   36    6   30    2763.32999305    0.00010968    5   B+   127
    1    0    1   29    2   27    2763.51794184    0.00009732    4   A-   135
    2    0    0   25   13   13    2763.89276961    0.00011552    4   B-   134
    0    2    1   33    5   28    2764.56877770    0.00021362    2   B-   122
    0    1    1   55    0   55    2764.77780278    0.00020000    1   C-    72
    2    0    0   39    2   38    2765.25997870    0.00013293    3   B-   109
    0    1    1   24   21    4    2765.38504973    0.00020000    1   C-   136
    0    0    1   49   20   29    2765.45675742    0.00014142    2   B-    87
    1    1    0   27   23    5    2765.66731501    0.00020000    1   C-   134
    0    0    2    9    6    4    2766.22473413    0.00020746    3   B-    66
    0    0    1   68    2   67    2766.67813436    0.00020000    1   C-    36
    1    0    1   13   12    1    2766.83980308    0.00005384    6   A+    99
    1    0    1   22    9   14    2767.54297652    0.00006260    6   A+   134
    0    2    1   30    8   23    2767.71644187    0.00020000    1   C-   128
    0    2    1   22   12   11    2768.04949965    0.00020000    1   C-   123
    0    1    1   51    6   45    2768.20397511    0.00020000    1   C-    83
    0    0    1   47   21   26    2768.30493959    0.00020000    1   C-    88
    0    1    1   48   10   39    2768.63444583    0.00019000    1   C-    87
    1    0    1   17   11    6    2768.96953084    0.00005561    6   A+   105
    0    1    1   49    9   40    2769.04839988    0.00013775    2   A-    84
    2    0    0   37    5   33    2769.07912260    0.00011327    4   B-   121
    1    1    0   61    1   61    2769.34237738    0.00020000    1   C-    55
    2    0    0   33    9   25    2769.42863362    0.00011517    4   B-   128
    0    0    2   12    5    7    2769.43912837    0.00015000    4   B-    89
    2    0    0   19   15    5    2769.46333550    0.00012594    4   B-   121
    1    0    1   30    2   29    2769.65005797    0.00006384    4   A-   129
    0    0    2   16    1   15    2769.69074489    0.00016206    4   B-   105
    0    2    1   34    4   31    2769.75189358    0.00020000    1   C-   124
    1    0    1   24    8   17    2769.75392141    0.00009755    4   A-   128
    0    0    2   15    3   13    2770.38344776    0.00013416    5   B+   109
    0    0    1   65    5   60    2771.04674087    0.00020000    1   C-    41
    1    0    1   20   10   11    2771.09066527    0.00010058    4   A-   118
    1    1    0   52   12   40    2771.21961778    0.00025017    2   B-    82
    1    0    1   29    3   26    2771.90399235    0.00008466    6   A+   125
    1    0    1   31    0   31    2771.92230358    0.00011890    4   A-   133
    0    0    2   14    4   10    2772.12175947    0.00014706    5   B+   110
    0    1    1   47   11   36    2772.39864237    0.00013435    2   B-    89
    0    0    2   10    6    4    2772.55462617    0.00015000    4   B-    87
    0    0    1   56   16   41    2772.83354525    0.00014142    2   C-    69
    0    1    1   41   15   26    2773.02741022    0.00025913    2   B-   103
    0    0    2   17    1   17    2773.25131215    0.00017321    3   B-   117
    0    1    1   50    8   43    2773.79883540    0.00014142    2   B-    84
    1    0    1   27    6   21    2773.96988932    0.00007210    6   A+   136
    2    0    0   30   11   19    2774.09451235    0.00008944    5   B+   130
    1    0    1   28    5   24    2774.18994789    0.00007748    5   A+   139
    0    1    1   52    5   48    2774.29357072    0.00019000    1   C-    83
    2    0    0   28   12   16    2774.34873879    0.00010406    4   B-   140
    0    0    2   16    2   14    2774.35196875    0.00021213    2   B-   118
    2    0    0   38    3   35    2775.02242759    0.00010843    4   B-   117
    1    0    1   14   12    3    2775.69574111    0.00007237    4   A-    98
    0    0    2    7    7    1    2776.34555511    0.00021213    2   B-    63
    0    0    1   45   22   23    2776.56790428    0.00020000    1   C-    98
    2    0    0   23   14   10    2776.81140490    0.00014142    2   B-   124
    0    1    1   37   17   20    2776.85371593    0.00019000    1   C-   114
    0    0    2   13    5    9    2777.67712390    0.00015000    4   B-   102
    1    0    1   26    7   20    2777.78654300    0.00006325    4   A-   138
    0    0    1   64    8   57    2779.10532386    0.00014142    2   C-    46
    0    0    2   11    6    6    2779.51824325    0.00017321    3   B-    79
    2    0    0   32   10   22    2779.60663419    0.00010822    4   B-   133
    0    1    1   43   14   29    2779.61978979    0.00019000    1   C-   106
    1    0    1   29    4   25    2780.18047319    0.00032486    4   A-   136
    2    0    0   26   13   13    2780.32299649    0.00014142    2   B-   130
    1    0    1   18   11    8    2780.35481245    0.00007864    6   A+   123
    0    2    1   36    2   35    2780.45736609    0.00020000    1   C-   120
    0    2    1   16   14    3    2780.97126385    0.00020000    1   C-   107
    0    0    2   16    3   13    2780.99418370    0.00015000    4   B-   108
    0    0    2    8    7    1    2781.40777159    0.00017321    3   B-    63
    0    0    2   15    4   12    2781.63670439    0.00018069    4   B-   100
    0    0    1   61   12   49    2781.88661071    0.00014142    2   C+    56
    0    2    1   37    0   37    2782.02765244    0.00019772    2   B-   122
    1    0    1   23    9   14    2782.09858051    0.00007108    5   A+   125
    2    0    0   20   15    5    2782.10477889    0.00010198    5   B+   119
    0    0    2   17    2   16    2782.18148129    0.00013416    5   B+   108
    0    2    1   32    7   26    2782.56923588    0.00014142    2   B-   135
    0    2    1   23   12   11    2782.65169039    0.00019948    2   B-   133
    1    0    1   30    3   28    2783.80223757    0.00006381    4   A-   136
    0    0    2   18    0   18    2783.87182473    0.00017321    3   B-   124
    2    0    0   36    7   29    2783.96078318    0.00011547    3   B-   121
    0    1    1   51    7   44    2784.32237840    0.00020000    1   C-    80
    1    0    1   21   10   11    2784.37557970    0.00009755    5   A+   128
    0    1    1   53    3   50    2784.41352521    0.00019990    2   A-    74
    2    0    0   39    3   37    2784.47993392    0.00014142    2   B-   117
    0    0    1   62   11   52    2785.10215048    0.00014142    2   B-    54
    0    0    1   66    5   62    2785.17754098    0.00020000    1   C-    44
    1    0    1   15   12    3    2785.18356377    0.00010702    6   A+   111
    2    0    0   35    8   28    2785.40411630    0.00011547    3   B-   120
    2    0    0   38    4   34    2785.42346696    0.00011547    3   B-   121
    2    0    0   16   16    0    2785.42370741    0.00014142    2   B-   119
    0    2    1   34    5   30    2785.48450574    0.00020000    1   C-   133
    1    0    1   25    8   17    2785.58632784    0.00007370    6   A+   137
    0    0    2   14    5    9    2786.55144377    0.00013416    5   B+   101
    2    0    0   37    6   32    2786.68712437    0.00014142    2   B-   117
    0    0    2    9    7    3    2787.10336697    0.00015463    4   B-    77
    0    0    2   12    6    6    2787.11639224    0.00013416    5   B+   100
    0    2    1   31    8   23    2787.43895064    0.00020000    1   C-   134
    1    0    1   31    1   30    2788.39041504    0.00007551    5   A+   126
    0    2    1   35    3   32    2788.48436985    0.00020000    1   C-   121
    2    0    0   40    1   39    2789.26524363    0.00011547    3   B-   112
    2    1    0    2    0    2    2790.52737504    0.00018176    5   B+    29
    1    0    1   32    1   32    2790.74814385    0.00006573    5   A+   137
    2    1    0    1    1    1    2790.93427382    0.00030000    1   C-    17
    2    0    0   34    9   25    2790.95063843    0.00009801    5   B+   125
    0    0    2   17    3   15    2791.31984890    0.00017321    3   B-   119
    2    0    0   41    1   41    2791.39149639    0.00014142    2   B-   110
    0    1    1   54    3   52    2791.67027746    0.00013775    2   A-    80
    1    0    1   28    6   23    2791.75505242    0.00006131    7   A+   132
    0    2    1   17   14    3    2791.76863558    0.00020000    1   C-   120
    0    0    2   16    4   12    2791.83022344    0.00015123    5   B+   121
    0    0    2   18    1   17    2791.95021766    0.00015000    4   B-   115
    0    1    1   45   13   32    2791.95481015    0.00019000    1   C-    95
    2    0    0   24   14   10    2791.97895293    0.00010795    4   B-   140
    2    1    0    2    1    1    2792.29879767    0.00017878    4   B-    17
    1    0    1   19   11    8    2792.37343119    0.00007399    6   A+   114
    2    0    0   29   12   18    2792.67663835    0.00010000    4   B-   130
    1    0    1   29    5   24    2792.93646304    0.00010241    6   A+   131
    0    0    1   65    6   59    2793.11719872    0.00014142    2   C-    46
    0    0    2   10    7    3    2793.43248145    0.00017949    4   B-    77
    2    0    0   31   11   21    2793.69134032    0.00010739    4   B-   135
    2    1    0    3    1    3    2793.95352498    0.00017700    4   B-    33
    1    0    1   27    7   20    2794.90975033    0.00007479    4   A-   129
    0    1    1   52    6   47    2795.17594537    0.00014142    2   B-    80
    0    0    2   19    1   19    2795.27334914    0.00021213    2   B-   125
    1    0    1   16   12    5    2795.30516818    0.00020000    1   C-   109
    0    0    2   13    6    8    2795.34934036    0.00016455    5   B+    91
    2    0    0   21   15    7    2795.37835089    0.00011547    3   B-   129
    2    0    0   38    5   33    2795.82835868    0.00011547    3   B-   119
    0    0    2   15    5   11    2796.06319994    0.00016517    5   B+   114
    2    0    0   17   16    2    2796.17133535    0.00012022    4   B-   109
    0    2    1   30    9   22    2796.42825777    0.00020000    1   C-   139
    0    0    1   58   15   44    2796.48189348    0.00014142    2   B-    68
    2    1    0    4    1    3    2796.88679870    0.00016695    4   B-    33
    1    0    1   30    4   27    2797.16138646    0.00007591    4   A-   132
    0    0    2   18    2   16    2797.26375730    0.00016766    4   B-   127
    1    0    1   24    9   16    2797.28832083    0.00005663    6   A+   141
    2    0    0   27   13   15    2797.38558287    0.00012690    4   B-   139
    0    1    1   56    1   56    2797.54974731    0.00013775    2   C-    72
    0    1    1   40   16   25    2797.55243008    0.00019000    1   C-   114
    0    2    1   35    4   31    2797.82559244    0.00047513    2   B-   128
    1    0    1   22   10   13    2798.29449354    0.00007326    6   A+   125
    0    2    1   36    3   34    2798.51505814    0.00020000    1   C-   130
    0    0    1   48   21   28    2798.86435345    0.00020000    1   C-    94
    2    1    0    5    1    5    2799.38203358    0.00018131    4   B-    49
    0    1    1   42   15   28    2799.72679453    0.00019000    1   C-   111
    0    1    1   49   10   39    2799.87328098    0.00019000    1   C-    90
    0    0    2   11    7    5    2800.39522814    0.00015000    4   B-    90
    2    0    0   33   10   24    2800.47925462    0.00009794    5   B+   124
    0    1    1   50    9   42    2800.97906194    0.00019000    1   C-    90
    2    0    0   39    4   36    2801.69834293    0.00015386    3   B-   111
    2    1    0    6    0    6    2801.78473266    0.00018749    3   B-    61
    1    0    1   26    8   19    2802.05502273    0.00009218    2   C-   133
    1    0    1   31    2   29    2802.08855528    0.00013763    4   A-   137
    0    0    2   17    4   14    2802.60705565    0.00018570    4   B-   111
    0    2    1   37    1   36    2802.79157115    0.00019509    2   B-   118
    0    0    1   68    3   66    2802.90942676    0.00014142    2   C+    40
    0    1    1   48   11   38    2802.96093944    0.00019000    1   C-    96
    0    0    2   18    3   15    2803.59432589    0.00016606    4   B-   118
    0    2    1   33    7   26    2803.61336486    0.00025266    2   B-   126
    0    1    1   22   22    1    2804.06377061    0.00020000    1   C-   126
    2    1    0    6    1    5    2804.08707496    0.00013927    5   B+    49
    0    0    2   14    6    8    2804.21776727    0.00013416    5   B+   112
    0    2    1   38    1   38    2804.35278042    0.00018995    2   B-   125
    0    1    1   30   20   11    2804.74338695    0.00020000    1   C-   133
    2    1    0    5    2    4    2804.85174650    0.00023832    4   B-    37
    1    1    0   53   12   42    2804.90820903    0.00020000    1   C-    76
    1    0    1   20   11   10    2805.02536918    0.00008944    2   C-   131
    0    0    2   19    2   18    2805.15334953    0.00017321    3   B-   117
    0    0    2    8    8    0    2805.46835156    0.00018491    3   B-    75
    0    0    1   46   22   25    2805.86626172    0.00020000    1   C-    96
    1    0    1   17   12    5    2806.05869675    0.00006544    6   A+   121
    0    0    2   16    5   11    2806.21342076    0.00014089    5   B+   112
    0    1    1   51    8   43    2806.64377028    0.00020000    1   C-    86
    0    1    1   53    4   49    2806.81155828    0.00020000    1   C-    80
    1    0    1   13   13    0    2807.05588918    0.00006458    4   A-    93
    0    0    2   20    0   20    2807.10004771    0.00021213    2   B-   132
    2    1    0    7    1    7    2807.20961789    0.00021213    2   B-    65
    2    0    0   37    7   31    2807.45600500    0.00011338    5   B+   124
    2    0    0   18   16    2    2807.55175144    0.00011547    3   B-   128
    0    0    1   69    1   68    2807.58982295    0.00020000    1   C-    34
    2    0    0   25   14   12    2807.77853834    0.00017311    3   B-   131
    0    2    1   32    8   25    2807.80362319    0.00020000    1   C-   130
    1    0    1   32    2   31    2807.88034755    0.00006325    4   A-   131
    0    0    2   12    7    5    2807.99185852    0.00015000    4   B-    90
    2    0    0   36    8   28    2808.22914290    0.00010521    4   B-   131
    2    1    0    6    2    4    2808.70949565    0.00021890    3   B-    62
    2    0    0   40    2   38    2808.91963755    0.00011547    3   B-   119
    0    2    1   35    5   30    2809.25791231    0.00020000    1   C-   124
    2    0    0   22   15    7    2809.28414005    0.00010633    5   B+   127
    0    0    1   70    1   70    2809.72847108    0.00020000    1   C-    36
    0    1    1   36   18   19    2810.08205420    0.00020000    1   C-   124
    1    0    1   33    0   33    2810.14750810    0.00012732    4   A-   135
    2    1    0    4    3    1    2810.16336894    0.00015000    4   B-    34
    1    0    1   29    6   23    2810.21103482    0.00012760    4   A-   140
    2    1    0    8    0    8    2811.07302062    0.00015479    5   B+    77
    0    0    2    9    8    2    2811.16450526    0.00015000    4   B-    67
    2    0    0   38    6   32    2811.27447683    0.00011072    5   B+   128
    2    0    0   30   12   18    2811.63721993    0.00011547    3   B-   142
    1    0    1   31    3   28    2811.68555723    0.00009701    4   A-   127
    1    0    1   30    5   26    2811.77987619    0.00013583    4   A-   143
    1    0    1   28    7   22    2812.67146068    0.00013501    5   A+   143
    1    0    1   23   10   13    2812.84703063    0.00007480    4   A-   135
    2    1    0    7    2    6    2813.02648776    0.00015434    6   B+    53
    2    0    0   35    9   27    2813.10965210    0.00011294    4   B-   129
    1    0    1   25    9   16    2813.11361907    0.00008464    3   A-   132
    0    0    1   66    6   61    2813.17439533    0.00020000    1   C-    43
    2    1    0    5    3    3    2813.31766482    0.00012975    6   B+    50
    0    0    2   15    6   10    2813.72155584    0.00014965    5   B+   102
    0    2    1   25   12   13    2813.76347285    0.00020000    1   C-   139
    2    0    0   41    2   40    2813.86429130    0.00015703    3   B-   109
    2    1    0    8    1    7    2813.88287302    0.00015747    5   B+    65
    2    0    0   32   11   21    2813.92196202    0.00010000    4   B-   132
    0    0    2   18    4   14    2814.12380907    0.00013701    5   B+   130
    0    0    2   19    3   17    2814.77631668    0.00015000    4   B-   128
    2    0    0   28   13   15    2815.08032997    0.00011547    3   B-   134
    0    2    1   19   14    5    2815.26571385    0.00020000    1   C-   129
    1    0    1   14   13    2    2815.91355184    0.00007706    5   A+   114
    0    0    2   13    7    7    2816.22278786    0.00016524    4   B-   103
    0    1    1   52    7   46    2816.26947462    0.00020000    1   C-    86
    0    0    2   20    1   19    2816.53690105    0.00015000    4   B-   123
    0    0    2   17    5   13    2817.00067863    0.00013416    5   B+   124
    2    1    0    6    3    3    2817.10505113    0.00027450    3   B-    50
    2    1    0    9    1    9    2817.42392641    0.00016645    4   B-    79
    1    0    1   18   12    7    2817.44569731    0.00008650    4   A-   119
    0    0    2   10    8    2    2817.49354600    0.00015966    4   B-    89
    2    0    0   39    5   35    2818.06854768    0.00012685    4   B-   121
    2    1    0    8    2    6    2818.29499369    0.00012238    7   B+    78
    1    0    1   21   11   10    2818.31009638    0.00008759    4   A-   122
    1    0    1   27    8   19    2819.16124503    0.00007939    3   A-   142
    2    0    0   19   16    4    2819.56414129    0.00011986    3   B-   118
    0    0    2   21    1   21    2819.62371352    0.00023870    2   B-   133
    1    0    1   31    4   27    2819.92285847    0.00006543    5   A+   138
    1    1    0   30   23    7    2821.02806518    0.00013031    3   B-   134
    0    1    1   46   13   34    2821.20601469    0.00019000    1   C-   103
    0    0    1   62   12   51    2821.40760030    0.00014142    2   C-    54
    2    1    0    7    3    5    2821.52212612    0.00017605    4   B-    66
    0    0    1   61   13   48    2821.63984193    0.00020000    1   C-    55
    2    0    0   34   10   24    2821.98675071    0.00012799    4   B-   135
    2    1    0   10    0   10    2822.73144485    0.00017029    4   B-    91
    0    0    2   20    2   18    2822.75192418    0.00016893    4   B-   135
    1    0    1   32    3   30    2823.09052066    0.00007997    4   A-   138
    2    1    0    9    2    8    2823.69916823    0.00014340    8   B+    69
    2    0    0   23   15    9    2823.82179954    0.00010606    4   B-   137
    0    0    2   16    6   10    2823.86167605    0.00015000    4   B-   123
    0    1    1   53    5   48    2824.13757252    0.00013291    3   A-    77
    2    0    0   26   14   12    2824.21024472    0.00010000    4   B-   145
    0    0    2   11    8    4    2824.45623697    0.00015602    4   B-    81
    0    0    2   14    7    7    2825.08812446    0.00014451    5   B+   102
    2    1    0    5    4    2    2825.14317588    0.00019536    4   B-    38
    0    0    1   65    8   57    2825.24751669    0.00020000    1   C-    48
    2    0    0   40    3   37    2825.28694079    0.00010000    4   B-   117
    0    2    1   34    7   28    2825.29239529    0.00020000    1   C-   137
    0    0    1   63   11   52    2825.33161295    0.00014142    2   C-    49
    1    0    1   15   13    2    2825.40374905    0.00006120    6   A+   105
    0    0    1   60   14   47    2825.87376354    0.00014142    2   C+    60
    0    0    2   19    4   16    2826.14022138    0.00013416    5   B+   120
    0    2    1   35    6   29    2826.21210103    0.00014142    2   B-   132
    2    1    0   10    1    9    2826.25143693    0.00015128    5   B+    79
    2    1    0    8    3    5    2826.58223786    0.00014294    5   B+    66
    0    0    1   67    4   63    2826.67220015    0.00028864    2   B-    42
    0    2    1   39    0   39    2827.25526240    0.00044264    2   B-   122
    1    0    1   33    1   32    2827.81466487    0.00008092    4   A-   128
    1    0    1   24   10   15    2828.03375185    0.00006751    6   A+   132
    0    0    2   18    5   13    2828.43119409    0.00014673    5   B+   122
    0    2    1   30   10   21    2828.51474668    0.00020000    1   C-   135
    0    2    1   33    8   25    2828.80845595    0.00020000    1   C-   136
    0    0    2   20    3   17    2828.91171925    0.00016465    4   B-   127
    2    1    0    6    4    2    2828.92726710    0.00016015    4   B-    63
    1    0    1   30    6   25    2829.27196140    0.00009636    5   A+   136
    0    1    1   56    2   55    2829.30162685    0.00020000    1   C-    72
    0    2    1   16   15    2    2829.39083423    0.00020000    1   C-   124
    1    0    1   19   12    7    2829.46563701    0.00006537    6   A+   130
    1    0    1   26    9   18    2829.57326487    0.00006443    4   A-   146
    0    0    1   51   20   31    2829.72911551    0.00020000    1   C-    87
    2    1    0   11    1   11    2830.01017807    0.00023389    3   B-    93
    1    0    1   34    1   34    2830.12823430    0.00008909    3   A-   138
    0    2    1   26   12   15    2830.27336646    0.00019411    2   B-   135
    0    0    2   21    2   20    2830.51758322    0.00017321    3   B-   125
    0    1    1   57    0   57    2830.89817116    0.00020000    1   C-    72
    0    2    1   36    5   32    2830.90879437    0.00016458    2   B-   134
    1    0    1   29    7   22    2831.07365807    0.00012250    3   A-   133
    2    0    0   31   12   20    2831.23058980    0.00011908    3   B-   133
    2    0    0   38    7   31    2831.64384836    0.00013021    3   B-   122
    2    0    0   37    8   30    2831.69274439    0.00011051    4   B-   121
    1    0    1   31    5   26    2832.03844596    0.00012680    5   A+   134
    0    0    2   12    8    4    2832.05262974    0.00017321    3   B-   102
    2    0    0   20   16    4    2832.20861798    0.00011186    4   B-   136
    1    0    1   22   11   12    2832.22843034    0.00005802    6   A+   139
    2    1    0    9    3    7    2832.26032948    0.00012329    7   B+    80
    0    0    2   22    0   22    2832.63707438    0.00017321    3   B-   140
    2    1    0    7    4    4    2833.34338473    0.00013416    5   B+    54
    2    0    0   29   13   17    2833.40756694    0.00010000    4   B-   143
    0    1    1   51    9   42    2833.58022342    0.00018818    2   A-    84
    0    0    1   64   10   55    2833.61542348    0.00014142    2   C-    49
    0    0    1   59   15   44    2834.01027380    0.00014142    2   C-    62
    0    1    1   49   11   38    2834.16359132    0.00014695    3   A-    89
    2    0    0   41    3   39    2834.25727709    0.00012880    4   B-   117
    0    0    2   15    7    9    2834.58805010    0.00015000    4   B-   115
    0    0    2   17    6   12    2834.63786214    0.00014685    5   B+   113
    2    0    0   33   11   23    2834.78630178    0.00011547    3   B-   137
    1    0    1   16   13    4    2835.52697861    0.00012182    4   A-   126
    2    0    0   39    6   34    2835.75206581    0.00011547    3   B-   118
    0    0    1   47   22   25    2835.80039823    0.00020000    1   C-    99
    2    0    0   36    9   27    2835.90610950    0.00010958    4   B-   126
    2    1    0   12    0   12    2836.71709517    0.00012247    6   B+   104
    2    1    0   11    2   10    2836.85648348    0.00011688    8   B+    83
    1    0    1   28    8   21    2836.90387084    0.00017153    4   A-   137
    2    0    0   40    4   36    2836.94544769    0.00017577    3   B-   121
    0    0    1   68    4   65    2837.02793376    0.00024366    2   B-    40
    1    0    1   32    4   29    2837.13097516    0.00007563    4   A-   134
    0    1    1   53    6   47    2837.15767894    0.00019000    1   C-    83
    2    1    0    8    4    4    2838.39192878    0.00016429    6   B+    79
    0    0    2    9    9    1    2838.39222420    0.00017321    3   B-    81
    2    1    0   10    3    7    2838.60939723    0.00019391    3   B-    80
    0    0    1   66    7   60    2838.72514080    0.00020000    1   C-    46
    2    0    0   24   15    9    2838.99188756    0.00011169    4   B-   134
    0    0    2   20    4   16    2839.02597457    0.00015000    4   B-   138
    2    0    0   42    1   41    2839.02640754    0.00010000    4   B-   111
    1    1    0   54   12   42    2839.23464374    0.00020000    1   C-    82
    0    0    2   13    8    6    2840.28269550    0.00015000    4   B-    94
    0    0    2   19    5   15    2840.49564985    0.00015000    4   B-   133
    0    1    1   48   12   37    2840.64331832    0.00019000    1   C-    94
    0    0    2   21    3   19    2840.73531333    0.00015000    4   B-   136
    2    0    0   43    1   43    2841.12706322    0.00012615    3   B-   109
    2    1    0   12    1   11    2841.15901672    0.00015741    5   B+    93
    2    0    0   27   14   14    2841.27417144    0.00012139    4   B-   136
    0    2    1   21   14    7    2841.30499123    0.00014142    2   B-   137
    1    0    1   20   12    9    2842.11839518    0.00020253    3   A-   128
    1    1    0   63    1   63    2842.32009210    0.00020000    1   C-    55
    1    0    1   33    2   31    2842.90913332    0.00006325    4   A-   139
    0    0    2   22    1   21    2843.41566278    0.00015982    4   B-   131
    1    0    1   25   10   15    2843.85452011    0.00006940    6   A+   141
    2    1    0    9    4    6    2844.07381325    0.00016097    5   B+    70
    2    1    0    6    5    1    2844.12029851    0.00021213    2   B-    51
    2    0    0   35   10   26    2844.12949323    0.00011547    3   B-   126
    0    0    2   10    9    1    2844.72219656    0.00017321    3   B-    81
    0    0    2   16    7    9    2844.72299908    0.00014629    5   B+   113
    2    1    0   13    1   13    2844.95562506    0.00016907    4   B-   106
    2    1    0   12    2   10    2845.41312617    0.00013148    6   B+   105
    2    0    0   21   16    6    2845.48533197    0.00011547    3   B-   126
    2    1    0   11    3    9    2845.53498195    0.00024988    4   B-    94
    0    2    1   37    4   33    2845.80195728    0.00020000    1   C-   129
    0    0    1   58   16   43    2845.96696525    0.00014142    2   C-    69
    0    0    2   18    6   12    2846.05163981    0.00013416    5   B+   133
    1    0    1   17   13    4    2846.28327434    0.00014644    4   A-   116
    0    0    2   23    1   23    2846.29740861    0.00017321    3   B-   141
    1    0    1   27    9   18    2846.66900964    0.00006325    4   A-   137
    1    0    1   23   11   12    2846.78024767    0.00006064    6   A+   129
    2    0    0   40    5   35    2847.21532704    0.00009429    5   B+   119
    0    2    1   27   12   15    2847.41860310    0.00020000    1   C-   143
    0    2    1   35    7   28    2847.63305893    0.00023264    3   B-   128
    1    0    1   34    2   33    2848.42853461    0.00006972    4   A-   132
    1    0    1   31    6   25    2849.03865912    0.00010895    5   A+   142
    0    0    1   70    2   69    2849.07932568    0.00020000    1   C-    36
    0    0    2   14    8    6    2849.14686397    0.00015127    5   B+   115
    0    2    1   39    1   38    2849.24398721    0.00020000    1   C-   119
    2    0    0   17   17    1    2849.34057777    0.00014142    2   B-   125
    1    0    1   30    7   24    2850.11614115    0.00008630    6   A+   146
    0    1    1   42   16   27    2850.31867440    0.00019000    1   C-   114
    2    1    0   10    4    6    2850.38903285    0.00021213    2   B-    93
    0    2    1   34    8   27    2850.45681477    0.00020000    1   C-   133
    1    0    1   35    0   35    2850.68433241    0.00010623    4   A-   134
    0    0    2   22    2   20    2850.76075868    0.00015000    4   B-   143
    0    1    1   47   13   34    2851.09438245    0.00019000    1   C-    95
    2    0    0   32   12   20    2851.45743726    0.00011547    3   B-   144
    0    0    2   11    9    3    2851.68533887    0.00015000    4   B-    95
    0    1    1   55    3   52    2851.85470488    0.00011860    3   A-    74
    1    0    1   32    5   28    2851.93859344    0.00007486    5   A+   145
    0    0    2   21    4   18    2852.23693677    0.00015592    5   B+   128
    2    0    0   30   13   17    2852.36739745    0.00011547    3   B-   138
    2    1    0   13    2   12    2852.48190810    0.00012357    7   B+    96
    2    0    0   41    4   38    2852.52849131    0.00012722    4   B-   111
    2    1    0   14    0   14    2853.00207046    0.00014101    6   B+   116
    2    1    0   12    3    9    2853.20715651    0.00012682    7   B+    94
    0    0    2   20    5   15    2853.21243354    0.00015000    4   B-   131
    2    1    0    8    5    3    2853.58153932    0.00016416    5   B+    67
    1    0    1   33    3   30    2853.91173491    0.00006926    5   A+   130
    0    0    1   67    5   62    2854.91957357    0.00014142    2   C+    41
    0    2    1   22   14    9    2855.27639967    0.00020000    1   C-   134
    1    0    1   29    8   21    2855.28412845    0.00011451    4   A-   146
    1    0    1   21   12    9    2855.40453653    0.00011339    4   A-   138
    0    0    2   17    7   11    2855.49347054    0.00015000    4   B-   126
    2    0    0   38    8   30    2855.80000141    0.00010221    5   B+   132
    2    0    0   34   11   23    2856.28464891    0.00010611    5   B+   134
    2    0    0   39    7   33    2856.41203165    0.00011547    3   B-   125
    0    0    2   22    3   19    2856.95286801    0.00015000    4   B-   135
    2    1    0   11    4    8    2857.33888053    0.00016847    4   B-    84
    1    0    1   18   13    6    2857.67220089    0.00008944    2   C-   136
    0    0    2   19    6   14    2858.10286746    0.00017321    3   B-   123
    0    0    2   23    2   22    2858.25611651    0.00017321    3   B-   132
    2    1    0   14    1   13    2858.56240299    0.00014801    7   B+   105
    0    0    2   15    8    8    2858.64510041    0.00015000    4   B-   106
    2    0    0   28   14   14    2858.97042509    0.00010000    4   B-   150
    0    1    1   56    3   54    2859.01889409    0.00020000    1   C-    79
    1    0    1   14   14    1    2859.24399474    0.00007236    4   A-   106
    0    0    2   12    9    3    2859.28210000    0.00014646    5   B+    95
    2    0    0   37    9   29    2859.33982136    0.00010027    5   B+   130
    2    0    0   22   16    6    2859.39405184    0.00010000    4   B-   144
    2    0    0   42    2   40    2859.91507442    0.00029307    2   B-   119
    1    0    1   26   10   17    2860.30958282    0.00005339    6   A+   138
    0    0    2   24    0   24    2860.48641989    0.00017321    3   B-   146
    2    0    0   18   17    1    2860.72348328    0.00012286    3   B-   123
    2    1    0   13    3   11    2861.34594513    0.00014618    6   B+   107
    0    0    1   63   12   51    2861.57198148    0.00014142    2   C-    56
    2    0    0   40    6   34    2861.90031009    0.00009224    5   B+   128
    1    0    1   24   11   14    2861.96568505    0.00006176    6   A+   147
    2    1    0   15    1   15    2862.24663036    0.00013416    5   B+   118
    0    2    1   38    4   35    2862.25569970    0.00030245    2   B-   126
    1    0    1   33    4   29    2862.39333566    0.00007747    6   A+   140
    2    1    0    6    6    0    2862.66971513    0.00016523    5   B+    64
    0    0    1   52   20   33    2862.81347414    0.00020000    1   C-    85
    2    1    0   14    2   12    2862.97915265    0.00014416    5   B+   118
    0    0    1   66    8   59    2863.14486004    0.00014142    2   C+    46
    0    1    1   57    1   56    2863.24396837    0.00020000    1   C-    70
    0    1    1   54    6   49    2863.46931361    0.00050318    2   A-    80
    0    1    1   51   10   41    2864.28052672    0.00019000    1   C-    90
    1    0    1   28    9   20    2864.39998224    0.00012974    6   A+   151
    1    0    1   34    3   32    2864.73974751    0.00010049    4   A-   140
    2    0    0   43    2   42    2864.77468842    0.00011920    3   B-   109
    0    1    1   58    1   58    2864.82435738    0.00020000    1   C-    72
    2    1    0   12    4    8    2864.92504121    0.00021213    2   B-   106
    0    1    1   50   11   40    2866.00632472    0.00028940    2   B-    96
    0    0    1   64   11   54    2866.19694907    0.00014142    2   B-    53
    0    0    2   21    5   17    2866.55415281    0.00017321    3   B-   141
    0    0    2   22    4   18    2866.56719944    0.00015000    4   B-   146
    0    0    2   18    7   11    2866.89959408    0.00013416    5   B+   124
    2    0    0   36   10   26    2866.90782096    0.00010000    4   B-   136
    0    0    2   13    9    5    2867.51247030    0.00015000    4   B-   108
    1    0    1   15   14    1    2868.73624620    0.00005994    6   A+   119
    0    0    2   16    8    8    2868.77794060    0.00013416    5   B+   127
    0    0    2   23    3   21    2869.17614712    0.00021213    2   B-   144
    1    0    1   22   12   11    2869.32343624    0.00008165    3   A-   136
    1    0    1   32    6   27    2869.36636916    0.00008593    5   A+   138
    1    0    1   35    1   34    2869.54102411    0.00006412    4   A-   130
    2    0    0   41    5   37    2869.55236833    0.00010000    4   B-   121
    1    0    1   19   13    6    2869.69391929    0.00012429    4   A-   126
    1    0    1   31    7   24    2869.80189547    0.00006869    6   A+   136
    2    1    0   14    3   11    2870.40405483    0.00024930    3   B-   107
    2    1    0   15    2   14    2870.55664618    0.00013337    7   B+   108
    0    2    1   36    7   30    2870.59852612    0.00028568    2   B-   138
    0    0    2   20    6   14    2870.79241644    0.00013416    5   B+   141
    2    0    0   26   15   11    2871.22787368    0.00010000    4   B-   140
    2    1    0   16    0   16    2871.57712430    0.00015000    4   B-   128
    1    0    1   36    1   36    2871.81985907    0.00006579    4   A-   139
    2    0    0   31   13   19    2871.95979503    0.00009391    5   B+   145
    2    1    0    8    6    2    2872.13015258    0.00014912    6   B+    80
    0    0    1   60   15   46    2872.17337048    0.00020000    1   C-    68
    2    0    0   33   12   22    2872.31718966    0.00009419    5   B+   135
    2    1    0   11    5    7    2872.51491476    0.00015608    6   B+    97
    0    0    2   24    1   23    2872.57169210    0.00015000    4   B-   138
    2    0    0   19   17    3    2872.73900924    0.00010000    4   B-   134
    0    2    1   35    8   27    2872.74679221    0.00020000    1   C-   138
    2    1    0   13    4   10    2873.14295846    0.00012150    7   B+    97
    0    2    1   40    2   39    2873.34409288    0.00020000    1   C-   120
    1    0    1   33    5   28    2873.84345830    0.00013235    5   A+   136
    2    0    0   23   16    8    2873.93483977    0.00010000    4   B-   133
    1    0    1   30    8   23    2874.30228787    0.00007493    4   A-   141
    0    2    1   41    0   41    2874.79547582    0.00020000    1   C-   122
    0    0    2   10   10    0    2875.10276179    0.00020092    3   B-    94
    0    0    2   25    1   25    2875.29218921    0.00021213    2   B-   147
    0    0    2   14    9    5    2876.37666039    0.00014523    5   B+   108
    2    0    0   29   14   16    2877.29915769    0.00010000    4   B-   140
    1    0    1   27   10   17    2877.39951077    0.00011659    4   A-   146
    2    0    0   42    3   39    2877.77505312    0.00014142    2   B-   117
    1    0    1   25   11   14    2877.78437063    0.00009189    5   A+   136
    2    1    0    9    6    4    2877.80782554    0.00023674    4   B-    71
    2    1    0   16    1   15    2878.40718023    0.00014170    5   B+   116
    2    0    0   35   11   25    2878.41696774    0.00012059    3   B-   139
    1    0    1   16   14    3    2878.86187620    0.00020000    1   C-   117
    0    2    1   38    5   34    2878.87184563    0.00034439    2   B-   135
    0    0    2   19    7   13    2878.94183969    0.00021213    2   B-   135
    0    2    1   34    9   26    2879.09015504    0.00020000    1   C-   143
    0    0    2   17    8   10    2879.54545473    0.00013657    5   B+   117
    1    0    1   34    4   31    2879.56602770    0.00006325    4   A-   136
    2    1    0   15    3   13    2879.69163766    0.00012907    9   B+   120
    2    1    0   12    5    7    2880.09204007    0.00015000    4   B-    97
    2    0    0   39    8   32    2880.54464542    0.00013440    4   B-   122
    0    0    2   22    5   17    2880.56725973    0.00019412    3   B-   139
    0    0    2   23    4   20    2880.89341218    0.00015000    4   B-   135
    0    0    2   24    2   22    2881.22502375    0.00015000    4   B-   150
    0    1    1   48   13   36    2881.62114423    0.00019000    1   C-   103
    2    1    0   17    1   17    2881.87251587    0.00013020    6   B+   128
    2    0    0   40    7   33    2881.92165058    0.00010000    4   B-   123
    2    1    0   14    4   10    2882.00820134    0.00012900    7   B+   119
    0    0    2   11   10    2    2882.06678245    0.00015000    4   B-    85
    1    0    1   20   13    8    2882.34876382    0.00006383    6   A+   144
    1    0    1   29    9   20    2882.76726534    0.00008741    6   A+   141
    2    1    0   16    2   14    2883.20327470    0.00012739    7   B+   130
    2    0    0   38    9   29    2883.41155714    0.00015956    3   B-   127
    0    1    1   45   15   30    2883.63896873    0.00019000    1   C-   103
    1    0    1   23   12   11    2883.87614975    0.00011919    6   A+   146
    2    1    0   10    6    4    2884.11694236    0.00014225    5   B+    95
    0    0    2   21    6   16    2884.12048661    0.00013416    5   B+   131
    0    2    1   39    3   36    2884.99737968    0.00020000    1   C-   123
    0    2    1   24   14   11    2885.12760671    0.00014142    2   B-   141
    2    0    0   20   17    3    2885.38685042    0.00011547    3   B-   132
    0    0    2   15    9    7    2885.87463683    0.00016507    5   B+   121
    1    0    1   35    2   33    2885.98002012    0.00007340    5   A+   141
    2    0    0   43    3   41    2886.34671606    0.00020275    3   B-   117
    0    0    1   70    3   68    2886.47272060    0.00020000    1   C-    40
    2    0    0   41    6   36    2887.38891997    0.00011547    3   B-   118
    0    0    2   24    3   21    2887.69945164    0.00015000    4   B-   142
    2    0    0   27   15   13    2888.29392228    0.00011547    3   B-   148
    2    1    0   13    5    9    2888.30264039    0.00017416    5   B+   110
    0    0    2   25    2   24    2888.35227959    0.00017321    3   B-   139
    2    0    0   24   16    8    2889.10794940    0.00016808    3   B-   151
    1    0    1   17   14    3    2889.61992417    0.00008165    3   A-   130
    0    0    2   12   10    2    2889.66451361    0.00015000    4   B-   108
    1    0    1   32    7   26    2890.12511952    0.00012315    4   A-   148
    2    1    0   16    3   13    2890.23774120    0.00014920    6   B+   119
    2    0    0   37   10   28    2890.32172119    0.00010000    4   B-   127
    1    0    1   33    6   27    2890.46704189    0.00007836    6   A+   144
    0    0    2   26    0   26    2890.64922351    0.00021213    2   B-   151
    2    0    0   42    4   38    2890.90829688    0.00010852    5   B+   122
    0    0    2   18    8   10    2890.94758166    0.00015000    4   B-   137
    2    1    0   11    6    6    2891.05775058    0.00014122    6   B+    86
    2    1    0   17    2   16    2891.06057747    0.00016280    5   B+   119
    2    0    0   44    1   43    2891.09192696    0.00029884    2   B-   110
    1    0    1   36    2   35    2891.29091599    0.00023914    3   A-   133
    2    1    0   15    4   12    2891.49279782    0.00015401    5   B+   109
    0    0    2   20    7   13    2891.62039749    0.00013416    5   B+   133
    2    0    0   32   13   19    2892.18473452    0.00010000    4   B-   140
    2    1    0   18    0   18    2892.44273087    0.00013272    6   B+   138
    2    0    0   45    1   45    2893.16850515    0.00015795    3   B-   109
    1    0    1   37    0   37    2893.53281516    0.00048133    3   A-   134
    2    0    0   34   12   22    2893.81008952    0.00010713    4   B-   146
    1    0    1   31    8   23    2893.95916743    0.00006658    7   A+   148
    2    1    0    8    7    1    2894.02551858    0.00019494    5   B+    68
    1    0    1   26   11   16    2894.23732206    0.00007248    4   A-   152
    1    0    1   34    5   30    2894.65549444    0.00009146    2   C-   147
    0    1    1   55    5   50    2894.81124289    0.00013435    2   B-    77
    1    0    1   28   10   19    2895.12373445    0.00012839    3   A-   143
    0    0    2   23    5   19    2895.18096052    0.00015000    4   B-   149
    1    0    1   21   13    8    2895.63656871    0.00005563    6   A+   134
    0    2    1   36    8   29    2895.67915642    0.00014142    2   B-   135
    0    0    2   16    9    7    2896.00666474    0.00015000    4   B-   120
    2    0    0   30   14   16    2896.26058183    0.00012587    4   B-   153
    0    2    1   39    4   35    2896.34872876    0.00020000    1   C-   130
    0    0    2   24    4   20    2896.78429662    0.00013754    5   B+   153
    2    1    0   14    5    9    2897.14879295    0.00021213    2   B-   110
    0    1    1   58    2   57    2897.76446721    0.00020000    1   C-    72
    0    0    2   13   10    4    2897.89582131    0.00018276    4   B-    99
    0    0    2   22    6   16    2898.08901773    0.00013416    5   B+   149
    0    1    1   51   11   40    2898.49057655    0.00019000    1   C-    89
    1    0    1   35    3   32    2898.50892323    0.00006030    5   A+   132
    0    0    1   58   17   42    2898.56618161    0.00020000    1   C-    76
    2    1    0   12    6    6    2898.63129755    0.00014891    7   B+   109
    2    0    0   21   17    5    2898.66701209    0.00011547    3   B-   142
    1    0    1   24   12   13    2899.06168873    0.00006275    5   A+   143
    0    1    1   59    0   59    2899.32711681    0.00020000    1   C-    71
    0    2    1   42    1   42    2899.43309485    0.00014142    2   B-   123
    2    1    0    9    7    3    2899.70225294    0.00017846    3   B-    84
    0    0    2   25    3   23    2900.07610693    0.00015000    4   B-   151
    2    1    0   17    3   15    2900.56352426    0.00015404    6   B+   132
    2    1    0   18    1   17    2900.63347425    0.00014416    6   B+   127
    1    0    1   18   14    5    2901.01146129    0.00005164    6   A+   128
    2    0    0   36   11   25    2901.18403240    0.00010000    4   B-   136
    2    1    0   16    4   12    2901.64921675    0.00015739    6   B+   131
    1    0    1   30    9   22    2901.77066493    0.00008216    4   A-   155
    0    0    1   64   12   53    2902.37510207    0.00020000    1   C-    54
    0    0    2   19    8   12    2902.98497984    0.00013416    5   B+   127
    2    1    0   19    1   19    2903.82521237    0.00014977    6   B+   138
    0    0    2   26    1   25    2904.00411712    0.00015000    4   B-   145
    2    0    0   25   16   10    2904.91282018    0.00010000    4   B-   140
    0    0    2   21    7   15    2904.93573603    0.00015000    4   B-   143
    0    1    1   24   23    2    2905.55691648    0.00020000    1   C-   155
    2    0    0   43    4   40    2905.71871912    0.00010000    4   B-   111
    2    0    0   40    8   32    2905.93764002    0.00008944    5   B+   132
    2    0    0   28   15   13    2905.99218022    0.00010000    4   B-   145
    2    1    0   10    7    3    2906.01074288    0.00017321    3   B-    84
    2    1    0   18    2   16    2906.05023601    0.00023005    3   B-   140
    0    0    2   27    1   27    2906.60625659    0.00021141    3   B-   152
    2    1    0   15    5   11    2906.62816914    0.00014186    6   B+   123
    0    0    2   14   10    4    2906.76073330    0.00017321    3   B-   121
    0    0    2   17    9    9    2906.77291044    0.00015000    4   B-   133
    2    1    0   13    6    8    2906.83787038    0.00014519    9   B+   100
    1    0    1   35    4   31    2907.54598035    0.00006030    5   A+   142
    0    0    1   65   11   54    2907.72202827    0.00014142    2   C+    49
    2    0    0   41    7   35    2907.94991153    0.00010584    4   B-   125
    2    0    0   39    9   31    2908.12159231    0.00011034    4   B-   131
    0    1    1   54    8   47    2908.36998556    0.00014142    2   B-    84
    1    0    1   36    3   34    2908.73343238    0.00006126    5   A+   141
    0    1    1   55    6   49    2908.75658011    0.00020000    1   C-    83
    1    0    1   22   13   10    2909.55749156    0.00007601    6   A+   152
    0    0    2   24    5   19    2910.50806741    0.00013416    5   B+   146
    1    0    1   33    7   26    2911.09825921    0.00006621    6   A+   138
    1    0    1   27   11   16    2911.32419106    0.00009108    2   C-   141
    0    1    1   56    5   52    2911.45990927    0.00013775    2   A-    83
    0    0    1   69    4   65    2911.46450958    0.00014142    2   B-    42
    1    0    1   34    6   29    2912.04232520    0.00009176    3   C-   140
    0    0    2   25    4   22    2912.10265344    0.00015000    4   B-   142
    0    0    1   67    8   59    2912.15060904    0.00016022    2   C+    48
    2    1    0   17    4   14    2912.39305730    0.00014084    7   B+   120
    2    0    0   22   17    5    2912.57915072    0.00011849    4   B-   140
    0    0    2   23    6   18    2912.69595069    0.00016036    5   B+   139
    2    1    0   18    3   15    2912.74641461    0.00018391    3   B-   130
    0    1    1   49   13   36    2912.78422619    0.00019000    1   C-    95
    2    1    0   11    7    5    2912.95083903    0.00017728    5   B+    99
    1    0    1   19   14    5    2913.03614460    0.00008407    3   A-   140
    2    0    0   33   13   21    2913.04223851    0.00013783    3   B-   147
    2    0    0   44    2   42    2913.19802451    0.00016348    3   B-   119
    1    0    1   29   10   19    2913.48308200    0.00007085    5   A+   151
    1    0    1   37    1   36    2913.57238848    0.00015246    3   A-   131
    2    1    0   19    2   18    2913.97279996    0.00014572    5   B+   129
    0    0    2   26    2   24    2914.07756932    0.00015000    4   B-   155
    1    0    1   32    8   25    2914.25445291    0.00006325    4   A-   143
    2    0    0   38   10   28    2914.37196692    0.00012789    3   B-   137
    1    0    1   25   12   13    2914.88060070    0.00010561    6   A+   153
    1    0    1   15   15    0    2915.15638729    0.00008944    2   C-   111
    2    0    0   42    6   36    2915.24411588    0.00011410    5   B+   128
    0    0    2   11   11    1    2915.58319068    0.00021213    2   B-   100
    2    1    0   20    0   20    2915.60357299    0.00017751    4   B-   146
    0    0    2   20    8   12    2915.65755269    0.00013946    5   B+   147
    2    1    0   14    6    8    2915.67634555    0.00015371    5   B+   122
    1    0    1   38    1   38    2915.82287587    0.00006325    4   A-   138
    2    0    0   31   14   18    2915.85574053    0.00011547    3   B-   143
    2    0    0   35   12   24    2915.93633709    0.00010000    4   B-   137
    0    0    2   15   10    6    2916.25911863    0.00017637    4   B-   112
    2    1    0   16    5   11    2916.74459343    0.00018963    4   B-   122
    2    0    0   18   18    0    2916.94128359    0.00014142    2   B-   141
    0    0    1   66   10   57    2917.48285348    0.00014142    2   C-    49
    1    1    0   65    1   65    2917.60161903    0.00020000    1   C-    55
    2    0    0   45    2   44    2917.99063906    0.00010000    4   B-   109
    0    0    2   18    9    9    2918.17357057    0.00013416    5   B+   131
    1    0    1   35    5   30    2918.38965710    0.00008067    5   A+   138
    0    2    1   38    7   32    2918.49377174    0.00034278    2   B-   140
    0    0    2   22    7   15    2918.88842918    0.00014340    5   B+   141
    2    1    0    8    8    0    2919.25167084    0.00031884    2   B-    83
    0    2    1   37    8   29    2919.25709806    0.00020000    1   C-   139
    2    0    0   46    0   46    2920.05382854    0.00012676    3   B-   116
    2    1    0   12    7    5    2920.52231875    0.00018971    4   B-    98
    0    0    2   27    2   26    2920.79349560    0.00017321    3   B-   144
    0    0    2   26    3   23    2921.11230387    0.00017761    4   B-   149
    2    0    0   26   16   10    2921.34995492    0.00014429    3   B-   157
    1    0    1   31    9   22    2921.41051827    0.00011012    6   A+   145
    0    1    1   57    3   54    2921.58896743    0.00013775    2   A-    74
    0    0    2   28    0   28    2923.12682625    0.00017321    3   B-   156
    0    0    2   12   11    1    2923.18255516    0.00015000    4   B-    99
    2    0    0   43    5   39    2923.50473961    0.00010000    4   B-   121
    2    1    0   18    4   14    2923.86450655    0.00016852    4   B-   142
    2    1    0   19    3   17    2923.95082468    0.00026099    3   B-   142
    1    0    1   23   13   10    2924.11137044    0.00006325    4   A-   142
    0    2    1   36    9   28    2924.25978154    0.00020000    1   C-   144
    2    0    0   29   15   15    2924.32260653    0.00009577    5   B+   153
    1    0    1   36    4   33    2924.44031397    0.00007489    4   A-   138
    2    0    0   37   11   27    2924.58519468    0.00010000    4   B-   140
    0    0    1   68    7   62    2924.62135090    0.00020000    1   C-    47
    2    1    0    9    8    2    2924.92911251    0.00020324    3   B-    74
    2    1    0   15    6   10    2925.14955198    0.00011837    8   B+   113
    2    1    0   20    1   19    2925.18742568    0.00017321    3   B-   137
    1    0    1   16   15    2    2925.28469588    0.00006325    4   A-   133
    1    0    1   20   14    7    2925.69334588    0.00007065    5   A+   138
    0    0    2   25    5   21    2926.38182535    0.00015000    4   B-   156
    0    0    2   16   10    6    2926.39161999    0.00015000    4   B-   134
    2    0    0   23   17    7    2927.12349686    0.00010000    4   B-   150
    2    1    0   17    5   13    2927.49654965    0.00015714    5   B+   135
    0    0    2   24    6   18    2927.94659120    0.00013669    5   B+   157
    2    1    0   21    1   21    2928.09773042    0.00017321    3   B-   146
    2    1    0   13    7    7    2928.72675458    0.00012616    6   B+   112
    2    0    0   19   18    2    2928.96038624    0.00010000    4   B-   130
    0    0    2   21    8   14    2928.96602974    0.00017321    3   B-   136
    1    0    1   28   11   18    2929.04532667    0.00006628    6   A+   157
    0    2    1   40    5   36    2929.35209499    0.00024600    2   B-   135
    0    0    2   26    4   22    2929.71647755    0.00016030    4   B-   159
    0    0    2   19    9   11    2930.20866344    0.00014659    5   B+   143
    2    1    0   10    8    2    2931.23741023    0.00016612    5   B+    99
    1    0    1   37    2   35    2931.31009506    0.00011170    5   A+   142
    1    0    1   26   12   15    2931.33321570    0.00006569    6   A+   150
    0    0    2   13   11    3    2931.41509946    0.00019445    3   B-   114
    2    1    0   20    2   18    2931.47684765    0.00013588    7   B+   149
    2    0    0   41    8   34    2931.96409328    0.00010000    4   B-   122
    1    0    1   30   10   21    2932.47757573    0.00007736    6   A+   147
    1    0    1   34    7   28    2932.70375589    0.00007915    4   A-   150
    0    0    2   27    3   25    2933.41125874    0.00023506    3   B-   156
    2    0    0   40    9   31    2933.47068982    0.00009561    5   B+   128
    0    0    2   23    7   17    2933.47892649    0.00017321    3   B-   151
    0    0    1   72    2   71    2933.78286581    0.00014142    2   C+    36
    0    1    1   56    6   51    2934.18650561    0.00023454    2   B-    80
    0    1    1   60    1   60    2934.40570626    0.00020000    1   C-    72
    1    0    1   35    6   29    2934.51465670    0.00006300    6   A+   146
    2    0    0   34   13   21    2934.53264598    0.00010000    4   B-   142
    2    0    0   42    7   35    2934.80821625    0.00010000    4   B-   123
    1    0    1   33    8   25    2935.18867655    0.00019173    5   A+   150
    2    1    0   16    6   10    2935.25601833    0.00012051    8   B+   135
    2    1    0   19    4   16    2935.84885591    0.00013407    7   B+   131
    1    0    1   17   15    2    2936.04603762    0.00005970    6   A+   122
    1    0    1   38    2   37    2936.46564612    0.00006325    4   A-   134
    0    0    2   17   10    8    2937.15793053    0.00015000    4   B-   123
    2    1    0   14    7    7    2937.56312074    0.00012493    7   B+   111
    0    0    2   28    1   27    2937.72016155    0.00017321    3   B-   150
    2    1    0   20    3   17    2937.96102732    0.00016229    5   B+   140
    2    1    0   11    8    4    2938.17763277    0.00014591    5   B+    90
    2    0    0   27   16   12    2938.41936480    0.00011241    4   B-   146
    1    0    1   39    0   39    2938.69094544    0.00006317    5   A+   135
    2    0    0   36   12   24    2938.69620419    0.00011104    5   B+   147
    2    1    0   18    5   13    2938.88858370    0.00014025    6   B+   133
    1    0    1   21   14    7    2938.98366732    0.00005860    6   A+   148
    2    0    0   39   10   30    2939.05795744    0.00010000    4   B-   128
    2    1    0   21    2   20    2939.27318388    0.00014446    7   B+   138
    1    0    1   24   13   12    2939.29851064    0.00013447    4   A-   160
    1    0    1   36    5   32    2939.91785233    0.00007241    4   A-   148
    0    0    2   29    1   29    2940.23805988    0.00021213    2   B-   157
    0    0    2   14   11    3    2940.28101385    0.00017321    3   B-   113
    2    0    0   45    3   43    2940.74500962    0.00015679    3   B-   117
    0    0    1   69    5   64    2941.03557627    0.00020000    1   C-    41
    2    1    0   22    0   22    2941.06320238    0.00018967    4   B-   154
    2    0    0   43    6   38    2941.58802822    0.00012947    4   B-   118
    2    0    0   20   18    2    2941.61170336    0.00010000    4   B-   150
    1    0    1   32    9   24    2941.68719593    0.00007228    5   A+   157
    2    0    0   24   17    7    2942.29987867    0.00016249    3   B-   147
    0    0    2   20    9   11    2942.87847733    0.00013416    5   B+   141
    0    0    2   22    8   14    2942.91052557    0.00015000    4   B-   155
    0    0    2   26    5   21    2943.05253291    0.00013416    5   B+   153
    2    0    0   30   15   15    2943.28514833    0.00008944    5   B+   149
    0    2    1   39    7   32    2943.46070724    0.00020000    1   C-   130
    0    2    1   38    8   31    2943.47678677    0.00020000    1   C-   136
    0    0    1   65   12   53    2943.82394282    0.00020000    1   C-    56
    0    0    2   25    6   20    2943.83390207    0.00017963    3   B-   146
    1    0    1   37    3   34    2945.41152004    0.00010551    4   A-   133
    2    0    0   46    1   45    2945.46125933    0.00011547    3   B-   110
    2    1    0   12    8    4    2945.74910050    0.00013674    7   B+   113
    0    0    2   27    4   24    2945.85135321    0.00018502    5   B+   148
    2    1    0   17    6   12    2945.99710226    0.00013349    7   B+   124
    0    1    1   57    4   53    2946.81224354    0.00020000    1   C-    80
    2    1    0   15    7    9    2947.03198555    0.00014121    6   B+   125
    2    0    0   44    4   40    2947.23316849    0.00011547    3   B-   122
    1    0    1   29   11   18    2947.40013741    0.00008323    5   A+   146
    1    0    1   18   15    4    2947.44043994    0.00007515    7   A+   144
    2    0    0   47    1   47    2947.51568613    0.00012995    3   B-   109
    1    0    1   27   12   15    2948.41925325    0.00008314    3   A-   158
    0    0    2   18   10    8    2948.55839763    0.00013416    5   B+   145
    2    0    0   38   11   27    2948.62117168    0.00010718    5   B+   137
    2    1    0   20    4   16    2948.67477058    0.00017344    5   B+   151
    0    0    2   24    7   17    2948.70780304    0.00014187    5   B+   148
    0    2    1   43    1   42    2949.07408324    0.00020000    1   C-   119
    0    0    2   28    2   26    2949.25625985    0.00016441    4   B-   160
    0    0    1   68    8   61    2949.68172610    0.00020000    1   C-    46
    0    0    2   15   11    5    2949.78104690    0.00014695    5   B+   127
    2    1    0   21    3   19    2949.83597658    0.00013062    7   B+   150
    0    0    1   62   15   48    2950.40848048    0.00014142    2   C-    68
    0    2    1   44    1   44    2950.43998304    0.00020000    1   C-   123
    2    1    0   19    5   15    2950.91342136    0.00015214    7   B+   145
    2    1    0   22    1   21    2952.03066956    0.00014263    5   B+   145
    1    0    1   31   10   21    2952.10706876    0.00009276    6   A+   154
    1    0    1   22   14    9    2952.90701843    0.00008786    4   A-   146
    2    1    0    9    9    1    2953.47108699    0.00014926    5   B+    88
    2    1    0   13    8    6    2953.95162001    0.00015110    6   B+   104
    2    1    0   23    1   23    2954.68667601    0.00021213    2   B-   154
    2    0    0   21   18    4    2954.89563982    0.00014142    2   B-   139
    1    0    1   35    7   28    2954.97010945    0.00013809    3   A-   140
    1    0    1   38    3   36    2955.06021074    0.00007342    4   A-   142
    1    0    1   25   13   12    2955.11857794    0.00006753    4   A-   149
    1    0    1   37    4   33    2955.31952526    0.00008515    4   A-   143
    0    0    2   29    2   28    2955.56892674    0.00023379    2   B-   148
    2    0    0   28   16   12    2956.12039033    0.00008944    5   B+   162
    0    0    2   21    9   13    2956.18318634    0.00015000    4   B-   151
    2    0    0   35   13   23    2956.65560393    0.00013301    3   B-   149
    1    0    1   34    8   27    2956.76340191    0.00006334    5   A+   145
    2    0    0   33   14   20    2956.92992302    0.00011547    3   B-   144
    2    1    0   16    7    9    2957.13364262    0.00014904    5   B+   123
    0    0    2   28    3   25    2957.13683319    0.00018433    4   B-   154
    1    0    1   36    6   31    2957.30177795    0.00007418    5   A+   142
    2    1    0   18    6   12    2957.37357736    0.00020653    4   B-   146
    0    0    2   23    8   16    2957.49117215    0.00016177    4   B-   144
    0    0    2   30    0   30    2957.91934509    0.00017321    3   B-   160
    2    0    0   25   17    9    2958.10877111    0.00011547    3   B-   157
    2    0    0   42    8   34    2958.64727603    0.00010000    4   B-   132
    2    1    0   22    2   20    2959.42879408    0.00012581    7   B+   157
    2    0    0   41    9   33    2959.45820082    0.00013426    4   B-   131
    1    0    1   19   15    4    2959.46801479    0.00006968    6   A+   133
    2    1    0   10    9    1    2959.78007290    0.00019251    4   B-    87
    0    0    2   12   12    0    2959.81696135    0.00021213    2   B-   114
    1    0    1   39    1   38    2959.90948635    0.00009142    4   A-   132
    0    0    2   16   11    5    2959.91459184    0.00015000    4   B-   125
    0    2    1   41    5   36    2960.04585510    0.00014142    2   B-   127
    0    0    2   27    5   23    2960.15939383    0.00019509    3   B-   161
    0    0    2   26    6   20    2960.37201681    0.00013416    5   B+   163
    0    0    2   19   10   10    2960.59312076    0.00017321    3   B-   134
    2    0    0   45    4   42    2961.25297198    0.00016108    2   B-   111
    2    1    0   21    4   18    2961.85998635    0.00015000    4   B-   140
    2    0    0   43    7   37    2962.07269807    0.00015685    2   B-   125
    2    0    0   37   12   26    2962.08933057    0.00010000    4   B-   138
    1    0    1   40    1   40    2962.13642429    0.00007624    5   A+   137
    1    0    1   33    9   24    2962.60117053    0.00008942    3   C-   147
    2    1    0   14    8    6    2962.78732602    0.00012247    6   B+   126
    2    0    0   31   15   17    2962.87932921    0.00010000    4   B-   156
    2    1    0   20    5   15    2963.58635239    0.00011242    8   B+   143
    0    1    1   59    2   57    2964.36358455    0.00020000    1   C-    75
    2    0    0   40   10   30    2964.38074901    0.00009921    5   B+   138
    0    0    2   25    7   19    2964.57523047    0.00015000    4   B-   158
    0    0    2   28    4   24    2965.39440453    0.00014385    5   B+   164
    1    0    1   37    5   32    2965.70553097    0.00008030    4   A-   139
    2    1    0   22    3   19    2965.89361219    0.00012618    6   B+   148
    1    0    1   28   12   17    2966.13869731    0.00007558    6   A+   155
    1    0    1   30   11   20    2966.39007124    0.00011372    2   C-   162
    2    1    0   11    9    3    2966.72074170    0.00013408    6   B+   104
    2    1    0   23    2   22    2966.94294552    0.00014552    5   B+   146
    1    0    1   23   14    9    2967.46355336    0.00006864    6   A+   156
    0    1    1   57    5   52    2967.70205334    0.00020000    1   C-    77
    2    1    0   17    7   11    2967.86835243    0.00016729    4   B-   137
    0    0    2   13   12    2    2968.05133713    0.00017321    3   B-   105
    0    2    1   39    8   31    2968.34427518    0.00020000    1   C-   140
    0    1    1   60    2   59    2968.53247792    0.00020000    1   C-    72
    2    0    0   22   18    4    2968.81142841    0.00014142    2   B-   158
    2    1    0   24    0   24    2968.82616618    0.00018750    4   B-   162
    0    2    1   40    7   34    2968.98222508    0.00020000    1   C-   140
    0    0    2   29    3   27    2969.15791755    0.00018111    4   B-   161
    2    1    0   19    6   14    2969.38438784    0.00012500    8   B+   135
    0    0    2   22    9   13    2970.12311705    0.00015000    4   B-   149
    0    0    2   17   11    7    2970.68184725    0.00013416    5   B+   139
    2    0    0   44    6   38    2971.34369350    0.00015321    3   B-   128
    1    0    1   26   13   14    2971.57239256    0.00006796    6   A+   166
    1    0    1   38    4   35    2971.72932460    0.00006325    4   A-   139
    1    0    1   20   15    6    2972.12848656    0.00013267    4   A-   153
    2    1    0   15    8    8    2972.25389023    0.00012947    8   B+   117
    0    0    1   72    3   70    2972.33736313    0.00014142    2   C+    40
    1    0    1   32   10   23    2972.37220964    0.00006718    4   A-   150
    0    0    2   24    8   16    2972.70838545    0.00015088    5   B+   163
    0    0    2   20   10   10    2973.26199906    0.00015337    4   B-   154
    2    0    0   39   11   29    2973.29170995    0.00010000    4   B-   141
    2    0    0   47    2   46    2973.51098144    0.00018231    3   B-   109
    0    0    2   30    1   29    2973.72793294    0.00021213    2   B-   153
    0    0    1   60   17   44    2974.22975161    0.00014142    2   C-    76
    2    1    0   12    9    3    2974.29226282    0.00018817    5   B+   103
    2    0    0   29   16   14    2974.45354345    0.00010403    4   B-   151
    2    0    0   26   17    9    2974.54933649    0.00009746    5   B+   154
    1    0    1   16   16    1    2974.77264218    0.00010000    1   C-   128
    2    0    0   48    0   48    2975.55302038    0.00011547    3   B-   112
    2    1    0   22    4   18    2976.10897015    0.00013688    8   B+   159
    0    0    2   31    1   31    2976.18611484    0.00021213    2   B-   160
    2    1    0   21    5   17    2976.88433991    0.00012572    7   B+   154
    0    0    2   14   12    2    2976.91915747    0.00017321    3   B-   127
    0    0    2   27    6   22    2977.54107728    0.00017321    4   B-   152
    1    0    1   36    7   30    2977.85698202    0.00007564    4   A-   151
    2    1    0   23    3   21    2978.20045553    0.00013416    5   B+   158
    0    0    2   28    5   23    2978.22331349    0.00013416    5   B+   158
    2    0    0   34   14   20    2978.42137200    0.00009873    5   B+   156
    1    0    1   39    2   37    2978.91036308    0.00008434    4   A-   143
    1    0    1   35    8   27    2978.97892657    0.00007854    4   A-   152
    2    1    0   18    7   11    2979.23711630    0.00014044    6   B+   134
    2    0    0   36   13   23    2979.41153716    0.00009602    5   B+   144
    0    1    1   56    8   49    2979.55581712    0.00052639    2   B-    84
    2    0    0   45    5   41    2979.89955413    0.00010000    4   B-   122
    0    0    2   26    7   19    2981.08199438    0.00016862    4   B-   155
    2    1    0   24    1   23    2981.14359235    0.00016436    5   B+   153
    1    0    1   37    6   31    2981.20519894    0.00006832    4   A-   148
    2    1    0   20    6   14    2982.03167769    0.00020551    4   B-   156
    0    0    2   18   11    7    2982.08327493    0.00013416    5   B+   136
    2    1    0   16    8    8    2982.35332671    0.00016910    5   B+   139
    2    1    0   13    9    5    2982.49573840    0.00014187    6   B+   118
    1    0    1   24   14   11    2982.65302882    0.00008944    2   C-   154
    1    1    1    1    0    1    2982.75096521    0.00029687    2   B-    19
    2    0    0   32   15   17    2983.10578914    0.00011547    3   B-   152
    2    0    0   23   18    6    2983.35974608    0.00013192    4   B-   147
    2    1    0   25    1   25    2983.58806421    0.00024625    3   B-   161
    1    0    1   40    2   39    2983.95052150    0.00008165    3   A-   135
    1    0    1   34    9   26    2984.15254875    0.00006060    6   A+   159
    1    0    1   29   12   17    2984.49177536    0.00007716    6   A+   163
    0    0    2   23    9   15    2984.69856154    0.00019877    3   B-   159
    1    0    1   21   15    6    2985.42191431    0.00008752    6   A+   142
    1    0    1   17   16    1    2985.53607732    0.00015495    4   A-   142
    1    1    1    2    1    2    2985.60277135    0.00014142    2   B-    32
    1    1    1    3    0    3    2985.89755106    0.00022778    4   B-    37
    2    0    0   43    8   36    2985.95590478    0.00011930    5   B+   122
    1    0    1   31   11   20    2986.01342983    0.00012054    4   A-   150
    2    0    0   42    9   33    2986.08640722    0.00014142    2   B-   128
    2    0    0   38   12   26    2986.11629460    0.00011547    3   B-   148
    1    0    1   41    0   41    2986.15914789    0.00006325    4   A-   135
    0    0    2   15   12    4    2986.42089532    0.00015000    4   B-   118
    0    0    2   21   10   12    2986.56514241    0.00013416    5   B+   143
    0    0    2   30    2   28    2986.71592030    0.00017321    3   B-   165
    1    0    1   38    5   34    2987.70722765    0.00007858    4   A-   149
    1    1    1    3    1    2    2987.72991831    0.00014142    2   B-    24
    2    0    0   19   19    1    2988.19931462    0.00035518    2   B-   147
    0    0    2   25    8   18    2988.56270365    0.00015000    4   B-   151
    1    0    1   27   13   14    2988.65896801    0.00008931    6   A+   155
    2    0    0   46    3   43    2989.42916109    0.00014142    2   B-   116
    1    1    1    4    1    4    2989.83229450    0.00015855    3   B-    50
    2    1    0   24    2   22    2989.84408076    0.00018488    4   B-   165
    2    0    0   44    7   37    2990.32195068    0.00014142    2   B-   123
    2    0    0   41   10   32    2990.34044244    0.00015097    4   B-   128
    2    1    0   23    4   20    2990.42311080    0.00017096    4   B-   148
    1    1    1    2    2    1    2990.69307735    0.00022154    2   B-    19
    2    1    0   22    5   17    2990.84643647    0.00018446    7   B+   152
    2    1    0   19    7   13    2991.23959019    0.00015126    6   B+   148
    2    1    0   14    9    5    2991.33020248    0.00018126    5   B+   117
    2    0    0   27   17   11    2991.62227073    0.00010000    4   B-   162
    1    1    1    3    2    1    2992.59145300    0.00056171    2   B-    38
    0    0    2   31    2   30    2992.67259343    0.00021213    2   B-   152
    0    0    1   67   11   56    2992.69911360    0.00014142    2   C-    49
    2    1    0   17    8   10    2993.08507432    0.00017073    5   B+   129
    1    0    1   33   10   23    2993.27317056    0.00006312    5   A+   156
    2    0    0   30   16   14    2993.41880673    0.00014142    2   B-   167
    0    1    1   59    3   56    2993.61795635    0.00020000    1   C-    74
    1    1    1    5    1    4    2993.63345198    0.00013478    4   B-    42
    0    0    2   19   11    9    2994.11845243    0.00017321    3   B-   150
    1    0    1   39    3   36    2994.57004541    0.00009197    4   A-   135
    0    0    2   32    0   32    2995.02696703    0.00021213    2   B-   162
    1    1    1    4    2    3    2995.10630784    0.00032197    2   B-    37
    0    2    1   41    7   34    2995.28991282    0.00020000    1   C-   130
    2    1    0   21    6   16    2995.31527122    0.00014533    6   B+   145
    0    0    2   28    6   22    2995.37345997    0.00015313    5   B+   168
    0    0    2   30    3   27    2995.70928505    0.00015000    4   B-   158
    1    1    1    6    1    6    2996.46820333    0.00014142    2   B-    68
    0    0    2   29    5   25    2996.51382798    0.00015140    5   B+   166
    2    1    0   24    3   21    2996.53018683    0.00037923    2   B-   156
    0    0    2   16   12    4    2996.55623568    0.00015470    4   B-   140
    1    0    1   18   16    3    2996.93379850    0.00008008    5   A+   139
    2    1    0   25    2   24    2996.96552969    0.00018647    4   B-   153
    2    0    0   47    3   45    2997.44800820    0.00011501    5   B+   117
    0    0    2   27    7   21    2998.22826348    0.00015000    4   B-   163
    1    1    1    5    2    3    2998.30004000    0.00020703    2   B-    56
    2    0    0   45    6   40    2998.33552956    0.00023947    2   B-   118
    1    0    1   25   14   11    2998.47545585    0.00013136    4   A-   164
    2    0    0   24   18    6    2998.54037278    0.00011720    4   B-   166
    0    0    1   71    4   67    2998.54763007    0.00020000    1   C-    42
    2    0    0   40   11   29    2998.59718060    0.00011547    3   B-   138
    2    1    0   26    0   26    2998.89271277    0.00023961    3   B-   169
    1    0    1   22   15    8    2999.34835560    0.00008944    2   C-   161
    1    1    1    7    0    7    2999.62731521    0.00020000    1   C-    73
    0    0    2   24    9   15    2999.90921391    0.00013730    5   B+   157
    0    0    2   22   10   12    3000.50297288    0.00015715    4   B-   162
    2    0    0   35   14   22    3000.54374179    0.00014142    2   B-   146
    0    1    1   60    3   58    3000.63268022    0.00014142    2   B-    79
    2    1    0   15    9    7    3000.79684601    0.00015331    5   B+   131
    2    0    0   20   19    1    3000.85513533    0.00013448    3   B-   144
    1    1    1    3    3    0    3000.93374720    0.00014142    2   B-    25
    1    0    1   37    7   30    3001.42600076    0.00009361    5   A+   141
    1    0    1   36    8   29    3001.83360475    0.00006934    5   A+   147
    0    0    1   69    8   61    3001.83385138    0.00020000    1   C-    48
    1    1    1    6    2    5    3002.03727407    0.00014142    2   B-    55
    2    0    0   48    1   47    3002.13396448    0.00011547    3   B-   110
    1    1    1    7    1    6    3002.14389423    0.00017471    3   B-    60
    2    0    0   37   13   25    3002.80047200    0.00012559    4   B-   150
    1    1    1    4    3    2    3003.45895417    0.00029728    3   B-    51
    1    0    1   30   12   19    3003.47912325    0.00008165    3   A-   159
    1    0    1   40    3   38    3003.71090963    0.00011251    4   A-   143
    0    0    2   30    4   26    3003.83033243    0.00015344    4   B-   169
    2    1    0   20    7   13    3003.87586338    0.00030000    1   C-   145
    2    0    0   33   15   19    3003.96449547    0.00010339    4   B-   158
    2    0    0   49    1   49    3004.16677824    0.00014142    2   B-   109
    2    1    0   18    8   10    3004.45019286    0.00016520    5   B+   151
    0    1    1   61    1   60    3004.77999121    0.00026175    2   B-    69
    0    0    2   26    8   18    3005.05428850    0.00013416    5   B+   170
    1    0    1   38    6   33    3005.14314804    0.00006030    5   A+   143
    2    1    0   23    5   19    3005.41427354    0.00016198    5   B+   162
    1    1    1    8    1    8    3005.49899869    0.00016726    3   B-    86
    1    0    1   39    4   35    3005.64177490    0.00006944    5   A+   145
    2    0    0   46    4   42    3005.84926953    0.00017912    3   B-   123
    2    1    0   12   10    2    3006.13405489    0.00015566    4   B-   117
    1    0    1   32   11   22    3006.27176915    0.00008629    5   A+   164
    0    1    1   62    1   62    3006.29440704    0.00020000    1   C-    71
    1    0    1   35    9   26    3006.34138517    0.00007768    6   A+   149
    1    0    1   28   13   16    3006.37924203    0.00006655    5   A+   171
    1    1    1    5    3    2    3006.61704160    0.00012291    4   B-    43
    0    0    2   20   11    9    3006.78803729    0.00015000    4   B-   147
    0    0    2   31    3   29    3007.29444742    0.00019405    3   B-   165
    0    0    2   17   12    6    3007.32522489    0.00017321    3   B-   130
    0    0    2   13   13    1    3007.78450526    0.00017321    3   B-   120
    1    0    1   41    1   40    3008.55345893    0.00025860    4   A-   132
    0    0    1   72    4   69    3008.79458751    0.00020000    1   C-    39
    1    0    1   19   16    3    3008.96419557    0.00010000    1   C-   153
    2    1    0   25    3   23    3009.02107185    0.00019979    4   B-   166
    2    1    0   22    6   16    3009.23721344    0.00016863    5   B+   164
    2    0    0   28   17   11    3009.32710336    0.00009176    5   B+   159
    1    1    1    9    0    9    3010.11433324    0.00017664    3   B-    90
    1    1    1    6    3    4    3010.40773985    0.00013742    4   B-    69
    1    0    1   42    1   42    3010.75939290    0.00009853    4   A-   137
    2    0    0   39   12   28    3010.77685701    0.00011547    3   B-   138
    2    1    0   16    9    7    3010.89540532    0.00013729    6   B+   130
    1    1    1    8    2    7    3011.47231593    0.00014142    2   B-    73
    0    0    2   32    1   31    3012.03455516    0.00017321    3   B-   157
    2    1    0   26    1   25    3012.52346188    0.00013068    6   B+   160
    2    0    0   31   16   16    3013.01602291    0.00010000    4   B-   155
    1    1    1    9    1    8    3013.24187635    0.00013642    3   B-    77
    2    0    0   43    9   35    3013.35320209    0.00011547    3   B-   131
    0    0    2   29    6   24    3013.82196398    0.00017321    3   B-   157
    1    0    1   23   15    8    3013.90798894    0.00007602    5   A+   150
    2    0    0   44    8   36    3013.93593970    0.00011012    5   B+   132
    2    0    0   21   19    3    3014.14261797    0.00011547    3   B-   156
    2    1    0   13   10    4    3014.33865009    0.00038529    2   B-   108
    2    0    0   25   18    8    3014.35319585    0.00010326    4   B-   154
    0    0    2   33    1   33    3014.44980001    0.00021213    2   B-   162
    2    1    0   27    1   27    3014.80007705    0.00021213    2   B-   165
    1    0    1   34   10   25    3014.80987640    0.00006325    4   A-   152
    1    1    1    7    3    4    3014.83542406    0.00018359    3   B-    61
    1    0    1   26   14   13    3014.93144604    0.00017146    4   A-   161
    0    0    2   23   10   14    3015.07586616    0.00015000    4   B-   151
    1    1    1    4    4    1    3015.13813221    0.00020000    1   C-    38
    0    0    2   25    9   17    3015.75598968    0.00013416    5   B+   167
    1    0    1   39    5   34    3015.80108921    0.00028146    3   A-   140
    0    0    2   28    7   21    3016.01554772    0.00014556    5   B+   160
    0    0    2   30    5   25    3016.05014649    0.00013761    5   B+   162
    2    1    0   19    8   12    3016.44756322    0.00013416    5   B+   140
    0    0    2   14   13    1    3016.65456201    0.00019700    3   B-   119
    1    1    1   10    1   10    3016.91100903    0.00015034    4   B-   103
    2    0    0   42   10   32    3016.93664189    0.00011547    3   B-   138
    2    1    0   21    7   15    3017.14712419    0.00024395    3   B-   157
    1    1    1    9    2    7    3017.50957320    0.00016344    3   B-    92
    2    0    0   46    5   41    3017.65192933    0.00015757    3   B-   119
    1    1    1    5    4    1    3018.29259580    0.00016299    3   B-    57
    0    0    2   18   12    6    3018.72824291    0.00015000    4   B-   152
    2    0    0   45    7   39    3018.78028711    0.00017494    3   B-   125
    2    0    0   47    4   44    3019.11657887    0.00020285    2   B-   111
    1    1    1    8    3    6    3019.88957396    0.00016652    4   B-    87
    0    0    2   21   11   11    3020.09131032    0.00015690    4   B-   159
    2    1    0   24    5   19    3020.68210348    0.00019189    4   B-   160
    0    0    2   31    4   28    3020.89510358    0.00016036    5   B+   157
    1    0    1   40    4   37    3021.40921592    0.00006325    4   A-   140
    2    1    0   25    4   22    3021.53537592    0.00015899    6   B+   155
    2    1    0   17    9    9    3021.62583935    0.00019412    5   B+   144
    1    0    1   20   16    5    3021.62874741    0.00006239    6   A+   150
    0    2    1   42    7   36    3022.06823507    0.00020000    1   C-   140
    1    1    1    6    4    3    3022.08227683    0.00013151    3   B-    56
    0    0    2   27    8   20    3022.18356616    0.00021213    2   B-   158
    2    1    0   26    2   24    3022.65715168    0.00011798    7   B+   172
    1    1    1   11    0   11    3022.94924924    0.00017612    3   B-   106
    1    0    1   31   12   19    3023.09973490    0.00006839    6   A+   167
    2    1    0   14   10    4    3023.17344874    0.00012203    8   B+   131
    2    0    0   36   14   22    3023.29840563    0.00010000    4   B-   158
    1    1    1   10    2    9    3023.40130527    0.00014142    2   B-    90
    2    1    0   23    6   18    3023.79504115    0.00013495    7   B+   153
    2    0    0   41   11   31    3024.53792307    0.00012260    4   B-   141
    1    0    1   29   13   16    3024.73241637    0.00008944    2   C-   160
    1    0    1   37    8   29    3025.33183685    0.00009837    6   A+   153
    2    0    0   34   15   19    3025.45506561    0.00010274    4   B-   154
    1    0    1   38    7   32    3025.59032586    0.00006376    5   A+   152
    1    1    1    9    3    6    3025.59898996    0.00013396    5   B+    78
    0    0    2   15   13    3    3026.15835736    0.00017321    3   B-   133
    0    0    2   32    2   30    3026.43124037    0.00018859    4   B-   167
    2    0    0   48    2   46    3026.64210476    0.00014400    3   B-   119
    2    0    0   38   13   25    3026.82193107    0.00011547    3   B-   146
    1    1    1   11    1   10    3026.89916722    0.00014874    4   B-    94
    1    0    1   33   11   22    3027.16488474    0.00007349    4   A-   153
    2    0    0   29   17   13    3027.66408603    0.00011547    3   B-   167
    2    0    0   22   19    3    3028.06264423    0.00013735    5   B+   153
    1    0    1   41    2   39    3028.79078592    0.00006722    4   A-   142
    2    1    0   20    8   12    3029.07830126    0.00016272    5   B+   161
    1    0    1   24   15   10    3029.10035092    0.00009081    5   A+   169
    1    0    1   36    9   28    3029.16907311    0.00010426    6   A+   161
    2    1    0   27    2   26    3029.32768846    0.00021213    2   B-   160
    2    0    0   46    6   40    3030.22742873    0.00013357    3   B-   128
    0    0    2   24   10   14    3030.28343507    0.00014257    5   B+   170
    1    0    1   39    6   33    3030.56875237    0.00009044    5   A+   149
    1    1    1   12    1   12    3030.68984646    0.00013141    3   B-   119
    0    0    2   19   12    8    3030.76492149    0.00020460    3   B-   141
    2    0    0   26   18    8    3030.79784239    0.00010000    4   B-   173
    2    1    0   22    7   15    3031.05370685    0.00015451    5   B+   154
    1    1    1   11    2    9    3031.08758080    0.00033566    4   B-   108
    0    0    1   64   15   50    3031.18693048    0.00014142    2   C-    65
    2    1    0   28    0   28    3031.26543867    0.00017864    5   B+   174
    2    0    0   49    2   48    3031.33476761    0.00013123    4   B-   109
    1    1    1    8    4    5    3031.55833872    0.00013667    5   B+    74
    1    1    1   10    3    8    3031.91004470    0.00014861    3   B-   104
    1    0    1   27   14   13    3032.01971632    0.00008944    2   C-   170
    0    0    2   33    2   32    3032.09764100    0.00021213    2   B-   154
    0    0    2   26    9   17    3032.23864958    0.00015000    4   B-   164
    2    1    0   15   10    6    3032.64058639    0.00021213    2   B-   122
    0    0    2   30    6   24    3032.96053294    0.00013416    5   B+   173
    2    1    0   18    9    9    3032.98917545    0.00021213    2   B-   142
    2    0    0   32   16   16    3033.24496086    0.00017078    3   B-   169
    1    1    1    5    5    0    3033.29548253    0.00018371    4   B-    44
    2    0    0   50    0   50    3033.35605632    0.00014142    2   B-   111
    2    1    0   11   11    1    3033.68169574    0.00019273    4   B-   109
    1    0    1   42    2   41    3033.74443702    0.00006325    4   A-   135
    0    0    2   22   11   11    3034.02903006    0.00014204    5   B+   156
    0    0    2   29    7   23    3034.44266715    0.00015710    4   B-   168
    0    0    2   34    0   34    3034.44892721    0.00021206    3   B-   164
    1    0    1   21   16    5    3034.92596827    0.00010855    6   A+   162
    0    0    2   31    5   27    3035.44226803    0.00017321    3   B-   170
    1    0    1   43    0   43    3035.93657033    0.00006325    4   A-   135
    2    0    0   40   12   28    3036.07147041    0.00013609    3   B-   148
    0    0    2   16   13    3    3036.29611943    0.00017321    3   B-   132
    2    1    0   25    5   21    3036.50958150    0.00013414    7   B+   170
    0    0    2   32    3   29    3036.75777314    0.00017321    3   B-   162
    1    0    1   35   10   25    3036.98295280    0.00006325    4   A-   158
    1    1    1    6    5    2    3037.08310747    0.00014142    2   B-    70
    1    1    1    9    4    5    3037.24700864    0.00012008    3   B-    93
    1    1    1   12    2   11    3037.80959957    0.00031631    4   B-   106
    1    0    1   40    5   36    3038.00110846    0.00006910    4   A-   150
    1    0    1   17   17    0    3038.06439294    0.00020000    1   C-   134
    1    1    1   13    0   13    3038.09438144    0.00016654    3   B-   122
    0    0    1   70    8   63    3038.68648610    0.00020000    1   C-    46
    2    0    0   47    5   43    3038.71127827    0.00020354    3   B-   122
    1    1    1   11    3    8    3038.92563991    0.00017873    4   B-    95
    2    1    0   24    6   18    3038.99372292    0.00013552    7   B+   172
    0    0    2   28    8   20    3039.95078951    0.00015000    4   B-   175
    2    1    0   12   11    1    3041.25503095    0.00021213    2   B-   107
    2    0    0   44    9   35    3041.26218649    0.00014456    3   B-   128
    1    1    1    7    5    2    3041.50421655    0.00013391    5   B+    62
    2    1    0   27    3   25    3042.27504921    0.00016539    4   B-   172
    2    1    0   21    8   14    3042.34286670    0.00027278    2   B-   150
    2    0    0   45    8   38    3042.52418795    0.00016071    3   B-   122
    2    0    0   23   19    5    3042.61508877    0.00011607    4   B-   164
    2    1    0   16   10    6    3042.73832845    0.00021213    2   B-   144
    0    1    1   59    5   54    3042.77833339    0.00020000    1   C-    77
    1    1    1   13    1   12    3043.07629183    0.00018731    4   B-   110
    1    0    1   32   12   21    3043.35464300    0.00014905    3   A-   163
    0    0    2   20   12    8    3043.43577646    0.00013416    5   B+   162
    1    1    1   10    4    7    3043.56963852    0.00010966    4   B-    91
    1    0    1   30   13   18    3043.71934003    0.00006325    4   A-   176
    2    0    0   43   10   34    3044.17049540    0.00012949    5   B+   128
    1    0    1   25   15   10    3044.92582446    0.00009221    2   C-   157
    2    1    0   19    9   11    3044.98439127    0.00018749    4   B-   156
    0    0    2   32    4   28    3045.01021440    0.00013416    5   B+   172
    2    1    0   23    7   17    3045.59585893    0.00013895    7   B+   165
    1    0    1   41    3   38    3045.95808317    0.00011294    4   A-   136
    0    0    2   25   10   16    3046.12619661    0.00015000    4   B-   158
    1    1    1   12    3   10    3046.46989650    0.00018399    2   B-   120
    1    1    1    8    5    4    3046.55553100    0.00032705    3   B-    88
    2    0    0   30   17   13    3046.63282595    0.00010000    4   B-   163
    2    0    0   37   14   24    3046.68534794    0.00011547    3   B-   148
    1    1    1   14    1   14    3046.82278387    0.00016418    3   B-   133
    0    0    2   17   13    5    3047.06730637    0.00015000    4   B-   146
    1    1    1   13    2   11    3047.34221362    0.00012541    5   B+   124
    2    0    0   35   15   21    3047.57796298    0.00011547    3   B-   160
    0    0    2   33    3   31    3047.80049582    0.00030000    1   C-   167
    2    0    0   27   18   10    3047.87485381    0.00011298    4   B-   161
    2    1    0   29    1   29    3048.32147055    0.00013416    5   B+   170
    2    0    0   46    7   39    3048.48641480    0.00011547    3   B-   123
    0    0    2   23   11   13    3048.60095303    0.00015276    5   B+   167
    2    0    0   48    3   45    3048.61851065    0.00014142    2   B-   115
    1    0    1   34   11   24    3048.69278958    0.00008392    4   A-   166
    1    0    1   22   16    7    3048.85586018    0.00009585    4   A-   159
    0    0    2   27    9   19    3049.35785422    0.00016632    4   B-   173
    2    1    0   13   11    3    3049.46017311    0.00012515    8   B+   125
    1    0    1   18   17    2    3049.46565752    0.00031292    2   B-   156
    1    0    1   38    8   31    3049.46909782    0.00008944    2   C-   148
    1    0    1   28   14   15    3049.74191664    0.00006325    4   A-   167
    1    0    1   39    7   32    3050.47570376    0.00008439    4   A-   143
    1    1    1   11    4    7    3050.52882149    0.00020000    1   C-   110
    2    0    0   42   11   31    3051.11388209    0.00009855    5   B+   138
    2    0    0   39   13   27    3051.47666122    0.00012455    3   B-   151
    1    1    1    9    5    4    3052.24206779    0.00018823    3   B-    80
    0    0    1   62   17   46    3052.42982160    0.00014142    2   C-    76
    1    0    1   37    9   28    3052.63502048    0.00009119    4   A-   151
    0    0    2   34    1   33    3052.64390566    0.00021213    2   B-   159
    0    0    2   31    6   26    3052.68229398    0.00015000    4   B-   161
    2    1    0   26    5   21    3053.10875261    0.00018134    4   B-   167
    2    1    0   17   10    8    3053.46960795    0.00021213    2   B-   135
    0    0    2   30    7   23    3053.51349150    0.00021682    3   B-   165
    2    0    0   33   16   18    3054.10604057    0.00012101    4   B-   157
    1    1    1   14    2   13    3054.67784501    0.00015230    4   B-   122
    1    0    1   42    3   40    3054.67802714    0.00027315    3   A-   143
    2    1    0   25    6   20    3054.82801802    0.00012853    7   B+   160
    1    1    1   13    3   10    3054.84041607    0.00023950    2   B-   111
    0    0    2   35    1   35    3055.02885592    0.00017321    3   B-   163
    2    1    0   27    4   24    3055.18194863    0.00020311    4   B-   162
    1    1    1    6    6    1    3055.40044311    0.00022871    3   B-    57
    1    1    1   15    0   15    3055.53499368    0.00013506    4   B-   136
    1    0    1   40    6   35    3055.56253785    0.00009114    5   A+   144
    2    1    0   22    8   14    3056.24079384    0.00014228    6   B+   169
    2    0    0   49    3   47    3056.45408666    0.00014142    2   B-   117
    0    0    2   32    5   27    3056.56871551    0.00016687    4   B-   166
    0    0    2   21   12   10    3056.74023271    0.00017321    3   B-   151
    2    0    0   47    6   42    3057.61164714    0.00013053    4   B-   118
    2    1    0   20    9   11    3057.61184887    0.00015291    5   B+   153
    2    0    0   24   19    5    3057.79969100    0.00014142    2   B-   161
    2    1    0   28    2   26    3057.80411281    0.00015985    5   B+   177
    1    1    1   12    4    9    3058.12092072    0.00018873    3   B-   108
    2    1    0   14   11    3    3058.29611619    0.00019450    3   B-   123
    0    0    2   29    8   22    3058.35649484    0.00016950    4   B-   163
    1    0    1   41    4   37    3058.43556860    0.00009622    2   C-   145
    0    0    2   18   13    5    3058.47253534    0.00015000    4   B-   144
    1    1    1   10    5    6    3058.56126889    0.00014214    3   B-   106
    0    0    2   14   14    0    3059.46543690    0.00018595    3   B-   134
    1    0    1   43    1   42    3059.50367517    0.00007120    4   A-   132
    1    0    1   36   10   27    3059.79241065    0.00009176    4   A-   154
    1    1    1    7    6    1    3059.82086556    0.00013713    3   B-    76
    2    1    0   24    7   17    3060.77367501    0.00016477    5   B+   162
    2    0    0   50    1   49    3061.10916568    0.00013034    3   B-   108
    1    0    1   26   15   12    3061.38482832    0.00007176    5   A+   176
    1    0    1   19   17    2    3061.50049163    0.00011132    4   A-   145
    1    0    1   44    1   44    3061.69089944    0.00007565    4   A-   137
    1    1    1   15    1   14    3061.72191442    0.00017718    5   B+   124
    2    0    0   41   12   30    3061.99973735    0.00010604    4   B-   139
    0    0    2   33    4   30    3062.14520913    0.00021213    2   B-   159
    0    0    2   26   10   16    3062.60420109    0.00014968    5   B+   177
    2    0    0   20   20    0    3063.08584090    0.00014142    2   B-   166
    2    0    0   51    1   51    3063.12153831    0.00014142    2   B-   109
    1    0    1   31   13   18    3063.33958290    0.00005164    6   A+   164
    1    0    1   23   16    7    3063.41939650    0.00010870    4   A-   170
    1    1    1   14    3   12    3063.56945128    0.00011945    6   B+   135
    0    0    2   24   11   13    3063.80753062    0.00015000    4   B-   164
    2    1    0   29    2   28    3064.01859373    0.00017149    7   B+   165
    1    0    1   33   12   21    3064.24346665    0.00006233    5   A+   169
    2    1    0   18   10    8    3064.83177453    0.00013260    6   B+   157
    1    1    1    8    6    3    3064.87184681    0.00013405    5   B+    75
    1    1    1   16    1   16    3065.29669644    0.00018191    4   B-   146
    1    1    1   11    5    6    3065.51255961    0.00012815    3   B-    97
    2    0    0   28   18   10    3065.58395682    0.00011547    3   B-   178
    2    1    0   28    3   25    3065.76700197    0.00015955    5   B+   169
    1    1    1   15    2   13    3066.26749856    0.00033614    4   B-   138
    1    1    1   13    4    9    3066.35638571    0.00015602    5   B+   126
    2    0    0   48    4   44    3066.70276248    0.00013580    3   B-   123
    0    0    2   28    9   19    3067.11351923    0.00013416    5   B+   170
    2    1    0   15   11    5    3067.76479541    0.00021213    2   B-   139
    0    1    1   61    3   58    3067.94373135    0.00020000    1   C-    74
    1    0    1   29   14   15    3068.09665591    0.00013597    4   A-   175
    0    0    2   34    2   32    3068.39805437    0.00016232    4   B-   169
    1    0    1   41    5   36    3068.65965755    0.00006261    5   A+   141
    0    0    2   15   14    2    3068.97174793    0.00022315    3   B-   125
    2    0    0   45    9   37    3069.80956163    0.00013023    3   B-   131
    2    1    0   27    5   23    3070.17299797    0.00020331    4   B-   176
    2    0    0   36   15   21    3070.33253064    0.00009655    5   B+   156
    0    0    2   19   13    7    3070.51133279    0.00015176    5   B+   158
    1    1    1    9    6    3    3070.55543401    0.00038431    3   B-    94
    0    0    2   22   12   10    3070.67898204    0.00013416    5   B+   171
    2    0    0   38   14   24    3070.70450583    0.00010000    4   B-   158
    2    1    0   23    8   16    3070.77320258    0.00015016    5   B+   158
    1    0    1   35   11   24    3070.85539103    0.00020432    3   A-   155
    2    1    0   21    9   13    3070.87259668    0.00013416    5   B+   166
    2    1    0   26    6   20    3071.30844276    0.00014642    7   B+   179
    2    0    0   46    8   38    3071.81157003    0.00010000    4   B-   132
    2    0    0   44   10   34    3072.04168936    0.00012269    5   B+   138
    1    1    1   12    5    8    3073.09846408    0.00012625    4   B-   122
    0    0    2   32    6   26    3073.14611122    0.00014509    5   B+   176
    0    0    2   31    7   25    3073.22344574    0.00017321    3   B-   173
    1    1    1   15    3   12    3073.37848158    0.00015760    4   B-   126
    1    0    1   42    4   39    3073.45901225    0.00012306    4   A-   140
    2    0    0   25   19    7    3073.61721152    0.00010000    4   B-   172
    0    0    2   35    2   34    3073.84043063    0.00016777    4   B-   156
    1    1    1   16    2   15    3073.98726044    0.00016127    5   B+   136
    1    0    1   20   17    4    3074.16855211    0.00008944    2   C-   167
    1    0    1   39    8   31    3074.25326366    0.00006325    4   A-   154
    1    1    1   14    4   11    3075.21849586    0.00011763    5   B+   124
    1    1    1   17    0   17    3075.26653103    0.00022790    4   B-   149
    2    0    0   34   16   18    3075.59912112    0.00014142    2   B-   171
    1    0    1   40    7   34    3075.90732883    0.00010904    6   A+   153
    0    0    2   36    0   36    3076.18536877    0.00021213    2   B-   166
    2    1    0   25    7   19    3076.58780632    0.00015149    5   B+   173
    1    0    1   38    9   30    3076.73960363    0.00006325    4   A-   162
    2    0    0   40   13   27    3076.76432179    0.00011137    4   B-   147
    2    1    0   19   10   10    3076.82604959    0.00017723    4   B-   146
    1    1    1   10    6    5    3076.87270731    0.00036621    3   B-    92
    0    0    2   33    5   29    3076.93704273    0.00013416    5   B+   172
    0    0    2   30    8   22    3077.40128517    0.00013416    5   B+   180
    2    1    0   16   11    5    3077.86337583    0.00018782    3   B-   137
    2    1    0   29    3   27    3077.93993131    0.00017965    4   B-   177
    2    0    0   47    7   41    3078.07232334    0.00012416    4   B-   124
    2    0    0   43   11   33    3078.32513723    0.00014809    3   B-   141
    1    0    1   27   15   12    3078.47638573    0.00008901    4   A-   164
    1    0    1   24   16    9    3078.61519834    0.00024945    3   A-   167
    0    0    2   16   14    2    3079.11205716    0.00017321    3   B-   147
    2    0    0   49    4   46    3079.29894149    0.00011547    3   B-   111
    2    1    0   12   12    0    3079.63256094    0.00030000    1   C-   123
    0    0    2   25   11   15    3079.64864568    0.00015000    4   B-   175
    2    0    0   48    5   43    3079.67718307    0.00020000    1   C-   119
    0    0    2   27   10   18    3079.71746883    0.00021213    2   B-   165
    0    0    2   34    3   31    3080.20806815    0.00017321    3   B-   164
    1    0    1   43    2   41    3080.95916763    0.00009356    5   A+   142
    1    1    1   13    5    8    3081.31992415    0.00044979    2   B-   113
    1    1    1    7    7    0    3081.44050345    0.00018794    2   B-    63
    1    0    1   41    6   35    3082.64176918    0.00017707    4   A-   149
    1    1    1   17    1   16    3082.77729280    0.00017419    3   B-   137
    0    0    2   20   13    7    3083.18441226    0.00015000    4   B-   155
    1    1    1   16    3   14    3083.20232738    0.00011589    5   B+   148
    1    0    1   37   10   27    3083.23859546    0.00006946    6   A+   159
    1    0    1   32   13   20    3083.59420849    0.00007071    2   B-   179
    1    1    1   11    6    5    3083.82373983    0.00034358    3   B-   111
    2    0    0   29   18   12    3083.92512332    0.00010000    4   B-   166
    2    1    0   31    1   31    3084.15036251    0.00015977    4   B-   175
    1    1    1   15    4   11    3084.73965071    0.00008944    5   B+   140
    2    1    0   22    9   13    3084.76531235    0.00023174    4   B-   163
    0    0    2   23   12   12    3085.25190739    0.00015000    4   B-   160
    0    0    2   29    9   21    3085.50596072    0.00017321    3   B-   178
    1    0    1   34   12   23    3085.76662413    0.00007446    4   A-   165
    1    0    1   44    2   43    3085.84598741    0.00008725    4   A-   135
    2    1    0   24    8   16    3085.93947148    0.00017321    3   B-   177
    1    1    1   18    1   18    3086.10170042    0.00021107    2   B-   159
    2    0    0   32   17   15    3086.46608654    0.00010000    4   B-   167
    1    1    1    8    7    2    3086.49233974    0.00016682    2   B-    89
    2    0    0   50    2   48    3086.80756061    0.00027512    2   B-   119
    1    0    1   21   17    4    3087.46997770    0.00012019    3   A-   156
    1    1    1   17    2   15    3087.83549869    0.00017412    4   B-   151
    2    1    0   13   12    2    3087.83878832    0.00024574    2   B-   114
    1    0    1   45    0   45    3088.02138329    0.00021281    2   B-   135
    2    1    0   27    6   22    3088.42009866    0.00015604    5   B+   167
    2    0    0   42   12   30    3088.56222536    0.00010000    4   B-   148
    2    1    0   17   11    7    3088.59441085    0.00016135    5   B+   152
    0    0    2   34    4   30    3088.89565751    0.00017321    3   B-   174
    2    1    0   20   10   10    3089.45280830    0.00012247    6   B+   168
    0    0    2   17   14    4    3089.88586979    0.00016161    4   B-   138
    2    0    0   26   19    7    3090.06670405    0.00010712    4   B-   168
    1    1    1   14    5   10    3090.17590945    0.00015889    4   B-   138
    2    0    0   22   20    2    3090.30232153    0.00012136    4   B-   175
    0    0    2   35    3   33    3090.65978605    0.00016673    4   B-   168
    1    0    1   42    5   38    3090.77538078    0.00006408    4   A-   150
    2    1    0   29    4   26    3091.34943983    0.00023743    2   B-   167
    1    1    1   12    6    7    3091.40516146    0.00023995    3   B-   109
    2    0    0   51    2   50    3091.46064050    0.00011547    3   B-   108
    2    0    0   48    6   42    3091.90637747    0.00018618    2   B-   128
    2    1    0   26    7   19    3093.03860793    0.00030499    2   B-   169
    2    0    0   52    0   52    3093.46210213    0.00014687    3   B-   111
    0    0    2   32    7   25    3093.58123826    0.00015000    4   B-   169
    1    0    1   36   11   26    3093.65392508    0.00008944    2   C-   168
    2    0    0   37   15   23    3093.71934821    0.00011282    4   B-   162
    0    0    2   33    6   28    3094.12617367    0.00018834    4   B-   164
    1    0    1   25   16    9    3094.44542728    0.00008944    2   C-   178
    1    1    1   17    3   14    3094.57892399    0.00015218    5   B+   139
    1    1    1   16    4   13    3094.86806874    0.00013319    4   B-   138
    2    1    0   30    2   28    3095.23436237    0.00017321    3   B-   182
    2    0    0   39   14   26    3095.35610136    0.00017279    3   B-   149
    0    0    2   36    1   35    3095.55985919    0.00017321    3   B-   161
    1    1    1   18    2   17    3095.71581987    0.00012928    6   B+   148
    0    0    2   26   11   15    3096.12449814    0.00018041    4   B-   171
    1    0    1   28   15   14    3096.20098777    0.00006197    5   A+   181
    0    0    2   21   13    9    3096.49115525    0.00015000    4   B-   168
    0    0    2   31    8   24    3097.08528387    0.00013815    5   B+   167
    1    1    1   19    0   19    3097.29290856    0.00013155    4   B-   161
    0    0    2   28   10   18    3097.46654055    0.00014558    5   B+   182
    2    0    0   35   16   20    3097.72385779    0.00011006    4   B-   159
    0    0    2   37    1   37    3097.92128948    0.00019063    4   B-   163
    1    1    1   10    7    4    3098.49307962    0.00042324    4   B-   107
    2    0    0   46    9   37    3099.00220040    0.00015613    3   B-   128
    2    1    0   23    9   15    3099.29224565    0.00017321    3   B-   174
    1    0    1   43    3   40    3099.56939832    0.00011394    4   A-   134
    1    1    1   13    6    7    3099.62190825    0.00045882    2   B-   127
    1    1    1   15    5   10    3099.66801875    0.00011282    5   B+   129
    1    0    1   40    8   33    3099.67369857    0.00014269    3   A-   149
    0    0    2   34    5   29    3099.81752707    0.00019798    3   B-   168
    2    0    0   49    5   45    3099.91392361    0.00011764    4   B-   122
    2    1    0   18   11    7    3099.95759912    0.00021213    2   B-   149
    0    0    2   24   12   12    3100.45901360    0.00013416    5   B+   179
    2    0    0   45   10   36    3100.55168142    0.00011945    3   B-   128
    2    1    0   31    2   30    3101.02993686    0.00017321    3   B-   169
    0    0    2   18   14    4    3101.29414515    0.00021213    2   B-   160
    1    0    1   22   17    6    3101.40413980    0.00012934    3   A-   176
    1    0    1   39    9   30    3101.48422128    0.00008736    3   A-   152
    2    0    0   47    8   40    3101.67331403    0.00012704    3   B-   122
    2    1    0   25    8   18    3101.74051552    0.00016296    5   B+   166
    1    0    1   41    7   34    3102.13250607    0.00008655    4   A-   144
    2    0    0   41   13   29    3102.68515357    0.00018998    2   B-   151
    2    1    0   21   10   12    3102.71136534    0.00015000    4   B-   157
    2    0    0   30   18   12    3102.89822313    0.00012002    4   B-   183
    2    1    0   30    3   27    3104.25582363    0.00030000    1   C-   174
    1    0    1   33   13   20    3104.48087088    0.00005859    6   A+   167
    0    0    2   30    9   21    3104.53588823    0.00013416    5   B+   175
    1    0    1   18   18    1    3105.00924666    0.00017228    3   A-   150
    1    1    1   18    3   16    3105.35843425    0.00022267    4   B-   161
    1    1    1   11    7    4    3105.44087053    0.00014142    2   B-    98
    1    1    1   17    4   13    3105.69355211    0.00034498    4   B-   153
    0    0    2   35    4   32    3105.84796793    0.00021213    2   B-   161
    2    1    0   15   12    4    3106.14564284    0.00021213    2   B-   130
    2    0    0   44   11   33    3106.17231311    0.00015840    3   B-   138
    1    1    1   19    1   18    3106.18432392    0.00016576    5   B+   149
    2    1    0   28    6   22    3106.18925360    0.00013196    6   B+   184
    2    1    0   29    5   25    3106.40555381    0.00016275    5   B+   181
    1    0    1   31   14   17    3106.70609328    0.00008755    4   A-   180
    2    0    0   27   19    9    3107.14833844    0.00011547    3   B-   179
    1    0    1   38   10   29    3107.32154277    0.00009598    6   A+   155
    2    0    0   33   17   17    3107.33040068    0.00011547    3   B-   173
    1    0    1   35   12   23    3107.92353552    0.00015228    4   A-   171
    1    0    1   44    3   42    3107.95678344    0.00011703    4   A-   143
    1    1    1   14    6    9    3108.47128957    0.00039369    3   B-   125
    1    0    1   42    6   37    3108.55183820    0.00016784    3   A-   144
    1    1    1   20    1   20    3109.23295844    0.00018813    4   B-   171
    2    0    0   48    7   41    3109.33172092    0.00014142    2   B-   122
    1    1    1   16    5   12    3109.79640162    0.00012924    4   B-   151
    2    0    0   50    3   47    3110.06669410    0.00011547    3   B-   115
    2    1    0   27    7   21    3110.12800320    0.00014272    5   B+   180
    0    0    2   22   13    9    3110.43188411    0.00013416    5   B+   165
    1    0    1   26   16   11    3110.90739820    0.00009542    2   C-   174
    1    1    1    8    8    1    3111.40411514    0.00026248    2   B-    77
    2    1    0   19   11    9    3111.95201247    0.00014344    5   B+   163
    1    1    1   19    2   17    3112.00645555    0.00010000    4   B-   164
    0    0    2   36    2   34    3112.62229339    0.00017321    3   B-   171
    1    0    1   45    1   44    3112.76004397    0.00008680    4   A-   132
    0    1    1   63    2   61    3112.89082012    0.00020000    1   C-    74
    1    1    1   12    7    6    3113.02248109    0.00015572    4   B-   124
    0    0    2   27   11   17    3113.23523174    0.00015000    4   B-   182
    0    0    2   19   14    6    3113.33617211    0.00015000    4   B-   150
    1    0    1   43    4   39    3113.61869144    0.00012725    4   A-   145
    2    1    0   24    9   15    3114.45235005    0.00015995    6   B+   171
    0    0    1   66   15   52    3114.50639048    0.00014142    2   C-    68
    1    0    1   29   15   14    3114.55885013    0.00006791    4   A-   169
    0    0    2   33    7   27    3114.57488426    0.00017060    4   B-   175
    1    0    1   46    1   46    3114.93027113    0.00007877    4   A-   137
    2    0    0   43   12   32    3115.75894114    0.00014343    4   B-   139
    0    0    2   29   10   20    3115.85130958    0.00017321    3   B-   170
    0    0    2   34    6   28    3115.94672390    0.00015758    4   B-   178
    1    0    1   23   17    6    3115.97136049    0.00006237    6   A+   165
    2    1    0   31    3   29    3115.99137724    0.00021821    4   B-   182
    2    1    0   16   12    4    3116.24675359    0.00021213    2   B-   153
    0    0    2   25   12   14    3116.30037414    0.00017850    3   B-   168
    2    1    0   22   10   12    3116.60243064    0.00039431    2   B-   177
    1    0    1   19   18    1    3117.04818173    0.00010000    1   C-   165
    1    1    1   18    4   15    3117.07293706    0.00012409    4   B-   151
    1    1    1    9    8    1    3117.08749945    0.00015265    4   B-    96
    0    0    2   32    8   24    3117.40927591    0.00013416    5   B+   184
    2    0    0   38   15   23    3117.73826776    0.00010871    4   B-   157
    2    0    0   51    3   49    3117.76161227    0.00011547    3   B-   116
    0    0    2   37    2   36    3117.89917618    0.00018325    4   B-   158
    1    1    1   15    6    9    3117.95604397    0.00010651    5   B+   142
    2    1    0   26    8   18    3118.17665494    0.00015382    4   B-   185
    0    1    1   65    0   65    3118.44875939    0.00014142    2   B-    69
    1    1    1   19    3   16    3118.47716686    0.00023152    4   B-   151
    2    0    0   49    6   44    3119.39538948    0.00014142    2   B-   119
    1    1    1   20    2   19    3119.84373335    0.00020000    1   C-   159
    2    0    0   24   20    4    3120.04911484    0.00010489    4   B-   183
    0    0    2   38    0   38    3120.23499277    0.00017321    3   B-   167
    2    0    0   36   16   20    3120.48044831    0.00014491    3   B-   173
    1    1    1   17    5   12    3120.56347142    0.00013298    4   B-   142
    2    0    0   40   14   26    3120.64041425    0.00010000    4   B-   159
    0    0    2   35    5   31    3120.98537536    0.00017321    3   B-   174
    1    1    1   13    7    6    3121.23623081    0.00013199    4   B-   115
    1    1    1   21    0   21    3121.61886994    0.00018481    3   B-   171
    2    0    0   52    1   51    3122.38627827    0.00010248    4   B-   108
    2    0    0   31   18   14    3122.50325978    0.00010950    4   B-   170
    1    1    1   10    8    3    3123.40353357    0.00014142    2   B-    95
    0    0    2   31    9   23    3124.20273826    0.00021213    2   B-   183
    1    0    1   43    5   38    3124.23967311    0.00006474    4   A-   141
    2    0    0   53    1   53    3124.37880480    0.00011547    3   B-   109
    2    1    0   29    6   24    3124.57689006    0.00014537    6   B+   172
    2    1    0   20   11    9    3124.57859638    0.00021213    2   B-   160
    2    0    0   28   19    9    3124.86200039    0.00010000    4   B-   175
    0    0    2   16   15    1    3124.98166214    0.00020182    3   B-   139
    0    0    2   23   13   11    3125.00638307    0.00017321    3   B-   176
    1    0    1   41    8   33    3125.74813687    0.00006325    4   A-   154
    2    1    0   30    5   25    3125.82274031    0.00016727    4   B-   178
    0    0    2   36    3   33    3125.98893204    0.00017321    3   B-   166
    1    0    1   34   13   22    3126.00181906    0.00007086    6   A+   181
    0    0    2   20   14    6    3126.01172711    0.00016541    4   B-   172
    1    0    1   40    9   32    3126.86749969    0.00010656    4   A-   163
    1    0    1   32   14   19    3126.96058121    0.00008498    5   A+   176
    2    1    0   17   12    6    3126.97893010    0.00030000    1   C-   144
    2    1    0   28    7   21    3127.85484721    0.00013719    7   B+   176
    1    0    1   44    4   41    3127.85951701    0.00009655    5   A+   140
    1    0    1   27   16   11    3128.00283787    0.00006021    6   A+   185
    1    1    1   16    6   11    3128.07485485    0.00018626    4   B-   140
    1    0    1   42    7   36    3128.81166490    0.00012378    4   A-   153
    2    0    0   34   17   17    3128.82664286    0.00016301    3   B-   169
    2    0    0   47    9   39    3128.83148107    0.00014142    2   B-   131
    1    1    1   19    4   15    3129.23530062    0.00017644    4   B-   166
    2    0    0   42   13   29    3129.23893189    0.00021312    3   B-   147
    2    0    0   46   10   36    3129.69925618    0.00011547    3   B-   138
    1    0    1   20   18    3    3129.72042117    0.00006124    5   A+   161
    2    0    0   50    4   46    3129.76189586    0.00014142    2   B-   123
    2    1    0   31    4   28    3130.01641727    0.00017751    4   B-   171
    1    1    1   20    3   18    3130.02331757    0.00014497    3   B-   173
    1    1    1   14    7    8    3130.08374330    0.00015912    4   B-   140
    2    1    0   25    9   17    3130.24603155    0.00021213    2   B-   182
    1    1    1   11    8    3    3130.35260575    0.00026049    2   B-   114
    1    0    1   36   12   25    3130.71581082    0.00008944    2   C-   167
    0    0    2   28   11   17    3130.98093313    0.00016926    5   B+   179
    2    1    0   23   10   14    3131.12620170    0.00017570    4   B-   166
    1    0    1   24   17    8    3131.17258319    0.00008944    2   C-   184
    1    1    1   21    1   20    3131.89611430    0.00014272    3   B-   160
    1    1    1   18    5   14    3131.96609821    0.00052561    2   B-   164
    1    0    1   39   10   29    3132.04155773    0.00009255    5   A+   160
    2    0    0   48    8   40    3132.28403435    0.00019828    4   B-   132
    0    0    2   26   12   14    3132.77599324    0.00015000    4   B-   187
    1    0    1   30   15   16    3133.54978960    0.00006325    4   A-   186
    2    0    0   45   11   35    3134.65546442    0.00011954    3   B-   141
    1    1    1   22    1   22    3134.68285203    0.00017476    3   B-   180
    0    0    2   30   10   20    3134.87213320    0.00015000    4   B-   187
    2    1    0   32    2   30    3134.91619406    0.00012454    6   B+   186
    2    1    0   27    8   20    3135.24873314    0.00015000    4   B-   173
    1    0    1   45    2   43    3135.42032832    0.00006325    4   A-   142
    0    0    2   36    4   32    3135.42967107    0.00019751    3   B-   176
    0    0    2   17   15    3    3135.75877880    0.00015000    4   B-   154
    0    0    2   37    3   35    3135.85894323    0.00024602    3   B-   170
    0    0    2   34    7   27    3136.22551715    0.00017321    3   B-   171
    1    0    1   43    6   37    3137.46263783    0.00006253    5   A+   149
    2    1    0   21   11   11    3137.83726124    0.00018941    4   B-   173
    1    1    1   12    8    5    3137.93300233    0.00014142    2   B-   112
    0    0    2   35    6   30    3138.15635259    0.00021939    3   B-   166
    2    1    0   18   12    6    3138.34302510    0.00021213    2   B-   166
    0    0    2   33    8   26    3138.37303572    0.00017321    3   B-   171
    1    1    1   21    2   19    3138.73010669    0.00031010    2   B-   174
    1    1    1   17    6   11    3138.82922900    0.00012244    5   B+   155
    0    0    2   21   14    8    3139.32140462    0.00017321    3   B-   161
    1    1    1   15    7    8    3139.56431775    0.00019169    6   B+   131
    2    0    0   49    7   43    3139.94312457    0.00012264    4   B-   124
    0    0    2   24   13   11    3140.21545089    0.00015000    4   B-   173
    1    0    1   46    2   45    3140.25481643    0.00008872    3   A-   134
    2    1    0   33    2   32    3140.35577640    0.00030000    1   C-   172
    0    0    2   38    1   37    3140.78447233    0.00017321    3   B-   162
    1    0    1   38   11   28    3141.15674376    0.00012185    4   A-   169
    2    0    0   21   21    1    3141.57213231    0.00014142    2   B-   175
    2    0    0   51    4   48    3141.79242280    0.00015174    4   B-   111
    1    1    1   20    4   17    3141.83820403    0.00032630    3   B-   162
    2    1    0   34    0   34    3142.21878838    0.00017321    3   B-   185
    2    0    0   39   15   25    3142.38921862    0.00020000    1   C-   163
    1    0    1   47    0   47    3142.41484236    0.00006532    4   A-   134
    2    0    0   32   18   14    3142.73982314    0.00020000    1   C-   187
    1    0    1   21   18    3    3143.02565567    0.00008725    4   A-   176
    0    0    2   39    1   39    3143.12765922    0.00024996    2   B-   164
    2    0    0   29   19   11    3143.20808293    0.00009580    5   B+   184
    2    0    0   44   12   32    3143.58978709    0.00013824    3   B-   148
    2    1    0   30    6   24    3143.64396113    0.00019076    4   B-   189
    2    0    0   37   16   22    3143.86902991    0.00012481    4   B-   161
    1    1    1   19    5   14    3144.01274713    0.00012815    4   B-   154
    0    0    2   32    9   23    3144.50799186    0.00014618    5   B+   178
    1    1    1   21    3   18    3145.09478050    0.00013402    4   B-   162
    2    1    0   31    5   27    3145.20536549    0.00015000    4   B-   186
    1    1    1    9    9    0    3145.27335741    0.00020000    1   C-    84
    1    0    1   28   16   13    3145.73129202    0.00008425    3   A-   181
    0    0    2   36    5   31    3145.83228805    0.00021213    2   B-   170
    1    0    1   44    5   40    3146.00364595    0.00012025    4   A-   150
    1    1    1   13    8    5    3146.14622530    0.00014142    2   B-   131
    2    1    0   24   10   14    3146.28300658    0.00022730    3   B-   185
    1    1    1   22    2   21    3146.35036980    0.00035095    2   B-   169
    2    0    0   41   14   28    3146.55705745    0.00011547    3   B-   150
    2    1    0   26    9   17    3146.67355968    0.00021213    2   B-   178
    1    0    1   25   17    8    3147.00551124    0.00016289    2   B-   173
    0    0    2   18   15    3    3147.17003816    0.00016526    4   B-   152
    2    1    0   15   13    3    3147.76211642    0.00021213    2   B-   146
    1    0    1   33   14   19    3147.84846343    0.00007817    5   A+   182
    1    0    1   35   13   22    3148.15635391    0.00017177    3   A-   169
    1    1    1   23    0   23    3148.24810429    0.00013613    3   B-   178
    2    0    0   52    2   50    3149.27011562    0.00011547    3   B-   118
    0    0    2   29   11   19    3149.36148517    0.00017321    3   B-   187
    1    1    1   16    7   10    3149.67801719    0.00013816    3   B-   154
    0    0    2   27   12   16    3149.88589093    0.00018285    3   B-   175
    1    1    1   18    6   13    3150.21970802    0.00018094    5   B+   153
    2    1    0   19   12    8    3150.33898393    0.00030000    1   C-   156
    2    0    0   35   17   19    3150.95474970    0.00011013    4   B-   175
    1    1    1   10    9    2    3151.58997522    0.00017420    3   B-   111
    2    1    0   22   11   11    3151.72781664    0.00015000    4   B-   170
    0    0    2   37    4   34    3151.97703620    0.00016862    4   B-   163
    2    0    0   26   20    6    3152.32541289    0.00012259    3   B-   191
    1    0    1   42    8   35    3152.45274123    0.00009570    4   A-   149
    1    0    1   41    9   32    3152.89185058    0.00006686    5   A+   153
    2    1    0   28    8   20    3152.95676258    0.00015863    6   B+   191
    1    0    1   31   15   16    3153.17340635    0.00008944    2   C-   173
    0    0    2   22   14    8    3153.26498159    0.00022646    3   B-   182
    2    0    0   53    2   52    3153.88775603    0.00020000    1   C-   108
    1    0    1   37   12   25    3154.14148346    0.00009537    5   A+   173
    0    0    2   31   10   22    3154.52914255    0.00015000    4   B-   174
    1    1    1   14    8    7    3154.99300521    0.00018083    3   B-   129
    1    1    1   21    4   17    3155.39242489    0.00018781    3   B-   177
    1    0    1   45    3   42    3155.41153323    0.00008944    2   C-   134
    0    1    1   65    1   64    3155.53467274    0.00020000    1   C-    67
    0    0    2   25   13   13    3156.05839259    0.00016415    4   B-   184
    2    0    0   50    6   44    3156.36455921    0.00011330    4   B-   128
    2    1    0   33    3   31    3156.41159750    0.00021213    2   B-   184
    1    0    1   43    7   36    3156.41377367    0.00006966    5   A+   144
    2    0    0   43   13   31    3156.42618988    0.00014142    2   B-   151
    1    1    1   20    5   16    3156.69034367    0.00015515    4   B-   176
    1    0    1   22   18    5    3156.96464594    0.00008311    5   A+   172
    1    1    1   22    3   20    3157.17791616    0.00018748    3   B-   183
    1    0    1   40   10   31    3157.39924914    0.00009134    2   A-   156
    0    0    2   35    7   29    3158.50321804    0.00017321    3   B-   177
    1    1    1   11    9    2    3158.53968887    0.00023066    2   B-   102
    0    0    2   38    2   36    3159.11610483    0.00019482    4   B-   172
    0    0    2   19   15    5    3159.21533008    0.00015955    4   B-   167
    2    0    0   48    9   39    3159.31045657    0.00011069    4   B-   128
    2    0    0   47   10   38    3159.48529132    0.00020000    1   C-   128
    1    1    1   23    1   22    3159.88479776    0.00012093    4   B-   170
    0    0    2   34    8   26    3159.97813401    0.00017321    3   B-   186
    1    1    1   17    7   10    3160.42681461    0.00034763    4   B-   145
    0    0    2   36    6   30    3161.38432785    0.00016498    4   B-   180
    2    0    0   30   19   11    3162.18586136    0.00011974    3   B-   180
    1    1    1   19    6   13    3162.24581467    0.00013143    5   B+   168
    1    1    1   24    1   24    3162.44873522    0.00019219    4   B-   188
    2    1    0   35    1   35    3162.72938192    0.00026828    3   B-   179
    2    1    0   20   12    8    3162.96643773    0.00018316    4   B-   178
    2    1    0   31    6   26    3163.30373143    0.00016016    7   B+   176
    2    0    0   49    8   42    3163.40677689    0.00011547    3   B-   122
    1    0    1   26   17   10    3163.47278760    0.00011645    4   A-   192
    2    0    0   51    5   47    3163.48610500    0.00014142    2   B-   122
    1    0    1   46    3   44    3163.54441042    0.00007071    2   B-   143
    2    1    0   27    9   19    3163.73473141    0.00014459    6   B+   189
    2    0    0   46   11   35    3163.77471548    0.00014142    2   B-   138
    1    0    1   29   16   13    3164.09262898    0.00006411    6   A+   190
    1    0    1   44    6   39    3164.09644326    0.00006667    3   A-   144
    0    0    2   39    2   38    3164.27159087    0.00021213    2   B-   157
    1    1    1   15    8    7    3164.47154778    0.00018782    3   B-   147
    2    1    0   30    7   23    3165.22542002    0.00017555    4   B-   181
    0    0    2   33    9   25    3165.45070354    0.00014646    5   B+   185
    1    0    1   39   11   28    3165.86189829    0.00009619    2   C-   159
    1    1    1   12    9    4    3166.12022789    0.00033669    3   B-   129
    2    1    0   23   11   13    3166.24997582    0.00021213    2   B-   182
    0    0    2   40    0   40    3166.59745509    0.00017321    3   B-   167
    0    0    2   28   12   16    3167.63072482    0.00015000    4   B-   193
    2    0    0   40   15   25    3167.67235791    0.00011194    5   B+   158
    0    0    2   23   14   10    3167.84243808    0.00016186    4   B-   171
    2    0    0   38   16   22    3167.88897876    0.00011547    3   B-   174
    1    1    1   23    2   21    3167.94514002    0.00015235    3   B-   183
    1    0    1   47    1   46    3168.32274696    0.00011231    4   A-   131
    0    0    2   30   11   19    3168.37734739    0.00015409    4   B-   184
    1    1    1   22    4   19    3169.16014235    0.00020000    1   C-   173
    1    0    1   34   14   21    3169.36929909    0.00014527    3   A-   178
    2    0    0   27   20    8    3169.41202917    0.00013505    4   B-   179
    1    1    1   21    5   16    3170.02387573    0.00013720    3   B-   165
    2    0    0   23   21    3    3170.06297990    0.00013149    3   B-   184
    1    0    1   48    1   48    3170.47645448    0.00011729    4   A-   137
    1    0    1   36   13   24    3170.94451727    0.00006325    4   A-   183
    1    0    1   45    4   41    3171.11697827    0.00008944    2   C-   145
    2    1    0   29    8   22    3171.30014800    0.00030000    1   C-   179
    1    0    1   23   18    5    3171.53696852    0.00009678    2   C-   185
    1    1    1   18    7   12    3171.80883987    0.00014142    2   B-   167
    0    0    2   20   15    5    3171.89463760    0.00018509    4   B-   164
    2    0    0   45   12   34    3172.05500135    0.00014142    2   B-   139
    0    0    2   26   13   13    3172.53556945    0.00019877    4   B-   181
    2    0    0   50    7   43    3172.89378146    0.00016514    3   B-   122
    2    0    0   42   14   28    3173.10597035    0.00010459    5   B+   159
    1    0    1   32   15   18    3173.43042318    0.00011031    4   A-   190
    2    0    0   36   17   19    3173.71419111    0.00014236    3   B-   171
    2    0    0   52    3   49    3173.78404041    0.00016823    2   B-   115
    0    0    2   16   16    0    3173.88043705    0.00021213    2   B-   158
    0    0    2   38    3   35    3174.04391800    0.00015000    4   B-   168
    1    1    1   13    9    4    3174.33391461    0.00023965    3   B-   119
    1    1    1   23    3   20    3174.42887447    0.00013527    4   B-   172
    1    1    1   16    8    9    3174.58305148    0.00011547    3   B-   145
    0    0    2   32   10   22    3174.82236825    0.00015600    4   B-   191
    1    1    1   20    6   15    3174.90914079    0.00032415    2   B-   165
    1    1    1   24    2   23    3175.21881250    0.00028203    2   B-   178
    1    0    1   19   19    0    3175.57864436    0.00020000    1   C-   157
    2    1    0   34    2   32    3176.84093956    0.00019367    4   B-   188
    1    1    1   25    0   25    3177.18323618    0.00013422    3   B-   186
    1    0    1   38   12   27    3178.20188793    0.00008164    4   A-   169
    1    0    1   42    9   34    3179.55527302    0.00007943    4   A-   163
    1    0    1   43    8   35    3179.82306302    0.00010243    5   A+   154
    1    0    1   27   17   10    3180.57265442    0.00013563    3   A-   180
    2    0    0   53    3   51    3181.36891022    0.00025833    2   B-   116
    2    1    0   28    9   19    3181.43180547    0.00019032    3   B-   185
    0    0    2   36    7   29    3181.45366423    0.00017321    3   B-   173
    2    0    0   31   19   13    3181.79565802    0.00011547    3   B-   189
    2    1    0   35    2   34    3181.99248179    0.00012227    8   B+   173
    0    0    2   35    8   28    3182.22380028    0.00018374    4   B-   174
    1    0    1   45    5   40    3182.47960605    0.00006301    5   A+   141
    1    1    1   10   10    1    3183.03411958    0.00014142    2   B-    98
    0    0    2   24   14   10    3183.05392348    0.00013416    5   B+   190
    1    0    1   30   16   15    3183.08746905    0.00005931    6   A+   186
    1    1    1   14    9    6    3183.18025246    0.00014371    5   B+   146
    0    0    2   39    3   37    3183.38730405    0.00030000    1   C-   170
    2    0    0   51    6   46    3183.66146812    0.00011155    5   B+   119
    1    1    1   19    7   12    3183.82625557    0.00012731    3   B-   158
    1    1    1   22    5   18    3183.97487810    0.00015516    5   B+   186
    1    1    1   23    4   19    3184.19672841    0.00036918    4   B-   186
    2    0    0   44   13   31    3184.24648627    0.00014602    4   B-   147
    1    0    1   44    7   38    3184.30487178    0.00006954    4   A-   153
    1    0    1   46    4   43    3184.59646032    0.00011425    4   A-   140
    0    0    2   17   16    2    3184.66090533    0.00021592    3   B-   148
    0    0    2   37    6   32    3184.77299237    0.00017321    3   B-   168
    2    1    0   31    7   25    3184.86840674    0.00019783    4   B-   190
    2    0    0   34   18   16    3185.10917393    0.00009665    5   B+   189
    0    0    2   21   15    7    3185.20708252    0.00019617    3   B-   179
    2    0    0   24   21    3    3185.25712355    0.00015819    2   B-   180
    1    1    1   17    8    9    3185.32884932    0.00027880    4   B-   160
    2    0    0   54    1   53    3185.96421428    0.00011547    3   B-   107
    0    0    2   29   12   18    3186.00994686    0.00019083    4   B-   181
    1    1    1   24    3   22    3186.80072463    0.00026793    2   B-   191
    0    0    2   34    9   25    3187.03236020    0.00013416    5   B+   180
    2    0    0   28   20    8    3187.13079411    0.00025111    2   B-   197
    2    0    0   55    1   55    3187.93749145    0.00020000    1   C-   109
    0    0    2   31   11   21    3188.02850089    0.00014401    5   B+   192
    1    1    1   21    6   15    3188.20923099    0.00014142    2   B-   180
    1    0    1   20   19    2    3188.25596000    0.00008944    2   C-   179
    0    0    2   40    1   39    3188.31735742    0.00018502    3   B-   163
    0    0    2   27   13   15    3189.64643060    0.00021213    2   B-   192
    2    0    0   48   10   38    3189.91072523    0.00011547    3   B-   138
    1    1    1   25    1   24    3190.14259318    0.00018822    3   B-   178
    2    1    0   30    8   22    3190.28059869    0.00012966    6   B+   196
    2    0    0   49    9   41    3190.42215060    0.00020746    2   B-   131
    0    0    2   41    1   41    3190.64582492    0.00021213    2   B-   163
    1    0    1   40   11   30    3191.20257115    0.00010000    1   C-   170
    1    0    1   35   14   21    3191.52367319    0.00008105    6   A+   184
    2    1    0   19   13    7    3191.96209613    0.00021213    2   B-   172
    1    0    1   47    2   45    3192.17691063    0.00007919    4   A-   141
    1    1    1   26    1   26    3192.52744015    0.00013665    4   B-   196
    2    0    0   39   16   24    3192.54121440    0.00011547    3   B-   162
    1    1    1   15    9    6    3192.65850238    0.00012671    4   B-   136
    2    0    0   47   11   37    3193.53003031    0.00011997    3   B-   142
    2    0    0   41   15   27    3193.58707455    0.00011547    3   B-   165
    1    0    1   33   15   18    3194.32010048    0.00006154    5   A+   177
    1    0    1   37   13   24    3194.36706173    0.00014142    2   B-   171
    0    0    2   38    5   33    3194.62934449    0.00017321    3   B-   172
    2    0    0   52    4   48    3195.01565459    0.00011547    3   B-   123
    1    0    1   45    6   39    3195.06381179    0.00006995    4   A-   149
    0    0    2   33   10   24    3195.75245482    0.00017321    3   B-   178
    0    0    2   18   16    2    3196.07623461    0.00017321    3   B-   171
    1    1    1   20    7   14    3196.47929327    0.00014224    4   B-   180
    1    1    1   18    8   11    3196.70699752    0.00022901    5   B+   158
    1    0    1   48    2   47    3196.96909768    0.00007826    4   A-   132
    2    0    0   37   17   21    3197.10582777    0.00011547    3   B-   177
    2    1    0   25   11   15    3197.19304005    0.00021213    2   B-   190
    1    1    1   12   10    3    3197.56604846    0.00020000    1   C-   116
    1    0    1   28   17   12    3198.30567556    0.00007031    6   A+   199
    1    1    1   23    5   18    3198.60811166    0.00013277    4   B-   175
    0    0    2   25   14   12    3198.89911898    0.00014162    5   B+   179
    1    0    1   49    0   49    3199.11448174    0.00010000    1   C-   133
    0    0    2   22   15    7    3199.15447132    0.00015646    4   B-   175
    1    1    1   25    2   23    3199.58705214    0.00034813    4   B-   191
    2    1    0   29    9   21    3199.76168453    0.00018031    4   B-   194
    2    0    0   43   14   30    3200.28760767    0.00011961    3   B-   150
    0    0    2   39    4   36    3200.50807127    0.00021213    2   B-   164
    2    0    0   25   21    5    3201.08403252    0.00012260    3   B-   192
    2    0    0   46   12   34    3201.15516166    0.00011134    4   B-   148
    1    0    1   21   19    2    3201.56652174    0.00011547    3   B-   168
    2    0    0   32   19   13    3202.03716381    0.00014517    4   B-   184
    1    1    1   22    6   17    3202.14818193    0.00027020    3   B-   176
    1    0    1   25   18    7    3202.58134762    0.00008944    2   C-   193
    1    0    1   31   16   15    3202.71448253    0.00008429    4   A-   195
    1    1    1   16    9    8    3202.76983125    0.00014142    2   B-   161
    1    0    1   39   12   27    3202.89766180    0.00008944    2   C-   174
    1    0    1   46    5   42    3203.65959371    0.00006325    4   A-   150
    2    0    0   51    7   45    3204.38314117    0.00014154    3   B-   125
    2    1    0   33    6   28    3204.60515485    0.00019694    4   B-   180
    0    0    2   37    7   31    3205.01236907    0.00017321    3   B-   179
    0    0    2   30   12   18    3205.02372295    0.00015000    4   B-   198
    0    0    2   36    8   28    3205.11263377    0.00015000    4   B-   188
    2    1    0   32    7   25    3205.15581712    0.00016873    5   B+   186
    2    1    0   37    1   37    3205.47769918    0.00018404    4   B-   180
    2    0    0   29   20   10    3205.48202451    0.00011312    4   B-   185
    1    1    1   26    2   25    3206.43327886    0.00010690    4   B-   186
    1    1    1   25    3   22    3206.45372477    0.00014908    5   B+   180
    2    0    0   53    4   50    3206.59020678    0.00037185    2   B-   111
    1    0    1   43    9   34    3206.86173794    0.00006325    4   A-   153
    2    0    0   35   18   18    3207.24118806    0.00010368    4   B-   176
    0    0    2   28   13   15    3207.39188752    0.00016929    5   B+   188
    1    0    1   44    8   37    3207.80999542    0.00008467    5   A+   149
    0    0    2   40    2   38    3207.88899343    0.00017321    3   B-   173
    0    0    2   19   16    4    3208.12474235    0.00017321    3   B-   161
    0    0    2   32   11   21    3208.31535663    0.00015000    4   B-   188
    1    1    1   27    0   27    3208.42550639    0.00019473    4   B-   193
    1    1    1   19    8   11    3208.72019278    0.00018194    3   B-   173
    0    0    2   35    9   27    3209.25261321    0.00019781    3   B-   187
    0    0    2   38    6   32    3209.48672537    0.00017321    3   B-   181
    1    1    1   21    7   14    3209.76690299    0.00013737    3   B-   169
    1    0    1   42   10   33    3210.02767874    0.00006408    4   A-   157
    2    0    0   45   13   33    3212.70052964    0.00014142    2   B-   151
    0    0    2   41    2   40    3212.95543815    0.00017321    3   B-   158
    1    0    1   45    7   38    3213.34079328    0.00012994    4   A-   144
    1    0    1   47    3   44    3213.49790621    0.00010242    3   A-   134
    1    1    1   17    9    8    3213.51412459    0.00064703    2   B-   151
    0    0    2   23   15    9    3213.73552345    0.00024149    3   B-   188
    1    1    1   24    5   20    3213.82508873    0.00052488    2   B-   194
    2    0    0   54    2   52    3214.02977211    0.00015186    3   B-   118
    1    0    1   36   14   23    3214.31170162    0.00008473    3   A-   180
    1    1    1   14   10    5    3214.62693556    0.00014142    2   B-   133
    0    0    2   42    0   42    3215.27184698    0.00021213    2   B-   167
    0    0    2   26   14   12    3215.37870067    0.00017321    3   B-   198
    1    1    1   25    4   21    3215.68685988    0.00014953    4   B-   194
    1    0    1   34   15   20    3215.84264787    0.00025899    3   A-   192
    0    0    2   39    5   35    3216.67437353    0.00015456    4   B-   177
    1    1    1   23    6   17    3216.72553322    0.00010000    4   B-   189
    1    0    1   41   11   30    3217.17896895    0.00008996    6   A+   160
    0    0    2   34   10   24    3217.31967488    0.00015000    4   B-   193
    2    0    0   26   21    5    3217.54385773    0.00020000    1   C-   188
    2    0    0   40   16   24    3217.82484082    0.00011547    3   B-   175
    2    1    0   21   13    9    3217.85264334    0.00025151    2   B-   184
    1    0    1   38   13   26    3218.42310934    0.00013414    4   A-   184
    1    1    1   26    3   24    3218.86977383    0.00014625    4   B-   199
    1    0    1   26   18    9    3219.05337004    0.00006822    5   A+   189
    2    1    0   24   12   12    3219.79488617    0.00015000    4   B-   195
    2    0    0   42   15   27    3220.13388754    0.00014142    2   B-   159
    2    0    0   56    0   56    3220.57900266    0.00018964    2   B-   110
    0    0    2   20   16    4    3220.80823682    0.00015000    4   B-   184
    2    0    0   49   10   40    3220.97528208    0.00020000    1   C-   128
    2    1    0   36    2   34    3221.01107436    0.00012694    6   B+   190
    2    0    0   38   17   21    3221.12873507    0.00011547    3   B-   173
    1    1    1   20    8   13    3221.36623093    0.00019365    3   B-   170
    1    0    1   48    3   46    3221.43648948    0.00009114    4   A-   142
    1    0    1   46    6   41    3222.18066186    0.00008716    5   A+   144
    2    0    0   50    9   41    3222.19252229    0.00012632    3   B-   128
    1    1    1   27    1   26    3222.67178895    0.00017960    3   B-   185
    2    0    0   33   19   15    3222.91082725    0.00013095    3   B-   193
    1    0    1   32   16   17    3222.97452280    0.00009744    2   C-   190
    2    0    0   22   22    0    3223.62614406    0.00020000    1   C-   190
    1    1    1   22    7   16    3223.69038889    0.00012143    4   B-   191
    2    0    0   48   11   37    3223.92189281    0.00015712    3   B-   138
    1    1    1   15   10    5    3224.10592167    0.00014142    2   B-   151
    0    0    2   40    3   37    3224.33772087    0.00021213    2   B-   169
    2    0    0   30   20   10    3224.46531137    0.00011547    3   B-   202
    1    1    1   11   11    0    3224.66762231    0.00020000    1   C-   104
    0    0    2   31   12   20    3224.67243969    0.00015000    4   B-   186
    1    1    1   18    9   10    3224.89162307    0.00034137    2   B-   174
    1    1    1   28    1   28    3224.91830079    0.00013764    5   B+   202
    0    0    2   29   13   17    3225.77123479    0.00021213    2   B-   197
    2    1    0   37    2   36    3225.93559017    0.00030000    1   C-   175
    2    1    0   33    7   27    3226.07763326    0.00012705    6   B+   194
    1    0    1   49    1   48    3226.19006279    0.00006325    4   A-   130
    2    1    0   38    0   38    3227.71545613    0.00021213    2   B-   185
    2    0    0   51    8   44    3227.72722940    0.00018623    2   B-   122
    2    0    0   44   14   30    3228.10178489    0.00011547    3   B-   159
    1    0    1   40   12   29    3228.22779037    0.00015050    3   A-   170
    1    0    1   50    1   50    3228.32846021    0.00011444    4   A-   137
    0    0    2   37    8   30    3228.64200771    0.00030000    1   C-   176
    0    0    2   24   15    9    3228.95075338    0.00017321    3   B-   184
    0    0    2   33   11   23    3229.23778157    0.00015000    4   B-   196
    0    0    2   38    7   31    3229.27533037    0.00017321    3   B-   175
    1    1    1   25    5   20    3229.77927600    0.00018776    4   B-   183
    2    0    0   36   18   18    3230.00483766    0.00013469    3   B-   191
    1    0    1   23   19    4    3230.08740515    0.00009040    5   A+   178
    2    1    0   27   11   17    3230.66576393    0.00030000    1   C-   198
    1    0    1   47    4   43    3230.86896999    0.00022834    3   A-   146
    2    0    0   47   12   36    3230.88984948    0.00011547    3   B-   139
    1    1    1   26    4   23    3231.45334646    0.00022802    2   B-   190
    1    1    1   24    6   19    3231.94236724    0.00020000    1   C-   185
    0    0    2   36    9   27    3232.11214723    0.00017321    3   B-   182
    1    1    1   12   11    2    3232.25008903    0.00014142    2   B-   132
    0    0    2   27   14   14    3232.49231416    0.00021213    2   B-   186
    0    0    2   41    3   39    3233.23741500    0.00030000    1   C-   171
    1    1    1   27    2   25    3233.58809252    0.00017534    3   B-   199
    0    0    2   39    6   34    3233.97335228    0.00023749    2   B-   169
    0    0    2   21   16    6    3234.12521331    0.00013416    5   B+   172
    1    1    1   16   10    7    3234.21737375    0.00014142    2   B-   149
    2    0    0   27   21    7    3234.63584644    0.00013237    3   B-   200
    1    1    1   21    8   13    3234.64719291    0.00013586    5   B+   185
    1    0    1   44    9   36    3234.80758201    0.00009087    4   A-   162
    1    0    1   30   17   14    3235.67073136    0.00007104    5   A+   204
    1    0    1   27   18    9    3236.15841855    0.00014678    5   A+   201
    0    0    2   40    4   36    3236.15854887    0.00021213    2   B-   179
    1    0    1   45    8   37    3236.48580485    0.00011208    4   A-   154
    0    0    2   17   17    1    3236.56810741    0.00021213    2   B-   165
    1    1    1   19    9   10    3236.90103928    0.00017599    3   B-   164
    1    0    1   43   10   33    3237.29939792    0.00007009    5   A+   162
    1    0    1   37   14   23    3237.73255229    0.00009237    2   C-   186
    1    0    1   35   15   20    3237.99843020    0.00006988    5   A+   179
    0    0    2   42    1   41    3238.16001874    0.00019490    3   B-   163
    2    0    0   23   22    2    3238.19342383    0.00011547    3   B-   179
    1    1    1   23    7   16    3238.25075653    0.00014905    3   B-   180
    2    0    0   52    7   45    3239.20871679    0.00015662    4   B-   122
    0    0    2   35   10   26    3239.52347438    0.00021213    2   B-   180
    1    1    1   28    2   27    3239.98310175    0.00018406    3   B-   192
    1    1    1   13   11    2    3240.46625939    0.00015884    3   B-   122
    0    0    2   43    1   43    3240.47556933    0.00021213    2   B-   163
    1    1    1   27    3   24    3241.12334324    0.00017957    3   B-   187
    2    0    0   46   13   33    3241.78777762    0.00012181    5   B+   147
    1    1    1   29    0   29    3241.97517497    0.00013377    3   B-   199
    1    0    1   46    7   40    3242.38643289    0.00009898    4   A-   153
    1    0    1   39   13   26    3243.11262797    0.00008920    6   A+   172
    1    0    1   47    5   42    3243.30481007    0.00025854    3   A-   141
    1    0    1   48    4   45    3243.65758139    0.00013172    5   A+   140
    2    0    0   41   16   26    3243.74068026    0.00014142    2   B-   163
    1    0    1   42   11   32    3243.79191693    0.00008944    2   C-   170
    1    0    1   33   16   17    3243.86808183    0.00006030    5   A+   199
    2    0    0   31   20   12    3244.08098203    0.00016358    3   B-   190
    2    1    0   37    3   35    3244.28626084    0.00014354    6   B+   188
    2    0    0   34   19   15    3244.41609059    0.00010000    4   B-   188
    0    0    2   30   13   17    3244.78532142    0.00013416    5   B+   193
    0    0    2   25   15   11    3244.79963094    0.00023511    3   B-   196
    0    0    2   32   12   20    3244.95605176    0.00017321    3   B-   203
    1    1    1   17   10    7    3244.96161024    0.00020000    1   C-   166
    1    0    1   24   19    6    3245.29851298    0.00006883    3   A-   197
    2    0    0   39   17   23    3245.78320867    0.00010000    4   B-   178
    0    0    2   40    5   35    3246.20197087    0.00021213    2   B-   173
    1    1    1   26    5   22    3246.24603471    0.00033183    2   B-   202
    2    0    0   55    3   53    3247.27418572    0.00014142    2   B-   114
    2    0    0   43   15   29    3247.31309812    0.00014142    2   B-   165
    2    1    0   34    7   27    3247.65207822    0.00019981    4   B-   190
    1    1    1   25    6   19    3247.80138894    0.00021155    3   B-   197
    0    0    2   18   17    1    3247.98670893    0.00021213    2   B-   163
    0    0    2   22   16    6    3248.07603128    0.00015000    4   B-   195
    1    1    1   22    8   15    3248.56313471    0.00013130    4   B-   181
    1    1    1   14   11    4    3249.31385251    0.00020000    1   C-   150
    1    1    1   20    9   12    3249.54539694    0.00024644    4   B-   187
    1    0    1   20   20    1    3249.74652199    0.00014874    3   A-   173
    1    1    1   27    4   23    3249.90085725    0.00013575    4   B-   202
    0    0    2   28   14   14    3250.23968950    0.00016414    4   B-   205
    2    0    0   53    6   48    3250.38300733    0.00020000    1   C-   119
    2    1    0   39    1   39    3250.52997255    0.00017321    3   B-   179
    0    0    2   34   11   23    3250.79579962    0.00013416    5   B+   192
    1    0    1   49    2   47    3251.23225956    0.00006855    4   A-   139
    0    0    2   41    4   38    3251.41960314    0.00020500    3   B-   165
    2    0    0   56    1   55    3251.84204037    0.00014142    2   B-   107
    2    0    0   28   21    7    3252.36006985    0.00014142    2   B-   195
    2    0    0   50   10   40    3252.67912870    0.00010000    4   B-   138
    0    0    2   38    8   30    3252.81696837    0.00015000    4   B-   189
    1    1    1   28    3   26    3253.35992601    0.00030423    3   B-   206
    2    0    0   24   22    2    3253.39301588    0.00020000    1   C-   200
    2    0    0   37   18   20    3253.40024867    0.00017821    4   B-   178
    1    1    1   24    7   18    3253.44811423    0.00013062    4   B-   201
    2    0    0   57    1   57    3253.79618865    0.00014142    2   B-   108
    1    0    1   28   18   11    3253.89620718    0.00036406    3   A-   196
    0    0    2   39    7   33    3254.10732404    0.00021213    2   B-   181
    1    0    1   41   12   29    3254.19223988    0.00009090    4   A-   175
    2    0    0   51    9   43    3254.58641545    0.00011772    4   B-   131
    2    0    0   49   11   39    3254.95076321    0.00010000    4   B-   142
    1    0    1   31   17   14    3255.30252777    0.00011700    4   A-   192
    1    0    1   47    6   41    3255.46393678    0.00008336    4   A-   149
    0    0    2   37    9   29    3255.61100411    0.00021213    2   B-   189
    1    0    1   50    2   49    3255.98820126    0.00006667    3   C-   132
    1    1    1   18   10    9    3256.33911217    0.00017851    2   B-   164
    2    0    0   45   14   32    3256.54838068    0.00019761    2   B-   150
    1    1    1   29    1   28    3257.47870275    0.00020000    1   C-   192
    1    0    1   51    0   51    3258.11941150    0.00010000    1   C-   132
    0    0    2   42    2   40    3258.95018219    0.00018171    3   B-   173
    1    1    1   30    1   30    3259.61992594    0.00017017    4   B-   207
    0    0    2   19   17    3    3260.03948991    0.00027303    2   B-   178
    0    0    2   40    6   34    3260.28961974    0.00015969    5   B+   182
    1    0    1   36   15   22    3260.78737871    0.00008647    4   A-   194
    2    0    0   52    8   44    3261.07539955    0.00013862    5   B+   132
    1    0    1   25   19    6    3261.14260394    0.00010366    4   A-   186
    2    0    0   48   12   36    3261.25949208    0.00013106    3   B-   149
    0    0    2   26   15   11    3261.28222148    0.00015000    4   B-   192
    1    0    1   38   14   25    3261.78697419    0.00008498    3   A-   182
    0    0    2   36   10   26    3262.36501588    0.00021213    2   B-   195
    2    0    0   54    4   50    3262.47206829    0.00014142    2   B-   123
    0    0    2   23   16    8    3262.66087365    0.00017321    3   B-   183
    1    1    1   21    9   12    3262.82233292    0.00014008    4   B-   176
    1    0    1   21   20    1    3263.06224036    0.00016987    3   A-   188
    1    1    1   23    8   15    3263.11366179    0.00015005    5   B+   195
    1    0    1   45    9   36    3263.39828333    0.00014226    4   A-   153
    1    1    1   27    5   22    3263.55706595    0.00017575    3   B-   190
    1    0    1   48    5   44    3263.71684241    0.00006505    5   A+   150
    0    0    2   43    2   42    3263.95089307    0.00017321    3   B-   158
    1    1    1   26    6   21    3264.29546067    0.00020596    3   B-   193
    2    0    0   32   20   12    3264.32765004    0.00010000    4   B-   207
    0    0    2   31   13   19    3264.43369557    0.00021213    2   B-   202
    1    0    1   44   10   35    3265.21003616    0.00008707    3   A-   157
    1    0    1   34   16   19    3265.39396047    0.00007432    7   A+   194
    1    0    1   46    8   39    3265.75049825    0.00012048    4   A-   149
    0    0    2   33   12   22    3265.87446722    0.00015000    4   B-   190
    0    0    2   44    0   44    3266.25718111    0.00028679    2   B-   167
    1    1    1   28    4   25    3266.40109739    0.00011639    4   B-   197
    2    0    0   35   19   17    3266.55340115    0.00011296    4   B-   195
    2    1    0   29   11   19    3266.66997004    0.00017321    3   B-   204
    2    1    0   38    2   36    3267.43575758    0.00018359    4   B-   191
    0    0    2   41    5   37    3268.26937850    0.00017321    3   B-   178
    1    1    1   19   10    9    3268.34844970    0.00011547    3   B-   179
    1    0    1   40   13   28    3268.43670947    0.00006412    6   A+   185
    0    0    2   29   14   16    3268.62131950    0.00021213    2   B-   193
    1    1    1   16   11    6    3268.90711212    0.00013611    3   B-   167
    2    0    0   25   22    4    3269.22527778    0.00011547    3   B-   188
    1    1    1   25    7   18    3269.28253821    0.00016520    3   B-   189
    1    1    1   29    2   27    3269.89242584    0.00018793    3   B-   205
    1    1    1   12   12    1    3270.15298608    0.00018117    2   B-   122
    2    0    0   42   16   26    3270.28724324    0.00020000    1   C-   175
    2    0    0   29   21    9    3270.71645311    0.00014142    2   B-   206
    1    0    1   43   11   32    3271.04085611    0.00014634    4   A-   160
    2    0    0   40   17   23    3271.06923177    0.00014142    2   B-   174
    2    0    0   47   13   35    3271.50883846    0.00010827    5   B+   151
    2    1    0   39    2   38    3272.18518542    0.00030000    1   C-   176
    1    0    1   29   18   11    3272.26758904    0.00010359    4   A-   207
    0    0    2   20   17    3    3272.72694557    0.00030000    1   C-   176
    1    0    1   47    7   40    3272.94303338    0.00016985    4   A-   144
    0    0    2   35   11   25    3272.99030313    0.00016975    4   B-   198
    1    0    1   49    3   46    3273.84083227    0.00006325    4   A-   134
    2    1    0   40    0   40    3273.91999291    0.00020221    3   B-   186
    2    0    0   44   15   29    3275.12379204    0.00020000    1   C-   159
    1    0    1   32   17   16    3275.56730209    0.00014003    3   A-   209
    1    1    1   30    2   29    3275.85734791    0.00018106    3   B-   198
    1    1    1   22    9   14    3276.73365909    0.00015478    4   B-   199
    0    0    2   42    3   39    3276.85818363    0.00021213    2   B-   170
    1    0    1   22   20    3    3277.01173807    0.00028316    2   B-   184
    2    0    0   38   18   20    3277.42708219    0.00020000    1   C-   193
    1    0    1   26   19    8    3277.62007401    0.00007353    6   A+   205
    0    0    2   39    8   32    3277.63069138    0.00017321    3   B-   177
    1    1    1   31    0   31    3277.83358092    0.00012454    4   B-   204
    0    0    2   24   16    8    3277.88030110    0.00015000    4   B-   204
    1    1    1   24    8   17    3278.29938985    0.00012024    4   B-   191
    1    1    1   13   12    1    3278.37042665    0.00020000    1   C-   141
    1    1    1   29    3   26    3278.38103725    0.00022435    4   B-   194
    0    0    2   27   15   13    3278.39918975    0.00017321    3   B-   204
    1    1    1   17   11    6    3279.65237620    0.00020000    1   C-   155
    0    0    2   40    7   33    3279.70265078    0.00014538    5   B+   176
    0    0    2   38    9   29    3279.74958894    0.00015000    4   B-   184
    1    0    1   42   12   31    3280.79244196    0.00009581    3   A-   171
    1    1    1   20   10   11    3280.99138014    0.00020000    1   C-   177
    2    0    0   56    2   54    3281.08546189    0.00011760    4   B-   118
    1    1    1   28    5   24    3281.23883076    0.00018932    3   B-   209
    1    1    1   27    6   21    3281.44122771    0.00013930    4   B-   205
    1    0    1   50    3   48    3281.63346658    0.00011617    3   A-   142
    1    0    1   48    6   43    3282.78235520    0.00011618    5   A+   144
    1    0    1   37   15   22    3284.20930938    0.00008944    2   C-   181
    0    0    2   32   13   19    3284.71639814    0.00017321    3   B-   198
    2    0    0   51   10   42    3285.02264779    0.00012211    3   B-   128
    2    0    0   33   20   14    3285.20669589    0.00012253    4   B-   194
    2    0    0   46   14   32    3285.62798884    0.00011547    3   B-   159
    2    0    0   57    2   56    3285.64262081    0.00014142    2   B-   108
    0    0    2   41    6   36    3285.74945850    0.00021213    2   B-   170
    1    1    1   26    7   20    3285.75473928    0.00013750    3   B-   209
    0    0    2   37   10   28    3285.84405778    0.00017321    3   B-   182
    0    0    2   21   17    5    3286.04847076    0.00021213    2   B-   191
    1    0    1   51    1   50    3286.36179154    0.00007164    4   A-   129
    1    0    1   39   14   25    3286.47470207    0.00010000    1   C-   187
    2    0    0   50   11   39    3286.61628633    0.00011685    4   B-   138
    1    1    1   29    4   25    3286.86394098    0.00032699    2   B-   208
    1    1    1   14   12    3    3287.21999888    0.00014142    2   B-   140
    0    0    2   34   12   22    3287.42795976    0.00017172    4   B-   205
    1    0    1   35   16   19    3287.55270951    0.00008944    2   C-   201
    2    0    0   58    0   58    3287.58778271    0.00022390    2   B-   110
    0    0    2   30   14   16    3287.63718841    0.00015000    4   B-   210
    2    0    0   52    9   43    3287.65361148    0.00016284    2   B-   128
    1    0    1   52    1   52    3288.48566079    0.00008588    4   A-   137
    2    0    0   36   19   17    3289.32177292    0.00020000    1   C-   191
    0    0    2   42    4   38    3290.19529754    0.00018825    4   B-   181
    1    1    1   30    3   28    3290.24725404    0.00016655    4   B-   211
    0    0    2   44    1   43    3290.31218634    0.00018440    3   B-   163
    1    0    1   30   18   13    3291.27244105    0.00010000    1   C-   202
    1    1    1   23    9   14    3291.27866399    0.00009755    5   B+   187
    1    0    1   23   20    3    3291.59367972    0.00017295    4   A-   198
    2    1    0   39    3   37    3291.71609407    0.00014243    6   B+   189
    2    0    0   49   12   38    3292.26355751    0.00011095    4   B-   139
    0    0    2   45    1   45    3292.61606006    0.00030000    1   C-   162
    1    0    1   46    9   38    3292.62733379    0.00012747    4   A-   162
    1    0    1   49    4   45    3292.83589084    0.00013541    4   A-   146
    0    0    2   25   16   10    3293.73335873    0.00021213    2   B-   192
    1    0    1   45   10   35    3293.75883630    0.00008944    2   C-   163
    1    1    1   25    8   17    3294.12139461    0.00020000    1   C-   203
    1    1    1   21   10   11    3294.26709446    0.00035444    2   B-   192
    1    0    1   41   13   28    3294.39398115    0.00017021    4   A-   173
    1    1    1   31    1   30    3294.57370374    0.00018577    3   B-   196
    2    0    0   53    8   46    3294.63622933    0.00020000    1   C-   123
    1    0    1   27   19    8    3294.73028094    0.00007615    5   A+   194
    1    0    1   47    8   39    3295.74546116    0.00007515    4   A-   154
    0    0    2   36   11   25    3295.82044467    0.00015638    4   B-   194
    0    0    2   28   15   13    3296.15004714    0.00021213    2   B-   199
    1    0    1   33   17   16    3296.46519175    0.00008944    2   C-   196
    1    1    1   32    1   32    3296.63043112    0.00016291    3   B-   212
    1    1    1   15   12    3    3296.70140916    0.00020000    1   C-   159
    2    0    0   41   17   25    3296.98687492    0.00010709    4   B-   179
    2    0    0   43   16   28    3297.46590366    0.00011547    3   B-   163
    2    0    0   55    5   51    3297.65968660    0.00044163    2   B-   122
    2    1    0   41    1   41    3297.88617860    0.00030000    1   C-   180
    1    0    1   44   11   34    3298.92744641    0.00018781    3   A-   170
    1    1    1   28    6   23    3299.21438433    0.00016448    3   B-   200
    1    1    1   29    5   24    3299.96497348    0.00016559    3   B-   197
    0    0    2   22   17    5    3300.00402380    0.00021213    2   B-   187
    0    0    2   42    5   37    3300.51781717    0.00017321    3   B-   174
    2    0    0   48   13   35    3301.86264600    0.00011547    3   B-   147
    2    0    0   39   18   22    3302.08511888    0.00010464    5   B+   180
    2    0    0   27   22    6    3302.78815489    0.00013655    4   B-   196
    1    1    1   27    7   20    3302.86539645    0.00015554    3   B-   197
    0    0    2   18   18    0    3302.87523776    0.00030000    1   C-   185
    1    1    1   19   11    8    3303.04040033    0.00020000    1   C-   169
    1    0    1   48    7   42    3303.05193721    0.00008165    3   A-   153
    0    0    2   40    8   32    3303.09666241    0.00015000    4   B-   190
    2    0    0   45   15   31    3303.56676977    0.00014142    2   B-   165
    1    1    1   30    4   27    3303.86126152    0.00018915    3   B-   203
    0    0    2   39    9   31    3304.52864737    0.00019515    4   B-   190
    0    0    2   43    4   40    3304.69039045    0.00030000    1   C-   165
    1    0    1   50    4   47    3305.03385712    0.00014627    4   A-   140
    0    0    2   33   13   21    3305.63374896    0.00017321    3   B-   207
    0    0    2   41    7   35    3305.79264931    0.00017321    3   B-   181
    1    1    1   24    9   16    3306.45786438    0.00013561    3   B-   208
    1    0    1   49    5   44    3306.63251448    0.00008944    2   A-   141
    2    0    0   34   20   14    3306.71740160    0.00010000    4   B-   210
    1    0    1   24   20    5    3306.81019259    0.00015897    2   A-   194
    1    1    1   16   12    5    3306.81632508    0.00014142    2   B-   157
    0    0    2   31   14   18    3307.28687606    0.00030000    1   C-   198
    1    0    1   43   12   31    3308.02709224    0.00008269    4   A-   175
    1    1    1   22   10   13    3308.17652266    0.00014142    2   B-   188
    1    0    1   38   15   24    3308.26379176    0.00014142    2   B-   196
    2    0    0   54    7   47    3308.31113321    0.00020000    1   C-   122
    1    1    1   31    2   29    3308.45926256    0.00010576    4   B-   210
    0    0    2   35   12   24    3309.61655966    0.00017321    3   B-   192
    0    0    2   38   10   28    3309.96100505    0.00015000    4   B-   197
    0    0    2   26   16   10    3310.22042478    0.00017321    3   B-   212
    1    0    1   36   16   21    3310.34480555    0.00006541    4   A-   196
    1    1    1   26    8   19    3310.57842822    0.00049857    2   B-   199
    1    0    1   31   18   13    3310.90916105    0.00010000    1   C-   212
    1    0    1   40   14   27    3311.79516762    0.00009190    2   C-   183
    0    0    2   44    2   42    3312.30484440    0.00021213    2   B-   173
    1    0    1   51    2   49    3312.58657808    0.00006568    5   A+   139
    2    0    0   37   19   19    3312.72206513    0.00013163    3   B-   197
    0    0    2   42    6   36    3313.83073385    0.00017321    3   B-   183
    1    1    1   32    2   31    3314.05053034    0.00016060    3   B-   202
    0    0    2   29   15   15    3314.53477404    0.00017321    3   B-   211
    0    0    2   23   17    7    3314.59374692    0.00017321    3   B-   202
    0    0    2   19   18    2    3314.93271141    0.00030000    1   C-   173
    2    0    0   47   14   34    3315.33995306    0.00014142    2   B-   150
    2    0    0   57    3   55    3315.47694563    0.00011547    3   B-   114
    1    1    1   33    0   33    3315.99933425    0.00014142    2   B-   208
    0    0    2   45    2   44    3317.25573661    0.00021213    2   B-   158
    1    0    1   52    2   51    3317.31141745    0.00011218    4   A-   132
    1    1    1   17   12    5    3317.56306267    0.00011547    3   B-   175
    1    1    1   29    6   23    3317.65661309    0.00014142    2   B-   212
    1    0    1   34   17   18    3317.99526844    0.00008391    3   A-   212
    2    0    0   52   10   42    3318.00864613    0.00011547    3   B-   138
    1    1    1   31    3   28    3318.15975757    0.00012671    4   B-   199
    1    0    1   49    6   43    3318.65471416    0.00008165    3   A-   149
    1    1    1   30    5   26    3318.80463920    0.00050853    2   B-   214
    2    0    0   51   11   41    3318.91953815    0.00014142    2   B-   142
    0    0    2   37   11   27    3319.28722949    0.00021213    2   B-   200
    1    0    1   53    0   53    3319.42847019    0.00008361    3   A-   131
    2    0    0   55    6   50    3319.53340865    0.00014142    2   B-   119
    2    0    0   28   22    6    3320.51835260    0.00011547    3   B-   216
    1    1    1   28    7   22    3320.61479528    0.00013294    4   B-   217
    2    1    0   41    2   40    3320.73856091    0.00021213    2   B-   177
    1    0    1   42   13   30    3320.98632343    0.00010000    1   C-   186
    2    0    0   53    9   45    3321.32763215    0.00014142    2   B-   132
    2    0    0   59    1   59    3321.95411275    0.00014142    2   B-   107
    1    1    1   25    9   16    3322.27329577    0.00020000    1   C-   196
    1    0    1   47    9   38    3322.50536034    0.00008376    4   A-   153
    1    0    1   25   20    5    3322.66040549    0.00014142    2   B-   206
    1    1    1   23   10   13    3322.71897314    0.00014142    2   B-   203
    1    0    1   46   10   37    3322.94712119    0.00012624    4   A-   157
    2    0    0   42   17   25    3323.53568955    0.00010460    4   B-   175
    2    0    0   50   12   38    3323.90321300    0.00014142    2   B-   149
    2    0    0   24   23    1    3324.42420404    0.00011944    3   B-   197
    2    0    0   44   16   28    3325.27620336    0.00011345    4   B-   175
    1    0    1   50    5   46    3326.15203961    0.00008944    2   C-   150
    1    0    1   48    8   41    3326.27764532    0.00008571    4   A-   149
    1    1    1   31    4   27    3326.57975600    0.00011547    3   B-   213
    0    0    2   34   13   21    3327.18548413    0.00015459    4   B-   202
    0    0    2   27   16   12    3327.34170157    0.00017321    3   B-   200
    2    0    0   40   18   22    3327.37498552    0.00010749    4   B-   194
    1    0    1   45   11   34    3327.45013482    0.00009772    2   C-   159
    1    0    1   21   21    0    3327.48188360    0.00008944    2   C-   181
    0    0    2   32   14   18    3327.57074711    0.00016866    4   B-   215
    0    0    2   20   18    2    3327.62466663    0.00030000    1   C-   197
    1    1    1   27    8   19    3327.67164158    0.00030169    3   B-   211
    1    1    1   14   13    2    3328.32138666    0.00014142    2   B-   160
    1    1    1   18   12    7    3328.94221649    0.00014142    2   B-   173
    1    1    1   21   11   10    3328.95929165    0.00014142    2   B-   182
    0    0    2   41    8   34    3329.19593990    0.00015000    4   B-   178
    2    0    0   54    8   46    3329.43179743    0.00020000    1   C-   132
    1    1    1   32    3   30    3329.51195173    0.00014568    3   B-   216
    0    0    2   24   17    7    3329.81799944    0.00021213    2   B-   198
    0    0    2   40    9   31    3329.94893893    0.00019935    3   B-   185
    1    0    1   29   19   10    3330.85299266    0.00010000    1   C-   201
    1    0    1   32   18   15    3331.17979051    0.00012514    3   B-   207
    0    0    2   36   12   24    3332.44040560    0.00015000    4   B-   207
    0    0    2   42    7   35    3332.75120187    0.00015000    4   B-   177
    1    0    1   39   15   24    3332.95198475    0.00006325    4   A-   183
    0    0    2   30   15   15    3333.55372316    0.00015000    4   B-   206
    1    0    1   37   16   21    3333.76851503    0.00009446    4   A-   203
    0    0    2   39   10   30    3334.71599066    0.00017321    3   B-   184
    1    0    1   49    7   42    3335.25360264    0.00010626    4   A-   144
    1    0    1   44   12   33    3335.89737604    0.00006270    5   A+   171
    1    1    1   34    1   34    3335.95016300    0.00014142    2   B-   215
    1    0    1   51    3   48    3336.45231236    0.00008165    3   A-   134
    1    1    1   30    6   25    3336.70431807    0.00023156    3   B-   207
    2    0    0   38   19   19    3336.75325541    0.00016684    3   B-   193
    1    0    1   41   14   27    3337.74995304    0.00006615    5   A+   188
    1    1    1   15   13    2    3337.80576719    0.00020000    1   C-   149
    1    1    1   24   10   15    3337.89505914    0.00014142    2   B-   199
    1    1    1   26    9   18    3338.72065934    0.00020000    1   C-   216
    2    0    0   29   22    8    3338.88091574    0.00020000    1   C-   203
    1    1    1   29    7   22    3339.00416894    0.00012761    4   B-   204
    1    1    1   31    5   26    3339.03537526    0.00031272    5   B+   202
    1    0    1   26   20    7    3339.14414660    0.00008165    3   A-   202
    0    0    2   45    3   43    3339.88146619    0.00030000    1   C-   171
    0    0    2   43    6   38    3340.09070392    0.00021213    2   B-   171
    1    0    1   35   17   18    3340.15837887    0.00011274    2   C-   199
    2    0    0   25   23    3    3340.26211716    0.00011703    4   B-   209
    0    0    2   21   18    4    3340.95121273    0.00021225    3   B-   186
    1    1    1   19   12    7    3340.95409549    0.00014142    2   B-   189
    1    0    1   22   21    2    3341.43827475    0.00008944    2   C-   206
    2    1    0   41    3   39    3341.46196562    0.00027673    2   B-   189
    1    1    1   22   11   12    3342.86822363    0.00014142    2   B-   207
    0    0    2   38   11   27    3343.39023144    0.00015000    4   B-   196
    1    1    1   32    4   29    3343.80892024    0.00013675    3   B-   208
    1    0    1   52    3   50    3344.13194012    0.00012803    2   C-   142
    0    0    2   28   16   12    3345.09693775    0.00017879    4   B-   220
    1    1    1   28    8   21    3345.40254326    0.00016849    3   B-   206
    0    0    2   25   17    9    3345.67594881    0.00017321    3   B-   210
    2    0    0   48   14   34    3345.68425958    0.00014142    2   B-   159
    1    0    1   50    6   45    3345.87669262    0.00010570    4   A-   145
    0    0    2   44    4   40    3346.57491907    0.00020550    3   B-   181
    2    1    0   43    1   43    3347.54482722    0.00015000    4   B-   179
    1    1    1   16   13    4    3347.92220700    0.00011547    3   B-   178
    1    0    1   43   13   30    3348.21258626    0.00008944    2   C-   174
    0    0    2   33   14   20    3348.48912355    0.00017321    3   B-   202
    1    0    1   53    1   52    3348.83654114    0.00009116    4   A-   128
    1    1    1   33    2   31    3349.27201436    0.00025086    3   B-   215
    0    0    2   35   13   23    3349.37195269    0.00025223    3   B-   209
    1    0    1   30   19   12    3349.86209747    0.00008944    2   C-   218
    2    0    0   58    2   56    3350.43779161    0.00014142    2   B-   118
    2    0    0   43   17   27    3350.71590120    0.00013879    4   B-   180
    1    0    1   54    1   54    3350.94668792    0.00011061    4   A-   135
    2    0    0   53   10   44    3351.63197481    0.00016856    3   B-   129
    2    0    0   36   20   16    3351.63452877    0.00014142    2   B-   212
    2    0    0   52   11   41    3351.85980681    0.00019441    2   B-   138
    1    0    1   48    9   40    3353.01869781    0.00008944    2   C-   162
    0    0    2   31   15   17    3353.20621420    0.00017321    3   B-   216
    2    0    0   41   18   24    3353.29588735    0.00010000    4   B-   181
    1    1    1   25   10   15    3353.70490374    0.00014142    2   B-   212
    2    0    0   45   16   30    3353.71793987    0.00016848    3   B-   163
    1    1    1   34    2   33    3354.55765442    0.00034470    3   B-   206
    0    0    2   22   18    4    3354.91198286    0.00025081    3   B-   210
    2    0    0   54    9   45    3355.70187939    0.00009920    5   B+   128
    1    1    1   27    9   18    3355.80437077    0.00009646    5   B+   204
    0    0    2   37   12   26    3355.89987778    0.00018392    4   B-   194
    0    0    2   42    8   34    3355.95712943    0.00015846    4   B-   191
    0    0    2   41    9   33    3356.00915702    0.00030000    1   C-   191
    1    0    1   23   21    2    3356.02631853    0.00020000    1   C-   192
    2    0    0   51   12   40    3356.17778284    0.00012388    4   B-   139
    1    0    1   27   20    7    3356.26074007    0.00010650    5   A+   214
    1    1    1   31    6   25    3356.45575812    0.00029677    4   B-   217
    1    1    1   35    0   35    3356.47304141    0.00015042    4   B-   210
    1    0    1   46   11   36    3356.61000918    0.00009602    2   C-   169
    2    0    0   26   23    3    3356.73317690    0.00014142    2   B-   205
    2    0    0   60    0   60    3356.89432933    0.00011547    3   B-   110
    1    0    1   51    4   47    3357.00116904    0.00013438    4   A-   146
    1    1    1   23   11   12    3357.41021739    0.00020000    1   C-   193
    0    0    2   44    5   39    3357.51901744    0.00021213    2   B-   174
    1    0    1   49    8   41    3357.61394389    0.00014959    4   A-   154
    1    0    1   38   16   23    3357.82621624    0.00013702    4   A-   198
    2    0    0   30   22    8    3357.87608053    0.00014142    2   B-   222
    1    1    1   30    7   24    3358.03287581    0.00018237    3   B-   223
    1    0    1   40   15   26    3358.27274517    0.00008944    2   C-   197
    1    1    1   17   13    4    3358.67149103    0.00020000    1   C-   166
    1    1    1   32    5   28    3358.93767112    0.00014142    2   B-   219
    0    0    2   43    7   37    3360.07001728    0.00017321    3   B-   181
    0    0    2   40   10   30    3360.10928586    0.00017321    3   B-   199
    0    0    2   45    4   42    3360.30489530    0.00021213    2   B-   165
    1    1    1   33    3   30    3360.38712275    0.00031378    4   B-   203
    0    0    2   26   17    9    3362.16813691    0.00017321    3   B-   206
    0    0    2   29   16   14    3363.48598516    0.00021213    2   B-   207
    1    1    1   29    8   21    3363.77027398    0.00059587    2   B-   218
    1    0    1   42   14   29    3364.33733052    0.00008944    2   C-   183
    1    0    1   45   12   33    3364.40282559    0.00006596    4   A-   175
    2    0    0   50   13   37    3364.47275481    0.00016151    3   B-   147
    2    0    0   56    6   50    3365.90907118    0.00014142    2   B-   128
    1    0    1   50    7   44    3366.29370395    0.00008944    2   C-   153
    1    1    1   21   12    9    3366.87562342    0.00027801    2   B-   202
    2    1    0   42    2   40    3367.09336695    0.00017871    4   B-   193
    0    0    2   46    2   44    3367.95749530    0.00021213    2   B-   172
    0    0    2   39   11   29    3368.12981046    0.00017321    3   B-   201
    1    0    1   52    4   49    3368.71832099    0.00010682    4   A-   140
    1    1    1   33    4   29    3369.02792779    0.00014142    2   B-   218
    1    0    1   31   19   12    3369.50512882    0.00007172    4   A-   206
    0    0    2   23   18    6    3369.50704775    0.00021213    2   B-   197
    0    0    2   34   14   20    3370.04128891    0.00017321    3   B-   219
    1    1    1   18   13    6    3370.05268017    0.00023939    2   B-   194
    0    0    2   44    6   38    3370.14573058    0.00019850    3   B-   183
    1    1    1   26   10   17    3370.14926278    0.00020000    1   C-   208
    1    1    1   34    3   32    3371.13615587    0.00020000    1   C-   220
    1    0    1   24   21    4    3371.24907012    0.00014142    2   B-   216
    2    1    0   43    2   42    3371.59377539    0.00030000    1   C-   178
    0    0    2   36   13   23    3372.19284295    0.00017321    3   B-   204
    1    0    1   51    5   46    3372.37738033    0.00008165    3   A-   142
    1    1    1   24   11   14    3372.58553856    0.00020000    1   C-   217
    0    0    2   19   19    1    3372.77730264    0.00030000    1   C-   193
    0    0    2   47    2   46    3372.86967755    0.00025214    2   B-   158
    0    0    2   32   15   17    3373.49267066    0.00015000    4   B-   211
    1    1    1   28    9   20    3373.52336321    0.00013904    4   B-   224
    2    0    0   27   23    5    3373.83613073    0.00014142    2   B-   217
    1    0    1   28   20    9    3374.01135327    0.00014142    2   B-   210
    0    0    2   48    0   48    3375.15833628    0.00021213    2   B-   166
    1    1    1   35    1   34    3375.64558487    0.00014142    2   B-   204
    1    0    1   44   13   32    3376.07318409    0.00009702    2   C-   187
    1    0    1   53    2   51    3376.24004878    0.00012630    4   A-   139
    2    0    0   49   14   36    3376.66102925    0.00024118    2   B-   150
    1    1    1   32    6   27    3376.77136175    0.00018752    3   B-   212
    2    0    0   31   22   10    3377.50349236    0.00014610    3   B-   209
    1    1    1   36    1   36    3377.57580030    0.00016264    4   B-   215
    1    1    1   31    7   24    3377.70553381    0.00017128    2   B-   210
    2    0    0   44   17   27    3378.52763565    0.00015625    3   B-   175
    2    0    0   58    3   55    3378.61209774    0.00020000    1   C-   115
    0    0    2   27   17   11    3379.29417670    0.00017321    3   B-   218
    2    0    0   42   18   24    3379.84814414    0.00012023    4   B-   195
    0    0    2   38   12   26    3379.99485166    0.00018788    3   B-   209
    1    1    1   22   12   11    3380.78579382    0.00014142    2   B-   199
    1    1    1   33    5   28    3380.80581672    0.00017796    3   B-   206
    1    0    1   54    2   53    3380.93755800    0.00009815    4   A-   132
    1    1    1   19   13    6    3382.06651419    0.00017814    2   B-   182
    1    1    1   15   14    1    3382.08087709    0.00015612    2   B-   167
    0    0    2   30   16   14    3382.50858048    0.00017321    3   B-   226
    1    0    1   39   16   23    3382.51669207    0.00013301    4   A-   204
    0    0    2   42    9   33    3382.71192704    0.00017389    4   B-   186
    1    1    1   30    8   23    3382.77425847    0.00020000    1   C-   213
    2    0    0   46   16   30    3382.79120833    0.00015154    3   B-   175
    1    0    1   55    0   55    3383.04087384    0.00006524    4   A-   130
    1    0    1   48   10   39    3383.24304452    0.00006325    4   A-   157
    0    0    2   43    8   36    3383.34148013    0.00019189    3   B-   179
    1    0    1   49    9   40    3384.18732542    0.00009378    2   C-   153
    1    0    1   41   15   26    3384.22613187    0.00009772    2   C-   184
    1    0    1   51    6   45    3384.60286409    0.00007033    3   A-   149
    0    0    2   24   18    6    3384.73620755    0.00018923    3   B-   220
    2    0    0   53   11   43    3385.43763102    0.00023817    2   B-   141
    0    0    2   20   19    1    3385.47440870    0.00035737    2   B-   191
    0    0    2   41   10   32    3386.14123079    0.00025026    2   B-   185
    1    1    1   34    4   31    3386.22203064    0.00014142    2   B-   212
    1    0    1   37   17   20    3386.38313535    0.00018360    3   A-   201
    1    0    1   47   11   36    3386.40751299    0.00016438    4   A-   159
    2    0    0   40   19   21    3386.71075933    0.00013422    4   B-   194
    1    0    1   25   21    4    3387.10535644    0.00008944    2   C-   202
    1    1    1   27   10   17    3387.22701750    0.00020000    1   C-   220
    1    1    1   25   11   14    3388.39393579    0.00020000    1   C-   203
    0    0    2   44    7   37    3388.44167779    0.00024476    3   B-   177
    0    0    2   46    3   43    3388.59922467    0.00021213    2   B-   170
    2    0    0   52   12   40    3389.08818015    0.00017496    3   B-   149
    1    0    1   50    8   43    3389.39486928    0.00014437    3   A-   149
    1    0    1   32   19   14    3389.78118919    0.00022045    4   A-   224
    1    0    1   52    5   48    3390.94452478    0.00007439    4   A-   150
    1    0    1   43   14   29    3391.55915523    0.00020000    1   C-   187
    2    0    0   28   23    5    3391.57306546    0.00013463    3   B-   213
    1    1    1   29    9   20    3391.87769998    0.00021425    2   B-   211
    0    0    2   35   14   22    3392.22761295    0.00018056    3   B-   206
    1    1    1   35    2   33    3392.33037938    0.00011547    3   B-   217
    2    0    0   48   15   33    3392.68715954    0.00011154    4   B-   159
    0    0    2   40   11   29    3393.50660179    0.00017321    3   B-   196
    0    0    2   33   15   19    3394.41312622    0.00017321    3   B-   221
    1    1    1   20   13    8    3394.71304103    0.00020000    1   C-   206
    1    1    1   23   12   11    3395.32853528    0.00024944    2   B-   214
    0    0    2   37   13   25    3395.64825405    0.00017321    3   B-   211
    2    0    0   51   13   39    3396.72792692    0.00010789    4   B-   151
    0    0    2   45    6   40    3396.98064931    0.00030000    1   C-   171
    0    0    2   28   17   11    3397.05409981    0.00021213    2   B-   214
    1    1    1   36    2   35    3397.37507329    0.00012711    4   B-   208
    2    0    0   32   22   10    3397.76309676    0.00016597    2   B-   227
    1    1    1   33    6   27    3397.85390123    0.00013381    4   B-   222
    1    1    1   32    7   26    3398.01329509    0.00011547    3   B-   228
    2    0    0   24   24    0    3398.31785114    0.00018820    2   C+   222
    0    0    2   21   19    3    3398.80603004    0.00030000    1   C-   206
    2    0    0   38   20   18    3399.07725309    0.00016967    3   B-   214
    1    1    1   37    0   37    3399.25323435    0.00016764    3   B-   212
    2    1    0   45    1   45    3399.50700329    0.00038659    2   B-   179
    1    0    1   51    7   44    3400.31080763    0.00013842    4   A-   144
    2    0    0   56    8   48    3400.46330812    0.00020000    1   C-   132
    0    0    2   25   18    8    3400.59985573    0.00030000    1   C-   207
    1    0    1   53    3   50    3401.34058262    0.00008165    3   A-   134
    0    0    2   48    1   47    3401.54194878    0.00030000    1   C-   161
    1    1    1   34    5   30    3401.62793185    0.00043013    2   B-   223
    0    0    2   31   16   16    3402.16539517    0.00017321    3   B-   213
    1    1    1   31    8   23    3402.41733196    0.00014142    2   B-   223
    1    1    1   17   14    3    3402.95161997    0.00014142    2   B-   184
    1    0    1   26   21    6    3403.59524740    0.00010000    1   C-   224
    0    0    2   49    1   49    3403.82668174    0.00030000    1   C-   162
    1    0    1   45   13   32    3404.56762553    0.00008944    2   C-   173
    0    0    2   39   12   28    3404.72491829    0.00021213    2   B-   196
    1    1    1   26   11   16    3404.83546253    0.00020000    1   C-   225
    1    1    1   28   10   19    3404.93919758    0.00014142    2   B-   216
    1    1    1   35    3   32    3404.98941581    0.00018888    3   B-   207
    0    0    2   46    4   42    3405.22877203    0.00018002    4   B-   181
    2    0    0   45   17   29    3406.96982377    0.00019978    2   B-   180
    2    0    0   43   18   26    3407.03183110    0.00014142    2   B-   182
    1    0    1   40   16   25    3407.83907433    0.00008165    3   A-   199
    1    1    1   21   13    8    3407.99193908    0.00023238    2   B-   194
    2    0    0   50   14   36    3408.27141509    0.00020000    1   C-   159
    1    0    1   54    3   52    3408.93229485    0.00006619    4   A-   142
    2    0    0   29   23    7    3409.94181100    0.00014142    2   B-   225
    0    0    2   43    9   35    3410.05582414    0.00021213    2   B-   191
    1    0    1   38   17   22    3410.44390951    0.00011345    4   A-   216
    1    1    1   24   12   13    3410.50375576    0.00014142    2   B-   210
    1    0    1   42   15   28    3410.81326155    0.00009057    5   A+   199
    1    1    1   30    9   22    3410.86911366    0.00033337    3   B-   231
    0    0    2   44    8   36    3411.40594684    0.00015000    4   B-   191
    1    0    1   30   20   11    3411.41154747    0.00014142    2   B-   217
    1    0    1   52    6   47    3411.43811918    0.00012566    3   A-   145
    2    0    0   47   16   32    3412.49616070    0.00013204    3   B-   163
    2    0    0   41   19   23    3412.63644561    0.00014142    2   B-   199
    0    0    2   22   19    3    3412.77229563    0.00030000    1   C-   204
    0    0    2   42   10   32    3412.81254031    0.00017321    3   B-   200
    3    0    0    2    0    2    3412.85644460    0.00028127    2   B-    42
    3    0    0    1    1    1    3413.23227382    0.00030000    1   C-    25
    1    0    1   55    1   54    3413.61317059    0.00017533    2   C-   128
    1    0    1   49   10   39    3414.35150050    0.00021517    4   A-   163
    3    0    0    2    1    1    3414.58956643    0.00030000    1   C-    25
    0    0    2   36   14   22    3415.04833901    0.00017321    3   B-   221
    1    1    1   36    3   34    3415.10115609    0.00026647    3   B-   222
    0    0    2   29   17   13    3415.44816371    0.00017321    3   B-   226
    1    0    1   56    1   56    3415.71030917    0.00010002    4   A-   134
    0    0    2   34   15   19    3415.96794840    0.00015000    4   B-   215
    1    0    1   50    9   42    3415.98533025    0.00010000    1   C-   162
    1    0    1   48   11   38    3416.84207439    0.00008944    2   C-   169
    0    0    2   45    7   39    3416.93912496    0.00015000    4   B-   181
    0    0    2   26   18    8    3417.09721548    0.00016534    4   B-   227
    0    0    2   46    5   41    3417.13603524    0.00019573    3   B-   174
    3    0    0    4    0    4    3417.23163433    0.00020009    3   B-    66
    0    0    2   47    4   44    3418.25037281    0.00015000    4   B-   165
    2    0    0   33   22   12    3418.65456166    0.00011547    3   B-   214
    1    1    1   33    7   26    3418.97229146    0.00018845    3   B-   215
    3    0    0    4    1    3    3419.15690473    0.00021213    2   B-    49
    1    0    1   44   14   31    3419.41377827    0.00013992    3   A-   183
    1    1    1   34    6   29    3419.41767702    0.00018252    3   B-   216
    0    0    2   41   11   31    3419.51997925    0.00017321    3   B-   201
    1    1    1   37    1   36    3419.63145562    0.00030999    4   B-   206
    2    0    0   54   11   43    3419.65344477    0.00014142    2   B-   137
    0    0    2   38   13   25    3419.73908992    0.00017703    4   B-   206
    2    1    0   44    2   42    3420.34251576    0.00019970    3   B-   193
    1    0    1   27   21    6    3420.71888514    0.00010000    1   C-   210
    2    0    0   55   10   46    3420.80623168    0.00020000    1   C-   129
    1    1    1   38    1   38    3421.50896065    0.00014142    2   B-   217
    3    0    0    5    1    5    3421.64974413    0.00030000    1   C-    73
    1    1    1   22   13   10    3421.90379731    0.00014142    2   B-   219
    1    1    1   27   11   16    3421.91071310    0.00020000    1   C-   211
    1    0    1   51    8   43    3422.10784142    0.00018125    3   A-   154
    0    0    2   32   16   16    3422.45625488    0.00017321    3   B-   231
    2    0    0   53   12   42    3422.63336226    0.00014014    3   B-   139
    1    1    1   32    8   25    3422.69889595    0.00016113    4   B-   218
    1    1    1   29   10   19    3423.28618896    0.00014142    2   B-   228
    1    0    1   47   12   35    3423.32122179    0.00006667    3   C-   175
    1    0    1   23   22    1    3423.35381007    0.00008944    2   C-   218
    1    0    1   53    4   49    3423.36753052    0.00008944    2   C-   146
    3    0    0    6    0    6    3424.06831827    0.00021213    2   B-    89
    1    1    1   35    5   30    3425.31432825    0.00031594    3   B-   210
    0    0    2   48    2   46    3425.91026905    0.00021213    2   B-   172
    1    1    1   25   12   13    3426.31259879    0.00020000    1   C-   224
    3    0    0    6    1    5    3426.32438516    0.00020248    3   B-    72
    2    0    0   56    9   47    3426.34575157    0.00021439    3   B-   128
    1    1    1   19   14    5    3426.35234479    0.00018363    3   B-   200
    2    0    0   61    2   60    3426.59063092    0.00020000    1   C-   103
    3    0    0    5    2    4    3427.00359663    0.00017321    3   B-    55
    0    0    2   23   19    5    3427.37297860    0.00019498    3   B-   219
    2    0    0   30   23    7    3428.94278105    0.00014142    2   B-   220
    0    0    2   46    6   40    3429.25950942    0.00021213    2   B-   184
    1    1    1   15   15    0    3429.50306013    0.00020000    1   C-   156
    0    0    2   40   12   28    3430.09106873    0.00017321    3   B-   210
    1    1    1   31    9   22    3430.49445964    0.00034093    2   B-   218
    2    0    0   26   24    2    3430.63880103    0.00014142    2   B-   230
    0    0    2   49    2   48    3430.79123841    0.00030000    1   C-   158
    3    0    0    6    2    4    3430.84440236    0.00030000    1   C-    90
    1    0    1   31   20   11    3431.06096957    0.00014142    2   B-   227
    1    1    1   36    4   33    3431.07483275    0.00012792    4   B-   214
    1    0    1   52    7   46    3432.10013167    0.00008658    4   A-   153
    1    0    1   34   19   16    3432.23187081    0.00020000    1   C-   229
    0    0    2   50    0   50    3433.07168914    0.00021213    2   B-   165
    3    0    0    8    0    8    3433.31974712    0.00017321    3   B-   112
    1    0    1   46   13   34    3433.69643751    0.00010088    4   A-   186
    1    0    1   41   16   25    3433.79422159    0.00011341    3   A-   205
    0    0    2   27   18   10    3434.22911171    0.00021213    2   B-   215
    0    0    2   30   17   13    3434.47595124    0.00016774    4   B-   221
    1    0    1   54    4   51    3434.70627367    0.00006615    4   A-   140
    2    0    0   44   18   26    3434.84554644    0.00014142    2   B-   195
    1    0    1   39   17   22    3435.13722872    0.00009188    4   A-   203
    3    0    0    7    2    6    3435.14464962    0.00018804    4   B-    78
    3    0    0    5    3    3    3435.28544753    0.00030857    2   B-    74
    2    0    0   46   17   29    3436.04421520    0.00011671    4   B-   175
    3    0    0    8    1    7    3436.07611788    0.00021213    2   B-    95
    2    0    0   57    8   50    3436.20790043    0.00014142    2   B-   123
    1    1    1   23   13   10    3436.44855498    0.00020000    1   C-   206
    1    1    1   37    2   35    3437.64101131    0.00035901    2   B-   219
    1    0    1   43   15   28    3438.03268328    0.00013589    3   A-   185
    0    0    2   44    9   35    3438.04406909    0.00017321    3   B-   186
    0    0    2   35   15   21    3438.15630101    0.00030000    1   C-   224
    0    0    2   37   14   24    3438.50319675    0.00017321    3   B-   208
    1    1    1   20   14    7    3439.00156002    0.00020000    1   C-   198
    3    0    0    6    3    3    3439.05749900    0.00021959    3   B-    73
    2    0    0   42   19   23    3439.19306909    0.00011547    3   B-   195
    1    1    1   28   11   18    3439.61957387    0.00020000    1   C-   233
    1    1    1   16   15    2    3439.62471271    0.00020000    1   C-   186
    3    0    0    9    1    9    3439.62841152    0.00019463    4   B-   118
    0    0    2   45    8   38    3440.07253733    0.00021213    2   B-   179
    0    0    2   43   10   34    3440.12267653    0.00017321    3   B-   186
    2    0    0   34   22   12    3440.17806959    0.00015053    3   B-   232
    3    0    0    8    2    6    3440.38971816    0.00016690    4   B-   113
    1    0    1   53    5   48    3440.45470024    0.00010743    4   A-   143
    2    0    0   51   14   38    3440.51294920    0.00013840    3   B-   150
    1    1    1   34    7   28    3440.56250673    0.00021977    2   B-   233
    2    0    0   58    6   52    3440.89439005    0.00014142    2   B-   129
    1    1    1   35    6   29    3441.86796160    0.00014354    3   B-   225
    1    0    1   55    2   53    3442.19218404    0.00009579    2   C-   139
    1    1    1   30   10   21    3442.26711861    0.00026293    2   B-   223
    1    1    1   38    2   37    3442.50144217    0.00035823    2   B-   209
    0    0    2   24   19    5    3442.60731743    0.00019115    3   B-   215
    1    1    1   26   12   15    3442.75361949    0.00011547    3   B-   220
    0    0    2   33   16   18    3443.38043460    0.00027326    2   B-   218
    3    0    0    7    3    5    3443.45740381    0.00017029    4   B-    97
    1    1    1   33    8   25    3443.61927629    0.00058401    2   B-   228
    1    1    1   39    0   39    3444.33985644    0.00020000    1   C-   213
    0    0    2   39   13   27    3444.46426820    0.00021213    2   B-   214
    3    0    0   10    0   10    3444.93345517    0.00021213    2   B-   134
    3    0    0    9    2    8    3445.77441263    0.00034039    2   B-   101
    1    0    1   50   10   41    3446.09987074    0.00015234    4   A-   157
    0    0    2   42   11   31    3446.17053015    0.00021229    3   B-   197
    0    0    2   20   20    0    3446.24588870    0.00030000    1   C-   213
    0    0    2   46    7   39    3446.79999484    0.00017882    3   B-   177
    1    1    1   36    5   32    3446.86345574    0.00032477    3   B-   225
    1    0    1   56    2   55    3446.86568425    0.00008717    3   A-   132
    0    0    2   48    3   45    3447.84628177    0.00030000    1   C-   170
    1    0    1   45   14   31    3447.90145954    0.00010000    1   C-   188
    1    0    1   49   11   38    3447.91439417    0.00006532    4   A-   159
    3    0    0   10    1    9    3448.38800330    0.00015000    4   B-   117
    1    0    1   51    9   42    3448.45123931    0.00008334    4   A-   153
    2    0    0   31   23    9    3448.57689386    0.00010000    4   B-   230
    1    0    1   57    0   57    3448.95554833    0.00008011    4   A-   130
    1    1    1   17   15    2    3450.37957995    0.00020000    1   C-   173
    3    0    0    6    4    2    3450.62443939    0.00030000    1   C-    92
    1    1    1   32    9   24    3450.75705893    0.00016910    3   B-   236
    1    0    1   32   20   13    3451.34383786    0.00012634    3   A-   222
    1    1    1   24   13   12    3451.62584572    0.00016342    2   B-   231
    1    1    1   37    3   34    3451.89779082    0.00014142    2   B-   209
    0    0    2   28   18   10    3451.99508434    0.00021213    2   B-   235
    3    0    0   11    1   11    3452.17083746    0.00021213    2   B-   140
    1    1    1   21   14    7    3452.28329877    0.00020000    1   C-   213
    3    0    0   10    2    8    3452.56335061    0.00015000    4   B-   135
    1    0    1   53    6   47    3453.25213998    0.00008513    4   A-   149
    1    0    1   48   12   37    3453.73326449    0.00009772    2   C-   171
    0    0    2   31   17   15    3454.13793680    0.00021213    2   B-   231
    3    0    0    9    3    7    3454.15103439    0.00021213    2   B-   119
    2    0    0   58    7   51    3454.93366528    0.00030967    2   B-   123
    1    0    1   52    8   45    3455.10355981    0.00012047    5   A+   149
    2    0    0   50   15   35    3455.26010806    0.00014142    2   B-   160
    0    0    2   49    3   47    3455.76252266    0.00030000    1   C-   170
    0    0    2   41   12   30    3456.09283887    0.00021213    2   B-   197
    0    0    2   47    6   42    3456.39851475    0.00030000    1   C-   171
    2    0    0   54   12   42    3456.81461078    0.00010000    4   B-   149
    1    0    1   29   21    8    3456.86541283    0.00020000    1   C-   217
    1    1    1   29   11   18    3457.96258276    0.00014142    2   B-   218
    1    0    1   54    5   50    3458.07632652    0.00010907    4   A-   150
    0    0    2   25   19    7    3458.47724383    0.00030000    1   C-   229
    3    0    0   12    0   12    3458.86600542    0.00017321    3   B-   154
    3    0    0   11    2   10    3458.87836676    0.00018360    4   B-   123
    0    0    2   21   20    2    3459.58329686    0.00030000    1   C-   200
    3    0    0    8    4    4    3460.05080631    0.00024519    3   B-   115
    1    0    1   40   17   24    3460.46363645    0.00016677    3   B-   217
    3    0    0   10    3    7    3460.47444765    0.00021213    2   B-   118
    0    0    2   50    1   49    3460.61674734    0.00030000    1   C-   161
    1    1    1   38    3   36    3461.39705369    0.00020000    1   C-   223
    3    0    0    5    5    1    3461.72129423    0.00021213    2   B-    75
    1    1    1   18   15    4    3461.76617546    0.00020000    1   C-   203
    1    1    1   31   10   21    3461.88358860    0.00014142    2   B-   233
    2    0    0   35   22   14    3462.33392657    0.00021006    2   B-   218
    0    0    2   38   14   24    3462.59252556    0.00017321    3   B-   224
    1    1    1   35    7   28    3462.81189514    0.00020000    1   C-   219
    0    0    2   51    1   51    3462.89413041    0.00030000    1   C-   162
    3    0    0   12    1   11    3463.22927363    0.00017321    3   B-   139
    1    0    1   47   13   34    3463.46016616    0.00020000    1   C-   173
    1    1    1   36    6   31    3464.64539794    0.00014792    4   B-   219
    0    0    2   34   16   18    3464.93842893    0.00018112    3   B-   236
    1    1    1   34    8   27    3465.17844008    0.00019330    2   B-   222
    3    0    0    9    4    6    3465.70878474    0.00032284    2   B-   103
    2    0    0   47   17   31    3465.74897996    0.00014548    4   B-   180
    1    0    1   44   15   30    3465.88535113    0.00008736    3   A-   199
    1    1    1   39    1   38    3465.91816233    0.00054815    2   B-   208
    0    0    2   48    4   44    3466.10924600    0.00021213    2   B-   181
    1    1    1   22   14    9    3466.19773299    0.00014142    2   B-   211
    0    0    2   45    9   37    3466.67233736    0.00021213    2   B-   191
    3    0    0   13    1   13    3467.06412093    0.00023797    3   B-   160
    3    0    0   11    3    9    3467.37002524    0.00016270    4   B-   141
    3    0    0   12    2   10    3467.39254228    0.00017321    3   B-   155
    1    1    1   40    1   40    3467.74815777    0.00012345    3   B-   218
    0    0    2   44   10   34    3468.07278241    0.00017321    3   B-   200
    1    0    1   53    7   46    3468.15081829    0.00009347    4   A-   144
    1    0    1   55    3   52    3468.51103000    0.00007918    4   A-   134
    2    0    0   32   23    9    3468.84311974    0.00014142    2   B-   225
    0    0    2   46    8   38    3469.45271949    0.00021213    2   B-   191
    0    0    2   40   13   27    3469.82449279    0.00021213    2   B-   208
    3    0    0    7    5    3    3469.88649733    0.00020719    3   B-    99
    0    0    2   29   18   12    3470.39491471    0.00017321    3   B-   222
    1    0    1   26   22    5    3470.94159213    0.00020000    1   C-   224
    1    1    1   33    9   24    3471.65685721    0.00020000    1   C-   223
    3    0    0   10    4    6    3471.99848757    0.00030000    1   C-   137
    1    0    1   33   20   13    3472.25986737    0.00007559    4   A-   231
    2    0    0   52   14   38    3473.38918024    0.00016763    3   B-   159
    0    0    2   43   11   33    3473.45832464    0.00016805    4   B-   202
    1    1    1   19   15    4    3473.78597165    0.00016308    2   B-   190
    2    0    0   49   16   34    3473.79963883    0.00011547    3   B-   163
    0    0    2   32   17   15    3474.43359730    0.00020078    3   B-   226
    3    0    0   13    2   12    3474.44108061    0.00023663    3   B-   143
    3    0    0    8    5    3    3474.91189542    0.00022934    3   B-    98
    0    0    2   26   19    7    3474.98093366    0.00017321    3   B-   225
    3    0    0   12    3    9    3475.01094417    0.00014618    5   B+   140
    3    0    0   14    0   14    3475.09071623    0.00021213    2   B-   173
    1    0    1   30   21   10    3475.88875972    0.00010000    1   C-   239
    1    0    1   56    3   54    3476.03213749    0.00008868    5   A+   142
    0    0    2   47    7   41    3476.39768823    0.00015000    4   B-   181
    1    1    1   30   11   20    3476.93917542    0.00015227    3   B-   240
    1    0    1   46   14   33    3477.02366907    0.00008846    3   A-   183
    1    1    1   28   12   17    3477.53616759    0.00014142    2   B-   228
    1    1    1   38    4   35    3478.34121095    0.00020000    1   C-   216
    1    0    1   51   10   41    3478.49035436    0.00009630    2   C-   163
    0    0    2   49    4   46    3478.51539143    0.00024218    2   B-   165
    3    0    0   11    4    8    3478.91839428    0.00020049    3   B-   125
    0    0    2   48    5   43    3479.28581033    0.00021213    2   B-   174
    1    0    1   54    6   49    3479.43813789    0.00009724    2   C-   145
    1    0    1   50   11   40    3479.62489245    0.00019186    3   A-   169
    3    0    0   14    1   13    3480.55416354    0.00021213    2   B-   159
    1    0    1   57    1   56    3480.69262936    0.00008006    4   A-   128
    1    1    1   23   14    9    3480.74481028    0.00020000    1   C-   226
    1    0    1   52    9   44    3481.53118546    0.00006325    4   A-   162
    0    0    2   42   12   30    3482.73104093    0.00020146    3   B-   211
    1    0    1   58    1   58    3482.77500064    0.00009382    3   A-   133
    3    0    0   13    3   11    3483.11631993    0.00015311    5   B+   161
    3    0    0    6    6    0    3483.64071561    0.00021213    2   B-    93
    1    1    1   26   13   14    3483.87815726    0.00020904    2   B-   240
    3    0    0   15    1   15    3484.29621914    0.00020359    3   B-   179
    0    0    2   37   15   23    3484.43497883    0.00021213    2   B-   226
    3    0    0   14    2   12    3484.88150336    0.00016993    4   B-   174
    1    1    1   39    2   37    3485.21696506    0.00015404    3   B-   221
    1    1    1   36    7   30    3485.68429990    0.00048426    2   B-   235
    0    0    2   50    2   48    3486.16412765    0.00021213    2   B-   172
    1    0    1   41   17   24    3486.42291983    0.00028732    3   A-   204
    3    0    0   12    4    8    3486.47489572    0.00023750    3   B-   158
    3    0    0   10    5    5    3486.85242626    0.00023092    4   B-   121
    0    0    2   35   16   20    3487.13050099    0.00017321    3   B-   222
    0    0    2   39   14   26    3487.31604442    0.00021213    2   B-   210
    1    1    1   35    8   27    3487.37740849    0.00020000    1   C-   233
    1    0    1   43   16   27    3487.60287838    0.00012773    5   A+   206
    3    0    0    7    6    2    3488.03757386    0.00021213    2   B-    82
    1    0    1   27   22    5    3488.07231119    0.00025485    3   A-   236
    0    0    2   23   20    4    3488.16188561    0.00030000    1   C-   212
    1    1    1   37    6   31    3488.52180771    0.00020000    1   C-   227
    1    0    1   53    8   45    3489.24547905    0.00007922    4   A-   154
    0    0    2   30   18   12    3489.42858505    0.00017321    3   B-   242
    2    0    0   33   23   11    3489.74158664    0.00012176    3   B-   235
    1    1    1   40    2   39    3489.93210804    0.00020000    1   C-   211
    2    0    0   56   11   45    3490.00046178    0.00013459    4   B-   136
    1    1    1   16   16    1    3490.16880253    0.00015569    2   B-   176
    0    0    2   51    2   50    3491.01996494    0.00030000    1   C-   157
    0    0    2   48    6   42    3491.17472913    0.00022217    3   B-   185
    2    0    0   55   12   44    3491.63203083    0.00026199    2   B-   139
    1    1    1   41    0   41    3491.73223065    0.00014813    3   B-   212
    1    0    1   55    4   51    3491.94785444    0.00007017    4   A-   146
    0    0    2   27   19    9    3492.11886735    0.00030000    1   C-   237
    3    0    0   14    3   11    3492.13689384    0.00025014    3   B-   160
    2    0    0   46   18   28    3492.36752646    0.00020000    1   C-   195
    3    0    0   15    2   14    3492.44344534    0.00016628    4   B-   162
    2    0    0   57   10   48    3492.54784164    0.00017374    2   B-   129
    3    0    0    8    6    2    3493.06224439    0.00024058    3   B-   117
    1    1    1   34    9   26    3493.19281154    0.00024217    4   B-   241
    0    0    2   52    0   52    3493.29275479    0.00030000    1   C-   165
    3    0    0   16    0   16    3493.59984422    0.00019794    3   B-   192
    3    0    0   11    5    7    3493.76725827    0.00021213    2   B-   144
    1    0    1   34   20   15    3493.80877688    0.00020000    1   C-   225
    1    0    1   48   13   36    3493.85748404    0.00015646    2   C-   186
    1    0    1   45   15   30    3494.37094461    0.00009024    4   A-   185
    1    1    1   38    5   34    3494.62666329    0.00011547    3   B-   227
    3    0    0   13    4   10    3494.65829635    0.00030000    1   C-   146
    0    0    2   33   17   17    3495.36304945    0.00019471    4   B-   236
    0    0    2   41   13   29    3495.81922825    0.00018851    3   B-   215
    1    1    1   29   12   17    3495.87732470    0.00014142    2   B-   240
    1    1    1   24   14   11    3495.92468584    0.00014142    2   B-   222
    0    0    2   46    9   37    3495.94868507    0.00021213    2   B-   186
    2    0    0   48   17   31    3496.08523134    0.00020000    1   C-   175
    1    1    1   31   11   20    3496.54947363    0.00020000    1   C-   226
    0    0    2   45   10   36    3496.66249646    0.00015811    4   B-   186
    2    0    0   54   13   41    3497.29741711    0.00014142    2   B-   147
    3    0    0    9    6    4    3498.71610637    0.00017672    4   B-   105
    0    0    2   49    5   45    3499.04716716    0.00021213    2   B-   178
    0    0    2   47    8   40    3499.39188374    0.00021213    2   B-   179
    2    0    0   58    9   49    3499.59666673    0.00025239    2   B-   128
    1    1    1   21   15    6    3499.72376094    0.00014142    2   B-   205
    3    0    0   16    1   15    3500.31103407    0.00017448    4   B-   178
    1    0    1   54    7   48    3500.45390922    0.00018889    3   A-   153
    1    1    1   17   16    1    3500.92650632    0.00020000    1   C-   196
    1    1    1   39    3   36    3501.06275938    0.00033286    3   B-   211
    2    0    0   60    5   55    3501.13481952    0.00020000    1   C-   120
    3    0    0   12    5    7    3501.31418168    0.00020179    3   B-   143
    0    0    2   44   11   33    3501.38424514    0.00015523    4   B-   198
    3    0    0   15    3   13    3501.38626156    0.00019356    3   B-   180
    2    0    0   64    0   64    3502.39937504    0.00019060    2   B-   101
    1    0    1   56    4   53    3502.99389635    0.00012445    2   C-   140
    0    0    2   24   20    4    3503.40331734    0.00030000    1   C-   238
    3    0    0   14    4   10    3503.48699030    0.00017346    4   B-   177
    3    0    0   17    1   17    3503.85429016    0.00017890    4   B-   197
    3    0    0   10    6    4    3504.99934194    0.00017321    3   B-   140
    3    0    0   16    2   14    3505.01438418    0.00021213    2   B-   193
    2    0    0   50   16   34    3505.39837984    0.00014142    2   B-   175
    1    0    1   28   22    7    3505.83729372    0.00010000    1   C-   232
    1    0    1   47   14   33    3506.77908349    0.00008165    3   A-   188
    2    0    0   53   14   40    3506.89653921    0.00010605    4   B-   150
    0    0    2   38   15   23    3508.52563036    0.00021213    2   B-   220
    0    0    2   31   18   14    3509.09663584    0.00017321    3   B-   229
    1    1    1   37    7   30    3509.23461495    0.00020000    1   C-   221
    3    0    0    7    7    1    3509.46335511    0.00034588    2   B-   101
    3    0    0   13    5    9    3509.49057365    0.00021823    3   B-   164
    0    0    2   28   19    9    3509.89112118    0.00019284    3   B-   233
    0    0    2   36   16   20    3509.95635168    0.00021213    2   B-   238
    0    0    2   43   12   32    3510.00414139    0.00021213    2   B-   198
    1    1    1   40    3   38    3510.01351452    0.00014142    2   B-   224
    1    1    1   36    8   29    3510.21716587    0.00027474    4   B-   226
    1    0    1   57    2   55    3510.44223210    0.00006667    3   A-   139
    1    0    1   55    5   50    3510.79336752    0.00010303    3   A-   143
    2    0    0   59    8   52    3510.85947481    0.00022209    2   B-   123
    2    0    0   34   23   11    3511.27241875    0.00013403    4   B-   229
    1    0    1   52   10   43    3511.51988409    0.00010000    1   C-   157
    1    1    1   25   14   11    3511.73664656    0.00020000    1   C-   237
    3    0    0   16    3   13    3511.88788191    0.00017321    3   B-   179
    3    0    0   11    6    6    3511.91175509    0.00021213    2   B-   128
    1    0    1   51   11   40    3511.97321027    0.00009774    2   C-   159
    1    1    1   39    4   35    3512.24377644    0.00018570    4   B-   224
    1    1    1   18   16    3    3512.31766999    0.00020000    1   C-   193
    1    1    1   38    6   33    3512.45696354    0.00014142    2   B-   221
    0    0    2   40   14   26    3512.67325480    0.00021213    2   B-   225
    3    0    0   17    2   16    3512.86494863    0.00016577    4   B-   180
    3    0    0   15    4   12    3512.93226592    0.00022275    4   B-   165
    1    1    1   22   15    8    3513.64119749    0.00014142    2   B-   231
    3    0    0   18    0   18    3514.39298121    0.00021213    2   B-   210
    3    0    0    8    7    1    3514.48813456    0.00021213    2   B-    99
    1    1    1   41    1   40    3514.50638582    0.00020000    1   C-   208
    1    0    1   58    2   57    3515.09444795    0.00007181    4   A-   131
    1    0    1   53    9   44    3515.30248844    0.00015048    3   A-   153
    1    0    1   44   16   29    3515.45573798    0.00008944    2   C-   201
    1    0    1   32   21   12    3515.83676748    0.00010994    3   A-   244
    1    0    1   35   20   15    3515.99141263    0.00010000    1   C-   235
    1    1    1   42    1   42    3516.29329671    0.00069390    2   B-   219
    1    0    1   50   12   39    3516.46653318    0.00012103    4   A-   171
    0    0    2   34   17   17    3516.92611324    0.00017321    3   B-   230
    0    0    2   51    3   49    3517.16240617    0.00030000    1   C-   170
    1    0    1   59    0   59    3517.17128929    0.00013635    3   A-   130
    3    0    0   14    5    9    3518.29973672    0.00015000    4   B-   163
    2    0    0   60    6   54    3518.30427171    0.00020000    1   C-   129
    0    0    2   49    6   44    3518.32087173    0.00021213    2   B-   171
    0    0    2   25   20    6    3519.27930757    0.00030000    1   C-   223
    3    0    0    9    7    3    3520.14199811    0.00025252    2   B-   124
    2    0    0   52   15   37    3520.36144326    0.00014142    2   B-   159
    0    0    2   52    1   51    3521.99865585    0.00030000    1   C-   161
    2    0    0   47   18   30    3522.07461429    0.00014142    2   B-   182
    3    0    0   17    3   15    3522.17145775    0.00016526    4   B-   199
    3    0    0   18    1   17    3522.43999793    0.00019489    3   B-   195
    0    0    2   42   13   29    3522.44998999    0.00015000    4   B-   209
    0    0    2   21   21    1    3523.25518568    0.00030000    1   C-   221
    1    0    1   54    8   47    3523.40258984    0.00008701    4   A-   149
    1    0    1   46   15   32    3523.48956010    0.00008335    3   A-   199
    1    0    1   29   22    7    3524.23413036    0.00014142    2   B-   244
    0    0    2   53    1   53    3524.26830150    0.00030000    1   C-   161
    1    1    1   19   16    3    3524.34036588    0.00020000    1   C-   213
    1    0    1   55    6   49    3524.52631452    0.00008579    3   A-   149
    1    1    1   34   10   25    3524.54369209    0.00020000    1   C-   233
    1    0    1   49   13   36    3524.88982398    0.00010000    1   C-   173
    3    0    0   19    1   19    3525.73276931    0.00023582    3   B-   214
    0    0    2   47    9   39    3525.86262720    0.00021213    2   B-   191
    3    0    0   10    7    3    3526.42477569    0.00030625    2   B-   122
    2    0    0   49   17   33    3527.05209665    0.00014142    2   B-   180
    1    0    1   56    5   52    3527.53271139    0.00008165    3   A-   150
    3    0    0   13    6    8    3527.62687287    0.00025228    2   B-   150
    3    0    0   15    5   11    3527.74090530    0.00021213    2   B-   183
    3    0    0   18    2   16    3527.75826112    0.00021213    2   B-   211
    1    1    1   40    4   37    3527.99776127    0.00020000    1   C-   218
    1    1    1   26   14   13    3528.18205295    0.00019137    2   B-   233
    1    1    1   23   15    8    3528.19188001    0.00020000    1   C-   218
    0    0    2   29   19   11    3528.29746970    0.00030000    1   C-   245
    0    0    2   50    4   46    3529.19491612    0.00030000    1   C-   181
    2    0    0   58   10   48    3529.39350672    0.00014142    2   B-   138
    0    0    2   32   18   14    3529.39769767    0.00017321    3   B-   247
    0    0    2   45   11   35    3529.94728127    0.00030000    1   C-   202
    2    0    0   55   13   43    3532.08899174    0.00011547    3   B-   151
    0    0    2   39   15   25    3533.24950832    0.00021207    3   B-   228
    3    0    0   11    7    5    3533.33552305    0.00015679    4   B-   146
    1    1    1   38    7   32    3533.38370785    0.00013683    3   B-   237
    0    0    2   37   16   22    3533.41629653    0.00021213    2   B-   224
    2    0    0   35   23   13    3533.43488303    0.00014142    2   B-   239
    1    1    1   37    8   29    3533.69815343    0.00014142    2   B-   235
    3    0    0   17    4   14    3533.74715236    0.00017321    3   B-   183
    3    0    0   18    3   15    3534.30217430    0.00017321    3   B-   196
    1    1    1   41    2   39    3535.06669638    0.00013769    4   B-   221
    3    0    0   19    2   18    3535.68662352    0.00018811    3   B-   197
    0    0    2   26   20    6    3535.78933674    0.00030000    1   C-   248
    3    0    0   14    6    8    3536.42918483    0.00015677    4   B-   182
    1    1    1   20   16    5    3536.99688043    0.00021504    2   B-   210
    1    1    1   29   13   16    3537.00353629    0.00011547    3   B-   234
    0    0    2   22   21    1    3537.23305560    0.00030000    1   C-   218
    3    0    0   20    0   20    3537.47411475    0.00027471    2   B-   225
    1    1    1   33   11   22    3537.67305489    0.00014142    2   B-   232
    3    0    0   16    5   11    3537.81592573    0.00022655    3   B-   182
    1    1    1   39    6   33    3537.84555705    0.00036087    2   B-   230
    0    0    2   44   12   32    3537.91451583    0.00017898    3   B-   211
    1    0    1   57    3   54    3537.96863733    0.00006707    4   A-   134
    1    1    1   36    9   28    3538.17769802    0.00020000    1   C-   243
    0    0    2   41   14   28    3538.66589964    0.00021213    2   B-   211
    1    0    1   55    7   48    3538.79816082    0.00009166    4   A-   144
    0    0    2   35   17   19    3539.12343855    0.00021213    2   B-   240
    3    0    0    8    8    0    3539.17765789    0.00030000    1   C-   120
    1    1    1   42    2   41    3539.66873436    0.00014142    2   B-   211
    3    0    0   12    7    5    3540.87671673    0.00016436    4   B-   144
    2    0    0   54   14   40    3541.03708241    0.00014142    2   B-   159
    1    0    1   26   23    4    3541.15356862    0.00016565    3   B-   249
    1    1    1   43    0   43    3541.42931288    0.00019810    2   B-   213
    2    0    0   28   25    3    3542.24087203    0.00011547    3   B-   237
    1    0    1   30   22    9    3543.26587606    0.00007559    4   A-   239
    1    1    1   24   15   10    3543.37474226    0.00014142    2   B-   244
    0    0    2   50    5   45    3543.88390048    0.00022829    3   B-   174
    1    0    1   45   16   29    3543.93978335    0.00010000    1   C-   206
    3    0    0    9    8    2    3544.83089802    0.00021213    2   B-   108
    1    1    1   40    5   36    3544.89526362    0.00014142    2   B-   228
    1    0    1   52   11   42    3544.96023868    0.00020000    1   C-   170
    3    0    0   18    4   14    3545.16975761    0.00016915    4   B-   214
    1    0    1   53   10   43    3545.19568105    0.00009209    4   A-   163
    1    1    1   27   14   13    3545.25913181    0.00018125    2   B-   245
    1    0    1   58    3   56    3545.43159598    0.00006389    4   A-   142
    3    0    0   19    3   17    3545.46231405    0.00021364    3   B-   216
    3    0    0   15    6   10    3545.86313807    0.00015695    4   B-   170
    1    1    1   35   10   25    3546.70152289    0.00020000    1   C-   243
    3    0    0   20    1   19    3546.88870025    0.00016604    4   B-   212
    0    0    2   30   19   11    3547.33788159    0.00038107    2   B-   240
    3    0    0   17    5   13    3548.52265555    0.00017321    3   B-   202
    0    0    2   52    2   50    3548.72036935    0.00021213    2   B-   172
    1    0    1   51   12   39    3548.78689007    0.00009399    3   A-   175
    3    0    0   13    7    7    3549.04667199    0.00030000    1   C-   168
    1    0    1   54    9   46    3549.65964316    0.00009491    4   A-   163
    0    0    2   43   13   31    3549.71477250    0.00021213    2   B-   216
    1    0    1   56    6   51    3549.84982481    0.00014765    4   A-   145
    3    0    0   21    1   21    3549.92448482    0.00017567    4   B-   228
    1    0    1   59    1   58    3550.07105154    0.00010230    4   A-   127
    0    0    2   33   18   16    3550.33396591    0.00019897    3   B-   234
    2    0    0   60    8   52    3550.68722065    0.00014142    2   B-   132
    3    0    0   10    8    2    3551.11366847    0.00019165    3   B-   143
    2    0    0   46   19   27    3551.72879283    0.00014142    2   B-   196
    0    0    2   23   21    3    3551.84628773    0.00030000    1   C-   234
    1    0    1   60    1   60    3552.14072379    0.00008387    4   A-   133
    2    0    0   48   18   30    3552.41206177    0.00014142    2   C-   195
    1    1    1   41    3   38    3552.45221820    0.00020000    1   C-   212
    0    0    2   27   20    8    3552.93454699    0.00030000    1   C-   233
    3    0    0   20    2   18    3553.06897759    0.00016762    4   B-   227
    1    0    1   47   15   32    3553.24081979    0.00020000    1   C-   185
    0    0    2   53    2   52    3553.55434441    0.00030000    1   C-   157
    1    1    1   17   17    0    3554.56547343    0.00020000    1   C-   186
    1    1    1   32   12   21    3554.70105248    0.00020000    1   C-   242
    0    0    2   47   10   38    3555.76262934    0.00025766    3   B-   186
    0    0    2   54    0   54    3555.82006667    0.00030000    1   C-   165
    3    0    0   16    6   10    3555.92757885    0.00017459    4   B-   201
    2    0    0   36   23   13    3556.22962164    0.00031416    2   B-   233
    0    0    2   48    9   39    3556.42995952    0.00021213    2   B-   187
    1    0    1   50   13   38    3556.55838263    0.00010000    1   C-   186
    3    0    0   19    4   16    3557.10492010    0.00017321    3   B-   200
    3    0    0   14    7    7    3557.84618829    0.00021961    3   B-   166
    3    0    0   11    8    4    3558.02490897    0.00021213    2   B-   131
    1    1    1   39    7   32    3558.24905937    0.00014142    2   B-   223
    1    0    1   27   23    4    3558.29163897    0.00013912    3   B-   234
    0    0    2   40   15   25    3558.60767719    0.00021213    2   B-   222
    2    0    0   50   17   33    3558.64990679    0.00020000    1   C-   175
    1    0    1   55    8   47    3559.05576310    0.00018454    2   A-   154
    0    0    2   46   11   35    3559.14919583    0.00015000    4   B-   198
    3    0    0   20    3   17    3559.40962596    0.00021213    2   B-   213
    3    0    0   18    5   13    3559.86746788    0.00017321    3   B-   200
    3    0    0   21    2   20    3560.88759097    0.00017127    4   B-   213
    1    1    1   42    3   40    3560.94314525    0.00020000    1   C-   225
    0    0    2   49    8   42    3561.30498554    0.00030000    1   C-   179
    1    1    1   37    9   28    3561.62737801    0.00020000    1   C-   229
    0    0    2   36   17   19    3561.95417634    0.00017321    3   B-   234
    1    0    1   57    4   53    3562.75926105    0.00019818    2   A-   146
    1    1    1   40    6   35    3562.84254520    0.00020000    1   C-   223
    3    0    0   22    0   22    3562.84805078    0.00021213    2   B-   238
    1    1    1   28   14   15    3562.96948845    0.00018192    2   B-   241
    2    0    0   57   12   46    3563.17404717    0.00014142    2   B-   139
    1    1    1   41    4   37    3565.03830451    0.00014142    2   B-   225
    0    0    2   42   14   28    3565.29207777    0.00021213    2   B-   226
    1    1    1   43    1   42    3565.39753910    0.00014142    2   B-   209
    3    0    0   12    8    4    3565.56446307    0.00017321    3   B-   165
    0    0    2   45   12   34    3566.46045530    0.00021213    2   B-   198
    3    0    0   17    6   12    3566.62468989    0.00017321    3   B-   189
    0    0    2   31   19   13    3567.01237104    0.00030000    1   C-   252
    1    1    1   44    1   44    3567.14178542    0.00014142    2   B-   218
    3    0    0   15    7    9    3567.27643689    0.00017321    3   B-   187
    2    0    0   56   13   43    3567.51468117    0.00020000    1   C-   147
    1    0    1   49   14   35    3568.19088809    0.00008165    3   A-   188
    2    0    0   52   16   36    3570.48989813    0.00011547    3   B-   174
    0    0    2   28   20    8    3570.71443396    0.00030000    1   C-   256
    3    0    0   21    3   19    3571.24030753    0.00021213    2   B-   231
    1    0    1   56    7   50    3571.33709747    0.00020000    1   C-   154
    3    0    0   19    5   15    3571.84278312    0.00014448    5   B+   220
    0    0    2   34   18   16    3571.90301321    0.00027056    2   B-   252
    3    0    0    9    9    1    3572.76799985    0.00021213    2   B-   128
    1    0    1   46   16   31    3573.05977972    0.00013767    4   A-   201
    1    0    1   58    4   55    3573.58019191    0.00008944    2   C-   140
    3    0    0   22    1   21    3573.61858087    0.00017321    3   B-   227
    3    0    0   13    8    6    3573.73415795    0.00021213    2   B-   153
    2    0    0   60    9   51    3575.47014058    0.00020000    1   C-   128
    1    1    1   33   12   21    3575.57577551    0.00020000    1   C-   252
    1    1    1   26   15   12    3575.63861636    0.00014142    2   B-   254
    2    0    0   55   14   42    3575.81168988    0.00011547    3   B-   150
    1    0    1   28   23    6    3576.06337169    0.00020000    1   C-   257
    3    0    0   23    1   23    3576.42412302    0.00023457    3   B-   241
    3    0    0   16    7    9    3577.33594951    0.00019390    3   B-   185
    0    0    2   44   13   31    3577.61499539    0.00019221    4   B-   210
    3    0    0   18    6   12    3577.95310514    0.00024698    2   B-   220
    1    1    1   23   16    7    3578.76098135    0.00014142    2   B-   242
    2    0    0   62    5   57    3579.11359286    0.00020000    1   C-   120
    1    0    1   54   10   45    3579.50865036    0.00009204    3   A-   157
    2    0    0   30   25    5    3579.63803677    0.00019390    2   B-   244
    1    1    1   42    4   39    3580.02332712    0.00020000    1   C-   219
    0    0    2   53    3   51    3580.86664757    0.00030000    1   C-   170
    3    0    0   22    2   20    3580.89315401    0.00016009    4   B-   240
    1    0    1   59    2   57    3580.99110973    0.00008165    3   A-   139
    1    1    1   29   14   15    3581.31295683    0.00020000    1   C-   253
    1    0    1   52   12   41    3581.74384832    0.00008490    3   A-   171
    1    0    1   24   24    1    3581.80953137    0.00014142    2   B-   236
    0    0    2   39   16   24    3582.23596973    0.00021213    2   B-   226
    3    0    0   14    8    6    3582.53224048    0.00030000    1   C-   186
    0    0    2   25   21    5    3582.97673855    0.00030000    1   C-   246
    3    0    0   21    4   18    3583.00771775    0.00015233    5   B+   216
    1    0    1   32   22   11    3583.22916046    0.00011547    3   B-   246
    1    0    1   57    5   52    3583.33974997    0.00018939    3   A-   143
    2    0    0   49   18   32    3583.38073421    0.00016603    3   B-   181
    1    1    1   40    7   34    3583.66551392    0.00014142    2   B-   239
    3    0    0   20    5   15    3584.46301940    0.00022383    3   B-   217
    0    0    2   41   15   27    3584.59909674    0.00019548    3   B-   230
    1    0    1   55    9   46    3584.75064509    0.00020000    1   C-   153
    0    0    2   37   17   21    3585.41801648    0.00021213    2   B-   242
    1    0    1   60    2   59    3585.62319166    0.00020000    1   C-   130
    0    0    2   54    1   53    3585.68595535    0.00030000    1   C-   159
    1    1    1   38    9   30    3585.71596124    0.00016355    2   B-   245
    3    0    0   11    9    3    3585.96244722    0.00024761    3   B-   151
    0    0    2   48   10   38    3586.27480676    0.00030000    1   C-   200
    1    1    1   43    2   41    3587.19836199    0.00014142    2   B-   222
    0    0    2   32   19   13    3587.32073811    0.00021463    3   B-   247
    0    0    2   49    9   41    3587.63011694    0.00017321    3   B-   191
    1    0    1   61    0   61    3587.68695287    0.00006325    4   A-   129
    0    0    2   55    1   55    3587.94847986    0.00030000    1   C-   159
    3    0    0   17    7   11    3588.02602861    0.00021213    2   B-   206
    2    0    0   61    8   54    3588.07412475    0.00014142    2   B-   123
    3    0    0   23    2   22    3588.44944984    0.00017321    3   B-   226
    1    0    1   51   13   38    3588.85957476    0.00020000    1   C-   173
    0    0    2   47   11   37    3588.98841284    0.00017321    3   B-   202
    0    0    2   29   20   10    3589.12709266    0.00030000    1   C-   241
    1    1    1   41    6   35    3589.87390021    0.00016173    3   B-   231
    3    0    0   19    6   14    3589.91525348    0.00023313    3   B-   206
    3    0    0   24    0   24    3590.51693337    0.00022430    3   B-   251
    1    1    1   20   17    4    3590.64742393    0.00020000    1   C-   234
    2    0    0   51   17   35    3590.87880630    0.00020000    1   C-   180
    3    0    0   15    8    8    3591.96033866    0.00019307    3   B-   174
    0    0    2   43   14   30    3592.55298276    0.00017321    3   B-   212
    1    1    1   27   15   12    3592.71959557    0.00020000    1   C-   239
    0    0    2   50    8   42    3593.38438554    0.00030000    1   C-   191
    1    1    1   45    0   45    3593.43112905    0.00037875    2   B-   212
    3    0    0   12    9    3    3593.50262271    0.00020134    3   B-   149
    1    1    1   24   16    9    3593.94813290    0.00020000    1   C-   238
    0    0    2   35   18   18    3594.10577979    0.00017321    3   B-   238
    1    0    1   56    8   49    3594.28930830    0.00023275    3   A-   149
    1    0    1   29   23    6    3594.46969581    0.00016814    2   B-   242
    0    0    2   52    4   48    3594.48181425    0.00030000    1   C-   181
    0    0    2   46   12   34    3595.64336672    0.00016814    4   B-   211
    1    0    1   45   17   28    3596.58105502    0.00010000    1   C-   205
    3    0    0   22    4   18    3597.19900456    0.00017321    3   B-   244
    1    1    1   42    5   38    3597.64519886    0.00020000    1   C-   229
    3    0    0   21    5   17    3597.70587423    0.00023271    3   B-   236
    1    0    1   57    6   51    3598.34140934    0.00008165    3   A-   150
    1    0    1   58    5   54    3599.30111211    0.00010928    3   A-   149
    3    0    0   18    7   11    3599.34813449    0.00035231    2   B-   203
    3    0    0   23    3   21    3599.48606338    0.00017110    4   B-   244
    0    0    2   26   21    5    3599.49426566    0.00030000    1   C-   241
    1    0    1   50   14   37    3599.84693694    0.00014142    2   B-   183
    3    0    0   13    9    5    3601.67103598    0.00030700    2   B-   173
    3    0    0   16    8    8    3602.01741295    0.00017321    3   B-   205
    3    0    0   20    6   14    3602.51023920    0.00029619    2   B-   237
    3    0    0   24    1   23    3602.61160248    0.00021213    2   B-   240
    0    0    2   51    7   45    3603.05345984    0.00019841    3   B-   181
    2    0    0   38   23   15    3603.71377264    0.00014142    2   B-   235
    0    0    2   22   22    0    3603.77375236    0.00030000    1   C-   247
    2    0    0   53   16   38    3603.98217708    0.00014142    2   B-   163
    2    0    0   60   10   50    3605.00244262    0.00024460    2   B-   138
    3    0    0   25    1   25    3605.23038936    0.00017321    3   B-   253
    1    1    1   43    3   40    3606.06063592    0.00020000    1   C-   213
    0    0    2   40   16   24    3607.59655102    0.00025554    3   B-   242
    1    1    1   40    8   33    3607.98811097    0.00014142    2   B-   230
    0    0    2   30   20   10    3608.17484263    0.00021213    2   B-   264
    0    0    2   33   19   15    3608.26334236    0.00030000    1   C-   257
    2    0    0   41   22   20    3608.52951120    0.00014142    2   B-   225
    0    0    2   38   17   21    3609.51619074    0.00028055    2   B-   236
    1    0    1   59    3   56    3609.71404051    0.00008165    3   A-   134
    1    1    1   41    7   34    3609.86806893    0.00020000    1   C-   226
    3    0    0   10   10    0    3610.22023704    0.00021213    2   B-   147
    1    1    1   28   15   14    3610.43281041    0.00020000    1   C-   262
    1    1    1   39    9   30    3610.44256926    0.00014142    2   B-   231
    3    0    0   14    9    5    3610.46959672    0.00023695    2   B-   171
    0    0    2   52    5   47    3610.84305409    0.00030000    1   C-   174
    3    0    0   24    2   22    3611.17013351    0.00021213    2   B-   254
    2    0    0   56   14   42    3611.21785727    0.00017338    2   B-   159
    0    0    2   42   15   27    3611.22559173    0.00021213    2   B-   223
    3    0    0   19    7   13    3611.30065673    0.00017321    3   B-   224
    3    0    0   23    4   20    3611.45245741    0.00030158    2   B-   230
    3    0    0   22    5   17    3611.61062936    0.00028297    2   B-   233
    1    0    1   57    7   50    3612.25729007    0.00020000    1   C-   144
    3    0    0   17    8   10    3612.70496124    0.00018125    3   B-   193
    1    0    1   54   11   44    3612.85026906    0.00014142    2   B-   170
    1    0    1   30   23    8    3613.50857930    0.00014142    2   B-   265
    0    0    2   54    2   52    3613.57858279    0.00021213    2   B-   171
    1    1    1   44    3   42    3614.18117688    0.00014142    2   B-   226
    1    0    1   26   24    3    3614.19780280    0.00020000    1   C-   247
    1    0    1   55   10   45    3614.47066278    0.00014142    2   B-   163
    2    0    0   50   18   32    3614.98005154    0.00015039    3   B-   194
    1    0    1   53   12   41    3615.33708911    0.00015076    3   A-   175
    3    0    0   21    6   16    3615.73828596    0.00017321    3   B-   223
    0    0    2   27   21    7    3616.64698979    0.00030000    1   C-   255
    1    1    1   38   10   29    3616.99236973    0.00020000    1   C-   239
    1    0    1   60    3   58    3617.12806738    0.00008165    3   A-   142
    3    0    0   11   10    2    3617.13211225    0.00030000    1   C-   135
    0    0    2   49   10   40    3617.42723223    0.00030000    1   C-   186
    3    0    0   24    3   21    3617.72228613    0.00022576    3   B-   241
    1    1    1   22   17    6    3617.86650537    0.00014142    2   B-   249
    3    0    0   25    2   24    3618.35646916    0.00017321    3   B-   238
    0    0    2   55    2   54    3618.39360539    0.00030000    1   C-   157
    0    0    2   23   22    2    3618.39492751    0.00030000    1   C-   233
    1    1    1   45    1   44    3618.59137758    0.00042296    2   B-   209
    1    1    1   35   12   23    3619.22696619    0.00014142    2   B-   257
    0    0    2   48   11   37    3619.46649496    0.00030000    1   C-   198
    0    0    2   50    9   41    3619.49472978    0.00021213    2   B-   187
    3    0    0   15    9    7    3619.89674495    0.00030000    1   C-   193
    1    1    1   31   14   17    3619.89747398    0.00014142    2   B-   261
    1    1    1   43    4   39    3620.22970988    0.00020000    1   C-   226
    1    1    1   46    1   46    3620.29446708    0.00011547    3   B-   218
    1    0    1   56    9   48    3620.37526730    0.00026522    3   A-   163
    0    0    2   44   14   30    3620.44838276    0.00017321    3   B-   227
    3    0    0   26    0   26    3620.48497351    0.00021213    2   B-   263
    0    0    2   56    0   56    3620.65232457    0.00030000    1   C-   164
    1    0    1   61    1   60    3621.74916182    0.00019345    3   A-   127
    1    0    1   52   13   40    3621.79650403    0.00014142    2   B-   184
    1    0    1   58    6   53    3622.64720305    0.00012600    3   C-   145
    2    0    0   52   17   35    3623.73783150    0.00014142    2   B-   175
    1    0    1   62    1   62    3623.80530367    0.00009447    4   A-   132
    3    0    0   20    7   13    3623.88497142    0.00016397    4   B-   220
    3    0    0   18    8   10    3624.02245990    0.00021213    2   B-   224
    3    0    0   12   10    2    3624.67234137    0.00030000    1   C-   170
    0    0    2   47   12   36    3625.46283402    0.00021213    2   B-   198
    1    0    1   34   22   13    3625.72535959    0.00014142    2   B-   251
    0    0    2   51    8   44    3625.81152567    0.00030000    1   C-   179
    3    0    0   23    5   19    3626.11742766    0.00017321    3   B-   249
    1    1    1   26   16   11    3626.22056195    0.00016162    2   B-   249
    3    0    0   24    4   20    3627.16680313    0.00021213    2   B-   257
    0    0    2   31   20   12    3627.85776568    0.00030000    1   C-   248
    3    0    0   22    6   16    3629.60266219    0.00017321    3   B-   252
    3    0    0   16    9    7    3629.95315832    0.00030000    1   C-   191
    3    0    0   25    3   23    3630.17889434    0.00024971    3   B-   257
    1    0    1   57    8   49    3631.56617641    0.00017052    3   A-   154
    1    0    1   51   14   37    3632.13737512    0.00020000    1   C-   188
    3    0    0   13   10    4    3632.84228519    0.00023938    2   B-   158
    1    0    1   31   23    8    3633.18179421    0.00019030    2   B-   249
    0    0    2   24   22    2    3633.64976227    0.00030000    1   C-   260
    3    0    0   26    1   25    3633.86577728    0.00021213    2   B-   251
    0    0    2   39   17   23    3634.24753900    0.00022195    3   B-   244
    1    1    1   44    4   41    3634.39825760    0.00014142    2   B-   220
    1    1    1   19   18    1    3634.69725212    0.00020000    1   C-   229
    0    0    2   46   13   33    3635.32117202    0.00021812    3   B-   209
    1    1    1   40    9   32    3635.80873182    0.00014142    2   B-   247
    1    0    1   59    4   55    3635.81159817    0.00012987    4   A-   146
    3    0    0   19    8   12    3635.96977279    0.00032058    2   B-   211
    3    0    0   27    1   27    3636.33982606    0.00021213    2   B-   263
    3    0    0   21    7   15    3637.10086025    0.00017321    3   B-   240
    2    0    0   54   16   38    3638.10592765    0.00014142    2   C-   174
    0    0    2   43   15   29    3638.48523081    0.00023698    2   B-   231
    1    1    1   32   14   19    3640.13918615    0.00016054    2   B-   256
    0    0    2   37   18   20    3640.41288434    0.00021213    2   B-   241
    3    0    0   17    9    9    3640.63882141    0.00025710    2   B-   212
    3    0    0   24    5   19    3641.32256388    0.00022329    3   B-   246
    3    0    0   14   10    4    3641.64049337    0.00022305    3   B-   192
    1    1    1   36   12   25    3642.00379953    0.00020000    1   C-   251
    3    0    0   25    4   22    3642.43355252    0.00016764    4   B-   242
    1    1    1   27   16   11    3643.30494478    0.00020000    1   C-   265
    3    0    0   26    2   24    3643.83323716    0.00021213    2   B-   266
    3    0    0   23    6   18    3644.09958688    0.00021213    2   B-   238
    1    1    1   43    6   37    3644.64614584    0.00014142    2   B-   232
    1    0    1   58    7   52    3644.72255043    0.00014142    2   B-   154
    1    1    1   46    2   45    3646.05195531    0.00020000    1   C-   211
    1    0    1   50   15   36    3646.29190598    0.00020000    1   C-   199
    1    0    1   60    4   57    3646.46000812    0.00014142    2   B-   139
    0    0    2   55    3   53    3646.87329951    0.00030000    1   C-   169
    2    0    0   51   18   34    3647.20924404    0.00014142    2   B-   181
    2    0    0   57   14   44    3647.25648337    0.00020000    1   C-   150
    1    1    1   47    0   47    3647.73443198    0.00020000    1   C-   212
    1    0    1   55   11   44    3647.75457744    0.00014142    2   B-   159
    1    1    1   30   15   16    3647.75791899    0.00020000    1   C-   270
    3    0    0   20    8   12    3648.54830899    0.00017321    3   B-   242
    0    0    2   45   14   32    3648.97776015    0.00021213    2   B-   213
    0    0    2   50   10   40    3649.22171649    0.00030000    1   C-   200
    0    0    2   25   22    4    3649.54041699    0.00030000    1   C-   245
    1    0    1   54   12   43    3649.56707224    0.00013879    3   A-   171
    1    0    1   56   10   47    3650.06710838    0.00020000    1   C-   158
    0    0    2   49   11   39    3650.58319176    0.00030000    1   C-   203
    3    0    0   27    2   26    3650.59508943    0.00019382    3   B-   249
    3    0    0   26    3   23    3650.88106969    0.00019671    4   B-   253
    3    0    0   22    7   15    3650.94927273    0.00030000    1   C-   236
    3    0    0   15   10    6    3651.06826043    0.00017321    3   B-   180
    3    0    0   11   11    1    3651.51500374    0.00030000    1   C-   159
    0    0    2   56    1   55    3651.67721032    0.00030000    1   C-   159
    3    0    0   18    9    9    3651.95417817    0.00030000    1   C-   210
    0    0    2   51    9   43    3651.97979501    0.00030000    1   C-   191
    0    0    2   35   19   17    3652.04910585    0.00030000    1   C-   262
    3    0    0   28    0   28    3652.75152527    0.00030000    1   C-   270
    2    0    0   40   23   17    3653.72393970    0.00014142    2   B-   237
    1    0    1   61    2   59    3653.83616913    0.00020000    1   C-   137
    0    0    2   57    1   57    3653.93311428    0.00030000    1   C-   158
    1    0    1   53   13   40    3655.36805201    0.00020000    1   C-   173
    1    0    1   57    9   48    3656.80615581    0.00008165    3   A-   153
    1    0    1   59    5   54    3658.06581207    0.00014142    2   B-   143
    2    0    0   56   15   41    3658.14530091    0.00020000    1   C-   160
    1    0    1   62    2   61    3658.44985838    0.00014142    2   C+   129
    3    0    0   12   11    1    3659.05736674    0.00019812    3   B-   156
    3    0    0   24    6   18    3659.23564569    0.00021332    3   B-   265
    0    0    2   52    8   44    3659.30395054    0.00030000    1   C-   192
    0    0    2   40   17   23    3659.61194251    0.00021213    2   B-   238
    3    0    0   26    4   22    3659.82125041    0.00017321    3   B-   269
    0    0    2   42   16   26    3660.21822757    0.00015810    4   B-   243
    1    0    1   63    0   63    3660.50109753    0.00014142    2   B-   128
    1    1    1   42    8   35    3660.73046623    0.00020000    1   C-   231
    1    1    1   33   14   19    3661.01335491    0.00020000    1   C-   266
    1    1    1   28   16   13    3661.02244203    0.00020000    1   C-   259
    3    0    0   16   10    6    3661.12407528    0.00021213    2   B-   212
    3    0    0   21    8   14    3661.75748604    0.00021213    2   B-   228
    1    1    1   41    9   32    3661.81447445    0.00013599    3   B-   233
    1    1    1   45    3   42    3661.89381969    0.00020000    1   C-   214
    3    0    0   27    3   25    3663.29656491    0.00030000    1   C-   267
    3    0    0   19    9   11    3663.89938445    0.00018570    4   B-   231
    1    1    1   43    7   36    3664.10837228    0.00016311    2   B-   227
    0    0    2   38   18   20    3664.51576369    0.00030000    1   C-   258
    1    0    1   52   14   39    3665.06006755    0.00020000    1   C-   183
    0    0    2   47   13   35    3665.12781079    0.00018965    3   B-   215
    1    1    1   37   12   25    3665.41483057    0.00014142    2   B-   259
    3    0    0   23    7   17    3665.43093974    0.00021213    2   B-   253
    0    0    2   26   22    4    3666.06540517    0.00030000    1   C-   272
    0    0    2   44   15   29    3666.37817897    0.00040730    2   B-   224
    1    1    1   40   10   31    3667.03619819    0.00034491    2   B-   241
    3    0    0   13   11    3    3667.22751498    0.00021213    2   B-   182
    1    1    1   31   15   16    3667.36930814    0.00014142    2   B-   254
    3    0    0   28    1   27    3667.38632713    0.00017321    3   B-   261
    1    0    1   58    8   51    3667.75658758    0.00014142    2   B-   149
    1    1    1   46    3   44    3669.72265289    0.00020000    1   C-   226
    3    0    0   29    1   29    3669.75150135    0.00022011    3   B-   271
    0    0    2   53    7   47    3670.22335331    0.00021213    2   B-   182
    3    0    0   17   10    8    3671.81027068    0.00017321    3   B-   200
    2    0    0   55   16   40    3672.86051577    0.00020000    1   C-   163
    1    0    1   60    5   56    3673.37515196    0.00014142    2   B-   149
    1    0    1   25   25    0    3673.52141507    0.00020000    1   C-   250
    3    0    0   26    5   21    3673.61407393    0.00017665    4   B-   257
    1    1    1   47    1   46    3674.08564592    0.00014142    2   B-   207
    1    0    1   59    6   53    3674.60641890    0.00020000    1   C-   151
    0    0    2   36   19   17    3674.89350469    0.00030000    1   C-   256
    3    0    0   25    6   20    3675.00436536    0.00019888    3   B-   251
    3    0    0   22    8   14    3675.59772342    0.00030000    1   C-   258
    1    1    1   48    1   48    3675.74997867    0.00020000    1   C-   217
    3    0    0   27    4   24    3675.93974721    0.00017854    4   B-   253
    3    0    0   14   11    3    3676.02691316    0.00026981    3   B-   179
    3    0    0   20    9   11    3676.47421325    0.00018329    3   B-   227
    1    1    1   45    4   41    3677.74044662    0.00025936    2   B-   226
    0    0    2   46   14   32    3678.14230831    0.00030000    1   C-   227
    1    0    1   51   15   36    3678.57541030    0.00014142    2   B-   185
    3    0    0   28    2   26    3678.82037258    0.00030000    1   C-   275
    1    1    1   29   16   13    3679.37257514    0.00017966    2   B-   273
    1    1    1   26   17   10    3679.89767266    0.00016513    3   B-   274
    3    0    0   24    7   17    3680.54593590    0.00021213    2   B-   249
    0    0    2   51   10   42    3681.65762842    0.00030000    1   C-   186
    0    0    2   50   11   39    3682.33966684    0.00017321    3   B-   198
    3    0    0   18   10    8    3683.12391614    0.00030000    1   C-   231
    0    0    2   27   22    6    3683.22464739    0.00030000    1   C-   256
    1    0    1   56   11   46    3683.29784142    0.00020000    1   C-   171
    1    0    1   55   12   43    3684.43386508    0.00020000    1   C-   175
    3    0    0   15   11    5    3685.45424301    0.00021873    3   B-   204
    0    0    2   57    2   56    3685.53655705    0.00030000    1   C-   157
    0    0    2   41   17   25    3685.60960987    0.00029547    2   B-   245
    1    0    1   57   10   47    3686.32002363    0.00014142    2   B-   163
    3    0    0   28    3   25    3686.64616201    0.00017136    5   B+   263
    0    0    2   49   12   38    3687.01077993    0.00021213    2   B-   198
    3    0    0   30    0   30    3687.31664509    0.00017321    3   B-   277
    1    1    1   32   15   18    3687.61324440    0.00020000    1   C-   277
    0    0    2   58    0   58    3687.78973501    0.00030000    1   C-   162
    1    0    1   59    7   52    3688.50396741    0.00011547    3   B-   144
    1    1    1   45    5   40    3689.24841641    0.00020000    1   C-   219
    1    1    1   38   12   27    3689.45908639    0.00020000    1   C-   253
    1    0    1   54   13   42    3689.57469116    0.00014142    2   B-   184
    3    0    0   21    9   13    3689.68000313    0.00024638    3   B-   248
    1    0    1   26   25    2    3690.04070942    0.00020000    1   C-   277
    3    0    0   23    8   16    3690.06945085    0.00021257    3   B-   244
    3    0    0   27    5   23    3690.60593558    0.00017321    3   B-   273
    1    1    1   46    4   43    3691.10692727    0.00022701    2   B-   220
    1    0    1   62    3   60    3691.12115520    0.00014142    2   B-   140
    2    0    0   54   17   37    3691.34835229    0.00020000    1   C-   175
    3    0    0   26    6   20    3691.41687828    0.00015000    4   B-   278
    0    0    2   31   21   11    3691.60021683    0.00030000    1   C-   271
    0    0    2   45   15   31    3694.90584279    0.00017321    3   B-   231
    3    0    0   19   10   10    3695.06872869    0.00029575    2   B-   219
    3    0    0   28    4   24    3695.19461212    0.00035452    2   B-   278
    3    0    0   16   11    5    3695.51211684    0.00015000    4   B-   201
    0    0    2   48   13   35    3695.56920485    0.00021213    2   B-   209
    1    0    1   63    1   62    3695.72394288    0.00008301    3   A-   127
    3    0    0   25    7   19    3696.29445861    0.00021213    2   B-   266
    3    0    0   12   12    0    3696.63536183    0.00030000    1   C-   179
    1    0    1   64    1   64    3697.76926339    0.00013449    3   A-   120
    1    0    1   60    6   55    3697.80745226    0.00020000    1   C-   144
    1    0    1   53   14   39    3698.61736844    0.00020000    1   C-   188
    3    0    0   29    3   27    3698.81331082    0.00013416    5   B+   275
    0    0    2   28   22    6    3701.01972514    0.00030000    1   C-   281
    1    1    1   48    2   47    3702.69643554    0.00020000    1   C-   211
    3    0    0   30    1   29    3703.17977382    0.00022947    3   B-   268
    3    0    0   22    9   13    3703.51494453    0.00021213    2   B-   244
    1    1    1   24   18    7    3704.35012439    0.00011547    3   B-   256
    3    0    0   24    8   16    3705.17268482    0.00016099    4   B-   271
    3    0    0   31    1   31    3705.46465503    0.00021213    2   B-   276
    1    0    1   31   24    7    3706.26594500    0.00020000    1   C-   278
    1    0    1   27   25    2    3707.19455221    0.00020000    1   C-   261
    3    0    0   20   10   10    3707.64250865    0.00021213    2   B-   250
    0    0    2   47   14   34    3707.94075707    0.00021213    2   B-   213
    2    0    0   56   16   40    3708.24648559    0.00020000    1   C-   174
    3    0    0   28    5   23    3708.50601475    0.00017321    3   B-   268
    1    0    1   61    4   57    3711.12208396    0.00014142    2   B-   145
    1    0    1   52   15   38    3711.49074660    0.00014142    2   B-   199
    0    0    2   32   21   11    3711.92436695    0.00030000    1   C-   265
    0    0    2   42   17   25    3712.24134925    0.00017321    3   B-   239
    3    0    0   26    7   19    3712.67778251    0.00021534    3   B-   262
    3    0    0   14   12    2    3713.60820375    0.00030000    1   C-   202
    2    0    0   61   12   50    3713.89598866    0.00043992    2   B-   140
    0    0    2   51   11   41    3714.73478007    0.00030000    1   C-   203
    0    0    2   52   10   42    3714.73848040    0.00017321    3   B-   200
    0    0    2   57    3   55    3715.18202622    0.00030000    1   C-   169
    0    0    2   44   16   28    3715.37418536    0.00021213    2   B-   244
    1    1    1   43    9   34    3715.74801995    0.00020000    1   C-   234
    1    1    1   44    8   37    3716.04971541    0.00020000    1   C-   232
    3    0    0   30    2   28    3716.08278983    0.00021213    2   B-   283
    3    0    0   18   11    7    3717.51321810    0.00021213    2   B-   220
    0    0    2   53    9   45    3718.91491783    0.00030000    1   C-   192
    0    0    2   29   22    8    3719.44932519    0.00030000    1   C-   265
    1    0    1   57   11   46    3719.48109277    0.00014142    2   B-   159
    1    0    1   56   12   45    3719.93782973    0.00020000    1   C-   171
    1    1    1   47    3   44    3719.96359503    0.00014142    2   B-   214
    0    0    2   58    1   57    3719.97187303    0.00030000    1   C-   158
    1    1    1   25   18    7    3720.17892281    0.00020000    1   C-   273
    1    0    1   60    7   54    3720.58523918    0.00014142    2   B-   154
    3    0    0   21   10   12    3720.84572021    0.00030000    1   C-   236
    3    0    0   25    8   18    3720.90859193    0.00016404    4   B-   257
    1    1    1   45    7   38    3720.99024535    0.00016375    2   B-   228
    1    0    1   62    4   59    3721.63465448    0.00013086    3   B-   139
    3    0    0   31    2   30    3722.02738604    0.00017321    3   B-   265
    0    0    2   59    1   59    3722.22141708    0.00030000    1   C-   157
    1    0    1   58   10   49    3723.19965836    0.00019510    2   B-   159
    0    0    2   46   15   31    3724.06691474    0.00017321    3   B-   224
    3    0    0   32    0   32    3724.18116703    0.00021213    2   B-   285
    1    0    1   55   13   42    3724.41624912    0.00014142    2   B-   173
    3    0    0   30    3   27    3724.95833775    0.00019849    3   B-   271
    0    0    2   49   13   37    3726.64683252    0.00021213    2   B-   215
    3    0    0   29    5   25    3726.68733096    0.00034823    2   B-   281
    1    1    1   48    3   46    3727.56660607    0.00020000    1   C-   226
    3    0    0   19   11    9    3729.45688199    0.00021213    2   B-   242
    3    0    0   27    7   21    3729.69562867    0.00019529    4   B-   278
    1    0    1   59    9   50    3731.48221884    0.00020000    1   C-   153
    1    0    1   54   14   41    3732.80795057    0.00022381    2   B-   183
    3    0    0   24    9   15    3733.07831611    0.00021213    2   B-   259
    3    0    0   16   12    4    3733.09466037    0.00030000    1   C-   224
    3    0    0   30    4   26    3733.30361298    0.00021213    2   B-   286
    1    0    1   64    2   63    3733.57353340    0.00014142    2   C+   128
    1    0    1   61    5   56    3734.96393884    0.00011547    3   B-   143
    1    0    1   65    0   65    3735.61340661    0.00020000    1   C-   128
    3    0    0   31    3   29    3736.70900951    0.00034826    2   B-   283
    3    0    0   26    8   18    3737.27593653    0.00017321    3   B-   284
    1    1    1   47    4   43    3737.50778258    0.00020000    1   C-   226
    0    0    2   48   14   34    3738.37333635    0.00021213    2   B-   227
    0    0    2   43   17   27    3739.50556755    0.00030000    1   C-   246
    3    0    0   32    1   31    3741.25614051    0.00022960    3   B-   275
    3    0    0   20   11    9    3742.03018116    0.00021213    2   B-   238
    0    0    2   57    4   54    3742.66114182    0.00030000    1   C-   163
    3    0    0   33    1   33    3743.47771848    0.00017321    3   B-   282
    1    1    1   44    9   36    3743.67488001    0.00020000    1   C-   248
    3    0    0   17   12    6    3743.78207439    0.00030000    1   C-   211
    1    0    1   60    8   53    3743.79288302    0.00014142    2   C-   150
    2    0    0   57   16   42    3744.26430010    0.00014142    2   B-   164
    1    1    1   45    8   37    3744.70316478    0.00014142    2   B-   240
    1    0    1   53   15   38    3745.03918316    0.00014142    2   B-   185
    3    0    0   13   13    1    3745.56017762    0.00030000    1   C-   189
    3    0    0   30    5   25    3746.02618973    0.00018027    4   B-   276
    0    0    2   53   10   44    3748.45762091    0.00030000    1   C-   187
    1    0    1   62    5   58    3749.74655895    0.00020000    1   C-   148
    1    1    1   46    7   40    3750.03218770    0.00020000    1   C-   241
    1    1    1   47    5   42    3750.06419561    0.00020000    1   C-   220
    1    1    1   48    4   45    3750.13724486    0.00020000    1   C-   220
    0    0    2   51   12   40    3751.10723737    0.00030000    1   C-   198
    1    1    1   27   18    9    3753.73611388    0.00020000    1   C-   285
    3    0    0   14   13    1    3754.36212999    0.00030000    1   C-   186
    0    0    2   59    2   58    3754.98231419    0.00030000    1   C-   156
    3    0    0   18   12    6    3755.09775404    0.00030000    1   C-   243
    3    0    0   21   11   11    3755.23292095    0.00016216    4   B-   260
    3    0    0   32    2   30    3755.59124055    0.00017321    3   B-   291
    1    0    1   57   12   45    3756.07819572    0.00020000    1   C-   175
    0    0    2   60    0   60    3757.22818426    0.00030000    1   C-   160
    1    1    1   49    2   47    3757.33514546    0.00020000    1   C-   220
    0    0    2   31   22   10    3758.21234972    0.00030000    1   C-   273
    1    0    1   59   10   49    3760.74861198    0.00020000    1   C-   163
    3    0    0   33    2   32    3761.20694100    0.00021213    2   B-   272
    1    1    1   50    2   49    3761.64204082    0.00014142    2   B-   211
    1    0    1   30   25    6    3762.46220233    0.00020000    1   C-   295
    1    1    1   51    0   51    3763.24799073    0.00014142    2   B-   210
    3    0    0   34    0   34    3763.34479943    0.00025114    2   B-   289
    3    0    0   15   13    3    3763.79218684    0.00030000    1   C-   213
    3    0    0   24   10   14    3764.23461134    0.00017321    3   B-   280
    0    0    2   56    6   50    3765.98193796    0.00030000    1   C-   187
    3    0    0   19   12    8    3767.04260298    0.00030000    1   C-   230
    1    0    1   64    3   62    3767.40965309    0.00014142    2   C-   126
    1    0    1   61    7   54    3767.48963407    0.00020000    1   C-   144
    1    0    1   55   14   41    3767.63315415    0.00016857    2   B-   188
    1    0    1   26   26    1    3768.65111539    0.00020000    1   C-   272
    3    0    0   22   11   11    3769.06512838    0.00030000    1   C-   255
    1    1    1   48    5   44    3770.51578478    0.00020000    1   C-   231
    1    1    1   28   18   11    3771.46347197    0.00020000    1   C-   279
    3    0    0   28    8   20    3771.91096846    0.00021213    2   B-   294
    1    0    1   65    1   64    3771.99540758    0.00014142    2   B-   126
    1    1    1   45    9   36    3772.24534739    0.00020800    2   B-   235
    1    1    1   46    8   39    3773.94966593    0.00014142    2   B-   233
    1    0    1   66    1   66    3774.02863869    0.00014142    2   B-   130
    1    1    1   44   10   35    3774.77285090    0.00020000    1   C-   243
    0    0    2   24   24    0    3775.23030377    0.00030000    1   C-   281
    1    0    1   62    6   57    3775.31046423    0.00014142    2   C+   144
    0    0    2   35   21   15    3776.70206345    0.00030000    1   C-   282
    3    0    0   33    3   31    3776.96357562    0.00021213    2   B-   290
    3    0    0   25   10   16    3779.95824181    0.00021213    2   B-   265
    3    0    0   34    1   33    3781.61805566    0.00021213    2   B-   281
    0    0    2   54   10   44    3782.82661939    0.00021213    2   B-   200
    3    0    0   23   11   13    3783.52667380    0.00021213    2   B-   275
    3    0    0   35    1   35    3783.79009397    0.00021213    2   B-   286
    3    0    0   17   13    5    3784.54028158    0.00030000    1   C-   235
    3    0    0   30    7   23    3784.56327463    0.00033207    2   B-   281
    1    0    1   61    8   53    3784.84187240    0.00020000    1   C-   155
    0    0    2   59    3   57    3785.79032712    0.00030000    1   C-   169
    3    0    0   32    5   27    3786.20612004    0.00021213    2   B-   283
    0    0    2   55    9   47    3788.43840320    0.00030000    1   C-   192
    1    0    1   63    4   59    3788.69750022    0.00014142    2   B-   145
    1    1    1   48    6   43    3789.93679251    0.00014142    2   B-   225
    3    0    0   29    8   22    3790.17809821    0.00022666    3   B-   278
    0    0    2   60    1   59    3790.56851267    0.00030000    1   C-   157
    0    0    2   25   24    2    3791.13628430    0.00030000    1   C-   266
    0    0    2   61    1   61    3792.81246202    0.00030000    1   C-   157
    3    0    0   21   12   10    3792.82014124    0.00030000    1   C-   248
    1    0    1   58   12   47    3792.85680479    0.00020000    1   C-   171
    1    0    1   59   11   48    3793.76840894    0.00014142    2   B-   159
    3    0    0   26   10   16    3796.31204226    0.00017326    4   B-   292
    3    0    0   34    2   32    3797.33524477    0.00030000    1   C-   295
    3    0    0   14   14    0    3798.26676088    0.00030000    1   C-   215
    3    0    0   24   11   13    3798.61838315    0.00021213    2   B-   271
    1    0    1   62    7   56    3798.89764905    0.00014142    2   C-   154
    1    0    1   64    4   61    3799.10170612    0.00020000    1   C-   137
    1    1    1   49    4   45    3799.48756320    0.00020000    1   C-   227
    1    1    1   46    9   38    3801.45443970    0.00016191    2   B-   248
    3    0    0   35    2   34    3802.69067640    0.00030000    1   C-   275
    1    0    1   28   26    3    3803.60894960    0.00014142    2   B-   283
    1    1    1   47    8   39    3803.92039941    0.00020000    1   C-   240
    3    0    0   31    7   25    3804.12489761    0.00021213    2   B-   294
    3    0    0   36    0   36    3804.80744070    0.00030000    1   C-   294
    3    0    0   22   12   10    3806.65261340    0.00030000    1   C-   280
    0    0    2   26   24    2    3807.67846626    0.00030000    1   C-   294
    3    0    0   15   14    2    3807.69936628    0.00030000    1   C-   200
    3    0    0   19   13    7    3807.80423999    0.00030000    1   C-   254
    3    0    0   30    8   22    3809.07916041    0.00030000    1   C-   302
    1    1    1   48    7   42    3810.65853231    0.00020000    1   C-   241
    1    0    1   66    2   65    3810.99322309    0.00020000    1   C-   128
    1    1    1   50    4   47    3811.47994818    0.00020000    1   C-   220
    3    0    0   27   10   18    3813.29611231    0.00021213    2   B-   276
    1    0    1   55   15   40    3814.03506043    0.00020000    1   C-   186
    1    0    1   63    5   58    3814.04431093    0.00017158    2   B-   143
    3    0    0   25   11   15    3814.33959954    0.00030000    1   C-   288
    0    0    2   59    4   56    3814.45023547    0.00030000    1   C-   163
    3    0    0   16   14    2    3817.76070239    0.00030000    1   C-   237
    1    1    1   51    2   49    3818.63472449    0.00020000    1   C-   220
    3    0    0   35    3   33    3819.56031672    0.00021213    2   B-   295
    3    0    0   20   13    7    3820.38079559    0.00030000    1   C-   249
    3    0    0   23   12   12    3821.11384653    0.00030000    1   C-   265
    1    0    1   62    8   55    3822.38293053    0.00014142    2   C+   150
    3    0    0   36    1   35    3824.26955291    0.00018054    4   B-   285
    3    0    0   32    7   25    3824.32660206    0.00030000    1   C-   289
    1    1    1   53    0   53    3824.45552281    0.00014142    2   B-   209
    1    1    1   49    6   43    3825.69128092    0.00020000    1   C-   233
    3    0    0   37    1   37    3826.40056350    0.00021213    2   B-   290
    0    0    2   61    2   60    3826.72932000    0.00030000    1   C-   155
    1    0    1   64    5   60    3828.41143205    0.00014142    2   C-   131
    3    0    0   17   14    4    3828.45195440    0.00030000    1   C-   222
    0    0    2   62    0   62    3828.96940237    0.00030000    1   C-   160
    1    0    1   59   12   47    3830.27277034    0.00014142    2   C-   176
    3    0    0   28   10   18    3830.91132532    0.00019024    3   B-   304
    1    0    1   60   11   50    3831.87170568    0.00027950    2   B-   171
    1    1    1   46   10   37    3832.47079751    0.00020000    1   C-   244
    1    1    1   50    5   46    3832.92795908    0.00014142    2   B-   231
    3    0    0   21   13    9    3833.58478897    0.00030000    1   C-   273
    1    1    1   48    8   41    3834.43516907    0.00020000    1   C-   232
    3    0    0   24   12   12    3836.20538890    0.00030000    1   C-   295
    1    0    1   61   10   51    3837.76206175    0.00014142    2   C-   163
    1    0    1   57   14   43    3839.18359527    0.00014142    2   B-   188
    3    0    0   18   14    4    3839.77033464    0.00030000    1   C-   258
    1    0    1   30   26    5    3841.10628942    0.00018042    2   B-   292
    3    0    0   36    2   34    3841.31846718    0.00030000    1   C-   300
    1    1    1   51    3   48    3842.86699208    0.00021274    2   B-   214
    3    0    0   33    7   27    3845.16251620    0.00019040    3   B-   302
    1    0    1   66    3   64    3845.99176059    0.00014142    2   C+   138
    3    0    0   37    2   36    3846.47419351    0.00021213    2   B-   279
    3    0    0   22   13    9    3847.41816335    0.00030000    1   C-   266
    3    0    0   27   11   17    3847.67119683    0.00033176    2   B-   301
    0    0    2   32   23    9    3848.00233981    0.00030000    1   C-   295
    3    0    0   38    0   38    3848.56717893    0.00021213    2   B-   297
    3    0    0   32    8   24    3848.78516554    0.00021213    2   B-   310
    1    0    1   63    7   56    3849.14340614    0.00014142    2   C-   144
    3    0    0   29   10   20    3849.15773060    0.00021213    2   B-   287
    1    0    1   67    1   66    3850.56299239    0.00014142    2   C-   125
    3    0    0   25   12   14    3851.92651162    0.00030000    1   C-   280
    1    0    1   68    1   68    3852.58391037    0.00014142    2   B-   130
    1    1    1   50    6   45    3853.00307356    0.00020000    1   C-   225
    1    1    1   53    1   52    3854.37122756    0.00020000    1   C-   206
    1    0    1   64    6   59    3855.13937539    0.00014142    2   C-   144
    2    0    0   60   16   44    3856.09947002    0.00014142    2   C-   174
    3    0    0   23   13   11    3861.88069764    0.00030000    1   C-   290
    1    1    1   51    4   47    3863.66302332    0.00020000    1   C-   227
    3    0    0   37    3   35    3864.48465672    0.00017321    3   B-   300
    1    0    1   63    8   55    3865.67386423    0.00014142    2   C+   156
    0    0    2   63    1   63    3865.70377706    0.00030000    1   C-   155
    3    0    0   34    7   27    3866.64596281    0.00017321    3   B-   296
    3    0    0   30   10   20    3868.03492053    0.00017321    3   B-   312
    1    0    1   65    4   61    3868.54395286    0.00014142    2   B-   145
    3    0    0   38    1   37    3869.21295647    0.00021213    2   B-   288
    1    0    1   61   11   50    3870.61887467    0.00014142    2   B-   159
    3    0    0   39    1   39    3871.30920922    0.00021213    2   B-   289
    1    1    1   52    4   49    3875.12704286    0.00020000    1   C-   220
    1    0    1   58   14   45    3875.90823049    0.00020000    1   C-   183
    3    0    0   24   13   11    3876.97313696    0.00030000    1   C-   283
    1    0    1   64    7   58    3879.63112144    0.00014142    2   C-   135
    1    1    1   53    2   51    3882.22950259    0.00020000    1   C-   219
    1    0    1   28   27    2    3884.96877241    0.00020000    1   C-   317
    3    0    0   27   12   16    3885.25539787    0.00030000    1   C-   293
    1    0    1   57   15   42    3885.56147398    0.00020000    1   C-   186
    1    1    1   54    2   53    3886.43075505    0.00020000    1   C-   208
    3    0    0   31   10   22    3887.54246041    0.00030000    1   C-   295
    3    0    0   38    2   36    3887.55290531    0.00021213    2   B-   304
    3    0    0   35    7   29    3888.75619849    0.00021213    2   B-   307
    1    0    1   68    2   67    3890.70719583    0.00014142    2   C-   128
    3    0    0   39    2   38    3892.55655294    0.00035087    2   B-   282
    3    0    0   25   13   13    3892.69325434    0.00030000    1   C-   305
    3    0    0   40    0   40    3894.62445026    0.00030000    1   C-   299
    2    0    0   61   16   46    3894.63955684    0.00020000    1   C-   164
    1    0    1   65    5   60    3895.32216255    0.00014142    2   C-   143
    1    1    1   50    8   43    3897.50871518    0.00020000    1   C-   232
    0    0    2   63    2   62    3900.77648544    0.00030000    1   C-   155
    1    0    1   29   27    2    3903.40973289    0.00020000    1   C-   300
    1    0    1   61   12   49    3907.01717332    0.00014142    2   C+   176
    3    0    0   32   10   22    3907.68269075    0.00030000    1   C-   320
    1    1    1   53    3   50    3907.72212618    0.00020000    1   C-   214
    1    1    1   51    7   44    3907.79985989    0.00020000    1   C-   228
    1    0    1   66    5   62    3909.36620436    0.00014142    2   C-   147
    1    0    1   62   11   52    3910.00355808    0.00014142    2   B-   171
    3    0    0   39    3   37    3911.72582116    0.00030000    1   C-   301
    1    1    1   54    3   52    3914.89197365    0.00020000    1   C-   225
    3    0    0   40    1   39    3916.45046938    0.00021213    2   B-   290
    3    0    0   41    1   41    3918.51437123    0.00030000    1   C-   291
    1    1    1   55    1   54    3919.06433067    0.00014142    2   B-   206
    1    0    1   58   15   44    3922.27340121    0.00018206    2   B-   199
    1    0    1   68    3   66    3926.86780438    0.00014142    2   C+   138
    1    1    1   53    4   49    3930.03188075    0.00020000    1   C-   227
    1    1    1   51    8   43    3930.18884142    0.00020000    1   C-   239
    1    0    1   69    1   68    3931.42396473    0.00014142    2   C-   124
    1    0    1   70    1   70    3933.43318460    0.00020000    1   C-   129
    3    0    0   37    7   31    3934.91006014    0.00030000    1   C-   312
    1    0    1   66    6   61    3937.27914730    0.00014142    2   C-   144
    0    0    2   64    1   63    3938.66248042    0.00030000    1   C-   156
    0    0    2   65    1   65    3940.89470430    0.00030000    1   C-   155
    3    0    0   41    2   40    3940.93488542    0.00030000    1   C-   284
    1    1    1   54    4   51    3941.07502031    0.00020000    1   C-   220
    3    0    0   42    0   42    3942.97781000    0.00021213    2   B-   301
    1    0    1   62   12   51    3946.34601434    0.00020000    1   C-   171
    1    1    1   53    5   48    3947.24099506    0.00020000    1   C-   220
    1    1    1   55    2   53    3948.11891734    0.00020000    1   C-   219
    1    0    1   65    8   57    3949.32755771    0.00020000    1   C-   157
    1    0    1   67    4   63    3950.66603281    0.00027089    2   B-   145
    1    0    1   60   14   47    3951.26181132    0.00014142    2   C+   183
    1    1    1   56    2   55    3952.27285587    0.00020000    1   C-   207
    1    0    1   59   15   44    3959.61833462    0.00014142    2   C-   186
    1    0    1   68    4   65    3960.90858646    0.00026141    2   B-   136
    1    0    1   66    7   60    3962.75879301    0.00014142    2   C-   154
    3    0    0   42    1   41    3965.98066011    0.00021213    2   B-   292
    3    0    0   43    1   43    3968.01627860    0.00030000    1   C-   292
    1    0    1   70    2   69    3972.71486779    0.00014142    2   C-   128
    1    1    1   55    3   52    3974.85412015    0.00020000    1   C-   214
    0    0    2   65    2   64    3977.12225208    0.00030000    1   C-   155
    0    0    2   27   26    2    3977.56896430    0.00030000    1   C-   311
    1    0    1   67    5   62    3978.81530129    0.00014142    2   C+   143
    0    0    2   66    0   66    3979.35229818    0.00030000    1   C-   157
    1    1    1   57    1   56    3986.05472652    0.00014142    2   B-   205
    1    0    1   63   12   51    3986.31415321    0.00020000    1   C-   176
    1    0    1   66    8   59    3987.14653079    0.00017484    3   C+   150
    1    0    1   64   11   54    3990.70185189    0.00014142    2   B-   150
    3    0    0   44    0   44    3993.62716439    0.00030000    1   C-   300
    1    0    1   60   15   46    3997.59552163    0.00014142    2   C-   199
    1    1    1   56    4   53    4009.31925995    0.00020000    1   C-   220
    1    0    1   70    3   68    4010.03501301    0.00014142    2   C-   138
    1    0    1   71    1   70    4014.57763630    0.00014142    2   C-   124
    1    1    1   57    2   55    4016.30283293    0.00014142    2   B-   217
    3    0    0   44    1   43    4017.80470298    0.00021213    2   B-   291
    0    0    2   67    1   67    4018.38583638    0.00030000    1   C-   155
    3    0    0   45    1   45    4019.81290329    0.00021213    2   B-   293
    1    0    1   68    6   63    4021.71981843    0.00014142    2   C-   144
    1    0    1   64   12   53    4026.91909413    0.00014142    2   C-   171
    1    0    1   65   11   54    4032.02393121    0.00014142    2   C+   159
    1    0    1   69    4   65    4035.06523321    0.00014142    2   B-   145
    1    0    1   67    8   59    4035.79248674    0.00016679    3   C+   157
    1    1    1   57    3   54    4044.26651932    0.00014142    2   B-   214
    1    0    1   70    4   67    4045.24622021    0.00014142    2   C-   136
    3    0    0   46    0   46    4046.57166599    0.00032129    2   B-   298
    1    0    1   68    7   62    4048.25546377    0.00014142    2   C-   154
    1    1    1   58    3   56    4051.25578410    0.00020000    1   C-   222
    1    1    1   59    1   58    4055.34099382    0.00020000    1   C-   203
    0    0    2   67    2   66    4055.76614873    0.00030000    1   C-   154
    1    0    1   72    2   71    4057.01430883    0.00014142    2   C+   128
    1    0    1   65   12   53    4068.16492522    0.00014142    2   C-   176
    1    1    1   57    4   53    4069.40496398    0.00020000    1   C-   227
    1    0    1   68    8   61    4073.27158916    0.00014142    2   C-   150
    3    0    0   47    1   47    4073.90384652    0.00030000    1   C-   292
    1    1    1   59    2   57    4086.77974815    0.00020000    1   C-   217
    1    1    1   60    2   59    4090.84388917    0.00020000    1   C-   207
    1    1    1   61    0   61    4092.26601915    0.00014142    2   B-   207
    1    0    1   72    3   70    4095.49276125    0.00014142    2   C+   136
    1    0    1   73    1   72    4100.02140707    0.00014142    2   C-   122
    3    0    0   48    0   48    4101.80954850    0.00019351    3   B-   297
    1    0    1   71    4   67    4121.74381309    0.00020000    1   C-   145
    1    1    1   60    3   58    4122.87980545    0.00011547    3   B-   221
    1    0    1   69    8   61    4125.03016388    0.00014142    2   C-   157
    1    1    1   61    1   60    4126.92242830    0.00020000    1   C-   203
    3    0    0   49    1   49    4130.28908174    0.00030000    1   C-   292
    0    0    2   70    0   70    4138.92524108    0.00030000    1   C-   156
    1    0    1   74    2   73    4143.60314908    0.00014142    2   C-   124
    1    0    1   70    8   63    4161.85595886    0.00014142    2   C-   148
    1    1    1   59    5   54    4164.92174996    0.00020000    1   C-   221
    1    1    1   63    0   63    4164.95772174    0.00020000    1   C-   206
    1    0    1   74    3   72    4183.23990871    0.00014142    2   C-   135
    1    1    1   65    0   65    4239.94298751    0.00020000    1   C-   205
