    0    0    0    0    0    0       0.00000000    0.00000000    5   A+     1
    0    0    0    2    0    2       1.91009034    0.00006080   13   A+     1
    0    0    0    1    1    1       2.28943102    0.00007134   11   A+     1
    0    0    0    2    1    1       3.66619988    0.00006226   11   A+     1
    0    0    0    3    1    3       5.34576583    0.00004782   17   A+     1
    0    0    0    4    0    4       6.35295786    0.00005353   12   A+     1
    0    0    0    4    1    3       8.30203426    0.00005520   14   A+     1
    0    0    0    2    2    0       8.62339147    0.00006427   11   A+     2
    0    0    0    3    2    2      10.53353882    0.00005680   14   A+     1
    0    0    0    5    1    5      10.84114059    0.00004978   17   A+     1
    0    0    0    4    2    2      13.09848184    0.00004991   18   A+     2
    0    0    0    6    0    6      13.29652052    0.00005677   13   A+     1
    0    0    0    6    1    5      15.57624634    0.00005451   15   A+     1
    0    0    0    5    2    4      16.26360529    0.00004635   19   A+     1
    0    0    0    7    1    7      18.76582670    0.00005554   15   A+     1
    0    0    0    3    3    1      18.91934421    0.00006617   11   A+     2
    0    0    0    6    2    4      20.16205018    0.00005125   18   A+     2
    0    0    0    4    3    1      21.47021074    0.00005495   14   A+     2
    0    0    0    8    0    8      22.69378890    0.00006438   11   A+     1
    0    0    0    7    2    6      24.53086176    0.00004405   23   A+     1
    0    0    0    5    3    3      24.65953398    0.00005900   14   A+     2
    0    0    0    8    1    7      25.47383270    0.00005650   15   A+     1
    0    0    0    6    3    3      28.48952661    0.00005421   15   A+     2
    0    0    0    9    1    9      29.10738227    0.00005133   17   A+     1
    0    0    0    8    2    6      29.85182226    0.00005026   19   A+     2
    0    0    0    7    3    5      32.95638726    0.00004911   17   A+     2
    0    0    0    4    4    0      33.20053294    0.00006159   11   A+     3
    0    0    0   10    0   10      34.49267331    0.00006902   15   A+     1
    0    0    0    9    2    8      35.32475168    0.00005374   17   A+     1
    0    0    0    5    4    2      36.38870211    0.00005826   15   A+     2
    0    0    0   10    1    9      37.97191694    0.00005903   12   A+     1
    0    0    0    8    3    5      38.07269806    0.00005789   15   A+     2
    0    0    0    6    4    2      40.21559680    0.00005488   15   A+     3
    0    0    0   11    1   11      41.85187118    0.00005726   15   A+     1
    0    0    0   10    2    8      42.20733018    0.00005075   17   A+     2
    0    0    0    9    3    7      43.81429704    0.00000266   19   A+     2
    0    0    0    7    4    4      44.68142473    0.00005431   16   A+     2
    0    0    0   11    2   10      48.63204599    0.00003698   18   A+     1
    0    0    0   12    0   12      48.64958916    0.00006034   13   A+     1
    0    0    0    8    4    4      49.78668554    0.00005284   15   A+     3
    0    0    0   10    3    7      50.23322193    0.00000083   19   A+     2
    0    0    0    5    5    1      51.45918175    0.00001632   12   A+     3
    0    0    0   12    1   11      53.03793246    0.00004924   15   A+     1
    0    0    0    6    5    1      55.28539688    0.00000083   14   A+     3
    0    0    0    9    4    6      55.53171675    0.00005548   14   A+     2
    0    0    0   13    1   13      56.98551225    0.00005352   16   A+     1
    0    0    0   11    3    9      57.23658559    0.00000083   19   A+     2
    0    0    0   12    2   10      57.25641228    0.00005206   17   A+     2
    0    0    0    7    5    3      59.74999740    0.00000083   19   A+     3
    0    0    0   10    4    6      61.91813382    0.00000262   19   A+     3
    0    0    0   13    2   12      64.43667454    0.00004182   20   A+     1
    0    0    0    8    5    3      64.85325398    0.00000083   16   A+     3
    0    0    0   12    3    9      64.99154425    0.00001728   20   A+     2
    0    0    0   14    0   14      65.13747700    0.00006567   13   A+     1
    0    0    0   11    4    8      68.94448986    0.00000064   21   A+     2
    0    0    0    9    5    5      70.59552049    0.00000083   15   A+     3
    0    0    0   14    1   13      70.62877737    0.00005661   15   A+     1
    0    0    0   13    3   11      73.22395567    0.00000100   23   A+     2
    0    0    0    6    6    0      73.68728498    0.00000083   11   A+     4
    0    0    0   15    1   15      74.49582161    0.00005473   15   A+     1
    0    0    0   14    2   12      75.00492724    0.00005219   20   A+     2
    0    0    0   12    4    8      76.61601919    0.00000070   20   A+     3
    0    0    0   10    5    5      76.97719545    0.00000083   17   A+     3
    0    0    0    7    6    2      78.15158516    0.00000074   15   A+     3
    0    0    0   14    3   11      82.37618003    0.00003344   20   A+     2
    0    0    0   15    2   14      82.72016911    0.00005010   16   A+     1
    0    0    0    8    6    2      83.25418966    0.00000083   17   A+     4
    0    0    0   16    0   16      83.94707359    0.00006903   11   A+     1
    0    0    0   11    5    7      83.99877041    0.00000083   19   A+     3
    0    0    0   13    4   10      84.92504329    0.00001761   19   A+     2
    0    0    0    9    6    4      88.99533218    0.00000031   20   A+     3
    0    0    0   16    1   15      90.69120617    0.00005538   16   A+     1
    0    0    0   12    5    7      91.66062332    0.00000064   20   A+     3
    0    0    0   15    3   13      91.77373193    0.00001583   20   A+     2
    0    0    0   14    4   10      93.88853614    0.00000100   19   A+     3
    0    0    0   17    1   17      94.37188242    0.00000332   15   A+     1
    0    0    0   10    6    4      95.37526454    0.00000031   18   A+     4
    0    0    0   16    2   14      95.43728050    0.00000332   20   A+     2
    0    0    0    7    7    1      99.87435169    0.00000166   10   A+     4
    0    0    0   13    5    9      99.96331620    0.00000080   19   A+     3
    0    0    0   11    6    6     102.39434463    0.00000031   16   A+     3
    0    0    0   16    3   13     102.42309091    0.00003180   24   A+     2
    0    0    0   17    2   16     103.46264672    0.00004753   20   A+     1
    0    0    0   15    4   12     103.47898592    0.00003006   20   A+     2
    0    0    0    8    7    1     104.97694753    0.00005835   14   A+     4
    0    0    0   18    0   18     105.07856773    0.00005478   16   A+     1
    0    0    0   14    5    9     108.90759469    0.00000133   18   A+     3
    0    0    0   12    6    6     110.05272342    0.00000059   17   A+     4
    0    0    0    9    7    3     110.71787282    0.00000033   16   A+     4
    0    0    0   17    3   15     112.87848356    0.00004885   19   A+     2
    0    0    0   18    1   17     113.16705012    0.00005280   16   A+     1
    0    0    0   16    4   12     113.74701857    0.00001593   18   A+     3
    0    0    0   19    1   19     116.60597817    0.00006295   13   A+     1
    0    0    0   10    7    3     117.09726497    0.00000033   16   A+     4
    0    0    0   13    6    8     118.35090824    0.00000031   19   A+     3
    0    0    0   15    5   11     118.49354613    0.00000133   18   A+     3
    0    0    0   18    2   16     118.52123840    0.00004906   17   A+     2
    0    0    0   11    7    5     124.11540071    0.00000033   19   A+     4
    0    0    0   17    4   14     124.61145571    0.00003653   22   A+     2
    0    0    0   18    3   15     125.17051546    0.00003929   20   A+     2
    0    0    0   19    2   18     126.64384197    0.00005181   18   A+     1
    0    0    0   14    6    8     127.28913888    0.00000070   18   A+     4
    0    0    0   20    0   20     128.53613933    0.00005816   15   A+     1
    0    0    0   16    5   11     128.72295468    0.00000150   18   A+     3
    0    0    0    8    8    0     130.00816430    0.00007480   11   A+     5
    0    0    0   12    7    5     131.77232979    0.00000083   14   A+     4
    0    0    0    9    8    2     135.74939425    0.00005590   15   A+     4
    0    0    0   18    4   14     136.20663839    0.00002120   18   A+     3
    0    0    0   19    3   17     136.52660672    0.00002115   21   A+     2
    0    0    0   15    6   10     136.86791954    0.00000133   18   A+     3
    0    0    0   20    1   19     138.00263376    0.00004974   17   A+     1
    0    0    0   17    5   13     139.59428458    0.00000200   18   A+     3
    0    0    0   13    7    7     140.06845359    0.00000033   18   A+     4
    0    0    0   21    1   21     141.19124241    0.00005969   12   A+     1
    0    0    0   10    8    2     142.12901515    0.00000332   16   A+     5
    0    0    0   20    2   18     144.21322631    0.00005560   15   A+     2
    0    0    0   16    6   10     147.08751009    0.00000149   19   A+     4
    0    0    0   19    4   16     148.32613677    0.00004326   20   A+     2
    0    0    0   14    7    7     149.00388700    0.00000083   18   A+     4
    0    0    0   11    8    4     149.14708488    0.00005179   16   A+     4
    0    0    0   20    3   17     150.64880571    0.00000614   22   A+     2
    0    0    0   18    5   13     151.11267413    0.00000200   18   A+     3
    0    0    0   21    2   20     152.24368585    0.00000661   18   A+     1
    0    0    0   22    0   22     154.32416984    0.00005638   14   A+     1
    0    0    0   12    8    4     156.80370743    0.00005246   16   A+     5
    0    0    0   17    6   12     157.94855287    0.00000089   19   A+     3
    0    0    0   15    7    9     158.57892226    0.00005000   16   A+     4
    0    0    0   20    4   16     161.28824599    0.00003327   19   A+     3
    0    0    0   21    3   19     162.70204891    0.00003201   23   A+     2
    0    0    0   19    5   15     163.27105802    0.00005243   17   A+     3
    0    0    0    9    9    1     164.07503197    0.00006796   10   A+     5
    0    0    0   13    8    6     165.09902382    0.00005094   18   A+     4
    0    0    0   22    1   21     165.15937420    0.00005118   17   A+     1
    0    0    0   23    1   23     168.12358073    0.00005966   12   A+     1
    0    0    0   16    7    9     168.79393486    0.00001588   18   A+     4
    0    0    0   18    6   12     169.45143974    0.00000089   20   A+     4
    0    0    0   10    9    1     170.45507944    0.00000166   15   A+     5
    0    0    0   22    2   20     172.46036711    0.00005147   17   A+     2
    0    0    0   14    8    6     174.03343073    0.00005486   17   A+     5
    0    0    0   21    4   18     174.62424236    0.00000614   22   A+     2
    0    0    0   20    5   15     176.08399839    0.00000247   17   A+     3
    0    0    0   11    9    3     177.47362643    0.00000166   15   A+     5
    0    0    0   22    3   19     178.87012312    0.00005150   17   A+     2
    0    0    0   17    7   11     179.64919764    0.00000100   16   A+     4
    0    0    0   23    2   22     180.24370318    0.00005144   17   A+     1
    0    0    0   19    6   14     181.59667256    0.00000100   18   A+     3
    0    0    0   24    0   24     182.44579683    0.00006292   13   A+     1
    0    0    0   15    8    8     183.60678878    0.00005349   15   A+     4
    0    0    0   12    9    3     185.13067273    0.00000083   16   A+     5
    0    0    0   22    4   18     189.01988215    0.00003336   20   A+     3
    0    0    0   21    5   17     189.52954003    0.00000332   17   A+     3
    0    0    0   18    7   11     191.14492853    0.00000100   16   A+     4
    0    0    0   23    3   21     191.38571219    0.00005000   21   A+     2
    0    0    0   13    9    5     193.42632354    0.00000266   15   A+     5
    0    0    0   16    8    8     193.81963595    0.00005297   18   A+     5
    0    0    0   20    6   14     194.38501823    0.00000119   19   A+     4
    0    0    0   24    1   23     194.61788682    0.00005141   18   A+     1
    0    0    0   25    1   25     197.39968330    0.00006010   14   A+     1
    0    0    0   10   10    0     202.05912588    0.00000166   11   A+     6
    0    0    0   14    9    5     202.36058022    0.00000083   16   A+     5
    0    0    0   24    2   22     203.20204641    0.00004827   18   A+     2
    0    0    0   19    7   13     203.28165256    0.00000100   17   A+     4
    0    0    0   23    4   20     203.50355998    0.00005269   17   A+     2
    0    0    0   22    5   17     203.64572890    0.00000332   16   A+     3
    0    0    0   17    8   10     204.67211618    0.00005314   17   A+     4
    0    0    0   21    6   16     207.81642486    0.00000332   16   A+     3
    0    0    0   11   10    2     209.07859279    0.00000166   15   A+     5
    0    0    0   24    3   21     209.82264573    0.00005322   16   A+     2
    0    0    0   25    2   24     210.62761069    0.00005502   16   A+     1
    0    0    0   15    9    7     211.93373036    0.00000266   15   A+     5
    0    0    0   26    0   26     212.90306556    0.00006175   11   A+     1
    0    0    0   20    7   13     216.05959178    0.00000133   20   A+     4
    0    0    0   18    8   10     216.16414964    0.00005153   16   A+     5
    0    0    0   12   10    2     216.73651401    0.00000083   15   A+     6
    0    0    0   23    5   19     218.37509570    0.00000332   21   A+     3
    0    0    0   24    4   20     219.43578627    0.00003894   21   A+     3
    0    0    0   22    6   16     221.89265380    0.00000332   19   A+     4
    0    0    0   16    9    7     222.14582100    0.00000266   18   A+     5
    0    0    0   25    3   23     222.55579960    0.00004930   20   A+     2
    0    0    0   13   10    4     225.03296270    0.00000266   16   A+     5
    0    0    0   26    1   25     226.37461393    0.00005032   18   A+     1
    0    0    0   19    8   12     228.29625627    0.00005453   14   A+     4
    0    0    0   27    1   27     229.01764389    0.00006030   11   A+     1
    0    0    0   21    7   15     229.47903750    0.00005337   17   A+     4
    0    0    0   17    9    9     232.99708679    0.00000266   16   A+     5
    0    0    0   24    5   19     233.80951715    0.00000297   21   A+     3
    0    0    0   14   10    4     233.96789509    0.00000083   17   A+     6
    0    0    0   25    4   22     234.95781434    0.00000662   19   A+     2
    0    0    0   26    2   24     236.37294960    0.00005313   16   A+     2
    0    0    0   23    6   18     236.61228397    0.00000332   17   A+     3
    0    0    0   20    8   12     241.06871959    0.00005292   16   A+     5
    0    0    0   27    2   26     243.38192842    0.00005410   16   A+     1
    0    0    0   26    3   23     243.47324209    0.00005640   15   A+     2
    0    0    0   22    7   15     243.54074030    0.00005582   14   A+     4
    0    0    0   15   10    6     243.54156899    0.00000266   17   A+     5
    0    0    0   11   11    1     243.94356658    0.00007741   10   A+     6
    0    0    0   18    9    9     244.48762550    0.00000266   17   A+     5
    0    0    0   28    0   28     245.69699554    0.00006245   11   A+     1
    0    0    0   25    5   21     249.81282482    0.00000332   17   A+     3
    0    0    0   12   11    1     251.60280213    0.00006012   14   A+     6
    0    0    0   24    6   18     251.97969352    0.00000191   17   A+     4
    0    0    0   26    4   22     252.57403772    0.00004727   21   A+     3
    0    0    0   16   10    6     253.75398443    0.00000266   17   A+     6
    0    0    0   21    8   14     254.48171094    0.00005109   16   A+     4
    0    0    0   27    3   25     256.18928764    0.00004478   19   A+     2
    0    0    0   19    9   11     256.61775616    0.00000083   18   A+     5
    0    0    0   23    7   17     258.24475412    0.00005621   15   A+     4
    0    0    0   13   11    3     259.90025556    0.00005625   15   A+     6
    0    0    0   28    1   27     260.43490865    0.00000498   18   A+     1
    0    0    0   29    1   29     262.97577445    0.00005634   13   A+     1
    0    0    0   17   10    8     264.60533767    0.00000266   17   A+     5
    0    0    0   26    5   21     266.59056960    0.00002108   20   A+     3
    0    0    0   25    6   20     267.98944836    0.00000190   21   A+     3
    0    0    0   22    8   14     268.53528922    0.00005101   16   A+     5
    0    0    0   14   11    3     268.83656695    0.00005681   13   A+     6
    0    0    0   27    4   24     268.97610571    0.00005000   16   A+     2
    0    0    0   20    9   11     269.38733818    0.00000133   18   A+     5
    0    0    0   28    2   26     271.91046485    0.00005770   15   A+     2
    0    0    0   24    7   17     273.59179776    0.00000233   17   A+     4
    0    0    0   18   10    8     276.09566944    0.00000266   18   A+     6
    0    0    0   15   11    5     278.41137355    0.00005538   15   A+     6
    0    0    0   29    2   28     278.49594128    0.00000498   17   A+     1
    0    0    0   28    3   25     279.77346079    0.00005024   17   A+     2
    0    0    0   30    0   30     280.82801732    0.00006117   12   A+     1
    0    0    0   21    9   13     282.79680390    0.00000083   16   A+     5
    0    0    0   23    8   16     283.23001417    0.00005380   15   A+     4
    0    0    0   27    5   23     283.84613962    0.00001284   21   A+     3
    0    0    0   26    6   20     284.65222045    0.00001295   18   A+     4
    0    0    0   19   10   10     288.22525393    0.00000083   15   A+     5
    0    0    0   28    4   24     288.46784552    0.00005550   16   A+     3
    0    0    0   16   11    5     288.62476673    0.00005433   15   A+     6
    0    0    0   25    7   19     289.58206711    0.00000233   18   A+     4
    0    0    0   12   12    0     289.70959878    0.00006954    9   A+     7
    0    0    0   29    3   27     292.26330198    0.00005430   18   A+     2
    0    0    0   30    1   29     296.80644592    0.00005904   16   A+     1
    0    0    0   22    9   13     296.84629564    0.00005428   15   A+     5
    0    0    0   13   12    2     298.00884742    0.00007188   12   A+     6
    0    0    0   24    8   16     298.56629612    0.00005299   16   A+     5
    0    0    0   31    1   31     299.27288636    0.00006305   12   A+     1
    0    0    0   17   11    7     299.47712215    0.00005479   16   A+     6
    0    0    0   20   10   10     300.99389490    0.00000133   17   A+     6
    0    0    0   27    6   22     301.95317714    0.00005027   17   A+     3
    0    0    0   28    5   23     302.00905651    0.00005502   16   A+     3
    0    0    0   29    4   26     305.54295553    0.00004938   20   A+     2
    0    0    0   26    7   19     306.21641424    0.00004955   17   A+     4
    0    0    0   14   12    2     306.94645253    0.00006424   15   A+     7
    0    0    0   30    2   28     309.76409999    0.00004108   18   A+     2
    0    0    0   18   11    7     310.96818447    0.00005071   16   A+     6
    0    0    0   23    9   15     311.53595606    0.00000166   18   A+     5
    0    0    0   21   10   12     314.40197312    0.00000083   16   A+     5
    0    0    0   25    8   18     314.54413685    0.00005723   15   A+     4
    0    0    0   31    2   30     315.96167330    0.00006008   13   A+     1
    0    0    0   15   12    4     316.52306796    0.00005283   15   A+     6
    0    0    0   32    0   32     318.29604467    0.00006325   10   A+     1
    0    0    0   30    3   27     318.66414613    0.00004993   17   A+     2
    0    0    0   28    6   22     319.91750379    0.00000663   17   A+     4
    0    0    0   29    5   25     320.47632014    0.00000297   20   A+     3
    0    0    0   19   11    9     323.09818533    0.00005626   15   A+     6
    0    0    0   27    7   21     323.49473014    0.00005348   18   A+     4
    0    0    0   16   12    4     326.73820015    0.00005794   14   A+     7
    0    0    0   24    9   15     326.86601136    0.00000166   19   A+     5
    0    0    0   30    4   26     327.13608374    0.00005065   19   A+     3
    0    0    0   22   10   12     328.44955279    0.00005103   17   A+     6
    0    0    0   31    3   29     330.75577630    0.00004326   17   A+     2
    0    0    0   26    8   18     331.16411789    0.00005577   16   A+     5
    0    0    0   32    1   31     335.49666877    0.00005282   15   A+     1
    0    0    0   20   11    9     335.86735148    0.00005424   16   A+     6
    0    0    0   17   12    6     337.59196566    0.00005436   16   A+     6
    0    0    0   33    1   33     337.90806458    0.00000083   11   A+     1
    0    0    0   29    6   24     338.50867607    0.00000331   18   A+     3
    0    0    0   13   13    1     339.33656118    0.00007715    8   A+     7
    0    0    0   30    5   25     340.09141009    0.00003129   20   A+     3
    0    0    0   28    7   21     341.41860462    0.00005210   16   A+     4
    0    0    0   25    9   17     342.83669439    0.00000166   16   A+     5
    0    0    0   23   10   14     343.13675309    0.00000166   18   A+     5
    0    0    0   31    4   28     344.63934864    0.00004616   19   A+     2
    0    0    0   14   13    1     348.27639349    0.00006936   11   A+     7
    0    0    0   27    8   20     348.42635839    0.00005540   15   A+     4
    0    0    0   18   12    6     349.08449822    0.00005274   15   A+     7
    0    0    0   21   11   11     349.27546647    0.00004917   17   A+     6
    0    0    0   32    2   30     349.90264310    0.00004257   18   A+     2
    0    0    0   33    2   32     355.77292368    0.00005576   15   A+     1
    0    0    0   30    6   24     357.78429273    0.00000315   19   A+     4
    0    0    0   15   13    3     357.85481980    0.00005554   14   A+     7
    0    0    0   34    0   34     358.10094501    0.00000083   11   A+     1
    0    0    0   24   10   14     358.46371076    0.00000166   18   A+     6
    0    0    0   26    9   17     359.44827348    0.00000166   18   A+     5
    0    0    0   31    5   27     359.70140280    0.00000315   20   A+     3
    0    0    0   29    7   23     359.98707679    0.00005246   16   A+     4
    0    0    0   32    3   29     360.07807287    0.00005864   14   A+     2
    0    0    0   19   12    8     361.21598328    0.00005829   14   A+     6
    0    0    0   22   11   11     363.32271842    0.00005178   17   A+     6
    0    0    0   28    8   20     366.33138999    0.00005645   15   A+     5
    0    0    0   16   13    3     368.07202087    0.00005345   14   A+     7
    0    0    0   32    4   28     368.57419376    0.00005247   17   A+     3
    0    0    0   33    3   31     371.64652345    0.00004579   17   A+     2
    0    0    0   20   12    8     373.98631438    0.00005687   13   A+     7
    0    0    0   25   10   16     374.43058672    0.00000166   18   A+     5
    0    0    0   34    1   33     376.51049073    0.00000200   15   A+     1
    0    0    0   27    9   19     376.70097708    0.00000332   18   A+     5
    0    0    0   31    6   26     377.66118599    0.00000233   19   A+     3
    0    0    0   23   11   13     378.00918832    0.00004824   18   A+     6
    0    0    0   35    1   35     378.88046907    0.00000083   11   A+     1
    0    0    0   17   13    5     378.92795813    0.00005583   14   A+     7
    0    0    0   30    7   23     379.20313192    0.00000326   19   A+     4
    0    0    0   32    5   27     380.87027646    0.00004784   19   A+     3
    0    0    0   29    8   22     384.87957742    0.00005345   14   A+     4
    0    0    0   33    4   30     386.24298521    0.00005535   16   A+     2
    0    0    0   21   12   10     387.39548033    0.00005312   17   A+     6
    0    0    0   18   13    5     390.42255155    0.00005176   16   A+     7
    0    0    0   26   10   16     391.03758137    0.00000166   19   A+     6
    0    0    0   34    2   32     392.31514661    0.00005718   16   A+     2
    0    0    0   14   14    0     392.80340792    0.00007950    7   A+     8
    0    0    0   24   11   13     393.33511324    0.00005000   16   A+     6
    0    0    0   28    9   19     394.59501221    0.00000332   17   A+     5
    0    0    0   35    2   34     397.92572062    0.00000198   17   A+     1
    0    0    0   32    6   26     398.26379612    0.00001593   18   A+     4
    0    0    0   31    7   25     399.06335665    0.00000326   21   A+     4
    0    0    0   36    0   36     400.24221681    0.00000074   12   A+     1
    0    0    0   22   12   10     401.44375283    0.00005015   17   A+     7
    0    0    0   33    5   29     401.51578494    0.00004663   20   A+     3
    0    0    0   15   14    2     402.38436259    0.00006260   11   A+     7
    0    0    0   19   13    7     402.55617034    0.00006005   13   A+     7
    0    0    0   34    3   31     403.94386107    0.00005361   18   A+     2
    0    0    0   30    8   22     404.07127975    0.00005177   16   A+     5
    0    0    0   27   10   18     408.28485824    0.00000332   18   A+     5
    0    0    0   25   11   15     409.30042647    0.00005012   17   A+     6
    0    0    0   16   14    2     412.60396306    0.00005712   15   A+     8
    0    0    0   34    4   30     412.75360799    0.00005652   16   A+     3
    0    0    0   29    9   21     413.13069736    0.00000332   15   A+     5
    0    0    0   35    3   33     414.91841294    0.00000399   18   A+     2
    0    0    0   20   13    7     415.32842749    0.00005207   15   A+     7
    0    0    0   23   12   12     416.13099509    0.00005381   15   A+     6
    0    0    0   33    6   28     419.41518538    0.00005345   14   A+     3
    0    0    0   32    7   25     419.57485311    0.00005746   15   A+     4
    0    0    0   36    1   35     419.85193413    0.00001594   17   A+     1
    0    0    0   37    1   37     422.18931921    0.00000074   12   A+     1
    0    0    0   17   14    4     423.46233045    0.00005965   15   A+     7
    0    0    0   31    8   24     423.90689230    0.00005687   15   A+     4
    0    0    0   34    5   29     424.38275828    0.00005003   17   A+     3
    0    0    0   26   11   15     425.90549005    0.00005132   18   A+     6
    0    0    0   28   10   18     426.17253823    0.00000332   16   A+     6
    0    0    0   21   13    9     428.73953378    0.00005247   16   A+     7
    0    0    0   35    4   32     430.32986674    0.00004642   17   A+     2
    0    0    0   24   12   12     431.45722982    0.00005544   16   A+     7
    0    0    0   30    9   21     432.30819790    0.00000332   16   A+     5
    0    0    0   18   14    4     434.95957714    0.00005722   14   A+     8
    0    0    0   36    2   34     437.00433918    0.00000391   18   A+     2
    0    0    0   33    7   27     440.72824696    0.00002345   19   A+     4
    0    0    0   34    6   28     441.37040146    0.00002448   14   A+     4
    0    0    0   37    2   36     442.41697474    0.00005300   14   A+     1
    0    0    0   22   13    9     442.78958192    0.00005012   18   A+     7
    0    0    0   27   11   17     443.15014318    0.00005387   15   A+     6
    0    0    0   32    8   24     444.38680411    0.00004860   18   A+     5
    0    0    0   29   10   20     444.70086145    0.00000332   16   A+     5
    0    0    0   38    0   38     444.71928656    0.00000052   13   A+     1
    0    0    0   35    5   31     445.90939418    0.00005143   18   A+     3
    0    0    0   19   14    6     447.09566601    0.00005880   14   A+     7
    0    0    0   25   12   14     447.42274398    0.00005194   17   A+     6
    0    0    0   15   15    1     450.08676609    0.00007071    8   A+     8
    0    0    0   36    3   33     450.19015134    0.00004821   18   A+     2
    0    0    0   31    9   23     452.12786710    0.00000332   17   A+     5
    0    0    0   23   13   11     457.47857131    0.00005504   14   A+     7
    0    0    0   36    4   32     459.62569084    0.00005551   17   A+     3
    0    0    0   20   14    6     459.87054243    0.00005977   14   A+     8
    0    0    0   16   15    1     460.30921923    0.00005955   13   A+     8
    0    0    0   37    3   35     460.55714829    0.00000263   15   A+     2
    0    0    0   28   11   17     461.03455380    0.00005101   17   A+     6
    0    0    0   34    7   27     462.53951327    0.00000663   15   A+     4
    0    0    0   35    6   30     463.77399006    0.00000662   18   A+     3
    0    0    0   30   10   20     463.86990979    0.00000332   18   A+     6
    0    0    0   26   12   14     464.02748854    0.00005503   16   A+     7
    0    0    0   33    8   26     465.51129847    0.00005604   13   A+     4
    0    0    0   38    1   37     465.52295490    0.00000332   15   A+     1
    0    0    0   39    1   39     467.83379681    0.00000066   12   A+     1
    0    0    0   36    5   31     470.66518489    0.00005245   15   A+     3
    0    0    0   17   15    3     471.17058384    0.00005920   12   A+     8
    0    0    0   24   13   11     472.80637995    0.00005236   16   A+     7
    0    0    0   21   14    8     473.28432540    0.00005500   15   A+     7
    0    0    0   37    4   34     476.87486797    0.00004353   17   A+     2
    0    0    0   29   11   19     479.55901634    0.00004918   18   A+     6
    0    0    0   27   12   16     481.27148176    0.00005357   16   A+     6
    0    0    0   18   15    3     482.67076852    0.00005387   14   A+     8
    0    0    0   31   10   22     483.67995058    0.00000332   17   A+     5
    0    0    0   38    2   36     483.97992946    0.00000266   16   A+     2
    0    0    0   35    7   29     484.98669825    0.00005403   16   A+     4
    0    0    0   36    6   30     487.12296267    0.00000822   18   A+     4
    0    0    0   34    8   26     487.28157920    0.00005208   16   A+     5
    0    0    0   22   14    8     487.33681503    0.00005359   15   A+     8
    0    0    0   25   13   13     488.77332402    0.00005554   15   A+     7
    0    0    0   39    2   38     489.24465481    0.00000332   15   A+     1
    0    0    0   40    0   40     491.53128586    0.00006852    9   A+     1
    0    0    0   37    5   33     492.86766937    0.00004897   18   A+     3
    0    0    0   33    9   25     493.69489599    0.00005416   15   A+     5
    0    0    0   19   15    5     494.80986109    0.00005573   14   A+     8
    0    0    0   30   11   19     498.72337606    0.00005083   18   A+     6
    0    0    0   38    3   35     498.75508192    0.00004293   17   A+     2
    0    0    0   28   12   16     499.15493236    0.00005570   16   A+     7
    0    0    0   23   14   10     502.02823638    0.00005272   15   A+     7
    0    0    0   32   10   22     504.13117523    0.00005118   16   A+     6
    0    0    0   26   13   13     505.37904903    0.00005573   17   A+     7
    0    0    0   20   15    5     507.58787242    0.00005813   14   A+     8
    0    0    0   36    7   29     508.10416267    0.00000518   19   A+     4
    0    0    0   39    3   37     508.55123539    0.00005427   15   A+     2
    0    0    0   38    4   34     509.12782743    0.00006329   13   A+     3
    0    0    0   35    8   28     509.69679760    0.00000662   17   A+     4
    0    0    0   37    6   32     510.73875877    0.00000332   19   A+     3
    0    0    0   16   16    0     511.16280687    0.00007210    9   A+     9
    0    0    0   40    1   39     513.52475439    0.00005857   13   A+     1
    0    0    0   34    9   25     515.44276266    0.00000332   15   A+     5
    0    1    0    0    0    0     515.65937336    0.00020000    1   C-     2
    0    0    0   41    1   41     515.81296854    0.00006667    9   A+     1
    0    0    0   24   14   10     517.35854757    0.00005670   14   A+     8
    0    1    0    2    0    2     517.56771607    0.00008165    6   B+     3
    0    0    0   29   12   18     517.67781329    0.00005530   15   A+     6
    0    1    0    1    1    1     517.98646505    0.00008165    6   B+     2
    0    0    0   31   11   21     518.52796463    0.00005359   15   A+     6
    0    1    0    2    1    1     519.36376341    0.00008458    6   B+     2
    0    0    0   38    5   33     519.74224367    0.00005547   13   A+     3
    0    0    0   21   15    7     521.00482749    0.00005567   14   A+     8
    0    1    0    3    1    3     521.03916416    0.00006624   10   A+     3
    0    1    0    4    0    4     522.00751696    0.00007995    7   A+     4
    0    0    0   17   16    2     522.02732288    0.00006383   10   A+     8
    0    0    0   27   13   15     522.62408369    0.00005425   15   A+     7
    0    1    0    4    1    3     523.99832027    0.00007376    8   B+     3
    0    1    0    2    2    0     524.43631065    0.00008849    6   B+     4
    0    0    0   33   10   24     525.22375608    0.00005084   16   A+     5
    0    0    0   39    4   36     525.85387945    0.00004039   14   A+     2
    0    1    0    3    2    2     526.34498372    0.00006768   10   B+     2
    0    1    0    5    1    5     526.52755912    0.00007234    8   B+     4
    0    1    0    4    2    2     528.90810899    0.00006420   10   B+     5
    0    1    0    6    0    6     528.94584157    0.00008165    6   B+     5
    0    1    0    6    1    5     531.27099242    0.00006798    9   A+     4
    0    0    0   37    7   31     531.84359582    0.00000332   17   A+     4
    0    1    0    5    2    4     532.07100345    0.00006600   11   A+     3
    0    0    0   36    8   28     532.75926949    0.00005290   16   A+     5
    0    0    0   40    2   38     533.25253372    0.00006479   14   A+     2
    0    0    0   25   14   12     533.32766992    0.00006009   13   A+     7
    0    0    0   18   16    2     533.53078352    0.00006707   10   A+     9
    0    1    0    7    1    7     534.44235504    0.00006444   10   B+     5
    0    1    0    3    3    1     534.92444925    0.00010356    6   B+     4
    0    0    0   22   15    7     535.06054312    0.00005985   12   A+     8
    0    0    0   38    6   32     535.54603513    0.00005140   16   A+     4
    0    1    0    6    2    4     535.96672343    0.00007071    8   B+     6
    0    0    0   30   12   18     536.84023258    0.00005556   14   A+     7
    0    1    0    4    3    1     537.47342298    0.00006588   10   B+     4
    0    0    0   35    9   27     537.83407228    0.00005649   13   A+     5
    0    1    0    8    0    8     538.33606442    0.00008070    7   B+     6
    0    0    0   41    2   40     538.40695502    0.00005404   14   A+     1
    0    0    0   32   11   21     538.97280058    0.00005190   16   A+     6
    0    1    0    7    2    6     540.33225535    0.00006309   11   A+     4
    0    0    0   28   13   15     540.50815545    0.00005276   17   A+     7
    0    1    0    5    3    3     540.66048929    0.00006527   10   B+     5
    0    0    0   42    0   42     540.67777030    0.00006836   10   A+     1
    0    1    0    8    1    7     541.16619599    0.00007166    8   A+     5
    0    0    0   39    5   35     542.37211035    0.00005334   17   A+     3
    0    1    0    6    3    3     544.48774294    0.00006596   10   B+     5
    0    1    0    9    1    9     544.77088754    0.00006601   11   A+     6
    0    1    0    8    2    6     545.64990785    0.00005953   12   A+     7
    0    0    0   19   16    4     545.67339396    0.00006030   11   A+     8
    0    0    0   34   10   24     546.95795134    0.00000332   15   A+     6
    0    1    0    7    3    5     548.95142300    0.00006565   11   B+     6
    0    1    0    4    4    0     549.47395696    0.00008425    6   B+     6
    0    0    0   40    3   37     549.59468710    0.00003987   16   A+     2
    0    0    0   23   15    9     549.75525165    0.00005763   16   A+     8
    0    0    0   26   14   12     549.93580472    0.00005631   14   A+     8
    0    1    0   10    0   10     550.12559043    0.00008072    7   B+     7
    0    1    0    9    2    8     551.11840334    0.00005774   12   B+     5
    0    1    0    5    4    2     552.65995279    0.00007883    9   B+     4
    0    1    0   10    1    9     553.66123608    0.00007071    8   B+     6
    0    1    0    8    3    5     554.06402100    0.00007343    8   B+     6
    0    0    0   38    7   31     556.27710922    0.00005766   15   A+     4
    0    0    0   37    8   30     556.46692915    0.00005463   16   A+     4
    0    1    0    6    4    2     556.48410887    0.00006667    9   B+     7
    0    0    0   31   12   20     556.64209991    0.00005333   17   A+     6
    0    1    0   11    1   11     557.49920790    0.00006436   10   B+     7
    0    1    0   10    2    8     557.99743151    0.00006243   11   B+     8
    0    0    0   20   16    4     558.45491461    0.00005774   12   A+     9
    0    0    0   41    3   39     558.89211855    0.00006134   14   A+     2
    0    0    0   29   13   17     559.03127387    0.00005000   16   A+     7
    0    1    0    9    3    7     559.80171826    0.00006822   10   B+     7
    0    0    0   33   11   23     560.05819814    0.00005904   13   A+     6
    0    0    0   39    6   34     560.30794399    0.00006171   14   A+     3
    0    0    0   36    9   27     560.86896622    0.00005384   16   A+     5
    0    1    0    7    4    4     560.94672050    0.00006638   10   B+     5
    0    0    0   40    4   36     561.18847612    0.00006332   12   A+     3
    0    0    0   42    1   41     563.85795294    0.00006182   12   A+     1
    0    1    0   12    0   12     564.26978285    0.00008009    8   B+     8
    0    1    0   11    2   10     564.41608498    0.00005830   12   B+     6
    0    0    0   24   15    9     565.08862838    0.00005332   15   A+     8
    0    1    0    8    4    4     566.04835537    0.00007172    8   B+     8
    0    0    0   43    1   43     566.12632063    0.00007071    8   A+     1
    0    1    0   10    3    7     566.21590394    0.00006208   12   B+     7
    0    0    0   27   14   14     567.18285009    0.00005373   15   A+     7
    0    1    0    5    5    1     568.07652585    0.00008500    7   B+     6
    0    1    0   12    1   11     568.72396105    0.00007071    8   B+     7
    0    0    0   35   10   26     569.33390929    0.00006488   12   A+     5
    0    0    0   40    5   35     571.61920961    0.00005828   14   A+     3
    0    1    0    9    4    6     571.78947184    0.00006325   10   B+     6
    0    0    0   21   16    6     571.87546045    0.00005561   14   A+     8
    0    1    0    6    5    1     571.90003117    0.00008586    7   B+     6
    0    1    0   13    1   13     572.61351076    0.00006464   10   B+     8
    0    1    0   12    2   10     573.03776955    0.00005774   12   B+     9
    0    1    0   11    3    9     573.21469824    0.00006030   11   B+     8
    0    0    0   17   17    1     576.00562332    0.00007885    7   A+     9
    0    1    0    7    5    3     576.36144898    0.00007071    8   B+     7
    0    0    0   32   12   20     577.08389588    0.00006263   14   A+     7
    0    0    0   41    4   38     577.24425209    0.00005389   16   A+     2
    0    1    0   10    4    6     578.17118580    0.00006667    9   B+     9
    0    0    0   30   13   17     578.19369938    0.00005629   15   A+     7
    0    1    0   13    2   12     580.20909811    0.00005283   12   A+     7
    0    1    0   14    0   14     580.74150441    0.00007415    9   B+     9
    0    0    0   38    8   30     580.82412082    0.00001293   18   A+     5
    0    1    0   12    3    9     580.96350794    0.00004673   14   A+     8
    0    0    0   25   15   11     581.06100333    0.00005146   16   A+     8
    0    0    0   39    7   33     581.30355009    0.00001295   17   A+     4
    0    1    0    8    5    3     581.46116627    0.00007529    8   B+     7
    0    0    0   34   11   23     581.78406946    0.00005749   15   A+     6
    0    0    0   37    9   29     584.54789076    0.00006270   12   A+     5
    0    0    0   42    2   40     584.83132648    0.00006410   12   A+     2
    0    0    0   28   14   14     585.06879717    0.00005135   16   A+     8
    0    1    0   11    4    8     585.19264825    0.00006325   10   B+     7
    0    0    0   22   16    6     585.93491355    0.00006241   12   A+     9
    0    1    0   14    1   13     586.31113648    0.00007765    8   B+     8
    0    0    0   40    6   34     586.67011688    0.00005484   14   A+     4
    0    1    0    9    5    5     587.19939609    0.00007559    7   B+     8
    0    0    0   18   17    1     587.51272967    0.00006172   11   A+     9
    0    1    0   13    3   11     589.19117284    0.00005995   13   B+     9
    0    0    0   43    2   42     589.90279044    0.00005211   13   A+     1
    0    1    0   15    1   15     590.10098852    0.00006605   10   A+     9
    0    1    0    6    6    0     590.72304315    0.00011274    6   B+     8
    0    1    0   14    2   12     590.77794267    0.00005899   13   A+    10
    0    0    0   44    0   44     592.15774824    0.00006339   11   A+     1
    0    0    0   36   10   26     592.35190521    0.00005644   14   A+     6
    0    1    0   12    4    8     592.85866726    0.00006733   11   B+    10
    0    1    0   10    5    5     593.57659815    0.00007249   10   B+     8
    0    0    0   41    5   37     594.40069708    0.00005222   17   A+     3
    0    1    0    7    6    2     595.18448587    0.00010269    5   B+     6
    0    0    0   26   15   11     597.67219480    0.00005491   15   A+     8
    0    0    0   31   13   19     597.99539755    0.00005605   14   A+     7
    0    0    0   33   12   22     598.16543281    0.00005599   14   A+     6
    0    1    0   14    3   11     598.33539848    0.00005668   13   B+     9
    0    1    0   15    2   14     598.47917994    0.00005954   12   B+     8
    0    1    0   16    0   16     599.53036772    0.00007985    7   B+    10
    0    0    0   19   17    3     599.65918064    0.00006289   11   A+     9
    0    1    0    8    6    2     600.28320851    0.00007253    8   B+     9
    0    1    0   11    5    7     600.59319424    0.00006842   10   B+     9
    0    0    0   23   16    8     600.63310309    0.00006397   12   A+     8
    0    1    0   13    4   10     601.16190453    0.00006199   11   B+     8
    0    0    0   42    3   39     602.68678247    0.00005423   17   A+     2
    0    0    0   29   14   16     603.59371653    0.00005627   15   A+     7
    0    0    0   35   11   25     604.15057831    0.00005345   14   A+     6
    0    0    0   39    8   32     605.82560410    0.00002264   18   A+     4
    0    1    0    9    6    4     606.02043325    0.00007959    8   B+     7
    0    1    0   16    1   15     606.36932258    0.00007012    9   B+     9
    0    0    0   40    7   33     607.06854255    0.00002269   17   A+     4
    0    1    0   15    3   13     607.72840265    0.00006214   11   B+    10
    0    1    0   12    5    7     608.24984798    0.00006818    9   B+     9
    0    0    0   38    9   29     608.87145007    0.00005471   15   A+     5
    0    1    0   17    1   17     609.95063585    0.00007641    8   B+    10
    0    1    0   14    4   10     610.11903067    0.00006631   12   B+    11
    0    1    0   16    2   14     611.20262346    0.00006325   10   B+    11
    0    0    0   43    3   41     611.57360695    0.00005630   13   A+     2
    0    1    0   10    6    4     612.39599950    0.00006784    9   B+    10
    0    0    0   20   17    3     612.44464507    0.00006486   12   A+     9
    0    0    0   41    6   36     612.47647937    0.00005534   16   A+     3
    0    0    0   27   15   13     614.92228981    0.00005345   14   A+     8
    0    0    0   42    4   38     615.73043722    0.00005651   13   A+     3
    0    0    0   24   16    8     615.97035305    0.00005100   16   A+     9
    0    0    0   37   10   28     616.01206430    0.00006020   14   A+     5
    0    0    0   44    1   43     616.52215456    0.00006061   12   A+     1
    0    1    0   13    5    9     616.54646172    0.00006367   11   B+    10
    0    1    0    7    7    1     617.40199990    0.00008653    6   B+     8
    0    1    0   16    3   13     618.36748074    0.00005380   14   A+    10
    0    0    0   32   13   19     618.43618522    0.00006095   12   A+     7
    0    0    0   45    1   45     618.77275747    0.00006325   10   A+     1
    0    1    0   17    2   16     619.20635931    0.00005696   12   A+     9
    0    1    0   11    6    6     619.41000625    0.00006823    9   B+     8
    0    1    0   15    4   12     619.70291231    0.00005839   12   B+     9
    0    0    0   34   12   22     619.88677382    0.00006262   12   A+     7
    0    1    0   18    0   18     620.63655406    0.00008588    8   B+    10
    0    1    0    8    7    1     622.50116789    0.00006915    9   B+     8
    0    0    0   30   14   16     622.75755295    0.00005553   15   A+     8
    0    1    0   14    5    9     625.48454870    0.00006030   11   B+    10
    0    0    0   21   17    5     625.86904586    0.00006897    9   A+     9
    0    0    0   42    5   37     626.27564486    0.00006035   13   A+     3
    0    1    0   12    6    6     627.06313192    0.00007739    9   B+    11
    0    0    0   36   11   25     627.15800467    0.00005146   17   A+     6
    0    1    0    9    7    3     628.23791861    0.00006667    9   B+     9
    0    1    0   17    3   15     628.81942408    0.00000663   11   A+    11
    0    1    0   18    1   17     628.84030389    0.00006738   10   B+    10
    0    1    0   16    4   12     629.96334823    0.00000663   13   A+    12
    0    0    0   43    4   40     631.02513575    0.00005506   15   A+     2
    0    0    0   40    8   32     631.48091200    0.00005425   14   A+     5
    0    0    0   25   16   10     631.94665547    0.00005740   14   A+     8
    0    1    0   19    1   19     632.15442330    0.00007833    7   B+    10
    0    0    0   28   15   13     632.81120367    0.00005478   16   A+     8
    0    0    0   41    7   35     633.37075685    0.00005460   15   A+     4
    0    0    0   39    9   31     633.83928496    0.00005556   15   A+     5
    0    1    0   18    2   16     634.28010694    0.00006325   10   B+    11
    0    1    0   10    7    3     634.61302402    0.00006668   10   B+     9
    0    1    0   15    5   11     635.06369203    0.00006135   12   B+    11
    0    1    0   13    6    8     635.35543708    0.00008095    8   B+     9
    0    0    0   44    2   42     638.72342132    0.00005922   13   A+     2
    0    0    0   33   13   21     639.51643647    0.00005713   15   A+     7
    0    0    0   22   17    5     639.93270987    0.00007313   11   A+     9
    0    0    0   38   10   28     640.31477966    0.00005555   15   A+     6
    0    0    0   42    6   36     640.53137610    0.00005780   15   A+     4
    0    1    0   17    4   14     640.82065819    0.00007270   12   B+    10
    0    1    0   18    3   15     641.09838998    0.00006030   11   B+    11
    0    1    0   11    7    5     641.62624630    0.00007170    8   B+    10
    0    0    0   35   12   24     642.24800979    0.00005531   16   A+     6
    0    1    0   19    2   18     642.36996376    0.00006525   10   B+     9
    0    0    0   31   14   18     642.56053278    0.00005525   14   A+     7
    0    0    0   45    2   44     643.73071211    0.00006629   12   A+     1
    0    1    0   20    0   20     644.06442605    0.00007559    7   B+    10
    0    1    0   14    6    8     644.28749674    0.00007254    8   B+    12
    0    0    0   18   18    0     644.58890488    0.00007559    7   A+    12
    0    1    0   16    5   11     645.28596339    0.00006232   11   B+    11
    0    0    0   46    0   46     645.97021799    0.00006689   10   A+     1
    0    1    0    8    8    0     648.09991525    0.00008871    7   B+    10
    0    0    0   26   16   10     648.56166560    0.00006481   12   A+     9
    0    0    0   43    5   39     648.92891270    0.00005721   16   A+     3
    0    1    0   12    7    5     649.27795447    0.00006355   12   B+    10
    0    0    0   37   11   27     650.80637204    0.00006101   13   A+     6
    0    0    0   29   15   15     651.33888787    0.00006404   10   A+     8
    0    1    0   18    4   14     652.40665537    0.00006090   11   B+    13
    0    1    0   19    3   17     652.45250532    0.00006063   13   B+    11
    0    1    0   20    1   19     653.66926902    0.00006154   11   B+    10
    0    1    0    9    8    2     653.83716397    0.00006865    9   B+     8
    0    1    0   15    6   10     653.85952655    0.00007071    8   B+    10
    0    0    0   23   17    7     654.63524591    0.00006218   12   A+     9
    0    1    0   17    5   13     656.14973165    0.00006523   12   B+    12
    0    1    0   21    1   21     656.70564208    0.00006861    9   B+    10
    0    0    0   19   18    2     656.73948294    0.00006510   10   A+    10
    0    1    0   13    7    7     657.56823128    0.00007317    9   B+    11
    0    0    0   41    8   34     657.77733507    0.00000662   17   A+     4
    0    0    0   44    3   41     658.02777120    0.00005270   16   A+     2
    0    0    0   40    9   31     659.45273039    0.00000662   17   A+     5
    0    1    0   20    2   18     659.96704123    0.00006325   10   B+    11
    0    1    0   10    8    2     660.21249400    0.00007521    8   B+    11
    0    0    0   42    7   35     660.49201719    0.00005899   13   A+     4
    0    0    0   34   13   21     661.23594885    0.00005874   14   A+     7
    0    0    0   32   14   18     663.00238284    0.00005610   16   A+     8
    0    1    0   16    6   10     664.07208369    0.00007559    7   B+    13
    0    1    0   19    4   16     664.51916609    0.00005474   14   B+    11
    0    0    0   36   12   24     665.24934278    0.00005652   14   A+     7
    0    0    0   39   10   30     665.26026132    0.00005329   16   A+     5
    0    0    0   27   16   12     665.81551117    0.00006480   10   A+     8
    0    1    0   14    7    7     666.49755504    0.00006030   11   B+    11
    0    1    0   20    3   17     666.55930948    0.00006006   13   B+    11
    0    0    0   45    3   43     666.59062112    0.00006080   13   A+     2
    0    1    0   11    8    4     667.22559739    0.00006646   10   B+     9
    0    0    0   43    6   38     667.23526037    0.00006239   14   A+     3
    0    1    0   18    5   13     667.66002770    0.00006543   11   B+    12
    0    1    0   21    2   20     667.95012154    0.00005774   12   B+     9
    0    0    0   20   18    2     669.52919969    0.00006701   10   A+    12
    0    1    0   22    0   22     669.81786244    0.00007040    9   B+    10
    0    0    0   24   17    7     669.97687990    0.00006659   13   A+     9
    0    0    0   30   15   15     670.50543073    0.00005426   14   A+     8
    0    0    0   46    1   45     671.51732275    0.00006011   12   A+     1
    0    0    0   44    4   40     672.67516893    0.00006624   11   A+     3
    0    0    0   47    1   47     673.75112708    0.00007379    8   A+     1
    0    1    0   12    8    4     674.87699322    0.00006544   10   B+    12
    0    1    0   17    6   12     674.92540882    0.00006325   10   B+    11
    0    0    0   38   11   27     675.09595889    0.00005409   16   A+     6
    0    1    0   15    7    9     676.06596074    0.00006386   11   B+    12
    0    1    0   20    4   16     677.46996690    0.00003572   14   A+    13
    0    1    0   21    3   19     678.61187944    0.00003529   15   A+    11
    0    1    0   19    5   15     679.80994910    0.00006030   11   B+    12
    0    1    0   22    1   21     680.81676400    0.00006030   11   B+    10
    0    1    0    9    9    1     682.80138136    0.00011987    5   B+    10
    0    0    0   21   18    4     682.95810785    0.00006862    9   A+    10
    0    1    0   13    8    6     683.16669023    0.00006510   10   B+    10
    0    0    0   35   13   23     683.59501472    0.00005482   16   A+     7
    0    1    0   23    1   23     683.60013519    0.00007390    8   B+    10
    0    0    0   44    5   39     683.66732475    0.00006072   13   A+     3
    0    0    0   28   16   12     683.70835000    0.00005479   14   A+     9
    0    0    0   33   14   20     684.08309461    0.00005769   16   A+     7
    0    0    0   42    8   34     684.73485961    0.00000166   14   A+     5
    0    0    0   41    9   33     685.71125479    0.00000166   15   A+     5
    0    0    0   25   17    9     685.95755934    0.00006129   13   A+     9
    0    1    0   16    7    9     686.27402913    0.00006555   11   B+    12
    0    1    0   18    6   12     686.42046260    0.00007151   10   B+    14
    0    0    0   45    4   42     687.17914824    0.00006574   14   A+     2
    0    0    0   43    7   37     688.04798662    0.00005863   15   A+     4
    0    1    0   22    2   20     688.21062180    0.00007168    9   B+    11
    0    0    0   37   12   26     688.89082514    0.00005625   15   A+     6
    0    1    0   10    9    1     689.17721310    0.00006781    9   B+    10
    0    0    0   31   15   17     690.31101143    0.00005521   14   A+     8
    0    1    0   21    4   18     690.79966499    0.00005923   13   B+    11
    0    0    0   40   10   30     690.84855803    0.00005517   15   A+     6
    0    1    0   14    8    6     692.09495894    0.00006786    9   B+    13
    0    1    0   20    5   15     692.61376191    0.00006049   12   B+    12
    0    1    0   22    3   19     694.76365645    0.00005900   13   B+    11
    0    0    0   46    2   44     694.93341212    0.00006292   13   A+     2
    0    1    0   23    2   22     695.92781053    0.00006030   11   B+     9
    0    1    0   11    9    3     696.19097654    0.00006667    9   B+    11
    0    0    0   22   18    4     697.02629079    0.00006437   11   A+    12
    0    1    0   17    7   11     697.12159772    0.00006343   11   B+    13
    0    0    0   44    6   38     697.16673473    0.00006300   15   A+     4
    0    1    0   24    0   24     697.90047815    0.00007743    8   B+    10
    0    1    0   19    6   14     698.55718522    0.00006740   10   B+    12
    0    0    0   47    2   46     699.88998814    0.00006514   11   A+     1
    0    0    0   39   11   29     700.02691437    0.00005309   16   A+     6
    0    1    0   15    8    8     701.66192342    0.00006402   12   B+    11
    0    0    0   48    0   48     702.11479932    0.00007815    8   A+     1
    0    0    0   29   16   14     702.23973869    0.00005556   14   A+     8
    0    0    0   26   17    9     702.57699237    0.00005837   13   A+     9
    0    1    0   12    9    3     703.84288522    0.00006322   11   B+    11
    0    1    0   22    4   18     705.18067197    0.00006106   13   B+    13
    0    0    0   34   14   20     705.80310228    0.00006069   12   A+     8
    0    0    0   45    5   41     705.93110434    0.00005761   14   A+     3
    0    1    0   21    5   17     706.05011164    0.00005774   12   B+    12
    0    0    0   36   13   23     706.59333208    0.00006086   14   A+     7
    0    1    0   23    3   21     707.27834053    0.00006232   11   B+    11
    0    1    0   18    7   11     708.60942187    0.00006378   11   B+    13
    0    1    0   24    1   23     710.26190464    0.00006137   11   B+    10
    0    0    0   32   15   17     710.75512971    0.00005799   13   A+     8
    0    1    0   20    6   14     711.33657963    0.00006328   12   B+    14
    0    0    0   23   18    6     711.73352881    0.00005959   12   A+    10
    0    1    0   16    8    8     711.86766782    0.00006229   11   B+    14
    0    1    0   13    9    5     712.13286313    0.00006524   10   B+    12
    0    0    0   43    8   36     712.32627971    0.00005379   16   A+     4
    0    0    0   42    9   33     712.61615580    0.00005775   15   A+     5
    0    1    0   25    1   25     712.83420282    0.00007406    8   B+    10
    0    0    0   38   12   26     713.17248256    0.00005425   15   A+     7
    0    0    0   46    3   43     715.62585514    0.00006304   13   A+     2
    0    0    0   44    7   37     716.56441637    0.00005140   16   A+     4
    0    0    0   19   19    1     716.88502950    0.00007559    7   A+    13
    0    0    0   41   10   32     717.08018741    0.00005788   15   A+     5
    0    1    0   24    2   22     718.95037941    0.00006110   12   B+    11
    0    1    0   23    4   20     719.66024358    0.00001600   14   A+    11
    0    0    0   27   17   11     719.83548564    0.00006980   12   A+     9
    0    1    0   22    5   17     720.15601841    0.00001609   14   A+    12
    0    1    0   19    7   13     720.73768950    0.00007266   10   B+    14
    0    1    0   14    9    5     721.06102370    0.00007134   10   B+    12
    0    0    0   30   16   14     721.41014987    0.00005411   14   A+     9
    0    1    0   10   10    0     721.48925588    0.00009049    6   B+    12
    0    1    0   17    8   10     722.71250121    0.00006080   11   B+    12
    0    0    0   47    3   45     723.93996120    0.00006014   12   A+     2
    0    0    0   45    6   40     724.57112309    0.00005812   14   A+     3
    0    1    0   21    6   16     724.75868919    0.00007140   11   B+    12
    0    0    0   40   11   29     725.59924026    0.00005448   14   A+     6
    0    1    0   24    3   21     725.70088336    0.00006047   12   B+    11
    0    1    0   25    2   24     726.28662175    0.00006505   11   B+     9
    0    0    0   24   18    6     727.08006502    0.00006947    9   A+    12
    0    0    0   35   14   22     728.16200704    0.00005697   13   A+     7
    0    1    0   26    0   26     728.31425591    0.00008323    7   B+    10
    0    1    0   11   10    2     728.50406405    0.00008030    8   B+    10
    0    0    0   48    1   47     728.84251406    0.00006325   10   A+     1
    0    0    0   20   19    1     729.67928158    0.00007210    9   A+    13
    0    0    0   37   13   25     730.23131275    0.00006080   14   A+     7
    0    1    0   15    9    7     730.62780839    0.00006667    9   B+    13
    0    0    0   49    1   49     731.06086427    0.00006863    9   A+     1
    0    0    0   33   15   19     731.83814769    0.00006026   12   A+     8
    0    0    0   46    4   42     731.95064876    0.00006127   12   A+     3
    0    1    0   20    7   13     733.50688883    0.00006325   12   B+    14
    0    1    0   18    8   10     734.19692900    0.00007781    8   B+    15
    0    1    0   23    5   19     734.87576897    0.00004183   11   A+    12
    0    1    0   24    4   20     735.57331227    0.00004134   12   A+    13
    0    1    0   12   10    2     736.15673070    0.00006667    9   B+    13
    0    0    0   28   17   11     737.73286217    0.00006523   11   A+     9
    0    0    0   39   12   28     738.09452813    0.00005630   14   A+     6
    0    1    0   25    3   23     738.43031184    0.00005860   12   B+    11
    0    1    0   22    6   16     738.82506504    0.00005774   12   B+    14
    0    0    0   43    9   35     740.16656618    0.00005423   15   A+     5
    0    0    0   44    8   36     740.59233672    0.00005345   14   A+     5
    0    1    0   16    9    7     740.83297421    0.00006467   11   B+    13
    0    0    0   31   16   16     741.21921297    0.00006244   13   A+     8
    0    1    0   26    1   25     742.00053673    0.00006611   10   B+    10
    0    0    0   25   18    8     743.06550354    0.00006445   12   A+    10
    0    0    0   21   19    3     743.11315576    0.00006509   10   A+    13
    0    0    0   46    5   41     743.73191874    0.00005624   13   A+     3
    0    0    0   42   10   32     743.95522697    0.00005253   15   A+     6
    0    1    0   27    1   27     744.40612772    0.00007329    8   B+    10
    0    1    0   13   10    4     744.44771790    0.00006325   10   B+    11
    0    0    0   45    7   39     745.33668854    0.00005985   15   A+     4
    0    0    0   47    4   44     745.69209210    0.00006407   14   A+     2
    0    1    0   19    8   12     746.32073068    0.00006030   11   B+    13
    0    1    0   21    7   15     746.91715622    0.00006432   12   B+    14
    0    1    0   24    5   19     750.29837629    0.00001604   13   A+    12
    0    1    0   25    4   22     751.09477347    0.00001599   14   A+    11
    0    0    0   36   14   22     751.15990809    0.00005472   14   A+     8
    0    1    0   17    9    9     751.67694439    0.00006325   10   B+    14
    0    0    0   41   11   31     751.81332156    0.00006777   11   A+     6
    0    1    0   26    2   24     752.12054306    0.00006339   11   B+    11
    0    1    0   14   10    4     753.37668514    0.00006156   11   B+    14
    0    0    0   48    2   46     753.46443881    0.00006056   13   A+     2
    0    1    0   23    6   18     753.53465264    0.00007209   10   B+    12
    0    0    0   34   15   19     753.56020008    0.00005997   13   A+     8
    0    0    0   38   13   25     754.50866563    0.00006089   14   A+     7
    0    0    0   29   17   13     756.26887863    0.00006844   11   A+     9
    0    0    0   46    6   40     756.60698896    0.00006041   13   A+     4
    0    0    0   22   19    3     757.18627302    0.00007502    8   A+    13
    0    0    0   49    2   48     758.37938607    0.00006325   10   A+     1
    0    1    0   27    2   26     759.01290756    0.00006448   10   B+     9
    0    1    0   20    8   12     759.08445914    0.00005899   12   B+    15
    0    1    0   26    3   23     759.33914179    0.00006495   10   B+    11
    0    0    0   26   18    8     759.69013679    0.00006123   14   A+    12
    0    0    0   50    0   50     760.58990533    0.00006567   10   A+     1
    0    1    0   22    7   15     760.96912525    0.00006901   10   B+    14
    0    1    0   28    0   28     761.06028171    0.00008165    6   B+    10
    0    0    0   32   16   16     761.66698766    0.00005842   16   A+     9
    0    1    0   15   10    6     762.94390316    0.00006526   10   B+    12
    0    1    0   18    9    9     763.15973005    0.00006325   10   B+    14
    0    0    0   40   12   28     763.65695212    0.00006312   13   A+     7
    0    1    0   11   11    1     764.14462037    0.00009270    6   B+    12
    0    0    0   47    5   43     765.38096501    0.00005901   14   A+     3
    0    1    0   25    5   21     766.29201451    0.00006294   13   B+    12
    0    0    0   44    9   35     768.36524542    0.00005763   15   A+     5
    0    1    0   26    4   22     768.68579526    0.00006125   11   B+    13
    0    1    0   24    6   18     768.89130150    0.00006708   10   B+    14
    0    0    0   45    8   38     769.47694294    0.00006193   12   A+     4
    0    0    0   43   10   34     771.47399096    0.00006154   12   A+     5
    0    1    0   12   11    1     771.79881077    0.00007165    8   B+    12
    0    0    0   23   19    5     771.89877870    0.00006811   10   A+    13
    0    1    0   27    3   25     772.04459242    0.00006030   11   B+    11
    0    1    0   21    8   14     772.48811437    0.00007234    8   B+    13
    0    1    0   16   10    6     773.14948879    0.00006325   10   B+    15
    0    0    0   37   14   24     774.79697543    0.00006261   14   A+     7
    0    1    0   19    9   11     775.28146298    0.00006481   10   B+    15
    0    0    0   46    7   39     775.30827152    0.00005863   14   A+     4
    0    0    0   30   17   13     775.44378345    0.00007178   11   A+     9
    0    0    0   48    3   45     775.49425283    0.00006937   11   A+     2
    0    1    0   23    7   17     775.66293771    0.00006892    9   B+    14
    0    0    0   35   15   21     775.92064970    0.00005799   13   A+     8
    0    1    0   28    1   27     776.03754159    0.00007053    9   B+    10
    0    0    0   27   18   10     776.95353959    0.00006727   10   A+    10
    0    1    0   29    1   29     778.31389205    0.00008563    6   B+    10
    0    0    0   42   11   31     778.66916035    0.00005849   14   A+     6
    0    0    0   39   13   27     779.42576144    0.00006307   11   A+     7
    0    1    0   13   11    3     780.09097412    0.00006934    9   B+    13
    0    0    0   33   16   18     782.75354865    0.00006229   13   A+     8
    0    1    0   26    5   21     783.05585059    0.00006512   11   B+    12
    0    0    0   49    3   47     783.61934535    0.00006809   10   A+     2
    0    1    0   17   10    8     783.99369578    0.00006250   11   B+    13
    0    0    0   47    6   42     784.46633095    0.00005572   14   A+     3
    0    1    0   25    6   20     784.89002374    0.00007603    9   B+    12
    0    1    0   27    4   24     785.09254967    0.00006325   10   B+    11
    0    1    0   22    8   14     786.53217470    0.00007215    9   B+    15
    0    0    0   24   19    5     787.25041690    0.00007118    9   A+    13
    0    1    0   28    2   26     787.65776653    0.00006205   13   B+    11
    0    1    0   20    9   11     788.04251557    0.00006799    9   B+    15
    0    0    0   50    1   49     788.49717650    0.00005652   13   A+     1
    0    1    0   14   11    3     789.02126848    0.00006667    9   B+    13
    0    0    0   41   12   30     789.85981254    0.00006326   13   A+     6
    0    0    0   51    1   51     790.70105027    0.00007849    7   A+     1
    0    1    0   24    7   17     790.99936891    0.00007018   10   B+    14
    0    0    0   20   20    0     792.86549428    0.00008647    7   A+    16
    0    0    0   48    4   44     793.49936655    0.00006596   12   A+     3
    0    1    0   29    2   28     794.09564426    0.00006325   10   B+     9
    0    0    0   28   18   10     794.85602416    0.00006879   10   A+    12
    0    0    0   31   17   15     795.25729113    0.00005870   14   A+     9
    0    1    0   18   10    8     795.47623092    0.00006471   10   B+    16
    0    1    0   28    3   25     795.63023262    0.00006409   10   B+    11
    0    1    0   30    0   30     796.13913466    0.00009078    7   B+    10
    0    0    0   45    9   37     797.20914773    0.00006081   13   A+     5
    0    1    0   15   11    5     798.58981054    0.00006325   10   B+    14
    0    0    0   36   15   21     798.92021717    0.00006778   14   A+     8
    0    0    0   46    8   38     799.06100357    0.00006327   11   A+     5
    0    0    0   38   14   24     799.07324828    0.00006373   14   A+     8
    0    0    0   44   10   34     799.63696473    0.00006099   12   A+     6
    0    1    0   27    5   23     800.30236096    0.00006414   11   B+    12
    0    1    0   23    8   16     801.21694431    0.00006292   11   B+    13
    0    1    0   21    9   13     801.44288771    0.00006314   12   B+    15
    0    1    0   26    6   20     801.54107863    0.00006386   10   B+    14
    0    0    0   25   19    7     803.24125398    0.00006709   10   A+    13
    0    0    0   34   16   18     804.47870785    0.00006920   13   A+     9
    0    1    0   28    4   24     804.55237397    0.00006371   11   B+    13
    0    0    0   40   13   27     804.98255044    0.00006161   13   A+     7
    0    0    0   47    7   41     805.23562550    0.00005843   14   A+     4
    0    0    0   43   11   33     806.16695374    0.00005855   13   A+     6
    0    0    0   21   20    2     806.30433079    0.00008204    8   A+    14
    0    0    0   48    5   43     806.39565325    0.00006562   10   A+     3
    0    0    0   49    4   46     806.55269394    0.00006936   12   A+     2
    0    1    0   25    7   19     806.97864657    0.00006471   11   B+    14
    0    1    0   19   10   10     807.59779417    0.00006124   11   B+    14
    0    1    0   29    3   27     808.09806387    0.00006460   11   B+    11
    0    1    0   16   11    5     808.79659614    0.00007040    9   B+    14
    0    1    0   12   12    0     810.74674914    0.00008944    5   B+    14
    0    1    0   30    1   29     812.38063195    0.00006224   11   B+    10
    0    0    0   29   18   12     813.39729586    0.00006753   11   A+    10
    0    0    0   50    2   48     814.31793121    0.00006918   11   A+     2
    0    1    0   31    1   31     814.55675194    0.00008597    6   B+    10
    0    1    0   22    9   13     815.48283669    0.00006653   10   B+    15
    0    0    0   32   17   15     815.70974530    0.00007227   11   A+     9
    0    1    0   24    8   16     816.54261600    0.00006325   10   B+    15
    0    0    0   42   12   30     816.70344959    0.00005847   14   A+     7
    0    1    0   28    5   23     818.44818162    0.00005774   12   B+    12
    0    1    0   27    6   22     818.83020275    0.00005939   12   B+    12
    0    0    0   48    6   42     818.86688148    0.00006469   12   A+     4
    0    1    0   13   12    2     819.04074799    0.00007071    8   B+    12
    0    0    0   51    2   50     819.19822317    0.00006925    9   A+     1
    0    1    0   17   11    7     819.64160657    0.00007140   10   B+    15
    0    0    0   26   19    7     819.87137773    0.00006030   11   A+    13
    0    1    0   20   10   10     820.35795432    0.00006589   11   B+    17
    0    0    0   22   20    2     820.38314251    0.00007509    8   A+    16
    0    0    0   52    0   52     821.39472698    0.00008031    7   A+     1
    0    1    0   29    4   26     821.63872689    0.00005872   13   B+    11
    0    0    0   37   15   23     822.55833682    0.00005919   15   A+     8
    0    1    0   26    7   19     823.60162663    0.00006903    9   B+    14
    0    0    0   39   14   26     823.98844341    0.00006037   14   A+     7
    0    1    0   30    2   28     825.50995942    0.00006683   11   B+    11
    0    0    0   46    9   37     826.70368712    0.00000662   15   A+     5
    0    0    0   35   16   20     826.84258389    0.00006781   11   A+     8
    0    0    0   49    5   45     827.25375513    0.00005425   14   A+     3
    0    1    0   14   12    2     827.97273152    0.00006667    9   B+    15
    0    0    0   45   10   36     828.44423104    0.00000663   12   A+     5
    0    0    0   47    8   40     829.23349037    0.00005810   14   A+     4
    0    1    0   23    9   15     830.16253850    0.00006030   11   B+    15
    0    1    0   18   11    7     831.12512471    0.00007071    8   B+    15
    0    0    0   41   13   29     831.17901154    0.00006439   14   A+     7
    0    1    0   31    2   30     831.52655826    0.00007122    9   B+     9
    0    1    0   25    8   18     832.50957372    0.00006676   11   B+    13
    0    0    0   30   18   12     832.57758478    0.00006324   12   A+    12
    0    1    0   32    0   32     833.55087923    0.00007559    7   B+    10
    0    1    0   21   10   12     833.75704691    0.00006030   11   B+    15
    0    0    0   44   11   33     834.30691094    0.00006253   14   A+     6
    0    1    0   30    3   27     834.51560947    0.00007071    8   B+    11
    0    0    0   23   20    4     835.10075716    0.00006343   11   A+    14
    0    0    0   48    7   41     836.75159664    0.00006605   12   A+     4
    0    1    0   28    6   22     836.78166723    0.00006030   11   B+    14
    0    0    0   33   17   17     836.80066629    0.00006256   13   A+     9
    0    1    0   29    5   25     836.90824843    0.00006171   13   B+    12
    0    0    0   27   19    9     837.14031814    0.00007179    9   A+    13
    0    1    0   15   12    4     837.54288320    0.00007456    8   B+    13
    0    0    0   50    3   47     837.64566253    0.00005774   12   A+     2
    0    1    0   27    7   21     840.86813117    0.00006667    9   B+    14
    0    1    0   30    4   26     843.19343262    0.00006003   12   B+    13
    0    1    0   19   11    9     843.24722520    0.00006030   11   B+    16
    0    0    0   43   12   32     844.18756122    0.00006285   13   A+     6
    0    1    0   24    9   15     845.48223817    0.00006202   11   B+    15
    0    0    0   51    3   49     845.62691082    0.00006476   11   A+     2
    0    1    0   31    3   29     846.56835405    0.00005976   12   B+    11
    0    0    0   38   15   23     846.83515382    0.00006209   12   A+     8
    0    0    0   49    6   44     846.89929977    0.00006406   11   A+     3
    0    1    0   16   12    4     847.75139604    0.00006928   10   B+    16
    0    1    0   22   10   12     847.79502425    0.00006030   11   B+    17
    0    1    0   26    8   18     849.11825236    0.00006325   10   B+    15
    0    0    0   40   14   26     849.54277425    0.00005588   15   A+     8
    0    0    0   36   16   20     849.84476816    0.00006420   12   A+     9
    0    0    0   24   20    4     850.45808078    0.00007877    7   A+    16
    0    0    0   52    1   51     850.48035977    0.00007159    8   A+     1
    0    1    0   32    1   31     851.03724372    0.00006263   11   B+    10
    0    0    0   31   18   14     852.39651495    0.00006424   12   A+    10
    0    0    0   53    1   53     852.67032833    0.00006845    9   A+     1
    0    1    0   33    1   33     853.13331563    0.00008165    6   B+    10
    0    0    0   28   19    9     855.04871688    0.00006503   10   A+    13
    0    1    0   29    6   24     855.36056454    0.00003408   11   A+    12
    0    1    0   20   11    9     856.00775440    0.00006629   11   B+    16
    0    1    0   30    5   25     856.50153910    0.00003358   13   A+    12
    0    0    0   47    9   39     856.84206874    0.00006058   13   A+     5
    0    0    0   50    4   46     857.28502592    0.00006262   11   A+     3
    0    0    0   46   10   36     857.89607007    0.00006268   11   A+     6
    0    0    0   42   13   29     858.01535476    0.00006509   12   A+     7
    0    0    0   34   17   17     858.53036077    0.00007030    9   A+     9
    0    1    0   17   12    6     858.59812891    0.00006783    9   B+    14
    0    1    0   28    7   21     858.77968309    0.00006523   11   B+    14
    0    0    0   48    8   40     860.15002574    0.00005948   12   A+     5
    0    1    0   31    4   28     860.71385767    0.00005345   14   B+    11
    0    1    0   13   13    1     861.27346480    0.00009456    5   B+    14
    0    1    0   25    9   17     861.44228049    0.00006578   11   B+    15
    0    1    0   23   10   14     862.47258095    0.00006628   11   B+    15
    0    0    0   45   11   35     863.08934406    0.00006594   12   A+     6
    0    1    0   32    2   30     865.64415654    0.00006096   11   B+    11
    0    1    0   27    8   20     866.36869728    0.00007275    9   B+    13
    0    0    0   25   20    6     866.45471674    0.00006667    9   A+    14
    0    0    0   49    7   43     867.74026512    0.00006882   11   A+     4
    0    1    0   21   11   11     869.40713496    0.00006405   10   B+    16
    0    0    0   51    4   48     869.75180455    0.00006195   11   A+     2
    0    1    0   18   12    6     870.08337172    0.00006905   10   B+    17
    0    1    0   14   13    1     870.20779225    0.00007071    8   B+    14
    0    1    0   33    2   32     871.29936389    0.00007708    8   B+     9
    0    0    0   50    5   45     871.57735849    0.00006667    9   A+     3
    0    0    0   39   15   25     871.75077296    0.00005616   14   A+     8
    0    0    0   44   12   32     872.31270007    0.00005879   14   A+     7
    0    0    0   21   21    1     872.50089505    0.00007559    7   A+    17
    0    0    0   32   18   14     872.85431602    0.00006550   11   A+    12
    0    1    0   34    0   34     873.29515934    0.00008944    5   B+    10
    0    0    0   37   16   22     873.48572503    0.00006642   11   A+     8
    0    0    0   29   19   11     873.59583067    0.00006308   11   A+    13
    0    1    0   30    6   24     874.62189937    0.00006347   11   B+    14
    0    0    0   41   14   28     875.73622408    0.00006030   11   A+     7
    0    1    0   32    3   29     875.92819473    0.00007164    8   B+    11
    0    1    0   31    5   27     876.10822675    0.00005547   13   B+    12
    0    1    0   29    7   23     877.33537326    0.00007019    9   B+    14
    0    0    0   52    2   50     877.49478298    0.00006557   10   A+     2
    0    1    0   24   10   14     877.78931963    0.00006325   10   B+    17
    0    1    0   26    9   17     878.04265026    0.00006082   12   B+    15
    0    1    0   15   13    3     879.78022115    0.00007441    8   B+    15
    0    0    0   35   17   19     880.89846323    0.00006694   11   A+     9
    0    1    0   19   12    8     882.20698721    0.00006325   10   B+    15
    0    0    0   53    2   52     882.34513108    0.00006553   10   A+     1
    0    0    0   26   20    6     883.09066360    0.00006667    9   A+    16
    0    1    0   22   11   11     883.44523422    0.00006645   11   B+    16
    0    0    0   50    6   44     883.93698946    0.00007008    9   A+     4
    0    1    0   28    8   20     884.26165515    0.00007322    8   B+    15
    0    0    0   54    0   54     884.52819597    0.00006944    9   A+     1
    0    1    0   32    4   28     884.60667452    0.00006109   11   B+    13
    0    0    0   43   13   31     885.49134918    0.00006698   11   A+     7
    0    0    0   22   21    1     886.58484945    0.00007559    7   A+    17
    0    1    0   33    3   31     887.43517720    0.00006095   11   B+    11
    0    0    0   48    9   39     887.63549969    0.00006488   12   A+     5
    0    0    0   47   10   38     887.99286108    0.00005669   14   A+     5
    0    1    0   16   13    3     889.99082310    0.00006816    9   B+    15
    0    0    0   51    5   47     891.52662822    0.00006183   12   A+     3
    0    0    0   49    8   42     891.59950817    0.00005893   12   A+     4
    0    1    0   34    1   33     892.01276452    0.00006971    9   B+    10
    0    0    0   46   11   35     892.51434757    0.00006667    9   A+     6
    0    0    0   30   19   11     892.78191734    0.00007923    7   A+    13
    0    1    0   25   10   16     893.74555381    0.00005822   12   B+    15
    0    0    0   33   18   16     893.95063826    0.00006394   11   A+    10
    0    1    0   35    1   35     894.04287683    0.00008671    6   B+    10
    0    1    0   31    6   26     894.48628529    0.00006030   11   B+    12
    0    1    0   20   12    8     894.96891717    0.00006665   10   B+    18
    0    1    0   27    9   19     895.28367865    0.00006899   10   B+    15
    0    1    0   30    7   23     896.53815646    0.00006174   11   B+    14
    0    1    0   32    5   27     897.24836434    0.00006374   11   B+    12
    0    0    0   40   15   25     897.30537303    0.00006052   12   A+     8
    0    0    0   38   16   22     897.76528965    0.00005972   13   A+     9
    0    1    0   23   11   13     898.12208529    0.00006583   10   B+    16
    0    0    0   27   20    8     900.36604530    0.00006667    9   A+    14
    0    1    0   17   13    5     900.83971703    0.00006622   10   B+    16
    0    0    0   50    7   43     900.92857713    0.00005909   14   A+     4
    0    0    0   45   12   34     901.07886740    0.00006028   14   A+     6
    0    0    0   23   21    3     901.30854232    0.00010000    4   A-    17
    0    0    0   52    3   49     902.09049437    0.00006613   10   A+     2
    0    1    0   33    4   30     902.29620277    0.00005857   13   B+    11
    0    0    0   42   14   28     902.56862924    0.00005975   13   A+     8
    0    1    0   29    8   22     902.79704700    0.00006667    9   B+    13
    0    0    0   36   17   19     903.90502082    0.00007559    7   A+     9
    0    1    0   34    2   32     908.04767492    0.00006393   10   B+    11
    0    1    0   21   12   10     908.36951130    0.00007328    9   B+    16
    0    0    0   53    3   51     909.96098280    0.00006700   10   A+     2
    0    1    0   26   10   16     910.34147712    0.00006030   11   B+    17
    0    0    0   51    6   46     911.84625827    0.00006167   13   A+     3
    0    1    0   18   13    5     912.32706653    0.00006830   10   B+    16
    0    0    0   31   19   13     912.60687647    0.00006951    9   A+    13
    0    1    0   28    9   19     913.16552746    0.00006803    9   B+    15
    0    1    0   35    2   34     913.40981121    0.00007516    8   B+     9
    0    1    0   24   11   13     913.43784078    0.00006554   10   B+    16
    0    0    0   44   13   31     913.60725674    0.00007562    9   A+     7
    0    0    0   54    1   53     914.79093704    0.00007159    8   A+     1
    0    1    0   32    6   26     915.07289280    0.00005855   12   B+    14
    0    1    0   36    0   36     915.37151661    0.00008723    6   B+    10
    0    0    0   34   18   16     915.68558095    0.00008077    8   A+    12
    0    1    0   14   14    0     915.70101191    0.00009373    5   B+    16
    0    1    0   31    7   25     916.38479872    0.00006963   11   B+    14
    0    0    0   24   21    3     916.67207979    0.00007071    8   A+    17
    0    0    0   55    1   55     916.96781479    0.00007679    7   A+     1
    0    1    0   33    5   29     917.89674085    0.00005547   13   B+    12
    0    0    0   28   20    8     918.28047972    0.00007071    8   A+    16
    0    0    0   48   10   38     918.73519551    0.00006503   12   A+     6
    0    0    0   49    9   41     919.06909619    0.00006303   11   A+     5
    0    1    0   34    3   31     919.79619652    0.00007262   11   B+    11
    0    1    0   30    8   22     921.97573007    0.00007071    8   B+    15
    0    1    0   22   12   10     922.40851235    0.00006153   11   B+    18
    0    0    0   47   11   37     922.58174493    0.00007951   10   A+     6
    0    0    0   39   16   24     922.68336780    0.00007526    8   A+     8
    0    0    0   52    4   48     923.29462505    0.00006631   10   A+     3
    0    0    0   41   15   27     923.49840628    0.00007515   11   A+     8
    0    0    0   50    8   42     923.87144110    0.00007330   10   A+     5
    0    1    0   19   13    7     924.45281405    0.00006392   10   B+    17
    0    1    0   15   14    2     925.27600990    0.00007706    7   B+    14
    0    0    0   37   17   21     927.55022169    0.00007730    8   A+     9
    0    1    0   27   10   18     927.57726167    0.00006115   11   B+    15
    0    1    0   34    4   30     928.76509460    0.00007201    9   B+    13
    0    1    0   25   11   15     929.39276843    0.00006160   11   B+    16
    0    0    0   43   14   30     930.04039337    0.00006091   13   A+     7
    0    0    0   46   12   34     930.48599688    0.00008394    9   A+     7
    0    1    0   35    3   33     930.68100397    0.00006286   11   B+    11
    0    1    0   29    9   21     931.68879425    0.00007397    9   B+    15
    0    0    0   25   21    5     932.67506710    0.00008972    6   A+    17
    0    0    0   51    7   45     932.84310452    0.00006894   10   A+     4
    0    0    0   32   19   13     933.07077689    0.00008944    5   A+    13
    0    0    0   53    4   50     935.28313071    0.00007863    8   A+     2
    0    1    0   36    1   35     935.31123200    0.00008461    6   B+    10
    0    1    0   16   14    2     935.48925757    0.00007559    7   B+    17
    0    1    0   33    6   28     936.21201935    0.00001612   11   A+    12
    0    0    0   29   20   10     936.83402073    0.00008506    6   A+    14
    0    1    0   32    7   25     936.88203080    0.00001612   11   A+    14
    0    1    0   23   12   12     937.08622958    0.00006325   10   B+    16
    0    1    0   20   13    7     937.21694510    0.00006778   10   B+    17
    0    1    0   37    1   37     937.28473067    0.00009140    5   B+    10
    0    0    0   35   18   18     938.05908624    0.00006422   10   A+    10
    0    0    0   52    5   47     939.19297084    0.00006667    9   A+     3
    0    1    0   34    5   29     940.72572230    0.00006062   13   B+    12
    0    1    0   31    8   24     941.79776218    0.00006667    9   B+    13
    0    0    0   45   13   33     942.36306560    0.00006562   14   A+     7
    0    0    0   54    2   52     942.99519958    0.00006804   11   A+     2
    0    1    0   28   10   18     945.45304730    0.00006255   11   B+    17
    0    1    0   26   11   15     945.98675851    0.00006494   11   B+    16
    0    1    0   17   14    4     946.34078346    0.00007071    8   B+    15
    0    1    0   35    4   32     946.36141368    0.00005806   14   B+    11
    0    0    0   55    2   54     947.81918802    0.00008294    6   A+     1
    0    0    0   40   16   24     948.23971770    0.00006735    9   A+     9
    0    0    0   26   21    5     949.31720607    0.00008254    7   A+    17
    0    0    0   56    0   56     949.98945889    0.00006667    9   A+     1
    0    0    0   49   10   40     950.12261835    0.00000664   13   A+     5
    0    0    0   42   15   27     950.33017505    0.00006146   12   A+     8
    0    1    0   21   13    9     950.61952598    0.00006527   10   B+    18
    0    1    0   30    9   21     950.85344587    0.00006969    9   B+    15
    0    0    0   50    9   41     951.16525968    0.00000663   14   A+     5
    0    0    0   52    6   46     951.78221423    0.00007437    9   A+     4
    0    0    0   38   17   21     951.83370327    0.00007402    8   A+     9
    0    1    0   24   12   12     952.40261433    0.00006692   10   B+    18
    0    1    0   36    2   34     952.72220444    0.00007548    8   B+    11
    0    0    0   48   11   37     953.29252577    0.00006156   12   A+     6
    0    0    0   33   19   15     954.17334873    0.00008165    6   A+    13
    0    0    0   22   22    0     955.76076608    0.00008165    6   A+    19
    0    0    0   30   20   10     956.02675949    0.00007559    7   A+    16
    0    0    0   51    8   44     956.57779439    0.00006086   13   A+     4
    0    1    0   18   14    4     957.83085631    0.00007071    8   B+    18
    0    1    0   37    2   36     957.85488077    0.00008159    7   B+     9
    0    1    0   33    7   27     958.02119269    0.00006812   10   B+    14
    0    1    0   34    6   28     958.14846204    0.00005730   13   B+    14
    0    0    0   44   14   30     958.15123136    0.00006161   12   A+     8
    0    0    0   53    5   49     958.17898816    0.00006924   10   A+     3
    0    1    0   38    0   38     959.77942306    0.00008165    6   B+    10
    0    0    0   47   12   36     960.53448087    0.00007765   10   A+     6
    0    0    0   36   18   18     961.07106265    0.00008860    6   A+    12
    0    1    0   32    8   24     962.26387004    0.00006344   11   B+    15
    0    1    0   35    5   31     962.26427198    0.00006452   12   B+    12
    0    1    0   27   11   17     963.22007271    0.00006461   10   B+    16
    0    1    0   29   10   20     963.96897175    0.00006810    9   B+    15
    0    1    0   22   13    9     964.66058074    0.00006711   11   B+    18
    0    1    0   36    3   33     966.04782005    0.00006330   12   B+    11
    0    0    0   27   21    7     966.59909328    0.00008944    5   A+    17
    0    0    0   52    7   45     967.87583916    0.00006682   11   A+     4
    0    1    0   25   12   14     968.35779483    0.00005965   12   B+    16
    0    0    0   54    3   51     968.83704776    0.00006535   10   A+     2
    0    1    0   19   14    6     969.95929466    0.00006667    9   B+    16
    0    0    0   23   22    2     970.49064552    0.00012305    4   A-    17
    0    1    0   31    9   23     970.65967159    0.00006667    9   B+    15
    0    0    0   46   13   33     971.75901528    0.00006530   10   A+     7
    0    1    0   15   15    1     974.00439882    0.00008944    5   B+    16
    0    0    0   41   16   26     974.43464368    0.00006835   10   A+     8
    0    1    0   36    4   32     975.62145585    0.00006325   10   B+    13
    0    0    0   31   20   12     975.85831006    0.00008165    6   A+    14
    0    0    0   34   19   15     975.91453063    0.00008165    6   A+    13
    0    1    0   37    3   35     976.29093237    0.00007430   10   B+    11
    0    0    0   55    3   53     976.62041309    0.00006250   11   A+     2
    0    0    0   39   17   23     976.75548252    0.00007707    7   A+     9
    0    0    0   43   15   29     977.80048783    0.00007204   11   A+     8
    0    0    0   53    6   48     979.28098871    0.00007714   11   A+     3
    0    1    0   23   13   11     979.34013348    0.00006509   10   B+    18
    0    1    0   34    7   27     979.81715372    0.00001604   13   A+    14
    0    1    0   35    6   30     980.54108292    0.00001613   12   A+    12
    0    1    0   38    1   37     980.93476741    0.00007218    8   B+    10
    0    1    0   28   11   17     981.09279771    0.00007141   10   B+    16
    0    0    0   56    1   55     981.42822834    0.00007071    8   A+     1
    0    0    0   50   10   40     982.15665603    0.00006150   12   A+     6
    0    1    0   20   14    6     982.72632026    0.00006667    9   B+    19
    0    1    0   39    1   39     982.85775956    0.00010448    4   B-    10
    0    1    0   30   10   20     983.12528967    0.00006486   11   B+    17
    0    1    0   33    8   26     983.37408164    0.00006667    9   B+    13
    0    0    0   57    1   57     983.59248104    0.00007559    7   A+     1
    0    0    0   51    9   43     983.89426934    0.00006000   12   A+     5
    0    1    0   16   15    1     984.22067811    0.00008614    6   B+    16
    0    0    0   28   21    7     984.52012699    0.00010000    4   A-    17
    0    0    0   49   11   39     984.64609954    0.00006951   10   A+     6
    0    0    0   37   18   20     984.72145132    0.00008100    7   A+    10
    0    1    0   26   12   14     984.95172854    0.00007559    7   B+    18
    0    0    0   24   22    2     985.86021975    0.00008165    6   A+    19
    0    0    0   45   14   32     986.90148496    0.00007952    8   A+     7
    0    1    0   36    5   31     986.97045809    0.00006030   11   B+    12
    0    0    0   52    8   44     990.24077233    0.00008012    9   A+     5
    0    1    0   32    9   23     991.10811842    0.00006607   10   B+    15
    0    0    0   48   12   36     991.22398987    0.00006389   10   A+     7
    0    0    0   54    4   50     991.53055034    0.00006109   12   A+     3
    0    1    0   37    4   34     992.88464331    0.00006351   11   B+    11
    0    1    0   24   13   11     994.65827794    0.00007217    8   B+    18
    0    1    0   17   15    3     995.07518368    0.00007559    7   B+    17
    0    1    0   21   14    8     996.13153654    0.00006568   10   B+    17
    0    0    0   32   20   12     996.32889097    0.00007766    7   A+    16
    0    0    0   35   19   17     998.29421666    0.00008155    7   A+    13
    0    1    0   29   11   19     999.60496847    0.00006429   10   B+    16
    0    1    0   38    2   36     999.67730731    0.00006930    9   B+    11
    0    0    0   53    7   47    1000.53136487    0.00006489   10   A+     4
    0    0    0   42   16   26    1001.26788150    0.00007071    8   A+     9
    0    0    0   47   13   35    1001.79492970    0.00007071    8   A+     7
    0    0    0   25   22    4    1001.86971023    0.00007071    8   A+    17
    0    1    0   27   12   16    1002.18458871    0.00006325   10   B+    16
    0    1    0   35    7   29    1002.24934834    0.00005774   12   B+    14
    0    0    0   40   17   23    1002.31572185    0.00007843    7   A+     9
    0    1    0   31   10   22    1002.92217615    0.00006752    9   B+    15
    0    0    0   29   21    9    1003.08053666    0.00009577    5   A+    17
    0    0    0   55    4   52    1003.14242026    0.00006672   10   A+     2
    0    1    0   36    6   30    1003.86737567    0.00005887   13   B+    14
    0    1    0   39    2   38    1004.63213541    0.00007524    8   B+     9
    0    1    0   34    8   26    1005.12947633    0.00006761   11   B+    15
    0    0    0   44   15   29    1005.90969916    0.00008634    8   A+     8
    0    1    0   40    0   40    1006.51801575    0.00008165    6   B+    10
    0    1    0   18   15    3    1006.56831987    0.00007559    7   B+    17
    0    0    0   38   18   20    1009.01030199    0.00008944    5   A+    12
    0    0    0   54    5   49    1009.16115715    0.00008165    6   A+     3
    0    1    0   37    5   33    1009.19649028    0.00005693   13   B+    12
    0    1    0   22   14    8    1010.17532163    0.00006593   10   B+    20
    0    1    0   25   13   13    1010.61487191    0.00006626   10   B+    18
    0    0    0   56    2   54    1010.81910136    0.00007307    9   A+     2
    0    1    0   33    9   25    1012.19873590    0.00006389   10   B+    15
    0    1    0   38    3   35    1014.61923093    0.00007441   10   B+    11
    0    0    0   51   10   42    1014.83591261    0.00008599    7   A+     5
    0    0    0   57    2   56    1015.61936218    0.00007559    7   A+     1
    0    0    0   46   14   32    1016.29083512    0.00007754    8   A+     8
    0    0    0   50   11   39    1016.64333255    0.00009912    5   A+     6
    0    0    0   52    9   43    1017.29921690    0.00007395    8   A+     5
    0    0    0   33   20   14    1017.43814318    0.00008579    6   A+    14
    0    0    0   58    0   58    1017.77731849    0.00006667    9   A+     1
    0    0    0   26   22    4    1018.51881224    0.00010000    4   A-    19
    0    1    0   19   15    5    1018.69985266    0.00008165    6   B+    18
    0    1    0   30   11   19    1018.75674134    0.00007559    7   B+    16
    0    1    0   28   12   16    1020.05650603    0.00006653   10   B+    18
    0    0    0   36   19   17    1021.31237229    0.00008165    6   A+    13
    0    0    0   30   21    9    1022.28038539    0.00008342    6   A+    17
    0    0    0   54    6   48    1022.34471670    0.00007960    8   A+     4
    0    0    0   49   12   38    1022.55518749    0.00008663    6   A+     6
    0    1    0   32   10   22    1023.35999742    0.00006983    9   B+    17
    0    0    0   53    8   46    1024.16935208    0.00006564   10   A+     4
    0    1    0   39    3   37    1024.25344127    0.00007720    7   B+    11
    0    1    0   23   14   10    1024.85749209    0.00006667    9   B+    18
    0    1    0   38    4   34    1025.11397618    0.00007062    9   B+    13
    0    1    0   36    7   29    1025.35021480    0.00006597   11   B+    14
    0    0    0   55    5   51    1027.19375926    0.00010763    5   A+     3
    0    1    0   26   13   13    1027.21020022    0.00006761    9   B+    18
    0    1    0   37    6   32    1027.47511611    0.00006095   12   B+    12
    0    1    0   35    8   28    1027.52952599    0.00006363   11   B+    13
    0    0    0   41   17   25    1028.51418350    0.00008165    6   A+     9
    0    0    0   43   16   28    1028.73937887    0.00007570    8   A+     8
    0    1    0   40    1   39    1028.88479303    0.00008165    6   B+    10
    0    2    0    0    0    0    1030.69770505    0.00020000    1   C-     3
    0    1    0   41    1   41    1030.76142911    0.00008933    6   B+    10
    0    1    0   20   15    5    1031.47005098    0.00006739    9   B+    18
    0    0    0   48   13   35    1032.47090429    0.00006543   10   A+     7
    0    2    0    2    0    2    1032.60503421    0.00011547    3   B-     5
    0    2    0    1    1    1    1033.06517336    0.00011547    3   B-     3
    0    1    0   34    9   25    1033.93197622    0.00007468    9   B+    15
    0    0    0   39   18   22    1033.93734706    0.00010000    4   A-    10
    0    2    0    2    1    1    1034.44231990    0.00014142    2   B-     3
    0    0    0   45   15   31    1034.65740117    0.00007401    9   A+     8
    0    0    0   27   22    6    1035.80757724    0.00010000    4   A-    17
    0    1    0   38    5   33    1036.00927619    0.00006667    9   B+    12
    0    2    0    3    1    3    1036.11372644    0.00010000    4   B-     5
    0    1    0   16   16    0    1036.15663189    0.00009331    5   B+    18
    0    2    0    4    0    4    1037.04136785    0.00011547    3   B-     7
    0    0    0   54    7   47    1037.62810690    0.00007955    8   A+     4
    0    0    0   56    3   53    1037.89066504    0.00006891    9   A+     2
    0    1    0   31   11   21    1038.54842252    0.00006030   11   B+    16
    0    1    0   29   12   18    1038.56735304    0.00006667    9   B+    16
    0    2    0    4    1    3    1039.07577386    0.00010543    4   B-     5
    0    0    0   34   20   14    1039.18608705    0.00011948    3   B-    16
    0    2    0    2    2    0    1039.63510923    0.00014142    2   B-     6
    0    1    0   24   14   10    1040.17820346    0.00006763   10   B+    20
    0    2    0    3    2    2    1041.54311356    0.00009358    5   B+     3
    0    2    0    5    1    5    1041.59520234    0.00010384    4   B-     7
    0    1    0   39    4   36    1041.84125734    0.00005774   12   B+    11
    0    0    0   31   21   11    1042.11907995    0.00011547    3   B-    17
    0    2    0    6    0    6    1043.97450219    0.00011547    3   B-     9
    0    2    0    4    2    2    1044.10438606    0.00009281    5   B+     8
    0    1    0   33   10   24    1044.43839250    0.00006588   10   B+    15
    0    1    0   27   13   15    1044.44412711    0.00007008   10   B+    18
    0    1    0   21   15    7    1044.87867538    0.00006667    9   B+    19
    0    0    0   37   19   19    1044.96902724    0.00008239    8   A+    13
    0    0    0   57    3   55    1045.60384348    0.00006597   10   A+     2
    0    0    0   47   14   34    1046.31935256    0.00008974    6   A+     7
    0    2    0    6    1    5    1046.34643095    0.00010000    4   B-     7
    0    1    0   17   16    2    1047.01460153    0.00007885    7   B+    16
    0    2    0    5    2    4    1047.26492349    0.00008757    6   B+     5
    0    0    0   52   10   42    1048.16346172    0.00007017    9   A+     6
    0    1    0   40    2   38    1048.92350917    0.00006898   10   B+    11
    0    1    0   37    7   31    1049.07428748    0.00006269   11   B+    14
    0    0    0   55    6   50    1049.17634327    0.00007442   10   A+     3
    0    0    0   51   11   41    1049.28387708    0.00006616   10   A+     6
    0    2    0    7    1    7    1049.49986253    0.00008944    5   B+     9
    0    2    0    3    3    1    1050.32509438    0.00013690    3   B-     6
    0    0    0   58    1   57    1050.39112861    0.00007197    8   A+     1
    0    1    0   36    8   28    1050.57623248    0.00006800   10   B+    15
    0    2    0    6    2    4    1051.15793430    0.00009794    5   B+    10
    0    0    0   53    9   45    1051.32111840    0.00007915    7   A+     5
    0    1    0   38    6   32    1052.25342897    0.00006199   11   B+    14
    0    0    0   59    1   59    1052.54326370    0.00007559    7   A+     1
    0    2    0    4    3    1    1052.87207184    0.00011547    3   B-     6
    0    2    0    8    0    8    1053.35751952    0.00011547    3   B-    11
    0    0    0   28   22    6    1053.73624425    0.00011547    3   A-    19
    0    1    0   41    2   40    1053.73998508    0.00007559    7   B+     9
    0    0    0   50   12   38    1054.52785623    0.00009026    6   A+     7
    0    0    0   42   17   25    1055.35070163    0.00008944    5   A+     9
    0    2    0    7    2    6    1055.51993507    0.00008165    6   B+     7
    0    1    0   42    0   42    1055.58709479    0.00008165    6   B+    10
    0    2    0    5    3    3    1056.05673044    0.00011547    3   B-     8
    0    1    0   25   14   12    1056.13742129    0.00006869   10   B+    18
    0    2    0    8    1    7    1056.23919524    0.00010000    4   B-     9
    0    1    0   35    9   27    1056.30840836    0.00007515    9   B+    15
    0    0    0   44   16   28    1056.84925916    0.00010494    5   A+     9
    0    1    0   30   12   18    1057.71737879    0.00006785    9   B+    18
    0    1    0   18   16    2    1058.51139974    0.00007559    7   B+    19
    0    1    0   39    5   35    1058.67530247    0.00006636   11   B+    12
    0    1    0   22   15    7    1058.92579362    0.00007912    7   B+    19
    0    1    0   32   11   21    1058.97978486    0.00006106   11   B+    16
    0    0    0   54    8   46    1059.27668066    0.00008558    7   A+     5
    0    0    0   40   18   22    1059.50235691    0.00008944    5   A+    12
    0    2    0    9    1    9    1059.81522931    0.00009317    5   B+    11
    0    2    0    6    3    3    1059.88114918    0.00009518    6   B+     8
    0    2    0    8    2    6    1060.83380597    0.00008944    5   B+    12
    0    0    0   35   20   16    1061.57291972    0.00011547    3   A-    14
    0    0    0   56    4   52    1062.00581551    0.00010792    5   A+     3
    0    1    0   28   13   15    1062.31671648    0.00006879    9   B+    18
    0    0    0   32   21   11    1062.59678190    0.00011547    3   A-    17
    0    0    0   49   13   37    1063.78702609    0.00008523    6   A+     7
    0    0    0   46   15   31    1064.04389505    0.00010000    4   A-     8
    0    2    0    7    3    5    1064.34160388    0.00010000    4   B-    10
    0    2    0   10    0   10    1065.13753717    0.00011547    3   B-    13
    0    2    0    4    4    0    1065.15516936    0.00011547    3   B-     9
    0    1    0   40    3   37    1065.46436308    0.00007559    7   B+    11
    0    1    0   34   10   24    1066.15816776    0.00006483   10   B+    17
    0    2    0    9    2    8    1066.29807737    0.00008944    5   B+     9
    0    2    0    5    4    2    1068.33876021    0.00011375    4   B-     6
    0    2    0   10    1    9    1068.73117757    0.00010000    4   B-    11
    0    0    0   38   19   19    1069.26399758    0.00010509    5   A+    13
    0    2    0    8    3    5    1069.45036238    0.00008165    6   B+    10
    0    1    0   19   16    4    1070.64661212    0.00007684    7   B+    17
    0    0    0   55    7   49    1070.78948197    0.00010695    5   A+     4
    0    2    0    6    4    2    1072.16004652    0.00012689    4   B-    11
    0    2    0   11    1   11    1072.52712387    0.00008944    5   B+    13
    0    1    0   26   14   12    1072.73515610    0.00006886    9   B+    20
    0    2    0   10    2    8    1073.17293874    0.00008944    5   B+    14
    0    0    0   57    4   54    1073.32549798    0.00007238    8   A+     2
    0    1    0   38    7   31    1073.48974445    0.00001605   14   A+    14
    0    1    0   23   15    9    1073.61124592    0.00006325   10   B+    20
    0    1    0   37    8   30    1074.26790314    0.00001625    9   A+    13
    0    1    0   41    3   39    1074.55949363    0.00008069    7   B+    11
    0    2    0    9    3    7    1075.18398901    0.00010000    4   B-    12
    0    2    0    7    4    4    1076.61971437    0.00012490    4   B-     8
    0    0    0   48   14   34    1076.98732020    0.00008814    8   A+     8
    0    1    0   39    6   34    1077.01243846    0.00005754   14   B+    12
    0    1    0   40    4   36    1077.17142494    0.00007342    8   B+    13
    0    1    0   31   12   20    1077.50666316    0.00006232   11   B+    16
    0    1    0   42    1   41    1079.16183766    0.00007728    7   B+    10
    0    2    0   12    0   12    1079.26942990    0.00011547    3   B-    15
    0    1    0   36    9   27    1079.32767074    0.00007025    9   B+    15
    0    2    0   11    2   10    1079.58577421    0.00008408    6   B+    11
    0    1    0   33   11   23    1080.05131092    0.00006823   10   B+    16
    0    1    0   29   13   17    1080.82819103    0.00006325   10   B+    18
    0    0    0   58    2   56    1080.96559856    0.00007696    7   A+     2
    0    1    0   43    1   43    1080.99511074    0.00008551    6   B+     9
    0    0    0   56    5   51    1081.41213254    0.00008750    7   A+     3
    0    2    0   10    3    7    1081.59324762    0.00008165    6   B+    12
    0    2    0    8    4    4    1081.71744408    0.00010000    4   B-    13
    0    0    0   53   10   44    1082.13600902    0.00007219    8   A+     5
    0    0    0   52   11   41    1082.56841081    0.00009927    6   A+     6
    0    0    0   43   17   27    1082.82535632    0.00008165    6   A+    10
    0    1    0   20   16    4    1083.42028398    0.00008731    6   B+    20
    0    0    0   33   21   13    1083.71347385    0.00008944    5   A+    17
    0    2    0   12    1   11    1083.79016413    0.00010228    4   B-    13
    0    2    0    5    5    1    1084.11727097    0.00011547    3   B-     9
    0    0    0   36   20   16    1084.59826894    0.00010727    4   A-    16
    0    0    0   45   16   30    1085.59736165    0.00012361    4   A-     8
    0    0    0   41   18   24    1085.70554007    0.00008944    5   A+    10
    0    0    0   59    2   58    1085.74448641    0.00014142    2   A-     1
    0    0    0   54    9   45    1086.04349105    0.00007406    8   A+     5
    0    0    0   51   12   40    1087.14201119    0.00007305    8   A+     6
    0    2    0    9    4    6    1087.45425490    0.00012065    4   B-    10
    0    2    0   13    1   13    1087.62176225    0.00010208    5   B+    15
    0    1    0   40    5   35    1087.84962843    0.00007088   10   B+    12
    0    0    0   60    0   60    1087.89010818    0.00008165    6   A+     1
    0    2    0    6    5    1    1087.93809972    0.00011547    3   B-     9
    0    2    0   12    2   10    1088.20406812    0.00008165    6   B+    16
    0    1    0   35   10   26    1088.51923451    0.00006651   10   B+    15
    0    2    0   11    3    9    1088.58707952    0.00008328    6   B+    14
    0    1    0   24   15    9    1088.93538456    0.00007198    9   B+    20
    0    1    0   27   14   14    1089.97147402    0.00007030   10   B+    18
    0    0    0   30   22    8    1091.51135949    0.00014142    2   C-    19
    0    2    0    7    5    3    1092.39606929    0.00011547    3   B-    11
    0    1    0   41    4   38    1093.20807033    0.00006142   11   B+    11
    0    2    0   10    4    6    1093.83109825    0.00014142    2   B-    15
    0    0    0   47   15   33    1094.06893918    0.00010000    4   A-     8
    0    0    0   39   19   21    1094.19717964    0.00010000    4   A-    13
    0    0    0   55    8   48    1094.37374010    0.00008085    7   A+     4
    0    2    0   13    2   12    1095.36709421    0.00008944    5   B+    13
    0    0    0   56    6   50    1095.55088437    0.00009160    7   A+     4
    0    2    0   14    0   14    1095.72488192    0.00011547    3   B-    17
    0    0    0   50   13   37    1095.74353453    0.00007559    7   A+     7
    0    2    0   12    3    9    1096.32950453    0.00008308    6   B+    14
    0    1    0   21   16    6    1096.83272162    0.00008913    6   B+    18
    0    2    0    8    5    3    1097.49225594    0.00012449    3   B-    11
    0    1    0   32   12   20    1097.93513065    0.00007150    9   B+    18
    0    1    0   39    7   33    1098.50069946    0.00006339   11   B+    14
    0    0    0   57    5   53    1098.55695165    0.00008030    7   A+     3
    0    1    0   38    8   30    1098.60845489    0.00006132   12   B+    15
    0    1    0   30   13   17    1099.97833669    0.00006755    9   B+    18
    0    1    0   42    2   40    1100.47076360    0.00007200    8   B+    11
    0    2    0   11    4    8    1100.84786285    0.00008893    6   B+    12
    0    2    0   14    1   13    1101.37336651    0.00010672    4   B-    15
    0    1    0   34   11   23    1101.76290107    0.00006461   11   B+    16
    0    1    0   17   17    1    1102.13039401    0.00008944    5   B+    18
    0    1    0   37    9   29    1102.99081004    0.00007127    9   B+    15
    0    2    0    9    5    5    1103.22631272    0.00009321    5   B+    13
    0    1    0   40    6   34    1103.33700085    0.00006829   10   B+    14
    0    2    0   13    3   11    1104.55208894    0.00008944    5   B+    16
    0    1    0   25   15   11    1104.89794316    0.00006946    9   B+    20
    0    2    0   15    1   15    1105.08618503    0.00011243    4   B-    17
    0    1    0   43    2   42    1105.17729066    0.00008165    6   B+     9
    0    2    0   14    2   12    1105.93502942    0.00008944    5   B+    18
    0    1    0   44    0   44    1106.98535085    0.00008165    6   B+    10
    0    2    0    6    6    0    1107.20103564    0.00011547    3   B-    12
    0    1    0   28   14   14    1107.84618146    0.00006547   10   B+    20
    0    0    0   37   20   18    1108.26245806    0.00009453    5   A+    14
    0    0    0   49   14   36    1108.29431776    0.00007851    7   A+     7
    0    2    0   12    4    8    1108.50804100    0.00008944    5   B+    17
    0    0    0   58    3   55    1109.25494608    0.00008165    6   A+     2
    0    2    0   10    5    5    1109.59890329    0.00009651    5   B+    13
    0    0    0   56    7   49    1110.20872716    0.00009368    6   A+     4
    0    1    0   41    5   37    1110.67884826    0.00006747   10   B+    12
    0    1    0   22   16    6    1110.88364719    0.00008075    7   B+    21
    0    0    0   44   17   27    1110.93800797    0.00008944    5   A+     9
    0    0    0   31   22   10    1111.35794949    0.00010000    4   C-    17
    0    1    0   36   10   26    1111.52194080    0.00006216   11   B+    17
    0    2    0    7    6    2    1111.65926268    0.00011547    3   B-     9
    0    0    0   42   18   24    1112.54686284    0.00010000    4   A-    12
    0    2    0   15    2   14    1113.62352824    0.00008165    6   B+    15
    0    1    0   18   17    1    1113.63099197    0.00008165    6   B+    18
    0    2    0   14    3   11    1113.68794808    0.00009980    5   B+    16
    0    2    0   16    0   16    1114.49286737    0.00012429    3   B-    19
    0    0    0   46   16   30    1114.98351336    0.00009619    6   A+     9
    0    0    0   53   11   43    1116.49707592    0.00008856    6   A+     6
    0    2    0   11    5    7    1116.61018704    0.00009812    5   B+    15
    0    2    0    8    6    2    1116.75464183    0.00011547    3   B-    14
    0    0    0   54   10   44    1116.75884225    0.00008165    6   A+     6
    0    2    0   13    4   10    1116.80532696    0.00008944    5   B+    14
    0    0    0   59    3   57    1116.91061072    0.00008778    6   A+     2
    0    1    0   42    3   39    1118.55824242    0.00007183    9   B+    11
    0    1    0   33   12   22    1119.00305104    0.00006876    9   B+    16
    0    1    0   31   13   19    1119.76747665    0.00006844   11   B+    18
    0    0    0   40   19   21    1119.76864282    0.00008944    5   A+    13
    0    0    0   52   12   40    1120.39810348    0.00008165    6   A+     7
    0    0    0   55    9   47    1121.35359293    0.00012420    3   A-     5
    0    2    0   16    1   15    1121.42740510    0.00010000    4   B-    17
    0    1    0   26   15   11    1121.49881155    0.00007033    9   B+    20
    0    0    0   57    6   52    1121.50607111    0.00007862    7   A+     3
    0    0    0   60    1   59    1121.67852004    0.00007559    7   A+     1
    0    2    0    9    6    4    1122.48770872    0.00012753    3   B-    11
    0    2    0   15    3   13    1123.07654121    0.00008165    6   B+    18
    0    1    0   39    8   32    1123.59327360    0.00002211   11   A+    13
    0    0    0   61    1   61    1123.81871837    0.00008944    5   A+     1
    0    1    0   35   11   25    1124.11485789    0.00006435   10   B+    16
    0    1    0   40    7   33    1124.24560950    0.00002183   13   A+    14
    0    2    0   12    5    7    1124.26118320    0.00009107    5   B+    15
    0    0    0   48   15   33    1124.73262621    0.00008165    6   A+     8
    0    1    0   23   16    8    1125.57313418    0.00007551    8   B+    19
    0    2    0   14    4   10    1125.75564274    0.00008165    6   B+    19
    0    1    0   19   17    3    1125.77001990    0.00008944    5   B+    19
    0    2    0   16    2   14    1126.35133771    0.00008944    5   B+    20
    0    1    0   29   14   16    1126.35944120    0.00006667    9   B+    18
    0    1    0   43    3   41    1127.20252808    0.00007658    8   B+    11
    0    1    0   38    9   29    1127.29787750    0.00007697    8   B+    15
    0    0    0   35   21   15    1127.86373865    0.00011547    3   C-    17
    0    0    0   51   13   39    1128.34006226    0.00010958    4   A-     7
    0    2    0   10    6    4    1128.85837278    0.00008643    6   B+    16
    0    1    0   41    6   36    1129.14900907    0.00006937   10   B+    12
    0    0    0   56    8   48    1131.00691479    0.00007992    7   A+     5
    0    1    0   42    4   38    1131.71661690    0.00008107    7   B+    13
    0    1    0   44    1   43    1131.76562531    0.00007071    8   B+    10
    0    2    0   13    5    9    1132.55181803    0.00009664    5   B+    17
    0    0    0   38   20   18    1132.56467339    0.00008944    5   A+    16
    0    1    0   45    1   45    1133.55757212    0.00009731    6   B+     9
    0    2    0   16    3   13    1133.70447477    0.00008566    6   B+    18
    0    2    0   17    2   16    1134.33478827    0.00010000    4   B-    17
    0    2    0    7    7    1    1134.39408920    0.00014142    2   B-    12
    0    0    0   58    4   54    1134.73551379    0.00008944    5   A+     3
    0    1    0   37   10   28    1135.16644177    0.00006848    9   B+    15
    0    2    0   15    4   12    1135.33264100    0.00008165    6   B+    16
    0    2    0   18    0   18    1135.57407709    0.00013179    3   B-    20
    0    2    0   11    6    6    1135.86742317    0.00011825    4   B-    13
    0    1    0   20   17    3    1138.54791541    0.00008753    6   B+    19
    0    1    0   27   15   13    1138.73831477    0.00007433    8   B+    20
    0    2    0    8    7    1    1139.48930152    0.00013970    3   B-    12
    0    0    0   45   17   29    1139.68855423    0.00009794    5   A+    10
    0    0    0   43   18   26    1140.02619149    0.00010000    4   A-    10
    0    1    0   32   13   19    1140.19514154    0.00007886    7   B+    18
    0    0    0   50   14   36    1140.24059012    0.00010250    4   A-     8
    0    1    0   34   12   22    1140.71029832    0.00006964    9   B+    18
    0    1    0   24   16    8    1140.90127085    0.00006772    9   B+    22
    0    2    0   14    5    9    1141.48330313    0.00010307    5   B+    17
    0    1    0   42    5   37    1142.47384780    0.00006813   10   B+    12
    0    2    0   12    6    6    1143.51499668    0.00008318    6   B+    18
    0    0    0   57    7   51    1143.59633313    0.00010000    4   A-     4
    0    2    0   18    1   17    1143.89337102    0.00010000    4   B-    19
    0    2    0   17    3   15    1144.15309692    0.00008165    6   B+    20
    0    0    0   47   16   32    1145.00789306    0.00008944    5   A+     8
    0    2    0    9    7    3    1145.22240243    0.00010000    4   B-    14
    0    1    0   30   14   16    1145.51133969    0.00007559    7   B+    20
    0    2    0   16    4   12    1145.58515926    0.00008396    6   B+    21
    0    0    0   59    4   56    1145.83015816    0.00007071    8   A+     2
    0    0    0   41   19   23    1145.97806090    0.00008944    5   A+    13
    0    1    0   43    4   40    1146.96437965    0.00006752    9   B+    11
    0    2    0   19    1   19    1147.08218749    0.00014142    2   B-    20
    0    1    0   36   11   25    1147.10715905    0.00008278    8   B+    16
    1    0    0    0    0    0    1147.97960102    0.00020000    1   C-     4
    0    1    0   40    8   32    1149.23087388    0.00006407   10   B+    15
    0    2    0   18    2   16    1149.42153332    0.00010000    4   B-    21
    1    0    0    2    0    2    1149.88038891    0.00011547    3   B-     7
    1    0    0    1    1    1    1150.26822727    0.00011547    3   B-     4
    0    1    0   41    7   35    1150.53295904    0.00006558   10   B+    14
    0    0    0   36   21   15    1150.89699448    0.00010000    4   C-    17
    0    2    0   15    5   11    1151.05558229    0.00008944    5   B+    19
    0    0    0   54   11   43    1151.06999439    0.00008944    5   A+     6
    0    2    0   10    7    3    1151.59250032    0.00021372    2   B-    14
    1    0    0    2    1    1    1151.63838354    0.00011547    3   B-     4
    0    2    0   13    6    8    1151.80130945    0.00009320    5   B+    15
    0    1    0   21   17    5    1151.96459856    0.00007893    7   B+    20
    0    0    0   55   10   46    1152.02520246    0.00007219    8   A+     5
    0    1    0   39    9   31    1152.24905753    0.00008717    7   B+    15
    1    0    0    3    1    3    1153.31005471    0.00010000    4   B-     7
    0    0    0   60    2   58    1153.43412926    0.00007672    7   A+     2
    0    0    0   53   12   42    1154.29604775    0.00010000    4   A-     6
    1    0    0    4    0    4    1154.30219689    0.00011547    3   B-    10
    0    1    0   44    2   42    1154.32583743    0.00007968    7   B+    11
    0    0    0   58    5   53    1155.89480704    0.00008944    5   A+     3
    0    0    0   49   15   35    1156.03485851    0.00012044    3   A-     8
    1    0    0    4    1    3    1156.25215500    0.00011547    3   B-     7
    0    2    0   18    3   15    1156.41775833    0.00008165    6   B+    20
    0    2    0   17    4   14    1156.43519069    0.00008944    5   B+    18
    1    0    0    2    2    0    1156.60309170    0.00011547    3   B-     8
    0    1    0   28   15   13    1156.61635743    0.00006325   10   B+    20
    0    1    0   25   16   10    1156.86778371    0.00007464    8   B+    20
    0    1    0   42    6   36    1157.15366990    0.00006744   11   B+    14
    0    0    0   56    9   47    1157.40670821    0.00008658    7   A+     5
    0    2    0   19    2   18    1157.48080714    0.00008944    5   B+    18
    0    0    0   39   20   20    1157.50502472    0.00010000    4   A-    14
    1    0    0    3    2    2    1158.50398654    0.00011285    5   B+     4
    0    2    0   11    7    5    1158.60106004    0.00011547    3   B-    16
    1    0    0    5    1    5    1158.77923022    0.00009681    5   B+    10
    0    1    0   45    2   44    1158.94260977    0.00008091    7   B+     9
    0    2    0   20    0   20    1158.97176480    0.00011547    3   B-    21
    0    1    0   38   10   28    1159.45305788    0.00007411    8   B+    17
    0    0    0   62    0   62    1160.32727318    0.00010000    4   A-     1
    0    1    0   46    0   46    1160.71191082    0.00008944    5   B+    10
    0    2    0   14    6    8    1160.72685507    0.00008323    6   B+    20
    1    0    0    4    2    2    1161.05651616    0.00010000    4   B-    11
    1    0    0    6    0    6    1161.21293788    0.00011547    3   B-    13
    0    1    0   33   13   21    1161.26207265    0.00006760    9   B+    18
    0    2    0   16    5   11    1161.27031324    0.00011111    4   B-    19
    0    0    0   52   13   39    1161.57693688    0.00012624    5   A+     7
    0    1    0   35   12   24    1163.05713422    0.00007162    9   B+    16
    1    0    0    6    1    5    1163.49180370    0.00010519    4   B-    10
    1    0    0    5    2    4    1164.20654542    0.00008165    6   B+     7
    0    1    0   43    5   39    1165.18250515    0.00006991   11   B+    12
    0    1    0   31   14   18    1165.30197509    0.00006988    9   B+    18
    0    2    0    8    8    0    1165.68108735    0.00013005    3   B-    15
    0    1    0   22   17    5    1166.01985820    0.00008314    6   B+    20
    0    2    0   12    7    5    1166.24734041    0.00010000    4   B-    16
    1    0    0    7    1    7    1166.66621772    0.00009378    5   B+    13
    1    0    0    3    3    1    1166.90107225    0.00010319    4   B-     8
    0    0    0   57    8   50    1167.18677220    0.00007760    7   A+     4
    0    2    0   19    3   17    1167.77067672    0.00008165    6   B+    21
    0    2    0   18    4   14    1168.01160299    0.00010427    4   B-    22
    1    0    0    6    2    4    1168.08588858    0.00008165    6   B+    14
    0    0    0   44   18   26    1168.14329279    0.00010000    4   A-    12
    0    2    0   20    1   19    1168.71652884    0.00011547    3   B-    20
    0    0    0   46   17   29    1169.07724677    0.00008165    6   A+     9
    1    0    0    4    3    1    1169.43960462    0.00011547    3   B-     8
    0    2    0   15    6   10    1170.29197736    0.00009647    5   B+    17
    1    0    0    8    0    8    1170.56626389    0.00011547    3   B-    16
    0    1    0   37   11   27    1170.74032308    0.00006410   10   B+    16
    0    0    0   58    6   52    1171.31835474    0.00009282    5   A+     4
    0    2    0    9    8    2    1171.41430653    0.00011547    3   B-    12
    0    2    0   21    1   21    1171.59968668    0.00011547    3   B-    21
    0    1    0   18   18    0    1171.89647670    0.00008944    5   B+    23
    0    2    0   17    5   13    1172.12588015    0.00010000    4   B-    21
    0    0    0   59    5   55    1172.25701797    0.00007338    8   A+     3
    1    0    0    7    2    6    1172.43443046    0.00010032    5   B+    10
    1    0    0    5    3    3    1172.61376536    0.00010470    5   B+    11
    0    0    0   42   19   23    1172.82558574    0.00011547    3   A-    13
    0    0    0   51   14   38    1172.82588917    0.00011547    3   A-     7
    1    0    0    8    1    7    1173.34226431    0.00011547    3   B-    13
    0    1    0   26   16   10    1173.47286381    0.00007071    8   B+    22
    0    1    0   44    3   41    1173.89546157    0.00008838    9   B+    11
    0    2    0   13    7    7    1174.53159987    0.00010255    4   B-    18
    0    0    0   37   21   17    1174.56875448    0.00014142    2   C-    17
    0    0    0   34   22   12    1174.73178339    0.00011547    3   C-    19
    0    2    0   20    2   18    1175.10254731    0.00008944    5   B+    22
    0    1    0   29   15   15    1175.13270999    0.00006877    9   B+    20
    0    1    0   41    8   34    1175.50971488    0.00006227   12   B+    13
    0    0    0   48   16   32    1175.67045957    0.00010000    4   A-     9
    1    0    0    6    3    3    1176.42559753    0.00010658    5   B+    11
    1    0    0    9    1    9    1176.95863051    0.00009423    5   B+    15
    0    1    0   42    7   35    1177.63067284    0.00007315    8   B+    14
    1    0    0    8    2    6    1177.72854309    0.00009240    5   B+    17
    0    2    0   10    8    2    1177.78504057    0.00010000    4   B-    17
    0    1    0   40    9   31    1177.84538417    0.00006667    9   B+    15
    0    2    0   19    4   16    1180.11671610    0.00010000    4   B-    19
    0    2    0   16    6   10    1180.49715319    0.00009623    5   B+    22
    0    1    0   23   17    7    1180.71368915    0.00008343    6   B+    21
    1    0    0    7    3    5    1180.87090995    0.00010387    5   B+    14
    1    0    0    4    4    0    1181.18577890    0.00011547    3   B-    12
    0    2    0   20    3   17    1181.85981242    0.00008165    6   B+    21
    0    1    0   45    3   43    1182.17759520    0.00008944    5   B+    11
    1    0    0   10    0   10    1182.31050346    0.00011547    3   B-    18
    0    0    0   60    3   57    1182.93203096    0.00011185    4   A-     2
    0    1    0   34   13   21    1182.96789747    0.00007160    8   B+    18
    0    2    0   21    2   20    1183.04083263    0.00009577    6   B+    19
    0    0    0   40   20   20    1183.08356472    0.00010000    4   A-    16
    1    0    0    9    2    8    1183.17691149    0.00008165    6   B+    13
    0    2    0   14    7    7    1183.45457013    0.00011547    3   B-    18
    0    2    0   18    5   13    1183.62825749    0.00008944    5   B+    21
    0    1    0   43    6   38    1183.87590008    0.00006467   11   B+    12
    0    1    0   19   18    2    1184.03992270    0.00008165    6   B+    20
    1    0    0    5    4    2    1184.35877043    0.00014142    2   B-     8
    0    1    0   39   10   30    1184.38188182    0.00007455    8   B+    15
    0    2    0   22    0   22    1184.69067376    0.00011547    3   B-    22
    0    2    0   11    8    4    1184.79322967    0.00009800    5   B+    14
    0    0    0   58    7   51    1185.62058725    0.00008944    5   A+     4
    0    1    0   32   14   18    1185.73088192    0.00007071    8   B+    20
    1    0    0   10    1    9    1185.78102022    0.00010790    4   B-    15
    1    0    0    8    3    5    1185.96242431    0.00008924    6   B+    14
    0    1    0   36   12   24    1186.04360000    0.00006948   10   B+    18
    0    0    0   55   11   45    1186.28723996    0.00013551    3   A-     6
    0    1    0   46    1   45    1186.69608561    0.00008536    6   B+    10
    0    0    0   56   10   46    1187.94663813    0.00009127    6   A+     6
    0    0    0   50   15   35    1187.97555713    0.00012539    3   A-     8
    1    0    0    6    4    2    1188.16766363    0.00011547    3   B-    15
    0    1    0   47    1   47    1188.44818448    0.00009792    5   B+     9
    0    1    0   44    4   40    1188.67055574    0.00008899    7   B+    13
    0    0    0   54   12   42    1188.83635144    0.00008165    6   A+     7
    1    0    0   11    1   11    1189.64270468    0.00011257    4   B-    17
    1    0    0   10    2    8    1190.02378787    0.00009604    5   B+    19
    0    0    0   61    3   59    1190.53913300    0.00007559    7   A+     2
    0    1    0   27   16   12    1190.71624297    0.00006998    9   B+    20
    0    2    0   17    6   12    1191.34281018    0.00010556    5   B+    19
    1    0    0    9    3    7    1191.67667876    0.00011547    3   B-    16
    0    2    0   12    8    4    1192.43920478    0.00010000    4   B-    19
    1    0    0    7    4    4    1192.61181186    0.00009650    5   B+    11
    0    2    0   15    7    9    1193.01593933    0.00011547    3   B-    20
    0    2    0   20    4   16    1193.05558057    0.00008327    6   B+    23
    0    2    0   21    3   19    1193.91349933    0.00008944    5   B+    22
    0    0    0   57    9   49    1193.99472577    0.00009088    6   A+     5
    0    1    0   30   15   15    1194.28752910    0.00007888    7   B+    20
    0    1    0   38   11   27    1195.01389131    0.00007082    9   B+    16
    0    0    0   62    1   61    1195.28917232    0.00008944    5   A+     1
    0    0    0   53   13   41    1195.45471970    0.00010490    5   A+     7
    0    2    0   19    5   15    1195.76928208    0.00008944    5   B+    22
    0    2    0   22    1   21    1195.85507408    0.00010000    4   B-    21
    0    1    0   24   17    7    1196.04613115    0.00008971    6   B+    21
    0    0    0   59    6   54    1196.24510081    0.00008944    5   A+     3
    1    0    0   12    0   12    1196.40174863    0.00011547    3   B-    20
    1    0    0   11    2   10    1196.42103706    0.00008165    6   B+    15
    0    1    0   20   18    2    1196.82228108    0.00010640    5   B+    24
    0    0    0   45   18   28    1196.89830527    0.00011547    3   A-    10
    0    0    0   35   22   14    1197.13433339    0.00010000    4   C-    17
    0    0    0   63    1   63    1197.41733837    0.00008944    5   A+     1
    1    0    0    8    4    4    1197.69252404    0.00008165    6   B+    18
    1    0    0   10    3    7    1198.06450281    0.00008370    6   B+    16
    0    2    0   23    1   23    1198.45579038    0.00011547    3   B-    22
    0    0    0   47   17   31    1199.10356292    0.00011547    3   A-    10
    1    0    0    5    5    1    1199.44950668    0.00011547    3   B-    12
    0    1    0   44    5   39    1199.84015435    0.00007598    8   B+    12
    0    0    0   43   19   25    1200.31086090    0.00011547    3   C-    13
    0    2    0   13    8    6    1200.72282734    0.00009686    6   B+    16
    1    0    0   12    1   11    1200.77627299    0.00010000    4   B-    17
    0    2    0    9    9    1    1201.04504837    0.00011547    3   B-    17
    0    1    0   42    8   34    1202.44848169    0.00006444   10   B+    15
    0    2    0   18    6   12    1202.82933429    0.00009435    5   B+    24
    0    1    0   45    4   42    1203.09225869    0.00007221    8   B+    11
    0    2    0   16    7    9    1203.21655962    0.00008657    6   B+    20
    1    0    0    6    5    1    1203.25756634    0.00013805    4   B-    12
    0    2    0   22    2   20    1203.34206050    0.00008944    5   B+    23
    1    0    0    9    4    6    1203.40999949    0.00008165    6   B+    14
    0    1    0   41    9   33    1204.08632740    0.00007405    8   B+    15
    1    0    0   13    1   13    1204.70507879    0.00010429    5   B+    19
    1    0    0   12    2   10    1204.99919260    0.00008726    6   B+    21
    1    0    0   11    3    9    1205.03451567    0.00009820    6   B+    18
    0    1    0   43    7   37    1205.17375535    0.00006839    9   B+    14
    0    1    0   35   13   23    1205.31259172    0.00006325   10   B+    18
    0    0    0   58    8   50    1205.46056796    0.00011125    4   A-     5
    0    0    0   52   14   38    1206.05078965    0.00010000    4   A-     8
    0    2    0   21    4   18    1206.37879086    0.00008721    6   B+    20
    0    1    0   33   14   20    1206.79863979    0.00006905    9   B+    18
    0    0    0   49   16   34    1206.97099473    0.00010000    4   A-     8
    0    2    0   10    9    1    1207.41634269    0.00012644    4   B-    17
    1    0    0    7    5    3    1207.70055039    0.00011547    3   B-    15
    0    2    0   20    5   15    1208.56349200    0.00008165    6   B+    22
    0    1    0   28   16   12    1208.59833473    0.00007423    9   B+    22
    0    0    0   41   20   22    1209.30014472    0.00011547    3   C-    14
    0    2    0   14    8    6    1209.64482368    0.00008538    6   B+    21
    0    1    0   37   12   26    1209.66974647    0.00006325   10   B+    16
    0    0    0   60    4   56    1209.73375100    0.00010450    4   A-     3
    1    0    0   10    4    6    1209.76574848    0.00008165    6   B+    20
    0    1    0   40   10   30    1209.95340865    0.00007941    7   B+    17
    0    2    0   22    3   19    1210.04572907    0.00008165    6   B+    22
    0    1    0   21   18    4    1210.24346927    0.00010781    4   B-    21
    0    1    0   46    2   44    1210.49400878    0.00010248    6   B+    11
    0    2    0   23    2   22    1210.99620033    0.00008621    6   B+    20
    0    1    0   25   17    9    1212.01735498    0.00008992    6   B+    21
    1    0    0   13    2   12    1212.15077804    0.00008467    6   B+    17
    0    2    0   24    0   24    1212.73413422    0.00011547    3   B-    23
    1    0    0   12    3    9    1212.75139347    0.00008420    6   B+    18
    1    0    0    8    5    3    1212.77941384    0.00008724    6   B+    15
    1    0    0   14    0   14    1212.81339374    0.00011547    3   B-    22
    0    1    0   44    6   38    1213.74106532    0.00006636   10   B+    14
    0    2    0   17    7   11    1214.05656222    0.00008751    6   B+    22
    0    1    0   31   15   17    1214.08070733    0.00007279    9   B+    20
    0    2    0   11    9    3    1214.42518070    0.00011547    3   B-    19
    0    2    0   19    6   14    1214.95720524    0.00009631    5   B+    21
    0    1    0   47    2   46    1215.03499923    0.00010867    4   B-     9
    1    0    0   11    4    8    1216.75835356    0.00009688    6   B+    16
    0    1    0   48    0   48    1216.76614296    0.00010295    5   B+    10
    1    0    0   14    1   13    1218.28514697    0.00010000    4   B-    19
    1    0    0    9    5    5    1218.49396328    0.00009586    5   B+    18
    0    0    0   59    7   53    1218.92929791    0.00008944    5   A+     4
    0    2    0   15    8    8    1219.20500322    0.00008786    6   B+    18
    0    1    0   39   11   29    1219.92858350    0.00006953    9   B+    16
    0    0    0   36   22   14    1220.17602339    0.00014142    2   C-    19
    0    0    0   51   15   37    1220.55514926    0.00009729    5   A+     8
    0    0    0   61    4   58    1220.65437024    0.00008356    7   A+     2
    0    2    0   22    4   18    1220.74425698    0.00008944    5   B+    24
    1    0    0   13    3   11    1220.94538462    0.00007666    7   B+    20
    1    0    0    6    6    0    1221.68395864    0.00013942    4   B-    16
    0    2    0   21    5   17    1221.99022655    0.00008944    5   B+    23
    0    2    0   12    9    3    1222.07166981    0.00010000    4   B-    19
    1    0    0   15    1   15    1222.13278346    0.00010000    4   B-    21
    0    0    0   56   11   45    1222.14942111    0.00009601    5   A+     6
    0    1    0   45    5   41    1222.16086857    0.00005774   12   B+    12
    0    2    0   23    3   21    1222.56233346    0.00008944    5   B+    23
    1    0    0   14    2   12    1222.66122053    0.00009169    5   B+    23
    0    0    0   55   12   44    1224.01863705    0.00008473    6   A+     6
    0    1    0   22   18    4    1224.30361684    0.00010057    5   B+    25
    1    0    0   12    4    8    1224.39304283    0.00008773    6   B+    22
    0    0    0   57   10   48    1224.50743438    0.00008291    6   A+     5
    1    0    0   10    5    5    1224.84504782    0.00008624    6   B+    18
    0    2    0   24    1   23    1225.28756496    0.00010000    4   B-    22
    0    2    0   18    7   11    1225.53605618    0.00009144    6   B+    22
    1    0    0    7    6    2    1226.12652337    0.00010000    4   B-    12
    0    1    0   29   16   14    1227.11862216    0.00007931    7   B+    20
    0    2    0   25    1   25    1227.64766633    0.00012768    3   B-    23
    0    2    0   20    6   14    1227.72737537    0.00009435    6   B+    25
    0    0    0   62    2   60    1228.22346171    0.00008944    5   A+     2
    0    1    0   36   13   23    1228.29636759    0.00007471    8   B+    18
    0    1    0   34   14   20    1228.50498914    0.00006667    9   B+    20
    0    1    0   26   17    9    1228.62719333    0.00009459    6   B+    21
    0    2    0   16    8    8    1229.40352924    0.00008944    5   B+    23
    0    0    0   48   17   31    1229.76770688    0.00008944    5   A+     9
    0    0    0   54   13   41    1229.97320970    0.00011547    3   A-     7
    0    1    0   43    8   36    1230.02181960    0.00006981    9   B+    13
    1    0    0   14    3   11    1230.05128104    0.00008165    6   B+    20
    1    0    0   15    2   14    1230.34798946    0.00008834    6   B+    19
    0    2    0   13    9    5    1230.35596162    0.00010000    4   B-    21
    0    1    0   42    9   33    1230.97323850    0.00007071    8   B+    15
    1    0    0    8    6    2    1231.20461043    0.00010000    4   B-    19
    0    0    0   58    9   49    1231.39917529    0.00010391    5   A+     5
    0    1    0   46    3   43    1231.48338464    0.00007413    8   B+    11
    1    0    0   16    0   16    1231.53556006    0.00011547    3   B-    24
    1    0    0   11    5    7    1231.83299925    0.00008165    6   B+    20
    0    0    0   60    5   55    1232.58131627    0.00008481    6   A+     3
    1    0    0   13    4   10    1232.66209903    0.00008165    6   B+    18
    0    1    0   44    7   37    1233.66193008    0.00006367   11   B+    14
    0    1    0   38   12   26    1233.93579026    0.00007438    9   B+    18
    0    2    0   24    2   22    1234.07950509    0.00010000    4   B-    24
    0    1    0   32   15   17    1234.51251592    0.00007258    9   B+    20
    0    0    0   64    0   64    1235.08735318    0.00008944    5   C-     1
    0    2    0   23    4   20    1235.21979625    0.00008165    6   B+    21
    0    2    0   22    5   17    1236.08539095    0.00008944    5   B+    23
    0    0    0   42   20   22    1236.15457472    0.00014142    2   C-    16
    0    1    0   41   10   32    1236.16758193    0.00007559    7   B+    15
    1    0    0    9    6    4    1236.91817623    0.00010000    4   B-    15
    0    2    0   19    7   13    1237.65571010    0.00008650    6   B+    23
    1    0    0   16    1   15    1238.25507248    0.00010000    4   B-    21
    0    0    0   50   16   34    1238.90978275    0.00010000    4   A-     9
    0    1    0   23   18    6    1239.00226315    0.00008165    7   B+    22
    0    2    0   14    9    5    1239.27791119    0.00010561    5   B+    21
    1    0    0   15    3   13    1239.40621577    0.00008342    6   B+    22
    1    0    0   12    5    7    1239.45806224    0.00008858    6   B+    20
    0    1    0   47    3   45    1239.48108178    0.00007958    7   B+    11
    0    0    0   53   14   40    1239.91483631    0.00011547    3   A-     7
    0    2    0   17    8   10    1240.24075789    0.00008165    6   B+    20
    0    2    0   10   10    0    1240.46703987    0.00012224    3   B-    21
    0    2    0   24    3   21    1240.96612185    0.00008944    5   B+    23
    0    2    0   21    6   16    1241.13980435    0.00008932    6   B+    22
    0    1    0   45    6   40    1241.18002181    0.00006030   11   B+    12
    0    2    0   25    2   24    1241.32992001    0.00008712    6   B+    21
    1    0    0   14    4   10    1241.58236577    0.00008165    6   B+    24
    1    0    0   17    1   17    1241.91525863    0.00009862    5   B+    23
    0    0    0   59    8   52    1242.60203088    0.00010000    4   A-     4
    1    0    0   16    2   14    1242.99496283    0.00008944    5   B+    25
    0    2    0   26    0   26    1243.10410293    0.00012196    3   B-    23
    1    0    0   10    6    4    1243.26767676    0.00010000    4   B-    22
    0    1    0   48    1   47    1243.95241975    0.00008313    6   B+    10
    0    1    0   19   19    1    1245.42504393    0.00012068    4   B-    24
    0    1    0   40   11   29    1245.48438713    0.00007572    8   B+    16
    0    1    0   49    1   49    1245.66563940    0.00011055    4   B-     9
    0    1    0   27   17   11    1245.87532903    0.00007710    8   B+    21
    0    1    0   30   16   14    1246.27740763    0.00008165    6   B+    22
    0    2    0   11   10    2    1247.47711770    0.00010000    4   B-    17
    1    0    0   13    5    9    1247.72083819    0.00008165    6   B+    22
    1    0    0    7    7    1    1247.87780815    0.00011547    3   B-    16
    0    1    0   46    4   42    1247.95949009    0.00006960    9   B+    13
    0    0    0   61    5   57    1248.28600285    0.00009247    5   A+     3
    0    2    0   15    9    7    1248.83775589    0.00008944    5   B+    23
    0    0    0   60    6   54    1249.55847715    0.00010000    4   A-     4
    1    0    0   16    3   13    1249.99991442    0.00008165    6   B+    22
    1    0    0   11    6    6    1250.25294516    0.00008312    6   B+    18
    0    2    0   20    7   13    1250.41567623    0.00008747    6   B+    23
    0    2    0   23    5   19    1250.79513757    0.00010363    4   B-    24
    0    1    0   35   14   22    1250.84993054    0.00007582    8   B+    18
    1    0    0   17    2   16    1250.99295644    0.00008165    6   B+    21
    0    2    0   24    4   20    1251.11219258    0.00008165    6   B+    25
    1    0    0   15    4   12    1251.12679639    0.00008165    6   B+    20
    0    2    0   18    8   10    1251.71683674    0.00010000    4   B-    25
    0    1    0   37   13   25    1251.91940759    0.00008488    7   B+    18
    1    0    0   18    0   18    1252.56872357    0.00011547    3   B-    26
    1    0    0    8    7    1    1252.95574742    0.00011929    4   B-    16
    0    2    0   25    3   23    1253.69553890    0.00010611    4   B-    24
    0    0    0   52   15   37    1253.77303474    0.00009729    5   A+     8
    0    1    0   24   18    6    1254.34003264    0.00009258    5   B+    26
    0    2    0   12   10    2    1255.12433666    0.00010000    4   B-    23
    0    2    0   22    6   16    1255.19591410    0.00009978    6   B+    26
    0    1    0   33   15   19    1255.58263479    0.00006426   10   B+    20
    1    0    0   14    5    9    1256.62210034    0.00008165    6   B+    22
    0    2    0   26    1   25    1257.00851392    0.00010512    4   B-    23
    0    0    0   45   19   27    1257.19454090    0.00020000    1   C-    13
    1    0    0   12    6    6    1257.87451712    0.00008898    6   B+    24
    0    1    0   20   19    1    1258.21228321    0.00009445    5   B+    24
    0    1    0   44    8   36    1258.26778896    0.00008244    9   B+    15
    0    1    0   43    9   35    1258.50518049    0.00006793    9   B+    15
    0    0    0   57   11   47    1258.65690196    0.00008944    5   A+     6
    1    0    0    9    7    3    1258.66915781    0.00010000    4   B-    19
    0    1    0   39   12   28    1258.84170795    0.00006782    9   B+    16
    0    0    0   62    3   59    1258.92302630    0.00010000    4   A-     2
    0    2    0   16    9    7    1259.03590975    0.00009111    5   B+    23
    0    2    0   27    1   27    1259.17318506    0.00011547    3   B-    22
    0    0    0   56   12   44    1259.84350252    0.00013588    3   A-     7
    0    1    0   46    5   41    1259.88779955    0.00009414    7   B+    12
    1    0    0   17    3   15    1260.41014689    0.00008422    6   B+    24
    1    0    0   18    1   17    1260.62835121    0.00010000    4   B-    23
    0    0    0   49   17   33    1261.06940289    0.00010000    4   A-    10
    1    0    0   16    4   12    1261.34490041    0.00008671    6   B+    26
    0    1    0   47    4   44    1261.57657072    0.00007446    8   B+    11
    0    0    0   58   10   48    1261.73064431    0.00008944    5   A+     6
    0    1    0   45    7   39    1262.42515737    0.00008219    9   B+    14
    0    1    0   42   10   32    1263.02486246    0.00007495    8   B+    17
    0    2    0   13   10    4    1263.40947024    0.00010000    4   B-    19
    0    1    0   28   17   11    1263.76208184    0.00008165    6   B+    21
    0    2    0   21    7   15    1263.81637954    0.00008944    5   B+    24
    0    2    0   19    8   12    1263.83202313    0.00008165    6   B+    22
    0    0    0   60    7   53    1263.84079541    0.00011547    3   A-     4
    1    0    0   19    1   19    1264.04431569    0.00011319    4   B-    25
    1    0    0   10    7    3    1265.01800169    0.00010000    4   B-    19
    0    0    0   55   13   43    1265.13202970    0.00011547    3   A-     7
    1    0    0   18    2   16    1265.96848695    0.00010269    5   B+    27
    0    1    0   31   16   16    1266.07449733    0.00007856    8   B+    20
    1    0    0   13    6    8    1266.13278696    0.00008944    5   B+    20
    1    0    0   15    5   11    1266.16180153    0.00008165    6   B+    24
    0    2    0   24    5   19    1266.20529114    0.00008944    5   B+    24
    0    0    0   63    3   61    1266.48840118    0.00008165    6   A+     2
    0    2    0   25    4   22    1266.63360756    0.00008944    5   B+    22
    0    2    0   26    2   24    1267.24923069    0.00010000    4   B-    24
    0    1    0   48    2   46    1268.97852304    0.00007679    7   B+    11
    0    0    0   59    9   51    1269.24719893    0.00010404    5   A+     5
    0    2    0   17    9    9    1269.87207290    0.00008944    5   B+    25
    0    2    0   23    6   18    1269.89483445    0.00009305    5   B+    23
    0    1    0   25   18    8    1270.31601982    0.00010132    5   B+    23
    0    0    0   64    1   63    1271.22139232    0.00010000    4   A-     1
    0    0    0   51   16   36    1271.48602354    0.00011547    3   A-     8
    0    1    0   21   19    3    1271.63828884    0.00008861    6   B+    25
    0    1    0   41   11   31    1271.68113958    0.00006872    9   B+    16
    1    0    0   11    7    5    1272.00240759    0.00011106    5   B+    21
    1    0    0   17    4   14    1272.15738389    0.00008165    6   B+    22
    0    2    0   14   10    4    1272.33230146    0.00010000    4   B-    25
    1    0    0   18    3   15    1272.63507145    0.00008548    7   B+    24
    0    1    0   46    6   40    1273.13119770    0.00007167    8   B+    14
    0    0    0   65    1   65    1273.33837337    0.00008944    5   A+     1
    0    0    0   61    6   56    1273.37038938    0.00010220    5   A+     3
    0    1    0   49    2   48    1273.45355345    0.00008944    5   B+     9
    0    1    0   36   14   22    1273.83349849    0.00007957    7   B+    20
    0    2    0   27    2   26    1274.02808605    0.00008944    5   B+    21
    1    0    0   19    2   18    1274.06558499    0.00008165    6   B+    23
    0    0    0   54   14   40    1274.41811298    0.00010000    4   A-     8
    0    2    0   26    3   23    1274.59038588    0.00010000    4   B-    24
    1    0    0   14    6    8    1275.02811164    0.00008165    6   B+    26
    0    1    0   50    0   50    1275.14665662    0.00011360    4   B-    10
    0    2    0   28    0   28    1275.80205379    0.00011547    3   B-    23
    1    0    0   20    0   20    1275.91679145    0.00011547    3   B-    26
    0    1    0   38   13   25    1276.18161431    0.00007219    8   B+    18
    1    0    0   16    5   11    1276.34206244    0.00008548    6   B+    24
    0    2    0   20    8   12    1276.58666014    0.00008165    6   B+    27
    0    1    0   34   15   19    1277.29107069    0.00007040    9   B+    20
    0    2    0   22    7   15    1277.85812220    0.00011289    4   B-    24
    1    0    0    8    8    0    1278.01948706    0.00011547    3   B-    20
    1    0    0   12    7    5    1279.62249126    0.00010038    5   B+    21
    0    2    0   18    9    9    1281.34688777    0.00009713    5   B+    25
    0    1    0   47    5   43    1281.58741001    0.00006924   11   B+    12
    0    2    0   15   10    6    1281.89298087    0.00011547    3   B-    21
    0    2    0   25    5   21    1282.18885941    0.00010000    4   B-    25
    0    1    0   29   17   13    1282.28718983    0.00008944    5   B+    21
    0    0    0   60    8   52    1282.67401385    0.00010000    4   A-     5
    1    0    0   18    4   14    1283.69570208    0.00008165    6   B+    28
    1    0    0    9    8    2    1283.73294474    0.00011168    4   B-    16
    0    2    0   11   11    1    1283.92608946    0.00013855    3   B-    22
    1    0    0   19    3   17    1283.94548212    0.00009362    6   B+    26
    0    2    0   26    4   22    1284.19730940    0.00008165    6   B+    25
    0    1    0   40   12   28    1284.38761386    0.00006905    9   B+    18
    1    0    0   15    6   10    1284.56077982    0.00008551    6   B+    22
    0    2    0   24    6   18    1285.24035674    0.00008880    6   B+    27
    1    0    0   20    1   19    1285.35136836    0.00010000    4   B-    25
    0    1    0   22   19    3    1285.70329458    0.00008944    5   B+    25
    0    1    0   32   16   16    1286.51013256    0.00008703    6   B+    22
    0    1    0   44    9   35    1286.68495717    0.00008411    6   B+    15
    0    1    0   26   18    8    1286.93105189    0.00008944    5   B+    26
    0    0    0   62    4   58    1287.01277446    0.00009952    5   A+     3
    0    1    0   45    8   38    1287.13383398    0.00006738    9   B+    13
    1    0    0   17    5   13    1287.16110492    0.00008996    6   B+    26
    0    2    0   27    3   25    1287.29001205    0.00014142    2   B-    24
    0    0    0   53   15   39    1287.62870200    0.00010000    4   A-     8
    1    0    0   13    7    7    1287.87872952    0.00010251    5   B+    23
    1    0    0   21    1   21    1288.51379167    0.00011547    3   B-    26
    0    2    0   21    8   14    1289.98098377    0.00010020    5   B+    23
    1    0    0   10    8    2    1290.08192592    0.00010000    4   B-    23
    0    1    0   43   10   34    1290.52565985    0.00006977    9   B+    15
    0    2    0   28    1   27    1291.02287502    0.00010000    4   B-    23
    0    1    0   48    3   45    1291.33473567    0.00008088    8   B+    11
    1    0    0   20    2   18    1291.53891031    0.00009844    5   B+    28
    0    2    0   12   11    1    1291.57512092    0.00011547    3   B-    22
    0    2    0   16   10    6    1292.09164883    0.00010000    4   B-    27
    0    1    0   46    7   39    1292.36124298    0.00007310    8   B+    14
    0    2    0   23    7   17    1292.54150710    0.00010000    4   B-    25
    0    0    0   50   17   33    1293.00888687    0.00014142    2   C-     9
    0    2    0   29    1   29    1293.03048318    0.00014142    2   B-    22
    0    2    0   19    9   11    1293.46026671    0.00008533    6   B+    27
    1    0    0   16    6   10    1294.73139473    0.00009266    5   B+    28
    1    0    0   19    4   16    1295.75797433    0.00008490    6   B+    24
    0    0    0   58   11   47    1295.80963985    0.00012009    4   A-     6
    0    0    0   57   12   46    1296.31078811    0.00011119    4   A-     6
    0    0    0   61    7   55    1296.76190101    0.00008944    5   A+     4
    1    0    0   14    7    7    1296.77120833    0.00008165    6   B+    23
    1    0    0   11    8    4    1297.06622371    0.00010000    4   B-    19
    0    1    0   37   14   24    1297.45583285    0.00006958    9   B+    18
    0    0    0   63    4   60    1297.79636196    0.00009561    5   A+     2
    1    0    0   20    3   17    1297.98744979    0.00008896    7   B+    26
    0    1    0   42   11   31    1298.51933861    0.00007743    8   B+    16
    1    0    0   18    5   13    1298.62396054    0.00008513    6   B+    26
    0    2    0   26    5   21    1298.93805987    0.00009390    5   B+    25
    0    1    0   49    3   47    1299.11088520    0.00008844    6   B+    11
    1    0    0   21    2   20    1299.54587135    0.00008165    6   B+    24
    0    0    0   59   10   50    1299.58541419    0.00011547    3   A-     5
    0    1    0   35   15   21    1299.63808622    0.00007873    9   B+    20
    0    2    0   13   11    3    1299.86156453    0.00010000    4   B-    24
    0    1    0   23   19    5    1300.40756438    0.00008944    5   B+    26
    0    2    0   27    4   24    1300.61017889    0.00011547    3   B-    22
    0    0    0   56   13   43    1300.93085970    0.00014142    2   C-     7
    0    1    0   47    6   42    1301.04428727    0.00007234    9   B+    12
    0    1    0   39   13   27    1301.08290616    0.00006667    9   B+    18
    0    2    0   25    6   20    1301.22751925    0.00012527    4   B-    24
    0    1    0   30   17   13    1301.45057851    0.00009580    6   B+    21
    1    0    0   22    0   22    1301.58398911    0.00011547    3   B-    27
    0    2    0   28    2   26    1302.78670012    0.00010000    4   B-    24
    0    2    0   17   10    8    1302.92815399    0.00008944    5   B+    23
    0    1    0   50    1   49    1303.53429792    0.00008313    6   B+    10
    0    2    0   22    8   14    1304.01502478    0.00009750    6   B+    28
    0    1    0   27   18   10    1304.18456886    0.00009471    5   B+    23
    1    0    0   12    8    4    1304.68606919    0.00010000    4   B-    25
    0    0    0   52   16   36    1304.70057314    0.00010000    4   A-     9
    0    1    0   51    1   51    1305.20938053    0.00008944    5   B+     9
    0    0    0   64    2   62    1305.33281171    0.00014142    2   C-     2
    1    0    0   17    6   12    1305.53993574    0.00008165    6   B+    24
    0    2    0   20    9   11    1306.21212326    0.00008165    6   B+    27
    1    0    0   15    7    9    1306.30011802    0.00010837    6   B+    25
    0    1    0   33   16   18    1307.58380000    0.00008165    6   B+    20
    0    2    0   24    7   17    1307.86705304    0.00010000    4   B-    25
    0    0    0   60    9   51    1308.03430308    0.00010639    4   A-     5
    1    0    0   20    4   16    1308.65517796    0.00008165    6   B+    29
    0    2    0   14   11    3    1308.78572194    0.00010000    4   B-    24
    0    2    0   29    2   28    1309.07972707    0.00011531    4   B-    21
    0    1    0   48    4   44    1309.52299385    0.00008396    8   B+    13
    0    0    0   55   14   42    1309.56057298    0.00014142    2   C-     7
    1    0    0   21    3   19    1309.99676329    0.00008165    6   B+    27
    0    1    0   41   12   30    1310.57373230    0.00007960    8   B+    16
    1    0    0   19    5   15    1310.72372893    0.00008652    6   B+    28
    0    2    0   30    0   30    1310.82844199    0.00014142    2   B-    23
    0    2    0   28    3   25    1310.87093927    0.00010000    4   B-    24
    0    0    0   62    5   57    1311.46588249    0.00010045    6   A+     3
    1    0    0    9    9    1    1312.09462481    0.00011547    3   B-    20
    0    0    0   66    0   66    1312.16898318    0.00011547    3   C-     1
    1    0    0   22    1   21    1312.38540899    0.00010000    4   B-    26
    1    0    0   13    8    6    1312.94154700    0.00010485    5   B+    21
    0    2    0   18   10    8    1314.40291234    0.00009769    5   B+    29
    1    0    0   23    1   23    1315.31926328    0.00011547    3   B-    27
    0    1    0   45    9   37    1315.50947964    0.00007229    8   B+    15
    0    1    0   24   19    5    1315.75061019    0.00010000    4   B-    26
    0    2    0   27    5   23    1316.17489763    0.00010943    4   B-    25
    1    0    0   16    7    9    1316.46602693    0.00008944    5   B+    25
    0    1    0   46    8   38    1316.69602430    0.00007377    8   B+    15
    1    0    0   18    6   12    1316.98748107    0.00008639    6   B+    30
    0    2    0   26    6   20    1317.86651970    0.00008493    6   B+    27
    0    2    0   15   11    5    1318.34772144    0.00011547    3   B-    26
    1    0    0   10    9    1    1318.44417452    0.00010000    4   B-    20
    0    1    0   44   10   34    1318.66967279    0.00007071    8   B+    17
    0    2    0   23    8   16    1318.68934150    0.00008944    5   B+    24
    0    2    0   21    9   13    1319.60327579    0.00008944    5   B+    28
    1    0    0   22    2   20    1319.65418460    0.00010000    4   B-    29
    0    2    0   28    4   24    1320.03451899    0.00009623    6   B+    25
    0    0    0   61    8   54    1320.60862499    0.00009368    5   A+     4
    0    1    0   31   17   15    1321.25249290    0.00008923    7   B+    21
    0    1    0   38   14   24    1321.71667290    0.00008222    7   B+    20
    1    0    0   14    8    6    1321.83271579    0.00009296    5   B+    27
    1    0    0   21    4   18    1321.92951301    0.00008944    5   B+    25
    0    1    0   28   18   10    1322.07693162    0.00008165    6   B+    26
    0    0    0   54   15   39    1322.12399474    0.00014142    2   C-     8
    0    1    0   47    7   41    1322.28584857    0.00007178    9   B+    14
    0    1    0   49    4   46    1322.40593456    0.00007939    7   B+    11
    0    1    0   48    5   43    1322.54355904    0.00009160    7   B+    12
    0    1    0   36   15   21    1322.62344627    0.00007415    8   B+    20
    0    1    0   20   20    0    1322.68489727    0.00011547    3   B-    30
    0    2    0   29    3   27    1323.32281289    0.00009609    6   B+    24
    1    0    0   20    5   15    1323.47470846    0.00008165    6   B+    28
    0    2    0   25    7   19    1323.83480844    0.00008944    5   B+    26
    1    0    0   11    9    3    1325.42899421    0.00010000    4   B-    23
    0    0    0   51   17   35    1325.58555289    0.00014142    2   C-    10
    0    1    0   43   11   33    1325.99921102    0.00006564   10   B+    16
    1    0    0   22    3   19    1326.06953905    0.00009481    6   B+    27
    0    2    0   19   10   10    1326.51568980    0.00014142    2   B-    25
    0    1    0   40   13   27    1326.62348757    0.00007696   10   B+    18
    0    0    0   63    5   59    1326.63672596    0.00013529    4   A-     3
    1    0    0   17    7   11    1327.26901182    0.00009505    6   B+    27
    0    2    0   30    1   29    1327.33791665    0.00010000    4   B-    23
    1    0    0   23    2   22    1327.41524195    0.00009438    6   B+    25
    0    2    0   16   11    5    1328.54749422    0.00010000    4   B-    26
    1    0    0   19    6   14    1329.07415057    0.00008165    6   B+    26
    0    2    0   31    1   31    1329.21843738    0.00011547    3   B-    22
    0    1    0   34   16   18    1329.29600246    0.00008944    5   B+    22
    1    0    0   24    0   24    1329.57349361    0.00011547    3   B-    28
    0    1    0   50    2   48    1329.78112333    0.00007772    7   B+    11
    0    0    0   62    6   56    1330.18410544    0.00010000    4   A-     4
    1    0    0   15    8    8    1331.36021673    0.00009761    5   B+    23
    0    2    0   12   12    0    1331.39955865    0.00011547    3   B-    26
    0    1    0   25   19    7    1331.73248927    0.00009116    5   B+    27
    1    0    0   12    9    3    1333.04897209    0.00010639    5   B+    23
    0    0    0   58   12   46    1333.42084531    0.00014142    2   C-     7
    0    0    0   59   11   49    1333.60749195    0.00014142    2   C-     6
    0    2    0   22    9   13    1333.63330063    0.00008487    6   B+    28
    0    2    0   24    8   16    1334.00418673    0.00008165    6   B+    29
    0    1    0   51    2   50    1334.19726015    0.00008165    6   B+     9
    0    2    0   28    5   23    1334.30285058    0.00008349    6   B+    25
    0    2    0   27    6   22    1335.14328067    0.00008165    6   B+    24
    0    1    0   48    6   42    1335.34153806    0.00007270    9   B+    14
    0    1    0   52    0   52    1335.85312101    0.00009252    5   B+    10
    0    1    0   21   20    2    1336.11623226    0.00010000    4   B-    26
    1    0    0   22    4   18    1336.25103203    0.00008488    6   B+    30
    1    0    0   21    5   17    1336.85554456    0.00008165    6   B+    29
    0    2    0   29    4   26    1337.13439791    0.00009248    6   B+    22
    0    0    0   64    3   61    1337.22840350    0.00011547    3   A-     2
    0    1    0   42   12   30    1337.40007070    0.00007458    8   B+    18
    0    0    0   60   10   50    1338.11588859    0.00011547    3   A-     6
    1    0    0   23    3   21    1338.54480418    0.00008165    6   B+    28
    0    0    0   53   16   38    1338.55316314    0.00014142    2   C-     8
    1    0    0   18    7   11    1338.70945494    0.00008944    5   B+    27
    0    2    0   20   10   10    1339.26720713    0.00008777    6   B+    31
    0    2    0   17   11    7    1339.38511130    0.00010000    4   B-    28
    0    2    0   13   12    2    1339.68802905    0.00011547    3   B-    22
    0    2    0   26    7   19    1340.44579322    0.00008944    5   B+    26
    0    1    0   29   18   12    1340.60756739    0.00009185    6   B+    23
    0    2    0   30    2   28    1340.63854483    0.00010000    4   B-    24
    1    0    0   13    9    5    1341.30458996    0.00008944    5   B+    25
    1    0    0   16    8    8    1341.52389787    0.00009806    5   B+    29
    0    1    0   32   17   15    1341.69295221    0.00008773    6   B+    21
    1    0    0   24    1   23    1341.71073784    0.00009464    5   B+    27
    1    0    0   20    6   14    1341.80079152    0.00008300    6   B+    32
    0    1    0   49    5   45    1343.43711120    0.00007436    8   B+    12
    1    0    0   25    1   25    1344.45738103    0.00011547    3   B-    28
    0    0    0   65    3   63    1344.75707899    0.00011547    3   A-     2
    0    0    0   62    7   55    1344.82091132    0.00011547    3   A-     4
    0    1    0   46    9   37    1344.98423185    0.00007618    8   B+    15
    0    0    0   56   14   42    1345.34280298    0.00011547    3   C-     8
    0    1    0   37   15   23    1346.24691901    0.00009434    6   B+    20
    0    2    0   31    2   30    1346.47573104    0.00010748    4   B-    21
    0    1    0   39   14   26    1346.61634510    0.00007822    7   B+    18
    0    1    0   47    8   40    1346.85015559    0.00007122    9   B+    13
    0    0    0   61    9   53    1347.11194048    0.00011547    3   A-     5
    0    1    0   45   10   36    1347.45789518    0.00009282    6   B+    15
    0    2    0   32    0   32    1348.18343710    0.00011547    3   B-    23
    0    2    0   23    9   15    1348.30275331    0.00008165    6   B+    29
    0    1    0   26   19    7    1348.35303626    0.00010559    4   B-    27
    0    2    0   14   12    2    1348.61412150    0.00010000    4   B-    28
    0    0    0   66    1   65    1349.47406232    0.00010000    4   A-     1
    0    2    0   30    3   27    1349.74997017    0.00008944    5   B+    24
    0    2    0   25    8   18    1349.95996841    0.00014142    2   B-    25
    1    0    0   10   10    0    1350.08772266    0.00011547    3   B-    24
    0    1    0   22   20    2    1350.18698941    0.00010000    4   B-    31
    1    0    0   14    9    5    1350.19588668    0.00010869    5   B+    25
    1    0    0   24    2   22    1350.25417304    0.00008853    6   B+    30
    1    0    0   23    4   20    1350.66992541    0.00008341    6   B+    26
    1    0    0   19    7   13    1350.78763454    0.00010000    4   B-    29
    0    2    0   18   11    7    1350.86094323    0.00009258    5   B+    28
    1    0    0   22    5   17    1350.90323509    0.00008492    6   B+    29
    0    0    0   67    1   67    1351.58031837    0.00010000    4   A-     1
    0    1    0   35   16   20    1351.64633624    0.00007559    7   B+    20
    1    0    0   17    8   10    1352.32409482    0.00010248    6   B+    25
    0    2    0   21   10   12    1352.65715713    0.00009509    5   B+    27
    0    2    0   29    5   25    1352.75556518    0.00010104    5   B+    25
    0    1    0   41   13   29    1352.80338358    0.00007379    9   B+    18
    0    0    0   63    6   58    1352.86157589    0.00011547    3   A-     3
    0    2    0   28    6   22    1353.08144990    0.00009333    5   B+    27
    0    1    0   50    3   47    1353.46279376    0.00014840    4   B-    11
    0    1    0   48    7   41    1353.75606498    0.00006929    9   B+    14
    0    0    1    1    0    1    1353.97109017    0.00014142    2   B-     5
    0    1    0   44   11   33    1354.12090814    0.00008165    6   B+    16
    1    0    0   21    6   16    1355.16749282    0.00008165    6   B+    28
    0    0    1    2    1    2    1356.82282224    0.00011547    3   B-     9
    1    0    0   24    3   21    1356.87048464    0.00010958    4   B-    28
    1    0    0   11   10    2    1357.07330116    0.00014473    3   B-    20
    0    0    1    3    0    3    1357.13920910    0.00014142    2   B-     9
    0    0    0   55   15   41    1357.25611200    0.00014142    2   C-     8
    1    0    0   25    2   24    1357.65780498    0.00009687    5   B+    26
    0    2    0   27    7   21    1357.69993437    0.00010000    4   B-    26
    0    2    0   15   12    4    1358.17772582    0.00010000    4   B-    24
    0    2    0   30    4   26    1358.64600556    0.00008944    5   B+    25
    0    0    0   52   17   35    1358.79977687    0.00014142    2   C-     9
    0    0    1    3    1    2    1358.95702999    0.00011547    3   B-     5
    1    0    0   15    9    7    1359.72286514    0.00009811    6   B+    27
    0    1    0   30   18   12    1359.77660647    0.00008944    5   B+    26
    1    0    0   26    0   26    1359.88720371    0.00011547    3   B-    29
    0    1    0   51    3   49    1361.06446931    0.00007559    7   B+    11
    0    0    1    4    1    4    1361.08407321    0.00014142    2   B-    13
    0    2    0   31    3   29    1361.77081127    0.00010000    4   B-    24
    0    0    1    2    2    1    1361.87560014    0.00014142    2   B-     5
    0    0    0   62    8   54    1362.68336418    0.00011547    3   A-     5
    0    1    0   33   17   17    1362.77155732    0.00008610    7   B+    21
    0    0    1    5    0    5    1362.81656419    0.00014142    2   B-    13
    0    2    0   19   11    9    1362.97461009    0.00009558    5   B+    30
    0    1    0   49    6   44    1363.44783778    0.00008513    6   B+    12
    1    0    0   20    7   13    1363.50398041    0.00008165    6   B+    29
    0    2    0   24    9   15    1363.61182040    0.00009376    6   B+    29
    1    0    0   18    8   10    1363.76072620    0.00008165    6   B+    31
    0    0    1    3    2    1    1363.78611666    0.00014142    2   B-    10
    1    0    0   12   10    2    1364.69418421    0.00010000    4   B-    27
    0    1    0   43   12   32    1364.86661987    0.00008750    8   B+    16
    0    0    1    5    1    4    1364.89280373    0.00011547    3   B-     9
    0    1    0   23   20    4    1364.89679384    0.00010000    4   B-    27
    0    1    0   52    1   51    1365.44056900    0.00009104    5   B+    10
    1    0    0   23    5   19    1365.56183501    0.00008986    6   B+    30
    0    1    0   27   19    9    1365.61248870    0.00010000    4   B-    27
    0    2    0   32    1   31    1365.96123375    0.00014142    2   B-    23
    0    0    1    4    2    3    1366.31862865    0.00011547    3   B-     9
    1    0    0   24    4   20    1366.51694131    0.00008477    7   B+    31
    0    2    0   26    8   18    1366.55660371    0.00009610    5   B+    30
    0    0    0   64    4   60    1366.58067446    0.00010000    4   C-     3
    0    2    0   22   10   12    1366.68554804    0.00008340    6   B+    32
    0    1    0   53    1   53    1367.07817392    0.00011605    4   B-     9
    0    2    0   33    1   33    1367.73581749    0.00011547    3   B-    22
    0    0    1    6    1    6    1367.77069408    0.00014527    3   B-    17
    0    2    0   16   12    4    1368.37936806    0.00010526    4   B-    30
    1    0    0   22    6   16    1369.17589987    0.00008565    6   B+    33
    0    0    1    5    2    3    1369.53127244    0.00011547    3   B-    14
    1    0    0   25    3   23    1369.56832508    0.00008944    5   B+    29
    1    0    0   16    9    7    1369.88586107    0.00011433    6   B+    27
    0    1    0   38   15   23    1370.50924959    0.00008949    7   B+    20
    0    0    1    7    0    7    1370.96314718    0.00011218    4   B-    17
    0    0    0   59   12   48    1371.17356121    0.00010000    4   A-     6
    0    2    0   29    6   24    1371.64725433    0.00009232    6   B+    24
    0    0    0   60   11   49    1372.05297951    0.00012483    4   A-     6
    0    0    1    3    3    0    1372.07103248    0.00014142    2   B-     6
    0    1    0   40   14   26    1372.15481916    0.00007110    9   B+    20
    0    2    0   30    5   25    1372.32597923    0.00010619    4   B-    25
    1    0    0   13   10    4    1372.95047778    0.00011398    5   B+    23
    0    0    0   54   16   38    1373.04295314    0.00014142    2   C-     9
    0    0    1    6    2    5    1373.29360542    0.00012842    3   B-    13
    0    1    0   50    4   46    1373.32200950    0.00007559    7   B+    13
    1    0    0   26    1   25    1373.32303128    0.00010903    5   B+    28
    0    0    1    7    1    6    1373.45079627    0.00015202    3   B-    13
    0    0    0   58   13   45    1374.45092970    0.00014142    2   C-     7
    0    0    1    4    3    2    1374.61289631    0.00011547    3   B-    14
    0    1    0   36   16   20    1374.63488059    0.00008165    6   B+    22
    0    1    0   47    9   39    1375.10257934    0.00007221    8   B+    15
    0    2    0   28    7   21    1375.59843151    0.00011547    3   B-    26
    0    2    0   20   11    9    1375.72688032    0.00010505    4   B-    30
    1    0    0   19    8   12    1375.83443237    0.00009377    6   B+    27
    1    0    0   27    1   27    1375.92623984    0.00011547    3   B-    28
    0    2    0   31    4   28    1376.18761199    0.00009255    6   B+    22
    1    0    0   21    7   15    1376.85893436    0.00008944    5   B+    30
    0    0    1    8    1    8    1376.87199925    0.00013705    3   B-    21
    0    1    0   46   10   36    1376.89044486    0.00007745    8   B+    17
    0    0    0   63    7   57    1377.06774359    0.00010000    4   A-     4
    0    0    0   65    4   62    1377.25493696    0.00010000    4   A-     2
    0    0    0   61   10   52    1377.26252442    0.00011547    3   C-     5
    0    1    0   48    8   40    1377.74259787    0.00008281    7   B+    15
    0    0    1    5    3    2    1377.79165935    0.00012266    3   B-    10
    0    0    1    7    2    5    1377.87451177    0.00011988    4   B-    18
    0    2    0   17   12    6    1379.21905657    0.00011547    3   B-    26
    0    2    0   25    9   17    1379.56065857    0.00010000    4   B-    30
    0    1    0   31   18   14    1379.58397233    0.00008597    6   B+    23
    0    1    0   42   13   29    1379.62242678    0.00007071    8   B+    18
    0    1    0   24   20    4    1380.24566548    0.00009707    5   B+    32
    1    0    0   17    9    9    1380.68471319    0.00009561    6   B+    29
    0    2    0   32    2   30    1380.76941855    0.00011547    3   B-    24
    1    0    0   24    5   19    1380.92073652    0.00009215    6   B+    30
    0    2    0   23   10   14    1381.35261113    0.00009005    6   B+    28
    0    0    1    9    0    9    1381.52778761    0.00017798    4   B-    21
    0    0    1    6    3    4    1381.60615928    0.00011547    3   B-    18
    1    0    0   14   10    4    1381.84249357    0.00010000    4   B-    29
    1    0    0   25    4   22    1381.97327668    0.00008591    6   B+    27
    0    0    1    8    2    7    1382.79153505    0.00010031    5   B+    17
    0    2    0   13   13    1    1382.86292635    0.00011547    3   B-    26
    0    1    0   45   11   35    1382.88453596    0.00009204    7   B+    16
    1    0    0   26    2   24    1383.27426190    0.00010399    5   B+    31
    0    1    0   28   19    9    1383.51042188    0.00011547    3   B-    27
    0    2    0   27    8   20    1383.79480242    0.00009138    5   B+    26
    1    0    0   23    6   18    1383.82449831    0.00009763    5   B+    29
    0    1    0   34   17   17    1384.48839241    0.00009302    5   B+    21
    0    0    1    9    1    8    1384.61297325    0.00013559    3   B-    17
    0    1    0   49    7   43    1384.75224755    0.00008944    5   B+    14
    0    1    0   51    4   48    1385.57098076    0.00007559    7   B+    11
    0    0    1    7    3    4    1386.06238321    0.00012510    3   B-    14
    0    2    0   33    2   32    1386.21011764    0.00010810    4   B-    21
    0    0    1    4    4    1    1386.21029752    0.00014142    2   B-    10
    0    0    0   62    9   53    1387.32871308    0.00011547    3   C-     5
    0    1    0   50    5   45    1387.72646294    0.00007885    7   B+    12
    0    2    0   34    0   34    1387.86659566    0.00011547    3   B-    23
    0    0    1   10    1   10    1388.37448672    0.00014142    2   B-    25
    1    0    0   20    8   12    1388.54530994    0.00008577    6   B+    33
    0    0    1    9    2    7    1388.85553448    0.00011601    4   B-    22
    0    2    0   21   11   11    1389.11676217    0.00009611    5   B+    31
    0    0    1    5    4    1    1389.38766395    0.00011547    3   B-    15
    1    0    0   27    2   26    1390.25976298    0.00008944    5   B+    27
    1    0    0   26    3   23    1390.35834421    0.00009479    5   B+    29
    0    2    0   18   12    6    1390.69633797    0.00010000    4   B-    32
    1    0    0   22    7   15    1390.85268783    0.00008165    6   B+    30
    0    2    0   30    6   24    1390.89386701    0.00009471    5   B+    27
    0    0    1    8    3    6    1391.14967413    0.00013440    3   B-    22
    0    2    0   32    3   29    1391.16055787    0.00010000    4   B-    24
    1    0    0   15   10    6    1391.36995582    0.00009725    5   B+    25
    0    0    0   68    0   68    1391.57074318    0.00011547    3   C-     1
    0    2    0   14   13    1    1391.79121980    0.00011547    3   B-    26
    0    2    0   31    5   27    1391.92908407    0.00008365    6   B+    25
    1    0    0   11   11    1    1391.98110350    0.00013371    3   B-    24
    1    0    0   18    9    9    1392.11986337    0.00008944    5   B+    29
    1    0    0   28    0   28    1392.52666900    0.00011547    3   B-    29
    0    0    0   64    5   59    1392.55637530    0.00008944    5   A+     3
    0    0    0   53   17   37    1392.65160290    0.00014142    2   C-    10
    0    1    0   52    2   50    1392.90276084    0.00008944    5   B+    11
    0    1    0   44   12   32    1392.97369737    0.00006904    9   B+    18
    0    0    0   56   15   41    1393.02825474    0.00011547    3   C-     8
    0    0    1    6    4    3    1393.20091454    0.00011547    3   B-    14
    0    2    0   29    7   23    1394.14081010    0.00010749    4   B-    26
    0    0    1   11    0   11    1394.46026124    0.00014142    2   B-    25
    0    0    1   10    2    9    1394.80040883    0.00014142    2   B-    21
    0    1    0   39   15   25    1395.40968510    0.00008766    6   B+    20
    0    2    0   26    9   17    1396.14925917    0.00009128    5   B+    30
    0    1    0   25   20    6    1396.23334544    0.00011547    3   B-    28
    0    2    0   24   10   14    1396.65878127    0.00008944    5   B+    33
    1    0    0   25    5   21    1396.84767511    0.00008165    6   B+    31
    0    0    1    9    3    6    1396.89409654    0.00013180    3   B-    18
    0    1    0   53    2   52    1397.26493903    0.00008036    7   B+     9
    0    0    1    7    4    3    1397.65109569    0.00011547    3   B-    19
    0    1    0   37   16   22    1398.26162325    0.00009354    5   B+    20
    0    1    0   41   14   28    1398.33197989    0.00009685    5   B+    18
    0    0    1   11    1   10    1398.35005086    0.00015709    3   B-    21
    0    1    0   54    0   54    1398.88392875    0.00010737    4   B-    10
    1    0    0   24    6   18    1399.11768611    0.00008165    6   B+    34
    1    0    0   26    4   22    1399.49051971    0.00008944    5   B+    32
    1    0    0   12   11    1    1399.60317674    0.00011547    3   B-    24
    0    1    0   32   18   14    1400.02990111    0.00010000    4   B-    25
    0    2    0   32    4   28    1400.03159201    0.00008348    6   B+    26
    0    1    0   50    6   44    1400.36608520    0.00012989    4   B-    14
    0    0    0   63    8   56    1401.19202109    0.00010000    4   A-     4
    0    2    0   15   13    3    1401.35742805    0.00010000    4   B-    28
    1    0    0   16   10    6    1401.53302741    0.00008944    5   B+    31
    0    2    0   28    8   20    1401.67495097    0.00011547    3   B-    30
    1    0    0   21    8   14    1401.89343426    0.00010163    5   B+    29
    0    1    0   29   19   11    1402.04714692    0.00011547    3   B-    27
    0    0    1   12    1   12    1402.26307387    0.00016816    3   B-    28
    0    0    1   11    2    9    1402.51020117    0.00014537    5   B+    26
    0    2    0   33    3   31    1402.61353486    0.00009105    5   B+    24
    0    0    1    8    4    5    1402.73824567    0.00011547    3   B-    18
    0    2    0   19   12    8    1402.81157477    0.00010000    4   B-    28
    1    0    0   27    3   25    1403.04417864    0.00008165    6   B+    29
    0    2    0   22   11   11    1403.14514001    0.00009137    5   B+    31
    0    0    1   10    3    8    1403.24662184    0.00012682    3   B-    26
    0    1    0   21   21    1    1403.64441518    0.00014142    2   B-    32
    1    0    0   19    9   11    1404.19139992    0.00008800    6   B+    31
    0    0    1    5    5    0    1404.28740175    0.00043558    2   C-    11
    1    0    0   23    7   17    1405.48572885    0.00009613    5   B+    31
    0    1    0   48    9   39    1405.87505931    0.00007442    8   B+    15
    0    1    0   35   17   19    1406.84340284    0.00009479    5   B+    21
    0    2    0   34    1   33    1406.89874484    0.00010000    4   B-    23
    0    1    0   47   10   38    1406.96696531    0.00010701    5   B+    15
    0    1    0   43   13   31    1407.08108032    0.00007370    8   B+    18
    1    0    0   28    1   27    1407.22784002    0.00010000    4   B-    28
    0    0    0   65    5   61    1407.30490473    0.00011547    3   A-     3
    0    1    0   51    5   47    1407.68638802    0.00007663    8   B+    12
    1    0    0   13   11    3    1407.86064885    0.00011027    4   B-    27
    0    0    1    6    5    2    1408.10024292    0.00012406    3   B-    19
    0    0    0   55   16   40    1408.17074314    0.00020000    1   C-     8
    0    0    1    9    4    5    1408.46361204    0.00011547    3   B-    23
    0    2    0   35    1   35    1408.58221891    0.00014142    2   B-    22
    0    1    0   49    8   42    1409.17430863    0.00008232    7   B+    13
    0    0    1   12    2   11    1409.30654427    0.00011547    3   B-    25
    1    0    0   29    1   29    1409.72410327    0.00013156    3   B-    28
    0    0    1   13    0   13    1409.72623358    0.00025464    4   B-    28
    0    0    1   11    3    8    1410.30445376    0.00014142    2   B-    22
    0    2    0   31    6   26    1410.74490493    0.00008457    6   B+    24
    0    0    0   61   11   51    1411.14187195    0.00014142    2   C-     6
    0    2    0   16   13    3    1411.56110827    0.00010992    4   B-    28
    0    1    0   46   11   35    1412.29045040    0.00011775    4   B-    16
    1    0    0   17   10    8    1412.33210398    0.00008944    5   B+    27
    0    0    1    7    5    2    1412.54913275    0.00011547    3   B-    15
    0    2    0   25   10   16    1412.60406517    0.00008944    5   B+    29
    0    1    0   26   20    6    1412.86032075    0.00012820    3   B-    33
    0    2    0   32    5   27    1413.03871540    0.00008165    6   B+    25
    0    0    0   64    6   58    1413.11377169    0.00011547    3   A-     4
    0    2    0   30    7   23    1413.32993567    0.00008944    5   B+    26
    0    2    0   27    9   19    1413.37827515    0.00008944    5   B+    30
    1    0    0   26    5   21    1413.54226729    0.00008165    6   B+    31
    0    0    1   13    1   12    1414.62541910    0.00011069    5   B+    24
    0    0    1   10    4    7    1414.82710014    0.00011547    3   B-    22
    1    0    0   25    6   20    1415.05025658    0.00008944    5   B+    30
    0    2    0   20   12    8    1415.56523906    0.00010640    4   B-    34
    1    0    0   27    4   24    1415.82878637    0.00008480    6   B+    28
    1    0    0   22    8   14    1415.87943125    0.00008165    6   B+    34
    1    0    0   14   11    3    1416.75378720    0.00010813    4   B-    27
    1    0    0   20    9   11    1416.89943991    0.00009498    5   B+    31
    0    0    0   62   10   52    1417.10743773    0.00010000    4   A-     6
    0    0    1    8    5    4    1417.63445729    0.00011547    3   B-    23
    0    1    0   22   21    1    1417.72077079    0.00020000    1   C-    32
    0    2    0   33    4   30    1417.74781328    0.00009172    5   B+    22
    0    2    0   23   11   13    1417.81194205    0.00010099    5   B+    32
    0    0    0   66    3   63    1417.84716350    0.00011547    3   C-     2
    0    1    0   52    3   49    1417.87854695    0.00008165    6   B+    11
    0    1    0   50    7   43    1417.87934294    0.00007263    8   B+    14
    0    0    1   12    3   10    1417.90013699    0.00013001    3   B-    29
    0    0    1   14    1   14    1418.52591707    0.00011547    3   B-    30
    1    0    0   28    2   26    1418.65192727    0.00010000    4   B-    31
    0    0    0   58   14   44    1418.82496298    0.00014142    2   C-     8
    0    0    1   13    2   11    1418.85522186    0.00015078    3   B-    29
    0    2    0   29    8   22    1420.19753904    0.00009279    5   B+    26
    1    0    0   24    7   17    1420.75882269    0.00008803    6   B+    31
    0    1    0   40   15   25    1420.94841652    0.00010236    4   B-    20
    0    1    0   33   18   16    1421.11406577    0.00010000    4   B-    23
    0    1    0   30   19   11    1421.22254004    0.00011547    3   B-    27
    0    1    0   45   12   34    1421.72120415    0.00007559    7   B+    16
    0    0    1   11    4    7    1421.83030195    0.00014147    3   B-    27
    0    2    0   17   13    5    1422.40301368    0.00010000    4   B-    30
    0    1    0   38   16   22    1422.52660922    0.00010000    4   B-    22
    0    2    0   34    2   32    1423.16511555    0.00010000    4   B-    24
    0    0    1    9    5    4    1423.35653331    0.00011547    3   B-    19
    1    0    0   18   10    8    1423.76679798    0.00010118    5   B+    33
    0    1    0   42   14   28    1425.14791724    0.00010528    5   B+    20
    1    0    0   29    2   28    1425.21061189    0.00010776    4   B-    27
    0    1    0   53    3   51    1425.34074803    0.00010276    5   B+    11
    0    0    0   67    3   65    1425.34419899    0.00010000    4   C-     2
    1    0    0   15   11    5    1426.28226055    0.00010000    4   B-    29
    0    0    1   14    2   13    1426.29083855    0.00015835    3   B-    28
    0    0    1    6    6    1    1426.29378498    0.00020000    1   C-    15
    0    0    1   13    3   10    1426.31714665    0.00011547    3   B-    25
    1    0    0   28    3   25    1426.48501098    0.00009422    5   B+    29
    0    0    0   54   17   37    1427.14067687    0.00014142    2   C-     9
    0    0    1   15    0   15    1427.30658030    0.00016029    2   B-    30
    1    0    0   30    0   30    1427.49198558    0.00011547    3   B-    29
    0    0    0   63    9   55    1427.58866204    0.00010000    4   A-     5
    0    2    0   35    2   34    1428.27819350    0.00010642    4   B-    21
    0    1    0   51    6   46    1428.36665150    0.00007857    7   B+    12
    0    0    0   64    7   57    1428.49214331    0.00010000    4   A-     4
    0    2    0   21   12   10    1428.95676152    0.00010000    4   B-    30
    0    2    0   26   10   16    1429.18853523    0.00008580    6   B+    34
    0    0    0   57   15   43    1429.43844474    0.00014142    2   C-     8
    0    0    1   12    4    9    1429.47094585    0.00016896    3   B-    26
    0    1    0   54    1   53    1429.66998789    0.00010225    4   B-    10
    0    0    1   10    5    6    1429.71584878    0.00011547    3   B-    27
    0    1    0   36   17   19    1429.83646538    0.00010706    4   B-    21
    0    2    0   36    0   36    1429.87771875    0.00015926    2   B-    23
    0    0    0   68    1   67    1430.04626232    0.00014142    2   C-     1
    0    1    0   27   20    8    1430.12591293    0.00014142    2   B-    29
    1    0    0   21    9   13    1430.24424313    0.00008944    5   B+    33
    1    0    0   23    8   16    1430.50333050    0.00008970    6   B+    30
    1    0    0   27    5   23    1430.71661505    0.00008555    6   B+    32
    0    0    1    7    6    1    1430.74264601    0.00013214    3   B-    20
    0    2    0   28    9   19    1431.24760123    0.00011141    4   B-    30
    0    1    0   55    1   55    1431.27063310    0.00008944    5   B+     9
    0    2    0   32    6   26    1431.31464079    0.00009157    5   B+    27
    1    0    0   26    6   20    1431.63232092    0.00008165    6   B+    35
    0    0    0   69    1   69    1432.14177337    0.00010000    4   A-     1
    0    1    0   23   21    3    1432.43687983    0.00014142    2   B-    33
    0    2    0   24   11   13    1433.11753098    0.00010000    4   B-    32
    0    2    0   31    7   25    1433.16236807    0.00010000    4   B-    26
    0    0    1   15    1   14    1433.38824686    0.00011057    5   B+    26
    0    2    0   33    5   29    1433.69049694    0.00009244    5   B+    25
    0    2    0   18   13    5    1433.88261040    0.00010000    4   B-    30
    0    0    0   65    6   60    1434.70292589    0.00014142    2   C-     3
    0    2    0   34    3   31    1435.03097712    0.00011547    3   B-    24
    0    0    1   14    3   12    1435.10840629    0.00017520    3   B-    31
    0    1    0   44   13   31    1435.17903906    0.00007559    7   B+    18
    1    0    0   28    4   24    1435.20538003    0.00008944    5   B+    32
    0    0    1    8    6    3    1435.82738900    0.00011547    3   B-    19
    1    0    0   19   10   10    1435.83775020    0.00010739    6   B+    29
    1    0    0   16   11    5    1436.44623939    0.00010278    4   B-    29
    1    0    0   25    7   19    1436.67203053    0.00008165    6   B+    32
    0    0    1   11    5    6    1436.71307090    0.00015191    3   B-    23
    0    0    1   16    1   16    1437.15042960    0.00013068    3   B-    32
    0    1    0   49    9   41    1437.28797567    0.00008692    6   B+    15
    0    1    0   48   10   38    1437.68928106    0.00008165    6   B+    17
    1    0    0   12   12    0    1437.75555888    0.00014142    2   B-    30
    0    0    1   13    4    9    1437.75888936    0.00016709    3   B-    30
    0    0    1   15    2   13    1437.88391887    0.00014142    2   B-    31
    0    2    0   14   14    0    1438.29007529    0.00011547    3   B-    32
    1    0    0   29    3   27    1438.94978349    0.00008165    6   B+    29
    0    1    0   52    4   48    1439.34030350    0.00008165    6   B+    13
    0    2    0   30    8   22    1439.36251639    0.00010000    4   B-    30
    0    1    0   31   19   13    1441.03637993    0.00011547    3   B-    27
    0    1    0   50    8   42    1441.41857195    0.00007178    8   B+    15
    0    0    1    9    6    3    1441.54833213    0.00011547    3   B-    24
    0    1    0   47   11   37    1442.33834062    0.00008305    6   B+    16
    0    1    0   34   18   16    1442.83658648    0.00008944    5   B+    25
    0    2    0   22   12   10    1442.98636270    0.00010782    4   B-    35
    1    0    0   30    1   29    1443.43235547    0.00010000    4   B-    28
    0    2    0   34    4   30    1444.16639922    0.00010000    4   B-    26
    1    0    0   22    9   13    1444.22585901    0.00010000    4   B-    33
    0    0    1   12    5    8    1444.34784500    0.00014240    3   B-    31
    0    0    1   15    3   12    1444.96548301    0.00014101    4   B-    27
    0    0    0   64    8   56    1445.51864794    0.00011547    3   A-     5
    0    0    1   16    2   15    1445.73480522    0.00012010    4   B-    30
    1    0    0   24    8   16    1445.76557396    0.00008583    6   B+    35
    0    2    0   35    3   33    1445.83333014    0.00011163    4   B-    24
    1    0    0   31    1   31    1445.84994599    0.00014142    2   B-    28
    0    2    0   19   13    7    1446.00060221    0.00011547    3   B-    32
    1    0    0   13   12    2    1446.01479625    0.00012485    4   B-    26
    0    2    0   27   10   18    1446.41238461    0.00010668    5   B+    30
    0    0    1   14    4   11    1446.67741717    0.00015310    3   B-    29
    0    1    0   41   15   27    1447.12560459    0.00010442    4   B-    20
    0    0    1   17    0   17    1447.20020566    0.00025071    2   B-    31
    1    0    0   17   11    7    1447.24594628    0.00012217    4   B-    32
    0    1    0   39   16   24    1447.42951221    0.00011482    4   B-    20
    0    1    0   24   21    3    1447.79157397    0.00014142    2   B-    33
    0    2    0   15   14    2    1447.85881170    0.00014142    2   B-    28
    0    0    1   10    6    5    1447.90592045    0.00011547    3   B-    23
    0    1    0   28   20    8    1448.03041400    0.00010000    4   B-    33
    0    0    0   66    4   62    1448.44362445    0.00010000    4   C-     3
    1    0    0   20   10   10    1448.54479352    0.00008944    5   B+    35
    0    0    0   61   12   50    1448.60836121    0.00014142    2   C-     6
    1    0    0   28    5   23    1448.78763229    0.00008887    6   B+    32
    1    0    0   27    6   22    1448.84966598    0.00008320    6   B+    31
    0    2    0   25   11   15    1449.06146420    0.00010000    4   B-    33
    0    2    0   29    9   21    1449.75791417    0.00008944    5   B+    30
    0    1    0   51    7   45    1449.81656488    0.00009323    6   B+    14
    0    2    0   36    1   35    1450.15425962    0.00011391    4   B-    23
    0    0    0   60   13   47    1450.53500970    0.00020000    1   C-     7
    0    0    0   62   11   51    1450.88103951    0.00014142    2   C-     6
    0    1    0   53    4   50    1451.06488290    0.00008647    7   B+    11
    0    1    0   46   12   34    1451.10972596    0.00009544    6   B+    18
    0    2    0   37    1   37    1451.75644348    0.00011547    3   B-    21
    0    0    1    7    7    0    1452.21959461    0.00018747    2   B-    16
    1    0    0   29    4   26    1452.22163616    0.00009130    6   B+    28
    0    2    0   33    6   28    1452.44089478    0.00008944    5   B+    24
    0    1    0   43   14   30    1452.60240945    0.00010003    5   B+    18
    0    0    1   13    5    8    1452.62184411    0.00015369    3   B-    27
    1    0    0   26    7   19    1453.22601652    0.00008165    6   B+    32
    0    1    0   37   17   21    1453.46759817    0.00011547    3   B-    22
    0    2    0   32    7   25    1453.64480278    0.00008340    6   B+    26
    0    0    1   17    1   16    1454.58370314    0.00014142    2   B-    28
    0    0    1   16    3   14    1454.86721775    0.00027637    2   B-    33
    0    0    1   11    6    5    1454.90066753    0.00011547    3   B-    28
    1    0    0   14   12    2    1454.90891368    0.00015365    3   B-    33
    0    1    0   52    5   47    1455.35227616    0.00011157    5   B+    12
    0    0    1   15    4   11    1456.25855736    0.00014142    2   B-    32
    1    0    0   30    2   28    1456.33630468    0.00011547    3   B-    31
    0    2    0   34    5   29    1456.47855467    0.00008553    6   B+    25
    0    0    1    8    7    2    1457.30456519    0.00016104    3   B-    24
    0    0    0   63   10   54    1457.54164442    0.00014142    2   C-     5
    0    2    0   23   12   12    1457.65427695    0.00010170    5   B+    31
    0    2    0   16   14    2    1458.06559901    0.00010000    4   B-    34
    0    0    1   18    1   18    1458.12720132    0.00015713    3   B-    34
    0    1    0   54    2   52    1458.34386255    0.00009628    5   B+    11
    1    0    0   18   11    7    1458.68134337    0.00009447    6   B+    31
    0    2    0   20   13    7    1458.75627779    0.00010000    4   B-    32
    1    0    0   23    9   15    1458.84464016    0.00010166    6   B+    34
    0    0    0   67    4   64    1459.02908696    0.00011547    3   C-     2
    0    2    0   31    8   24    1459.17050205    0.00008944    5   B+    26
    0    0    1   17    2   15    1459.57283861    0.00012731    4   B-    33
    0    0    0   65    7   59    1459.81851945    0.00011547    3   A-     4
    0    1    0   32   19   13    1461.48852398    0.00011547    3   B-    27
    0    0    1   14    5   10    1461.53470608    0.00013713    3   B-    34
    1    0    0   25    8   18    1461.66625472    0.00008165    6   B+    31
    0    2    0   35    4   32    1461.79071483    0.00008543    6   B+    22
    1    0    0   21   10   12    1461.88811674    0.00010000    4   B-    31
    0    0    0   55   17   39    1462.26671290    0.00014142    2   C-    10
    1    0    0   31    2   30    1462.50228922    0.00012004    3   B-    27
    0    0    1   12    6    7    1462.53214348    0.00014824    3   B-    27
    0    1    0   55    2   54    1462.65574509    0.00010000    4   B-     9
    0    0    1    9    7    2    1463.02535178    0.00011547    3   B-    20
    0    1    0   25   21    5    1463.78592258    0.00011547    3   B-    34
    0    1    0   45   13   33    1463.91690923    0.00012294    5   B+    18
    0    1    0   56    0   56    1464.23783100    0.00010375    4   B-    10
    0    2    0   28   10   18    1464.27577131    0.00008944    5   B+    34
    1    0    0   15   12    4    1464.43913029    0.00010000    4   B-    29
    1    0    0   32    0   32    1464.78302657    0.00011547    3   B-    29
    1    0    0   30    3   27    1465.19273765    0.00010678    5   B+    29
    0    1    0   35   18   18    1465.19728252    0.00013240    3   B-    23
    0    2    0   26   11   15    1465.64421060    0.00008944    5   B+    33
    0    0    1   17    3   14    1466.28814433    0.00013073    4   B-    29
    0    0    1   16    4   13    1466.45165162    0.00015720    3   B-    31
    0    0    0   58   15   43    1466.48629474    0.00020000    1   C-     8
    0    1    0   29   20   10    1466.57394474    0.00011547    3   B-    29
    1    0    0   28    6   22    1466.72675236    0.00009351    6   B+    35
    1    0    0   29    5   25    1467.16975079    0.00008625    6   B+    32
    0    0    1   18    2   17    1467.61809690    0.00011151    4   B-    32
    0    2    0   36    2   34    1467.82648546    0.00011547    3   B-    24
    0    1    0   52    6   46    1468.17324186    0.00009726    5   B+    14
    0    2    0   30    9   21    1468.90905845    0.00009404    5   B+    30
    0    2    0   17   14    4    1468.91001315    0.00010667    4   B-    30
    0    1    0   49   10   40    1469.05598265    0.00008689    6   B+    15
    0    0    0   64    9   55    1469.30543309    0.00014142    2   C-     5
    0    1    0   50    9   41    1469.36253359    0.00008743    7   B+    15
    0    0    1   10    7    4    1469.38254950    0.00011547    3   B-    28
    0    0    1   19    0   19    1469.40905634    0.00011547    3   B-    33
    1    0    0   27    7   21    1470.42082179    0.00009545    5   B+    33
    1    0    0   19   11    9    1470.75293399    0.00010000    4   B-    34
    0    0    1   13    6    7    1470.80144686    0.00015207    3   B-    31
    0    0    1   15    5   10    1471.08801468    0.00014142    2   B-    30
    0    2    0   21   13    9    1472.14988916    0.00010000    4   B-    34
    0    2    0   37    2   36    1472.67682710    0.00013603    3   B-    21
    0    2    0   24   12   12    1472.96032266    0.00011547    3   B-    36
    0    1    0   40   16   24    1472.97072845    0.00014061    3   B-    22
    0    1    0   48   11   37    1473.02906717    0.00011492    5   B+    16
    0    0    0   70    0   70    1473.29116318    0.00014142    2   C-     1
    1    0    0   30    4   26    1473.68087785    0.00009279    5   B+    32
    0    1    0   42   15   27    1473.94095252    0.00011770    5   B+    20
    1    0    0   24    9   15    1474.10066817    0.00008944    5   B+    34
    0    1    0   51    8   44    1474.10982999    0.00007976    7   B+    13
    0    2    0   38    0   38    1474.21602378    0.00013068    3   B-    23
    0    1    0   53    5   49    1474.31451509    0.00012771    4   B-    12
    0    2    0   34    6   28    1474.35768744    0.00008944    5   B+    27
    1    0    0   16   12    4    1474.60473181    0.00009717    5   B+    35
    0    2    0   33    7   27    1474.76902606    0.00008635    6   B+    26
    1    0    0   22   10   12    1475.86780874    0.00008736    6   B+    36
    0    0    0   66    5   61    1475.86879530    0.00010000    4   C-     3
    0    0    1   11    7    4    1476.37622182    0.00011547    3   B-    24
    0    0    1   18    3   16    1477.16620514    0.00014142    2   B-    35
    1    0    0   31    3   29    1477.26347951    0.00009655    5   B+    29
    0    0    1   17    4   13    1477.34287547    0.00023553    4   B-    34
    0    1    0   38   17   21    1477.73676234    0.00014142    2   B-    21
    0    2    0   35    5   31    1478.03043513    0.00011432    6   B+    25
    0    0    1   19    1   18    1478.15294301    0.00014186    3   B-    30
    1    0    0   26    8   18    1478.20587041    0.00009191    5   B+    36
    0    2    0   32    8   24    1479.62194994    0.00008944    5   B+    30
    0    0    1   14    6    9    1479.70832825    0.00012540    3   B-    30
    0    2    0   18   14    4    1480.39247152    0.00010000    4   B-    36
    0    1    0   26   21    5    1480.41921517    0.00014142    2   B-    34
    0    1    0   44   14   30    1480.69587971    0.00013003    5   B+    20
    0    1    0   47   12   36    1481.13873369    0.00008563    6   B+    16
    0    0    1   16    5   12    1481.28049513    0.00011547    3   B-    36
    0    2    0   36    3   33    1481.28792761    0.00011547    3   B-    24
    0    0    1   20    1   20    1481.44857529    0.00014142    2   B-    36
    1    0    0   32    1   31    1481.94393166    0.00010358    4   B-    28
    0    0    1    8    8    1    1482.05299645    0.00018331    3   B-    20
    0    1    0   33   19   15    1482.57942714    0.00017661    2   B-    27
    0    2    0   29   10   20    1482.77889538    0.00010000    4   B-    30
    0    2    0   27   11   17    1482.86580017    0.00008944    5   B+    34
    1    0    0   20   11    9    1483.46018338    0.00010000    4   B-    33
    0    0    1   19    2   17    1483.88053735    0.00014142    2   B-    35
    0    0    1   12    7    6    1484.00642803    0.00011547    3   B-    32
    1    0    0   33    1   33    1484.30245112    0.00011547    3   B-    28
    0    0    0   65    8   58    1484.33336109    0.00014142    2   C-     4
    0    1    0   54    3   51    1484.59027820    0.00007937    7   B+    11
    0    1    0   52    7   45    1484.76878126    0.00009519    6   B+    14
    1    0    0   29    6   24    1485.22837586    0.00008793    6   B+    31
    1    0    0   17   12    6    1485.40598214    0.00010000    4   B-    31
    0    1    0   30   20   10    1485.75597113    0.00011547    3   B-    33
    0    2    0   22   13    9    1486.18173934    0.00010000    4   B-    34
    1    0    0   30    5   25    1486.68285934    0.00008944    5   B+    32
    1    0    0   13   13    1    1487.39110859    0.00016881    3   B-    32
    0    0    1    9    8    1    1487.77424123    0.00011547    3   B-    25
    0    1    0   36   18   18    1488.19588545    0.00011547    3   B-    25
    1    0    0   28    7   21    1488.25818740    0.00009574    6   B+    33
    0    1    0   22   22    0    1488.27077505    0.00020000    1   C-    37
    0    2    0   31    9   23    1488.70141259    0.00008165    6   B+    30
    0    0    1   18    4   15    1488.79677124    0.00014142    2   B-    33
    0    2    0   25   12   14    1488.90474371    0.00011547    3   B-    32
    0    0    1   15    6    9    1489.25357444    0.00013285    3   B-    33
    1    0    0   25    9   17    1489.99428329    0.00008165    6   B+    35
    0    0    0   67    5   63    1490.28740473    0.00011547    3   C-     3
    0    0    1   19    3   16    1490.32007376    0.00010000    4   B-    31
    1    0    0   23   10   14    1490.48393082    0.00009549    6   B+    32
    0    2    0   36    4   32    1491.00466287    0.00008944    5   B+    26
    1    0    0   31    4   28    1491.13267837    0.00008944    5   B+    28
    0    0    0   63   11   53    1491.26150194    0.00014142    2   C-     6
    0    2    0   37    3   35    1491.41464088    0.00014142    2   B-    24
    0    0    1   20    2   19    1491.91972324    0.00013029    4   B-    34
    0    1    0   55    3   53    1491.93861756    0.00011159    4   B-    11
    0    0    1   17    5   12    1492.11575050    0.00016023    3   B-    32
    0    0    1   13    7    6    1492.27343679    0.00011547    3   B-    28
    0    2    0   19   14    6    1492.51334020    0.00011957    3   B-    32
    0    1    0   46   13   33    1493.29420958    0.00009506    6   B+    18
    0    0    1   21    0   21    1493.93721834    0.00011547    3   B-    35
    0    0    1   10    8    3    1494.13156402    0.00013415    3   B-    24
    0    0    0   60   14   46    1494.86466298    0.00020000    1   C-     8
    1    0    0   27    8   20    1495.38486654    0.00008718    6   B+    32
    0    2    0   38    1   37    1495.73092253    0.00011026    4   B-    23
    0    1    0   53    6   48    1495.77472404    0.00008944    5   B+    12
    0    1    0   56    1   55    1496.22190761    0.00008944    5   B+     9
    1    0    0   14   13    1    1496.28727385    0.00017273    3   B-    31
    1    0    0   32    2   30    1496.29599300    0.00010958    5   B+    31
    0    2    0   34    7   27    1496.54890046    0.00010502    5   B+    26
    0    2    0   35    6   30    1496.73893504    0.00009419    5   B+    24
    1    0    0   21   11   11    1496.80337674    0.00010478    4   B-    36
    1    0    0   18   12    6    1496.84298212    0.00010000    4   B-    37
    0    2    0   39    1   39    1497.25794140    0.00011547    3   B-    21
    0    2    0   15   15    1    1497.65344690    0.00014142    2   B-    34
    0    1    0   27   21    7    1497.69174445    0.00014142    2   B-    35
    0    1    0   57    1   57    1497.78638596    0.00010000    4   B-     9
    0    0    0   56   17   39    1498.02987687    0.00014142    2   C-    10
    0    0    0   66    6   60    1498.28139170    0.00011547    3   C-     4
    0    0    0   64   10   54    1498.71337773    0.00010000    4   C-     6
    0    1    0   41   16   26    1499.15006336    0.00010000    4   B-    20
    0    0    1   16    6   11    1499.43783481    0.00014142    2   B-    32
    0    2    0   33    8   26    1500.71739920    0.00010859    5   B+    26
    0    2    0   28   11   17    1500.72637841    0.00010401    4   B-    34
    0    0    0   68    3   65    1500.78022350    0.00011547    3   C-     2
    0    2    0   23   13   11    1500.85152187    0.00010000    4   B-    35
    0    0    1   19    4   15    1501.02886719    0.00014142    2   B-    36
    0    1    0   50   10   40    1501.06867837    0.00008944    5   B+    17
    0    0    1   11    8    3    1501.12509582    0.00011547    3   B-    29
    0    0    1   14    7    8    1501.17782513    0.00013050    3   B-    35
    0    1    0   43   15   29    1501.39444575    0.00010000    4   B-    20
    0    2    0   30   10   20    1501.92225078    0.00010697    4   B-    34
    0    0    1   20    3   18    1501.99131048    0.00016522    3   B-    37
    0    1    0   51    9   43    1502.07012969    0.00012180    4   B-    15
    1    0    0   33    2   32    1502.12855438    0.00010000    4   B-    27
    0    1    0   39   17   23    1502.64400873    0.00014142    2   B-    22
    0    2    0   36    5   31    1502.68291492    0.00008690    6   B+    25
    0    1    0   23   22    2    1502.99281945    0.00020000    1   C-    33
    0    0    1   18    5   14    1503.59027130    0.00014142    2   B-    38
    0    0    1   21    1   20    1504.05008525    0.00010539    4   B-    32
    0    0    0   59   15   45    1504.17251474    0.00014142    2   C-     8
    0    1    0   34   19   15    1504.30802266    0.00014142    2   B-    27
    0    1    0   49   11   39    1504.36247458    0.00010000    4   B-    16
    1    0    0   34    0   34    1504.39980146    0.00011547    3   B-    29
    1    0    0   30    6   24    1504.40988229    0.00008382    6   B+    35
    0    2    0   20   14    6    1505.27173935    0.00010249    4   B-    38
    0    2    0   26   12   14    1505.48768239    0.00011547    3   B-    37
    0    1    0   31   20   12    1505.57652125    0.00011547    3   B-    29
    1    0    0   24   10   14    1505.73686314    0.00009119    6   B+    37
    1    0    0   15   13    3    1505.81933654    0.00010000    4   B-    35
    1    0    0   31    5   27    1506.20556818    0.00009289    6   B+    32
    1    0    0   32    3   29    1506.41472269    0.00010109    5   B+    29
    1    0    0   26    9   17    1506.52567991    0.00008165    6   B+    35
    1    0    0   29    7   23    1506.73687445    0.00009200    6   B+    33
    0    0    1   22    1   22    1507.11085101    0.00017444    3   B-    38
    0    1    0   54    4   50    1507.57849072    0.00010000    4   B-    13
    0    1    0   52    8   44    1507.73953466    0.00008619    6   B+    15
    0    2    0   16   15    1    1507.86311071    0.00014142    2   B-    33
    0    0    0   69    3   67    1508.24800899    0.00011547    3   C-     2
    0    2    0   37    4   34    1508.29148591    0.00010000    4   B-    22
    0    0    1   12    8    5    1508.75508600    0.00012222    3   B-    28
    1    0    0   19   12    8    1508.91574234    0.00009712    5   B+    33
    0    2    0   32    9   23    1509.13563050    0.00008944    5   B+    30
    0    1    0   45   14   32    1509.42816160    0.00009546    5   B+    18
    0    0    1   17    6   11    1510.26063309    0.00013342    3   B-    35
    0    0    0   65    9   57    1510.67409204    0.00014142    2   C-     5
    0    0    1   15    7    8    1510.71930358    0.00017975    3   B-    31
    0    0    1   21    2   19    1510.75987671    0.00014142    2   B-    37
    1    0    0   22   11   11    1510.78268760    0.00008856    6   B+    35
    0    1    0   48   12   36    1511.80851363    0.00010000    4   B-    18
    0    1    0   37   18   20    1511.83267992    0.00011547    3   B-    23
    1    0    0   28    8   20    1513.20328397    0.00009406    6   B+    36
    0    0    1   20    4   17    1513.71609848    0.00011547    3   B-    35
    0    2    0   38    2   36    1514.76218050    0.00010000    4   B-    24
    0    0    0   66    7   59    1514.77247331    0.00011547    3   C-     4
    1    0    0   32    4   28    1514.91381932    0.00009793    6   B+    32
    0    0    0   71    1   71    1515.02146336    0.00011547    3   C-     1
    0    1    0   28   21    7    1515.60348251    0.00014142    2   B-    35
    0    0    1   19    5   14    1515.71368486    0.00015312    3   B-    34
    0    0    1    9    9    0    1515.77976070    0.00014142    2   B-    21
    1    0    0   16   13    3    1515.98691298    0.00013309    4   B-    34
    0    2    0   24   13   11    1516.15970870    0.00008944    5   B+    35
    0    0    1   13    8    5    1517.02154066    0.00011547    3   B-    33
    0    0    1   21    3   18    1517.08267357    0.00015346    3   B-    33
    0    1    0   53    7   47    1517.46732935    0.00008819    7   B+    14
    1    0    0   33    3   31    1517.96468340    0.00009927    5   B+    29
    0    1    0   24   22    2    1518.35434232    0.00020000    1   C-    38
    0    0    1   22    2   21    1518.62044295    0.00011547    3   B-    36
    0    2    0   21   14    8    1518.66868789    0.00012657    3   B-    34
    0    2    0   17   15    3    1518.71103295    0.00011547    3   B-    36
    0    0    0   67    6   62    1518.88006589    0.00014142    2   C-     3
    0    1    0   55    4   52    1518.88284893    0.00010000    4   B-    10
    0    2    0   35    7   29    1518.96542594    0.00009994    6   B+    26
    0    2    0   29   11   19    1519.22600022    0.00010000    4   B-    34
    0    2    0   39    2   38    1519.40369522    0.00014142    2   B-    21
    0    2    0   36    6   30    1520.04103446    0.00009166    5   B+    27
    0    0    1   23    0   23    1520.78990204    0.00014889    3   B-    36
    0    2    0   40    0   40    1520.88068390    0.00011547    3   B-    23
    0    0    1   16    7   10    1520.89875159    0.00011547    3   B-    37
    1    0    0   20   12    8    1521.62392439    0.00011149    4   B-    39
    1    0    0   25   10   16    1521.62658668    0.00008628    6   B+    33
    0    2    0   31   10   22    1521.70525309    0.00009198    5   B+    30
    0    0    1   18    6   13    1521.72389680    0.00015910    3   B-    34
    0    0    1   10    9    2    1522.13792928    0.00011547    3   B-    29
    0    2    0   34    8   26    1522.45733615    0.00009203    5   B+    30
    0    2    0   27   12   16    1522.70901277    0.00011547    3   B-    33
    1    0    0   34    1   33    1522.76807648    0.00010000    4   B-    28
    0    1    0   47   13   35    1523.31129403    0.00009150    6   B+    18
    1    0    0   27    9   19    1523.69494263    0.00009564    6   B+    36
    1    0    0   31    6   26    1524.19112798    0.00008934    6   B+    31
    0    2    0   37    5   33    1524.93547398    0.00008944    5   B+    25
    1    0    0   35    1   35    1525.08113415    0.00011547    3   B-    27
    0    1    0   54    5   49    1525.33853568    0.00013364    4   B-    12
    1    0    0   23   11   13    1525.39827251    0.00009161    6   B+    37
    1    0    0   30    7   23    1525.85982707    0.00009050    6   B+    33
    0    0    1   14    8    7    1525.92481111    0.00011547    3   B-    32
    0    1    0   42   16   26    1525.96744067    0.00035498    2   B-    22
    0    1    0   32   20   12    1526.03577668    0.00014142    2   B-    33
    0    1    0   56    2   54    1526.10370164    0.00010000    4   B-    11
    0    1    0   35   19   17    1526.67528359    0.00014142    2   B-    28
    1    0    0   17   13    5    1526.79008172    0.00012970    4   B-    37
    1    0    0   32    5   27    1527.25938337    0.00009409    6   B+    32
    0    0    1   21    4   17    1527.34381350    0.00011547    3   B-    38
    0    1    0   40   17   23    1528.18910275    0.00014142    2   B-    21
    0    0    1   20    5   16    1528.47050403    0.00021595    2   B-    40
    0    0    1   11    9    2    1529.13204958    0.00014142    2   B-    25
    0    0    1   22    3   20    1529.32400042    0.00019144    3   B-    39
    0    1    0   44   15   29    1529.48632236    0.00014142    2   B-    20
    0    2    0   38    3   35    1529.86715103    0.00010000    4   B-    24
    0    2    0   18   15    3    1530.19664284    0.00010294    4   B-    35
    0    2    0   33    9   25    1530.21151975    0.00011534    4   B-    30
    0    1    0   57    2   56    1530.36841867    0.00008165    6   B+     9
    0    0    0   66    8   58    1531.19368794    0.00011547    3   C-     5
    1    0    0   29    8   22    1531.66177674    0.00008441    6   B+    32
    0    0    1   17    7   10    1531.71640471    0.00013046    3   B-    33
    0    1    0   58    0   58    1531.91484702    0.00009203    5   B+    10
    0    2    0   25   13   13    1532.10580414    0.00010000    4   B-    36
    0    0    1   23    1   22    1532.24532551    0.00014142    2   B-    34
    0    0    0   64   11   53    1532.29764952    0.00014142    2   C-     6
    1    0    0   33    4   30    1532.53976368    0.00008499    6   B+    28
    0    0    0   68    4   64    1532.60587445    0.00014142    2   C-     3
    0    2    0   22   14    8    1532.70302741    0.00012326    3   B-    40
    0    1    0   51   10   42    1533.72661126    0.00009969    5   B+    15
    0    0    1   19    6   13    1533.82652761    0.00015733    3   B-    37
    0    1    0   29   21    9    1534.15381522    0.00014142    2   B-    35
    0    1    0   25   22    4    1534.35555979    0.00020000    1   C-    34
    1    0    0   21   12   10    1534.96810513    0.00009698    5   B+    35
    0    0    1   24    1   24    1535.10949382    0.00013598    3   B-    39
    0    1    0   52    9   43    1535.45164187    0.00010000    4   B-    15
    0    0    1   15    8    7    1535.46476807    0.00012674    3   B-    36
    0    1    0   38   18   20    1536.10730085    0.00011547    3   B-    25
    0    1    0   50   11   39    1536.33867326    0.00010000    4   B-    16
    0    0    1   12    9    4    1536.76238458    0.00017830    2   B-    33
    1    0    0   26   10   16    1538.15318275    0.00009977    5   B+    38
    1    0    0   18   13    5    1538.22903020    0.00010558    4   B-    36
    0    2    0   30   11   19    1538.36465768    0.00010000    4   B-    34
    1    0    0   34    2   32    1538.51870205    0.00010000    4   B-    31
    0    1    0   54    6   48    1538.70742999    0.00010000    4   B-    14
    0    1    0   46   14   32    1538.79918044    0.00014142    2   B-    20
    0    2    0   39    3   37    1539.34576231    0.00010000    4   B-    24
    0    0    1   23    2   21    1540.15288597    0.00011248    4   B-    38
    0    0    0   65   10   56    1540.42597443    0.00014142    2   C-     5
    0    2    0   38    4   34    1540.48547913    0.00011547    3   B-    26
    0    2    0   28   12   16    1540.56878448    0.00010000    4   B-    38
    1    0    0   24   11   13    1540.64991088    0.00008944    5   B+    36
    1    0    0   14   14    0    1540.86504364    0.00014142    2   B-    36
    0    0    1   22    4   19    1541.21045047    0.00016183    4   B-    37
    1    0    0   28    9   19    1541.50244126    0.00008944    5   B+    36
    0    1    0   53    8   46    1541.65720837    0.00008944    5   B+    13
    0    0    1   21    5   16    1541.88830189    0.00013525    4   B-    36
    0    2    0   36    7   29    1542.04928277    0.00008944    5   B+    26
    0    2    0   32   10   22    1542.12872832    0.00010000    4   B-    34
    0    2    0   19   15    5    1542.32053427    0.00010000    4   B-    38
    0    0    0   69    4   66    1543.11723696    0.00011547    3   C-     2
    0    1    0   49   12   38    1543.11957403    0.00009912    5   B+    16
    0    0    1   18    7   12    1543.17207010    0.00014142    2   B-    39
    0    1    0   55    5   51    1543.30368361    0.00010375    5   B+    12
    0    2    0   40    1   39    1543.62875308    0.00010572    4   B-    22
    0    2    0   37    6   32    1543.64012061    0.00010572    4   B-    24
    1    0    0   35    2   34    1544.08519983    0.00011068    4   B-    26
    1    0    0   32    6   26    1544.69262437    0.00008522    6   B+    35
    0    2    0   35    8   28    1544.84158226    0.00010089    5   B+    27
    0    0    0   67    7   61    1544.98795945    0.00014142    2   C-     4
    0    0    1   13    9    4    1545.02928883    0.00011547    3   B-    29
    0    2    0   41    1   41    1545.08526027    0.00014142    2   B-    21
    1    0    0   31    7   25    1545.62403151    0.00009076    6   B+    33
    0    0    1   16    8    9    1545.64201895    0.00012948    3   B-    35
    1    0    0   36    0   36    1546.34185747    0.00011547    3   B-    29
    0    0    1   20    6   15    1546.57058239    0.00013450    3   B-    36
    0    0    1   23    3   20    1546.57539942    0.00014142    2   B-    35
    0    1    0   33   20   14    1547.13357982    0.00011547    3   B-    29
    0    2    0   23   14   10    1547.37595829    0.00010925    4   B-    36
    0    0    1   24    2   23    1547.70426587    0.00016586    3   B-    37
    1    0    0   33    5   29    1547.81871740    0.00013987    4   B-    32
    0    2    0   26   13   13    1548.69011165    0.00011547    3   B-    36
    1    0    0   22   12   10    1548.94834143    0.00008590    6   B+    41
    0    1    0   36   19   17    1549.68041259    0.00014142    2   B-    27
    0    0    1   25    0   25    1549.96815619    0.00014142    2   B-    37
    1    0    0   34    3   31    1550.08043100    0.00010767    4   B-    29
    1    0    0   19   13    7    1550.30334998    0.00010000    4   B-    39
    1    0    0   15   14    2    1550.39919952    0.00012036    3   B-    32
    1    0    0   30    8   22    1550.76089583    0.00009822    5   B+    36
    0    1    0   26   22    4    1550.99605710    0.00020000    1   C-    39
    0    2    0   38    5   33    1551.68009554    0.00009306    5   B+    25
    0    2    0   34    9   25    1551.92940896    0.00009930    5   B+    30
    0    1    0   30   21    9    1553.34303511    0.00014142    2   B-    35
    0    0    1   10   10    1    1553.38531434    0.00014142    2   B-    25
    0    1    0   43   16   28    1553.42191209    0.00010000    4   B-    20
    0    1    0   56    3   53    1553.60455922    0.00010898    4   B-    11
    0    0    1   14    9    6    1553.93252804    0.00011547    3   B-    37
    0    1    0   48   13   35    1553.96754563    0.00013397    4   B-    18
    0    0    0   66    9   57    1553.99273309    0.00014142    2   C-     5
    0    1    0   41   17   25    1554.37207069    0.00014142    2   B-    22
    0    1    0   54    7   47    1554.45941237    0.00007749    8   B+    14
    0    2    0   20   15    5    1555.08270218    0.00011547    3   B-    37
    0    0    1   19    7   12    1555.26650763    0.00011547    3   B-    35
    1    0    0   27   10   18    1555.31712975    0.00010352    5   B+    34
    0    0    1   22    5   18    1555.92676787    0.00014142    2   B-    42
    0    0    1   23    4   19    1556.31631720    0.00011547    3   B-    39
    0    0    1   17    8    9    1556.45684059    0.00011547    3   B-    38
    1    0    0   25   11   15    1556.53800325    0.00008826    6   B+    38
    0    2    0   39    4   36    1557.22537780    0.00010967    4   B-    22
    0    0    0   72    0   72    1557.32941319    0.00014142    2   C-     1
    0    2    0   31   11   21    1558.14275449    0.00011547    3   B-    34
    0    1    0   45   15   31    1558.21654316    0.00014142    2   B-    20
    1    0    0   34    4   30    1558.87657325    0.00010093    6   B+    32
    0    2    0   29   12   18    1559.06737208    0.00010306    4   B-    34
    0    0    1   24    3   22    1559.14505077    0.00023949    4   B-    40
    1    0    0   29    9   21    1559.94860271    0.00008669    6   B+    36
    0    0    1   21    6   15    1559.95538601    0.00014142    2   B-    39
    0    0    1   11   10    1    1560.38064756    0.00011547    3   B-    30
    1    0    0   16   14    2    1560.56912578    0.00011056    4   B-    38
    0    1    0   57    3   55    1560.85604252    0.00008944    5   B+    11
    0    2    0   16   16    0    1560.92397141    0.00014142    2   B-    39
    0    1    0   39   18   22    1561.01993790    0.00014142    2   B-    23
    1    0    0   35    3   33    1561.03668949    0.00008460    6   B+    29
    0    2    0   24   14   10    1562.68665755    0.00012268    4   B-    41
    0    0    1   25    1   24    1562.73177310    0.00017344    3   B-    35
    1    0    0   20   13    7    1563.01374906    0.00010629    5   B+    38
    0    2    0   33   10   24    1563.19278850    0.00008944    5   B+    30
    0    0    1   15    9    6    1563.47241068    0.00014142    2   B-    33
    1    0    0   23   12   12    1563.56425465    0.00010514    5   B+    37
    0    2    0   40    2   38    1563.98331245    0.00014142    2   B-    24
    0    1    0   58    1   57    1565.09534138    0.00009173    5   B+     9
    0    0    1   26    1   26    1565.44240037    0.00011547    3   B-    40
    0    1    0   55    6   50    1565.64502431    0.00012910    4   B-    12
    1    0    0   33    6   28    1565.74296413    0.00008830    6   B+    31
    0    2    0   37    7   31    1565.75710646    0.00008944    5   B+    26
    1    0    0   36    1   35    1565.90837534    0.00010000    4   B-    28
    0    2    0   27   13   15    1565.91269577    0.00010958    4   B-    37
    1    0    0   32    7   25    1566.03590621    0.00008598    6   B+    33
    0    1    0   59    1   59    1566.62360786    0.00010000    4   B-     9
    0    1    0   52   10   42    1567.03191981    0.00008944    5   B+    17
    0    2    0   36    8   28    1567.87201423    0.00011094    5   B+    30
    0    0    1   18    8   11    1567.90892964    0.00020000    1   C-    37
    0    0    1   20    7   14    1567.99986304    0.00014489    3   B-    41
    0    0    1   12   10    3    1568.01202984    0.00011547    3   B-    29
    1    0    0   37    1   37    1568.18528169    0.00014142    2   B-    27
    0    1    0   27   22    6    1568.27549608    0.00020000    1   C-    35
    0    2    0   38    6   32    1568.38822957    0.00008944    5   B+    27
    0    2    0   41    2   40    1568.45732336    0.00010000    4   B-    21
    0    2    0   21   15    7    1568.48279133    0.00011547    3   B-    40
    0    1    0   47   14   34    1568.80894934    0.00009596    5   B+    18
    0    1    0   34   20   14    1568.86974968    0.00014142    2   B-    33
    0    1    0   51   11   41    1568.95810476    0.00008944    5   B+    16
    0    1    0   53    9   45    1569.45206176    0.00008601    7   B+    15
    0    2    0   42    0   42    1569.87105565    0.00014277    3   B-    23
    0    0    0   67    8   60    1570.01029109    0.00014142    2   C-     4
    1    0    0   31    8   24    1570.50062566    0.00010541    5   B+    32
    1    0    0   34    5   29    1570.55516807    0.00010622    5   B+    32
    0    0    1   23    5   18    1570.65042244    0.00014977    3   B-    38
    0    0    1   24    4   21    1571.27243681    0.00013196    4   B-    38
    1    0    0   17   14    4    1571.37465784    0.00010000    4   B-    34
    0    0    0   58   17   41    1571.46774687    0.00020000    1   C-    10
    0    2    0   17   16    2    1571.77548004    0.00014142    2   B-    35
    0    0    1   25    2   23    1571.99570695    0.00013419    3   B-    39
    1    0    0   26   11   15    1573.06265570    0.00010367    5   B+    37
    1    0    0   28   10   18    1573.11827765    0.00008537    6   B+    39
    0    1    0   31   21   11    1573.17128949    0.00014142    2   C-    35
    0    1    0   37   19   19    1573.32378401    0.00011547    3   B-    28
    0    0    1   16    9    8    1573.64899679    0.00020000    1   C-    40
    0    0    0   65   11   55    1573.96957194    0.00014142    2   C-     6
    0    0    1   22    6   17    1573.98218646    0.00014135    3   B-    38
    0    2    0   35    9   27    1574.29005377    0.00010143    5   B+    30
    0    2    0   39    5   35    1574.38699024    0.00010000    4   B-    25
    0    1    0   50   12   38    1575.07162554    0.00011547    3   B-    18
    0    0    0   69    5   65    1575.58084473    0.00011547    3   C-     3
    0    0    1   13   10    3    1576.27959727    0.00011547    3   B-    34
    1    0    0   21   13    9    1576.35982280    0.00010810    4   B-    41
    1    0    0   35    4   32    1576.41980037    0.00010064    5   B+    28
    0    1    0   23   23    1    1576.53063608    0.00020000    1   C-    40
    0    1    0   54    8   46    1576.72423591    0.00008467    7   B+    15
    0    1    0   56    4   52    1578.04844258    0.00009510    5   B+    13
    0    2    0   30   12   18    1578.20452895    0.00011207    4   B-    38
    0    2    0   32   11   21    1578.56059678    0.00009138    5   B+    34
    0    2    0   25   14   12    1578.63555463    0.00011055    4   B-    36
    0    0    1   25    3   22    1578.77421560    0.00013443    3   B-    37
    1    0    0   24   12   12    1578.81619388    0.00010000    4   B-    42
    1    0    0   30    9   21    1579.03341688    0.00010000    4   B-    36
    0    0    1   26    2   25    1579.15497331    0.00013227    3   B-    38
    0    0    1   19    8   11    1579.99859461    0.00014142    2   B-    40
    0    2    0   40    3   37    1580.71912794    0.00010000    4   B-    24
    0    1    0   42   17   25    1581.19280259    0.00014142    2   B-    21
    0    0    1   21    7   14    1581.37269320    0.00016052    3   B-    37
    0    0    0   61   15   47    1581.45995474    0.00014142    2   C-     8
    0    0    1   27    0   27    1581.47410651    0.00011547    3   B-    38
    0    1    0   44   16   28    1581.51489350    0.00014142    2   B-    22
    0    2    0   22   15    7    1582.52072238    0.00010000    4   B-    39
    1    0    0   18   14    4    1582.81609806    0.00010889    4   B-    40
    0    0    0   66   10   56    1582.94242773    0.00014142    2   C-     6
    1    0    0   36    2   34    1583.00692782    0.00013373    3   B-    31
    0    2    0   18   16    2    1583.26462368    0.00020000    1   C-    41
    0    2    0   28   13   15    1583.77356540    0.00011547    3   B-    37
    0    0    1   17    9    8    1584.46269235    0.00013405    3   B-    36
    0    2    0   34   10   24    1584.89753096    0.00010162    5   B+    34
    0    0    1   14   10    5    1585.18383560    0.00011547    3   B-    33
    0    1    0   49   13   37    1585.26421583    0.00014484    4   B-    18
    0    0    0   68    6   62    1585.64402170    0.00014142    2   C-     4
    0    0    1   24    5   20    1585.96437601    0.00012008    4   B-    43
    0    0    0   70    3   67    1586.02569350    0.00014142    2   C-     2
    0    1    0   28   22    6    1586.19440513    0.00014142    2   B-    40
    0    1    0   40   18   22    1586.57053219    0.00014142    2   B-    25
    1    0    0   33    7   27    1587.08719016    0.00009787    5   B+    33
    0    1    0   46   15   31    1587.58512504    0.00014142    2   B-    20
    1    0    0   34    6   28    1587.58851493    0.00009343    6   B+    35
    0    1    0   55    7   49    1587.68895875    0.00011409    5   B+    14
    0    0    1   25    4   21    1587.98627861    0.00013400    3   B-    40
    1    0    0   37    2   36    1588.36950136    0.00010295    4   B-    26
    0    0    1   23    6   17    1588.65229366    0.00014142    2   B-    41
    0    1    0   57    4   54    1589.02106487    0.00011547    3   B-    10
    0    2    0   41    3   39    1589.61725954    0.00010000    4   B-    24
    0    2    0   38    7   31    1590.15355441    0.00008944    5   B+    26
    1    0    0   27   11   17    1590.22373846    0.00008944    5   B+    39
    1    0    0   22   13    9    1590.34147864    0.00010000    4   B-    40
    1    0    0   38    0   38    1590.60854364    0.00011547    3   B-    29
    1    0    0   32    8   24    1590.88125513    0.00009628    5   B+    36
    0    1    0   35   20   16    1591.24416865    0.00011547    3   B-    29
    0    0    1   26    3   24    1591.43048515    0.00017645    3   B-    41
    0    2    0   37    8   30    1591.54655426    0.00009681    5   B+    27
    1    0    0   29   10   20    1591.55693144    0.00009077    6   B+    35
    0    1    0   24   23    1    1591.89908552    0.00020000    1   C-    39
    1    0    0   35    5   31    1591.99881035    0.00008944    5   B+    32
    0    2    0   40    4   36    1592.53835045    0.00014142    2   B-    26
    0    0    1   20    8   13    1592.72685861    0.00017285    2   B-    39
    0    2    0   39    6   34    1593.14452441    0.00008944    5   B+    24
    0    0    0   71    3   69    1593.46782899    0.00014142    2   C-     2
    0    1    0   32   21   11    1593.63803551    0.00014142    2   B-    35
    0    2    0   42    1   41    1593.84952853    0.00010000    4   B-    22
    1    0    0   25   12   14    1594.70430937    0.00008286    6   B+    38
    0    0    1   15   10    5    1594.72427204    0.00014142    2   B-    37
    0    0    1   11   11    0    1594.85254936    0.00030237    2   B-    27
    1    0    0   19   14    6    1594.89300749    0.00012264    4   B-    36
    0    2    0   26   14   12    1595.22251174    0.00010240    4   B-    42
    0    2    0   43    1   43    1595.23895782    0.00014142    2   B-    21
    0    0    1   22    7   16    1595.38542890    0.00029154    2   B-    43
    0    2    0   19   16    4    1595.39233931    0.00011547    3   B-    37
    0    0    1   27    1   26    1595.50978440    0.00013528    3   B-    36
    0    0    1   18    9   10    1595.91340282    0.00011547    3   B-    42
    1    0    0   36    3   33    1596.11883185    0.00011547    3   B-    29
    0    1    0   58    2   56    1596.18257972    0.00008944    5   B+    11
    0    0    0   67    9   59    1596.36202204    0.00020000    1   C-     5
    0    2    0   23   15    9    1597.19717469    0.00010000    4   B-    42
    0    2    0   36    9   27    1597.29318182    0.00011952    4   B-    30
    0    1    0   38   19   19    1597.60513665    0.00014142    2   B-    27
    0    1    0   56    5   51    1597.61243136    0.00009752    5   B+    12
    0    2    0   31   12   20    1597.98054134    0.00010000    4   B-    34
    0    0    1   28    1   28    1598.10654727    0.00012131    3   B-    41
    1    0    0   15   15    1    1598.15472740    0.00014142    2   B-    38
    1    0    0   31    9   23    1598.75704196    0.00008165    6   B+    36
    0    1    0   48   14   34    1599.45776200    0.00014142    2   B-    20
    0    2    0   33   11   23    1599.61775214    0.00010429    5   B+    34
    0    0    0   73    1   73    1600.21762336    0.00014142    2   C-     1
    0    1    0   59    2   58    1600.40222433    0.00011547    3   B-     9
    0    1    0   53   10   44    1600.98210093    0.00012813    3   B-    15
    0    1    0   60    0   60    1601.91264070    0.00010000    4   B-    10
    0    0    1   25    5   20    1602.01326587    0.00013048    3   B-    39
    0    1    0   52   11   41    1602.22087899    0.00012235    3   B-    16
    0    2    0   29   13   17    1602.27306013    0.00012196    3   B-    37
    0    0    1   12   11    2    1602.48521927    0.00015367    3   B-    35
    0    2    0   40    5   35    1603.47989358    0.00011547    3   B-    25
    0    0    0   68    7   61    1603.57228331    0.00014142    2   C-     4
    0    0    1   26    4   23    1603.89550993    0.00015660    3   B-    39
    0    0    1   24    6   19    1603.96407617    0.00032517    2   B-    40
    0    1    0   54    9   45    1604.14865598    0.00008484    6   B+    15
    0    1    0   29   22    8    1604.75235183    0.00014142    2   B-    36
    0    0    1   16   10    7    1604.90121605    0.00014142    2   B-    36
    1    0    0   23   13   11    1604.95919516    0.00011547    3   B-    43
    0    0    0   69    6   64    1605.38180589    0.00014142    2   C-     3
    1    0    0   36    4   32    1605.52215662    0.00009806    5   B+    32
    0    0    1   21    8   13    1606.09326325    0.00011547    3   B-    42
    0    0    1   27    2   25    1606.22203834    0.00015471    3   B-    40
    1    0    0   37    3   35    1606.46455189    0.00010758    4   B-    29
    0    2    0   35   10   26    1607.24278614    0.00014116    5   B+    30
    1    0    0   20   14    6    1607.60570493    0.00010511    4   B-    42
    0    1    0   51   12   40    1607.66488805    0.00011547    3   B-    16
    0    1    0   25   23    3    1607.90711975    0.00020000    1   C-    41
    0    0    1   19    9   10    1608.00134662    0.00011547    3   B-    38
    1    0    0   28   11   17    1608.02165280    0.00010072    5   B+    38
    0    2    0   20   16    4    1608.15806740    0.00011547    3   B-    43
    1    0    0   16   15    1    1608.32742521    0.00013349    4   B-    37
    0    2    0   41    4   38    1608.56898525    0.00010382    5   B+    22
    0    1    0   43   17   27    1608.65124019    0.00014142    2   B-    22
    1    0    0   34    7   27    1608.79233174    0.00010856    5   B+    33
    1    0    0   35    6   30    1609.88666171    0.00009942    6   B+    31
    0    0    1   23    7   16    1610.03860072    0.00011547    3   B-    39
    0    1    0   45   16   30    1610.24600017    0.00014142    2   B-    20
    1    0    0   30   10   20    1610.63342880    0.00011230    6   B+    39
    0    0    1   13   11    2    1610.75441488    0.00011547    3   B-    31
    1    0    0   26   12   14    1611.22866007    0.00011669    5   B+    43
    1    0    0   38    1   37    1611.36706889    0.00010000    4   B-    28
    0    1    0   55    8   48    1611.81680596    0.00016072    3   B-    13
    0    1    0   56    6   50    1611.89732508    0.00015898    3   B-    14
    1    0    0   33    8   26    1611.90368151    0.00010731    5   B+    32
    0    2    0   27   14   14    1612.44757245    0.00011113    4   B-    37
    0    2    0   24   15    9    1612.51136976    0.00011547    3   B-    41
    0    1    0   41   18   24    1612.75882768    0.00014142    2   B-    23
    0    0    1   28    2   27    1612.96027327    0.00027277    3   B-    39
    1    0    0   39    1   39    1613.61361121    0.00014142    2   B-    26
    0    0    1   27    3   24    1613.63681902    0.00016393    4   B-    38
    0    1    0   36   20   16    1614.25669448    0.00011547    3   B-    33
    0    1    0   57    5   53    1614.63965041    0.00011007    4   B-    12
    0    1    0   33   21   13    1614.74382707    0.00017782    2   B-    35
    0    2    0   39    7   33    1615.14828631    0.00010932    4   B-    27
    0    0    1   29    0   29    1615.30791962    0.00016144    3   B-    38
    0    2    0   42    2   40    1615.49963295    0.00010000    4   B-    24
    0    0    1   17   10    7    1615.71510718    0.00011547    3   B-    39
    0    2    0   38    8   30    1615.87022305    0.00012328    4   B-    30
    0    0    0   66   11   55    1616.30529951    0.00018452    3   C-     6
    1    0    0   36    5   31    1616.60509262    0.00010525    5   B+    32
    0    1    0   50   13   37    1617.20050186    0.00014142    2   B-    18
    0    1    0   47   15   33    1617.59166094    0.00017342    4   B-    20
    0    2    0   32   12   20    1618.39529964    0.00011547    3   B-    38
    0    0    1   26    5   22    1618.58630285    0.00014435    3   B-    44
    0    0    0   70    4   66    1619.06901445    0.00014142    2   C-     3
    1    0    0   32    9   23    1619.12023356    0.00009698    5   B+    36
    1    0    0   17   15    3    1619.13571229    0.00017767    3   B-    40
    0    2    0   40    6   34    1619.42855352    0.00010608    4   B-    27
    0    0    1   14   11    4    1619.65956125    0.00014142    2   B-    39
    0    0    0   68    8   60    1619.70098794    0.00014142    2   C-     5
    0    2    0   43    2   42    1619.83585942    0.00010533    4   B-    21
    0    0    1   25    6   19    1619.92334668    0.00015296    3   B-    42
    0    0    1   22    8   15    1620.09798478    0.00011547    3   B-    41
    1    0    0   24   13   11    1620.21218701    0.00011864    4   B-    42
    0    0    1   20    9   12    1620.72661942    0.00011547    3   B-    44
    0    2    0   37    9   29    1620.94008373    0.00009537    5   B+    30
    1    0    0   21   14    8    1620.95407541    0.00009970    5   B+    38
    0    2    0   44    0   44    1621.18716939    0.00011547    3   B-    23
    0    2    0   34   11   23    1621.31437826    0.00011547    3   B-    34
    0    2    0   30   13   17    1621.41046384    0.00011547    3   B-    37
    0    2    0   21   16    6    1621.56224485    0.00011547    3   B-    39
    0    0    1   27    4   23    1622.38854712    0.00015270    4   B-    41
    0    1    0   39   19   21    1622.52451952    0.00014142    2   B-    28
    1    0    0   37    4   34    1622.74750199    0.00009828    5   B+    28
    0    1    0   30   22    8    1623.94945102    0.00014142    2   B-    40
    0    1    0   26   23    3    1624.55488023    0.00020000    1   C-    40
    0    1    0   58    3   55    1624.92430962    0.00010000    4   B-    11
    0    0    1   24    7   18    1625.33238243    0.00020137    2   B-    44
    0    0    0   67   10   58    1625.91734443    0.00020000    1   C-     5
    0    0    1   28    3   26    1626.15660481    0.00014142    2   B-    42
    0    2    0   41    5   37    1626.36428949    0.00011558    4   B-    25
    1    0    0   29   11   19    1626.45637102    0.00008944    5   B+    39
    0    1    0   56    7   49    1626.97682833    0.00012201    3   B-    14
    0    0    1   18   10    9    1627.16566356    0.00014142    2   B-    38
    0    2    0   17   17    1    1628.07116429    0.00014142    2   B-    41
    1    0    0   27   12   16    1628.38897503    0.00009919    6   B+    39
    0    2    0   25   15   11    1628.46382619    0.00011547    3   B-    43
    0    0    1   15   11    4    1629.20138574    0.00011547    3   B-    35
    0    0    0   71    4   68    1629.51822696    0.00014142    2   C-     2
    1    0    0   38    2   36    1629.76983013    0.00010000    4   B-    31
    0    2    0   36   10   26    1630.23024983    0.00008944    5   B+    34
    0    2    0   28   14   14    1630.31069275    0.00010000    4   B-    43
    1    0    0   31   10   22    1630.34745209    0.00010000    4   B-    35
    1    0    0   18   15    3    1630.57939317    0.00013616    3   B-    39
    0    0    1   29    1   28    1630.58674967    0.00011547    3   B-    37
    0    1    0   49   14   36    1630.74519497    0.00011547    3   B-    18
    1    0    0   35    7   29    1631.13117706    0.00009486    6   B+    33
    0    1    0   59    3   57    1632.09329352    0.00010265    4   B-    11
    0    0    0   69    7   63    1632.55145945    0.00014142    2   C-     4
    0    0    1   30    1   30    1633.10227427    0.00016866    3   B-    41
    1    0    0   36    6   30    1633.11689399    0.00011165    5   B+    35
    1    0    0   34    8   26    1633.56848551    0.00011043    6   B+    36
    0    2    0   42    3   39    1633.81673262    0.00010000    4   B-    24
    0    0    1   21    9   12    1634.08952258    0.00011547    3   B-    40
    0    0    1   23    8   15    1634.74176317    0.00011547    3   B-    44
    1    0    0   22   14    8    1634.93827296    0.00010862    4   B-    44
    1    0    0   39    2   38    1634.97867581    0.00012045    4   B-    26
    0    1    0   54   10   44    1635.58221461    0.00011547    3   B-    17
    0    2    0   22   16    6    1635.60443950    0.00014142    2   B-    45
    0    0    1   27    5   22    1635.99492906    0.00013499    3   B-    40
    1    0    0   25   13   13    1636.10143595    0.00017159    4   B-    44
    0    1    0   53   11   43    1636.12740884    0.00008944    5   B+    16
    0    1    0   34   21   13    1636.48761512    0.00015792    2   B-    35
    0    0    1   26    6   21    1636.52077505    0.00013447    3   B-    41
    0    1    0   44   17   27    1636.74742902    0.00018567    2   B-    21
    1    0    0   40    0   40    1637.19924658    0.00011547    3   B-    29
    0    1    0   61    1   61    1637.78130068    0.00011547    3   B-     9
    0    1    0   37   20   18    1637.90750976    0.00014142    2   B-    29
    0    1    0   57    6   52    1637.95074210    0.00014142    2   B-    12
    1    0    0   37    5   33    1638.73247229    0.00009121    5   B+    32
    0    0    1   28    4   25    1639.06451948    0.00016301    3   B-    40
    0    0    1   19   10    9    1639.25305276    0.00011547    3   B-    41
    0    0    1   16   11    6    1639.37967748    0.00011547    3   B-    42
    0    1    0   55    9   47    1639.43722156    0.00014142    2   B-    15
    0    2    0   33   12   22    1639.44893281    0.00011547    3   B-    34
    0    2    0   18   17    1    1639.56474212    0.00014142    2   B-    40
    0    1    0   42   18   24    1639.58473256    0.00014142    2   B-    25
    0    1    0   46   16   30    1639.61465311    0.00014142    2   B-    22
    1    0    0   33    9   25    1640.12279788    0.00008527    6   B+    36
    0    0    1   12   12    1    1640.16310310    0.00014142    2   B-    33
    0    2    0   39    8   32    1640.83701073    0.00012924    4   B-    27
    0    2    0   40    7   33    1640.87205093    0.00013423    4   B-    26
    0    1    0   52   12   40    1640.89945453    0.00012799    4   B-    18
    0    2    0   31   13   19    1641.18641224    0.00010000    4   B-    37
    0    0    1   25    7   18    1641.26720100    0.00014142    2   B-    40
    0    0    0   68    9   59    1641.42269309    0.00014142    2   C-     5
    0    1    0   27   23    5    1641.84204224    0.00020000    1   C-    42
    0    2    0   43    3   41    1642.22227723    0.00011547    3   B-    24
    1    0    0   19   15    5    1642.65938857    0.00011547    3   B-    42
    0    0    1   29    2   27    1642.77561318    0.00011344    4   B-    41
    0    2    0   35   11   25    1643.65110195    0.00008511    6   B+    34
    0    0    0   74    0   74    1643.68355319    0.00014142    2   C-     1
    0    1    0   31   22   10    1643.78559266    0.00014142    2   B-    36
    1    0    0   38    3   35    1644.46800354    0.00012973    4   B-    29
    0    2    0   26   15   11    1645.05428602    0.00011547    3   B-    42
    0    2    0   38    9   29    1645.23019946    0.00011605    4   B-    30
    0    2    0   41    6   36    1645.24723061    0.00008944    5   B+    24
    1    0    0   30   11   19    1645.52776343    0.00010000    4   B-    38
    1    0    0   28   12   16    1646.18559053    0.00008944    5   B+    44
    0    2    0   44    1   43    1646.39312376    0.00011547    3   B-    22
    0    2    0   42    4   38    1647.08612722    0.00015596    3   B-    26
    0    2    0   45    1   45    1647.71675085    0.00020000    1   C-    21
    0    1    0   40   19   21    1648.08161699    0.00014142    2   B-    27
    0    0    1   22    9   14    1648.08996498    0.00014142    2   B-    46
    0    1    0   48   15   33    1648.23663138    0.00014142    2   B-    20
    0    1    0   56    8   48    1648.39780509    0.00014142    2   B-    15
    0    0    1   13   12    1    1648.43437498    0.00057241    2   B-    38
    0    2    0   29   14   16    1648.81193777    0.00012755    3   B-    38
    0    0    1   30    2   29    1649.11245547    0.00010000    4   B-    39
    1    0    0   23   14   10    1649.55794209    0.00010511    4   B-    40
    0    1    0   51   13   39    1649.77688851    0.00012049    3   B-    18
    0    0    1   24    8   17    1650.02481252    0.00013600    3   B-    43
    0    0    1   17   11    6    1650.19452331    0.00014142    2   B-    38
    0    2    0   23   16    8    1650.28491334    0.00012665    3   B-    41
    1    0    0   32   10   22    1650.69958649    0.00011039    4   B-    39
    0    1    0   58    4   54    1650.76532319    0.00010000    4   B-    13
    0    0    1   29    3   26    1651.10638232    0.00010638    4   B-    39
    0    0    1   31    0   31    1651.47042099    0.00014142    2   B-    38
    0    2    0   19   17    3    1651.69645974    0.00020000    1   C-    43
    0    0    1   20   10   11    1651.97773773    0.00012608    3   B-    40
    1    0    0   26   13   13    1652.62686209    0.00011674    4   B-    43
    0    0    1   27    6   21    1653.77437737    0.00015024    3   B-    43
    0    0    1   28    5   24    1653.79655978    0.00010281    4   B-    45
    0    2    0   37   10   28    1653.85868845    0.00012820    4   B-    30
    1    0    0   36    7   29    1654.13583514    0.00009226    6   B+    33
    1    0    0   39    3   37    1654.23728474    0.00011721    4   B-    29
    1    0    0   38    4   34    1654.78877382    0.00010000    4   B-    32
    1    0    0   20   15    5    1655.37519837    0.00010000    4   B-    41
    1    0    0   35    8   28    1655.87516878    0.00011244    5   B+    32
    1    0    0   37    6   32    1656.62352336    0.00011537    5   B+    31
    0    0    1   14   12    3    1657.34098010    0.00014260    3   B-    37
    0    0    1   26    7   20    1657.84420836    0.00013659    3   B-    45
    0    2    0   42    5   37    1658.06813603    0.00013545    3   B-    25
    0    0    0   69    8   62    1658.19844110    0.00014142    2   C-     4
    0    1    0   35   21   15    1658.86967339    0.00011547    3   B-    35
    1    0    0   40    1   39    1659.14538857    0.00011547    3   B-    28
    1    0    0   16   16    0    1659.23543971    0.00014142    2   B-    44
    0    0    0   67   11   57    1659.26978194    0.00014142    2   C-     6
    0    0    1   29    4   25    1659.55029692    0.00013293    3   B-    42
    0    1    0   28   23    5    1659.76872724    0.00020000    1   C-    41
    0    1    0   57    7   51    1660.46138212    0.00010249    4   B-    14
    0    2    0   34   12   22    1661.14190070    0.00015260    3   B-    38
    0    0    0   63   15   49    1661.30057474    0.00014142    2   C-     8
    1    0    0   41    1   41    1661.36565373    0.00011547    3   B-    26
    0    1    0   59    4   56    1661.47721963    0.00012341    4   B-    10
    0    2    0   32   13   19    1661.60082858    0.00011547    3   B-    37
    0    0    1   18   11    8    1661.64590490    0.00014142    2   B-    44
    1    0    0   34    9   25    1661.76556700    0.00008165    6   B+    36
    0    1    0   38   20   18    1662.19627241    0.00019327    2   B-    33
    0    2    0   27   15   13    1662.28276446    0.00010000    4   B-    44
    0    2    0   43    4   40    1662.30078379    0.00014142    2   B-    22
    0    1    0   50   14   36    1662.67183531    0.00014142    2   B-    20
    0    0    1   23    9   14    1662.72905672    0.00013908    3   B-    42
    0    0    0   71    5   67    1663.18414472    0.00018707    3   C-     3
    0    0    1   30    3   28    1663.30270417    0.00014419    4   B-    42
    0    1    0   32   22   10    1664.26041592    0.00014142    2   B-    40
    0    2    0   20   17    3    1664.46667212    0.00020000    1   C-    42
    1    0    0   29   12   18    1664.61848289    0.00009111    6   B+    40
    1    0    0   24   14   10    1664.81379695    0.00011082    5   B+    45
    1    0    0   31   11   21    1665.23611736    0.00009667    6   B+    39
    0    0    1   21   10   11    1665.33930694    0.00011547    3   B-    43
    1    0    0   38    5   33    1665.43539922    0.00011091    5   B+    32
    0    1    0   45   17   29    1665.48124041    0.00016914    2   B-    22
    0    2    0   24   16    8    1665.60332150    0.00012198    3   B-    46
    0    0    1   25    8   17    1665.94726029    0.00011547    3   B-    45
    0    2    0   40    8   32    1666.45596104    0.00011547    3   B-    30
    0    2    0   36   11   25    1666.62780412    0.00013195    3   B-    34
    0    0    1   15   12    3    1666.88441078    0.00012637    3   B-    42
    0    1    0   43   18   26    1667.04819897    0.00014142    2   B-    23
    0    2    0   41    7   35    1667.14361656    0.00012317    3   B-    27
    0    2    0   30   14   16    1667.95160104    0.00010000    4   B-    43
    0    0    1   31    1   30    1667.97066763    0.00011059    4   B-    37
    0    1    0   60    2   58    1668.57896125    0.00011547    3   B-    11
    1    0    0   21   15    7    1668.72640710    0.00012769    4   B-    44
    0    2    0   44    2   42    1669.31861165    0.00011547    3   B-    24
    0    1    0   47   16   32    1669.62126211    0.00014142    2   B-    20
    1    0    0   27   13   15    1669.78775663    0.00011844    4   B-    45
    0    0    0   68   10   58    1669.80514773    0.00014142    2   C-     6
    1    0    0   17   16    2    1670.04676445    0.00014142    2   B-    39
    0    2    0   39    9   31    1670.16416325    0.00011776    4   B-    30
    0    0    1   32    1   32    1670.42753547    0.00030380    2   B-    41
    0    1    0   54   11   43    1670.67802902    0.00020000    1   C-    16
    0    1    0   55   10   46    1670.82494204    0.00013326    3   B-    15
    1    0    0   39    4   36    1671.49856922    0.00011131    4   B-    28
    0    0    1   28    6   23    1671.65816714    0.00020000    1   C-    42
    1    0    0   33   10   24    1671.69015002    0.00009357    5   B+    35
    0    1    0   58    5   53    1672.11968292    0.00014142    2   B-    12
    0    0    1   29    5   24    1672.61954580    0.00011547    3   B-    41
    0    1    0   61    2   60    1672.75508845    0.00011547    3   B-     9
    0    2    0   42    6   36    1673.19821009    0.00009259    5   B+    27
    0    2    0   45    2   44    1673.53829993    0.00015208    3   B-    21
    0    0    0   72    3   69    1673.58382350    0.00014142    2   C-     2
    0    0    1   19   11    8    1673.73412376    0.00011547    3   B-    40
    0    1    0   62    0   62    1674.23046837    0.00011547    3   B-    10
    0    1    0   41   19   23    1674.27599849    0.00014142    2   B-    28
    0    1    0   53   12   42    1674.77604836    0.00014142    2   B-    16
    0    2    0   46    0   46    1674.82715830    0.00014142    2   B-    23
    0    0    1   27    7   20    1675.06279201    0.00013596    3   B-    41
    0    0    0   70    6   64    1675.18129170    0.00014142    2   C-     4
    0    1    0   56    9   47    1675.46256180    0.00011547    3   B-    15
    0    0    1   30    4   27    1676.76340817    0.00013579    3   B-    41
    0    0    1   16   12    5    1677.06451126    0.00011547    3   B-    41
    1    0    0   37    7   31    1677.76030488    0.00010279    6   B+    33
    0    2    0   21   17    5    1677.87520280    0.00028437    2   B-    45
    0    0    1   24    9   16    1678.00575770    0.00012525    3   B-    48
    0    2    0   38   10   28    1678.12785999    0.00010620    4   B-    34
    0    1    0   29   23    7    1678.33495425    0.00020000    1   C-    43
    1    0    0   40    2   38    1678.81826861    0.00012640    4   B-    31
    1    0    0   36    8   28    1678.82564716    0.00011866    5   B+    36
    0    0    1   22   10   13    1679.33823633    0.00011547    3   B-    42
    0    1    0   49   15   35    1679.51973398    0.00014142    2   B-    20
    0    2    0   28   15   13    1680.14966015    0.00014177    3   B-    43
    1    0    0   25   14   12    1680.70510552    0.00010000    4   B-    41
    0    2    0   43    5   39    1680.84246640    0.00009153    5   B+    25
    0    0    0   73    3   71    1681.00189898    0.00014142    2   C-     2
    1    0    0   38    6   32    1681.30117995    0.00009244    5   B+    35
    1    0    0   18   16    2    1681.49385737    0.00010280    4   B-    46
    0    2    0   25   16   10    1681.56005886    0.00014142    2   B-    42
    0    0    1   31    2   29    1681.61611156    0.00013005    4   B-    41
    0    1    0   36   21   15    1681.89053933    0.00014142    2   B-    35
    0    0    1   26    8   19    1682.50961586    0.00013312    3   B-    44
    0    2    0   33   13   21    1682.65381266    0.00010000    4   B-    37
    1    0    0   22   15    7    1682.71349177    0.00010000    4   B-    43
    0    1    0   52   13   39    1682.99268119    0.00020000    1   C-    18
    0    2    0   35   12   24    1683.47366023    0.00011547    3   B-    34
    1    0    0   30   12   18    1683.68814733    0.00010000    4   B-    44
    1    0    0   41    2   40    1683.91166136    0.00013173    3   B-    26
    1    0    0   35    9   27    1684.04829721    0.00010249    5   B+    36
    0    1    0   57    8   50    1684.58475113    0.00010707    4   B-    13
    0    1    0   33   22   12    1685.37403787    0.00014142    2   B-    36
    1    0    0   32   11   21    1685.58215393    0.00009821    5   B+    38
    1    0    0   42    0   42    1686.11284459    0.00014142    2   B-    29
    0    0    1   20   11   10    1686.45915442    0.00011547    3   B-    46
    0    1    0   39   20   20    1687.12289361    0.00014142    2   B-    29
    1    0    0   28   13   15    1687.58537695    0.00010000    4   B-    44
    0    0    1   32    2   31    1687.60345849    0.00014142    2   B-    39
    0    1    0   58    6   52    1687.66012215    0.00014142    2   B-    14
    0    0    0   75    1   75    1687.72903336    0.00014142    2   C-     1
    0    2    0   31   14   18    1687.72917348    0.00013461    3   B-    38
    0    0    1   17   12    5    1687.88091694    0.00014142    2   B-    45
    1    0    0   39    5   35    1688.00114816    0.00009503    7   B+    32
    0    1    0   59    5   55    1688.30982186    0.00011547    3   B-    12
    0    2    0   44    3   41    1689.15209387    0.00011755    4   B-    24
    0    0    1   13   13    0    1689.29671233    0.00020772    2   B-    34
    0    0    1   33    0   33    1689.96107484    0.00014142    2   B-    38
    0    0    1   29    6   23    1690.21361325    0.00016365    2   B-    44
    0    2    0   37   11   27    1690.24462635    0.00011547    3   B-    34
    0    0    1   31    3   28    1691.12011407    0.00014556    4   B-    39
    0    0    1   30    5   26    1691.59411323    0.00015882    4   B-    45
    0    2    0   22   17    5    1691.92124017    0.00016640    2   B-    44
    0    2    0   41    8   34    1692.71660791    0.00013449    3   B-    27
    0    0    1   28    7   22    1692.92399846    0.00014142    2   B-    46
    1    0    0   34   10   24    1693.31910091    0.00008944    5   B+    39
    1    0    0   19   16    4    1693.57697680    0.00014142    2   B-    41
    0    0    1   25    9   16    1693.92130853    0.00012133    3   B-    44
    0    0    1   23   10   13    1693.97465221    0.00011547    3   B-    45
    0    0    0   71    6   66    1694.20066589    0.00014142    2   C-     3
    0    2    0   42    7   35    1694.21680889    0.00010000    4   B-    26
    0    0    0   70    7   63    1694.80055331    0.00020000    1   C-     4
    0    1    0   46   17   29    1694.85233251    0.00017692    2   B-    21
    1    0    0   40    3   37    1695.08286534    0.00010000    4   B-    29
    0    1    0   44   18   26    1695.14919715    0.00014142    2   B-    25
    0    1    0   51   14   38    1695.23696339    0.00014142    2   B-    18
    0    2    0   40    9   31    1695.74221412    0.00011547    3   B-    30
    0    2    0   45    3   43    1697.15547117    0.00010000    4   B-    24
    1    0    0   26   14   12    1697.23227191    0.00010000    4   B-    46
    1    0    0   23   15    9    1697.33629689    0.00010000    4   B-    46
    0    2    0   26   16   10    1698.15461458    0.00011547    3   B-    47
    0    0    1   14   13    2    1698.20599482    0.00011547    3   B-    43
    0    1    0   60    3   57    1698.55221038    0.00013631    3   B-    11
    0    2    0   29   15   15    1698.65402929    0.00013020    3   B-    45
    0    2    0   18   18    0    1699.06380401    0.00020000    1   C-    48
    0    0    1   18   12    7    1699.33401572    0.00011547    3   B-    44
    0    0    1   31    4   27    1699.47801153    0.00010000    4   B-    42
    0    0    1   27    8   19    1699.71221574    0.00012008    3   B-    46
    0    0    1   21   11   10    1699.82105546    0.00011547    3   B-    42
    0    2    0   43    6   38    1699.93989890    0.00009687    5   B+    24
    0    1    0   48   16   32    1700.26563769    0.00014142    2   B-    22
    0    1    0   42   19   23    1701.10811646    0.00014142    2   B-    27
    0    2    0   46    1   45    1701.25877993    0.00014432    3   B-    22
    1    0    0   38    7   31    1702.07434603    0.00010256    6   B+    33
    0    1    0   58    7   51    1702.32874347    0.00017642    2   B-    14
    1    0    0   37    8   30    1702.41846666    0.00010723    5   B+    32
    0    2    0   47    1   47    1702.51874689    0.00014142    2   B-    21
    0    0    1   32    3   30    1702.84629458    0.00014142    2   B-    42
    0    2    0   39   10   30    1703.03937640    0.00011547    3   B-    30
    1    0    0   31   12   20    1703.39403114    0.00009683    5   B+    40
    0    2    0   44    4   40    1704.04915469    0.00015684    3   B-    26
    0    2    0   34   13   21    1704.34513950    0.00011547    3   B-    37
    1    0    0   41    3   39    1704.34580855    0.00014142    2   B-    29
    0    1    0   37   21   17    1705.54950850    0.00014142    2   B-    35
    0    1    0   61    3   59    1705.64734006    0.00012461    3   B-    11
    0    1    0   55   11   45    1705.87193059    0.00011547    3   B-    16
    1    0    0   39    6   34    1705.95281219    0.00011547    3   B-    31
    1    0    0   29   13   17    1706.01805786    0.00011567    4   B-    46
    1    0    0   20   16    4    1706.29559892    0.00010874    4   B-    48
    0    2    0   36   12   24    1706.44477813    0.00010257    4   B-    38
    1    0    0   33   11   23    1706.56524684    0.00010340    4   B-    39
    1    0    0   40    4   36    1706.60632376    0.00015514    4   B-    32
    0    2    0   23   17    7    1706.60652496    0.00012193    4   B-    47
    0    1    0   56   10   46    1706.72246054    0.00016769    3   B-    17
    1    0    0   36    9   27    1706.97187766    0.00010275    5   B+    36
    0    1    0   34   22   12    1707.12635385    0.00020000    1   C-    40
    0    0    1   33    1   32    1707.66753992    0.00013566    3   B-    37
    0    0    0   72    4   68    1707.83544445    0.00014142    2   C-     3
    0    2    0   32   14   18    1708.14523222    0.00010000    4   B-    43
    1    0    0   42    1   41    1709.24362346    0.00013583    4   B-    28
    0    0    1   24   10   15    1709.24853491    0.00014142    2   B-    44
    0    1    0   54   12   42    1709.29408015    0.00014142    2   B-    18
    0    0    1   30    6   25    1709.38171826    0.00011547    3   B-    43
    0    0    1   34    1   34    1710.08083812    0.00011547    3   B-    41
    0    0    1   26    9   18    1710.47528574    0.00014142    2   B-    49
    0    0    0   70    8   62    1711.00476794    0.00014142    2   C-     5
    0    2    0   19   18    2    1711.20015759    0.00014142    2   B-    43
    0    1    0   63    1   63    1711.25869318    0.00020000    1   C-     9
    0    0    1   19   12    7    1711.42385863    0.00011547    3   B-    47
    0    0    1   29    7   22    1711.42964111    0.00011547    3   B-    42
    1    0    0   43    1   43    1711.44058299    0.00011547    3   B-    26
    0    1    0   50   15   35    1711.44117394    0.00014142    2   B-    20
    0    0    1   31    5   26    1711.91649160    0.00013875    4   B-    41
    0    1    0   57    9   49    1712.03060712    0.00011547    3   B-    15
    1    0    0   24   15    9    1712.59480164    0.00011547    3   B-    45
    0    1    0   59    6   54    1712.66614342    0.00010599    4   B-    12
    0    1    0   40   20   20    1712.68750623    0.00014142    2   B-    33
    0    0    1   22   11   12    1713.81976107    0.00011547    3   B-    48
    1    0    0   27   14   14    1714.39515939    0.00010360    4   B-    42
    0    2    0   38   11   27    1714.50175068    0.00013661    3   B-    34
    0    2    0   27   16   12    1715.38737316    0.00014142    2   B-    43
    0    2    0   44    5   39    1715.40553770    0.00010000    4   B-    25
    1    0    0   35   10   26    1715.58645498    0.00010444    6   B+    35
    0    1    0   53   13   41    1716.84890562    0.00014142    2   B-    18
    0    0    1   32    4   29    1716.97060018    0.00010000    4   B-    41
    1    0    0   40    5   35    1717.05284025    0.00013644    5   B+    32
    0    1    0   31   23    9    1717.38494949    0.00020000    1   C-    43
    0    0    1   28    8   21    1717.55529527    0.00011547    3   B-    45
    0    2    0   30   15   15    1717.79661044    0.00014142    2   B-    44
    0    0    1   16   13    4    1717.93394627    0.00011547    3   B-    47
    0    2    0   45    4   42    1718.40218499    0.00010000    4   B-    22
    0    2    0   42    8   34    1719.63593680    0.00011547    3   B-    30
    1    0    0   21   16    6    1719.65060987    0.00015060    3   B-    43
    0    2    0   43    7   37    1721.74614691    0.00009104    5   B+    27
    0    2    0   24   17    7    1721.92968752    0.00016647    2   B-    46
    0    2    0   41    9   33    1721.96474023    0.00011547    3   B-    30
    0    0    0   71    7   65    1722.48569944    0.00014142    2   C-     4
    1    0    0   41    4   38    1722.65065177    0.00012208    4   B-    28
    0    0    1   33    2   31    1722.72507594    0.00012460    4   B-    41
    0    1    0   58    8   50    1722.78961333    0.00012391    4   B-    15
    1    0    0   32   12   20    1723.73647923    0.00010000    4   B-    44
    0    1    0   45   18   28    1723.88769610    0.00014142    2   B-    23
    0    2    0   20   18    2    1723.97480937    0.00014142    2   B-    50
    1    0    0   17   17    1    1724.08112588    0.00014142    2   B-    46
    0    0    1   20   12    9    1724.15020383    0.00014142    2   B-    46
    0    1    0   47   17   31    1724.86105321    0.00014142    2   B-    22
    1    0    0   30   13   17    1725.08749907    0.00011994    6   B+    45
    0    0    1   25   10   15    1725.16012295    0.00011547    3   B-    46
    0    2    0   46    2   44    1725.44554931    0.00010000    4   B-    24
    0    1    0   60    4   56    1725.74407712    0.00014142    2   B-    13
    1    0    0   38    8   30    1726.65760286    0.00010087    5   B+    36
    0    2    0   35   13   23    1726.67528436    0.00011547    3   B-    37
    1    0    0   39    7   33    1726.98013778    0.00008944    5   B+    33
    0    0    1   27    9   18    1727.66830426    0.00011547    3   B-    45
    1    0    0   34   11   23    1728.18573834    0.00009798    6   B+    38
    0    0    1   34    2   33    1728.42899715    0.00014142    2   B-    39
    0    1    0   52   14   38    1728.44105581    0.00019172    2   B-    20
    0    0    1   23   11   12    1728.45559666    0.00011547    3   B-    44
    1    0    0   25   15   11    1728.48929214    0.00010000    4   B-    47
    0    1    0   43   19   25    1728.57806716    0.00014142    2   B-    28
    0    2    0   40   10   30    1728.59320939    0.00013656    3   B-    34
    0    0    1   17   13    4    1728.75266685    0.00011547    3   B-    42
    0    2    0   33   14   20    1729.19903299    0.00011547    3   B-    38
    0    0    1   31    6   25    1729.25154087    0.00010000    4   B-    44
    0    2    0   47    2   46    1729.56391661    0.00011547    3   B-    21
    0    2    0   44    6   38    1729.73424123    0.00010000    4   B-    27
    0    1    0   38   21   17    1729.84685072    0.00014142    2   B-    35
    0    2    0   37   12   26    1730.05510607    0.00014142    2   B-    34
    1    0    0   42    2   40    1730.16118665    0.00013413    4   B-    31
    1    0    0   37    9   29    1730.53603832    0.00011720    4   B-    36
    0    0    1   30    7   24    1730.57746512    0.00011547    3   B-    46
    0    0    1   35    0   35    1730.78006091    0.00016408    2   B-    38
    0    2    0   48    0   48    1730.79053194    0.00014142    2   B-    23
    0    1    0   49   16   34    1731.54748621    0.00020000    1   C-    20
    0    0    0   70    9   61    1731.63088309    0.00014142    2   C-     5
    0    0    1   32    5   28    1731.97401547    0.00012414    3   B-    45
    1    0    0   40    6   34    1732.17132378    0.00009891    5   B+    35
    1    0    0   28   14   14    1732.19406421    0.00011857    4   B-    47
    0    0    0   76    0   76    1732.35185319    0.00014142    2   C-     1
    0    2    0   28   16   12    1733.25809801    0.00011547    3   B-    48
    0    0    1   33    3   30    1733.60674559    0.00015476    3   B-    39
    1    0    0   22   16    6    1733.64132782    0.00012438    4   B-    50
    1    0    0   43    2   42    1735.16723293    0.00014482    3   B-    26
    1    0    0   18   17    1    1735.53179791    0.00014142    2   B-    45
    0    1    0   59    7   53    1735.76169214    0.00011547    3   B-    14
    0    0    1   29    8   21    1736.03925359    0.00014142    2   B-    47
    0    1    0   61    4   58    1736.24892227    0.00011547    3   B-    10
    1    0    0   44    0   44    1737.34921755    0.00011547    3   B-    29
    0    2    0   21   18    4    1737.38795198    0.00014142    2   B-    45
    0    0    1   21   12    9    1737.51329918    0.00011547    3   B-    49
    0    2    0   31   15   17    1737.57738737    0.00011547    3   B-    45
    0    2    0   45    5   41    1737.79627686    0.00011547    3   B-    25
    0    1    0   32   23    9    1737.86848949    0.00020000    1   C-    42
    0    2    0   25   17    9    1737.89137728    0.00014142    2   B-    48
    1    0    0   36   10   26    1738.49290172    0.00010169    5   B+    39
    0    1    0   41   20   22    1738.88976186    0.00014142    2   B-    29
    0    2    0   39   11   29    1739.39962922    0.00011547    3   B-    34
    1    0    0   41    5   37    1739.78351447    0.00009884    5   B+    32
    0    0    1   18   13    6    1740.20804667    0.00011547    3   B-    50
    0    0    1   26   10   17    1741.70986878    0.00011547    3   B-    45
    0    1    0   56   11   45    1741.71110695    0.00013470    3   B-    16
    0    0    1   33    4   29    1742.15195677    0.00012329    4   B-    42
    0    0    1   14   14    1    1742.23300025    0.00014142    2   B-    40
    0    1    0   57   10   48    1743.26000886    0.00014142    2   B-    15
    0    1    0   62    2   60    1743.29261709    0.00014142    2   B-    11
    0    0    1   24   11   14    1743.72859739    0.00014142    2   B-    50
    0    1    0   51   15   37    1744.00028465    0.00014142    2   B-    20
    0    1    0   55   12   44    1744.45394717    0.00014142    2   B-    16
    1    0    0   33   12   22    1744.71547733    0.00011524    5   B+    40
    0    0    1   34    3   32    1744.76842915    0.00011547    3   B-    42
    1    0    0   31   13   19    1744.79274894    0.00010302    5   B+    46
    1    0    0   26   15   11    1745.01947090    0.00012479    4   B-    46
    0    0    1   28    9   20    1745.50046546    0.00011922    3   B-    50
    0    2    0   46    3   43    1746.73210650    0.00011547    3   B-    24
    0    0    0   69   11   59    1747.16343194    0.00014142    2   C-     6
    0    2    0   43    8   36    1747.19015401    0.00010727    4   B-    27
    0    1    0   63    2   62    1747.42749232    0.00014142    2   B-     9
    1    0    0   19   17    3    1747.61842660    0.00017056    2   B-    48
    1    0    0   42    3   39    1747.93993161    0.00010076    5   B+    29
    1    0    0   23   16    8    1748.26751685    0.00011191    4   B-    45
    0    1    0   60    5   55    1748.82918898    0.00014142    2   B-    12
    0    2    0   42    9   33    1748.83289214    0.00011547    3   B-    30
    0    1    0   64    0   64    1748.86683587    0.00014142    2   B-     9
    0    1    0   58    9   49    1749.40305633    0.00010234    4   B-    15
    0    2    0   36   13   23    1749.64393389    0.00010000    4   B-    37
    0    0    1   35    1   34    1749.68223918    0.00015003    4   B-    37
    0    0    1   32    6   27    1749.69541583    0.00011547    3   B-    43
    0    2    0   44    7   37    1750.20519004    0.00020742    4   B-    26
    0    0    1   31    7   24    1750.37250056    0.00011547    3   B-    42
    1    0    0   35   11   25    1750.44383330    0.00010000    4   B-    39
    1    0    0   29   14   16    1750.62866370    0.00009210    5   B+    43
    0    2    0   34   14   20    1750.89166027    0.00011547    3   B-    43
    0    1    0   54   13   41    1751.34573144    0.00020000    1   C-    18
    0    2    0   22   18    4    1751.43970856    0.00020000    1   C-    52
    0    0    1   22   12   11    1751.51322942    0.00011547    3   B-    48
    1    0    0   39    8   32    1751.53780155    0.00011843    6   B+    32
    0    2    0   29   16   14    1751.76722743    0.00020000    1   C-    44
    0    0    1   15   14    1    1751.78107119    0.00011547    3   B-    45
    0    0    1   36    1   36    1752.06292080    0.00011547    3   B-    40
    0    0    1   19   13    6    1752.30004646    0.00011547    3   B-    45
    0    1    0   36   22   14    1752.54689865    0.00020000    1   C-    41
    1    0    0   40    7   33    1752.61818419    0.00010692    5   B+    33
    0    0    0   73    5   69    1753.09438472    0.00014142    2   C-     3
    0    1    0   46   18   28    1753.26332550    0.00014142    2   B-    25
    0    0    1   33    5   28    1753.92197814    0.00010000    4   B-    41
    0    2    0   38   12   26    1754.30487914    0.00012026    3   B-    38
    0    2    0   47    3   45    1754.41358840    0.00012078    4   B-    24
    0    2    0   26   17    9    1754.49101876    0.00014142    2   B-    47
    1    0    0   38    9   29    1754.74156437    0.00010319    5   B+    36
    0    1    0   39   21   19    1754.78201406    0.00014142    2   B-    35
    0    2    0   41   10   32    1754.78983079    0.00014142    2   B-    30
    0    0    1   30    8   23    1755.16466649    0.00011547    3   B-    46
    0    1    0   48   17   31    1755.50719632    0.00014142    2   B-    21
    0    1    0   44   19   25    1756.68543148    0.00020000    1   C-    27
    1    0    0   43    3   41    1756.78399570    0.00011829    4   B-    29
    0    2    0   45    6   40    1757.21077192    0.00011038    4   B-    24
    1    0    0   41    6   36    1757.86928646    0.00013347    4   B-    31
    0    2    0   32   15   17    1757.99629850    0.00014142    2   B-    44
    0    2    0   48    1   47    1758.44631345    0.00020000    1   C-    22
    0    0    1   27   10   17    1758.89746928    0.00011547    3   B-    47
    0    0    0   70   10   60    1759.31688773    0.00014142    2   C-     6
    0    0    1   25   11   14    1759.63894325    0.00011547    3   B-    46
    0    2    0   49    1   49    1759.64317979    0.00021644    2   B-    21
    0    0    1   34    4   31    1759.66185869    0.00013923    4   B-    41
    0    1    0   59    8   52    1759.95565725    0.00020000    1   C-    13
    1    0    0   20   17    3    1760.34088591    0.00014142    2   B-    47
    1    0    0   42    4   38    1760.89765327    0.00011994    4   B-    32
    1    0    0   44    1   43    1761.66206553    0.00010000    4   B-    28
    0    0    1   16   14    3    1761.96594870    0.00011547    3   B-    44
    1    0    0   37   10   28    1762.03852209    0.00010248    6   B+    35
    1    0    0   27   15   13    1762.18511493    0.00011547    3   B-    48
    0    1    0   53   14   40    1762.28427330    0.00021310    2   B-    18
    0    2    0   46    4   42    1763.35242158    0.00012152    4   B-    26
    0    0    0   74    3   71    1763.45226350    0.00014142    2   C-     2
    0    1    0   50   16   34    1763.46711282    0.00014142    2   B-    22
    1    0    0   24   16    8    1763.52981592    0.00012294    4   B-    52
    1    0    0   45    1   45    1763.83739042    0.00014399    3   B-    26
    0    0    1   29    9   20    1763.97184916    0.00011547    3   B-    46
    0    1    0   61    5   57    1764.30600354    0.00011547    3   B-    12
    0    2    0   40   11   29    1764.93790284    0.00014142    2   B-    34
    0    0    1   20   13    8    1765.02858720    0.00011547    3   B-    52
    1    0    0   32   13   19    1765.13407763    0.00012119    4   B-    45
    0    1    0   42   20   22    1765.72962832    0.00014142    2   B-    33
    0    1    0   60    6   54    1765.90785653    0.00011547    3   B-    14
    0    0    1   35    2   33    1766.09944017    0.00017082    3   B-    41
    0    2    0   23   18    6    1766.12963820    0.00020000    1   C-    47
    0    0    1   23   12   11    1766.14994925    0.00011547    3   B-    51
    1    0    0   34   12   22    1766.33158836    0.00012110    5   B+    44
    0    0    0   72    6   66    1766.89180171    0.00014142    2   C-     4
    1    0    0   30   14   16    1769.69911885    0.00010000    4   B-    48
    0    0    1   32    7   26    1770.80852224    0.00011547    3   B-    46
    0    0    0   75    3   73    1770.84932898    0.00020000    1   C-     2
    0    0    1   33    6   27    1770.90091995    0.00012436    3   B-    44
    0    2    0   30   16   14    1770.91406999    0.00020000    1   C-    49
    1    0    0   42    5   37    1771.43775244    0.00012382    4   B-    32
    0    0    1   36    2   35    1771.58507485    0.00011547    3   B-    38
    0    2    0   27   17   11    1771.72876339    0.00014142    2   B-    49
    0    0    1   17   14    3    1772.78734022    0.00011547    3   B-    49
    0    2    0   35   14   22    1773.22210664    0.00013001    3   B-    38
    0    2    0   37   13   25    1773.25135823    0.00014142    2   B-    37
    1    0    0   36   11   25    1773.33975117    0.00009571    6   B+    39
    1    0    0   21   17    5    1773.69966528    0.00011547    3   B-    50
    0    2    0   19   19    1    1773.86906670    0.00020000    1   C-    50
    0    0    1   37    0   37    1773.92591169    0.00014142    2   B-    38
    0    1    0   62    3   59    1774.48978459    0.00010000    4   B-    11
    0    0    1   34    5   30    1774.92921662    0.00014292    3   B-    45
    0    0    1   31    8   23    1774.93149193    0.00014142    2   B-    47
    0    2    0   44    8   36    1775.41505626    0.00014142    2   B-    30
    0    2    0   46    5   41    1775.43289595    0.00014142    2   B-    25
    1    0    0   43    4   40    1776.18330393    0.00013358    5   B+    28
    0    0    1   26   11   16    1776.18660990    0.00011547    3   B-    51
    0    1    0   37   22   16    1776.21490448    0.00020000    1   C-    36
    0    2    0   43    9   35    1776.34575467    0.00011547    3   B-    30
    0    0    1   28   10   19    1776.72326264    0.00011547    3   B-    46
    0    2    0   47    4   44    1776.85855910    0.00012991    4   B-    22
    1    0    0   40    8   32    1777.06799509    0.00009587    5   B+    36
    0    1    0   52   15   37    1777.19767941    0.00014142    2   B-    20
    0    0    0   77    1   77    1777.55515336    0.00014142    2   C-     1
    0    1    0   57   11   47    1778.19437401    0.00013368    3   B-    16
    0    0    1   21   13    8    1778.39376106    0.00011547    3   B-    47
    0    0    1   35    3   32    1778.49528560    0.00015292    3   B-    39
    1    0    0   41    7   35    1778.79445259    0.00008944    5   B+    33
    0    2    0   45    7   39    1778.95802370    0.00011547    3   B-    27
    0    2    0   33   15   19    1779.05297585    0.00014142    2   B-    45
    0    2    0   39   12   28    1779.19445464    0.00010000    4   B-    34
    1    0    0   25   16   10    1779.42785835    0.00010000    4   B-    47
    1    0    0   39    9   31    1779.58854973    0.00009822    5   B+    36
    1    0    0   28   15   13    1779.98663605    0.00010427    4   B-    47
    0    1    0   56   12   44    1780.25546111    0.00020000    1   C-    18
    0    1    0   40   21   19    1780.35487972    0.00014142    2   B-    35
    0    1    0   58   10   48    1780.45770187    0.00014938    3   B-    17
    0    0    1   24   12   13    1781.42354690    0.00014142    2   B-    49
    0    2    0   24   18    6    1781.45797915    0.00020000    1   C-    54
    0    1    0   63    3   61    1781.51831171    0.00020000    1   C-    11
    0    2    0   42   10   32    1781.62878897    0.00011547    3   B-    34
    0    0    1   30    9   22    1783.08310250    0.00014142    2   B-    51
    0    1    0   47   18   30    1783.27648677    0.00020000    1   C-    23
    1    0    0   44    2   42    1783.80581096    0.00010000    4   B-    31
    0    2    0   48    2   46    1783.88429372    0.00025170    2   B-    24
    0    0    1   18   14    5    1784.24535786    0.00011547    3   B-    48
    0    0    0   73    6   68    1785.33012589    0.00020000    1   C-     3
    0    1    0   45   19   27    1785.43008279    0.00020000    1   C-    28
    1    0    0   42    6   36    1785.76306065    0.00012482    5   B+    35
    1    0    0   33   13   21    1786.11176515    0.00009615    5   B+    46
    1    0    0   38   10   28    1786.22346308    0.00010513    5   B+    39
    0    1    0   55   13   43    1786.48186925    0.00014142    2   B-    18
    0    2    0   20   19    1    1786.64868270    0.00020000    1   C-    49
    0    1    0   49   17   33    1786.79061715    0.00014142    2   B-    22
    0    1    0   65    1   65    1787.05388318    0.00020000    1   C-     9
    0    1    0   59    9   51    1787.23317190    0.00011125    4   B-    15
    0    0    1   35    4   31    1787.53152900    0.00014485    3   B-    42
    1    0    0   22   17    5    1787.69419134    0.00013329    4   B-    49
    0    2    0   49    2   48    1787.91097384    0.00015928    2   B-    21
    1    0    0   35   12   24    1788.58423082    0.00012276    5   B+    40
    1    0    0   45    2   44    1788.74319398    0.00010000    4   B-    26
    0    0    1   36    3   34    1789.05508435    0.00013012    4   B-    42
    0    2    0   46    6   40    1789.07058562    0.00011252    4   B-    27
    0    2    0   50    0   50    1789.07636997    0.00014142    2   B-    23
    1    0    0   31   14   18    1789.40544221    0.00011547    3   B-    44
    0    2    0   28   17   11    1789.60437273    0.00013780    3   B-    48
    0    1    0   61    6   56    1789.76868901    0.00011574    4   B-    12
    0    2    0   31   16   16    1790.69891822    0.00014142    2   B-    45
    1    0    0   46    0   46    1790.90663910    0.00011547    3   B-    28
    0    2    0   41   11   31    1791.11700547    0.00014142    2   B-    34
    0    0    1   33    7   26    1791.89659445    0.00011547    3   B-    42
    0    0    1   22   13   10    1792.39565285    0.00014142    2   B-    54
    0    0    1   34    6   29    1792.60377772    0.00014142    2   B-    43
    1    0    0   18   18    0    1792.66513750    0.00011547    3   B-    54
    0    1    0   43   20   24    1793.20698574    0.00020000    1   C-    29
    0    0    1   27   11   16    1793.37187901    0.00011547    3   B-    47
    0    0    1   37    1   36    1794.01733911    0.00011547    3   B-    37
    1    0    0   43    5   39    1794.05482113    0.00013123    4   B-    32
    0    0    1   29   10   19    1795.18763951    0.00013029    3   B-    48
    0    0    1   32    8   25    1795.34084321    0.00014142    2   B-    46
    1    0    0   26   16   10    1795.96146411    0.00012332    4   B-    53
    0    1    0   51   16   36    1796.02445819    0.00019172    2   B-    20
    0    2    0   36   14   22    1796.19064843    0.00012307    3   B-    43
    0    0    1   19   14    5    1796.34019186    0.00011547    3   B-    52
    0    0    1   38    1   38    1796.37218495    0.00016796    3   B-    40
    0    1    0   54   14   40    1796.76640470    0.00014142    2   B-    20
    1    0    0   37   11   27    1796.87332681    0.00010000    4   B-    39
    0    2    0   47    5   43    1797.19893770    0.00012473    4   B-    25
    0    0    1   25   12   13    1797.33415412    0.00011547    3   B-    52
    0    2    0   25   18    8    1797.42472115    0.00020000    1   C-    49
    0    2    0   38   13   25    1797.49746337    0.00014142    2   B-    37
    1    0    0   29   15   15    1798.42384847    0.00011164    4   B-    49
    0    0    1   35    5   30    1798.67359141    0.00011547    3   B-    41
    0    0    0   74    4   70    1798.90511445    0.00020000    1   C-     3
    0    0    1   15   15    0    1798.94826266    0.00014142    2   B-    43
    0    1    0   60    8   52    1799.93583460    0.00012564    3   B-    15
    0    2    0   21   19    3    1800.06712108    0.00020000    1   C-    52
    0    1    0   38   22   16    1800.52099448    0.00020000    1   C-    41
    0    2    0   34   15   19    1800.74786046    0.00011547    3   B-    44
    1    0    0   23   17    7    1802.32456888    0.00012925    4   B-    52
    0    0    1   31    9   22    1802.83436250    0.00014142    2   B-    47
    0    1    0   62    4   58    1802.99713653    0.00012484    4   B-    13
    1    0    0   44    3   41    1803.03512890    0.00011244    4   B-    29
    0    1    0   35   23   13    1803.15201339    0.00020000    1   C-    43
    1    0    0   41    8   34    1803.23740043    0.00009580    5   B+    32
    0    2    0   45    8   38    1804.26212486    0.00014142    2   B-    27
    0    2    0   44    9   35    1804.50533119    0.00014142    2   B-    30
    0    2    0   40   12   28    1804.72318027    0.00012920    3   B-    38
    1    0    0   19   18    2    1804.75551062    0.00019994    2   B-    48
    0    0    1   36    4   33    1804.81312587    0.00018403    3   B-    41
    0    0    0   72    8   64    1805.04622795    0.00014142    2   C-     5
    1    0    0   40    9   31    1805.07750171    0.00010395    6   B+    36
    1    0    0   42    7   35    1805.78006381    0.00013008    4   B-    33
    0    1    0   41   21   21    1806.56547472    0.00020000    1   C-    35
    0    2    0   48    3   45    1806.56833304    0.00010000    4   B-    24
    0    0    1   23   13   10    1807.03439439    0.00011547    3   B-    49
    1    0    0   34   13   21    1807.72582738    0.00011547    3   B-    45
    0    2    0   29   17   13    1808.11832809    0.00011547    3   B-    51
    0    2    0   46    7   39    1808.85667794    0.00011547    3   B-    26
    0    0    1   20   14    7    1809.07153794    0.00011547    3   B-    51
    0    2    0   43   10   34    1809.11015950    0.00014142    2   B-    30
    0    0    1   16   15    2    1809.13605639    0.00011547    3   B-    53
    1    0    0   32   14   18    1809.74756254    0.00010000    4   B-    48
    0    1    0   53   15   39    1811.03321798    0.00014142    2   B-    20
    1    0    0   39   10   30    1811.04773571    0.00008944    5   B+    35
    0    2    0   32   16   16    1811.12154663    0.00014142    2   B-    49
    0    0    1   28   11   18    1811.19472507    0.00014142    2   B-    52
    1    0    0   36   12   24    1811.47379378    0.00010424    4   B-    44
    1    0    0   45    3   43    1811.54712793    0.00015432    4   B-    29
    0    0    1   37    2   35    1811.74701034    0.00010000    4   B-    41
    1    0    0   43    6   38    1812.36349642    0.00012670    4   B-    31
    1    0    0   27   16   12    1813.13085577    0.00010646    4   B-    48
    0    1    0   63    4   60    1813.33416874    0.00014142    2   B-    10
    0    1    0   61    7   55    1813.56428737    0.00015609    3   B-    14
    0    0    1   34    7   28    1813.62159760    0.00014142    2   B-    46
    0    0    1   26   12   15    1813.88181809    0.00011547    3   B-    51
    0    1    0   48   18   30    1813.92673990    0.00014142    2   B-    25
    0    2    0   49    3   47    1813.99392031    0.00011547    3   B-    24
    0    2    0   26   18    8    1814.02991416    0.00014142    2   B-    55
    0    2    0   22   19    3    1814.12400927    0.00020000    1   C-    51
    0    0    1   30   10   21    1814.29042727    0.00011547    3   B-    47
    0    1    0   46   19   27    1814.81202527    0.00020000    1   C-    27
    0    0    1   35    6   29    1815.17874207    0.00014142    2   B-    44
    0    1    0   58   11   47    1815.32321435    0.00014142    2   B-    16
    0    0    1   33    8   25    1816.39274665    0.00014142    2   B-    47
    1    0    0   46    1   45    1816.39976759    0.00010000    4   B-    28
    0    1    0   57   12   46    1816.69951154    0.00014142    2   B-    16
    0    2    0   47    6   42    1817.04256565    0.00013994    3   B-    24
    0    0    1   38    2   37    1817.07017622    0.00013210    3   B-    38
    1    0    0   20   18    2    1817.48237820    0.00014142    2   B-    56
    1    0    0   30   15   15    1817.49673792    0.00011756    4   B-    48
    1    0    0   44    4   40    1817.58531093    0.00011348    4   B-    32
    1    0    0   24   17    7    1817.59045399    0.00013239    3   B-    51
    0    2    0   42   11   31    1817.93718169    0.00011547    3   B-    34
    0    2    0   50    1   49    1817.95479898    0.00011547    3   B-    21
    0    1    0   59   10   50    1818.28842711    0.00014142    2   B-    15
    1    0    0   47    1   47    1818.55570182    0.00011547    3   B-    26
    0    1    0   50   17   33    1818.71112874    0.00014142    2   B-    22
    0    2    0   51    1   51    1819.08938382    0.00017242    2   B-    21
    0    0    1   39    0   39    1819.39878574    0.00011547    3   B-    37
    0    2    0   37   14   24    1819.79766259    0.00014142    2   B-    38
    0    0    1   17   15    2    1819.96060386    0.00011547    3   B-    47
    0    1    0   64    2   62    1820.32157789    0.00011547    3   B-    11
    0    0    1   36    5   32    1820.44608923    0.00012376    3   B-    45
    1    0    0   38   11   27    1821.04499017    0.00009503    5   B+    39
    0    1    0   44   20   24    1821.32183090    0.00020000    1   C-    33
    0    1    0   56   13   43    1822.25828978    0.00018701    2   B-    18
    0    0    1   24   13   12    1822.30979509    0.00011547    3   B-    56
    0    2    0   39   13   27    1822.38232111    0.00011547    3   B-    38
    0    0    1   21   14    7    1822.43955021    0.00014142    2   B-    54
    0    2    0   35   15   21    1823.08047984    0.00014142    2   B-    45
    0    0    1   32    9   24    1823.22588710    0.00020000    1   C-    51
    0    0    0   78    0   78    1823.33376319    0.00020000    1   C-     1
    0    1    0   65    2   64    1824.41625732    0.00014142    2   B-     9
    0    2    0   48    4   44    1824.93270749    0.00012832    4   B-    26
    0    0    1   37    3   34    1825.71676067    0.00012976    3   B-    39
    0    1    0   66    0   66    1825.82068337    0.00020000    1   C-     9
    0    1    0   60    9   51    1825.98261122    0.00014142    2   B-    15
    0    1    0   36   23   13    1826.19068339    0.00020000    1   C-    42
    0    2    0   30   17   13    1827.27020990    0.00014142    2   B-    49
    0    1    0   62    5   57    1827.72985277    0.00012070    3   B-    12
    1    0    0   44    5   39    1828.54893419    0.00011353    4   B-    32
    0    2    0   23   19    5    1828.81968684    0.00020000    1   C-    55
    0    1    0   52   16   36    1829.21938200    0.00014142    2   B-    22
    0    0    1   29   11   18    1829.65520873    0.00011547    3   B-    48
    1    0    0   35   13   23    1829.97591791    0.00010422    4   B-    46
    1    0    0   42    8   34    1830.06328598    0.00012596    4   B-    36
    1    0    0   33   14   20    1830.72579110    0.00011784    4   B-    44
    1    0    0   21   18    4    1830.84532905    0.00016091    2   B-    50
    0    2    0   41   12   30    1830.89205676    0.00011547    3   B-    34
    1    0    0   28   16   12    1830.93571241    0.00012191    4   B-    54
    0    0    1   27   12   15    1831.06657755    0.00011547    3   B-    53
    1    0    0   41    9   33    1831.20850790    0.00008944    5   B+    36
    0    2    0   27   18   10    1831.27336333    0.00020000    1   C-    50
    0    0    1   18   15    4    1831.42182115    0.00011547    3   B-    57
    0    1    0   55   14   42    1831.88780470    0.00014142    2   B-    18
    1    0    0   45    4   42    1832.07884894    0.00012271    4   B-    28
    0    2    0   33   16   18    1832.18246481    0.00013077    3   B-    45
    1    0    0   43    7   37    1833.20540572    0.00012735    4   B-    33
    0    2    0   45    9   37    1833.30979647    0.00014142    2   B-    30
    0    1    0   42   21   21    1833.41387472    0.00020000    1   C-    35
    1    0    0   25   17    9    1833.49254856    0.00015251    4   B-    54
    0    2    0   46    8   38    1833.80120062    0.00016036    3   B-    30
    0    0    1   31   10   21    1834.03207290    0.00014142    2   B-    48
    1    0    0   37   12   26    1835.00003024    0.00014786    4   B-    40
    0    0    1   37    4   33    1835.55967914    0.00014142    2   B-    42
    0    0    1   38    3   36    1835.69241900    0.00013728    3   B-    42
    0    0    1   35    7   28    1836.00863327    0.00020000    1   C-    42
    0    0    1   22   14    9    1836.44418571    0.00014142    2   B-    53
    1    0    0   40   10   30    1836.51182688    0.00011718    5   B+    39
    1    0    0   31   15   17    1837.20539248    0.00012247    4   B-    49
    0    2    0   44   10   34    1837.23496575    0.00014142    2   B-    34
    0    2    0   49    4   46    1837.65759128    0.00015529    3   B-    22
    0    1    0   61    8   54    1837.91729101    0.00020000    1   C-    13
    0    2    0   48    5   43    1838.07746306    0.00011547    3   B-    25
    0    0    1   34    8   27    1838.08726509    0.00011547    3   B-    46
    0    0    1   36    6   31    1838.10904414    0.00012972    3   B-    43
    0    0    1   25   13   12    1838.22196767    0.00011547    3   B-    51
    0    2    0   47    7   41    1838.77834686    0.00011547    3   B-    27
    1    0    0   46    2   44    1839.75710321    0.00010899    4   B-    31
    0    0    1   39    1   38    1840.67381486    0.00013066    3   B-    37
    1    0    0   44    6   38    1842.11319057    0.00013141    4   B-    35
    0    1    0   63    5   59    1842.62077821    0.00023060    2   B-    12
    0    0    1   40    1   40    1843.00757325    0.00011547    3   B-    40
    0    0    1   19   15    4    1843.51985734    0.00011547    3   B-    51
    0    2    0   38   14   24    1844.04313969    0.00013671    3   B-    43
    0    2    0   24   19    5    1844.15359315    0.00020000    1   C-    53
    0    0    1   33    9   24    1844.25773933    0.00014142    2   B-    47
    0    2    0   50    2   48    1844.63684334    0.00016571    3   B-    24
    1    0    0   47    2   46    1844.63974267    0.00011547    3   B-    26
    1    0    0   22   18    4    1844.84375228    0.00014142    2   B-    58
    0    1    0   49   18   32    1845.21375488    0.00014142    2   B-    23
    0    0    0   75    5   71    1845.31149472    0.00020000    1   C-     3
    0    2    0   43   11   33    1845.39866491    0.00016618    3   B-    34
    0    1    0   54   15   39    1845.50675465    0.00014142    2   B-    20
    1    0    0   39   11   29    1845.85492716    0.00012210    4   B-    39
    0    2    0   36   15   21    1846.05136951    0.00018495    2   B-    44
    0    0    1   37    5   32    1846.20204541    0.00011346    4   B-    41
    0    1    0   62    6   56    1846.55266827    0.00011547    3   B-    14
    1    0    0   48    0   48    1846.78479567    0.00014142    2   B-    27
    0    2    0   31   17   15    1847.06023243    0.00011547    3   B-    51
    0    2    0   40   13   27    1847.90606032    0.00011547    3   B-    37
    0    2    0   51    2   50    1848.58013362    0.00014142    2   B-    21
    0    0    1   30   11   20    1848.75352901    0.00011547    3   B-    53
    0    0    1   28   12   17    1848.88851580    0.00011547    3   B-    52
    0    2    0   28   18   10    1849.15462903    0.00020000    1   C-    56
    1    0    0   29   16   14    1849.37648875    0.00013909    3   B-    49
    0    2    0   52    0   52    1849.68317723    0.00014142    2   B-    23
    0    1    0   37   23   15    1849.86796339    0.00020000    1   C-    43
    1    0    0   26   17    9    1850.03071527    0.00016068    4   B-    53
    1    0    0   45    5   41    1850.78955630    0.00012012    4   B-    32
    0    0    1   23   14    9    1851.08562633    0.00011547    3   B-    56
    0    2    0   48    6   42    1851.22652125    0.00014262    3   B-    28
    0    1    0   51   17   35    1851.26900814    0.00014142    2   B-    22
    1    0    0   34   14   20    1852.33964596    0.00008944    5   B+    48
    0    0    1   38    4   35    1852.39880871    0.00014142    2   B-    41
    0    2    0   20   20    0    1852.45353393    0.00020000    1   C-    58
    0    1    0   64    3   61    1852.73696946    0.00014142    2   B-    11
    1    0    0   36   13   23    1852.86245039    0.00012314    4   B-    45
    0    1    0   59   11   49    1853.09628776    0.00014142    2   B-    16
    0    1    0   58   12   46    1853.78597591    0.00014142    2   B-    18
    0    2    0   34   16   18    1853.88119774    0.00014142    2   B-    49
    0    0    1   32   10   23    1854.41261833    0.00014142    2   B-    47
    0    0    1   26   13   14    1854.77101891    0.00011547    3   B-    57
    0    0    1   20   15    6    1856.25454034    0.00011547    3   B-    60
    0    1    0   60   10   50    1856.79211934    0.00017283    3   B-    17
    1    0    0   43    8   36    1857.52069465    0.00009583    6   B+    32
    1    0    0   32   15   17    1857.54971233    0.00012445    4   B-    48
    0    2    0   42   12   30    1857.70008165    0.00011547    3   B-    38
    1    0    0   42    9   33    1857.98252912    0.00010891    6   B+    36
    0    0    1   36    7   30    1859.02242558    0.00011547    3   B-    46
    0    2    0   49    5   45    1859.02436582    0.00019613    2   B-    25
    1    0    0   38   12   26    1859.16360895    0.00011727    5   B+    44
    0    0    1   16   16    1    1859.41955988    0.00014142    2   B-    50
    1    0    0   23   18    6    1859.47858332    0.00014980    3   B-    52
    0    0    1   39    2   37    1859.67893933    0.00011547    3   B-    41
    0    1    0   65    3   63    1859.70521171    0.00020000    1   C-    11
    0    2    0   25   19    7    1860.12626264    0.00020000    1   C-    57
    1    0    0   46    3   43    1860.37559776    0.00011274    4   B-    29
    0    0    1   35    8   27    1860.42616934    0.00014142    2   B-    47
    0    0    0   74    6   68    1860.78932171    0.00020000    1   C-     4
    0    1    0   43   21   23    1860.89973472    0.00020000    1   C-    35
    0    1    0   62    7   55    1861.43252418    0.00020000    1   C-    14
    1    0    0   44    7   37    1861.57708884    0.00014142    2   B-    33
    0    0    1   37    6   31    1862.10694886    0.00011547    3   B-    44
    1    0    0   41   10   32    1862.61624515    0.00010639    4   B-    35
    0    2    0   46    9   37    1862.76370942    0.00014142    2   B-    30
    0    1    0   53   16   38    1863.05140837    0.00014142    2   B-    20
    0    2    0   47    8   40    1863.93603396    0.00014142    2   B-    27
    0    0    1   40    2   39    1864.88157492    0.00014142    2   B-    38
    1    0    0   19   19    1    1864.95949958    0.00014142    2   B-    56
    0    1    0   61    9   53    1865.04723442    0.00011547    3   B-    15
    0    1    0   67    1   67    1865.16580318    0.00020000    1   C-     9
    0    2    0   21   20    2    1865.87732321    0.00020000    1   C-    52
    0    0    1   34    9   26    1865.93043414    0.00014142    2   B-    51
    0    2    0   45   10   36    1866.00334840    0.00017491    2   B-    30
    0    0    1   24   14   11    1866.36361638    0.00020000    1   C-    55
    0    0    1   41    0   41    1867.19740308    0.00014142    2   B-    37
    1    0    0   27   17   11    1867.20431059    0.00011092    4   B-    55
    0    0    1   29   12   17    1867.34767941    0.00011547    3   B-    54
    0    2    0   32   17   15    1867.48804733    0.00020000    1   C-    49
    0    1    0   56   14   42    1867.64826970    0.00020000    1   C-    20
    0    2    0   29   18   12    1867.67425184    0.00020000    1   C-    51
    1    0    0   30   16   14    1868.45313773    0.00013521    3   B-    55
    0    0    1   31   11   20    1868.48975332    0.00014142    2   B-    49
    0    0    1   38    5   34    1868.50855388    0.00011547    3   B-    45
    1    0    0   47    3   45    1868.63131698    0.00016195    3   B-    29
    0    2    0   50    3   47    1868.67471203    0.00014142    2   B-    24
    0    2    0   39   14   26    1868.92688524    0.00014142    2   B-    38
    0    1    0   63    6   58    1869.23732773    0.00017714    3   B-    12
    1    0    0   45    6   40    1869.42400634    0.00010985    5   B+    31
    0    0    1   21   15    6    1869.62608750    0.00020000    1   C-    54
    0    2    0   37   15   23    1869.65981567    0.00014142    2   B-    45
    0    2    0   48    7   41    1870.19991805    0.00020000    1   C-    26
    0    0    1   17   16    1    1870.24755776    0.00011547    3   B-    55
    1    0    0   40   11   29    1871.30300120    0.00010328    5   B+    39
    0    0    1   27   13   14    1871.95685272    0.00011547    3   B-    52
    1    0    0   48    1   47    1873.45683348    0.00014142    2   B-    27
    0    2    0   44   11   33    1873.50106000    0.00011547    3   B-    34
    0    2    0   41   13   29    1874.06888808    0.00022698    2   B-    38
    1    0    0   35   14   22    1874.58948728    0.00013577    3   B-    44
    1    0    0   24   18    6    1874.74926994    0.00014142    2   B-    60
    0    0    1   39    3   36    1875.21985814    0.00011547    3   B-    39
    0    0    1   33   10   23    1875.43235328    0.00014142    2   B-    48
    1    0    0   49    1   49    1875.59386732    0.00014142    2   B-    26
    0    2    0   51    3   49    1875.89409164    0.00011547    3   B-    24
    0    2    0   35   16   20    1876.21753845    0.00014142    2   B-    45
    1    0    0   37   13   25    1876.38513819    0.00011999    4   B-    46
    1    0    0   46    4   42    1876.59729030    0.00012219    4   B-    32
    0    2    0   26   19    7    1876.73697982    0.00020000    1   C-    55
    0    1    0   50   18   32    1877.13782289    0.00020000    1   C-    25
    1    0    0   20   19    1    1877.69025186    0.00014142    2   B-    55
    1    0    0   33   15   19    1878.52996267    0.00012712    4   B-    49
    0    2    0   49    6   44    1879.41519512    0.00014142    2   B-    24
    0    2    0   52    1   51    1879.78373459    0.00014142    2   B-    21
    0    1    0   62    8   54    1879.87319308    0.00020000    1   C-    15
    0    2    0   22   20    2    1879.93977884    0.00020000    1   C-    60
    0    1    0   55   15   41    1880.61790298    0.00014142    2   C-    20
    0    2    0   53    1   53    1880.85673488    0.00014142    2   B-    21
    0    0    1   18   16    3    1881.71218679    0.00011547    3   B-    54
    0    0    1   25   14   11    1882.27834407    0.00011547    3   B-    59
    0    1    0   64    4   60    1882.53338063    0.00014142    2   B-    13
    0    0    1   37    7   30    1882.71625591    0.00011547    3   B-    42
    0    0    1   36    8   29    1883.40796208    0.00011547    3   B-    46
    0    0    1   22   15    8    1883.63414409    0.00011547    3   B-    62
    1    0    0   39   12   28    1883.96447824    0.00012221    4   B-    40
    0    0    1   40    3   38    1884.67086197    0.00014142    2   B-    42
    1    0    0   28   17   11    1885.01342095    0.00015658    3   B-    54
    0    2    0   43   12   32    1885.14844665    0.00011547    3   B-    34
    1    0    0   43    9   35    1885.39935307    0.00009717    5   B+    36
    1    0    0   44    8   36    1885.64864987    0.00012415    4   B-    36
    0    0    1   39    4   35    1886.16704678    0.00014142    2   B-    42
    0    0    1   38    6   33    1886.21038930    0.00011547    3   B-    43
    0    0    1   30   12   19    1886.44415660    0.00014142    2   B-    53
    0    2    0   30   18   12    1886.83197983    0.00020000    1   C-    57
    1    0    0   31   16   16    1888.16460840    0.00013491    4   B-    50
    0    0    1   35    9   26    1888.24456372    0.00011547    3   B-    47
    1    0    0   46    5   41    1888.32413027    0.00011547    3   B-    32
    0    2    0   33   17   17    1888.55387278    0.00011547    3   B-    51
    0    2    0   50    4   46    1888.74792843    0.00012821    3   B-    26
    0    0    1   32   11   22    1888.86429112    0.00011547    3   B-    53
    1    0    0   42   10   32    1889.36082130    0.00014412    5   B+    39
    0    0    1   41    1   40    1889.65272366    0.00014142    2   B-    37
    0    0    1   28   13   16    1889.77968433    0.00011547    3   B-    58
    1    0    0   45    7   39    1890.21587484    0.00011547    3   B-    33
    1    0    0   47    4   44    1890.32249075    0.00014472    3   B-    28
    1    0    0   25   18    8    1890.65588565    0.00011547    3   B-    54
    1    0    0   21   19    3    1891.05811610    0.00014142    2   B-    58
    0    1    0   59   12   48    1891.51427985    0.00020000    1   C-    16
    0    1    0   60   11   49    1891.51641139    0.00014142    2   B-    16
    0    0    1   42    1   42    1891.96879959    0.00014142    2   B-    40
    0    1    0   65    4   62    1892.73252912    0.00014142    2   B-    10
    0    2    0   47    9   39    1892.86116995    0.00014142    2   B-    30
    0    0    1   19   16    3    1893.81395070    0.00011547    3   B-    59
    0    1    0   63    7   57    1893.84222414    0.00011547    3   B-    14
    0    2    0   38   15   23    1893.90684788    0.00014142    2   B-    44
    0    2    0   27   19    9    1893.98647189    0.00020000    1   C-    58
    0    2    0   40   14   26    1894.44880687    0.00014142    2   B-    43
    0    2    0   23   20    4    1894.64121458    0.00020000    1   C-    54
    0    2    0   48    8   40    1894.80284428    0.00011547    3   B-    30
    0    2    0   46   10   36    1895.41566574    0.00014142    2   B-    34
    0    1    0   58   13   45    1895.73305531    0.00020000    1   C-    18
    0    1    0   61   10   52    1895.91473048    0.00020000    1   C-    15
    0    0    1   39    5   34    1896.52184787    0.00011547    3   B-    41
    0    0    1   34   10   25    1897.09152890    0.00011547    3   B-    47
    1    0    0   41   11   31    1897.38986939    0.00010000    4   B-    39
    1    0    0   36   14   22    1897.47501317    0.00017322    4   B-    48
    0    1    0   54   16   38    1897.52045200    0.00020000    1   C-    22
    1    0    0   48    2   46    1898.01766673    0.00017453    3   B-    31
    0    0    1   23   15    8    1898.27889438    0.00011547    3   B-    56
    0    0    1   26   14   13    1898.82984824    0.00011547    3   B-    57
    0    2    0   36   16   20    1899.19184124    0.00014142    2   B-    49
    0    1    0   66    2   64    1899.66594899    0.00014142    2   C-    11
    1    0    0   34   15   19    1900.14536470    0.00014926    4   B-    48
    1    0    0   38   13   25    1900.54461558    0.00010974    5   B+    45
    0    2    0   51    4   48    1900.78872366    0.00014142    2   B-    22
    0    2    0   42   13   29    1900.87043246    0.00011945    3   B-    37
    0    2    0   49    7   43    1901.20376773    0.00014471    3   B-    27
    1    0    0   46    6   40    1901.25264964    0.00011632    4   B-    35
    0    2    0   45   11   35    1902.24511399    0.00014142    2   B-    34
    0    0    1   40    4   37    1902.39618074    0.00013226    4   B-    41
    1    0    0   49    2   48    1902.85514592    0.00014142    2   B-    26
    0    2    0   50    5   45    1903.25966950    0.00020000    1   C-    25
    1    0    0   29   17   13    1903.45839023    0.00012922    3   B-    56
    0    1    0   67    2   66    1903.72112232    0.00020000    1   C-     9
    1    0    0   50    0   50    1904.98254368    0.00011547    3   B-    27
    1    0    0   22   19    3    1905.06104751    0.00020118    2   B-    57
    0    1    0   68    0   68    1905.09066087    0.00014142    2   B-     9
    0    1    0   62    9   53    1905.21851230    0.00011547    3   B-    15
    0    0    1   31   12   19    1906.17816125    0.00014142    2   B-    55
    0    0    1   20   16    5    1906.55248967    0.00011547    3   B-    58
    0    2    0   31   18   14    1906.62741852    0.00020000    1   C-    52
    0    0    1   38    7   32    1907.01538466    0.00014142    2   B-    46
    0    0    1   37    8   29    1907.03587649    0.00011547    3   B-    47
    1    0    0   26   18    8    1907.19855273    0.00013647    3   B-    62
    0    2    0   52    2   50    1907.70303582    0.00010000    4   B-    24
    0    0    1   29   13   16    1908.23940290    0.00011547    3   B-    53
    1    0    0   32   16   16    1908.51222914    0.00011547    3   B-    55
    0    1    0   64    5   59    1908.82924446    0.00020000    1   C-    12
    1    0    0   40   12   28    1909.40284139    0.00011119    4   B-    44
    0    0    1   33   11   22    1909.87685502    0.00014142    2   B-    49
    0    0    1   41    2   39    1909.90477601    0.00012579    4   B-    40
    1    0    0   47    5   43    1909.96275275    0.00011937    4   B-    32
    0    2    0   24   20    4    1909.98124438    0.00020000    1   C-    62
    0    2    0   34   17   17    1910.25728824    0.00014142    2   B-    49
    0    0    1   36    9   28    1911.19988642    0.00011547    3   B-    51
    0    2    0   53    2   52    1911.56826845    0.00015563    2   B-    21
    0    0    1   39    6   33    1911.71371100    0.00014142    2   B-    44
    0    2    0   28   19    9    1911.87420886    0.00020000    1   C-    56
    0    2    0   54    0   54    1912.61027310    0.00020000    1   C-    23
    0    2    0   44   12   32    1913.23649504    0.00014142    2   B-    38
    1    0    0   44    9   35    1913.46098542    0.00013671    3   B-    36
    0    0    1   24   15   10    1913.56043778    0.00011547    3   B-    64
    1    0    0   45    8   38    1914.39344952    0.00011922    5   B+    32
    0    0    1   42    2   41    1915.01812188    0.00012612    3   B-    38
    0    0    1   27   14   13    1916.01813733    0.00011547    3   B-    60
    0    2    0   50    6   44    1916.20057794    0.00014142    2   B-    28
    0    1    0   56   15   41    1916.36773298    0.00020000    1   C-    20
    1    0    0   43   10   34    1916.74595582    0.00011547    3   B-    35
    0    0    1   43    0   43    1917.32107427    0.00014142    2   B-    37
    0    1    0   53   17   37    1918.29576314    0.00020000    1   C-    22
    0    1    0   63    8   56    1918.45921782    0.00014142    2   B-    13
    0    2    0   39   15   25    1918.79106900    0.00014142    2   B-    45
    0    0    1   40    5   36    1919.09548817    0.00011547    3   B-    45
    0    0    1   35   10   25    1919.39029327    0.00014142    2   B-    48
    1    0    0   23   19    5    1919.70067958    0.00011547    3   B-    60
    0    0    1   21   16    5    1919.92776287    0.00011547    3   B-    61
    1    0    0   48    3   45    1919.97456939    0.00012485    4   B-    29
    1    0    0   46    7   39    1920.03014864    0.00013067    4   B-    33
    0    2    0   41   14   28    1920.60888191    0.00011547    3   B-    38
    1    0    0   37   14   24    1920.99704742    0.00012152    4   B-    44
    1    0    0   35   15   21    1922.39661284    0.00010000    4   B-    49
    1    0    0   30   17   13    1922.53885960    0.00011981    4   B-    55
    0    2    0   37   16   22    1922.80391764    0.00017755    2   B-    45
    0    1    0   65    5   61    1923.25029446    0.00020000    1   C-    12
    0    2    0   51    5   47    1923.25036059    0.00011547    3   B-    25
    0    2    0   48    9   39    1923.61188173    0.00014142    2   B-    30
    0    0    1   17   17    0    1923.62147150    0.00014142    2   B-    51
    1    0    0   42   11   31    1924.11550133    0.00011547    3   B-    39
    1    0    0   27   18   10    1924.37655963    0.00014142    2   B-    56
    1    0    0   39   13   27    1925.34042959    0.00010000    4   B-    46
    0    2    0   47   10   38    1925.47166559    0.00014142    2   B-    30
    0    2    0   25   20    6    1925.96012019    0.00020000    1   C-    56
    0    2    0   49    8   42    1926.21684126    0.00014142    2   B-    27
    0    0    1   32   12   21    1926.54955287    0.00011547    3   B-    54
    0    0    1   41    3   38    1926.97322972    0.00012855    4   B-    39
    0    2    0   32   18   14    1927.06176256    0.00014142    2   B-    57
    0    0    1   30   13   18    1927.33616027    0.00011547    3   B-    59
    1    0    0   49    3   47    1928.03442243    0.00013898    4   B-    29
    0    2    0   43   13   31    1928.31140508    0.00018848    2   B-    38
    1    0    0   47    6   42    1929.03299861    0.00013517    3   B-    31
    0    0    1   25   15   10    1929.47864550    0.00011547    3   B-    58
    1    0    0   33   16   18    1929.49572362    0.00010000    4   B-    50
    0    1    0   64    6   58    1929.51039931    0.00014142    2   B-    14
    0    1    0   60   12   48    1929.88600951    0.00020000    1   C-    18
    0    2    0   29   19   11    1930.40044162    0.00020000    1   C-    59
    0    0    1   38    8   31    1931.30645469    0.00011547    3   B-    46
    0    2    0   46   11   35    1931.63092002    0.00030904    2   B-    34
    0    0    1   39    7   32    1932.02872062    0.00011547    3   B-    42
    0    2    0   35   17   19    1932.59863435    0.00014142    2   B-    51
    0    1    0   55   16   40    1932.62661200    0.00020000    1   C-    20
    1    0    0   50    1   49    1932.83181953    0.00010727    4   B-    26
    0    2    0   52    3   49    1933.06310713    0.00014142    2   B-    24
    0    1    0   66    3   63    1933.29440696    0.00020000    1   C-    11
    0    1    0   59   13   47    1933.42989121    0.00020000    1   C-    18
    0    0    1   28   14   15    1933.84313460    0.00011547    3   B-    58
    0    0    1   22   16    7    1933.93992200    0.00014142    2   B-    60
    0    2    0   50    7   43    1934.26616195    0.00020000    1   C-    27
    0    2    0   21   21    1    1934.78194727    0.00020000    1   C-    62
    0    0    1   37    9   28    1934.79730815    0.00014142    2   B-    47
    1    0    0   51    1   51    1934.95085115    0.00014142    2   B-    26
    1    0    0   24   19    5    1934.97610278    0.00014142    2   B-    60
    0    0    1   18   17    2    1935.09016516    0.00014142    2   B-    61
    1    0    0   41   12   30    1935.47835343    0.00012140    4   B-    40
    0    0    1   42    3   40    1935.98334113    0.00011922    4   B-    42
    0    0    1   40    6   35    1936.90462909    0.00010000    4   B-    43
    1    0    0   48    4   44    1937.87507450    0.00010247    4   B-    32
    0    0    1   41    4   37    1939.27825167    0.00014142    2   B-    42
    0    2    0   53    3   51    1940.11286456    0.00011191    4   B-    24
    1    0    0   20   20    0    1940.93492227    0.00014142    2   B-    64
    0    0    1   43    1   42    1940.95420875    0.00014142    2   B-    37
    0    2    0   45   12   34    1941.96467814    0.00020000    1   C-    34
    1    0    0   45    9   37    1942.16474070    0.00009751    5   B+    36
    1    0    0   28   18   10    1942.19114315    0.00017918    2   B-    63
    1    0    0   31   17   15    1942.25506629    0.00011547    3   B-    57
    0    0    1   36   10   27    1942.32885293    0.00011547    3   B-    47
    0    2    0   26   20    6    1942.57742927    0.00020000    1   C-    64
    0    0    1   44    1   44    1943.25482905    0.00014142    2   B-    39
    1    0    0   46    8   38    1943.83212003    0.00019609    2   B-    36
    0    2    0   54    1   53    1943.93142903    0.00020000    1   C-    21
    0    2    0   40   15   25    1944.31394713    0.00019293    2   B-    44
    1    0    0   44   10   34    1944.77227489    0.00013077    4   B-    40
    0    2    0   55    1   55    1944.94366488    0.00016717    2   B-    21
    0    1    0   64    7   57    1945.07457982    0.00014142    2   B-    14
    1    0    0   38   14   24    1945.15449854    0.00012414    4   B-    48
    1    0    0   36   15   21    1945.28346091    0.00012164    5   B+    48
    0    1    0   63    9   55    1945.47214109    0.00020000    1   C-    15
    0    1    0   69    1   69    1945.59299318    0.00020000    1   C-     9
    0    0    1   26   15   12    1946.03366265    0.00011547    3   B-    66
    0    2    0   38   16   22    1947.05345930    0.00014142    2   B-    49
    0    0    1   31   13   18    1947.07011755    0.00020000    1   C-    54
    0    0    1   19   17    2    1947.19591285    0.00014142    2   B-    55
    0    2    0   42   14   28    1947.40747018    0.00014142    2   B-    43
    0    0    1   33   12   21    1947.55860985    0.00014142    2   B-    55
    0    2    0   33   18   16    1948.13268221    0.00020000    1   C-    52
    0    0    1   23   16    7    1948.58855307    0.00014142    2   B-    63
    0    2    0   22   21    1    1948.85058226    0.00020000    1   C-    61
    0    2    0   30   19   11    1949.56433739    0.00020000    1   C-    57
    0    0    1   41    5   36    1949.62286723    0.00014142    2   B-    41
    1    0    0   47    7   41    1949.82413180    0.00015480    3   B-    33
    1    0    0   48    5   43    1950.69185966    0.00011547    3   B-    32
    1    0    0   40   13   27    1950.77283606    0.00012934    3   B-    45
    1    0    0   25   19    7    1950.88776931    0.00014142    2   B-    63
    1    0    0   49    4   46    1950.90334350    0.00011547    3   B-    28
    0    1    0   65    6   60    1951.05380238    0.00014142    2   B-    12
    1    0    0   34   16   18    1951.11411135    0.00013112    4   B-    55
    1    0    0   43   11   33    1951.47914058    0.00012188    4   B-    39
    0    0    1   29   14   15    1952.30476006    0.00014142    2   B-    61
    0    0    1   35   11   24    1953.81740649    0.00014142    2   B-    49
    1    0    0   21   20    2    1954.30700051    0.00014142    2   B-    58
    0    2    0   52    4   48    1954.77788802    0.00020000    1   C-    26
    0    0    1   42    4   39    1954.78326392    0.00014142    2   B-    41
    0    2    0   49    9   41    1955.00283325    0.00014142    2   B-    30
    0    2    0   36   17   19    1955.57791841    0.00014142    2   B-    49
    0    2    0   48   10   38    1956.17216931    0.00020000    1   C-    34
    0    0    1   39    8   31    1956.22656642    0.00013114    3   B-    47
    0    2    0   44   13   31    1956.39075362    0.00014142    2   B-    37
    0    0    1   40    7   34    1957.60465983    0.00011547    3   B-    46
    0    2    0   50    8   42    1958.43155827    0.00018512    2   B-    30
    1    0    0   50    2   48    1958.59003307    0.00015747    3   B-    31
    0    0    1   38    9   30    1959.03667786    0.00014142    2   B-    51
    0    2    0   27   20    8    1959.83323626    0.00020000    1   C-    58
    0    0    1   20   17    4    1959.93858386    0.00011547    3   B-    65
    1    0    0   29   18   12    1960.64109919    0.00012042    4   B-    57
    0    2    0   47   11   37    1961.65831509    0.00014142    2   B-    34
    1    0    0   42   12   30    1962.19152675    0.00012061    4   B-    44
    0    0    1   43    2   41    1962.43275100    0.00010000    4   B-    40
    1    0    0   32   17   15    1962.60677373    0.00010000    4   B-    56
    0    1    0   64    8   56    1962.63226331    0.00020000    1   C-    15
    1    0    0   48    6   42    1963.19836795    0.00013353    3   B-    35
    0    0    1   27   15   12    1963.22505276    0.00011547    3   B-    60
    1    0    0   51    2   50    1963.38904366    0.00014142    2   B-    26
    0    2    0   23   21    3    1963.55850941    0.00020000    1   C-    64
    0    0    1   24   16    9    1963.87408054    0.00011547    3   B-    62
    0    0    1   41    6   35    1964.03337989    0.00011982    3   B-    44
    0    1    0   66    4   62    1964.35846350    0.00020000    1   C-    13
    1    0    0   52    0   52    1965.49924430    0.00014142    2   B-    27
    0    0    1   37   10   27    1965.90753414    0.00033348    3   B-    49
    0    2    0   51    7   45    1966.22740075    0.00014142    2   B-    27
    0    2    0   53    4   50    1966.24580257    0.00014142    2   B-    22
    1    0    0   26   19    7    1967.43528442    0.00014142    2   B-    61
    0    0    1   32   13   20    1967.44094201    0.00014142    2   B-    59
    0    0    1   44    2   43    1967.47878693    0.00011547    3   B-    38
    1    0    0   22   20    2    1968.31556904    0.00014142    2   B-    66
    1    0    0   37   15   23    1968.80606955    0.00010000    4   B-    50
    0    0    1   34   12   23    1969.20531979    0.00020000    1   C-    54
    0    2    0   31   19   13    1969.36681647    0.00020000    1   C-    60
    0    0    1   45    0   45    1969.76899311    0.00014142    2   B-    37
    0    2    0   34   18   16    1969.84282732    0.00020000    1   C-    57
    1    0    0   39   14   26    1969.94824721    0.00011547    3   B-    44
    0    1    0   62   11   51    1970.29293773    0.00020000    1   C-    16
    0    2    0   41   15   27    1970.47437916    0.00020000    1   C-    45
    0    2    0   52    5   47    1970.89561229    0.00011547    3   B-    25
    0    2    0   46   12   34    1971.33399913    0.00013768    3   B-    38
    0    0    1   30   14   17    1971.40349786    0.00014142    2   B-    59
    1    0    0   46    9   37    1971.51535525    0.00012705    4   B-    36
    1    0    0   49    5   45    1971.54847123    0.00014142    2   B-    32
    0    2    0   39   16   24    1971.94157959    0.00020000    1   C-    45
    0    0    1   42    5   38    1972.18297742    0.00011547    3   B-    45
    0    0    1   21   17    4    1973.31811027    0.00011547    3   B-    59
    1    0    0   35   16   20    1973.36810283    0.00012224    4   B-    50
    1    0    0   45   10   36    1973.43885314    0.00014879    3   B-    35
    1    0    0   47    8   40    1973.85840803    0.00017134    3   B-    32
    0    2    0   43   14   30    1974.84420355    0.00014142    2   B-    38
    0    1    0   63   10   54    1976.14172204    0.00020000    1   C-    15
    0    0    1   36   11   26    1976.74547501    0.00011547    3   B-    53
    1    0    0   41   13   29    1976.84208242    0.00010000    4   B-    46
    0    2    0   55    2   54    1976.87522761    0.00020000    1   C-    21
    0    2    0   28   20    8    1977.72796870    0.00020000    1   C-    65
    0    2    0   56    0   56    1977.85742953    0.00014142    2   B-    23
    0    2    0   24   21    3    1978.90509384    0.00020000    1   C-    63
    0    2    0   37   17   21    1979.19458059    0.00020000    1   C-    51
    1    0    0   44   11   33    1979.48289829    0.00010000    4   B-    39
    1    0    0   30   18   12    1979.72624255    0.00026800    2   B-    64
    0    0    1   25   16    9    1979.79653471    0.00011547    3   B-    65
    0    0    1   43    3   40    1980.96659183    0.00014142    2   B-    39
    0    0    1   28   15   14    1981.05327378    0.00011547    3   B-    67
    1    0    0   48    7   41    1981.16821290    0.00014980    4   B-    33
    0    1    0   68    2   66    1981.32356899    0.00020000    1   C-    11
    0    0    1   40    8   33    1981.78717706    0.00011547    3   B-    46
    1    0    0   50    3   47    1981.84459469    0.00013456    4   B-    29
    1    0    0   23   20    4    1982.95993141    0.00014142    2   B-    60
    1    0    0   33   17   17    1983.59408815    0.00017368    2   B-    57
    0    0    1   39    9   30    1983.91890181    0.00011547    3   B-    47
    0    0    1   41    7   34    1983.95817987    0.00014142    2   B-    42
    0    2    0   52    6   46    1983.96493616    0.00020000    1   C-    29
    1    0    0   27   19    9    1984.61935825    0.00014142    2   B-    65
    0    2    0   45   13   33    1985.10929889    0.00012937    3   B-    38
    0    1    0   69    2   68    1985.34076232    0.00020000    1   C-     9
    0    2    0   50    9   41    1987.05360195    0.00020000    1   C-    30
    0    1    0   64    9   55    1987.13218773    0.00020000    1   C-    15
    0    0    1   22   17    6    1987.33464054    0.00011547    3   B-    67
    0    2    0   49   10   40    1987.51712567    0.00020000    1   C-    30
    0    0    1   33   13   20    1988.44884766    0.00014142    2   B-    54
    1    0    0   43   12   32    1989.54153923    0.00022289    4   B-    40
    0    0    1   44    3   42    1989.62482096    0.00010000    4   B-    42
    1    0    0   51    3   49    1989.75471729    0.00010508    4   B-    29
    0    2    0   32   19   13    1989.80689233    0.00020000    1   C-    58
    0    2    0   53    5   49    1989.85417290    0.00020000    1   C-    25
    0    0    1   38   10   29    1990.12631843    0.00011547    3   B-    47
    0    0    1   42    6   37    1990.18395987    0.00014142    2   B-    43
    0    2    0   51    8   44    1991.10582488    0.00020000    1   C-    27
    0    0    1   31   14   17    1991.13874285    0.00011547    3   B-    62
    1    0    0   49    6   44    1991.16827009    0.00011974    3   B-    31
    0    0    1   35   12   23    1991.48972830    0.00014142    2   B-    55
    0    0    1   18   18    1    1991.52797391    0.00014142    2   B-    59
    0    1    0   66    5   61    1992.14152446    0.00020000    1   C-    12
    0    2    0   35   18   18    1992.18948241    0.00020000    1   C-    52
    0    2    0   48   11   37    1992.32766106    0.00020000    1   C-    34
    1    0    0   38   15   23    1992.96439717    0.00014916    4   B-    48
    1    0    0   52    1   51    1994.52487712    0.00014142    2   B-    26
    0    0    1   45    1   44    1994.57799865    0.00014142    2   B-    37
    0    0    1   43    4   39    1994.81426807    0.00014142    2   B-    42
    0    2    0   25   21    5    1994.89035548    0.00020000    1   C-    66
    1    0    0   40   14   26    1995.37766444    0.00012908    4   B-    48
    1    0    0   36   16   20    1996.25795122    0.00014535    4   B-    55
    0    2    0   29   20   10    1996.26077188    0.00020000    1   C-    59
    0    0    1   26   16   11    1996.35564554    0.00014142    2   B-    64
    1    0    0   53    1   53    1996.62640647    0.00016179    2   B-    26
    0    0    1   46    1   46    1996.86434228    0.00014142    2   B-    39
    0    2    0   42   15   27    1997.27267989    0.00020000    1   C-    44
    0    2    0   40   16   24    1997.46691510    0.00020000    1   C-    49
    1    0    0   24   20    4    1998.24133290    0.00021783    2   B-    68
    1    0    0   31   18   14    1999.44745996    0.00015880    3   B-    58
    0    0    1   29   15   14    1999.51823720    0.00014142    2   B-    61
    0    2    0   54    3   51    1999.74152773    0.00025184    2   B-    24
    0    0    1   37   11   26    2000.31242678    0.00014142    2   B-    49
    0    2    0   52    7   45    2001.09466186    0.00020000    1   C-    27
    0    2    0   47   12   36    2001.34223232    0.00014142    2   B-    34
    1    0    0   50    4   46    2001.38084871    0.00011547    3   B-    32
    1    0    0   47    9   39    2001.50680232    0.00014142    2   B-    36
    0    0    1   23   17    6    2001.98802638    0.00015458    3   B-    61
    1    0    0   28   19    9    2002.43873016    0.00019455    2   B-    64
    1    0    0   46   10   36    2002.74775712    0.00020000    1   C-    40
    0    2    0   38   17   21    2003.44911325    0.00020000    1   C-    49
    1    0    0   42   13   29    2003.54699046    0.00011547    3   B-    45
    0    0    1   19   18    1    2003.63829631    0.00014142    2   B-    65
    1    0    0   48    8   40    2004.62217037    0.00012593    3   B-    36
    1    0    0   34   17   17    2005.21673136    0.00014591    3   B-    56
    0    0    1   43    5   38    2005.46982070    0.00013480    3   B-    41
    0    1    0   67    5   63    2006.18919446    0.00020000    1   C-    12
    0    0    1   41    8   33    2008.00303080    0.00014142    2   B-    47
    1    0    0   45   11   35    2008.12503624    0.00010247    5   B+    39
    0    0    1   40    9   32    2009.44375338    0.00011547    3   B-    51
    0    0    1   44    4   41    2009.54116700    0.00014142    2   B-    41
    0    0    1   34   13   22    2010.09416668    0.00011547    3   B-    59
    0    2    0   56    1   55    2010.39794188    0.00014142    2   B-    21
    0    0    1   42    7   36    2010.79401715    0.00013651    3   B-    46
    0    2    0   33   19   15    2010.88526111    0.00020000    1   C-    60
    0    2    0   57    1   57    2011.34877901    0.00014142    2   B-    21
    0    0    1   32   14   19    2011.51081372    0.00014142    2   B-    60
    0    2    0   26   21    5    2011.51438544    0.00020000    1   C-    65
    0    2    0   53    6   48    2011.68442508    0.00020000    1   C-    24
    1    0    0   49    7   43    2012.02499062    0.00014142    2   B-    33
    0    0    1   27   16   11    2013.55123058    0.00014142    2   B-    67
    1    0    0   51    4   48    2013.81184504    0.00011547    3   B-    28
    1    0    0   25   20    6    2014.15777649    0.00031820    2   B-    62
    0    0    1   36   12   25    2014.41208590    0.00011547    3   B-    54
    0    1    0   66    6   60    2014.71323530    0.00020000    1   C-    14
    0    0    1   39   10   29    2014.98575633    0.00011547    3   B-    49
    0    2    0   36   18   18    2015.17477284    0.00020000    1   C-    57
    1    0    0   50    5   45    2015.57105015    0.00013292    3   B-    32
    0    1    0   68    3   65    2016.16139696    0.00020000    1   C-    11
    0    0    1   20   18    3    2016.38553131    0.00014142    2   B-    63
    0    0    1   45    2   43    2017.26848583    0.00013384    3   B-    40
    0    0    1   24   17    8    2017.27823290    0.00014142    2   B-    69
    1    0    0   44   12   32    2017.53030947    0.00013717    3   B-    44
    1    0    0   39   15   25    2017.75849810    0.00011704    4   B-    50
    0    0    1   30   15   16    2018.61971108    0.00014142    2   B-    68
    0    0    1   43    6   37    2019.10271473    0.00020000    1   C-    44
    0    2    0   50   10   40    2019.50852359    0.00020000    1   C-    34
    1    0    0   37   16   22    2019.78286540    0.00013216    3   B-    50
    1    0    0   32   18   14    2019.80413114    0.00020000    1   C-    65
    1    0    0   21   21    1    2020.56259018    0.00014142    2   B-    67
    1    0    0   29   19   11    2020.89377416    0.00020000    1   C-    66
    1    0    0   41   14   28    2021.44358080    0.00013531    4   B-    44
    1    0    0   52    2   50    2021.47384681    0.00021178    2   B-    30
    0    0    1   46    2   45    2022.26228814    0.00013203    3   B-    38
    0    2    0   54    4   50    2023.02151164    0.00014142    2   B-    26
    0    2    0   41   16   26    2023.62936652    0.00020000    1   C-    45
    0    2    0   49   11   39    2023.63991265    0.00020000    1   C-    34
    0    0    1   38   11   28    2024.51831663    0.00014142    2   B-    53
    0    0    1   47    0   47    2024.54065365    0.00014142    2   B-    37
    1    0    0   53    2   52    2026.23962841    0.00014142    2   B-    26
    1    0    0   35   17   19    2027.47503635    0.00011288    4   B-    57
    0    0    1   44    5   40    2027.74574325    0.00010000    4   B-    45
    1    0    0   50    6   44    2027.94101781    0.00014142    2   B-    35
    1    0    0   54    0   54    2028.33310656    0.00014142    2   B-    27
    0    0    1   21   18    3    2029.76988611    0.00011547    3   B-    69
    1    0    0   26   20    6    2030.71153863    0.00014142    2   B-    70
    1    0    0   43   13   31    2030.88917601    0.00012134    3   B-    46
    0    1    0   66    7   59    2031.34039170    0.00020000    1   C-    14
    0    0    1   28   16   13    2031.38371934    0.00014142    2   B-    66
    0    2    0   48   12   36    2031.99143140    0.00014142    2   B-    38
    1    0    0   48    9   39    2032.15077062    0.00016942    3   B-    36
    0    0    1   35   13   22    2032.37639188    0.00011547    3   B-    54
    0    0    1   33   14   19    2032.51984991    0.00011547    3   B-    62
    1    0    0   47   10   38    2032.69788360    0.00011547    3   B-    35
    0    0    1   25   17    8    2033.20547387    0.00011547    3   B-    63
    0    2    0   53    7   47    2033.83824837    0.00020000    1   C-    27
    0    2    0   55    4   52    2034.02346820    0.00020000    1   C-    22
    1    0    0   22   21    1    2034.57547815    0.00024967    2   B-    66
    0    0    1   42    8   35    2034.85431739    0.00014142    2   B-    46
    0    1    0   67    6   62    2035.20663530    0.00020000    1   C-    12
    1    0    0   51    5   47    2035.52418625    0.00011547    3   B-    32
    0    0    1   41    9   32    2035.61231309    0.00014142    2   B-    47
    1    0    0   49    8   42    2035.92058802    0.00014467    3   B-    32
    0    0    1   45    3   42    2037.20416023    0.00011547    3   B-    39
    1    0    0   46   11   35    2037.40694073    0.00011547    3   B-    39
    0    0    1   37   12   25    2037.97220683    0.00011547    3   B-    55
    0    0    1   31   15   16    2038.35803063    0.00011547    3   B-    62
    0    0    1   43    7   36    2038.52020339    0.00011547    3   B-    42
    1    0    0   30   19   11    2039.98531586    0.00020000    1   C-    64
    0    0    1   40   10   31    2040.48596559    0.00011547    3   B-    47
    0    2    0   56    2   54    2040.78210756    0.00020000    1   C-    24
    1    0    0   33   18   16    2040.79633080    0.00025793    2   B-    59
    0    2    0   54    5   49    2040.89987999    0.00020000    1   C-    25
    1    0    0   40   15   25    2043.18759396    0.00018266    2   B-    48
    0    0    1   22   18    5    2043.79112915    0.00011547    3   B-    67
    1    0    0   38   16   22    2043.94297682    0.00020000    1   C-    55
    0    2    0   57    2   56    2044.50045138    0.00020000    1   C-    21
    1    0    0   50    7   43    2045.02277193    0.00014142    2   B-    33
    0    2    0   58    0   58    2045.42159691    0.00014142    2   B-    23
    0    0    1   46    3   44    2045.59067582    0.00011547    3   B-    42
    1    0    0   52    3   49    2045.99581505    0.00020000    1   C-    29
    0    0    1   44    6   39    2046.03702939    0.00011547    3   B-    43
    1    0    0   45   12   34    2046.15638878    0.00018152    3   B-    40
    1    0    0   27   20    8    2047.90159773    0.00020000    1   C-    64
    1    0    0   42   14   28    2048.14501001    0.00015478    3   B-    48
    0    1    0   66    8   58    2048.23198331    0.00020000    1   C-    15
    0    1    0   68    4   64    2048.47920473    0.00020000    1   C-    13
    1    0    0   23   21    3    2049.22649113    0.00014142    2   B-    69
    0    0    1   39   11   28    2049.36332451    0.00011547    3   B-    49
    0    0    1   26   17   10    2049.76939578    0.00011547    3   B-    71
    0    0    1   29   16   13    2049.85295952    0.00011547    3   B-    68
    1    0    0   36   17   19    2050.36814103    0.00025603    2   B-    56
    0    0    1   47    1   46    2050.52348840    0.00014142    2   B-    37
    0    1    0   64   11   53    2051.65599773    0.00020000    1   C-    16
    0    2    0   51   10   42    2052.14345723    0.00014142    2   B-    30
    0    0    1   45    4   41    2052.69941385    0.00014142    2   B-    42
    0    0    1   48    1   48    2052.79703067    0.00014142    2   B-    39
    0    2    0   52    9   43    2053.09540981    0.00020000    1   C-    30
    1    0    0   53    3   51    2053.79007128    0.00025687    2   B-    29
    0    0    1   34   14   21    2054.16573582    0.00014142    2   B-    60
    0    2    0   54    6   48    2054.46622237    0.00020000    1   C-    29
    0    2    0   35   19   17    2054.95570648    0.00020000    1   C-    60
    0    0    1   36   13   24    2055.29606319    0.00011547    3   B-    59
    0    2    0   50   11   39    2055.59518265    0.00020000    1   C-    34
    1    0    0   51    6   46    2055.80876822    0.00020000    1   C-    31
    0    0    1   23   18    5    2058.44972154    0.00011547    3   B-    71
    0    1    0   69    4   66    2058.46169350    0.00020000    1   C-    10
    1    0    0   54    1   53    2058.53390955    0.00014142    2   B-    26
    0    2    0   53    8   46    2058.60756555    0.00014142    2   B-    27
    0    0    1   32   15   18    2058.73301456    0.00014142    2   B-    69
    0    2    0   55    5   51    2058.81778983    0.00014142    2   B-    25
    1    0    0   44   13   31    2058.86800890    0.00011327    4   B-    45
    1    0    0   31   19   13    2059.71228287    0.00014142    2   B-    66
    1    0    0   55    1   55    2060.61883743    0.00014142    2   B-    26
    0    2    0   46   14   32    2060.98563923    0.00020000    1   C-    43
    0    0    1   38   12   27    2062.17051861    0.00011547    3   B-    54
    0    0    1   43    8   35    2062.37141201    0.00011547    3   B-    47
    0    0    1   42    9   34    2062.42403559    0.00011547    3   B-    51
    1    0    0   34   18   16    2062.42422648    0.00020139    2   B-    65
    0    0    1   19   19    0    2063.11214054    0.00014142    2   B-    62
    0    2    0   49   12   38    2063.28258458    0.00020000    1   C-    34
    1    0    0   48   10   38    2063.29144725    0.00014142    2   B-    40
    1    0    0   49    9   41    2063.43186409    0.00011547    3   B-    36
    0    0    1   45    5   40    2064.00685175    0.00014142    2   B-    41
    1    0    0   24   21    3    2064.51211370    0.00014142    2   B-    68
    0    2    0   29   21    9    2065.21922400    0.00020000    1   C-    69
    0    1    0   70    2   68    2065.29339899    0.00020000    1   C-    11
    1    0    0   28   20    8    2065.72565740    0.00018061    2   B-    71
    0    0    1   44    7   38    2066.58541758    0.00014142    2   B-    46
    0    0    1   41   10   31    2066.62710747    0.00011547    3   B-    49
    0    0    1   46    4   43    2066.65453834    0.00013181    3   B-    41
    0    0    1   27   17   10    2066.96994006    0.00011547    3   B-    65
    1    0    0   52    4   48    2067.09917637    0.00014782    3   B-    32
    1    0    0   47   11   37    2067.32866547    0.00014142    2   B-    39
    1    0    0   50    8   42    2068.03112613    0.00014142    2   B-    36
    1    0    0   39   16   24    2068.73875383    0.00013229    3   B-    50
    0    0    1   30   16   15    2068.95843384    0.00011547    3   B-    67
    1    0    0   41   15   27    2069.25227416    0.00014142    2   B-    50
    0    1    0   72    0   72    2070.57262336    0.00020000    1   C-     9
    0    2    0   54    7   47    2070.71953795    0.00014142    2   B-    27
    0    1    0   66    9   57    2071.74944794    0.00020000    1   C-    15
    0    0    1   24   18    7    2073.74506912    0.00011547    3   B-    69
    1    0    0   37   17   21    2073.89712154    0.00012714    3   B-    57
    0    0    1   47    2   45    2074.41534046    0.00014142    2   B-    40
    0    0    1   40   11   30    2074.84774437    0.00020000    1   C-    53
    1    0    0   46   12   34    2075.42026467    0.00022903    2   B-    44
    1    0    0   43   14   30    2075.48298129    0.00014142    2   B-    44
    0    2    0   57    3   55    2075.50027163    0.00020000    1   C-    23
    0    0    1   20   19    2    2075.86426367    0.00014142    2   B-    72
    0    0    1   35   14   21    2076.44816757    0.00014142    2   B-    62
    1    0    0   51    7   45    2076.81238827    0.00020000    1   C-    33
    0    0    1   45    6   39    2076.95770684    0.00014142    2   B-    44
    0    0    1   37   13   24    2078.85295386    0.00014142    2   B-    54
    1    0    0   53    4   50    2079.04264606    0.00014142    2   B-    28
    0    2    0   58    1   57    2079.18101867    0.00020000    1   C-    21
    0    0    1   48    2   47    2079.36746711    0.00014142    2   B-    38
    0    0    1   33   15   18    2079.74447990    0.00014142    2   B-    63
    0    2    0   59    1   59    2080.07291702    0.00020000    1   C-    21
    1    0    0   32   19   13    2080.07489495    0.00020000    1   C-    65
    1    0    0   25   21    5    2080.43593078    0.00020000    1   C-    71
    0    2    0   55    6   50    2081.52858361    0.00020000    1   C-    24
    0    0    1   49    0   49    2081.63433232    0.00014142    2   B-    37
    1    0    0   52    5   47    2082.87886964    0.00014142    2   B-    32
    1    0    0   29   20   10    2084.18699688    0.00020000    1   C-    65
    1    0    0   35   18   18    2084.68683229    0.00020000    1   C-    59
    0    0    1   28   17   12    2084.80743217    0.00020000    1   C-    73
    0    0    1   46    5   42    2085.75766434    0.00020000    1   C-    45
    1    0    0   54    2   52    2086.67052117    0.00015776    3   B-    30
    0    0    1   39   12   27    2087.00667535    0.00014142    2   B-    55
    1    0    0   45   13   33    2087.48393373    0.00018561    2   B-    46
    0    0    1   31   16   15    2088.70074016    0.00011547    3   B-    69
    0    0    1   21   19    2    2089.25375345    0.00011547    3   B-    66
    0    0    1   25   18    7    2089.67757178    0.00011547    3   B-    73
    0    0    1   43    9   34    2089.88090546    0.00012655    3   B-    47
    0    0    1   44    8   37    2090.51240979    0.00011547    3   B-    46
    1    0    0   55    2   54    2091.40676704    0.00020000    1   C-    26
    0    0    1   42   10   33    2093.40961720    0.00014142    2   B-    47
    1    0    0   56    0   56    2093.48281480    0.00020000    1   C-    26
    0    2    0   56    4   52    2093.48970136    0.00020000    1   C-    27
    0    2    0   54    8   46    2093.63246237    0.00020000    1   C-    31
    1    0    0   40   16   24    2094.16973296    0.00020000    1   C-    55
    1    0    0   49   10   40    2094.52601794    0.00014142    2   B-    35
    1    0    0   50    9   41    2095.37087896    0.00016994    3   B-    36
    1    0    0   52    6   46    2095.44987000    0.00014142    2   B-    35
    0    0    1   47    3   44    2095.69860639    0.00011547    3   B-    39
    0    0    1   45    7   38    2095.73491394    0.00014142    2   B-    42
    1    0    0   42   15   27    2095.95323666    0.00014142    2   B-    48
    1    0    0   26   21    5    2096.99529674    0.00020000    1   C-    70
    1    0    0   48   11   37    2097.88888986    0.00020000    1   C-    39
    1    0    0   38   17   21    2098.06140234    0.00026413    2   B-    56
    0    0    1   36   14   23    2099.36780019    0.00011547    3   B-    60
    1    0    0   51    8   44    2100.58208311    0.00014535    3   B-    32
    0    0    1   41   11   30    2100.97145030    0.00014142    2   B-    49
    1    0    0   33   19   15    2101.07261602    0.00020000    1   C-    66
    0    1    0   70    3   67    2101.33641696    0.00020000    1   C-    11
    0    0    1   34   15   20    2101.39245916    0.00011547    3   B-    69
    1    0    0   53    5   49    2101.87007040    0.00013814    3   B-    32
    0    0    1   38   13   26    2103.04726327    0.00011547    3   B-    60
    0    0    1   22   19    4    2103.28060939    0.00014142    2   B-    75
    0    0    1   29   17   12    2103.28131475    0.00011547    3   B-    67
    1    0    0   30   20   10    2103.28461067    0.00020000    1   C-    72
    1    0    0   44   14   30    2103.45601292    0.00017180    3   B-    48
    1    0    0   22   22    0    2103.81107505    0.00020000    1   C-    76
    0    0    1   48    3   46    2103.87890687    0.00011547    3   B-    42
    0    0    1   46    6   41    2104.44784642    0.00015072    3   B-    43
    1    0    0   47   12   36    2105.32267864    0.00014142    2   B-    40
    0    0    1   26   18    9    2106.24678331    0.00011547    3   B-    71
    0    2    0   49   13   37    2106.37667403    0.00020000    1   C-    38
    1    0    0   36   18   18    2107.58546523    0.00027174    2   B-    65
    0    0    1   49    1   48    2108.79001028    0.00014142    2   B-    36
    0    0    1   32   16   17    2109.07966315    0.00016201    2   B-    68
    0    2    0   58    2   56    2110.79362252    0.00020000    1   C-    24
    0    0    1   50    1   50    2111.05162427    0.00020000    1   C-    39
    1    0    0   52    7   45    2111.63276328    0.00014142    2   B-    33
    1    0    0   54    3   51    2112.43819714    0.00010773    4   B-    29
    0    0    1   40   12   29    2112.48130254    0.00020000    1   C-    54
    0    0    1   47    4   43    2112.86924146    0.00019262    3   B-    42
    1    0    0   27   21    7    2114.19011393    0.00014142    2   B-    73
    0    2    0   59    2   58    2114.44262138    0.00020000    1   C-    21
    0    2    0   60    0   60    2115.30257786    0.00020000    1   C-    22
    1    0    0   46   13   33    2116.73610740    0.00020000    1   C-    45
    0    0    1   23   19    4    2117.94454780    0.00014142    2   B-    69
    0    0    1   44    9   36    2117.98093978    0.00011547    3   B-    51
    1    0    0   23   22    2    2118.46641945    0.00020000    1   C-    70
    0    0    1   45    8   37    2119.33848014    0.00014142    2   B-    47
    0    2    0   53   10   44    2119.35253176    0.00020000    1   C-    30
    1    0    0   55    3   53    2120.13995547    0.00014142    2   B-    29
    1    0    0   41   16   26    2120.23613303    0.00020000    1   C-    50
    0    0    1   43   10   33    2120.83367585    0.00014142    2   B-    49
    0    2    0   54    9   45    2121.74450591    0.00020000    1   C-    30
    0    0    1   30   17   14    2122.39193441    0.00011547    3   B-    74
    1    0    0   34   19   15    2122.70622826    0.00020000    1   C-    65
    1    0    0   39   17   23    2122.86005965    0.00020000    1   C-    57
    0    0    1   37   14   23    2122.92422701    0.00012260    3   B-    62
    1    0    0   53    6   48    2122.92568950    0.00014142    2   B-    31
    1    0    0   31   20   12    2123.01720734    0.00020000    1   C-    66
    1    0    0   43   15   29    2123.28947631    0.00014142    2   B-    50
    0    0    1   27   18    9    2123.45296685    0.00011547    3   B-    75
    0    0    1   35   15   20    2123.67734565    0.00011547    3   B-    63
    1    0    0   56    1   55    2124.85800010    0.00014142    2   B-    26
    0    0    1   46    7   40    2124.97867202    0.00014142    2   B-    46
    0    0    1   47    5   42    2125.16337567    0.00011547    3   B-    41
    0    0    1   48    4   45    2126.11069495    0.00011547    3   B-    41
    1    0    0   50   10   40    2126.40344968    0.00020000    1   C-    40
    1    0    0   57    1   57    2126.92719369    0.00014142    2   B-    25
    0    2    0   56    6   50    2127.63470136    0.00020000    1   C-    29
    0    0    1   42   11   32    2127.73488855    0.00011547    3   B-    53
    0    0    1   39   13   26    2127.87892303    0.00014142    2   B-    54
    1    0    0   51    9   43    2127.94110850    0.00047480    2   B-    36
    1    0    0   49   11   39    2129.09067150    0.00014142    2   B-    39
    0    0    1   33   16   17    2130.09481637    0.00013543    3   B-    70
    0    2    0   57    5   53    2130.12757258    0.00020000    1   C-    26
    1    0    0   37   18   20    2131.11948082    0.00020000    1   C-    59
    1    0    0   28   21    7    2132.02187530    0.00020000    1   C-    72
    1    0    0   45   14   32    2132.06639617    0.00030911    2   B-    44
    0    0    1   24   19    6    2133.24563653    0.00011547    3   B-    77
    1    0    0   24   22    2    2133.75892232    0.00020000    1   C-    78
    0    0    1   49    2   47    2133.87609244    0.00014142    2   B-    40
    1    0    0   52    8   44    2134.07294853    0.00014515    3   B-    36
    0    1    0   70    4   66    2134.89557473    0.00020000    1   C-    13
    1    0    0   54    4   50    2135.03347816    0.00020000    1   C-    32
    1    0    0   48   12   36    2135.86276535    0.00036795    2   B-    44
    0    0    1   47    6   41    2137.61898522    0.00014142    2   B-    44
    0    0    1   20   20    1    2138.34566753    0.00014142    2   B-    69
    0    0    1   41   12   29    2138.59427085    0.00014142    2   B-    55
    0    0    1   50    2   49    2138.79382962    0.00014142    2   B-    38
    0    0    1   51    0   51    2141.04947615    0.00014142    2   B-    37
    0    0    1   28   18   11    2141.29579001    0.00014142    2   B-    73
    0    0    1   31   17   14    2142.13911113    0.00020000    1   C-    68
    1    0    0   32   20   12    2143.38675647    0.00020000    1   C-    73
    1    0    0   53    7   47    2144.17433871    0.00020000    1   C-    33
    1    0    0   35   19   17    2144.97492095    0.00020000    1   C-    66
    0    0    1   48    5   44    2146.19284507    0.00014142    2   B-    45
    1    0    0   55    4   52    2146.58905406    0.00014142    2   B-    28
    0    0    1   36   15   22    2146.59856200    0.00014142    2   B-    68
    1    0    0   47   13   35    2146.62550087    0.00020000    1   C-    46
    0    2    0   59    3   57    2146.66750972    0.00020000    1   C-    23
    0    0    1   45    9   36    2146.72827127    0.00014142    2   B-    47
    1    0    0   42   16   26    2146.93823896    0.00014142    2   B-    55
    0    0    1   38   14   25    2147.11759341    0.00020000    1   C-    60
    1    0    0   40   17   23    2148.29455780    0.00020000    1   C-    56
    0    0    1   46    8   39    2148.76553666    0.00014142    2   B-    46
    0    0    1   44   10   35    2148.89980789    0.00014142    2   B-    47
    0    0    1   25   19    6    2149.18371287    0.00011547    3   B-    71
    1    0    0   25   22    4    2149.68834979    0.00020000    1   C-    72
    0    2    0   60    1   59    2150.28108433    0.00020000    1   C-    21
    1    0    0   29   21    9    2150.48898972    0.00020000    1   C-    74
    0    2    0   61    1   61    2151.11229070    0.00020000    1   C-    21
    1    0    0   44   15   29    2151.26037446    0.00019287    3   B-    48
    0    0    1   21   20    1    2151.74104426    0.00018407    3   B-    75
    0    0    1   34   16   19    2151.74671825    0.00014142    2   B-    69
    1    0    0   54    5   49    2152.53505852    0.00014142    2   B-    32
    0    0    1   40   13   28    2153.34815649    0.00014142    2   B-    60
    0    2    0   54   10   44    2153.92816598    0.00020000    1   C-    34
    1    0    0   56    2   54    2154.17940828    0.00014142    2   B-    30
    0    0    1   43   11   32    2155.13800167    0.00011547    3   B-    49
    1    0    0   38   18   20    2155.28753169    0.00020000    1   C-    65
    0    0    1   47    7   40    2155.62825908    0.00014142    2   B-    42
    0    0    1   49    3   46    2156.46248268    0.00014142    2   B-    39
    1    0    0   57    2   56    2158.88790834    0.00020000    1   C-    26
    1    0    0   51   10   42    2158.92393951    0.00014142    2   B-    35
    1    0    0   50   11   39    2160.93193719    0.00014142    2   B-    39
    1    0    0   58    0   58    2160.94970237    0.00014142    2   B-    26
    1    0    0   52    9   43    2161.18226172    0.00020000    1   C-    36
    1    0    0   46   14   32    2161.31220044    0.00014142    2   B-    48
    0    0    1   32   17   16    2162.52273371    0.00014142    2   B-    75
    0    0    1   50    3   48    2164.48708756    0.00011547    3   B-    42
    0    0    1   42   12   31    2165.34551778    0.00011547    3   B-    54
    0    0    1   48    6   43    2165.39622036    0.00014142    2   B-    43
    1    0    0   54    6   48    2165.66719690    0.00020000    1   C-    35
    0    0    1   26   19    8    2165.75874995    0.00011547    3   B-    79
    0    0    1   22   20    3    2165.77332682    0.00011547    3   B-    73
    0    2    0   58    4   54    2166.19647041    0.00020000    1   C-    27
    1    0    0   26   22    4    2166.25350710    0.00020000    1   C-    80
    1    0    0   49   12   38    2167.04095954    0.00020000    1   C-    40
    1    0    0   53    8   46    2167.84413487    0.00020000    1   C-    32
    1    0    0   36   19   17    2167.87853624    0.00020000    1   C-    65
    0    0    1   51    1   50    2169.37669813    0.00014142    2   B-    36
    1    0    0   30   21    9    2169.59329073    0.00020000    1   C-    73
    0    0    1   37   15   22    2170.15642260    0.00011547    3   B-    62
    1    0    0   55    5   51    2170.56731034    0.00020000    1   C-    32
    0    0    1   52    1   52    2171.62715430    0.00014142    2   B-    39
    0    0    1   39   14   25    2171.94771198    0.00011547    3   B-    62
    0    0    1   35   16   19    2174.03490816    0.00020000    1   C-    70
    1    0    0   43   16   28    2174.27525505    0.00020000    1   C-    50
    1    0    0   41   17   25    2174.36406770    0.00020000    1   C-    58
    0    0    1   49    4   45    2175.27898611    0.00017697    3   B-    42
    0    0    1   46    9   38    2176.11799786    0.00011547    3   B-    51
    0    0    1   45   10   35    2177.60773740    0.00014142    2   B-    49
    0    0    1   30   18   13    2178.89203397    0.00018641    3   B-    74
    0    0    1   47    8   39    2178.91333656    0.00011547    3   B-    47
    0    0    1   41   13   28    2179.45478307    0.00012161    3   B-    54
    1    0    0   45   15   31    2179.86782136    0.00020000    1   C-    50
    1    0    0   39   18   22    2180.09163327    0.00020000    1   C-    59
    0    0    1   23   20    3    2180.44300716    0.00020000    1   C-    78
    1    0    0   56    3   53    2181.17565026    0.00020000    1   C-    29
    0    0    1   27   19    8    2182.97077293    0.00014142    2   B-    73
    0    0    1   44   11   34    2183.18119291    0.00011547    3   B-    53
    1    0    0   27   22    6    2183.45582608    0.00020000    1   C-    74
    0    0    1   33   17   16    2183.54326412    0.00011547    3   B-    69
    0    0    1   48    7   42    2185.97079909    0.00011547    3   B-    46
    1    0    0   34   20   14    2186.03038873    0.00020000    1   C-    73
    0    2    0   62    0   62    2187.50003067    0.00020000    1   C-    21
    0    0    1   50    4   47    2187.90014425    0.00014142    2   B-    41
    1    0    0   57    3   55    2188.80292467    0.00014142    2   B-    29
    0    0    1   49    5   44    2188.86060587    0.00014142    2   B-    41
    1    0    0   31   21   11    2189.33223949    0.00020000    1   C-    75
    1    0    0   23   23    1    2190.64847608    0.00020000    1   C-    79
    1    0    0   37   19   19    2191.41794199    0.00045637    2   B-    66
    1    0    0   52   10   42    2192.08942690    0.00020000    1   C-    40
    1    0    0   55    6   50    2192.49407926    0.00020000    1   C-    31
    0    0    1   43   12   31    2192.73542632    0.00013501    3   B-    55
    1    0    0   51   11   41    2193.41288603    0.00020000    1   C-    39
    0    0    1   38   15   24    2194.35094120    0.00011547    3   B-    68
    1    0    0   53    9   45    2195.03844208    0.00020000    1   C-    36
    1    0    0   59    1   59    2195.55048333    0.00014142    2   B-    25
    0    0    1   51    2   49    2195.65066710    0.00014142    2   B-    40
    0    0    1   24   20    5    2195.74979397    0.00021158    2   B-    76
    0    0    1   36   16   21    2196.95955160    0.00014142    2   B-    69
    0    0    1   40   14   27    2197.41480883    0.00014142    2   B-    60
    0    0    1   31   18   13    2198.64502192    0.00011547    3   B-    77
    0    0    1   52    2   51    2200.54017212    0.00014142    2   B-    37
    0    0    1   28   19   10    2200.81993856    0.00011547    3   B-    81
    1    0    0   42   17   25    2201.06878368    0.00020000    1   C-    56
    0    0    1   49    6   43    2201.08798047    0.00014142    2   B-    44
    1    0    0   44   16   28    2202.24624783    0.00020000    1   C-    55
    1    0    0   54    8   46    2202.76721105    0.00020000    1   C-    36
    0    0    1   53    0   53    2202.78501147    0.00014142    2   B-    37
    1    0    0   56    4   52    2205.19437334    0.00014142    2   B-    32
    0    0    1   34   17   18    2205.20000676    0.00011547    3   B-    75
    1    0    0   40   18   22    2205.53080767    0.00014142    2   B-    65
    1    0    0   24   23    1    2205.94685552    0.00020000    1   C-    77
    0    0    1   47    9   38    2206.15838341    0.00014142    2   B-    47
    0    0    1   42   13   30    2206.19910036    0.00014142    2   B-    60
    0    0    1   46   10   37    2206.95828108    0.00020000    1   C-    47
    1    0    0   35   20   16    2208.30566063    0.00020000    1   C-    67
    1    0    0   49   13   37    2208.31618987    0.00020000    1   C-    46
    0    0    1   50    5   46    2209.02778863    0.00011547    3   B-    45
    1    0    0   46   15   31    2209.11041496    0.00020000    1   C-    48
    0    0    1   48    8   41    2209.61780427    0.00014142    2   B-    46
    0    0    1   25   20    5    2211.69444704    0.00011547    3   B-    80
    0    0    1   45   11   34    2211.86448425    0.00014142    2   B-    49
    1    0    0   55    7   49    2214.09453882    0.00032898    2   B-    33
    1    0    0   38   19   19    2215.59286132    0.00020000    1   C-    65
    0    0    1   21   21    0    2217.19977505    0.00020000    1   C-    73
    0    0    1   49    7   42    2218.23210189    0.00014142    2   B-    42
    0    0    1   32   18   15    2219.03463641    0.00011547    3   B-    75
    0    0    1   39   15   24    2219.18187088    0.00012931    3   B-    62
    0    0    1   29   19   10    2219.30586315    0.00012985    3   B-    75
    0    0    1   51    3   48    2219.50765845    0.00014142    2   B-    39
    0    0    1   37   16   21    2220.52103891    0.00014142    2   B-    70
    0    0    1   44   12   33    2220.76373431    0.00014142    2   B-    54
    1    0    0   48   14   34    2221.71180700    0.00014142    2   B-    48
    0    0    1   41   14   27    2223.51892916    0.00014142    2   B-    62
    1    0    0   58    2   56    2223.99896710    0.00032347    2   B-    30
    0    2    0   63    1   63    2224.46702837    0.00020000    1   C-    21
    0    0    1   52    3   50    2227.41387181    0.00014142    2   B-    42
    0    0    1   35   17   18    2227.49304494    0.00011547    3   B-    69
    0    0    1   26   20    7    2228.27603017    0.00014142    2   B-    78
    1    0    0   43   17   27    2228.40806019    0.00014142    2   B-    58
    1    0    0   59    2   58    2228.68427861    0.00020000    1   C-    25
    0    0    1   50    6   45    2228.85866402    0.00014142    2   B-    43
    1    0    0   54    9   45    2229.58995225    0.00020000    1   C-    36
    1    0    0   33   21   13    2230.71996097    0.00020000    1   C-    76
    1    0    0   60    0   60    2230.73019370    0.00020000    1   C-    25
    0    0    1   22   21    2    2231.23808561    0.00011547    3   B-    83
    1    0    0   51   12   40    2231.31243708    0.00020000    1   C-    40
    0    0    1   53    1   52    2232.28243841    0.00015774    2   B-    36
    0    0    1   43   13   30    2233.58106022    0.00011547    3   B-    54
    0    0    1   54    1   54    2234.52250156    0.00014142    2   B-    39
    0    0    1   48    9   40    2236.83855747    0.00014142    2   B-    51
    0    0    1   47   10   37    2236.95175222    0.00011547    3   B-    49
    0    0    1   30   19   12    2238.42833647    0.00020000    1   C-    82
    1    0    0   26   23    3    2238.45456023    0.00020000    1   C-    79
    1    0    0   56    6   50    2238.52384485    0.00054047    2   B-    35
    0    0    1   51    4   47    2239.90639048    0.00014142    2   B-    42
    0    0    1   33   18   15    2240.06080174    0.00011547    3   B-    78
    1    0    0   39   19   21    2240.40264199    0.00020000    1   C-    66
    0    0    1   49    8   41    2241.10604342    0.00014142    2   B-    47
    0    0    1   46   11   36    2241.18808885    0.00011547    3   B-    54
    1    0    0   57    5   53    2241.60325110    0.00020000    1   C-    31
    0    0    1   40   15   26    2244.64945419    0.00011972    3   B-    68
    0    0    1   38   16   23    2244.71833750    0.00011547    3   B-    69
    0    0    1   27   20    7    2245.49484945    0.00014142    2   B-    82
    0    0    1   23   21    2    2245.91437979    0.00020000    1   C-    77
    0    0    1   45   12   33    2249.43096848    0.00014142    2   B-    55
    0    0    1   50    7   44    2249.55489982    0.00016863    2   B-    46
    0    0    1   42   14   29    2250.26009869    0.00013414    3   B-    60
    0    0    1   36   17   20    2250.42257246    0.00014142    2   B-    75
    0    0    1   52    4   49    2252.01512263    0.00014142    2   B-    41
    1    0    0   58    3   55    2252.21154798    0.00020000    1   C-    29
    1    0    0   34   21   13    2252.36579318    0.00020000    1   C-    75
    1    0    0   56    7   49    2253.24120458    0.00018630    2   B-    33
    1    0    0   37   20   18    2254.76292229    0.00020000    1   C-    67
    0    0    1   51    5   46    2255.01479966    0.00014142    2   B-    41
    1    0    0   44   17   27    2256.38232887    0.00020000    1   C-    56
    0    0    1   31   19   12    2258.18753647    0.00020000    1   C-    76
    0    0    1   53    2   51    2259.74023128    0.00014142    2   B-    39
    1    0    0   59    3   57    2259.77837891    0.00014142    2   B-    29
    1    0    0   53   11   43    2260.29855902    0.00020000    1   C-    40
    0    0    1   24   21    4    2261.22801845    0.00014142    2   B-    86
    0    0    1   44   13   32    2261.60056239    0.00014142    2   B-    60
    0    0    1   34   18   17    2261.72333359    0.00014142    2   B-    76
    0    0    1   28   20    9    2263.35080251    0.00014142    2   B-    80
    1    0    0   52   12   40    2264.40798708    0.00020000    1   C-    44
    0    0    1   54    2   53    2264.60523955    0.00014142    2   B-    37
    1    0    0   55    9   47    2264.72925128    0.00014142    2   B-    36
    1    0    0   61    1   61    2266.48731817    0.00020000    1   C-    25
    0    0    1   55    0   55    2266.83990743    0.00014142    2   B-    37
    0    0    1   51    6   45    2267.33867065    0.00011547    3   B-    45
    0    0    1   48   10   39    2267.58808165    0.00011547    3   B-    47
    0    0    1   49    9   40    2268.17559468    0.00014142    2   B-    47
    0    0    1   39   16   23    2269.55213505    0.00011547    3   B-    70
    0    0    1   41   15   26    2270.75371303    0.00020000    1   C-    62
    0    0    1   47   11   36    2271.15239667    0.00014142    2   B-    49
    0    0    1   50    8   43    2273.07229128    0.00014142    2   B-    46
    0    0    1   37   17   20    2273.98832327    0.00020000    1   C-    69
    1    0    0   56    8   48    2274.14150716    0.00020000    1   C-    36
    0    0    1   52    5   48    2274.24120819    0.00032014    2   B-    45
    0    0    1   25   21    4    2277.17908710    0.00020000    1   C-    80
    1    0    0   58    4   54    2277.59780481    0.00014142    2   B-    32
    0    0    1   43   14   29    2277.63753530    0.00014142    2   B-    62
    0    0    1   32   19   14    2278.58340647    0.00020000    1   C-    83
    0    0    1   46   12   35    2278.73718413    0.00014142    2   B-    54
    1    0    0   38   20   18    2278.94345724    0.00020000    1   C-    73
    0    0    1   29   20    9    2281.84370331    0.00011547    3   B-    84
    0    0    1   51    7   44    2283.58291815    0.00014142    2   B-    42
    0    0    1   35   18   17    2284.02230359    0.00014142    2   B-    78
    0    0    1   53    3   50    2284.84301606    0.00014142    2   B-    39
    0    0    1   45   13   32    2290.25797560    0.00020000    1   C-    54
    0    0    1   54    3   52    2292.65755794    0.00014142    2   B-    42
    0    0    1   26   21    6    2293.76746968    0.00014142    2   B-    88
    0    0    1   52    6   47    2294.81018349    0.00014142    2   B-    43
    0    0    1   40   16   25    2295.02230069    0.00014142    2   B-    69
    1    0    0   60    2   58    2296.13015300    0.00020000    1   C-    30
    0    0    1   42   15   28    2297.49405206    0.00014142    2   B-    68
    0    0    1   55    1   54    2297.50653834    0.00020000    1   C-    36
    0    0    1   38   17   22    2298.19021790    0.00014142    2   B-    75
    0    0    1   49   10   39    2298.86836693    0.00016022    2   B-    49
    0    0    1   33   19   14    2299.61594968    0.00014142    2   B-    77
    0    0    1   22   22    1    2299.64424608    0.00020000    1   C-    81
    0    0    1   56    1   56    2299.73669792    0.00014142    2   B-    38
    0    0    1   50    9   42    2300.14655841    0.00011547    3   B-    51
    1    0    0   56    9   47    2300.60331744    0.00014142    2   B-    36
    1    0    0   61    2   60    2300.79281004    0.00020000    1   C-    24
    0    0    1   30   20   11    2300.97357949    0.00020000    1   C-    82
    0    0    1   48   11   38    2301.75683765    0.00022181    2   B-    54
    1    0    0   62    0   62    2302.82308337    0.00014142    2   B-    25
    1    0    0   52   13   39    2305.62942348    0.00020000    1   C-    45
    0    0    1   44   14   31    2305.65254236    0.00014142    2   B-    60
    0    0    1   51    8   43    2305.93132927    0.00011547    3   B-    47
    0    0    1   53    4   49    2306.74954769    0.00014142    2   B-    42
    0    0    1   36   18   19    2306.95766378    0.00014142    2   B-    76
    0    0    1   47   12   35    2308.68223828    0.00015132    3   B-    55
    0    0    1   27   21    6    2310.99352968    0.00014142    2   B-    82
    0    0    1   23   22    1    2314.32676288    0.00013128    3   B-    87
    0    0    1   52    7   46    2315.72126687    0.00015608    3   B-    46
    0    0    1   54    4   51    2318.45086548    0.00014142    2   B-    41
    0    0    1   46   13   34    2319.55293765    0.00014142    2   B-    60
    0    0    1   31   20   11    2320.74028006    0.00020000    1   C-    85
    0    0    1   41   16   25    2321.12862429    0.00011547    3   B-    70
    0    0    1   34   19   16    2321.28460867    0.00011547    3   B-    84
    0    0    1   39   17   22    2323.02853255    0.00011547    3   B-    69
    0    0    1   53    5   48    2323.54247900    0.00014142    2   B-    41
    0    0    1   43   15   28    2324.87129487    0.00012832    3   B-    62
    1    0    0   60    3   57    2325.55043816    0.00020000    1   C-    29
    0    0    1   55    2   53    2326.14473547    0.00014142    2   B-    39
    0    0    1   28   21    8    2328.85641699    0.00020000    1   C-    90
    0    0    1   24   22    3    2329.64765499    0.00014142    2   B-    85
    0    0    1   37   18   19    2330.52929732    0.00014142    2   B-    78
    0    0    1   50   10   41    2330.79118566    0.00011547    3   B-    47
    0    0    1   56    2   55    2330.98797218    0.00020000    1   C-    37
    1    0    0   50   15   35    2332.43517776    0.00020000    1   C-    49
    0    0    1   51    9   42    2332.78522829    0.00014142    2   B-    47
    0    0    1   49   11   38    2333.00313817    0.00012370    3   B-    49
    1    0    0   61    3   59    2333.06333926    0.00020000    1   C-    29
    0    0    1   57    0   57    2333.21314369    0.00014142    2   B-    36
    0    0    1   45   14   31    2334.30455512    0.00020000    1   C-    62
    0    0    1   53    6   47    2336.32093670    0.00020000    1   C-    45
    0    0    1   52    8   45    2339.13075323    0.00014142    2   B-    46
    0    0    1   48   12   37    2339.26657087    0.00020000    1   C-    54
    1    0    0   63    1   63    2339.73642317    0.00020000    1   C-    25
    0    0    1   32   20   13    2341.14367474    0.00011547    3   B-    83
    0    0    1   54    5   50    2341.81364371    0.00014142    2   B-    45
    0    0    1   35   19   16    2343.58918948    0.00014142    2   B-    78
    0    0    1   25   22    3    2345.60585999    0.00014142    2   B-    90
    0    0    1   42   16   27    2347.87121469    0.00011547    3   B-    69
    0    0    1   40   17   24    2348.50298350    0.00020000    1   C-    75
    0    0    1   47   13   34    2349.48590528    0.00020000    1   C-    54
    0    0    1   53    7   46    2351.71686803    0.00014142    2   B-    42
    1    0    0   60    4   56    2352.25756797    0.00020000    1   C-    32
    0    0    1   55    3   52    2352.47514640    0.00014142    2   B-    38
    0    0    1   44   15   30    2352.88475129    0.00015827    3   B-    68
    0    0    1   38   18   21    2354.73724706    0.00020000    1   C-    76
    0    0    1   56    3   54    2360.21723828    0.00014142    2   B-    42
    0    0    1   33   20   13    2362.18385207    0.00014142    2   B-    86
    0    0    1   26   22    5    2362.20156991    0.00011547    3   B-    88
    0    0    1   54    6   49    2363.22343099    0.00014142    2   B-    43
    0    0    1   51   10   41    2363.35958387    0.00014142    2   B-    49
    0    0    1   46   14   33    2363.59340876    0.00014142    2   B-    60
    0    0    1   50   11   40    2364.89014331    0.00014142    2   B-    54
    0    0    1   57    1   56    2365.04792348    0.00014142    2   B-    35
    0    0    1   52    9   44    2366.04595935    0.00020000    1   C-    52
    0    0    1   30   21   10    2366.49466102    0.00016350    2   B-    92
    0    0    1   36   19   18    2366.53027695    0.00014142    2   B-    84
    0    0    1   58    1   58    2367.26853237    0.00014142    2   B-    38
    0    0    1   49   12   37    2370.48989805    0.00014142    2   B-    55
    0    0    1   53    8   45    2373.40592066    0.00020000    1   C-    47
    1    0    0   54   13   41    2373.69077144    0.00020000    1   C-    45
    0    0    1   41   17   24    2374.61322899    0.00011547    3   B-    69
    1    0    0   63    2   62    2375.21152231    0.00020000    1   C-    24
    0    0    1   43   16   27    2375.24983180    0.00012080    3   B-    70
    0    0    1   55    4   51    2375.81803293    0.00014142    2   B-    42
    0    0    1   27   22    5    2379.43497458    0.00011547    3   B-    92
    0    0    1   39   18   21    2379.58101445    0.00014142    2   B-    78
    0    0    1   48   13   36    2380.05670336    0.00011547    3   B-    60
    0    0    1   45   15   30    2381.53538413    0.00018497    3   B-    62
    0    0    1   34   20   15    2383.86062645    0.00014142    2   B-    84
    0    0    1   54    7   48    2384.45420842    0.00014142    2   B-    46
    0    0    1   31   21   10    2386.26855190    0.00020000    1   C-    86
    0    0    1   56    4   53    2387.20294412    0.00014142    2   B-    41
    0    0    1   37   19   18    2390.10790241    0.00048156    2   B-    78
    1    0    0   61    5   57    2390.64506024    0.00020000    1   C-    31
    0    0    1   47   14   33    2393.51960765    0.00012895    3   B-    62
    0    0    1   55    5   50    2394.36839485    0.00014142    2   B-    41
    0    0    1   57    2   55    2394.86354496    0.00014142    2   B-    39
    0    0    1   52   10   43    2396.57076445    0.00011547    3   B-    48
    0    0    1   28   22    7    2397.30580724    0.00020000    1   C-    90
    0    0    1   51   11   40    2397.41878913    0.00016781    3   B-    49
    0    0    1   58    2   57    2399.68745929    0.00014142    2   B-    37
    0    0    1   53    9   44    2399.99364105    0.00020000    1   C-    47
    0    0    1   42   17   26    2401.35966491    0.00014142    2   B-    75
    0    0    1   59    0   59    2401.90325333    0.00014142    2   B-    36
    0    0    1   50   12   39    2402.35265666    0.00014215    3   B-    54
    0    0    1   44   16   29    2403.26464541    0.00018081    2   B-    69
    0    0    1   40   18   23    2405.06086468    0.00011547    3   B-    76
    0    0    1   32   21   12    2406.67995385    0.00020000    1   C-    93
    0    0    1   54    8   47    2407.79322609    0.00014142    2   B-    46
    0    0    1   55    6   49    2407.96628553    0.00014142    2   B-    45
    0    0    1   46   15   32    2410.82153117    0.00020000    1   C-    68
    0    0    1   49   13   36    2411.26563350    0.00012632    3   B-    54
    0    0    1   56    5   52    2411.73131546    0.00031376    2   B-    45
    0    0    1   38   19   20    2414.32011844    0.00014142    2   B-    84
    1    0    0   65    1   65    2415.29689318    0.00020000    1   C-    25
    0    0    1   57    3   54    2422.40820056    0.00014142    2   B-    38
    0    0    1   55    7   48    2422.66288203    0.00014142    2   B-    42
    0    0    1   48   14   35    2424.08245351    0.00011547    3   B-    60
    0    0    1   43   17   26    2428.74201864    0.00011547    3   B-    69
    0    0    1   36   20   17    2429.12354850    0.00020489    2   B-    85
    0    0    1   58    3   56    2430.09173710    0.00014142    2   B-    42
    0    0    1   53   10   43    2430.42892563    0.00014142    2   B-    49
    0    0    1   52   11   42    2430.58866650    0.00014142    2   B-    54
    0    0    1   41   18   23    2431.17681994    0.00011547    3   B-    78
    0    0    1   45   16   29    2431.91527751    0.00017303    2   B-    70
    0    0    1   56    6   51    2434.07190219    0.00014142    2   B-    43
    0    0    1   54    9   46    2434.54035066    0.00014142    2   B-    52
    0    0    1   51   12   39    2434.85497697    0.00011547    3   B-    55
    0    0    1   59    1   58    2434.90546933    0.00014142    2   B-    35
    0    0    1   30   22    9    2434.96003949    0.00014142    2   C-    92
    0    0    1   60    1   60    2437.11710603    0.00014142    2   B-    37
    0    0    1   39   19   20    2439.16832520    0.00014142    2   B-    78
    0    0    1   47   15   32    2440.74418563    0.00014142    2   B-    62
    0    0    1   50   13   38    2443.11240096    0.00011547    3   B-    60
    0    0    1   55    8   47    2443.55551272    0.00014142    2   B-    47
    0    0    1   57    4   53    2447.12692965    0.00014142    2   B-    42
    1    0    0   64    2   62    2447.32149118    0.00020000    1   C-    30
    0    0    1   34   21   14    2449.41358865    0.00020000    1   C-    94
    0    0    1   37   20   17    2452.71031339    0.00020000    1   C-    87
    1    0    0   66    0   66    2453.94330587    0.00014142    2   B-    25
    0    0    1   31   22    9    2454.74312949    0.00020000    1   C-    96
    0    0    1   49   14   35    2455.28278304    0.00011937    3   B-    62
    0    0    1   56    7   50    2455.73489755    0.00014142    2   B-    46
    0    0    1   44   17   28    2456.76010618    0.00011547    3   B-    76
    0    0    1   42   18   25    2457.92854078    0.00014142    2   B-    76
    0    0    1   58    4   55    2458.26882307    0.00014142    2   B-    41
    0    0    1   46   16   31    2461.20210821    0.00014142    2   B-    69
    0    0    1   53   11   42    2464.40077760    0.00014142    2   B-    49
    0    0    1   40   19   22    2464.65220027    0.00014142    2   B-    84
    0    0    1   54   10   45    2464.92963574    0.00017199    2   B-    48
    0    0    1   59    2   57    2465.89583391    0.00014142    2   B-    39
    0    0    1   57    5   52    2467.43356979    0.00014142    2   B-    41
    0    0    1   52   12   41    2467.99657447    0.00014142    2   B-    54
    0    0    1   55    9   46    2469.80853963    0.00014142    2   B-    47
    0    0    1   48   15   34    2471.30349757    0.00012044    3   B-    68
    0    0    1   35   21   14    2471.73508448    0.00020000    1   C-    88
    0    0    1   61    0   61    2472.90915567    0.00014142    2   B-    36
    0    0    1   51   13   38    2475.59724457    0.00024577    2   B-    55
    0    0    1   38   20   19    2476.93267539    0.00011547    3   B-    85
    0    0    1   56    8   49    2479.05714115    0.00014142    2   B-    46
    0    0    1   57    6   51    2482.19479955    0.00014142    2   B-    46
    0    0    1   58    5   54    2483.98027981    0.00014142    2   B-    45
    0    0    1   43   18   25    2485.31626782    0.00014142    2   B-    78
    0    0    1   45   17   28    2485.41418178    0.00013575    3   B-    69
    0    0    1   50   14   37    2487.11918347    0.00014142    2   B-    60
    1    0    1    1    0    1    2488.12578017    0.00014142    2   B-    13
    1    0    1    1    1    0    2489.81196545    0.00014142    2   B-     4
    0    0    1   41   19   22    2490.77119315    0.00011547    3   B-    78
    1    0    1    2    1    2    2490.97361842    0.00047157    2   B-    22
    0    0    1   47   16   31    2491.12494866    0.00011547    3   B-    70
    1    0    1    3    0    3    2491.27833410    0.00014142    2   B-    25
    1    0    1    3    1    2    2493.09747454    0.00012050    3   B-    16
    0    0    1   59    3   56    2494.64465852    0.00014142    2   B-    38
    0    0    1   36   21   16    2494.69350448    0.00014142    2   C-    95
    1    0    1    4    1    4    2495.21424356    0.00011547    3   B-    34
    1    0    1    2    2    1    2496.03243514    0.00014142    2   B-    13
    0    0    1   33   22   11    2496.21954339    0.00020000    1   C-    97
    0    0    1   57    7   50    2496.43216221    0.00014142    2   B-    42
    1    0    1    5    0    5    2496.92885419    0.00014142    2   B-    37
    1    0    1    3    2    1    2497.93336738    0.00011547    3   B-    26
    0    0    1   54   11   44    2498.85486592    0.00020000    1   C-    54
    1    0    1    5    1    4    2499.00516074    0.00012252    3   B-    28
    0    0    1   55   10   45    2500.08062019    0.00014142    2   B-    49
    1    0    1    4    2    3    2500.45395532    0.00011547    3   B-    25
    0    0    1   53   12   41    2501.77830746    0.00014142    2   B-    55
    0    0    1   39   20   19    2501.79130972    0.00014142    2   B-    87
    1    0    1    6    1    6    2501.86855535    0.00014744    3   B-    46
    0    0    1   60    3   58    2502.27983686    0.00014142    2   B-    42
    0    0    1   49   15   34    2502.49911395    0.00011547    3   B-    62
    1    0    1    5    2    3    2503.65074577    0.00011547    3   B-    38
    1    0    1    7    0    7    2505.03664471    0.00014142    2   B-    49
    0    0    1   56    9   48    2505.63317699    0.00014142    2   B-    52
    1    0    1    3    3    0    2506.22904748    0.00014142    2   B-    17
    0    0    1   61    1   60    2507.07826618    0.00014142    2   B-    35
    0    0    1   58    6   53    2507.32932096    0.00014142    2   B-    43
    1    0    1    6    2    5    2507.39491907    0.00011547    3   B-    37
    1    0    1    7    1    6    2507.52230452    0.00014142    2   B-    40
    0    0    1   52   13   40    2508.72030098    0.00014142    2   B-    60
    1    0    1    4    3    2    2508.75862034    0.00015646    3   B-    35
    0    0    1   62    1   62    2509.28060337    0.00014142    2   B-    37
    1    0    1    8    1    8    2510.92601448    0.00014142    2   B-    58
    1    0    1    5    3    2    2511.92172236    0.00014142    2   B-    29
    1    0    1    7    2    5    2511.95290473    0.00011547    3   B-    50
    0    0    1   44   18   27    2513.33959651    0.00011547    3   B-    76
    0    0    1   46   17   30    2514.70383798    0.00011547    3   B-    76
    1    0    1    9    0    9    2515.55142110    0.00031795    2   B-    61
    1    0    1    6    3    4    2515.71806262    0.00011547    3   B-    47
    0    0    1   57    8   49    2516.40690796    0.00020000    1   C-    47
    1    0    1    8    2    7    2516.84729672    0.00014142    2   B-    49
    0    0    1   42   19   24    2517.52495090    0.00014142    2   C-    84
    0    0    1   34   22   13    2517.91339339    0.00014142    2   C-    95
    1    0    1    9    1    8    2518.63083482    0.00014142    2   B-    51
    0    0    1   51   14   37    2519.59362988    0.00014142    2   B-    62
    1    0    1    7    3    4    2520.15235662    0.00012458    3   B-    41
    1    0    1    4    4    1    2520.37034252    0.00019175    2   B-    26
    0    0    1   59    4   55    2520.69098739    0.00014142    2   B-    42
    0    0    1   48   16   33    2521.68359890    0.00014142    2   B-    69
    1    0    1   10    1   10    2522.37216673    0.00014142    2   B-    69
    1    0    1    9    2    7    2522.88048572    0.00018620    3   B-    62
    1    0    1    5    4    1    2523.53206125    0.00012406    3   B-    39
    1    0    1    8    3    6    2525.21487715    0.00014142    2   B-    59
    0    0    1   40   20   21    2527.28555472    0.00014142    2   C-    85
    1    0    1    6    4    3    2527.32721788    0.00011547    3   B-    38
    1    0    1   11    0   11    2528.42267624    0.00014142    2   B-    70
    1    0    1   10    2    9    2528.79881383    0.00014142    2   B-    60
    0    0    1   58    7   52    2529.54150052    0.00014142    2   B-    46
    1    0    1    9    3    6    2530.93216949    0.00041377    2   B-    52
    0    0    1   60    4   57    2531.64612420    0.00014142    2   B-    40
    1    0    1    7    4    3    2531.75559769    0.00013999    3   B-    51
    1    0    1   11    1   10    2532.30256470    0.00014142    2   B-    62
    1    0    0   68    0   68    2532.96692337    0.00020000    1   C-    25
    0    0    1   55   11   44    2533.95115240    0.00013551    3   B-    49
    0    0    1   50   15   36    2534.33156926    0.00020000    1   C-    68
    0    0    1   56   10   47    2535.87032166    0.00011547    3   B-    48
    1    0    1   12    1   12    2536.19461671    0.00016575    2   B-    79
    0    0    1   54   12   43    2536.19959208    0.00011547    3   B-    54
    1    0    1   11    2    9    2536.46818809    0.00015695    2   B-    73
    1    0    1    8    4    5    2536.81830901    0.00011547    3   B-    50
    1    0    1   10    3    8    2537.25371485    0.00011547    3   B-    70
    1    0    1    5    5    0    2538.45041432    0.00014142    2   B-    30
    0    0    1   61    2   59    2539.24081049    0.00014142    2   B-    39
    0    0    1   35   22   13    2540.24403339    0.00014142    2   C-    98
    0    0    1   45   18   27    2541.99863403    0.00014142    2   B-    78
    0    0    1   57    9   48    2542.23943675    0.00014142    2   B-    47
    1    0    1    6    5    2    2542.24479179    0.00014605    3   B-    48
    0    0    1   53   13   40    2542.48075830    0.00032081    2   B-    55
    1    0    1    9    4    5    2542.51609379    0.00011996    3   B-    63
    0    0    1   59    5   54    2542.70174665    0.00014142    2   B-    41
    1    0    1   12    2   11    2543.23439454    0.00020000    1   C-    71
    1    0    1   13    0   13    2543.61596308    0.00014142    2   B-    80
    1    0    1   11    3    8    2544.27654726    0.00011547    3   B-    63
    0    0    1   47   17   30    2544.62934182    0.00014142    2   B-    69
    0    0    1   63    0   63    2546.22973318    0.00014142    2   C-    36
    1    0    1    7    5    2    2546.67207214    0.00019613    2   B-    42
    1    0    1   13    1   12    2548.50095991    0.00014142    2   B-    72
    1    0    1   10    4    7    2548.84813681    0.00011547    3   B-    61
    1    0    1    8    5    4    2551.73278396    0.00011547    3   B-    60
    1    0    1   12    3   10    2551.83652755    0.00012964    3   B-    80
    1    0    1   14    1   14    2552.37867193    0.00014142    2   B-    88
    0    0    1   52   14   39    2552.70460631    0.00020000    1   C-    60
    1    0    1   13    2   11    2552.73285135    0.00011547    3   B-    83
    0    0    1   49   16   33    2552.87825616    0.00014142    2   B-    70
    0    0    1   58    8   51    2552.91678154    0.00014142    2   B-    46
    0    0    1   41   20   21    2553.41580472    0.00014142    2   C-    87
    1    0    1   11    4    7    2555.81807429    0.00011547    3   B-    74
    1    0    1    9    5    4    2557.42725856    0.00012856    3   B-    54
    0    0    1   60    5   56    2558.55210041    0.00014142    2   B-    45
    0    0    1   59    6   53    2558.91928094    0.00014142    2   B-    46
    1    0    1   14    2   13    2560.13759182    0.00014142    2   B-    81
    1    0    1   13    3   10    2560.21083638    0.00012929    3   B-    73
    1    0    1    6    6    1    2560.46089007    0.00014142    2   B-    39
    1    0    1   15    0   15    2561.11365530    0.00014142    2   B-    89
    1    0    1   12    4    9    2563.42188358    0.00014633    3   B-    72
    1    0    1   10    5    6    2563.75569793    0.00014142    2   B-    72
    1    0    1    7    6    1    2564.88788993    0.00011547    3   B-    52
    0    0    1   51   15   36    2566.79993700    0.00017132    2   B-    62
    1    0    1   15    1   14    2567.17614177    0.00014142    2   B-    81
    1    0    1   14    3   12    2568.96149880    0.00014142    2   B-    89
    0    0    1   61    3   58    2569.18617363    0.00014142    2   B-    38
    0    0    1   56   11   46    2569.69048154    0.00014142    2   B-    54
    1    0    1    8    6    3    2569.94788567    0.00011547    3   B-    51
    1    0    1   11    5    6    2570.71894370    0.00012909    3   B-    65
    1    0    1   16    1   16    2570.91342201    0.00014142    2   B-    96
    0    0    1   55   12   43    2571.26123698    0.00014142    2   B-    55
    1    0    1   13    4    9    2571.66908954    0.00011547    3   B-    84
    1    0    1   15    2   13    2571.66924887    0.00024633    2   B-    92
    0    0    1   57   10   47    2572.31661122    0.00014142    2   B-    49
    0    0    1   44   19   26    2572.93562090    0.00014142    2   C-    84
    0    0    1   59    7   52    2573.01152133    0.00014142    2   B-    42
    0    0    1   48   17   32    2575.19012090    0.00011547    3   B-    76
    1    0    1    9    6    3    2575.64132546    0.00011547    3   B-    64
    0    0    1   62    3   60    2576.78035209    0.00014142    2   B-    42
    0    0    1   54   13   42    2576.88185470    0.00014142    2   B-    60
    1    0    1   12    5    8    2578.31700664    0.00011547    3   B-    83
    1    0    1   15    3   12    2578.76759547    0.00014142    2   B-    82
    0    0    1   58    9   50    2579.32739735    0.00017684    2   B-    52
    1    0    1   16    2   15    2579.48908791    0.00016028    2   B-    90
    1    0    1   14    4   11    2580.54443460    0.00014142    2   B-    82
    1    0    1   17    0   17    2580.91232566    0.00014142    2   B-    97
    0    0    1   63    1   62    2581.56415231    0.00014142    2   B-    35
    1    0    1   10    6    5    2581.96785712    0.00011547    3   B-    62
    0    0    1   60    6   55    2582.97249009    0.00014142    2   B-    43
    0    0    1   64    1   64    2583.75791087    0.00014142    2   B-    36
    0    0    1   50   16   35    2584.70859414    0.00014142    2   B-    69
    1    0    1    7    7    0    2586.39084961    0.00014142    2   B-    43
    0    0    1   53   14   39    2586.45292131    0.00014142    2   B-    62
    1    0    1   13    5    8    2586.55048474    0.00011547    3   B-    76
    1    0    1   17    1   16    2588.27263314    0.00014142    2   B-    89
    1    0    1   16    3   14    2588.62453213    0.00011547    3   B-    97
    1    0    1   11    6    5    2588.92870753    0.00011547    3   B-    75
    1    0    1   15    4   11    2590.07866021    0.00011547    3   B-    93
    1    0    1    8    7    2    2591.45127335    0.00013620    3   B-    61
    1    0    1   18    1   18    2591.78900529    0.00014142    2   B-   104
    0    0    1   59    8   51    2591.99553591    0.00014142    2   B-    47
    1    0    1   17    2   15    2593.25308445    0.00014142    2   B-   100
    1    0    1   14    5   10    2595.42018617    0.00014142    2   B-    93
    1    0    1   12    6    7    2596.52312644    0.00014142    2   B-    73
    0    0    1   61    4   57    2596.52323273    0.00017372    2   B-    42
    1    0    1    9    7    2    2597.14397135    0.00017765    3   B-    55
    0    0    1   52   15   38    2599.90431563    0.00014142    2   B-    68
    1    0    1   17    3   14    2599.98480664    0.00011547    3   B-    90
    1    0    1   16    4   13    2600.22238081    0.00014142    2   B-    91
    1    0    1   18    2   17    2601.26754435    0.00014142    2   B-    98
    1    0    1   19    0   19    2603.01502853    0.00014142    2   B-   105
    1    0    1   10    7    4    2603.47034283    0.00011547    3   B-    73
    1    0    1   13    6    7    2604.75233685    0.00011547    3   B-    85
    1    0    1   15    5   10    2604.92667517    0.00011547    3   B-    86
    0    0    1   60    7   54    2605.84832446    0.00014142    2   B-    46
    0    0    1   49   17   32    2606.38658687    0.00014142    2   C-    69
    0    0    1   56   12   45    2606.96296758    0.00014142    2   B-    54
    0    0    1   62    4   59    2607.33323110    0.00014142    2   B-    40
    0    0    1   58   10   49    2609.39323929    0.00014142    2   B-    48
    1    0    1   11    7    4    2610.43002406    0.00013245    3   B-    66
    1    0    1   18    3   16    2610.81577672    0.00020000    1   C-   105
    1    0    1   17    4   13    2611.05986756    0.00011547    3   B-   101
    1    0    1   19    1   18    2611.73290194    0.00014142    2   B-    97
    0    0    1   55   13   42    2611.91968970    0.00014142    2   C-    55
    1    0    1   14    6    9    2613.61634889    0.00011547    3   B-    83
    0    0    1   63    2   61    2614.89724171    0.00014142    2   C-    39
    1    0    1   20    1   20    2614.99912029    0.00014142    2   B-   112
    1    0    1   16    5   12    2615.06984180    0.00011547    3   B-   102
    1    0    1    8    8    1    2616.22853427    0.00018254    2   B-    54
    0    0    1   51   16   35    2617.17464794    0.00014142    2   B-    70
    0    0    1   59    9   50    2617.29848919    0.00014142    2   B-    47
    1    0    1   19    2   17    2617.44490236    0.00014142    2   B-   108
    1    0    1   12    7    6    2618.02337803    0.00011547    3   B-    84
    0    0    1   61    5   56    2620.15935938    0.00014142    2   B-    41
    0    0    1   54   14   41    2620.83807298    0.00020000    1   C-    60
    0    0    1   65    0   65    2621.86365318    0.00014142    2   C-    35
    1    0    1    9    8    1    2621.92251123    0.00011547    3   B-    67
    1    0    1   18    4   15    2622.45913124    0.00014142    2   B-    99
    1    0    1   15    6    9    2623.11519889    0.00020000    1   C-    94
    1    0    1   19    3   16    2623.89811818    0.00018846    3   B-    98
    1    0    1   20    2   19    2625.45366891    0.00014142    2   B-   105
    1    0    1   17    5   12    2625.85293780    0.00011547    3   B-    95
    1    0    1   13    7    6    2626.25033529    0.00016287    2   B-    77
    1    0    1   21    0   21    2627.42614458    0.00014142    2   B-   112
    1    0    1   10    8    3    2628.24887252    0.00014229    3   B-    66
    0    0    1   60    8   53    2629.36307794    0.00014142    2   B-    46
    1    0    1   16    6   11    2633.24977750    0.00011547    3   B-    92
    0    0    1   53   15   38    2633.64567474    0.00014142    2   C-    62
    1    0    1   19    4   15    2634.63073453    0.00017516    3   B-   109
    1    0    1   14    7    8    2635.11141762    0.00011547    3   B-    94
    1    0    1   11    8    3    2635.20868063    0.00012629    3   B-    79
    0    0    1   62    5   58    2635.44013285    0.00020000    1   C-    45
    1    0    1   20    3   18    2635.52126762    0.00031835    3   B-   113
    1    0    1   18    5   14    2637.27212731    0.00028535    3   B-   110
    1    0    1   21    1   20    2637.51018898    0.00014142    2   B-   104
    0    0    1   61    6   55    2638.05098130    0.00014142    2   B-    46
    0    0    1   50   17   34    2638.21842289    0.00014142    2   C-    76
    1    0    1   22    1   22    2640.53745657    0.00014142    2   B-   119
    1    0    1   12    8    5    2642.80154871    0.00011547    3   B-    77
    0    0    1   58   11   48    2643.09730196    0.00014142    2   C-    54
    0    0    1   57   12   45    2643.30507531    0.00013518    3   B-    56
    1    0    1   17    6   11    2644.02045757    0.00011547    3   B-   102
    1    0    1   21    2   19    2644.19713171    0.00020616    2   B-   115
    1    0    1   15    7    8    2644.60671471    0.00011547    3   B-    87
    0    0    1   63    3   60    2646.03342630    0.00020000    1   C-    38
    1    0    1   20    4   17    2647.25741456    0.00017311    3   B-   106
    1    0    1   19    5   14    2649.33543413    0.00020000    1   C-   103
    1    0    1    9    9    0    2649.96111070    0.00014142    2   B-    58
    0    0    1   52   16   37    2650.27671834    0.00014142    2   B-    69
    1    0    1   21    3   18    2650.52761258    0.00011547    3   B-   105
    1    0    1   13    8    5    2651.02780118    0.00013219    3   B-    90
    1    0    1   22    2   21    2652.02825451    0.00014142    2   B-   112
    0    0    1   61    7   54    2652.36126836    0.00014142    2   B-    42
    0    0    1   64    3   62    2653.59224008    0.00014142    2   B-    41
    1    0    1   23    0   23    2654.14918334    0.00026497    2   B-   118
    1    0    1   16    7   10    2654.73671999    0.00013160    3   B-   103
    1    0    1   18    6   13    2655.42766177    0.00014903    3   B-   100
    0    0    1   60    9   52    2655.62443470    0.00014142    2   B-    52
    0    0    1   55   14   41    2655.86069298    0.00014142    2   C-    62
    1    0    1   10    9    2    2656.28791802    0.00013333    3   B-    77
    0    0    1   65    1   64    2658.36242732    0.00014142    2   B-    35
    1    0    1   14    8    7    2659.88720999    0.00018282    3   B-    88
    0    0    1   66    1   66    2660.54811087    0.00014142    2   B-    36
    1    0    1   21    4   17    2660.81526683    0.00011547    3   B-   116
    0    0    1   62    6   57    2660.97966763    0.00014142    2   B-    43
    1    0    1   20    5   16    2662.03116403    0.00014142    2   B-   118
    1    0    1   22    3   20    2662.72362055    0.00014142    2   B-   120
    1    0    1   11    9    2    2663.24809620    0.00011547    3   B-    70
    1    0    1   17    7   10    2665.50154170    0.00014142    2   B-    96
    1    0    1   23    1   22    2665.57661551    0.00014142    2   B-   111
    1    0    1   19    6   13    2667.47200351    0.00011547    3   B-   110
    0    0    1   54   15   40    2668.02195200    0.00014142    2   C-    68
    1    0    1   24    1   24    2668.40112201    0.00015631    2   B-   124
    1    0    1   15    8    7    2669.38151834    0.00014142    2   B-   100
    0    0    1   61    8   53    2670.35816385    0.00020000    1   C-    48
    0    0    1   51   17   34    2670.68545687    0.00014142    2   C-    69
    1    0    1   12    9    4    2670.84123958    0.00014142    2   B-    89
    1    0    1   23    2   21    2673.45192176    0.00014142    2   B-   121
    1    0    1   22    4   19    2674.61737617    0.00014142    2   B-   113
    0    0    1   63    4   59    2674.63342446    0.00014142    2   C-    42
    1    0    1   21    5   16    2675.38257839    0.00020000    1   C-   110
    1    0    1   18    7   12    2676.90182756    0.00015896    3   B-   112
    1    0    1   13    9    4    2679.06801054    0.00012284    3   B-    81
    1    0    1   16    8    9    2679.50938364    0.00011547    3   B-    98
    1    0    1   23    3   20    2679.87516942    0.00014142    2   B-   112
    1    0    1   20    6   15    2680.15350987    0.00011991    3   B-   108
    0    0    1   58   12   47    2680.28727466    0.00014142    2   B-    54
    0    0    1   59   11   48    2680.76707968    0.00026559    2   B-    49
    1    0    1   24    2   23    2680.97359193    0.00015727    2   B-   118
    1    0    1   25    0   25    2683.18718119    0.00014142    2   B-   123
    0    0    1   57   13   44    2683.91048970    0.00014142    2   C-    55
    0    0    1   53   16   37    2684.01418314    0.00011547    3   C-    70
    0    0    1   62    7   56    2684.62873230    0.00014142    2   B-    46
    0    0    1   64    4   61    2685.32845446    0.00014142    2   B-    40
    0    0    1   60   10   51    2685.51896442    0.00020000    1   C-    49
    1    0    1   10   10    1    2687.57083934    0.00027232    2   B-    68
    1    0    1   14    9    6    2687.92796210    0.00013155    3   B-   100
    1    0    1   19    7   12    2688.93759971    0.00015709    3   B-   104
    1    0    1   22    5   18    2689.35365570    0.00020000    1   C-   125
    1    0    1   23    4   19    2689.64541246    0.00019421    3   B-   122
    1    0    1   17    8    9    2690.27150059    0.00011547    3   B-   109
    1    0    1   24    3   22    2692.40185089    0.00014142    2   B-   125
    1    0    1   21    6   15    2693.47370601    0.00014142    2   B-   118
    1    0    1   11   10    1    2694.53243001    0.00025912    3   B-    81
    0    0    1   61    9   52    2695.00122308    0.00014142    2   C-    47
    1    0    1   25    1   24    2695.92113538    0.00014142    2   B-   116
    1    0    1   15    9    6    2697.42158053    0.00011547    3   B-    92
    1    0    1   26    1   26    2698.58725860    0.00014142    2   B-   129
    0    0    1   67    0   67    2699.80964318    0.00014142    2   C-    35
    0    0    1   63    5   58    2699.81077890    0.00014142    2   B-    41
    1    0    1   20    7   14    2701.60901395    0.00011547    3   B-   120
    1    0    1   18    8   11    2701.66781403    0.00011547    3   B-   107
    1    0    1   12   10    3    2702.12678449    0.00013182    3   B-    80
    0    0    1   55   15   40    2703.03590474    0.00014142    2   C-    62
    0    0    1   52   17   36    2703.78791290    0.00014142    2   C-    76
    1    0    1   23    5   18    2704.00449302    0.00014142    2   B-   117
    1    0    1   24    4   21    2704.53436216    0.00014142    2   B-   119
    1    0    1   25    2   23    2705.14637800    0.00014142    2   B-   126
    1    0    1   22    6   17    2707.43201088    0.00011547    3   B-   115
    1    0    1   16    9    8    2707.54856889    0.00014142    2   B-   110
    0    0    1   62    8   55    2708.38240804    0.00014142    2   B-    46
    1    0    1   13   10    3    2710.35391393    0.00011547    3   B-    93
    1    0    1   25    3   22    2711.91666391    0.00014142    2   B-   117
    1    0    1   26    2   25    2712.27504956    0.00014142    2   B-   122
    1    0    1   19    8   11    2713.69898964    0.00020000    1   C-   117
    1    0    1   27    0   27    2714.54144055    0.00014142    2   B-   128
    0    0    1   64    5   60    2714.63761035    0.00014142    2   B-    45
    1    0    1   21    7   14    2714.91706653    0.00011547    3   B-   111
    1    0    1   17    9    8    2718.30979258    0.00015994    3   B-   102
    0    0    1   54   16   39    2718.38749314    0.00014142    2   C-    69
    0    0    1   60   11   50    2719.07774195    0.00014142    2   C-    54
    1    0    1   14   10    5    2719.21508708    0.00013340    3   B-    91
    1    0    1   24    5   20    2719.24456922    0.00011547    3   B-   130
    0    0    1   63    6   57    2719.50559357    0.00014142    2   B-    46
    1    0    1   25    4   21    2721.15757699    0.00014142    2   B-   127
    1    0    1   23    6   17    2722.03069388    0.00017732    2   B-   125
    1    0    1   26    3   24    2724.53344362    0.00014142    2   B-   130
    0    0    1   61   10   51    2724.57167316    0.00014142    2   B-    50
    0    0    1   65    3   62    2725.18545350    0.00014142    2   C-    38
    1    0    1   20    8   13    2726.36524227    0.00011547    3   B-   115
    0    0    1   57   14   43    2727.81694298    0.00014142    2   C-    62
    1    0    1   27    1   26    2728.54624129    0.00014142    2   B-   120
    1    0    1   15   10    5    2728.70893481    0.00011970    3   B-   103
    1    0    1   22    7   16    2728.86169081    0.00014142    2   B-   127
    1    0    1   11   11    0    2729.04293936    0.00014142    2   B-    72
    1    0    1   18    9   10    2729.70464550    0.00020000    1   C-   118
    1    0    1   28    1   28    2731.09419917    0.00014142    2   B-   133
    0    0    1   66    3   64    2732.71391899    0.00020000    1   C-    41
    0    0    1   63    7   56    2734.41845731    0.00014142    2   B-    42
    0    0    1   62    9   54    2734.52473626    0.00014142    2   B-    52
    1    0    1   25    5   20    2735.21393337    0.00014142    2   B-   122
    1    0    1   12   11    2    2736.63867809    0.00017761    3   B-    92
    1    0    1   26    4   23    2736.99936003    0.00014142    2   B-   124
    1    0    1   24    6   19    2737.26767528    0.00011547    3   B-   122
    0    0    1   67    1   66    2737.47177232    0.00014142    2   C-    35
    0    0    1   53   17   36    2737.52550687    0.00014142    2   C-    69
    0    0    1   56   15   42    2738.68601474    0.00014142    2   C-    68
    1    0    1   16   10    7    2738.83659703    0.00011547    3   B-   101
    1    0    1   27    2   25    2739.21594723    0.00014142    2   B-   131
    0    0    1   68    1   68    2739.64951587    0.00014142    2   B-    36
    1    0    1   21    8   13    2739.66671469    0.00012985    3   B-   125
    0    0    1   64    6   59    2741.33328589    0.00014142    2   C-    43
    1    0    1   19    9   10    2741.73393797    0.00023063    3   B-   110
    1    0    1   23    7   16    2743.44318083    0.00012402    3   B-   118
    1    0    1   13   11    2    2744.86697555    0.00020000    1   C-    84
    1    0    1   28    2   27    2745.92065985    0.00014142    2   B-   126
    1    0    1   27    3   24    2746.61002144    0.00014142    2   B-   121
    1    0    1   29    0   29    2748.21236643    0.00014142    2   B-   131
    1    0    1   17   10    7    2749.59774385    0.00011547    3   B-   112
    0    0    1   63    8   55    2751.52747606    0.00014142    2   B-    48
    1    0    1   26    5   22    2751.70771722    0.00014142    2   B-   135
    1    0    1   25    6   19    2753.14920941    0.00014142    2   B-   130
    0    0    1   55   16   39    2753.39594314    0.00020000    1   C-    70
    1    0    1   22    8   15    2753.60349478    0.00011547    3   B-   122
    1    0    1   14   11    4    2753.72948918    0.00014624    3   B-   104
    1    0    1   20    9   12    2754.39748079    0.00011948    3   B-   126
    0    0    1   65    4   61    2755.02807446    0.00014142    2   C-    42
    1    0    1   27    4   23    2755.38826772    0.00020000    1   C-   132
    0    0    1   60   12   49    2756.17435121    0.00014142    2   C-    54
    0    0    1   61   11   50    2758.03576951    0.00014142    2   C-    49
    0    0    1   59   13   46    2758.45575970    0.00014142    2   C-    55
    1    0    1   24    7   18    2758.66252711    0.00020000    1   C-   133
    1    0    1   28    3   26    2759.09549481    0.00014142    2   B-   134
    1    0    1   18   10    9    2760.99263668    0.00014142    2   B-   110
    1    0    1   15   11    4    2763.22429678    0.00013037    3   B-    95
    1    0    1   29    1   28    2763.45880729    0.00039471    2   B-   124
    0    0    1   62   10   53    2764.22455442    0.00014142    2   C-    49
    0    0    1   66    4   63    2765.63136696    0.00014142    2   C-    40
    0    0    1   64    7   58    2765.85539652    0.00014142    2   B-    46
    1    0    1   30    1   30    2765.92050041    0.00014142    2   B-   134
    1    0    1   21    9   12    2767.69537691    0.00014142    2   B-   118
    1    0    1   23    8   15    2768.17613984    0.00011547    3   B-   132
    1    0    1   27    5   22    2769.02894805    0.00014142    2   B-   127
    1    0    1   26    6   21    2769.66601775    0.00014142    2   B-   127
    0    0    1   54   17   38    2771.89829290    0.00014142    2   C-    76
    1    0    1   28    4   25    2771.99907553    0.00020000    1   C-   128
    1    0    1   19   10    9    2773.02117717    0.00014142    2   B-   120
    1    0    1   16   11    6    2773.35335603    0.00016937    3   B-   114
    1    0    1   12   12    1    2774.35727878    0.00020000    1   C-    87
    1    0    1   25    7   18    2774.51985608    0.00012405    3   B-   124
    0    0    1   57   15   42    2774.97096474    0.00014142    2   C-    62
    0    0    1   63    9   54    2775.36774309    0.00014142    2   C-    48
    1    0    1   29    2   27    2775.60299242    0.00014142    2   B-   134
    0    0    1   69    0   69    2780.06576318    0.00014142    2   C-    34
    1    0    1   22    9   14    2781.62797121    0.00013046    3   B-   134
    0    0    1   65    5   60    2781.66957530    0.00014142    2   C-    41
    1    0    1   30    2   29    2781.90123729    0.00031578    2   B-   128
    1    0    1   13   12    1    2782.58804583    0.00015377    3   B-   100
    1    0    1   24    8   17    2783.38500514    0.00014142    2   B-   129
    1    0    1   29    3   26    2783.90138846    0.00014142    2   B-   125
    1    0    1   17   11    6    2784.11542445    0.00011547    3   B-   105
    1    0    1   31    0   31    2784.20009099    0.00014142    2   B-   132
    1    0    1   20   10   11    2785.68380487    0.00014839    3   B-   118
    1    0    1   28    5   24    2786.74623488    0.00014142    2   B-   140
    1    0    1   27    6   21    2786.83538520    0.00026541    3   B-   135
    0    0    1   64    8   57    2789.95764109    0.00014142    2   C-    46
    1    0    1   26    7   20    2791.01590862    0.00014142    2   B-   138
    1    0    1   14   12    3    2791.45133524    0.00024649    2   B-    99
    1    0    1   29    4   25    2792.36388826    0.00011547    3   B-   136
    1    0    1   18   11    8    2795.51096331    0.00018998    2   B-   123
    1    0    1   30    3   28    2796.06597414    0.00028985    2   B-   136
    0    0    1   66    5   62    2796.14220473    0.00014142    2   C-    45
    1    0    1   23    9   14    2796.19523371    0.00027556    2   B-   125
    0    0    1   62   11   52    2797.63426195    0.00014142    2   C-    54
    1    0    1   21   10   11    2798.98042384    0.00014142    2   B-   128
    1    0    1   25    8   17    2799.22974029    0.00011547    3   B-   137
    1    0    1   31    1   30    2800.66743734    0.00014142    2   B-   126
    1    0    1   15   12    3    2800.94841688    0.00011547    3   B-   112
    0    0    1   59   14   45    2802.32195298    0.00014142    2   C-    62
    1    0    1   32    1   32    2803.06507547    0.00016379    2   B-   136
    0    0    1   65    6   59    2803.21068170    0.00014142    2   C-    46
    0    0    1   63   10   53    2804.59560773    0.00014142    2   C-    50
    1    0    1   28    6   23    2804.63246278    0.00016655    3   B-   131
    1    0    1   29    5   24    2805.47268593    0.00013000    3   B-   131
    0    0    1   67    3   64    2806.64332350    0.00014142    2   C-    38
    0    0    1   55   17   38    2806.90608687    0.00014142    2   C-    69
    1    0    1   19   11    8    2807.54036340    0.00014142    2   B-   114
    1    0    1   27    7   20    2808.15120316    0.00031313    3   B-   129
    1    0    1   30    4   27    2809.51693208    0.00014142    2   B-   132
    1    0    1   16   12    5    2811.07882126    0.00011547    3   B-   110
    1    0    1   24    9   16    2811.39809945    0.00012138    3   B-   140
    0    0    1   58   15   44    2811.89275474    0.00014142    2   C-    68
    1    0    1   22   10   13    2812.91150300    0.00011547    3   B-   125
    0    0    1   68    3   66    2814.14447899    0.00014142    2   C-    41
    1    0    1   31    2   29    2814.26741655    0.00014142    2   B-   136
    1    0    1   26    8   19    2815.71190262    0.00053365    2   B-   133
    0    0    1   64    9   56    2816.02612204    0.00014142    2   C-    52
    0    0    1   65    7   58    2819.10524331    0.00014142    2   C-    42
    1    0    1   20   11   10    2820.20320261    0.00021055    3   B-   131
    1    0    1   32    2   31    2820.21003849    0.00015593    2   B-   130
    0    0    1   70    1   70    2821.06082336    0.00014142    2   C-    36
    1    0    1   17   12    5    2821.84270468    0.00011547    3   B-   122
    1    0    1   33    0   33    2822.50509984    0.00014142    2   B-   132
    1    0    1   29    6   23    2823.09614993    0.00014142    2   B-   139
    1    0    1   31    3   28    2823.72634613    0.00020000    1   C-   127
    0    0    1   66    6   61    2824.01869589    0.00014142    2   C-    43
    1    0    1   30    5   26    2824.35919129    0.00018923    3   B-   142
    1    0    1   28    7   22    2825.92518014    0.00020000    1   C-   143
    1    0    1   25    9   16    2827.23601742    0.00014142    2   B-   131
    1    0    1   23   10   13    2827.47651178    0.00015733    2   B-   135
    1    0    1   31    4   27    2832.09265375    0.00014142    2   B-   138
    1    0    1   14   13    2    2832.35985664    0.00015591    2   B-   114
    1    0    1   27    8   19    2832.83027894    0.00018177    2   B-   142
    1    0    1   18   12    7    2833.24023567    0.00020000    1   C-   120
    1    0    1   21   11   10    2833.50011879    0.00011547    3   B-   122
    0    0    1   62   12   51    2834.62499121    0.00020000    1   C-    54
    1    0    1   32    3   30    2835.42262487    0.00014142    2   B-   138
    0    0    1   65    8   57    2835.52421794    0.00014142    2   C-    48
    0    0    1   67    4   63    2837.71201445    0.00014142    2   C-    42
    0    0    1   63   11   52    2837.88308951    0.00014142    2   C-    49
    1    0    1   33    1   32    2840.17717975    0.00014142    2   B-   128
    1    0    1   15   13    2    2841.85882010    0.00012346    3   B-   105
    1    0    1   30    6   25    2842.17120372    0.00014112    3   B-   135
    1    0    1   34    1   34    2842.52752182    0.00014142    2   B-   137
    0    0    1   56   17   40    2842.54820290    0.00020000    1   C-    76
    1    0    1   24   10   15    2842.67580882    0.00015924    3   B-   132
    1    0    1   26    9   18    2843.70935028    0.00014142    2   B-   145
    1    0    1   29    7   22    2844.34068394    0.00013812    3   B-   133
    1    0    1   31    5   26    2844.57469828    0.00014142    2   B-   133
    1    0    1   19   12    7    2845.27031328    0.00020000    1   C-   131
    0    0    1   64   10   55    2845.52682443    0.00014142    2   C-    49
    1    0    1   22   11   12    2847.43100774    0.00011547    3   B-   139
    0    0    1   68    4   65    2848.24009696    0.00014142    2   C-    40
    0    0    1   66    7   60    2849.50028945    0.00014142    2   C-    46
    1    0    1   32    4   29    2849.53160692    0.00014142    2   B-   134
    1    0    1   28    8   21    2850.58618290    0.00014142    2   B-   137
    1    0    1   16   13    4    2851.99152960    0.00011547    3   B-   126
    1    0    1   33    2   31    2855.18823986    0.00014142    2   B-   138
    1    0    1   20   12    9    2857.93526166    0.00012519    3   B-   128
    0    0    1   65    9   56    2858.42531309    0.00014142    2   C-    48
    1    0    1   25   10   15    2858.51016107    0.00014142    2   B-   141
    1    0    1   27    9   18    2860.81830909    0.00014633    3   B-   136
    1    0    1   34    2   33    2860.84154215    0.00014142    2   B-   132
    1    0    1   31    6   25    2861.94342161    0.00011547    3   B-   141
    1    0    1   23   11   12    2861.99535999    0.00011547    3   B-   129
    0    0    1   71    0   71    2862.63141318    0.00014142    2   C-    33
    1    0    1   17   13    4    2862.75794450    0.00014142    2   B-   116
    1    0    1   35    0   35    2863.12613091    0.00018741    2   B-   133
    1    0    1   30    7   24    2863.39532665    0.00020000    1   C-   146
    1    0    1   32    5   28    2864.54295499    0.00016993    3   B-   144
    0    0    1   67    5   62    2865.75295530    0.00020000    1   C-    41
    1    0    1   33    3   30    2866.01598697    0.00014142    2   B-   129
    1    0    1   29    8   21    2868.98020987    0.00014142    2   B-   146
    1    0    1   21   12    9    2871.23301658    0.00017963    2   B-   138
    0    0    1   66    8   59    2874.06745109    0.00014142    2   C-    46
    1    0    1   18   13    6    2874.15710984    0.00014142    2   B-   136
    1    0    1   33    4   29    2874.55583588    0.00019347    2   B-   140
    1    0    1   26   10   17    2874.97904878    0.00011547    3   B-   138
    1    0    1   34    3   32    2877.14735819    0.00034153    2   B-   140
    1    0    1   24   11   14    2877.19390934    0.00011547    3   B-   147
    1    0    1   28    9   20    2878.56381616    0.00015580    3   B-   150
    0    0    1   64   11   54    2878.76827194    0.00014142    2   C-    54
    0    0    1   57   17   40    2878.82686687    0.00014142    2   C-    70
    0    0    1   68    5   64    2879.94904473    0.00014142    2   C-    44
    1    0    1   35    1   34    2881.99278243    0.00014142    2   B-   130
    1    0    1   31    7   24    2883.09324929    0.00014142    2   B-   136
    1    0    1   36    1   36    2884.30585414    0.00014142    2   B-   137
    1    0    1   22   12   11    2885.16448907    0.00012876    3   B-   136
    1    0    1   15   14    1    2885.93411783    0.00031128    2   B-   119
    1    0    1   19   13    6    2886.18966952    0.00014142    2   B-   126
    1    0    1   33    5   28    2886.37041828    0.00020000    1   C-   135
    0    0    1   65   10   55    2887.23081773    0.00014142    2   C-    50
    0    0    1   60   15   46    2887.64432474    0.00014142    2   C-    68
    1    0    1   30    8   23    2888.01278742    0.00020000    1   C-   141
    0    0    1   67    6   61    2889.11431170    0.00014142    2   C-    46
    0    0    1   69    3   66    2890.40520350    0.00014142    2   C-    38
    1    0    1   34    4   31    2892.01984674    0.00020000    1   C-   136
    1    0    1   27   10   17    2892.08267865    0.00013212    3   B-   146
    1    0    1   25   11   14    2893.02665554    0.00013196    3   B-   136
    1    0    1   16   14    3    2896.06890676    0.00014142    2   B-   117
    1    0    1   29    9   20    2896.94533916    0.00011547    3   B-   140
    0    0    1   70    3   68    2897.88257899    0.00014142    2   C-    40
    1    0    1   35    2   33    2898.36402289    0.00014142    2   B-   139
    1    0    1   20   13    8    2898.85655824    0.00014918    3   B-   144
    1    0    1   23   12   11    2899.72996915    0.00012674    3   B-   146
    0    0    1   66    9   58    2900.12292204    0.00014142    2   C-    52
    1    0    1   33    6   27    2903.38822879    0.00014142    2   B-   143
    1    0    1   32    7   26    2903.42923777    0.00018041    3   B-   148
    1    0    1   36    2   35    2903.79261768    0.00014142    2   B-   133
    0    0    1   72    1   72    2904.78068336    0.00014142    2   C-    35
    1    0    1   37    0   37    2906.06344669    0.00014142    2   B-   134
    0    0    1   67    7   60    2906.33392331    0.00014142    2   C-    42
    1    0    1   17   14    3    2906.83700176    0.00016081    2   B-   130
    1    0    1   34    5   30    2907.28966456    0.00014142    2   B-   146
    1    0    1   31    8   23    2907.68287467    0.00012666    3   B-   148
    0    0    1   68    6   63    2909.02394589    0.00014142    2   C-    43
    1    0    1   26   11   16    2909.49353323    0.00011547    3   B-   152
    1    0    1   28   10   19    2909.82198264    0.00011547    3   B-   143
    1    0    1   35    3   32    2910.69810620    0.00022382    2   B-   131
    1    0    1   21   13    8    2912.15606106    0.00011547    3   B-   134
    1    0    1   24   12   13    2914.92886507    0.00013574    3   B-   143
    1    0    1   30    9   22    2915.96353861    0.00017373    3   B-   154
    1    0    1   18   14    5    2918.23980258    0.00016756    3   B-   128
    1    0    1   35    4   31    2919.71419942    0.00014142    2   B-   142
    0    0    1   65   11   54    2920.31166952    0.00014142    2   C-    49
    1    0    1   36    3   34    2921.22569562    0.00018167    2   B-   141
    0    0    1   67    8   59    2922.34822794    0.00014142    2   C-    48
    0    0    1   69    4   65    2922.68819445    0.00014142    2   C-    42
    1    0    1   33    7   26    2924.41452012    0.00014142    2   B-   138
    1    0    1   34    6   29    2924.98703772    0.00014142    2   B-   139
    1    0    1   22   13   10    2926.08981900    0.00011547    3   B-   152
    1    0    1   37    1   36    2926.11718452    0.00014142    2   B-   131
    1    0    1   27   11   16    2926.59519568    0.00011547    3   B-   142
    1    0    1   32    8   25    2927.99197163    0.00011547    3   B-   143
    1    0    1   29   10   19    2928.19629678    0.00013204    3   B-   151
    1    0    1   38    1   38    2928.40074801    0.00014142    2   B-   138
    0    0    1   66   10   57    2929.42647443    0.00014142    2   C-    49
    1    0    1   19   14    5    2930.27490658    0.00016950    3   B-   140
    1    0    1   25   12   13    2930.76209190    0.00014142    2   B-   153
    1    0    1   35    5   30    2930.89727159    0.00014142    2   B-   137
    1    0    1   15   15    0    2933.14756266    0.00014142    2   B-   111
    0    0    1   70    4   67    2933.15394696    0.00014142    2   C-    40
    0    0    1   68    7   62    2935.53897945    0.00014142    2   C-    47
    1    0    1   31    9   22    2935.61848790    0.00020000    1   C-   144
    1    0    1   36    4   33    2936.95632736    0.00014142    2   B-   138
    1    0    1   23   13   10    2940.65682093    0.00014142    2   B-   142
    1    0    1   20   14    7    2942.94418853    0.00017748    3   B-   138
    1    0    1   16   15    2    2943.28574654    0.00021984    2   B-   133
    1    0    1   37    2   35    2943.80113432    0.00019745    2   B-   140
    0    0    1   67    9   58    2944.20423309    0.00014142    2   C-    48
    1    0    1   28   11   18    2944.33088179    0.00019465    3   B-   157
    1    0    1   34    7   28    2946.03385260    0.00014142    2   B-   150
    1    0    1   30   10   21    2947.20594596    0.00013952    3   B-   147
    1    0    1   26   12   15    2947.22884913    0.00015018    3   B-   150
    1    0    1   35    6   29    2947.44801207    0.00014142    2   B-   145
    0    0    1   73    0   73    2947.50513319    0.00014142    2   C-    33
    1    0    1   33    8   25    2948.94153165    0.00014142    2   B-   150
    1    0    1   38    2   37    2949.06118978    0.00014142    2   B-   134
    1    0    1   39    0   39    2951.31567121    0.00014142    2   B-   135
    1    0    1   36    5   32    2952.58683177    0.00014142    2   B-   147
    1    0    1   17   15    2    2954.05748053    0.00011547    3   B-   122
    1    0    1   24   13   12    2955.85796268    0.00013039    3   B-   160
    1    0    1   32    9   24    2955.91052155    0.00020405    2   B-   156
    1    0    1   21   14    7    2956.24697565    0.00012762    3   B-   148
    1    0    1   37    3   34    2957.70546663    0.00014142    2   B-   132
    0    0    1   68    8   61    2960.68849109    0.00014142    2   C-    46
    0    0    1   66   11   56    2962.48436194    0.00014142    2   C-    54
    1    0    1   29   11   18    2962.70151120    0.00014142    2   B-   146
    1    0    1   27   12   15    2964.32966855    0.00020000    1   C-   158
    1    0    1   18   15    4    2965.46281981    0.00014142    2   B-   144
    0    0    1   62   15   48    2965.93972474    0.00014142    2   C-    68
    0    0    1   70    5   66    2966.05864472    0.00018707    3   C-    44
    1    0    1   31   10   21    2966.85106366    0.00013318    3   B-   154
    1    0    1   37    4   33    2967.51061914    0.00014142    2   B-   143
    1    0    1   38    3   36    2967.64379185    0.00014142    2   B-   142
    1    0    1   35    7   28    2968.31118268    0.00020000    1   C-   140
    1    0    1   22   14    9    2970.18311423    0.00012637    3   B-   146
    1    0    1   36    6   31    2970.26993941    0.00015758    2   B-   141
    1    0    1   34    8   27    2970.53068804    0.00014142    2   B-   145
    1    0    1   25   13   12    2971.69207652    0.00024862    2   B-   149
    0    0    1   67   10   57    2972.48712773    0.00014142    2   C-    51
    1    0    1   39    1   38    2972.55192464    0.00014142    2   B-   132
    1    0    1   40    1   40    2974.81034268    0.00014142    2   B-   138
    0    0    1   71    3   68    2976.47112350    0.00014142    2   C-    38
    1    0    1   33    9   24    2976.83966266    0.00020000    1   C-   146
    0    0    1   69    6   63    2977.18928170    0.00014142    2   C-    47
    1    0    1   19   15    4    2977.50156170    0.00013176    3   B-   133
    1    0    1   37    5   32    2978.18687928    0.00014142    2   B-   138
    1    0    1   30   11   20    2981.70681399    0.00011958    3   B-   161
    1    0    1   28   12   17    2982.06460469    0.00017454    3   B-   155
    0    0    1   72    3   70    2983.92638898    0.00014142    2   C-    40
    1    0    1   38    4   35    2984.31737871    0.00014142    2   B-   139
    1    0    1   23   14    9    2984.75267198    0.00014142    2   B-   156
    1    0    1   32   10   23    2987.13246396    0.00011547    3   B-   150
    1    0    1   26   13   14    2988.16018969    0.00015231    3   B-   166
    1    0    1   20   15    6    2990.17361367    0.00011547    3   B-   153
    0    0    1   74    1   74    2990.80695336    0.00014142    2   C-    35
    1    0    1   36    7   30    2991.21268099    0.00012416    3   B-   151
    1    0    1   39    2   37    2991.51068159    0.00014142    2   B-   141
    1    0    1   35    8   27    2992.76024948    0.00020000    1   C-   152
    1    0    1   16   16    1    2993.61747687    0.00020000    1   C-   128
    1    0    1   37    6   31    2994.14378390    0.00014142    2   B-   147
    0    0    1   69    7   62    2996.01298331    0.00014142    2   C-    42
    0    0    1   70    6   65    2996.33948589    0.00014142    2   C-    43
    1    0    1   40    2   39    2996.64466502    0.00020000    1   C-   135
    1    0    1   34    9   26    2998.40718914    0.00014142    2   B-   158
    1    0    1   41    0   41    2998.88282808    0.00014142    2   B-   135
    1    0    1   24   14   11    2999.95595674    0.00017320    3   B-   153
    1    0    1   38    5   34    3000.41810986    0.00014142    2   B-   148
    1    0    1   29   12   17    3000.43397274    0.00011547    3   B-   163
    1    0    1   31   11   20    3001.34705461    0.00016455    3   B-   150
    1    0    1   21   15    6    3003.47942768    0.00011547    3   B-   142
    1    0    1   17   16    1    3004.39272288    0.00020000    1   C-   142
    1    0    1   27   13   14    3005.26202957    0.00019672    2   B-   155
    0    0    1   67   11   56    3005.32377451    0.00047836    2   C-    50
    1    0    1   39    3   36    3006.98508451    0.00021028    2   B-   133
    1    0    1   33   10   23    3008.04999537    0.00015879    3   B-   156
    0    0    1   71    4   67    3009.95790445    0.00014142    2   C-    42
    0    0    1   69    8   61    3011.97495794    0.00014142    2   C-    48
    1    0    1   37    7   30    3014.78976095    0.00014142    2   B-   142
    1    0    1   36    8   29    3015.62987838    0.00014142    2   B-   147
    1    0    1   25   14   11    3015.79216957    0.00013855    3   B-   163
    1    0    1   18   16    3    3015.80113352    0.00020000    1   C-   139
    1    0    1   40    3   38    3016.39183697    0.00014142    2   B-   142
    1    0    1   22   15    8    3017.41927238    0.00023980    2   B-   161
    1    0    1   39    4   35    3017.87775178    0.00014142    2   B-   144
    1    0    1   38    6   33    3018.13704138    0.00044145    2   B-   142
    1    0    1   30   12   19    3019.43689660    0.00023774    2   B-   159
    0    0    1   72    4   69    3020.36932696    0.00020000    1   C-    39
    1    0    1   35    9   26    3020.61198444    0.00014142    2   B-   148
    1    0    1   41    1   40    3021.29748366    0.00014142    2   B-   132
    1    0    1   32   11   22    3021.62190139    0.00014142    2   B-   163
    1    0    1   28   13   16    3022.99816466    0.00014142    2   B-   171
    1    0    1   42    1   42    3023.53425459    0.00014142    2   B-   137
    0    0    1   70    7   64    3023.94694944    0.00014142    2   C-    47
    1    0    1   19   16    3    3027.84357396    0.00020000    1   C-   153
    1    0    1   39    5   34    3028.25354164    0.00014142    2   B-   139
    1    0    1   34   10   25    3029.60329769    0.00014142    2   B-   152
    1    0    1   23   15    8    3031.99242501    0.00014142    2   B-   150
    1    0    1   26   14   13    3032.26353740    0.00014142    2   B-   160
    0    0    1   69    9   60    3032.74008309    0.00014142    2   C-    48
    1    0    1   40    4   37    3034.07910077    0.00018746    2   B-   140
    0    0    1   75    0   75    3034.68488319    0.00014142    2   C-    33
    1    0    1   38    7   32    3038.97077795    0.00014142    2   B-   152
    1    0    1   31   12   19    3039.07514625    0.00015698    2   B-   167
    1    0    1   37    8   29    3039.14237515    0.00014142    2   B-   153
    1    0    1   20   16    5    3040.51941967    0.00011547    3   B-   150
    1    0    1   29   13   16    3041.36792692    0.00012566    3   B-   160
    1    0    1   41    2   39    3041.50272510    0.00014142    2   B-   141
    1    0    1   33   11   22    3042.53164002    0.00014142    2   B-   152
    1    0    1   36    9   28    3043.45538652    0.00016705    2   B-   160
    1    0    1   39    6   33    3043.50382513    0.00020000    1   C-   148
    1    0    1   42    2   41    3046.54195273    0.00014142    2   B-   135
    0    0    1   64   15   50    3046.77882474    0.00020000    1   C-    68
    1    0    1   24   15   10    3047.19924445    0.00011547    3   B-   169
    1    0    1   43    0   43    3048.76346927    0.00020093    2   B-   134
    0    0    1   68   11   58    3048.78394194    0.00014142    2   C-    55
    1    0    1   27   14   13    3049.36751615    0.00017607    3   B-   169
    0    0    1   70    8   63    3049.79320110    0.00020000    1   C-    46
    1    0    1   40    5   36    3050.76218871    0.00014142    2   B-   149
    1    0    1   35   10   25    3051.79353327    0.00014142    2   B-   158
    1    0    1   21   16    5    3053.82888253    0.00014142    2   B-   162
    0    0    1   72    5   68    3054.46738472    0.00014142    2   C-    44
    1    0    1   17   17    0    3057.81610332    0.00020000    1   C-   134
    1    0    1   41    3   38    3058.50495478    0.00014142    2   B-   133
    1    0    1   32   12   21    3059.34660287    0.00011547    3   B-   163
    1    0    1   30   13   18    3060.37036662    0.00014142    2   B-   176
    0    0    1   69   10   59    3060.37717773    0.00014142    2   C-    51
    1    0    1   25   15   10    3063.03933784    0.00013664    3   B-   157
    1    0    1   38    8   31    3063.29424135    0.00017909    3   B-   148
    1    0    1   39    7   32    3063.86034089    0.00016525    2   B-   143
    1    0    1   34   11   24    3064.07746857    0.00017194    3   B-   165
    0    0    1   73    3   70    3064.83930350    0.00014142    2   C-    38
    1    0    1   37    9   28    3066.93731315    0.00014142    2   B-   150
    1    0    1   28   14   15    3067.10575932    0.00012605    3   B-   166
    0    0    1   71    6   65    3067.42766170    0.00014142    2   C-    47
    1    0    1   42    3   40    3067.46325275    0.00014142    2   B-   142
    1    0    1   22   16    7    3067.77212087    0.00016503    3   B-   159
    1    0    1   40    6   35    3068.58316668    0.00014142    2   B-   143
    1    0    1   18   17    2    3069.22845967    0.00020000    1   C-   156
    1    0    1   41    4   37    3070.74037167    0.00014142    2   B-   144
    0    0    1   74    3   72    3072.27532898    0.00014142    2   C-    40
    1    0    1   43    1   42    3072.35464375    0.00017216    2   B-   131
    1    0    1   44    1   44    3074.57137405    0.00014142    2   B-   137
    1    0    1   36   10   27    3074.61960430    0.00020000    1   C-   154
    0    0    1   76    1   76    3079.13982336    0.00014142    2   C-    34
    1    0    1   26   15   12    3079.51302265    0.00011547    3   B-   176
    1    0    1   31   13   18    3080.00788319    0.00012148    3   B-   164
    1    0    1   33   12   21    3080.25307090    0.00015804    3   B-   169
    1    0    1   41    5   36    3081.08950723    0.00014142    2   B-   140
    1    0    1   19   17    2    3081.27462064    0.00020000    1   C-   145
    1    0    1   23   16    7    3082.34926305    0.00020000    1   C-   170
    1    0    1   29   14   15    3085.47695185    0.00014142    2   B-   174
    0    0    1   72    6   67    3085.95920589    0.00014142    2   C-    43
    1    0    1   42    4   39    3086.22048392    0.00014142    2   B-   140
    1    0    1   35   11   24    3086.25779706    0.00014142    2   B-   154
    1    0    1   39    8   31    3088.09264641    0.00014142    2   B-   154
    1    0    1   40    7   34    3089.31247847    0.00014142    2   B-   153
    1    0    1   38    9   30    3091.05862496    0.00020000    1   C-   161
    1    0    1   43    2   41    3093.78529890    0.00014142    2   B-   141
    1    0    1   20   17    4    3093.95490969    0.00016925    3   B-   167
    1    0    1   41    6   35    3095.56176649    0.00014142    2   B-   148
    1    0    1   27   15   12    3096.62028923    0.00024371    2   B-   164
    1    0    1   24   16    9    3097.55980926    0.00017802    2   B-   167
    1    0    1   37   10   27    3098.08355243    0.00014142    2   B-   159
    1    0    1   44    2   43    3098.75240627    0.00014142    2   B-   134
    0    0    1   73    4   69    3099.52230445    0.00014142    2   C-    42
    1    0    1   32   13   20    3100.27992421    0.00012123    3   B-   179
    1    0    1   45    0   45    3100.95700311    0.00014142    2   B-   132
    1    0    1   34   12   23    3101.79411625    0.00016288    3   B-   165
    1    0    1   42    5   38    3103.59648989    0.00014142    2   B-   149
    0    0    1   71    8   63    3104.35131795    0.00014142    2   C-    48
    1    0    1   30   14   17    3104.48216965    0.00014142    2   B-   171
    1    0    1   21   17    4    3107.26865747    0.00041860    2   B-   156
    1    0    1   36   11   26    3109.07394018    0.00014142    2   B-   167
    1    0    1   43    3   40    3112.25400183    0.00014142    2   B-   133
    1    0    1   25   16    9    3113.40394525    0.00012264    3   B-   178
    1    0    1   40    8   33    3113.52828958    0.00014142    2   B-   149
    1    0    1   28   15   14    3114.36121674    0.00014142    2   B-   181
    0    0    1   72    7   66    3114.70399944    0.00020000    1   C-    47
    1    0    1   41    7   34    3115.53431487    0.00014142    2   B-   144
    1    0    1   39    9   30    3115.81967023    0.00014142    2   B-   151
    1    0    1   44    3   42    3120.85183404    0.00026340    2   B-   142
    1    0    1   33   13   20    3121.18452649    0.00015056    3   B-   167
    1    0    1   42    6   37    3121.60369987    0.00024199    2   B-   143
    1    0    1   38   10   29    3122.18442281    0.00014142    2   B-   155
    1    0    1   35   12   23    3123.96987128    0.00014142    2   B-   171
    0    0    1   71    9   62    3124.06793309    0.00020000    1   C-    48
    1    0    1   31   14   17    3124.12093952    0.00011547    3   B-   179
    0    0    1   77    0   77    3124.16883319    0.00014142    2   C-    33
    1    0    1   18   18    1    3125.71710488    0.00020000    1   C-   150
    1    0    1   45    1   44    3125.72207365    0.00014142    2   B-   131
    1    0    1   43    4   39    3126.02190307    0.00031450    2   B-   144
    1    0    1   46    1   46    3127.92140728    0.00014142    2   B-   137
    1    0    1   26   16   11    3129.88183839    0.00014142    2   B-   174
    1    0    1   37   11   26    3132.52587678    0.00014142    2   B-   156
    1    0    1   23   17    6    3135.79749868    0.00020712    3   B-   165
    1    0    1   43    5   38    3136.66101981    0.00014142    2   B-   140
    0    0    1   70   11   60    3137.67031194    0.00020000    1   C-    55
    1    0    1   19   18    1    3137.76717294    0.00020000    1   C-   165
    1    0    1   41    8   33    3139.61664961    0.00020000    1   C-   154
    1    0    1   44    4   41    3140.72146700    0.00014142    2   B-   140
    1    0    1   40    9   32    3141.21958487    0.00014142    2   B-   162
    1    0    1   42    7   36    3142.24147674    0.00027472    2   B-   153
    1    0    1   34   13   22    3142.72507228    0.00015874    3   B-   181
    1    0    1   32   14   19    3144.39282989    0.00013659    3   B-   175
    0    0    1   74    5   70    3145.17373472    0.00014142    2   C-    44
    1    0    1   36   12   25    3146.78002413    0.00017647    3   B-   167
    1    0    1   39   10   29    3146.92197884    0.00014142    2   B-   160
    1    0    1   45    2   43    3148.36331672    0.00014142    2   B-   141
    1    0    1   43    6   37    3150.35459541    0.00035087    2   B-   149
    1    0    1   20   18    3    3150.45159969    0.00020000    1   C-   161
    0    0    1   71   10   61    3150.91870773    0.00020000    1   C-    51
    1    0    1   24   17    8    3151.01246462    0.00018448    2   B-   184
    1    0    1   30   15   16    3151.74375668    0.00011547    3   B-   186
    1    0    1   46    2   45    3153.27436513    0.00014142    2   B-   133
    1    0    1   47    0   47    3155.46281799    0.00020000    1   C-   132
    0    0    1   75    3   72    3155.50830350    0.00020000    1   C-    38
    1    0    1   38   11   28    3156.61348321    0.00014142    2   B-   168
    1    0    1   44    5   40    3158.89471434    0.00020000    1   C-   149
    0    0    1   73    6   67    3159.83828171    0.00014142    2   C-    47
    1    0    1   21   18    3    3163.76979785    0.00020000    1   C-   176
    1    0    1   28   16   13    3164.73723869    0.00020000    1   C-   181
    1    0    1   33   14   19    3165.29960735    0.00017228    3   B-   181
    1    0    1   42    8   35    3166.33546739    0.00014142    2   B-   149
    1    0    1   25   17    8    3166.86206722    0.00016039    3   B-   173
    1    0    1   41    9   32    3167.25998810    0.00014142    2   B-   152
    1    0    1   45    3   42    3168.23603817    0.00014142    2   B-   133
    0    0    1   78    1   78    3169.77592336    0.00020000    1   C-    34
    1    0    1   43    7   36    3169.82750178    0.00016444    2   B-   144
    1    0    1   37   12   25    3170.22494267    0.00014142    2   B-   172
    1    0    1   31   15   16    3171.38521568    0.00013701    3   B-   173
    1    0    1   40   10   31    3172.29739937    0.00014142    2   B-   156
    1    0    1   46    3   44    3176.55513116    0.00026866    2   B-   142
    1    0    1   44    6   39    3177.18537036    0.00020000    1   C-   143
    1    0    1   39   11   28    3181.33690958    0.00014142    2   B-   157
    1    0    1   47    1   46    3181.40010840    0.00014142    2   B-   130
    1    0    1   29   16   13    3183.11656952    0.00011547    3   B-   190
    1    0    1   26   17   10    3183.34335743    0.00018246    3   B-   192
    1    0    1   48    1   48    3183.58243067    0.00014142    2   B-   137
    1    0    1   45    4   41    3183.64338885    0.00014142    2   B-   144
    1    0    1   34   14   21    3186.83888082    0.00014142    2   B-   177
    1    0    1   36   13   24    3187.70566319    0.00011547    3   B-   183
    1    0    1   32   15   18    3191.66029143    0.00020000    1   C-   190
    1    0    1   23   18    5    3192.30859980    0.00014142    2   B-   185
    1    0    1   43    8   35    3193.71785316    0.00014142    2   B-   154
    1    0    1   42    9   34    3193.94010618    0.00020000    1   C-   162
    1    0    1   38   12   27    3194.30502164    0.00037081    2   B-   168
    1    0    1   45    5   40    3194.91292675    0.00014142    2   B-   140
    1    0    1   19   19    0    3197.29158950    0.00020000    1   C-   157
    1    0    1   46    4   43    3197.56706017    0.00043900    2   B-   139
    1    0    1   44    7   38    3197.75974758    0.00020729    2   B-   153
    1    0    1   41   10   31    3198.31102250    0.00020129    2   B-   162
    0    0    1   73    8   65    3199.40597795    0.00020000    1   C-    48
    1    0    1   27   17   10    3200.45986304    0.00017513    3   B-   180
    1    0    1   30   16   15    3202.12827051    0.00011547    3   B-   186
    1    0    1   47    2   45    3205.24170546    0.00023768    2   B-   140
    1    0    1   40   11   30    3206.69701437    0.00020000    1   C-   169
    1    0    1   24   18    7    3207.52788118    0.00014142    2   B-   181
    1    0    1   45    6   39    3207.91631684    0.00016028    2   B-   149
    1    0    1   35   14   21    3209.01248809    0.00020000    1   C-   184
    1    0    1   20   19    2    3209.98035158    0.00020000    1   C-   179
    1    0    1   48    2   47    3210.10616711    0.00014142    2   B-   132
    1    0    1   49    0   49    3212.28025232    0.00026907    2   B-   132
    1    0    1   33   15   18    3212.56797008    0.00020000    1   C-   177
    1    0    1   46    5   42    3216.63263968    0.00014142    2   B-   150
    1    0    1   39   12   27    3219.02006734    0.00014142    2   B-   173
    1    0    1   43    9   34    3221.26314561    0.00025178    2   B-   152
    1    0    1   44    8   37    3221.72116632    0.00014142    2   B-   149
    1    0    1   31   16   15    3221.77368766    0.00020000    1   C-   195
    1    0    1   21   19    2    3223.30410576    0.00020000    1   C-   168
    1    0    1   25   18    7    3223.38173017    0.00035466    2   B-   193
    1    0    1   42   10   33    3224.96310097    0.00020000    1   C-   157
    1    0    1   47    3   44    3226.46214899    0.00018610    2   B-   133
    1    0    1   45    7   38    3226.75845894    0.00014142    2   B-   144
    1    0    1   36   14   23    3231.82015543    0.00020000    1   C-   179
    1    0    1   41   11   30    3232.69298031    0.00014142    2   B-   159
    1    0    1   34   15   20    3234.11050370    0.00014142    2   B-   192
    1    0    1   48    3   46    3234.56654328    0.00014142    2   B-   142
    1    0    1   38   13   26    3235.22286919    0.00035673    2   B-   184
    1    0    1   46    6   41    3235.31439202    0.00014142    2   B-   143
    1    0    1   29   17   12    3236.59295104    0.00014142    2   B-   187
    1    0    1   49    1   48    3239.38814528    0.00014142    2   B-   129
    1    0    1   26   18    9    3239.86999679    0.00020000    1   C-   189
    1    0    1   50    1   50    3241.55403227    0.00020159    2   B-   137
    1    0    1   32   16   17    3242.05232471    0.00016344    3   B-   190
    1    0    1   47    4   43    3243.54279766    0.00018774    2   B-   145
    1    0    1   40   12   29    3244.36992534    0.00014142    2   B-   169
    1    0    1   44    9   36    3249.22586195    0.00014142    2   B-   162
    1    0    1   45    8   37    3250.40505014    0.00014142    2   B-   154
    1    0    1   23   19    4    3251.85246870    0.00020000    1   C-   178
    1    0    1   43   10   33    3252.25259698    0.00020000    1   C-   162
    1    0    1   37   14   23    3255.26100819    0.00014142    2   B-   186
    1    0    1   30   17   14    3255.60819488    0.00014142    2   B-   204
    1    0    1   47    5   42    3255.77661100    0.00014142    2   B-   140
    1    0    1   46    7   40    3255.86727202    0.00014142    2   B-   153
    1    0    1   35   15   20    3256.28629862    0.00028054    2   B-   179
    1    0    1   48    4   45    3256.74594302    0.00032310    2   B-   138
    1    0    1   27   18    9    3256.99123819    0.00014142    2   B-   201
    1    0    1   42   11   32    3259.32585374    0.00020000    1   C-   169
    1    0    1   39   13   26    3259.93361044    0.00020000    1   C-   172
    1    0    1   33   16   17    3262.96415776    0.00043193    2   B-   199
    1    0    1   49    2   47    3264.42242501    0.00014142    2   B-   139
    1    0    1   47    6   41    3268.27082022    0.00014142    2   B-   149
    1    0    1   50    2   49    3269.24850962    0.00014142    2   B-   132
    1    0    1   41   12   29    3270.35500085    0.00044584    2   B-   174
    1    0    1   51    0   51    3271.40632115    0.00014142    2   B-   132
    1    0    1   20   20    1    3272.51277428    0.00020000    1   C-   174
    1    0    1   28   18   11    3274.74680416    0.00020000    1   C-   196
    1    0    1   31   17   14    3275.25924448    0.00017040    3   B-   192
    1    0    1   48    5   44    3276.78297507    0.00014142    2   B-   150
    1    0    1   45    9   36    3277.83270712    0.00020000    1   C-   152
    1    0    1   36   15   22    3279.09516682    0.00020000    1   C-   194
    1    0    1   38   14   25    3279.33586942    0.00018667    2   B-   181
    1    0    1   46    8   39    3279.68948037    0.00020000    1   C-   149
    1    0    1   44   10   35    3280.18161100    0.00014142    2   B-   157
    1    0    1   25   19    6    3282.93805398    0.00020000    1   C-   186
    1    0    1   40   13   28    3285.27820649    0.00014142    2   B-   186
    1    0    1   47    7   40    3286.35354408    0.00028123    2   B-   144
    1    0    1   43   11   32    3286.59492064    0.00014142    2   B-   159
    1    0    1   49    3   46    3286.94694268    0.00014142    2   B-   133
    1    0    1   29   18   11    3293.13496501    0.00014142    2   B-   207
    1    0    1   50    3   48    3294.88938808    0.00014142    2   B-   142
    1    0    1   32   17   16    3295.54235946    0.00012403    3   B-   209
    1    0    1   48    6   43    3295.96837536    0.00014142    2   B-   143
    1    0    1   42   12   31    3296.97534688    0.00016334    2   B-   170
    1    0    1   26   19    8    3299.43146773    0.00020000    1   C-   206
    1    0    1   51    1   50    3299.68472813    0.00014142    2   B-   129
    1    0    1   22   20    3    3299.80475251    0.00020000    1   C-   185
    1    0    1   52    1   52    3301.83597430    0.00014142    2   B-   137
    1    0    1   37   15   22    3302.53640549    0.00020528    2   B-   181
    1    0    1   39   14   25    3304.04462626    0.00032229    2   B-   187
    1    0    1   49    4   45    3305.67281123    0.00014142    2   B-   145
    1    0    1   35   16   19    3306.68836816    0.00020000    1   C-   201
    1    0    1   46    9   38    3307.07836823    0.00014142    2   B-   162
    1    0    1   45   10   35    3308.74902473    0.00020000    1   C-   162
    1    0    1   47    8   39    3309.68668574    0.00020000    1   C-   154
    1    0    1   41   13   28    3311.25669476    0.00020000    1   C-   173
    1    0    1   30   18   13    3312.15667986    0.00014142    2   B-   202
    1    0    1   23   20    3    3314.40076716    0.00020000    1   C-   199
    1    0    1   44   11   34    3314.50041890    0.00016697    2   B-   169
    1    0    1   33   17   16    3316.45964247    0.00019174    3   B-   196
    1    0    1   27   19    8    3316.55784688    0.00020000    1   C-   194
    1    0    1   48    7   42    3316.56149031    0.00034583    2   B-   153
    1    0    1   50    4   47    3318.24645425    0.00014142    2   B-   138
    1    0    1   49    5   44    3319.17340087    0.00014142    2   B-   140
    1    0    1   43   12   31    3324.23187007    0.00020000    1   C-   174
    1    0    1   51    2   49    3325.90474710    0.00014142    2   B-   139
    1    0    1   38   15   24    3326.61285989    0.00035020    2   B-   196
    1    0    1   40   14   27    3329.38645341    0.00020000    1   C-   182
    1    0    1   36   16   21    3329.50114446    0.00014142    2   B-   196
    1    0    1   52    2   51    3330.69927108    0.00020000    1   C-   132
    1    0    1   49    6   43    3331.42042547    0.00037291    2   B-   149
    1    0    1   31   18   13    3331.81365486    0.00014142    2   B-   212
    1    0    1   53    0   53    3332.84269597    0.00020000    1   C-   132
    1    0    1   28   19   10    3334.31983688    0.00020000    1   C-   214
    1    0    1   47    9   38    3336.97135841    0.00014142    2   B-   152
    1    0    1   42   13   30    3337.87049036    0.00025576    2   B-   187
    1    0    1   46   10   37    3337.95611106    0.00014142    2   B-   157
    1    0    1   34   17   18    3338.00992976    0.00022485    2   B-   212
    1    0    1   50    5   46    3339.32219668    0.00014142    2   B-   150
    1    0    1   48    8   41    3340.24236427    0.00014142    2   B-   149
    1    0    1   45   11   34    3343.04366425    0.00014142    2   B-   159
    1    0    1   25   20    5    3345.49737674    0.00020000    1   C-   207
    1    0    1   49    7   42    3348.64399714    0.00020000    1   C-   144
    1    0    1   51    3   48    3349.70050253    0.00020000    1   C-   133
    1    0    1   39   15   24    3351.32227303    0.00020000    1   C-   183
    1    0    1   21   21    0    3351.35073505    0.00020000    1   C-   183
    1    0    1   32   18   15    3352.10221186    0.00015867    3   B-   207
    1    0    1   44   12   33    3352.12303431    0.00014142    2   B-   170
    1    0    1   29   19   10    3352.71429067    0.00020000    1   C-   201
    1    0    1   37   16   21    3352.94650391    0.00014142    2   B-   203
    1    0    1   41   14   27    3355.36292924    0.00020000    1   C-   188
    1    0    1   52    3   50    3357.51844181    0.00014142    2   B-   142
    1    0    1   50    6   45    3359.12778402    0.00020326    2   B-   144
    1    0    1   26   20    7    3361.99731360    0.00020000    1   C-   203
    1    0    1   53    1   52    3362.28896341    0.00014142    2   B-   129
    1    0    1   54    1   54    3364.42606656    0.00015977    2   B-   134
    1    0    1   43   13   30    3365.11824575    0.00014142    2   B-   174
    1    0    1   22   21    2    3365.31858945    0.00020000    1   C-   207
    1    0    1   48    9   40    3367.50151747    0.00027104    2   B-   161
    1    0    1   47   10   37    3367.80269007    0.00020000    1   C-   163
    1    0    1   51    4   47    3370.01108048    0.00014142    2   B-   145
    1    0    1   49    8   41    3371.57408842    0.00025641    2   B-   154
    1    0    1   30   19   12    3371.74243067    0.00020000    1   C-   219
    1    0    1   46   11   36    3372.22389949    0.00023997    2   B-   169
    1    0    1   33   18   15    3373.02389826    0.00020000    1   C-   217
    1    0    1   40   15   26    3376.66512629    0.00020000    1   C-   198
    1    0    1   38   16   23    3377.02560503    0.00020000    1   C-   198
    1    0    1   27   20    7    3379.13054530    0.00020000    1   C-   215
    1    0    1   50    7   44    3379.83506512    0.00020000    1   C-   153
    1    0    1   45   12   33    3380.64954848    0.00020903    2   B-   174
    1    0    1   42   14   29    3381.97304872    0.00014142    2   B-   182
    1    0    1   52    4   49    3382.06059455    0.00020000    1   C-   138
    1    0    1   36   17   20    3383.01017323    0.00020000    1   C-   214
    1    0    1   51    5   46    3385.02061466    0.00014142    2   B-   140
    1    0    1   53    2   51    3389.69120128    0.00014142    2   B-   139
    1    0    1   44   13   32    3393.00084560    0.00020000    1   C-   187
    1    0    1   54    2   53    3394.45633455    0.00015665    2   B-   131
    1    0    1   24   21    4    3395.16064979    0.00020000    1   C-   217
    1    0    1   55    0   55    3396.58688243    0.00014142    2   B-   130
    1    0    1   28   20    9    3396.89845751    0.00014142    2   B-   210
    1    0    1   51    6   45    3397.33953185    0.00014142    2   B-   149
    1    0    1   48   10   39    3398.28999472    0.00034107    2   B-   157
    1    0    1   49    9   40    3398.68467469    0.00030658    2   B-   152
    1    0    1   39   16   23    3401.73670770    0.00020000    1   C-   204
    1    0    1   47   11   36    3402.04188167    0.00014142    2   B-   159
    1    0    1   41   15   26    3402.64100404    0.00014142    2   B-   184
    1    0    1   50    8   43    3403.38590628    0.00019610    2   B-   149
    1    0    1   52    5   48    3404.23115819    0.00018544    2   B-   150
    1    0    1   37   17   20    3406.45864169    0.00020000    1   C-   201
    1    0    1   43   14   29    3409.21657136    0.00020000    1   C-   187
    1    0    1   46   12   35    3409.81313913    0.00059349    2   B-   170
    1    0    1   32   19   14    3411.69964689    0.00020000    1   C-   224
    1    0    1   51    7   44    3413.66500815    0.00014142    2   B-   144
    1    0    1   53    3   50    3414.73089106    0.00014142    2   B-   133
    1    0    1   35   18   17    3416.76871265    0.00020000    1   C-   219
    1    0    1   45   13   32    3421.51736528    0.00020000    1   C-   174
    1    0    1   54    3   52    3422.45344794    0.00014142    2   B-   142
    1    0    1   52    6   47    3424.76453849    0.00027244    2   B-   144
    1    0    1   40   16   25    3427.08257368    0.00020000    1   C-   199
    1    0    1   55    1   54    3427.19976769    0.00014142    2   B-   128
    1    0    1   26   21    6    3427.53834607    0.00020000    1   C-   225
    1    0    1   42   15   28    3429.25017629    0.00020000    1   C-   199
    1    0    1   56    1   56    3429.32328792    0.00014142    2   B-   133
    1    0    1   49   10   39    3429.41623077    0.00014142    2   B-   163
    1    0    1   50    9   42    3430.49927277    0.00015833    2   B-   160
    1    0    1   48   11   38    3432.49712223    0.00027844    2   B-   169
    1    0    1   30   20   11    3434.33529949    0.00020000    1   C-   217
    1    0    1   51    8   43    3436.07865110    0.00020000    1   C-   154
    1    0    1   53    4   49    3436.55353269    0.00014142    2   B-   145
    1    0    1   44   14   31    3437.09445337    0.00020000    1   C-   182
    1    0    1   27   21    6    3444.67887328    0.00020000    1   C-   212
    1    0    1   52    7   46    3445.67856451    0.00020000    1   C-   153
    1    0    1   54    4   51    3448.18625548    0.00014142    2   B-   138
    1    0    1   53    5   48    3453.23643084    0.00020000    1   C-   141
    1    0    1   31   20   11    3454.00306006    0.00020000    1   C-   227
    1    0    1   55    2   53    3455.78140547    0.00040114    2   B-   139
    1    0    1   43   15   28    3456.49256505    0.00020000    1   C-   185
    1    0    1   56    2   55    3460.52094218    0.00020000    1   C-   131
    1    0    1   50   10   41    3461.18225261    0.00020000    1   C-   157
    1    0    1   57    0   57    3462.63734869    0.00014142    2   B-   130
    1    0    1   51    9   42    3462.97725329    0.00014142    2   B-   151
    1    0    1   24   22    3    3463.62919975    0.00020000    1   C-   214
    1    0    1   45   14   31    3465.60540324    0.00014142    2   B-   187
    1    0    1   53    6   47    3465.98172047    0.00036763    2   B-   149
    1    0    1   52    8   45    3469.11991323    0.00014142    2   B-   149
    1    0    1   54    5   50    3471.48760816    0.00020000    1   C-   149
    1    0    1   32   20   13    3474.30694006    0.00020000    1   C-   222
    1    0    1   25   22    3    3479.50763023    0.00020000    1   C-   228
    1    0    1   42   16   27    3479.67073628    0.00022372    2   B-   200
    1    0    1   47   13   34    3480.45562429    0.00020000    1   C-   174
    1    0    1   40   17   24    3480.60733252    0.00020000    1   C-   217
    1    0    1   53    7   46    3481.45209690    0.00020000    1   C-   144
    1    0    1   55    3   52    3482.04731140    0.00014142    2   B-   133
    1    0    1   44   15   30    3484.36910950    0.00028105    2   B-   199
    1    0    1   56    3   54    3489.69244828    0.00014142    2   B-   142
    1    0    1   54    6   49    3492.85288599    0.00031024    2   B-   144
    1    0    1   51   10   41    3493.59154603    0.00020000    1   C-   163
    1    0    1   57    1   56    3494.41769347    0.00014142    2   B-   128
    1    0    1   50   11   40    3495.32020954    0.00020000    1   C-   170
    1    0    1   26   22    5    3496.02031224    0.00020000    1   C-   224
    1    0    1   52    9   44    3496.07544840    0.00020000    1   C-   160
    1    0    1   30   21   10    3499.90323538    0.00020000    1   C-   240
    1    0    1   49   12   37    3501.11559987    0.00020000    1   C-   174
    1    0    1   53    8   45    3503.21830233    0.00020000    1   C-   154
    1    0    1   55    4   51    3505.30871034    0.00020000    1   C-   145
    1    0    1   43   16   27    3506.91510916    0.00020000    1   C-   206
    1    0    1   54    7   48    3514.07940487    0.00020000    1   C-   154
    1    0    1   56    4   53    3516.61605912    0.00017747    2   B-   138
    1    0    1   31   21   10    3519.57998538    0.00020000    1   C-   227
    1    0    1   47   14   33    3524.53065512    0.00020000    1   C-   187
    1    0    1   59    0   59    3530.99407849    0.00020000    1   C-   128
    1    0    1   50   12   39    3532.82238119    0.00020000    1   C-   170
    1    0    1   54    8   47    3537.44561208    0.00020000    1   C-   149
    1    0    1   49   13   36    3541.93288429    0.00020000    1   C-   174
    1    0    1   57    3   54    3551.65439504    0.00020000    1   C-   133
    1    0    1   55    7   48    3552.03832690    0.00020000    1   C-   144
    1    0    1   58    3   56    3559.23510348    0.00020000    1   C-   141
    1    0    1   53   10   43    3560.33253172    0.00020000    1   C-   163
    1    0    1   33   21   12    3560.83254385    0.00020000    1   C-   232
    1    0    1   60    1   60    3566.03704370    0.00020000    1   C-   132
    1    0    1   37   20   17    3585.31914339    0.00020000    1   C-   238
    1    0    1   58    4   55    3587.34719816    0.00020000    1   C-   138
    1    0    1   49   15   34    3633.24951621    0.00020000    1   C-   185
    1    0    1   60    4   57    3660.38079816    0.00020000    1   C-   138
    1    0    1   47   17   30    3675.76706677    0.00020000    1   C-   204
