     000    1    0    1          23.754902	0	   218	    A+   
     000    5    2    3         445.158543	0	   460	    A+   
     000    6    1    6         445.346180	0	   376	    A+   
     000    10    2    9        1288.267485	1	   199	    A+   
     000    9    3    6        1279.797848	1	   220	    A+   
     000    4    1    4         223.828493	0	   425	    A+   
     000    3    2    1         210.799220	0	   400	    A+   
     000    4    2    3         298.620091	0	   492	    A+   
     000    3    3    0         282.306997	0	   315	    A+   
     000    6    4    3         751.032855	0	   379	    A+   
     000    5    5    0         733.682933	0	   231	    A+   
     000    7    5    2        1051.203041	0	   264	    A+   
     000    6    6    1        1033.193953	1	   165	    A+   
     000    1    1    0          42.023418	0	   178	    A+   
     000    8    6    3        1399.427842	1	   171	    A+   
     000    7    7    0        1378.986184	0	   101	    A+   
     010    1    1    0        1633.635033	11	   41	    A+   
     010    1    0    1        1612.046234	11	   37	    A+   
     000    5    3    2         505.728730	0	   435	    A+   
     000    4    4    1         482.643447	0	   270	    A+   
     000    3    1    2         172.882890	0	   367	    A+   
     000    3    0    3         136.336643	0	   400	    A+   
     000    2    2    1         133.475761	0	   291	    A+   
     000    6    3    4         645.382535	0	   441	    A+   
     000    5    4    1         604.792802	0	   358	    A+   
     000    8    2    7         881.914033	1	   327	    A+   
     000    7    3    4         839.549401	0	   351	    A+   
     000    6    2    5         550.450788	0	   431	    A+   
     000    7    4    3         925.699677	0	   324	    A+   
     000    6    5    2         880.076169	0	   268	    A+   
     000    5    1    4         398.360474	0	   424	    A+   
     000    2    1    2          78.988645	0	   335	    A+   
     000    4    3    2         379.291535	0	   437	    A+   
     000    5    0    5         324.046719	0	   391	    A+   
     000    7    2    5         780.452778	0	   364	    A+   
     000    9    4    5        1355.199501	12	   195	    A+   
     000    8    3    6        1001.705681	1	   319	    A+   
     000    7    1    6         701.694213	0	   363	    A+   
     000    9    2    7        1198.199858	1	   253	    A+   
     000    9    5    4        1468.612323	12	   188	    A+   
     000    8    4    5        1116.636064	1	   285	    A+   
     000    7    0    7         583.777797	0	   328	    A+   
     000    9    1    8        1074.763260	1	   268	    A+   
     000    11    3    8        1808.362449	27	   101	    A+   
     000    11    2    9        1684.439111	53	   126	    A+   
     000    8    5    4        1246.368434	1	   242	    A+   
     000    10    4    7        1574.449652	1	   166	    A+   
     000    10    3    8        1440.288217	1	   181	    A+   
     000    10    5    6        1709.540276	19	   130	    A+   
     000    8    1    8         740.998581	0	   288	    A+   
     000    9    6    3        1619.055966	12	   137	    A+   
     000    10    6    5        1862.455015	41	   96	    A+   
     000    7    6    1        1204.174750	0	   198	    A+   
     000    9    0    9         916.257969	1	   247	    A+   
     000    11    1    10        1518.542500	42	   137	    A+   
     000    8    7    2        1574.677709	23	   118	    A+   
     000    9    7    2        1794.380336	24	   85	    A+   
     000    10    7    4        2037.934079	29	   62	    A+   
     000    10    1    10        1109.802314	33	   184	    A+   
     000    11    4    7        1894.196783	135	   89	    A+   
     000    11    0    11        1321.454444	25	   147	    A+   
     000    12    2    11        1767.338792	38	   93	    A+   
     000    12    1    12        1551.205114	44	   102	    A+   
     000    13    1    12        2033.765888	53	   62	    A+   
     000    13    0    13        1798.965488	50	   69	    A+   
     000    14    1    14        2064.673271	69	   47	    A+   
     000    12    3    10        1954.653716	29	   86	    A+   
     000    13    2    11        2238.032068	54	   59	    A+   
     000    15    0    15        2348.246478	65	   34	    A+   
     000    14    2    13        2318.138130	67	   42	    A+   
     000    13    3    10        2406.769946	41	   40	    A+   
     000    12    4    9        2116.564687	97	   68	    A+   
     000    16    1    16        2649.604609	142	   18	    A+   
     000    12    5    8        2265.438457	47	   47	    A+   
     000    8    8    1        1768.801400	31	   63	    A+   
     000    9    8    1        1989.352037	33	   60	    A+   
     000    11    5    6        1990.857027	24	   94	    A+   
     000    11    6    5        2131.566548	63	   61	    A+   
     000    12    6    7        2420.885767	74	   41	    A+   
     000    9    9    0        2200.405026	50	   32	    A+   
     000    10    8    3        2233.602707	39	   40	    A+   
     000    11    7    4        2305.306374	38	   47	    A+   
     000    10    9    2        2445.954780	63	   30	    A+   
     000    11    8    3        2501.342727	112	   29	    A+   
     000    12    7    6        2595.976480	183	   25	    A+   
     000    10    10    1        2671.630878	67	   13	    A+   
     000    13    6    7        2744.345778	82	   23	    A+   
     000    11    9    2        2714.862171	171	   21	    A+   
     000    12    8    5        2792.337947	172	   19	    A+   
     000    13    7    6        2911.063448	137	   15	    A+   
     000    11    10    1        2942.313001	331	   9	    A+   
     000    13    5    8        2622.009742	93	   27	    A+   
     000    12    9    4        3006.851918	169	   14	    A+   
     000    11    11    0        3180.406229	334	   5	    B+   
     000    13    8    5        3106.445357	71	   8	    A+   
     000    12    10    3        3235.961435	368	   6	    A+   
     000    13    9    4        3321.647375	255	   8	    A+   
     000    13    4    9        2527.689837	168	   32	    A+   
     000    15    5    10        3352.810308	328	   4	    B+   
     000    14    4    11        2735.419417	68	   25	    A+   
     000    14    5    10        2906.863397	161	   17	    A+   
     000    14    7    8        3247.067761	308	   8	    A+   
     000    14    3    12        2541.172728	54	   30	    A+   
     000    15    3    12        3068.821637	82	   14	    A+   
     000    15    2    13        2860.657079	81	   17	    A+   
     000    16    4    13        3425.918485	98	   4	    B+   
     000    15    1    14        2620.203025	86	   19	    A+   
     000    16    3    14        3198.079478	81	   4	    B+   
     010    10    2    9        2892.492351	23	   23	    A+   
     010    5    3    2        2120.454803	12	   65	    A+   
     010    9    2    7        2808.280429	17	   29	    A+   
     010    6    2    5        2152.182331	11	   68	    A+   
     010    9    1    8        2677.283629	16	   38	    A+   
     020    7    0    7        3723.634717	25	   14	    A+   
     010    8    3    6        2618.921513	15	   40	    A+   
     010    6    1    6        2034.377074	15	   59	    A+   
     010    10    1    10        2693.993702	22	   27	    A+   
     010    12    4    9        3755.457978	37	   10	    A+   
     010    7    2    5        2384.042135	13	   50	    A+   
     020    8    2    7        4055.136805	26	   22	    A+   
     010    9    3    6        2894.705742	24	   23	    A+   
     010    5    2    3        2045.922905	11	   68	    A+   
     010    10    3    8        3060.104183	71	   17	    A+   
     010    4    2    3        1899.609188	9	   73	    A+   
     010    13    6    7        4422.232923	250	   6	    A+   
     010    12    5    8        3923.046800	178	   11	    A+   
     010    12    6    7        4102.413826	385	   7	    A+   
     010    12    7    6        4304.299449	199	   6	    A+   
     010    13    5    8        4270.292083	285	   5	    B-   
     000    14    6    9        3071.237873	189	   14	    A+   
     020    5    0    5        3465.170750	23	   18	    A+   
     010    6    3    4        2261.217729	11	   69	    A+   
     010    8    2    7        2484.877461	13	   46	    A+   
     010    12    8    5        4528.012487	210	   4	    B+   
     010    4    1    4        1814.087243	16	   68	    A+   
     010    8    1    8        2328.066247	13	   47	    A+   
     010    11    6    5        3812.660473	188	   7	    A+   
     010    12    9    4        4769.500997	193	   5	    B+   
     000    13    10    3        3552.257897	259	   3	    B+   
     010    10    4    7        3210.499433	20	   13	    A+   
     020    8    3    6        4206.671819	32	   20	    A+   
     010    9    4    5        2986.259193	23	   17	    A+   
     010    11    7    4        4013.671576	60	   7	    A+   
     010    9    0    9        2501.959653	23	   35	    A+   
     010    11    5    6        3643.795726	87	   14	    A+   
     020    9    4    5        4591.958842	46	   11	    A+   
     010    10    5    6        3366.518156	72	   16	    A+   
     010    11    1    10        3122.941507	47	   17	    A+   
     010    11    8    3        4236.768969	53	   7	    A+   
     020    8    4    5        4361.406993	31	   18	    A+   
     010    9    5    4        3124.716410	33	   15	    A+   
     010    10    6    5        3544.334493	30	   10	    A+   
     010    11    9    2        4476.933200	186	   5	    B+   
     010    10    7    4        3746.245376	46	   9	    A+   
     010    7    3    4        2453.057665	16	   37	    A+   
     010    16    1    16        4219.741311	80	   4	    B+   
     000    17    0    17        2968.657427	279	   11	    A+   
     010    10    8    3        3968.609303	52	   6	    A+   
     010    13    4    9        4161.177949	222	   5	    B-   
     010    11    4    7        3523.740579	27	   13	    A+   
     010    9    6    3        3300.882919	26	   12	    A+   
     020    7    5    2        4345.220289	60	   11	    A+   
     010    8    6    3        3081.200896	26	   17	    A+   
     010    10    9    2        4207.296572	177	   6	    A+   
     020    7    4    3        4168.454002	27	   19	    A+   
     010    8    5    4        2903.329668	24	   28	    A+   
     020    9    3    6        4477.173853	93	   12	    A+   
     010    5    0    5        1913.022951	11	   62	    A+   
     010    9    7    2        3502.425564	44	   10	    A+   
     020    7    6    1        4551.461698	56	   12	    A+   
     010    8    7    2        3282.341878	31	   11	    A+   
     010    15    0    15        3921.248035	132	   4	    B+   
     010    9    8    1        3723.803538	53	   9	    A+   
     020    7    7    0        4780.798790	213	   5	    B-   
     010    8    8    1        3502.607561	35	   8	    A+   
     000    16    2    15        2939.956760	300	   10	    A+   
     020    3    0    3        3276.273438	21	   15	    A+   
     010    4    3    2        1994.703500	11	   65	    A+   
     010    3    1    2        1765.398164	15	   64	    A+   
     010    8    4    5        2751.418655	17	   34	    A+   
     020    7    3    4        4036.197599	29	   23	    A+   
     020    6    4    3        3995.627364	23	   24	    A+   
     010    7    5    2        2708.062202	17	   35	    A+   
     020    6    5    2        4174.096576	42	   19	    A+   
     010    7    6    1        2885.720489	28	   24	    A+   
     010    9    9    0        3960.908783	53	   6	    A+   
     010    14    1    14        3640.343414	60	   5	    B+   
     010    11    3    8        3429.723631	811	   12	    A+   
     010    13    3    10        4038.654677	160	   7	    A+   
     010    14    2    13        3923.522138	71	   3	    B+   
     020    7    1    6        3864.325258	30	   21	    A+   
     010    7    4    3        2559.314191	19	   42	    A+   
     010    14    3    12        4167.850255	71	   4	    B+   
     010    11    2    9        3302.229558	33	   12	    A+   
     020    5    4    1        3849.279471	20	   26	    A+   
     010    6    5    2        2536.909820	18	   31	    A+   
     010    13    0    13        3377.095762	55	   8	    A+   
     020    5    5    0        4027.449078	26	   18	    A+   
     010    6    6    1        2714.444285	29	   21	    A+   
     020    5    3    2        3705.948561	19	   28	    A+   
     010    6    4    3        2385.513689	13	   45	    A+   
     010    13    2    11        3861.716536	45	   6	    A+   
     010    13    1    12        3638.975708	55	   8	    A+   
     020    4    1    4        3368.035709	21	   23	    A+   
     020    9    2    7        4383.376314	48	   8	    A+   
     010    7    0    7        2171.740882	15	   50	    A+   
     010    12    1    12        3131.583552	42	   13	    A+   
     020    7    2    5        3952.634530	22	   19	    A+   
     020    4    4    1        3727.196120	26	   20	    A+   
     010    5    5    0        2390.355966	21	   32	    A+   
     010    12    2    11        3372.417568	44	   11	    A+   
     010    12    3    10        3577.860633	68	   9	    A+   
     020    4    3    2        3581.075391	20	   27	    A+   
     010    5    4    1        2239.157221	14	   48	    A+   
     020    10    2    9        4465.028684	52	   11	    A+   
     010    3    0    3        1725.017100	16	   68	    A+   
     020    4    2    3        3467.272259	19	   24	    A+   
     020    10    1    10        4243.272286	30	   11	    A+   
     020    5    2    3        3612.463619	20	   28	    A+   
     020    9    1    8        4246.262318	44	   15	    A+   
     020    9    0    9        4052.324956	37	   14	    A+   
     010    15    1    14        4225.519577	81	   4	    B+   
     020    3    3    0        3483.980553	21	   21	    A+   
     010    4    4    1        2117.008441	16	   46	    A+   
     010    7    1    6        2300.774242	18	   47	    A+   
     020    8    1    8        3879.564764	31	   16	    A+   
     020    3    2    1        3378.296075	19	   20	    A+   
     010    11    0    11        2903.844223	129	   14	    A+   
     010    5    1    4        1993.277128	14	   58	    A+   
     020    5    1    4        3551.725060	22	   21	    A+   
     020    2    2    1        3301.674093	23	   13	    A+   
     010    3    3    0        1897.627526	11	   54	    A+   
     020    2    1    2        3224.714620	20	   18	    A+   
     010    3    2    1        1811.290821	14	   72	    A+   
     020    6    1    6        3587.357787	26	   16	    A+   
     010    15    2    13        4488.523421	71	   4	    B+   
     020    6    2    5        3720.708391	19	   24	    A+   
     020    3    1    2        3321.419772	21	   18	    A+   
     020    10    3    8        4650.567589	56	   9	    A+   
     010    2    2    1        1734.218808	10	   61	    A+   
     020    1    1    0        3188.857257	27	   8	    A+   
     020    6    3    4        3847.784498	24	   27	    A+   
     010    14    4    11        4378.559342	62	   4	    B+   
     020    1    0    1        3162.820415	28	   6	    A+   
     010    2    1    2        1670.037249	17	   59	    A+   
     010    14    5    10        4566.589759	417	   3	    B-   
     020    11    3    8        5016.839434	448	   3	    B-   
     020    11    0    11        4451.684590	46	   8	    A+   
     020    12    1    12        4677.865439	53	   4	    B+   
     020    8    5    4        4540.370460	46	   9	    A+   
     020    11    1    10        4695.835993	46	   6	    A+   
     020    14    1    14        5182.922379	286	   4	    B-   
     100    3    3    0        3924.796026	26	   13	    A+   
     020    12    2    11        4947.289652	243	   4	    B-   
     010    13    7    6        4618.638474	548	   5	    B+   
     020    11    2    9        4887.099029	223	   5	    B-   
     100    8    2    7        4514.946183	31	   16	    A+   
     100    8    4    5        4742.692053	35	   18	    A+   
     010    15    3    12        4710.524748	390	   2	    B-   
     100    3    2    1        3856.043877	24	   10	    A+   
     100    8    1    8        4376.543356	31	   13	    A+   
     100    2    2    1        3779.886150	28	   9	    A+   
     010    17    0    17        4535.745509	150	   2	    B+   
     100    5    1    4        4041.107835	24	   15	    A+   
     100    7    0    7        4222.358903	31	   14	    A+   
     010    16    2    15        4545.153567	350	   2	    B-   
     010    18    1    18        4869.181227	549	   1	    C   
     100    4    3    2        4020.227111	21	   17	    A+   
     100    6    1    6        4086.538634	26	   17	    A+   
     100    2    1    2        3727.021034	25	   12	    A+   
     100    3    1    2        3819.564397	24	   15	    A+   
     020    10    4    7        4821.084083	175	   8	    A-   
     100    6    2    5        4189.593745	26	   16	    A+   
     100    5    0    5        3967.643622	24	   15	    A+   
     010    17    1    16        4882.227660	560	   1	    C   
     100    4    2    3        3942.217418	27	   17	    A+   
     001    7    2    6        4435.326443	21	   18	    A+   
     001    6    2    4        4334.802454	21	   20	    A+   
     100    4    1    4        3869.204122	25	   15	    A+   
     100    1    1    0        3690.774032	33	   7	    A+   
     010    18    2    17        5236.777925	823	   1	    C   
     000    17    1    16        3277.311825	674	   4	    B+   
     100    7    2    5        4416.803900	41	   19	    A+   
     001    5    3    3        4227.838240	23	   21	    A+   
     100    5    2    3        4087.166215	21	   17	    A+   
     010    16    3    14        4827.858879	479	   1	    C   
     001    8    0    8        4470.701548	63	   14	    A+   
     100    3    0    3        3783.585235	25	   12	    A+   
     010    15    4    11        4879.160997	499	   1	    C   
     001    6    1    5        4274.643965	21	   23	    A+   
     010    17    2    15        5183.496078	479	   1	    C   
     001    7    1    7        4316.167753	25	   16	    A+   
     001    4    3    1        4109.971728	21	   20	    A+   
     020    6    6    1        4379.867277	39	   16	    A+   
     100    5    3    2        4142.468618	22	   19	    A+   
     100    6    4    3        4380.877197	25	   18	    A+   
     001    5    2    4        4150.245782	28	   23	    A+   
     100    1    0    1        3673.050076	33	   8	    A+   
     001    4    2    2        4050.541385	22	   20	    A+   
     010    16    4    13        5073.910837	480	   1	    C   
     001    6    0    6        4179.330911	24	   22	    A+   
     020    9    5    4        4760.863697	47	   7	    A+   
     010    10    10    1        4458.503356	267	   4	    B+   
     001    3    3    1        4012.865290	31	   14	    A+   
     001    4    1    3        4012.740897	27	   16	    A+   
     001    6    6    0        4734.649228	62	   9	    A+   
     001    5    1    5        4061.280092	20	   21	    A+   
     020    8    6    3        4747.686909	43	   8	    A+   
     001    4    0    4        3959.463342	25	   19	    A+   
     010    7    7    0        3086.188092	31	   7	    A+   
     001    5    5    1        4446.674347	36	   9	    A+   
     001    2    2    0        3871.499795	25	   14	    A+   
     020    9    6    3        4966.517134	224	   5	    B-   
     001    3    1    3        3880.563368	30	   17	    A+   
     001    2    1    1        3834.659214	27	   17	    A+   
     001    2    0    2        3810.684152	25	   12	    A+   
     001    6    4    2        4472.199235	22	   23	    A+   
     001    5    4    2        4325.956484	26	   19	    A+   
     001    4    4    0        4205.515660	37	   16	    A+   
     100    7    3    4        4474.724131	27	   17	    A+   
     020    8    7    2        4977.315404	225	   5	    B-   
     001    1    1    1        3776.984990	35	   8	    A+   
     001    0    0    0        3741.566775	45	   6	    A+   
     001    3    2    2        3940.918341	24	   18	    A+   
     100    6    3    4        4281.987472	21	   22	    A+   
     010    14    6    9        4752.473542	482	   1	    C   
     100    7    1    6        4338.519723	21	   18	    A+   
     010    14    7    8        4954.604989	368	   3	    B+   
     100    9    1    8        4704.301832	32	   12	    A+   
     100    4    4    1        4121.389252	26	   14	    A+   
     010    13    8    5        4842.113280	507	   2	    B+   
     100    5    4    1        4242.287507	21	   19	    A+   
     100    5    5    0        4365.888907	34	   12	    A+   
     100    6    6    1        4658.347322	34	   13	    A+   
     100    6    5    2        4510.452118	34	   18	    A+   
     001    8    4    4        4843.399083	28	   17	    A+   
     010    11    10    1        4730.220978	321	   3	    B+   
     001    9    4    6        5047.414569	27	   18	    A+   
     100    7    4    3        4558.869474	24	   15	    A+   
     001    8    1    7        4606.609680	26	   18	    A+   
     010    12    10    3        5024.773933	266	   3	    B+   
     001    9    3    7        4930.225497	27	   18	    A+   
     001    9    1    9        4643.329537	59	   16	    A+   
     001    8    2    6        4707.907978	25	   18	    A+   
     001    10    0    10        4833.832429	50	   9	    A+   
     001    8    3    5        4775.188354	30	   14	    A+   
     020    13    0    13        4921.597299	64	   4	    B+   
     020    11    4    7        5124.989623	394	   3	    B-   
     030    9    0    9        5564.518927	242	   5	    B+   
     020    10    5    6        5002.927420	277	   5	    B-   
     030    6    4    3        5583.899077	169	   12	    A+   
     030    4    2    3        5000.434075	147	   14	    A+   
     030    8    1    8        5392.692300	250	   5	    B+   
     020    13    1    12        5214.688700	280	   3	    B-   
     020    13    3    10        5635.546817	478	   1	    C   
     030    4    3    2        5139.282671	136	   20	    A+   
     030    7    0    7        5236.178372	263	   5	    B+   
     030    3    2    1        4910.628288	124	   17	    A+   
     030    3    3    0        5042.236417	140	   17	    A+   
     030    2    1    2        4739.970614	142	   15	    A+   
     030    6    1    6        5101.310606	210	   8	    A+   
     100    12    1    12        5169.771089	68	   7	    A+   
     030    2    2    1        4834.662350	146	   13	    A+   
     030    3    1    2        4837.849093	140	   13	    A+   
     020    10    7    4        5441.588927	486	   1	    C   
     030    5    0    5        4976.785414	183	   8	    A+   
     030    6    2    5        5254.864297	175	   11	    A+   
     020    12    4    9        5367.777346	474	   1	    C   
     030    4    1    4        4882.633553	160	   13	    A+   
     030    1    1    0        4704.630603	190	   7	    A+   
     100    12    2    11        5384.104088	70	   5	    B+   
     100    11    0    11        4945.893398	64	   6	    A+   
     030    1    0    1        4672.226596	187	   8	    A+   
     100    11    3    8        5426.867624	313	   5	    B-   
     001    13    2    12        5741.611644	66	   8	    A+   
     020    10    9    2        5956.110501	577	   1	    C   
     001    10    1    9        5007.784934	50	   10	    A+   
     030    3    0    3        4786.235173	170	   10	    A+   
     030    5    2    3        5143.376398	127	   18	    A+   
     100    11    1    10        5139.548145	67	   7	    A+   
     030    5    1    4        5070.497005	167	   11	    A+   
     020    8    8    1        5225.504505	1732	   2	    B-   
     020    12    5    8        5557.665691	468	   2	    B-   
     001    12    0    12        5268.414027	125	   6	    A+   
     001    9    7    3        5478.420812	51	   13	    A+   
     100    11    2    9        5303.231544	55	   2	    B+   
     020    9    9    0        5709.478578	477	   1	    C   
     100    9    3    6        4907.844840	34	   9	    A+   
     020    13    2    11        5455.598446	474	   1	    C   
     100    10    1    10        4738.287176	46	   9	    A+   
     001    10    6    4        5556.179387	63	   13	    A+   
     020    12    3    10        5173.857482	69	   5	    B+   
     001    8    7    1        5261.010061	46	   14	    A+   
     001    12    1    11        5479.372992	48	   10	    A+   
     001    11    5    7        5675.983324	32	   14	    A+   
     001    9    6    4        5314.252961	40	   11	    A+   
     001    11    1    11        5042.222692	127	   7	    A+   
     100    11    8    3        6100.724729	355	   4	    B-   
     100    12    4    9        5726.308381	250	   4	    B-   
     100    10    2    9        4913.646198	62	   9	    A+   
     001    8    6    2        5097.070882	39	   13	    A+   
     100    9    0    9        4548.441839	59	   7	    A+   
     001    10    5    5        5420.654268	30	   13	    A+   
     100    9    2    7        4826.631741	44	   12	    A+   
     100    11    7    4        5909.811681	391	   2	    B-   
     001    11    2    10        5234.884771	43	   10	    A+   
     100    10    8    3        5836.687854	370	   2	    B-   
     100    12    5    8        5870.814250	316	   4	    B-   
     100    9    9    0        5803.102539	338	   2	    B-   
     001    9    5    5        5171.297207	33	   15	    A+   
     001    12    2    10        5661.603776	85	   12	    A+   
     001    7    6    2        4903.795062	42	   12	    A+   
     001    11    3    9        5400.506520	37	   15	    A+   
     020    11    5    6        5276.375199	485	   3	    B-   
     100    10    7    4        5646.203367	289	   3	    B-   
     100    11    6    5        5741.587778	51	   6	    A+   
     100    9    8    1        5595.797445	354	   2	    B-   
     001    8    5    3        4955.056253	31	   15	    A+   
     100    10    3    8        5063.106246	57	   9	    A+   
     100    10    6    5        5476.453888	43	   8	    A+   
     100    8    8    1        5378.265111	47	   6	    A+   
     100    11    5    6        5605.482953	47	   3	    B+   
     001    7    5    3        4760.585287	30	   13	    A+   
     100    10    5    6        5318.473641	86	   12	    A+   
     100    9    6    3        5236.231768	34	   10	    A+   
     100    8    7    2        5189.401295	54	   9	    A+   
     100    10    4    7        5193.483251	100	   7	    A+   
     001    6    5    1        4591.529159	31	   11	    A+   
     001    9    2    8        4799.110601	41	   15	    A+   
     100    8    6    3        5019.625433	36	   14	    A+   
     100    7    7    0        4996.413847	56	   8	    A+   
     100    9    5    4        5091.067156	32	   14	    A+   
     001    7    4    4        4639.668229	22	   18	    A+   
     100    11    4    7        5512.212510	261	   4	    B-   
     100    7    6    1        4827.016578	56	   11	    A+   
     100    8    5    4        4872.497051	28	   16	    A+   
     001    10    2    8        5151.727657	44	   16	    A+   
     001    10    3    7        5255.306790	26	   13	    A+   
     110    7    4    3        6172.838381	114	   22	    A+   
     100    9    4    5        4981.582714	29	   10	    A+   
     100    8    3    6        4632.290968	29	   15	    A+   
     100    7    5    2        4679.352676	25	   19	    A+   
     001    7    3    5        4536.217968	23	   16	    A+   
     100    15    0    15        5952.816609	493	   1	    C   
     100    14    2    13        5923.531724	480	   1	    C   
     100    14    1    14        5674.670154	345	   2	    B-   
     100    13    1    12        5645.961399	345	   2	    B-   
     100    12    3    10        5569.309276	270	   4	    B+   
     001    6    3    3        4391.652919	22	   19	    A+   
     001    13    6    8        6418.781225	342	   3	    B-   
     100    13    0    13        5414.060053	83	   3	    B+   
     001    16    1    15        6633.167024	480	   2	    B-   
     110    5    3    2        5743.002963	103	   26	    A+   
     001    11    9    3        6367.864053	284	   3	    B-   
     001    12    7    5        6272.515379	60	   6	    A+   
     001    12    6    6        6113.935943	78	   7	    A+   
     001    10    10    0        6313.409001	577	   1	    C   
     001    12    5    7        5993.241733	52	   8	    A+   
     001    11    8    4        6167.622594	230	   5	    B+   
     001    15    2    14        6317.924425	82	   3	    B+   
     110    4    3    2        5617.515349	106	   23	    A+   
     001    14    2    12        6239.442734	71	   5	    B+   
     001    13    4    10        6115.934003	109	   6	    A+   
     001    16    0    16        6349.804283	81	   3	    B+   
     001    12    4    8        5913.693153	191	   9	    A+   
     001    10    9    1        6101.809562	262	   4	    B-   
     110    4    1    4        5442.597528	116	   21	    A+   
     001    11    6    6        5820.127832	70	   9	    A+   
     001    14    1    13        6021.402051	73	   5	    B+   
     001    13    3    11        5942.438822	54	   8	    A+   
     001    10    8    2        5902.685490	47	   7	    A+   
     110    3    3    0        5519.534791	114	   23	    A+   
     001    12    3    9        5809.355572	51	   10	    A+   
     001    15    1    15        6053.096820	139	   4	    B+   
     110    4    2    3        5525.989603	128	   18	    A+   
     011    3    2    2        5523.815334	102	   24	    A+   
     110    5    2    3        5670.871497	146	   14	    A+   
     020    16    1    16        5758.037978	477	   1	    C   
     001    11    4    8        5542.474700	76	   16	    A+   
     001    9    9    1        5858.877505	293	   3	    B-   
     001    10    7    3        5719.536179	60	   5	    B+   
     030    4    4    1        5315.684445	155	   11	    A+   
     020    14    3    12        5767.118733	345	   2	    B-   
     001    14    0    14        5774.072428	64	   5	    B+   
     001    9    8    2        5661.016081	61	   7	    A+   
     110    7    1    6        5920.789866	124	   17	    A+   
     001    10    4    6        5336.471196	172	   12	    A+   
     110    8    1    8        5946.623215	154	   13	    A+   
     001    13    1    13        5512.353592	71	   8	    A+   
     100    12    7    6        6196.457213	353	   2	    B-   
     011    12    0    12        6829.278107	269	   6	    A+   
     001    8    8    0        5442.826503	47	   7	    A+   
     110    8    4    5        6357.182958	107	   24	    A+   
     110    7    0    7        5793.415482	150	   14	    A+   
     110    2    2    1        5363.370661	132	   16	    A+   
     011    4    1    3        5586.734951	109	   25	    A+   
     011    10    1    9        6591.284220	129	   17	    A+   
     011    11    1    11        6605.087572	178	   12	    A+   
     011    8    3    5        6370.509133	101	   26	    A+   
     110    8    3    6        6232.005801	160	   13	    A+   
     011    4    0    4        5529.085895	98	   25	    A+   
     011    8    2    6        6295.108388	97	   29	    A+   
     110    6    1    6        5658.657433	125	   19	    A+   
     011    5    2    4        5727.506788	106	   26	    A+   
     001    7    7    1        5067.391904	52	   4	    B+   
     030    7    4    3        5755.719120	169	   13	    A+   
     011    10    0    10        6398.471964	147	   13	    A+   
     110    3    1    2        5395.293145	131	   18	    A+   
     020    10    6    5        5210.571668	343	   2	    B-   
     110    5    0    5        5539.818497	118	   18	    A+   
     011    8    1    7        6187.915215	117	   21	    A+   
     011    5    1    5        5631.459715	112	   22	    A+   
     011    7    3    5        6132.042922	95	   30	    A+   
     011    9    1    9        6209.535957	126	   17	    A+   
     011    6    3    3        5978.888835	95	   33	    A+   
     110    1    1    0        5265.541410	189	   10	    A+   
     011    7    2    6        6017.419638	104	   25	    A+   
     011    6    2    4        5916.832112	101	   28	    A+   
     110    3    0    3        5355.558355	128	   20	    A+   
     011    5    4    2        5936.603950	102	   26	    A+   
     011    6    1    5        5852.208334	99	   29	    A+   
     011    7    1    7        5884.771293	112	   21	    A+   
     011    2    0    2        5379.767512	128	   15	    A+   
     011    9    2    8        6382.539791	108	   22	    A+   
     110    1    0    1        5244.639274	199	   8	    A+   
     110    2    1    2        5301.216003	130	   17	    A+   
     011    4    4    0        5815.735565	110	   21	    A+   
     020    9    7    2        5197.674654	349	   2	    B-   
     011    4    3    1        5703.664093	108	   28	    A+   
     011    4    2    2        5630.878636	100	   29	    A+   
     100    13    4    9        6135.072622	337	   2	    B-   
     011    6    0    6        5748.525231	108	   22	    A+   
     011    3    3    1        5605.981319	117	   18	    A+   
     001    11    11    1        6804.802929	579	   1	    C   
     011    3    1    3        5451.678409	115	   20	    A+   
     011    2    1    1        5406.952705	128	   16	    A+   
     001    12    9    3        6656.771588	320	   3	    B-   
     011    7    7    1        6743.994517	152	   13	    A+   
     011    7    6    2        6557.261735	125	   21	    A+   
     011    6    6    0        6387.474703	126	   17	    A+   
     011    1    1    1        5348.566597	186	   8	    A+   
     001    11    7    5        5984.069293	60	   5	    B+   
     011    5    5    1        6077.109786	142	   16	    A+   
     011    7    4    4        6251.322195	88	   31	    A+   
     011    6    4    2        6082.983294	87	   34	    A+   
     011    0    0    0        5310.461383	281	   3	    B+   
     011    5    3    3        5822.473207	99	   29	    A+   
     011    2    2    0        5451.444048	132	   17	    A+   
     100    10    9    2        6045.638772	368	   2	    B-   
     011    6    5    1        6222.435085	104	   26	    A+   
     011    9    3    7        6527.591611	103	   26	    A+   
     011    7    5    3        6391.975767	95	   29	    A+   
     011    8    0    8        6038.160362	122	   19	    A+   
     020    9    8    1        5447.070209	473	   1	    C   
     011    8    5    3        6586.550726	105	   24	    A+   
     110    6    4    3        6001.781448	105	   25	    A+   
     011    8    4    4        6453.831833	91	   30	    A+   
     030    9    5    4        6380.506698	175	   12	    A+   
     011    9    4    6        6660.551997	98	   26	    A+   
     011    11    2    10        6819.173410	146	   15	    A+   
     011    13    1    13        7071.010226	178	   9	    A+   
     011    12    1    11        7063.889139	160	   11	    A+   
     001    12    8    4        6455.645487	350	   2	    B-   
     011    10    3    7        6853.436372	120	   17	    A+   
     001    13    8    6        6766.426907	351	   2	    B-   
     001    13    7    7        6582.909669	623	   2	    B-   
     001    13    5    9        6268.565246	66	   4	    B+   
     001    14    7    7        6920.300623	556	   3	    B+   
     001    15    3    13        6554.136049	352	   2	    B-   
     001    17    1    17        6663.920809	493	   1	    C   
     001    14    3    11        6426.904567	343	   2	    B-   
     001    16    2    14        6885.586928	361	   2	    B-   
     001    17    2    16        6965.060260	560	   1	    C   
     001    15    4    12        6760.927373	355	   2	    B-   
     001    18    0    18        6995.358327	549	   1	    C   
     001    14    6    8        6774.944108	454	   2	    B-   
     001    15    6    10        7104.893195	432	   2	    B-   
     001    15    5    11        6940.937313	346	   2	    B-   
     100    14    6    9        6656.607794	346	   2	    B-   
     001    17    3    15        7234.321178	479	   1	    C   
     001    18    1    17        7314.227225	823	   1	    C   
     100    12    6    7        6028.519027	53	   3	    B+   
     001    16    3    13        7108.207537	480	   1	    C   
     001    14    4    10        6573.867253	386	   3	    B+   
     001    14    5    9        6683.184094	343	   2	    B-   
     001    16    4    12        7297.027028	531	   1	    C   
     000    15    4    11        3235.242228	242	   5	    B+   
     100    10    10    1        6276.375826	475	   1	    C   
     100    11    9    2        6311.259307	474	   1	    C   
     100    13    6    7        6345.434157	475	   1	    C   
     100    12    8    5        6387.679375	474	   1	    C   
     100    13    7    6        6506.969767	478	   1	    C   
     100    14    7    8        6838.782978	480	   1	    C   
     100    12    9    4        6599.701127	486	   1	    C   
     100    11    10    1        6545.941980	477	   1	    C   
     100    13    5    8        6226.867187	482	   1	    C   
     011    10    4    6        6934.173195	128	   21	    A+   
     100    15    7    8        7198.103773	509	   1	    C   
     100    13    3    10        6013.497804	427	   2	    B+   
     100    14    5    10        6502.086268	476	   1	    C   
     100    15    4    11        6829.771228	476	   1	    C   
     100    9    7    2        5406.048034	47	   2	    B+   
     100    13    2    11        5846.144356	457	   2	    B+   
     100    14    4    11        6333.941188	476	   1	    C   
     100    14    3    12        6142.716588	475	   1	    C   
     100    15    3    12        6663.137130	477	   1	    C   
     030    12    1    12        6187.985488	475	   1	    C   
     100    15    2    13        6455.736071	478	   1	    C   
     030    11    0    11        5962.603914	340	   2	    B-   
     030    10    1    10        5755.140151	402	   3	    B+   
     030    11    1    10        6235.657092	474	   1	    C   
     030    7    3    4        5589.990846	310	   6	    A+   
     030    6    3    4        5405.935740	155	   13	    A+   
     030    9    2    7        5920.621637	295	   3	    B-   
     030    8    4    5        5949.120546	242	   4	    B-   
     030    7    2    5        5484.276080	199	   6	    A+   
     030    10    2    9        6005.019707	343	   2	    B-   
     030    9    1    8        5778.978027	334	   2	    B-   
     030    7    1    6        5389.000779	187	   8	    A+   
     030    5    3    2        5263.153358	141	   13	    A+   
     030    8    2    7        5591.595109	372	   5	    B+   
     030    10    3    8        6212.098688	364	   3	    B-   
     030    8    5    4        6160.993776	308	   3	    B-   
     030    5    4    1        5437.665362	141	   16	    A+   
     030    7    5    2        5966.109387	268	   4	    B-   
     030    8    3    6        5765.665779	184	   8	    A+   
     030    6    5    2        5795.120534	215	   6	    A+   
     030    5    5    0        5648.423761	212	   6	    A+   
     030    7    6    1        6205.783608	473	   1	    C   
     030    6    6    1        6034.014809	334	   2	    B-   
     110    9    0    9        6117.087645	153	   11	    A+   
     110    10    2    9        6500.743827	172	   9	    A+   
     030    7    7    0        6466.635225	343	   2	    B-   
     110    9    2    7        6420.056533	146	   14	    A+   
     110    9    1    8        6289.741036	175	   10	    A+   
     030    9    4    5        6175.311977	259	   4	    B-   
     011    11    3    9        7000.899396	137	   15	    A+   
     011    11    4    8        7157.823228	167	   15	    A+   
     011    10    5    5        7051.200226	130	   18	    A+   
     110    7    2    5        6003.613186	120	   19	    A+   
     011    8    6    2        6751.114759	119	   22	    A+   
     011    9    5    5        6803.582692	115	   23	    A+   
     110    10    3    8        6665.966693	204	   8	    A+   
     110    10    4    7        6811.160547	161	   11	    A+   
     110    8    2    7        6100.738838	150	   12	    A+   
     030    9    3    6        6027.412414	395	   2	    B-   
     110    10    6    5        7138.304095	207	   8	    A+   
     011    10    2    8        6746.387203	146	   19	    A+   
     110    9    6    3        6898.235104	174	   10	    A+   
     110    9    7    2        7094.924339	279	   6	    A+   
     110    9    5    4        6727.402735	149	   14	    A+   
     110    5    1    4        5619.292343	128	   19	    A+   
     110    9    4    5        6593.430665	237	   11	    A+   
     110    8    6    3        6681.615520	181	   9	    A+   
     110    8    7    2        6877.820335	215	   6	    A+   
     030    10    4    7        6408.489100	474	   1	    C   
     110    8    5    4        6509.152395	128	   17	    A+   
     110    8    8    1        7094.688924	254	   5	    B+   
     110    7    6    1        6488.847828	150	   13	    A+   
     110    7    7    0        6684.309147	185	   8	    A+   
     110    7    5    2        6316.521946	117	   17	    A+   
     110    9    3    6        6505.874549	167	   11	    A+   
     011    16    0    16        7900.339452	374	   2	    B-   
     110    12    1    12        6731.601322	233	   5	    B+   
     110    6    2    5        5774.145218	117	   20	    A+   
     110    13    0    13        6974.416825	352	   3	    B+   
     110    6    6    1        6319.944441	143	   14	    A+   
     110    7    3    4        6070.702515	127	   18	    A+   
     110    6    3    4        5880.040657	118	   20	    A+   
     120    4    2    3        7076.304236	115	   21	    A+   
     011    15    1    15        7606.469341	272	   4	    B+   
     110    11    1    10        6726.694181	214	   7	    A+   
     110    11    0    11        6511.205524	188	   7	    A+   
     011    15    2    14        7904.696053	318	   3	    B+   
     110    5    5    0        6003.193172	138	   18	    A+   
     011    14    3    11        8043.763239	456	   5	    B+   
     110    5    4    1        5857.090946	103	   25	    A+   
     110    12    5    8        7506.806914	325	   8	    A+   
     011    14    0    14        7329.522560	199	   8	    A+   
     011    14    2    12        7844.988112	210	   9	    A+   
     011    14    1    13        7606.546730	191	   8	    A+   
     030    14    3    12        7339.867233	353	   2	    B-   
     120    3    2    1        6987.547470	8997	   22	    A+   
     110    13    1    12        7233.719168	476	   1	    C   
     011    13    5    9        7904.031939	176	   8	    A+   
     011    13    4    10        7734.970934	192	   10	    A+   
     011    12    4    8        7527.295632	282	   9	    A+   
     011    12    5    7        7621.885363	161	   10	    A+   
     110    4    4    1        5736.551801	149	   11	    A+   
     021    11    1    11        8135.663987	173	   13	    A+   
     011    13    3    11        7546.296422	164	   11	    A+   
     011    13    2    12        7326.343839	171	   10	    A+   
     011    12    3    9        7415.916261	170	   9	    A+   
     030    12    6    7        7421.418541	243	   4	    B+   
     120    2    2    1        6913.468285	136	   15	    A+   
     110    10    1    10        6305.438760	179	   8	    A+   
     110    12    2    11        6973.668508	338	   2	    B-   
     021    10    1    9        8144.451740	129	   22	    A+   
     120    6    1    6        7194.728523	124	   22	    A+   
     011    12    2    10        7262.424947	159	   11	    A+   
     021    10    0    10        7930.486251	168	   18	    A+   
     120    2    1    2        6839.148417	118	   22	    A+   
     021    8    3    5        7928.566659	118	   24	    A+   
     120    3    1    2        6934.628104	141	   18	    A+   
     021    9    3    7        8096.647184	145	   22	    A+   
     021    8    2    6        7849.499769	114	   24	    A+   
     021    9    2    8        7935.356356	111	   25	    A+   
     011    11    5    7        7309.461802	134	   14	    A+   
     021    9    1    9        7743.174353	122	   23	    A+   
     021    8    4    4        8038.860653	114	   23	    A+   
     011    11    6    6        7475.466335	164	   11	    A+   
     030    10    6    5        6864.513064	213	   6	    A+   
     021    8    1    7        7737.161672	111	   24	    A+   
     110    3    2    1        5439.254862	133	   17	    A+   
     120    6    2    5        7325.320973	130	   17	    A+   
     030    12    5    8        7183.680249	593	   2	    B-   
     011    11    7    5        7663.426867	163	   12	    A+   
     120    1    1    0        6804.043421	173	   10	    A+   
     021    8    0    8        7572.379486	107	   24	    A+   
     120    3    0    3        6890.269425	133	   17	    A+   
     011    10    6    4        7210.887022	127	   18	    A+   
     021    7    3    5        7699.055009	98	   33	    A+   
     021    6    2    4        7466.512322	96	   36	    A+   
     021    7    2    6        7568.407286	104	   27	    A+   
     021    7    4    4        7838.372806	108	   25	    A+   
     021    6    3    3        7543.428073	105	   27	    A+   
     021    7    1    7        7419.992695	102	   27	    A+   
     011    10    7    3        7398.354558	137	   15	    A+   
     021    6    1    5        7396.221567	103	   31	    A+   
     110    11    2    9        6904.154252	222	   8	    A+   
     021    7    5    3        8002.631448	103	   25	    A+   
     021    2    0    2        6914.084599	108	   24	    A+   
     110    10    5    6        6966.615833	148	   13	    A+   
     011    10    8    2        7605.851821	165	   11	    A+   
     011    9    6    4        6968.834792	121	   21	    A+   
     120    1    0    1        6778.897401	178	   10	    A+   
     021    6    0    6        7283.885564	107	   29	    A+   
     110    6    5    2        6147.732489	117	   20	    A+   
     120    5    1    4        7161.085459	120	   21	    A+   
     011    9    7    3        7156.588852	141	   14	    A+   
     021    6    5    1        7833.134416	101	   26	    A+   
     021    5    2    4        7277.502333	89	   36	    A+   
     021    5    3    3        7388.352670	88	   34	    A+   
     011    9    8    2        7363.188391	151	   12	    A+   
     021    4    2    2        7177.799914	91	   36	    A+   
     021    4    1    3        7126.762022	94	   31	    A+   
     021    5    1    5        7167.909225	109	   27	    A+   
     021    6    6    0        8023.375864	156	   12	    A+   
     021    5    4    2        7523.237105	105	   28	    A+   
     011    9    9    1        7584.673057	237	   6	    A+   
     021    4    3    1        7268.952917	89	   35	    A+   
     021    4    0    4        7064.255763	101	   28	    A+   
     030    9    6    3        6621.414002	336	   2	    B-   
     011    8    8    0        7143.928346	177	   9	    A+   
     021    4    4    0        7402.143311	123	   20	    A+   
     021    3    2    2        7069.475930	96	   27	    A+   
     021    3    1    3        6990.262934	7797	   24	    A+   
     021    3    3    1        7171.313987	123	   17	    A+   
     021    2    1    1        6945.342614	111	   21	    A+   
     021    2    2    0        7000.018235	117	   19	    A+   
     021    1    1    1        6886.306356	146	   11	    A+   
     021    0    0    0        6844.598785	194	   6	    A+   
     030    9    7    2        6883.890866	473	   1	    C   
     120    3    3    0        7090.735666	140	   16	    A+   
     021    6    4    2        7669.514408	102	   29	    A+   
     120    4    3    2        7186.884496	111	   24	    A+   
     021    8    5    3        8197.351209	107	   25	    A+   
     021    5    5    1        7687.513450	145	   15	    A+   
     021    7    6    2        8193.651117	158	   14	    A+   
     120    8    1    8        7481.065084	164	   15	    A+   
     110    11    4    7        7119.731933	558	   2	    B-   
     021    7    7    1        8405.403597	292	   4	    B+   
     110    11    3    8        7031.942832	369	   3	    B-   
     011    8    7    1        6938.392027	132	   17	    A+   
     030    8    8    1        6940.755532	315	   3	    B+   
     011    12    8    4        8160.367467	336	   4	    B+   
     030    9    8    1        7162.502035	359	   2	    B+   
     011    12    9    3        8386.139381	307	   3	    B+   
     011    11    9    3        8096.174091	350	   3	    B+   
     011    10    9    1        7828.914161	286	   5	    B+   
     110    11    6    5        7402.847077	226	   5	    B+   
     030    12    3    10        6741.230744	473	   1	    C   
     110    14    1    14        7232.767088	475	   1	    C   
     030    12    4    9        6954.607400	474	   1	    C   
     110    15    0    15        7508.137971	478	   1	    C   
     030    8    7    2        6663.420050	473	   1	    C   
     030    13    2    11        7016.927014	475	   1	    C   
     110    14    2    13        7510.607488	476	   1	    C   
     021    12    1    11        8619.773778	225	   8	    A+   
     021    9    4    6        8248.311361	117	   22	    A+   
     021    8    6    2        8387.877844	171	   11	    A+   
     021    11    3    9        8573.614407	204	   8	    A+   
     110    12    4    9        7346.806674	426	   2	    B-   
     110    11    5    6        7239.228071	258	   4	    B+   
     011    17    1    17        8211.406509	493	   1	    C   
     030    8    6    3        6401.570401	335	   2	    B+   
     011    18    0    18        8539.614527	549	   1	    C   
     030    15    3    12        7895.590830	477	   1	    C   
     011    16    1    15        8217.258724	480	   1	    C   
     011    17    2    16        8548.869160	560	   1	    C   
     011    15    3    13        8161.195900	365	   2	    B+   
     011    16    2    14        8493.495528	344	   2	    B+   
     011    12    6    6        7767.598012	227	   11	    A+   
     011    11    8    4        7871.658546	223	   6	    A+   
     011    12    7    5        7951.983739	159	   11	    A+   
     011    15    4    12        8384.806073	367	   2	    B+   
     200    2    1    2        7261.521744	136	   16	    A+   
     011    13    6    8        8074.769556	237	   8	    A+   
     011    16    3    13        8732.939331	2036	   2	    B+   
     011    14    4    10        8194.079274	443	   4	    B+   
     011    13    7    7        8262.765571	314	   6	    A+   
     011    15    5    11        8579.704534	322	   3	    B+   
     011    14    5    9        8296.632051	373	   3	    B+   
     200    4    1    4        7401.199446	112	   22	    A+   
     011    13    8    6        8471.653206	351	   3	    B+   
     011    14    6    8        8424.716375	484	   3	    B+   
     011    14    7    7        8598.668744	301	   3	    B+   
     011    15    6    10        8762.047265	358	   3	    B+   
     030    11    6    5        7134.596517	473	   1	    C   
     110    10    7    4        7335.428859	312	   3	    B+   
     110    11    7    4        7599.189613	291	   4	    B+   
     110    9    8    1        7313.212271	348	   2	    B+   
     110    12    7    6        7885.821930	459	   3	    B+   
     110    10    8    3        7555.044830	349	   2	    B+   
     110    11    8    3        7819.921977	498	   2	    B+   
     040    10    1    10        7226.057095	292	   5	    B+   
     040    9    0    9        7034.041403	182	   9	    A+   
     040    8    1    8        6863.437184	169	   9	    A+   
     040    7    0    7        6703.999263	191	   10	    A+   
     040    9    1    8        7270.765523	243	   6	    A+   
     040    7    1    6        6869.842476	231	   8	    A+   
     040    6    1    6        6571.996297	183	   9	    A+   
     040    5    2    3        6637.624254	175	   13	    A+   
     040    4    2    3        6498.308192	157	   13	    A+   
     040    5    1    4        6545.047590	165	   14	    A+   
     040    5    0    5        6441.807259	169	   12	    A+   
     040    2    1    2        6211.492461	188	   9	    A+   
     040    3    1    2        6310.301754	165	   11	    A+   
     040    6    3    4        6937.865835	174	   11	    A+   
     040    8    2    7        7093.562756	199	   10	    A+   
     040    3    0    3        6248.701646	200	   8	    A+   
     040    3    2    1        6407.488489	152	   14	    A+   
     040    4    1    4        6353.576567	159	   10	    A+   
     040    1    1    0        6176.630932	200	   8	    A+   
     040    5    3    2        6794.371249	162	   14	    A+   
     040    2    2    1        6332.376818	147	   16	    A+   
     040    6    2    5        6753.894270	159	   15	    A+   
     040    1    0    1        6134.121190	207	   7	    A+   
     040    4    3    2        6671.536629	135	   18	    A+   
     040    3    3    0        6574.586121	128	   18	    A+   
     040    8    3    6        7297.875802	184	   9	    A+   
     040    5    4    1        7008.291774	170	   9	    A+   
     040    4    4    1        6886.418768	184	   10	    A+   
     040    5    5    0        7257.876256	214	   9	    A+   
     040    7    3    4        7117.055298	189	   7	    A+   
     040    7    2    5        6977.034836	200	   6	    A+   
     040    12    1    12        7659.157995	356	   2	    B+   
     120    7    1    6        7467.567538	131	   16	    A+   
     120    8    2    7        7653.649732	163	   10	    A+   
     120    10    4    7        8401.028810	224	   5	    B+   
     040    8    5    4        7769.369639	227	   5	    B+   
     021    10    2    8        8309.802198	205	   12	    A+   
     040    10    3    8        7746.015298	219	   6	    A+   
     120    5    0    5        7075.264246	119	   19	    A+   
     120    13    0    13        8499.513582	268	   4	    B+   
     040    8    4    5        7518.554801	245	   7	    A+   
     120    8    3    6        7802.221284	167	   10	    A+   
     040    7    5    2        7575.358960	191	   8	    A+   
     120    12    1    12        8259.104327	233	   5	    B+   
     120    9    4    5        8179.754837	179	   9	    A+   
     040    6    5    2        7404.547246	191	   8	    A+   
     120    8    4    5        7952.685201	175	   11	    A+   
     120    11    3    8        8602.478272	415	   5	    B+   
     120    11    0    11        8041.774119	246	   7	    A+   
     101    10    6    4        9004.090400	162	   11	    A+   
     200    11    0    11        8457.533005	187	   7	    A+   
     120    8    5    4        8125.125955	340	   6	    A+   
     021    14    0    14        8854.380307	249	   5	    B+   
     040    6    4    3        7154.332870	173	   10	    A+   
     120    11    1    10        8282.052466	211	   7	    A+   
     120    7    4    3        7762.231574	146	   14	    A+   
     120    10    1    10        7837.633649	179	   9	    A+   
     120    7    3    4        7635.857258	163	   14	    A+   
     120    6    3    4        7448.200481	120	   23	    A+   
     200    11    1    10        8648.111974	260	   5	    B+   
     120    8    6    3        8326.358060	244	   4	    B+   
     101    9    6    4        8766.682352	142	   14	    A+   
     120    7    5    2        7932.948243	302	   3	    B+   
     021    13    1    13        8598.229623	283	   7	    A+   
     120    4    1    4        6979.747811	139	   21	    A+   
     130    5    0    5        8570.960185	195	   7	    A+   
     120    10    2    9        8056.174771	186	   8	    A+   
     120    9    2    7        7978.389166	203	   8	    A+   
     040    10    5    6        8224.222751	294	   6	    A+   
     120    9    0    9        7650.248960	167	   13	    A+   
     120    6    4    3        7591.828921	197	   14	    A+   
     200    11    2    9        8809.454421	221	   7	    A+   
     031    9    1    9        9241.288011	216	   7	    A+   
     101    11    1    11        8504.267749	194	   12	    A+   
     120    9    1    8        7841.548850	145	   14	    A+   
     120    7    2    5        7555.279330	139	   15	    A+   
     120    5    3    2        7309.729291	138	   17	    A+   
     120    7    6    1        8133.452182	1229	   3	    B+   
     120    10    3    8        8243.334964	228	   7	    A+   
     021    12    0    12        8358.275596	167	   10	    A+   
     101    8    2    6        8178.696708	103	   25	    A+   
     120    6    5    2        7764.315130	127	   17	    A+   
     120    8    7    2        8551.223370	229	   6	    A+   
     101    8    6    2        8553.801135	143	   20	    A+   
     021    13    2    12        8883.297148	230	   5	    B+   
     200    8    2    7        8034.870684	127	   17	    A+   
     120    5    4    1        7447.564694	124	   18	    A+   
     101    10    5    5        8874.206962	135	   15	    A+   
     031    8    0    8        9071.201006	176	   10	    A+   
     200    10    1    10        8254.494375	174	   11	    A+   
     130    3    0    3        8384.281981	180	   8	    A+   
     021    12    4    8        9099.861935	499	   3	    B+   
     101    11    4    8        8994.950038	256	   8	    A+   
     120    5    2    3        7220.227217	141	   16	    A+   
     031    8    1    7        9252.263441	412	   7	    A+   
     021    13    3    11        9123.382606	236	   7	    A+   
     040    7    4    3        7324.593400	175	   11	    A+   
     120    6    6    1        7964.382330	540	   5	    B+   
     120    5    5    0        7619.792076	152	   14	    A+   
     120    7    0    7        7328.990569	139	   16	    A+   
     120    7    7    0        8357.466951	274	   3	    B+   
     101    8    0    8        7943.907576	122	   24	    A+   
     101    9    5    5        8629.200150	123	   21	    A+   
     031    7    1    7        8919.723765	186	   11	    A+   
     120    4    4    1        7327.217816	137	   15	    A+   
     120    8    8    1        8795.796276	341	   2	    B+   
     101    7    6    2        8364.302160	145	   17	    A+   
     021    12    2    10        8834.458516	289	   6	    A+   
     031    6    2    4        8980.540227	180	   12	    A+   
     200    6    3    4        7802.187482	103	   26	    A+   
     031    2    0    2        8410.756322	159	   13	    A+   
     031    7    2    6        9087.591433	164	   12	    A+   
     031    6    1    5        8904.262840	195	   11	    A+   
     021    12    5    7        9227.949867	384	   4	    B+   
     021    11    2    10        8374.218757	273	   7	    A+   
     200    11    7    4        9399.593797	431	   2	    B+   
     101    8    1    7        8077.521685	107	   26	    A+   
     101    6    2    4        7814.513991	114	   23	    A+   
     031    6    0    6        8782.886932	205	   9	    A+   
     021    10    3    7        8420.782522	238	   7	    A+   
     200    10    8    3        9327.989127	371	   3	    B+   
     130    2    1    2        8338.320792	198	   9	    A+   
     031    7    3    5        9238.470867	169	   11	    A+   
     101    8    5    3        8416.254989	111	   23	    A+   
     021    10    4    6        8516.591297	271	   7	    A+   
     031    6    3    3        9079.919756	179	   11	    A+   
     200    9    0    9        8067.920379	127	   15	    A+   
     040    9    4    5        7740.480966	155	   14	    A+   
     021    11    4    8        8747.953569	290	   7	    A+   
     200    9    2    7        8342.368323	137	   15	    A+   
     031    5    1    5        8668.403974	200	   10	    A+   
     031    4    1    3        8630.489575	170	   14	    A+   
     200    10    7    4        9139.174476	307	   5	    B+   
     200    11    6    5        9234.038768	384	   5	    B+   
     130    1    0    1        8272.393631	247	   7	    A+   
     031    5    2    4        8794.990955	172	   10	    A+   
     200    9    8    1        9089.410865	280	   4	    B+   
     200    9    1    8        8220.948315	136	   15	    A+   
     101    9    4    6        8509.281325	123	   22	    A+   
     031    4    2    2        8693.850650	189	   10	    A+   
     031    4    0    4        8562.151980	183	   11	    A+   
     101    7    5    3        8225.344697	107	   25	    A+   
     101    10    4    6        8783.183201	171	   16	    A+   
     021    11    5    7        8921.249552	454	   3	    B+   
     101    10    1    9        8470.866003	129	   17	    A+   
     120    11    2    9        8472.430415	261	   5	    B+   
     200    6    2    5        7715.267541	113	   24	    A+   
     031    5    3    3        8926.933807	188	   11	    A+   
     200    9    7    2        8902.126856	280	   6	    A+   
     021    10    5    5        8660.207926	171	   10	    A+   
     200    10    6    5        8974.751609	184	   8	    A+   
     101    9    1    9        8113.260420	144	   17	    A+   
     200    8    8    1        8874.064133	244	   4	    B+   
     031    3    1    3        8489.690665	158	   16	    A+   
     002    10    3    8        8809.149926	213	   6	    A+   
     101    6    5    1        8059.325525	124	   23	    A+   
     031    2    1    1        8447.534049	193	   12	    A+   
     200    11    5    6        9104.990563	285	   6	    A+   
     101    9    3    7        8394.269657	114	   22	    A+   
     031    4    3    1        8807.109808	176	   12	    A+   
     200    6    1    6        7614.571281	124	   19	    A+   
     002    9    4    5        8727.858636	296	   4	    B+   
     101    8    4    4        8309.679700	108	   23	    A+   
     101    9    2    8        8266.237294	114	   22	    A+   
     200    7    2    5        7940.162406	130	   18	    A+   
     002    8    4    5        8489.325934	177	   8	    A+   
     002    7    1    6        8097.323671	133	   15	    A+   
     200    8    7    2        8688.293392	310	   6	    A+   
     200    9    6    3        8739.273737	157	   11	    A+   
     200    10    5    6        8833.328502	247	   8	    A+   
     021    9    5    5        8415.194179	213	   9	    A+   
     200    10    4    7        8697.609441	158	   15	    A+   
     031    3    3    1        8709.659001	184	   10	    A+   
     021    10    6    4        8847.916800	264	   5	    B+   
     031    1    1    1        8387.921042	189	   8	    A+   
     101    10    2    8        8613.106770	145	   20	    A+   
     101    10    0    10        8299.736889	142	   18	    A+   
     031    4    4    0        8966.924068	209	   6	    A+   
     200    7    7    0        8497.858803	159	   14	    A+   
     002    7    4    3        8303.964070	146	   15	    A+   
     101    6    0    6        7658.207592	112	   23	    A+   
     200    9    5    4        8597.095328	153	   15	    A+   
     200    5    2    3        7615.722474	115	   20	    A+   
     200    4    2    3        7471.972767	113	   22	    A+   
     101    6    4    2        7943.872095	110	   24	    A+   
     101    7    1    7        7792.355763	129	   18	    A+   
     021    9    6    4        8605.876232	251	   6	    A+   
     200    7    1    6        7862.338204	126	   22	    A+   
     200    7    0    7        7747.896153	133	   18	    A+   
     200    11    4    7        9015.232520	413	   4	    B+   
     120    11    4    7        8704.742014	395	   3	    B+   
     002    6    4    3        8130.682305	135	   16	    A+   
     130    4    1    4        8478.165659	179	   10	    A+   
     021    10    7    3        9060.725855	324	   3	    B+   
     200    7    6    1        8334.060531	132	   15	    A+   
     200    8    5    4        8378.744354	197	   6	    A-   
     101    4    1    3        7495.584535	107	   25	    A+   
     101    7    3    5        8008.982513	99	   26	    A+   
     101    5    4    2        7799.855682	105	   24	    A+   
     002    8    3    6        8386.950942	159	   12	    A+   
     120    9    5    4        8342.588041	262	   6	    A+   
     101    8    3    5        8238.950751	102	   27	    A+   
     002    5    1    4        7805.933505	115	   21	    A+   
     031    3    2    2        8586.173471	161	   14	    A+   
     021    9    7    3        8818.820511	279	   6	    A+   
     031    2    2    0        8516.369645	237	   7	    A+   
     101    13    6    8        9853.709694	407	   3	    B-   
     120    9    3    6        8071.112347	350	   3	    B+   
     200    9    4    5        8492.948916	167	   13	    A+   
     021    10    8    2        9288.818564	402	   2	    B+   
     200    6    6    1        8167.668125	139	   16	    A+   
     200    7    5    2        8191.229427	168	   12	    A+   
     101    7    2    6        7909.252104	116	   23	    A+   
     101    13    5    9        9707.258240	291	   4	    B+   
     040    6    6    1        7680.676912	697	   4	    B+   
     040    7    6    1        7852.588019	369	   3	    B+   
     200    13    2    11        9343.525263	370	   2	    B+   
     002    8    2    7        8272.304386	124	   20	    A+   
     021    8    7    1        8600.310647	245	   5	    B+   
     101    12    6    6        9552.123667	391	   5	    B+   
     101    6    3    3        7861.316382	118	   23	    A+   
     021    9    8    2        9046.838063	284	   4	    B+   
     101    12    5    7        9437.648172	360	   4	    B+   
     200    11    3    8        8933.407967	482	   4	    B+   
     101    16    0    16        9786.304452	409	   2	    B-   
     101    14    2    12        9678.609923	448	   2	    B-   
     200    5    1    4        7570.677346	128	   22	    A+   
     200    6    5    2        8024.707633	116	   21	    A+   
     101    13    4    10        9557.718147	265	   4	    B+   
     200    12    5    8        9351.320984	433	   4	    B+   
     200    13    1    12        9143.395161	290	   4	    B+   
     101    5    3    3        7705.690548	104	   25	    A+   
     101    11    7    5        9421.955575	467	   3	    B+   
     200    7    4    3        8075.183971	116	   18	    A+   
     200    12    3    10        9067.475068	320	   5	    B+   
     002    10    7    4        9336.810131	435	   4	    B+   
     002    9    8    1        9282.620799	327	   3	    B-   
     130    6    3    4        8988.847203	217	   7	    A+   
     101    4    0    4        7442.690295	127	   23	    A+   
     021    8    8    0        8827.856841	253	   4	    B+   
     101    11    6    6        9264.445228	339	   5	    B+   
     101    15    1    15        9495.418772	337	   3	    B+   
     101    13    3    11        9387.560468	251	   6	    A+   
     200    9    3    6        8422.963856	233	   5	    B+   
     031    6    4    2        9234.226187	203	   10	    A+   
     101    12    4    8        9376.638612	441	   5	    B+   
     031    5    4    2        9088.149364	202	   8	    A+   
     200    5    5    0        7882.563958	125	   18	    A+   
     200    5    0    5        7498.010145	119	   19	    A+   
     200    13    0    13        8917.389565	252	   4	    B+   
     200    12    2    11        8886.887948	230	   5	    B+   
     101    12    3    9        9260.393272	224	   7	    A+   
     200    6    4    3        7905.265604	115	   18	    A+   
     101    4    3    1        7589.728211	110	   22	    A+   
     101    10    8    2        9360.471110	281	   3	    B-   
     101    11    3    9        8855.723658	133	   15	    A+   
     200    3    1    2        7352.871940	134	   17	    A+   
     101    13    2    12        9190.020400	278	   5	    B+   
     101    6    1    5        7752.292338	106	   24	    A+   
     101    14    0    14        9221.685200	309	   4	    B+   
     101    12    2    10        9112.909533	262	   7	    A+   
     101    5    2    4        7626.132802	137	   26	    A+   
     200    7    3    4        7996.229263	123	   20	    A+   
     200    12    1    12        8678.908493	726	   4	    B+   
     200    5    4    1        7763.004298	122	   20	    A+   
     101    9    8    2        9119.786471	220	   5	    B+   
     200    10    3    8        8571.127774	208	   12	    A+   
     210    4    3    2        9126.575168	190	   9	    A+   
     101    9    7    3        8925.552298	260	   6	    A+   
     002    10    6    5        9196.876912	286	   3	    B+   
     101    5    1    5        7542.427197	126	   21	    A+   
     002    8    7    2        8886.791732	285	   3	    B-   
     101    12    1    11        8932.748824	249	   5	    B+   
     101    13    1    13        8965.191455	188	   10	    A+   
     101    7    4    4        8109.063862	104	   26	    A+   
     120    12    4    9        8940.556433	263	   4	    B+   
     200    10    2    9        8426.561930	138	   13	    A+   
     200    4    4    1        7644.164583	139	   18	    A+   
     101    10    3    7        8719.452763	123	   16	    A+   
     101    8    8    0        8901.825768	334	   3	    B-   
     210    3    3    0        9032.099549	248	   5	    B+   
     200    5    3    2        7671.559748	119	   21	    A+   
     101    14    1    13        9464.421842	396	   4	    B+   
     101    11    2    10        8693.235933	223	   10	    A+   
     101    4    2    2        7530.678761	113	   23	    A+   
     031    10    0    10        9428.109314	263	   5	    B+   
     101    12    0    12        8725.984235	179	   10	    A+   
     002    8    1    8        8135.662783	235	   5	    B+   
     200    3    0    3        7317.480929	121	   17	    A+   
     101    3    2    2        7423.326740	209	   19	    A+   
     200    4    3    2        7548.834458	124	   19	    A+   
     040    8    7    2        8344.369589	569	   2	    B+   
     040    9    7    2        8564.782986	338	   2	    B+   
     101    7    7    1        8524.008879	189	   7	    A+   
     200    8    3    6        8149.238595	142	   17	    A+   
     200    12    4    9        9221.227330	242	   5	    B+   
     040    12    3    10        8280.433620	293	   4	    B+   
     111    6    5    1        9670.613156	220	   10	    A+   
     111    7    3    5        9584.545226	192	   11	    A+   
     200    3    3    0        7454.109108	118	   19	    A+   
     002    7    6    1        8547.234296	296	   4	    B-   
     111    6    4    2        9535.282213	209	   12	    A+   
     200    8    4    5        8260.650968	159	   16	    A+   
     002    7    0    7        7983.624813	242	   4	    B+   
     200    8    1    8        7899.214280	139	   16	    A+   
     031    8    2    6        9368.561743	281	   6	    A+   
     101    3    1    3        7364.758979	115	   20	    A+   
     002    8    5    4        8604.640592	237	   13	    A+   
     111    6    2    4        9372.893128	174	   10	    A+   
     111    8    0    8        9493.204432	209	   6	    A+   
     101    6    6    0        8198.705547	150	   12	    A+   
     210    6    1    6        9168.676097	275	   6	    A+   
     002    6    6    1        8377.504483	232	   5	    B+   
     111    5    4    2        9391.375537	186	   10	    A+   
     210    2    1    2        8817.652556	242	   8	    A+   
     200    3    2    1        7388.128187	122	   19	    A+   
     210    3    1    2        8910.626159	244	   6	    A+   
     111    6    1    5        9311.893660	173	   11	    A+   
     111    7    1    7        9342.817652	179	   9	    A+   
     021    11    7    5        9325.727092	267	   4	    B+   
     200    2    2    1        7312.213059	146	   15	    A+   
     111    4    4    0        9272.565375	198	   7	    A+   
     111    5    2    4        9188.814343	165	   13	    A+   
     101    5    5    1        7917.268857	144	   15	    A+   
     111    6    0    6        9209.276362	191	   10	    A+   
     101    2    1    1        7320.591008	164	   12	    A+   
     002    6    5    2        8243.790059	152	   12	    A+   
     111    4    3    1        9164.038664	146	   12	    A+   
     101    11    9    3        9768.156376	1634	   2	    B-   
     200    8    6    3        8524.070654	227	   6	    A-   
     210    4    1    4        8956.561135	293	   6	    A+   
     002    11    2    9        9048.938745	444	   3	    B+   
     101    10    9    1        9507.819769	384	   3	    B+   
     002    6    1    6        7849.718741	239	   4	    B+   
     101    9    9    1        9270.629367	480	   2	    B-   
     111    3    3    1        9067.862170	234	   8	    A+   
     101    4    4    0        7681.747071	133	   16	    A+   
     002    10    8    3        9524.939795	323	   3	    B+   
     101    2    0    2        7296.812140	140	   15	    A+   
     002    5    0    5        7732.553671	132	   15	    A+   
     200    1    1    0        7225.980817	260	   7	    A+   
     111    2    2    0        8917.238696	239	   8	    A+   
     210    3    0    3        8871.569451	243	   7	    A+   
     111    2    1    1        8873.681861	191	   11	    A+   
     002    9    7    2        9099.743694	351	   3	    B+   
     002    6    3    4        8037.339366	127	   18	    A+   
     210    2    2    1        8878.196656	169	   9	    A+   
     101    3    3    1        7493.685297	142	   15	    A+   
     002    7    3    4        8232.294457	202	   8	    A+   
     111    2    0    2        8847.862399	208	   9	    A+   
     002    7    2    5        8177.436489	149	   14	    A+   
     200    1    0    1        7208.887308	205	   8	    A+   
     002    4    4    1        7866.572750	149	   14	    A+   
     101    11    5    7        9125.344907	329	   4	    B+   
     111    5    5    1        9528.002393	216	   6	    A+   
     101    8    7    1        8712.860361	259	   4	    B+   
     101    2    2    0        7355.774571	176	   14	    A+   
     002    11    0    11        8698.018158	581	   2	    B+   
     111    1    1    1        8816.855766	283	   6	    A+   
     120    9    7    2        8768.943075	305	   4	    B+   
     002    5    3    2        7901.935522	136	   17	    A+   
     002    4    1    4        7634.920632	145	   15	    A+   
     111    3    1    3        8917.739084	169	   11	    A+   
     111    5    3    3        9279.611612	166	   12	    A+   
     002    8    6    3        8740.370563	261	   6	    A+   
     111    0    0    0        8779.719569	349	   3	    B+   
     210    1    1    0        8782.682367	284	   4	    B+   
     002    4    3    2        7776.257197	135	   17	    A+   
     002    3    0    3        7551.213127	148	   13	    A+   
     101    1    1    1        7263.444914	173	   9	    A+   
     210    3    2    1        8952.830414	235	   6	    A+   
     210    5    2    3        9181.471551	267	   4	    B+   
     002    9    0    9        8305.523028	359	   3	    B+   
     002    3    3    0        7681.032460	137	   13	    A+   
     002    4    2    3        7704.444975	118	   18	    A+   
     101    0    0    0        7228.883501	493	   4	    B+   
     002    7    5    2        8412.619663	168	   10	    A+   
     120    10    5    6        8582.715268	346	   5	    B+   
     210    5    0    5        9052.255040	320	   6	    A+   
     210    6    4    3        9500.418773	240	   5	    B+   
     002    3    2    1        7619.616048	145	   13	    A+   
     210    4    4    1        9239.610823	283	   4	    B+   
     002    6    2    5        7949.578360	149	   14	    A+   
     111    3    2    2        8985.192142	177	   10	    A+   
     002    5    4    1        7986.963650	145	   13	    A+   
     002    2    2    1        7542.953620	134	   14	    A+   
     111    4    0    4        8994.256982	185	   11	    A+   
     200    13    3    10        9508.859070	428	   2	    B+   
     111    5    1    5        9094.418871	315	   10	    A+   
     002    2    1    2        7494.167390	159	   12	    A+   
     002    3    1    2        7586.636906	166	   11	    A+   
     111    7    5    3        9837.197181	231	   9	    A+   
     002    1    1    0        7458.321849	191	   7	    A+   
     002    9    1    8        8457.669179	405	   3	    B+   
     111    10    0    10        9847.750842	217	   6	    A+   
     002    1    0    1        7441.976427	234	   5	    B+   
     111    8    2    6        9748.803857	183	   10	    A+   
     101    10    7    3        9161.806418	390	   3	    B+   
     111    4    2    2        9092.992345	172	   12	    A+   
     200    14    1    14        9173.110688	475	   1	    C   
     120    10    7    4        9009.400050	371	   3	    B+   
     120    11    7    4        9272.952931	437	   2	    B+   
     002    12    3    10        9305.955238	973	   2	    B-   
     120    12    3    10        8745.064061	361	   4	    B+   
     002    11    6    5        9462.504460	343	   3	    B+   
     040    13    6    7        9379.868016	473	   1	    C   
     002    9    5    4        8824.701202	275	   3	    B+   
     101    15    2    14        9755.876930	477	   1	    C   
     002    10    5    6        9059.629915	369	   4	    B+   
     101    16    1    15       10064.376024	480	   1	    C   
     120    13    3    10        9212.273504	352	   2	    B+   
     101    15    3    13        9987.177028	476	   1	    C   
     120    12    5    8        9131.043067	431	   3	    B+   
     101    18    0    18       10419.187727	549	   1	    C   
     002    5    2    3        7850.572750	167	   12	    A+   
     101    14    3    11        9862.817746	474	   1	    C   
     002    9    3    6        8663.448012	279	   3	    B-   
     002    10    4    7        8936.195259	281	   5	    B+   
     002    12    5    8        9603.471648	477	   1	    C   
     021    12    3    9        8992.819580	336	   3	    B+   
     002    11    5    6        9341.537877	426	   3	    B+   
     101    14    5    9       10105.824850	477	   2	    B+   
     101    14    4    10       10012.349937	501	   1	    C   
     002    9    6    3        8957.217622	335	   3	    B+   
     002    11    3    8        9174.173398	353	   2	    B-   
     200    9    9    0        9261.803239	381	   2	    B+   
     002    5    5    0        8099.370215	326	   4	    B+   
     002    7    7    0        8699.181511	379	   3	    B+   
     002    9    2    7        8579.847623	284	   3	    B+   
     021    12    6    6        9403.609370	658	   2	    B+   
     200    12    6    7        9518.008637	2243	   2	    B-   
     021    11    6    6        9112.635689	319	   3	    B+   
     120    9    9    0        9317.747600	474	   1	    C   
     002    10    2    9        8663.133271	342	   2	    B+   
     002    11    1    10        8886.132644	473	   1	    C   
     002    12    2    11        9126.795414	475	   1	    C   
     002    13    1    12        9384.621988	475	   1	    C   
     002    12    1    12        8920.563144	473	   1	    C   
     002    13    0    13        9160.560814	475	   1	    C   
     002    12    4    9        9464.223448	512	   2	    B+   
     002    8    8    1        9062.533684	473	   1	    C   
     002    9    9    0        9465.802000	474	   1	    C   
     002    10    9    2        9704.264037	474	   1	    C   
     002    11    8    3        9789.664779	473	   1	    C   
     002    12    6    7        9745.664926	473	   1	    C   
     002    11    4    7        9261.597017	473	   1	    C   
     130    6    2    5        8842.601893	190	   8	    A+   
     130    10    1    10        9333.569384	428	   2	    B+   
     130    9    0    9        9145.710538	295	   4	    B+   
     130    7    3    4        9168.282189	227	   5	    B+   
     130    8    1    8        8977.734788	243	   4	    B+   
     130    7    2    5        9070.353292	286	   4	    B+   
     130    9    1    8        9357.968430	558	   3	    B+   
     031    11    1    11        9632.395624	296	   4	    B+   
     130    7    0    7        8824.375874	246	   5	    B+   
     130    4    2    3        8592.557869	176	   8	    A+   
     130    5    2    3        8734.313865	199	   8	    A+   
     130    7    1    6        8976.291446	297	   5	    B+   
     130    5    3    2        8848.132040	244	   7	    A+   
     130    8    2    7        9173.488585	236	   7	    A+   
     130    6    1    6        8692.350757	229	   6	    A+   
     130    6    4    3        9160.014930	325	   5	    B+   
     130    5    1    4        8663.905626	221	   6	    A+   
     130    4    3    2        8726.210155	185	   8	    A+   
     050    5    4    1        8567.052106	370	   5	    B+   
     130    3    2    1        8504.624647	195	   8	    A+   
     130    5    4    1        9016.007391	279	   4	    B+   
     130    3    1    2        8435.046481	198	   10	    A+   
     130    2    2    1        8429.549564	217	   6	    A+   
     031    10    1    9        9666.163927	894	   3	    B+   
     130    3    3    0        8630.604557	223	   6	    A+   
     130    6    5    2        9363.935350	277	   5	    B+   
     130    4    4    1        8895.851214	355	   4	    B-   
     031    9    2    8        9457.396606	282	   3	    B+   
     130    1    1    0        8303.777528	239	   5	    B+   
     031    8    3    5        9462.879253	257	   4	    B+   
     130    5    5    0        9219.601825	317	   4	    B+   
     031    9    3    7        9638.110054	259	   7	    A+   
     130    6    6    1        9596.405278	403	   3	    B-   
     031    8    4    4        9601.639523	255	   5	    B+   
     111    9    2    8        9831.961796	234	   6	    A+   
     031    7    4    4        9403.321437	331	   6	    A+   
     031    9    5    5       10009.456913	430	   3	    B-   
     031    0    0    0        8341.107933	417	   2	    B+   
     031    8    5    3        9790.668325	240	   5	    B-   
     130    7    4    3        9329.380629	598	   4	    B+   
     111    8    3    5        9815.956742	239	   9	    A+   
     031    7    5    3        9597.534783	187	   8	    A+   
     111    7    2    6        9473.038532	181	   10	    A+   
     111    8    1    7        9640.757933	203	   8	    A+   
     130    8    5    4        9721.933910	426	   2	    B+   
     210    8    3    6        9731.860737	304	   5	    B+   
     111    6    3    3        9435.880180	189	   11	    A+   
     031    8    6    2       10010.639869	410	   3	    B-   
     031    5    5    1        9281.314318	199	   11	    A+   
     012    5    0    5        9282.918432	180	   11	    A+   
     111    14    0    14       10759.319233	562	   2	    B-   
     031    7    6    2        9816.395746	411	   2	    B-   
     210    7    4    3        9670.172820	342	   4	    B-   
     130    9    2    7        9499.311160	473	   1	    C   
     111    13    1    13       10505.270292	1332	   2	    B-   
     031    6    6    0        9646.050401	914	   2	    B-   
     210    6    2    5        9281.429703	449	   3	    B-   
     210    7    3    4        9573.764628	364	   4	    B-   
     111    12    2    10       10695.971889	562	   2	    B-   
     130    8    3    6        9339.977551	458	   3	    B+   
     111    12    1    11       10497.647794	514	   2	    B-   
     210    5    5    0        9498.990677	1013	   2	    B-   
     111    12    0    12       10268.217971	344	   3	    B+   
     111    11    4    8       10591.590400	372	   3	    B+   
     111    10    4    6       10372.440864	370	   5	    B+   
     210    5    4    1        9358.477945	497	   3	    B-   
     031    7    7    1       10055.438396	1045	   2	    B-   
     210    10    4    7       10290.401488	434	   4	    B+   
     111    11    3    9       10437.365944	455	   4	    B+   
     111    11    2    10       10258.799523	265	   5	    B+   
     111    10    5    5       10485.126312	480	   4	    B+   
     130    10    5    6       10180.635635	378	   2	    B-   
     111    11    1    11       10048.787931	332	   5	    B+   
     111    10    3    7       10306.471915	595	   4	    B+   
     210    5    3    2        9249.232259	382	   4	    B+   
     111    10    2    8       10191.099203	245	   5	    B+   
     121    8    0    8       11008.943458	257	   5	    B+   
     210    7    2    5        9509.080097	594	   2	    B-   
     111    10    6    4       10638.987492	290	   3	    B-   
     050    10    5    6        9832.707857	350	   2	    B-   
     111    10    1    9       10036.343119	288	   5	    B+   
     031    10    2    8        9840.071244	263	   4	    B+   
     121    6    2    4       10904.912016	229	   9	    A+   
     031    9    4    6        9812.999877	244	   6	    A+   
     111    9    4    6       10103.218605	240	   6	    A+   
     121    7    1    7       10859.354321	268	   5	    B+   
     210    4    2    3        9037.096685	268	   5	    B+   
     111    9    3    7        9972.760908	277	   6	    A+   
     111    9    5    5       10242.151187	270	   5	    B+   
     031    12    0    12        9854.271553	347	   2	    B+   
     210    8    1    8        9451.307366	385	   4	    B+   
     111    9    6    4       10401.699810	1592	   3	    B+   
     031    13    1    13       10092.893014	475	   1	    C   
     031    10    5    5       10251.372462	340	   2	    B-   
     210    7    1    6        9426.696819	399	   4	    B-   
     111    8    4    4        9900.358153	270	   4	    B-   
     111    4    1    3        9051.709254	191	   11	    A+   
     031    6    5    1        9426.614865	265	   8	    A+   
     111    9    1    9        9661.465455	264	   4	    B+   
     012    8    2    7        9832.577277	283	   5	    B-   
     111    8    5    3       10028.287513	268	   6	    A+   
     210    7    0    7        9300.925021	406	   4	    B+   
     121    5    2    4       10719.457320	195	   11	    A+   
     111    8    6    2       10187.612014	335	   3	    B-   
     121    4    2    2       10622.516346	180	   11	    A+   
     210    8    4    5        9857.477609	284	   3	    B-   
     121    5    1    5       10612.327432	206	   10	    A+   
     210    5    1    4        9130.997008	332	   4	    B-   
     121    4    1    3       10574.113267	204	   9	    A+   
     111    7    4    4        9700.926693	274	   7	    A+   
     111    8    7    1       10380.968671	304	   5	    B+   
     121    4    3    1       10709.362621	185	   9	    A+   
     012    8    5    4       10212.970877	277	   5	    B+   
     121    4    0    4       10511.082570	200	   9	    A+   
     111    7    6    2        9997.682079	353	   4	    B+   
     210    8    2    7        9602.473447	354	   2	    B-   
     210    6    3    4        9386.790203	273	   6	    A+   
     130    7    5    2        9532.408376	473	   1	    C   
     031    9    6    4       10228.506504	675	   2	    B-   
     031    11    2    10        9899.885226	358	   2	    B+   
     111    7    7    1       10187.364203	424	   3	    B-   
     121    3    2    2       10515.060828	204	   11	    A+   
     121    3    3    1       10613.238780	270	   8	    A+   
     012    6    1    6        9399.215141	264	   4	    B-   
     012    7    5    2       10020.097320	239	   6	    A+   
     121    3    1    3       10436.537548	187	   10	    A+   
     111    6    6    0        9831.626601	361	   2	    B-   
     121    2    1    1       10394.206524	215	   8	    A+   
     031    12    1    11       10147.091404	646	   2	    B+   
     121    2    2    0       10446.791013	239	   7	    A+   
     121    2    0    2       10363.952167	225	   8	    A+   
     012    7    4    3        9891.084918	380	   3	    B-   
     012    6    5    2        9850.555130	289	   3	    B-   
     121    1    1    1       10336.163713	303	   6	    A+   
     012    6    4    3        9718.340835	288	   3	    B-   
     012    6    2    5        9510.521628	221	   7	    A+   
     012    5    5    0        9705.072016	272	   4	    B+   
     031    9    7    3       10469.175536	473	   1	    C   
     031    8    7    1       10250.578909	473	   1	    C   
     031    11    3    9       10119.285817	473	   1	    C   
     210    1    0    1        8762.569315	354	   3	    B+   
     012    11    0    11       10240.647114	475	   1	    C   
     210    7    5    2        9809.363240	328	   4	    B-   
     012    5    4    1        9574.099927	396	   5	    B+   
     210    8    6    3       10165.152478	921	   2	    B-   
     012    10    2    9       10226.288300	474	   1	    C   
     012    9    2    7       10150.986588	492	   2	    B-   
     031    10    4    6       10074.368840	402	   2	    B+   
     012    4    4    1        9453.446327	276	   4	    B+   
     012    5    3    2        9472.732119	264	   6	    A+   
     031    9    8    2       10718.425337	474	   1	    C   
     031    8    8    0       10499.852700	474	   1	    C   
     012    9    1    8       10020.297027	575	   2	    B-   
     012    7    2    5        9741.529336	350	   3	    B-   
     012    4    1    4        9185.334185	248	   5	    B+   
     031    11    4    8       10315.154818	491	   2	    B-   
     012    9    0    9        9851.511514	474	   1	    C   
     012    4    3    2        9347.556996	254	   6	    A+   
     012    4    2    3        9263.982702	228	   7	    A+   
     012    8    3    6        9958.521957	409	   3	    B-   
     012    5    2    3        9410.700144	278	   5	    B+   
     012    8    1    8        9683.089242	449	   4	    B+   
     012    3    3    0        9252.044121	289	   4	    B+   
     012    7    1    6        9657.224109	308	   3	    B-   
     012    8    6    3       10361.101309	473	   1	    C   
     012    7    0    7        9532.084908	378	   3	    B+   
     012    7    6    1       10170.643326	684	   2	    B-   
     012    3    2    1        9178.614858	263	   7	    A+   
     111    9    7    3       10597.945872	489	   2	    B-   
     210    9    3    6       10002.868258	473	   1	    C   
     210    9    4    5       10086.199648	473	   1	    C   
     012    5    1    4        9361.243471	246	   5	    B+   
     121    6    0    6       10726.164834	221	   7	    A+   
     111    9    8    2       10807.096437	474	   1	    C   
     012    2    2    1        9101.972557	250	   6	    A+   
     111    8    8    0       10588.713300	474	   1	    C   
     012    6    3    4        9609.230614	283	   4	    B-   
     012    2    1    2        9045.239263	276	   6	    A+   
     012    3    1    2        9139.422499	252	   6	    A+   
     210    9    2    7        9918.241660	473	   1	    C   
     121    6    1    5       10837.469054	260	   9	    A+   
     031    10    6    4       10470.069966	473	   1	    C   
     121    7    2    6       11005.034906	313	   7	    A+   
     012    7    3    4        9801.939459	1594	   3	    B+   
     012    1    1    0        9009.937015	301	   4	    B+   
     031    10    3    7        9951.393045	903	   2	    B+   
     012    3    0    3        9100.583332	301	   5	    B+   
     210    9    0    9        9618.524581	473	   1	    C   
     210    10    1    10        9803.824370	473	   1	    C   
     210    6    5    2        9641.657120	467	   2	    B+   
     012    1    0    1        8990.871119	308	   3	    B+   
     031    10    7    3       10710.949036	473	   1	    C   
     210    10    2    9        9996.436560	473	   1	    C   
     210    7    6    1        9974.710741	473	   1	    C   
     210    11    1    10       10217.205085	473	   1	    C   
     210    7    7    0       10165.514950	473	   1	    C   
     111    15    1    15       11030.363671	478	   1	    C   
     111    13    2    12       10754.510092	474	   1	    C   
     130    7    7    0       10021.581153	473	   1	    C   
     111    14    1    13       11030.358188	476	   1	    C   
     111    13    3    11       10972.785616	473	   1	    C   
     111    11    5    7       10739.994775	473	   1	    C   
     012    10    3    8       10388.677493	847	   2	    B-   
     111    11    6    6       10900.972515	474	   1	    C   
     012    9    3    6       10238.699558	473	   1	    C   
     111    13    4    10       11158.265187	482	   1	    C   
     111    10    7    3       10838.073136	473	   1	    C   
     111    12    3    9       10852.696249	473	   1	    C   
     111    12    4    8       10949.078883	491	   1	    C   
     210    8    5    4        9998.482476	473	   1	    C   
     012    8    4    5       10078.447591	629	   2	    B-   
     012    6    6    1       10004.297119	459	   3	    B+   
     012    7    7    0       10348.699853	473	   1	    C   
     012    8    7    2       10540.949550	473	   1	    C   
     041    7    1    7       10380.558381	342	   2	    B-   
     041    6    0    6       10241.276648	358	   3	    B+   
     041    6    1    5       10372.597234	361	   3	    B+   
     041    6    2    4       10461.923213	627	   3	    B+   
     041    5    1    5       10129.516386	364	   2	    B-   
     041    4    0    4       10018.105859	277	   4	    B+   
     041    4    1    3       10094.390138	280	   4	    B+   
     041    3    1    3        9951.259550	280	   3	    B-   
     041    2    0    2        9865.101301	322	   4	    B+   
     041    5    2    4       10279.392440	334	   2	    B-   
     041    4    2    2       10175.753032	282	   4	    B+   
     041    2    1    1        9909.934859	291	   4	    B+   
     041    1    1    1        9849.976226	383	   3	    B+   
     041    3    2    2       10069.752106	281	   3	    B-   
     041    0    0    0        9795.331502	473	   1	    C   
     041    2    2    0        9999.647400	325	   3	    B+   
     041    5    3    3       10439.909529	319	   4	    B+   
     041    4    3    1       10319.788605	295	   3	    B-   
     041    3    3    1       10222.587132	323	   4	    B+   
     041    5    4    2       10634.525282	320	   3	    B-   
     041    4    4    0       10513.252358	291	   5	    B+   
     041    6    3    3       10590.498350	357	   3	    B+   
     041    8    0    8       10531.035897	473	   1	    C   
     041    6    5    1       11008.021996	325	   3	    B-   
     041    9    1    9       10702.029081	473	   1	    C   
     220    6    2    5       10814.130893	244	   5	    B-   
     121    12    0    12       11776.444088	475	   1	    C   
     220    7    3    4       11114.455821	848	   2	    B-   
     121    11    1    11       11559.894064	339	   2	    B-   
     041    7    2    6       10574.174288	473	   1	    C   
     220    9    0    9       11133.628014	474	   1	    C   
     041    8    1    7       10729.592713	473	   1	    C   
     041    6    4    2       10780.391955	473	   1	    C   
     220    4    1    4       10478.159459	285	   4	    B-   
     121    10    0    10       11360.309094	315	   4	    B+   
     220    7    2    5       11042.169581	473	   1	    C   
     041    9    3    7       11152.983448	380	   2	    B-   
     220    5    3    2       10796.210297	286	   3	    B-   
     220    5    4    1       10927.373699	321	   3	    B-   
     201    7    4    4       11447.234871	409	   7	    A+   
     121    10    2    8       11733.980291	402	   3	    B+   
     220    8    1    8       10967.689670	473	   1	    C   
     121    10    1    9       11570.640700	474	   1	    C   
     220    5    5    0       11092.154204	337	   2	    B-   
     220    4    2    3       10568.129934	215	   7	    A+   
     041    9    2    8       10947.958733	473	   1	    C   
     041    9    4    6       11354.930616	326	   3	    B-   
     121    9    1    9       11176.552489	652	   3	    B-   
     220    5    2    3       10712.424504	338	   2	    B-   
     220    4    3    2       10674.572790	285	   4	    B+   
     220    7    1    6       10955.775915	363	   2	    B-   
     220    4    4    1       10808.863368	273	   4	    B+   
     121    8    3    5       11356.758412	421	   3	    B-   
     220    7    0    7       10818.153581	473	   1	    C   
     220    8    3    6       11277.344260	253	   7	    A+   
     201    6    4    2       11285.447135	350	   9	    A+   
     121    9    2    8       11369.681515	447	   4	    B+   
     121    9    3    7       11521.746306	318	   4	    B+   
     300    8    6    3       11877.332935	343	   2	    B-   
     121    8    2    6       11284.412482	240	   6	    A+   
     201    8    0    8       11288.029777	209	   7	    A+   
     121    9    4    6       11670.204702	307	   4	    B-   
     121    8    1    7       11171.239122	383	   5	    B+   
     220    3    3    0       10580.199092	230	   5	    B-   
     220    6    1    6       10686.098708	497	   2	    B-   
     201    7    3    5       11349.771528	182	   9	    A+   
     220    5    1    4       10654.802566	338	   2	    B-   
     220    3    2    1       10483.992833	284	   3	    B-   
     041    7    3    5       10751.911935	473	   1	    C   
     121    8    4    4       11463.848756	289	   4	    B-   
     201    5    4    2       11143.652270	208	   8	    A+   
     201    8    3    5       11579.207317	234	   6	    A+   
     300    7    6    1       11691.015426	367	   3	    B-   
     300    8    5    4       11740.094516	234	   5	    B-   
     121    9    5    5       11830.780899	476	   2	    B-   
     300    7    1    6       11238.643451	238	   6	    A+   
     220    5    0    5       10570.431054	584	   3	    B-   
     220    2    2    1       10409.204122	277	   4	    B+   
     300    8    2    7       11406.958144	236	   5	    B-   
     041    5    5    1       10861.555694	578	   2	    B+   
     220    2    1    2       10339.314954	277	   3	    B-   
     121    7    3    5       11131.583327	212	   8	    A+   
     220    3    1    2       10429.984322	276	   3	    B-   
     201    7    2    6       11252.225032	193	   10	    A+   
     201    7    1    7       11138.412363	250	   7	    A+   
     070    3    1    2       10436.271117	424	   2	    B-   
     121    6    3    3       10979.604595	226	   8	    A+   
     220    8    4    5       11426.254392	458	   3	    B-   
     300    9    4    5       11856.057170	252	   5	    B-   
     121    8    5    3       11616.350743	286	   4	    B+   
     070    4    1    4       10471.856231	401	   2	    B-   
     300    6    6    1       11527.257864	500	   3	    B+   
     121    7    4    4       11267.230125	245	   5	    B+   
     220    6    3    4       10933.524166	297	   4	    B+   
     300    7    5    2       11553.485924	273	   3	    B-   
     300    8    1    8       11273.382975	304	   6	    A+   
     201    8    2    6       11513.610043	221	   8	    A+   
     220    3    0    3       10389.043440	271	   4	    B+   
     220    1    1    0       10305.070532	334	   2	    B-   
     201    5    3    3       11052.301523	179	   11	    A+   
     121    6    4    2       11100.694654	215	   6	    A-   
     121    7    5    3       11425.509543	260	   5	    B+   
     121    5    3    3       10826.686711	285	   6	    A+   
     300    6    5    2       11389.344964	271	   4	    B+   
     131    1    1    1       11820.063029	226	   5	    B+   
     121    8    6    2       11807.727621	874	   2	    B-   
     201    12    2    10       12431.929089	398	   2	    B-   
     070    2    1    2       10331.408123	467	   2	    B-   
     300    7    4    3       11442.437533	232	   6	    A-   
     041    7    4    4       10949.262872	569	   2	    B-   
     220    1    0    1       10279.626932	364	   2	    B-   
     300    5    1    4       10952.463312	280	   5	    B+   
     201    4    3    1       10938.216313	189	   10	    A+   
     121    5    4    2       10956.907511	206	   10	    A+   
     022    7    4    3       11455.172798	275	   3	    B-   
     121    8    7    1       12004.926713	342	   3	    B-   
     201    10    5    5       12201.397624	409	   3	    B-   
     300    6    1    6       10995.034464	253	   6	    A+   
     121    7    6    2       11615.275158	289	   4	    B-   
     300    5    5    0       11249.104926	324	   3	    B-   
     300    9    3    6       11791.342449	278	   3	    B-   
     201    10    4    6       12114.035114	386	   4	    B+   
     201    12    1    11       12257.456788	476	   1	    C   
     201    5    2    4       10974.867556	251	   6	    A+   
     201    13    1    13       12288.957146	344	   3	    B+   
     041    7    6    2       11429.855850	473	   1	    C   
     041    6    6    0       11259.095253	473	   1	    C   
     201    6    0    6       11006.596804	244	   8	    A+   
     201    11    3    9       12182.489017	335	   3	    B+   
     201    6    2    4       11156.169186	197	   10	    A+   
     220    6    4    3       11070.015118	1198	   2	    B-   
     022    6    4    3       11283.412596	218	   7	    A+   
     121    4    4    0       10837.937745	294	   5	    B+   
     201    9    6    4       12096.945508	455	   4	    B-   
     300    5    0    5       10880.666816	227	   7	    A+   
     121    5    5    1       11115.964951	335	   2	    B-   
     220    7    4    3       11237.848281	473	   1	    C   
     121    7    7    1       11814.397309	473	   1	    C   
     121    6    6    0       11446.144362	220	   6	    A+   
     121    10    4    6       11928.369821	317	   4	    B-   
     201    5    1    5       10892.882078	207	   8	    A+   
     131    3    1    3       11919.885580	193	   9	    A+   
     300    6    2    5       11092.390900	212	   8	    A+   
     300    5    4    1       11133.134741	351	   6	    A+   
     300    7    3    4       11369.875402	214	   6	    A+   
     201    12    0    12       12054.286042	352	   4	    B+   
     140    11    5    6       12022.976608	290	   3	    B-   
     300    6    3    4       11181.583369	194	   8	    A+   
     022    5    5    0       11290.609513	324	   3	    B-   
     300    10    4    7       12067.120474	707	   3	    B-   
     022    5    4    1       11139.417413	209	   7	    A+   
     022    10    3    8       11943.880185	453	   2	    B-   
     201    10    2    8       11946.505723	242	   5	    B-   
     102    9    0    9       11706.399976	257	   5	    B-   
     201    9    4    6       11840.929426	206	   6	    A-   
     121    0    0    0       10295.634509	450	   2	    B+   
     300    9    2    7       11712.611768	312	   3	    B-   
     300    11    0    11       11823.787514	344	   2	    B-   
     300    10    2    9       11791.531788	465	   3	    B-   
     070    1    1    0       10297.607402	473	   1	    C   
     201    4    2    2       10881.945962	192	   11	    A+   
     022    4    4    1       11014.446873	237	   4	    B-   
     201    8    5    3       11749.619971	240	   6	    A+   
     201    10    1    9       11803.511922	238	   6	    A+   
     201    11    1    11       11836.673664	396	   2	    B-   
     300    4    4    1       11020.001041	239	   9	    A+   
     201    9    3    7       11728.707274	272	   7	    A+   
     201    8    4    4       11646.283779	298	   5	    B+   
     201    7    7    1       11866.147636	342	   3	    B+   
     201    3    2    2       10775.571169	207	   9	    A+   
     300    5    3    2       11048.665331	256	   7	    A+   
     041    7    5    3       11178.492569	473	   1	    C   
     201    7    6    2       11698.708915	478	   4	    B+   
     300    10    1    10       11623.564224	314	   3	    B-   
     300    9    1    8       11590.674077	1182	   2	    B-   
     022    7    0    7       11048.983931	340	   2	    B-   
     220    6    5    2       11234.889177	473	   1	    C   
     300    7    2    5       11316.040059	376	   4	    B-   
     201    9    2    8       11602.628712	229	   6	    A+   
     201    10    0    10       11636.174652	288	   4	    B+   
     201    7    5    3       11561.166696	225	   6	    A+   
     041    7    7    1       11696.588884	473	   1	    C   
     300    4    3    2       10926.744931	212	   8	    A+   
     300    3    0    3       10703.434668	236	   5	    B+   
     300    8    3    6       11522.867629	215	   6	    A+   
     201    6    3    3       11206.104762	273	   9	    A+   
     022    3    2    1       10707.131851	421	   3	    B-   
     201    6    6    0       11534.902658	355	   5	    B+   
     022    6    1    6       10915.899418	413	   3	    B-   
     022    3    0    3       10616.915884	283	   3	    B-   
     201    11    2    10       12021.684448	426	   2	    B-   
     201    3    1    3       10718.562967	208	   7	    A+   
     201    4    1    3       10845.733255	198	   11	    A+   
     201    9    1    9       11452.735514	271	   6	    A+   
     201    8    1    7       11417.952672	211	   7	    A+   
     102    8    1    8       11542.245457	249	   5	    B+   
     300    8    4    5       11624.322124	260	   4	    B-   
     041    9    5    5       11591.056134	473	   1	    C   
     201    6    5    1       11397.657149	279	   5	    B+   
     022    2    2    1       10630.713597	473	   1	    C   
     220    9    2    7       11459.269498	433	   2	    B-   
     300    4    2    3       10855.297387	239	   6	    A+   
     201    4    0    4       10795.238750	207	   9	    A+   
     300    5    2    3       10996.358303	207	   8	    A+   
     300    3    3    0       10833.813386	265	   6	    A+   
     022    2    1    2       10563.916861	415	   2	    B-   
     022    5    0    5       10798.841682	277	   3	    B-   
     022    3    1    2       10659.712270	429	   4	    B+   
     300    9    0    9       11440.380030	353	   3	    B+   
     070    6    1    6       10695.954219	473	   1	    C   
     201    5    5    1       11257.560646	346	   5	    B+   
     121    6    5    1       11258.713559	529	   3	    B+   
     022    4    1    4       10703.412831	339	   2	    B-   
     300    9    5    4       11954.179122	326	   3	    B-   
     041    9    8    2       12369.996937	474	   1	    C   
     201    9    9    1       12583.588726	475	   1	    C   
     300    7    0    7       11126.050450	324	   4	    B-   
     041    8    8    0       12154.658000	474	   1	    C   
     022    9    5    4       12006.864066	473	   1	    C   
     300    3    2    1       10771.407464	246	   6	    A+   
     201    2    1    1       10674.699373	228	   8	    A+   
     022    1    1    0       10529.149732	356	   2	    B-   
     022    7    5    2       11600.604551	342	   2	    B-   
     201    6    1    5       11099.984292	319	   9	    A+   
     022    6    5    2       11433.510477	336	   2	    B-   
     070    8    1    8       10996.443397	473	   1	    C   
     022    4    2    3       10793.110217	504	   3	    B-   
     102    6    3    4       11447.002815	218	   6	    A+   
     211    4    0    4       12327.579200	156	   14	    A+   
     300    2    2    1       10696.943225	231	   8	    A+   
     201    10    7    3       12454.529179	473	   1	    C   
     201    4    4    0       11027.102574	269	   5	    B+   
     102    8    4    5       11892.297032	303	   4	    B-   
     201    9    8    2       12415.971437	474	   1	    C   
     102    8    3    6       11786.776782	304	   4	    B-   
     201    8    8    0       12202.684200	474	   1	    C   
     022    5    1    4       10884.414032	373	   3	    B-   
     300    3    1    2       10738.129564	269	   6	    A+   
     201    2    0    2       10652.354284	235	   8	    A+   
     211    2    1    1       12209.542143	212	   11	    A+   
     102    6    5    2       11650.645746	275	   4	    B-   
     300    4    1    4       10785.192327	375	   5	    B+   
     102    7    4    3       11708.493896	533	   4	    B+   
     201    3    3    1       10843.524695	264	   6	    A+   
     121    11    2    10       11793.334415	493	   2	    B-   
     220    7    5    2       11401.592277	473	   1	    C   
     102    5    5    0       11510.438896	398	   4	    B-   
     300    1    1    0       10612.954482	334	   2	    B-   
     102    6    1    6       11261.703359	312	   5	    B+   
     201    8    7    1       12056.201896	337	   2	    B-   
     201    8    6    2       11886.050965	278	   3	    B-   
     201    9    5    5       11958.509700	282	   3	    B-   
     201    2    2    0       10709.084139	284	   6	    A+   
     211    3    3    1       12397.467350	271	   10	    A+   
     121    12    1    11       12026.605900	474	   1	    C   
     300    2    1    2       10647.569033	277	   5	    B+   
     211    2    2    0       12250.766221	200	   10	    A+   
     300    1    0    1       10596.614014	327	   3	    B+   
     102    5    4    1       11398.519796	216	   7	    A+   
     211    1    1    1       12152.946385	327	   7	    A+   
     102    7    3    4       11636.827372	420	   3	    B-   
     102    6    2    5       11360.204065	242	   5	    B+   
     022    8    2    7       11364.911207	364	   2	    B-   
     041    8    5    3       11375.251801	473	   1	    C   
     201    1    1    1       10618.985929	318	   4	    B+   
     022    5    2    3       10939.719074	473	   1	    C   
     220    7    6    1       11593.210541	473	   1	    C   
     102    4    4    1       11281.208086	264	   7	    A+   
     121    11    3    9       11989.146517	473	   1	    C   
     201    0    0    0       10585.285174	460	   2	    B+   
     102    5    3    2       11314.108409	237	   8	    A+   
     121    10    3    7       11848.171448	473	   1	    C   
     102    10    1    10       11890.694057	335	   2	    B-   
     102    9    1    8       11858.401127	357	   3	    B-   
     003    5    3    3       11459.001694	222	   7	    A+   
     070    7    3    4       11614.647653	473	   1	    C   
     102    7    2    5       11584.080388	216	   5	    B-   
     102    3    0    3       10969.661529	268	   6	    A+   
     220    8    7    2       11994.173842	473	   1	    C   
     022    6    2    5       11040.190980	473	   1	    C   
     220    7    7    0       11804.056250	473	   1	    C   
     201    10    3    7       12040.395604	391	   3	    B+   
     102    8    2    7       11675.067314	277	   3	    B-   
     022    6    3    4       11153.846878	455	   3	    B-   
     121    10    5    5       12072.497136	473	   2	    B-   
     102    4    1    4       11051.632269	249	   6	    A+   
     003    4    3    1       11343.031381	232	   7	    A+   
     211    5    1    5       12425.585968	212	   10	    A+   
     211    4    2    2       12424.335751	163	   14	    A+   
     102    4    2    3       11120.276030	221	   6	    A+   
     022    8    1    8       11198.607597	473	   1	    C   
     102    3    3    0       11098.315561	215	   7	    A+   
     211    4    1    3       12383.058703	182	   13	    A+   
     102    5    2    3       11263.260869	219	   7	    A+   
     211    5    2    4       12518.126018	159	   11	    A+   
     300    9    6    3       12089.016123	473	   1	    C   
     102    7    1    6       11505.572514	349	   5	    B+   
     022    9    0    9       11365.879681	473	   1	    C   
     121    9    6    4       12024.415842	473	   1	    C   
     003    5    2    4       11384.507640	190	   10	    A+   
     022    10    1    10       11550.515170	473	   1	    C   
     022    7    1    6       11185.381288	473	   1	    C   
     102    7    0    7       11392.972583	279	   4	    B+   
     102    3    2    1       11037.244725	210	   7	    A+   
     022    3    3    0       10795.765961	473	   1	    C   
     102    5    1    4       11219.224537	234	   6	    A+   
     003    11    2    10       12436.940238	1077	   2	    B-   
     102    2    2    1       10962.275417	232	   7	    A+   
     003    8    5    3       12157.861780	320	   4	    B-   
     102    7    5    2       11814.569785	294	   4	    B+   
     102    6    4    3       11539.592835	237	   4	    B-   
     102    5    0    5       11147.126205	413	   5	    B+   
     003    11    1    11       12253.076514	992	   2	    B-   
     102    2    1    2       10913.940030	230	   8	    A+   
     003    8    4    4       12059.765265	245	   4	    B-   
     102    3    1    2       11004.563999	234	   7	    A+   
     102    4    3    2       11191.268462	215	   7	    A+   
     201    10    6    4       12330.900266	473	   1	    C   
     022    5    3    2       11015.968291	473	   1	    C   
     003    8    3    5       11997.318271	250	   5	    B+   
     003    7    5    3       11964.862223	276	   5	    B+   
     300    12    1    12       12041.091845	473	   1	    C   
     300    11    1    10       12009.577685	473	   1	    C   
     003    9    2    8       12015.035669	274	   4	    B+   
     003    10    0    10       12051.185470	330	   3	    B+   
     003    8    2    6       11930.852272	249	   6	    A+   
     300    11    2    9       12173.179117	473	   1	    C   
     300    10    3    8       11932.029758	473	   1	    C   
     003    7    4    4       11854.896336	228	   6	    A+   
     201    11    5    7       12448.060676	473	   1	    C   
     003    7    2    6       11664.882614	238	   6	    A+   
     201    14    0    14       12540.609388	475	   1	    C   
     003    6    5    1       11796.091829	240	   5	    B+   
     102    1    1    0       10878.908261	329	   3	    B+   
     201    13    3    11       12701.726216	473	   1	    C   
     003    3    1    3       11127.523949	223	   8	    A+   
     003    4    1    3       11257.321000	190	   9	    A+   
     003    8    1    7       11829.768089	306	   5	    B+   
     003    9    1    9       11866.629443	341	   3	    B+   
     003    7    3    5       11761.257011	219	   6	    A+   
     201    12    3    9       12569.657548	473	   1	    C   
     003    6    4    2       11689.992902	234	   5	    B+   
     201    12    5    7       12758.640826	473	   1	    C   
     300    6    4    3       11273.949830	473	   1	    C   
     003    5    5    1       11648.385722	351	   4	    B+   
     003    6    3    3       11617.447815	234	   5	    B+   
     003    8    0    8       11699.435201	266	   5	    B+   
     102    1    0    1       10862.716327	336	   3	    B+   
     003    6    2    4       11570.216929	224	   6	    A+   
     003    5    4    2       11544.348020	235	   7	    A+   
     022    7    3    4       11345.020088	473	   1	    C   
     003    5    1    5       11303.165168	238	   6	    A+   
     003    2    1    1       11083.515497	233	   7	    A+   
     003    6    1    5       11509.929809	217	   7	    A+   
     003    7    1    7       11549.617393	325	   4	    B+   
     003    4    4    0       11424.661142	336	   3	    B+   
     003    6    0    6       11417.246076	269	   6	    A+   
     003    8    7    1       12414.894509	473	   1	    C   
     102    9    4    5       12122.769548	473	   1	    C   
     003    7    7    1       12225.327284	473	   1	    C   
     003    4    2    2       11291.759036	234	   8	    A+   
     003    2    0    2       11061.075050	252	   6	    A+   
     102    9    5    4       12216.052301	473	   1	    C   
     102    9    3    6       12061.254596	334	   2	    B-   
     003    3    3    1       11245.978393	234	   6	    A+   
     003    8    6    2       12267.770542	473	   1	    C   
     102    9    6    3       12341.089723	473	   1	    C   
     003    7    6    2       12079.915701	427	   2	    B-   
     022    6    6    1       11613.550234	473	   1	    C   
     003    4    0    4       11204.983040	229	   7	    A+   
     003    6    6    0       11915.856753	473	   1	    C   
     003    3    2    2       11182.578151	227	   7	    A+   
     102    8    6    3       12131.325234	473	   1	    C   
     102    8    5    4       12003.026206	303	   3	    B-   
     102    7    6    1       11944.039938	432	   2	    B-   
     102    6    6    1       11781.578224	541	   3	    B+   
     003    2    2    0       11115.085664	265	   6	    A+   
     003    1    1    1       11026.747319	327	   4	    B+   
     003    0    0    0       10993.681009	450	   2	    B+   
     102    9    2    7       11978.948581	410	   2	    B-   
     102    7    7    0       12108.379153	473	   1	    C   
     102    8    8    1       12471.768384	473	   1	    C   
     102    8    7    2       12299.929950	473	   1	    C   
     300    7    7    0       11859.307355	473	   1	    C   
     003    9    5    5       12371.344434	473	   1	    C   
     003    9    4    6       12255.772949	351	   2	    B-   
     003    10    1    9       12217.447560	473	   1	    C   
     003    9    3    7       12145.857881	473	   1	    C   
     003    10    5    5       12619.308423	473	   1	    C   
     003    13    1    13       12709.323914	475	   1	    C   
     003    10    2    8       12357.403158	473	   1	    C   
     003    13    2    12       12927.481892	474	   1	    C   
     003    10    4    6       12536.338801	473	   1	    C   
     003    10    3    7       12463.377548	473	   1	    C   
     131    7    1    7       12341.075132	247	   5	    B+   
     230    9    2    7       12962.136992	454	   3	    B-   
     150    8    4    5       12601.804060	473	   1	    C   
     003    12    2    10       12848.772645	473	   1	    C   
     230    6    3    4       12453.600382	958	   2	    B-   
     131    3    2    2       12013.111005	283	   6	    A+   
     131    11    2    10       13298.193038	939	   2	    B-   
     051    9    3    7       12641.247014	474	   1	    C   
     230    8    1    8       12448.164787	433	   3	    B-   
     230    9    1    8       12821.495685	473	   1	    C   
     230    7    4    3       12785.082165	596	   3	    B-   
     131    4    0    4       11991.382470	220	   6	    A+   
     131    9    1    9       12660.263211	309	   4	    B-   
     080    10    2    9       13359.069520	339	   3	    B-   
     131    4    1    3       12058.434785	219	   7	    A+   
     230    7    0    7       12297.873522	404	   3	    B-   
     131    10    1    9       13076.265200	474	   1	    C   
     131    10    2    8       13246.406811	476	   1	    C   
     230    4    2    3       12068.589117	328	   6	    A+   
     230    5    2    3       12209.315174	452	   4	    B-   
     230    5    3    2       12315.584522	291	   4	    B-   
     230    6    4    3       12616.081950	277	   4	    B-   
     230    7    1    6       12448.331765	448	   2	    B-   
     230    8    2    7       12641.520568	371	   3	    B-   
     131    8    0    8       12489.317651	334	   2	    B-   
     131    9    2    8       12863.602609	936	   2	    B-   
     230    6    1    6       12168.278743	385	   3	    B-   
     131    8    2    6       12783.369560	241	   4	    B-   
     032    8    2    7       12865.455790	317	   3	    B-   
     230    4    3    2       12195.047914	263	   4	    B-   
     230    5    1    4       12142.149009	302	   3	    B-   
     131    8    1    7       12668.497171	341	   3	    B-   
     230    5    4    1       12474.299570	315	   4	    B-   
     131    8    3    5       12874.321904	313	   3	    B-   
     131    2    1    1       11878.794398	197	   7	    A+   
     230    8    3    6       12799.881978	379	   2	    B-   
     230    3    2    1       11981.878859	348	   5	    B-   
     131    9    3    7       13043.482401	291	   3	    B-   
     230    5    0    5       12049.779961	322	   3	    B-   
     230    6    5    2       12810.361263	336	   2	    B-   
     230    2    1    2       11821.075637	295	   5	    B+   
     230    6    2    5       12314.044275	290	   4	    B-   
     230    3    3    0       12100.545919	335	   3	    B-   
     230    3    1    2       11916.849099	264	   6	    A+   
     032    6    1    6       12398.784688	377	   3	    B-   
     211    8    0    8       12817.584996	220	   8	    A+   
     230    4    4    1       12355.556128	366	   3	    B-   
     131    6    2    4       12403.515998	265	   6	    A+   
     131    6    0    6       12207.207501	244	   5	    B+   
     131    7    2    6       12506.946115	514	   4	    B-   
     230    2    2    1       11907.652469	226	   7	    A+   
     131    6    1    5       12327.897013	220	   6	    A+   
     131    11    5    7       13897.062357	475	   1	    C   
     131    2    0    2       11843.144540	238	   6	    A+   
     230    4    1    4       11958.316663	253	   5	    B+   
     131    9    4    6       13214.501958	334	   2	    B-   
     230    3    0    3       11867.412535	284	   5	    B+   
     131    7    3    5       12650.477003	244	   6	    A+   
     131    8    4    4       13004.182564	445	   4	    B-   
     131    5    1    5       12094.903545	380	   5	    B+   
     211    6    4    2       12856.691656	157	   15	    A+   
     230    1    1    0       11787.290818	309	   3	    B+   
     131    6    3    3       12496.170719	211	   7	    A+   
     080    7    2    5       12659.304781	473	   1	    C   
     211    7    3    5       12906.583985	163	   12	    A+   
     051    6    6    0       12866.471250	473	   1	    C   
     131    5    2    4       12218.363528	213	   7	    A+   
     211    7    1    7       12669.770466	205	   8	    A+   
     131    4    2    2       12119.611178	235	   6	    A+   
     141    2    2    0       13410.324908	473	   1	    C   
     230    1    0    1       11757.540903	292	   4	    B+   
     211    5    4    2       12714.565422	172	   10	    A+   
     211    8    1    7       12961.826652	260	   8	    A+   
     230    8    4    5       12973.533109	287	   4	    B-   
     131    7    4    4       12811.655554	244	   10	    A+   
     051    6    5    1       12579.424769	473	   1	    C   
     131    5    3    3       12345.285431	234	   6	    A+   
     051    7    4    4       12480.874333	1798	   2	    B-   
     230    7    2    5       12542.274991	346	   2	    B-   
     211    6    3    3       12760.398851	158	   12	    A+   
     032    8    4    5       13178.509838	515	   4	    B-   
     131    6    4    2       12643.705323	276	   7	    A+   
     131    8    5    3       13190.329628	437	   3	    B-   
     131    4    3    1       12227.574098	216	   6	    A+   
     141    5    1    5       13539.632743	473	   1	    C   
     211    13    3    11       14270.400272	410	   2	    B-   
     131    2    2    0       11944.551317	240	   4	    B+   
     211    13    2    12       14057.095461	516	   2	    B-   
     032    7    4    3       12989.690364	467	   3	    B-   
     211    13    1    13       13810.276992	352	   2	    B-   
     032    6    3    4       12672.340510	505	   2	    B-   
     131    5    4    2       12500.161328	167	   11	    A+   
     131    0    0    0       11774.707602	373	   2	    B+   
     230    7    3    4       12634.058806	2245	   2	    B-   
     131    3    3    1       12131.676507	262	   5	    B+   
     131    7    5    3       12999.878468	345	   5	    B+   
     131    9    6    4       13616.564328	356	   2	    B-   
     211    6    0    6       12538.476664	203	   9	    A+   
     211    4    3    1       12492.369048	159	   10	    A+   
     211    12    2    10       13997.912706	900	   3	    B-   
     310    6    6    1       13145.993759	740	   3	    B+   
     211    12    1    11       13804.271644	365	   2	    B-   
     310    7    4    3       13017.807155	294	   4	    B-   
     310    9    3    6       13348.534042	1111	   2	    B-   
     211    6    2    4       12701.541320	176	   11	    A+   
     131    4    4    0       12381.211795	268	   4	    B+   
     211    12    0    12       13577.770015	481	   3	    B+   
     131    6    5    1       12831.707509	281	   8	    A+   
     310    11    2    9       13736.193015	473	   1	    C   
     032    5    3    2       12532.921523	367	   2	    B-   
     131    8    6    2       13402.247325	488	   3	    B-   
     032    4    2    3       12291.750703	445	   4	    B-   
     211    11    3    9       13745.177816	3107	   2	    B-   
     211    10    4    6       13684.912330	444	   3	    B-   
     211    10    3    7       13600.536024	272	   5	    B-   
     211    9    2    8       13148.113883	213	   8	    A+   
     112    10    2    9       13604.824041	359	   4	    B-   
     310    6    2    5       12636.543015	231	   8	    A+   
     032    7    1    6       12680.689713	551	   3	    B-   
     310    11    0    11       13350.610414	475	   1	    C   
     211    11    2    10       13567.144063	460	   3	    B-   
     211    10    5    5       13794.505583	382	   3	    B-   
     032    4    3    2       12409.243368	427	   3	    B-   
     131    5    5    1       12687.775965	363	   3	    B+   
     230    11    3    8       13576.559988	406	   2	    B-   
     211    11    1    11       13362.103599	316	   5	    B+   
     131    7    6    2       13210.811960	331	   3	    B-   
     310    10    3    8       13499.079040	539	   2	    B-   
     310    10    2    9       13337.354438	344	   3	    B-   
     211    10    2    8       13505.188893	276	   6	    A+   
     032    5    1    4       12373.593037	362	   3	    B-   
     032    4    4    1       12557.731865	1837	   2	    B-   
     032    3    2    1       12204.843717	459	   4	    B-   
     032    8    3    6       13025.515058	473	   1	    C   
     211    10    1    9       13346.085823	387	   3	    B-   
     310    10    1    10       13152.096745	473	   1	    C   
     310    10    4    7       13641.386598	2063	   2	    B-   
     211    8    7    1       13628.197760	285	   4	    B-   
     211    3    2    2       12317.651974	167	   12	    A+   
     032    5    0    5       12281.238355	357	   3	    B-   
     032    2    1    2       12048.526884	456	   3	    B-   
     221    7    1    7       14166.161900	524	   4	    B+   
     131    10    3    7       13357.115430	499	   2	    B-   
     131    6    6    0       13042.843176	702	   2	    B-   
     211    10    0    10       13163.287793	274	   5	    B+   
     211    9    4    6       13416.456051	277	   7	    A+   
     211    9    5    5       13553.606780	284	   6	    A+   
     032    2    2    1       12128.855951	523	   3	    B-   
     032    3    1    2       12145.874876	412	   2	    B-   
     211    9    3    7       13288.060290	415	   9	    A+   
     032    9    1    8       13049.833596	1207	   2	    B-   
     211    8    3    5       13135.256056	272	   9	    A+   
     310    4    4    1       12590.581691	297	   4	    B+   
     211    8    4    4       13217.242452	203	   10	    A+   
     310    9    0    9       12972.493898	414	   2	    B-   
     032    4    1    4       12187.258168	727	   3	    B-   
     211    8    2    6       13066.411148	193	   7	    A+   
     211    7    2    6       12795.735637	221	   7	    A+   
     211    9    1    9       12981.896094	254	   5	    B+   
     211    3    1    3       12252.109918	219	   8	    A+   
     211    5    3    3       12607.312118	170	   11	    A+   
     032    3    0    3       12097.916941	334	   2	    B-   
     211    8    5    3       13342.790073	235	   6	    A+   
     310    4    1    4       12319.887411	258	   5	    B+   
     310    8    2    7       12952.614921	334	   2	    B-   
     032    1    1    0       12014.276032	734	   2	    B-   
     310    8    3    6       13081.656204	241	   7	    A+   
     211    8    6    2       13505.670964	310	   4	    B-   
     221    4    1    3       13884.619305	52	   4	    B+   
     310    8    1    8       12808.056007	387	   3	    B-   
     310    4    2    3       12398.802375	207	   9	    A+   
     211    7    4    4       13019.653427	192	   10	    A+   
     310    3    3    0       12389.536578	293	   6	    A+   
     211    7    5    3       13153.852743	221	   8	    A+   
     032    1    0    1       11986.919245	473	   1	    C   
     211    7    6    2       13316.671204	602	   7	    A+   
     112    7    0    7       12924.945934	382	   6	    A+   
     131    10    0    10       12839.971170	473	   1	    C   
     131    11    1    11       13036.870914	474	   1	    C   
     310    9    5    4       13547.625107	468	   3	    B-   
     131    9    5    5       13398.850278	743	   3	    B-   
     032    5    2    3       12437.052705	2317	   2	    B-   
     131    12    0    12       13253.191844	473	   1	    C   
     211    6    5    1       12989.260115	198	   9	    A+   
     211    6    1    5       12641.885834	158	   10	    A+   
     032    6    4    3       12820.628305	328	   4	    B-   
     310    7    5    2       13146.454002	682	   2	    B-   
     032    5    4    1       12677.247098	345	   3	    B-   
     310    6    1    6       12528.657770	338	   3	    B+   
     211    6    6    0       13151.221329	291	   4	    B+   
     051    7    7    1       13329.786284	473	   1	    C   
     310    6    3    4       12738.321399	267	   5	    B+   
     310    2    2    1       12240.342079	288	   4	    B+   
     211    5    5    1       12848.237534	376	   5	    B+   
     310    6    4    3       12849.103603	356	   4	    B+   
     310    5    0    5       12414.442460	281	   5	    B+   
     310    2    1    2       12182.372148	199	   7	    A+   
     032    6    5    2       13005.067223	271	   5	    B-   
     211    2    0    2       12184.674965	285	   9	    A+   
     310    5    4    1       12708.233413	293	   5	    B+   
     221    1    1    1       13651.982741	47	   4	    B+   
     211    4    4    0       12597.386669	211	   8	    A+   
     112    8    4    5       13463.010153	375	   5	    B-   
     310    5    3    2       12604.461505	427	   5	    B+   
     310    4    3    2       12482.751650	307	   5	    B+   
     310    3    0    3       12237.039896	293	   6	    A+   
     310    1    1    0       12148.850027	284	   4	    B+   
     051    9    8    2       14005.948437	474	   1	    C   
     221    3    3    1       13919.953643	190	   5	    B+   
     051    8    8    0       13792.557200	474	   1	    C   
     310    7    2    5       12864.797474	345	   4	    B+   
     310    3    2    1       12314.906193	283	   7	    A+   
     310    5    2    3       12541.149298	245	   7	    A+   
     211    10    7    3       14079.381779	473	   1	    C   
     310    5    1    4       12492.336760	427	   5	    B+   
     211    9    7    3       13842.356385	1230	   2	    B-   
     310    1    0    1       12129.737924	646	   3	    B+   
     032    7    5    2       13172.089521	1138	   2	    B-   
     211    7    7    1       13437.106326	428	   2	    B-   
     230    5    5    0       12667.544325	334	   2	    B-   
     310    3    1    2       12275.252881	326	   6	    A+   
     112    6    2    5       12904.838281	189	   9	    A+   
     112    5    5    0       13098.662588	210	   6	    A+   
     112    11    0    11       13617.085114	475	   1	    C   
     032    7    2    5       12772.385613	473	   1	    C   
     112    6    3    4       13002.535120	284	   8	    A+   
     032    7    0    7       12529.902380	473	   1	    C   
     301    4    0    4       14001.798173	35	   7	    A+   
     211    10    6    4       13954.012958	706	   2	    B-   
     221    3    2    2       13826.227656	47	   6	    A+   
     211    0    0    0       12116.797008	466	   3	    B+   
     112    9    2    7       13533.831374	414	   3	    B-   
     013    9    6    4       14084.002739	407	   2	    B-   
     112    10    1    10       13418.278744	473	   1	    C   
     211    8    8    0       13865.849300	474	   1	    C   
     211    9    6    4       13717.954465	502	   2	    B-   
     221    5    1    5       13922.966284	47	   5	    B+   
     112    9    1    8       13404.082007	347	   3	    B-   
     112    5    3    2       12869.338945	211	   10	    A+   
     112    4    4    1       12852.881046	172	   10	    A+   
     112    9    0    9       13237.028214	474	   1	    C   
     131    11    4    8       13705.607518	3743	   2	    B-   
     131    8    7    1       13710.377209	473	   1	    C   
     112    4    1    4       12585.811402	161	   8	    A+   
     032    6    2    5       12540.296674	473	   1	    C   
     112    4    3    2       12747.138856	146	   15	    A+   
     112    8    2    7       13221.728284	322	   4	    B-   
     112    8    3    6       13347.687550	318	   5	    B-   
     112    8    1    8       13071.714233	677	   3	    B+   
     112    4    2    3       12663.831302	114	   12	    A+   
     112    5    2    3       12807.340154	202	   9	    A+   
     112    7    1    6       13048.966232	219	   8	    A+   
     112    3    3    0       12653.673799	129	   10	    A+   
     310    7    3    4       12925.829072	454	   2	    B-   
     032    10    4    7       13648.372386	526	   2	    B-   
     032    3    3    0       12313.358361	473	   1	    C   
     131    10    4    6       13470.288377	373	   2	    B-   
     301    2    2    0       13916.361956	52	   5	    B+   
     013    5    1    5       12830.661200	49	   6	    A+   
     230    9    4    5       13187.227881	473	   1	    C   
     310    9    4    5       13432.082034	473	   1	    C   
     310    7    1    6       12782.611697	473	   1	    C   
     112    3    2    1       12580.288982	160	   10	    A+   
     013    6    1    5       13045.239687	46	   9	    A+   
     112    5    1    4       12758.638798	189	   10	    A+   
     112    6    1    6       12794.674693	175	   7	    A+   
     211    11    4    8       13897.133881	778	   2	    B-   
     310    9    1    8       13137.811070	473	   1	    C   
     112    7    4    3       13278.566958	381	   5	    B+   
     112    5    0    5       12680.096889	170	   7	    A+   
     131    9    8    2       14005.938800	474	   1	    C   
     112    2    1    2       12448.844701	169	   9	    A+   
     013    10    1    9       13757.304985	1145	   3	    B+   
     112    3    1    2       12541.212682	173	   9	    A+   
     032    10    3    8       13456.854858	473	   1	    C   
     013    9    2    8       13554.777815	256	   5	    B+   
     112    6    4    3       13111.277022	280	   7	    A+   
     013    8    2    6       13476.004214	210	   6	    A+   
     112    3    0    3       12502.950706	168	   7	    A+   
     112    1    1    0       12414.383859	243	   4	    B+   
     032    12    3    10       13965.594911	476	   1	    C   
     013    4    1    3       12788.853352	54	   11	    A+   
     112    7    2    5       13132.250868	418	   5	    B+   
     013    8    1    7       13368.168936	206	   6	    A+   
     013    7    4    4       13421.659617	295	   4	    B+   
     013    8    0    8       13224.404997	47	   6	    A+   
     112    7    3    4       13191.123136	295	   4	    B+   
     032    7    3    4       12859.878288	473	   1	    C   
     013    9    1    9       13390.280458	191	   4	    B+   
     112    1    0    1       12395.521606	273	   4	    B+   
     013    6    5    1       13368.129287	363	   4	    B+   
     013    7    2    6       13204.458145	122	   6	    A+   
     013    6    3    3       13164.358341	155	   9	    A+   
     112    5    4    1       12970.258395	202	   9	    A+   
     013    6    2    4       13109.348976	107	   6	    A+   
     013    6    4    2       13254.714614	277	   6	    A+   
     013    2    1    1       12612.992620	46	   10	    A+   
     211    12    3    9       14140.463348	473	   1	    C   
     112    2    2    1       12505.341415	108	   8	    A+   
     013    7    1    7       13075.674118	95	   4	    B+   
     211    13    4    10       14452.198087	482	   1	    C   
     013    4    2    2       12828.009320	46	   12	    A+   
     013    5    5    1       13225.953119	363	   4	    B+   
     131    9    7    3       13926.114809	473	   1	    C   
     211    12    4    8       14249.072483	491	   1	    C   
     013    5    4    2       13108.886679	169	   9	    A+   
     310    5    5    0       12840.787297	847	   2	    B+   
     211    12    5    7       14349.358027	473	   1	    C   
     013    6    0    6       12944.009458	48	   6	    A+   
     013    5    3    3       13006.565944	118	   10	    A+   
     310    8    4    5       13201.050201	473	   1	    C   
     131    12    4    8       14047.921811	476	   1	    C   
     013    5    2    4       12921.376400	46	   10	    A+   
     310    6    5    2       12981.576952	559	   2	    B+   
     013    2    0    2       12587.813966	47	   8	    A+   
     013    4    4    0       12985.243689	92	   6	    A+   
     013    4    3    1       12889.646699	114	   9	    A+   
     230    8    5    4       13166.700178	473	   1	    C   
     090    5    0    5       12832.118780	473	   1	    C   
     230    7    7    0       13437.180953	473	   1	    C   
     112    9    4    5       13685.377052	399	   3	    B-   
     310    8    5    4       13331.915887	399	   2	    B-   
     013    4    0    4       12731.988169	98	   9	    A+   
     032    9    4    5       13411.718281	473	   1	    C   
     013    3    3    1       12792.355696	46	   8	    A+   
     032    5    5    0       12859.635517	563	   2	    B-   
     013    3    2    2       12718.446839	46	   12	    A+   
     310    12    5    8       14316.581283	491	   1	    C   
     112    9    3    6       13621.063746	484	   2	    B-   
     023    2    2    0       14157.314441	622	   2	    B+   
     150    9    6    3       13425.269181	473	   1	    C   
     230    7    5    2       12976.985688	473	   1	    C   
     310    10    5    6       13784.528101	473	   1	    C   
     013    7    3    5       13310.464561	382	   6	    A+   
     013    3    1    3       12655.729213	108	   9	    A+   
     310    7    6    1       13312.401452	1339	   2	    B-   
     013    2    2    0       12650.615224	58	   7	    A+   
     230    9    7    2       13843.146042	473	   1	    C   
     013    8    8    0       14213.594100	474	   1	    C   
     112    9    5    4       13802.273001	473	   1	    C   
     310    8    6    3       13501.059541	473	   1	    C   
     013    9    3    7       13701.565394	343	   3	    B+   
     013    8    7    1       14032.555308	473	   1	    C   
     112    10    4    7       13902.137732	1198	   2	    B-   
     112    10    5    6       14041.506152	473	   1	    C   
     013    8    6    2       13869.552096	847	   2	    B-   
     013    10    5    5       14180.806476	473	   1	    C   
     023    2    0    2       14083.478422	461	   2	    B+   
     013    7    6    2       13679.091201	337	   2	    B-   
     032    6    6    1       13209.199033	473	   1	    C   
     013    1    1    1       12555.371435	111	   4	    B+   
     112    7    5    2       13402.654978	1183	   2	    B-   
     023    2    1    1       14111.951434	390	   3	    B+   
     013    8    5    3       13724.920987	334	   2	    B-   
     013    6    6    0       13512.453059	462	   2	    B+   
     310    10    6    5       13949.619223	473	   1	    C   
     112    11    2    9       14000.130300	474	   1	    C   
     112    6    5    2       13239.247491	283	   3	    B+   
     023    3    2    2       14225.492651	457	   2	    B+   
     013    0    0    0       12520.122915	47	   3	    B+   
     310    8    7    2       13709.301050	473	   1	    C   
     032    8    6    3       13570.511841	473	   1	    C   
     310    9    2    7       13267.816681	473	   1	    C   
     013    8    3    5       13546.611636	335	   3	    B+   
     112    12    3    10       14255.636111	476	   1	    C   
     032    7    7    0       13604.532053	473	   1	    C   
     032    8    7    2       13798.713950	473	   1	    C   
     032    10    7    4       14254.900366	473	   1	    C   
     013    10    0    10       13573.352298	420	   2	    B+   
     013    11    1    11       13773.516412	449	   2	    B+   
     032    8    8    1       14045.233584	473	   1	    C   
     112    6    6    1       13402.574576	344	   2	    B+   
     013    12    0    12       13991.132717	464	   2	    B+   
     013    13    1    13       14223.849414	475	   1	    C   
     013    11    2    10       13977.441785	473	   1	    C   
     112    7    6    1       13569.384250	479	   2	    B+   
     013    9    5    5       13936.673034	473	   1	    C   
     013    8    4    4       13622.605772	441	   2	    B+   
     013    12    1    11       14215.558200	474	   1	    C   
     013    13    2    12       14469.132492	474	   1	    C   
     061    8    1    7       13548.158401	473	   1	    C   
     112    8    6    3       13759.885841	473	   1	    C   
     013    9    4    6       13826.286964	473	   1	    C   
     013    11    3    9       14150.926917	473	   1	    C   
     013    10    2    8       13909.242458	473	   1	    C   
     112    7    7    0       13748.605553	473	   1	    C   
     013    11    4    8       14293.619352	473	   1	    C   
     013    12    2    10       14406.158911	476	   1	    C   
     112    9    6    3       13973.692234	473	   1	    C   
     112    8    7    2       13938.954750	473	   1	    C   
     013    10    3    7       14019.614548	473	   1	    C   
     013    10    4    6       14099.181601	473	   1	    C   
     112    10    6    5       14212.722623	473	   1	    C   
     112    11    5    6       14322.922752	473	   1	    C   
     112    9    7    2       14152.528442	473	   1	    C   
     112    11    6    5       14471.543576	473	   1	    C   
     112    9    8    1       14364.304409	473	   1	    C   
     221    9    1    9       14474.765354	141	   2	    B-   
     221    8    2    6       14583.493628	1582	   2	    B-   
     221    8    1    7       14470.925775	193	   2	    B-   
     221    8    0    8       14312.779943	137	   2	    B-   
     221    7    2    6       14305.540250	94	   2	    B-   
     221    7    3    5       14430.314123	192	   2	    B-   
     221    6    2    4       14212.578346	125	   4	    B-   
     221    6    3    3       14281.023308	294	   4	    B-   
     221    6    1    5       14143.376796	50	   3	    B-   
     221    7    4    4       14559.948984	289	   3	    B-   
     221    6    0    6       14034.758662	53	   3	    B-   
     221    7    5    3       14706.288678	137	   4	    B-   
     301    6    1    5       14299.750982	185	   5	    B+   
     400    5    4    1       14342.562419	239	   4	    B-   
     221    2    0    2       13679.559296	47	   3	    B-   
     221    6    4    2       14396.326822	140	   4	    B-   
     301    11    1    11       15024.318825	57	   2	    B-   
     301    10    1    9       14992.289962	47	   2	    B-   
     042    5    3    2       14025.730526	90	   3	    B-   
     221    5    2    4       14029.801127	86	   3	    B-   
     301    9    3    7       14919.639257	48	   2	    B-   
     301    4    2    2       14086.749717	47	   7	    A+   
     221    5    3    3       14130.176544	156	   3	    B-   
     301    8    4    4       14840.173679	168	   4	    B-   
     221    4    2    2       13932.607656	38	   5	    B+   
     221    6    5    1       14543.059268	411	   3	    B-   
     301    8    3    5       14773.497110	47	   5	    B+   
     221    4    0    4       13824.203216	47	   4	    B+   
     221    5    4    2       14254.300286	48	   3	    B-   
     301    10    0    10       14827.404063	48	   2	    B-   
     301    9    2    8       14794.524216	46	   2	    B-   
     221    4    3    1       14014.709561	228	   5	    B+   
     301    8    2    6       14708.944394	489	   4	    B-   
     301    7    5    3       14763.806608	348	   3	    B-   
     400    7    2    5       14521.981481	331	   1	    C   
     221    5    5    1       14403.024297	622	   2	    B-   
     400    8    3    6       14722.505558	1134	   1	    C   
     221    3    1    3       13750.405533	92	   3	    B-   
     301    7    4    4       14643.893409	210	   4	    B-   
     221    4    4    0       14137.085463	297	   3	    B-   
     400    4    3    2       14137.804718	96	   5	    B-   
     221    2    1    1       13709.279590	33	   4	    B+   
     301    9    1    9       14647.436859	125	   2	    B-   
     301    8    1    7       14613.411336	134	   4	    B-   
     301    7    3    5       14546.881203	1148	   4	    B-   
     301    4    1    3       14052.070359	122	   7	    A+   
     320    2    1    2       13683.243173	96	   3	    B-   
     301    3    1    3       13926.267127	34	   7	    A+   
     221    2    2    0       13759.100741	36	   2	    B-   
     301    6    5    1       14600.895034	164	   3	    B-   
     400    4    1    4       14000.379893	93	   4	    B+   
     301    6    4    2       14483.958195	50	   4	    B-   
     320    7    3    4       14442.593173	47	   2	    B-   
     400    4    2    3       14068.126898	50	   5	    B-   
     400    5    2    3       14208.154803	152	   3	    B-   
     301    6    3    3       14405.514602	40	   4	    B-   
     301    8    0    8       14484.285462	348	   5	    B+   
     400    7    1    6       14450.081224	47	   3	    B-   
     301    7    2    6       14451.945127	48	   4	    B+   
     301    6    2    4       14356.664860	84	   4	    B-   
     301    5    5    1       14461.441978	944	   3	    B+   
     301    8    8    0       15353.690400	898	   1	    C   
     221    0    0    0       13612.710202	47	   1	    C   
     301    5    4    2       14343.908962	48	   4	    B-   
     400    7    0    7       14336.004241	466	   2	    B-   
     141    6    6    0       14629.214553	803	   1	    C   
     301    7    1    7       14338.196378	132	   5	    B+   
     400    6    4    3       14480.744431	198	   4	    B-   
     301    2    1    1       13883.190807	33	   7	    A+   
     400    6    2    5       14303.856588	134	   6	    A+   
     320    5    4    1       14249.844599	237	   2	    B-   
     400    3    2    1       13986.485009	602	   3	    B-   
     400    6    3    4       14388.383422	47	   4	    B-   
     301    5    3    3       14253.799236	123	   7	    A+   
     400    5    1    4       14165.411512	87	   4	    B-   
     301    8    7    1       15191.251808	662	   1	    C   
     301    4    4    0       14228.774099	47	   4	    B+   
     301    6    0    6       14208.495190	47	   4	    B-   
     301    7    7    1       15006.272184	331	   1	    C   
     301    5    2    4       14177.890751	66	   6	    A+   
     301    4    3    1       14141.322563	90	   4	    B-   
     400    3    0    3       13920.642940	71	   3	    B-   
     122    4    1    4       14086.091271	154	   4	    B-   
     221    8    5    3       14893.749794	490	   2	    B-   
     301    8    6    2       15047.890215	1253	   2	    B-   
     400    5    0    5       14094.853703	72	   2	    B-   
     301    5    1    5       14097.343043	50	   5	    B+   
     400    5    3    2       14258.181044	266	   5	    B-   
     320    3    0    3       13733.572545	662	   1	    C   
     400    3    1    2       13954.599899	105	   3	    B-   
     301    7    6    2       14862.658661	153	   2	    B-   
     301    6    6    0       14700.665853	47	   1	    C   
     301    3    3    1       14047.929006	47	   5	    B+   
     320    4    3    2       14006.891177	171	   3	    B-   
     301    3    2    2       13981.851861	64	   4	    B-   
     400    1    1    0       13831.384361	1418	   1	    C   
     320    6    1    6       14026.282919	2174	   1	    C   
     301    8    5    3       14951.223382	712	   2	    B-   
     400    4    4    1       14226.980205	351	   3	    B-   
     141    5    4    2       14021.714491	425	   1	    C   
     301    2    0    2       13860.818218	36	   5	    B+   
     400    2    1    2       13865.881770	67	   3	    B-   
     122    5    0    5       14179.368480	1701	   1	    C   
     400    1    0    1       13815.600545	378	   1	    C   
     221    10    0    10       14654.067670	331	   1	    C   
     400    2    2    1       13912.959482	249	   3	    B-   
     301    1    1    1       13828.309834	34	   4	    B+   
     320    6    2    5       14153.787774	378	   1	    C   
     301    0    0    0       13795.398204	47	   2	    B+   
     221    9    2    8       14658.609533	473	   1	    C   
     122    3    0    3       14001.228393	662	   1	    C   
     320    3    3    0       13913.462861	992	   1	    C   
     221    10    1    9       14865.639760	803	   1	    C   
     400    7    6    1       14861.210576	923	   2	    B-   
     221    9    3    7       14812.294381	473	   1	    C   
     221    8    3    5       14656.460466	676	   2	    B-   
     400    7    3    4       14575.328234	548	   2	    B-   
     320    8    3    6       14605.252378	1843	   1	    C   
     320    5    3    2       14127.548891	284	   1	    C   
     221    8    4    4       14755.677442	372	   2	    B-   
     221    10    2    8       15028.643658	1229	   1	    C   
     400    3    3    0       14046.381323	296	   2	    B-   
     400    7    5    2       14762.187959	762	   2	    B-   
     221    9    4    6       14955.627764	1607	   1	    C   
     400    6    5    2       14598.927984	1018	   2	    B-   
     320    4    4    1       14132.008097	1087	   1	    C   
     400    5    5    0       14459.526363	320	   2	    B-   
     400    6    1    6       14206.706419	473	   1	    C   
     320    6    4    3       14391.374630	1890	   1	    C   
     122    1    1    0       13915.962402	1181	   1	    C   
     400    9    2    7       14909.124581	567	   1	    C   
     122    3    1    2       14043.837843	614	   1	    C   
     400    8    2    7       14611.183513	614	   1	    C   
     320    5    5    0       14398.412547	709	   1	    C   
     301    12    0    12       15238.497644	520	   1	    C   
     301    12    1    11       15438.051300	852	   1	    C   
     122    5    2    3       14318.133674	2032	   1	    C   
     202    4    3    2       14532.193431	477	   5	    B-   
     320    6    5    2       14539.056702	1087	   1	    C   
     301    10    2    8       15132.676158	614	   1	    C   
     301    10    4    6       15301.954001	1465	   1	    C   
     400    6    6    1       14699.065734	1229	   1	    C   
     122    2    2    1       14016.195818	614	   1	    C   
     023    1    1    1       14053.530473	1056	   2	    B-   
     400    8    4    5       14826.167201	756	   1	    C   
     202    7    0    7       14729.688981	756	   1	    C   
     103    10    0    10       15311.612414	190	   2	    B-   
     400    8    6    3       15046.444041	236	   1	    C   
     202    6    2    5       14697.989643	617	   2	    B-   
     103    7    4    4       15113.446886	532	   3	    B-   
     400    7    4    3       14645.097335	2221	   1	    C   
     202    3    2    1       14381.298665	138	   5	    B-   
     122    7    2    5       14648.364300	310	   2	    B+   
     103    6    5    1       15058.800665	1459	   2	    B-   
     202    5    1    4       14560.098656	465	   4	    B-   
     202    6    1    6       14601.150321	369	   2	    B-   
     202    7    4    3       15020.980827	349	   3	    B-   
     103    9    1    9       15130.938765	590	   2	    B-   
     103    8    1    7       15095.984920	47	   2	    B-   
     400    8    5    4       14948.363176	992	   1	    C   
     202    2    2    1       14307.886942	215	   3	    B-   
     103    6    4    2       14954.524461	176	   3	    B-   
     023    3    3    1       14312.327597	567	   1	    C   
     202    6    4    3       14869.822961	641	   2	    B-   
     023    4    4    0       14522.016647	1701	   1	    C   
     103    5    5    1       14920.619625	142	   2	    B-   
     202    5    0    5       14488.924599	135	   3	    B-   
     122    3    3    0       14179.775461	1134	   1	    C   
     202    2    1    2       14260.483445	197	   3	    B-   
     103    7    2    6       14931.674629	48	   4	    B-   
     202    3    1    2       14349.544312	116	   3	    B-   
     103    8    0    8       14967.267411	48	   2	    B-   
     103    6    3    3       14892.389411	471	   3	    B-   
     103    6    2    4       14842.371119	247	   3	    B-   
     103    5    4    2       14814.533819	48	   4	    B+   
     202    4    2    3       14462.749923	269	   4	    B-   
     202    4    1    4       14395.379215	202	   5	    B+   
     023    3    1    3       14153.461745	851	   1	    C   
     122    7    4    3       14820.132341	152	   3	    B+   
     103    7    1    7       14821.322495	94	   2	    B-   
     202    5    4    1       14725.984481	103	   3	    B-   
     103    6    1    5       14782.666367	107	   3	    B+   
     202    3    0    3       14315.156220	122	   3	    B-   
     023    4    0    4       14228.490543	5860	   1	    C   
     202    1    1    0       14226.209309	191	   2	    B-   
     103    4    4    0       14700.115053	47	   2	    B-   
     103    5    3    3       14742.847766	94	   4	    B+   
     202    5    2    3       14604.021568	409	   2	    B-   
     202    5    3    2       14649.283609	171	   3	    B-   
     103    6    0    6       14691.208303	47	   3	    B-   
     103    4    3    1       14614.414711	74	   6	    A+   
     103    5    2    4       14663.406581	45	   3	    B-   
     023    6    0    6       14440.321619	1087	   1	    C   
     023    4    1    3       14289.822090	1323	   1	    C   
     202    4    4    1       14625.854005	85	   4	    B+   
     103    4    2    2       14569.389499	82	   5	    B+   
     023    4    3    1       14410.220997	1701	   1	    C   
     202    1    0    1       14210.323620	167	   2	    B-   
     103    5    1    5       14578.842777	47	   4	    B+   
     103    4    1    3       14535.040539	272	   4	    B+   
     202    3    3    0       14440.799413	179	   3	    B-   
     103    3    3    1       14524.259801	176	   3	    B+   
     103    6    6    0       15185.268753	520	   1	    C   
     103    4    0    4       14483.131657	349	   4	    B+   
     103    3    2    2       14462.302064	35	   7	    A+   
     103    3    1    3       14407.712335	131	   5	    B+   
     103    2    2    0       14395.592217	47	   4	    B+   
     103    2    1    1       14364.544654	58	   4	    B+   
     103    2    0    2       14342.400031	313	   4	    B+   
     103    1    1    1       14308.786181	329	   4	    B+   
     202    6    3    4       14782.009188	992	   1	    C   
     103    0    0    0       14276.336099	464	   2	    B+   
     202    7    1    6       14840.702688	473	   1	    C   
     202    8    1    8       14875.955297	1040	   1	    C   
     202    5    5    0       14848.961647	803	   1	    C   
     103    9    2    8       15277.268433	189	   1	    C   
     103    11    1    11       15509.124914	521	   1	    C   
     103    10    1    9       15475.296260	1087	   1	    C   
     202    7    5    2       15153.182655	378	   1	    C   
     103    7    3    5       15047.612435	473	   1	    C   
     202    8    5    4       15340.640676	1512	   1	    C   
     103    8    2    6       15196.790578	331	   1	    C   
     202    7    3    4       14971.764788	473	   1	    C   
     103    8    3    5       15261.977001	142	   1	    C   
     000    12    11    2        3476.342601	407	   3	    B+   
     000    12    12    1        3724.761129	409	   3	    B+   
     000    13    11    2        3794.802035	437	   2	    B-   
     000    13    12    1        4046.064501	471	   2	    B-   
     000    13    13    0        4302.845529	472	   2	    B-   
     000    14    8    7        3443.199648	273	   3	    B+   
     000    14    9    6        3658.966157	247	   2	    B-   
     000    14    10    5        3890.874875	348	   2	    B-   
     000    14    11    4        4135.429797	351	   3	    B-   
     000    14    12    3        4389.388235	497	   2	    B-   
     000    14    13    2        4649.619901	527	   2	    B-   
     000    14    14    1        4912.920629	528	   2	    B-   
     000    15    6    9        3461.966097	286	   2	    B-   
     000    15    7    8        3612.391357	301	   4	    B+   
     000    15    8    7        3803.159161	1451	   2	    B-   
     000    15    9    6        4018.573048	361	   2	    B-   
     000    15    10    5        4251.495557	342	   2	    B-   
     000    15    11    4        4497.862875	421	   2	    B-   
     000    15    12    3        4754.346497	388	   3	    B-   
     000    15    13    2        5017.837035	550	   2	    B-   
     000    15    14    1        5285.250701	577	   2	    B-   
     000    15    15    0        5553.356929	579	   2	    B-   
     000    16    5    12        3625.881379	250	   2	    B-   
     000    16    6    11        3807.336623	309	   3	    B-   
     000    16    7    10        3988.169697	371	   2	    B-   
     000    16    8    9        4184.116757	382	   2	    B-   
     000    16    9    8        4400.043261	1470	   2	    B-   
     000    16    10    7        4633.787748	431	   2	    B-   
     000    16    11    6        4881.749157	415	   2	    B-   
     000    16    12    5        5140.552775	482	   2	    B-   
     000    16    13    4        5407.097997	455	   2	    B-   
     000    16    14    3        5678.376135	599	   2	    B-   
     000    16    15    2        5951.324901	624	   2	    B-   
     000    16    16    1        6222.632229	625	   2	    B-   
     000    17    4    13        4004.335478	250	   1	    C   
     000    17    5    12        4163.739784	256	   1	    C   
     000    17    6    11        4281.569479	344	   2	    B-   
     000    17    7    10        4412.509023	389	   2	    B-   
     000    17    8    9        4590.870797	440	   2	    B-   
     000    17    9    8        4803.567757	449	   1	    C   
     000    17    10    7        5037.465761	1489	   2	    B-   
     000    17    11    6        5286.735348	492	   2	    B-   
     000    17    12    5        5547.636357	478	   2	    B-   
     000    17    13    4        5817.007975	537	   2	    B-   
     000    17    14    3        6091.885197	512	   2	    B-   
     000    17    15    2        6369.308935	644	   1	    C   
     000    17    16    1        6646.260901	667	   1	    C   
     000    17    17    0        6919.301329	668	   1	    C   
     000    18    7    12        4814.201779	417	   1	    C   
     000    18    8    11        5012.307823	455	   1	    C   
     000    18    9    10        5227.746397	499	   1	    C   
     000    18    11    8        5712.470161	1507	   1	    C   
     000    18    12    7        5975.220048	546	   1	    C   
     000    18    13    6        6247.172357	533	   1	    C   
     000    18    14    5        6525.389075	587	   1	    C   
     000    18    15    4        6806.982297	564	   1	    C   
     010    11    11    0        4993.041156	356	   1	    C   
     010    12    11    2        5290.208678	399	   1	    C   
     010    13    9    4        5084.683587	316	   2	    B-   
     010    13    10    3        5341.808497	305	   2	    B-   
     010    13    11    2        5609.736733	356	   1	    C   
     010    14    8    7        5178.673074	597	   2	    B-   
     010    14    9    6        5422.149480	559	   1	    C   
     010    14    10    5        5680.922487	395	   1	    C   
     010    14    11    4        5951.226497	386	   1	    C   
     010    15    8    7        5537.831889	437	   1	    C   
     010    15    9    6        5781.621974	642	   1	    C   
     142    7    0    7       17320.225581	1418	   1	    C   
     321    6    1    5       17293.136562	984	   3	    B-   
     142    6    1    6       17175.972797	1418	   1	    C   
     401    5    3    3       17264.407180	658	   4	    B-   
     401    8    0    8       17535.560883	1022	   2	    B-   
     500    5    2    3       17268.684035	1297	   2	    B-   
     321    5    2    4       17175.245217	1252	   3	    B-   
     500    5    4    1       17363.471734	1055	   2	    B-   
     401    6    2    4       17411.988515	1232	   3	    B-   
     321    5    1    5       17077.137180	1418	   1	    C   
     321    6    3    3       17471.646183	443	   3	    B-   
     420    5    0    5       17079.795336	1157	   2	    B-   
     241    6    4    2       17416.905780	467	   3	    B-   
     321    4    2    2       17084.212470	1210	   3	    B-   
     321    4    1    3       17040.533818	1220	   3	    B-   
     401    4    3    1       17152.246067	1212	   3	    B-   
     500    5    0    5       17152.600922	1068	   3	    B-   
     340    4    4    1       17154.816646	986	   4	    B-   
     401    7    1    7       17391.439897	1004	   2	    B-   
     401    6    1    5       17355.476436	869	   3	    B-   
     340    4    3    2       16981.890905	1335	   2	    B-   
     401    2    1    1       16942.283727	999	   3	    B-   
     500    5    3    2       17269.333446	1440	   2	    B-   
     420    4    2    3       17065.003787	819	   3	    B-   
     321    5    3    3       17321.488620	457	   4	    B-   
     500    6    1    6       17263.545797	1418	   1	    C   
     401    6    0    6       17264.144293	1555	   2	    B-   
     321    3    2    2       16979.495268	968	   3	    B-   
     401    3    3    1       17061.423844	1272	   4	    B-   
     401    5    2    4       17236.782719	857	   4	    B-   
     321    2    1    1       16868.948268	1832	   2	    B-   
     500    3    0    3       16979.734525	830	   4	    B-   
     420    5    2    3       17204.470102	1283	   2	    B-   
     401    4    2    2       17145.671361	941	   4	    B-   
     420    3    2    1       16983.923634	1066	   3	    B-   
     321    4    3    1       17208.363880	465	   3	    B-   
     321    2    2    0       16913.804491	1004	   2	    B-   
     321    2    0    2       16841.104273	1987	   2	    B-   
     401    5    1    5       17153.673687	1129	   3	    B-   
     401    4    1    3       17109.492630	1269	   3	    B-   
     500    3    1    2       17014.707115	1135	   3	    B-   
     142    3    1    2       16932.323491	1029	   2	    B-   
     401    5    5    1       17456.953242	515	   2	    B-   
     420    5    1    4       17169.252317	1003	   2	    B-   
     043    7    2    6       17655.456677	1418	   1	    C   
     321    3    1    3       16905.182768	1060	   2	    B-   
     401    4    0    4       17058.362719	1418	   1	    C   
     321    3    3    1       17115.165766	1456	   2	    B-   
     401    3    2    2       17041.964926	1078	   2	    B-   
     500    4    2    3       17129.479535	1418	   1	    C   
     321    0    0    0       16775.380902	1418	   1	    C   
     401    5    4    2       17363.553252	452	   2	    B-   
     420    4    3    2       17205.716543	1418	   1	    C   
     401    3    1    3       16984.835691	1161	   2	    B-   
     500    3    2    1       17048.278321	1010	   2	    B-   
     401    2    2    0       16976.946845	1035	   3	    B-   
     340    6    4    3       17415.868179	463	   2	    B-   
     401    2    0    2       16919.869643	1418	   1	    C   
     500    2    1    2       16926.726987	1144	   3	    B-   
     401    1    1    1       16887.956645	1418	   1	    C   
     420    3    1    2       16948.674643	1418	   1	    C   
     401    0    0    0       16854.990902	1418	   1	    C   
     420    2    1    2       16855.171902	1418	   1	    C   
     142    4    1    4       16970.167643	1418	   1	    C   
     500    1    0    1       16876.838418	1418	   1	    C   
     420    10    1    10       17784.915970	1418	   1	    C   
     500    1    1    0       16892.780902	1418	   1	    C   
     142    9    0    9       17627.004581	1418	   1	    C   
     420    9    4    5       18137.087434	1418	   1	    C   
     420    7    1    6       17443.091788	1418	   1	    C   
     401    6    4    2       17501.239232	504	   2	    B-   
     321    7    2    6       17447.100788	1418	   1	    C   
     500    4    1    4       17060.221643	1418	   1	    C   
     321    10    2    8       18133.793858	1418	   1	    C   
     500    4    3    2       17150.816220	1418	   1	    C   
     340    9    2    7       17700.320581	1418	   1	    C   
     500    4    4    1       17250.002997	1418	   1	    C   
     420    3    3    0       17114.286761	1418	   1	    C   
     340    8    5    4       17934.576677	1418	   1	    C   
     401    6    3    3       17409.518474	1418	   1	    C   
     420    5    3    2       17325.377091	473	   1	    C   
     401    6    5    1       17593.559730	473	   1	    C   
     401    6    6    0       17726.191802	473	   1	    C   
     050    2    1    2        7633.879200	473	   1	    C   
     040    11    0    11        7433.024557	370	   2	    B-   
     030    12    10    3        8633.078371	503	   1	    C   
     110    15    4    11        8462.556228	476	   1	    C   
     110    14    6    9        8331.250167	351	   2	    B-   
     110    14    4    11        7958.547988	476	   1	    C   
     030    10    8    3        7407.557523	473	   1	    C   
     040    13    0    13        7901.743515	528	   2	    B-   
     011    16    6    10        9184.680728	531	   1	    C   
     110    14    3    12        7750.608488	475	   1	    C   
     040    13    1    12        8275.530630	477	   1	    C   
     030    11    8    3        7675.570475	473	   1	    C   
     040    11    3    8        8084.632544	578	   3	    B-   
     050    4    2    3        7962.145136	335	   2	    B-   
     021    12    7    5        9613.852126	481	   1	    C   
     110    13    6    7        8003.821402	378	   2	    B-   
     110    15    3    12        8289.205330	477	   1	    C   
     040    12    2    11        8005.617533	302	   3	    B-   
     040    11    1    10        7739.436608	328	   3	    B-   
     040    9    3    6        7547.822331	207	   6	    A-   
     040    9    2    7        7416.548835	229	   5	    B-   
     110    16    6    11        9045.780937	480	   1	    C   
     040    10    4    7        7976.334019	236	   5	    B-   
     040    11    2    9        7941.297328	402	   3	    B-   
     030    15    4    11        8052.778771	478	   1	    C   
     002    10    1    10        8493.004452	473	   1	    C   
     110    16    5    12        8853.450179	479	   1	    C   
     040    10    2    9        7512.037967	283	   4	    B-   
     011    16    5    11        9075.204937	480	   1	    C   
     110    16    4    13        8640.886925	480	   1	    C   
     030    14    5    10        7821.978588	475	   1	    C   
     030    14    6    9        8066.989788	476	   1	    C   
     011    15    7    9        8952.144997	499	   1	    C   
     030    9    9    0        7448.468942	473	   1	    C   
     050    4    1    4        7775.473700	473	   1	    C   
     050    3    2    1        7870.085104	394	   2	    B-   
     050    5    1    4        7969.776351	473	   1	    C   
     011    14    8    6        8805.486558	556	   2	    B-   
     050    5    2    3        8096.265074	473	   1	    C   
     050    6    3    4        8448.477679	453	   3	    B-   
     011    16    4    12        8929.362279	479	   1	    C   
     011    10    10    0        8063.798637	474	   1	    C   
     030    10    9    2        7694.533166	473	   1	    C   
     110    13    7    6        8195.767587	482	   1	    C   
     050    6    1    6        7994.085050	473	   1	    C   
     050    7    0    7        8117.177974	473	   1	    C   
     011    15    8    8        9160.954073	509	   1	    C   
     110    17    2    15        8746.775709	493	   1	    C   
     011    11    10    2        8333.168007	474	   1	    C   
     030    11    9    2        7963.361415	474	   1	    C   
     011    13    9    5        8698.486280	507	   1	    C   
     040    12    4    9        8515.138131	417	   2	    B-   
     050    8    1    8        8286.771382	473	   1	    C   
     110    12    8    5        8107.569626	473	   1	    C   
     011    14    9    5        9032.906848	492	   1	    C   
     011    11    11    1        8579.058180	477	   1	    C   
     050    4    3    2        8182.729296	352	   2	    B-   
     011    15    9    7        9389.040161	564	   1	    C   
     011    13    10    4        8939.297647	503	   1	    C   
     050    10    1    10        8651.735452	473	   1	    C   
     050    5    3    2        8304.618631	473	   1	    C   
     110    9    9    0        7552.454842	473	   1	    C   
     011    12    11    1        8873.691671	503	   1	    C   
     011    17    4    14        9103.185760	560	   1	    C   
     011    14    10    4        9275.325957	478	   1	    C   
     110    12    6    7        7688.722000	474	   1	    C   
     110    10    9    2        7796.949766	473	   1	    C   
     011    17    3    15        8843.000209	493	   1	    C   
     110    11    9    2        8064.513615	474	   1	    C   
     040    10    6    5        8510.547050	371	   2	    B-   
     011    14    11    3        9528.823475	537	   1	    C   
     040    9    6    3        8267.833727	930	   2	    B-   
     011    18    2    16        9210.389727	549	   1	    C   
     040    8    6    3        8048.373630	350	   2	    B-   
     021    13    4    10        9328.559145	353	   2	    B-   
     050    8    2    7        8562.596442	473	   1	    C   
     011    16    7    9        9339.686637	480	   1	    C   
     200    15    1    14        9707.886585	483	   1	    C   
     040    11    4    7        8257.596215	473	   1	    C   
     040    10    7    4        8808.388327	486	   1	    C   
     021    11    8    4        9553.441135	599	   1	    C   
     200    14    2    13        9417.156037	480	   1	    C   
     120    16    1    16        9320.277227	549	   1	    C   
     050    3    3    0        8085.885408	473	   1	    C   
     040    12    8    5        9673.350475	537	   1	    C   
     040    13    5    8        9098.062117	478	   1	    C   
     040    14    1    14        8162.700588	475	   1	    C   
     040    15    0    15        8440.914171	478	   1	    C   
     040    7    7    0        8147.466400	474	   1	    C   
     040    11    5    6        8496.216387	482	   1	    C   
     120    15    0    15        9029.928109	493	   1	    C   
     101    12    7    5        9704.787075	537	   1	    C   
     002    11    7    4        9624.063035	599	   1	    C   
     040    16    1    16        8737.234278	477	   1	    C   
     120    13    5    8        9460.408973	509	   1	    C   
     040    13    3    10        8714.911230	477	   1	    C   
     200    14    3    12        9632.491628	531	   1	    C   
     040    10    8    3        9116.502971	503	   1	    C   
     130    11    0    11        9535.964552	474	   1	    C   
     120    14    1    14        8756.750654	343	   2	    B-   
     040    9    5    4        7988.499452	473	   1	    C   
     120    13    4    9        9327.043397	499	   1	    C   
     120    12    6    7        9331.892448	492	   1	    C   
     120    15    1    14        9363.460860	560	   1	    C   
     040    9    8    1        8871.930780	477	   1	    C   
     120    11    5    6        8850.537367	478	   1	    C   
     040    12    6    7        9064.860342	482	   1	    C   
     120    14    2    13        9067.794925	480	   1	    C   
     040    8    8    1        8650.432226	475	   1	    C   
     120    11    6    5        9046.085980	507	   1	    C   
     021    16    0    16        9420.713293	542	   2	    B-   
     130    10    2    9        9581.386407	475	   1	    C   
     200    11    11    0       10193.090529	625	   1	    C   
     120    13    1    12        8791.752149	587	   2	    B-   
     120    10    6    5        8782.771974	474	   1	    C   
     120    10    9    2        9420.842201	577	   1	    C   
     021    15    1    15        9129.054067	349	   2	    B-   
     200    11    10    1        9958.244901	624	   1	    C   
     120    14    4    11        9555.476437	480	   1	    C   
     120    13    2    11        9029.229528	476	   1	    C   
     021    16    1    15        9776.174425	823	   1	    C   
     120    12    2    11        8537.950602	342	   2	    B-   
     040    9    9    0        9176.322178	477	   1	    C   
     120    9    6    3        8542.954879	473	   1	    C   
     040    13    2    11        8539.601688	476	   1	    C   
     120    11    8    3        9520.686418	502	   1	    C   
     021    15    2    14        9462.747260	560	   1	    C   
     200    11    9    2        9765.750935	599	   1	    C   
     040    14    4    11        9155.336924	480	   1	    C   
     040    14    3    12        8884.169478	477	   1	    C   
     200    14    6    9       10151.055957	560	   1	    C   
     040    14    2    13        8572.461788	476	   1	    C   
     120    10    8    3        9256.228371	503	   1	    C   
     021    14    5    9        9899.648408	575	   1	    C   
     021    14    1    13        9167.580125	480	   1	    C   
     200    13    7    6        9990.954648	546	   1	    C   
     021    14    4    10        9783.350328	531	   1	    C   
     200    12    8    5        9874.038375	537	   1	    C   
     021    15    4    12        9983.427584	483	   1	    C   
     002    14    1    14        9418.686279	479	   1	    C   
     200    10    9    2        9502.508101	577	   1	    C   
     021    14    3    11        9631.599137	480	   1	    C   
     050    8    5    4        9376.257629	473	   1	    C   
     120    9    8    1        9014.488480	477	   1	    C   
     040    14    5    10        9430.920779	479	   1	    C   
     200    12    7    6        9682.342757	478	   1	    C   
     200    11    8    3        9589.605118	502	   1	    C   
     200    13    6    7        9830.052361	564	   1	    C   
     021    13    5    9        9516.792797	499	   1	    C   
     200    13    5    8        9717.859273	509	   1	    C   
     200    13    4    9        9625.717197	499	   1	    C   
     200    13    4    9        9625.717197	499	   1	    C   
