     000    0    0    0           0.000000	0	   82	    A+   
     020    0    0    0        3139.050027	36	   5	    B+   
     010    0    0    0        1588.276028	22	   13	    A+   
     100    0    0    0        3649.685417	50	   3	    B+   
     030    0    0    0        4648.477809	341	   3	    B+   
     110    0    0    0        5221.243307	377	   2	    B+   
     120    0    0    0        6755.510366	283	   5	    B+   
     200    0    0    0        7185.878096	506	   4	    B+   
     002    0    0    0        7418.724061	294	   3	    B+   
     130    0    0    0        8249.037152	459	   2	    B+   
     210    0    0    0        8739.525858	503	   1	    C   
     012    0    0    0        8967.565058	503	   1	    C   
     220    0    0    0       10256.584858	503	   1	    C   
     022    0    0    0       10483.221458	503	   1	    C   
     300    0    0    0       10573.916858	503	   1	    C   
     102    0    0    0       10839.955723	499	   2	    B+   
     230    0    0    0       11734.525057	503	   1	    C   
     032    0    0    0       11963.537158	503	   1	    C   
     310    0    0    0       12106.977658	503	   1	    C   
     112    0    0    0       12372.705608	410	   2	    B+   
     202    0    0    0       14187.982458	1358	   1	    C   
     040    0    0    0        6110.423857	503	   1	    C   
     101    1    0    1        7252.020095	225	   10	    A+   
     111    1    0    1        8802.910159	276	   7	    A+   
     001    1    0    1        3765.090783	29	   9	    A+   
     121    1    0    1       10318.849839	325	   6	    A+   
     041    1    0    1        9818.905812	356	   2	    B-   
     011    1    0    1        5334.023328	147	   14	    A+   
     201    1    0    1       10608.781812	474	   2	    B-   
     003    1    0    1       11016.705146	288	   6	    A+   
     131    1    0    1       11797.914067	280	   4	    B+   
     211    1    0    1       12139.442836	251	   5	    B+   
     021    1    0    1        6868.184395	140	   14	    A+   
     013    1    0    1       12543.229612	127	   7	    A+   
     221    1    0    1       13635.477147	170	   2	    B-   
     301    1    0    1       13817.703792	354	   3	    B+   
     031    1    0    1        8364.700663	255	   8	    A+   
     103    1    0    1       14298.911556	46	   2	    B-   
     321    1    0    1       16797.751212	1854	   2	    B-   
     401    1    0    1       16877.127212	1552	   2	    B-   
     120    1    1    1        6798.200519	184	   9	    A+   
     002    1    1    1        7452.988404	192	   8	    A+   
     110    1    1    1        5259.988609	193	   11	    A+   
     102    1    1    1       10873.662769	360	   4	    B+   
     130    1    1    1        8297.669860	238	   6	    A+   
     230    1    1    1       11781.146949	675	   2	    B-   
     020    1    1    1        3183.005209	29	   14	    A+   
     200    1    1    1        7220.749342	57	   10	    A+   
     032    1    1    1       12008.004600	503	   1	    C   
     310    1    1    1       12143.475236	307	   6	    A+   
     010    1    1    1        1628.060346	13	   35	    A+   
     000    1    1    1          36.748658	0	   197	    A+   
     112    1    1    1       12408.797987	252	   7	    A+   
     040    1    1    1        6170.327684	269	   5	    B+   
     012    1    1    1        9004.273507	291	   3	    B-   
     100    1    1    1        3685.532695	32	   7	    A+   
     220    1    1    1       10299.028982	363	   3	    B-   
     400    1    1    1       13826.272024	704	   1	    C   
     202    1    1    1       14221.020804	786	   2	    B-   
     210    1    1    1        8777.127263	325	   4	    B+   
     030    1    1    1        4698.531621	230	   8	    A+   
     300    1    1    1       10607.003306	286	   6	    A+   
     022    1    1    1       10523.170700	503	   1	    C   
     500    1    1    1       16887.668000	1508	   1	    C   
     003    1    1    0       11032.114863	349	   3	    B+   
     001    1    1    0        3782.301607	35	   8	    A+   
     201    1    1    0       10624.211493	348	   4	    B+   
     013    1    1    0       12561.083083	97	   6	    A+   
     221    1    1    0       13657.844948	87	   2	    B-   
     041    1    1    0        9856.427943	653	   2	    B-   
     131    1    1    0       11826.257841	332	   4	    B+   
     021    1    1    0        6892.235036	198	   9	    A+   
     101    1    1    0        7268.720168	202	   8	    A+   
     121    1    1    0       10342.068979	287	   4	    B+   
     103    1    1    0       14314.081643	103	   2	    B-   
     211    1    1    0       12158.505570	251	   5	    B+   
     111    1    1    0        8822.456740	229	   5	    B+   
     401    1    1    0       16893.064143	1171	   2	    B-   
     011    1    1    0        5354.198254	174	   10	    A+   
     301    1    1    0       13833.449477	738	   3	    B+   
     031    1    1    0        8394.125118	223	   7	    A+   
     110    2    0    2        5290.127962	160	   13	    A+   
     100    2    0    2        3718.417465	37	   10	    A+   
     012    2    0    2        9036.006277	294	   4	    B+   
     220    2    0    2       10324.495482	480	   3	    B-   
     022    2    0    2       10551.919628	503	   1	    C   
     040    2    0    2        6180.712758	235	   5	    B+   
     300    2    0    2       10640.555793	357	   2	    B-   
     102    2    0    2       10906.730152	286	   4	    B+   
     120    2    0    2        6824.498438	181	   10	    A+   
     230    2    0    2       11802.484969	331	   4	    B+   
     032    2    0    2       12032.436042	503	   1	    C   
     020    2    0    2        3209.226292	24	   15	    A+   
     200    2    0    2        7253.502464	202	   13	    A+   
     030    2    0    2        4718.740936	204	   7	    A+   
     310    2    0    2       12173.850108	520	   2	    B+   
     210    2    0    2        8807.322586	307	   4	    B+   
     112    2    0    2       12439.710580	278	   6	    A+   
     400    2    0    2       13858.825587	354	   2	    B-   
     000    2    0    2          69.927424	0	   283	    A+   
     122    2    0    2       13937.654642	1307	   1	    C   
     002    2    0    2        7486.934848	230	   9	    A+   
     202    2    0    2       14253.482295	435	   2	    B-   
     130    2    0    2        8318.091061	274	   5	    B+   
     500    2    0    2       16919.565628	1508	   1	    C   
     010    2    0    2        1658.334154	14	   48	    A+   
     001    2    1    2        3818.744155	30	   15	    A+   
     041    2    1    2        9890.720300	596	   2	    B-   
     013    2    1    2       12595.889630	168	   9	    A+   
     111    2    1    2        8857.474701	182	   8	    A+   
     221    2    1    2       13691.791414	66	   3	    B-   
     131    2    1    2       11860.263668	235	   6	    A+   
     301    2    1    2       13867.805930	287	   4	    B+   
     101    2    1    2        7304.109966	152	   15	    A+   
     021    2    1    2        6927.625560	136	   16	    A+   
     211    2    1    2       12192.921582	257	   6	    A+   
     201    2    1    2       10659.115269	243	   7	    A+   
     103    2    1    2       14348.711964	51	   3	    B-   
     321    2    1    2       16851.770850	2084	   2	    B-   
     401    2    1    2       16926.999836	1274	   3	    B-   
     011    2    1    2        5390.102773	139	   17	    A+   
     003    2    1    2       11067.440828	309	   6	    A+   
     121    2    1    2       10376.596499	275	   6	    A+   
     031    2    1    2        8428.662754	183	   10	    A+   
     030    2    1    1        4758.232178	184	   8	    A+   
     020    2    1    1        3242.239297	28	   11	    A+   
     230    2    1    1       11839.460022	404	   3	    B-   
     300    2    1    1       10663.479210	287	   4	    B+   
     000    2    1    1          94.788628	0	   252	    A+   
     110    2    1    1        5317.845380	227	   12	    A+   
     220    2    1    1       10357.542937	373	   2	    B-   
     022    2    1    1       10581.814224	503	   1	    C   
     002    2    1    1        7510.144917	200	   7	    A+   
     032    2    1    1       12067.308150	503	   1	    C   
     120    2    1    1        6856.645445	164	   13	    A+   
     012    2    1    1        9062.203735	411	   3	    B+   
     200    2    1    1        7277.177492	168	   11	    A+   
     202    2    1    1       14276.010598	1911	   1	    C   
     010    2    1    1        1686.733471	19	   44	    A+   
     102    2    1    1       10929.650409	291	   4	    B+   
     310    2    1    1       12199.850455	323	   4	    B+   
     130    2    1    1        8356.610681	234	   5	    B+   
     420    2    1    1       16873.044098	1508	   1	    C   
     100    2    1    1        3742.719174	29	   8	    A+   
     070    2    1    1       10351.037724	503	   1	    C   
     210    2    1    1        8834.277746	374	   3	    B-   
     040    2    1    1        6230.363777	239	   7	    A+   
     112    2    1    1       12465.571641	246	   6	    A+   
     121    2    2    1       10445.524636	325	   6	    A+   
     031    2    2    1        8515.284747	227	   10	    A+   
     001    2    2    1        3870.077939	31	   9	    A+   
     041    2    2    1        9998.748036	424	   3	    B+   
     221    2    2    1       13757.792256	377	   3	    B+   
     101    2    2    1        7354.328379	226	   11	    A+   
     103    2    2    1       14393.967639	186	   3	    B-   
     211    2    2    1       12249.363991	265	   6	    A+   
     013    2    2    1       12649.025837	174	   6	    A+   
     111    2    2    1        8915.865288	222	   7	    A+   
     021    2    2    1        6998.786922	131	   16	    A+   
     401    2    2    1       16975.532850	1508	   1	    C   
     011    2    2    1        5450.100414	142	   14	    A+   
     301    2    2    1       13914.903853	50	   4	    B+   
     201    2    2    1       10707.617353	282	   6	    A+   
     131    2    2    1       11943.427400	248	   5	    B+   
     003    2    2    1       11113.441526	285	   5	    B+   
     020    2    2    0        3302.771888	23	   17	    A+   
     040    2    2    0        6333.132526	216	   10	    A+   
     120    2    2    0        6914.566440	169	   12	    A+   
     022    2    2    0       10632.052043	1168	   2	    B-   
     010    2    2    0        1735.438007	15	   40	    A+   
     310    2    2    0       12241.670253	513	   3	    B-   
     112    2    2    0       12506.751122	419	   7	    A+   
     100    2    2    0        3781.209234	40	   9	    A+   
     202    2    2    0       14309.321984	252	   2	    B-   
     002    2    2    0        7544.470949	176	   12	    A+   
     130    2    2    0        8430.828494	251	   6	    A+   
     230    2    2    0       11908.676954	1105	   2	    B-   
     030    2    2    0        4835.605158	173	   10	    A+   
     110    2    2    0        5364.605341	151	   12	    A+   
     012    2    2    0        9103.421643	369	   2	    B-   
     102    2    2    0       10963.750460	365	   6	    A+   
     220    2    2    0       10410.324138	401	   3	    B-   
     000    2    2    0         134.783098	0	   258	    A+   
     300    2    2    0       10698.296666	319	   4	    B+   
     200    2    2    0        7314.265400	167	   10	    A+   
     210    2    2    0        8878.928436	354	   3	    B-   
     111    3    0    3        8912.262083	185	   10	    A+   
     021    3    0    3        6980.119178	122	   20	    A+   
     211    3    0    3       12247.281808	225	   10	    A+   
     003    3    0    3       11124.318296	261	   6	    A+   
     131    3    0    3       11908.332423	356	   6	    A+   
     121    3    0    3       10428.711597	248	   8	    A+   
     031    3    0    3        8477.271435	180	   11	    A+   
     011    3    0    3        5445.417323	129	   20	    A+   
     041    3    0    3        9932.177308	413	   2	    B-   
     013    3    0    3       12651.197319	91	   9	    A+   
     221    3    0    3       13743.828708	42	   2	    B-   
     001    3    0    3        3876.040501	25	   17	    A+   
     301    3    0    3       13922.471477	477	   5	    B+   
     071    3    0    3       13921.248508	399	   2	    B-   
     101    3    0    3        7360.920676	130	   19	    A+   
     103    3    0    3       14404.309001	46	   3	    B+   
     321    3    0    3       16903.088707	2269	   2	    B-   
     401    3    0    3       16980.199208	1237	   2	    B-   
     201    3    0    3       10715.119872	222	   8	    A+   
     022    3    1    3       10624.226324	503	   1	    C   
     120    3    1    3        6899.874546	132	   20	    A+   
     112    3    1    3       12508.080472	254	   7	    A+   
     012    3    1    3        9105.829221	330	   3	    B-   
     300    3    1    3       10707.114986	285	   4	    B+   
     102    3    1    3       10973.492787	333	   4	    B-   
     002    3    1    3        7555.046560	193	   8	    A+   
     020    3    1    3        3286.598819	23	   20	    A+   
     320    3    1    3       13741.214691	1508	   1	    C   
     100    3    1    3        3788.465180	24	   12	    A+   
     230    3    1    3       11880.334996	330	   4	    B-   
     010    3    1    3        1732.263052	11	   49	    A+   
     130    3    1    3        8398.679886	223	   7	    A+   
     400    3    1    3       13924.609641	98	   3	    B-   
     200    3    1    3        7321.895045	125	   21	    A+   
     030    3    1    3        4801.527887	178	   10	    A+   
     202    3    1    3       14318.830504	451	   3	    B-   
     070    3    1    3       10391.811291	503	   1	    C   
     220    3    1    3       10399.156888	385	   3	    B-   
     040    3    1    3        6272.740775	224	   7	    A+   
     110    3    1    3        5362.303931	154	   19	    A+   
     000    3    1    3         141.568042	0	   344	    A+   
     210    3    1    3        8877.687308	294	   5	    B+   
     500    3    1    3       16984.457708	1934	   2	    B-   
     310    3    1    3       12242.115502	267	   6	    A+   
     121    3    1    2       10471.118071	256	   6	    A+   
     013    3    1    2       12689.543941	49	   9	    A+   
     031    3    1    2        8526.722440	213	   9	    A+   
     001    3    1    2        3912.028327	33	   13	    A+   
     221    3    1    2       13785.365357	46	   3	    B-   
     211    3    1    2       12284.946964	196	   8	    A+   
     103    3    1    2       14438.858018	54	   4	    B+   
     021    3    1    2        7023.981419	120	   22	    A+   
     101    3    1    2        7396.692140	168	   16	    A+   
     003    3    1    2       11159.250428	264	   6	    A+   
     321    3    1    2       16943.466106	1453	   2	    B-   
     131    3    1    2       11956.648055	340	   6	    A+   
     201    3    1    2       10749.183941	304	   9	    A+   
     301    3    1    2       13956.630914	290	   3	    B-   
     111    3    1    2        8952.140326	208	   7	    A+   
     041    3    1    2        9989.731499	469	   2	    B-   
     011    3    1    2        5484.980052	129	   20	    A+   
     401    3    1    2       17015.002335	1068	   2	    B-   
     032    3    2    2       12199.158723	388	   2	    B-   
     030    3    2    2        4906.097469	162	   13	    A+   
     230    3    2    2       11976.967036	266	   5	    B-   
     040    3    2    2        6403.820217	215	   8	    A+   
     120    3    2    2        6983.696426	144	   19	    A+   
     002    3    2    2        7612.743812	186	   10	    A+   
     200    3    2    2        7381.160978	130	   19	    A+   
     310    3    2    2       12308.737753	325	   6	    A+   
     210    3    2    2        8945.628729	262	   7	    A+   
     220    3    2    2       10478.875344	294	   3	    B-   
     010    3    2    2        1805.576969	11	   53	    A+   
     020    3    2    2        3373.083185	20	   22	    A+   
     202    3    2    2       14374.786742	2061	   1	    C   
     130    3    2    2        8499.801783	258	   6	    A+   
     110    3    2    2        5433.542967	183	   14	    A+   
     000    3    2    2         204.755850	0	   325	    A+   
     100    3    2    2        3849.961016	28	   11	    A+   
     500    3    2    2       17041.941054	1110	   2	    B-   
     012    3    2    2        9171.957248	283	   5	    B+   
     300    3    2    2       10765.235797	239	   7	    A+   
     400    3    2    2       13980.006592	185	   4	    B-   
     112    3    2    2       12573.797756	200	   11	    A+   
     022    3    2    2       10700.861899	1189	   2	    B-   
     102    3    2    2       11030.546712	237	   5	    B-   
     121    3    2    1       10520.997633	246	   7	    A+   
     031    3    2    1        8591.339408	195	   11	    A+   
     011    3    2    1        5527.723743	124	   22	    A+   
     003    3    2    1       11189.925225	269	   7	    A+   
     221    3    2    1       13832.333249	139	   3	    B-   
     321    3    2    1       16986.446762	1631	   2	    B-   
     001    3    2    1        3947.329752	25	   20	    A+   
     201    3    2    1       10782.226778	216	   9	    A+   
     101    3    2    1        7429.847282	133	   19	    A+   
     131    3    2    1       12018.456050	333	   6	    A+   
     041    3    2    1       10074.106237	337	   3	    B-   
     211    3    2    1       12324.112221	191	   10	    A+   
     013    3    2    1       12725.652570	175	   10	    A+   
     103    3    2    1       14469.359744	81	   4	    B-   
     301    3    2    1       13988.472088	364	   4	    B-   
     111    3    2    1        8991.526832	182	   12	    A+   
     401    3    2    1       17048.333850	1508	   1	    C   
     021    3    2    1        7075.223305	106	   25	    A+   
     100    3    3    1        3924.671895	36	   9	    A+   
     020    3    3    1        3483.845708	36	   15	    A+   
     310    3    3    1       12389.330634	503	   1	    C   
     012    3    3    1        9251.800769	299	   5	    B+   
     230    3    3    1       12100.399166	1171	   2	    B-   
     202    3    3    1       14440.776288	2247	   2	    B-   
     112    3    3    1       12653.617882	245	   11	    A+   
     220    3    3    1       10580.043410	307	   4	    B-   
     032    3    3    1       12313.208198	503	   1	    C   
     320    3    3    1       13913.271598	2816	   1	    C   
     300    3    3    1       10833.572118	258	   8	    A+   
     130    3    3    1        8630.502112	325	   4	    B+   
     400    3    3    1       14046.101350	704	   1	    C   
     200    3    3    1        7453.946273	138	   17	    A+   
     010    3    3    1        1897.453075	9	   39	    A+   
     102    3    3    1       11098.034168	575	   5	    B+   
     000    3    3    1         282.094480	0	   263	    A+   
     110    3    3    1        5521.679193	113	   24	    A+   
     002    3    3    1        7680.746636	158	   14	    A+   
     040    3    3    1        6574.523146	175	   11	    A+   
     120    3    3    1        7090.639291	157	   14	    A+   
     030    3    3    1        5042.139560	186	   9	    A+   
     103    3    3    0       14524.593367	99	   2	    B-   
     041    3    3    0       10222.671880	503	   1	    C   
     221    3    3    0       13920.180826	100	   2	    B-   
     321    3    3    0       17115.365449	1440	   2	    B-   
     211    3    3    0       12397.697538	210	   7	    A+   
     031    3    3    0        8709.785217	408	   6	    A+   
     003    3    3    0       11246.314839	289	   4	    B+   
     001    3    3    0        4013.115810	37	   11	    A+   
     011    3    3    0        5606.191836	138	   19	    A+   
     401    3    3    0       17061.659480	1508	   1	    C   
     301    3    3    0       14048.201213	50	   4	    B+   
     121    3    3    0       10613.445476	375	   5	    B+   
     101    3    3    0        7493.947549	158	   14	    A+   
     201    3    3    0       10843.796399	283	   5	    B+   
     131    3    3    0       12131.809680	311	   4	    B+   
     021    3    3    0        7171.480993	191	   15	    A+   
     111    3    3    0        9068.088986	304	   7	    A+   
     013    3    3    0       12792.649819	274	   7	    A+   
     010    4    0    4        1810.187531	15	   40	    A+   
     230    4    0    4       11950.259888	1443	   2	    B-   
     210    4    0    4        8953.441973	356	   2	    B-   
     032    4    0    4       12181.224223	379	   2	    B-   
     012    4    0    4        9182.788396	969	   3	    B-   
     310    4    0    4       12317.440436	266	   5	    B+   
     110    4    0    4        5439.043453	130	   17	    A+   
     200    4    0    4        7399.134802	148	   15	    A+   
     120    4    0    4        6974.207012	149	   16	    A+   
     112    4    0    4       12583.515141	271	   7	    A+   
     100    4    0    4        3866.834598	41	   14	    A+   
     220    4    0    4       10471.290304	503	   1	    C   
     030    4    0    4        4872.714630	214	   11	    A+   
     020    4    0    4        3361.958524	23	   17	    A+   
     300    4    0    4       10783.599362	275	   6	    A+   
     400    4    0    4       13999.431138	251	   2	    B-   
     022    4    0    4       10699.425756	806	   2	    B-   
     202    4    0    4       14393.735595	568	   3	    B-   
     040    4    0    4        6336.257127	215	   8	    A+   
     002    4    0    4        7633.189690	169	   11	    A+   
     000    4    0    4         221.233991	0	   344	    A+   
     130    4    0    4        8468.957695	314	   5	    B+   
     102    4    0    4       11049.902106	357	   2	    B-   
     500    4    0    4       17058.158042	1508	   1	    C   
     211    4    1    4       12329.860582	196	   8	    A+   
     101    4    1    4        7444.400016	131	   22	    A+   
     201    4    1    4       10796.677482	253	   8	    A+   
     003    4    1    4       11206.268389	286	   6	    A+   
     301    4    1    4       14002.839851	97	   4	    B+   
     121    4    1    4       10515.319035	255	   7	    A+   
     031    4    1    4        8569.753566	184	   10	    A+   
     041    4    1    4       10031.040023	783	   2	    B-   
     011    4    1    4        5531.868877	117	   24	    A+   
     103    4    1    4       14486.110376	38	   3	    B+   
     013    4    1    4       12734.158280	143	   5	    B+   
     401    4    1    4       17060.408704	1508	   1	    C   
     021    4    1    4        7068.908521	109	   29	    A+   
     221    4    1    4       13827.772199	95	   2	    B-   
     111    4    1    4        8996.929293	195	   8	    A+   
     001    4    1    4        3962.367790	29	   9	    A+   
     131    4    1    4       11998.304496	286	   5	    B+   
     012    4    1    3        9239.911786	436	   3	    B-   
     100    4    1    3        3919.771839	30	   14	    A+   
     300    4    1    3       10835.254702	556	   5	    B+   
     032    4    1    3       12248.613991	503	   1	    C   
     022    4    1    3       10761.329026	503	   1	    C   
     010    4    1    3        1868.254128	12	   50	    A+   
     040    4    1    3        6415.598296	225	   7	    A+   
     310    4    1    3       12373.505354	322	   5	    B+   
     002    4    1    3        7686.051382	144	   14	    A+   
     110    4    1    3        5496.469345	154	   14	    A+   
     000    4    1    3         274.803171	0	   334	    A+   
     020    4    1    3        3425.179600	25	   18	    A+   
     202    4    1    3       14445.056991	855	   1	    C   
     200    4    1    3        7451.473427	158	   19	    A+   
     112    4    1    3       12639.684316	310	   9	    A+   
     210    4    1    3        9010.254694	348	   3	    B-   
     102    4    1    3       11101.909245	290	   3	    B-   
     130    4    1    3        8538.003892	271	   4	    B+   
     230    4    1    3       12018.308273	357	   2	    B-   
     400    4    1    3       14050.147510	183	   3	    B-   
     030    4    1    3        4942.442639	190	   10	    A+   
     500    4    1    3       17109.239850	1508	   1	    C   
     220    4    1    3       10531.953173	521	   2	    B-   
     120    4    1    3        7036.728207	145	   14	    A+   
     221    4    2    3       13916.530964	666	   2	    B-   
     111    4    2    3        9076.463643	178	   9	    A+   
     121    4    2    3       10606.654471	296	   7	    A+   
     003    4    2    3       11273.288703	249	   7	    A+   
     211    4    2    3       12407.504999	208	   7	    A+   
     321    4    2    3       17067.392119	1508	   1	    C   
     011    4    2    3        5612.641164	117	   21	    A+   
     401    4    2    3       17129.346272	1090	   2	    B-   
     101    4    2    3        7514.202097	139	   21	    A+   
     001    4    2    3        4034.208950	31	   14	    A+   
     013    4    2    3       12809.576571	116	   9	    A+   
     041    4    2    3       10163.535435	382	   2	    B-   
     201    4    2    3       10864.943604	243	   8	    A+   
     031    4    2    3        8679.672733	204	   9	    A+   
     103    4    2    3       14552.072982	146	   3	    B-   
     021    4    2    3        7162.655242	109	   27	    A+   
     301    4    2    3       14069.827253	56	   5	    B+   
     131    4    2    3       12105.003766	655	   4	    B+   
     000    4    2    2         314.459426	0	   387	    A+   
     020    4    2    2        3481.497615	25	   24	    A+   
     030    4    2    2        5013.063083	160	   11	    A+   
     230    4    2    2       12081.993047	528	   4	    B-   
     010    4    2    2        1914.881158	9	   50	    A+   
     002    4    2    2        7721.993578	302	   6	    A+   
     012    4    2    2        9281.300729	281	   6	    A+   
     112    4    2    2       12680.752203	270	   8	    A+   
     400    4    2    2       14084.805262	1848	   2	    B-   
     310    4    2    2       12414.931522	252	   6	    A+   
     102    4    2    2       11137.418303	253	   4	    B-   
     130    4    2    2        8605.703616	242	   6	    A+   
     210    4    2    2        9053.723026	334	   4	    B-   
     500    4    2    2       17145.664730	1286	   2	    B-   
     032    4    2    2       12307.181082	310	   3	    B-   
     040    4    2    2        6508.735003	205	   8	    A+   
     100    4    2    2        3957.480009	27	   14	    A+   
     220    4    2    2       10584.728992	311	   3	    B-   
     120    4    2    2        7091.083489	156	   14	    A+   
     202    4    2    2       14478.350096	283	   3	    B-   
     300    4    2    2       10871.042938	359	   5	    B+   
     200    4    2    2        7488.850651	130	   21	    A+   
     110    4    2    2        5541.921745	120	   23	    A+   
     050    4    2    2        7969.743128	503	   1	    C   
     201    4    3    2       10936.433918	223	   8	    A+   
     041    4    3    2       10319.209868	378	   3	    B-   
     001    4    3    2        4108.425516	32	   19	    A+   
     013    4    3    2       12887.752606	194	   10	    A+   
     221    4    3    2       14013.569112	190	   4	    B-   
     211    4    3    2       12490.834374	177	   10	    A+   
     121    4    3    2       10708.241123	314	   5	    B+   
     111    4    3    2        9162.552716	211	   8	    A+   
     031    4    3    2        8806.264574	226	   6	    A+   
     101    4    3    2        7588.006583	121	   22	    A+   
     021    4    3    2        7267.829805	101	   27	    A+   
     131    4    3    2       12226.681487	255	   7	    A+   
     003    4    3    2       11340.870183	307	   7	    A+   
     011    4    3    2        5702.271973	107	   26	    A+   
     301    4    3    2       14139.539026	30	   5	    B+   
     401    4    3    2       17151.459330	1090	   2	    B-   
     103    4    3    2       14612.983212	204	   2	    B-   
     400    4    3    1       14139.480713	443	   2	    B-   
     310    4    3    1       12484.167646	314	   5	    B+   
     500    4    3    1       17152.405692	1339	   2	    B-   
     102    4    3    1       11193.152749	247	   6	    A+   
     300    4    3    1       10928.336747	243	   6	    A+   
     110    4    3    1        5620.547571	129	   18	    A+   
     040    4    3    1        6671.962281	208	   10	    A+   
     032    4    3    1       12410.269218	364	   2	    B-   
     200    4    3    1        7549.891310	126	   19	    A+   
     120    4    3    1        7187.411996	136	   17	    A+   
     112    4    3    1       12748.507840	225	   9	    A+   
     020    4    3    1        3581.984457	25	   24	    A+   
     000    4    3    1         380.702419	0	   330	    A+   
     150    4    3    1       11733.789650	503	   1	    C   
     130    4    3    1        8726.888170	227	   6	    A+   
     012    4    3    1        9349.165994	275	   5	    B+   
     210    4    3    1        9127.765918	364	   2	    B-   
     202    4    3    1       14532.931226	503	   1	    C   
     220    4    3    1       10675.616121	316	   3	    B-   
     002    4    3    1        7778.122372	144	   15	    A+   
     030    4    3    1        5139.938072	164	   12	    A+   
     230    4    3    1       12195.606435	560	   4	    B-   
     010    4    3    1        1995.870381	8	   44	    A+   
     100    4    3    1        4021.201029	26	   12	    A+   
     211    4    4    1       12597.351174	355	   8	    A+   
     111    4    4    1        9272.541856	275	   6	    A+   
     003    4    4    1       11424.603001	389	   4	    B+   
     031    4    4    1        8966.909263	418	   3	    B+   
     001    4    4    1        4205.478273	32	   9	    A+   
     103    4    4    1       14700.016375	201	   2	    B-   
     011    4    4    1        5815.707700	131	   16	    A+   
     221    4    4    1       14137.054135	50	   2	    B-   
     401    4    4    1       17250.635109	1508	   1	    C   
     021    4    4    1        7402.122702	153	   13	    A+   
     121    4    4    1       10837.917522	358	   2	    B-   
     041    4    4    1       10513.208134	503	   1	    C   
     101    4    4    1        7681.661666	181	   11	    A+   
     013    4    4    1       12985.196134	232	   6	    A+   
     131    4    4    1       12381.190135	417	   3	    B+   
     201    4    4    1       11027.060821	289	   4	    B+   
     301    4    4    1       14228.727944	49	   2	    B-   
     100    4    4    0        4121.312131	31	   14	    A+   
     400    4    4    0       14227.025622	1041	   2	    B-   
     022    4    4    0       11014.476149	356	   2	    B-   
     300    4    4    0       11020.032241	287	   4	    B+   
     112    4    4    0       12852.879218	238	   8	    A+   
     020    4    4    0        3727.210546	27	   13	    A+   
     230    4    4    0       12355.568030	2439	   2	    B-   
     010    4    4    0        2117.029901	14	   34	    A+   
     000    4    4    0         482.672534	0	   214	    A+   
     002    4    4    0        7866.618118	280	   6	    A+   
     340    4    4    0       17154.072449	1586	   2	    B-   
     012    4    4    0        9453.481175	394	   4	    B+   
     202    4    4    0       14625.158279	299	   2	    B-   
     110    4    4    0        5736.566402	199	   10	    A+   
     032    4    4    0       12557.738680	503	   1	    C   
     200    4    4    0        7644.198401	141	   16	    A+   
     120    4    4    0        7327.230069	329	   13	    A+   
     310    4    4    0       12590.616480	1541	   2	    B+   
     130    4    4    0        8895.859119	555	   3	    B-   
     210    4    4    0        9239.645199	360	   2	    B-   
     102    4    4    0       11281.215783	493	   3	    B-   
     040    4    4    0        6886.422726	239	   10	    A+   
     030    4    4    0        5315.693366	260	   7	    A+   
     211    5    0    5       12424.620713	214	   7	    A+   
     201    5    0    5       10892.350956	722	   5	    B+   
     013    5    0    5       12829.525173	106	   6	    A+   
     101    5    0    5        7541.742999	139	   20	    A+   
     221    5    0    5       13921.246455	108	   2	    B-   
     031    5    0    5        8664.132735	244	   7	    A+   
     301    5    0    5       14097.015068	61	   4	    B+   
     011    5    0    5        5630.103870	131	   19	    A+   
     103    5    0    5       14578.703065	49	   4	    B+   
     003    5    0    5       11301.879974	281	   6	    A+   
     021    5    0    5        7165.540166	121	   22	    A+   
     001    5    0    5        4060.518257	26	   16	    A+   
     111    5    0    5        9093.269321	198	   9	    A+   
     401    5    0    5       17153.585255	931	   3	    B-   
     041    5    0    5       10121.365079	395	   2	    B-   
     131    5    0    5       12091.092280	281	   5	    B+   
     121    5    0    5       10610.268679	274	   6	    A+   
     310    5    1    5       12415.517797	422	   3	    B+   
     210    5    1    5        9053.696038	485	   4	    B+   
     010    5    1    5        1914.933741	15	   62	    A+   
     102    5    1    5       11147.829738	306	   3	    B-   
     060    5    1    5        9245.461853	333	   3	    B-   
     020    5    1    5        3468.442061	27	   19	    A+   
     202    5    1    5       14489.593985	925	   2	    B-   
     012    5    1    5        9283.186800	355	   5	    B+   
     130    5    1    5        8576.210345	248	   6	    A+   
     120    5    1    5        7078.182460	153	   17	    A+   
     110    5    1    5        5541.521207	164	   14	    A+   
     200    5    1    5        7498.881244	137	   17	    A+   
     100    5    1    5        3968.687361	29	   15	    A+   
     112    5    1    5       12681.469422	407	   3	    B+   
     040    5    1    5        6453.483421	203	   9	    A+   
     000    5    1    5         325.215704	0	   329	    A+   
     230    5    1    5       12054.449843	356	   2	    B-   
     500    5    1    5       17152.692579	2121	   2	    B-   
     032    5    1    5       12284.461691	503	   1	    C   
     300    5    1    5       10881.280800	431	   4	    B-   
     220    5    1    5       10570.528429	1667	   2	    B-   
     030    5    1    5        4982.721680	228	   5	    B+   
     002    5    1    5        7733.245852	196	   10	    A+   
     022    5    1    5       10801.033891	503	   1	    C   
     050    5    1    5        7875.353931	503	   1	    C   
     031    5    1    4        8757.075588	271	   8	    A+   
     013    5    1    4       12908.265268	131	   8	    A+   
     021    5    1    4        7251.652739	116	   26	    A+   
     061    5    1    4       13015.004419	503	   1	    C   
     321    5    1    4       17157.905636	2831	   2	    B-   
     221    5    1    4       14004.818097	229	   3	    B-   
     121    5    1    4       10695.921794	248	   6	    A+   
     211    5    1    4       12501.345528	182	   8	    A+   
     401    5    1    4       17223.610427	1068	   3	    B-   
     001    5    1    4        4134.413908	21	   17	    A+   
     301    5    1    4       14167.135397	49	   4	    B-   
     111    5    1    4        9172.530627	200	   9	    A+   
     041    5    1    4       10222.641536	678	   2	    B-   
     131    5    1    4       12184.507820	399	   3	    B-   
     011    5    1    4        5709.973280	104	   28	    A+   
     103    5    1    4       14650.399406	552	   3	    B+   
     201    5    1    4       10961.009626	336	   8	    A+   
     101    5    1    4        7614.903596	133	   21	    A+   
     003    5    1    4       11374.969682	225	   7	    A+   
     310    5    2    4       12509.859106	201	   7	    A+   
     230    5    2    4       12179.636250	869	   2	    B-   
     200    5    2    4        7583.670437	120	   22	    A+   
     202    5    2    4       14570.807204	1106	   1	    C   
     000    5    2    4         414.168119	0	   370	    A+   
     210    5    2    4        9149.278550	458	   3	    B-   
     112    5    2    4       12774.501228	239	   9	    A+   
     002    5    2    4        7817.055853	169	   11	    A+   
     400    5    2    4       14176.380518	99	   2	    B-   
     300    5    2    4       10967.095853	231	   7	    A+   
     100    5    2    4        4055.747178	26	   16	    A+   
     030    5    2    4        5116.957722	176	   10	    A+   
     130    5    2    4        8707.091090	246	   6	    A+   
     040    5    2    4        6615.228976	231	   11	    A+   
     012    5    2    4        9377.104322	311	   4	    B-   
     102    5    2    4       11230.491453	267	   5	    B-   
     020    5    2    4        3583.441361	21	   22	    A+   
     110    5    2    4        5639.837322	191	   17	    A+   
     010    5    2    4        2015.454195	8	   50	    A+   
     220    5    2    4       10681.307607	611	   3	    B+   
     500    5    2    4       17237.120171	1508	   1	    C   
     120    5    2    4        7190.477227	134	   19	    A+   
     101    5    2    3        7656.494537	116	   24	    A+   
     301    5    2    3       14210.133661	66	   4	    B-   
     013    5    2    3       12956.619293	183	   7	    A+   
     003    5    2    3       11419.284282	288	   6	    A+   
     201    5    2    3       11007.253307	203	   8	    A+   
     121    5    2    3       10751.047936	296	   9	    A+   
     031    5    2    3        8824.073724	227	   7	    A+   
     001    5    2    3        4180.311038	24	   20	    A+   
     211    5    2    3       12550.740704	177	   10	    A+   
     011    5    2    3        5761.122100	114	   25	    A+   
     131    5    2    3       12248.138367	472	   4	    B-   
     103    5    2    3       14694.456416	802	   2	    B-   
     111    5    2    3        9220.892395	198	   9	    A+   
     041    5    2    3       10305.188826	503	   1	    C   
     321    5    2    3       17207.732297	926	   4	    B-   
     021    5    2    3        7310.854345	117	   26	    A+   
     221    5    2    3       14059.512086	99	   3	    B-   
     401    5    2    3       17268.426068	478	   2	    B-   
     020    5    3    3        3702.536783	25	   30	    A+   
     010    5    3    3        2116.138769	12	   49	    A+   
     002    5    3    3        7895.372303	184	   16	    A+   
     000    5    3    3         500.596179	0	   355	    A+   
     200    5    3    3        7668.200444	129	   17	    A+   
     400    5    3    3       14252.126153	276	   3	    B-   
     210    5    3    3        9244.601842	502	   2	    B-   
     022    5    3    3       11011.122426	503	   1	    C   
     310    5    3    3       12599.298241	273	   6	    A+   
     102    5    3    3       11308.478241	298	   6	    A-   
     130    5    3    3        8845.623547	291	   8	    A+   
     110    5    3    3        5737.173343	137	   17	    A+   
     230    5    3    3       12312.814618	778	   2	    B-   
     030    5    3    3        5260.665122	169	   11	    A+   
     500    5    3    3       17263.674980	1271	   2	    B-   
     120    5    3    3        7304.054338	129	   24	    A+   
     012    5    3    3        9466.941458	362	   3	    B-   
     040    5    3    3        6792.740956	182	   10	    A+   
     300    5    3    3       11042.964330	284	   7	    A+   
     220    5    3    3       10792.240864	503	   1	    C   
     142    5    3    3       17364.244116	750	   4	    B-   
     100    5    3    3        4139.561602	25	   17	    A+   
     112    5    3    3       12864.115755	274	   8	    A+   
     032    5    3    3       12529.136048	361	   2	    B-   
     050    5    3    3        8303.684695	503	   1	    C   
     221    5    3    2       14134.657290	230	   3	    B-   
     211    5    3    2       12612.860600	220	   10	    A+   
     013    5    3    2       13013.169207	254	   9	    A+   
     201    5    3    2       11058.625365	219	   10	    A+   
     043    5    3    2       17497.207241	1508	   1	    C   
     003    5    3    2       11466.463802	269	   6	    A+   
     131    5    3    2       12348.655122	379	   5	    B+   
     111    5    3    2        9286.259516	197	   10	    A+   
     121    5    3    2       10831.007741	319	   6	    A+   
     101    5    3    2        7711.819110	116	   25	    A+   
     321    5    3    2       17326.783021	1508	   1	    C   
     011    5    3    2        5827.513337	108	   27	    A+   
     001    5    3    2        4232.812053	28	   14	    A+   
     301    5    3    2       14260.079881	54	   4	    B-   
     041    5    3    2       10442.121019	503	   1	    C   
     103    5    3    2       14746.066734	299	   2	    B-   
     021    5    3    2        7392.514536	99	   32	    A+   
     031    5    3    2        8930.114061	218	   9	    A+   
     012    5    4    2        9573.809049	712	   2	    B-   
     202    5    4    2       14729.979179	603	   1	    C   
     040    5    4    2        7008.252071	258	   7	    A+   
     310    5    4    2       12707.967195	348	   3	    B+   
     300    5    4    2       11132.874958	449	   4	    B-   
     120    5    4    2        7447.443146	185	   13	    A+   
     022    5    4    2       11139.183303	271	   6	    A+   
     112    5    4    2       12970.188231	308	   5	    B+   
     340    5    4    2       17272.642600	1644	   2	    B-   
     000    5    4    2         604.544109	0	   276	    A+   
     210    5    4    2        9358.206569	503	   1	    C   
     102    5    4    2       11398.375672	281	   5	    B-   
     020    5    4    2        3849.156112	35	   18	    A+   
     220    5    4    2       10927.555150	747	   2	    B-   
     030    5    4    2        5437.589479	214	   7	    A+   
     010    5    4    2        2238.975047	17	   39	    A+   
     110    5    4    2        5856.968300	133	   18	    A+   
     230    5    4    2       12474.094881	450	   3	    B-   
     130    5    4    2        9015.927961	661	   3	    B+   
     200    5    4    2        7762.754482	135	   17	    A+   
     420    5    4    2       17433.978418	503	   1	    C   
     100    5    4    2        4242.985275	22	   17	    A+   
     400    5    4    2       14342.230003	1171	   2	    B-   
     002    5    4    2        7986.583565	199	   7	    A+   
     111    5    4    1        9391.581119	255	   7	    A+   
     021    5    4    1        7523.404608	121	   24	    A+   
     211    5    4    1       12714.840813	329	   7	    A+   
     221    5    4    1       14254.580934	352	   1	    C   
     103    5    4    1       14815.008709	1760	   1	    C   
     003    5    4    1       11544.814403	264	   5	    B+   
     013    5    4    1       13109.100708	307	   5	    B+   
     011    5    4    1        5936.842780	107	   26	    A+   
     131    5    4    1       12500.380212	286	   7	    A+   
     301    5    4    1       14344.254885	81	   4	    B-   
     101    5    4    1        7800.385715	158	   20	    A+   
     031    5    4    1        9088.231583	310	   8	    A+   
     201    5    4    1       11143.997215	242	   8	    A+   
     041    5    4    1       10634.627909	503	   1	    C   
     121    5    4    1       10957.094490	357	   2	    B-   
     001    5    4    1        4326.270609	24	   16	    A+   
     200    5    5    1        7882.528922	149	   13	    A+   
     210    5    5    1        9498.983271	503	   1	    C   
     400    5    5    1       14459.553734	1156	   1	    C   
     100    5    5    1        4365.887801	66	   14	    A+   
     012    5    5    1        9705.071700	415	   3	    B+   
     040    5    5    1        7257.873364	286	   5	    B+   
     000    5    5    1         733.679241	0	   167	    A+   
     020    5    5    1        4027.448022	41	   10	    A+   
     102    5    5    1       11510.452811	639	   3	    B-   
     010    5    5    1        2390.354069	93	   20	    A+   
     130    5    5    1        9219.585641	732	   5	    B+   
     300    5    5    1       11249.093062	539	   3	    B-   
     002    5    5    1        8099.364080	522	   3	    B+   
     110    5    5    1        6003.191323	167	   11	    A+   
     032    5    5    1       12859.591726	503	   1	    C   
     220    5    5    1       11092.153461	454	   2	    B-   
     500    5    5    1       17456.692534	1508	   1	    C   
     112    5    5    1       13098.830474	266	   4	    B+   
     202    5    5    1       14848.990734	855	   1	    C   
     120    5    5    1        7619.790411	185	   11	    A+   
     022    5    5    1       11290.611813	503	   1	    C   
     310    5    5    1       12840.759734	1110	   2	    B+   
     221    5    5    0       14403.022441	503	   1	    C   
     031    5    5    0        9280.897226	234	   5	    B-   
     101    5    5    0        7917.270517	265	   11	    A+   
     111    5    5    0        9527.999310	366	   3	    B+   
     003    5    5    0       11648.384649	348	   3	    B+   
     301    5    5    0       14461.440241	503	   1	    C   
     201    5    5    0       11257.563829	1037	   3	    B+   
     011    5    5    0        6077.112289	262	   12	    A+   
     001    5    5    0        4446.679529	49	   9	    A+   
     021    5    5    0        7687.516566	334	   11	    A+   
     041    5    5    0       10861.552241	503	   1	    C   
     131    5    5    0       12687.771591	595	   2	    B+   
     211    5    5    0       12848.258625	1456	   4	    B+   
     103    5    5    0       14920.615941	151	   1	    C   
     121    5    5    0       11115.963355	529	   2	    B-   
     013    5    5    0       13225.949528	251	   3	    B+   
     032    6    0    6       12397.835404	503	   1	    C   
     300    6    0    6       10994.811641	289	   4	    B+   
     040    6    0    6        6564.470530	251	   10	    A+   
     210    6    0    6        9168.129153	520	   2	    B-   
     112    6    0    6       12794.055254	830	   2	    B+   
     022    6    0    6       10915.088804	503	   1	    C   
     102    6    0    6       11261.355504	338	   3	    B-   
     012    6    0    6        9398.265703	718	   2	    B-   
     120    6    0    6        7193.286121	155	   16	    A+   
     010    6    0    6        2033.488862	16	   41	    A+   
     110    6    0    6        5657.885875	149	   13	    A+   
     230    6    0    6       12165.601302	436	   3	    B-   
     100    6    0    6        4086.102997	43	   12	    A+   
     020    6    0    6        3585.687386	25	   15	    A+   
     130    6    0    6        8689.141013	265	   4	    B+   
     002    6    0    6        7850.062816	131	   18	    A+   
     200    6    0    6        7614.228857	131	   17	    A+   
     310    6    0    6       12528.203232	1166	   2	    B+   
     030    6    0    6        5097.936623	269	   5	    B+   
     000    6    0    6         444.846167	0	   287	    A+   
     050    6    0    6        7974.723841	503	   1	    C   
     011    6    1    6        5749.124250	126	   20	    A+   
     301    6    1    6       14209.414202	50	   3	    B-   
     041    6    1    6       10246.097518	382	   2	    B-   
     121    6    1    6       10727.120672	357	   5	    B+   
     001    6    1    6        4179.650784	28	   15	    A+   
     221    6    1    6       14035.660152	266	   3	    B+   
     201    6    1    6       11006.787842	341	   7	    A+   
     013    6    1    6       12943.999723	186	   6	    A+   
     401    6    1    6       17264.167068	2158	   2	    B-   
     021    6    1    6        7285.026754	124	   24	    A+   
     101    6    1    6        7658.477472	131	   17	    A+   
     003    6    1    6       11418.766397	325	   6	    A+   
     111    6    1    6        9209.793979	255	   7	    A+   
     211    6    1    6       12538.901505	217	   6	    A+   
     031    6    1    6        8785.168614	262	   9	    A+   
     103    6    1    6       14691.311319	303	   2	    B-   
     131    6    1    6       12209.259382	332	   4	    B+   
     400    6    1    5       14298.245252	905	   1	    C   
     210    6    1    5        9270.401466	388	   2	    B-   
     002    6    1    5        7944.882138	138	   19	    A+   
     012    6    1    5        9500.992193	531	   2	    B-   
     110    6    1    5        5761.350430	176	   14	    A+   
     200    6    1    5        7708.091733	133	   20	    A+   
     130    6    1    5        8810.714928	358	   6	    A+   
     310    6    1    5       12629.259634	307	   4	    B+   
     000    6    1    5         541.180102	0	   321	    A+   
     112    6    1    5       12895.579553	336	   4	    B-   
     120    6    1    5        7305.403089	155	   13	    A+   
     040    6    1    5        6697.075615	229	   7	    A+   
     230    6    1    5       12286.209157	434	   3	    B-   
     102    6    1    5       11354.155167	301	   4	    B+   
     220    6    1    5       10796.665567	503	   1	    C   
     010    6    1    5        2138.088833	13	   38	    A+   
     420    6    1    5       17289.709119	1508	   1	    C   
     100    6    1    5        4181.204107	35	   15	    A+   
     500    6    1    5       17355.453119	1508	   1	    C   
     030    6    1    5        5220.054458	253	   5	    B+   
     300    6    1    5       11087.354891	290	   4	    B+   
     020    6    1    5        3698.816873	22	   17	    A+   
     050    6    1    5        8124.086695	503	   1	    C   
     221    6    2    5       14155.701993	394	   2	    B-   
     003    6    2    5       11515.230224	517	   6	    A+   
     111    6    2    5        9321.309223	186	   10	    A+   
     001    6    2    5        4280.847296	22	   19	    A+   
     101    6    2    5        7758.140412	113	   23	    A+   
     131    6    2    5       12352.437868	675	   3	    B-   
     301    6    2    5       14305.092158	97	   5	    B+   
     021    6    2    5        7413.074879	115	   26	    A+   
     041    6    2    5       10416.540019	503	   1	    C   
     121    6    2    5       10852.589896	247	   6	    A+   
     031    6    2    5        8931.258074	196	   8	    A+   
     211    6    2    5       12649.588315	200	   7	    A+   
     103    6    2    5       14785.267352	1559	   1	    C   
     013    6    2    5       13052.884904	216	   6	    A+   
     011    6    2    5        5862.755295	141	   21	    A+   
     201    6    2    5       11104.837221	273	   7	    A+   
     230    6    2    4       12362.854788	497	   3	    B-   
     112    6    2    4       12959.144797	303	   7	    A+   
     400    6    2    4       14354.736057	720	   2	    B-   
     102    6    2    4       11411.904789	331	   6	    A+   
     300    6    2    4       11145.504449	269	   5	    B+   
     012    6    2    4        9564.939511	357	   2	    B-   
     310    6    2    4       12691.895116	1036	   3	    B+   
     202    6    2    4       14750.626121	1860	   1	    C   
     210    6    2    4        9333.823661	533	   2	    B-   
     220    6    2    4       10865.772811	558	   2	    B-   
     200    6    2    4        7766.956967	170	   15	    A+   
     032    6    2    4       12593.026321	503	   1	    C   
     120    6    2    4        7375.587490	168	   14	    A+   
     030    6    2    4        5300.924689	209	   7	    A+   
     000    6    2    4         601.237764	0	   314	    A+   
     040    6    2    4        6794.039782	246	   7	    A+   
     110    6    2    4        5825.525681	169	   14	    A+   
     100    6    2    4        4240.673298	29	   12	    A+   
     010    6    2    4        2202.992870	17	   47	    A+   
     020    6    2    4        3770.104716	30	   17	    A+   
     130    6    2    4        8889.705236	291	   4	    B+   
     002    6    2    4        8003.262905	207	   8	    A+   
     013    6    3    4       13148.073911	357	   4	    B+   
     201    6    3    4       11190.401353	225	   8	    A+   
     211    6    3    4       12746.217858	189	   11	    A+   
     131    6    3    4       12486.955260	307	   6	    A-   
     021    6    3    4        7532.355050	114	   25	    A+   
     011    6    3    4        5966.004022	112	   27	    A+   
     301    6    3    4       14389.960424	48	   5	    B-   
     111    6    3    4        9421.483689	209	   10	    A+   
     121    6    3    4       10968.096708	259	   6	    A+   
     221    6    3    4       14269.316596	400	   2	    B-   
     031    6    3    4        9071.231859	268	   5	    B+   
     001    6    3    4        4370.681427	26	   14	    A+   
     103    6    3    4       14883.171879	503	   1	    C   
     401    6    3    4       17399.527555	462	   5	    B-   
     003    6    3    4       11599.491141	229	   6	    A+   
     321    6    3    4       17458.116858	1188	   3	    B-   
     041    6    3    4       10584.335349	662	   2	    B-   
     101    6    3    4        7845.502809	111	   27	    A+   
     210    6    3    3        9397.758619	503	   1	    C   
     102    6    3    3       11462.224172	283	   4	    B-   
     300    6    3    3       11195.906591	323	   5	    B+   
     100    6    3    3        4297.004282	37	   16	    A+   
     320    6    3    3       14273.588519	704	   1	    C   
     040    6    3    3        6942.471248	221	   9	    A+   
     012    6    3    3        9623.894945	528	   3	    B-   
     020    6    3    3        3857.051514	25	   18	    A+   
     202    6    3    3       14802.097419	402	   1	    C   
     010    6    3    3        2272.646135	18	   31	    A+   
     030    6    3    3        5412.845944	188	   8	    A+   
     000    6    3    3         658.610021	0	   340	    A+   
     032    6    3    3       12682.518091	1291	   2	    B-   
     110    6    3    3        5892.858127	131	   21	    A+   
     130    6    3    3        8995.156533	338	   6	    A+   
     230    6    3    3       12461.477335	1088	   2	    B-   
     310    6    3    3       12751.632290	755	   2	    B-   
     002    6    3    3        8053.479976	297	   3	    B-   
     112    6    3    3       13017.292121	259	   7	    A+   
     200    6    3    3        7820.311028	147	   14	    A+   
     120    6    3    3        7458.912160	172	   11	    A+   
     011    6    4    3        6081.878698	109	   27	    A+   
     401    6    4    3       17499.725740	1183	   2	    B-   
     301    6    4    3       14482.387079	142	   3	    B-   
     041    6    4    3       10779.981309	503	   1	    C   
     023    6    4    3       14782.288333	666	   3	    B-   
     121    6    4    3       11099.475316	265	   6	    A+   
     201    6    4    3       11283.809988	248	   6	    A+   
     111    6    4    3        9534.254797	227	   8	    A+   
     031    6    4    3        9233.675969	346	   6	    A+   
     013    6    4    3       13253.660519	312	   5	    B+   
     241    6    4    3       17415.493371	1508	   1	    C   
     131    6    4    3       12641.933154	222	   10	    A+   
     221    6    4    3       14395.091828	526	   3	    B-   
     003    6    4    3       11687.946975	307	   4	    B-   
     211    6    4    3       12855.422210	230	   10	    A+   
     101    6    4    3        7940.929934	119	   27	    A+   
     001    6    4    3        4470.768877	22	   15	    A+   
     103    6    4    3       14952.441595	495	   2	    B-   
     021    6    4    3        7668.712281	124	   22	    A+   
     022    6    4    2       11284.418421	346	   3	    B-   
     110    6    4    2        6002.313213	133	   19	    A+   
     032    6    4    2       12821.260269	503	   1	    C   
     012    6    4    2        9719.674926	354	   3	    B-   
     120    6    4    2        7592.398509	194	   8	    A+   
     130    6    4    2        9160.327889	506	   3	    B+   
     112    6    4    2       13111.919505	408	   2	    B-   
     200    6    4    2        7906.387821	135	   15	    A+   
     310    6    4    2       12850.256024	455	   2	    B-   
     002    6    4    2        8132.404536	174	   10	    A+   
     400    6    4    2       14482.340779	453	   1	    C   
     030    6    4    2        5584.258885	293	   6	    A+   
     202    6    4    2       14862.316074	388	   3	    B-   
     020    6    4    2        3996.208981	32	   20	    A+   
     010    6    4    2        2386.365931	18	   35	    A+   
     210    6    4    2        9501.753615	428	   3	    B-   
     000    6    4    2         752.187371	0	   282	    A+   
     040    6    4    2        7154.516174	259	   8	    A+   
     300    6    4    2       11275.385086	256	   4	    B-   
     100    6    4    2        4387.910825	33	   10	    A+   
     102    6    4    2       11540.639861	327	   6	    A+   
     013    6    5    2       13368.059957	509	   4	    B+   
     301    6    5    2       14600.773842	940	   3	    B-   
     001    6    5    2        4591.476566	37	   11	    A+   
     003    6    5    2       11796.031534	327	   3	    B-   
     031    6    5    2        9427.488122	329	   5	    B+   
     211    6    5    2       12989.235571	940	   6	    A+   
     111    6    5    2        9670.606970	488	   4	    B+   
     201    6    5    2       11397.579093	302	   5	    B+   
     021    6    5    2        7833.073385	125	   25	    A+   
     121    6    5    2       11258.755055	1729	   2	    B-   
     041    6    5    2       11007.957718	525	   2	    B-   
     221    6    5    2       14543.038787	341	   2	    B-   
     131    6    5    2       12831.803550	1243	   2	    B-   
     011    6    5    2        6222.398921	112	   23	    A+   
     101    6    5    2        8059.298352	225	   17	    A+   
     102    6    5    1       11650.559390	361	   2	    B-   
     112    6    5    1       13238.587574	367	   4	    B+   
     030    6    5    1        5795.139229	279	   4	    B-   
     210    6    5    1        9641.774444	386	   2	    B-   
     000    6    5    1         880.114469	0	   209	    A+   
     110    6    5    1        6147.753854	170	   13	    A+   
     130    6    5    1        9364.068563	370	   2	    B+   
     010    6    5    1        2536.934782	90	   23	    A+   
     310    6    5    1       12981.800809	892	   2	    B+   
     300    6    5    1       11389.443844	312	   3	    B-   
     120    6    5    1        7764.342051	222	   9	    A+   
     002    6    5    1        8243.856335	211	   11	    A+   
     022    6    5    1       11433.561013	503	   1	    C   
     020    6    5    1        4174.104398	182	   9	    A+   
     012    6    5    1        9850.595490	738	   2	    B-   
     200    6    5    1        8024.922149	144	   15	    A+   
     100    6    5    1        4510.466382	40	   14	    A+   
     040    6    5    1        7404.583812	286	   4	    B-   
     301    6    6    1       14700.666313	50	   1	    C   
     103    6    6    1       15185.269213	553	   1	    C   
     101    6    6    1        8198.704370	231	   12	    A+   
     131    6    6    1       13042.840909	503	   1	    C   
     013    6    6    1       13512.455613	2162	   1	    C   
     001    6    6    1        4734.648411	126	   4	    B+   
     211    6    6    1       13151.217522	387	   3	    B+   
     111    6    6    1        9831.624081	562	   2	    B-   
     031    6    6    1        9646.047881	482	   2	    B-   
     121    6    6    1       11446.248200	357	   3	    B+   
     201    6    6    1       11534.901072	471	   4	    B+   
     011    6    6    1        6387.474558	157	   14	    A+   
     003    6    6    1       11915.857213	503	   1	    C   
     041    6    6    1       11259.095713	503	   1	    C   
     021    6    6    1        8023.375427	195	   14	    A+   
     141    6    6    1       14629.215013	855	   1	    C   
     000    6    6    0        1033.194413	0	   122	    A+   
     300    6    6    0       11527.294359	477	   2	    B+   
     002    6    6    0        8377.503681	332	   5	    B+   
     130    6    6    0        9596.404041	503	   1	    C   
     100    6    6    0        4658.347302	61	   8	    A+   
     010    6    6    0        2714.443557	62	   14	    A+   
     022    6    6    0       11613.546541	503	   1	    C   
     102    6    6    0       11781.546000	376	   2	    B-   
     200    6    6    0        8167.667730	198	   13	    A+   
     400    6    6    0       14699.062041	1307	   1	    C   
     040    6    6    0        7680.678673	537	   2	    B+   
     012    6    6    0       10004.293596	486	   2	    B+   
     120    6    6    0        7964.380720	311	   5	    B+   
     020    6    6    0        4380.053154	104	   9	    A+   
     310    6    6    0       13145.932979	503	   1	    C   
     112    6    6    0       13402.571541	453	   1	    C   
     110    6    6    0        6319.943558	239	   5	    B+   
     032    6    6    0       13209.215655	3972	   2	    B-   
     030    6    6    0        6034.011041	503	   1	    C   
     013    7    0    7       13075.605007	285	   6	    A+   
     041    7    0    7       10377.780505	510	   2	    B+   
     011    7    0    7        5884.514675	121	   20	    A+   
     003    7    0    7       11549.640281	419	   4	    B+   
     121    7    0    7       10858.985179	295	   4	    B+   
     221    7    0    7       14164.984033	275	   2	    B-   
     021    7    0    7        7419.455035	139	   20	    A+   
     131    7    0    7       12339.879080	356	   4	    B+   
     301    7    0    7       14338.160263	40	   3	    B-   
     001    7    0    7        4316.040807	33	   13	    A+   
     211    7    0    7       12669.319688	369	   3	    B+   
     111    7    0    7        9342.575197	304	   6	    A+   
     103    7    0    7       14820.778482	99	   2	    B-   
     031    7    0    7        8918.521245	223	   9	    A+   
     201    7    0    7       11138.122916	283	   6	    A+   
     101    7    0    7        7792.253325	170	   21	    A+   
     000    7    1    7         583.986432	0	   249	    A+   
     002    7    1    7        7982.449894	156	   15	    A+   
     300    7    1    7       11126.296570	268	   5	    B+   
     230    7    1    7       12299.534709	1047	   2	    B-   
     010    7    1    7        2172.143443	15	   37	    A+   
     120    7    1    7        7329.083303	161	   14	    A+   
     030    7    1    7        5238.048173	306	   4	    B+   
     020    7    1    7        3724.465977	29	   16	    A+   
     310    7    1    7       12659.145851	503	   1	    C   
     130    7    1    7        8826.255204	296	   4	    B+   
     210    7    1    7        9301.262982	347	   5	    B+   
     100    7    1    7        4222.534403	31	   13	    A+   
     012    7    1    7        9532.069702	410	   2	    B-   
     200    7    1    7        7748.055301	146	   16	    A+   
     032    7    1    7       12531.504167	503	   1	    C   
     110    7    1    7        5793.744041	209	   11	    A+   
     112    7    1    7       12925.328519	421	   4	    B+   
     040    7    1    7        6708.737869	194	   10	    A+   
     102    7    1    7       11393.136604	299	   3	    B-   
     050    7    1    7        8131.315362	503	   1	    C   
     031    7    1    6        9069.832933	289	   5	    B+   
     101    7    1    6        7906.527089	132	   19	    A+   
     301    7    1    6       14449.581639	109	   3	    B-   
     013    7    1    6       13198.546107	211	   7	    A+   
     221    7    1    6       14299.344218	292	   2	    B-   
     211    7    1    6       12794.148025	282	   6	    A+   
     003    7    1    6       11661.480442	256	   6	    A+   
     103    7    1    6       14931.119052	520	   2	    B-   
     111    7    1    6        9468.113927	209	   8	    A+   
     001    7    1    6        4432.098487	29	   16	    A+   
     131    7    1    6       12489.925586	438	   4	    B-   
     121    7    1    6       10996.222566	275	   6	    A+   
     021    7    1    6        7558.395749	53	   28	    A+   
     201    7    1    6       11250.780084	229	   7	    A+   
     011    7    1    6        6011.699195	122	   23	    A+   
     010    7    2    6        2308.906134	20	   36	    A+   
     030    7    2    6        5413.332194	359	   2	    B-   
     230    7    2    6       12467.749356	503	   1	    C   
     210    7    2    6        9432.732202	503	   1	    C   
     300    7    2    6       11241.557010	374	   4	    B-   
     002    7    2    6        8101.231653	176	   11	    A+   
     020    7    2    6        3878.199516	37	   17	    A+   
     400    7    2    6       14445.642846	786	   3	    B-   
     012    7    2    6        9660.885332	503	   1	    C   
     200    7    2    6        7865.889571	132	   18	    A+   
     032    7    2    6       12694.178902	503	   1	    C   
     112    7    2    6       13054.022495	356	   4	    B+   
     100    7    2    6        4342.887748	38	   12	    A+   
     102    7    2    6       11508.577557	319	   4	    B-   
     310    7    2    6       12788.333385	265	   4	    B+   
     000    7    2    6         706.597752	0	   306	    A+   
     130    7    2    6        8998.292280	580	   3	    B-   
     040    7    2    6        6913.573632	241	   8	    A+   
     120    7    2    6        7479.963103	139	   18	    A+   
     110    7    2    6        5928.024305	158	   13	    A+   
     001    7    2    5        4511.572711	28	   16	    A+   
     211    7    2    5       12874.356971	242	   8	    A+   
     031    7    2    5        9164.347239	233	   6	    A+   
     101    7    2    5        7988.014761	116	   28	    A+   
     103    7    2    5       15010.235638	2608	   2	    B-   
     111    7    2    5        9555.448566	321	   6	    A+   
     021    7    2    5        7647.122397	125	   26	    A+   
     131    7    2    5       12582.362137	361	   5	    B-   
     011    7    2    5        6095.712834	119	   22	    A+   
     301    7    2    5       14523.758688	159	   2	    B-   
     013    7    2    5       13283.454361	328	   5	    B+   
     201    7    2    5       11325.953417	234	   6	    A+   
     003    7    2    5       11741.675356	301	   5	    B-   
     121    7    2    5       11082.070817	293	   3	    B-   
     030    7    3    5        5574.521816	285	   4	    B+   
     220    7    3    5       11096.838353	357	   2	    B-   
     020    7    3    5        4016.121744	29	   17	    A+   
     142    7    3    5       17663.105044	1836	   2	    B-   
     310    7    3    5       12898.839487	314	   5	    B+   
     012    7    3    5        9773.441008	359	   2	    B-   
     130    7    3    5        9152.406953	666	   3	    B+   
     400    7    3    5       14545.619165	568	   3	    B-   
     010    7    3    5        2429.135000	19	   38	    A+   
     040    7    3    5        7106.453041	222	   6	    A+   
     100    7    3    5        4446.578860	29	   15	    A+   
     230    7    3    5       12616.629004	1233	   2	    B-   
     102    7    3    5       11607.032893	327	   4	    B-   
     000    7    3    5         812.761619	0	   293	    A+   
     032    7    3    5       12838.097867	503	   1	    C   
     002    7    3    5        8201.275909	145	   16	    A+   
     210    7    3    5        9543.986045	245	   7	    A+   
     300    7    3    5       11341.802096	440	   6	    A+   
     110    7    3    5        6045.304320	157	   11	    A+   
     112    7    3    5       13164.617918	449	   4	    B-   
     200    7    3    5        7965.787281	126	   19	    A+   
     120    7    3    5        7614.262162	159	   14	    A+   
     003    7    3    4       11795.138958	265	   4	    B-   
     011    7    3    4        6157.365371	115	   26	    A+   
     031    7    3    4        9257.480026	265	   5	    B+   
     021    7    3    4        7722.367902	116	   25	    A+   
     201    7    3    4       11380.263567	248	   7	    A+   
     211    7    3    4       12935.037854	210	   8	    A+   
     111    7    3    4        9612.981616	260	   7	    A+   
     301    7    3    4       14577.281965	101	   3	    B-   
     101    7    3    4        8037.793976	119	   22	    A+   
     013    7    3    4       13342.809093	392	   6	    A+   
     103    7    3    4       15065.097921	503	   1	    C   
     221    7    3    4       14457.584912	201	   3	    B+   
     131    7    3    4       12670.840897	557	   3	    B+   
     121    7    3    4       11155.559640	373	   4	    B+   
     001    7    3    4        4569.758567	26	   16	    A+   
     030    7    4    4        5754.495383	261	   4	    B-   
     310    7    4    4       13013.293995	428	   2	    B-   
     100    7    4    4        4550.181888	35	   13	    A+   
     220    7    4    4       11235.546637	503	   1	    C   
     210    7    4    4        9668.548963	717	   3	    B-   
     000    7    4    4         921.895717	0	   264	    A+   
     010    7    4    4        2556.462117	27	   19	    A+   
     120    7    4    4        7760.280374	168	   13	    A+   
     400    7    4    4       14642.235921	1156	   1	    C   
     300    7    4    4       11437.880246	365	   2	    B-   
     002    7    4    4        8298.495842	201	   10	    A+   
     130    7    4    4        9327.968919	503	   1	    C   
     112    7    4    4       13275.781111	449	   2	    B-   
     032    7    4    4       12987.860276	548	   2	    B-   
     110    7    4    4        6171.564077	126	   22	    A+   
     200    7    4    4        8071.528530	128	   17	    A+   
     102    7    4    4       11704.436511	361	   2	    B-   
     012    7    4    4        9886.745946	442	   3	    B-   
     040    7    4    4        7324.518179	223	   6	    A+   
     230    7    4    4       12779.977219	503	   1	    C   
     020    7    4    4        4166.483971	50	   15	    A+   
     001    7    4    3        4644.245201	24	   15	    A+   
     013    7    4    3       13425.361488	368	   4	    B+   
     201    7    4    3       11452.480793	314	   5	    B+   
     003    7    4    3       11861.370235	274	   4	    B-   
     221    7    4    3       14563.036402	1068	   2	    B-   
     131    7    4    3       12811.507774	439	   5	    B-   
     011    7    4    3        6254.956688	119	   26	    A+   
     301    7    4    3       14648.903013	296	   2	    B-   
     121    7    4    3       11269.338122	292	   3	    B-   
     101    7    4    3        8113.250749	117	   26	    A+   
     111    7    4    3        9704.511480	311	   6	    A+   
     031    7    4    3        9405.145457	279	   5	    B+   
     021    7    4    3        7841.030970	129	   22	    A+   
     211    7    4    3       13023.799349	220	   9	    A+   
     310    7    5    3       13145.545610	563	   2	    B-   
     020    7    5    3        4345.100362	218	   7	    A+   
     300    7    5    3       11553.105975	503	   1	    C   
     000    7    5    3        1050.990131	0	   186	    A+   
     100    7    5    3        4679.276464	36	   16	    A+   
     130    7    5    3        9531.694585	739	   3	    B-   
     012    7    5    3       10019.872345	418	   4	    B-   
     120    7    5    3        7932.810576	247	   6	    A+   
     102    7    5    3       11814.807171	503	   1	    C   
     010    7    5    3        2707.921585	21	   22	    A+   
     002    7    5    3        8412.261062	208	   9	    A+   
     200    7    5    3        8190.401987	203	   11	    A+   
     110    7    5    3        6316.398947	192	   10	    A+   
     040    7    5    3        7575.161140	295	   4	    B-   
     112    7    5    3       13404.356291	1124	   2	    B-   
     210    7    5    3        9808.201117	503	   1	    C   
     131    7    5    2       12999.365696	680	   2	    B-   
     013    7    5    2       13534.350000	363	   2	    B-   
     121    7    5    2       11425.474770	503	   1	    C   
     111    7    5    2        9837.296957	295	   5	    B+   
     031    7    5    2        9596.566948	347	   5	    B-   
     101    7    5    2        8225.527067	148	   20	    A+   
     011    7    5    2        6392.174817	122	   21	    A+   
     003    7    5    2       11965.175040	412	   3	    B-   
     021    7    5    2        8003.046989	185	   16	    A+   
     201    7    5    2       11561.544507	422	   4	    B+   
     211    7    5    2       13154.035018	286	   8	    A+   
     001    7    5    2        4760.874422	29	   15	    A+   
     002    7    6    2        8547.229142	532	   4	    B-   
     120    7    6    2        8133.483594	1315	   3	    B+   
     040    7    6    2        7852.586332	425	   2	    B+   
     000    7    6    2        1204.169248	0	   142	    A+   
     110    7    6    2        6488.845014	216	   10	    A+   
     100    7    6    2        4827.013640	57	   9	    A+   
     102    7    6    2       11944.228231	503	   1	    C   
     200    7    6    2        8334.030934	186	   11	    A+   
     210    7    6    2        9974.720531	503	   1	    C   
     310    7    6    2       13311.741769	503	   1	    C   
     112    7    6    2       13569.422269	503	   1	    C   
     010    7    6    2        2885.717117	39	   18	    A+   
     012    7    6    2       10170.646483	503	   1	    C   
     020    7    6    2        4552.195354	34	   13	    A+   
     101    7    6    1        8364.298510	198	   13	    A+   
     301    7    6    1       14862.653137	232	   2	    B-   
     201    7    6    1       11698.715418	944	   3	    B+   
     121    7    6    1       11615.205297	500	   2	    B-   
     111    7    6    1        9997.674399	533	   3	    B-   
     131    7    6    1       13210.798571	503	   1	    C   
     041    7    6    1       11429.850348	503	   1	    C   
     021    7    6    1        8193.650173	221	   13	    A+   
     031    7    6    1        9816.391548	503	   1	    C   
     003    7    6    1       12079.913181	933	   2	    B-   
     001    7    6    1        4903.802912	126	   7	    A+   
     211    7    6    1       13316.679147	1969	   2	    B-   
     011    7    6    1        6557.265857	176	   15	    A+   
     010    7    7    1        3086.188033	46	   6	    A+   
     230    7    7    1       13437.181413	503	   1	    C   
     032    7    7    1       13604.532513	503	   1	    C   
     112    7    7    1       13748.606013	503	   1	    C   
     000    7    7    1        1378.986083	13	   71	    A+   
     120    7    7    1        8357.467030	297	   3	    B+   
     110    7    7    1        6684.307451	315	   6	    A+   
     100    7    7    1        4996.413330	165	   3	    B-   
     002    7    7    1        8699.179431	511	   2	    B-   
     210    7    7    1       10165.509448	503	   1	    C   
     012    7    7    1       10348.700313	503	   1	    C   
     200    7    7    1        8497.857517	271	   8	    A+   
     220    7    7    1       11804.050748	503	   1	    C   
     102    7    7    1       12108.379613	503	   1	    C   
     030    7    7    1        6466.634693	506	   1	    C   
     130    7    7    1       10021.581613	503	   1	    C   
     020    7    7    1        4780.798289	322	   4	    B-   
     040    7    7    1        8147.466293	506	   1	    C   
     101    7    7    0        8524.008785	219	   6	    A+   
     211    7    7    0       13437.107683	503	   1	    C   
     111    7    7    0       10187.363108	424	   2	    B-   
     121    7    7    0       11814.397433	504	   1	    C   
     003    7    7    0       12225.327182	503	   1	    C   
     301    7    7    0       15006.272083	352	   1	    C   
     051    7    7    0       13329.786183	503	   1	    C   
     021    7    7    0        8405.403884	390	   3	    B-   
     031    7    7    0       10055.432882	503	   1	    C   
     041    7    7    0       11696.588783	503	   1	    C   
     001    7    7    0        5067.392032	64	   3	    B+   
     201    7    7    0       11866.147658	366	   3	    B+   
     011    7    7    0        6743.994784	154	   13	    A+   
     040    8    0    8        6860.469708	204	   8	    A+   
     012    8    0    8        9682.910149	357	   2	    B-   
     100    8    0    8        4376.495440	56	   9	    A+   
     300    8    0    8       11274.786387	356	   2	    B-   
     210    8    0    8        9451.139232	503	   1	    C   
     310    8    0    8       12806.377842	503	   1	    C   
     130    8    0    8        8976.509281	480	   3	    B+   
     000    8    0    8         740.912251	0	   214	    A+   
     102    8    0    8       11542.068065	291	   3	    B-   
     002    8    0    8        8136.407734	216	   7	    A+   
     220    8    0    8       10967.537242	503	   1	    C   
     030    8    0    8        5391.662342	364	   2	    B+   
     120    8    0    8        7480.568193	169	   14	    A+   
     020    8    0    8        3879.154260	37	   12	    A+   
     112    8    0    8       13072.942087	815	   2	    B-   
     010    8    0    8        2327.885090	21	   38	    A+   
     110    8    0    8        5946.258413	183	   9	    A+   
     200    8    0    8        7899.159219	162	   16	    A+   
     142    8    0    8       17464.804432	1508	   1	    C   
     230    8    0    8       12446.991842	503	   1	    C   
     013    8    1    8       13224.390027	280	   3	    B+   
     101    8    1    8        7943.947486	200	   15	    A+   
     111    8    1    8        9493.323051	384	   6	    A+   
     121    8    1    8       11009.036013	298	   3	    B-   
     001    8    1    8        4470.751482	38	   12	    A+   
     211    8    1    8       12816.564028	322	   5	    B+   
     221    8    1    8       14310.233542	1207	   1	    C   
     003    8    1    8       11699.439112	666	   4	    B+   
     021    8    1    8        7572.636352	132	   21	    A+   
     103    8    1    8       14967.307321	381	   2	    B-   
     031    8    1    8        9071.532837	252	   6	    A+   
     011    8    1    8        6038.270234	147	   14	    A+   
     201    8    1    8       11286.814574	283	   6	    A+   
     301    8    1    8       14484.313835	51	   3	    B+   
     131    8    1    8       12490.403287	441	   2	    B-   
     000    8    1    7         879.494756	0	   264	    A+   
     112    8    1    7       13218.647752	356	   2	    B-   
     030    8    1    7        5575.612083	363	   2	    B-   
     100    8    1    7        4512.835734	34	   9	    A+   
     102    8    1    7       11673.488550	313	   3	    B-   
     012    8    1    7        9830.175033	750	   2	    B-   
     020    8    1    7        4046.929199	41	   17	    A+   
     130    8    1    7        9158.970314	670	   3	    B-   
     110    8    1    7        6096.895517	250	   6	    A+   
     210    8    1    7        9599.668552	503	   1	    C   
     002    8    1    7        8268.975577	378	   2	    B+   
     300    8    1    7       11406.277796	627	   2	    B-   
     420    8    1    7       17619.034752	1508	   1	    C   
     010    8    1    7        2480.505646	24	   25	    A+   
     400    8    1    7       14610.565152	1056	   1	    C   
     200    8    1    7        8033.415123	151	   16	    A+   
     230    8    1    7       12626.956178	2336	   2	    B-   
     040    8    1    7        7061.540205	293	   3	    B-   
     120    8    1    7        7646.365746	210	   8	    A+   
     201    8    2    7       11418.683513	265	   6	    A+   
     121    8    2    7       11176.629497	338	   4	    B+   
     001    8    2    7        4608.121891	36	   17	    A+   
     301    8    2    7       14613.836556	100	   3	    B+   
     003    8    2    7       11828.096751	300	   3	    B-   
     031    8    2    7        9263.187827	322	   4	    B+   
     101    8    2    7        8078.731706	130	   18	    A+   
     211    8    2    7       12963.268746	255	   7	    A+   
     111    8    2    7        9643.279496	278	   7	    A+   
     013    8    2    7       13368.805453	395	   4	    B+   
     011    8    2    7        6190.808213	136	   21	    A+   
     221    8    2    7       14473.200552	352	   1	    C   
     021    8    2    7        7742.709253	137	   22	    A+   
     210    8    2    6        9704.967756	503	   1	    C   
     012    8    2    6        9937.672456	503	   1	    C   
     100    8    2    6        4612.894232	35	   13	    A+   
     200    8    2    6        8132.102829	170	   13	    A+   
     102    8    2    6       11773.234538	373	   2	    B-   
     010    8    2    6        2586.633480	28	   25	    A+   
     120    8    2    6        7757.032740	213	   10	    A+   
     110    8    2    6        6202.622969	197	   7	    A+   
     000    8    2    6         980.222241	0	   233	    A+   
     300    8    2    6       11505.215487	366	   2	    B-   
     400    8    2    6       14706.390519	754	   1	    C   
     020    8    2    6        4157.860330	31	   10	    A+   
     002    8    2    6        8370.280757	304	   3	    B-   
     310    8    2    6       13056.987532	503	   1	    C   
     040    8    2    6        7185.132576	234	   5	    B-   
     112    8    2    6       13324.494923	390	   3	    B-   
     130    8    2    6        9274.297668	449	   2	    B+   
     030    8    2    6        5691.553437	358	   2	    B-   
     011    8    3    6        6319.602495	115	   24	    A+   
     201    8    3    6       11529.283735	232	   8	    A+   
     211    8    3    6       13087.702451	277	   7	    A+   
     111    8    3    6        9768.639578	257	   7	    A+   
     021    8    3    6        7887.492348	118	   24	    A+   
     301    8    3    6       14723.863727	101	   2	    B-   
     031    8    3    6        9427.757709	351	   5	    B+   
     131    8    3    6       12837.730930	436	   3	    B-   
     003    8    3    6       11943.323919	368	   3	    B-   
     121    8    3    6       11316.692775	455	   2	    B-   
     101    8    3    6        8191.021704	118	   26	    A+   
     013    8    3    6       13494.718419	503	   1	    C   
     001    8    3    6        4723.203927	35	   13	    A+   
     310    8    3    5       13125.655937	349	   3	    B-   
     002    8    3    5        8436.497152	263	   4	    B-   
     200    8    3    5        8197.907152	343	   4	    B+   
     120    8    3    5        7840.377085	214	   6	    A+   
     102    8    3    5       11840.870852	503	   1	    C   
     012    8    3    5       10009.782541	503	   1	    C   
     030    8    3    5        5795.039878	356	   2	    B-   
     100    8    3    5        4679.188761	34	   11	    A+   
     020    8    3    5        4243.311169	38	   13	    A+   
     112    8    3    5       13396.006147	360	   2	    B-   
     010    8    3    5        2661.003951	21	   25	    A+   
     040    8    3    5        7318.788167	263	   5	    B-   
     110    8    3    5        6275.680793	154	   13	    A+   
     000    8    3    5        1047.328537	0	   212	    A+   
     210    8    3    5        9776.259841	503	   1	    C   
     211    8    4    5       13206.580704	348	   5	    B+   
     021    8    4    5        8031.614156	139	   18	    A+   
     003    8    4    5       12044.440698	531	   2	    B+   
     001    8    4    5        4832.134029	34	   12	    A+   
     221    8    4    5       14746.524017	1257	   1	    C   
     131    8    4    5       13001.530415	361	   2	    B-   
     201    8    4    5       11633.284674	231	   7	    A+   
     031    8    4    5        9596.349350	401	   3	    B+   
     013    8    4    5       13612.667517	503	   1	    C   
     121    8    4    5       11457.343067	342	   3	    B-   
     011    8    4    5        6444.458476	124	   21	    A+   
     101    8    4    5        8297.950432	145	   15	    A+   
     301    8    4    5       14827.793617	704	   1	    C   
     111    8    4    5        9890.847050	281	   6	    A+   
     051    8    4    5       12685.253733	369	   2	    B-   
     120    8    4    4        7957.716329	295	   4	    B+   
     110    8    4    4        6369.581383	130	   16	    A+   
     020    8    4    4        4366.717454	56	   9	    A+   
     050    8    4    4        9077.336832	503	   1	    C   
     102    8    4    4       11902.842837	503	   1	    C   
     310    8    4    4       13211.768845	365	   2	    B-   
     000    8    4    4        1126.438975	13	   190	    A+   
     300    8    4    4       11635.808549	384	   3	    B-   
     100    8    4    4        4756.421143	31	   10	    A+   
     010    8    4    4        2758.959938	27	   21	    A+   
     032    8    4    4       13192.644041	1119	   2	    B-   
     200    8    4    4        8270.481350	215	   8	    A+   
     040    8    4    4        7520.639651	261	   4	    B-   
     112    8    4    4       13470.682746	364	   2	    B-   
     002    8    4    4        8502.657109	249	   5	    B+   
     030    8    4    4        5952.742146	529	   2	    B-   
     012    8    4    4       10089.416978	580	   2	    B+   
     031    8    5    4        9791.598631	503	   1	    C   
     101    8    5    4        8415.410565	155	   17	    A+   
     021    8    5    4        8197.627488	133	   19	    A+   
     201    8    5    4       11748.247615	310	   3	    B-   
     211    8    5    4       13342.073089	446	   3	    B+   
     013    8    5    4       13723.634431	503	   1	    C   
     001    8    5    4        4953.936504	39	   16	    A+   
     003    8    5    4       12156.647293	510	   2	    B+   
     121    8    5    4       11616.270601	395	   2	    B-   
     131    8    5    4       13182.620463	504	   1	    C   
     111    8    5    4       10027.785685	308	   4	    B+   
     011    8    5    4        6585.770250	143	   17	    A+   
     102    8    5    3       12002.884674	503	   1	    C   
     020    8    5    3        4540.739236	50	   6	    A+   
     010    8    5    3        2903.886233	24	   17	    A+   
     110    8    5    3        6509.638457	185	   9	    A+   
     100    8    5    3        4872.753151	33	   11	    A+   
     030    8    5    3        6161.274237	515	   2	    B+   
     120    8    5    3        8125.652013	254	   4	    B+   
     002    8    5    3        8606.010562	348	   3	    B+   
     300    8    5    3       11741.534675	503	   1	    C   
     012    8    5    3       10213.812525	503	   1	    C   
     000    8    5    3        1247.205870	13	   157	    A+   
     200    8    5    3        8381.803875	214	   6	    A+   
     040    8    5    3        7770.040473	369	   2	    B-   
     112    8    5    3       13590.590258	1007	   2	    B-   
     031    8    6    3       10010.639848	503	   1	    C   
     121    8    6    3       11807.867448	503	   1	    C   
     111    8    6    3       10187.716277	299	   3	    B-   
     101    8    6    3        8553.808388	297	   16	    A+   
     201    8    6    3       11886.017484	632	   3	    B-   
     011    8    6    3        6751.082428	248	   12	    A+   
     131    8    6    3       13402.328437	362	   2	    B-   
     021    8    6    3        8387.852283	241	   12	    A+   
     001    8    6    3        5097.018705	43	   8	    A+   
     211    8    6    3       13505.618486	402	   2	    B-   
     010    8    6    2        3081.221822	32	   12	    A+   
     000    8    6    2        1399.463146	13	   121	    A+   
     020    8    6    2        4746.962931	219	   6	    A-   
     310    8    6    2       13501.776019	503	   1	    C   
     112    8    6    2       13759.786331	503	   1	    C   
     120    8    6    2        8326.379311	424	   2	    B+   
     002    8    6    2        8740.432029	359	   2	    B+   
     030    8    6    2        6401.619470	503	   1	    C   
     110    8    6    2        6681.636390	863	   4	    B+   
     300    8    6    2       11878.248467	836	   2	    B-   
     102    8    6    2       12130.676670	503	   1	    C   
     200    8    6    2        8524.292446	261	   5	    B+   
     040    8    6    2        8048.383362	680	   2	    B-   
     100    8    6    2        5019.648438	55	   9	    A+   
     111    8    7    2       10380.967933	504	   1	    C   
     211    8    7    2       13628.195348	406	   4	    B-   
     121    8    7    2       12004.926561	464	   3	    B-   
     301    8    7    2       15191.251933	705	   1	    C   
     101    8    7    2        8712.860464	302	   4	    B+   
     003    8    7    2       12414.894633	504	   1	    C   
     011    8    7    2        6938.391333	171	   14	    A+   
     201    8    7    2       12056.201908	361	   2	    B-   
     021    8    7    2        8600.308365	312	   5	    B+   
     013    8    7    2       14032.555433	504	   1	    C   
     031    8    7    2       10250.579033	504	   1	    C   
     001    8    7    2        5261.009691	128	   6	    A+   
     120    8    7    1        8551.223125	298	   3	    B+   
     112    8    7    1       13938.949248	503	   1	    C   
     012    8    7    1       10540.944048	503	   1	    C   
     100    8    7    1        5189.401214	139	   7	    A+   
     020    8    7    1        4977.314570	301	   4	    B-   
     032    8    7    1       13798.708448	503	   1	    C   
     200    8    7    1        8688.293370	542	   5	    B+   
     102    8    7    1       12299.924448	503	   1	    C   
     002    8    7    1        8886.790535	377	   3	    B-   
     000    8    7    1        1574.677833	41	   88	    A+   
     110    8    7    1        6877.819093	288	   5	    B+   
     040    8    7    1        8344.366817	505	   1	    C   
     010    8    7    1        3282.342058	63	   5	    B+   
     201    8    8    1       12202.684093	506	   1	    C   
     031    8    8    1       10499.852593	506	   1	    C   
     211    8    8    1       13865.849193	506	   1	    C   
     041    8    8    1       12154.657893	506	   1	    C   
     101    8    8    1        8901.823328	369	   3	    B-   
     013    8    8    1       14213.593993	506	   1	    C   
     011    8    8    1        7143.925733	225	   9	    A+   
     301    8    8    1       15353.690293	957	   1	    C   
     111    8    8    1       10588.713193	506	   1	    C   
     021    8    8    1        8827.855833	302	   4	    B+   
     051    8    8    1       13792.557093	506	   1	    C   
     001    8    8    1        5442.826322	59	   5	    B+   
     102    8    8    0       12471.768282	503	   1	    C   
     100    8    8    0        5378.265033	58	   5	    B+   
     000    8    8    0        1768.801293	52	   52	    A+   
     200    8    8    0        8874.062991	323	   4	    B+   
     120    8    8    0        8795.795578	367	   2	    B+   
     110    8    8    0        7094.688890	265	   4	    B+   
     030    8    8    0        6940.754733	504	   1	    C   
     032    8    8    0       14045.233483	503	   1	    C   
     010    8    8    0        3502.607521	66	   5	    B+   
     002    8    8    0        9062.533583	503	   1	    C   
     020    8    8    0        5225.513128	508	   1	    C   
     040    8    8    0        8650.431528	508	   1	    C   
     301    9    0    9       14647.389017	131	   2	    B-   
     003    9    0    9       11866.456563	356	   2	    B-   
     011    9    0    9        6209.484895	159	   11	    A+   
     031    9    0    9        9241.041241	274	   4	    B+   
     221    9    0    9       14470.245151	804	   1	    C   
     101    9    0    9        8113.181445	224	   15	    A+   
     103    9    0    9       15130.937002	606	   2	    B-   
     131    9    0    9       12655.745849	567	   2	    B-   
     201    9    0    9       11452.839976	580	   4	    B+   
     021    9    0    9        7742.718013	174	   15	    A+   
     111    9    0    9        9661.219951	264	   5	    B+   
     121    9    0    9       11174.525939	479	   2	    B+   
     001    9    0    9        4643.310115	101	   8	    A+   
     013    9    0    9       13390.274647	600	   3	    B+   
     211    9    0    9       12981.139768	268	   5	    B+   
     200    9    1    9        8067.942308	159	   15	    A+   
     012    9    1    9        9851.582147	504	   1	    C   
     100    9    1    9        4548.481825	41	   4	    B+   
     000    9    1    9         916.293342	13	   168	    A+   
     030    9    1    9        5565.087946	504	   1	    C   
     010    9    1    9        2502.040756	35	   23	    A+   
     130    9    1    9        9146.747246	504	   1	    C   
     110    9    1    9        6117.205211	199	   9	    A+   
     210    9    1    9        9618.801551	503	   1	    C   
     070    9    1    9       11178.657849	357	   2	    B-   
     112    9    1    9       13239.285647	504	   1	    C   
     040    9    1    9        7035.914255	218	   8	    A+   
     022    9    1    9       11365.211251	503	   1	    C   
     310    9    1    9       12970.278846	504	   1	    C   
     120    9    1    9        7650.579805	304	   9	    A+   
     020    9    1    9        4052.527515	33	   11	    A+   
     002    9    1    9        8305.547590	503	   1	    C   
     050    9    1    9        8460.247490	503	   1	    C   
     300    9    1    9       11440.478051	503	   1	    C   
     131    9    1    8       12863.388677	727	   2	    B-   
     121    9    1    8       11362.550446	392	   2	    B-   
     021    9    1    8        7932.425415	128	   19	    A+   
     001    9    1    8        4798.433176	62	   14	    A+   
     013    9    1    8       13553.658456	503	   1	    C   
     011    9    1    8        6381.020193	149	   18	    A+   
     211    9    1    8       13147.985272	273	   6	    A+   
     101    9    1    8        8265.549390	143	   17	    A+   
     201    9    1    8       11603.220768	298	   4	    B-   
     111    9    1    8        9830.052704	414	   5	    B+   
     031    9    1    8        9451.010546	878	   2	    B-   
     301    9    1    8       14794.396737	1006	   1	    C   
     003    9    1    8       12015.035299	421	   3	    B-   
     221    9    1    8       14658.720556	2011	   1	    C   
     012    9    2    8       10020.006537	503	   1	    C   
     100    9    2    8        4705.295819	54	   9	    A+   
     420    9    2    8       17786.194756	1508	   1	    C   
     000    9    2    8        1075.909314	13	   179	    A+   
     300    9    2    8       11590.662137	504	   1	    C   
     002    9    2    8        8456.769133	234	   6	    A+   
     010    9    2    8        2679.533312	35	   23	    A+   
     120    9    2    8        7845.817969	265	   6	    A+   
     200    9    2    8        8221.790001	146	   15	    A+   
     040    9    2    8        7293.226357	258	   4	    B-   
     020    9    2    8        4250.896788	134	   9	    A+   
     030    9    2    8        5788.991539	357	   2	    B-   
     310    9    2    8       13137.816437	503	   1	    C   
     110    9    2    8        6291.754725	184	   8	    A+   
     130    9    2    8        9367.759339	504	   1	    C   
     003    9    2    7       12136.151841	503	   1	    C   
     021    9    2    7        8071.023763	141	   16	    A+   
     111    9    2    7        9961.467082	350	   3	    B+   
     301    9    2    7       14910.642941	804	   1	    C   
     011    9    2    7        6512.522348	137	   18	    A+   
     201    9    2    7       11725.615086	443	   4	    B-   
     101    9    2    7        8387.767889	151	   14	    A+   
     211    9    2    7       13275.283375	376	   3	    B-   
     013    9    2    7       13684.843541	503	   1	    C   
     001    9    2    7        4921.612412	41	   17	    A+   
     131    9    2    7       13010.068579	501	   3	    B-   
     121    9    2    7       11500.758294	512	   2	    B-   
     031    9    2    7        9597.340511	544	   1	    C   
     000    9    3    7        1211.185418	13	   173	    A+   
     300    9    3    7       11717.636941	503	   1	    C   
     100    9    3    7        4838.094893	59	   8	    A+   
     002    9    3    7        8585.632663	366	   6	    A-   
     400    9    3    7       14918.544941	955	   1	    C   
     120    9    3    7        8011.648992	265	   5	    B+   
     040    9    3    7        7511.362238	272	   4	    B-   
     020    9    3    7        4418.472072	53	   7	    A+   
     200    9    3    7        8352.346303	369	   5	    B+   
     110    9    3    7        6439.164516	202	   10	    A+   
     310    9    3    7       13282.461688	167559	   4	    B-   
     010    9    3    7        2829.560780	33	   19	    A+   
     030    9    3    7        5978.498914	503	   1	    C   
     112    9    3    7       13538.144008	823	   2	    B-   
     032    9    3    7       13232.439346	504	   1	    C   
     011    9    3    6        6600.185894	135	   18	    A+   
     003    9    3    6       12221.093537	503	   1	    C   
     013    9    3    6       13773.400837	503	   1	    C   
     201    9    3    6       11800.280840	353	   3	    B-   
     211    9    3    6       13358.426024	406	   3	    B-   
     111    9    3    6       10044.110452	490	   4	    B-   
     101    9    3    6        8478.854890	152	   15	    A+   
     121    9    3    6       11581.588446	1020	   2	    B-   
     021    9    3    6        8158.403464	226	   7	    A+   
     131    9    3    6       13100.485139	509	   3	    B-   
     031    9    3    6        9694.996055	506	   1	    C   
     001    9    3    6        5004.719537	40	   13	    A+   
     120    9    4    6        8170.354695	388	   4	    B+   
     100    9    4    6        4957.345963	46	   9	    A+   
     112    9    4    6       13672.106046	540	   2	    B-   
     032    9    4    6       13409.686139	617	   2	    B-   
     310    9    4    6       13413.641737	503	   1	    C   
     010    9    4    6        2969.721928	65	   17	    A+   
     210    9    4    6       10070.073915	503	   2	    B-   
     200    9    4    6        8460.851035	250	   6	    A+   
     000    9    4    6        1334.479021	13	   143	    A+   
     110    9    4    6        6573.921006	163	   12	    A+   
     002    9    4    6        8702.236176	474	   3	    B-   
     020    9    4    6        4579.858219	240	   6	    A-   
     040    9    4    6        7736.037893	240	   5	    B-   
     150    9    4    6       12807.489937	504	   1	    C   
     211    9    4    5       13437.859243	314	   4	    B-   
     021    9    4    5        8263.929940	201	   8	    A+   
     111    9    4    5       10123.498614	416	   5	    B+   
     101    9    4    5        8533.488581	179	   12	    A+   
     001    9    4    5        5069.456212	53	   13	    A+   
     031    9    4    5        9824.459275	503	   1	    C   
     011    9    4    5        6680.390582	479	   23	    A+   
     013    9    4    5       13847.666775	503	   1	    C   
     201    9    4    5       11867.364912	235	   5	    B-   
     131    9    4    5       13221.355141	503	   1	    C   
     003    9    4    5       12285.310574	503	   1	    C   
     010    9    5    5        3122.969289	28	   14	    A+   
     000    9    5    5        1466.018163	32	   122	    A+   
     020    9    5    5        4759.743424	215	   6	    A-   
     200    9    5    5        8597.282732	212	   8	    A+   
     130    9    5    5        9943.585441	503	   1	    C   
     002    9    5    5        8820.614263	338	   4	    B+   
     110    9    5    5        6725.906398	164	   11	    A+   
     310    9    5    5       13553.487175	503	   1	    C   
     120    9    5    5        8340.690821	327	   4	    B+   
     040    9    5    5        7986.463866	586	   3	    B-   
     112    9    5    5       13806.331452	1674	   2	    B-   
     100    9    5    5        5090.668756	35	   11	    A+   
     050    9    5    5        9591.372376	417	   2	    B+   
     031    9    5    4       10008.902863	504	   1	    C   
     211    9    5    4       13556.728835	505	   5	    B-   
     021    9    5    4        8416.267364	251	   7	    A+   
     131    9    5    4       13401.378939	510	   3	    B-   
     011    9    5    4        6805.991031	126	   23	    A+   
     003    9    5    4       12374.983170	503	   1	    C   
     111    9    5    4       10244.011339	741	   3	    B-   
     201    9    5    4       11962.592870	504	   1	    C   
     001    9    5    4        5174.690424	35	   12	    A+   
     121    9    5    4       11833.311293	504	   1	    C   
     101    9    5    4        8632.175230	163	   14	    A+   
     041    9    5    4       11597.851496	370	   2	    B-   
     110    9    6    4        6898.145665	248	   5	    B+   
     002    9    6    4        8956.953352	360	   2	    B-   
     112    9    6    4       13974.161670	503	   1	    C   
     000    9    6    4        1618.896125	24	   89	    A+   
     020    9    6    4        4967.233424	267	   4	    B-   
     030    9    6    4        6621.206637	503	   1	    C   
     040    9    6    4        8267.786386	445	   2	    B+   
     100    9    6    4        5236.127271	51	   6	    A+   
     120    9    6    4        8542.848616	506	   1	    C   
     200    9    6    4        8737.700103	278	   6	    A+   
     010    9    6    4        3300.786662	46	   9	    A+   
     031    9    6    3       10228.591646	503	   1	    C   
     121    9    6    3       12023.762146	503	   1	    C   
     011    9    6    3        6968.980875	152	   15	    A+   
     001    9    6    3        5314.484869	35	   13	    A+   
     021    9    6    3        8605.981952	512	   3	    B+   
     101    9    6    3        8766.686348	196	   11	    A+   
     131    9    6    3       13617.049274	503	   1	    C   
     111    9    6    3       10401.410244	444	   2	    B-   
     200    9    7    3        8902.112191	670	   3	    B+   
     040    9    7    3        8564.782990	506	   1	    C   
     120    9    7    3        8768.945690	307	   4	    B+   
     000    9    7    3        1794.374561	57	   52	    A+   
     110    9    7    3        7094.922896	284	   4	    B+   
     002    9    7    3        9099.742277	437	   3	    B+   
     010    9    7    3        3502.423508	137	   6	    A+   
     100    9    7    3        5406.043948	51	   3	    B+   
     020    9    7    3        5197.652668	377	   2	    B-   
     031    9    7    2       10469.169761	506	   1	    C   
     011    9    7    2        7156.592850	194	   10	    A+   
     001    9    7    2        5478.428923	173	   5	    B+   
     101    9    7    2        8925.511327	324	   4	    B+   
     021    9    7    2        8818.821619	379	   5	    B+   
     000    9    8    2        1989.351817	52	   49	    A+   
     010    9    8    2        3723.802849	140	   7	    A+   
     200    9    8    2        9089.410565	329	   4	    B+   
     040    9    8    2        8871.930324	523	   1	    C   
     110    9    8    2        7313.212052	392	   2	    B+   
     030    9    8    2        7162.505870	503	   1	    C   
     100    9    8    2        5595.797279	367	   2	    B-   
     020    9    8    2        5447.070333	504	   1	    C   
     002    9    8    2        9282.620780	426	   2	    B-   
     120    9    8    2        9014.488024	523	   1	    C   
     011    9    8    1        7363.188443	161	   12	    A+   
     111    9    8    1       10807.096217	505	   1	    C   
     021    9    8    1        9046.838363	309	   3	    B+   
     001    9    8    1        5661.015897	73	   5	    B+   
     201    9    8    1       12415.971217	505	   1	    C   
     101    9    8    1        9119.785836	238	   5	    B+   
     041    9    8    1       12369.996717	505	   1	    C   
     031    9    8    1       10718.425117	505	   1	    C   
     051    9    8    1       14005.948217	505	   1	    C   
     000    9    9    1        2200.404328	75	   30	    A+   
     020    9    9    1        5709.478463	510	   1	    C   
     100    9    9    1        5803.102428	362	   2	    B-   
     010    9    9    1        3960.908676	71	   5	    B+   
     040    9    9    1        9176.322063	510	   1	    C   
     002    9    9    1        9465.801893	506	   1	    C   
     030    9    9    1        7448.469346	503	   1	    C   
     200    9    9    1        9261.803128	409	   2	    B+   
     120    9    9    1        9317.747493	506	   1	    C   
     201    9    9    0       12583.588028	508	   1	    C   
     001    9    9    0        5858.877233	310	   3	    B-   
     011    9    9    0        7584.672405	299	   6	    A+   
     101    9    9    0        9270.629081	577	   2	    B-   
     030    10    0    10        5754.820380	505	   1	    C   
     200    10    0    10        8254.267354	171	   13	    A+   
     010    10    0    10        2693.956004	45	   12	    A+   
     110    10    0    10        6305.346594	189	   8	    A+   
     300    10    0    10       11623.568180	505	   1	    C   
     100    10    0    10        4738.264380	62	   7	    A+   
     000    10    0    10        1109.786647	31	   132	    A+   
     112    10    0    10       13417.772680	505	   1	    C   
     102    10    0    10       11890.597611	390	   2	    B-   
     120    10    0    10        7837.277020	212	   7	    A+   
     020    10    0    10        4243.169599	48	   9	    A+   
     040    10    0    10        7224.855242	503	   1	    C   
     210    10    0    10        9803.407042	503	   1	    C   
     021    10    1    10        7930.509650	252	   15	    A+   
     013    10    1    10       13573.387670	448	   2	    B+   
     031    10    1    10        9428.184551	377	   3	    B+   
     101    10    1    10        8299.879583	169	   14	    A+   
     211    10    1    10       13163.254792	366	   2	    B+   
     001    10    1    10        4833.837069	53	   6	    A+   
     201    10    1    10       11636.179433	510	   3	    B-   
     121    10    1    10       11358.268111	377	   2	    B-   
     011    10    1    10        6398.480969	186	   10	    A+   
     301    10    1    10       14827.395462	115	   2	    B-   
     111    10    1    10        9845.952306	305	   4	    B+   
     003    10    1    10       12051.190880	505	   1	    C   
     010    10    1    9        2891.359439	41	   12	    A+   
     210    10    1    9        9994.169814	503	   1	    C   
     000    10    1    9        1287.734437	32	   136	    A+   
     040    10    1    9        7496.780786	294	   3	    B-   
     300    10    1    9       11791.043494	504	   1	    C   
     110    10    1    9        6499.598451	323	   5	    B+   
     100    10    1    9        4913.162408	56	   7	    A+   
     200    10    1    9        8425.860364	186	   10	    A+   
     020    10    1    9        4462.477163	51	   5	    B+   
     002    10    1    9        8661.866259	313	   3	    B+   
     030    10    1    9        5998.926070	357	   2	    B-   
     120    10    1    9        8053.339867	260	   5	    B+   
     101    10    2    9        8470.596455	138	   15	    A+   
     121    10    2    9       11568.693104	451	   2	    B-   
     021    10    2    9        8145.943583	191	   11	    A+   
     001    10    2    9        5008.108254	48	   9	    A+   
     131    10    2    9       13072.502694	504	   1	    C   
     111    10    2    9       10035.164177	381	   4	    B+   
     211    10    2    9       13349.597312	479	   3	    B-   
     201    10    2    9       11802.781654	357	   2	    B-   
     011    10    2    9        6591.929882	159	   15	    A+   
     003    10    2    9       12217.442004	531	   2	    B-   
     013    10    2    9       13757.568114	503	   1	    C   
     031    10    2    9        9669.736812	922	   2	    B+   
     301    10    2    9       14992.314114	202	   1	    C   
     100    10    2    8        5056.790882	75	   6	    A+   
     200    10    2    8        8567.885942	251	   5	    B+   
     110    10    2    8        6654.127379	505	   1	    C   
     020    10    2    8        4626.961317	260	   5	    B-   
     000    10    2    8        1433.028447	57	   118	    A+   
     002    10    2    8        8805.612189	1322	   2	    B-   
     010    10    2    8        3047.091811	207	   14	    A+   
     120    10    2    8        8217.112864	306	   4	    B+   
     040    10    2    8        7669.303074	271	   4	    B-   
     310    10    2    8       13493.557442	503	   1	    C   
     001    10    3    8        5156.217067	37	   15	    A+   
     111    10    3    8       10195.944484	334	   3	    B-   
     121    10    3    8       11746.173918	503	   1	    C   
     011    10    3    8        6754.968229	129	   17	    A+   
     101    10    3    8        8616.027439	135	   18	    A+   
     031    10    3    8        9869.539240	492	   2	    B+   
     021    10    3    8        8325.803230	257	   9	    A+   
     013    10    3    8       13911.599818	503	   1	    C   
     201    10    3    8       11946.277894	429	   3	    B-   
     211    10    3    8       13507.272779	505	   1	    C   
     002    10    3    7        8910.211430	528	   2	    B-   
     100    10    3    7        5157.977548	65	   4	    B+   
     020    10    3    7        4735.801577	309	   3	    B-   
     000    10    3    7        1534.367993	28	   116	    A+   
     110    10    3    7        6758.840639	412	   2	    B-   
     010    10    3    7        3151.809155	53	   10	    A+   
     120    10    3    7        8325.978755	290	   4	    B+   
     220    10    3    7       11806.783254	362	   2	    B-   
     040    10    3    7        7803.548353	381	   4	    B-   
     200    10    3    7        8670.525089	342	   3	    B-   
     021    10    4    7        8487.854864	204	   8	    A+   
     001    10    4    7        5284.569064	41	   13	    A+   
     101    10    4    7        8741.964273	186	   15	    A+   
     211    10    4    7       13646.496621	503	   1	    C   
     011    10    4    7        6898.681782	143	   17	    A+   
     111    10    4    7       10337.146493	405	   2	    B-   
     201    10    4    7       12070.543918	381	   2	    B-   
     031    10    4    7       10054.737021	503	   1	    C   
     020    10    4    6        4844.756378	1260	   2	    B-   
     200    10    4    6        8741.935198	315	   4	    B+   
     040    10    4    6        7986.357334	420	   3	    B-   
     002    10    4    6        8985.519448	304	   4	    B-   
     110    10    4    6        6844.308795	273	   4	    B+   
     100    10    4    6        5234.082535	55	   9	    A+   
     010    10    4    6        3241.485896	35	   10	    A+   
     030    10    4    6        6424.701142	503	   1	    C   
     120    10    4    6        8428.900280	348	   3	    B+   
     000    10    4    6        1611.653183	28	   107	    A+   
     011    10    5    6        7045.016448	304	   6	    A+   
     201    10    5    6       12191.035063	504	   1	    C   
     101    10    5    6        8866.101465	256	   8	    A+   
     111    10    5    6       10479.792563	504	   1	    C   
     211    10    5    6       13787.945463	504	   1	    C   
     001    10    5    6        5412.207798	47	   12	    A+   
     021    10    5    6        8656.655501	401	   5	    B+   
     200    10    5    5        8837.885475	256	   4	    B+   
     100    10    5    5        5335.002692	46	   6	    A+   
     040    10    5    5        8230.589038	448	   2	    B-   
     002    10    5    5        9069.643323	367	   2	    B-   
     310    10    5    5       13785.072521	503	   1	    C   
     010    10    5    5        3371.098682	35	   12	    A+   
     110    10    5    5        6970.348515	252	   6	    A+   
     020    10    5    5        5005.855393	259	   4	    B-   
     000    10    5    5        1716.199970	36	   83	    A+   
     120    10    5    5        8584.054883	504	   1	    C   
     001    10    6    5        5555.369243	38	   10	    A+   
     101    10    6    5        9003.854763	471	   5	    B+   
     211    10    6    5       13953.378025	503	   1	    C   
     111    10    6    5       10639.557483	1014	   2	    B-   
     011    10    6    5        7210.371559	168	   12	    A+   
     021    10    6    5        8847.543214	247	   7	    A+   
     131    10    6    5       13854.570325	503	   1	    C   
     020    10    6    4        5209.974363	504	   1	    C   
     100    10    6    4        5476.819878	277	   4	    B-   
     110    10    6    4        7138.618803	498	   2	    B+   
     040    10    6    4        8510.737855	508	   1	    C   
     120    10    6    4        8783.134155	508	   1	    C   
     200    10    6    4        8971.894008	330	   4	    B+   
     010    10    6    4        3544.676299	58	   9	    A+   
     310    10    6    4       14211.049563	504	   1	    C   
     000    10    6    4        1863.019741	32	   62	    A+   
     002    10    6    4        9197.780318	315	   3	    B+   
     011    10    7    4        7398.329554	197	   11	    A+   
     101    10    7    4        9161.944126	286	   4	    B+   
     001    10    7    4        5719.492676	73	   5	    B+   
     201    10    7    4       12454.556716	506	   1	    C   
     021    10    7    4        9060.707766	388	   3	    B+   
     120    10    7    3        9009.396174	430	   2	    B+   
     110    10    7    3        7335.443223	359	   2	    B+   
     010    10    7    3        3746.260740	58	   9	    A+   
     000    10    7    3        2037.961616	55	   45	    A+   
     200    10    7    3        9139.243549	359	   3	    B+   
     040    10    7    3        8808.385323	558	   1	    C   
     021    10    8    3        9288.816690	453	   2	    B+   
     011    10    8    3        7605.850641	165	   11	    A+   
     101    10    8    3        9360.494488	526	   2	    B-   
     001    10    8    3        5902.685251	60	   5	    B+   
     100    10    8    2        5836.689355	508	   1	    C   
     010    10    8    2        3968.610055	76	   2	    B+   
     030    10    8    2        7407.556563	504	   1	    C   
     200    10    8    2        9327.989191	447	   2	    B+   
     120    10    8    2        9256.228391	568	   1	    C   
     040    10    8    2        9116.502991	568	   1	    C   
     000    10    8    2        2233.602490	56	   33	    A+   
     002    10    8    2        9524.937619	403	   3	    B+   
     101    10    9    2        9507.818065	430	   2	    B+   
     011    10    9    2        7828.910846	446	   3	    B+   
     001    10    9    2        6101.809559	396	   2	    B-   
     120    10    9    1        9420.841457	667	   1	    C   
     002    10    9    1        9704.263817	505	   1	    C   
     110    10    9    1        7796.949125	503	   1	    C   
     100    10    9    1        6045.637690	506	   1	    C   
     020    10    9    1        5956.109757	667	   1	    C   
     000    10    9    1        2445.954324	142	   22	    A+   
     200    10    9    1        9502.507357	667	   1	    C   
     010    10    9    1        4207.296323	296	   3	    B-   
     001    10    10    1        6313.408257	667	   1	    C   
     011    10    10    1        8063.798040	366	   2	    B+   
     000    10    10    0        2671.630763	85	   13	    A+   
     010    10    10    0        4458.501126	368	   2	    B-   
     100    10    10    0        6276.375128	508	   1	    C   
     301    11    0    11       15024.303150	65	   2	    B-   
     021    11    0    11        8135.662872	368	   10	    A+   
     211    11    0    11       13362.097267	462	   4	    B+   
     103    11    0    11       15509.109247	554	   1	    C   
     101    11    0    11        8504.321618	179	   9	    A+   
     031    11    0    11        9632.458428	360	   2	    B+   
     111    11    0    11       10048.773980	1076	   2	    B-   
     201    11    0    11       11836.664219	1078	   2	    B-   
     003    11    0    11       12253.067069	435	   2	    B-   
     121    11    0    11       11559.956291	505	   1	    C   
     001    11    0    11        5042.219741	63	   5	    B+   
     013    11    0    11       13773.700247	504	   1	    C   
     011    11    0    11        6605.084251	454	   5	    B+   
     002    11    1    11        8698.017391	505	   1	    C   
     300    11    1    11       11823.778069	1217	   2	    B-   
     110    11    1    11        6511.372881	242	   6	    A+   
     100    11    1    11        4945.919880	69	   5	    B+   
     200    11    1    11        8457.660209	210	   9	    A+   
     010    11    1    11        2903.860642	41	   11	    A+   
     000    11    1    11        1321.459980	47	   95	    A+   
     030    11    1    11        5962.786591	505	   1	    C   
     020    11    1    11        4451.736034	135	   7	    A+   
     040    11    1    11        7433.810046	504	   1	    C   
     120    11    1    11        8042.647503	1191	   4	    B+   
     211    11    1    10       13568.092887	399	   3	    B+   
     201    11    1    10       12022.008170	354	   3	    B+   
     101    11    1    10        8691.864372	176	   12	    A+   
     001    11    1    10        5234.759222	74	   6	    A+   
     111    11    1    10       10260.661382	354	   3	    B+   
     011    11    1    10        6818.880212	155	   12	    A+   
     013    11    1    10       13977.324537	504	   1	    C   
     121    11    1    10       11797.371137	504	   1	    C   
     021    11    1    10        8373.505063	232	   8	    A+   
     020    11    2    10        4697.224085	267	   4	    B-   
     010    11    2    10        3123.505710	44	   11	    A+   
     110    11    2    10        6727.609979	505	   1	    C   
     100    11    2    10        5139.838395	73	   4	    B+   
     002    11    2    10        8886.283180	505	   1	    C   
     040    11    2    10        7749.593886	336	   3	    B-   
     000    11    2    10        1518.787594	28	   90	    A+   
     120    11    2    10        8285.027661	422	   4	    B+   
     200    11    2    10        8646.940552	348	   6	    A+   
     111    11    2    9       10433.505052	574	   2	    B-   
     021    11    2    9        8564.124639	242	   6	    A+   
     211    11    2    9       13740.093757	506	   1	    C   
     201    11    2    9       12176.151947	506	   1	    C   
     001    11    2    9        5398.282349	122	   9	    A+   
     013    11    2    9       14149.429247	506	   1	    C   
     011    11    2    9        6996.280176	151	   14	    A+   
     101    11    2    9        8855.045878	196	   9	    A+   
     310    11    3    9       13727.021402	376	   2	    B-   
     000    11    3    9        1688.286079	42	   86	    A+   
     110    11    3    9        6912.249147	581	   2	    B-   
     002    11    3    9        9046.633290	315	   5	    B+   
     010    11    3    9        3309.744938	56	   10	    A+   
     200    11    3    9        8811.304199	310	   3	    B+   
     100    11    3    9        5306.692716	231	   5	    B-   
     022    11    3    9       12183.659352	378	   2	    B-   
     040    11    3    9        8000.498642	381	   2	    B-   
     120    11    3    9        8477.667299	314	   3	    B+   
     020    11    3    9        4902.088533	303	   4	    B-   
     021    11    3    8        8698.703610	699	   5	    B+   
     211    11    3    8       13862.751393	504	   1	    C   
     101    11    3    8        8981.356587	351	   7	    A+   
     111    11    3    8       10568.798293	504	   1	    C   
     201    11    3    8       12297.400693	504	   1	    C   
     013    11    3    8       14282.666593	504	   1	    C   
     011    11    3    8        7126.081664	182	   11	    A+   
     001    11    3    8        5524.158899	95	   11	    A+   
     040    11    4    8        8238.208091	443	   2	    B-   
     120    11    4    8        8661.919899	507	   1	    C   
     100    11    4    8        5450.132086	381	   3	    B-   
     000    11    4    8        1835.486265	39	   79	    A+   
     010    11    4    8        3472.751239	42	   12	    A+   
     002    11    4    8        9190.276094	523	   2	    B+   
     210    11    4    8       10550.627093	504	   1	    C   
     020    11    4    8        5084.157933	389	   3	    B-   
     110    11    4    8        7069.054465	366	   2	    B-   
     200    11    4    8        8951.663948	465	   3	    B+   
     032    11    4    8       13897.095793	504	   1	    C   
     300    11    4    8       12313.082593	504	   1	    C   
     021    11    4    7        8795.776264	319	   5	    B+   
     011    11    4    7        7212.284332	197	   9	    A+   
     211    11    4    7       13957.189683	504	   1	    C   
     101    11    4    7        9059.742382	513	   4	    B+   
     001    11    4    7        5612.522191	81	   7	    A+   
     120    11    5    7        8844.438425	506	   1	    C   
     002    11    5    7        9320.888118	341	   3	    B+   
     000    11    5    7        1976.296963	36	   64	    A+   
     200    11    5    7        9093.171831	372	   3	    B-   
     110    11    5    7        7232.140003	225	   6	    A+   
     040    11    5    7        8502.010119	546	   2	    B-   
     020    11    5    7        5269.417311	504	   1	    C   
     310    11    5    7       14039.558883	504	   1	    C   
     100    11    5    7        5585.072785	176	   6	    A+   
     010    11    5    7        3633.451095	40	   11	    A+   
     111    11    5    6       10752.155570	504	   1	    C   
     001    11    5    6        5693.654736	51	   8	    A+   
     101    11    5    6        9143.005634	259	   4	    B+   
     021    11    5    6        8929.696896	335	   4	    B+   
     011    11    5    6        7323.012754	156	   13	    A+   
     200    11    6    6        9234.962590	401	   3	    B+   
     010    11    6    6        3811.641353	55	   8	    A+   
     030    11    6    6        7131.489160	278	   6	    A+   
     100    11    6    6        5740.543878	61	   4	    B+   
     002    11    6    6        9459.910970	504	   1	    C   
     000    11    6    6        2129.897511	35	   39	    A+   
     120    11    6    6        9045.884617	507	   1	    C   
     110    11    6    6        7401.910394	372	   3	    B+   
     101    11    6    5        9265.707919	297	   4	    B+   
     001    11    6    5        5822.472446	44	   8	    A+   
     011    11    6    5        7476.977741	255	   7	    A+   
     021    11    6    5        9113.728768	355	   5	    B+   
     100    11    7    5        5909.728041	504	   1	    C   
     010    11    7    5        4013.610139	59	   7	    A+   
     110    11    7    5        7599.132246	359	   3	    B+   
     120    11    7    5        9272.940517	513	   2	    B+   
     000    11    7    5        2305.195755	70	   34	    A+   
     200    11    7    5        9399.290893	507	   1	    C   
     011    11    7    4        7663.525554	184	   11	    A+   
     001    11    7    4        5984.240738	74	   5	    B+   
     101    11    7    4        9421.609907	1229	   2	    B+   
     021    11    7    4        9325.800244	612	   1	    C   
     000    11    8    4        2501.339722	243	   15	    A+   
     120    11    8    4        9520.689144	612	   1	    C   
     030    11    8    4        7675.570770	504	   1	    C   
     110    11    8    4        7819.922070	504	   1	    C   
     002    11    8    4        9789.671116	506	   1	    C   
     100    11    8    4        6100.720416	506	   1	    C   
     200    11    8    4        9589.607844	612	   1	    C   
     010    11    8    4        4236.766123	72	   5	    B+   
     021    11    8    3        9553.440691	759	   1	    C   
     101    11    8    3        9623.931541	504	   1	    C   
     001    11    8    3        6167.629241	504	   1	    C   
     011    11    8    3        7871.658008	313	   4	    B+   
     010    11    9    3        4476.930723	558	   1	    C   
     000    11    9    3        2714.862191	264	   16	    A+   
     200    11    9    3        9765.750491	759	   1	    C   
     001    11    9    2        6367.864016	506	   1	    C   
     011    11    9    2        8096.173903	592	   2	    B+   
     101    11    9    2        9768.164824	1016	   1	    C   
     100    11    10    2        6545.941524	523	   1	    C   
     010    11    10    2        4730.216524	523	   1	    C   
     000    11    10    2        2942.312257	438	   6	    A+   
     011    11    10    1        8333.167790	506	   1	    C   
     000    11    11    1        3180.404807	433	   4	    B+   
     011    11    11    0        8579.057724	523	   1	    C   
     001    11    11    0        6804.801507	663	   1	    C   
     020    12    0    12        4677.836987	68	   3	    B+   
     300    12    0    12       12041.097380	505	   1	    C   
     100    12    0    12        5171.611118	98	   3	    B+   
     200    12    0    12        8678.909758	551	   3	    B+   
     120    12    0    12        8264.674079	294	   4	    B+   
     002    12    0    12        8920.568680	505	   1	    C   
     010    12    0    12        3131.574610	65	   6	    A+   
     040    12    0    12        7658.629480	505	   1	    C   
     000    12    0    12        1551.201891	49	   74	    A+   
     013    12    1    12       13989.884680	505	   1	    C   
     201    12    1    12       12054.289161	521	   3	    B+   
     101    12    1    12        8725.984380	294	   8	    A+   
     011    12    1    12        6829.277526	368	   5	    B+   
     111    12    1    12       10268.008451	371	   2	    B-   
     211    12    1    12       13577.775609	494	   3	    B+   
     021    12    1    12        8358.220620	228	   6	    A+   
     001    12    1    12        5268.415681	380	   4	    B+   
     031    12    1    12        9853.917694	508	   1	    C   
     121    12    1    12       11778.154180	505	   1	    C   
     010    12    1    11        3372.135190	52	   7	    A+   
     110    12    1    11        6971.198057	506	   1	    C   
     100    12    1    11        5383.522526	645	   2	    B-   
     000    12    1    11        1767.224903	54	   60	    A+   
     020    12    1    11        4946.534978	268	   4	    B-   
     040    12    1    11        7998.919944	378	   2	    B-   
     120    12    1    11        8527.984476	361	   2	    B-   
     200    12    1    11        8885.952761	425	   2	    B+   
     002    12    1    11        9126.737391	505	   1	    C   
     201    12    2    11       12257.450196	508	   1	    C   
     001    12    2    11        5479.423908	71	   5	    B+   
     111    12    2    11       10499.158095	563	   2	    B-   
     101    12    2    11        8933.119982	264	   4	    B+   
     031    12    2    11       10147.653295	507	   1	    C   
     011    12    2    11        7064.003340	231	   9	    A+   
     021    12    2    11        8620.028752	341	   6	    A+   
     211    12    2    11       13804.238045	532	   2	    B-   
     040    12    2    10        8229.741247	376	   2	    B-   
     000    12    2    10        1952.677857	54	   52	    A+   
     110    12    2    10        7170.250979	505	   1	    C   
     120    12    2    10        8742.815173	506	   1	    C   
     030    12    2    10        6717.135080	505	   1	    C   
     020    12    2    10        5162.858674	389	   3	    B-   
     010    12    2    10        3573.675152	57	   6	    A+   
     200    12    2    10        9068.252179	509	   1	    C   
     100    12    2    10        5566.233446	321	   3	    B+   
     101    12    3    10        9112.988535	322	   5	    B+   
     201    12    3    10       12431.875879	505	   1	    C   
     011    12    3    10        7264.801454	180	   11	    A+   
     001    12    3    10        5662.670137	76	   8	    A+   
     211    12    3    10       13998.788101	313	   3	    B-   
     021    12    3    10        8839.651953	285	   5	    B+   
     111    12    3    10       10696.425979	505	   1	    C   
     000    12    3    9        2099.562579	78	   40	    A+   
     100    12    3    9        5712.379194	504	   1	    C   
     200    12    3    9        9213.358903	688	   2	    B+   
     040    12    3    9        8389.248196	508	   1	    C   
     010    12    3    9        3725.965380	63	   5	    B+   
     111    12    4    9       10865.586565	504	   1	    C   
     101    12    4    9        9267.189078	293	   4	    B+   
     011    12    4    9        7436.918996	200	   9	    A+   
     001    12    4    9        5819.935739	75	   5	    B+   
     021    12    4    9        9028.561902	414	   3	    B+   
     040    12    4    8        8554.743873	506	   1	    C   
     120    12    4    8        9005.528014	507	   1	    C   
     020    12    4    8        5431.515699	507	   1	    C   
     000    12    4    8        2200.437697	77	   35	    A+   
     010    12    4    8        3831.114540	239	   5	    B-   
     101    12    5    8        9406.045896	305	   3	    B+   
     011    12    5    8        7596.109615	202	   8	    A+   
     001    12    5    8        5961.762188	69	   6	    A+   
     111    12    5    8       11021.889863	504	   1	    C   
     021    12    5    8        9208.254014	507	   1	    C   
     000    12    5    7        2293.009599	64	   30	    A+   
     010    12    5    7        3943.497968	63	   5	    B+   
     110    12    5    7        7534.707765	504	   1	    C   
     120    12    5    7        9142.599180	515	   1	    C   
     040    12    5    7        8785.355026	511	   1	    C   
     100    12    5    7        5903.003165	504	   1	    C   
     011    12    6    7        7763.767327	206	   7	    A+   
     101    12    6    7        9547.986546	595	   3	    B+   
     001    12    6    7        6108.126702	61	   6	    A+   
     010    12    6    6        4105.044187	235	   5	    B-   
     040    12    6    6        9065.733379	505	   1	    C   
     000    12    6    6        2425.123425	60	   25	    A+   
     120    12    6    6        9335.360652	511	   1	    C   
     110    12    6    6        7691.111471	448	   2	    B+   
     100    12    6    6        6030.918163	504	   1	    C   
     001    12    7    6        6271.961857	304	   3	    B-   
     011    12    7    6        7951.660062	256	   4	    B+   
     101    12    7    6        9705.458155	508	   1	    C   
     200    12    7    5        9683.278856	577	   1	    C   
     100    12    7    5        6196.726411	504	   1	    C   
     010    12    7    5        4304.500286	268	   4	    B+   
     000    12    7    5        2596.337717	65	   21	    A+   
     001    12    8    5        6455.612616	381	   2	    B-   
     011    12    8    5        8160.346288	762	   2	    B-   
     010    12    8    4        4528.016412	341	   2	    B+   
     000    12    8    4        2792.355993	62	   11	    A+   
     030    12    8    4        7966.198963	504	   1	    C   
     200    12    8    4        9874.088593	566	   1	    C   
     100    12    8    4        6387.694455	508	   1	    C   
     011    12    9    4        8386.138723	423	   2	    B+   
     000    12    9    3        3006.854644	349	   6	    A+   
     030    12    10    2        8633.078391	568	   1	    C   
     010    12    10    2        5024.774091	568	   1	    C   
     000    12    10    2        3235.960991	568	   3	    B+   
     011    12    11    2        8873.691691	568	   1	    C   
     201    13    0    13       12288.954814	401	   3	    B+   
     021    13    0    13        8598.563610	308	   6	    A+   
     111    13    0    13       10505.267779	1546	   2	    B-   
     011    13    0    13        7071.035057	342	   7	    A+   
     001    13    0    13        5512.351419	82	   3	    B+   
     101    13    0    13        8965.188907	210	   10	    A+   
     211    13    0    13       13810.275766	510	   1	    C   
     040    13    1    13        7902.115491	505	   1	    C   
     002    13    1    13        9160.557591	505	   1	    C   
     000    13    1    13        1798.965621	86	   47	    A+   
     120    13    1    13        8500.426931	379	   2	    B-   
     020    13    1    13        4921.594099	84	   3	    B+   
     110    13    1    13        6974.533891	505	   1	    C   
     100    13    1    13        5414.058266	98	   1	    C   
     010    13    1    13        3377.098694	76	   5	    B+   
     200    13    1    13        8917.387314	298	   4	    B+   
     101    13    1    12        9190.074684	252	   5	    B+   
     011    13    1    12        7326.346417	239	   7	    A+   
     111    13    1    12       10755.806802	506	   1	    C   
     201    13    1    12       12509.907803	506	   1	    C   
     001    13    1    12        5741.588371	105	   3	    B+   
     211    13    1    12       14057.073261	511	   1	    C   
     021    13    1    12        8883.476583	276	   4	    B+   
     100    13    2    12        5644.443017	363	   2	    B-   
     040    13    2    12        8279.994802	506	   1	    C   
     020    13    2    12        5215.100903	506	   1	    C   
     000    13    2    12        2033.817696	71	   38	    A+   
     200    13    2    12        9143.473932	371	   2	    B-   
     002    13    2    12        9384.622121	510	   1	    C   
     120    13    2    12        8786.635467	525	   2	    B-   
     010    13    2    12        3639.116895	64	   9	    A+   
     011    13    2    11        7545.172784	218	   7	    A+   
     101    13    2    11        9386.764056	528	   2	    B-   
     001    13    2    11        5941.943602	74	   5	    B+   
     021    13    2    11        9121.248355	565	   1	    C   
     211    13    2    11       14271.011757	506	   1	    C   
     100    13    3    11        5845.921391	505	   1	    C   
     200    13    3    11        9341.589668	509	   1	    C   
     120    13    3    11        9028.760355	565	   1	    C   
     020    13    3    11        5461.061557	506	   1	    C   
     010    13    3    11        3863.999892	223	   5	    B+   
     000    13    3    11        2239.029673	59	   36	    A+   
     101    13    3    10        9557.977939	367	   2	    B-   
     001    13    3    10        6110.193563	92	   4	    B+   
     011    13    3    10        7722.283876	330	   4	    B+   
     002    13    4    10        9747.766199	507	   1	    C   
     000    13    4    10        2416.783026	90	   25	    A+   
     010    13    4    10        4057.666572	91	   5	    B+   
     200    13    4    10        9512.792391	1122	   2	    B+   
     100    13    4    10        6021.141403	506	   1	    C   
     011    13    4    9        7850.560520	298	   4	    B+   
     001    13    4    9        6235.152948	300	   3	    B-   
     101    13    4    9        9683.984832	363	   2	    B-   
     200    13    5    9        9659.435597	527	   2	    B+   
     000    13    5    9        2575.971414	65	   19	    A+   
     010    13    5    9        4234.417042	302	   3	    B-   
     110    13    5    9        7815.638297	509	   1	    C   
     100    13    5    9        6176.663257	506	   1	    C   
     011    13    5    8        7947.171732	259	   5	    B+   
     001    13    5    8        6316.400389	374	   2	    B-   
     010    13    6    8        4416.215893	329	   3	    B-   
     000    13    6    8        2734.896280	113	   15	    A+   
     110    13    6    8        7998.490102	506	   1	    C   
     100    13    6    8        6341.564339	540	   2	    B-   
     030    13    6    8        7733.066241	360	   2	    B+   
     001    13    6    7        6431.288496	475	   3	    B-   
     011    13    6    7        8083.304925	506	   1	    C   
     101    13    6    7        9863.717325	506	   1	    C   
     100    13    7    7        6506.206625	506	   1	    C   
     010    13    7    7        4618.065725	506	   1	    C   
     000    13    7    7        2910.039352	91	   9	    A+   
     200    13    7    7        9988.014552	569	   1	    C   
     001    13    7    6        6584.445058	397	   2	    B-   
     011    13    7    6        8263.670464	1092	   3	    B+   
     000    13    8    6        3106.372756	283	   6	    A+   
     100    13    8    6        6697.339217	507	   1	    C   
     010    13    8    6        4842.071117	507	   1	    C   
     011    13    8    5        8471.717611	371	   2	    B-   
     001    13    8    5        6766.543425	506	   1	    C   
     000    13    9    5        3321.644093	259	   3	    B+   
     011    13    9    4        8698.487917	507	   1	    C   
     011    13    10    3        8939.294393	507	   1	    C   
     040    14    0    14        8162.465621	510	   1	    C   
     120    14    0    14        8756.577982	427	   2	    B-   
     010    14    0    14        3640.342569	95	   4	    B+   
     000    14    0    14        2064.671466	85	   38	    A+   
     200    14    0    14        9173.110821	510	   1	    C   
     101    14    1    14        9221.685480	569	   3	    B+   
     021    14    1    14        8852.494902	512	   1	    C   
     111    14    1    14       10759.321821	510	   1	    C   
     201    14    1    14       12540.609521	510	   1	    C   
     011    14    1    14        7328.089261	382	   2	    B-   
     001    14    1    14        5774.028794	92	   4	    B+   
     000    14    1    13        2318.113761	89	   28	    A+   
     200    14    1    13        9417.106866	513	   1	    C   
     010    14    1    13        3923.448505	87	   5	    B+   
     021    14    2    13        9164.024254	513	   1	    C   
     001    14    2    13        6021.375677	87	   5	    B+   
     011    14    2    13        7606.161203	274	   5	    B+   
     101    14    2    13        9464.424866	513	   1	    C   
     010    14    2    12        4166.613967	327	   3	    B-   
     000    14    2    12        2540.670355	258	   17	    A+   
     110    14    2    12        7752.456121	510	   1	    C   
     120    14    2    12        9332.237445	512	   1	    C   
     100    14    2    12        6143.507321	510	   1	    C   
     040    14    2    12        8862.827882	1047	   2	    B-   
     030    14    2    12        7332.751404	326	   3	    B+   
     001    14    3    12        6239.632669	326	   3	    B-   
     011    14    3    12        7845.140284	328	   3	    B+   
     021    14    3    12        9424.638745	512	   1	    C   
     100    14    3    11        6330.205296	508	   1	    C   
     010    14    3    11        4366.876095	384	   3	    B-   
     000    14    3    11        2729.768298	85	   14	    A+   
     110    14    3    11        7951.474396	508	   1	    C   
     011    14    4    11        8051.137961	368	   2	    B+   
     001    14    4    11        6429.751654	376	   3	    B-   
     000    14    4    10        2873.322868	77	   8	    A+   
     010    14    4    10        4511.337714	507	   1	    C   
     011    14    5    10        8232.221394	386	   2	    B+   
     001    14    5    10        6595.317294	359	   2	    B-   
     100    14    5    9        6575.139026	511	   1	    C   
     010    14    5    9        4623.232826	511	   1	    C   
     000    14    5    9        2976.089702	367	   5	    B+   
     011    14    6    9        8407.796897	480	   3	    B+   
     001    14    6    9        6751.325653	730	   2	    B-   
     010    14    6    8        4764.794514	507	   1	    C   
     100    14    6    8        6685.814014	507	   1	    C   
     000    14    6    8        3089.898697	440	   5	    B+   
     011    14    7    8        8596.405494	505	   2	    B-   
     000    14    7    7        3249.631080	276	   3	    B+   
     100    14    7    7        6840.652780	515	   1	    C   
     011    14    8    7        8805.285380	515	   1	    C   
     000    14    8    6        3443.423752	267	   3	    B+   
     000    14    9    5        3658.978156	379	   2	    B-   
     011    14    10    5        9275.322956	577	   1	    C   
     000    14    10    4        3890.871593	361	   2	    B-   
     111    15    0    15       11030.361866	510	   1	    C   
     021    15    0    15        9129.118161	530	   1	    C   
     001    15    0    15        6053.095123	164	   3	    B+   
     101    15    0    15        9495.417114	372	   2	    B-   
     011    15    0    15        7606.467514	426	   2	    B-   
     010    15    1    15        3921.246345	144	   3	    B+   
     100    15    1    15        5952.814961	530	   1	    C   
     000    15    1    15        2348.245702	95	   18	    A+   
     040    15    1    15        8441.051866	510	   1	    C   
     120    15    1    15        9029.992461	530	   1	    C   
     001    15    1    14        6318.432861	511	   1	    C   
     011    15    1    14        7902.658750	458	   2	    B+   
     000    15    2    14        2620.215054	100	   11	    A+   
     010    15    2    14        4225.557152	101	   4	    B+   
     011    15    2    13        8159.661961	461	   2	    B+   
     001    15    2    13        6553.132961	476	   2	    B-   
     021    15    2    13        9740.201699	515	   1	    C   
     010    15    3    13        4489.189955	565	   1	    C   
     100    15    3    13        6456.457166	510	   1	    C   
     000    15    3    13        2860.907745	97	   9	    A+   
     011    15    3    12        8380.514380	397	   2	    B+   
     001    15    3    12        6759.113580	393	   2	    B-   
     110    15    4    12        8291.148361	511	   1	    C   
     000    15    4    12        3071.926966	102	   7	    A+   
     010    15    4    12        4717.473798	510	   1	    C   
     001    15    4    11        6928.031668	509	   1	    C   
     011    15    4    11        8554.243311	436	   2	    B+   
     030    15    5    11        8176.409066	510	   1	    C   
     110    15    5    11        8489.088355	565	   1	    C   
     001    15    5    10        7051.646603	623	   1	    C   
     011    15    5    10        8688.921398	510	   1	    C   
     000    15    6    10        3429.037553	262	   4	    B+   
     110    15    6    10        8665.238398	510	   1	    C   
     011    15    6    9        8792.072661	482	   2	    B-   
     000    15    7    9        3606.635797	506	   1	    C   
     011    15    7    8        8957.207050	520	   2	    B-   
     000    15    8    8        3802.548980	373	   2	    B-   
     011    15    8    7        9161.486997	668	   1	    C   
     000    15    9    7        4018.529252	367	   2	    B-   
     011    15    9    6        9389.077880	573	   1	    C   
     000    15    10    6        4251.491756	454	   2	    B-   
     000    15    11    5        4497.859593	440	   2	    B-   
     010    16    0    16        4219.740532	107	   1	    C   
     120    16    0    16        9320.235802	876	   1	    C   
     000    16    0    16        2649.602961	168	   11	    A+   
     021    16    1    16        9420.696802	876	   1	    C   
     001    16    1    16        6349.803502	107	   1	    C   
     101    16    1    16        9786.304602	512	   2	    B-   
     010    16    1    15        4545.148827	2726	   2	    B-   
     011    16    2    15        8217.181454	513	   1	    C   
     001    16    2    15        6633.141854	513	   1	    C   
     010    16    2    14        4827.494645	512	   1	    C   
     000    16    2    14        3197.974899	109	   3	    B+   
     011    16    3    14        8494.556024	366	   2	    B+   
     010    16    3    13        5069.853566	513	   1	    C   
     011    16    4    13        8735.558854	513	   1	    C   
     001    16    4    13        7109.258366	513	   1	    C   
     011    16    5    12        8945.534045	512	   1	    C   
     011    16    6    11        9136.617466	513	   1	    C   
     000    16    7    9        3999.850453	363	   2	    B-   
     000    16    9    7        4400.174280	450	   2	    B-   
     000    16    10    6        4633.794552	445	   2	    B-   
     000    16    11    5        4881.748456	519	   2	    B-   
     000    16    12    4        5140.549493	507	   2	    B-   
     000    17    1    17        2968.658502	717	   4	    B+   
     010    17    1    17        4535.743861	172	   2	    B-   
     011    17    2    15        8843.603061	530	   1	    C   
     000    17    8    10        4587.515653	442	   1	    C   
     000    17    10    8        5037.436980	515	   2	    B-   
     000    17    11    7        5286.731452	511	   2	    B-   
     000    17    12    6        5547.635656	577	   2	    B-   
     000    17    13    5        5817.004693	566	   2	    B-   
     101    18    1    18       10419.188802	876	   1	    C   
     000    18    11    7        5712.474580	573	   1	    C   
     000    18    12    6        5975.216152	569	   1	    C   
     000    18    13    5        6247.171656	629	   1	    C   
     000    18    14    4        6525.385793	619	   1	    C   
     000    18    14    4        6525.385793	619	   1	    C   
