    628.432 0.003000   3.000e-03   44 0 1 1 0 1 e 45 0 0 0 0 1 e 80ReFlGo.1          
    629.110 0.003000   3.000e-03   43 0 1 1 0 1 e 44 0 0 0 0 1 e 80ReFlGo.2          
    629.787 0.003000   3.459e-03   42 0 1 1 0 1 e 43 0 0 0 0 1 e 80ReFlGo.3          
    630.462 0.003000   3.000e-03   41 0 1 1 0 1 e 42 0 0 0 0 1 e 80ReFlGo.4          
    631.141 0.003000   3.000e-03   40 0 1 1 0 1 e 41 0 0 0 0 1 e 80ReFlGo.5          
    631.820 0.003000   3.000e-03   39 0 1 1 0 1 e 40 0 0 0 0 1 e 80ReFlGo.6          
    632.502 0.003000   4.498e-03   38 0 1 1 0 1 e 39 0 0 0 0 1 e 80ReFlGo.7          
    633.180 0.003000   3.000e-03   37 0 1 1 0 1 e 38 0 0 0 0 1 e 80ReFlGo.8          
    633.857 0.003000   3.084e-03   36 0 1 1 0 1 e 37 0 0 0 0 1 e 80ReFlGo.9          
    634.547 0.003000   3.549e-03   35 0 1 1 0 1 e 36 0 0 0 0 1 e 80ReFlGo.10         
    635.227 0.003000   3.000e-03   34 0 1 1 0 1 e 35 0 0 0 0 1 e 80ReFlGo.11         
    635.910 0.003000   3.000e-03   33 0 1 1 0 1 e 34 0 0 0 0 1 e 80ReFlGo.12         
    636.598 0.003000   3.000e-03   32 0 1 1 0 1 e 33 0 0 0 0 1 e 80ReFlGo.13         
    637.286 0.003000   3.878e-03   31 0 1 1 0 1 e 32 0 0 0 0 1 e 80ReFlGo.14         
    637.968 0.003000   3.000e-03   30 0 1 1 0 1 e 31 0 0 0 0 1 e 80ReFlGo.15         
    638.661 0.003000   3.934e-03   29 0 1 1 0 1 e 30 0 0 0 0 1 e 80ReFlGo.16         
    639.347 0.003000   3.000e-03   28 0 1 1 0 1 e 29 0 0 0 0 1 e 80ReFlGo.17         
    640.039 0.003000   3.444e-03   27 0 1 1 0 1 e 28 0 0 0 0 1 e 80ReFlGo.18         
    640.733 0.003000   7.826e-03   26 0 1 1 0 1 e 27 0 0 0 0 1 e 80ReFlGo.19         
    641.419 0.003000   3.000e-03   25 0 1 1 0 1 e 26 0 0 0 0 1 e 80ReFlGo.20         
    642.113 0.003000   3.838e-03   24 0 1 1 0 1 e 25 0 0 0 0 1 e 80ReFlGo.21         
    642.808 0.003000   5.103e-03   23 0 1 1 0 1 e 24 0 0 0 0 1 e 80ReFlGo.22         
    643.499 0.003000   3.000e-03   22 0 1 1 0 1 e 23 0 0 0 0 1 e 80ReFlGo.23         
    644.196 0.003000   3.908e-03   21 0 1 1 0 1 e 22 0 0 0 0 1 e 80ReFlGo.24         
    644.894 0.003000   5.645e-03   20 0 1 1 0 1 e 21 0 0 0 0 1 e 80ReFlGo.25         
    645.588 0.003000   3.343e-03   19 0 1 1 0 1 e 20 0 0 0 0 1 e 80ReFlGo.26         
    646.287 0.003000   4.283e-03   18 0 1 1 0 1 e 19 0 0 0 0 1 e 80ReFlGo.27         
    646.986 0.003000   5.399e-03   17 0 1 1 0 1 e 18 0 0 0 0 1 e 80ReFlGo.28         
    647.687 0.003000   6.519e-03   16 0 1 1 0 1 e 17 0 0 0 0 1 e 80ReFlGo.29         
    648.384 0.003000   3.760e-03   15 0 1 1 0 1 e 16 0 0 0 0 1 e 80ReFlGo.30         
    649.083 0.003000   3.000e-03   14 0 1 1 0 1 e 15 0 0 0 0 1 e 80ReFlGo.31         
    649.783 0.003000   3.000e-03   13 0 1 1 0 1 e 14 0 0 0 0 1 e 80ReFlGo.32         
    650.489 0.003000   3.000e-03   12 0 1 1 0 1 e 13 0 0 0 0 1 e 80ReFlGo.33         
    651.197 0.003000   7.239e-03   11 0 1 1 0 1 e 12 0 0 0 0 1 e 80ReFlGo.34         
    651.898 0.003000   3.331e-03   10 0 1 1 0 1 e 11 0 0 0 0 1 e 80ReFlGo.35         
    652.596 0.003000   3.806e-03   9 0 1 1 0 1 e  10 0 0 0 0 1 e 80ReFlGo.36         
    653.311 0.003000   5.007e-03   8 0 1 1 0 1 e  9 0 0 0 0 1 e  80ReFlGo.37         
    654.027 0.003000   1.388e-02   7 0 1 1 0 1 e  8 0 0 0 0 1 e  80ReFlGo.38         
    655.431 0.003000   3.000e-03   5 0 1 1 0 1 e  6 0 0 0 0 1 e  80ReFlGo.40         
    656.144 0.003000   4.427e-03   4 0 1 1 0 1 e  5 0 0 0 0 1 e  80ReFlGo.41         
    656.861 0.003000   9.688e-03   3 0 1 1 0 1 e  4 0 0 0 0 1 e  80ReFlGo.42         
    657.569 0.003000   8.243e-03   2 0 1 1 0 1 e  3 0 0 0 0 1 e  80ReFlGo.43         
    658.282 0.003000   8.444e-03   1 0 1 1 0 1 e  2 0 0 0 0 1 e  80ReFlGo.44         
    663.286 0.003000   3.000e-03   5 0 1 1 0 1 e  4 0 0 0 0 1 e  80ReFlGo.45         
    664.002 0.003000   3.000e-03   6 0 1 1 0 1 e  5 0 0 0 0 1 e  80ReFlGo.46         
    666.164 0.003000   3.000e-03   9 0 1 1 0 1 e  8 0 0 0 0 1 e  80ReFlGo.47         
    666.889 0.003000   4.240e-03   10 0 1 1 0 1 e 9 0 0 0 0 1 e  80ReFlGo.48         
    667.609 0.003000   3.000e-03   11 0 1 1 0 1 e 10 0 0 0 0 1 e 80ReFlGo.49         
    668.335 0.003000   3.413e-03   12 0 1 1 0 1 e 11 0 0 0 0 1 e 80ReFlGo.50         
    669.056 0.003000   3.000e-03   13 0 1 1 0 1 e 12 0 0 0 0 1 e 80ReFlGo.51         
    669.786 0.003000   4.988e-03   14 0 1 1 0 1 e 13 0 0 0 0 1 e 80ReFlGo.52         
    670.512 0.003000   5.436e-03   15 0 1 1 0 1 e 14 0 0 0 0 1 e 80ReFlGo.53         
    671.236 0.003000   3.000e-03   16 0 1 1 0 1 e 15 0 0 0 0 1 e 80ReFlGo.54         
    671.964 0.003000   3.000e-03   17 0 1 1 0 1 e 16 0 0 0 0 1 e 80ReFlGo.55         
    672.696 0.003000   6.039e-03   18 0 1 1 0 1 e 17 0 0 0 0 1 e 80ReFlGo.56         
    673.421 0.003000   3.000e-03   19 0 1 1 0 1 e 18 0 0 0 0 1 e 80ReFlGo.57         
    674.153 0.003000   3.997e-03   20 0 1 1 0 1 e 19 0 0 0 0 1 e 80ReFlGo.58         
    674.884 0.003000   4.685e-03   21 0 1 1 0 1 e 20 0 0 0 0 1 e 80ReFlGo.59         
    675.614 0.003000   3.586e-03   22 0 1 1 0 1 e 21 0 0 0 0 1 e 80ReFlGo.60         
    676.354 0.003000   1.120e-02   23 0 1 1 0 1 e 22 0 0 0 0 1 e 80ReFlGo.61         
    677.083 0.003000   7.651e-03   24 0 1 1 0 1 e 23 0 0 0 0 1 e 80ReFlGo.62         
    677.808 0.003000   3.000e-03   25 0 1 1 0 1 e 24 0 0 0 0 1 e 80ReFlGo.63         
    678.552 0.003000   8.719e-03   26 0 1 1 0 1 e 25 0 0 0 0 1 e 80ReFlGo.64         
    679.283 0.003000   3.590e-03   27 0 1 1 0 1 e 26 0 0 0 0 1 e 80ReFlGo.65         
    680.026 0.003000   1.150e-02   28 0 1 1 0 1 e 27 0 0 0 0 1 e 80ReFlGo.66         
    680.759 0.003000   6.977e-03   29 0 1 1 0 1 e 28 0 0 0 0 1 e 80ReFlGo.67         
    681.496 0.003000   7.435e-03   30 0 1 1 0 1 e 29 0 0 0 0 1 e 80ReFlGo.68         
    685.191 0.003000   3.253e-03   35 0 1 1 0 1 e 34 0 0 0 0 1 e 80ReFlGo.69         
    685.933 0.003000   4.560e-03   36 0 1 1 0 1 e 35 0 0 0 0 1 e 80ReFlGo.70         
    686.678 0.003000   5.964e-03   37 0 1 1 0 1 e 36 0 0 0 0 1 e 80ReFlGo.71         
    687.417 0.003000   3.000e-03   38 0 1 1 0 1 e 37 0 0 0 0 1 e 80ReFlGo.72         
    688.154 0.003000   4.700e-03   39 0 1 1 0 1 e 38 0 0 0 0 1 e 80ReFlGo.73         
    688.908 0.003000   5.609e-03   40 0 1 1 0 1 e 39 0 0 0 0 1 e 80ReFlGo.74         
    689.648 0.003000   3.000e-03   41 0 1 1 0 1 e 40 0 0 0 0 1 e 80ReFlGo.75         
    690.394 0.003000   3.000e-03   42 0 1 1 0 1 e 41 0 0 0 0 1 e 80ReFlGo.76         
    691.147 0.003000   6.842e-03   43 0 1 1 0 1 e 42 0 0 0 0 1 e 80ReFlGo.77         
    691.894 0.003000   6.709e-03   44 0 1 1 0 1 e 43 0 0 0 0 1 e 80ReFlGo.78         
    692.646 0.003000   1.043e-02   45 0 1 1 0 1 e 44 0 0 0 0 1 e 80ReFlGo.79         
 939.722180 0.000050   5.000e-05   32 0 0 0 1 1 e 33 1 0 0 0 1 e 99ClTeHuVa.1        
 941.566848 0.000050   1.648e-04   30 0 0 0 1 1 e 31 1 0 0 0 1 e 99ClTeHuVa.2        
 942.479224 0.000050   5.000e-05   29 0 0 0 1 1 e 30 1 0 0 0 1 e 99ClTeHuVa.3        
 943.384710 0.000050   5.000e-05   28 0 0 0 1 1 e 29 1 0 0 0 1 e 99ClTeHuVa.4        
 944.283643 0.000050   5.000e-05   27 0 0 0 1 1 e 28 1 0 0 0 1 e 99ClTeHuVa.5        
 946.061863 0.000050   5.000e-05   25 0 0 0 1 1 e 26 1 0 0 0 1 e 99ClTeHuVa.6        
 948.679268 0.000050   5.000e-05   22 0 0 0 1 1 e 23 1 0 0 0 1 e 99ClTeHuVa.7        
 949.538493 0.000050   5.000e-05   21 0 0 0 1 1 e 22 1 0 0 0 1 e 99ClTeHuVa.8        
 951.237342 0.000050   5.000e-05   19 0 0 0 1 1 e 20 1 0 0 0 1 e 99ClTeHuVa.9        
 952.077015 0.000050   5.000e-05   18 0 0 0 1 1 e 19 1 0 0 0 1 e 99ClTeHuVa.10       
 952.909898 0.000050   5.000e-05   17 0 0 0 1 1 e 18 1 0 0 0 1 e 99ClTeHuVa.11       
 953.736298 0.000050   5.000e-05   16 0 0 0 1 1 e 17 1 0 0 0 1 e 99ClTeHuVa.12       
 956.976099 0.000050   5.000e-05   12 0 0 0 1 1 e 13 1 0 0 0 1 e 99ClTeHuVa.13       
 957.769704 0.000050   5.000e-05   11 0 0 0 1 1 e 12 1 0 0 0 1 e 99ClTeHuVa.14       
 961.639046 0.000050   5.000e-05   6 0 0 0 1 1 e  7 1 0 0 0 1 e  99ClTeHuVa.15       
 962.392934 0.000050   5.000e-05   5 0 0 0 1 1 e  6 1 0 0 0 1 e  99ClTeHuVa.16       
1040.661711 0.000050   5.000e-05   44 0 0 0 1 1 e 45 1 0 0 0 2 e 99ClTeHuVa.17       
1043.453949 0.000050   5.000e-05   41 0 0 0 1 1 e 42 1 0 0 0 2 e 99ClTeHuVa.18       
1044.375289 0.000050   5.000e-05   40 0 0 0 1 1 e 41 1 0 0 0 2 e 99ClTeHuVa.19       
1047.109971 0.000050   5.000e-05   37 0 0 0 1 1 e 38 1 0 0 0 2 e 99ClTeHuVa.20       
1048.011569 0.000050   5.000e-05   36 0 0 0 1 1 e 37 1 0 0 0 2 e 99ClTeHuVa.21       
1048.908498 0.000050   5.000e-05   35 0 0 0 1 1 e 36 1 0 0 0 2 e 99ClTeHuVa.22       
1049.800636 0.000050   5.000e-05   34 0 0 0 1 1 e 35 1 0 0 0 2 e 99ClTeHuVa.23       
1052.447236 0.000050   5.000e-05   31 0 0 0 1 1 e 32 1 0 0 0 2 e 99ClTeHuVa.24       
1053.319395 0.000050   1.086e-04   30 0 0 0 1 1 e 31 1 0 0 0 2 e 99ClTeHuVa.25       
1054.186732 0.000050   5.000e-05   29 0 0 0 1 1 e 30 1 0 0 0 2 e 99ClTeHuVa.26       
1055.049103 0.000050   5.000e-05   28 0 0 0 1 1 e 29 1 0 0 0 2 e 99ClTeHuVa.27       
1055.906368 0.000050   5.000e-05   27 0 0 0 1 1 e 28 1 0 0 0 2 e 99ClTeHuVa.28       
1057.606112 0.000050   5.000e-05   25 0 0 0 1 1 e 26 1 0 0 0 2 e 99ClTeHuVa.29       
1059.285515 0.000050   5.000e-05   23 0 0 0 1 1 e 24 1 0 0 0 2 e 99ClTeHuVa.30       
1060.117636 0.000050   5.000e-05   22 0 0 0 1 1 e 23 1 0 0 0 2 e 99ClTeHuVa.31       
1061.766727 0.000050   5.000e-05   20 0 0 0 1 1 e 21 1 0 0 0 2 e 99ClTeHuVa.32       
1062.583752 0.000050   5.000e-05   19 0 0 0 1 1 e 20 1 0 0 0 2 e 99ClTeHuVa.33       
1063.395430 0.000050   5.000e-05   18 0 0 0 1 1 e 19 1 0 0 0 2 e 99ClTeHuVa.34       
1064.202287 0.000050   5.000e-05   17 0 0 0 1 1 e 18 1 0 0 0 2 e 99ClTeHuVa.35       
1065.003937 0.000050   5.000e-05   16 0 0 0 1 1 e 17 1 0 0 0 2 e 99ClTeHuVa.36       
1065.800279 0.000050   5.000e-05   15 0 0 0 1 1 e 16 1 0 0 0 2 e 99ClTeHuVa.37       
1066.591626 0.000050   5.000e-05   14 0 0 0 1 1 e 15 1 0 0 0 2 e 99ClTeHuVa.38       
1068.158955 0.000050   5.000e-05   12 0 0 0 1 1 e 13 1 0 0 0 2 e 99ClTeHuVa.39       
1072.736363 0.000050   5.000e-05   6 0 0 0 1 1 e  7 1 0 0 0 2 e  99ClTeHuVa.40       
1073.481151 0.000050   5.000e-05   5 0 0 0 1 1 e  6 1 0 0 0 2 e  99ClTeHuVa.41       
1075.684085 0.000050   5.000e-05   2 0 0 0 1 1 e  3 1 0 0 0 2 e  99ClTeHuVa.42       
 973.566670 0.000050   5.000e-05   10 0 0 0 1 1 e 9 1 0 0 0 1 e  99ClTeHuVa.43       
 974.208881 0.000050   5.000e-05   11 0 0 0 1 1 e 10 1 0 0 0 1 e 99ClTeHuVa.44       
 974.844725 0.000050   5.000e-05   12 0 0 0 1 1 e 11 1 0 0 0 1 e 99ClTeHuVa.45       
 975.474184 0.000050   5.000e-05   13 0 0 0 1 1 e 12 1 0 0 0 1 e 99ClTeHuVa.46       
 976.712318 0.000050   5.000e-05   15 0 0 0 1 1 e 14 1 0 0 0 1 e 99ClTeHuVa.47       
 977.321290 0.000050   5.000e-05   16 0 0 0 1 1 e 15 1 0 0 0 1 e 99ClTeHuVa.48       
 977.924310 0.000050   5.000e-05   17 0 0 0 1 1 e 16 1 0 0 0 1 e 99ClTeHuVa.49       
 978.520111 0.000050   5.000e-05   18 0 0 0 1 1 e 17 1 0 0 0 1 e 99ClTeHuVa.50       
 979.691782 0.000050   1.820e-04   20 0 0 0 1 1 e 19 1 0 0 0 1 e 99ClTeHuVa.51       
 981.955452 0.000050   1.275e-04   24 0 0 0 1 1 e 23 1 0 0 0 1 e 99ClTeHuVa.52       
 982.504376 0.000050   5.000e-05   25 0 0 0 1 1 e 24 1 0 0 0 1 e 99ClTeHuVa.53       
 983.582451 0.000050   5.000e-05   27 0 0 0 1 1 e 26 1 0 0 0 1 e 99ClTeHuVa.54       
 984.110894 0.000050   5.000e-05   28 0 0 0 1 1 e 27 1 0 0 0 1 e 99ClTeHuVa.55       
 985.148181 0.000050   2.292e-04   30 0 0 0 1 1 e 29 1 0 0 0 1 e 99ClTeHuVa.56       
 985.656639 0.000050   3.652e-04   31 0 0 0 1 1 e 30 1 0 0 0 1 e 99ClTeHuVa.57       
 986.158366 0.000050   5.000e-05   32 0 0 0 1 1 e 31 1 0 0 0 1 e 99ClTeHuVa.58       
 986.653345 0.000050   5.000e-05   33 0 0 0 1 1 e 32 1 0 0 0 1 e 99ClTeHuVa.59       
1082.011348 0.000050   5.000e-05   6 0 0 0 1 1 e  5 1 0 0 0 2 e  99ClTeHuVa.60       
1083.359760 0.000050   5.000e-05   8 0 0 0 1 1 e  7 1 0 0 0 2 e  99ClTeHuVa.61       
1084.026028 0.000050   5.000e-05   9 0 0 0 1 1 e  8 1 0 0 0 2 e  99ClTeHuVa.62       
1084.687228 0.000050   5.000e-05   10 0 0 0 1 1 e 9 1 0 0 0 2 e  99ClTeHuVa.63       
1085.343064 0.000050   5.000e-05   11 0 0 0 1 1 e 10 1 0 0 0 2 e 99ClTeHuVa.64       
1085.993709 0.000050   5.000e-05   12 0 0 0 1 1 e 11 1 0 0 0 2 e 99ClTeHuVa.65       
1086.639111 0.000050   5.000e-05   13 0 0 0 1 1 e 12 1 0 0 0 2 e 99ClTeHuVa.66       
1088.543983 0.000050   5.000e-05   16 0 0 0 1 1 e 15 1 0 0 0 2 e 99ClTeHuVa.67       
1089.168374 0.000050   5.000e-05   17 0 0 0 1 1 e 16 1 0 0 0 2 e 99ClTeHuVa.68       
1089.787626 0.000050   5.000e-05   18 0 0 0 1 1 e 17 1 0 0 0 2 e 99ClTeHuVa.69       
1091.010482 0.000050   5.000e-05   20 0 0 0 1 1 e 19 1 0 0 0 2 e 99ClTeHuVa.70       
1091.614115 0.000050   5.000e-05   21 0 0 0 1 1 e 20 1 0 0 0 2 e 99ClTeHuVa.71       
1092.805703 0.000050   5.000e-05   23 0 0 0 1 1 e 22 1 0 0 0 2 e 99ClTeHuVa.72       
1093.393731 0.000050   5.000e-05   24 0 0 0 1 1 e 23 1 0 0 0 2 e 99ClTeHuVa.73       
1095.693833 0.000050   5.000e-05   28 0 0 0 1 1 e 27 1 0 0 0 2 e 99ClTeHuVa.74       
1096.255825 0.000050   5.000e-05   29 0 0 0 1 1 e 28 1 0 0 0 2 e 99ClTeHuVa.75       
1096.812791 0.000050   5.000e-05   30 0 0 0 1 1 e 29 1 0 0 0 2 e 99ClTeHuVa.76       
1097.364628 0.000050   8.443e-05   31 0 0 0 1 1 e 30 1 0 0 0 2 e 99ClTeHuVa.77       
1097.911223 0.000050   5.000e-05   32 0 0 0 1 1 e 31 1 0 0 0 2 e 99ClTeHuVa.78       
1098.452668 0.000050   5.000e-05   33 0 0 0 1 1 e 32 1 0 0 0 2 e 99ClTeHuVa.79       
1100.046328 0.000050   5.000e-05   36 0 0 0 1 1 e 35 1 0 0 0 2 e 99ClTeHuVa.80       
1101.083202 0.000050   5.000e-05   38 0 0 0 1 1 e 37 1 0 0 0 2 e 99ClTeHuVa.81       
1102.099835 0.000050   5.000e-05   40 0 0 0 1 1 e 39 1 0 0 0 2 e 99ClTeHuVa.82       
1102.600417 0.000050   5.000e-05   41 0 0 0 1 1 e 40 1 0 0 0 2 e 99ClTeHuVa.83       
1103.586763 0.000050   5.000e-05   43 0 0 0 1 1 e 42 1 0 0 0 2 e 99ClTeHuVa.84       
1104.072244 0.000050   5.000e-05   44 0 0 0 1 1 e 43 1 0 0 0 2 e 99ClTeHuVa.85       
1105.027929 0.000050   5.000e-05   46 0 0 0 1 1 e 45 1 0 0 0 2 e 99ClTeHuVa.86       
2257.960480 0.001150   1.150e-03   70 0 0 0 1 1 e 71 0 0 0 0 1 e 07ToMiBrDe.1        
2259.060580 0.001150   1.150e-03   69 0 0 0 1 1 e 70 0 0 0 0 1 e 07ToMiBrDe.2        
2263.406400 0.001150   1.150e-03   65 0 0 0 1 1 e 66 0 0 0 0 1 e 07ToMiBrDe.3        
3491.830930 0.001150   1.150e-03   61 1 0 0 1 2 e 62 0 0 0 0 1 e 07ToMiBrDe.4        
2268.716620 0.001150   1.150e-03   60 0 0 0 1 1 e 61 0 0 0 0 1 e 07ToMiBrDe.5        
3492.911470 0.001150   1.150e-03   60 1 0 0 1 2 e 61 0 0 0 0 1 e 07ToMiBrDe.6        
3604.208090 0.001150   1.150e-03   59 1 0 0 1 1 e 60 0 0 0 0 1 e 07ToMiBrDe.7        
3495.051660 0.001150   1.150e-03   58 1 0 0 1 2 e 59 0 0 0 0 1 e 07ToMiBrDe.8        
2271.837100 0.001150   1.150e-03   57 0 0 0 1 1 e 58 0 0 0 0 1 e 07ToMiBrDe.9        
2272.866380 0.001150   1.150e-03   56 0 0 0 1 1 e 57 0 0 0 0 1 e 07ToMiBrDe.10       
3497.166640 0.001150   1.150e-03   56 1 0 0 1 2 e 57 0 0 0 0 1 e 07ToMiBrDe.11       
2273.890330 0.001150   1.150e-03   55 0 0 0 1 1 e 56 0 0 0 0 1 e 07ToMiBrDe.12       
3498.215010 0.001150   1.150e-03   55 1 0 0 1 2 e 56 0 0 0 0 1 e 07ToMiBrDe.13       
4817.585740 0.001150   1.150e-03   55 2 0 0 1 2 e 56 0 0 0 0 1 e 07ToMiBrDe.14       
2274.908100 0.001150   1.150e-03   54 0 0 0 1 1 e 55 0 0 0 0 1 e 07ToMiBrDe.15       
3499.256830 0.001150   1.150e-03   54 1 0 0 1 2 e 55 0 0 0 0 1 e 07ToMiBrDe.16       
3501.322360 0.001150   1.150e-03   52 1 0 0 1 2 e 53 0 0 0 0 1 e 07ToMiBrDe.17       
4821.715700 0.001150   1.150e-03   51 2 0 0 1 2 e 52 0 0 0 0 1 e 07ToMiBrDe.18       
3503.362760 0.001150   1.150e-03   50 1 0 0 1 2 e 51 0 0 0 0 1 e 07ToMiBrDe.19       
3612.843170 0.001150   1.150e-03   50 1 0 0 1 1 e 51 0 0 0 0 1 e 07ToMiBrDe.20       
3471.559210 0.001150   1.150e-03   50 1 1 1 1 2 e 51 0 1 1 0 1 e 07ToMiBrDe.21       
4712.276640 0.001150   1.150e-03   50 2 0 0 1 3 e 51 0 0 0 0 1 e 07ToMiBrDe.22       
3504.373280 0.001150   1.150e-03   49 1 0 0 1 2 e 50 0 0 0 0 1 e 07ToMiBrDe.23       
3613.782090 0.001150   1.150e-03   49 1 0 0 1 1 e 50 0 0 0 0 1 e 07ToMiBrDe.24       
4824.754630 0.001150   1.150e-03   48 2 0 0 1 2 e 49 0 0 0 0 1 e 07ToMiBrDe.25       
3506.377070 0.001150   1.150e-03   47 1 0 0 1 2 e 48 0 0 0 0 1 e 07ToMiBrDe.26       
2282.859410 0.001150   1.150e-03   46 0 0 0 1 1 e 47 0 0 0 0 1 e 07ToMiBrDe.27       
3507.369700 0.001150   1.150e-03   46 1 0 0 1 2 e 47 0 0 0 0 1 e 07ToMiBrDe.28       
3616.574880 0.001150   1.150e-03   46 1 0 0 1 1 e 47 0 0 0 0 1 e 07ToMiBrDe.29       
3475.541730 0.001150   1.150e-03   46 1 1 1 1 2 e 47 0 1 1 0 1 e 07ToMiBrDe.30       
3624.321840 0.001150   1.150e-03   46 1 1 1 1 1 e 47 0 1 1 0 1 e 07ToMiBrDe.31       
3508.355830 0.001150   1.150e-03   45 1 0 0 1 2 e 46 0 0 0 0 1 e 07ToMiBrDe.32       
3617.497200 0.001150   1.150e-03   45 1 0 0 1 1 e 46 0 0 0 0 1 e 07ToMiBrDe.33       
3476.522400 0.001150   1.150e-03   45 1 1 1 1 2 e 46 0 1 1 0 1 e 07ToMiBrDe.34       
4717.170390 0.001150   1.150e-03   45 2 0 0 1 3 e 46 0 0 0 0 1 e 07ToMiBrDe.35       
3509.336450 0.001150   1.150e-03   44 1 0 0 1 2 e 45 0 0 0 0 1 e 07ToMiBrDe.36       
4718.130640 0.001150   1.150e-03   44 2 0 0 1 3 e 45 0 0 0 0 1 e 07ToMiBrDe.37       
3510.310690 0.001150   1.150e-03   43 1 0 0 1 2 e 44 0 0 0 0 1 e 07ToMiBrDe.38       
3619.329800 0.001150   1.150e-03   43 1 0 0 1 1 e 44 0 0 0 0 1 e 07ToMiBrDe.39       
4830.681720 0.001150   1.150e-03   42 2 0 0 1 2 e 43 0 0 0 0 1 e 07ToMiBrDe.40       
3629.028950 0.001150   1.150e-03   41 1 1 1 1 1 e 42 0 1 1 0 1 e 07ToMiBrDe.41       
3513.197460 0.001150   1.150e-03   40 1 0 0 1 2 e 41 0 0 0 0 1 e 07ToMiBrDe.42       
3481.339240 0.001150   1.150e-03   40 1 1 1 1 2 e 41 0 1 1 0 1 e 07ToMiBrDe.43       
4721.914100 0.001150   1.150e-03   40 2 0 0 1 3 e 41 0 0 0 0 1 e 07ToMiBrDe.44       
3622.943120 0.001150   1.150e-03   39 1 0 0 1 1 e 40 0 0 0 0 1 e 07ToMiBrDe.45       
4722.844970 0.001150   1.150e-03   39 2 0 0 1 3 e 40 0 0 0 0 1 e 07ToMiBrDe.46       
4833.567750 0.001150   1.150e-03   39 2 0 0 1 2 e 40 0 0 0 0 1 e 07ToMiBrDe.47       
4982.720410 0.001150   1.150e-03   39 2 0 0 1 1 e 40 0 0 0 0 1 e 07ToMiBrDe.48       
2290.459660 0.001150   1.150e-03   38 0 0 0 1 1 e 39 0 0 0 0 1 e 07ToMiBrDe.49       
3515.090740 0.001150   1.150e-03   38 1 0 0 1 2 e 39 0 0 0 0 1 e 07ToMiBrDe.50       
3623.835790 0.001150   1.150e-03   38 1 0 0 1 1 e 39 0 0 0 0 1 e 07ToMiBrDe.51       
4834.518310 0.001150   1.150e-03   38 2 0 0 1 2 e 39 0 0 0 0 1 e 07ToMiBrDe.52       
2291.384440 0.001150   1.150e-03   37 0 0 0 1 1 e 38 0 0 0 0 1 e 07ToMiBrDe.53       
3516.028750 0.001150   1.150e-03   37 1 0 0 1 2 e 38 0 0 0 0 1 e 07ToMiBrDe.54       
3624.723970 0.001150   1.150e-03   37 1 0 0 1 1 e 38 0 0 0 0 1 e 07ToMiBrDe.55       
3632.704310 0.001150   1.150e-03   37 1 1 1 1 1 e 38 0 1 1 0 1 e 07ToMiBrDe.56       
4724.689840 0.001150   1.150e-03   37 2 0 0 1 3 e 38 0 0 0 0 1 e 07ToMiBrDe.57       
3625.607740 0.001150   1.150e-03   36 1 0 0 1 1 e 37 0 0 0 0 1 e 07ToMiBrDe.58       
3485.086370 0.001150   1.150e-03   36 1 1 1 1 2 e 37 0 1 1 0 1 e 07ToMiBrDe.59       
4836.401920 0.001150   1.150e-03   36 2 0 0 1 2 e 37 0 0 0 0 1 e 07ToMiBrDe.60       
4985.242400 0.001150   1.150e-03   36 2 0 0 1 1 e 37 0 0 0 0 1 e 07ToMiBrDe.61       
3517.886450 0.001150   1.150e-03   35 1 0 0 1 2 e 36 0 0 0 0 1 e 07ToMiBrDe.62       
3486.008780 0.001150   1.150e-03   35 1 1 1 1 2 e 36 0 1 1 0 1 e 07ToMiBrDe.63       
4726.511710 0.001150   1.150e-03   35 2 0 0 1 3 e 36 0 0 0 0 1 e 07ToMiBrDe.64       
4837.334650 0.001150   1.150e-03   35 2 0 0 1 2 e 36 0 0 0 0 1 e 07ToMiBrDe.65       
4986.075560 0.001150   1.150e-03   35 2 0 0 1 1 e 36 0 0 0 0 1 e 07ToMiBrDe.66       
3627.362480 0.001150   1.150e-03   34 1 0 0 1 1 e 35 0 0 0 0 1 e 07ToMiBrDe.67       
3486.925660 0.001150   1.150e-03   34 1 1 1 1 2 e 35 0 1 1 0 1 e 07ToMiBrDe.68       
4727.413540 0.001150   1.150e-03   34 2 0 0 1 3 e 35 0 0 0 0 1 e 07ToMiBrDe.69       
4838.261900 0.001150   1.150e-03   34 2 0 0 1 2 e 35 0 0 0 0 1 e 07ToMiBrDe.70       
4986.906880 0.001150   1.150e-03   34 2 0 0 1 1 e 35 0 0 0 0 1 e 07ToMiBrDe.71       
2295.031250 0.001150   1.150e-03   33 0 0 0 1 1 e 34 0 0 0 0 1 e 07ToMiBrDe.72       
3519.720270 0.001150   1.150e-03   33 1 0 0 1 2 e 34 0 0 0 0 1 e 07ToMiBrDe.73       
3636.300400 0.001150   1.150e-03   33 1 1 1 1 1 e 34 0 1 1 0 1 e 07ToMiBrDe.74       
4728.310700 0.001150   1.150e-03   33 2 0 0 1 3 e 34 0 0 0 0 1 e 07ToMiBrDe.75       
4839.183200 0.001150   1.150e-03   33 2 0 0 1 2 e 34 0 0 0 0 1 e 07ToMiBrDe.76       
4987.735920 0.001150   1.150e-03   33 2 0 0 1 1 e 34 0 0 0 0 1 e 07ToMiBrDe.77       
3520.628230 0.001150   1.150e-03   32 1 0 0 1 2 e 33 0 0 0 0 1 e 07ToMiBrDe.78       
3488.740410 0.001150   1.150e-03   32 1 1 1 1 2 e 33 0 1 1 0 1 e 07ToMiBrDe.79       
3637.186650 0.001150   1.150e-03   32 1 1 1 1 1 e 33 0 1 1 0 1 e 07ToMiBrDe.80       
4729.201610 0.001150   1.150e-03   32 2 0 0 1 3 e 33 0 0 0 0 1 e 07ToMiBrDe.81       
4840.098370 0.001150   1.150e-03   32 2 0 0 1 2 e 33 0 0 0 0 1 e 07ToMiBrDe.82       
4988.561110 0.001150   1.150e-03   32 2 0 0 1 1 e 33 0 0 0 0 1 e 07ToMiBrDe.83       
3521.529990 0.001150   1.150e-03   31 1 0 0 1 2 e 32 0 0 0 0 1 e 07ToMiBrDe.84       
3629.961110 0.001150   1.150e-03   31 1 0 0 1 1 e 32 0 0 0 0 1 e 07ToMiBrDe.85       
4730.086900 0.001150   1.150e-03   31 2 0 0 1 3 e 32 0 0 0 0 1 e 07ToMiBrDe.86       
4989.383110 0.001150   1.150e-03   31 2 0 0 1 1 e 32 0 0 0 0 1 e 07ToMiBrDe.87       
3522.426270 0.001150   1.150e-03   30 1 0 0 1 2 e 31 0 0 0 0 1 e 07ToMiBrDe.88       
3490.533250 0.001150   1.150e-03   30 1 1 1 1 2 e 31 0 1 1 0 1 e 07ToMiBrDe.89       
4730.966810 0.001150   1.150e-03   30 2 0 0 1 3 e 31 0 0 0 0 1 e 07ToMiBrDe.90       
4990.202440 0.001150   1.150e-03   30 2 0 0 1 1 e 31 0 0 0 0 1 e 07ToMiBrDe.91       
2298.587260 0.001150   1.150e-03   29 0 0 0 1 1 e 30 0 0 0 0 1 e 07ToMiBrDe.92       
3523.316270 0.001150   1.150e-03   29 1 0 0 1 2 e 30 0 0 0 0 1 e 07ToMiBrDe.93       
3631.671630 0.001150   1.150e-03   29 1 0 0 1 1 e 30 0 0 0 0 1 e 07ToMiBrDe.94       
3491.421190 0.001150   1.150e-03   29 1 1 1 1 2 e 30 0 1 1 0 1 e 07ToMiBrDe.95       
3639.814530 0.001150   1.150e-03   29 1 1 1 1 1 e 30 0 1 1 0 1 e 07ToMiBrDe.96       
4731.840910 0.001150   1.150e-03   29 2 0 0 1 3 e 30 0 0 0 0 1 e 07ToMiBrDe.97       
4842.808300 0.001150   1.150e-03   29 2 0 0 1 2 e 30 0 0 0 0 1 e 07ToMiBrDe.98       
4991.018150 0.001150   1.150e-03   29 2 0 0 1 1 e 30 0 0 0 0 1 e 07ToMiBrDe.99       
2299.464000 0.001150   1.150e-03   28 0 0 0 1 1 e 29 0 0 0 0 1 e 07ToMiBrDe.100      
3524.200420 0.001150   1.150e-03   28 1 0 0 1 2 e 29 0 0 0 0 1 e 07ToMiBrDe.101      
3632.519970 0.001150   1.150e-03   28 1 0 0 1 1 e 29 0 0 0 0 1 e 07ToMiBrDe.102      
3492.303270 0.001150   1.150e-03   28 1 1 1 1 2 e 29 0 1 1 0 1 e 07ToMiBrDe.103      
3640.680610 0.001150   1.150e-03   28 1 1 1 1 1 e 29 0 1 1 0 1 e 07ToMiBrDe.104      
4732.709700 0.001150   1.150e-03   28 2 0 0 1 3 e 29 0 0 0 0 1 e 07ToMiBrDe.105      
4843.699410 0.001150   1.150e-03   28 2 0 0 1 2 e 29 0 0 0 0 1 e 07ToMiBrDe.106      
3525.079110 0.001150   1.150e-03   27 1 0 0 1 2 e 28 0 0 0 0 1 e 07ToMiBrDe.107      
3633.363920 0.001150   1.150e-03   27 1 0 0 1 1 e 28 0 0 0 0 1 e 07ToMiBrDe.108      
3641.541230 0.001150   1.150e-03   27 1 1 1 1 1 e 28 0 1 1 0 1 e 07ToMiBrDe.109      
4733.572800 0.001150   1.150e-03   27 2 0 0 1 3 e 28 0 0 0 0 1 e 07ToMiBrDe.110      
4844.584980 0.001150   1.150e-03   27 2 0 0 1 2 e 28 0 0 0 0 1 e 07ToMiBrDe.111      
4992.640320 0.001150   1.150e-03   27 2 0 0 1 1 e 28 0 0 0 0 1 e 07ToMiBrDe.112      
2301.198500 0.001150   1.150e-03   26 0 0 0 1 1 e 27 0 0 0 0 1 e 07ToMiBrDe.113      
3525.950940 0.001150   1.150e-03   26 1 0 0 1 2 e 27 0 0 0 0 1 e 07ToMiBrDe.114      
3634.203390 0.001150   1.150e-03   26 1 0 0 1 1 e 27 0 0 0 0 1 e 07ToMiBrDe.115      
3494.049180 0.001150   1.150e-03   26 1 1 1 1 2 e 27 0 1 1 0 1 e 07ToMiBrDe.116      
3642.397050 0.001150   1.150e-03   26 1 1 1 1 1 e 27 0 1 1 0 1 e 07ToMiBrDe.117      
4734.430360 0.001150   1.150e-03   26 2 0 0 1 3 e 27 0 0 0 0 1 e 07ToMiBrDe.118      
4845.464360 0.001150   1.150e-03   26 2 0 0 1 2 e 27 0 0 0 0 1 e 07ToMiBrDe.119      
2302.056320 0.001150   1.150e-03   25 0 0 0 1 1 e 26 0 0 0 0 1 e 07ToMiBrDe.120      
3526.817300 0.001150   1.150e-03   25 1 0 0 1 2 e 26 0 0 0 0 1 e 07ToMiBrDe.121      
3635.038360 0.001150   1.150e-03   25 1 0 0 1 1 e 26 0 0 0 0 1 e 07ToMiBrDe.122      
3494.914110 0.001150   1.150e-03   25 1 1 1 1 2 e 26 0 1 1 0 1 e 07ToMiBrDe.123      
3643.247000 0.001150   1.150e-03   25 1 1 1 1 1 e 26 0 1 1 0 1 e 07ToMiBrDe.124      
4994.250550 0.001150   1.150e-03   25 2 0 0 1 1 e 26 0 0 0 0 1 e 07ToMiBrDe.125      
3527.677740 0.001150   1.150e-03   24 1 0 0 1 2 e 25 0 0 0 0 1 e 07ToMiBrDe.126      
3635.868490 0.001150   1.150e-03   24 1 0 0 1 1 e 25 0 0 0 0 1 e 07ToMiBrDe.127      
3495.772290 0.001150   1.150e-03   24 1 1 1 1 2 e 25 0 1 1 0 1 e 07ToMiBrDe.128      
3644.092510 0.001150   1.150e-03   24 1 1 1 1 1 e 25 0 1 1 0 1 e 07ToMiBrDe.129      
4736.129190 0.001150   1.150e-03   24 2 0 0 1 3 e 25 0 0 0 0 1 e 07ToMiBrDe.130      
4847.204890 0.001150   1.150e-03   24 2 0 0 1 2 e 25 0 0 0 0 1 e 07ToMiBrDe.131      
4840.062130 0.001150   1.213e-03   24 2 1 1 1 2 e 25 0 1 1 0 1 e 07ToMiBrDe.132      
2303.758280 0.001150   1.150e-03   23 0 0 0 1 1 e 24 0 0 0 0 1 e 07ToMiBrDe.133      
3528.532570 0.001150   1.150e-03   23 1 0 0 1 2 e 24 0 0 0 0 1 e 07ToMiBrDe.134      
3636.693930 0.001150   1.150e-03   23 1 0 0 1 1 e 24 0 0 0 0 1 e 07ToMiBrDe.135      
3644.932450 0.001150   1.150e-03   23 1 1 1 1 1 e 24 0 1 1 0 1 e 07ToMiBrDe.136      
4736.970390 0.001150   1.150e-03   23 2 0 0 1 3 e 24 0 0 0 0 1 e 07ToMiBrDe.137      
4848.066240 0.001150   1.150e-03   23 2 0 0 1 2 e 24 0 0 0 0 1 e 07ToMiBrDe.138      
4995.847500 0.001150   1.150e-03   23 2 0 0 1 1 e 24 0 0 0 0 1 e 07ToMiBrDe.139      
4840.924230 0.001150   1.150e-03   23 2 1 1 1 2 e 24 0 1 1 0 1 e 07ToMiBrDe.140      
3529.380940 0.001150   1.150e-03   22 1 0 0 1 2 e 23 0 0 0 0 1 e 07ToMiBrDe.141      
3637.515500 0.001150   1.150e-03   22 1 0 0 1 1 e 23 0 0 0 0 1 e 07ToMiBrDe.142      
3497.472530 0.001150   1.150e-03   22 1 1 1 1 2 e 23 0 1 1 0 1 e 07ToMiBrDe.143      
4737.806220 0.001150   1.150e-03   22 2 0 0 1 3 e 23 0 0 0 0 1 e 07ToMiBrDe.144      
4848.921430 0.001150   1.150e-03   22 2 0 0 1 2 e 23 0 0 0 0 1 e 07ToMiBrDe.145      
3638.331930 0.001150   1.150e-03   21 1 0 0 1 1 e 22 0 0 0 0 1 e 07ToMiBrDe.146      
3646.597660 0.001150   1.150e-03   21 1 1 1 1 1 e 22 0 1 1 0 1 e 07ToMiBrDe.147      
4738.636560 0.001150   1.150e-03   21 2 0 0 1 3 e 22 0 0 0 0 1 e 07ToMiBrDe.148      
4997.430560 0.001150   1.150e-03   21 2 0 0 1 1 e 22 0 0 0 0 1 e 07ToMiBrDe.149      
2306.268360 0.001150   1.150e-03   20 0 0 0 1 1 e 21 0 0 0 0 1 e 07ToMiBrDe.150      
3531.060560 0.001150   1.150e-03   20 1 0 0 1 2 e 21 0 0 0 0 1 e 07ToMiBrDe.151      
3639.144130 0.001150   1.150e-03   20 1 0 0 1 1 e 21 0 0 0 0 1 e 07ToMiBrDe.152      
4739.461630 0.001150   1.150e-03   20 2 0 0 1 3 e 21 0 0 0 0 1 e 07ToMiBrDe.153      
4850.613680 0.001150   1.150e-03   20 2 0 0 1 2 e 21 0 0 0 0 1 e 07ToMiBrDe.154      
4998.217090 0.001150   1.150e-03   20 2 0 0 1 1 e 21 0 0 0 0 1 e 07ToMiBrDe.155      
2307.094010 0.001150   1.150e-03   19 0 0 0 1 1 e 20 0 0 0 0 1 e 07ToMiBrDe.156      
3531.891440 0.001150   1.150e-03   19 1 0 0 1 2 e 20 0 0 0 0 1 e 07ToMiBrDe.157      
3639.951730 0.001150   1.150e-03   19 1 0 0 1 1 e 20 0 0 0 0 1 e 07ToMiBrDe.158      
3499.979200 0.001150   1.150e-03   19 1 1 1 1 2 e 20 0 1 1 0 1 e 07ToMiBrDe.159      
3648.242570 0.001150   1.150e-03   19 1 1 1 1 1 e 20 0 1 1 0 1 e 07ToMiBrDe.160      
4740.281180 0.001150   1.150e-03   19 2 0 0 1 3 e 20 0 0 0 0 1 e 07ToMiBrDe.161      
4851.450700 0.001150   1.150e-03   19 2 0 0 1 2 e 20 0 0 0 0 1 e 07ToMiBrDe.162      
4999.001150 0.001150   1.150e-03   19 2 0 0 1 1 e 20 0 0 0 0 1 e 07ToMiBrDe.163      
4844.319380 0.001150   1.150e-03   19 2 1 1 1 2 e 20 0 1 1 0 1 e 07ToMiBrDe.164      
2307.914060 0.001150   1.150e-03   18 0 0 0 1 1 e 19 0 0 0 0 1 e 07ToMiBrDe.165      
3500.803330 0.001150   1.150e-03   18 1 1 1 1 2 e 19 0 1 1 0 1 e 07ToMiBrDe.166      
4741.095470 0.001150   1.150e-03   18 2 0 0 1 3 e 19 0 0 0 0 1 e 07ToMiBrDe.167      
4852.281630 0.001150   1.150e-03   18 2 0 0 1 2 e 19 0 0 0 0 1 e 07ToMiBrDe.168      
4999.780790 0.001150   1.150e-03   18 2 0 0 1 1 e 19 0 0 0 0 1 e 07ToMiBrDe.169      
4845.151430 0.001150   1.150e-03   18 2 1 1 1 2 e 19 0 1 1 0 1 e 07ToMiBrDe.170      
3533.536300 0.001150   1.150e-03   17 1 0 0 1 2 e 18 0 0 0 0 1 e 07ToMiBrDe.171      
3641.552710 0.001150   1.150e-03   17 1 0 0 1 1 e 18 0 0 0 0 1 e 07ToMiBrDe.172      
3501.621550 0.001150   1.150e-03   17 1 1 1 1 2 e 18 0 1 1 0 1 e 07ToMiBrDe.173      
3649.865500 0.001150   1.150e-03   17 1 1 1 1 1 e 18 0 1 1 0 1 e 07ToMiBrDe.174      
4741.904300 0.001150   1.150e-03   17 2 0 0 1 3 e 18 0 0 0 0 1 e 07ToMiBrDe.175      
4853.106440 0.001150   1.150e-03   17 2 0 0 1 2 e 18 0 0 0 0 1 e 07ToMiBrDe.176      
4845.979520 0.001150   1.150e-03   17 2 1 1 1 2 e 18 0 1 1 0 1 e 07ToMiBrDe.177      
3534.349190 0.001150   1.150e-03   16 1 0 0 1 2 e 17 0 0 0 0 1 e 07ToMiBrDe.178      
3642.346000 0.001150   1.150e-03   16 1 0 0 1 1 e 17 0 0 0 0 1 e 07ToMiBrDe.179      
4742.707920 0.001150   1.150e-03   16 2 0 0 1 3 e 17 0 0 0 0 1 e 07ToMiBrDe.180      
5001.330960 0.001150   1.150e-03   16 2 0 0 1 1 e 17 0 0 0 0 1 e 07ToMiBrDe.181      
4846.799520 0.001150   1.150e-03   16 2 1 1 1 2 e 17 0 1 1 0 1 e 07ToMiBrDe.182      
3535.157010 0.001150   1.150e-03   15 1 0 0 1 2 e 16 0 0 0 0 1 e 07ToMiBrDe.183      
3643.135270 0.001150   1.150e-03   15 1 0 0 1 1 e 16 0 0 0 0 1 e 07ToMiBrDe.184      
4743.506030 0.001150   1.150e-03   15 2 0 0 1 3 e 16 0 0 0 0 1 e 07ToMiBrDe.185      
4854.737640 0.001150   1.150e-03   15 2 0 0 1 2 e 16 0 0 0 0 1 e 07ToMiBrDe.186      
5002.100890 0.001150   1.150e-03   15 2 0 0 1 1 e 16 0 0 0 0 1 e 07ToMiBrDe.187      
2311.139460 0.001150   1.150e-03   14 0 0 0 1 1 e 15 0 0 0 0 1 e 07ToMiBrDe.188      
3535.958500 0.001150   1.150e-03   14 1 0 0 1 2 e 15 0 0 0 0 1 e 07ToMiBrDe.189      
3643.919680 0.001150   1.150e-03   14 1 0 0 1 1 e 15 0 0 0 0 1 e 07ToMiBrDe.190      
3504.041750 0.001150   1.150e-03   14 1 1 1 1 2 e 15 0 1 1 0 1 e 07ToMiBrDe.191      
3652.261880 0.001150   1.150e-03   14 1 1 1 1 1 e 15 0 1 1 0 1 e 07ToMiBrDe.192      
4744.299140 0.001150   1.150e-03   14 2 0 0 1 3 e 15 0 0 0 0 1 e 07ToMiBrDe.193      
4855.544140 0.001150   1.150e-03   14 2 0 0 1 2 e 15 0 0 0 0 1 e 07ToMiBrDe.194      
5002.867070 0.001150   1.150e-03   14 2 0 0 1 1 e 15 0 0 0 0 1 e 07ToMiBrDe.195      
4848.420710 0.001150   1.150e-03   14 2 1 1 1 2 e 15 0 1 1 0 1 e 07ToMiBrDe.196      
3536.754230 0.001150   1.150e-03   13 1 0 0 1 2 e 14 0 0 0 0 1 e 07ToMiBrDe.197      
3644.699140 0.001150   1.150e-03   13 1 0 0 1 1 e 14 0 0 0 0 1 e 07ToMiBrDe.198      
3504.837580 0.001150   1.150e-03   13 1 1 1 1 2 e 14 0 1 1 0 1 e 07ToMiBrDe.199      
3653.050190 0.001150   1.150e-03   13 1 1 1 1 1 e 14 0 1 1 0 1 e 07ToMiBrDe.200      
4745.086440 0.001150   1.150e-03   13 2 0 0 1 3 e 14 0 0 0 0 1 e 07ToMiBrDe.201      
4856.344470 0.001150   1.150e-03   13 2 0 0 1 2 e 14 0 0 0 0 1 e 07ToMiBrDe.202      
5003.630150 0.001150   1.150e-03   13 2 0 0 1 1 e 14 0 0 0 0 1 e 07ToMiBrDe.203      
3645.474280 0.001150   1.150e-03   12 1 0 0 1 1 e 13 0 0 0 0 1 e 07ToMiBrDe.204      
3505.626720 0.001150   1.150e-03   12 1 1 1 1 2 e 13 0 1 1 0 1 e 07ToMiBrDe.205      
3653.833050 0.001150   1.150e-03   12 1 1 1 1 1 e 13 0 1 1 0 1 e 07ToMiBrDe.206      
4857.138650 0.001150   1.150e-03   12 2 0 0 1 2 e 13 0 0 0 0 1 e 07ToMiBrDe.207      
4850.019480 0.001150   1.150e-03   12 2 1 1 1 2 e 13 0 1 1 0 1 e 07ToMiBrDe.208      
2313.498850 0.001150   1.150e-03   11 0 0 0 1 1 e 12 0 0 0 0 1 e 07ToMiBrDe.209      
3538.328230 0.001150   1.150e-03   11 1 0 0 1 2 e 12 0 0 0 0 1 e 07ToMiBrDe.210      
3646.244530 0.001150   1.150e-03   11 1 0 0 1 1 e 12 0 0 0 0 1 e 07ToMiBrDe.211      
3506.410590 0.001150   1.150e-03   11 1 1 1 1 2 e 12 0 1 1 0 1 e 07ToMiBrDe.212      
3654.611220 0.001150   1.150e-03   11 1 1 1 1 1 e 12 0 1 1 0 1 e 07ToMiBrDe.213      
4746.645740 0.001150   1.150e-03   11 2 0 0 1 3 e 12 0 0 0 0 1 e 07ToMiBrDe.214      
4857.926680 0.001150   1.150e-03   11 2 0 0 1 2 e 12 0 0 0 0 1 e 07ToMiBrDe.215      
5005.145840 0.001150   1.150e-03   11 2 0 0 1 1 e 12 0 0 0 0 1 e 07ToMiBrDe.216      
4850.809160 0.001150   1.150e-03   11 2 1 1 1 2 e 12 0 1 1 0 1 e 07ToMiBrDe.217      
2314.274340 0.001150   1.150e-03   10 0 0 0 1 1 e 11 0 0 0 0 1 e 07ToMiBrDe.218      
3507.188380 0.001150   1.150e-03   10 1 1 1 1 2 e 11 0 1 1 0 1 e 07ToMiBrDe.219      
4858.708510 0.001150   1.150e-03   10 2 0 0 1 2 e 11 0 0 0 0 1 e 07ToMiBrDe.220      
4851.592150 0.001150   1.150e-03   10 2 1 1 1 2 e 11 0 1 1 0 1 e 07ToMiBrDe.221      
2315.044180 0.001150   1.150e-03   9 0 0 0 1 1 e  10 0 0 0 0 1 e 07ToMiBrDe.222      
3539.878870 0.001150   1.150e-03   9 1 0 0 1 2 e  10 0 0 0 0 1 e 07ToMiBrDe.223      
4748.183770 0.001150   1.150e-03   9 2 0 0 1 3 e  10 0 0 0 0 1 e 07ToMiBrDe.224      
4859.484300 0.001150   1.150e-03   9 2 0 0 1 2 e  10 0 0 0 0 1 e 07ToMiBrDe.225      
4852.369320 0.001150   1.150e-03   9 2 1 1 1 2 e  10 0 1 1 0 1 e 07ToMiBrDe.226      
3540.645350 0.001150   1.150e-03   8 1 0 0 1 2 e  9 0 0 0 0 1 e  07ToMiBrDe.227      
3648.527470 0.001150   1.150e-03   8 1 0 0 1 1 e  9 0 0 0 0 1 e  07ToMiBrDe.228      
4748.944830 0.001150   1.150e-03   8 2 0 0 1 3 e  9 0 0 0 0 1 e  07ToMiBrDe.229      
5007.393000 0.001150   1.150e-03   8 2 0 0 1 1 e  9 0 0 0 0 1 e  07ToMiBrDe.230      
4853.144300 0.001150   3.600e-03   8 2 1 1 1 2 e  9 0 1 1 0 1 e  07ToMiBrDe.231      
2316.566890 0.001150   1.150e-03   7 0 0 0 1 1 e  8 0 0 0 0 1 e  07ToMiBrDe.232      
3541.406170 0.001150   1.150e-03   7 1 0 0 1 2 e  8 0 0 0 0 1 e  07ToMiBrDe.233      
4749.700950 0.001150   1.150e-03   7 2 0 0 1 3 e  8 0 0 0 0 1 e  07ToMiBrDe.234      
4861.017140 0.001150   1.150e-03   7 2 0 0 1 2 e  8 0 0 0 0 1 e  07ToMiBrDe.235      
2317.319950 0.001150   1.150e-03   6 0 0 0 1 1 e  7 0 0 0 0 1 e  07ToMiBrDe.236      
3542.160830 0.001150   1.150e-03   6 1 0 0 1 2 e  7 0 0 0 0 1 e  07ToMiBrDe.237      
3650.025970 0.001150   1.150e-03   6 1 0 0 1 1 e  7 0 0 0 0 1 e  07ToMiBrDe.238      
3510.243950 0.001150   1.150e-03   6 1 1 1 1 2 e  7 0 1 1 0 1 e  07ToMiBrDe.239      
4750.451530 0.001150   1.150e-03   6 2 0 0 1 3 e  7 0 0 0 0 1 e  07ToMiBrDe.240      
4861.774430 0.001150   1.150e-03   6 2 0 0 1 2 e  7 0 0 0 0 1 e  07ToMiBrDe.241      
5008.873700 0.001150   1.150e-03   6 2 0 0 1 1 e  7 0 0 0 0 1 e  07ToMiBrDe.242      
3542.909850 0.001150   1.150e-03   5 1 0 0 1 2 e  6 0 0 0 0 1 e  07ToMiBrDe.243      
3659.167470 0.001150   1.150e-03   5 1 1 1 1 1 e  6 0 1 1 0 1 e  07ToMiBrDe.244      
4751.196960 0.001150   1.150e-03   5 2 0 0 1 3 e  6 0 0 0 0 1 e  07ToMiBrDe.245      
4862.525370 0.001150   1.150e-03   5 2 0 0 1 2 e  6 0 0 0 0 1 e  07ToMiBrDe.246      
4855.417740 0.001150   2.493e-03   5 2 1 1 1 2 e  6 0 1 1 0 1 e  07ToMiBrDe.247      
3659.909220 0.001150   1.150e-03   4 1 1 1 1 1 e  5 0 1 1 0 1 e  07ToMiBrDe.248      
4751.937140 0.001150   1.150e-03   4 2 0 0 1 3 e  5 0 0 0 0 1 e  07ToMiBrDe.249      
4863.270560 0.001150   1.150e-03   4 2 0 0 1 2 e  5 0 0 0 0 1 e  07ToMiBrDe.250      
5010.340250 0.001150   1.150e-03   4 2 0 0 1 1 e  5 0 0 0 0 1 e  07ToMiBrDe.251      
3652.238600 0.001150   1.150e-03   3 1 0 0 1 1 e  4 0 0 0 0 1 e  07ToMiBrDe.252      
3512.472620 0.001150   1.150e-03   3 1 1 1 1 2 e  4 0 1 1 0 1 e  07ToMiBrDe.253      
4752.671930 0.001150   1.150e-03   3 2 0 0 1 3 e  4 0 0 0 0 1 e  07ToMiBrDe.254      
4864.008920 0.001150   1.150e-03   3 2 0 0 1 2 e  4 0 0 0 0 1 e  07ToMiBrDe.255      
5011.067940 0.001150   1.150e-03   3 2 0 0 1 1 e  4 0 0 0 0 1 e  07ToMiBrDe.256      
3545.121580 0.001150   1.150e-03   2 1 0 0 1 2 e  3 0 0 0 0 1 e  07ToMiBrDe.257      
3652.966500 0.001150   1.150e-03   2 1 0 0 1 1 e  3 0 0 0 0 1 e  07ToMiBrDe.258      
4753.401560 0.001150   1.150e-03   2 2 0 0 1 3 e  3 0 0 0 0 1 e  07ToMiBrDe.259      
4864.741370 0.001150   1.150e-03   2 2 0 0 1 2 e  3 0 0 0 0 1 e  07ToMiBrDe.260      
2321.000700 0.001150   1.150e-03   1 0 0 0 1 1 e  2 0 0 0 0 1 e  07ToMiBrDe.261      
3653.689850 0.001150   1.150e-03   1 1 0 0 1 1 e  2 0 0 0 0 1 e  07ToMiBrDe.262      
3513.930950 0.001150   2.347e-03   1 1 1 1 1 2 e  2 0 1 1 0 1 e  07ToMiBrDe.263      
4865.467670 0.001150   1.150e-03   1 2 0 0 1 2 e  2 0 0 0 0 1 e  07ToMiBrDe.264      
2321.722000 0.001150   1.150e-03   0 0 0 0 1 1 e  1 0 0 0 0 1 e  07ToMiBrDe.265      
3546.566850 0.001150   1.150e-03   0 1 0 0 1 2 e  1 0 0 0 0 1 e  07ToMiBrDe.266      
4754.844900 0.001150   1.150e-03   0 2 0 0 1 3 e  1 0 0 0 0 1 e  07ToMiBrDe.267      
2323.142820 0.001150   1.150e-03   1 0 0 0 1 1 e  0 0 0 0 0 1 e  07ToMiBrDe.268      
3547.988750 0.001150   1.150e-03   1 1 0 0 1 2 e  0 0 0 0 0 1 e  07ToMiBrDe.269      
3655.831270 0.001150   1.150e-03   1 1 0 0 1 1 e  0 0 0 0 0 1 e  07ToMiBrDe.270      
4756.267350 0.001150   1.150e-03   1 2 0 0 1 3 e  0 0 0 0 0 1 e  07ToMiBrDe.271      
4867.609160 0.001150   1.150e-03   1 2 0 0 1 2 e  0 0 0 0 0 1 e  07ToMiBrDe.272      
4756.970950 0.001150   1.150e-03   2 2 0 0 1 3 e  1 0 0 0 0 1 e  07ToMiBrDe.273      
4868.310960 0.001150   1.150e-03   2 2 0 0 1 2 e  1 0 0 0 0 1 e  07ToMiBrDe.274      
3549.387220 0.001150   1.150e-03   3 1 0 0 1 2 e  2 0 0 0 0 1 e  07ToMiBrDe.275      
3657.235420 0.001150   1.150e-03   3 1 0 0 1 1 e  2 0 0 0 0 1 e  07ToMiBrDe.276      
4757.669100 0.001150   1.150e-03   3 2 0 0 1 3 e  2 0 0 0 0 1 e  07ToMiBrDe.277      
4869.005910 0.001150   1.150e-03   3 2 0 0 1 2 e  2 0 0 0 0 1 e  07ToMiBrDe.278      
5016.066150 0.001150   1.150e-03   3 2 0 0 1 1 e  2 0 0 0 0 1 e  07ToMiBrDe.279      
2325.233220 0.001150   1.150e-03   4 0 0 0 1 1 e  3 0 0 0 0 1 e  07ToMiBrDe.280      
3657.930400 0.001150   1.150e-03   4 1 0 0 1 1 e  3 0 0 0 0 1 e  07ToMiBrDe.281      
3518.168440 0.001150   1.150e-03   4 1 1 1 1 2 e  3 0 1 1 0 1 e  07ToMiBrDe.282      
3666.340680 0.001150   1.150e-03   4 1 1 1 1 1 e  3 0 1 1 0 1 e  07ToMiBrDe.283      
4758.361850 0.001150   1.150e-03   4 2 0 0 1 3 e  3 0 0 0 0 1 e  07ToMiBrDe.284      
4869.695050 0.001150   1.150e-03   4 2 0 0 1 2 e  3 0 0 0 0 1 e  07ToMiBrDe.285      
5016.765750 0.001150   1.150e-03   4 2 0 0 1 1 e  3 0 0 0 0 1 e  07ToMiBrDe.286      
2325.920100 0.001150   1.150e-03   5 0 0 0 1 1 e  4 0 0 0 0 1 e  07ToMiBrDe.287      
3550.762120 0.001150   1.150e-03   5 1 0 0 1 2 e  4 0 0 0 0 1 e  07ToMiBrDe.288      
3658.620400 0.001150   1.150e-03   5 1 0 0 1 1 e  4 0 0 0 0 1 e  07ToMiBrDe.289      
4759.049250 0.001150   1.150e-03   5 2 0 0 1 3 e  4 0 0 0 0 1 e  07ToMiBrDe.290      
4870.377940 0.001150   1.150e-03   5 2 0 0 1 2 e  4 0 0 0 0 1 e  07ToMiBrDe.291      
2326.600040 0.001150   1.150e-03   6 0 0 0 1 1 e  5 0 0 0 0 1 e  07ToMiBrDe.292      
3551.441000 0.001150   1.150e-03   6 1 0 0 1 2 e  5 0 0 0 0 1 e  07ToMiBrDe.293      
3659.306180 0.001150   1.150e-03   6 1 0 0 1 1 e  5 0 0 0 0 1 e  07ToMiBrDe.294      
4759.731450 0.001150   1.150e-03   6 2 0 0 1 3 e  5 0 0 0 0 1 e  07ToMiBrDe.295      
4871.054330 0.001150   1.150e-03   6 2 0 0 1 2 e  5 0 0 0 0 1 e  07ToMiBrDe.296      
2327.273850 0.001150   1.150e-03   7 0 0 0 1 1 e  6 0 0 0 0 1 e  07ToMiBrDe.297      
3552.113380 0.001150   1.150e-03   7 1 0 0 1 2 e  6 0 0 0 0 1 e  07ToMiBrDe.298      
4760.408510 0.001150   1.150e-03   7 2 0 0 1 3 e  6 0 0 0 0 1 e  07ToMiBrDe.299      
4871.724910 0.001150   1.150e-03   7 2 0 0 1 2 e  6 0 0 0 0 1 e  07ToMiBrDe.300      
5018.843040 0.001150   1.150e-03   7 2 0 0 1 1 e  6 0 0 0 0 1 e  07ToMiBrDe.301      
4864.624250 0.001150   1.150e-03   7 2 1 1 1 2 e  6 0 1 1 0 1 e  07ToMiBrDe.302      
2327.943060 0.001150   1.150e-03   8 0 0 0 1 1 e  7 0 0 0 0 1 e  07ToMiBrDe.303      
3552.780580 0.001150   1.150e-03   8 1 0 0 1 2 e  7 0 0 0 0 1 e  07ToMiBrDe.304      
3660.662330 0.001150   1.150e-03   8 1 0 0 1 1 e  7 0 0 0 0 1 e  07ToMiBrDe.305      
3520.876840 0.001150   1.150e-03   8 1 1 1 1 2 e  7 0 1 1 0 1 e  07ToMiBrDe.306      
4761.080160 0.001150   1.150e-03   8 2 0 0 1 3 e  7 0 0 0 0 1 e  07ToMiBrDe.307      
4872.388850 0.001150   1.150e-03   8 2 0 0 1 2 e  7 0 0 0 0 1 e  07ToMiBrDe.308      
4865.288460 0.001150   1.429e-03   8 2 1 1 1 2 e  7 0 1 1 0 1 e  07ToMiBrDe.309      
3661.333790 0.001150   1.150e-03   9 1 0 0 1 1 e  8 0 0 0 0 1 e  07ToMiBrDe.310      
3669.728760 0.001150   1.150e-03   9 1 1 1 1 1 e  8 0 1 1 0 1 e  07ToMiBrDe.311      
4761.746470 0.001150   1.150e-03   9 2 0 0 1 3 e  8 0 0 0 0 1 e  07ToMiBrDe.312      
4873.046960 0.001150   1.150e-03   9 2 0 0 1 2 e  8 0 0 0 0 1 e  07ToMiBrDe.313      
5020.210540 0.001150   1.150e-03   9 2 0 0 1 1 e  8 0 0 0 0 1 e  07ToMiBrDe.314      
4865.947570 0.001150   1.150e-03   9 2 1 1 1 2 e  8 0 1 1 0 1 e  07ToMiBrDe.315      
2329.264500 0.001150   1.150e-03   10 0 0 0 1 1 e 9 0 0 0 0 1 e  07ToMiBrDe.316      
3554.096560 0.001150   1.150e-03   10 1 0 0 1 2 e 9 0 0 0 0 1 e  07ToMiBrDe.317      
3522.196540 0.001150   1.150e-03   10 1 1 1 1 2 e 9 0 1 1 0 1 e  07ToMiBrDe.318      
3670.391590 0.001150   1.150e-03   10 1 1 1 1 1 e 9 0 1 1 0 1 e  07ToMiBrDe.319      
4762.407470 0.001150   1.150e-03   10 2 0 0 1 3 e 9 0 0 0 0 1 e  07ToMiBrDe.320      
4873.698570 0.001150   1.150e-03   10 2 0 0 1 2 e 9 0 0 0 0 1 e  07ToMiBrDe.321      
5020.888610 0.001150   1.150e-03   10 2 0 0 1 1 e 9 0 0 0 0 1 e  07ToMiBrDe.322      
3662.662550 0.001150   1.150e-03   11 1 0 0 1 1 e 10 0 0 0 0 1 e 07ToMiBrDe.323      
3522.847020 0.001150   1.150e-03   11 1 1 1 1 2 e 10 0 1 1 0 1 e 07ToMiBrDe.324      
3671.047460 0.001150   1.150e-03   11 1 1 1 1 1 e 10 0 1 1 0 1 e 07ToMiBrDe.325      
4763.063250 0.001150   1.150e-03   11 2 0 0 1 3 e 10 0 0 0 0 1 e 07ToMiBrDe.326      
5021.563280 0.001150   1.150e-03   11 2 0 0 1 1 e 10 0 0 0 0 1 e 07ToMiBrDe.327      
3555.389010 0.001150   1.150e-03   12 1 0 0 1 2 e 11 0 0 0 0 1 e 07ToMiBrDe.328      
3663.319130 0.001150   1.150e-03   12 1 0 0 1 1 e 11 0 0 0 0 1 e 07ToMiBrDe.329      
3523.492300 0.001150   1.150e-03   12 1 1 1 1 2 e 11 0 1 1 0 1 e 07ToMiBrDe.330      
4763.713640 0.001150   1.150e-03   12 2 0 0 1 3 e 11 0 0 0 0 1 e 07ToMiBrDe.331      
4874.983430 0.001150   1.150e-03   12 2 0 0 1 2 e 11 0 0 0 0 1 e 07ToMiBrDe.332      
5022.234750 0.001150   1.150e-03   12 2 0 0 1 1 e 11 0 0 0 0 1 e 07ToMiBrDe.333      
4867.884760 0.001150   1.150e-03   12 2 1 1 1 2 e 11 0 1 1 0 1 e 07ToMiBrDe.334      
3556.026280 0.001150   1.150e-03   13 1 0 0 1 2 e 12 0 0 0 0 1 e 07ToMiBrDe.335      
3663.971250 0.001150   1.150e-03   13 1 0 0 1 1 e 12 0 0 0 0 1 e 07ToMiBrDe.336      
3672.344500 0.001150   1.150e-03   13 1 1 1 1 1 e 12 0 1 1 0 1 e 07ToMiBrDe.337      
5022.902320 0.001150   1.150e-03   13 2 0 0 1 1 e 12 0 0 0 0 1 e 07ToMiBrDe.338      
4868.517790 0.001150   1.150e-03   13 2 1 1 1 2 e 12 0 1 1 0 1 e 07ToMiBrDe.339      
3664.618760 0.001150   1.150e-03   14 1 0 0 1 1 e 13 0 0 0 0 1 e 07ToMiBrDe.340      
3524.765240 0.001150   1.150e-03   14 1 1 1 1 2 e 13 0 1 1 0 1 e 07ToMiBrDe.341      
4764.998470 0.001150   1.150e-03   14 2 0 0 1 3 e 13 0 0 0 0 1 e 07ToMiBrDe.342      
4876.243470 0.001150   1.150e-03   14 2 0 0 1 2 e 13 0 0 0 0 1 e 07ToMiBrDe.343      
5023.566460 0.001150   1.150e-03   14 2 0 0 1 1 e 13 0 0 0 0 1 e 07ToMiBrDe.344      
3557.283330 0.001150   1.150e-03   15 1 0 0 1 2 e 14 0 0 0 0 1 e 07ToMiBrDe.345      
3665.261620 0.001150   1.150e-03   15 1 0 0 1 1 e 14 0 0 0 0 1 e 07ToMiBrDe.346      
4765.632480 0.001150   1.150e-03   15 2 0 0 1 3 e 14 0 0 0 0 1 e 07ToMiBrDe.347      
4876.864120 0.001150   1.150e-03   15 2 0 0 1 2 e 14 0 0 0 0 1 e 07ToMiBrDe.348      
5024.227260 0.001150   1.150e-03   15 2 0 0 1 1 e 14 0 0 0 0 1 e 07ToMiBrDe.349      
3557.902720 0.001150   1.150e-03   16 1 0 0 1 2 e 15 0 0 0 0 1 e 07ToMiBrDe.350      
3665.899970 0.001150   1.150e-03   16 1 0 0 1 1 e 15 0 0 0 0 1 e 07ToMiBrDe.351      
3526.015040 0.001150   1.150e-03   16 1 1 1 1 2 e 15 0 1 1 0 1 e 07ToMiBrDe.352      
4766.261220 0.001150   1.150e-03   16 2 0 0 1 3 e 15 0 0 0 0 1 e 07ToMiBrDe.353      
4877.478590 0.001150   1.150e-03   16 2 0 0 1 2 e 15 0 0 0 0 1 e 07ToMiBrDe.354      
5024.884400 0.001150   1.150e-03   16 2 0 0 1 1 e 15 0 0 0 0 1 e 07ToMiBrDe.355      
3558.516310 0.001150   1.150e-03   17 1 0 0 1 2 e 16 0 0 0 0 1 e 07ToMiBrDe.356      
3666.533150 0.001150   1.150e-03   17 1 0 0 1 1 e 16 0 0 0 0 1 e 07ToMiBrDe.357      
3526.631020 0.001150   1.150e-03   17 1 1 1 1 2 e 16 0 1 1 0 1 e 07ToMiBrDe.358      
4766.884730 0.001150   1.150e-03   17 2 0 0 1 3 e 16 0 0 0 0 1 e 07ToMiBrDe.359      
4878.086840 0.001150   1.150e-03   17 2 0 0 1 2 e 16 0 0 0 0 1 e 07ToMiBrDe.360      
5025.537910 0.001150   1.150e-03   17 2 0 0 1 1 e 16 0 0 0 0 1 e 07ToMiBrDe.361      
4870.988540 0.001150   1.150e-03   17 2 1 1 1 2 e 16 0 1 1 0 1 e 07ToMiBrDe.362      
2334.321010 0.001150   1.150e-03   18 0 0 0 1 1 e 17 0 0 0 0 1 e 07ToMiBrDe.363      
3559.123920 0.001150   1.150e-03   18 1 0 0 1 2 e 17 0 0 0 0 1 e 07ToMiBrDe.364      
3667.161500 0.001150   1.150e-03   18 1 0 0 1 1 e 17 0 0 0 0 1 e 07ToMiBrDe.365      
3675.494610 0.001150   1.150e-03   18 1 1 1 1 1 e 17 0 1 1 0 1 e 07ToMiBrDe.366      
4767.502680 0.001150   1.150e-03   18 2 0 0 1 3 e 17 0 0 0 0 1 e 07ToMiBrDe.367      
4878.688900 0.001150   1.150e-03   18 2 0 0 1 2 e 17 0 0 0 0 1 e 07ToMiBrDe.368      
5026.188300 0.001150   1.150e-03   18 2 0 0 1 1 e 17 0 0 0 0 1 e 07ToMiBrDe.369      
2334.927530 0.001150   1.150e-03   19 0 0 0 1 1 e 18 0 0 0 0 1 e 07ToMiBrDe.370      
3559.725600 0.001150   1.150e-03   19 1 0 0 1 2 e 18 0 0 0 0 1 e 07ToMiBrDe.371      
3667.785590 0.001150   1.150e-03   19 1 0 0 1 1 e 18 0 0 0 0 1 e 07ToMiBrDe.372      
3527.845710 0.001150   1.150e-03   19 1 1 1 1 2 e 18 0 1 1 0 1 e 07ToMiBrDe.373      
4768.115070 0.001150   1.150e-03   19 2 0 0 1 3 e 18 0 0 0 0 1 e 07ToMiBrDe.374      
4879.284870 0.001150   1.150e-03   19 2 0 0 1 2 e 18 0 0 0 0 1 e 07ToMiBrDe.375      
5026.834670 0.001150   1.150e-03   19 2 0 0 1 1 e 18 0 0 0 0 1 e 07ToMiBrDe.376      
4872.185620 0.001150   1.150e-03   19 2 1 1 1 2 e 18 0 1 1 0 1 e 07ToMiBrDe.377      
3668.405990 0.001150   1.150e-03   20 1 0 0 1 1 e 19 0 0 0 0 1 e 07ToMiBrDe.378      
3528.443900 0.001150   1.150e-03   20 1 1 1 1 2 e 19 0 1 1 0 1 e 07ToMiBrDe.379      
3676.716320 0.001150   1.150e-03   20 1 1 1 1 1 e 19 0 1 1 0 1 e 07ToMiBrDe.380      
4768.722060 0.001150   1.150e-03   20 2 0 0 1 3 e 19 0 0 0 0 1 e 07ToMiBrDe.381      
4879.874480 0.001150   1.150e-03   20 2 0 0 1 2 e 19 0 0 0 0 1 e 07ToMiBrDe.382      
5027.478190 0.001150   1.150e-03   20 2 0 0 1 1 e 19 0 0 0 0 1 e 07ToMiBrDe.383      
4872.775560 0.001150   1.450e-03   20 2 1 1 1 2 e 19 0 1 1 0 1 e 07ToMiBrDe.384      
2336.124060 0.001150   1.150e-03   21 0 0 0 1 1 e 20 0 0 0 0 1 e 07ToMiBrDe.385      
3669.019150 0.001150   1.150e-03   21 1 0 0 1 1 e 20 0 0 0 0 1 e 07ToMiBrDe.386      
4769.323850 0.001150   1.150e-03   21 2 0 0 1 3 e 20 0 0 0 0 1 e 07ToMiBrDe.387      
4880.457630 0.001150   1.150e-03   21 2 0 0 1 2 e 20 0 0 0 0 1 e 07ToMiBrDe.388      
5028.118140 0.001150   1.150e-03   21 2 0 0 1 1 e 20 0 0 0 0 1 e 07ToMiBrDe.389      
2336.713900 0.001150   1.150e-03   22 0 0 0 1 1 e 21 0 0 0 0 1 e 07ToMiBrDe.390      
3561.494610 0.001150   1.150e-03   22 1 0 0 1 2 e 21 0 0 0 0 1 e 07ToMiBrDe.391      
3669.629030 0.001150   1.150e-03   22 1 0 0 1 1 e 21 0 0 0 0 1 e 07ToMiBrDe.392      
3529.623260 0.001150   1.150e-03   22 1 1 1 1 2 e 21 0 1 1 0 1 e 07ToMiBrDe.393      
3677.919370 0.001150   1.150e-03   22 1 1 1 1 1 e 21 0 1 1 0 1 e 07ToMiBrDe.394      
4769.919950 0.001150   1.150e-03   22 2 0 0 1 3 e 21 0 0 0 0 1 e 07ToMiBrDe.395      
4881.035180 0.001150   1.150e-03   22 2 0 0 1 2 e 21 0 0 0 0 1 e 07ToMiBrDe.396      
5028.754460 0.001150   1.150e-03   22 2 0 0 1 1 e 21 0 0 0 0 1 e 07ToMiBrDe.397      
4873.933180 0.001150   1.150e-03   22 2 1 1 1 2 e 21 0 1 1 0 1 e 07ToMiBrDe.398      
2337.297960 0.001150   1.150e-03   23 0 0 0 1 1 e 22 0 0 0 0 1 e 07ToMiBrDe.399      
3562.072230 0.001150   1.150e-03   23 1 0 0 1 2 e 22 0 0 0 0 1 e 07ToMiBrDe.400      
3670.234170 0.001150   1.150e-03   23 1 0 0 1 1 e 22 0 0 0 0 1 e 07ToMiBrDe.401      
3530.204250 0.001150   1.150e-03   23 1 1 1 1 2 e 22 0 1 1 0 1 e 07ToMiBrDe.402      
3678.512040 0.001150   1.150e-03   23 1 1 1 1 1 e 22 0 1 1 0 1 e 07ToMiBrDe.403      
4770.510530 0.001150   1.150e-03   23 2 0 0 1 3 e 22 0 0 0 0 1 e 07ToMiBrDe.404      
4881.606220 0.001150   1.150e-03   23 2 0 0 1 2 e 22 0 0 0 0 1 e 07ToMiBrDe.405      
5029.387280 0.001150   1.150e-03   23 2 0 0 1 1 e 22 0 0 0 0 1 e 07ToMiBrDe.406      
3562.643930 0.001150   1.150e-03   24 1 0 0 1 2 e 23 0 0 0 0 1 e 07ToMiBrDe.407      
3530.779770 0.001150   1.150e-03   24 1 1 1 1 2 e 23 0 1 1 0 1 e 07ToMiBrDe.408      
3679.099390 0.001150   1.150e-03   24 1 1 1 1 1 e 23 0 1 1 0 1 e 07ToMiBrDe.409      
4771.095450 0.001150   1.150e-03   24 2 0 0 1 3 e 23 0 0 0 0 1 e 07ToMiBrDe.410      
4882.171210 0.001150   1.150e-03   24 2 0 0 1 2 e 23 0 0 0 0 1 e 07ToMiBrDe.411      
4875.067620 0.001150   1.150e-03   24 2 1 1 1 2 e 23 0 1 1 0 1 e 07ToMiBrDe.412      
3563.209490 0.001150   1.150e-03   25 1 0 0 1 2 e 24 0 0 0 0 1 e 07ToMiBrDe.413      
3679.681650 0.001150   1.150e-03   25 1 1 1 1 1 e 24 0 1 1 0 1 e 07ToMiBrDe.414      
4771.674850 0.001150   1.150e-03   25 2 0 0 1 3 e 24 0 0 0 0 1 e 07ToMiBrDe.415      
4882.729870 0.001150   1.150e-03   25 2 0 0 1 2 e 24 0 0 0 0 1 e 07ToMiBrDe.416      
3563.768720 0.001150   1.150e-03   26 1 0 0 1 2 e 25 0 0 0 0 1 e 07ToMiBrDe.417      
3672.021400 0.001150   1.150e-03   26 1 0 0 1 1 e 25 0 0 0 0 1 e 07ToMiBrDe.418      
3531.910510 0.001150   1.150e-03   26 1 1 1 1 2 e 25 0 1 1 0 1 e 07ToMiBrDe.419      
4883.282510 0.001150   1.150e-03   26 2 0 0 1 2 e 25 0 0 0 0 1 e 07ToMiBrDe.420      
3564.322370 0.001150   1.150e-03   27 1 0 0 1 2 e 26 0 0 0 0 1 e 07ToMiBrDe.421      
3672.607710 0.001150   1.150e-03   27 1 0 0 1 1 e 26 0 0 0 0 1 e 07ToMiBrDe.422      
3532.468670 0.001150   1.150e-03   27 1 1 1 1 2 e 26 0 1 1 0 1 e 07ToMiBrDe.423      
4772.816690 0.001150   1.150e-03   27 2 0 0 1 3 e 26 0 0 0 0 1 e 07ToMiBrDe.424      
4883.828820 0.001150   1.150e-03   27 2 0 0 1 2 e 26 0 0 0 0 1 e 07ToMiBrDe.425      
4876.722880 0.001150   1.275e-03   27 2 1 1 1 2 e 26 0 1 1 0 1 e 07ToMiBrDe.426      
2340.132800 0.001150   1.150e-03   28 0 0 0 1 1 e 27 0 0 0 0 1 e 07ToMiBrDe.427      
3564.869920 0.001150   1.150e-03   28 1 0 0 1 2 e 27 0 0 0 0 1 e 07ToMiBrDe.428      
3673.189570 0.001150   1.150e-03   28 1 0 0 1 1 e 27 0 0 0 0 1 e 07ToMiBrDe.429      
3533.019780 0.001150   1.150e-03   28 1 1 1 1 2 e 27 0 1 1 0 1 e 07ToMiBrDe.430      
4773.379220 0.001150   1.150e-03   28 2 0 0 1 3 e 27 0 0 0 0 1 e 07ToMiBrDe.431      
4884.369020 0.001150   1.150e-03   28 2 0 0 1 2 e 27 0 0 0 0 1 e 07ToMiBrDe.432      
5032.500980 0.001150   1.150e-03   28 2 0 0 1 1 e 27 0 0 0 0 1 e 07ToMiBrDe.433      
4877.259280 0.001150   1.150e-03   28 2 1 1 1 2 e 27 0 1 1 0 1 e 07ToMiBrDe.434      
2340.682910 0.001150   1.150e-03   29 0 0 0 1 1 e 28 0 0 0 0 1 e 07ToMiBrDe.435      
3681.959350 0.001150   1.150e-03   29 1 1 1 1 1 e 28 0 1 1 0 1 e 07ToMiBrDe.436      
4884.903200 0.001150   1.150e-03   29 2 0 0 1 2 e 28 0 0 0 0 1 e 07ToMiBrDe.437      
5033.113380 0.001150   1.150e-03   29 2 0 0 1 1 e 28 0 0 0 0 1 e 07ToMiBrDe.438      
2341.226900 0.001150   1.150e-03   30 0 0 0 1 1 e 29 0 0 0 0 1 e 07ToMiBrDe.439      
3565.946510 0.001150   1.150e-03   30 1 0 0 1 2 e 29 0 0 0 0 1 e 07ToMiBrDe.440      
3534.104350 0.001150   1.150e-03   30 1 1 1 1 2 e 29 0 1 1 0 1 e 07ToMiBrDe.441      
3682.515300 0.001150   1.150e-03   30 1 1 1 1 1 e 29 0 1 1 0 1 e 07ToMiBrDe.442      
4774.487140 0.001150   1.150e-03   30 2 0 0 1 3 e 29 0 0 0 0 1 e 07ToMiBrDe.443      
4885.431150 0.001150   1.150e-03   30 2 0 0 1 2 e 29 0 0 0 0 1 e 07ToMiBrDe.444      
4878.318640 0.001150   1.150e-03   30 2 1 1 1 2 e 29 0 1 1 0 1 e 07ToMiBrDe.445      
2341.765500 0.001150   1.150e-03   31 0 0 0 1 1 e 30 0 0 0 0 1 e 07ToMiBrDe.446      
3566.475460 0.001150   1.150e-03   31 1 0 0 1 2 e 30 0 0 0 0 1 e 07ToMiBrDe.447      
3534.636640 0.001150   1.557e-03   31 1 1 1 1 2 e 30 0 1 1 0 1 e 07ToMiBrDe.448      
4775.032420 0.001150   1.150e-03   31 2 0 0 1 3 e 30 0 0 0 0 1 e 07ToMiBrDe.449      
4885.952890 0.001150   1.150e-03   31 2 0 0 1 2 e 30 0 0 0 0 1 e 07ToMiBrDe.450      
4878.839880 0.001150   1.150e-03   31 2 1 1 1 2 e 30 0 1 1 0 1 e 07ToMiBrDe.451      
2342.298550 0.001150   1.150e-03   32 0 0 0 1 1 e 31 0 0 0 0 1 e 07ToMiBrDe.452      
3566.998530 0.001150   1.150e-03   32 1 0 0 1 2 e 31 0 0 0 0 1 e 07ToMiBrDe.453      
3675.469790 0.001150   1.150e-03   32 1 0 0 1 1 e 31 0 0 0 0 1 e 07ToMiBrDe.454      
3683.610040 0.001150   1.150e-03   32 1 1 1 1 1 e 31 0 1 1 0 1 e 07ToMiBrDe.455      
4775.572040 0.001150   1.150e-03   32 2 0 0 1 3 e 31 0 0 0 0 1 e 07ToMiBrDe.456      
4886.468650 0.001150   1.150e-03   32 2 0 0 1 2 e 31 0 0 0 0 1 e 07ToMiBrDe.457      
5034.931410 0.001150   1.150e-03   32 2 0 0 1 1 e 31 0 0 0 0 1 e 07ToMiBrDe.458      
3567.515510 0.001150   1.150e-03   33 1 0 0 1 2 e 32 0 0 0 0 1 e 07ToMiBrDe.459      
3535.686760 0.001150   1.150e-03   33 1 1 1 1 2 e 32 0 1 1 0 1 e 07ToMiBrDe.460      
3684.151100 0.001150   1.150e-03   33 1 1 1 1 1 e 32 0 1 1 0 1 e 07ToMiBrDe.461      
4776.106100 0.001150   1.150e-03   33 2 0 0 1 3 e 32 0 0 0 0 1 e 07ToMiBrDe.462      
4886.978290 0.001150   1.150e-03   33 2 0 0 1 2 e 32 0 0 0 0 1 e 07ToMiBrDe.463      
5035.531430 0.001150   1.150e-03   33 2 0 0 1 1 e 32 0 0 0 0 1 e 07ToMiBrDe.464      
3568.025780 0.001150   1.150e-03   34 1 0 0 1 2 e 33 0 0 0 0 1 e 07ToMiBrDe.465      
3684.685330 0.001150   1.150e-03   34 1 1 1 1 1 e 33 0 1 1 0 1 e 07ToMiBrDe.466      
4776.633920 0.001150   1.150e-03   34 2 0 0 1 3 e 33 0 0 0 0 1 e 07ToMiBrDe.467      
4887.481730 0.001150   1.150e-03   34 2 0 0 1 2 e 33 0 0 0 0 1 e 07ToMiBrDe.468      
5036.127000 0.001150   1.150e-03   34 2 0 0 1 1 e 33 0 0 0 0 1 e 07ToMiBrDe.469      
2343.862750 0.001150   1.150e-03   35 0 0 0 1 1 e 34 0 0 0 0 1 e 07ToMiBrDe.470      
3568.530730 0.001150   1.150e-03   35 1 0 0 1 2 e 34 0 0 0 0 1 e 07ToMiBrDe.471      
3536.711490 0.001150   1.150e-03   35 1 1 1 1 2 e 34 0 1 1 0 1 e 07ToMiBrDe.472      
4777.156030 0.001150   1.150e-03   35 2 0 0 1 3 e 34 0 0 0 0 1 e 07ToMiBrDe.473      
4887.979380 0.001150   1.150e-03   35 2 0 0 1 2 e 34 0 0 0 0 1 e 07ToMiBrDe.474      
3569.029230 0.001150   1.150e-03   36 1 0 0 1 2 e 35 0 0 0 0 1 e 07ToMiBrDe.475      
3677.676390 0.001150   1.150e-03   36 1 0 0 1 1 e 35 0 0 0 0 1 e 07ToMiBrDe.476      
4777.672420 0.001150   1.150e-03   36 2 0 0 1 3 e 35 0 0 0 0 1 e 07ToMiBrDe.477      
4888.470500 0.001150   1.150e-03   36 2 0 0 1 2 e 35 0 0 0 0 1 e 07ToMiBrDe.478      
2344.877150 0.001150   1.150e-03   37 0 0 0 1 1 e 36 0 0 0 0 1 e 07ToMiBrDe.479      
3569.521200 0.001150   1.150e-03   37 1 0 0 1 2 e 36 0 0 0 0 1 e 07ToMiBrDe.480      
3678.216560 0.001150   1.150e-03   37 1 0 0 1 1 e 36 0 0 0 0 1 e 07ToMiBrDe.481      
3537.710370 0.001150   1.998e-03   37 1 1 1 1 2 e 36 0 1 1 0 1 e 07ToMiBrDe.482      
4778.182510 0.001150   1.150e-03   37 2 0 0 1 3 e 36 0 0 0 0 1 e 07ToMiBrDe.483      
4888.955690 0.001150   1.150e-03   37 2 0 0 1 2 e 36 0 0 0 0 1 e 07ToMiBrDe.484      
5037.897190 0.001150   1.150e-03   37 2 0 0 1 1 e 36 0 0 0 0 1 e 07ToMiBrDe.485      
2345.376030 0.001150   1.150e-03   38 0 0 0 1 1 e 37 0 0 0 0 1 e 07ToMiBrDe.486      
3570.007220 0.001150   1.150e-03   38 1 0 0 1 2 e 37 0 0 0 0 1 e 07ToMiBrDe.487      
3686.773120 0.001150   1.150e-03   38 1 1 1 1 1 e 37 0 1 1 0 1 e 07ToMiBrDe.488      
4778.687210 0.001150   1.150e-03   38 2 0 0 1 3 e 37 0 0 0 0 1 e 07ToMiBrDe.489      
4889.435110 0.001150   1.150e-03   38 2 0 0 1 2 e 37 0 0 0 0 1 e 07ToMiBrDe.490      
3570.486720 0.001150   1.150e-03   39 1 0 0 1 2 e 38 0 0 0 0 1 e 07ToMiBrDe.491      
4779.185290 0.001150   1.150e-03   39 2 0 0 1 3 e 38 0 0 0 0 1 e 07ToMiBrDe.492      
4889.908060 0.001150   1.150e-03   39 2 0 0 1 2 e 38 0 0 0 0 1 e 07ToMiBrDe.493      
2346.356060 0.001150   1.150e-03   40 0 0 0 1 1 e 39 0 0 0 0 1 e 07ToMiBrDe.494      
3570.960440 0.001150   1.150e-03   40 1 0 0 1 2 e 39 0 0 0 0 1 e 07ToMiBrDe.495      
3679.809520 0.001150   1.150e-03   40 1 0 0 1 1 e 39 0 0 0 0 1 e 07ToMiBrDe.496      
3539.166570 0.001150   1.867e-03   40 1 1 1 1 2 e 39 0 1 1 0 1 e 07ToMiBrDe.497      
4890.375220 0.001150   1.150e-03   40 2 0 0 1 2 e 39 0 0 0 0 1 e 07ToMiBrDe.498      
3539.641770 0.001150   1.150e-03   41 1 1 1 1 2 e 40 0 1 1 0 1 e 07ToMiBrDe.499      
4780.164130 0.001150   1.150e-03   41 2 0 0 1 3 e 40 0 0 0 0 1 e 07ToMiBrDe.500      
4890.836140 0.001150   1.150e-03   41 2 0 0 1 2 e 40 0 0 0 0 1 e 07ToMiBrDe.501      
4780.644240 0.001150   1.150e-03   42 2 0 0 1 3 e 41 0 0 0 0 1 e 07ToMiBrDe.502      
4891.291420 0.001150   1.150e-03   42 2 0 0 1 2 e 41 0 0 0 0 1 e 07ToMiBrDe.503      
5040.784300 0.001150   1.150e-03   42 2 0 0 1 1 e 41 0 0 0 0 1 e 07ToMiBrDe.504      
2347.783400 0.001150   1.150e-03   43 0 0 0 1 1 e 42 0 0 0 0 1 e 07ToMiBrDe.505      
3572.343160 0.001150   1.150e-03   43 1 0 0 1 2 e 42 0 0 0 0 1 e 07ToMiBrDe.506      
3681.362120 0.001150   1.150e-03   43 1 0 0 1 1 e 42 0 0 0 0 1 e 07ToMiBrDe.507      
3540.569670 0.001150   1.150e-03   43 1 1 1 1 2 e 42 0 1 1 0 1 e 07ToMiBrDe.508      
4781.118400 0.001150   1.150e-03   43 2 0 0 1 3 e 42 0 0 0 0 1 e 07ToMiBrDe.509      
4891.740310 0.001150   1.150e-03   43 2 0 0 1 2 e 42 0 0 0 0 1 e 07ToMiBrDe.510      
2348.247630 0.001150   1.150e-03   44 0 0 0 1 1 e 43 0 0 0 0 1 e 07ToMiBrDe.511      
3572.791560 0.001150   1.150e-03   44 1 0 0 1 2 e 43 0 0 0 0 1 e 07ToMiBrDe.512      
3681.870550 0.001150   1.150e-03   44 1 0 0 1 1 e 43 0 0 0 0 1 e 07ToMiBrDe.513      
3541.025570 0.001150   1.150e-03   44 1 1 1 1 2 e 43 0 1 1 0 1 e 07ToMiBrDe.514      
3689.747220 0.001150   1.150e-03   44 1 1 1 1 1 e 43 0 1 1 0 1 e 07ToMiBrDe.515      
4781.586240 0.001150   1.150e-03   44 2 0 0 1 3 e 43 0 0 0 0 1 e 07ToMiBrDe.516      
4892.183640 0.001150   1.150e-03   44 2 0 0 1 2 e 43 0 0 0 0 1 e 07ToMiBrDe.517      
3573.233520 0.001150   1.150e-03   45 1 0 0 1 2 e 44 0 0 0 0 1 e 07ToMiBrDe.518      
3682.374470 0.001150   1.150e-03   45 1 0 0 1 1 e 44 0 0 0 0 1 e 07ToMiBrDe.519      
3541.474680 0.001150   1.150e-03   45 1 1 1 1 2 e 44 0 1 1 0 1 e 07ToMiBrDe.520      
4782.047960 0.001150   1.150e-03   45 2 0 0 1 3 e 44 0 0 0 0 1 e 07ToMiBrDe.521      
2349.159400 0.001150   1.150e-03   46 0 0 0 1 1 e 45 0 0 0 0 1 e 07ToMiBrDe.522      
3573.669160 0.001150   1.150e-03   46 1 0 0 1 2 e 45 0 0 0 0 1 e 07ToMiBrDe.523      
4893.052430 0.001150   1.150e-03   46 2 0 0 1 2 e 45 0 0 0 0 1 e 07ToMiBrDe.524      
2349.606270 0.001150   1.150e-03   47 0 0 0 1 1 e 46 0 0 0 0 1 e 07ToMiBrDe.525      
3574.098490 0.001150   1.150e-03   47 1 0 0 1 2 e 46 0 0 0 0 1 e 07ToMiBrDe.526      
4782.952680 0.001150   1.150e-03   47 2 0 0 1 3 e 46 0 0 0 0 1 e 07ToMiBrDe.527      
4893.477980 0.001150   1.150e-03   47 2 0 0 1 2 e 46 0 0 0 0 1 e 07ToMiBrDe.528      
2350.047700 0.001150   1.150e-03   48 0 0 0 1 1 e 47 0 0 0 0 1 e 07ToMiBrDe.529      
3691.625630 0.001150   1.150e-03   48 1 1 1 1 1 e 47 0 1 1 0 1 e 07ToMiBrDe.530      
4783.395610 0.001150   1.150e-03   48 2 0 0 1 3 e 47 0 0 0 0 1 e 07ToMiBrDe.531      
2350.482360 0.001150   1.150e-03   49 0 0 0 1 1 e 48 0 0 0 0 1 e 07ToMiBrDe.532      
3684.346280 0.001150   1.150e-03   49 1 0 0 1 1 e 48 0 0 0 0 1 e 07ToMiBrDe.533      
3543.208710 0.001150   1.150e-03   49 1 1 1 1 2 e 48 0 1 1 0 1 e 07ToMiBrDe.534      
3684.828050 0.001150   1.150e-03   50 1 0 0 1 1 e 49 0 0 0 0 1 e 07ToMiBrDe.535      
4784.261660 0.001150   1.150e-03   50 2 0 0 1 3 e 49 0 0 0 0 1 e 07ToMiBrDe.536      
2351.337890 0.001150   1.150e-03   51 0 0 0 1 1 e 50 0 0 0 0 1 e 07ToMiBrDe.537      
3575.751640 0.001150   1.150e-03   51 1 0 0 1 2 e 50 0 0 0 0 1 e 07ToMiBrDe.538      
3685.305550 0.001150   1.150e-03   51 1 0 0 1 1 e 50 0 0 0 0 1 e 07ToMiBrDe.539      
4784.685500 0.001150   1.150e-03   51 2 0 0 1 3 e 50 0 0 0 0 1 e 07ToMiBrDe.540      
4895.121230 0.001150   1.150e-03   51 2 0 0 1 2 e 50 0 0 0 0 1 e 07ToMiBrDe.541      
2351.755750 0.001150   1.150e-03   52 0 0 0 1 1 e 51 0 0 0 0 1 e 07ToMiBrDe.542      
4895.907930 0.001150   1.150e-03   53 2 0 0 1 2 e 52 0 0 0 0 1 e 07ToMiBrDe.543      
3576.923520 0.001150   1.150e-03   54 1 0 0 1 2 e 53 0 0 0 0 1 e 07ToMiBrDe.544      
4896.293520 0.001150   1.150e-03   54 2 0 0 1 2 e 53 0 0 0 0 1 e 07ToMiBrDe.545      
3577.300640 0.001150   1.150e-03   55 1 0 0 1 2 e 54 0 0 0 0 1 e 07ToMiBrDe.546      
3577.672200 0.001150   1.150e-03   56 1 0 0 1 2 e 55 0 0 0 0 1 e 07ToMiBrDe.547      
3578.036890 0.001150   1.150e-03   57 1 0 0 1 2 e 56 0 0 0 0 1 e 07ToMiBrDe.548      
2354.145550 0.001150   1.150e-03   58 0 0 0 1 1 e 57 0 0 0 0 1 e 07ToMiBrDe.549      
3578.394870 0.001150   1.150e-03   58 1 0 0 1 2 e 57 0 0 0 0 1 e 07ToMiBrDe.550      
2354.896210 0.001150   1.150e-03   60 0 0 0 1 1 e 59 0 0 0 0 1 e 07ToMiBrDe.551      
2355.623690 0.001150   1.150e-03   62 0 0 0 1 1 e 61 0 0 0 0 1 e 07ToMiBrDe.552      
3579.760790 0.001150   1.150e-03   62 1 0 0 1 2 e 61 0 0 0 0 1 e 07ToMiBrDe.553      
2356.328070 0.001150   1.150e-03   64 0 0 0 1 1 e 63 0 0 0 0 1 e 07ToMiBrDe.554      
2357.667380 0.001150   1.150e-03   68 0 0 0 1 1 e 67 0 0 0 0 1 e 07ToMiBrDe.555      
2358.611220 0.001150   1.150e-03   71 0 0 0 1 1 e 70 0 0 0 0 1 e 07ToMiBrDe.556      
2358.914570 0.001150   1.150e-03   72 0 0 0 1 1 e 71 0 0 0 0 1 e 07ToMiBrDe.557      
2359.503290 0.001150   1.150e-03   74 0 0 0 1 1 e 73 0 0 0 0 1 e 07ToMiBrDe.558      
3616.422560 0.001150   1.024e-02   55 1 1 1 1 1 f 56 0 1 1 0 1 f 07ToMiBrDe.559      
3474.918710 0.001150   1.150e-03   47 1 1 1 1 2 f 48 0 1 1 0 1 f 07ToMiBrDe.560      
3475.891220 0.001150   1.150e-03   46 1 1 1 1 2 f 47 0 1 1 0 1 f 07ToMiBrDe.561      
3476.857900 0.001150   1.472e-03   45 1 1 1 1 2 f 46 0 1 1 0 1 f 07ToMiBrDe.562      
3477.817550 0.001150   1.150e-03   44 1 1 1 1 2 f 45 0 1 1 0 1 f 07ToMiBrDe.563      
3481.602460 0.001150   1.150e-03   40 1 1 1 1 2 f 41 0 1 1 0 1 f 07ToMiBrDe.564      
3630.401080 0.001150   1.150e-03   40 1 1 1 1 1 f 41 0 1 1 0 1 f 07ToMiBrDe.565      
3482.534390 0.001150   1.150e-03   39 1 1 1 1 2 f 40 0 1 1 0 1 f 07ToMiBrDe.566      
3483.461460 0.001150   1.150e-03   38 1 1 1 1 2 f 39 0 1 1 0 1 f 07ToMiBrDe.567      
3632.192360 0.001150   1.150e-03   38 1 1 1 1 1 f 39 0 1 1 0 1 f 07ToMiBrDe.568      
3485.298130 0.001150   1.150e-03   36 1 1 1 1 2 f 37 0 1 1 0 1 f 07ToMiBrDe.569      
3486.209240 0.001150   1.150e-03   35 1 1 1 1 2 f 36 0 1 1 0 1 f 07ToMiBrDe.570      
3634.847920 0.001150   1.150e-03   35 1 1 1 1 1 f 36 0 1 1 0 1 f 07ToMiBrDe.571      
3487.114050 0.001150   1.150e-03   34 1 1 1 1 2 f 35 0 1 1 0 1 f 07ToMiBrDe.572      
3635.724570 0.001150   1.150e-03   34 1 1 1 1 1 f 35 0 1 1 0 1 f 07ToMiBrDe.573      
3636.596120 0.001150   1.150e-03   33 1 1 1 1 1 f 34 0 1 1 0 1 f 07ToMiBrDe.574      
3637.464160 0.001150   1.150e-03   32 1 1 1 1 1 f 33 0 1 1 0 1 f 07ToMiBrDe.575      
3489.794920 0.001150   1.150e-03   31 1 1 1 1 2 f 32 0 1 1 0 1 f 07ToMiBrDe.576      
3490.677300 0.001150   1.153e-03   30 1 1 1 1 2 f 31 0 1 1 0 1 f 07ToMiBrDe.577      
3639.185870 0.001150   1.150e-03   30 1 1 1 1 1 f 31 0 1 1 0 1 f 07ToMiBrDe.578      
3491.555150 0.001150   1.150e-03   29 1 1 1 1 2 f 30 0 1 1 0 1 f 07ToMiBrDe.579      
3640.040250 0.001150   1.150e-03   29 1 1 1 1 1 f 30 0 1 1 0 1 f 07ToMiBrDe.580      
4835.989220 0.001150   2.454e-03   29 2 1 1 1 2 f 30 0 1 1 0 1 f 07ToMiBrDe.581      
3492.427590 0.001150   1.150e-03   28 1 1 1 1 2 f 29 0 1 1 0 1 f 07ToMiBrDe.582      
3640.889220 0.001150   1.150e-03   28 1 1 1 1 1 f 29 0 1 1 0 1 f 07ToMiBrDe.583      
4837.729180 0.001150   1.984e-03   27 2 1 1 1 2 f 28 0 1 1 0 1 f 07ToMiBrDe.584      
3494.155360 0.001150   1.150e-03   26 1 1 1 1 2 f 27 0 1 1 0 1 f 07ToMiBrDe.585      
3495.010950 0.001150   1.150e-03   25 1 1 1 1 2 f 26 0 1 1 0 1 f 07ToMiBrDe.586      
4839.441890 0.001150   1.150e-03   25 2 1 1 1 2 f 26 0 1 1 0 1 f 07ToMiBrDe.587      
3644.242490 0.001150   1.150e-03   24 1 1 1 1 1 f 25 0 1 1 0 1 f 07ToMiBrDe.588      
3496.706020 0.001150   1.150e-03   23 1 1 1 1 2 f 24 0 1 1 0 1 f 07ToMiBrDe.589      
4841.136560 0.001150   1.150e-03   23 2 1 1 1 2 f 24 0 1 1 0 1 f 07ToMiBrDe.590      
3497.545260 0.001150   1.150e-03   22 1 1 1 1 2 f 23 0 1 1 0 1 f 07ToMiBrDe.591      
3645.891630 0.001150   1.150e-03   22 1 1 1 1 1 f 23 0 1 1 0 1 f 07ToMiBrDe.592      
4841.975270 0.001150   1.150e-03   22 2 1 1 1 2 f 23 0 1 1 0 1 f 07ToMiBrDe.593      
3498.379670 0.001150   1.150e-03   21 1 1 1 1 2 f 22 0 1 1 0 1 f 07ToMiBrDe.594      
3499.208070 0.001150   1.150e-03   20 1 1 1 1 2 f 21 0 1 1 0 1 f 07ToMiBrDe.595      
3500.031460 0.001150   1.150e-03   19 1 1 1 1 2 f 20 0 1 1 0 1 f 07ToMiBrDe.596      
4844.460260 0.001150   1.150e-03   19 2 1 1 1 2 f 20 0 1 1 0 1 f 07ToMiBrDe.597      
3500.849410 0.001150   1.150e-03   18 1 1 1 1 2 f 19 0 1 1 0 1 f 07ToMiBrDe.598      
4845.278190 0.001150   1.150e-03   18 2 1 1 1 2 f 19 0 1 1 0 1 f 07ToMiBrDe.599      
3501.661710 0.001150   1.150e-03   17 1 1 1 1 2 f 18 0 1 1 0 1 f 07ToMiBrDe.600      
3502.468880 0.001150   1.150e-03   16 1 1 1 1 2 f 17 0 1 1 0 1 f 07ToMiBrDe.601      
4846.896620 0.001150   1.347e-03   16 2 1 1 1 2 f 17 0 1 1 0 1 f 07ToMiBrDe.602      
4847.700310 0.001150   1.150e-03   15 2 1 1 1 2 f 16 0 1 1 0 1 f 07ToMiBrDe.603      
3504.066970 0.001150   1.150e-03   14 1 1 1 1 2 f 15 0 1 1 0 1 f 07ToMiBrDe.604      
3652.307760 0.001150   1.150e-03   14 1 1 1 1 1 f 15 0 1 1 0 1 f 07ToMiBrDe.605      
4848.495350 0.001150   1.150e-03   14 2 1 1 1 2 f 15 0 1 1 0 1 f 07ToMiBrDe.606      
3504.857110 0.001150   1.150e-03   13 1 1 1 1 2 f 14 0 1 1 0 1 f 07ToMiBrDe.607      
3653.088690 0.001150   1.150e-03   13 1 1 1 1 1 f 14 0 1 1 0 1 f 07ToMiBrDe.608      
4849.285010 0.001150   1.943e-03   13 2 1 1 1 2 f 14 0 1 1 0 1 f 07ToMiBrDe.609      
3505.643380 0.001150   1.150e-03   12 1 1 1 1 2 f 13 0 1 1 0 1 f 07ToMiBrDe.610      
3653.865210 0.001150   1.150e-03   12 1 1 1 1 1 f 13 0 1 1 0 1 f 07ToMiBrDe.611      
3506.423590 0.001150   1.150e-03   11 1 1 1 1 2 f 12 0 1 1 0 1 f 07ToMiBrDe.612      
3507.198520 0.001150   1.150e-03   10 1 1 1 1 2 f 11 0 1 1 0 1 f 07ToMiBrDe.613      
3655.403550 0.001150   1.150e-03   10 1 1 1 1 1 f 11 0 1 1 0 1 f 07ToMiBrDe.614      
4852.396670 0.001150   1.179e-03   9 2 1 1 1 2 f  10 0 1 1 0 1 f 07ToMiBrDe.615      
4853.162840 0.001150   1.150e-03   8 2 1 1 1 2 f  9 0 1 1 0 1 f  07ToMiBrDe.616      
3510.243950 0.001150   1.150e-03   6 1 1 1 1 2 f  7 0 1 1 0 1 f  07ToMiBrDe.617      
3659.171930 0.001150   1.659e-03   5 1 1 1 1 1 f  6 0 1 1 0 1 f  07ToMiBrDe.618      
3659.909220 0.001150   1.181e-03   4 1 1 1 1 1 f  5 0 1 1 0 1 f  07ToMiBrDe.619      
3512.472620 0.001150   1.150e-03   3 1 1 1 1 2 f  4 0 1 1 0 1 f  07ToMiBrDe.620      
3513.930670 0.001150   1.843e-03   1 1 1 1 1 2 f  2 0 1 1 0 1 f  07ToMiBrDe.621      
3518.176800 0.001150   1.150e-03   4 1 1 1 1 2 f  3 0 1 1 0 1 f  07ToMiBrDe.622      
3666.350340 0.001150   1.150e-03   4 1 1 1 1 1 f  3 0 1 1 0 1 f  07ToMiBrDe.623      
4862.602220 0.001150   4.483e-03   4 2 1 1 1 2 f  3 0 1 1 0 1 f  07ToMiBrDe.624      
3518.864280 0.001150   1.150e-03   5 1 1 1 1 2 f  4 0 1 1 0 1 f  07ToMiBrDe.625      
4863.977550 0.001150   1.272e-03   6 2 1 1 1 2 f  5 0 1 1 0 1 f  07ToMiBrDe.626      
3520.226740 0.001150   1.150e-03   7 1 1 1 1 2 f  6 0 1 1 0 1 f  07ToMiBrDe.627      
4864.655350 0.001150   1.150e-03   7 2 1 1 1 2 f  6 0 1 1 0 1 f  07ToMiBrDe.628      
3520.898810 0.001150   1.150e-03   8 1 1 1 1 2 f  7 0 1 1 0 1 f  07ToMiBrDe.629      
3669.090810 0.001150   1.150e-03   8 1 1 1 1 1 f  7 0 1 1 0 1 f  07ToMiBrDe.630      
4865.328120 0.001150   1.150e-03   8 2 1 1 1 2 f  7 0 1 1 0 1 f  07ToMiBrDe.631      
3521.566160 0.001150   1.150e-03   9 1 1 1 1 2 f  8 0 1 1 0 1 f  07ToMiBrDe.632      
4865.996200 0.001150   1.150e-03   9 2 1 1 1 2 f  8 0 1 1 0 1 f  07ToMiBrDe.633      
3670.433670 0.001150   1.150e-03   10 1 1 1 1 1 f 9 0 1 1 0 1 f  07ToMiBrDe.634      
4866.658180 0.001150   1.150e-03   10 2 1 1 1 2 f 9 0 1 1 0 1 f  07ToMiBrDe.635      
3522.884070 0.001150   1.150e-03   11 1 1 1 1 2 f 10 0 1 1 0 1 f 07ToMiBrDe.636      
3671.097630 0.001150   1.150e-03   11 1 1 1 1 1 f 10 0 1 1 0 1 f 07ToMiBrDe.637      
4867.314140 0.001150   1.150e-03   11 2 1 1 1 2 f 10 0 1 1 0 1 f 07ToMiBrDe.638      
3523.534830 0.001150   1.150e-03   12 1 1 1 1 2 f 11 0 1 1 0 1 f 07ToMiBrDe.639      
3671.756540 0.001150   1.150e-03   12 1 1 1 1 1 f 11 0 1 1 0 1 f 07ToMiBrDe.640      
4867.964020 0.001150   1.150e-03   12 2 1 1 1 2 f 11 0 1 1 0 1 f 07ToMiBrDe.641      
3524.180380 0.001150   1.150e-03   13 1 1 1 1 2 f 12 0 1 1 0 1 f 07ToMiBrDe.642      
3672.411400 0.001150   1.150e-03   13 1 1 1 1 1 f 12 0 1 1 0 1 f 07ToMiBrDe.643      
4868.609690 0.001150   1.150e-03   13 2 1 1 1 2 f 12 0 1 1 0 1 f 07ToMiBrDe.644      
3524.820850 0.001150   1.150e-03   14 1 1 1 1 2 f 13 0 1 1 0 1 f 07ToMiBrDe.645      
3673.061080 0.001150   1.150e-03   14 1 1 1 1 1 f 13 0 1 1 0 1 f 07ToMiBrDe.646      
3673.706340 0.001150   1.150e-03   15 1 1 1 1 1 f 14 0 1 1 0 1 f 07ToMiBrDe.647      
4869.884920 0.001150   1.150e-03   15 2 1 1 1 2 f 14 0 1 1 0 1 f 07ToMiBrDe.648      
3526.084210 0.001150   1.150e-03   16 1 1 1 1 2 f 15 0 1 1 0 1 f 07ToMiBrDe.649      
4870.513470 0.001150   1.150e-03   16 2 1 1 1 2 f 15 0 1 1 0 1 f 07ToMiBrDe.650      
3526.707530 0.001150   1.150e-03   17 1 1 1 1 2 f 16 0 1 1 0 1 f 07ToMiBrDe.651      
4871.136590 0.001150   1.150e-03   17 2 1 1 1 2 f 16 0 1 1 0 1 f 07ToMiBrDe.652      
3527.325810 0.001150   1.150e-03   18 1 1 1 1 2 f 17 0 1 1 0 1 f 07ToMiBrDe.653      
3675.613580 0.001150   1.150e-03   18 1 1 1 1 1 f 17 0 1 1 0 1 f 07ToMiBrDe.654      
4872.366820 0.001150   1.150e-03   19 2 1 1 1 2 f 18 0 1 1 0 1 f 07ToMiBrDe.655      
3528.546410 0.001150   1.150e-03   20 1 1 1 1 2 f 19 0 1 1 0 1 f 07ToMiBrDe.656      
3676.860920 0.001150   1.150e-03   20 1 1 1 1 1 f 19 0 1 1 0 1 f 07ToMiBrDe.657      
4872.975780 0.001150   1.150e-03   20 2 1 1 1 2 f 19 0 1 1 0 1 f 07ToMiBrDe.658      
3529.147220 0.001150   1.150e-03   21 1 1 1 1 2 f 20 0 1 1 0 1 f 07ToMiBrDe.659      
3529.743230 0.001150   1.150e-03   22 1 1 1 1 2 f 21 0 1 1 0 1 f 07ToMiBrDe.660      
3678.090360 0.001150   1.150e-03   22 1 1 1 1 1 f 21 0 1 1 0 1 f 07ToMiBrDe.661      
3530.333800 0.001150   1.150e-03   23 1 1 1 1 2 f 22 0 1 1 0 1 f 07ToMiBrDe.662      
3678.697010 0.001150   1.150e-03   23 1 1 1 1 1 f 22 0 1 1 0 1 f 07ToMiBrDe.663      
4874.764580 0.001150   1.150e-03   23 2 1 1 1 2 f 22 0 1 1 0 1 f 07ToMiBrDe.664      
3530.918820 0.001150   1.150e-03   24 1 1 1 1 2 f 23 0 1 1 0 1 f 07ToMiBrDe.665      
4875.349690 0.001150   1.150e-03   24 2 1 1 1 2 f 23 0 1 1 0 1 f 07ToMiBrDe.666      
3531.498270 0.001150   1.150e-03   25 1 1 1 1 2 f 24 0 1 1 0 1 f 07ToMiBrDe.667      
3679.898750 0.001150   1.150e-03   25 1 1 1 1 1 f 24 0 1 1 0 1 f 07ToMiBrDe.668      
4875.931610 0.001150   1.515e-03   25 2 1 1 1 2 f 24 0 1 1 0 1 f 07ToMiBrDe.669      
3532.072200 0.001150   1.150e-03   26 1 1 1 1 2 f 25 0 1 1 0 1 f 07ToMiBrDe.670      
3680.492600 0.001150   1.150e-03   26 1 1 1 1 1 f 25 0 1 1 0 1 f 07ToMiBrDe.671      
3532.640970 0.001150   1.150e-03   27 1 1 1 1 2 f 26 0 1 1 0 1 f 07ToMiBrDe.672      
3681.081350 0.001150   1.150e-03   27 1 1 1 1 1 f 26 0 1 1 0 1 f 07ToMiBrDe.673      
3533.203380 0.001150   1.150e-03   28 1 1 1 1 2 f 27 0 1 1 0 1 f 07ToMiBrDe.674      
3681.665580 0.001150   1.150e-03   28 1 1 1 1 1 f 27 0 1 1 0 1 f 07ToMiBrDe.675      
4877.637460 0.001150   1.150e-03   28 2 1 1 1 2 f 27 0 1 1 0 1 f 07ToMiBrDe.676      
3533.760430 0.001150   1.150e-03   29 1 1 1 1 2 f 28 0 1 1 0 1 f 07ToMiBrDe.677      
4878.196540 0.001150   1.150e-03   29 2 1 1 1 2 f 28 0 1 1 0 1 f 07ToMiBrDe.678      
3534.311990 0.001150   1.150e-03   30 1 1 1 1 2 f 29 0 1 1 0 1 f 07ToMiBrDe.679      
3682.819270 0.001150   1.150e-03   30 1 1 1 1 1 f 29 0 1 1 0 1 f 07ToMiBrDe.680      
4878.749210 0.001150   1.150e-03   30 2 1 1 1 2 f 29 0 1 1 0 1 f 07ToMiBrDe.681      
3535.398480 0.001150   1.150e-03   32 1 1 1 1 2 f 31 0 1 1 0 1 f 07ToMiBrDe.682      
3683.955460 0.001150   1.150e-03   32 1 1 1 1 1 f 31 0 1 1 0 1 f 07ToMiBrDe.683      
3535.932630 0.001150   1.150e-03   33 1 1 1 1 2 f 32 0 1 1 0 1 f 07ToMiBrDe.684      
3536.461740 0.001150   1.150e-03   34 1 1 1 1 2 f 33 0 1 1 0 1 f 07ToMiBrDe.685      
3685.072750 0.001150   1.150e-03   34 1 1 1 1 1 f 33 0 1 1 0 1 f 07ToMiBrDe.686      
3536.985320 0.001150   1.150e-03   35 1 1 1 1 2 f 34 0 1 1 0 1 f 07ToMiBrDe.687      
3685.624520 0.001150   1.150e-03   35 1 1 1 1 1 f 34 0 1 1 0 1 f 07ToMiBrDe.688      
3537.502630 0.001150   1.150e-03   36 1 1 1 1 2 f 35 0 1 1 0 1 f 07ToMiBrDe.689      
3686.171700 0.001150   1.150e-03   36 1 1 1 1 1 f 35 0 1 1 0 1 f 07ToMiBrDe.690      
3538.014640 0.001150   1.150e-03   37 1 1 1 1 2 f 36 0 1 1 0 1 f 07ToMiBrDe.691      
3687.251810 0.001150   1.150e-03   38 1 1 1 1 1 f 37 0 1 1 0 1 f 07ToMiBrDe.692      
3540.004650 0.001150   1.150e-03   41 1 1 1 1 2 f 40 0 1 1 0 1 f 07ToMiBrDe.693      
3689.874350 0.001150   1.501e-03   43 1 1 1 1 1 f 42 0 1 1 0 1 f 07ToMiBrDe.694      
3541.438490 0.001150   1.637e-03   44 1 1 1 1 2 f 43 0 1 1 0 1 f 07ToMiBrDe.695      
3543.264970 0.001150   1.150e-03   48 1 1 1 1 2 f 47 0 1 1 0 1 f 07ToMiBrDe.696      
  6078.5585 0.002000   3.836e-03   7 3 0 0 1 3 e  6 0 0 0 0 1 e  11VaKaHe.1          
  6079.2147 0.002000   3.466e-03   8 3 0 0 1 3 e  7 0 0 0 0 1 e  11VaKaHe.2          
  6079.8648 0.002000   4.670e-03   9 3 0 0 1 3 e  8 0 0 0 0 1 e  11VaKaHe.3          
  6080.5092 0.002000   8.183e-03   10 3 0 0 1 3 e 9 0 0 0 0 1 e  11VaKaHe.4          
  6081.1409 0.002000   5.610e-03   11 3 0 0 1 3 e 10 0 0 0 0 1 e 11VaKaHe.5          
  6081.7685 0.002000   6.609e-03   12 3 0 0 1 3 e 11 0 0 0 0 1 e 11VaKaHe.6          
  6082.3868 0.002000   6.126e-03   13 3 0 0 1 3 e 12 0 0 0 0 1 e 11VaKaHe.7          
  6082.9990 0.002000   5.850e-03   14 3 0 0 1 3 e 13 0 0 0 0 1 e 11VaKaHe.8          
  6083.6013 0.002000   2.886e-03   15 3 0 0 1 3 e 14 0 0 0 0 1 e 11VaKaHe.9          
  6084.2027 0.002000   6.545e-03   16 3 0 0 1 3 e 15 0 0 0 0 1 e 11VaKaHe.10         
  6084.7924 0.002000   5.756e-03   17 3 0 0 1 3 e 16 0 0 0 0 1 e 11VaKaHe.11         
  6085.3740 0.002000   4.421e-03   18 3 0 0 1 3 e 17 0 0 0 0 1 e 11VaKaHe.12         
  6085.9507 0.002000   5.404e-03   19 3 0 0 1 3 e 18 0 0 0 0 1 e 11VaKaHe.13         
  6086.5204 0.002000   6.924e-03   20 3 0 0 1 3 e 19 0 0 0 0 1 e 11VaKaHe.14         
  6087.0788 0.002000   3.792e-03   21 3 0 0 1 3 e 20 0 0 0 0 1 e 11VaKaHe.15         
  6087.6342 0.002000   5.720e-03   22 3 0 0 1 3 e 21 0 0 0 0 1 e 11VaKaHe.16         
  6088.1822 0.002000   7.395e-03   23 3 0 0 1 3 e 22 0 0 0 0 1 e 11VaKaHe.17         
  6088.7201 0.002000   5.890e-03   24 3 0 0 1 3 e 23 0 0 0 0 1 e 11VaKaHe.18         
  6089.2512 0.002000   5.236e-03   25 3 0 0 1 3 e 24 0 0 0 0 1 e 11VaKaHe.19         
  6089.7766 0.002000   6.101e-03   26 3 0 0 1 3 e 25 0 0 0 0 1 e 11VaKaHe.20         
  6090.2925 0.002000   4.722e-03   27 3 0 0 1 3 e 26 0 0 0 0 1 e 11VaKaHe.21         
  6090.8012 0.002000   4.052e-03   28 3 0 0 1 3 e 27 0 0 0 0 1 e 11VaKaHe.22         
  6091.3059 0.002000   5.937e-03   29 3 0 0 1 3 e 28 0 0 0 0 1 e 11VaKaHe.23         
  6091.8004 0.002000   4.205e-03   30 3 0 0 1 3 e 29 0 0 0 0 1 e 11VaKaHe.24         
  6092.2918 0.002000   3.800e-03   31 3 0 0 1 3 e 30 0 0 0 0 1 e 11VaKaHe.25         
  6092.7556 0.002000   4.618e-03   32 3 0 0 1 3 e 31 0 0 0 0 1 e 11VaKaHe.26         
  6093.2357 0.002000   4.684e-03   33 3 0 0 1 3 e 32 0 0 0 0 1 e 11VaKaHe.27         
  6093.7045 0.002000   7.094e-03   34 3 0 0 1 3 e 33 0 0 0 0 1 e 11VaKaHe.28         
  6094.1773 0.002000   2.162e-02   35 3 0 0 1 3 e 34 0 0 0 0 1 e 11VaKaHe.29         
  6095.0551 0.002000   5.408e-03   37 3 0 0 1 3 e 36 0 0 0 0 1 e 11VaKaHe.30         
  6095.4881 0.002000   2.033e-03   38 3 0 0 1 3 e 37 0 0 0 0 1 e 11VaKaHe.31         
  6095.9199 0.002000   5.513e-03   39 3 0 0 1 3 e 38 0 0 0 0 1 e 11VaKaHe.32         
  6096.3410 0.002000   5.665e-03   40 3 0 0 1 3 e 39 0 0 0 0 1 e 11VaKaHe.33         
  6096.7526 0.002000   3.810e-03   41 3 0 0 1 3 e 40 0 0 0 0 1 e 11VaKaHe.34         
  6097.1643 0.002000   9.478e-03   42 3 0 0 1 3 e 41 0 0 0 0 1 e 11VaKaHe.35         
  6097.5626 0.002000   8.064e-03   43 3 0 0 1 3 e 42 0 0 0 0 1 e 11VaKaHe.36         
  6098.3346 0.002000   5.614e-03   45 3 0 0 1 3 e 44 0 0 0 0 1 e 11VaKaHe.37         
  6098.7102 0.002000   6.008e-03   46 3 0 0 1 3 e 45 0 0 0 0 1 e 11VaKaHe.38         
  6099.4426 0.002000   8.517e-03   48 3 0 0 1 3 e 47 0 0 0 0 1 e 11VaKaHe.39         
  6100.1422 0.002000   6.358e-03   50 3 0 0 1 3 e 49 0 0 0 0 1 e 11VaKaHe.40         
2268.716000 0.000560   5.600e-04   60 0 0 0 1 1 e 61 0 0 0 0 1 e 12JaGuLyKa.1        
2271.837000 0.000560   5.600e-04   57 0 0 0 1 1 e 58 0 0 0 0 1 e 12JaGuLyKa.2        
2272.866400 0.000560   5.600e-04   56 0 0 0 1 1 e 57 0 0 0 0 1 e 12JaGuLyKa.3        
2282.859500 0.000560   5.600e-04   46 0 0 0 1 1 e 47 0 0 0 0 1 e 12JaGuLyKa.4        
2290.459300 0.000560   5.600e-04   38 0 0 0 1 1 e 39 0 0 0 0 1 e 12JaGuLyKa.5        
2291.384500 0.000560   5.600e-04   37 0 0 0 1 1 e 38 0 0 0 0 1 e 12JaGuLyKa.6        
3491.831700 0.000560   5.600e-04   61 1 0 0 1 2 e 62 0 0 0 0 1 e 12JaGuLyKa.7        
3492.911300 0.000560   5.600e-04   60 1 0 0 1 2 e 61 0 0 0 0 1 e 12JaGuLyKa.8        
3495.051500 0.000560   5.600e-04   58 1 0 0 1 2 e 59 0 0 0 0 1 e 12JaGuLyKa.9        
3498.214900 0.000560   5.600e-04   55 1 0 0 1 2 e 56 0 0 0 0 1 e 12JaGuLyKa.10       
3499.256900 0.000560   5.600e-04   54 1 0 0 1 2 e 55 0 0 0 0 1 e 12JaGuLyKa.11       
3503.362600 0.000560   5.600e-04   50 1 0 0 1 2 e 51 0 0 0 0 1 e 12JaGuLyKa.12       
3506.377100 0.000560   5.600e-04   47 1 0 0 1 2 e 48 0 0 0 0 1 e 12JaGuLyKa.13       
3508.356100 0.000560   5.600e-04   45 1 0 0 1 2 e 46 0 0 0 0 1 e 12JaGuLyKa.14       
3509.336400 0.000560   5.600e-04   44 1 0 0 1 2 e 45 0 0 0 0 1 e 12JaGuLyKa.15       
3513.196900 0.000560   5.600e-04   40 1 0 0 1 2 e 41 0 0 0 0 1 e 12JaGuLyKa.16       
3516.028600 0.000560   5.600e-04   37 1 0 0 1 2 e 38 0 0 0 0 1 e 12JaGuLyKa.17       
3517.886500 0.000560   5.600e-04   35 1 0 0 1 2 e 36 0 0 0 0 1 e 12JaGuLyKa.18       
3519.720300 0.000560   5.600e-04   33 1 0 0 1 2 e 34 0 0 0 0 1 e 12JaGuLyKa.19       
3520.628300 0.000560   5.600e-04   32 1 0 0 1 2 e 33 0 0 0 0 1 e 12JaGuLyKa.20       
3521.530400 0.000560   5.600e-04   31 1 0 0 1 2 e 32 0 0 0 0 1 e 12JaGuLyKa.21       
3522.426300 0.000560   5.600e-04   30 1 0 0 1 2 e 31 0 0 0 0 1 e 12JaGuLyKa.22       
3523.316400 0.000560   5.600e-04   29 1 0 0 1 2 e 30 0 0 0 0 1 e 12JaGuLyKa.23       
3524.200500 0.000560   5.600e-04   28 1 0 0 1 2 e 29 0 0 0 0 1 e 12JaGuLyKa.24       
3525.078700 0.000560   5.600e-04   27 1 0 0 1 2 e 28 0 0 0 0 1 e 12JaGuLyKa.25       
3525.951000 0.000560   5.600e-04   26 1 0 0 1 2 e 27 0 0 0 0 1 e 12JaGuLyKa.26       
3527.677800 0.000560   5.600e-04   24 1 0 0 1 2 e 25 0 0 0 0 1 e 12JaGuLyKa.27       
3529.381000 0.000560   5.600e-04   22 1 0 0 1 2 e 23 0 0 0 0 1 e 12JaGuLyKa.28       
3531.060600 0.000560   5.600e-04   20 1 0 0 1 2 e 21 0 0 0 0 1 e 12JaGuLyKa.29       
3531.891600 0.000560   5.600e-04   19 1 0 0 1 2 e 20 0 0 0 0 1 e 12JaGuLyKa.30       
3534.349300 0.000560   5.600e-04   16 1 0 0 1 2 e 17 0 0 0 0 1 e 12JaGuLyKa.31       
3535.156900 0.000560   5.600e-04   15 1 0 0 1 2 e 16 0 0 0 0 1 e 12JaGuLyKa.32       
3535.958500 0.000560   5.600e-04   14 1 0 0 1 2 e 15 0 0 0 0 1 e 12JaGuLyKa.33       
3536.754300 0.000560   5.600e-04   13 1 0 0 1 2 e 14 0 0 0 0 1 e 12JaGuLyKa.34       
3538.328300 0.000560   5.600e-04   11 1 0 0 1 2 e 12 0 0 0 0 1 e 12JaGuLyKa.35       
3539.878900 0.000560   5.600e-04   9 1 0 0 1 2 e  10 0 0 0 0 1 e 12JaGuLyKa.36       
3540.645400 0.000560   5.600e-04   8 1 0 0 1 2 e  9 0 0 0 0 1 e  12JaGuLyKa.37       
3541.406100 0.000560   5.600e-04   7 1 0 0 1 2 e  8 0 0 0 0 1 e  12JaGuLyKa.38       
3542.160900 0.000560   5.600e-04   6 1 0 0 1 2 e  7 0 0 0 0 1 e  12JaGuLyKa.39       
3542.909900 0.000560   5.600e-04   5 1 0 0 1 2 e  6 0 0 0 0 1 e  12JaGuLyKa.40       
3545.121700 0.000560   5.600e-04   2 1 0 0 1 2 e  3 0 0 0 0 1 e  12JaGuLyKa.41       
3606.155500 0.000560   5.600e-04   57 1 0 0 1 1 e 58 0 0 0 0 1 e 12JaGuLyKa.42       
3609.045600 0.000560   5.600e-04   54 1 0 0 1 1 e 55 0 0 0 0 1 e 12JaGuLyKa.43       
3612.843100 0.000560   5.600e-04   50 1 0 0 1 1 e 51 0 0 0 0 1 e 12JaGuLyKa.44       
3613.782100 0.000560   5.600e-04   49 1 0 0 1 1 e 50 0 0 0 0 1 e 12JaGuLyKa.45       
3616.574700 0.000560   5.600e-04   46 1 0 0 1 1 e 47 0 0 0 0 1 e 12JaGuLyKa.46       
3617.497200 0.000560   5.600e-04   45 1 0 0 1 1 e 46 0 0 0 0 1 e 12JaGuLyKa.47       
3619.329500 0.000560   5.600e-04   43 1 0 0 1 1 e 44 0 0 0 0 1 e 12JaGuLyKa.48       
3621.145000 0.000560   5.600e-04   41 1 0 0 1 1 e 42 0 0 0 0 1 e 12JaGuLyKa.49       
3622.046300 0.000560   5.600e-04   40 1 0 0 1 1 e 41 0 0 0 0 1 e 12JaGuLyKa.50       
3622.943200 0.000560   5.600e-04   39 1 0 0 1 1 e 40 0 0 0 0 1 e 12JaGuLyKa.51       
3624.724000 0.000560   5.600e-04   37 1 0 0 1 1 e 38 0 0 0 0 1 e 12JaGuLyKa.52       
3625.607900 0.000560   5.600e-04   36 1 0 0 1 1 e 37 0 0 0 0 1 e 12JaGuLyKa.53       
3627.362600 0.000560   5.600e-04   34 1 0 0 1 1 e 35 0 0 0 0 1 e 12JaGuLyKa.54       
3628.233300 0.000560   5.600e-04   33 1 0 0 1 1 e 34 0 0 0 0 1 e 12JaGuLyKa.55       
3629.099500 0.000560   5.600e-04   32 1 0 0 1 1 e 33 0 0 0 0 1 e 12JaGuLyKa.56       
3630.818700 0.000560   5.600e-04   30 1 0 0 1 1 e 31 0 0 0 0 1 e 12JaGuLyKa.57       
3631.671700 0.000560   5.600e-04   29 1 0 0 1 1 e 30 0 0 0 0 1 e 12JaGuLyKa.58       
3633.364000 0.000560   5.600e-04   27 1 0 0 1 1 e 28 0 0 0 0 1 e 12JaGuLyKa.59       
3634.203400 0.000560   5.600e-04   26 1 0 0 1 1 e 27 0 0 0 0 1 e 12JaGuLyKa.60       
3635.038200 0.000560   5.600e-04   25 1 0 0 1 1 e 26 0 0 0 0 1 e 12JaGuLyKa.61       
3635.868600 0.000560   5.600e-04   24 1 0 0 1 1 e 25 0 0 0 0 1 e 12JaGuLyKa.62       
3639.144300 0.000560   5.600e-04   20 1 0 0 1 1 e 21 0 0 0 0 1 e 12JaGuLyKa.63       
3639.951700 0.000560   5.600e-04   19 1 0 0 1 1 e 20 0 0 0 0 1 e 12JaGuLyKa.64       
3641.552800 0.000560   5.600e-04   17 1 0 0 1 1 e 18 0 0 0 0 1 e 12JaGuLyKa.65       
3643.135400 0.000560   5.600e-04   15 1 0 0 1 1 e 16 0 0 0 0 1 e 12JaGuLyKa.66       
3644.699400 0.000560   5.600e-04   13 1 0 0 1 1 e 14 0 0 0 0 1 e 12JaGuLyKa.67       
3645.474300 0.000560   5.600e-04   12 1 0 0 1 1 e 13 0 0 0 0 1 e 12JaGuLyKa.68       
3647.010300 0.000560   5.600e-04   10 1 0 0 1 1 e 11 0 0 0 0 1 e 12JaGuLyKa.69       
3647.771300 0.000560   5.600e-04   9 1 0 0 1 1 e  10 0 0 0 0 1 e 12JaGuLyKa.70       
3648.527600 0.000560   5.600e-04   8 1 0 0 1 1 e  9 0 0 0 0 1 e  12JaGuLyKa.71       
3650.026100 0.000560   5.600e-04   6 1 0 0 1 1 e  7 0 0 0 0 1 e  12JaGuLyKa.72       
3652.238500 0.000560   5.600e-04   3 1 0 0 1 1 e  4 0 0 0 0 1 e  12JaGuLyKa.73       
3652.966600 0.000560   5.600e-04   2 1 0 0 1 1 e  3 0 0 0 0 1 e  12JaGuLyKa.74       
3654.408500 0.000560   5.600e-04   0 1 0 0 1 1 e  1 0 0 0 0 1 e  12JaGuLyKa.75       
4712.276700 0.000560   5.600e-04   50 2 0 0 1 3 e 51 0 0 0 0 1 e 12JaGuLyKa.76       
4714.252400 0.000560   5.600e-04   48 2 0 0 1 3 e 49 0 0 0 0 1 e 12JaGuLyKa.77       
4718.131000 0.000560   5.600e-04   44 2 0 0 1 3 e 45 0 0 0 0 1 e 12JaGuLyKa.78       
4720.034100 0.000560   5.600e-04   42 2 0 0 1 3 e 43 0 0 0 0 1 e 12JaGuLyKa.79       
4720.977000 0.000560   5.600e-04   41 2 0 0 1 3 e 42 0 0 0 0 1 e 12JaGuLyKa.80       
4727.413800 0.000560   5.600e-04   34 2 0 0 1 3 e 35 0 0 0 0 1 e 12JaGuLyKa.81       
4728.310500 0.000560   5.600e-04   33 2 0 0 1 3 e 34 0 0 0 0 1 e 12JaGuLyKa.82       
4730.966700 0.000560   5.600e-04   30 2 0 0 1 3 e 31 0 0 0 0 1 e 12JaGuLyKa.83       
4731.840900 0.000560   5.600e-04   29 2 0 0 1 3 e 30 0 0 0 0 1 e 12JaGuLyKa.84       
4732.709500 0.000560   5.600e-04   28 2 0 0 1 3 e 29 0 0 0 0 1 e 12JaGuLyKa.85       
4733.572700 0.000560   5.600e-04   27 2 0 0 1 3 e 28 0 0 0 0 1 e 12JaGuLyKa.86       
4734.430200 0.000560   5.600e-04   26 2 0 0 1 3 e 27 0 0 0 0 1 e 12JaGuLyKa.87       
4735.282500 0.000560   5.600e-04   25 2 0 0 1 3 e 26 0 0 0 0 1 e 12JaGuLyKa.88       
4736.129100 0.000560   5.600e-04   24 2 0 0 1 3 e 25 0 0 0 0 1 e 12JaGuLyKa.89       
4737.806100 0.000560   5.600e-04   22 2 0 0 1 3 e 23 0 0 0 0 1 e 12JaGuLyKa.90       
4739.461400 0.000560   5.600e-04   20 2 0 0 1 3 e 21 0 0 0 0 1 e 12JaGuLyKa.91       
4740.281100 0.000560   5.600e-04   19 2 0 0 1 3 e 20 0 0 0 0 1 e 12JaGuLyKa.92       
4741.095300 0.000560   5.600e-04   18 2 0 0 1 3 e 19 0 0 0 0 1 e 12JaGuLyKa.93       
4743.505900 0.000560   5.600e-04   15 2 0 0 1 3 e 16 0 0 0 0 1 e 12JaGuLyKa.94       
4745.086400 0.000560   5.600e-04   13 2 0 0 1 3 e 14 0 0 0 0 1 e 12JaGuLyKa.95       
4747.417400 0.000560   5.600e-04   10 2 0 0 1 3 e 11 0 0 0 0 1 e 12JaGuLyKa.96       
4748.183800 0.000560   5.600e-04   9 2 0 0 1 3 e  10 0 0 0 0 1 e 12JaGuLyKa.97       
4748.945000 0.000560   5.600e-04   8 2 0 0 1 3 e  9 0 0 0 0 1 e  12JaGuLyKa.98       
4751.196800 0.000560   5.600e-04   5 2 0 0 1 3 e  6 0 0 0 0 1 e  12JaGuLyKa.99       
4751.937000 0.000560   5.600e-04   4 2 0 0 1 3 e  5 0 0 0 0 1 e  12JaGuLyKa.100      
4817.586100 0.000560   5.600e-04   55 2 0 0 1 2 e 56 0 0 0 0 1 e 12JaGuLyKa.101      
4820.690800 0.000560   5.600e-04   52 2 0 0 1 2 e 53 0 0 0 0 1 e 12JaGuLyKa.102      
4822.733400 0.000560   5.600e-04   50 2 0 0 1 2 e 51 0 0 0 0 1 e 12JaGuLyKa.103      
4827.743300 0.000560   5.600e-04   45 2 0 0 1 2 e 46 0 0 0 0 1 e 12JaGuLyKa.104      
4829.707800 0.000560   5.600e-04   43 2 0 0 1 2 e 44 0 0 0 0 1 e 12JaGuLyKa.105      
4833.567700 0.000560   5.600e-04   39 2 0 0 1 2 e 40 0 0 0 0 1 e 12JaGuLyKa.106      
4838.261700 0.000560   5.600e-04   34 2 0 0 1 2 e 35 0 0 0 0 1 e 12JaGuLyKa.107      
4840.098100 0.000560   5.600e-04   32 2 0 0 1 2 e 33 0 0 0 0 1 e 12JaGuLyKa.108      
4841.007400 0.000560   5.600e-04   31 2 0 0 1 2 e 32 0 0 0 0 1 e 12JaGuLyKa.109      
4841.910700 0.000560   5.600e-04   30 2 0 0 1 2 e 31 0 0 0 0 1 e 12JaGuLyKa.110      
4843.699400 0.000560   5.600e-04   28 2 0 0 1 2 e 29 0 0 0 0 1 e 12JaGuLyKa.111      
4844.584800 0.000560   5.600e-04   27 2 0 0 1 2 e 28 0 0 0 0 1 e 12JaGuLyKa.112      
4845.464000 0.000560   5.600e-04   26 2 0 0 1 2 e 27 0 0 0 0 1 e 12JaGuLyKa.113      
4847.204800 0.000560   5.600e-04   24 2 0 0 1 2 e 25 0 0 0 0 1 e 12JaGuLyKa.114      
4848.066100 0.000560   5.600e-04   23 2 0 0 1 2 e 24 0 0 0 0 1 e 12JaGuLyKa.115      
4850.613600 0.000560   5.600e-04   20 2 0 0 1 2 e 21 0 0 0 0 1 e 12JaGuLyKa.116      
4851.450600 0.000560   5.600e-04   19 2 0 0 1 2 e 20 0 0 0 0 1 e 12JaGuLyKa.117      
4852.281500 0.000560   5.600e-04   18 2 0 0 1 2 e 19 0 0 0 0 1 e 12JaGuLyKa.118      
4854.737600 0.000560   5.600e-04   15 2 0 0 1 2 e 16 0 0 0 0 1 e 12JaGuLyKa.119      
4855.544000 0.000560   5.600e-04   14 2 0 0 1 2 e 15 0 0 0 0 1 e 12JaGuLyKa.120      
4856.344400 0.000560   5.600e-04   13 2 0 0 1 2 e 14 0 0 0 0 1 e 12JaGuLyKa.121      
4857.138500 0.000560   5.600e-04   12 2 0 0 1 2 e 13 0 0 0 0 1 e 12JaGuLyKa.122      
4858.708400 0.000560   5.600e-04   10 2 0 0 1 2 e 11 0 0 0 0 1 e 12JaGuLyKa.123      
4860.253700 0.000560   5.600e-04   8 2 0 0 1 2 e  9 0 0 0 0 1 e  12JaGuLyKa.124      
4861.774300 0.000560   5.600e-04   6 2 0 0 1 2 e  7 0 0 0 0 1 e  12JaGuLyKa.125      
4865.467600 0.000560   5.600e-04   1 2 0 0 1 2 e  2 0 0 0 0 1 e  12JaGuLyKa.126      
4977.602500 0.000560   5.600e-04   45 2 0 0 1 1 e 46 0 0 0 0 1 e 12JaGuLyKa.127      
4978.462500 0.000560   5.600e-04   44 2 0 0 1 1 e 45 0 0 0 0 1 e 12JaGuLyKa.128      
4981.025700 0.000560   5.600e-04   41 2 0 0 1 1 e 42 0 0 0 0 1 e 12JaGuLyKa.129      
4981.874700 0.000560   5.600e-04   40 2 0 0 1 1 e 41 0 0 0 0 1 e 12JaGuLyKa.130      
4982.720700 0.000560   5.600e-04   39 2 0 0 1 1 e 40 0 0 0 0 1 e 12JaGuLyKa.131      
4983.563900 0.000560   5.600e-04   38 2 0 0 1 1 e 39 0 0 0 0 1 e 12JaGuLyKa.132      
4984.404200 0.000560   5.600e-04   37 2 0 0 1 1 e 38 0 0 0 0 1 e 12JaGuLyKa.133      
4985.241500 0.000560   5.600e-04   36 2 0 0 1 1 e 37 0 0 0 0 1 e 12JaGuLyKa.134      
4986.075900 0.000560   5.600e-04   35 2 0 0 1 1 e 36 0 0 0 0 1 e 12JaGuLyKa.135      
4986.907300 0.000560   5.600e-04   34 2 0 0 1 1 e 35 0 0 0 0 1 e 12JaGuLyKa.136      
4987.735700 0.000560   5.600e-04   33 2 0 0 1 1 e 34 0 0 0 0 1 e 12JaGuLyKa.137      
4988.561000 0.000560   5.600e-04   32 2 0 0 1 1 e 33 0 0 0 0 1 e 12JaGuLyKa.138      
4989.383200 0.000560   5.600e-04   31 2 0 0 1 1 e 32 0 0 0 0 1 e 12JaGuLyKa.139      
4990.202300 0.000560   5.600e-04   30 2 0 0 1 1 e 31 0 0 0 0 1 e 12JaGuLyKa.140      
4991.018300 0.000560   5.600e-04   29 2 0 0 1 1 e 30 0 0 0 0 1 e 12JaGuLyKa.141      
4991.831100 0.000560   5.600e-04   28 2 0 0 1 1 e 29 0 0 0 0 1 e 12JaGuLyKa.142      
4995.847100 0.000560   5.600e-04   23 2 0 0 1 1 e 24 0 0 0 0 1 e 12JaGuLyKa.143      
4997.430600 0.000560   5.600e-04   21 2 0 0 1 1 e 22 0 0 0 0 1 e 12JaGuLyKa.144      
4999.000800 0.000560   5.600e-04   19 2 0 0 1 1 e 20 0 0 0 0 1 e 12JaGuLyKa.145      
5001.330800 0.000560   5.600e-04   16 2 0 0 1 1 e 17 0 0 0 0 1 e 12JaGuLyKa.146      
5002.867100 0.000560   5.600e-04   14 2 0 0 1 1 e 15 0 0 0 0 1 e 12JaGuLyKa.147      
5003.630100 0.000560   5.600e-04   13 2 0 0 1 1 e 14 0 0 0 0 1 e 12JaGuLyKa.148      
5005.898400 0.000560   5.600e-04   10 2 0 0 1 1 e 11 0 0 0 0 1 e 12JaGuLyKa.149      
5006.647500 0.000560   5.600e-04   9 2 0 0 1 1 e  10 0 0 0 0 1 e 12JaGuLyKa.150      
5008.873900 0.000560   5.600e-04   6 2 0 0 1 1 e  7 0 0 0 0 1 e  12JaGuLyKa.151      
5010.340500 0.000560   5.600e-04   4 2 0 0 1 1 e  5 0 0 0 0 1 e  12JaGuLyKa.152      
5011.068700 0.000560   5.600e-04   3 2 0 0 1 1 e  4 0 0 0 0 1 e  12JaGuLyKa.153      
5012.514100 0.000560   5.600e-04   1 2 0 0 1 1 e  2 0 0 0 0 1 e  12JaGuLyKa.154      
3471.558800 0.000560   5.600e-04   50 1 1 1 1 2 e 51 0 1 1 0 1 e 12JaGuLyKa.155      
3474.918900 0.000560   5.600e-04   47 1 1 1 1 2 f 48 0 1 1 0 1 f 12JaGuLyKa.156      
3475.541300 0.000560   5.600e-04   46 1 1 1 1 2 e 47 0 1 1 0 1 e 12JaGuLyKa.157      
3476.522200 0.000560   5.600e-04   45 1 1 1 1 2 e 46 0 1 1 0 1 e 12JaGuLyKa.158      
3476.855700 0.000560   7.503e-04   45 1 1 1 1 2 f 46 0 1 1 0 1 f 12JaGuLyKa.159      
3477.816900 0.000560   5.600e-04   44 1 1 1 1 2 f 45 0 1 1 0 1 f 12JaGuLyKa.160      
3481.601800 0.000560   5.600e-04   40 1 1 1 1 2 f 41 0 1 1 0 1 f 12JaGuLyKa.161      
3483.461200 0.000560   5.600e-04   38 1 1 1 1 2 f 39 0 1 1 0 1 f 12JaGuLyKa.162      
3485.086400 0.000560   5.600e-04   36 1 1 1 1 2 e 37 0 1 1 0 1 e 12JaGuLyKa.163      
3486.208700 0.000560   5.600e-04   35 1 1 1 1 2 f 36 0 1 1 0 1 f 12JaGuLyKa.164      
3487.113500 0.000560   5.600e-04   34 1 1 1 1 2 f 35 0 1 1 0 1 f 12JaGuLyKa.165      
3488.741000 0.000560   5.600e-04   32 1 1 1 1 2 e 33 0 1 1 0 1 e 12JaGuLyKa.166      
3489.795200 0.000560   5.600e-04   31 1 1 1 1 2 f 32 0 1 1 0 1 f 12JaGuLyKa.167      
3490.533700 0.000560   5.600e-04   30 1 1 1 1 2 e 31 0 1 1 0 1 e 12JaGuLyKa.168      
3491.421400 0.000560   5.600e-04   29 1 1 1 1 2 e 30 0 1 1 0 1 e 12JaGuLyKa.169      
3491.555400 0.000560   5.600e-04   29 1 1 1 1 2 f 30 0 1 1 0 1 f 12JaGuLyKa.170      
3492.303000 0.000560   5.600e-04   28 1 1 1 1 2 e 29 0 1 1 0 1 e 12JaGuLyKa.171      
3492.427500 0.000560   5.600e-04   28 1 1 1 1 2 f 29 0 1 1 0 1 f 12JaGuLyKa.172      
3494.155000 0.000560   5.600e-04   26 1 1 1 1 2 f 27 0 1 1 0 1 f 12JaGuLyKa.173      
3494.913600 0.000560   5.600e-04   25 1 1 1 1 2 e 26 0 1 1 0 1 e 12JaGuLyKa.174      
3495.010700 0.000560   5.600e-04   25 1 1 1 1 2 f 26 0 1 1 0 1 f 12JaGuLyKa.175      
3496.705800 0.000560   5.600e-04   23 1 1 1 1 2 f 24 0 1 1 0 1 f 12JaGuLyKa.176      
3497.472200 0.000560   5.600e-04   22 1 1 1 1 2 e 23 0 1 1 0 1 e 12JaGuLyKa.177      
3497.545400 0.000560   5.600e-04   22 1 1 1 1 2 f 23 0 1 1 0 1 f 12JaGuLyKa.178      
3498.379400 0.000560   5.600e-04   21 1 1 1 1 2 f 22 0 1 1 0 1 f 12JaGuLyKa.179      
3499.208000 0.000560   5.600e-04   20 1 1 1 1 2 f 21 0 1 1 0 1 f 12JaGuLyKa.180      
3499.979000 0.000560   5.600e-04   19 1 1 1 1 2 e 20 0 1 1 0 1 e 12JaGuLyKa.181      
3500.031200 0.000560   5.600e-04   19 1 1 1 1 2 f 20 0 1 1 0 1 f 12JaGuLyKa.182      
3500.803500 0.000560   5.600e-04   18 1 1 1 1 2 e 19 0 1 1 0 1 e 12JaGuLyKa.183      
3501.621300 0.000560   5.600e-04   17 1 1 1 1 2 e 18 0 1 1 0 1 e 12JaGuLyKa.184      
3501.661600 0.000560   5.600e-04   17 1 1 1 1 2 f 18 0 1 1 0 1 f 12JaGuLyKa.185      
3502.468700 0.000560   5.600e-04   16 1 1 1 1 2 f 17 0 1 1 0 1 f 12JaGuLyKa.186      
3504.041700 0.000560   5.600e-04   14 1 1 1 1 2 e 15 0 1 1 0 1 e 12JaGuLyKa.187      
3504.066900 0.000560   5.600e-04   14 1 1 1 1 2 f 15 0 1 1 0 1 f 12JaGuLyKa.188      
3504.836900 0.000560   5.600e-04   13 1 1 1 1 2 e 14 0 1 1 0 1 e 12JaGuLyKa.189      
3504.857900 0.000560   5.600e-04   13 1 1 1 1 2 f 14 0 1 1 0 1 f 12JaGuLyKa.190      
3505.626700 0.000560   5.600e-04   12 1 1 1 1 2 e 13 0 1 1 0 1 e 12JaGuLyKa.191      
3505.643100 0.000560   5.600e-04   12 1 1 1 1 2 f 13 0 1 1 0 1 f 12JaGuLyKa.192      
3507.197500 0.000560   8.094e-04   10 1 1 1 1 2 f 11 0 1 1 0 1 f 12JaGuLyKa.193      
3637.186500 0.000560   5.600e-04   32 1 1 1 1 1 e 33 0 1 1 0 1 e 12JaGuLyKa.194      
3640.680700 0.000560   5.600e-04   28 1 1 1 1 1 e 29 0 1 1 0 1 e 12JaGuLyKa.195      
3640.889600 0.000560   5.600e-04   28 1 1 1 1 1 f 29 0 1 1 0 1 f 12JaGuLyKa.196      
3643.247600 0.000560   5.600e-04   25 1 1 1 1 1 e 26 0 1 1 0 1 e 12JaGuLyKa.197      
3644.092800 0.000560   5.600e-04   24 1 1 1 1 1 e 25 0 1 1 0 1 e 12JaGuLyKa.198      
3648.242200 0.000560   5.600e-04   19 1 1 1 1 1 e 20 0 1 1 0 1 e 12JaGuLyKa.199      
3649.865500 0.000560   5.600e-04   17 1 1 1 1 1 e 18 0 1 1 0 1 e 12JaGuLyKa.200      
3653.050000 0.000560   5.600e-04   13 1 1 1 1 1 e 14 0 1 1 0 1 e 12JaGuLyKa.201      
3653.833200 0.000560   5.600e-04   12 1 1 1 1 1 e 13 0 1 1 0 1 e 12JaGuLyKa.202      
3653.865200 0.000560   5.600e-04   12 1 1 1 1 1 f 13 0 1 1 0 1 f 12JaGuLyKa.203      
3654.610800 0.000560   5.600e-04   11 1 1 1 1 1 e 12 0 1 1 0 1 e 12JaGuLyKa.204      
2346.356000 0.000560   5.600e-04   40 0 0 0 1 1 e 39 0 0 0 0 1 e 12JaGuLyKa.205      
2347.783200 0.000560   5.600e-04   43 0 0 0 1 1 e 42 0 0 0 0 1 e 12JaGuLyKa.206      
2348.247500 0.000560   5.600e-04   44 0 0 0 1 1 e 43 0 0 0 0 1 e 12JaGuLyKa.207      
2349.159100 0.000560   5.600e-04   46 0 0 0 1 1 e 45 0 0 0 0 1 e 12JaGuLyKa.208      
2349.606200 0.000560   5.600e-04   47 0 0 0 1 1 e 46 0 0 0 0 1 e 12JaGuLyKa.209      
2350.047600 0.000560   5.600e-04   48 0 0 0 1 1 e 47 0 0 0 0 1 e 12JaGuLyKa.210      
2351.337400 0.000560   5.600e-04   51 0 0 0 1 1 e 50 0 0 0 0 1 e 12JaGuLyKa.211      
2351.755400 0.000560   5.600e-04   52 0 0 0 1 1 e 51 0 0 0 0 1 e 12JaGuLyKa.212      
2354.145600 0.000560   5.600e-04   58 0 0 0 1 1 e 57 0 0 0 0 1 e 12JaGuLyKa.213      
2354.896100 0.000560   5.600e-04   60 0 0 0 1 1 e 59 0 0 0 0 1 e 12JaGuLyKa.214      
2355.623500 0.000560   5.600e-04   62 0 0 0 1 1 e 61 0 0 0 0 1 e 12JaGuLyKa.215      
2357.667500 0.000560   5.600e-04   68 0 0 0 1 1 e 67 0 0 0 0 1 e 12JaGuLyKa.216      
3547.988900 0.000560   5.600e-04   1 1 0 0 1 2 e  0 0 0 0 0 1 e  12JaGuLyKa.217      
3549.387300 0.000560   5.600e-04   3 1 0 0 1 2 e  2 0 0 0 0 1 e  12JaGuLyKa.218      
3550.762300 0.000560   5.600e-04   5 1 0 0 1 2 e  4 0 0 0 0 1 e  12JaGuLyKa.219      
3551.440900 0.000560   5.600e-04   6 1 0 0 1 2 e  5 0 0 0 0 1 e  12JaGuLyKa.220      
3552.113700 0.000560   5.600e-04   7 1 0 0 1 2 e  6 0 0 0 0 1 e  12JaGuLyKa.221      
3554.096600 0.000560   5.600e-04   10 1 0 0 1 2 e 9 0 0 0 0 1 e  12JaGuLyKa.222      
3555.389100 0.000560   5.600e-04   12 1 0 0 1 2 e 11 0 0 0 0 1 e 12JaGuLyKa.223      
3557.902800 0.000560   5.600e-04   16 1 0 0 1 2 e 15 0 0 0 0 1 e 12JaGuLyKa.224      
3559.124000 0.000560   5.600e-04   18 1 0 0 1 2 e 17 0 0 0 0 1 e 12JaGuLyKa.225      
3559.725800 0.000560   5.600e-04   19 1 0 0 1 2 e 18 0 0 0 0 1 e 12JaGuLyKa.226      
3561.494700 0.000560   5.600e-04   22 1 0 0 1 2 e 21 0 0 0 0 1 e 12JaGuLyKa.227      
3562.072300 0.000560   5.600e-04   23 1 0 0 1 2 e 22 0 0 0 0 1 e 12JaGuLyKa.228      
3562.643900 0.000560   5.600e-04   24 1 0 0 1 2 e 23 0 0 0 0 1 e 12JaGuLyKa.229      
3564.322600 0.000560   5.600e-04   27 1 0 0 1 2 e 26 0 0 0 0 1 e 12JaGuLyKa.230      
3564.870000 0.000560   5.600e-04   28 1 0 0 1 2 e 27 0 0 0 0 1 e 12JaGuLyKa.231      
3565.946600 0.000560   5.600e-04   30 1 0 0 1 2 e 29 0 0 0 0 1 e 12JaGuLyKa.232      
3567.515500 0.000560   5.600e-04   33 1 0 0 1 2 e 32 0 0 0 0 1 e 12JaGuLyKa.233      
3568.530800 0.000560   5.600e-04   35 1 0 0 1 2 e 34 0 0 0 0 1 e 12JaGuLyKa.234      
3569.521300 0.000560   5.600e-04   37 1 0 0 1 2 e 36 0 0 0 0 1 e 12JaGuLyKa.235      
3570.487000 0.000560   5.600e-04   39 1 0 0 1 2 e 38 0 0 0 0 1 e 12JaGuLyKa.236      
3570.960500 0.000560   5.600e-04   40 1 0 0 1 2 e 39 0 0 0 0 1 e 12JaGuLyKa.237      
3572.343200 0.000560   5.600e-04   43 1 0 0 1 2 e 42 0 0 0 0 1 e 12JaGuLyKa.238      
3573.669200 0.000560   5.600e-04   46 1 0 0 1 2 e 45 0 0 0 0 1 e 12JaGuLyKa.239      
3575.751500 0.000560   5.600e-04   51 1 0 0 1 2 e 50 0 0 0 0 1 e 12JaGuLyKa.240      
3577.301100 0.000560   5.600e-04   55 1 0 0 1 2 e 54 0 0 0 0 1 e 12JaGuLyKa.241      
3578.036800 0.000560   5.600e-04   57 1 0 0 1 2 e 56 0 0 0 0 1 e 12JaGuLyKa.242      
3579.760600 0.000560   5.600e-04   62 1 0 0 1 2 e 61 0 0 0 0 1 e 12JaGuLyKa.243      
3656.535900 0.000560   5.600e-04   2 1 0 0 1 1 e  1 0 0 0 0 1 e  12JaGuLyKa.244      
3657.235500 0.000560   5.600e-04   3 1 0 0 1 1 e  2 0 0 0 0 1 e  12JaGuLyKa.245      
3657.930500 0.000560   5.600e-04   4 1 0 0 1 1 e  3 0 0 0 0 1 e  12JaGuLyKa.246      
3658.620700 0.000560   5.600e-04   5 1 0 0 1 1 e  4 0 0 0 0 1 e  12JaGuLyKa.247      
3659.306100 0.000560   5.600e-04   6 1 0 0 1 1 e  5 0 0 0 0 1 e  12JaGuLyKa.248      
3662.000400 0.000560   5.600e-04   10 1 0 0 1 1 e 9 0 0 0 0 1 e  12JaGuLyKa.249      
3662.662200 0.000560   5.600e-04   11 1 0 0 1 1 e 10 0 0 0 0 1 e 12JaGuLyKa.250      
3663.971400 0.000560   5.600e-04   13 1 0 0 1 1 e 12 0 0 0 0 1 e 12JaGuLyKa.251      
3664.619000 0.000560   5.600e-04   14 1 0 0 1 1 e 13 0 0 0 0 1 e 12JaGuLyKa.252      
3665.261800 0.000560   5.600e-04   15 1 0 0 1 1 e 14 0 0 0 0 1 e 12JaGuLyKa.253      
3666.533200 0.000560   5.600e-04   17 1 0 0 1 1 e 16 0 0 0 0 1 e 12JaGuLyKa.254      
3667.161800 0.000560   5.600e-04   18 1 0 0 1 1 e 17 0 0 0 0 1 e 12JaGuLyKa.255      
3667.785700 0.000560   5.600e-04   19 1 0 0 1 1 e 18 0 0 0 0 1 e 12JaGuLyKa.256      
3669.629300 0.000560   5.600e-04   22 1 0 0 1 1 e 21 0 0 0 0 1 e 12JaGuLyKa.257      
3670.234300 0.000560   5.600e-04   23 1 0 0 1 1 e 22 0 0 0 0 1 e 12JaGuLyKa.258      
3670.834700 0.000560   5.600e-04   24 1 0 0 1 1 e 23 0 0 0 0 1 e 12JaGuLyKa.259      
3672.021500 0.000560   5.600e-04   26 1 0 0 1 1 e 25 0 0 0 0 1 e 12JaGuLyKa.260      
3674.906800 0.000560   5.600e-04   31 1 0 0 1 1 e 30 0 0 0 0 1 e 12JaGuLyKa.261      
3679.283300 0.000560   5.600e-04   39 1 0 0 1 1 e 38 0 0 0 0 1 e 12JaGuLyKa.262      
3679.809800 0.000560   5.600e-04   40 1 0 0 1 1 e 39 0 0 0 0 1 e 12JaGuLyKa.263      
3681.870800 0.000560   5.600e-04   44 1 0 0 1 1 e 43 0 0 0 0 1 e 12JaGuLyKa.264      
3682.374800 0.000560   5.600e-04   45 1 0 0 1 1 e 44 0 0 0 0 1 e 12JaGuLyKa.265      
3683.369400 0.000560   5.600e-04   47 1 0 0 1 1 e 46 0 0 0 0 1 e 12JaGuLyKa.266      
3684.346400 0.000560   5.600e-04   49 1 0 0 1 1 e 48 0 0 0 0 1 e 12JaGuLyKa.267      
3684.828400 0.000560   5.600e-04   50 1 0 0 1 1 e 49 0 0 0 0 1 e 12JaGuLyKa.268      
3685.305900 0.000560   5.600e-04   51 1 0 0 1 1 e 50 0 0 0 0 1 e 12JaGuLyKa.269      
3685.779000 0.000560   5.600e-04   52 1 0 0 1 1 e 51 0 0 0 0 1 e 12JaGuLyKa.270      
3688.080000 0.000560   5.600e-04   57 1 0 0 1 1 e 56 0 0 0 0 1 e 12JaGuLyKa.271      
3688.527600 0.000560   5.600e-04   58 1 0 0 1 1 e 57 0 0 0 0 1 e 12JaGuLyKa.272      
3688.970700 0.000560   5.600e-04   59 1 0 0 1 1 e 58 0 0 0 0 1 e 12JaGuLyKa.273      
4757.668800 0.000560   5.600e-04   3 2 0 0 1 3 e  2 0 0 0 0 1 e  12JaGuLyKa.274      
4759.049200 0.000560   5.600e-04   5 2 0 0 1 3 e  4 0 0 0 0 1 e  12JaGuLyKa.275      
4760.408400 0.000560   5.600e-04   7 2 0 0 1 3 e  6 0 0 0 0 1 e  12JaGuLyKa.276      
4761.080000 0.000560   5.600e-04   8 2 0 0 1 3 e  7 0 0 0 0 1 e  12JaGuLyKa.277      
4762.407400 0.000560   5.600e-04   10 2 0 0 1 3 e 9 0 0 0 0 1 e  12JaGuLyKa.278      
4763.063100 0.000560   5.600e-04   11 2 0 0 1 3 e 10 0 0 0 0 1 e 12JaGuLyKa.279      
4763.713500 0.000560   5.600e-04   12 2 0 0 1 3 e 11 0 0 0 0 1 e 12JaGuLyKa.280      
4764.998100 0.000560   5.600e-04   14 2 0 0 1 3 e 13 0 0 0 0 1 e 12JaGuLyKa.281      
4765.632300 0.000560   5.600e-04   15 2 0 0 1 3 e 14 0 0 0 0 1 e 12JaGuLyKa.282      
4766.261100 0.000560   5.600e-04   16 2 0 0 1 3 e 15 0 0 0 0 1 e 12JaGuLyKa.283      
4767.502600 0.000560   5.600e-04   18 2 0 0 1 3 e 17 0 0 0 0 1 e 12JaGuLyKa.284      
4768.115100 0.000560   5.600e-04   19 2 0 0 1 3 e 18 0 0 0 0 1 e 12JaGuLyKa.285      
4768.722200 0.000560   5.600e-04   20 2 0 0 1 3 e 19 0 0 0 0 1 e 12JaGuLyKa.286      
4769.323700 0.000560   5.600e-04   21 2 0 0 1 3 e 20 0 0 0 0 1 e 12JaGuLyKa.287      
4771.674600 0.000560   5.600e-04   25 2 0 0 1 3 e 24 0 0 0 0 1 e 12JaGuLyKa.288      
4773.379000 0.000560   5.600e-04   28 2 0 0 1 3 e 27 0 0 0 0 1 e 12JaGuLyKa.289      
4774.487000 0.000560   5.600e-04   30 2 0 0 1 3 e 29 0 0 0 0 1 e 12JaGuLyKa.290      
4775.032300 0.000560   5.600e-04   31 2 0 0 1 3 e 30 0 0 0 0 1 e 12JaGuLyKa.291      
4776.633700 0.000560   5.600e-04   34 2 0 0 1 3 e 33 0 0 0 0 1 e 12JaGuLyKa.292      
4778.182400 0.000560   5.600e-04   37 2 0 0 1 3 e 36 0 0 0 0 1 e 12JaGuLyKa.293      
4778.686800 0.000560   5.600e-04   38 2 0 0 1 3 e 37 0 0 0 0 1 e 12JaGuLyKa.294      
4780.163800 0.000560   5.600e-04   41 2 0 0 1 3 e 40 0 0 0 0 1 e 12JaGuLyKa.295      
4780.644000 0.000560   5.600e-04   42 2 0 0 1 3 e 41 0 0 0 0 1 e 12JaGuLyKa.296      
4781.118000 0.000560   5.600e-04   43 2 0 0 1 3 e 42 0 0 0 0 1 e 12JaGuLyKa.297      
4782.047700 0.000560   5.600e-04   45 2 0 0 1 3 e 44 0 0 0 0 1 e 12JaGuLyKa.298      
4782.503200 0.000560   5.600e-04   46 2 0 0 1 3 e 45 0 0 0 0 1 e 12JaGuLyKa.299      
4785.917500 0.000560   5.600e-04   54 2 0 0 1 3 e 53 0 0 0 0 1 e 12JaGuLyKa.300      
4786.315000 0.000560   5.600e-04   55 2 0 0 1 3 e 54 0 0 0 0 1 e 12JaGuLyKa.301      
4787.090200 0.000560   5.600e-04   57 2 0 0 1 3 e 56 0 0 0 0 1 e 12JaGuLyKa.302      
4867.609200 0.000560   5.600e-04   1 2 0 0 1 2 e  0 0 0 0 0 1 e  12JaGuLyKa.303      
4868.310600 0.000560   5.600e-04   2 2 0 0 1 2 e  1 0 0 0 0 1 e  12JaGuLyKa.304      
4869.005800 0.000560   5.600e-04   3 2 0 0 1 2 e  2 0 0 0 0 1 e  12JaGuLyKa.305      
4873.698500 0.000560   5.600e-04   10 2 0 0 1 2 e 9 0 0 0 0 1 e  12JaGuLyKa.306      
4874.344000 0.000560   5.600e-04   11 2 0 0 1 2 e 10 0 0 0 0 1 e 12JaGuLyKa.307      
4876.243300 0.000560   5.600e-04   14 2 0 0 1 2 e 13 0 0 0 0 1 e 12JaGuLyKa.308      
4878.086800 0.000560   5.600e-04   17 2 0 0 1 2 e 16 0 0 0 0 1 e 12JaGuLyKa.309      
4878.688800 0.000560   5.600e-04   18 2 0 0 1 2 e 17 0 0 0 0 1 e 12JaGuLyKa.310      
4880.457600 0.000560   5.600e-04   21 2 0 0 1 2 e 20 0 0 0 0 1 e 12JaGuLyKa.311      
4882.171000 0.000560   5.600e-04   24 2 0 0 1 2 e 23 0 0 0 0 1 e 12JaGuLyKa.312      
4883.828700 0.000560   5.600e-04   27 2 0 0 1 2 e 26 0 0 0 0 1 e 12JaGuLyKa.313      
4884.903000 0.000560   5.600e-04   29 2 0 0 1 2 e 28 0 0 0 0 1 e 12JaGuLyKa.314      
4886.468500 0.000560   5.600e-04   32 2 0 0 1 2 e 31 0 0 0 0 1 e 12JaGuLyKa.315      
4887.481600 0.000560   5.600e-04   34 2 0 0 1 2 e 33 0 0 0 0 1 e 12JaGuLyKa.316      
4888.955600 0.000560   5.600e-04   37 2 0 0 1 2 e 36 0 0 0 0 1 e 12JaGuLyKa.317      
4889.434700 0.000560   5.600e-04   38 2 0 0 1 2 e 37 0 0 0 0 1 e 12JaGuLyKa.318      
4890.375000 0.000560   5.600e-04   40 2 0 0 1 2 e 39 0 0 0 0 1 e 12JaGuLyKa.319      
4891.291200 0.000560   5.600e-04   42 2 0 0 1 2 e 41 0 0 0 0 1 e 12JaGuLyKa.320      
4892.183500 0.000560   5.600e-04   44 2 0 0 1 2 e 43 0 0 0 0 1 e 12JaGuLyKa.321      
4893.052100 0.000560   5.600e-04   46 2 0 0 1 2 e 45 0 0 0 0 1 e 12JaGuLyKa.322      
4893.477500 0.000560   5.600e-04   47 2 0 0 1 2 e 46 0 0 0 0 1 e 12JaGuLyKa.323      
4894.310900 0.000560   5.600e-04   49 2 0 0 1 2 e 48 0 0 0 0 1 e 12JaGuLyKa.324      
4894.718300 0.000560   5.600e-04   50 2 0 0 1 2 e 49 0 0 0 0 1 e 12JaGuLyKa.325      
4896.672300 0.000560   5.600e-04   55 2 0 0 1 2 e 54 0 0 0 0 1 e 12JaGuLyKa.326      
4898.488100 0.000560   5.600e-04   60 2 0 0 1 2 e 59 0 0 0 0 1 e 12JaGuLyKa.327      
5016.065600 0.000560   5.600e-04   3 2 0 0 1 1 e  2 0 0 0 0 1 e  12JaGuLyKa.328      
5016.765300 0.000560   5.600e-04   4 2 0 0 1 1 e  3 0 0 0 0 1 e  12JaGuLyKa.329      
5018.842900 0.000560   5.600e-04   7 2 0 0 1 1 e  6 0 0 0 0 1 e  12JaGuLyKa.330      
5019.528300 0.000560   5.600e-04   8 2 0 0 1 1 e  7 0 0 0 0 1 e  12JaGuLyKa.331      
5020.210200 0.000560   5.600e-04   9 2 0 0 1 1 e  8 0 0 0 0 1 e  12JaGuLyKa.332      
5021.563300 0.000560   5.600e-04   11 2 0 0 1 1 e 10 0 0 0 0 1 e 12JaGuLyKa.333      
5022.234500 0.000560   5.600e-04   12 2 0 0 1 1 e 11 0 0 0 0 1 e 12JaGuLyKa.334      
5022.902200 0.000560   5.600e-04   13 2 0 0 1 1 e 12 0 0 0 0 1 e 12JaGuLyKa.335      
5023.566300 0.000560   5.600e-04   14 2 0 0 1 1 e 13 0 0 0 0 1 e 12JaGuLyKa.336      
5024.227100 0.000560   5.600e-04   15 2 0 0 1 1 e 14 0 0 0 0 1 e 12JaGuLyKa.337      
5024.884200 0.000560   5.600e-04   16 2 0 0 1 1 e 15 0 0 0 0 1 e 12JaGuLyKa.338      
5026.834800 0.000560   5.600e-04   19 2 0 0 1 1 e 18 0 0 0 0 1 e 12JaGuLyKa.339      
5028.117800 0.000560   5.600e-04   21 2 0 0 1 1 e 20 0 0 0 0 1 e 12JaGuLyKa.340      
5030.016600 0.000560   5.600e-04   24 2 0 0 1 1 e 23 0 0 0 0 1 e 12JaGuLyKa.341      
5030.642600 0.000560   5.600e-04   25 2 0 0 1 1 e 24 0 0 0 0 1 e 12JaGuLyKa.342      
5031.265400 0.000560   5.600e-04   26 2 0 0 1 1 e 25 0 0 0 0 1 e 12JaGuLyKa.343      
5032.500700 0.000560   5.600e-04   28 2 0 0 1 1 e 27 0 0 0 0 1 e 12JaGuLyKa.344      
5033.113300 0.000560   5.600e-04   29 2 0 0 1 1 e 28 0 0 0 0 1 e 12JaGuLyKa.345      
5033.722600 0.000560   5.600e-04   30 2 0 0 1 1 e 29 0 0 0 0 1 e 12JaGuLyKa.346      
5034.328700 0.000560   5.600e-04   31 2 0 0 1 1 e 30 0 0 0 0 1 e 12JaGuLyKa.347      
5035.530900 0.000560   5.600e-04   33 2 0 0 1 1 e 32 0 0 0 0 1 e 12JaGuLyKa.348      
5036.127100 0.000560   5.600e-04   34 2 0 0 1 1 e 33 0 0 0 0 1 e 12JaGuLyKa.349      
5036.720200 0.000560   5.600e-04   35 2 0 0 1 1 e 34 0 0 0 0 1 e 12JaGuLyKa.350      
5039.061100 0.000560   5.600e-04   39 2 0 0 1 1 e 38 0 0 0 0 1 e 12JaGuLyKa.351      
5040.212500 0.000560   5.600e-04   41 2 0 0 1 1 e 40 0 0 0 0 1 e 12JaGuLyKa.352      
5041.917500 0.000560   5.600e-04   44 2 0 0 1 1 e 43 0 0 0 0 1 e 12JaGuLyKa.353      
5043.039500 0.000560   5.600e-04   46 2 0 0 1 1 e 45 0 0 0 0 1 e 12JaGuLyKa.354      
5043.596300 0.000560   5.600e-04   47 2 0 0 1 1 e 46 0 0 0 0 1 e 12JaGuLyKa.355      
3518.167700 0.000560   5.600e-04   4 1 1 1 1 2 e  3 0 1 1 0 1 e  12JaGuLyKa.356      
3518.175800 0.000560   5.600e-04   4 1 1 1 1 2 f  3 0 1 1 0 1 f  12JaGuLyKa.357      
3518.853800 0.000560   5.600e-04   5 1 1 1 1 2 e  4 0 1 1 0 1 e  12JaGuLyKa.358      
3520.226100 0.000560   5.600e-04   7 1 1 1 1 2 f  6 0 1 1 0 1 f  12JaGuLyKa.359      
3520.898900 0.000560   5.600e-04   8 1 1 1 1 2 f  7 0 1 1 0 1 f  12JaGuLyKa.360      
3522.195800 0.000560   5.600e-04   10 1 1 1 1 2 e 9 0 1 1 0 1 e  12JaGuLyKa.361      
3523.492200 0.000560   5.600e-04   12 1 1 1 1 2 e 11 0 1 1 0 1 e 12JaGuLyKa.362      
3523.534900 0.000560   5.600e-04   12 1 1 1 1 2 f 11 0 1 1 0 1 f 12JaGuLyKa.363      
3524.765100 0.000560   5.600e-04   14 1 1 1 1 2 e 13 0 1 1 0 1 e 12JaGuLyKa.364      
3524.819800 0.000560   5.600e-04   14 1 1 1 1 2 f 13 0 1 1 0 1 f 12JaGuLyKa.365      
3526.630900 0.000560   5.600e-04   17 1 1 1 1 2 e 16 0 1 1 0 1 e 12JaGuLyKa.366      
3527.325700 0.000560   5.600e-04   18 1 1 1 1 2 f 17 0 1 1 0 1 f 12JaGuLyKa.367      
3527.845200 0.000560   5.600e-04   19 1 1 1 1 2 e 18 0 1 1 0 1 e 12JaGuLyKa.368      
3528.443800 0.000560   5.600e-04   20 1 1 1 1 2 e 19 0 1 1 0 1 e 12JaGuLyKa.369      
3529.147000 0.000560   5.600e-04   21 1 1 1 1 2 f 20 0 1 1 0 1 f 12JaGuLyKa.370      
3529.623000 0.000560   5.600e-04   22 1 1 1 1 2 e 21 0 1 1 0 1 e 12JaGuLyKa.371      
3529.743200 0.000560   6.662e-04   22 1 1 1 1 2 f 21 0 1 1 0 1 f 12JaGuLyKa.372      
3530.333500 0.000560   5.600e-04   23 1 1 1 1 2 f 22 0 1 1 0 1 f 12JaGuLyKa.373      
3530.918700 0.000560   5.600e-04   24 1 1 1 1 2 f 23 0 1 1 0 1 f 12JaGuLyKa.374      
3532.072000 0.000560   5.600e-04   26 1 1 1 1 2 f 25 0 1 1 0 1 f 12JaGuLyKa.375      
3533.019500 0.000560   5.600e-04   28 1 1 1 1 2 e 27 0 1 1 0 1 e 12JaGuLyKa.376      
3533.760300 0.000560   5.600e-04   29 1 1 1 1 2 f 28 0 1 1 0 1 f 12JaGuLyKa.377      
3534.104200 0.000560   5.600e-04   30 1 1 1 1 2 e 29 0 1 1 0 1 e 12JaGuLyKa.378      
3536.461900 0.000560   5.600e-04   34 1 1 1 1 2 f 33 0 1 1 0 1 f 12JaGuLyKa.379      
3536.985100 0.000560   5.600e-04   35 1 1 1 1 2 f 34 0 1 1 0 1 f 12JaGuLyKa.380      
3539.168500 0.000560   5.600e-04   40 1 1 1 1 2 e 39 0 1 1 0 1 e 12JaGuLyKa.381      
3670.433600 0.000560   5.600e-04   10 1 1 1 1 1 f 9 0 1 1 0 1 f  12JaGuLyKa.382      
3671.047400 0.000560   5.600e-04   11 1 1 1 1 1 e 10 0 1 1 0 1 e 12JaGuLyKa.383      
3671.097400 0.000560   5.600e-04   11 1 1 1 1 1 f 10 0 1 1 0 1 f 12JaGuLyKa.384      
3671.756600 0.000560   5.600e-04   12 1 1 1 1 1 f 11 0 1 1 0 1 f 12JaGuLyKa.385      
3672.344500 0.000560   5.600e-04   13 1 1 1 1 1 e 12 0 1 1 0 1 e 12JaGuLyKa.386      
3672.411400 0.000560   5.600e-04   13 1 1 1 1 1 f 12 0 1 1 0 1 f 12JaGuLyKa.387      
3673.061000 0.000560   5.600e-04   14 1 1 1 1 1 f 13 0 1 1 0 1 f 12JaGuLyKa.388      
3673.706000 0.000560   5.600e-04   15 1 1 1 1 1 f 14 0 1 1 0 1 f 12JaGuLyKa.389      
3676.717000 0.000560   5.600e-04   20 1 1 1 1 1 e 19 0 1 1 0 1 e 12JaGuLyKa.390      
3680.492200 0.000560   5.600e-04   26 1 1 1 1 1 f 25 0 1 1 0 1 f 12JaGuLyKa.391      
3683.955600 0.000560   5.600e-04   32 1 1 1 1 1 f 31 0 1 1 0 1 f 12JaGuLyKa.392      
3684.150400 0.000560   5.600e-04   33 1 1 1 1 1 e 32 0 1 1 0 1 e 12JaGuLyKa.393      
1844.809630 0.001000   1.000e-03   56 1 1 1 0 2 e 57 0 0 0 0 1 e 12LyKaJaLu.1        
1845.498800 0.001000   1.000e-03   55 1 1 1 0 2 e 56 0 0 0 0 1 e 12LyKaJaLu.2        
1846.188000 0.001000   1.000e-03   54 1 1 1 0 2 e 55 0 0 0 0 1 e 12LyKaJaLu.3        
1846.877700 0.001000   1.000e-03   53 1 1 1 0 2 e 54 0 0 0 0 1 e 12LyKaJaLu.4        
1847.567530 0.001000   1.000e-03   52 1 1 1 0 2 e 53 0 0 0 0 1 e 12LyKaJaLu.5        
1848.257600 0.001000   1.000e-03   51 1 1 1 0 2 e 52 0 0 0 0 1 e 12LyKaJaLu.6        
1848.948080 0.001000   1.000e-03   50 1 1 1 0 2 e 51 0 0 0 0 1 e 12LyKaJaLu.7        
1849.639200 0.001000   1.000e-03   49 1 1 1 0 2 e 50 0 0 0 0 1 e 12LyKaJaLu.8        
1850.330110 0.001000   1.000e-03   48 1 1 1 0 2 e 49 0 0 0 0 1 e 12LyKaJaLu.9        
1851.021400 0.001000   1.000e-03   47 1 1 1 0 2 e 48 0 0 0 0 1 e 12LyKaJaLu.10       
1851.712990 0.001000   1.000e-03   46 1 1 1 0 2 e 47 0 0 0 0 1 e 12LyKaJaLu.11       
1852.404630 0.001000   1.000e-03   45 1 1 1 0 2 e 46 0 0 0 0 1 e 12LyKaJaLu.12       
1853.097580 0.001000   1.000e-03   44 1 1 1 0 2 e 45 0 0 0 0 1 e 12LyKaJaLu.13       
1853.790400 0.001000   1.000e-03   43 1 1 1 0 2 e 44 0 0 0 0 1 e 12LyKaJaLu.14       
1854.483530 0.001000   1.000e-03   42 1 1 1 0 2 e 43 0 0 0 0 1 e 12LyKaJaLu.15       
1855.177060 0.001000   1.000e-03   41 1 1 1 0 2 e 42 0 0 0 0 1 e 12LyKaJaLu.16       
1855.871050 0.001000   1.000e-03   40 1 1 1 0 2 e 41 0 0 0 0 1 e 12LyKaJaLu.17       
1856.565330 0.001000   1.000e-03   39 1 1 1 0 2 e 40 0 0 0 0 1 e 12LyKaJaLu.18       
1857.260070 0.001000   1.000e-03   38 1 1 1 0 2 e 39 0 0 0 0 1 e 12LyKaJaLu.19       
1857.955130 0.001000   1.000e-03   37 1 1 1 0 2 e 38 0 0 0 0 1 e 12LyKaJaLu.20       
1858.650680 0.001000   3.269e-03   36 1 1 1 0 2 e 37 0 0 0 0 1 e 12LyKaJaLu.21       
1859.346660 0.001000   1.000e-03   35 1 1 1 0 2 e 36 0 0 0 0 1 e 12LyKaJaLu.22       
1860.043030 0.001000   1.000e-03   34 1 1 1 0 2 e 35 0 0 0 0 1 e 12LyKaJaLu.23       
1860.739900 0.001000   1.000e-03   33 1 1 1 0 2 e 34 0 0 0 0 1 e 12LyKaJaLu.24       
1861.437150 0.001000   1.000e-03   32 1 1 1 0 2 e 33 0 0 0 0 1 e 12LyKaJaLu.25       
1862.134870 0.001000   1.313e-03   31 1 1 1 0 2 e 32 0 0 0 0 1 e 12LyKaJaLu.26       
1862.833050 0.001000   1.331e-03   30 1 1 1 0 2 e 31 0 0 0 0 1 e 12LyKaJaLu.27       
1863.531730 0.001000   1.000e-03   29 1 1 1 0 2 e 30 0 0 0 0 1 e 12LyKaJaLu.28       
1864.230820 0.001000   1.000e-03   28 1 1 1 0 2 e 29 0 0 0 0 1 e 12LyKaJaLu.29       
1864.930400 0.001000   1.000e-03   27 1 1 1 0 2 e 28 0 0 0 0 1 e 12LyKaJaLu.30       
1865.630490 0.001000   1.068e-03   26 1 1 1 0 2 e 27 0 0 0 0 1 e 12LyKaJaLu.31       
1866.331010 0.001000   1.000e-03   25 1 1 1 0 2 e 26 0 0 0 0 1 e 12LyKaJaLu.32       
1867.032040 0.001000   1.000e-03   24 1 1 1 0 2 e 25 0 0 0 0 1 e 12LyKaJaLu.33       
1867.733570 0.001000   1.000e-03   23 1 1 1 0 2 e 24 0 0 0 0 1 e 12LyKaJaLu.34       
1868.435580 0.001000   1.000e-03   22 1 1 1 0 2 e 23 0 0 0 0 1 e 12LyKaJaLu.35       
1869.137970 0.001000   1.000e-03   21 1 1 1 0 2 e 22 0 0 0 0 1 e 12LyKaJaLu.36       
1869.840940 0.001000   1.000e-03   20 1 1 1 0 2 e 21 0 0 0 0 1 e 12LyKaJaLu.37       
1870.544820 0.001000   1.000e-03   19 1 1 1 0 2 e 20 0 0 0 0 1 e 12LyKaJaLu.38       
1871.248680 0.001000   1.000e-03   18 1 1 1 0 2 e 19 0 0 0 0 1 e 12LyKaJaLu.39       
1871.953250 0.001000   1.000e-03   17 1 1 1 0 2 e 18 0 0 0 0 1 e 12LyKaJaLu.40       
1872.658340 0.001000   1.000e-03   16 1 1 1 0 2 e 17 0 0 0 0 1 e 12LyKaJaLu.41       
1873.363890 0.001000   1.000e-03   15 1 1 1 0 2 e 16 0 0 0 0 1 e 12LyKaJaLu.42       
1874.069960 0.001000   1.000e-03   14 1 1 1 0 2 e 15 0 0 0 0 1 e 12LyKaJaLu.43       
1874.776600 0.001000   1.000e-03   13 1 1 1 0 2 e 14 0 0 0 0 1 e 12LyKaJaLu.44       
1875.483710 0.001000   2.556e-03   12 1 1 1 0 2 e 13 0 0 0 0 1 e 12LyKaJaLu.45       
1876.191370 0.001000   1.000e-03   11 1 1 1 0 2 e 12 0 0 0 0 1 e 12LyKaJaLu.46       
1876.899520 0.001000   1.000e-03   10 1 1 1 0 2 e 11 0 0 0 0 1 e 12LyKaJaLu.47       
1877.608240 0.001000   1.000e-03   9 1 1 1 0 2 e  10 0 0 0 0 1 e 12LyKaJaLu.48       
1878.317460 0.001000   1.000e-03   8 1 1 1 0 2 e  9 0 0 0 0 1 e  12LyKaJaLu.49       
1879.737330 0.001000   1.000e-03   6 1 1 1 0 2 e  7 0 0 0 0 1 e  12LyKaJaLu.50       
1880.448250 0.001000   1.000e-03   5 1 1 1 0 2 e  6 0 0 0 0 1 e  12LyKaJaLu.51       
1881.159400 0.001000   1.000e-03   4 1 1 1 0 2 e  5 0 0 0 0 1 e  12LyKaJaLu.52       
1881.871120 0.001000   1.000e-03   3 1 1 1 0 2 e  4 0 0 0 0 1 e  12LyKaJaLu.53       
1995.347400 0.001000   1.000e-03   59 1 1 1 0 1 e 60 0 0 0 0 1 e 12LyKaJaLu.54       
1995.985860 0.001000   1.000e-03   58 1 1 1 0 1 e 59 0 0 0 0 1 e 12LyKaJaLu.55       
1996.625770 0.001000   1.000e-03   57 1 1 1 0 1 e 58 0 0 0 0 1 e 12LyKaJaLu.56       
1997.266900 0.001000   1.000e-03   56 1 1 1 0 1 e 57 0 0 0 0 1 e 12LyKaJaLu.57       
1997.910250 0.001000   1.000e-03   55 1 1 1 0 1 e 56 0 0 0 0 1 e 12LyKaJaLu.58       
1998.554540 0.001000   1.000e-03   54 1 1 1 0 1 e 55 0 0 0 0 1 e 12LyKaJaLu.59       
1999.200470 0.001000   1.000e-03   53 1 1 1 0 1 e 54 0 0 0 0 1 e 12LyKaJaLu.60       
1999.847920 0.001000   1.000e-03   52 1 1 1 0 1 e 53 0 0 0 0 1 e 12LyKaJaLu.61       
2000.496730 0.001000   1.000e-03   51 1 1 1 0 1 e 52 0 0 0 0 1 e 12LyKaJaLu.62       
2001.147140 0.001000   1.000e-03   50 1 1 1 0 1 e 51 0 0 0 0 1 e 12LyKaJaLu.63       
2001.798800 0.001000   1.000e-03   49 1 1 1 0 1 e 50 0 0 0 0 1 e 12LyKaJaLu.64       
2002.452100 0.001000   1.000e-03   48 1 1 1 0 1 e 49 0 0 0 0 1 e 12LyKaJaLu.65       
2003.106770 0.001000   1.000e-03   47 1 1 1 0 1 e 48 0 0 0 0 1 e 12LyKaJaLu.66       
2003.762800 0.001000   1.000e-03   46 1 1 1 0 1 e 47 0 0 0 0 1 e 12LyKaJaLu.67       
2004.420390 0.001000   1.000e-03   45 1 1 1 0 1 e 46 0 0 0 0 1 e 12LyKaJaLu.68       
2005.079090 0.001000   1.000e-03   44 1 1 1 0 1 e 45 0 0 0 0 1 e 12LyKaJaLu.69       
2005.739300 0.001000   1.000e-03   43 1 1 1 0 1 e 44 0 0 0 0 1 e 12LyKaJaLu.70       
2006.400870 0.001000   1.000e-03   42 1 1 1 0 1 e 43 0 0 0 0 1 e 12LyKaJaLu.71       
2007.063820 0.001000   1.000e-03   41 1 1 1 0 1 e 42 0 0 0 0 1 e 12LyKaJaLu.72       
2007.728090 0.001000   1.000e-03   40 1 1 1 0 1 e 41 0 0 0 0 1 e 12LyKaJaLu.73       
2008.393790 0.001000   1.000e-03   39 1 1 1 0 1 e 40 0 0 0 0 1 e 12LyKaJaLu.74       
2009.060780 0.001000   1.000e-03   38 1 1 1 0 1 e 39 0 0 0 0 1 e 12LyKaJaLu.75       
2009.729090 0.001000   1.000e-03   37 1 1 1 0 1 e 38 0 0 0 0 1 e 12LyKaJaLu.76       
2010.398730 0.001000   1.000e-03   36 1 1 1 0 1 e 37 0 0 0 0 1 e 12LyKaJaLu.77       
2011.069670 0.001000   1.000e-03   35 1 1 1 0 1 e 36 0 0 0 0 1 e 12LyKaJaLu.78       
2011.741920 0.001000   1.000e-03   34 1 1 1 0 1 e 35 0 0 0 0 1 e 12LyKaJaLu.79       
2012.415320 0.001000   1.000e-03   33 1 1 1 0 1 e 34 0 0 0 0 1 e 12LyKaJaLu.80       
2013.090270 0.001000   1.000e-03   32 1 1 1 0 1 e 33 0 0 0 0 1 e 12LyKaJaLu.81       
2013.766380 0.001000   1.000e-03   31 1 1 1 0 1 e 32 0 0 0 0 1 e 12LyKaJaLu.82       
2014.443740 0.001000   1.000e-03   30 1 1 1 0 1 e 31 0 0 0 0 1 e 12LyKaJaLu.83       
2015.122320 0.001000   1.000e-03   29 1 1 1 0 1 e 30 0 0 0 0 1 e 12LyKaJaLu.84       
2015.802260 0.001000   1.000e-03   28 1 1 1 0 1 e 29 0 0 0 0 1 e 12LyKaJaLu.85       
2016.483410 0.001000   1.000e-03   27 1 1 1 0 1 e 28 0 0 0 0 1 e 12LyKaJaLu.86       
2017.165750 0.001000   1.000e-03   26 1 1 1 0 1 e 27 0 0 0 0 1 e 12LyKaJaLu.87       
2017.849310 0.001000   1.000e-03   25 1 1 1 0 1 e 26 0 0 0 0 1 e 12LyKaJaLu.88       
2018.535450 0.001000   1.000e-03   24 1 1 1 0 1 e 25 0 0 0 0 1 e 12LyKaJaLu.89       
2019.220250 0.001000   1.000e-03   23 1 1 1 0 1 e 24 0 0 0 0 1 e 12LyKaJaLu.90       
2019.907590 0.001000   1.000e-03   22 1 1 1 0 1 e 23 0 0 0 0 1 e 12LyKaJaLu.91       
2020.596660 0.001000   2.121e-03   21 1 1 1 0 1 e 22 0 0 0 0 1 e 12LyKaJaLu.92       
2021.285740 0.001000   1.000e-03   20 1 1 1 0 1 e 21 0 0 0 0 1 e 12LyKaJaLu.93       
2021.976650 0.001000   1.000e-03   19 1 1 1 0 1 e 20 0 0 0 0 1 e 12LyKaJaLu.94       
2022.668740 0.001000   1.845e-03   18 1 1 1 0 1 e 19 0 0 0 0 1 e 12LyKaJaLu.95       
2023.362000 0.001000   1.000e-03   17 1 1 1 0 1 e 18 0 0 0 0 1 e 12LyKaJaLu.96       
2024.056470 0.001000   1.000e-03   16 1 1 1 0 1 e 17 0 0 0 0 1 e 12LyKaJaLu.97       
2024.752500 0.001000   1.000e-03   15 1 1 1 0 1 e 16 0 0 0 0 1 e 12LyKaJaLu.98       
2025.448850 0.001000   1.000e-03   14 1 1 1 0 1 e 15 0 0 0 0 1 e 12LyKaJaLu.99       
2026.146820 0.001000   1.000e-03   13 1 1 1 0 1 e 14 0 0 0 0 1 e 12LyKaJaLu.100      
2026.845960 0.001000   1.000e-03   12 1 1 1 0 1 e 13 0 0 0 0 1 e 12LyKaJaLu.101      
2027.546240 0.001000   1.000e-03   11 1 1 1 0 1 e 12 0 0 0 0 1 e 12LyKaJaLu.102      
2028.247680 0.001000   1.000e-03   10 1 1 1 0 1 e 11 0 0 0 0 1 e 12LyKaJaLu.103      
2028.950250 0.001000   1.000e-03   9 1 1 1 0 1 e  10 0 0 0 0 1 e 12LyKaJaLu.104      
2029.653950 0.001000   1.000e-03   8 1 1 1 0 1 e  9 0 0 0 0 1 e  12LyKaJaLu.105      
2030.358840 0.001000   1.000e-03   7 1 1 1 0 1 e  8 0 0 0 0 1 e  12LyKaJaLu.106      
2031.064860 0.001000   1.000e-03   6 1 1 1 0 1 e  7 0 0 0 0 1 e  12LyKaJaLu.107      
2031.772040 0.001000   1.000e-03   5 1 1 1 0 1 e  6 0 0 0 0 1 e  12LyKaJaLu.108      
2032.480480 0.001000   1.000e-03   4 1 1 1 0 1 e  5 0 0 0 0 1 e  12LyKaJaLu.109      
2033.189570 0.001000   1.000e-03   3 1 1 1 0 1 e  4 0 0 0 0 1 e  12LyKaJaLu.110      
2033.905160 0.001000   1.000e-03   2 1 1 1 0 1 e  3 0 0 0 0 1 e  12LyKaJaLu.111      
2034.611620 0.001000   1.000e-03   1 1 1 1 0 1 e  2 0 0 0 0 1 e  12LyKaJaLu.112      
2241.994160 0.001000   1.000e-03   84 0 0 0 1 1 e 85 0 0 0 0 1 e 12LyKaJaLu.113      
2243.170560 0.001000   1.000e-03   83 0 0 0 1 1 e 84 0 0 0 0 1 e 12LyKaJaLu.114      
2246.663590 0.001000   1.000e-03   80 0 0 0 1 1 e 81 0 0 0 0 1 e 12LyKaJaLu.115      
2247.818600 0.001000   1.000e-03   79 0 0 0 1 1 e 80 0 0 0 0 1 e 12LyKaJaLu.116      
2248.966280 0.001000   1.000e-03   78 0 0 0 1 1 e 79 0 0 0 0 1 e 12LyKaJaLu.117      
2250.109180 0.001000   1.000e-03   77 0 0 0 1 1 e 78 0 0 0 0 1 e 12LyKaJaLu.118      
2251.246540 0.001000   1.000e-03   76 0 0 0 1 1 e 77 0 0 0 0 1 e 12LyKaJaLu.119      
2252.379590 0.001000   1.000e-03   75 0 0 0 1 1 e 76 0 0 0 0 1 e 12LyKaJaLu.120      
2253.506510 0.001000   1.000e-03   74 0 0 0 1 1 e 75 0 0 0 0 1 e 12LyKaJaLu.121      
2254.628260 0.001000   1.000e-03   73 0 0 0 1 1 e 74 0 0 0 0 1 e 12LyKaJaLu.122      
2255.743090 0.001000   1.000e-03   72 0 0 0 1 1 e 73 0 0 0 0 1 e 12LyKaJaLu.123      
2256.854960 0.001000   1.000e-03   71 0 0 0 1 1 e 72 0 0 0 0 1 e 12LyKaJaLu.124      
2257.960220 0.001000   1.000e-03   70 0 0 0 1 1 e 71 0 0 0 0 1 e 12LyKaJaLu.125      
2259.060400 0.001000   1.000e-03   69 0 0 0 1 1 e 70 0 0 0 0 1 e 12LyKaJaLu.126      
2260.154480 0.001000   1.000e-03   68 0 0 0 1 1 e 69 0 0 0 0 1 e 12LyKaJaLu.127      
2261.243820 0.001000   1.000e-03   67 0 0 0 1 1 e 68 0 0 0 0 1 e 12LyKaJaLu.128      
2262.327410 0.001000   1.928e-03   66 0 0 0 1 1 e 67 0 0 0 0 1 e 12LyKaJaLu.129      
2263.406380 0.001000   1.000e-03   65 0 0 0 1 1 e 66 0 0 0 0 1 e 12LyKaJaLu.130      
2264.478840 0.001000   1.000e-03   64 0 0 0 1 1 e 65 0 0 0 0 1 e 12LyKaJaLu.131      
2265.545900 0.001000   1.000e-03   63 0 0 0 1 1 e 64 0 0 0 0 1 e 12LyKaJaLu.132      
2266.608620 0.001000   1.000e-03   62 0 0 0 1 1 e 63 0 0 0 0 1 e 12LyKaJaLu.133      
2267.664920 0.001000   1.096e-03   61 0 0 0 1 1 e 62 0 0 0 0 1 e 12LyKaJaLu.134      
2268.715900 0.001000   1.000e-03   60 0 0 0 1 1 e 61 0 0 0 0 1 e 12LyKaJaLu.135      
2269.761710 0.001000   1.000e-03   59 0 0 0 1 1 e 60 0 0 0 0 1 e 12LyKaJaLu.136      
2270.803890 0.001000   1.584e-03   58 0 0 0 1 1 e 59 0 0 0 0 1 e 12LyKaJaLu.137      
2271.836730 0.001000   1.000e-03   57 0 0 0 1 1 e 58 0 0 0 0 1 e 12LyKaJaLu.138      
2272.866130 0.001000   1.000e-03   56 0 0 0 1 1 e 57 0 0 0 0 1 e 12LyKaJaLu.139      
2273.890170 0.001000   1.000e-03   55 0 0 0 1 1 e 56 0 0 0 0 1 e 12LyKaJaLu.140      
2274.908860 0.001000   1.000e-03   54 0 0 0 1 1 e 55 0 0 0 0 1 e 12LyKaJaLu.141      
2275.921700 0.001000   1.000e-03   53 0 0 0 1 1 e 54 0 0 0 0 1 e 12LyKaJaLu.142      
2276.929050 0.001000   1.000e-03   52 0 0 0 1 1 e 53 0 0 0 0 1 e 12LyKaJaLu.143      
2277.931210 0.001000   1.000e-03   51 0 0 0 1 1 e 52 0 0 0 0 1 e 12LyKaJaLu.144      
2278.927800 0.001000   1.408e-03   50 0 0 0 1 1 e 51 0 0 0 0 1 e 12LyKaJaLu.145      
2279.918770 0.001000   1.000e-03   49 0 0 0 1 1 e 50 0 0 0 0 1 e 12LyKaJaLu.146      
2280.904400 0.001000   1.000e-03   48 0 0 0 1 1 e 49 0 0 0 0 1 e 12LyKaJaLu.147      
2281.884600 0.001000   1.000e-03   47 0 0 0 1 1 e 48 0 0 0 0 1 e 12LyKaJaLu.148      
2282.859410 0.001000   1.000e-03   46 0 0 0 1 1 e 47 0 0 0 0 1 e 12LyKaJaLu.149      
2283.828710 0.001000   1.000e-03   45 0 0 0 1 1 e 46 0 0 0 0 1 e 12LyKaJaLu.150      
2284.792090 0.001000   1.000e-03   44 0 0 0 1 1 e 45 0 0 0 0 1 e 12LyKaJaLu.151      
2285.750560 0.001000   1.000e-03   43 0 0 0 1 1 e 44 0 0 0 0 1 e 12LyKaJaLu.152      
2286.703280 0.001000   1.000e-03   42 0 0 0 1 1 e 43 0 0 0 0 1 e 12LyKaJaLu.153      
2287.650590 0.001000   1.000e-03   41 0 0 0 1 1 e 42 0 0 0 0 1 e 12LyKaJaLu.154      
2288.592200 0.001000   1.000e-03   40 0 0 0 1 1 e 41 0 0 0 0 1 e 12LyKaJaLu.155      
2289.528570 0.001000   1.000e-03   39 0 0 0 1 1 e 40 0 0 0 0 1 e 12LyKaJaLu.156      
2290.459300 0.001000   1.000e-03   38 0 0 0 1 1 e 39 0 0 0 0 1 e 12LyKaJaLu.157      
2291.384440 0.001000   1.000e-03   37 0 0 0 1 1 e 38 0 0 0 0 1 e 12LyKaJaLu.158      
2292.304010 0.001000   1.000e-03   36 0 0 0 1 1 e 37 0 0 0 0 1 e 12LyKaJaLu.159      
2293.218620 0.001000   1.000e-03   35 0 0 0 1 1 e 36 0 0 0 0 1 e 12LyKaJaLu.160      
2294.126860 0.001000   1.000e-03   34 0 0 0 1 1 e 35 0 0 0 0 1 e 12LyKaJaLu.161      
2295.030640 0.001000   1.000e-03   33 0 0 0 1 1 e 34 0 0 0 0 1 e 12LyKaJaLu.162      
2295.927880 0.001000   1.000e-03   32 0 0 0 1 1 e 33 0 0 0 0 1 e 12LyKaJaLu.163      
2296.820140 0.001000   1.000e-03   31 0 0 0 1 1 e 32 0 0 0 0 1 e 12LyKaJaLu.164      
2297.707140 0.001000   1.000e-03   30 0 0 0 1 1 e 31 0 0 0 0 1 e 12LyKaJaLu.165      
2298.587760 0.001000   1.000e-03   29 0 0 0 1 1 e 30 0 0 0 0 1 e 12LyKaJaLu.166      
2299.462560 0.001000   1.000e-03   28 0 0 0 1 1 e 29 0 0 0 0 1 e 12LyKaJaLu.167      
2300.333370 0.001000   1.000e-03   27 0 0 0 1 1 e 28 0 0 0 0 1 e 12LyKaJaLu.168      
2301.197740 0.001000   1.000e-03   26 0 0 0 1 1 e 27 0 0 0 0 1 e 12LyKaJaLu.169      
2302.056730 0.001000   1.000e-03   25 0 0 0 1 1 e 26 0 0 0 0 1 e 12LyKaJaLu.170      
2302.910490 0.001000   1.000e-03   24 0 0 0 1 1 e 25 0 0 0 0 1 e 12LyKaJaLu.171      
2303.757840 0.001000   1.000e-03   23 0 0 0 1 1 e 24 0 0 0 0 1 e 12LyKaJaLu.172      
2304.600150 0.001000   1.000e-03   22 0 0 0 1 1 e 23 0 0 0 0 1 e 12LyKaJaLu.173      
2305.436760 0.001000   1.000e-03   21 0 0 0 1 1 e 22 0 0 0 0 1 e 12LyKaJaLu.174      
2306.268070 0.001000   1.000e-03   20 0 0 0 1 1 e 21 0 0 0 0 1 e 12LyKaJaLu.175      
2307.093840 0.001000   1.000e-03   19 0 0 0 1 1 e 20 0 0 0 0 1 e 12LyKaJaLu.176      
2307.913670 0.001000   1.000e-03   18 0 0 0 1 1 e 19 0 0 0 0 1 e 12LyKaJaLu.177      
2308.728250 0.001000   1.000e-03   17 0 0 0 1 1 e 18 0 0 0 0 1 e 12LyKaJaLu.178      
2309.537240 0.001000   1.000e-03   16 0 0 0 1 1 e 17 0 0 0 0 1 e 12LyKaJaLu.179      
2310.340420 0.001000   1.000e-03   15 0 0 0 1 1 e 16 0 0 0 0 1 e 12LyKaJaLu.180      
2311.138410 0.001000   1.000e-03   14 0 0 0 1 1 e 15 0 0 0 0 1 e 12LyKaJaLu.181      
2311.930510 0.001000   1.000e-03   13 0 0 0 1 1 e 14 0 0 0 0 1 e 12LyKaJaLu.182      
2312.717070 0.001000   1.000e-03   12 0 0 0 1 1 e 13 0 0 0 0 1 e 12LyKaJaLu.183      
2313.498190 0.001000   1.000e-03   11 0 0 0 1 1 e 12 0 0 0 0 1 e 12LyKaJaLu.184      
2314.273490 0.001000   1.000e-03   10 0 0 0 1 1 e 11 0 0 0 0 1 e 12LyKaJaLu.185      
2315.043390 0.001000   1.000e-03   9 0 0 0 1 1 e  10 0 0 0 0 1 e 12LyKaJaLu.186      
2315.807720 0.001000   1.000e-03   8 0 0 0 1 1 e  9 0 0 0 0 1 e  12LyKaJaLu.187      
2316.566680 0.001000   1.000e-03   7 0 0 0 1 1 e  8 0 0 0 0 1 e  12LyKaJaLu.188      
2317.322390 0.001000   2.736e-03   6 0 0 0 1 1 e  7 0 0 0 0 1 e  12LyKaJaLu.189      
2318.068350 0.001000   1.005e-03   5 0 0 0 1 1 e  6 0 0 0 0 1 e  12LyKaJaLu.190      
2318.808280 0.001000   1.000e-03   4 0 0 0 1 1 e  5 0 0 0 0 1 e  12LyKaJaLu.191      
2319.544990 0.001000   1.000e-03   3 0 0 0 1 1 e  4 0 0 0 0 1 e  12LyKaJaLu.192      
2320.276060 0.001000   1.000e-03   2 0 0 0 1 1 e  3 0 0 0 0 1 e  12LyKaJaLu.193      
2321.000950 0.001000   1.000e-03   1 0 0 0 1 1 e  2 0 0 0 0 1 e  12LyKaJaLu.194      
2321.720630 0.001000   1.000e-03   0 0 0 0 1 1 e  1 0 0 0 0 1 e  12LyKaJaLu.195      
2437.700560 0.001000   1.000e-03   49 2 0 0 0 3 e 50 0 0 0 0 1 e 12LyKaJaLu.196      
2438.426120 0.001000   1.000e-03   48 2 0 0 0 3 e 49 0 0 0 0 1 e 12LyKaJaLu.197      
2439.148770 0.001000   1.000e-03   47 2 0 0 0 3 e 48 0 0 0 0 1 e 12LyKaJaLu.198      
2439.872300 0.001000   1.000e-03   46 2 0 0 0 3 e 47 0 0 0 0 1 e 12LyKaJaLu.199      
2440.593880 0.001000   1.000e-03   45 2 0 0 0 3 e 46 0 0 0 0 1 e 12LyKaJaLu.200      
2441.316010 0.001000   1.000e-03   44 2 0 0 0 3 e 45 0 0 0 0 1 e 12LyKaJaLu.201      
2442.036560 0.001000   1.000e-03   43 2 0 0 0 3 e 44 0 0 0 0 1 e 12LyKaJaLu.202      
2442.757080 0.001000   1.000e-03   42 2 0 0 0 3 e 43 0 0 0 0 1 e 12LyKaJaLu.203      
2443.476950 0.001000   1.000e-03   41 2 0 0 0 3 e 42 0 0 0 0 1 e 12LyKaJaLu.204      
2444.196400 0.001000   1.000e-03   40 2 0 0 0 3 e 41 0 0 0 0 1 e 12LyKaJaLu.205      
2444.914760 0.001000   1.000e-03   39 2 0 0 0 3 e 40 0 0 0 0 1 e 12LyKaJaLu.206      
2445.632590 0.001000   1.000e-03   38 2 0 0 0 3 e 39 0 0 0 0 1 e 12LyKaJaLu.207      
2446.350600 0.001000   1.000e-03   37 2 0 0 0 3 e 38 0 0 0 0 1 e 12LyKaJaLu.208      
2447.067780 0.001000   1.000e-03   36 2 0 0 0 3 e 37 0 0 0 0 1 e 12LyKaJaLu.209      
2447.784750 0.001000   1.000e-03   35 2 0 0 0 3 e 36 0 0 0 0 1 e 12LyKaJaLu.210      
2448.501240 0.001000   1.000e-03   34 2 0 0 0 3 e 35 0 0 0 0 1 e 12LyKaJaLu.211      
2449.217680 0.001000   1.000e-03   33 2 0 0 0 3 e 34 0 0 0 0 1 e 12LyKaJaLu.212      
2449.933330 0.001000   1.000e-03   32 2 0 0 0 3 e 33 0 0 0 0 1 e 12LyKaJaLu.213      
2450.649040 0.001000   1.000e-03   31 2 0 0 0 3 e 32 0 0 0 0 1 e 12LyKaJaLu.214      
2451.364340 0.001000   1.000e-03   30 2 0 0 0 3 e 31 0 0 0 0 1 e 12LyKaJaLu.215      
2452.079380 0.001000   1.000e-03   29 2 0 0 0 3 e 30 0 0 0 0 1 e 12LyKaJaLu.216      
2452.794130 0.001000   1.000e-03   28 2 0 0 0 3 e 29 0 0 0 0 1 e 12LyKaJaLu.217      
2453.509100 0.001000   1.000e-03   27 2 0 0 0 3 e 28 0 0 0 0 1 e 12LyKaJaLu.218      
2454.223180 0.001000   1.000e-03   26 2 0 0 0 3 e 27 0 0 0 0 1 e 12LyKaJaLu.219      
2454.937250 0.001000   1.000e-03   25 2 0 0 0 3 e 26 0 0 0 0 1 e 12LyKaJaLu.220      
2455.651760 0.001000   1.000e-03   24 2 0 0 0 3 e 25 0 0 0 0 1 e 12LyKaJaLu.221      
2456.365360 0.001000   1.000e-03   23 2 0 0 0 3 e 24 0 0 0 0 1 e 12LyKaJaLu.222      
2457.079210 0.001000   1.000e-03   22 2 0 0 0 3 e 23 0 0 0 0 1 e 12LyKaJaLu.223      
2457.792970 0.001000   1.000e-03   21 2 0 0 0 3 e 22 0 0 0 0 1 e 12LyKaJaLu.224      
2458.506610 0.001000   1.000e-03   20 2 0 0 0 3 e 21 0 0 0 0 1 e 12LyKaJaLu.225      
2459.220120 0.001000   1.000e-03   19 2 0 0 0 3 e 20 0 0 0 0 1 e 12LyKaJaLu.226      
2459.933620 0.001000   1.000e-03   18 2 0 0 0 3 e 19 0 0 0 0 1 e 12LyKaJaLu.227      
2460.647000 0.001000   1.000e-03   17 2 0 0 0 3 e 18 0 0 0 0 1 e 12LyKaJaLu.228      
2461.360420 0.001000   1.000e-03   16 2 0 0 0 3 e 17 0 0 0 0 1 e 12LyKaJaLu.229      
2462.073820 0.001000   1.000e-03   15 2 0 0 0 3 e 16 0 0 0 0 1 e 12LyKaJaLu.230      
2462.787210 0.001000   1.000e-03   14 2 0 0 0 3 e 15 0 0 0 0 1 e 12LyKaJaLu.231      
2463.500650 0.001000   1.000e-03   13 2 0 0 0 3 e 14 0 0 0 0 1 e 12LyKaJaLu.232      
2464.213830 0.001000   1.000e-03   12 2 0 0 0 3 e 13 0 0 0 0 1 e 12LyKaJaLu.233      
2464.927360 0.001000   1.000e-03   11 2 0 0 0 3 e 12 0 0 0 0 1 e 12LyKaJaLu.234      
2465.640660 0.001000   1.000e-03   10 2 0 0 0 3 e 11 0 0 0 0 1 e 12LyKaJaLu.235      
2466.354040 0.001000   1.000e-03   9 2 0 0 0 3 e  10 0 0 0 0 1 e 12LyKaJaLu.236      
2467.067430 0.001000   1.000e-03   8 2 0 0 0 3 e  9 0 0 0 0 1 e  12LyKaJaLu.237      
2467.780920 0.001000   1.000e-03   7 2 0 0 0 3 e  8 0 0 0 0 1 e  12LyKaJaLu.238      
2468.494460 0.001000   1.000e-03   6 2 0 0 0 3 e  7 0 0 0 0 1 e  12LyKaJaLu.239      
2469.208210 0.001000   1.000e-03   5 2 0 0 0 3 e  6 0 0 0 0 1 e  12LyKaJaLu.240      
2469.921770 0.001000   1.000e-03   4 2 0 0 0 3 e  5 0 0 0 0 1 e  12LyKaJaLu.241      
2470.635390 0.001000   1.000e-03   3 2 0 0 0 3 e  4 0 0 0 0 1 e  12LyKaJaLu.242      
2471.349280 0.001000   1.000e-03   2 2 0 0 0 3 e  3 0 0 0 0 1 e  12LyKaJaLu.243      
2472.062690 0.001000   1.000e-03   1 2 0 0 0 3 e  2 0 0 0 0 1 e  12LyKaJaLu.244      
2472.776160 0.001000   1.000e-03   0 2 0 0 0 3 e  1 0 0 0 0 1 e  12LyKaJaLu.245      
2548.686350 0.001000   1.000e-03   50 2 0 0 0 2 e 51 0 0 0 0 1 e 12LyKaJaLu.246      
2549.418720 0.001000   1.000e-03   49 2 0 0 0 2 e 50 0 0 0 0 1 e 12LyKaJaLu.247      
2550.149770 0.001000   1.000e-03   48 2 0 0 0 2 e 49 0 0 0 0 1 e 12LyKaJaLu.248      
2550.882710 0.001000   1.000e-03   47 2 0 0 0 2 e 48 0 0 0 0 1 e 12LyKaJaLu.249      
2551.613610 0.001000   1.000e-03   46 2 0 0 0 2 e 47 0 0 0 0 1 e 12LyKaJaLu.250      
2552.345980 0.001000   1.000e-03   45 2 0 0 0 2 e 46 0 0 0 0 1 e 12LyKaJaLu.251      
2553.077920 0.001000   1.000e-03   44 2 0 0 0 2 e 45 0 0 0 0 1 e 12LyKaJaLu.252      
2553.810100 0.001000   1.000e-03   43 2 0 0 0 2 e 44 0 0 0 0 1 e 12LyKaJaLu.253      
2554.541840 0.001000   1.000e-03   42 2 0 0 0 2 e 43 0 0 0 0 1 e 12LyKaJaLu.254      
2555.272450 0.001000   1.000e-03   41 2 0 0 0 2 e 42 0 0 0 0 1 e 12LyKaJaLu.255      
2556.003430 0.001000   1.000e-03   40 2 0 0 0 2 e 41 0 0 0 0 1 e 12LyKaJaLu.256      
2556.734490 0.001000   1.000e-03   39 2 0 0 0 2 e 40 0 0 0 0 1 e 12LyKaJaLu.257      
2557.465110 0.001000   1.000e-03   38 2 0 0 0 2 e 39 0 0 0 0 1 e 12LyKaJaLu.258      
2558.195370 0.001000   1.000e-03   37 2 0 0 0 2 e 38 0 0 0 0 1 e 12LyKaJaLu.259      
2558.925850 0.001000   1.000e-03   36 2 0 0 0 2 e 37 0 0 0 0 1 e 12LyKaJaLu.260      
2559.655840 0.001000   1.000e-03   35 2 0 0 0 2 e 36 0 0 0 0 1 e 12LyKaJaLu.261      
2560.385350 0.001000   1.000e-03   34 2 0 0 0 2 e 35 0 0 0 0 1 e 12LyKaJaLu.262      
2561.114760 0.001000   1.000e-03   33 2 0 0 0 2 e 34 0 0 0 0 1 e 12LyKaJaLu.263      
2561.843830 0.001000   1.000e-03   32 2 0 0 0 2 e 33 0 0 0 0 1 e 12LyKaJaLu.264      
2562.572710 0.001000   1.000e-03   31 2 0 0 0 2 e 32 0 0 0 0 1 e 12LyKaJaLu.265      
2563.301030 0.001000   1.000e-03   30 2 0 0 0 2 e 31 0 0 0 0 1 e 12LyKaJaLu.266      
2564.029170 0.001000   1.000e-03   29 2 0 0 0 2 e 30 0 0 0 0 1 e 12LyKaJaLu.267      
2564.756930 0.001000   1.000e-03   28 2 0 0 0 2 e 29 0 0 0 0 1 e 12LyKaJaLu.268      
2565.484330 0.001000   1.000e-03   27 2 0 0 0 2 e 28 0 0 0 0 1 e 12LyKaJaLu.269      
2566.211260 0.001000   1.000e-03   26 2 0 0 0 2 e 27 0 0 0 0 1 e 12LyKaJaLu.270      
2566.937860 0.001000   1.000e-03   25 2 0 0 0 2 e 26 0 0 0 0 1 e 12LyKaJaLu.271      
2567.664080 0.001000   1.000e-03   24 2 0 0 0 2 e 25 0 0 0 0 1 e 12LyKaJaLu.272      
2568.390040 0.001000   1.000e-03   23 2 0 0 0 2 e 24 0 0 0 0 1 e 12LyKaJaLu.273      
2569.115410 0.001000   1.000e-03   22 2 0 0 0 2 e 23 0 0 0 0 1 e 12LyKaJaLu.274      
2569.840310 0.001000   1.000e-03   21 2 0 0 0 2 e 22 0 0 0 0 1 e 12LyKaJaLu.275      
2570.564930 0.001000   1.000e-03   20 2 0 0 0 2 e 21 0 0 0 0 1 e 12LyKaJaLu.276      
2571.289020 0.001000   1.000e-03   19 2 0 0 0 2 e 20 0 0 0 0 1 e 12LyKaJaLu.277      
2572.012630 0.001000   1.000e-03   18 2 0 0 0 2 e 19 0 0 0 0 1 e 12LyKaJaLu.278      
2572.735900 0.001000   1.000e-03   17 2 0 0 0 2 e 18 0 0 0 0 1 e 12LyKaJaLu.279      
2573.458520 0.001000   1.000e-03   16 2 0 0 0 2 e 17 0 0 0 0 1 e 12LyKaJaLu.280      
2574.180790 0.001000   1.000e-03   15 2 0 0 0 2 e 16 0 0 0 0 1 e 12LyKaJaLu.281      
2574.902570 0.001000   1.000e-03   14 2 0 0 0 2 e 15 0 0 0 0 1 e 12LyKaJaLu.282      
2575.623840 0.001000   1.000e-03   13 2 0 0 0 2 e 14 0 0 0 0 1 e 12LyKaJaLu.283      
2576.344660 0.001000   1.000e-03   12 2 0 0 0 2 e 13 0 0 0 0 1 e 12LyKaJaLu.284      
2577.064960 0.001000   1.000e-03   11 2 0 0 0 2 e 12 0 0 0 0 1 e 12LyKaJaLu.285      
2577.784660 0.001000   1.000e-03   10 2 0 0 0 2 e 11 0 0 0 0 1 e 12LyKaJaLu.286      
2578.503990 0.001000   1.000e-03   9 2 0 0 0 2 e  10 0 0 0 0 1 e 12LyKaJaLu.287      
2579.222670 0.001000   1.000e-03   8 2 0 0 0 2 e  9 0 0 0 0 1 e  12LyKaJaLu.288      
2579.940810 0.001000   1.000e-03   7 2 0 0 0 2 e  8 0 0 0 0 1 e  12LyKaJaLu.289      
2580.658400 0.001000   1.000e-03   6 2 0 0 0 2 e  7 0 0 0 0 1 e  12LyKaJaLu.290      
2581.375630 0.001000   1.000e-03   5 2 0 0 0 2 e  6 0 0 0 0 1 e  12LyKaJaLu.291      
2582.092030 0.001000   1.000e-03   4 2 0 0 0 2 e  5 0 0 0 0 1 e  12LyKaJaLu.292      
2582.808250 0.001000   1.000e-03   3 2 0 0 0 2 e  4 0 0 0 0 1 e  12LyKaJaLu.293      
2583.524490 0.001000   1.000e-03   2 2 0 0 0 2 e  3 0 0 0 0 1 e  12LyKaJaLu.294      
2584.239080 0.001000   1.000e-03   1 2 0 0 0 2 e  2 0 0 0 0 1 e  12LyKaJaLu.295      
2584.951810 0.001000   1.000e-03   0 2 0 0 0 2 e  1 0 0 0 0 1 e  12LyKaJaLu.296      
2711.399220 0.001000   1.000e-03   39 2 0 0 0 1 e 40 0 0 0 0 1 e 12LyKaJaLu.297      
2712.024050 0.001000   1.000e-03   38 2 0 0 0 1 e 39 0 0 0 0 1 e 12LyKaJaLu.298      
2712.650990 0.001000   1.000e-03   37 2 0 0 0 1 e 38 0 0 0 0 1 e 12LyKaJaLu.299      
2713.279600 0.001000   1.000e-03   36 2 0 0 0 1 e 37 0 0 0 0 1 e 12LyKaJaLu.300      
2713.911590 0.001000   1.000e-03   35 2 0 0 0 1 e 36 0 0 0 0 1 e 12LyKaJaLu.301      
2714.546750 0.001000   1.000e-03   34 2 0 0 0 1 e 35 0 0 0 0 1 e 12LyKaJaLu.302      
2715.183900 0.001000   1.000e-03   33 2 0 0 0 1 e 34 0 0 0 0 1 e 12LyKaJaLu.303      
2715.823970 0.001000   1.000e-03   32 2 0 0 0 1 e 33 0 0 0 0 1 e 12LyKaJaLu.304      
2716.466400 0.001000   1.000e-03   31 2 0 0 0 1 e 32 0 0 0 0 1 e 12LyKaJaLu.305      
2717.110780 0.001000   1.000e-03   30 2 0 0 0 1 e 31 0 0 0 0 1 e 12LyKaJaLu.306      
2717.758590 0.001000   1.000e-03   29 2 0 0 0 1 e 30 0 0 0 0 1 e 12LyKaJaLu.307      
2718.407760 0.001000   1.000e-03   28 2 0 0 0 1 e 29 0 0 0 0 1 e 12LyKaJaLu.308      
2719.060800 0.001000   1.000e-03   27 2 0 0 0 1 e 28 0 0 0 0 1 e 12LyKaJaLu.309      
2719.715050 0.001000   1.000e-03   26 2 0 0 0 1 e 27 0 0 0 0 1 e 12LyKaJaLu.310      
2720.372210 0.001000   1.000e-03   25 2 0 0 0 1 e 26 0 0 0 0 1 e 12LyKaJaLu.311      
2721.032390 0.001000   1.000e-03   24 2 0 0 0 1 e 25 0 0 0 0 1 e 12LyKaJaLu.312      
2721.693580 0.001000   1.000e-03   23 2 0 0 0 1 e 24 0 0 0 0 1 e 12LyKaJaLu.313      
2722.357970 0.001000   1.000e-03   22 2 0 0 0 1 e 23 0 0 0 0 1 e 12LyKaJaLu.314      
2723.024480 0.001000   1.000e-03   21 2 0 0 0 1 e 22 0 0 0 0 1 e 12LyKaJaLu.315      
2723.692860 0.001000   1.000e-03   20 2 0 0 0 1 e 21 0 0 0 0 1 e 12LyKaJaLu.316      
2724.364090 0.001000   1.000e-03   19 2 0 0 0 1 e 20 0 0 0 0 1 e 12LyKaJaLu.317      
2725.037280 0.001000   1.000e-03   18 2 0 0 0 1 e 19 0 0 0 0 1 e 12LyKaJaLu.318      
2725.713010 0.001000   1.000e-03   17 2 0 0 0 1 e 18 0 0 0 0 1 e 12LyKaJaLu.319      
2726.390660 0.001000   1.000e-03   16 2 0 0 0 1 e 17 0 0 0 0 1 e 12LyKaJaLu.320      
2727.070450 0.001000   1.000e-03   15 2 0 0 0 1 e 16 0 0 0 0 1 e 12LyKaJaLu.321      
2727.752920 0.001000   1.000e-03   14 2 0 0 0 1 e 15 0 0 0 0 1 e 12LyKaJaLu.322      
2728.437600 0.001000   1.000e-03   13 2 0 0 0 1 e 14 0 0 0 0 1 e 12LyKaJaLu.323      
2729.123610 0.001000   1.000e-03   12 2 0 0 0 1 e 13 0 0 0 0 1 e 12LyKaJaLu.324      
2729.812420 0.001000   1.000e-03   11 2 0 0 0 1 e 12 0 0 0 0 1 e 12LyKaJaLu.325      
2730.503220 0.001000   1.000e-03   10 2 0 0 0 1 e 11 0 0 0 0 1 e 12LyKaJaLu.326      
2731.195830 0.001000   1.000e-03   9 2 0 0 0 1 e  10 0 0 0 0 1 e 12LyKaJaLu.327      
2731.891400 0.001000   1.000e-03   8 2 0 0 0 1 e  9 0 0 0 0 1 e  12LyKaJaLu.328      
2732.588550 0.001000   1.000e-03   7 2 0 0 0 1 e  8 0 0 0 0 1 e  12LyKaJaLu.329      
2733.287350 0.001000   1.000e-03   6 2 0 0 0 1 e  7 0 0 0 0 1 e  12LyKaJaLu.330      
2733.988890 0.001000   1.000e-03   5 2 0 0 0 1 e  6 0 0 0 0 1 e  12LyKaJaLu.331      
2734.692570 0.001000   1.000e-03   4 2 0 0 0 1 e  5 0 0 0 0 1 e  12LyKaJaLu.332      
2735.397850 0.001000   1.000e-03   3 2 0 0 0 1 e  4 0 0 0 0 1 e  12LyKaJaLu.333      
2736.105220 0.001000   1.000e-03   2 2 0 0 0 1 e  3 0 0 0 0 1 e  12LyKaJaLu.334      
2736.815580 0.001000   1.000e-03   1 2 0 0 0 1 e  2 0 0 0 0 1 e  12LyKaJaLu.335      
2248.995570 0.001000   1.000e-03   67 0 1 1 1 1 e 68 0 1 1 0 1 e 12LyKaJaLu.336      
2250.076780 0.001000   1.000e-03   66 0 1 1 1 1 e 67 0 1 1 0 1 e 12LyKaJaLu.337      
2251.152590 0.001000   1.000e-03   65 0 1 1 1 1 e 66 0 1 1 0 1 e 12LyKaJaLu.338      
2252.223000 0.001000   1.000e-03   64 0 1 1 1 1 e 65 0 1 1 0 1 e 12LyKaJaLu.339      
2253.285140 0.001000   1.000e-03   63 0 1 1 1 1 e 64 0 1 1 0 1 e 12LyKaJaLu.340      
2255.392340 0.001000   1.000e-03   61 0 1 1 1 1 e 62 0 1 1 0 1 e 12LyKaJaLu.341      
2256.448830 0.001000   1.000e-03   60 0 1 1 1 1 e 61 0 1 1 0 1 e 12LyKaJaLu.342      
2257.494330 0.001000   1.000e-03   59 0 1 1 1 1 e 60 0 1 1 0 1 e 12LyKaJaLu.343      
2258.533200 0.001000   1.000e-03   58 0 1 1 1 1 e 59 0 1 1 0 1 e 12LyKaJaLu.344      
2259.564760 0.001000   1.000e-03   57 0 1 1 1 1 e 58 0 1 1 0 1 e 12LyKaJaLu.345      
2260.591730 0.001000   1.000e-03   56 0 1 1 1 1 e 57 0 1 1 0 1 e 12LyKaJaLu.346      
2261.613220 0.001000   1.000e-03   55 0 1 1 1 1 e 56 0 1 1 0 1 e 12LyKaJaLu.347      
2262.629250 0.001000   1.000e-03   54 0 1 1 1 1 e 55 0 1 1 0 1 e 12LyKaJaLu.348      
2263.640270 0.001000   1.000e-03   53 0 1 1 1 1 e 54 0 1 1 0 1 e 12LyKaJaLu.349      
2264.646590 0.001000   1.000e-03   52 0 1 1 1 1 e 53 0 1 1 0 1 e 12LyKaJaLu.350      
2265.646390 0.001000   1.000e-03   51 0 1 1 1 1 e 52 0 1 1 0 1 e 12LyKaJaLu.351      
2266.639220 0.001000   1.000e-03   50 0 1 1 1 1 e 51 0 1 1 0 1 e 12LyKaJaLu.352      
2267.633880 0.001000   1.000e-03   49 0 1 1 1 1 e 50 0 1 1 0 1 e 12LyKaJaLu.353      
2268.614300 0.001000   2.498e-03   48 0 1 1 1 1 e 49 0 1 1 0 1 e 12LyKaJaLu.354      
2269.593080 0.001000   1.000e-03   47 0 1 1 1 1 e 48 0 1 1 0 1 e 12LyKaJaLu.355      
2270.566110 0.001000   1.000e-03   46 0 1 1 1 1 e 47 0 1 1 0 1 e 12LyKaJaLu.356      
2271.533580 0.001000   1.000e-03   45 0 1 1 1 1 e 46 0 1 1 0 1 e 12LyKaJaLu.357      
2272.496130 0.001000   1.593e-03   44 0 1 1 1 1 e 45 0 1 1 0 1 e 12LyKaJaLu.358      
2273.452870 0.001000   1.000e-03   43 0 1 1 1 1 e 44 0 1 1 0 1 e 12LyKaJaLu.359      
2274.404080 0.001000   1.000e-03   42 0 1 1 1 1 e 43 0 1 1 0 1 e 12LyKaJaLu.360      
2275.350680 0.001000   1.000e-03   41 0 1 1 1 1 e 42 0 1 1 0 1 e 12LyKaJaLu.361      
2276.290260 0.001000   1.000e-03   40 0 1 1 1 1 e 41 0 1 1 0 1 e 12LyKaJaLu.362      
2277.225840 0.001000   1.000e-03   39 0 1 1 1 1 e 40 0 1 1 0 1 e 12LyKaJaLu.363      
2278.155490 0.001000   1.000e-03   38 0 1 1 1 1 e 39 0 1 1 0 1 e 12LyKaJaLu.364      
2279.078930 0.001000   1.000e-03   37 0 1 1 1 1 e 38 0 1 1 0 1 e 12LyKaJaLu.365      
2279.997660 0.001000   1.000e-03   36 0 1 1 1 1 e 37 0 1 1 0 1 e 12LyKaJaLu.366      
2280.913790 0.001000   1.645e-03   35 0 1 1 1 1 e 36 0 1 1 0 1 e 12LyKaJaLu.367      
2281.818740 0.001000   1.252e-03   34 0 1 1 1 1 e 35 0 1 1 0 1 e 12LyKaJaLu.368      
2282.723660 0.001000   1.000e-03   33 0 1 1 1 1 e 34 0 1 1 0 1 e 12LyKaJaLu.369      
2283.617070 0.001000   1.000e-03   32 0 1 1 1 1 e 33 0 1 1 0 1 e 12LyKaJaLu.370      
2284.509570 0.001000   1.000e-03   31 0 1 1 1 1 e 32 0 1 1 0 1 e 12LyKaJaLu.371      
2285.395140 0.001000   1.000e-03   30 0 1 1 1 1 e 31 0 1 1 0 1 e 12LyKaJaLu.372      
2286.279130 0.001000   1.790e-03   29 0 1 1 1 1 e 30 0 1 1 0 1 e 12LyKaJaLu.373      
2287.150720 0.001000   1.000e-03   28 0 1 1 1 1 e 29 0 1 1 0 1 e 12LyKaJaLu.374      
2288.020690 0.001000   1.000e-03   27 0 1 1 1 1 e 28 0 1 1 0 1 e 12LyKaJaLu.375      
2288.883760 0.001000   1.000e-03   26 0 1 1 1 1 e 27 0 1 1 0 1 e 12LyKaJaLu.376      
2289.741960 0.001000   1.000e-03   25 0 1 1 1 1 e 26 0 1 1 0 1 e 12LyKaJaLu.377      
2290.595400 0.001000   1.000e-03   24 0 1 1 1 1 e 25 0 1 1 0 1 e 12LyKaJaLu.378      
2291.442760 0.001000   1.000e-03   23 0 1 1 1 1 e 24 0 1 1 0 1 e 12LyKaJaLu.379      
2292.287160 0.001000   1.151e-03   22 0 1 1 1 1 e 23 0 1 1 0 1 e 12LyKaJaLu.380      
2293.120810 0.001000   1.187e-03   21 0 1 1 1 1 e 22 0 1 1 0 1 e 12LyKaJaLu.381      
2293.951580 0.001000   1.000e-03   20 0 1 1 1 1 e 21 0 1 1 0 1 e 12LyKaJaLu.382      
2294.777290 0.001000   1.000e-03   19 0 1 1 1 1 e 20 0 1 1 0 1 e 12LyKaJaLu.383      
2295.597880 0.001000   1.000e-03   18 0 1 1 1 1 e 19 0 1 1 0 1 e 12LyKaJaLu.384      
2296.411600 0.001000   1.000e-03   17 0 1 1 1 1 e 18 0 1 1 0 1 e 12LyKaJaLu.385      
2297.216790 0.001000   1.648e-03   16 0 1 1 1 1 e 17 0 1 1 0 1 e 12LyKaJaLu.386      
2298.027270 0.001000   1.711e-03   15 0 1 1 1 1 e 16 0 1 1 0 1 e 12LyKaJaLu.387      
2298.821680 0.001000   1.000e-03   14 0 1 1 1 1 e 15 0 1 1 0 1 e 12LyKaJaLu.388      
2299.614080 0.001000   1.000e-03   13 0 1 1 1 1 e 14 0 1 1 0 1 e 12LyKaJaLu.389      
2300.401440 0.001000   1.000e-03   12 0 1 1 1 1 e 13 0 1 1 0 1 e 12LyKaJaLu.390      
2301.182340 0.001000   1.000e-03   11 0 1 1 1 1 e 12 0 1 1 0 1 e 12LyKaJaLu.391      
2301.958780 0.001000   1.000e-03   10 0 1 1 1 1 e 11 0 1 1 0 1 e 12LyKaJaLu.392      
2302.728840 0.001000   1.000e-03   9 0 1 1 1 1 e  10 0 1 1 0 1 e 12LyKaJaLu.393      
2303.493340 0.001000   1.000e-03   8 0 1 1 1 1 e  9 0 1 1 0 1 e  12LyKaJaLu.394      
2304.251250 0.001000   1.630e-03   7 0 1 1 1 1 e  8 0 1 1 0 1 e  12LyKaJaLu.395      
2305.001210 0.001000   4.040e-03   6 0 1 1 1 1 e  7 0 1 1 0 1 e  12LyKaJaLu.396      
2305.753910 0.001000   1.000e-03   5 0 1 1 1 1 e  6 0 1 1 0 1 e  12LyKaJaLu.397      
2306.493520 0.001000   2.350e-03   4 0 1 1 1 1 e  5 0 1 1 0 1 e  12LyKaJaLu.398      
2307.232030 0.001000   1.000e-03   3 0 1 1 1 1 e  4 0 1 1 0 1 e  12LyKaJaLu.399      
2307.962950 0.001000   1.000e-03   2 0 1 1 1 1 e  3 0 1 1 0 1 e  12LyKaJaLu.400      
2308.688160 0.001000   1.000e-03   1 0 1 1 1 1 e  2 0 1 1 0 1 e  12LyKaJaLu.401      
2248.863800 0.001000   1.000e-03   67 0 1 1 1 1 f 68 0 1 1 0 1 f 12LyKaJaLu.402      
2252.098410 0.001000   1.000e-03   64 0 1 1 1 1 f 65 0 1 1 0 1 f 12LyKaJaLu.403      
2253.164520 0.001000   1.000e-03   63 0 1 1 1 1 f 64 0 1 1 0 1 f 12LyKaJaLu.404      
2254.226940 0.001000   1.000e-03   62 0 1 1 1 1 f 63 0 1 1 0 1 f 12LyKaJaLu.405      
2255.285240 0.001000   1.000e-03   61 0 1 1 1 1 f 62 0 1 1 0 1 f 12LyKaJaLu.406      
2256.336970 0.001000   1.000e-03   60 0 1 1 1 1 f 61 0 1 1 0 1 f 12LyKaJaLu.407      
2257.381190 0.001000   1.000e-03   59 0 1 1 1 1 f 60 0 1 1 0 1 f 12LyKaJaLu.408      
2258.424140 0.001000   1.000e-03   58 0 1 1 1 1 f 59 0 1 1 0 1 f 12LyKaJaLu.409      
2259.458020 0.001000   1.000e-03   57 0 1 1 1 1 f 58 0 1 1 0 1 f 12LyKaJaLu.410      
2260.491510 0.001000   1.000e-03   56 0 1 1 1 1 f 57 0 1 1 0 1 f 12LyKaJaLu.411      
2261.512610 0.001000   1.000e-03   55 0 1 1 1 1 f 56 0 1 1 0 1 f 12LyKaJaLu.412      
2262.531740 0.001000   1.000e-03   54 0 1 1 1 1 f 55 0 1 1 0 1 f 12LyKaJaLu.413      
2263.545070 0.001000   1.000e-03   53 0 1 1 1 1 f 54 0 1 1 0 1 f 12LyKaJaLu.414      
2264.553320 0.001000   1.000e-03   52 0 1 1 1 1 f 53 0 1 1 0 1 f 12LyKaJaLu.415      
2265.557060 0.001000   1.416e-03   51 0 1 1 1 1 f 52 0 1 1 0 1 f 12LyKaJaLu.416      
2266.553350 0.001000   1.111e-03   50 0 1 1 1 1 f 51 0 1 1 0 1 f 12LyKaJaLu.417      
2267.545190 0.001000   1.000e-03   49 0 1 1 1 1 f 50 0 1 1 0 1 f 12LyKaJaLu.418      
2268.534360 0.001000   1.000e-03   48 0 1 1 1 1 f 49 0 1 1 0 1 f 12LyKaJaLu.419      
2269.512760 0.001000   1.000e-03   47 0 1 1 1 1 f 48 0 1 1 0 1 f 12LyKaJaLu.420      
2270.487320 0.001000   1.000e-03   46 0 1 1 1 1 f 47 0 1 1 0 1 f 12LyKaJaLu.421      
2271.458430 0.001000   1.000e-03   45 0 1 1 1 1 f 46 0 1 1 0 1 f 12LyKaJaLu.422      
2272.422350 0.001000   1.000e-03   44 0 1 1 1 1 f 45 0 1 1 0 1 f 12LyKaJaLu.423      
2273.381870 0.001000   2.171e-03   43 0 1 1 1 1 f 44 0 1 1 0 1 f 12LyKaJaLu.424      
2274.334880 0.001000   1.000e-03   42 0 1 1 1 1 f 43 0 1 1 0 1 f 12LyKaJaLu.425      
2275.282840 0.001000   1.000e-03   41 0 1 1 1 1 f 42 0 1 1 0 1 f 12LyKaJaLu.426      
2276.225680 0.001000   1.000e-03   40 0 1 1 1 1 f 41 0 1 1 0 1 f 12LyKaJaLu.427      
2277.162120 0.001000   1.000e-03   39 0 1 1 1 1 f 40 0 1 1 0 1 f 12LyKaJaLu.428      
2278.094520 0.001000   1.000e-03   38 0 1 1 1 1 f 39 0 1 1 0 1 f 12LyKaJaLu.429      
2279.020770 0.001000   1.000e-03   37 0 1 1 1 1 f 38 0 1 1 0 1 f 12LyKaJaLu.430      
2279.938830 0.001000   1.219e-03   36 0 1 1 1 1 f 37 0 1 1 0 1 f 12LyKaJaLu.431      
2280.856610 0.001000   1.000e-03   35 0 1 1 1 1 f 36 0 1 1 0 1 f 12LyKaJaLu.432      
2281.766280 0.001000   1.000e-03   34 0 1 1 1 1 f 35 0 1 1 0 1 f 12LyKaJaLu.433      
2282.670060 0.001000   1.000e-03   33 0 1 1 1 1 f 34 0 1 1 0 1 f 12LyKaJaLu.434      
2283.569290 0.001000   1.000e-03   32 0 1 1 1 1 f 33 0 1 1 0 1 f 12LyKaJaLu.435      
2284.462920 0.001000   1.000e-03   31 0 1 1 1 1 f 32 0 1 1 0 1 f 12LyKaJaLu.436      
2285.350070 0.001000   1.000e-03   30 0 1 1 1 1 f 31 0 1 1 0 1 f 12LyKaJaLu.437      
2286.232630 0.001000   1.000e-03   29 0 1 1 1 1 f 30 0 1 1 0 1 f 12LyKaJaLu.438      
2287.109310 0.001000   1.000e-03   28 0 1 1 1 1 f 29 0 1 1 0 1 f 12LyKaJaLu.439      
2287.980610 0.001000   1.000e-03   27 0 1 1 1 1 f 28 0 1 1 0 1 f 12LyKaJaLu.440      
2288.846280 0.001000   1.000e-03   26 0 1 1 1 1 f 27 0 1 1 0 1 f 12LyKaJaLu.441      
2289.706450 0.001000   1.747e-03   25 0 1 1 1 1 f 26 0 1 1 0 1 f 12LyKaJaLu.442      
2290.561110 0.001000   1.000e-03   24 0 1 1 1 1 f 25 0 1 1 0 1 f 12LyKaJaLu.443      
2291.411610 0.001000   1.000e-03   23 0 1 1 1 1 f 24 0 1 1 0 1 f 12LyKaJaLu.444      
2292.253780 0.001000   1.000e-03   22 0 1 1 1 1 f 23 0 1 1 0 1 f 12LyKaJaLu.445      
2293.092820 0.001000   1.000e-03   21 0 1 1 1 1 f 22 0 1 1 0 1 f 12LyKaJaLu.446      
2293.924560 0.001000   1.000e-03   20 0 1 1 1 1 f 21 0 1 1 0 1 f 12LyKaJaLu.447      
2294.752160 0.001000   1.000e-03   19 0 1 1 1 1 f 20 0 1 1 0 1 f 12LyKaJaLu.448      
2295.572860 0.001000   1.000e-03   18 0 1 1 1 1 f 19 0 1 1 0 1 f 12LyKaJaLu.449      
2296.389100 0.001000   1.000e-03   17 0 1 1 1 1 f 18 0 1 1 0 1 f 12LyKaJaLu.450      
2297.200660 0.001000   1.000e-03   16 0 1 1 1 1 f 17 0 1 1 0 1 f 12LyKaJaLu.451      
2298.004240 0.001000   1.000e-03   15 0 1 1 1 1 f 16 0 1 1 0 1 f 12LyKaJaLu.452      
2298.803570 0.001000   1.000e-03   14 0 1 1 1 1 f 15 0 1 1 0 1 f 12LyKaJaLu.453      
2299.593910 0.001000   1.301e-03   13 0 1 1 1 1 f 14 0 1 1 0 1 f 12LyKaJaLu.454      
2300.385540 0.001000   1.000e-03   12 0 1 1 1 1 f 13 0 1 1 0 1 f 12LyKaJaLu.455      
2301.167880 0.001000   1.000e-03   11 0 1 1 1 1 f 12 0 1 1 0 1 f 12LyKaJaLu.456      
2301.945000 0.001000   1.000e-03   10 0 1 1 1 1 f 11 0 1 1 0 1 f 12LyKaJaLu.457      
2302.716080 0.001000   1.000e-03   9 0 1 1 1 1 f  10 0 1 1 0 1 f 12LyKaJaLu.458      
2303.481900 0.001000   2.457e-03   8 0 1 1 1 1 f  9 0 1 1 0 1 f  12LyKaJaLu.459      
2304.239660 0.001000   1.000e-03   7 0 1 1 1 1 f  8 0 1 1 0 1 f  12LyKaJaLu.460      
2305.001000 0.001000   1.000e-03   6 0 1 1 1 1 f  7 0 1 1 0 1 f  12LyKaJaLu.461      
2305.745910 0.001000   1.000e-03   5 0 1 1 1 1 f  6 0 1 1 0 1 f  12LyKaJaLu.462      
2306.492780 0.001000   3.036e-03   4 0 1 1 1 1 f  5 0 1 1 0 1 f  12LyKaJaLu.463      
2307.232030 0.001000   2.162e-03   3 0 1 1 1 1 f  4 0 1 1 0 1 f  12LyKaJaLu.464      
2307.961990 0.001000   1.000e-03   2 0 1 1 1 1 f  3 0 1 1 0 1 f  12LyKaJaLu.465      
2308.688160 0.001000   1.000e-03   1 0 1 1 1 1 f  2 0 1 1 0 1 f  12LyKaJaLu.466      
3214.919300 0.001000   2.282e-03   50 2 1 1 0 2 e 51 0 0 0 0 1 e 12LyKaJaLu.467      
3215.627410 0.001000   1.000e-03   49 2 1 1 0 2 e 50 0 0 0 0 1 e 12LyKaJaLu.468      
3216.333640 0.001000   1.668e-03   48 2 1 1 0 2 e 49 0 0 0 0 1 e 12LyKaJaLu.469      
3217.037440 0.001000   1.000e-03   47 2 1 1 0 2 e 48 0 0 0 0 1 e 12LyKaJaLu.470      
3217.742690 0.001000   1.000e-03   46 2 1 1 0 2 e 47 0 0 0 0 1 e 12LyKaJaLu.471      
3218.448100 0.001000   1.000e-03   45 2 1 1 0 2 e 46 0 0 0 0 1 e 12LyKaJaLu.472      
3219.153520 0.001000   1.000e-03   44 2 1 1 0 2 e 45 0 0 0 0 1 e 12LyKaJaLu.473      
3219.859210 0.001000   1.095e-03   43 2 1 1 0 2 e 44 0 0 0 0 1 e 12LyKaJaLu.474      
3220.567670 0.001000   1.134e-03   42 2 1 1 0 2 e 43 0 0 0 0 1 e 12LyKaJaLu.475      
3221.274300 0.001000   1.000e-03   41 2 1 1 0 2 e 42 0 0 0 0 1 e 12LyKaJaLu.476      
3221.980730 0.001000   1.000e-03   40 2 1 1 0 2 e 41 0 0 0 0 1 e 12LyKaJaLu.477      
3222.687170 0.001000   1.000e-03   39 2 1 1 0 2 e 40 0 0 0 0 1 e 12LyKaJaLu.478      
3223.395120 0.001000   1.000e-03   38 2 1 1 0 2 e 39 0 0 0 0 1 e 12LyKaJaLu.479      
3224.102760 0.001000   1.000e-03   37 2 1 1 0 2 e 38 0 0 0 0 1 e 12LyKaJaLu.480      
3224.810400 0.001000   1.000e-03   36 2 1 1 0 2 e 37 0 0 0 0 1 e 12LyKaJaLu.481      
3225.517720 0.001000   1.451e-03   35 2 1 1 0 2 e 36 0 0 0 0 1 e 12LyKaJaLu.482      
3226.227350 0.001000   1.000e-03   34 2 1 1 0 2 e 35 0 0 0 0 1 e 12LyKaJaLu.483      
3226.935410 0.001000   1.000e-03   33 2 1 1 0 2 e 34 0 0 0 0 1 e 12LyKaJaLu.484      
3227.644250 0.001000   1.000e-03   32 2 1 1 0 2 e 33 0 0 0 0 1 e 12LyKaJaLu.485      
3228.352880 0.001000   1.000e-03   31 2 1 1 0 2 e 32 0 0 0 0 1 e 12LyKaJaLu.486      
3229.062660 0.001000   1.000e-03   30 2 1 1 0 2 e 31 0 0 0 0 1 e 12LyKaJaLu.487      
3229.771820 0.001000   1.000e-03   29 2 1 1 0 2 e 30 0 0 0 0 1 e 12LyKaJaLu.488      
3230.481390 0.001000   1.000e-03   28 2 1 1 0 2 e 29 0 0 0 0 1 e 12LyKaJaLu.489      
3231.191390 0.001000   1.000e-03   27 2 1 1 0 2 e 28 0 0 0 0 1 e 12LyKaJaLu.490      
3231.901690 0.001000   1.000e-03   26 2 1 1 0 2 e 27 0 0 0 0 1 e 12LyKaJaLu.491      
3232.611370 0.001000   1.000e-03   25 2 1 1 0 2 e 26 0 0 0 0 1 e 12LyKaJaLu.492      
3233.320420 0.001000   1.367e-03   24 2 1 1 0 2 e 25 0 0 0 0 1 e 12LyKaJaLu.493      
3234.032300 0.001000   1.000e-03   23 2 1 1 0 2 e 24 0 0 0 0 1 e 12LyKaJaLu.494      
3234.743230 0.001000   1.000e-03   22 2 1 1 0 2 e 23 0 0 0 0 1 e 12LyKaJaLu.495      
3235.453230 0.001000   1.000e-03   21 2 1 1 0 2 e 22 0 0 0 0 1 e 12LyKaJaLu.496      
3236.163600 0.001000   1.045e-03   20 2 1 1 0 2 e 21 0 0 0 0 1 e 12LyKaJaLu.497      
3236.874620 0.001000   1.000e-03   19 2 1 1 0 2 e 20 0 0 0 0 1 e 12LyKaJaLu.498      
3237.588230 0.001000   1.000e-03   18 2 1 1 0 2 e 19 0 0 0 0 1 e 12LyKaJaLu.499      
2256.400020 0.001000   1.000e-03   53 1 0 0 1 2 e 54 1 0 0 0 2 e 12LyKaJaLu.500      
2257.401110 0.001000   1.000e-03   52 1 0 0 1 2 e 53 1 0 0 0 2 e 12LyKaJaLu.501      
2258.396100 0.001000   1.375e-03   51 1 0 0 1 2 e 52 1 0 0 0 2 e 12LyKaJaLu.502      
2260.365380 0.001000   3.049e-03   49 1 0 0 1 2 e 50 1 0 0 0 2 e 12LyKaJaLu.503      
2261.345300 0.001000   1.000e-03   48 1 0 0 1 2 e 49 1 0 0 0 2 e 12LyKaJaLu.504      
2262.318700 0.001000   1.000e-03   47 1 0 0 1 2 e 48 1 0 0 0 2 e 12LyKaJaLu.505      
2263.283120 0.001000   4.074e-03   46 1 0 0 1 2 e 47 1 0 0 0 2 e 12LyKaJaLu.506      
2265.205360 0.001000   1.000e-03   44 1 0 0 1 2 e 45 1 0 0 0 2 e 12LyKaJaLu.507      
2267.102520 0.001000   1.000e-03   42 1 0 0 1 2 e 43 1 0 0 0 2 e 12LyKaJaLu.508      
2268.045920 0.001000   1.664e-03   41 1 0 0 1 2 e 42 1 0 0 0 2 e 12LyKaJaLu.509      
2268.979400 0.001000   1.000e-03   40 1 0 0 1 2 e 41 1 0 0 0 2 e 12LyKaJaLu.510      
2269.907780 0.001000   2.062e-03   39 1 0 0 1 2 e 40 1 0 0 0 2 e 12LyKaJaLu.511      
2270.834720 0.001000   1.000e-03   38 1 0 0 1 2 e 39 1 0 0 0 2 e 12LyKaJaLu.512      
2271.755030 0.001000   1.037e-03   37 1 0 0 1 2 e 38 1 0 0 0 2 e 12LyKaJaLu.513      
2272.668170 0.001000   1.000e-03   36 1 0 0 1 2 e 37 1 0 0 0 2 e 12LyKaJaLu.514      
2273.576770 0.001000   1.000e-03   35 1 0 0 1 2 e 36 1 0 0 0 2 e 12LyKaJaLu.515      
2274.480300 0.001000   1.000e-03   34 1 0 0 1 2 e 35 1 0 0 0 2 e 12LyKaJaLu.516      
2275.376610 0.001000   1.000e-03   33 1 0 0 1 2 e 34 1 0 0 0 2 e 12LyKaJaLu.517      
2276.269690 0.001000   1.000e-03   32 1 0 0 1 2 e 33 1 0 0 0 2 e 12LyKaJaLu.518      
2278.038480 0.001000   1.000e-03   30 1 0 0 1 2 e 31 1 0 0 0 2 e 12LyKaJaLu.519      
2278.912140 0.001000   3.044e-03   29 1 0 0 1 2 e 30 1 0 0 0 2 e 12LyKaJaLu.520      
2279.786020 0.001000   1.000e-03   28 1 0 0 1 2 e 29 1 0 0 0 2 e 12LyKaJaLu.521      
2281.512220 0.001000   1.000e-03   26 1 0 0 1 2 e 27 1 0 0 0 2 e 12LyKaJaLu.522      
2282.364930 0.001000   1.485e-03   25 1 0 0 1 2 e 26 1 0 0 0 2 e 12LyKaJaLu.523      
2283.214710 0.001000   1.075e-03   24 1 0 0 1 2 e 25 1 0 0 0 2 e 12LyKaJaLu.524      
2284.058670 0.001000   1.136e-03   23 1 0 0 1 2 e 24 1 0 0 0 2 e 12LyKaJaLu.525      
2285.734680 0.001000   3.239e-03   21 1 0 0 1 2 e 22 1 0 0 0 2 e 12LyKaJaLu.526      
2286.559560 0.001000   1.000e-03   20 1 0 0 1 2 e 21 1 0 0 0 2 e 12LyKaJaLu.527      
2287.380090 0.001000   1.388e-03   19 1 0 0 1 2 e 20 1 0 0 0 2 e 12LyKaJaLu.528      
2288.194800 0.001000   3.486e-03   18 1 0 0 1 2 e 19 1 0 0 0 2 e 12LyKaJaLu.529      
2289.010430 0.001000   1.000e-03   17 1 0 0 1 2 e 18 1 0 0 0 2 e 12LyKaJaLu.530      
2289.816550 0.001000   1.000e-03   16 1 0 0 1 2 e 17 1 0 0 0 2 e 12LyKaJaLu.531      
2290.617300 0.001000   1.000e-03   15 1 0 0 1 2 e 16 1 0 0 0 2 e 12LyKaJaLu.532      
2292.202690 0.001000   1.591e-03   13 1 0 0 1 2 e 14 1 0 0 0 2 e 12LyKaJaLu.533      
2292.985650 0.001000   1.000e-03   12 1 0 0 1 2 e 13 1 0 0 0 2 e 12LyKaJaLu.534      
2293.762750 0.001000   1.892e-03   11 1 0 0 1 2 e 12 1 0 0 0 2 e 12LyKaJaLu.535      
2295.307440 0.001000   1.286e-03   9 1 0 0 1 2 e  10 1 0 0 0 2 e 12LyKaJaLu.536      
2296.068510 0.001000   1.000e-03   8 1 0 0 1 2 e  9 1 0 0 0 2 e  12LyKaJaLu.537      
2297.580050 0.001000   2.462e-03   6 1 0 0 1 2 e  7 1 0 0 0 2 e  12LyKaJaLu.538      
2298.322380 0.001000   1.263e-03   5 1 0 0 1 2 e  6 1 0 0 0 2 e  12LyKaJaLu.539      
2299.059230 0.001000   5.472e-03   4 1 0 0 1 2 e  5 1 0 0 0 2 e  12LyKaJaLu.540      
2300.530570 0.001000   1.000e-03   2 1 0 0 1 2 e  3 1 0 0 0 2 e  12LyKaJaLu.541      
2301.254340 0.001000   1.000e-03   1 1 0 0 1 2 e  2 1 0 0 0 2 e  12LyKaJaLu.542      
3476.043580 0.001000   1.000e-03   75 1 0 0 1 2 e 76 0 0 0 0 1 e 12LyKaJaLu.543      
3478.376460 0.001000   1.000e-03   73 1 0 0 1 2 e 74 0 0 0 0 1 e 12LyKaJaLu.544      
3479.533970 0.001000   1.000e-03   72 1 0 0 1 2 e 73 0 0 0 0 1 e 12LyKaJaLu.545      
3480.683110 0.001000   1.873e-03   71 1 0 0 1 2 e 72 0 0 0 0 1 e 12LyKaJaLu.546      
3481.828450 0.001000   1.000e-03   70 1 0 0 1 2 e 71 0 0 0 0 1 e 12LyKaJaLu.547      
3482.964950 0.001000   1.000e-03   69 1 0 0 1 2 e 70 0 0 0 0 1 e 12LyKaJaLu.548      
3484.095690 0.001000   1.000e-03   68 1 0 0 1 2 e 69 0 0 0 0 1 e 12LyKaJaLu.549      
3485.217730 0.001000   2.980e-03   67 1 0 0 1 2 e 68 0 0 0 0 1 e 12LyKaJaLu.550      
3486.331170 0.001000   7.270e-03   66 1 0 0 1 2 e 67 0 0 0 0 1 e 12LyKaJaLu.551      
3487.449670 0.001000   1.000e-03   65 1 0 0 1 2 e 66 0 0 0 0 1 e 12LyKaJaLu.552      
3488.554620 0.001000   1.000e-03   64 1 0 0 1 2 e 65 0 0 0 0 1 e 12LyKaJaLu.553      
3489.653910 0.001000   1.000e-03   63 1 0 0 1 2 e 64 0 0 0 0 1 e 12LyKaJaLu.554      
3490.744680 0.001000   1.000e-03   62 1 0 0 1 2 e 63 0 0 0 0 1 e 12LyKaJaLu.555      
3491.831720 0.001000   1.000e-03   61 1 0 0 1 2 e 62 0 0 0 0 1 e 12LyKaJaLu.556      
3492.911130 0.001000   1.000e-03   60 1 0 0 1 2 e 61 0 0 0 0 1 e 12LyKaJaLu.557      
3493.984590 0.001000   1.000e-03   59 1 0 0 1 2 e 60 0 0 0 0 1 e 12LyKaJaLu.558      
3495.051460 0.001000   1.000e-03   58 1 0 0 1 2 e 59 0 0 0 0 1 e 12LyKaJaLu.559      
3496.112740 0.001000   1.000e-03   57 1 0 0 1 2 e 58 0 0 0 0 1 e 12LyKaJaLu.560      
3497.166700 0.001000   1.000e-03   56 1 0 0 1 2 e 57 0 0 0 0 1 e 12LyKaJaLu.561      
3498.214800 0.001000   1.000e-03   55 1 0 0 1 2 e 56 0 0 0 0 1 e 12LyKaJaLu.562      
3499.256810 0.001000   1.000e-03   54 1 0 0 1 2 e 55 0 0 0 0 1 e 12LyKaJaLu.563      
3500.292500 0.001000   1.000e-03   53 1 0 0 1 2 e 54 0 0 0 0 1 e 12LyKaJaLu.564      
3501.322200 0.001000   1.000e-03   52 1 0 0 1 2 e 53 0 0 0 0 1 e 12LyKaJaLu.565      
3502.345560 0.001000   1.000e-03   51 1 0 0 1 2 e 52 0 0 0 0 1 e 12LyKaJaLu.566      
3503.362770 0.001000   1.000e-03   50 1 0 0 1 2 e 51 0 0 0 0 1 e 12LyKaJaLu.567      
3504.373440 0.001000   1.000e-03   49 1 0 0 1 2 e 50 0 0 0 0 1 e 12LyKaJaLu.568      
3505.378450 0.001000   1.000e-03   48 1 0 0 1 2 e 49 0 0 0 0 1 e 12LyKaJaLu.569      
3506.377030 0.001000   1.000e-03   47 1 0 0 1 2 e 48 0 0 0 0 1 e 12LyKaJaLu.570      
3507.369610 0.001000   1.000e-03   46 1 0 0 1 2 e 47 0 0 0 0 1 e 12LyKaJaLu.571      
3508.356060 0.001000   1.000e-03   45 1 0 0 1 2 e 46 0 0 0 0 1 e 12LyKaJaLu.572      
3509.336430 0.001000   1.000e-03   44 1 0 0 1 2 e 45 0 0 0 0 1 e 12LyKaJaLu.573      
3510.310650 0.001000   1.000e-03   43 1 0 0 1 2 e 44 0 0 0 0 1 e 12LyKaJaLu.574      
3511.278740 0.001000   1.000e-03   42 1 0 0 1 2 e 43 0 0 0 0 1 e 12LyKaJaLu.575      
3512.240780 0.001000   1.000e-03   41 1 0 0 1 2 e 42 0 0 0 0 1 e 12LyKaJaLu.576      
3513.196940 0.001000   1.000e-03   40 1 0 0 1 2 e 41 0 0 0 0 1 e 12LyKaJaLu.577      
3514.146830 0.001000   1.000e-03   39 1 0 0 1 2 e 40 0 0 0 0 1 e 12LyKaJaLu.578      
3515.090840 0.001000   1.000e-03   38 1 0 0 1 2 e 39 0 0 0 0 1 e 12LyKaJaLu.579      
3516.028550 0.001000   1.000e-03   37 1 0 0 1 2 e 38 0 0 0 0 1 e 12LyKaJaLu.580      
3516.960510 0.001000   1.000e-03   36 1 0 0 1 2 e 37 0 0 0 0 1 e 12LyKaJaLu.581      
3517.886500 0.001000   1.000e-03   35 1 0 0 1 2 e 36 0 0 0 0 1 e 12LyKaJaLu.582      
3518.806450 0.001000   1.000e-03   34 1 0 0 1 2 e 35 0 0 0 0 1 e 12LyKaJaLu.583      
3519.720290 0.001000   1.000e-03   33 1 0 0 1 2 e 34 0 0 0 0 1 e 12LyKaJaLu.584      
3520.628240 0.001000   1.000e-03   32 1 0 0 1 2 e 33 0 0 0 0 1 e 12LyKaJaLu.585      
3521.530370 0.001000   1.000e-03   31 1 0 0 1 2 e 32 0 0 0 0 1 e 12LyKaJaLu.586      
3522.426300 0.001000   1.000e-03   30 1 0 0 1 2 e 31 0 0 0 0 1 e 12LyKaJaLu.587      
3523.316350 0.001000   1.000e-03   29 1 0 0 1 2 e 30 0 0 0 0 1 e 12LyKaJaLu.588      
3524.200520 0.001000   1.000e-03   28 1 0 0 1 2 e 29 0 0 0 0 1 e 12LyKaJaLu.589      
3525.078660 0.001000   1.000e-03   27 1 0 0 1 2 e 28 0 0 0 0 1 e 12LyKaJaLu.590      
3525.950980 0.001000   1.000e-03   26 1 0 0 1 2 e 27 0 0 0 0 1 e 12LyKaJaLu.591      
3526.817520 0.001000   1.000e-03   25 1 0 0 1 2 e 26 0 0 0 0 1 e 12LyKaJaLu.592      
3527.678020 0.001000   1.000e-03   24 1 0 0 1 2 e 25 0 0 0 0 1 e 12LyKaJaLu.593      
3528.532260 0.001000   1.000e-03   23 1 0 0 1 2 e 24 0 0 0 0 1 e 12LyKaJaLu.594      
3529.381000 0.001000   1.000e-03   22 1 0 0 1 2 e 23 0 0 0 0 1 e 12LyKaJaLu.595      
3530.223770 0.001000   1.000e-03   21 1 0 0 1 2 e 22 0 0 0 0 1 e 12LyKaJaLu.596      
3531.060670 0.001000   1.000e-03   20 1 0 0 1 2 e 21 0 0 0 0 1 e 12LyKaJaLu.597      
3531.891610 0.001000   1.000e-03   19 1 0 0 1 2 e 20 0 0 0 0 1 e 12LyKaJaLu.598      
3532.716920 0.001000   1.000e-03   18 1 0 0 1 2 e 19 0 0 0 0 1 e 12LyKaJaLu.599      
3533.535890 0.001000   1.000e-03   17 1 0 0 1 2 e 18 0 0 0 0 1 e 12LyKaJaLu.600      
3534.349290 0.001000   1.000e-03   16 1 0 0 1 2 e 17 0 0 0 0 1 e 12LyKaJaLu.601      
3535.156860 0.001000   1.000e-03   15 1 0 0 1 2 e 16 0 0 0 0 1 e 12LyKaJaLu.602      
3535.958530 0.001000   1.000e-03   14 1 0 0 1 2 e 15 0 0 0 0 1 e 12LyKaJaLu.603      
3536.754290 0.001000   1.000e-03   13 1 0 0 1 2 e 14 0 0 0 0 1 e 12LyKaJaLu.604      
3537.544190 0.001000   1.000e-03   12 1 0 0 1 2 e 13 0 0 0 0 1 e 12LyKaJaLu.605      
3538.328290 0.001000   1.000e-03   11 1 0 0 1 2 e 12 0 0 0 0 1 e 12LyKaJaLu.606      
3539.105630 0.001000   1.000e-03   10 1 0 0 1 2 e 11 0 0 0 0 1 e 12LyKaJaLu.607      
3539.878830 0.001000   1.000e-03   9 1 0 0 1 2 e  10 0 0 0 0 1 e 12LyKaJaLu.608      
3540.645360 0.001000   1.000e-03   8 1 0 0 1 2 e  9 0 0 0 0 1 e  12LyKaJaLu.609      
3541.406100 0.001000   1.000e-03   7 1 0 0 1 2 e  8 0 0 0 0 1 e  12LyKaJaLu.610      
3542.160960 0.001000   1.000e-03   6 1 0 0 1 2 e  7 0 0 0 0 1 e  12LyKaJaLu.611      
3542.909760 0.001000   1.000e-03   5 1 0 0 1 2 e  6 0 0 0 0 1 e  12LyKaJaLu.612      
3543.653040 0.001000   1.000e-03   4 1 0 0 1 2 e  5 0 0 0 0 1 e  12LyKaJaLu.613      
3544.390370 0.001000   1.000e-03   3 1 0 0 1 2 e  4 0 0 0 0 1 e  12LyKaJaLu.614      
3545.121870 0.001000   1.000e-03   2 1 0 0 1 2 e  3 0 0 0 0 1 e  12LyKaJaLu.615      
3545.847420 0.001000   1.000e-03   1 1 0 0 1 2 e  2 0 0 0 0 1 e  12LyKaJaLu.616      
3546.567450 0.001000   1.000e-03   0 1 0 0 1 2 e  1 0 0 0 0 1 e  12LyKaJaLu.617      
2256.268320 0.001000   1.000e-03   48 0 2 2 1 1 e 49 0 2 2 0 1 e 12LyKaJaLu.618      
2257.247900 0.001000   1.000e-03   47 0 2 2 1 1 e 48 0 2 2 0 1 e 12LyKaJaLu.619      
2258.220880 0.001000   1.000e-03   46 0 2 2 1 1 e 47 0 2 2 0 1 e 12LyKaJaLu.620      
2259.188460 0.001000   1.000e-03   45 0 2 2 1 1 e 46 0 2 2 0 1 e 12LyKaJaLu.621      
2261.109530 0.001000   1.000e-03   43 0 2 2 1 1 e 44 0 2 2 0 1 e 12LyKaJaLu.622      
2262.060200 0.001000   1.000e-03   42 0 2 2 1 1 e 43 0 2 2 0 1 e 12LyKaJaLu.623      
2263.005180 0.001000   1.000e-03   41 0 2 2 1 1 e 42 0 2 2 0 1 e 12LyKaJaLu.624      
2263.947030 0.001000   1.516e-03   40 0 2 2 1 1 e 41 0 2 2 0 1 e 12LyKaJaLu.625      
2266.739280 0.001000   1.166e-03   37 0 2 2 1 1 e 38 0 2 2 0 1 e 12LyKaJaLu.626      
2267.653730 0.001000   1.000e-03   36 0 2 2 1 1 e 37 0 2 2 0 1 e 12LyKaJaLu.627      
2268.571380 0.001000   1.834e-03   35 0 2 2 1 1 e 36 0 2 2 0 1 e 12LyKaJaLu.628      
2269.480360 0.001000   1.000e-03   34 0 2 2 1 1 e 35 0 2 2 0 1 e 12LyKaJaLu.629      
2270.383450 0.001000   1.325e-03   33 0 2 2 1 1 e 34 0 2 2 0 1 e 12LyKaJaLu.630      
2271.281070 0.001000   1.000e-03   32 0 2 2 1 1 e 33 0 2 2 0 1 e 12LyKaJaLu.631      
2272.173160 0.001000   1.000e-03   31 0 2 2 1 1 e 32 0 2 2 0 1 e 12LyKaJaLu.632      
2273.059700 0.001000   1.000e-03   30 0 2 2 1 1 e 31 0 2 2 0 1 e 12LyKaJaLu.633      
2276.552570 0.001000   1.000e-03   26 0 2 2 1 1 e 27 0 2 2 0 1 e 12LyKaJaLu.634      
2277.412700 0.001000   1.000e-03   25 0 2 2 1 1 e 26 0 2 2 0 1 e 12LyKaJaLu.635      
2279.115400 0.001000   1.827e-03   23 0 2 2 1 1 e 24 0 2 2 0 1 e 12LyKaJaLu.636      
2279.957760 0.001000   1.000e-03   22 0 2 2 1 1 e 23 0 2 2 0 1 e 12LyKaJaLu.637      
2280.795630 0.001000   1.000e-03   21 0 2 2 1 1 e 22 0 2 2 0 1 e 12LyKaJaLu.638      
2281.628050 0.001000   1.000e-03   20 0 2 2 1 1 e 21 0 2 2 0 1 e 12LyKaJaLu.639      
2282.454370 0.001000   1.367e-03   19 0 2 2 1 1 e 20 0 2 2 0 1 e 12LyKaJaLu.640      
2283.276380 0.001000   1.000e-03   18 0 2 2 1 1 e 19 0 2 2 0 1 e 12LyKaJaLu.641      
2284.093620 0.001000   1.000e-03   17 0 2 2 1 1 e 18 0 2 2 0 1 e 12LyKaJaLu.642      
2284.904840 0.001000   1.036e-03   16 0 2 2 1 1 e 17 0 2 2 0 1 e 12LyKaJaLu.643      
2285.706960 0.001000   1.000e-03   15 0 2 2 1 1 e 16 0 2 2 0 1 e 12LyKaJaLu.644      
2286.506250 0.001000   1.000e-03   14 0 2 2 1 1 e 15 0 2 2 0 1 e 12LyKaJaLu.645      
2290.420150 0.001000   1.000e-03   9 0 2 2 1 1 e  10 0 2 2 0 1 e 12LyKaJaLu.646      
2291.186120 0.001000   1.000e-03   8 0 2 2 1 1 e  9 0 2 2 0 1 e  12LyKaJaLu.647      
2292.702400 0.001000   1.000e-03   6 0 2 2 1 1 e  7 0 2 2 0 1 e  12LyKaJaLu.648      
2293.451480 0.001000   1.000e-03   5 0 2 2 1 1 e  6 0 2 2 0 1 e  12LyKaJaLu.649      
2294.196270 0.001000   1.000e-03   4 0 2 2 1 1 e  5 0 2 2 0 1 e  12LyKaJaLu.650      
2294.934770 0.001000   1.000e-03   3 0 2 2 1 1 e  4 0 2 2 0 1 e  12LyKaJaLu.651      
2256.268320 0.001000   1.000e-03   48 0 2 2 1 1 f 49 0 2 2 0 1 f 12LyKaJaLu.652      
2257.247900 0.001000   1.000e-03   47 0 2 2 1 1 f 48 0 2 2 0 1 f 12LyKaJaLu.653      
2258.220880 0.001000   1.000e-03   46 0 2 2 1 1 f 47 0 2 2 0 1 f 12LyKaJaLu.654      
2259.188460 0.001000   1.000e-03   45 0 2 2 1 1 f 46 0 2 2 0 1 f 12LyKaJaLu.655      
2261.109530 0.001000   1.000e-03   43 0 2 2 1 1 f 44 0 2 2 0 1 f 12LyKaJaLu.656      
2262.059420 0.001000   1.000e-03   42 0 2 2 1 1 f 43 0 2 2 0 1 f 12LyKaJaLu.657      
2263.005180 0.001000   1.000e-03   41 0 2 2 1 1 f 42 0 2 2 0 1 f 12LyKaJaLu.658      
2263.946970 0.001000   1.000e-03   40 0 2 2 1 1 f 41 0 2 2 0 1 f 12LyKaJaLu.659      
2266.739620 0.001000   1.000e-03   37 0 2 2 1 1 f 38 0 2 2 0 1 f 12LyKaJaLu.660      
2267.653730 0.001000   1.000e-03   36 0 2 2 1 1 f 37 0 2 2 0 1 f 12LyKaJaLu.661      
2268.570850 0.001000   1.325e-03   35 0 2 2 1 1 f 36 0 2 2 0 1 f 12LyKaJaLu.662      
2269.480360 0.001000   1.168e-03   34 0 2 2 1 1 f 35 0 2 2 0 1 f 12LyKaJaLu.663      
2270.383450 0.001000   1.000e-03   33 0 2 2 1 1 f 34 0 2 2 0 1 f 12LyKaJaLu.664      
2271.281070 0.001000   1.000e-03   32 0 2 2 1 1 f 33 0 2 2 0 1 f 12LyKaJaLu.665      
2272.173160 0.001000   1.000e-03   31 0 2 2 1 1 f 32 0 2 2 0 1 f 12LyKaJaLu.666      
2273.059700 0.001000   1.000e-03   30 0 2 2 1 1 f 31 0 2 2 0 1 f 12LyKaJaLu.667      
2276.552570 0.001000   1.000e-03   26 0 2 2 1 1 f 27 0 2 2 0 1 f 12LyKaJaLu.668      
2277.412700 0.001000   1.000e-03   25 0 2 2 1 1 f 26 0 2 2 0 1 f 12LyKaJaLu.669      
2279.115400 0.001000   1.000e-03   23 0 2 2 1 1 f 24 0 2 2 0 1 f 12LyKaJaLu.670      
2279.957760 0.001000   1.000e-03   22 0 2 2 1 1 f 23 0 2 2 0 1 f 12LyKaJaLu.671      
2280.796680 0.001000   1.130e-03   21 0 2 2 1 1 f 22 0 2 2 0 1 f 12LyKaJaLu.672      
2281.628050 0.001000   1.000e-03   20 0 2 2 1 1 f 21 0 2 2 0 1 f 12LyKaJaLu.673      
2282.454370 0.001000   1.000e-03   19 0 2 2 1 1 f 20 0 2 2 0 1 f 12LyKaJaLu.674      
2283.276230 0.001000   1.000e-03   18 0 2 2 1 1 f 19 0 2 2 0 1 f 12LyKaJaLu.675      
2284.093620 0.001000   1.000e-03   17 0 2 2 1 1 f 18 0 2 2 0 1 f 12LyKaJaLu.676      
2284.904840 0.001000   1.047e-03   16 0 2 2 1 1 f 17 0 2 2 0 1 f 12LyKaJaLu.677      
2285.706960 0.001000   1.000e-03   15 0 2 2 1 1 f 16 0 2 2 0 1 f 12LyKaJaLu.678      
2286.506250 0.001000   1.000e-03   14 0 2 2 1 1 f 15 0 2 2 0 1 f 12LyKaJaLu.679      
2290.420150 0.001000   1.000e-03   9 0 2 2 1 1 f  10 0 2 2 0 1 f 12LyKaJaLu.680      
2291.186120 0.001000   1.000e-03   8 0 2 2 1 1 f  9 0 2 2 0 1 f  12LyKaJaLu.681      
2292.702400 0.001000   1.000e-03   6 0 2 2 1 1 f  7 0 2 2 0 1 f  12LyKaJaLu.682      
2293.451480 0.001000   1.000e-03   5 0 2 2 1 1 f  6 0 2 2 0 1 f  12LyKaJaLu.683      
2294.196270 0.001000   1.000e-03   4 0 2 2 1 1 f  5 0 2 2 0 1 f  12LyKaJaLu.684      
2294.933950 0.001000   1.000e-03   3 0 2 2 1 1 f  4 0 2 2 0 1 f  12LyKaJaLu.685      
2254.821880 0.001000   1.018e-03   51 1 0 0 1 1 e 52 1 0 0 0 1 e 12LyKaJaLu.686      
2256.819350 0.001000   1.000e-03   49 1 0 0 1 1 e 50 1 0 0 0 1 e 12LyKaJaLu.687      
2257.810670 0.001000   1.000e-03   48 1 0 0 1 1 e 49 1 0 0 0 1 e 12LyKaJaLu.688      
2259.772900 0.001000   1.000e-03   46 1 0 0 1 1 e 47 1 0 0 0 1 e 12LyKaJaLu.689      
2260.746940 0.001000   1.000e-03   45 1 0 0 1 1 e 46 1 0 0 0 1 e 12LyKaJaLu.690      
2261.713520 0.001000   1.000e-03   44 1 0 0 1 1 e 45 1 0 0 0 1 e 12LyKaJaLu.691      
2262.677260 0.001000   1.000e-03   43 1 0 0 1 1 e 44 1 0 0 0 1 e 12LyKaJaLu.692      
2264.584870 0.001000   1.000e-03   41 1 0 0 1 1 e 42 1 0 0 0 1 e 12LyKaJaLu.693      
2266.470020 0.001000   1.000e-03   39 1 0 0 1 1 e 40 1 0 0 0 1 e 12LyKaJaLu.694      
2267.403370 0.001000   1.000e-03   38 1 0 0 1 1 e 39 1 0 0 0 1 e 12LyKaJaLu.695      
2268.336390 0.001000   3.517e-03   37 1 0 0 1 1 e 38 1 0 0 0 1 e 12LyKaJaLu.696      
2270.174130 0.001000   1.000e-03   35 1 0 0 1 1 e 36 1 0 0 0 1 e 12LyKaJaLu.697      
2271.082190 0.001000   3.931e-03   34 1 0 0 1 1 e 35 1 0 0 0 1 e 12LyKaJaLu.698      
2271.992670 0.001000   1.000e-03   33 1 0 0 1 1 e 34 1 0 0 0 1 e 12LyKaJaLu.699      
2272.893040 0.001000   1.000e-03   32 1 0 0 1 1 e 33 1 0 0 0 1 e 12LyKaJaLu.700      
2273.784540 0.001000   4.448e-03   31 1 0 0 1 1 e 32 1 0 0 0 1 e 12LyKaJaLu.701      
2274.678840 0.001000   1.000e-03   30 1 0 0 1 1 e 31 1 0 0 0 1 e 12LyKaJaLu.702      
2275.561370 0.001000   1.580e-03   29 1 0 0 1 1 e 30 1 0 0 0 1 e 12LyKaJaLu.703      
2277.314110 0.001000   1.000e-03   27 1 0 0 1 1 e 28 1 0 0 0 1 e 12LyKaJaLu.704      
2278.181470 0.001000   1.000e-03   26 1 0 0 1 1 e 27 1 0 0 0 1 e 12LyKaJaLu.705      
2279.039910 0.001000   3.398e-03   25 1 0 0 1 1 e 26 1 0 0 0 1 e 12LyKaJaLu.706      
2279.898940 0.001000   1.000e-03   24 1 0 0 1 1 e 25 1 0 0 0 1 e 12LyKaJaLu.707      
2281.593390 0.001000   1.103e-03   22 1 0 0 1 1 e 23 1 0 0 0 1 e 12LyKaJaLu.708      
2282.433050 0.001000   1.000e-03   21 1 0 0 1 1 e 22 1 0 0 0 1 e 12LyKaJaLu.709      
2283.267280 0.001000   1.000e-03   20 1 0 0 1 1 e 21 1 0 0 0 1 e 12LyKaJaLu.710      
2284.918070 0.001000   1.000e-03   18 1 0 0 1 1 e 19 1 0 0 0 1 e 12LyKaJaLu.711      
2287.350210 0.001000   1.000e-03   15 1 0 0 1 1 e 16 1 0 0 0 1 e 12LyKaJaLu.712      
2288.151510 0.001000   1.288e-03   14 1 0 0 1 1 e 15 1 0 0 0 1 e 12LyKaJaLu.713      
2288.943220 0.001000   1.291e-03   13 1 0 0 1 1 e 14 1 0 0 0 1 e 12LyKaJaLu.714      
2289.732800 0.001000   1.000e-03   12 1 0 0 1 1 e 13 1 0 0 0 1 e 12LyKaJaLu.715      
2290.515440 0.001000   1.000e-03   11 1 0 0 1 1 e 12 1 0 0 0 1 e 12LyKaJaLu.716      
2292.064730 0.001000   1.000e-03   9 1 0 0 1 1 e  10 1 0 0 0 1 e 12LyKaJaLu.717      
2297.304590 0.001000   1.988e-03   2 1 0 0 1 1 e  3 1 0 0 0 1 e  12LyKaJaLu.718      
2298.749600 0.001000   2.681e-03   0 1 0 0 1 1 e  1 1 0 0 0 1 e  12LyKaJaLu.719      
3598.276910 0.001000   1.000e-03   65 1 0 0 1 1 e 66 0 0 0 0 1 e 12LyKaJaLu.720      
3600.271540 0.001000   1.968e-03   63 1 0 0 1 1 e 64 0 0 0 0 1 e 12LyKaJaLu.721      
3602.248170 0.001000   1.281e-03   61 1 0 0 1 1 e 62 0 0 0 0 1 e 12LyKaJaLu.722      
3603.229500 0.001000   1.000e-03   60 1 0 0 1 1 e 61 0 0 0 0 1 e 12LyKaJaLu.723      
3604.209210 0.001000   1.000e-03   59 1 0 0 1 1 e 60 0 0 0 0 1 e 12LyKaJaLu.724      
3605.184080 0.001000   1.000e-03   58 1 0 0 1 1 e 59 0 0 0 0 1 e 12LyKaJaLu.725      
3606.155510 0.001000   1.000e-03   57 1 0 0 1 1 e 58 0 0 0 0 1 e 12LyKaJaLu.726      
3609.045920 0.001000   1.000e-03   54 1 0 0 1 1 e 55 0 0 0 0 1 e 12LyKaJaLu.727      
3610.001230 0.001000   1.000e-03   53 1 0 0 1 1 e 54 0 0 0 0 1 e 12LyKaJaLu.728      
3610.952530 0.001000   1.000e-03   52 1 0 0 1 1 e 53 0 0 0 0 1 e 12LyKaJaLu.729      
3611.900150 0.001000   1.000e-03   51 1 0 0 1 1 e 52 0 0 0 0 1 e 12LyKaJaLu.730      
3612.843160 0.001000   1.000e-03   50 1 0 0 1 1 e 51 0 0 0 0 1 e 12LyKaJaLu.731      
3613.782340 0.001000   1.000e-03   49 1 0 0 1 1 e 50 0 0 0 0 1 e 12LyKaJaLu.732      
3614.716240 0.001000   1.042e-03   48 1 0 0 1 1 e 49 0 0 0 0 1 e 12LyKaJaLu.733      
3615.648260 0.001000   1.000e-03   47 1 0 0 1 1 e 48 0 0 0 0 1 e 12LyKaJaLu.734      
3616.574810 0.001000   1.000e-03   46 1 0 0 1 1 e 47 0 0 0 0 1 e 12LyKaJaLu.735      
3617.497330 0.001000   1.000e-03   45 1 0 0 1 1 e 46 0 0 0 0 1 e 12LyKaJaLu.736      
3619.329660 0.001000   1.000e-03   43 1 0 0 1 1 e 44 0 0 0 0 1 e 12LyKaJaLu.737      
3620.236870 0.001000   2.605e-03   42 1 0 0 1 1 e 43 0 0 0 0 1 e 12LyKaJaLu.738      
3621.144900 0.001000   1.000e-03   41 1 0 0 1 1 e 42 0 0 0 0 1 e 12LyKaJaLu.739      
3622.046290 0.001000   1.000e-03   40 1 0 0 1 1 e 41 0 0 0 0 1 e 12LyKaJaLu.740      
3622.943600 0.001000   1.000e-03   39 1 0 0 1 1 e 40 0 0 0 0 1 e 12LyKaJaLu.741      
3623.835360 0.001000   1.000e-03   38 1 0 0 1 1 e 39 0 0 0 0 1 e 12LyKaJaLu.742      
3624.724000 0.001000   1.000e-03   37 1 0 0 1 1 e 38 0 0 0 0 1 e 12LyKaJaLu.743      
3625.607890 0.001000   1.000e-03   36 1 0 0 1 1 e 37 0 0 0 0 1 e 12LyKaJaLu.744      
3626.487280 0.001000   1.000e-03   35 1 0 0 1 1 e 36 0 0 0 0 1 e 12LyKaJaLu.745      
3627.362540 0.001000   1.000e-03   34 1 0 0 1 1 e 35 0 0 0 0 1 e 12LyKaJaLu.746      
3628.233300 0.001000   1.000e-03   33 1 0 0 1 1 e 34 0 0 0 0 1 e 12LyKaJaLu.747      
3629.099540 0.001000   1.000e-03   32 1 0 0 1 1 e 33 0 0 0 0 1 e 12LyKaJaLu.748      
3629.961280 0.001000   1.000e-03   31 1 0 0 1 1 e 32 0 0 0 0 1 e 12LyKaJaLu.749      
3630.818810 0.001000   1.000e-03   30 1 0 0 1 1 e 31 0 0 0 0 1 e 12LyKaJaLu.750      
3631.671590 0.001000   1.000e-03   29 1 0 0 1 1 e 30 0 0 0 0 1 e 12LyKaJaLu.751      
3632.520100 0.001000   1.000e-03   28 1 0 0 1 1 e 29 0 0 0 0 1 e 12LyKaJaLu.752      
3633.363990 0.001000   1.000e-03   27 1 0 0 1 1 e 28 0 0 0 0 1 e 12LyKaJaLu.753      
3634.203380 0.001000   1.000e-03   26 1 0 0 1 1 e 27 0 0 0 0 1 e 12LyKaJaLu.754      
3635.038180 0.001000   1.000e-03   25 1 0 0 1 1 e 26 0 0 0 0 1 e 12LyKaJaLu.755      
3635.868590 0.001000   1.000e-03   24 1 0 0 1 1 e 25 0 0 0 0 1 e 12LyKaJaLu.756      
3636.694030 0.001000   1.000e-03   23 1 0 0 1 1 e 24 0 0 0 0 1 e 12LyKaJaLu.757      
3637.515580 0.001000   1.000e-03   22 1 0 0 1 1 e 23 0 0 0 0 1 e 12LyKaJaLu.758      
3638.332130 0.001000   1.000e-03   21 1 0 0 1 1 e 22 0 0 0 0 1 e 12LyKaJaLu.759      
3639.144300 0.001000   1.000e-03   20 1 0 0 1 1 e 21 0 0 0 0 1 e 12LyKaJaLu.760      
3639.951720 0.001000   1.000e-03   19 1 0 0 1 1 e 20 0 0 0 0 1 e 12LyKaJaLu.761      
3640.754430 0.001000   1.000e-03   18 1 0 0 1 1 e 19 0 0 0 0 1 e 12LyKaJaLu.762      
3641.552890 0.001000   1.000e-03   17 1 0 0 1 1 e 18 0 0 0 0 1 e 12LyKaJaLu.763      
3642.346400 0.001000   1.000e-03   16 1 0 0 1 1 e 17 0 0 0 0 1 e 12LyKaJaLu.764      
3643.135400 0.001000   1.000e-03   15 1 0 0 1 1 e 16 0 0 0 0 1 e 12LyKaJaLu.765      
3643.919850 0.001000   1.000e-03   14 1 0 0 1 1 e 15 0 0 0 0 1 e 12LyKaJaLu.766      
3644.699340 0.001000   1.000e-03   13 1 0 0 1 1 e 14 0 0 0 0 1 e 12LyKaJaLu.767      
3645.474460 0.001000   1.000e-03   12 1 0 0 1 1 e 13 0 0 0 0 1 e 12LyKaJaLu.768      
3646.244680 0.001000   1.000e-03   11 1 0 0 1 1 e 12 0 0 0 0 1 e 12LyKaJaLu.769      
3647.010320 0.001000   1.000e-03   10 1 0 0 1 1 e 11 0 0 0 0 1 e 12LyKaJaLu.770      
3647.771240 0.001000   1.000e-03   9 1 0 0 1 1 e  10 0 0 0 0 1 e 12LyKaJaLu.771      
3648.527630 0.001000   1.000e-03   8 1 0 0 1 1 e  9 0 0 0 0 1 e  12LyKaJaLu.772      
3649.279120 0.001000   1.000e-03   7 1 0 0 1 1 e  8 0 0 0 0 1 e  12LyKaJaLu.773      
3650.026110 0.001000   1.000e-03   6 1 0 0 1 1 e  7 0 0 0 0 1 e  12LyKaJaLu.774      
3650.768300 0.001000   1.000e-03   5 1 0 0 1 1 e  6 0 0 0 0 1 e  12LyKaJaLu.775      
3651.505820 0.001000   1.000e-03   4 1 0 0 1 1 e  5 0 0 0 0 1 e  12LyKaJaLu.776      
3652.238500 0.001000   1.000e-03   3 1 0 0 1 1 e  4 0 0 0 0 1 e  12LyKaJaLu.777      
3652.966610 0.001000   1.000e-03   2 1 0 0 1 1 e  3 0 0 0 0 1 e  12LyKaJaLu.778      
3653.689980 0.001000   1.000e-03   1 1 0 0 1 1 e  2 0 0 0 0 1 e  12LyKaJaLu.779      
3654.408560 0.001000   1.000e-03   0 1 0 0 1 1 e  1 0 0 0 0 1 e  12LyKaJaLu.780      
3783.768660 0.001000   1.043e-03   36 3 0 0 0 3 e 37 0 0 0 0 1 e 12LyKaJaLu.781      
3784.545560 0.001000   1.000e-03   35 3 0 0 0 3 e 36 0 0 0 0 1 e 12LyKaJaLu.782      
3785.319110 0.001000   1.000e-03   34 3 0 0 0 3 e 35 0 0 0 0 1 e 12LyKaJaLu.783      
3786.090940 0.001000   1.000e-03   33 3 0 0 0 3 e 34 0 0 0 0 1 e 12LyKaJaLu.784      
3787.631300 0.001000   1.000e-03   31 3 0 0 0 3 e 32 0 0 0 0 1 e 12LyKaJaLu.785      
3788.397950 0.001000   1.000e-03   30 3 0 0 0 3 e 31 0 0 0 0 1 e 12LyKaJaLu.786      
3789.163100 0.001000   1.000e-03   29 3 0 0 0 3 e 30 0 0 0 0 1 e 12LyKaJaLu.787      
3789.927320 0.001000   1.000e-03   28 3 0 0 0 3 e 29 0 0 0 0 1 e 12LyKaJaLu.788      
3790.689460 0.001000   1.000e-03   27 3 0 0 0 3 e 28 0 0 0 0 1 e 12LyKaJaLu.789      
3791.449510 0.001000   1.000e-03   26 3 0 0 0 3 e 27 0 0 0 0 1 e 12LyKaJaLu.790      
3792.209120 0.001000   1.000e-03   25 3 0 0 0 3 e 26 0 0 0 0 1 e 12LyKaJaLu.791      
3792.965900 0.001000   1.000e-03   24 3 0 0 0 3 e 25 0 0 0 0 1 e 12LyKaJaLu.792      
3794.474020 0.001000   1.000e-03   22 3 0 0 0 3 e 23 0 0 0 0 1 e 12LyKaJaLu.793      
3795.225900 0.001000   1.000e-03   21 3 0 0 0 3 e 22 0 0 0 0 1 e 12LyKaJaLu.794      
3795.976170 0.001000   1.000e-03   20 3 0 0 0 3 e 21 0 0 0 0 1 e 12LyKaJaLu.795      
3796.725190 0.001000   1.000e-03   19 3 0 0 0 3 e 20 0 0 0 0 1 e 12LyKaJaLu.796      
3797.471540 0.001000   1.000e-03   18 3 0 0 0 3 e 19 0 0 0 0 1 e 12LyKaJaLu.797      
3798.217630 0.001000   1.000e-03   17 3 0 0 0 3 e 18 0 0 0 0 1 e 12LyKaJaLu.798      
3798.960340 0.001000   1.000e-03   16 3 0 0 0 3 e 17 0 0 0 0 1 e 12LyKaJaLu.799      
3799.700710 0.001000   1.000e-03   15 3 0 0 0 3 e 16 0 0 0 0 1 e 12LyKaJaLu.800      
3800.442050 0.001000   1.000e-03   14 3 0 0 0 3 e 15 0 0 0 0 1 e 12LyKaJaLu.801      
3801.179440 0.001000   1.000e-03   13 3 0 0 0 3 e 14 0 0 0 0 1 e 12LyKaJaLu.802      
3801.915690 0.001000   1.000e-03   12 3 0 0 0 3 e 13 0 0 0 0 1 e 12LyKaJaLu.803      
3802.650530 0.001000   1.000e-03   11 3 0 0 0 3 e 12 0 0 0 0 1 e 12LyKaJaLu.804      
3803.383130 0.001000   1.000e-03   10 3 0 0 0 3 e 11 0 0 0 0 1 e 12LyKaJaLu.805      
3804.114620 0.001000   1.000e-03   9 3 0 0 0 3 e  10 0 0 0 0 1 e 12LyKaJaLu.806      
3804.843800 0.001000   1.000e-03   8 3 0 0 0 3 e  9 0 0 0 0 1 e  12LyKaJaLu.807      
3805.571800 0.001000   1.000e-03   7 3 0 0 0 3 e  8 0 0 0 0 1 e  12LyKaJaLu.808      
3806.298270 0.001000   1.000e-03   6 3 0 0 0 3 e  7 0 0 0 0 1 e  12LyKaJaLu.809      
3807.745560 0.001000   1.000e-03   4 3 0 0 0 3 e  5 0 0 0 0 1 e  12LyKaJaLu.810      
3808.466100 0.001000   1.000e-03   3 3 0 0 0 3 e  4 0 0 0 0 1 e  12LyKaJaLu.811      
3457.959620 0.001000   1.000e-03   63 1 1 1 1 2 e 64 0 1 1 0 1 e 12LyKaJaLu.812      
3459.043750 0.001000   1.000e-03   62 1 1 1 1 2 e 63 0 1 1 0 1 e 12LyKaJaLu.813      
3460.116850 0.001000   1.000e-03   61 1 1 1 1 2 e 62 0 1 1 0 1 e 12LyKaJaLu.814      
3461.187100 0.001000   1.000e-03   60 1 1 1 1 2 e 61 0 1 1 0 1 e 12LyKaJaLu.815      
3462.251410 0.001000   1.000e-03   59 1 1 1 1 2 e 60 0 1 1 0 1 e 12LyKaJaLu.816      
3463.309350 0.001000   1.000e-03   58 1 1 1 1 2 e 59 0 1 1 0 1 e 12LyKaJaLu.817      
3464.360310 0.001000   1.000e-03   57 1 1 1 1 2 e 58 0 1 1 0 1 e 12LyKaJaLu.818      
3465.407580 0.001000   1.000e-03   56 1 1 1 1 2 e 57 0 1 1 0 1 e 12LyKaJaLu.819      
3466.447670 0.001000   1.000e-03   55 1 1 1 1 2 e 56 0 1 1 0 1 e 12LyKaJaLu.820      
3467.481090 0.001000   1.000e-03   54 1 1 1 1 2 e 55 0 1 1 0 1 e 12LyKaJaLu.821      
3468.509890 0.001000   1.000e-03   53 1 1 1 1 2 e 54 0 1 1 0 1 e 12LyKaJaLu.822      
3469.532070 0.001000   1.000e-03   52 1 1 1 1 2 e 53 0 1 1 0 1 e 12LyKaJaLu.823      
3470.545260 0.001000   2.335e-03   51 1 1 1 1 2 e 52 0 1 1 0 1 e 12LyKaJaLu.824      
3471.558930 0.001000   1.000e-03   50 1 1 1 1 2 e 51 0 1 1 0 1 e 12LyKaJaLu.825      
3472.563150 0.001000   1.000e-03   49 1 1 1 1 2 e 50 0 1 1 0 1 e 12LyKaJaLu.826      
3473.561150 0.001000   1.000e-03   48 1 1 1 1 2 e 49 0 1 1 0 1 e 12LyKaJaLu.827      
3474.554040 0.001000   1.000e-03   47 1 1 1 1 2 e 48 0 1 1 0 1 e 12LyKaJaLu.828      
3475.541530 0.001000   1.000e-03   46 1 1 1 1 2 e 47 0 1 1 0 1 e 12LyKaJaLu.829      
3476.522500 0.001000   1.000e-03   45 1 1 1 1 2 e 46 0 1 1 0 1 e 12LyKaJaLu.830      
3477.495220 0.001000   1.834e-03   44 1 1 1 1 2 e 45 0 1 1 0 1 e 12LyKaJaLu.831      
3478.466530 0.001000   1.000e-03   43 1 1 1 1 2 e 44 0 1 1 0 1 e 12LyKaJaLu.832      
3479.429340 0.001000   1.000e-03   42 1 1 1 1 2 e 43 0 1 1 0 1 e 12LyKaJaLu.833      
3480.387070 0.001000   1.000e-03   41 1 1 1 1 2 e 42 0 1 1 0 1 e 12LyKaJaLu.834      
3481.338790 0.001000   1.000e-03   40 1 1 1 1 2 e 41 0 1 1 0 1 e 12LyKaJaLu.835      
3482.284200 0.001000   1.000e-03   39 1 1 1 1 2 e 40 0 1 1 0 1 e 12LyKaJaLu.836      
3483.224340 0.001000   1.000e-03   38 1 1 1 1 2 e 39 0 1 1 0 1 e 12LyKaJaLu.837      
3484.158170 0.001000   1.000e-03   37 1 1 1 1 2 e 38 0 1 1 0 1 e 12LyKaJaLu.838      
3485.086300 0.001000   1.000e-03   36 1 1 1 1 2 e 37 0 1 1 0 1 e 12LyKaJaLu.839      
3486.008690 0.001000   1.000e-03   35 1 1 1 1 2 e 36 0 1 1 0 1 e 12LyKaJaLu.840      
3486.925310 0.001000   1.000e-03   34 1 1 1 1 2 e 35 0 1 1 0 1 e 12LyKaJaLu.841      
3487.836250 0.001000   1.000e-03   33 1 1 1 1 2 e 34 0 1 1 0 1 e 12LyKaJaLu.842      
3488.741270 0.001000   1.000e-03   32 1 1 1 1 2 e 33 0 1 1 0 1 e 12LyKaJaLu.843      
3489.639950 0.001000   1.000e-03   31 1 1 1 1 2 e 32 0 1 1 0 1 e 12LyKaJaLu.844      
3490.533720 0.001000   1.000e-03   30 1 1 1 1 2 e 31 0 1 1 0 1 e 12LyKaJaLu.845      
3491.421190 0.001000   1.000e-03   29 1 1 1 1 2 e 30 0 1 1 0 1 e 12LyKaJaLu.846      
3492.303010 0.001000   1.000e-03   28 1 1 1 1 2 e 29 0 1 1 0 1 e 12LyKaJaLu.847      
3493.179160 0.001000   1.000e-03   27 1 1 1 1 2 e 28 0 1 1 0 1 e 12LyKaJaLu.848      
3494.048950 0.001000   1.000e-03   26 1 1 1 1 2 e 27 0 1 1 0 1 e 12LyKaJaLu.849      
3494.913480 0.001000   1.000e-03   25 1 1 1 1 2 e 26 0 1 1 0 1 e 12LyKaJaLu.850      
3495.772100 0.001000   1.000e-03   24 1 1 1 1 2 e 25 0 1 1 0 1 e 12LyKaJaLu.851      
3496.625280 0.001000   1.000e-03   23 1 1 1 1 2 e 24 0 1 1 0 1 e 12LyKaJaLu.852      
3497.472450 0.001000   1.000e-03   22 1 1 1 1 2 e 23 0 1 1 0 1 e 12LyKaJaLu.853      
3498.314580 0.001000   1.000e-03   21 1 1 1 1 2 e 22 0 1 1 0 1 e 12LyKaJaLu.854      
3499.149300 0.001000   1.000e-03   20 1 1 1 1 2 e 21 0 1 1 0 1 e 12LyKaJaLu.855      
3499.979250 0.001000   1.000e-03   19 1 1 1 1 2 e 20 0 1 1 0 1 e 12LyKaJaLu.856      
3500.803210 0.001000   1.000e-03   18 1 1 1 1 2 e 19 0 1 1 0 1 e 12LyKaJaLu.857      
3501.621420 0.001000   1.000e-03   17 1 1 1 1 2 e 18 0 1 1 0 1 e 12LyKaJaLu.858      
3502.434420 0.001000   1.000e-03   16 1 1 1 1 2 e 17 0 1 1 0 1 e 12LyKaJaLu.859      
3503.240980 0.001000   1.000e-03   15 1 1 1 1 2 e 16 0 1 1 0 1 e 12LyKaJaLu.860      
3504.041690 0.001000   1.000e-03   14 1 1 1 1 2 e 15 0 1 1 0 1 e 12LyKaJaLu.861      
3504.836860 0.001000   1.000e-03   13 1 1 1 1 2 e 14 0 1 1 0 1 e 12LyKaJaLu.862      
3505.626060 0.001000   1.000e-03   12 1 1 1 1 2 e 13 0 1 1 0 1 e 12LyKaJaLu.863      
3506.410510 0.001000   1.000e-03   11 1 1 1 1 2 e 12 0 1 1 0 1 e 12LyKaJaLu.864      
3507.185260 0.001000   3.174e-03   10 1 1 1 1 2 e 11 0 1 1 0 1 e 12LyKaJaLu.865      
3507.964080 0.001000   3.441e-03   9 1 1 1 1 2 e  10 0 1 1 0 1 e 12LyKaJaLu.866      
3508.726770 0.001000   1.000e-03   8 1 1 1 1 2 e  9 0 1 1 0 1 e  12LyKaJaLu.867      
3509.489390 0.001000   1.321e-03   7 1 1 1 1 2 e  8 0 1 1 0 1 e  12LyKaJaLu.868      
3510.243520 0.001000   1.000e-03   6 1 1 1 1 2 e  7 0 1 1 0 1 e  12LyKaJaLu.869      
3510.991690 0.001000   1.000e-03   5 1 1 1 1 2 e  6 0 1 1 0 1 e  12LyKaJaLu.870      
3511.734750 0.001000   1.245e-03   4 1 1 1 1 2 e  5 0 1 1 0 1 e  12LyKaJaLu.871      
3512.473130 0.001000   1.000e-03   3 1 1 1 1 2 e  4 0 1 1 0 1 e  12LyKaJaLu.872      
3513.931240 0.001000   2.054e-03   1 1 1 1 1 2 e  2 0 1 1 0 1 e  12LyKaJaLu.873      
3458.600450 0.001000   1.000e-03   63 1 1 1 1 2 f 64 0 1 1 0 1 f 12LyKaJaLu.874      
3459.662170 0.001000   1.000e-03   62 1 1 1 1 2 f 63 0 1 1 0 1 f 12LyKaJaLu.875      
3460.718180 0.001000   1.000e-03   61 1 1 1 1 2 f 62 0 1 1 0 1 f 12LyKaJaLu.876      
3461.772810 0.001000   1.000e-03   60 1 1 1 1 2 f 61 0 1 1 0 1 f 12LyKaJaLu.877      
3462.816940 0.001000   1.101e-03   59 1 1 1 1 2 f 60 0 1 1 0 1 f 12LyKaJaLu.878      
3463.858340 0.001000   1.000e-03   58 1 1 1 1 2 f 59 0 1 1 0 1 f 12LyKaJaLu.879      
3464.891970 0.001000   1.000e-03   57 1 1 1 1 2 f 58 0 1 1 0 1 f 12LyKaJaLu.880      
3465.922350 0.001000   1.964e-03   56 1 1 1 1 2 f 57 0 1 1 0 1 f 12LyKaJaLu.881      
3466.943070 0.001000   1.000e-03   55 1 1 1 1 2 f 56 0 1 1 0 1 f 12LyKaJaLu.882      
3467.959550 0.001000   1.000e-03   54 1 1 1 1 2 f 55 0 1 1 0 1 f 12LyKaJaLu.883      
3468.971300 0.001000   1.000e-03   53 1 1 1 1 2 f 54 0 1 1 0 1 f 12LyKaJaLu.884      
3469.976630 0.001000   1.000e-03   52 1 1 1 1 2 f 53 0 1 1 0 1 f 12LyKaJaLu.885      
3470.976860 0.001000   1.000e-03   51 1 1 1 1 2 f 52 0 1 1 0 1 f 12LyKaJaLu.886      
3471.971070 0.001000   1.000e-03   50 1 1 1 1 2 f 51 0 1 1 0 1 f 12LyKaJaLu.887      
3472.959920 0.001000   1.000e-03   49 1 1 1 1 2 f 50 0 1 1 0 1 f 12LyKaJaLu.888      
3473.943500 0.001000   1.000e-03   48 1 1 1 1 2 f 49 0 1 1 0 1 f 12LyKaJaLu.889      
3474.918940 0.001000   1.000e-03   47 1 1 1 1 2 f 48 0 1 1 0 1 f 12LyKaJaLu.890      
3475.890210 0.001000   1.000e-03   46 1 1 1 1 2 f 47 0 1 1 0 1 f 12LyKaJaLu.891      
3476.855720 0.001000   1.000e-03   45 1 1 1 1 2 f 46 0 1 1 0 1 f 12LyKaJaLu.892      
3477.817080 0.001000   1.000e-03   44 1 1 1 1 2 f 45 0 1 1 0 1 f 12LyKaJaLu.893      
3478.773110 0.001000   2.757e-03   43 1 1 1 1 2 f 44 0 1 1 0 1 f 12LyKaJaLu.894      
3479.717680 0.001000   2.614e-03   42 1 1 1 1 2 f 43 0 1 1 0 1 f 12LyKaJaLu.895      
3480.664740 0.001000   1.000e-03   41 1 1 1 1 2 f 42 0 1 1 0 1 f 12LyKaJaLu.896      
3481.601830 0.001000   1.000e-03   40 1 1 1 1 2 f 41 0 1 1 0 1 f 12LyKaJaLu.897      
3482.534670 0.001000   1.000e-03   39 1 1 1 1 2 f 40 0 1 1 0 1 f 12LyKaJaLu.898      
3483.461120 0.001000   1.000e-03   38 1 1 1 1 2 f 39 0 1 1 0 1 f 12LyKaJaLu.899      
3484.382600 0.001000   1.000e-03   37 1 1 1 1 2 f 38 0 1 1 0 1 f 12LyKaJaLu.900      
3485.298320 0.001000   1.000e-03   36 1 1 1 1 2 f 37 0 1 1 0 1 f 12LyKaJaLu.901      
3486.208610 0.001000   1.000e-03   35 1 1 1 1 2 f 36 0 1 1 0 1 f 12LyKaJaLu.902      
3487.113500 0.001000   1.000e-03   34 1 1 1 1 2 f 35 0 1 1 0 1 f 12LyKaJaLu.903      
3488.012900 0.001000   1.000e-03   33 1 1 1 1 2 f 34 0 1 1 0 1 f 12LyKaJaLu.904      
3488.907360 0.001000   1.000e-03   32 1 1 1 1 2 f 33 0 1 1 0 1 f 12LyKaJaLu.905      
3489.794760 0.001000   1.000e-03   31 1 1 1 1 2 f 32 0 1 1 0 1 f 12LyKaJaLu.906      
3490.678140 0.001000   1.000e-03   30 1 1 1 1 2 f 31 0 1 1 0 1 f 12LyKaJaLu.907      
3491.555380 0.001000   1.000e-03   29 1 1 1 1 2 f 30 0 1 1 0 1 f 12LyKaJaLu.908      
3492.427380 0.001000   1.000e-03   28 1 1 1 1 2 f 29 0 1 1 0 1 f 12LyKaJaLu.909      
3493.293880 0.001000   1.000e-03   27 1 1 1 1 2 f 28 0 1 1 0 1 f 12LyKaJaLu.910      
3494.155190 0.001000   1.000e-03   26 1 1 1 1 2 f 27 0 1 1 0 1 f 12LyKaJaLu.911      
3495.010910 0.001000   1.000e-03   25 1 1 1 1 2 f 26 0 1 1 0 1 f 12LyKaJaLu.912      
3495.861320 0.001000   1.000e-03   24 1 1 1 1 2 f 25 0 1 1 0 1 f 12LyKaJaLu.913      
3496.706070 0.001000   1.000e-03   23 1 1 1 1 2 f 24 0 1 1 0 1 f 12LyKaJaLu.914      
3497.545410 0.001000   1.000e-03   22 1 1 1 1 2 f 23 0 1 1 0 1 f 12LyKaJaLu.915      
3498.379690 0.001000   1.000e-03   21 1 1 1 1 2 f 22 0 1 1 0 1 f 12LyKaJaLu.916      
3499.208170 0.001000   1.000e-03   20 1 1 1 1 2 f 21 0 1 1 0 1 f 12LyKaJaLu.917      
3500.031340 0.001000   1.000e-03   19 1 1 1 1 2 f 20 0 1 1 0 1 f 12LyKaJaLu.918      
3500.850330 0.001000   1.000e-03   18 1 1 1 1 2 f 19 0 1 1 0 1 f 12LyKaJaLu.919      
3501.661810 0.001000   1.000e-03   17 1 1 1 1 2 f 18 0 1 1 0 1 f 12LyKaJaLu.920      
3502.468860 0.001000   1.000e-03   16 1 1 1 1 2 f 17 0 1 1 0 1 f 12LyKaJaLu.921      
3503.270360 0.001000   1.000e-03   15 1 1 1 1 2 f 16 0 1 1 0 1 f 12LyKaJaLu.922      
3504.066940 0.001000   1.000e-03   14 1 1 1 1 2 f 15 0 1 1 0 1 f 12LyKaJaLu.923      
3504.857790 0.001000   1.000e-03   13 1 1 1 1 2 f 14 0 1 1 0 1 f 12LyKaJaLu.924      
3505.644130 0.001000   1.000e-03   12 1 1 1 1 2 f 13 0 1 1 0 1 f 12LyKaJaLu.925      
3506.424640 0.001000   1.000e-03   11 1 1 1 1 2 f 12 0 1 1 0 1 f 12LyKaJaLu.926      
3507.199330 0.001000   1.039e-03   10 1 1 1 1 2 f 11 0 1 1 0 1 f 12LyKaJaLu.927      
3507.964160 0.001000   3.608e-03   9 1 1 1 1 2 f  10 0 1 1 0 1 f 12LyKaJaLu.928      
3508.729640 0.001000   1.878e-03   8 1 1 1 1 2 f  9 0 1 1 0 1 f  12LyKaJaLu.929      
3509.489390 0.001000   1.144e-03   7 1 1 1 1 2 f  8 0 1 1 0 1 f  12LyKaJaLu.930      
3510.243520 0.001000   1.000e-03   6 1 1 1 1 2 f  7 0 1 1 0 1 f  12LyKaJaLu.931      
3510.991690 0.001000   1.000e-03   5 1 1 1 1 2 f  6 0 1 1 0 1 f  12LyKaJaLu.932      
3511.734750 0.001000   1.870e-03   4 1 1 1 1 2 f  5 0 1 1 0 1 f  12LyKaJaLu.933      
3512.473130 0.001000   1.000e-03   3 1 1 1 1 2 f  4 0 1 1 0 1 f  12LyKaJaLu.934      
3513.931240 0.001000   2.419e-03   1 1 1 1 1 2 f  2 0 1 1 0 1 f  12LyKaJaLu.935      
3626.219270 0.001000   1.000e-03   44 1 1 1 1 1 e 45 0 1 1 0 1 e 12LyKaJaLu.936      
3627.160930 0.001000   1.000e-03   43 1 1 1 1 1 e 44 0 1 1 0 1 e 12LyKaJaLu.937      
3628.098020 0.001000   1.000e-03   42 1 1 1 1 1 e 43 0 1 1 0 1 e 12LyKaJaLu.938      
3629.028960 0.001000   1.000e-03   41 1 1 1 1 1 e 42 0 1 1 0 1 e 12LyKaJaLu.939      
3630.876360 0.001000   1.000e-03   39 1 1 1 1 1 e 40 0 1 1 0 1 e 12LyKaJaLu.940      
3631.793280 0.001000   1.000e-03   38 1 1 1 1 1 e 39 0 1 1 0 1 e 12LyKaJaLu.941      
3633.610990 0.001000   1.000e-03   36 1 1 1 1 1 e 37 0 1 1 0 1 e 12LyKaJaLu.942      
3634.510060 0.001000   2.716e-03   35 1 1 1 1 1 e 36 0 1 1 0 1 e 12LyKaJaLu.943      
3635.409400 0.001000   1.000e-03   34 1 1 1 1 1 e 35 0 1 1 0 1 e 12LyKaJaLu.944      
3636.300180 0.001000   1.000e-03   33 1 1 1 1 1 e 34 0 1 1 0 1 e 12LyKaJaLu.945      
3637.186520 0.001000   1.000e-03   32 1 1 1 1 1 e 33 0 1 1 0 1 e 12LyKaJaLu.946      
3638.067940 0.001000   1.000e-03   31 1 1 1 1 1 e 32 0 1 1 0 1 e 12LyKaJaLu.947      
3639.813130 0.001000   1.814e-03   29 1 1 1 1 1 e 30 0 1 1 0 1 e 12LyKaJaLu.948      
3640.680550 0.001000   1.000e-03   28 1 1 1 1 1 e 29 0 1 1 0 1 e 12LyKaJaLu.949      
3642.397690 0.001000   1.000e-03   26 1 1 1 1 1 e 27 0 1 1 0 1 e 12LyKaJaLu.950      
3643.247450 0.001000   1.000e-03   25 1 1 1 1 1 e 26 0 1 1 0 1 e 12LyKaJaLu.951      
3644.093120 0.001000   1.000e-03   24 1 1 1 1 1 e 25 0 1 1 0 1 e 12LyKaJaLu.952      
3644.933010 0.001000   1.000e-03   23 1 1 1 1 1 e 24 0 1 1 0 1 e 12LyKaJaLu.953      
3646.598320 0.001000   1.000e-03   21 1 1 1 1 1 e 22 0 1 1 0 1 e 12LyKaJaLu.954      
3647.422560 0.001000   1.000e-03   20 1 1 1 1 1 e 21 0 1 1 0 1 e 12LyKaJaLu.955      
3648.242090 0.001000   1.000e-03   19 1 1 1 1 1 e 20 0 1 1 0 1 e 12LyKaJaLu.956      
3649.056370 0.001000   1.000e-03   18 1 1 1 1 1 e 19 0 1 1 0 1 e 12LyKaJaLu.957      
3649.867290 0.001000   1.693e-03   17 1 1 1 1 1 e 18 0 1 1 0 1 e 12LyKaJaLu.958      
3650.669600 0.001000   1.000e-03   16 1 1 1 1 1 e 17 0 1 1 0 1 e 12LyKaJaLu.959      
3651.468230 0.001000   1.000e-03   15 1 1 1 1 1 e 16 0 1 1 0 1 e 12LyKaJaLu.960      
3652.261510 0.001000   1.000e-03   14 1 1 1 1 1 e 15 0 1 1 0 1 e 12LyKaJaLu.961      
3653.050180 0.001000   1.000e-03   13 1 1 1 1 1 e 14 0 1 1 0 1 e 12LyKaJaLu.962      
3653.833060 0.001000   1.000e-03   12 1 1 1 1 1 e 13 0 1 1 0 1 e 12LyKaJaLu.963      
3654.611000 0.001000   1.000e-03   11 1 1 1 1 1 e 12 0 1 1 0 1 e 12LyKaJaLu.964      
3655.383210 0.001000   1.000e-03   10 1 1 1 1 1 e 11 0 1 1 0 1 e 12LyKaJaLu.965      
3656.151180 0.001000   1.000e-03   9 1 1 1 1 1 e  10 0 1 1 0 1 e 12LyKaJaLu.966      
3656.912910 0.001000   1.000e-03   8 1 1 1 1 1 e  9 0 1 1 0 1 e  12LyKaJaLu.967      
3657.674380 0.001000   4.732e-03   7 1 1 1 1 1 e  8 0 1 1 0 1 e  12LyKaJaLu.968      
3658.424530 0.001000   1.000e-03   6 1 1 1 1 1 e  7 0 1 1 0 1 e  12LyKaJaLu.969      
3659.169410 0.001000   1.536e-03   5 1 1 1 1 1 e  6 0 1 1 0 1 e  12LyKaJaLu.970      
3659.909250 0.001000   1.000e-03   4 1 1 1 1 1 e  5 0 1 1 0 1 e  12LyKaJaLu.971      
3660.643790 0.001000   1.000e-03   3 1 1 1 1 1 e  4 0 1 1 0 1 e  12LyKaJaLu.972      
3661.374270 0.001000   1.000e-03   2 1 1 1 1 1 e  3 0 1 1 0 1 e  12LyKaJaLu.973      
3662.097590 0.001000   1.000e-03   1 1 1 1 1 1 e  2 0 1 1 0 1 e  12LyKaJaLu.974      
3628.591040 0.001000   1.000e-03   42 1 1 1 1 1 f 43 0 1 1 0 1 f 12LyKaJaLu.975      
3629.496730 0.001000   1.000e-03   41 1 1 1 1 1 f 42 0 1 1 0 1 f 12LyKaJaLu.976      
3630.400000 0.001000   1.000e-03   40 1 1 1 1 1 f 41 0 1 1 0 1 f 12LyKaJaLu.977      
3631.298100 0.001000   1.000e-03   39 1 1 1 1 1 f 40 0 1 1 0 1 f 12LyKaJaLu.978      
3632.192270 0.001000   1.000e-03   38 1 1 1 1 1 f 39 0 1 1 0 1 f 12LyKaJaLu.979      
3633.967550 0.001000   1.000e-03   36 1 1 1 1 1 f 37 0 1 1 0 1 f 12LyKaJaLu.980      
3634.848150 0.001000   1.000e-03   35 1 1 1 1 1 f 36 0 1 1 0 1 f 12LyKaJaLu.981      
3635.724510 0.001000   1.000e-03   34 1 1 1 1 1 f 35 0 1 1 0 1 f 12LyKaJaLu.982      
3636.595970 0.001000   1.000e-03   33 1 1 1 1 1 f 34 0 1 1 0 1 f 12LyKaJaLu.983      
3639.185950 0.001000   1.000e-03   30 1 1 1 1 1 f 31 0 1 1 0 1 f 12LyKaJaLu.984      
3640.039770 0.001000   1.000e-03   29 1 1 1 1 1 f 30 0 1 1 0 1 f 12LyKaJaLu.985      
3640.889480 0.001000   1.000e-03   28 1 1 1 1 1 f 29 0 1 1 0 1 f 12LyKaJaLu.986      
3641.734710 0.001000   1.000e-03   27 1 1 1 1 1 f 28 0 1 1 0 1 f 12LyKaJaLu.987      
3642.575490 0.001000   1.000e-03   26 1 1 1 1 1 f 27 0 1 1 0 1 f 12LyKaJaLu.988      
3643.411520 0.001000   1.000e-03   25 1 1 1 1 1 f 26 0 1 1 0 1 f 12LyKaJaLu.989      
3644.242950 0.001000   1.000e-03   24 1 1 1 1 1 f 25 0 1 1 0 1 f 12LyKaJaLu.990      
3645.069860 0.001000   1.000e-03   23 1 1 1 1 1 f 24 0 1 1 0 1 f 12LyKaJaLu.991      
3645.892610 0.001000   1.000e-03   22 1 1 1 1 1 f 23 0 1 1 0 1 f 12LyKaJaLu.992      
3646.710540 0.001000   1.000e-03   21 1 1 1 1 1 f 22 0 1 1 0 1 f 12LyKaJaLu.993      
3647.524540 0.001000   1.000e-03   20 1 1 1 1 1 f 21 0 1 1 0 1 f 12LyKaJaLu.994      
3648.332690 0.001000   1.000e-03   19 1 1 1 1 1 f 20 0 1 1 0 1 f 12LyKaJaLu.995      
3649.136870 0.001000   1.000e-03   18 1 1 1 1 1 f 19 0 1 1 0 1 f 12LyKaJaLu.996      
3649.936870 0.001000   1.000e-03   17 1 1 1 1 1 f 18 0 1 1 0 1 f 12LyKaJaLu.997      
3650.731110 0.001000   1.000e-03   16 1 1 1 1 1 f 17 0 1 1 0 1 f 12LyKaJaLu.998      
3651.521900 0.001000   1.000e-03   15 1 1 1 1 1 f 16 0 1 1 0 1 f 12LyKaJaLu.999      
3652.310480 0.001000   2.968e-03   14 1 1 1 1 1 f 15 0 1 1 0 1 f 12LyKaJaLu.1000     
3653.088530 0.001000   1.000e-03   13 1 1 1 1 1 f 14 0 1 1 0 1 f 12LyKaJaLu.1001     
3653.865220 0.001000   1.000e-03   12 1 1 1 1 1 f 13 0 1 1 0 1 f 12LyKaJaLu.1002     
3654.637400 0.001000   1.000e-03   11 1 1 1 1 1 f 12 0 1 1 0 1 f 12LyKaJaLu.1003     
3655.404530 0.001000   1.000e-03   10 1 1 1 1 1 f 11 0 1 1 0 1 f 12LyKaJaLu.1004     
3656.166830 0.001000   1.000e-03   9 1 1 1 1 1 f  10 0 1 1 0 1 f 12LyKaJaLu.1005     
3656.924880 0.001000   1.000e-03   8 1 1 1 1 1 f  9 0 1 1 0 1 f  12LyKaJaLu.1006     
3657.676000 0.001000   1.943e-03   7 1 1 1 1 1 f  8 0 1 1 0 1 f  12LyKaJaLu.1007     
3658.424530 0.001000   2.010e-03   6 1 1 1 1 1 f  7 0 1 1 0 1 f  12LyKaJaLu.1008     
3659.169410 0.001000   1.000e-03   5 1 1 1 1 1 f  6 0 1 1 0 1 f  12LyKaJaLu.1009     
3659.909250 0.001000   1.211e-03   4 1 1 1 1 1 f  5 0 1 1 0 1 f  12LyKaJaLu.1010     
3660.643790 0.001000   1.000e-03   3 1 1 1 1 1 f  4 0 1 1 0 1 f  12LyKaJaLu.1011     
3661.374270 0.001000   1.000e-03   2 1 1 1 1 1 f  3 0 1 1 0 1 f  12LyKaJaLu.1012     
3662.097590 0.001000   1.000e-03   1 1 1 1 1 1 f  2 0 1 1 0 1 f  12LyKaJaLu.1013     
4572.202210 0.001000   1.000e-03   48 0 0 0 2 1 e 49 0 0 0 0 1 e 12LyKaJaLu.1014     
4573.450960 0.001000   1.000e-03   47 0 0 0 2 1 e 48 0 0 0 0 1 e 12LyKaJaLu.1015     
4574.688700 0.001000   1.000e-03   46 0 0 0 2 1 e 47 0 0 0 0 1 e 12LyKaJaLu.1016     
4575.917570 0.001000   1.000e-03   45 0 0 0 2 1 e 46 0 0 0 0 1 e 12LyKaJaLu.1017     
4577.133930 0.001000   1.000e-03   44 0 0 0 2 1 e 45 0 0 0 0 1 e 12LyKaJaLu.1018     
4578.337970 0.001000   1.000e-03   43 0 0 0 2 1 e 44 0 0 0 0 1 e 12LyKaJaLu.1019     
4579.532010 0.001000   1.000e-03   42 0 0 0 2 1 e 43 0 0 0 0 1 e 12LyKaJaLu.1020     
4580.714810 0.001000   1.000e-03   41 0 0 0 2 1 e 42 0 0 0 0 1 e 12LyKaJaLu.1021     
4581.886240 0.001000   1.000e-03   40 0 0 0 2 1 e 41 0 0 0 0 1 e 12LyKaJaLu.1022     
4583.047080 0.001000   1.000e-03   39 0 0 0 2 1 e 40 0 0 0 0 1 e 12LyKaJaLu.1023     
4584.196710 0.001000   1.000e-03   38 0 0 0 2 1 e 39 0 0 0 0 1 e 12LyKaJaLu.1024     
4585.335490 0.001000   1.000e-03   37 0 0 0 2 1 e 38 0 0 0 0 1 e 12LyKaJaLu.1025     
4586.462770 0.001000   1.000e-03   36 0 0 0 2 1 e 37 0 0 0 0 1 e 12LyKaJaLu.1026     
4587.578610 0.001000   1.000e-03   35 0 0 0 2 1 e 36 0 0 0 0 1 e 12LyKaJaLu.1027     
4588.684080 0.001000   1.000e-03   34 0 0 0 2 1 e 35 0 0 0 0 1 e 12LyKaJaLu.1028     
4589.777940 0.001000   1.000e-03   33 0 0 0 2 1 e 34 0 0 0 0 1 e 12LyKaJaLu.1029     
4590.860040 0.001000   1.000e-03   32 0 0 0 2 1 e 33 0 0 0 0 1 e 12LyKaJaLu.1030     
4591.932260 0.001000   1.000e-03   31 0 0 0 2 1 e 32 0 0 0 0 1 e 12LyKaJaLu.1031     
4592.992580 0.001000   1.000e-03   30 0 0 0 2 1 e 31 0 0 0 0 1 e 12LyKaJaLu.1032     
4594.042230 0.001000   1.000e-03   29 0 0 0 2 1 e 30 0 0 0 0 1 e 12LyKaJaLu.1033     
4595.080340 0.001000   1.000e-03   28 0 0 0 2 1 e 29 0 0 0 0 1 e 12LyKaJaLu.1034     
4596.107620 0.001000   1.000e-03   27 0 0 0 2 1 e 28 0 0 0 0 1 e 12LyKaJaLu.1035     
4597.123430 0.001000   1.000e-03   26 0 0 0 2 1 e 27 0 0 0 0 1 e 12LyKaJaLu.1036     
4598.128330 0.001000   1.000e-03   25 0 0 0 2 1 e 26 0 0 0 0 1 e 12LyKaJaLu.1037     
4599.121450 0.001000   1.000e-03   24 0 0 0 2 1 e 25 0 0 0 0 1 e 12LyKaJaLu.1038     
4600.104260 0.001000   1.000e-03   23 0 0 0 2 1 e 24 0 0 0 0 1 e 12LyKaJaLu.1039     
4601.076030 0.001000   1.000e-03   22 0 0 0 2 1 e 23 0 0 0 0 1 e 12LyKaJaLu.1040     
4602.035880 0.001000   1.000e-03   21 0 0 0 2 1 e 22 0 0 0 0 1 e 12LyKaJaLu.1041     
4602.984820 0.001000   1.000e-03   20 0 0 0 2 1 e 21 0 0 0 0 1 e 12LyKaJaLu.1042     
4603.922790 0.001000   1.000e-03   19 0 0 0 2 1 e 20 0 0 0 0 1 e 12LyKaJaLu.1043     
4604.849320 0.001000   1.000e-03   18 0 0 0 2 1 e 19 0 0 0 0 1 e 12LyKaJaLu.1044     
4605.764810 0.001000   1.000e-03   17 0 0 0 2 1 e 18 0 0 0 0 1 e 12LyKaJaLu.1045     
4606.669040 0.001000   1.000e-03   16 0 0 0 2 1 e 17 0 0 0 0 1 e 12LyKaJaLu.1046     
4607.562240 0.001000   1.000e-03   15 0 0 0 2 1 e 16 0 0 0 0 1 e 12LyKaJaLu.1047     
4608.444240 0.001000   1.000e-03   14 0 0 0 2 1 e 15 0 0 0 0 1 e 12LyKaJaLu.1048     
4609.314860 0.001000   1.000e-03   13 0 0 0 2 1 e 14 0 0 0 0 1 e 12LyKaJaLu.1049     
4610.174700 0.001000   1.000e-03   12 0 0 0 2 1 e 13 0 0 0 0 1 e 12LyKaJaLu.1050     
4611.022890 0.001000   1.000e-03   11 0 0 0 2 1 e 12 0 0 0 0 1 e 12LyKaJaLu.1051     
4611.860170 0.001000   1.000e-03   10 0 0 0 2 1 e 11 0 0 0 0 1 e 12LyKaJaLu.1052     
4612.685990 0.001000   1.000e-03   9 0 0 0 2 1 e  10 0 0 0 0 1 e 12LyKaJaLu.1053     
4613.500880 0.001000   1.000e-03   8 0 0 0 2 1 e  9 0 0 0 0 1 e  12LyKaJaLu.1054     
4614.304570 0.001000   1.000e-03   7 0 0 0 2 1 e  8 0 0 0 0 1 e  12LyKaJaLu.1055     
4615.097090 0.001000   1.000e-03   6 0 0 0 2 1 e  7 0 0 0 0 1 e  12LyKaJaLu.1056     
4615.877990 0.001000   1.000e-03   5 0 0 0 2 1 e  6 0 0 0 0 1 e  12LyKaJaLu.1057     
4616.647990 0.001000   1.000e-03   4 0 0 0 2 1 e  5 0 0 0 0 1 e  12LyKaJaLu.1058     
4617.406520 0.001000   1.000e-03   3 0 0 0 2 1 e  4 0 0 0 0 1 e  12LyKaJaLu.1059     
4618.154470 0.001000   1.000e-03   2 0 0 0 2 1 e  3 0 0 0 0 1 e  12LyKaJaLu.1060     
4618.890890 0.001000   1.000e-03   1 0 0 0 2 1 e  2 0 0 0 0 1 e  12LyKaJaLu.1061     
4702.021130 0.001000   1.000e-03   60 2 0 0 1 3 e 61 0 0 0 0 1 e 12LyKaJaLu.1062     
4703.076150 0.001000   1.000e-03   59 2 0 0 1 3 e 60 0 0 0 0 1 e 12LyKaJaLu.1063     
4704.123720 0.001000   1.000e-03   58 2 0 0 1 3 e 59 0 0 0 0 1 e 12LyKaJaLu.1064     
4705.164480 0.001000   1.000e-03   57 2 0 0 1 3 e 58 0 0 0 0 1 e 12LyKaJaLu.1065     
4706.200250 0.001000   1.000e-03   56 2 0 0 1 3 e 57 0 0 0 0 1 e 12LyKaJaLu.1066     
4707.229160 0.001000   1.000e-03   55 2 0 0 1 3 e 56 0 0 0 0 1 e 12LyKaJaLu.1067     
4708.251040 0.001000   1.000e-03   54 2 0 0 1 3 e 55 0 0 0 0 1 e 12LyKaJaLu.1068     
4709.266510 0.001000   1.000e-03   53 2 0 0 1 3 e 54 0 0 0 0 1 e 12LyKaJaLu.1069     
4710.276110 0.001000   1.000e-03   52 2 0 0 1 3 e 53 0 0 0 0 1 e 12LyKaJaLu.1070     
4711.279540 0.001000   1.000e-03   51 2 0 0 1 3 e 52 0 0 0 0 1 e 12LyKaJaLu.1071     
4712.276600 0.001000   1.000e-03   50 2 0 0 1 3 e 51 0 0 0 0 1 e 12LyKaJaLu.1072     
4713.267790 0.001000   1.000e-03   49 2 0 0 1 3 e 50 0 0 0 0 1 e 12LyKaJaLu.1073     
4714.252300 0.001000   1.000e-03   48 2 0 0 1 3 e 49 0 0 0 0 1 e 12LyKaJaLu.1074     
4715.231230 0.001000   1.000e-03   47 2 0 0 1 3 e 48 0 0 0 0 1 e 12LyKaJaLu.1075     
4716.204490 0.001000   1.000e-03   46 2 0 0 1 3 e 47 0 0 0 0 1 e 12LyKaJaLu.1076     
4717.170320 0.001000   1.000e-03   45 2 0 0 1 3 e 46 0 0 0 0 1 e 12LyKaJaLu.1077     
4718.130690 0.001000   1.000e-03   44 2 0 0 1 3 e 45 0 0 0 0 1 e 12LyKaJaLu.1078     
4719.085990 0.001000   1.000e-03   43 2 0 0 1 3 e 44 0 0 0 0 1 e 12LyKaJaLu.1079     
4720.033950 0.001000   1.000e-03   42 2 0 0 1 3 e 43 0 0 0 0 1 e 12LyKaJaLu.1080     
4720.976730 0.001000   1.000e-03   41 2 0 0 1 3 e 42 0 0 0 0 1 e 12LyKaJaLu.1081     
4721.914750 0.001000   1.000e-03   40 2 0 0 1 3 e 41 0 0 0 0 1 e 12LyKaJaLu.1082     
4722.844750 0.001000   1.000e-03   39 2 0 0 1 3 e 40 0 0 0 0 1 e 12LyKaJaLu.1083     
4723.769670 0.001000   1.000e-03   38 2 0 0 1 3 e 39 0 0 0 0 1 e 12LyKaJaLu.1084     
4724.689480 0.001000   1.000e-03   37 2 0 0 1 3 e 38 0 0 0 0 1 e 12LyKaJaLu.1085     
4725.603550 0.001000   1.000e-03   36 2 0 0 1 3 e 37 0 0 0 0 1 e 12LyKaJaLu.1086     
4726.511410 0.001000   1.000e-03   35 2 0 0 1 3 e 36 0 0 0 0 1 e 12LyKaJaLu.1087     
4727.413620 0.001000   1.000e-03   34 2 0 0 1 3 e 35 0 0 0 0 1 e 12LyKaJaLu.1088     
4728.310310 0.001000   1.000e-03   33 2 0 0 1 3 e 34 0 0 0 0 1 e 12LyKaJaLu.1089     
4729.201350 0.001000   1.000e-03   32 2 0 0 1 3 e 33 0 0 0 0 1 e 12LyKaJaLu.1090     
4730.086700 0.001000   1.000e-03   31 2 0 0 1 3 e 32 0 0 0 0 1 e 12LyKaJaLu.1091     
4730.966450 0.001000   1.000e-03   30 2 0 0 1 3 e 31 0 0 0 0 1 e 12LyKaJaLu.1092     
4731.840650 0.001000   1.000e-03   29 2 0 0 1 3 e 30 0 0 0 0 1 e 12LyKaJaLu.1093     
4732.709330 0.001000   1.000e-03   28 2 0 0 1 3 e 29 0 0 0 0 1 e 12LyKaJaLu.1094     
4733.572530 0.001000   1.000e-03   27 2 0 0 1 3 e 28 0 0 0 0 1 e 12LyKaJaLu.1095     
4734.430030 0.001000   1.000e-03   26 2 0 0 1 3 e 27 0 0 0 0 1 e 12LyKaJaLu.1096     
4735.282350 0.001000   1.000e-03   25 2 0 0 1 3 e 26 0 0 0 0 1 e 12LyKaJaLu.1097     
4736.128870 0.001000   1.000e-03   24 2 0 0 1 3 e 25 0 0 0 0 1 e 12LyKaJaLu.1098     
4736.970120 0.001000   1.000e-03   23 2 0 0 1 3 e 24 0 0 0 0 1 e 12LyKaJaLu.1099     
4737.805940 0.001000   1.000e-03   22 2 0 0 1 3 e 23 0 0 0 0 1 e 12LyKaJaLu.1100     
4738.636410 0.001000   1.000e-03   21 2 0 0 1 3 e 22 0 0 0 0 1 e 12LyKaJaLu.1101     
4739.461230 0.001000   1.000e-03   20 2 0 0 1 3 e 21 0 0 0 0 1 e 12LyKaJaLu.1102     
4740.280880 0.001000   1.000e-03   19 2 0 0 1 3 e 20 0 0 0 0 1 e 12LyKaJaLu.1103     
4741.095160 0.001000   1.000e-03   18 2 0 0 1 3 e 19 0 0 0 0 1 e 12LyKaJaLu.1104     
4741.904020 0.001000   1.000e-03   17 2 0 0 1 3 e 18 0 0 0 0 1 e 12LyKaJaLu.1105     
4742.707850 0.001000   1.000e-03   16 2 0 0 1 3 e 17 0 0 0 0 1 e 12LyKaJaLu.1106     
4743.505710 0.001000   1.000e-03   15 2 0 0 1 3 e 16 0 0 0 0 1 e 12LyKaJaLu.1107     
4744.298540 0.001000   1.000e-03   14 2 0 0 1 3 e 15 0 0 0 0 1 e 12LyKaJaLu.1108     
4745.086160 0.001000   1.000e-03   13 2 0 0 1 3 e 14 0 0 0 0 1 e 12LyKaJaLu.1109     
4745.868510 0.001000   1.000e-03   12 2 0 0 1 3 e 13 0 0 0 0 1 e 12LyKaJaLu.1110     
4746.645390 0.001000   1.000e-03   11 2 0 0 1 3 e 12 0 0 0 0 1 e 12LyKaJaLu.1111     
4747.417220 0.001000   1.000e-03   10 2 0 0 1 3 e 11 0 0 0 0 1 e 12LyKaJaLu.1112     
4748.183610 0.001000   1.000e-03   9 2 0 0 1 3 e  10 0 0 0 0 1 e 12LyKaJaLu.1113     
4748.944770 0.001000   1.000e-03   8 2 0 0 1 3 e  9 0 0 0 0 1 e  12LyKaJaLu.1114     
4749.700640 0.001000   1.000e-03   7 2 0 0 1 3 e  8 0 0 0 0 1 e  12LyKaJaLu.1115     
4750.451280 0.001000   1.000e-03   6 2 0 0 1 3 e  7 0 0 0 0 1 e  12LyKaJaLu.1116     
4751.196780 0.001000   1.000e-03   5 2 0 0 1 3 e  6 0 0 0 0 1 e  12LyKaJaLu.1117     
4751.936840 0.001000   1.000e-03   4 2 0 0 1 3 e  5 0 0 0 0 1 e  12LyKaJaLu.1118     
4752.671890 0.001000   1.000e-03   3 2 0 0 1 3 e  4 0 0 0 0 1 e  12LyKaJaLu.1119     
4753.397560 0.001000   4.046e-03   2 2 0 0 1 3 e  3 0 0 0 0 1 e  12LyKaJaLu.1120     
4754.125640 0.001000   1.000e-03   1 2 0 0 1 3 e  2 0 0 0 0 1 e  12LyKaJaLu.1121     
4754.844980 0.001000   1.000e-03   0 2 0 0 1 3 e  1 0 0 0 0 1 e  12LyKaJaLu.1122     
3464.431740 0.001000   1.000e-03   29 1 2 2 1 2 e 30 0 2 2 0 1 e 12LyKaJaLu.1123     
3465.290990 0.001000   1.000e-03   28 1 2 2 1 2 e 29 0 2 2 0 1 e 12LyKaJaLu.1124     
3466.150040 0.001000   1.754e-03   27 1 2 2 1 2 e 28 0 2 2 0 1 e 12LyKaJaLu.1125     
3467.005770 0.001000   1.000e-03   26 1 2 2 1 2 e 27 0 2 2 0 1 e 12LyKaJaLu.1126     
3467.857520 0.001000   1.000e-03   25 1 2 2 1 2 e 26 0 2 2 0 1 e 12LyKaJaLu.1127     
3468.704980 0.001000   1.293e-03   24 1 2 2 1 2 e 25 0 2 2 0 1 e 12LyKaJaLu.1128     
3469.547700 0.001000   1.183e-03   23 1 2 2 1 2 e 24 0 2 2 0 1 e 12LyKaJaLu.1129     
3470.385900 0.001000   1.000e-03   22 1 2 2 1 2 e 23 0 2 2 0 1 e 12LyKaJaLu.1130     
3471.219060 0.001000   1.000e-03   21 1 2 2 1 2 e 22 0 2 2 0 1 e 12LyKaJaLu.1131     
3472.047190 0.001000   1.981e-03   20 1 2 2 1 2 e 21 0 2 2 0 1 e 12LyKaJaLu.1132     
3472.869910 0.001000   1.000e-03   19 1 2 2 1 2 e 20 0 2 2 0 1 e 12LyKaJaLu.1133     
3473.687430 0.001000   1.000e-03   18 1 2 2 1 2 e 19 0 2 2 0 1 e 12LyKaJaLu.1134     
3474.500850 0.001000   1.000e-03   17 1 2 2 1 2 e 18 0 2 2 0 1 e 12LyKaJaLu.1135     
3475.307470 0.001000   1.000e-03   16 1 2 2 1 2 e 17 0 2 2 0 1 e 12LyKaJaLu.1136     
3476.109430 0.001000   1.000e-03   15 1 2 2 1 2 e 16 0 2 2 0 1 e 12LyKaJaLu.1137     
3476.906260 0.001000   1.000e-03   14 1 2 2 1 2 e 15 0 2 2 0 1 e 12LyKaJaLu.1138     
3477.697580 0.001000   1.000e-03   13 1 2 2 1 2 e 14 0 2 2 0 1 e 12LyKaJaLu.1139     
3478.483570 0.001000   1.000e-03   12 1 2 2 1 2 e 13 0 2 2 0 1 e 12LyKaJaLu.1140     
3479.264850 0.001000   1.000e-03   11 1 2 2 1 2 e 12 0 2 2 0 1 e 12LyKaJaLu.1141     
3480.810620 0.001000   1.000e-03   9 1 2 2 1 2 e  10 0 2 2 0 1 e 12LyKaJaLu.1142     
3481.575730 0.001000   1.000e-03   8 1 2 2 1 2 e  9 0 2 2 0 1 e  12LyKaJaLu.1143     
3482.334800 0.001000   1.000e-03   7 1 2 2 1 2 e  8 0 2 2 0 1 e  12LyKaJaLu.1144     
3483.088840 0.001000   1.000e-03   6 1 2 2 1 2 e  7 0 2 2 0 1 e  12LyKaJaLu.1145     
3483.838740 0.001000   1.171e-03   5 1 2 2 1 2 e  6 0 2 2 0 1 e  12LyKaJaLu.1146     
3484.581410 0.001000   1.000e-03   4 1 2 2 1 2 e  5 0 2 2 0 1 e  12LyKaJaLu.1147     
3485.320340 0.001000   1.000e-03   3 1 2 2 1 2 e  4 0 2 2 0 1 e  12LyKaJaLu.1148     
3464.431740 0.001000   1.000e-03   28 3 1 1 1 2 e 27 2 1 1 0 1 e 12LyKaJaLu.1149     
3465.290990 0.001000   1.064e-03   28 1 2 2 1 2 f 29 0 2 2 0 1 f 12LyKaJaLu.1150     
3466.150040 0.001000   1.000e-03   27 1 2 2 1 2 f 28 0 2 2 0 1 f 12LyKaJaLu.1151     
3467.005770 0.001000   1.000e-03   26 1 2 2 1 2 f 27 0 2 2 0 1 f 12LyKaJaLu.1152     
3467.857520 0.001000   1.000e-03   25 1 2 2 1 2 f 26 0 2 2 0 1 f 12LyKaJaLu.1153     
3468.704980 0.001000   1.265e-03   24 1 2 2 1 2 f 25 0 2 2 0 1 f 12LyKaJaLu.1154     
3469.547700 0.001000   1.000e-03   23 1 2 2 1 2 f 24 0 2 2 0 1 f 12LyKaJaLu.1155     
3470.385900 0.001000   1.000e-03   22 1 2 2 1 2 f 23 0 2 2 0 1 f 12LyKaJaLu.1156     
3471.219060 0.001000   1.000e-03   21 1 2 2 1 2 f 22 0 2 2 0 1 f 12LyKaJaLu.1157     
3472.047190 0.001000   1.774e-03   20 1 2 2 1 2 f 21 0 2 2 0 1 f 12LyKaJaLu.1158     
3472.869910 0.001000   1.000e-03   19 1 2 2 1 2 f 20 0 2 2 0 1 f 12LyKaJaLu.1159     
3473.687430 0.001000   1.000e-03   18 1 2 2 1 2 f 19 0 2 2 0 1 f 12LyKaJaLu.1160     
3474.500850 0.001000   1.000e-03   17 1 2 2 1 2 f 18 0 2 2 0 1 f 12LyKaJaLu.1161     
3475.307470 0.001000   1.000e-03   16 1 2 2 1 2 f 17 0 2 2 0 1 f 12LyKaJaLu.1162     
3476.109430 0.001000   1.000e-03   15 1 2 2 1 2 f 16 0 2 2 0 1 f 12LyKaJaLu.1163     
3476.906260 0.001000   1.000e-03   14 1 2 2 1 2 f 15 0 2 2 0 1 f 12LyKaJaLu.1164     
3477.697580 0.001000   1.000e-03   13 1 2 2 1 2 f 14 0 2 2 0 1 f 12LyKaJaLu.1165     
3478.483570 0.001000   1.000e-03   12 1 2 2 1 2 f 13 0 2 2 0 1 f 12LyKaJaLu.1166     
3479.264850 0.001000   1.000e-03   11 1 2 2 1 2 f 12 0 2 2 0 1 f 12LyKaJaLu.1167     
3480.810620 0.001000   1.000e-03   9 1 2 2 1 2 f  10 0 2 2 0 1 f 12LyKaJaLu.1168     
3481.575730 0.001000   1.000e-03   8 1 2 2 1 2 f  9 0 2 2 0 1 f  12LyKaJaLu.1169     
3482.334800 0.001000   1.000e-03   7 1 2 2 1 2 f  8 0 2 2 0 1 f  12LyKaJaLu.1170     
3483.088840 0.001000   1.000e-03   6 1 2 2 1 2 f  7 0 2 2 0 1 f  12LyKaJaLu.1171     
3483.838740 0.001000   1.174e-03   5 1 2 2 1 2 f  6 0 2 2 0 1 f  12LyKaJaLu.1172     
3484.581410 0.001000   1.000e-03   4 1 2 2 1 2 f  5 0 2 2 0 1 f  12LyKaJaLu.1173     
3485.320340 0.001000   1.000e-03   3 1 2 2 1 2 f  4 0 2 2 0 1 f  12LyKaJaLu.1174     
4815.489870 0.001000   1.000e-03   57 2 0 0 1 2 e 58 0 0 0 0 1 e 12LyKaJaLu.1175     
4816.540780 0.001000   1.000e-03   56 2 0 0 1 2 e 57 0 0 0 0 1 e 12LyKaJaLu.1176     
4817.586030 0.001000   1.000e-03   55 2 0 0 1 2 e 56 0 0 0 0 1 e 12LyKaJaLu.1177     
4818.626630 0.001000   1.000e-03   54 2 0 0 1 2 e 55 0 0 0 0 1 e 12LyKaJaLu.1178     
4819.660010 0.001000   1.592e-03   53 2 0 0 1 2 e 54 0 0 0 0 1 e 12LyKaJaLu.1179     
4820.690670 0.001000   1.000e-03   52 2 0 0 1 2 e 53 0 0 0 0 1 e 12LyKaJaLu.1180     
4821.714980 0.001000   1.000e-03   51 2 0 0 1 2 e 52 0 0 0 0 1 e 12LyKaJaLu.1181     
4822.733460 0.001000   1.000e-03   50 2 0 0 1 2 e 51 0 0 0 0 1 e 12LyKaJaLu.1182     
4823.746730 0.001000   1.000e-03   49 2 0 0 1 2 e 50 0 0 0 0 1 e 12LyKaJaLu.1183     
4824.754290 0.001000   1.000e-03   48 2 0 0 1 2 e 49 0 0 0 0 1 e 12LyKaJaLu.1184     
4825.756180 0.001000   1.000e-03   47 2 0 0 1 2 e 48 0 0 0 0 1 e 12LyKaJaLu.1185     
4826.752620 0.001000   1.000e-03   46 2 0 0 1 2 e 47 0 0 0 0 1 e 12LyKaJaLu.1186     
4827.743310 0.001000   1.000e-03   45 2 0 0 1 2 e 46 0 0 0 0 1 e 12LyKaJaLu.1187     
4828.728420 0.001000   1.000e-03   44 2 0 0 1 2 e 45 0 0 0 0 1 e 12LyKaJaLu.1188     
4829.707820 0.001000   1.000e-03   43 2 0 0 1 2 e 44 0 0 0 0 1 e 12LyKaJaLu.1189     
4830.681410 0.001000   1.000e-03   42 2 0 0 1 2 e 43 0 0 0 0 1 e 12LyKaJaLu.1190     
4832.611430 0.001000   1.000e-03   40 2 0 0 1 2 e 41 0 0 0 0 1 e 12LyKaJaLu.1191     
4833.567800 0.001000   1.000e-03   39 2 0 0 1 2 e 40 0 0 0 0 1 e 12LyKaJaLu.1192     
4834.518170 0.001000   1.000e-03   38 2 0 0 1 2 e 39 0 0 0 0 1 e 12LyKaJaLu.1193     
4835.462980 0.001000   1.000e-03   37 2 0 0 1 2 e 38 0 0 0 0 1 e 12LyKaJaLu.1194     
4836.401820 0.001000   1.000e-03   36 2 0 0 1 2 e 37 0 0 0 0 1 e 12LyKaJaLu.1195     
4837.334600 0.001000   1.000e-03   35 2 0 0 1 2 e 36 0 0 0 0 1 e 12LyKaJaLu.1196     
4838.261760 0.001000   1.000e-03   34 2 0 0 1 2 e 35 0 0 0 0 1 e 12LyKaJaLu.1197     
4839.182950 0.001000   1.000e-03   33 2 0 0 1 2 e 34 0 0 0 0 1 e 12LyKaJaLu.1198     
4840.098130 0.001000   1.000e-03   32 2 0 0 1 2 e 33 0 0 0 0 1 e 12LyKaJaLu.1199     
4841.007400 0.001000   1.000e-03   31 2 0 0 1 2 e 32 0 0 0 0 1 e 12LyKaJaLu.1200     
4841.910720 0.001000   1.000e-03   30 2 0 0 1 2 e 31 0 0 0 0 1 e 12LyKaJaLu.1201     
4842.808160 0.001000   1.000e-03   29 2 0 0 1 2 e 30 0 0 0 0 1 e 12LyKaJaLu.1202     
4843.699440 0.001000   1.000e-03   28 2 0 0 1 2 e 29 0 0 0 0 1 e 12LyKaJaLu.1203     
4844.584810 0.001000   1.000e-03   27 2 0 0 1 2 e 28 0 0 0 0 1 e 12LyKaJaLu.1204     
4845.464200 0.001000   1.000e-03   26 2 0 0 1 2 e 27 0 0 0 0 1 e 12LyKaJaLu.1205     
4846.337520 0.001000   1.000e-03   25 2 0 0 1 2 e 26 0 0 0 0 1 e 12LyKaJaLu.1206     
4847.204840 0.001000   1.000e-03   24 2 0 0 1 2 e 25 0 0 0 0 1 e 12LyKaJaLu.1207     
4848.066120 0.001000   1.000e-03   23 2 0 0 1 2 e 24 0 0 0 0 1 e 12LyKaJaLu.1208     
4848.921350 0.001000   1.000e-03   22 2 0 0 1 2 e 23 0 0 0 0 1 e 12LyKaJaLu.1209     
4849.770560 0.001000   1.000e-03   21 2 0 0 1 2 e 22 0 0 0 0 1 e 12LyKaJaLu.1210     
4850.613630 0.001000   1.000e-03   20 2 0 0 1 2 e 21 0 0 0 0 1 e 12LyKaJaLu.1211     
4851.450640 0.001000   1.000e-03   19 2 0 0 1 2 e 20 0 0 0 0 1 e 12LyKaJaLu.1212     
4852.281520 0.001000   1.000e-03   18 2 0 0 1 2 e 19 0 0 0 0 1 e 12LyKaJaLu.1213     
4853.106290 0.001000   1.000e-03   17 2 0 0 1 2 e 18 0 0 0 0 1 e 12LyKaJaLu.1214     
4853.924850 0.001000   1.000e-03   16 2 0 0 1 2 e 17 0 0 0 0 1 e 12LyKaJaLu.1215     
4854.737610 0.001000   1.000e-03   15 2 0 0 1 2 e 16 0 0 0 0 1 e 12LyKaJaLu.1216     
4855.544080 0.001000   1.000e-03   14 2 0 0 1 2 e 15 0 0 0 0 1 e 12LyKaJaLu.1217     
4856.344360 0.001000   1.000e-03   13 2 0 0 1 2 e 14 0 0 0 0 1 e 12LyKaJaLu.1218     
4857.138560 0.001000   1.000e-03   12 2 0 0 1 2 e 13 0 0 0 0 1 e 12LyKaJaLu.1219     
4857.926550 0.001000   1.000e-03   11 2 0 0 1 2 e 12 0 0 0 0 1 e 12LyKaJaLu.1220     
4858.708510 0.001000   1.000e-03   10 2 0 0 1 2 e 11 0 0 0 0 1 e 12LyKaJaLu.1221     
4859.484200 0.001000   1.000e-03   9 2 0 0 1 2 e  10 0 0 0 0 1 e 12LyKaJaLu.1222     
4860.253780 0.001000   1.000e-03   8 2 0 0 1 2 e  9 0 0 0 0 1 e  12LyKaJaLu.1223     
4861.017140 0.001000   1.000e-03   7 2 0 0 1 2 e  8 0 0 0 0 1 e  12LyKaJaLu.1224     
4861.774330 0.001000   1.000e-03   6 2 0 0 1 2 e  7 0 0 0 0 1 e  12LyKaJaLu.1225     
4862.525340 0.001000   1.000e-03   5 2 0 0 1 2 e  6 0 0 0 0 1 e  12LyKaJaLu.1226     
4863.270280 0.001000   1.000e-03   4 2 0 0 1 2 e  5 0 0 0 0 1 e  12LyKaJaLu.1227     
4864.008870 0.001000   1.000e-03   3 2 0 0 1 2 e  4 0 0 0 0 1 e  12LyKaJaLu.1228     
4864.741350 0.001000   1.000e-03   2 2 0 0 1 2 e  3 0 0 0 0 1 e  12LyKaJaLu.1229     
4865.467620 0.001000   1.000e-03   1 2 0 0 1 2 e  2 0 0 0 0 1 e  12LyKaJaLu.1230     
4866.187840 0.001000   1.000e-03   0 2 0 0 1 2 e  1 0 0 0 0 1 e  12LyKaJaLu.1231     
4976.740440 0.001000   1.000e-03   46 2 0 0 1 1 e 47 0 0 0 0 1 e 12LyKaJaLu.1232     
4977.602440 0.001000   1.000e-03   45 2 0 0 1 1 e 46 0 0 0 0 1 e 12LyKaJaLu.1233     
4978.462550 0.001000   1.000e-03   44 2 0 0 1 1 e 45 0 0 0 0 1 e 12LyKaJaLu.1234     
4979.319750 0.001000   1.000e-03   43 2 0 0 1 1 e 44 0 0 0 0 1 e 12LyKaJaLu.1235     
4980.173810 0.001000   1.000e-03   42 2 0 0 1 1 e 43 0 0 0 0 1 e 12LyKaJaLu.1236     
4981.025790 0.001000   1.000e-03   41 2 0 0 1 1 e 42 0 0 0 0 1 e 12LyKaJaLu.1237     
4981.874690 0.001000   1.000e-03   40 2 0 0 1 1 e 41 0 0 0 0 1 e 12LyKaJaLu.1238     
4982.720770 0.001000   1.000e-03   39 2 0 0 1 1 e 40 0 0 0 0 1 e 12LyKaJaLu.1239     
4983.563800 0.001000   1.000e-03   38 2 0 0 1 1 e 39 0 0 0 0 1 e 12LyKaJaLu.1240     
4984.404280 0.001000   1.000e-03   37 2 0 0 1 1 e 38 0 0 0 0 1 e 12LyKaJaLu.1241     
4985.241520 0.001000   1.000e-03   36 2 0 0 1 1 e 37 0 0 0 0 1 e 12LyKaJaLu.1242     
4986.075910 0.001000   1.000e-03   35 2 0 0 1 1 e 36 0 0 0 0 1 e 12LyKaJaLu.1243     
4986.907390 0.001000   1.000e-03   34 2 0 0 1 1 e 35 0 0 0 0 1 e 12LyKaJaLu.1244     
4987.735740 0.001000   1.000e-03   33 2 0 0 1 1 e 34 0 0 0 0 1 e 12LyKaJaLu.1245     
4988.560970 0.001000   1.000e-03   32 2 0 0 1 1 e 33 0 0 0 0 1 e 12LyKaJaLu.1246     
4989.383240 0.001000   1.000e-03   31 2 0 0 1 1 e 32 0 0 0 0 1 e 12LyKaJaLu.1247     
4990.202390 0.001000   1.000e-03   30 2 0 0 1 1 e 31 0 0 0 0 1 e 12LyKaJaLu.1248     
4991.018260 0.001000   1.000e-03   29 2 0 0 1 1 e 30 0 0 0 0 1 e 12LyKaJaLu.1249     
4991.831180 0.001000   1.000e-03   28 2 0 0 1 1 e 29 0 0 0 0 1 e 12LyKaJaLu.1250     
4992.640860 0.001000   1.000e-03   27 2 0 0 1 1 e 28 0 0 0 0 1 e 12LyKaJaLu.1251     
4993.447420 0.001000   1.000e-03   26 2 0 0 1 1 e 27 0 0 0 0 1 e 12LyKaJaLu.1252     
4994.250470 0.001000   1.000e-03   25 2 0 0 1 1 e 26 0 0 0 0 1 e 12LyKaJaLu.1253     
4995.050350 0.001000   1.000e-03   24 2 0 0 1 1 e 25 0 0 0 0 1 e 12LyKaJaLu.1254     
4995.847110 0.001000   1.000e-03   23 2 0 0 1 1 e 24 0 0 0 0 1 e 12LyKaJaLu.1255     
4996.640560 0.001000   1.000e-03   22 2 0 0 1 1 e 23 0 0 0 0 1 e 12LyKaJaLu.1256     
4997.430680 0.001000   1.000e-03   21 2 0 0 1 1 e 22 0 0 0 0 1 e 12LyKaJaLu.1257     
4998.217420 0.001000   1.000e-03   20 2 0 0 1 1 e 21 0 0 0 0 1 e 12LyKaJaLu.1258     
4999.000800 0.001000   1.000e-03   19 2 0 0 1 1 e 20 0 0 0 0 1 e 12LyKaJaLu.1259     
4999.780890 0.001000   1.000e-03   18 2 0 0 1 1 e 19 0 0 0 0 1 e 12LyKaJaLu.1260     
5000.557060 0.001000   1.000e-03   17 2 0 0 1 1 e 18 0 0 0 0 1 e 12LyKaJaLu.1261     
5001.330860 0.001000   1.000e-03   16 2 0 0 1 1 e 17 0 0 0 0 1 e 12LyKaJaLu.1262     
5002.100280 0.001000   1.000e-03   15 2 0 0 1 1 e 16 0 0 0 0 1 e 12LyKaJaLu.1263     
5002.867140 0.001000   1.000e-03   14 2 0 0 1 1 e 15 0 0 0 0 1 e 12LyKaJaLu.1264     
5003.630160 0.001000   1.000e-03   13 2 0 0 1 1 e 14 0 0 0 0 1 e 12LyKaJaLu.1265     
5004.388960 0.001000   1.000e-03   12 2 0 0 1 1 e 13 0 0 0 0 1 e 12LyKaJaLu.1266     
5005.146420 0.001000   1.000e-03   11 2 0 0 1 1 e 12 0 0 0 0 1 e 12LyKaJaLu.1267     
5005.898420 0.001000   1.000e-03   10 2 0 0 1 1 e 11 0 0 0 0 1 e 12LyKaJaLu.1268     
5006.647490 0.001000   1.000e-03   9 2 0 0 1 1 e  10 0 0 0 0 1 e 12LyKaJaLu.1269     
5007.393190 0.001000   1.000e-03   8 2 0 0 1 1 e  9 0 0 0 0 1 e  12LyKaJaLu.1270     
5008.135370 0.001000   1.000e-03   7 2 0 0 1 1 e  8 0 0 0 0 1 e  12LyKaJaLu.1271     
5008.873920 0.001000   1.000e-03   6 2 0 0 1 1 e  7 0 0 0 0 1 e  12LyKaJaLu.1272     
5009.609020 0.001000   1.000e-03   5 2 0 0 1 1 e  6 0 0 0 0 1 e  12LyKaJaLu.1273     
5010.340600 0.001000   1.000e-03   4 2 0 0 1 1 e  5 0 0 0 0 1 e  12LyKaJaLu.1274     
5011.068670 0.001000   1.000e-03   3 2 0 0 1 1 e  4 0 0 0 0 1 e  12LyKaJaLu.1275     
5011.793820 0.001000   1.000e-03   2 2 0 0 1 1 e  3 0 0 0 0 1 e  12LyKaJaLu.1276     
5012.514150 0.001000   1.000e-03   1 2 0 0 1 1 e  2 0 0 0 0 1 e  12LyKaJaLu.1277     
5013.231600 0.001000   1.000e-03   0 2 0 0 1 1 e  1 0 0 0 0 1 e  12LyKaJaLu.1278     
4676.623180 0.001000   1.000e-03   37 2 1 1 1 3 e 38 0 1 1 0 1 e 12LyKaJaLu.1279     
4677.546250 0.001000   1.000e-03   36 2 1 1 1 3 e 37 0 1 1 0 1 e 12LyKaJaLu.1280     
4678.464170 0.001000   1.000e-03   35 2 1 1 1 3 e 36 0 1 1 0 1 e 12LyKaJaLu.1281     
4679.375820 0.001000   1.000e-03   34 2 1 1 1 3 e 35 0 1 1 0 1 e 12LyKaJaLu.1282     
4680.282800 0.001000   1.000e-03   33 2 1 1 1 3 e 34 0 1 1 0 1 e 12LyKaJaLu.1283     
4681.182670 0.001000   1.000e-03   32 2 1 1 1 3 e 33 0 1 1 0 1 e 12LyKaJaLu.1284     
4682.077440 0.001000   1.000e-03   31 2 1 1 1 3 e 32 0 1 1 0 1 e 12LyKaJaLu.1285     
4682.966130 0.001000   1.000e-03   30 2 1 1 1 3 e 31 0 1 1 0 1 e 12LyKaJaLu.1286     
4683.849510 0.001000   1.000e-03   29 2 1 1 1 3 e 30 0 1 1 0 1 e 12LyKaJaLu.1287     
4684.726980 0.001000   1.000e-03   28 2 1 1 1 3 e 29 0 1 1 0 1 e 12LyKaJaLu.1288     
4685.598580 0.001000   1.000e-03   27 2 1 1 1 3 e 28 0 1 1 0 1 e 12LyKaJaLu.1289     
4686.464710 0.001000   1.000e-03   26 2 1 1 1 3 e 27 0 1 1 0 1 e 12LyKaJaLu.1290     
4687.325290 0.001000   1.000e-03   25 2 1 1 1 3 e 26 0 1 1 0 1 e 12LyKaJaLu.1291     
4688.179090 0.001000   1.000e-03   24 2 1 1 1 3 e 25 0 1 1 0 1 e 12LyKaJaLu.1292     
4689.028690 0.001000   1.000e-03   23 2 1 1 1 3 e 24 0 1 1 0 1 e 12LyKaJaLu.1293     
4689.872080 0.001000   1.000e-03   22 2 1 1 1 3 e 23 0 1 1 0 1 e 12LyKaJaLu.1294     
4690.709350 0.001000   1.000e-03   21 2 1 1 1 3 e 22 0 1 1 0 1 e 12LyKaJaLu.1295     
4691.541690 0.001000   1.000e-03   20 2 1 1 1 3 e 21 0 1 1 0 1 e 12LyKaJaLu.1296     
4692.368050 0.001000   1.000e-03   19 2 1 1 1 3 e 20 0 1 1 0 1 e 12LyKaJaLu.1297     
4693.188880 0.001000   1.000e-03   18 2 1 1 1 3 e 19 0 1 1 0 1 e 12LyKaJaLu.1298     
4694.004320 0.001000   1.000e-03   17 2 1 1 1 3 e 18 0 1 1 0 1 e 12LyKaJaLu.1299     
4694.813690 0.001000   1.000e-03   16 2 1 1 1 3 e 17 0 1 1 0 1 e 12LyKaJaLu.1300     
4695.617540 0.001000   1.000e-03   15 2 1 1 1 3 e 16 0 1 1 0 1 e 12LyKaJaLu.1301     
4696.416280 0.001000   1.000e-03   14 2 1 1 1 3 e 15 0 1 1 0 1 e 12LyKaJaLu.1302     
4697.209250 0.001000   1.123e-03   13 2 1 1 1 3 e 14 0 1 1 0 1 e 12LyKaJaLu.1303     
4697.996270 0.001000   1.000e-03   12 2 1 1 1 3 e 13 0 1 1 0 1 e 12LyKaJaLu.1304     
4698.777500 0.001000   1.000e-03   11 2 1 1 1 3 e 12 0 1 1 0 1 e 12LyKaJaLu.1305     
4699.553970 0.001000   1.000e-03   10 2 1 1 1 3 e 11 0 1 1 0 1 e 12LyKaJaLu.1306     
4700.323830 0.001000   1.000e-03   9 2 1 1 1 3 e  10 0 1 1 0 1 e 12LyKaJaLu.1307     
4701.088930 0.001000   1.000e-03   8 2 1 1 1 3 e  9 0 1 1 0 1 e  12LyKaJaLu.1308     
4701.848440 0.001000   1.000e-03   7 2 1 1 1 3 e  8 0 1 1 0 1 e  12LyKaJaLu.1309     
4702.602420 0.001000   1.000e-03   6 2 1 1 1 3 e  7 0 1 1 0 1 e  12LyKaJaLu.1310     
4703.351180 0.001000   1.000e-03   5 2 1 1 1 3 e  6 0 1 1 0 1 e  12LyKaJaLu.1311     
4704.094100 0.001000   1.000e-03   4 2 1 1 1 3 e  5 0 1 1 0 1 e  12LyKaJaLu.1312     
4704.830310 0.001000   1.000e-03   3 2 1 1 1 3 e  4 0 1 1 0 1 e  12LyKaJaLu.1313     
4705.560890 0.001000   1.000e-03   2 2 1 1 1 3 e  3 0 1 1 0 1 e  12LyKaJaLu.1314     
4706.287410 0.001000   1.000e-03   1 2 1 1 1 3 e  2 0 1 1 0 1 e  12LyKaJaLu.1315     
4677.193900 0.001000   1.000e-03   37 2 1 1 1 3 f 38 0 1 1 0 1 f 12LyKaJaLu.1316     
4678.086950 0.001000   1.000e-03   36 2 1 1 1 3 f 37 0 1 1 0 1 f 12LyKaJaLu.1317     
4678.976520 0.001000   1.000e-03   35 2 1 1 1 3 f 36 0 1 1 0 1 f 12LyKaJaLu.1318     
4679.859040 0.001000   1.000e-03   34 2 1 1 1 3 f 35 0 1 1 0 1 f 12LyKaJaLu.1319     
4680.737410 0.001000   1.000e-03   33 2 1 1 1 3 f 34 0 1 1 0 1 f 12LyKaJaLu.1320     
4681.611110 0.001000   1.000e-03   32 2 1 1 1 3 f 33 0 1 1 0 1 f 12LyKaJaLu.1321     
4682.479070 0.001000   1.000e-03   31 2 1 1 1 3 f 32 0 1 1 0 1 f 12LyKaJaLu.1322     
4683.342350 0.001000   1.000e-03   30 2 1 1 1 3 f 31 0 1 1 0 1 f 12LyKaJaLu.1323     
4684.200320 0.001000   1.000e-03   29 2 1 1 1 3 f 30 0 1 1 0 1 f 12LyKaJaLu.1324     
4685.053730 0.001000   1.000e-03   28 2 1 1 1 3 f 29 0 1 1 0 1 f 12LyKaJaLu.1325     
4685.902560 0.001000   1.000e-03   27 2 1 1 1 3 f 28 0 1 1 0 1 f 12LyKaJaLu.1326     
4686.746630 0.001000   1.000e-03   26 2 1 1 1 3 f 27 0 1 1 0 1 f 12LyKaJaLu.1327     
4687.584720 0.001000   1.000e-03   25 2 1 1 1 3 f 26 0 1 1 0 1 f 12LyKaJaLu.1328     
4688.418770 0.001000   1.000e-03   24 2 1 1 1 3 f 25 0 1 1 0 1 f 12LyKaJaLu.1329     
4689.247620 0.001000   1.000e-03   23 2 1 1 1 3 f 24 0 1 1 0 1 f 12LyKaJaLu.1330     
4690.072350 0.001000   1.000e-03   22 2 1 1 1 3 f 23 0 1 1 0 1 f 12LyKaJaLu.1331     
4690.891550 0.001000   1.000e-03   21 2 1 1 1 3 f 22 0 1 1 0 1 f 12LyKaJaLu.1332     
4691.705940 0.001000   1.000e-03   20 2 1 1 1 3 f 21 0 1 1 0 1 f 12LyKaJaLu.1333     
4692.516320 0.001000   1.000e-03   19 2 1 1 1 3 f 20 0 1 1 0 1 f 12LyKaJaLu.1334     
4693.321730 0.001000   1.000e-03   18 2 1 1 1 3 f 19 0 1 1 0 1 f 12LyKaJaLu.1335     
4694.121440 0.001000   1.000e-03   17 2 1 1 1 3 f 18 0 1 1 0 1 f 12LyKaJaLu.1336     
4694.916950 0.001000   1.000e-03   16 2 1 1 1 3 f 17 0 1 1 0 1 f 12LyKaJaLu.1337     
4695.707590 0.001000   1.000e-03   15 2 1 1 1 3 f 16 0 1 1 0 1 f 12LyKaJaLu.1338     
4696.493800 0.001000   1.000e-03   14 2 1 1 1 3 f 15 0 1 1 0 1 f 12LyKaJaLu.1339     
4697.275410 0.001000   1.000e-03   13 2 1 1 1 3 f 14 0 1 1 0 1 f 12LyKaJaLu.1340     
4698.051890 0.001000   1.000e-03   12 2 1 1 1 3 f 13 0 1 1 0 1 f 12LyKaJaLu.1341     
4698.823610 0.001000   1.064e-03   11 2 1 1 1 3 f 12 0 1 1 0 1 f 12LyKaJaLu.1342     
4699.591480 0.001000   1.000e-03   10 2 1 1 1 3 f 11 0 1 1 0 1 f 12LyKaJaLu.1343     
4700.354540 0.001000   1.000e-03   9 2 1 1 1 3 f  10 0 1 1 0 1 f 12LyKaJaLu.1344     
4701.112080 0.001000   1.000e-03   8 2 1 1 1 3 f  9 0 1 1 0 1 f  12LyKaJaLu.1345     
4701.864960 0.001000   1.000e-03   7 2 1 1 1 3 f  8 0 1 1 0 1 f  12LyKaJaLu.1346     
4702.613770 0.001000   1.000e-03   6 2 1 1 1 3 f  7 0 1 1 0 1 f  12LyKaJaLu.1347     
4703.357180 0.001000   1.000e-03   5 2 1 1 1 3 f  6 0 1 1 0 1 f  12LyKaJaLu.1348     
4704.094100 0.001000   1.000e-03   4 2 1 1 1 3 f  5 0 1 1 0 1 f  12LyKaJaLu.1349     
4704.830310 0.001000   1.000e-03   3 2 1 1 1 3 f  4 0 1 1 0 1 f  12LyKaJaLu.1350     
4705.560890 0.001000   1.000e-03   2 2 1 1 1 3 f  3 0 1 1 0 1 f  12LyKaJaLu.1351     
4706.287410 0.001000   1.000e-03   1 2 1 1 1 3 f  2 0 1 1 0 1 f  12LyKaJaLu.1352     
4817.498090 0.001000   1.000e-03   48 2 1 1 1 2 e 49 0 1 1 0 1 e 12LyKaJaLu.1353     
4818.504130 0.001000   1.000e-03   47 2 1 1 1 2 e 48 0 1 1 0 1 e 12LyKaJaLu.1354     
4819.509120 0.001000   1.000e-03   46 2 1 1 1 2 e 47 0 1 1 0 1 e 12LyKaJaLu.1355     
4820.506830 0.001000   1.000e-03   45 2 1 1 1 2 e 46 0 1 1 0 1 e 12LyKaJaLu.1356     
4821.497120 0.001000   1.256e-03   44 2 1 1 1 2 e 45 0 1 1 0 1 e 12LyKaJaLu.1357     
4822.485240 0.001000   1.136e-03   43 2 1 1 1 2 e 44 0 1 1 0 1 e 12LyKaJaLu.1358     
4823.464530 0.001000   1.000e-03   42 2 1 1 1 2 e 43 0 1 1 0 1 e 12LyKaJaLu.1359     
4824.437670 0.001000   1.000e-03   41 2 1 1 1 2 e 42 0 1 1 0 1 e 12LyKaJaLu.1360     
4825.405920 0.001000   1.000e-03   40 2 1 1 1 2 e 41 0 1 1 0 1 e 12LyKaJaLu.1361     
4826.367250 0.001000   1.000e-03   39 2 1 1 1 2 e 40 0 1 1 0 1 e 12LyKaJaLu.1362     
4827.323850 0.001000   1.000e-03   38 2 1 1 1 2 e 39 0 1 1 0 1 e 12LyKaJaLu.1363     
4828.271840 0.001000   1.000e-03   37 2 1 1 1 2 e 38 0 1 1 0 1 e 12LyKaJaLu.1364     
4829.216120 0.001000   1.000e-03   36 2 1 1 1 2 e 37 0 1 1 0 1 e 12LyKaJaLu.1365     
4830.153180 0.001000   1.000e-03   35 2 1 1 1 2 e 36 0 1 1 0 1 e 12LyKaJaLu.1366     
4831.082180 0.001000   2.336e-03   34 2 1 1 1 2 e 35 0 1 1 0 1 e 12LyKaJaLu.1367     
4832.928900 0.001000   1.000e-03   32 2 1 1 1 2 e 33 0 1 1 0 1 e 12LyKaJaLu.1368     
4833.838070 0.001000   3.457e-03   31 2 1 1 1 2 e 32 0 1 1 0 1 e 12LyKaJaLu.1369     
4834.748590 0.001000   1.000e-03   30 2 1 1 1 2 e 31 0 1 1 0 1 e 12LyKaJaLu.1370     
4835.649250 0.001000   1.000e-03   29 2 1 1 1 2 e 30 0 1 1 0 1 e 12LyKaJaLu.1371     
4836.543940 0.001000   1.000e-03   28 2 1 1 1 2 e 29 0 1 1 0 1 e 12LyKaJaLu.1372     
4837.431670 0.001000   1.000e-03   27 2 1 1 1 2 e 28 0 1 1 0 1 e 12LyKaJaLu.1373     
4840.060920 0.001000   1.000e-03   24 2 1 1 1 2 e 25 0 1 1 0 1 e 12LyKaJaLu.1374     
4840.924740 0.001000   1.000e-03   23 2 1 1 1 2 e 24 0 1 1 0 1 e 12LyKaJaLu.1375     
4841.782690 0.001000   1.000e-03   22 2 1 1 1 2 e 23 0 1 1 0 1 e 12LyKaJaLu.1376     
4842.633880 0.001000   1.000e-03   21 2 1 1 1 2 e 22 0 1 1 0 1 e 12LyKaJaLu.1377     
4843.479490 0.001000   1.000e-03   20 2 1 1 1 2 e 21 0 1 1 0 1 e 12LyKaJaLu.1378     
4844.318580 0.001000   1.000e-03   19 2 1 1 1 2 e 20 0 1 1 0 1 e 12LyKaJaLu.1379     
4845.151310 0.001000   1.000e-03   18 2 1 1 1 2 e 19 0 1 1 0 1 e 12LyKaJaLu.1380     
4845.978430 0.001000   1.000e-03   17 2 1 1 1 2 e 18 0 1 1 0 1 e 12LyKaJaLu.1381     
4846.798960 0.001000   1.000e-03   16 2 1 1 1 2 e 17 0 1 1 0 1 e 12LyKaJaLu.1382     
4847.607020 0.001000   7.157e-03   15 2 1 1 1 2 e 16 0 1 1 0 1 e 12LyKaJaLu.1383     
4848.421610 0.001000   1.000e-03   14 2 1 1 1 2 e 15 0 1 1 0 1 e 12LyKaJaLu.1384     
4849.223820 0.001000   1.000e-03   13 2 1 1 1 2 e 14 0 1 1 0 1 e 12LyKaJaLu.1385     
4850.019470 0.001000   1.000e-03   12 2 1 1 1 2 e 13 0 1 1 0 1 e 12LyKaJaLu.1386     
4850.809290 0.001000   1.000e-03   11 2 1 1 1 2 e 12 0 1 1 0 1 e 12LyKaJaLu.1387     
4851.592340 0.001000   1.000e-03   10 2 1 1 1 2 e 11 0 1 1 0 1 e 12LyKaJaLu.1388     
4852.369630 0.001000   1.000e-03   9 2 1 1 1 2 e  10 0 1 1 0 1 e 12LyKaJaLu.1389     
4853.139510 0.001000   1.238e-03   8 2 1 1 1 2 e  9 0 1 1 0 1 e  12LyKaJaLu.1390     
4854.664140 0.001000   1.000e-03   6 2 1 1 1 2 e  7 0 1 1 0 1 e  12LyKaJaLu.1391     
4855.419480 0.001000   4.250e-03   5 2 1 1 1 2 e  6 0 1 1 0 1 e  12LyKaJaLu.1392     
4856.163620 0.001000   1.000e-03   4 2 1 1 1 2 e  5 0 1 1 0 1 e  12LyKaJaLu.1393     
4856.901880 0.001000   1.000e-03   3 2 1 1 1 2 e  4 0 1 1 0 1 e  12LyKaJaLu.1394     
4857.634840 0.001000   1.000e-03   2 2 1 1 1 2 e  3 0 1 1 0 1 e  12LyKaJaLu.1395     
4858.362600 0.001000   1.000e-03   1 2 1 1 1 2 e  2 0 1 1 0 1 e  12LyKaJaLu.1396     
4817.476490 0.001000   6.070e-03   49 2 1 1 1 2 f 50 0 1 1 0 1 f 12LyKaJaLu.1397     
4820.390040 0.001000   1.000e-03   46 2 1 1 1 2 f 47 0 1 1 0 1 f 12LyKaJaLu.1398     
4821.349120 0.001000   1.000e-03   45 2 1 1 1 2 f 46 0 1 1 0 1 f 12LyKaJaLu.1399     
4822.303970 0.001000   1.000e-03   44 2 1 1 1 2 f 45 0 1 1 0 1 f 12LyKaJaLu.1400     
4823.252320 0.001000   1.000e-03   43 2 1 1 1 2 f 44 0 1 1 0 1 f 12LyKaJaLu.1401     
4824.195510 0.001000   1.000e-03   42 2 1 1 1 2 f 43 0 1 1 0 1 f 12LyKaJaLu.1402     
4825.134610 0.001000   1.000e-03   41 2 1 1 1 2 f 42 0 1 1 0 1 f 12LyKaJaLu.1403     
4826.996030 0.001000   1.000e-03   39 2 1 1 1 2 f 40 0 1 1 0 1 f 12LyKaJaLu.1404     
4827.919540 0.001000   1.000e-03   38 2 1 1 1 2 f 39 0 1 1 0 1 f 12LyKaJaLu.1405     
4829.749450 0.001000   1.170e-03   36 2 1 1 1 2 f 37 0 1 1 0 1 f 12LyKaJaLu.1406     
4830.655910 0.001000   1.267e-03   35 2 1 1 1 2 f 36 0 1 1 0 1 f 12LyKaJaLu.1407     
4831.559230 0.001000   1.000e-03   34 2 1 1 1 2 f 35 0 1 1 0 1 f 12LyKaJaLu.1408     
4832.455030 0.001000   1.000e-03   33 2 1 1 1 2 f 34 0 1 1 0 1 f 12LyKaJaLu.1409     
4833.348000 0.001000   1.000e-03   32 2 1 1 1 2 f 33 0 1 1 0 1 f 12LyKaJaLu.1410     
4834.234600 0.001000   1.000e-03   31 2 1 1 1 2 f 32 0 1 1 0 1 f 12LyKaJaLu.1411     
4835.116610 0.001000   1.000e-03   30 2 1 1 1 2 f 31 0 1 1 0 1 f 12LyKaJaLu.1412     
4835.991300 0.001000   1.000e-03   29 2 1 1 1 2 f 30 0 1 1 0 1 f 12LyKaJaLu.1413     
4836.862180 0.001000   1.000e-03   28 2 1 1 1 2 f 29 0 1 1 0 1 f 12LyKaJaLu.1414     
4837.726670 0.001000   1.000e-03   27 2 1 1 1 2 f 28 0 1 1 0 1 f 12LyKaJaLu.1415     
4838.587780 0.001000   1.000e-03   26 2 1 1 1 2 f 27 0 1 1 0 1 f 12LyKaJaLu.1416     
4839.442900 0.001000   1.000e-03   25 2 1 1 1 2 f 26 0 1 1 0 1 f 12LyKaJaLu.1417     
4840.292700 0.001000   1.000e-03   24 2 1 1 1 2 f 25 0 1 1 0 1 f 12LyKaJaLu.1418     
4841.136670 0.001000   1.000e-03   23 2 1 1 1 2 f 24 0 1 1 0 1 f 12LyKaJaLu.1419     
4841.975610 0.001000   1.000e-03   22 2 1 1 1 2 f 23 0 1 1 0 1 f 12LyKaJaLu.1420     
4843.637720 0.001000   1.000e-03   20 2 1 1 1 2 f 21 0 1 1 0 1 f 12LyKaJaLu.1421     
4844.460800 0.001000   1.000e-03   19 2 1 1 1 2 f 20 0 1 1 0 1 f 12LyKaJaLu.1422     
4845.278600 0.001000   1.000e-03   18 2 1 1 1 2 f 19 0 1 1 0 1 f 12LyKaJaLu.1423     
4846.090900 0.001000   1.000e-03   17 2 1 1 1 2 f 18 0 1 1 0 1 f 12LyKaJaLu.1424     
4846.897850 0.001000   1.000e-03   16 2 1 1 1 2 f 17 0 1 1 0 1 f 12LyKaJaLu.1425     
4847.699780 0.001000   1.000e-03   15 2 1 1 1 2 f 16 0 1 1 0 1 f 12LyKaJaLu.1426     
4848.496130 0.001000   1.000e-03   14 2 1 1 1 2 f 15 0 1 1 0 1 f 12LyKaJaLu.1427     
4849.288380 0.001000   1.461e-03   13 2 1 1 1 2 f 14 0 1 1 0 1 f 12LyKaJaLu.1428     
4850.072770 0.001000   1.000e-03   12 2 1 1 1 2 f 13 0 1 1 0 1 f 12LyKaJaLu.1429     
4850.854050 0.001000   1.000e-03   11 2 1 1 1 2 f 12 0 1 1 0 1 f 12LyKaJaLu.1430     
4851.627060 0.001000   1.192e-03   10 2 1 1 1 2 f 11 0 1 1 0 1 f 12LyKaJaLu.1431     
4852.397740 0.001000   1.000e-03   9 2 1 1 1 2 f  10 0 1 1 0 1 f 12LyKaJaLu.1432     
4853.161420 0.001000   1.000e-03   8 2 1 1 1 2 f  9 0 1 1 0 1 f  12LyKaJaLu.1433     
4854.673350 0.001000   1.182e-03   6 2 1 1 1 2 f  7 0 1 1 0 1 f  12LyKaJaLu.1434     
4855.419290 0.001000   2.850e-03   5 2 1 1 1 2 f  6 0 1 1 0 1 f  12LyKaJaLu.1435     
4856.163280 0.001000   1.000e-03   4 2 1 1 1 2 f  5 0 1 1 0 1 f  12LyKaJaLu.1436     
4856.901930 0.001000   1.000e-03   3 2 1 1 1 2 f  4 0 1 1 0 1 f  12LyKaJaLu.1437     
4857.634830 0.001000   1.000e-03   2 2 1 1 1 2 f  3 0 1 1 0 1 f  12LyKaJaLu.1438     
4858.362130 0.001000   1.000e-03   1 2 1 1 1 2 f  2 0 1 1 0 1 f  12LyKaJaLu.1439     
5005.521080 0.001000   1.000e-03   36 2 1 1 1 1 e 37 0 1 1 0 1 e 12LyKaJaLu.1440     
5006.402460 0.001000   1.000e-03   35 2 1 1 1 1 e 36 0 1 1 0 1 e 12LyKaJaLu.1441     
5007.279730 0.001000   1.000e-03   34 2 1 1 1 1 e 35 0 1 1 0 1 e 12LyKaJaLu.1442     
5009.019020 0.001000   1.000e-03   32 2 1 1 1 1 e 33 0 1 1 0 1 e 12LyKaJaLu.1443     
5009.882740 0.001000   1.182e-03   31 2 1 1 1 1 e 32 0 1 1 0 1 e 12LyKaJaLu.1444     
5010.739310 0.001000   1.359e-03   30 2 1 1 1 1 e 31 0 1 1 0 1 e 12LyKaJaLu.1445     
5011.594710 0.001000   1.000e-03   29 2 1 1 1 1 e 30 0 1 1 0 1 e 12LyKaJaLu.1446     
5012.445160 0.001000   1.000e-03   28 2 1 1 1 1 e 29 0 1 1 0 1 e 12LyKaJaLu.1447     
5013.289410 0.001000   1.000e-03   27 2 1 1 1 1 e 28 0 1 1 0 1 e 12LyKaJaLu.1448     
5014.130590 0.001000   1.000e-03   26 2 1 1 1 1 e 27 0 1 1 0 1 e 12LyKaJaLu.1449     
5014.967220 0.001000   1.000e-03   25 2 1 1 1 1 e 26 0 1 1 0 1 e 12LyKaJaLu.1450     
5015.798240 0.001000   1.000e-03   24 2 1 1 1 1 e 25 0 1 1 0 1 e 12LyKaJaLu.1451     
5016.625710 0.001000   1.000e-03   23 2 1 1 1 1 e 24 0 1 1 0 1 e 12LyKaJaLu.1452     
5017.449300 0.001000   1.270e-03   22 2 1 1 1 1 e 23 0 1 1 0 1 e 12LyKaJaLu.1453     
5018.265810 0.001000   1.000e-03   21 2 1 1 1 1 e 22 0 1 1 0 1 e 12LyKaJaLu.1454     
5019.078890 0.001000   1.000e-03   20 2 1 1 1 1 e 21 0 1 1 0 1 e 12LyKaJaLu.1455     
5019.887420 0.001000   1.000e-03   19 2 1 1 1 1 e 20 0 1 1 0 1 e 12LyKaJaLu.1456     
5021.488620 0.001000   2.502e-03   17 2 1 1 1 1 e 18 0 1 1 0 1 e 12LyKaJaLu.1457     
5023.076150 0.001000   1.000e-03   15 2 1 1 1 1 e 16 0 1 1 0 1 e 12LyKaJaLu.1458     
5023.861670 0.001000   1.000e-03   14 2 1 1 1 1 e 15 0 1 1 0 1 e 12LyKaJaLu.1459     
5024.642430 0.001000   1.000e-03   13 2 1 1 1 1 e 14 0 1 1 0 1 e 12LyKaJaLu.1460     
5025.419010 0.001000   1.000e-03   12 2 1 1 1 1 e 13 0 1 1 0 1 e 12LyKaJaLu.1461     
5026.956780 0.001000   1.000e-03   10 2 1 1 1 1 e 11 0 1 1 0 1 e 12LyKaJaLu.1462     
5027.718170 0.001000   1.000e-03   9 2 1 1 1 1 e  10 0 1 1 0 1 e 12LyKaJaLu.1463     
5029.229600 0.001000   1.000e-03   7 2 1 1 1 1 e  8 0 1 1 0 1 e  12LyKaJaLu.1464     
5029.977310 0.001000   1.000e-03   6 2 1 1 1 1 e  7 0 1 1 0 1 e  12LyKaJaLu.1465     
5030.720980 0.001000   1.090e-03   5 2 1 1 1 1 e  6 0 1 1 0 1 e  12LyKaJaLu.1466     
5031.461790 0.001000   3.360e-03   4 2 1 1 1 1 e  5 0 1 1 0 1 e  12LyKaJaLu.1467     
5032.193480 0.001000   1.203e-03   3 2 1 1 1 1 e  4 0 1 1 0 1 e  12LyKaJaLu.1468     
5032.921200 0.001000   1.000e-03   2 2 1 1 1 1 e  3 0 1 1 0 1 e  12LyKaJaLu.1469     
5033.643250 0.001000   1.000e-03   1 2 1 1 1 1 e  2 0 1 1 0 1 e  12LyKaJaLu.1470     
5005.495420 0.001000   1.258e-03   37 2 1 1 1 1 f 38 0 1 1 0 1 f 12LyKaJaLu.1471     
5006.333200 0.001000   1.000e-03   36 2 1 1 1 1 f 37 0 1 1 0 1 f 12LyKaJaLu.1472     
5007.169180 0.001000   1.000e-03   35 2 1 1 1 1 f 36 0 1 1 0 1 f 12LyKaJaLu.1473     
5008.830460 0.001000   1.000e-03   33 2 1 1 1 1 f 34 0 1 1 0 1 f 12LyKaJaLu.1474     
5009.657550 0.001000   1.426e-03   32 2 1 1 1 1 f 33 0 1 1 0 1 f 12LyKaJaLu.1475     
5010.479870 0.001000   1.000e-03   31 2 1 1 1 1 f 32 0 1 1 0 1 f 12LyKaJaLu.1476     
5012.118590 0.001000   1.000e-03   29 2 1 1 1 1 f 30 0 1 1 0 1 f 12LyKaJaLu.1477     
5012.930860 0.001000   1.000e-03   28 2 1 1 1 1 f 29 0 1 1 0 1 f 12LyKaJaLu.1478     
5013.740620 0.001000   1.039e-03   27 2 1 1 1 1 f 28 0 1 1 0 1 f 12LyKaJaLu.1479     
5014.548690 0.001000   1.000e-03   26 2 1 1 1 1 f 27 0 1 1 0 1 f 12LyKaJaLu.1480     
5015.347750 0.001000   5.005e-03   25 2 1 1 1 1 f 26 0 1 1 0 1 f 12LyKaJaLu.1481     
5016.155620 0.001000   2.281e-03   24 2 1 1 1 1 f 25 0 1 1 0 1 f 12LyKaJaLu.1482     
5016.950460 0.001000   1.000e-03   23 2 1 1 1 1 f 24 0 1 1 0 1 f 12LyKaJaLu.1483     
5017.745110 0.001000   1.000e-03   22 2 1 1 1 1 f 23 0 1 1 0 1 f 12LyKaJaLu.1484     
5018.536600 0.001000   1.000e-03   21 2 1 1 1 1 f 22 0 1 1 0 1 f 12LyKaJaLu.1485     
5019.323730 0.001000   1.000e-03   20 2 1 1 1 1 f 21 0 1 1 0 1 f 12LyKaJaLu.1486     
5020.107930 0.001000   1.000e-03   19 2 1 1 1 1 f 20 0 1 1 0 1 f 12LyKaJaLu.1487     
5021.664710 0.001000   1.789e-03   17 2 1 1 1 1 f 18 0 1 1 0 1 f 12LyKaJaLu.1488     
5022.440540 0.001000   1.000e-03   16 2 1 1 1 1 f 17 0 1 1 0 1 f 12LyKaJaLu.1489     
5023.211380 0.001000   1.000e-03   15 2 1 1 1 1 f 16 0 1 1 0 1 f 12LyKaJaLu.1490     
5023.978890 0.001000   1.000e-03   14 2 1 1 1 1 f 15 0 1 1 0 1 f 12LyKaJaLu.1491     
5025.504760 0.001000   1.000e-03   12 2 1 1 1 1 f 13 0 1 1 0 1 f 12LyKaJaLu.1492     
5027.015080 0.001000   1.000e-03   10 2 1 1 1 1 f 11 0 1 1 0 1 f 12LyKaJaLu.1493     
5027.765040 0.001000   1.000e-03   9 2 1 1 1 1 f  10 0 1 1 0 1 f 12LyKaJaLu.1494     
5028.512400 0.001000   1.000e-03   8 2 1 1 1 1 f  9 0 1 1 0 1 f  12LyKaJaLu.1495     
5029.255700 0.001000   1.000e-03   7 2 1 1 1 1 f  8 0 1 1 0 1 f  12LyKaJaLu.1496     
5029.995830 0.001000   1.000e-03   6 2 1 1 1 1 f  7 0 1 1 0 1 f  12LyKaJaLu.1497     
5030.733220 0.001000   1.000e-03   5 2 1 1 1 1 f  6 0 1 1 0 1 f  12LyKaJaLu.1498     
5031.463680 0.001000   2.713e-03   4 2 1 1 1 1 f  5 0 1 1 0 1 f  12LyKaJaLu.1499     
5032.193480 0.001000   1.000e-03   3 2 1 1 1 1 f  4 0 1 1 0 1 f  12LyKaJaLu.1500     
5032.921200 0.001000   1.000e-03   2 2 1 1 1 1 f  3 0 1 1 0 1 f  12LyKaJaLu.1501     
5033.643250 0.001000   1.000e-03   1 2 1 1 1 1 f  2 0 1 1 0 1 f  12LyKaJaLu.1502     
5915.023820 0.001000   1.478e-03   39 3 0 0 1 4 e 40 0 0 0 0 1 e 12LyKaJaLu.1503     
5915.914290 0.001000   1.000e-03   38 3 0 0 1 4 e 39 0 0 0 0 1 e 12LyKaJaLu.1504     
5916.799430 0.001000   1.000e-03   37 3 0 0 1 4 e 38 0 0 0 0 1 e 12LyKaJaLu.1505     
5917.679390 0.001000   1.000e-03   36 3 0 0 1 4 e 37 0 0 0 0 1 e 12LyKaJaLu.1506     
5918.552610 0.001000   1.000e-03   35 3 0 0 1 4 e 36 0 0 0 0 1 e 12LyKaJaLu.1507     
5919.422370 0.001000   1.000e-03   34 3 0 0 1 4 e 35 0 0 0 0 1 e 12LyKaJaLu.1508     
5920.286790 0.001000   1.000e-03   33 3 0 0 1 4 e 34 0 0 0 0 1 e 12LyKaJaLu.1509     
5921.146500 0.001000   1.000e-03   32 3 0 0 1 4 e 33 0 0 0 0 1 e 12LyKaJaLu.1510     
5922.000870 0.001000   1.000e-03   31 3 0 0 1 4 e 32 0 0 0 0 1 e 12LyKaJaLu.1511     
5922.851560 0.001000   1.000e-03   30 3 0 0 1 4 e 31 0 0 0 0 1 e 12LyKaJaLu.1512     
5923.696450 0.001000   1.000e-03   29 3 0 0 1 4 e 30 0 0 0 0 1 e 12LyKaJaLu.1513     
5924.535970 0.001000   1.000e-03   28 3 0 0 1 4 e 29 0 0 0 0 1 e 12LyKaJaLu.1514     
5925.371620 0.001000   1.393e-03   27 3 0 0 1 4 e 28 0 0 0 0 1 e 12LyKaJaLu.1515     
5926.204490 0.001000   1.000e-03   26 3 0 0 1 4 e 27 0 0 0 0 1 e 12LyKaJaLu.1516     
5927.030540 0.001000   1.000e-03   25 3 0 0 1 4 e 26 0 0 0 0 1 e 12LyKaJaLu.1517     
5927.852960 0.001000   1.000e-03   24 3 0 0 1 4 e 25 0 0 0 0 1 e 12LyKaJaLu.1518     
5928.669220 0.001000   1.000e-03   23 3 0 0 1 4 e 24 0 0 0 0 1 e 12LyKaJaLu.1519     
5929.482790 0.001000   1.000e-03   22 3 0 0 1 4 e 23 0 0 0 0 1 e 12LyKaJaLu.1520     
5930.290720 0.001000   1.000e-03   21 3 0 0 1 4 e 22 0 0 0 0 1 e 12LyKaJaLu.1521     
5931.094830 0.001000   1.000e-03   20 3 0 0 1 4 e 21 0 0 0 0 1 e 12LyKaJaLu.1522     
5931.894630 0.001000   1.000e-03   19 3 0 0 1 4 e 20 0 0 0 0 1 e 12LyKaJaLu.1523     
5932.689530 0.001000   1.000e-03   18 3 0 0 1 4 e 19 0 0 0 0 1 e 12LyKaJaLu.1524     
5933.481210 0.001000   1.000e-03   17 3 0 0 1 4 e 18 0 0 0 0 1 e 12LyKaJaLu.1525     
5934.266490 0.001000   1.000e-03   16 3 0 0 1 4 e 17 0 0 0 0 1 e 12LyKaJaLu.1526     
5935.049430 0.001000   1.000e-03   15 3 0 0 1 4 e 16 0 0 0 0 1 e 12LyKaJaLu.1527     
5935.826030 0.001000   1.000e-03   14 3 0 0 1 4 e 15 0 0 0 0 1 e 12LyKaJaLu.1528     
5936.599670 0.001000   1.000e-03   13 3 0 0 1 4 e 14 0 0 0 0 1 e 12LyKaJaLu.1529     
5937.368520 0.001000   1.000e-03   12 3 0 0 1 4 e 13 0 0 0 0 1 e 12LyKaJaLu.1530     
5938.133120 0.001000   1.000e-03   11 3 0 0 1 4 e 12 0 0 0 0 1 e 12LyKaJaLu.1531     
5938.893860 0.001000   1.000e-03   10 3 0 0 1 4 e 11 0 0 0 0 1 e 12LyKaJaLu.1532     
5939.650620 0.001000   1.000e-03   9 3 0 0 1 4 e  10 0 0 0 0 1 e 12LyKaJaLu.1533     
5940.401930 0.001000   1.000e-03   8 3 0 0 1 4 e  9 0 0 0 0 1 e  12LyKaJaLu.1534     
5941.149650 0.001000   1.000e-03   7 3 0 0 1 4 e  8 0 0 0 0 1 e  12LyKaJaLu.1535     
5941.892920 0.001000   1.000e-03   6 3 0 0 1 4 e  7 0 0 0 0 1 e  12LyKaJaLu.1536     
5942.631930 0.001000   1.000e-03   5 3 0 0 1 4 e  6 0 0 0 0 1 e  12LyKaJaLu.1537     
5944.098370 0.001000   1.000e-03   3 3 0 0 1 4 e  4 0 0 0 0 1 e  12LyKaJaLu.1538     
6029.224540 0.001000   1.000e-03   49 3 0 0 1 3 e 50 0 0 0 0 1 e 12LyKaJaLu.1539     
6030.288590 0.001000   2.809e-03   48 3 0 0 1 3 e 49 0 0 0 0 1 e 12LyKaJaLu.1540     
6031.351220 0.001000   1.398e-03   47 3 0 0 1 3 e 48 0 0 0 0 1 e 12LyKaJaLu.1541     
6032.404440 0.001000   1.000e-03   46 3 0 0 1 3 e 47 0 0 0 0 1 e 12LyKaJaLu.1542     
6033.451130 0.001000   1.000e-03   45 3 0 0 1 3 e 46 0 0 0 0 1 e 12LyKaJaLu.1543     
6034.490230 0.001000   1.000e-03   44 3 0 0 1 3 e 45 0 0 0 0 1 e 12LyKaJaLu.1544     
6035.521990 0.001000   1.000e-03   43 3 0 0 1 3 e 44 0 0 0 0 1 e 12LyKaJaLu.1545     
6036.545620 0.001000   1.000e-03   42 3 0 0 1 3 e 43 0 0 0 0 1 e 12LyKaJaLu.1546     
6037.561910 0.001000   1.000e-03   41 3 0 0 1 3 e 42 0 0 0 0 1 e 12LyKaJaLu.1547     
6038.572110 0.001000   1.000e-03   40 3 0 0 1 3 e 41 0 0 0 0 1 e 12LyKaJaLu.1548     
6039.574590 0.001000   1.000e-03   39 3 0 0 1 3 e 40 0 0 0 0 1 e 12LyKaJaLu.1549     
6040.570520 0.001000   1.000e-03   38 3 0 0 1 3 e 39 0 0 0 0 1 e 12LyKaJaLu.1550     
6041.558610 0.001000   1.426e-03   37 3 0 0 1 3 e 38 0 0 0 0 1 e 12LyKaJaLu.1551     
6042.539270 0.001000   1.000e-03   36 3 0 0 1 3 e 37 0 0 0 0 1 e 12LyKaJaLu.1552     
6043.512370 0.001000   1.000e-03   35 3 0 0 1 3 e 36 0 0 0 0 1 e 12LyKaJaLu.1553     
6044.477380 0.001000   1.000e-03   34 3 0 0 1 3 e 35 0 0 0 0 1 e 12LyKaJaLu.1554     
6045.435790 0.001000   1.000e-03   33 3 0 0 1 3 e 34 0 0 0 0 1 e 12LyKaJaLu.1555     
6046.380460 0.001000   1.000e-03   32 3 0 0 1 3 e 33 0 0 0 0 1 e 12LyKaJaLu.1556     
6047.340500 0.001000   2.098e-03   31 3 0 0 1 3 e 32 0 0 0 0 1 e 12LyKaJaLu.1557     
6048.276020 0.001000   1.000e-03   30 3 0 0 1 3 e 31 0 0 0 0 1 e 12LyKaJaLu.1558     
6049.205000 0.001000   1.000e-03   29 3 0 0 1 3 e 30 0 0 0 0 1 e 12LyKaJaLu.1559     
6050.127950 0.001000   1.000e-03   28 3 0 0 1 3 e 29 0 0 0 0 1 e 12LyKaJaLu.1560     
6051.043450 0.001000   1.000e-03   27 3 0 0 1 3 e 28 0 0 0 0 1 e 12LyKaJaLu.1561     
6051.952350 0.001000   1.000e-03   26 3 0 0 1 3 e 27 0 0 0 0 1 e 12LyKaJaLu.1562     
6052.853670 0.001000   1.000e-03   25 3 0 0 1 3 e 26 0 0 0 0 1 e 12LyKaJaLu.1563     
6053.747940 0.001000   1.000e-03   24 3 0 0 1 3 e 25 0 0 0 0 1 e 12LyKaJaLu.1564     
6054.635430 0.001000   1.000e-03   23 3 0 0 1 3 e 24 0 0 0 0 1 e 12LyKaJaLu.1565     
6055.514860 0.001000   1.000e-03   22 3 0 0 1 3 e 23 0 0 0 0 1 e 12LyKaJaLu.1566     
6056.387400 0.001000   1.000e-03   21 3 0 0 1 3 e 22 0 0 0 0 1 e 12LyKaJaLu.1567     
6057.253160 0.001000   1.000e-03   20 3 0 0 1 3 e 21 0 0 0 0 1 e 12LyKaJaLu.1568     
6058.111090 0.001000   1.000e-03   19 3 0 0 1 3 e 20 0 0 0 0 1 e 12LyKaJaLu.1569     
6058.962350 0.001000   1.000e-03   18 3 0 0 1 3 e 19 0 0 0 0 1 e 12LyKaJaLu.1570     
6059.806050 0.001000   1.000e-03   17 3 0 0 1 3 e 18 0 0 0 0 1 e 12LyKaJaLu.1571     
6060.642470 0.001000   1.000e-03   16 3 0 0 1 3 e 17 0 0 0 0 1 e 12LyKaJaLu.1572     
6061.472170 0.001000   1.000e-03   15 3 0 0 1 3 e 16 0 0 0 0 1 e 12LyKaJaLu.1573     
6062.294310 0.001000   1.000e-03   14 3 0 0 1 3 e 15 0 0 0 0 1 e 12LyKaJaLu.1574     
6063.109110 0.001000   1.000e-03   13 3 0 0 1 3 e 14 0 0 0 0 1 e 12LyKaJaLu.1575     
6063.917030 0.001000   1.000e-03   12 3 0 0 1 3 e 13 0 0 0 0 1 e 12LyKaJaLu.1576     
6064.717530 0.001000   1.000e-03   11 3 0 0 1 3 e 12 0 0 0 0 1 e 12LyKaJaLu.1577     
6065.510940 0.001000   1.000e-03   10 3 0 0 1 3 e 11 0 0 0 0 1 e 12LyKaJaLu.1578     
6066.296990 0.001000   1.000e-03   9 3 0 0 1 3 e  10 0 0 0 0 1 e 12LyKaJaLu.1579     
6067.076190 0.001000   1.000e-03   8 3 0 0 1 3 e  9 0 0 0 0 1 e  12LyKaJaLu.1580     
6067.847440 0.001000   1.000e-03   7 3 0 0 1 3 e  8 0 0 0 0 1 e  12LyKaJaLu.1581     
6068.612020 0.001000   1.000e-03   6 3 0 0 1 3 e  7 0 0 0 0 1 e  12LyKaJaLu.1582     
6069.368970 0.001000   1.000e-03   5 3 0 0 1 3 e  6 0 0 0 0 1 e  12LyKaJaLu.1583     
6070.119170 0.001000   1.000e-03   4 3 0 0 1 3 e  5 0 0 0 0 1 e  12LyKaJaLu.1584     
6070.862240 0.001000   1.000e-03   3 3 0 0 1 3 e  4 0 0 0 0 1 e  12LyKaJaLu.1585     
6071.597080 0.001000   1.000e-03   2 3 0 0 1 3 e  3 0 0 0 0 1 e  12LyKaJaLu.1586     
6178.070910 0.001000   1.000e-03   36 3 0 0 1 2 e 37 0 0 0 0 1 e 12LyKaJaLu.1587     
6178.957880 0.001000   1.000e-03   35 3 0 0 1 2 e 36 0 0 0 0 1 e 12LyKaJaLu.1588     
6179.840710 0.001000   1.000e-03   34 3 0 0 1 2 e 35 0 0 0 0 1 e 12LyKaJaLu.1589     
6180.717370 0.001000   1.591e-03   33 3 0 0 1 2 e 34 0 0 0 0 1 e 12LyKaJaLu.1590     
6181.593090 0.001000   1.000e-03   32 3 0 0 1 2 e 33 0 0 0 0 1 e 12LyKaJaLu.1591     
6182.464340 0.001000   1.832e-03   31 3 0 0 1 2 e 32 0 0 0 0 1 e 12LyKaJaLu.1592     
6183.327950 0.001000   1.000e-03   30 3 0 0 1 2 e 31 0 0 0 0 1 e 12LyKaJaLu.1593     
6184.187420 0.001000   1.000e-03   29 3 0 0 1 2 e 30 0 0 0 0 1 e 12LyKaJaLu.1594     
6185.044250 0.001000   1.000e-03   28 3 0 0 1 2 e 29 0 0 0 0 1 e 12LyKaJaLu.1595     
6185.894470 0.001000   1.000e-03   27 3 0 0 1 2 e 28 0 0 0 0 1 e 12LyKaJaLu.1596     
6186.741520 0.001000   1.000e-03   26 3 0 0 1 2 e 27 0 0 0 0 1 e 12LyKaJaLu.1597     
6187.583200 0.001000   1.000e-03   25 3 0 0 1 2 e 26 0 0 0 0 1 e 12LyKaJaLu.1598     
6188.419930 0.001000   1.000e-03   24 3 0 0 1 2 e 25 0 0 0 0 1 e 12LyKaJaLu.1599     
6189.252860 0.001000   1.000e-03   23 3 0 0 1 2 e 24 0 0 0 0 1 e 12LyKaJaLu.1600     
6190.079250 0.001000   1.000e-03   22 3 0 0 1 2 e 23 0 0 0 0 1 e 12LyKaJaLu.1601     
6190.902490 0.001000   1.000e-03   21 3 0 0 1 2 e 22 0 0 0 0 1 e 12LyKaJaLu.1602     
6191.719850 0.001000   1.000e-03   20 3 0 0 1 2 e 21 0 0 0 0 1 e 12LyKaJaLu.1603     
6192.532890 0.001000   1.000e-03   19 3 0 0 1 2 e 20 0 0 0 0 1 e 12LyKaJaLu.1604     
6193.341150 0.001000   1.000e-03   18 3 0 0 1 2 e 19 0 0 0 0 1 e 12LyKaJaLu.1605     
6194.145390 0.001000   1.000e-03   17 3 0 0 1 2 e 18 0 0 0 0 1 e 12LyKaJaLu.1606     
6194.943900 0.001000   1.000e-03   16 3 0 0 1 2 e 17 0 0 0 0 1 e 12LyKaJaLu.1607     
6195.737600 0.001000   1.000e-03   15 3 0 0 1 2 e 16 0 0 0 0 1 e 12LyKaJaLu.1608     
6196.525720 0.001000   1.000e-03   14 3 0 0 1 2 e 15 0 0 0 0 1 e 12LyKaJaLu.1609     
6198.088210 0.001000   1.000e-03   12 3 0 0 1 2 e 13 0 0 0 0 1 e 12LyKaJaLu.1610     
6198.861880 0.001000   1.000e-03   11 3 0 0 1 2 e 12 0 0 0 0 1 e 12LyKaJaLu.1611     
6199.632050 0.001000   1.000e-03   10 3 0 0 1 2 e 11 0 0 0 0 1 e 12LyKaJaLu.1612     
6200.395440 0.001000   1.000e-03   9 3 0 0 1 2 e  10 0 0 0 0 1 e 12LyKaJaLu.1613     
6201.154390 0.001000   1.000e-03   8 3 0 0 1 2 e  9 0 0 0 0 1 e  12LyKaJaLu.1614     
6201.909560 0.001000   1.000e-03   7 3 0 0 1 2 e  8 0 0 0 0 1 e  12LyKaJaLu.1615     
6202.657610 0.001000   1.000e-03   6 3 0 0 1 2 e  7 0 0 0 0 1 e  12LyKaJaLu.1616     
6204.141960 0.001000   1.000e-03   4 3 0 0 1 2 e  5 0 0 0 0 1 e  12LyKaJaLu.1617     
6204.875570 0.001000   1.297e-03   3 3 0 0 1 2 e  4 0 0 0 0 1 e  12LyKaJaLu.1618     
6834.334710 0.001000   2.312e-03   51 0 0 0 3 1 e 52 0 0 0 0 1 e 12LyKaJaLu.1619     
6835.905290 0.001000   1.000e-03   50 0 0 0 3 1 e 51 0 0 0 0 1 e 12LyKaJaLu.1620     
6837.456080 0.001000   1.000e-03   49 0 0 0 3 1 e 50 0 0 0 0 1 e 12LyKaJaLu.1621     
6838.991710 0.001000   1.000e-03   48 0 0 0 3 1 e 49 0 0 0 0 1 e 12LyKaJaLu.1622     
6840.509030 0.001000   1.492e-03   47 0 0 0 3 1 e 48 0 0 0 0 1 e 12LyKaJaLu.1623     
6842.011190 0.001000   1.000e-03   46 0 0 0 3 1 e 47 0 0 0 0 1 e 12LyKaJaLu.1624     
6843.498090 0.001000   1.000e-03   45 0 0 0 3 1 e 46 0 0 0 0 1 e 12LyKaJaLu.1625     
6844.964840 0.001000   1.000e-03   44 0 0 0 3 1 e 45 0 0 0 0 1 e 12LyKaJaLu.1626     
6846.417170 0.001000   1.000e-03   43 0 0 0 3 1 e 44 0 0 0 0 1 e 12LyKaJaLu.1627     
6847.852430 0.001000   1.000e-03   42 0 0 0 3 1 e 43 0 0 0 0 1 e 12LyKaJaLu.1628     
6849.270250 0.001000   1.000e-03   41 0 0 0 3 1 e 42 0 0 0 0 1 e 12LyKaJaLu.1629     
6850.672660 0.001000   1.000e-03   40 0 0 0 3 1 e 41 0 0 0 0 1 e 12LyKaJaLu.1630     
6852.056930 0.001000   1.000e-03   39 0 0 0 3 1 e 40 0 0 0 0 1 e 12LyKaJaLu.1631     
6853.425530 0.001000   1.000e-03   38 0 0 0 3 1 e 39 0 0 0 0 1 e 12LyKaJaLu.1632     
6854.776430 0.001000   1.000e-03   37 0 0 0 3 1 e 38 0 0 0 0 1 e 12LyKaJaLu.1633     
6856.111130 0.001000   1.000e-03   36 0 0 0 3 1 e 37 0 0 0 0 1 e 12LyKaJaLu.1634     
6857.429510 0.001000   1.000e-03   35 0 0 0 3 1 e 36 0 0 0 0 1 e 12LyKaJaLu.1635     
6858.730470 0.001000   1.000e-03   34 0 0 0 3 1 e 35 0 0 0 0 1 e 12LyKaJaLu.1636     
6860.014930 0.001000   1.000e-03   33 0 0 0 3 1 e 34 0 0 0 0 1 e 12LyKaJaLu.1637     
6861.283160 0.001000   1.000e-03   32 0 0 0 3 1 e 33 0 0 0 0 1 e 12LyKaJaLu.1638     
6862.534110 0.001000   1.000e-03   31 0 0 0 3 1 e 32 0 0 0 0 1 e 12LyKaJaLu.1639     
6863.768340 0.001000   1.000e-03   30 0 0 0 3 1 e 31 0 0 0 0 1 e 12LyKaJaLu.1640     
6864.985720 0.001000   1.000e-03   29 0 0 0 3 1 e 30 0 0 0 0 1 e 12LyKaJaLu.1641     
6866.186390 0.001000   1.000e-03   28 0 0 0 3 1 e 29 0 0 0 0 1 e 12LyKaJaLu.1642     
6867.370630 0.001000   1.000e-03   27 0 0 0 3 1 e 28 0 0 0 0 1 e 12LyKaJaLu.1643     
6868.538390 0.001000   1.000e-03   26 0 0 0 3 1 e 27 0 0 0 0 1 e 12LyKaJaLu.1644     
6869.688500 0.001000   1.000e-03   25 0 0 0 3 1 e 26 0 0 0 0 1 e 12LyKaJaLu.1645     
6870.822700 0.001000   1.000e-03   24 0 0 0 3 1 e 25 0 0 0 0 1 e 12LyKaJaLu.1646     
6871.939550 0.001000   1.000e-03   23 0 0 0 3 1 e 24 0 0 0 0 1 e 12LyKaJaLu.1647     
6873.039640 0.001000   1.000e-03   22 0 0 0 3 1 e 23 0 0 0 0 1 e 12LyKaJaLu.1648     
6874.123220 0.001000   1.000e-03   21 0 0 0 3 1 e 22 0 0 0 0 1 e 12LyKaJaLu.1649     
6875.190020 0.001000   1.000e-03   20 0 0 0 3 1 e 21 0 0 0 0 1 e 12LyKaJaLu.1650     
6876.239940 0.001000   1.000e-03   19 0 0 0 3 1 e 20 0 0 0 0 1 e 12LyKaJaLu.1651     
6877.273150 0.001000   1.000e-03   18 0 0 0 3 1 e 19 0 0 0 0 1 e 12LyKaJaLu.1652     
6878.289450 0.001000   1.000e-03   17 0 0 0 3 1 e 18 0 0 0 0 1 e 12LyKaJaLu.1653     
6879.289270 0.001000   1.000e-03   16 0 0 0 3 1 e 17 0 0 0 0 1 e 12LyKaJaLu.1654     
6880.271840 0.001000   1.000e-03   15 0 0 0 3 1 e 16 0 0 0 0 1 e 12LyKaJaLu.1655     
6881.237980 0.001000   1.000e-03   14 0 0 0 3 1 e 15 0 0 0 0 1 e 12LyKaJaLu.1656     
6882.187330 0.001000   1.000e-03   13 0 0 0 3 1 e 14 0 0 0 0 1 e 12LyKaJaLu.1657     
6883.120310 0.001000   1.000e-03   12 0 0 0 3 1 e 13 0 0 0 0 1 e 12LyKaJaLu.1658     
6884.035780 0.001000   1.000e-03   11 0 0 0 3 1 e 12 0 0 0 0 1 e 12LyKaJaLu.1659     
6884.934280 0.001000   1.000e-03   10 0 0 0 3 1 e 11 0 0 0 0 1 e 12LyKaJaLu.1660     
6885.816270 0.001000   1.000e-03   9 0 0 0 3 1 e  10 0 0 0 0 1 e 12LyKaJaLu.1661     
6886.681530 0.001000   1.000e-03   8 0 0 0 3 1 e  9 0 0 0 0 1 e  12LyKaJaLu.1662     
6888.361760 0.001000   1.000e-03   6 0 0 0 3 1 e  7 0 0 0 0 1 e  12LyKaJaLu.1663     
6889.176450 0.001000   1.000e-03   5 0 0 0 3 1 e  6 0 0 0 0 1 e  12LyKaJaLu.1664     
6889.974800 0.001000   1.000e-03   4 0 0 0 3 1 e  5 0 0 0 0 1 e  12LyKaJaLu.1665     
6891.520110 0.001000   1.000e-03   2 0 0 0 3 1 e  3 0 0 0 0 1 e  12LyKaJaLu.1666     
1884.739940 0.001000   1.000e-03   4 1 1 1 0 2 f  4 0 0 0 0 1 e  12LyKaJaLu.1667     
1884.753240 0.001000   1.000e-03   5 1 1 1 0 2 f  5 0 0 0 0 1 e  12LyKaJaLu.1668     
1884.764800 0.001000   1.000e-03   6 1 1 1 0 2 f  6 0 0 0 0 1 e  12LyKaJaLu.1669     
1884.778420 0.001000   1.000e-03   7 1 1 1 0 2 f  7 0 0 0 0 1 e  12LyKaJaLu.1670     
1884.794110 0.001000   1.856e-03   8 1 1 1 0 2 f  8 0 0 0 0 1 e  12LyKaJaLu.1671     
1884.811640 0.001000   1.000e-03   9 1 1 1 0 2 f  9 0 0 0 0 1 e  12LyKaJaLu.1672     
1884.831180 0.001000   1.000e-03   10 1 1 1 0 2 f 10 0 0 0 0 1 e 12LyKaJaLu.1673     
1884.852660 0.001000   1.000e-03   11 1 1 1 0 2 f 11 0 0 0 0 1 e 12LyKaJaLu.1674     
1884.876010 0.001000   1.000e-03   12 1 1 1 0 2 f 12 0 0 0 0 1 e 12LyKaJaLu.1675     
1884.901260 0.001000   1.000e-03   13 1 1 1 0 2 f 13 0 0 0 0 1 e 12LyKaJaLu.1676     
1884.928580 0.001000   1.000e-03   14 1 1 1 0 2 f 14 0 0 0 0 1 e 12LyKaJaLu.1677     
1884.957710 0.001000   1.000e-03   15 1 1 1 0 2 f 15 0 0 0 0 1 e 12LyKaJaLu.1678     
1884.988810 0.001000   1.773e-03   16 1 1 1 0 2 f 16 0 0 0 0 1 e 12LyKaJaLu.1679     
1885.021340 0.001000   2.084e-03   17 1 1 1 0 2 f 17 0 0 0 0 1 e 12LyKaJaLu.1680     
1885.056620 0.001000   1.000e-03   18 1 1 1 0 2 f 18 0 0 0 0 1 e 12LyKaJaLu.1681     
1885.093320 0.001000   1.000e-03   19 1 1 1 0 2 f 19 0 0 0 0 1 e 12LyKaJaLu.1682     
1885.132150 0.001000   1.000e-03   20 1 1 1 0 2 f 20 0 0 0 0 1 e 12LyKaJaLu.1683     
1885.172570 0.001000   1.000e-03   21 1 1 1 0 2 f 21 0 0 0 0 1 e 12LyKaJaLu.1684     
1885.214950 0.001000   1.000e-03   22 1 1 1 0 2 f 22 0 0 0 0 1 e 12LyKaJaLu.1685     
1885.259220 0.001000   1.000e-03   23 1 1 1 0 2 f 23 0 0 0 0 1 e 12LyKaJaLu.1686     
1885.305950 0.001000   1.000e-03   24 1 1 1 0 2 f 24 0 0 0 0 1 e 12LyKaJaLu.1687     
1885.353170 0.001000   1.000e-03   25 1 1 1 0 2 f 25 0 0 0 0 1 e 12LyKaJaLu.1688     
1885.403040 0.001000   1.000e-03   26 1 1 1 0 2 f 26 0 0 0 0 1 e 12LyKaJaLu.1689     
1885.454680 0.001000   1.000e-03   27 1 1 1 0 2 f 27 0 0 0 0 1 e 12LyKaJaLu.1690     
1885.507960 0.001000   1.000e-03   28 1 1 1 0 2 f 28 0 0 0 0 1 e 12LyKaJaLu.1691     
1885.563250 0.001000   1.000e-03   29 1 1 1 0 2 f 29 0 0 0 0 1 e 12LyKaJaLu.1692     
1885.620090 0.001000   1.000e-03   30 1 1 1 0 2 f 30 0 0 0 0 1 e 12LyKaJaLu.1693     
1885.679140 0.001000   1.000e-03   31 1 1 1 0 2 f 31 0 0 0 0 1 e 12LyKaJaLu.1694     
1885.739470 0.001000   1.000e-03   32 1 1 1 0 2 f 32 0 0 0 0 1 e 12LyKaJaLu.1695     
1885.801710 0.001000   1.000e-03   33 1 1 1 0 2 f 33 0 0 0 0 1 e 12LyKaJaLu.1696     
1885.865860 0.001000   1.000e-03   34 1 1 1 0 2 f 34 0 0 0 0 1 e 12LyKaJaLu.1697     
1885.931460 0.001000   1.000e-03   35 1 1 1 0 2 f 35 0 0 0 0 1 e 12LyKaJaLu.1698     
1885.999180 0.001000   1.000e-03   36 1 1 1 0 2 f 36 0 0 0 0 1 e 12LyKaJaLu.1699     
1886.068510 0.001000   1.000e-03   37 1 1 1 0 2 f 37 0 0 0 0 1 e 12LyKaJaLu.1700     
1886.138960 0.001000   1.000e-03   38 1 1 1 0 2 f 38 0 0 0 0 1 e 12LyKaJaLu.1701     
1886.211560 0.001000   1.000e-03   39 1 1 1 0 2 f 39 0 0 0 0 1 e 12LyKaJaLu.1702     
1886.286100 0.001000   1.000e-03   40 1 1 1 0 2 f 40 0 0 0 0 1 e 12LyKaJaLu.1703     
1886.362280 0.001000   1.000e-03   41 1 1 1 0 2 f 41 0 0 0 0 1 e 12LyKaJaLu.1704     
1886.439260 0.001000   1.000e-03   42 1 1 1 0 2 f 42 0 0 0 0 1 e 12LyKaJaLu.1705     
1886.518400 0.001000   1.000e-03   43 1 1 1 0 2 f 43 0 0 0 0 1 e 12LyKaJaLu.1706     
1886.598840 0.001000   1.000e-03   44 1 1 1 0 2 f 44 0 0 0 0 1 e 12LyKaJaLu.1707     
1886.681330 0.001000   1.000e-03   45 1 1 1 0 2 f 45 0 0 0 0 1 e 12LyKaJaLu.1708     
1886.764940 0.001000   1.000e-03   46 1 1 1 0 2 f 46 0 0 0 0 1 e 12LyKaJaLu.1709     
1886.850280 0.001000   1.000e-03   47 1 1 1 0 2 f 47 0 0 0 0 1 e 12LyKaJaLu.1710     
2036.045550 0.001000   1.000e-03   2 1 1 1 0 1 f  2 0 0 0 0 1 e  12LyKaJaLu.1711     
2036.055400 0.001000   1.000e-03   3 1 1 1 0 1 f  3 0 0 0 0 1 e  12LyKaJaLu.1712     
2036.066980 0.001000   1.000e-03   4 1 1 1 0 1 f  4 0 0 0 0 1 e  12LyKaJaLu.1713     
2036.080520 0.001000   1.000e-03   5 1 1 1 0 1 f  5 0 0 0 0 1 e  12LyKaJaLu.1714     
2036.097640 0.001000   1.000e-03   6 1 1 1 0 1 f  6 0 0 0 0 1 e  12LyKaJaLu.1715     
2036.117420 0.001000   1.000e-03   7 1 1 1 0 1 f  7 0 0 0 0 1 e  12LyKaJaLu.1716     
2036.140040 0.001000   1.000e-03   8 1 1 1 0 1 f  8 0 0 0 0 1 e  12LyKaJaLu.1717     
2036.165420 0.001000   1.000e-03   9 1 1 1 0 1 f  9 0 0 0 0 1 e  12LyKaJaLu.1718     
2036.193660 0.001000   1.000e-03   10 1 1 1 0 1 f 10 0 0 0 0 1 e 12LyKaJaLu.1719     
2036.258720 0.001000   1.000e-03   12 1 1 1 0 1 f 12 0 0 0 0 1 e 12LyKaJaLu.1720     
2036.295560 0.001000   1.000e-03   13 1 1 1 0 1 f 13 0 0 0 0 1 e 12LyKaJaLu.1721     
2036.335070 0.001000   1.000e-03   14 1 1 1 0 1 f 14 0 0 0 0 1 e 12LyKaJaLu.1722     
2036.377530 0.001000   1.000e-03   15 1 1 1 0 1 f 15 0 0 0 0 1 e 12LyKaJaLu.1723     
2036.422790 0.001000   1.000e-03   16 1 1 1 0 1 f 16 0 0 0 0 1 e 12LyKaJaLu.1724     
2036.470910 0.001000   1.000e-03   17 1 1 1 0 1 f 17 0 0 0 0 1 e 12LyKaJaLu.1725     
2036.521930 0.001000   1.000e-03   18 1 1 1 0 1 f 18 0 0 0 0 1 e 12LyKaJaLu.1726     
2036.575770 0.001000   1.000e-03   19 1 1 1 0 1 f 19 0 0 0 0 1 e 12LyKaJaLu.1727     
2036.632520 0.001000   1.330e-03   20 1 1 1 0 1 f 20 0 0 0 0 1 e 12LyKaJaLu.1728     
2036.692110 0.001000   1.000e-03   21 1 1 1 0 1 f 21 0 0 0 0 1 e 12LyKaJaLu.1729     
2036.752850 0.001000   1.733e-03   22 1 1 1 0 1 f 22 0 0 0 0 1 e 12LyKaJaLu.1730     
2036.819940 0.001000   1.000e-03   23 1 1 1 0 1 f 23 0 0 0 0 1 e 12LyKaJaLu.1731     
2036.888180 0.001000   1.000e-03   24 1 1 1 0 1 f 24 0 0 0 0 1 e 12LyKaJaLu.1732     
2036.959240 0.001000   1.000e-03   25 1 1 1 0 1 f 25 0 0 0 0 1 e 12LyKaJaLu.1733     
2037.033250 0.001000   1.000e-03   26 1 1 1 0 1 f 26 0 0 0 0 1 e 12LyKaJaLu.1734     
2037.110090 0.001000   1.000e-03   27 1 1 1 0 1 f 27 0 0 0 0 1 e 12LyKaJaLu.1735     
2037.189950 0.001000   1.000e-03   28 1 1 1 0 1 f 28 0 0 0 0 1 e 12LyKaJaLu.1736     
2037.272960 0.001000   1.000e-03   29 1 1 1 0 1 f 29 0 0 0 0 1 e 12LyKaJaLu.1737     
2037.358550 0.001000   1.000e-03   30 1 1 1 0 1 f 30 0 0 0 0 1 e 12LyKaJaLu.1738     
2037.446910 0.001000   1.000e-03   31 1 1 1 0 1 f 31 0 0 0 0 1 e 12LyKaJaLu.1739     
2037.538400 0.001000   1.000e-03   32 1 1 1 0 1 f 32 0 0 0 0 1 e 12LyKaJaLu.1740     
2037.632830 0.001000   1.000e-03   33 1 1 1 0 1 f 33 0 0 0 0 1 e 12LyKaJaLu.1741     
2037.730360 0.001000   1.000e-03   34 1 1 1 0 1 f 34 0 0 0 0 1 e 12LyKaJaLu.1742     
2037.830490 0.001000   1.000e-03   35 1 1 1 0 1 f 35 0 0 0 0 1 e 12LyKaJaLu.1743     
2037.933590 0.001000   1.000e-03   36 1 1 1 0 1 f 36 0 0 0 0 1 e 12LyKaJaLu.1744     
2038.040130 0.001000   1.000e-03   37 1 1 1 0 1 f 37 0 0 0 0 1 e 12LyKaJaLu.1745     
2038.149600 0.001000   1.000e-03   38 1 1 1 0 1 f 38 0 0 0 0 1 e 12LyKaJaLu.1746     
2038.261460 0.001000   1.000e-03   39 1 1 1 0 1 f 39 0 0 0 0 1 e 12LyKaJaLu.1747     
2038.376570 0.001000   1.000e-03   40 1 1 1 0 1 f 40 0 0 0 0 1 e 12LyKaJaLu.1748     
2038.494970 0.001000   1.000e-03   41 1 1 1 0 1 f 41 0 0 0 0 1 e 12LyKaJaLu.1749     
2038.616180 0.001000   1.000e-03   42 1 1 1 0 1 f 42 0 0 0 0 1 e 12LyKaJaLu.1750     
2038.740410 0.001000   1.000e-03   43 1 1 1 0 1 f 43 0 0 0 0 1 e 12LyKaJaLu.1751     
2038.867720 0.001000   1.000e-03   44 1 1 1 0 1 f 44 0 0 0 0 1 e 12LyKaJaLu.1752     
2038.998480 0.001000   1.000e-03   45 1 1 1 0 1 f 45 0 0 0 0 1 e 12LyKaJaLu.1753     
2039.131290 0.001000   1.000e-03   46 1 1 1 0 1 f 46 0 0 0 0 1 e 12LyKaJaLu.1754     
2039.269340 0.001000   1.000e-03   47 1 1 1 0 1 f 47 0 0 0 0 1 e 12LyKaJaLu.1755     
2039.407260 0.001000   1.000e-03   48 1 1 1 0 1 f 48 0 0 0 0 1 e 12LyKaJaLu.1756     
2039.546390 0.001000   1.000e-03   49 1 1 1 0 1 f 49 0 0 0 0 1 e 12LyKaJaLu.1757     
2039.843500 0.001000   1.000e-03   51 1 1 1 0 1 f 51 0 0 0 0 1 e 12LyKaJaLu.1758     
2038.186630 0.001000   1.000e-03   3 1 1 1 0 1 e  2 0 0 0 0 1 e  12LyKaJaLu.1759     
2038.904880 0.001000   1.000e-03   4 1 1 1 0 1 e  3 0 0 0 0 1 e  12LyKaJaLu.1760     
2039.624310 0.001000   1.000e-03   5 1 1 1 0 1 e  4 0 0 0 0 1 e  12LyKaJaLu.1761     
2040.344830 0.001000   1.000e-03   6 1 1 1 0 1 e  5 0 0 0 0 1 e  12LyKaJaLu.1762     
2041.066340 0.001000   1.000e-03   7 1 1 1 0 1 e  6 0 0 0 0 1 e  12LyKaJaLu.1763     
2041.789060 0.001000   1.000e-03   8 1 1 1 0 1 e  7 0 0 0 0 1 e  12LyKaJaLu.1764     
2042.512930 0.001000   1.000e-03   9 1 1 1 0 1 e  8 0 0 0 0 1 e  12LyKaJaLu.1765     
2043.237730 0.001000   1.000e-03   10 1 1 1 0 1 e 9 0 0 0 0 1 e  12LyKaJaLu.1766     
2043.964160 0.001000   1.000e-03   11 1 1 1 0 1 e 10 0 0 0 0 1 e 12LyKaJaLu.1767     
2044.689940 0.001000   1.000e-03   12 1 1 1 0 1 e 11 0 0 0 0 1 e 12LyKaJaLu.1768     
2045.418930 0.001000   1.000e-03   13 1 1 1 0 1 e 12 0 0 0 0 1 e 12LyKaJaLu.1769     
2046.148060 0.001000   1.000e-03   14 1 1 1 0 1 e 13 0 0 0 0 1 e 12LyKaJaLu.1770     
2046.878200 0.001000   1.000e-03   15 1 1 1 0 1 e 14 0 0 0 0 1 e 12LyKaJaLu.1771     
2047.609440 0.001000   1.000e-03   16 1 1 1 0 1 e 15 0 0 0 0 1 e 12LyKaJaLu.1772     
2048.341800 0.001000   1.000e-03   17 1 1 1 0 1 e 16 0 0 0 0 1 e 12LyKaJaLu.1773     
2049.075730 0.001000   2.119e-03   18 1 1 1 0 1 e 17 0 0 0 0 1 e 12LyKaJaLu.1774     
2050.545770 0.001000   1.257e-03   20 1 1 1 0 1 e 19 0 0 0 0 1 e 12LyKaJaLu.1775     
2051.286450 0.001000   1.000e-03   21 1 1 1 0 1 e 20 0 0 0 0 1 e 12LyKaJaLu.1776     
2055.727670 0.001000   1.000e-03   27 1 1 1 0 1 e 26 0 0 0 0 1 e 12LyKaJaLu.1777     
2323.142580 0.001000   1.000e-03   1 0 0 0 1 1 e  0 0 0 0 0 1 e  12LyKaJaLu.1778     
2323.844970 0.001000   1.000e-03   2 0 0 0 1 1 e  1 0 0 0 0 1 e  12LyKaJaLu.1779     
2324.542160 0.001000   1.000e-03   3 0 0 0 1 1 e  2 0 0 0 0 1 e  12LyKaJaLu.1780     
2325.233450 0.001000   1.000e-03   4 0 0 0 1 1 e  3 0 0 0 0 1 e  12LyKaJaLu.1781     
2325.918940 0.001000   1.000e-03   5 0 0 0 1 1 e  4 0 0 0 0 1 e  12LyKaJaLu.1782     
2326.599220 0.001000   1.000e-03   6 0 0 0 1 1 e  5 0 0 0 0 1 e  12LyKaJaLu.1783     
2327.272570 0.001000   1.369e-03   7 0 0 0 1 1 e  6 0 0 0 0 1 e  12LyKaJaLu.1784     
2327.942950 0.001000   1.000e-03   8 0 0 0 1 1 e  7 0 0 0 0 1 e  12LyKaJaLu.1785     
2328.606230 0.001000   1.000e-03   9 0 0 0 1 1 e  8 0 0 0 0 1 e  12LyKaJaLu.1786     
2329.263750 0.001000   1.000e-03   10 0 0 0 1 1 e 9 0 0 0 0 1 e  12LyKaJaLu.1787     
2329.915550 0.001000   1.000e-03   11 0 0 0 1 1 e 10 0 0 0 0 1 e 12LyKaJaLu.1788     
2330.559610 0.001000   2.488e-03   12 0 0 0 1 1 e 11 0 0 0 0 1 e 12LyKaJaLu.1789     
2331.202600 0.001000   1.000e-03   13 0 0 0 1 1 e 12 0 0 0 0 1 e 12LyKaJaLu.1790     
2331.837930 0.001000   1.000e-03   14 0 0 0 1 1 e 13 0 0 0 0 1 e 12LyKaJaLu.1791     
2332.466910 0.001000   1.000e-03   15 0 0 0 1 1 e 14 0 0 0 0 1 e 12LyKaJaLu.1792     
2333.090610 0.001000   1.000e-03   16 0 0 0 1 1 e 15 0 0 0 0 1 e 12LyKaJaLu.1793     
2333.708580 0.001000   1.000e-03   17 0 0 0 1 1 e 16 0 0 0 0 1 e 12LyKaJaLu.1794     
2334.321100 0.001000   1.000e-03   18 0 0 0 1 1 e 17 0 0 0 0 1 e 12LyKaJaLu.1795     
2334.927800 0.001000   1.000e-03   19 0 0 0 1 1 e 18 0 0 0 0 1 e 12LyKaJaLu.1796     
2335.529350 0.001000   1.000e-03   20 0 0 0 1 1 e 19 0 0 0 0 1 e 12LyKaJaLu.1797     
2336.124120 0.001000   1.000e-03   21 0 0 0 1 1 e 20 0 0 0 0 1 e 12LyKaJaLu.1798     
2336.713770 0.001000   1.000e-03   22 0 0 0 1 1 e 21 0 0 0 0 1 e 12LyKaJaLu.1799     
2337.297780 0.001000   1.000e-03   23 0 0 0 1 1 e 22 0 0 0 0 1 e 12LyKaJaLu.1800     
2337.876180 0.001000   1.000e-03   24 0 0 0 1 1 e 23 0 0 0 0 1 e 12LyKaJaLu.1801     
2338.448880 0.001000   1.000e-03   25 0 0 0 1 1 e 24 0 0 0 0 1 e 12LyKaJaLu.1802     
2339.015770 0.001000   1.000e-03   26 0 0 0 1 1 e 25 0 0 0 0 1 e 12LyKaJaLu.1803     
2339.577430 0.001000   1.000e-03   27 0 0 0 1 1 e 26 0 0 0 0 1 e 12LyKaJaLu.1804     
2340.132820 0.001000   1.000e-03   28 0 0 0 1 1 e 27 0 0 0 0 1 e 12LyKaJaLu.1805     
2340.682720 0.001000   1.000e-03   29 0 0 0 1 1 e 28 0 0 0 0 1 e 12LyKaJaLu.1806     
2341.226970 0.001000   1.000e-03   30 0 0 0 1 1 e 29 0 0 0 0 1 e 12LyKaJaLu.1807     
2341.765460 0.001000   1.000e-03   31 0 0 0 1 1 e 30 0 0 0 0 1 e 12LyKaJaLu.1808     
2342.298340 0.001000   1.000e-03   32 0 0 0 1 1 e 31 0 0 0 0 1 e 12LyKaJaLu.1809     
2342.821980 0.001000   3.740e-03   33 0 0 0 1 1 e 32 0 0 0 0 1 e 12LyKaJaLu.1810     
2343.347040 0.001000   1.000e-03   34 0 0 0 1 1 e 33 0 0 0 0 1 e 12LyKaJaLu.1811     
2343.862740 0.001000   1.000e-03   35 0 0 0 1 1 e 34 0 0 0 0 1 e 12LyKaJaLu.1812     
2344.369970 0.001000   2.939e-03   36 0 0 0 1 1 e 35 0 0 0 0 1 e 12LyKaJaLu.1813     
2344.877160 0.001000   1.000e-03   37 0 0 0 1 1 e 36 0 0 0 0 1 e 12LyKaJaLu.1814     
2345.375790 0.001000   1.000e-03   38 0 0 0 1 1 e 37 0 0 0 0 1 e 12LyKaJaLu.1815     
2345.868540 0.001000   1.000e-03   39 0 0 0 1 1 e 38 0 0 0 0 1 e 12LyKaJaLu.1816     
2346.355810 0.001000   1.000e-03   40 0 0 0 1 1 e 39 0 0 0 0 1 e 12LyKaJaLu.1817     
2346.839680 0.001000   2.377e-03   41 0 0 0 1 1 e 40 0 0 0 0 1 e 12LyKaJaLu.1818     
2347.313130 0.001000   1.000e-03   42 0 0 0 1 1 e 41 0 0 0 0 1 e 12LyKaJaLu.1819     
2347.782980 0.001000   1.000e-03   43 0 0 0 1 1 e 42 0 0 0 0 1 e 12LyKaJaLu.1820     
2348.247430 0.001000   1.000e-03   44 0 0 0 1 1 e 43 0 0 0 0 1 e 12LyKaJaLu.1821     
2348.706350 0.001000   1.000e-03   45 0 0 0 1 1 e 44 0 0 0 0 1 e 12LyKaJaLu.1822     
2349.158780 0.001000   1.000e-03   46 0 0 0 1 1 e 45 0 0 0 0 1 e 12LyKaJaLu.1823     
2349.605860 0.001000   1.000e-03   47 0 0 0 1 1 e 46 0 0 0 0 1 e 12LyKaJaLu.1824     
2350.047500 0.001000   1.000e-03   48 0 0 0 1 1 e 47 0 0 0 0 1 e 12LyKaJaLu.1825     
2350.477730 0.001000   4.928e-03   49 0 0 0 1 1 e 48 0 0 0 0 1 e 12LyKaJaLu.1826     
2350.910240 0.001000   1.408e-03   50 0 0 0 1 1 e 49 0 0 0 0 1 e 12LyKaJaLu.1827     
2351.337250 0.001000   1.000e-03   51 0 0 0 1 1 e 50 0 0 0 0 1 e 12LyKaJaLu.1828     
2351.755710 0.001000   1.000e-03   52 0 0 0 1 1 e 51 0 0 0 0 1 e 12LyKaJaLu.1829     
2352.168300 0.001000   1.000e-03   53 0 0 0 1 1 e 52 0 0 0 0 1 e 12LyKaJaLu.1830     
2352.575300 0.001000   1.000e-03   54 0 0 0 1 1 e 53 0 0 0 0 1 e 12LyKaJaLu.1831     
2352.977110 0.001000   1.000e-03   55 0 0 0 1 1 e 54 0 0 0 0 1 e 12LyKaJaLu.1832     
2353.371560 0.001000   1.000e-03   56 0 0 0 1 1 e 55 0 0 0 0 1 e 12LyKaJaLu.1833     
2353.761490 0.001000   1.000e-03   57 0 0 0 1 1 e 56 0 0 0 0 1 e 12LyKaJaLu.1834     
2354.145030 0.001000   1.000e-03   58 0 0 0 1 1 e 57 0 0 0 0 1 e 12LyKaJaLu.1835     
2354.896210 0.001000   1.000e-03   60 0 0 0 1 1 e 59 0 0 0 0 1 e 12LyKaJaLu.1836     
2355.260320 0.001000   1.096e-03   61 0 0 0 1 1 e 60 0 0 0 0 1 e 12LyKaJaLu.1837     
2355.623540 0.001000   1.000e-03   62 0 0 0 1 1 e 61 0 0 0 0 1 e 12LyKaJaLu.1838     
2355.978320 0.001000   1.000e-03   63 0 0 0 1 1 e 62 0 0 0 0 1 e 12LyKaJaLu.1839     
2356.327900 0.001000   1.000e-03   64 0 0 0 1 1 e 63 0 0 0 0 1 e 12LyKaJaLu.1840     
2356.665020 0.001000   6.254e-03   65 0 0 0 1 1 e 64 0 0 0 0 1 e 12LyKaJaLu.1841     
2357.012640 0.001000   1.928e-03   66 0 0 0 1 1 e 65 0 0 0 0 1 e 12LyKaJaLu.1842     
2357.340320 0.001000   1.000e-03   67 0 0 0 1 1 e 66 0 0 0 0 1 e 12LyKaJaLu.1843     
2357.667330 0.001000   1.000e-03   68 0 0 0 1 1 e 67 0 0 0 0 1 e 12LyKaJaLu.1844     
2357.987560 0.001000   1.000e-03   69 0 0 0 1 1 e 68 0 0 0 0 1 e 12LyKaJaLu.1845     
2358.302060 0.001000   1.000e-03   70 0 0 0 1 1 e 69 0 0 0 0 1 e 12LyKaJaLu.1846     
2358.611430 0.001000   1.000e-03   71 0 0 0 1 1 e 70 0 0 0 0 1 e 12LyKaJaLu.1847     
2358.914330 0.001000   1.000e-03   72 0 0 0 1 1 e 71 0 0 0 0 1 e 12LyKaJaLu.1848     
2359.503200 0.001000   1.000e-03   74 0 0 0 1 1 e 73 0 0 0 0 1 e 12LyKaJaLu.1849     
2359.788720 0.001000   1.000e-03   75 0 0 0 1 1 e 74 0 0 0 0 1 e 12LyKaJaLu.1850     
2360.873650 0.001000   1.000e-03   79 0 0 0 1 1 e 78 0 0 0 0 1 e 12LyKaJaLu.1851     
2361.865500 0.001000   1.000e-03   83 0 0 0 1 1 e 82 0 0 0 0 1 e 12LyKaJaLu.1852     
2474.203780 0.001000   1.000e-03   1 2 0 0 0 3 e  0 0 0 0 0 1 e  12LyKaJaLu.1853     
2474.918320 0.001000   1.000e-03   2 2 0 0 0 3 e  1 0 0 0 0 1 e  12LyKaJaLu.1854     
2475.632680 0.001000   1.000e-03   3 2 0 0 0 3 e  2 0 0 0 0 1 e  12LyKaJaLu.1855     
2476.346300 0.001000   1.000e-03   4 2 0 0 0 3 e  3 0 0 0 0 1 e  12LyKaJaLu.1856     
2477.060210 0.001000   1.000e-03   5 2 0 0 0 3 e  4 0 0 0 0 1 e  12LyKaJaLu.1857     
2477.775300 0.001000   1.000e-03   6 2 0 0 0 3 e  5 0 0 0 0 1 e  12LyKaJaLu.1858     
2478.488480 0.001000   1.000e-03   7 2 0 0 0 3 e  6 0 0 0 0 1 e  12LyKaJaLu.1859     
2479.202770 0.001000   1.000e-03   8 2 0 0 0 3 e  7 0 0 0 0 1 e  12LyKaJaLu.1860     
2479.916650 0.001000   1.000e-03   9 2 0 0 0 3 e  8 0 0 0 0 1 e  12LyKaJaLu.1861     
2480.630790 0.001000   1.000e-03   10 2 0 0 0 3 e 9 0 0 0 0 1 e  12LyKaJaLu.1862     
2481.344700 0.001000   1.000e-03   11 2 0 0 0 3 e 10 0 0 0 0 1 e 12LyKaJaLu.1863     
2482.058820 0.001000   1.000e-03   12 2 0 0 0 3 e 11 0 0 0 0 1 e 12LyKaJaLu.1864     
2482.772510 0.001000   1.000e-03   13 2 0 0 0 3 e 12 0 0 0 0 1 e 12LyKaJaLu.1865     
2483.486530 0.001000   1.000e-03   14 2 0 0 0 3 e 13 0 0 0 0 1 e 12LyKaJaLu.1866     
2484.200190 0.001000   1.000e-03   15 2 0 0 0 3 e 14 0 0 0 0 1 e 12LyKaJaLu.1867     
2484.913990 0.001000   1.000e-03   16 2 0 0 0 3 e 15 0 0 0 0 1 e 12LyKaJaLu.1868     
2485.627140 0.001000   1.000e-03   17 2 0 0 0 3 e 16 0 0 0 0 1 e 12LyKaJaLu.1869     
2486.340630 0.001000   1.000e-03   18 2 0 0 0 3 e 17 0 0 0 0 1 e 12LyKaJaLu.1870     
2487.054200 0.001000   1.000e-03   19 2 0 0 0 3 e 18 0 0 0 0 1 e 12LyKaJaLu.1871     
2487.767420 0.001000   1.000e-03   20 2 0 0 0 3 e 19 0 0 0 0 1 e 12LyKaJaLu.1872     
2488.480160 0.001000   1.000e-03   21 2 0 0 0 3 e 20 0 0 0 0 1 e 12LyKaJaLu.1873     
2489.192760 0.001000   1.000e-03   22 2 0 0 0 3 e 21 0 0 0 0 1 e 12LyKaJaLu.1874     
2489.905200 0.001000   1.000e-03   23 2 0 0 0 3 e 22 0 0 0 0 1 e 12LyKaJaLu.1875     
2490.617530 0.001000   1.000e-03   24 2 0 0 0 3 e 23 0 0 0 0 1 e 12LyKaJaLu.1876     
2491.329390 0.001000   1.000e-03   25 2 0 0 0 3 e 24 0 0 0 0 1 e 12LyKaJaLu.1877     
2492.041010 0.001000   1.000e-03   26 2 0 0 0 3 e 25 0 0 0 0 1 e 12LyKaJaLu.1878     
2492.752310 0.001000   1.000e-03   27 2 0 0 0 3 e 26 0 0 0 0 1 e 12LyKaJaLu.1879     
2493.463310 0.001000   1.000e-03   28 2 0 0 0 3 e 27 0 0 0 0 1 e 12LyKaJaLu.1880     
2494.174800 0.001000   1.000e-03   29 2 0 0 0 3 e 28 0 0 0 0 1 e 12LyKaJaLu.1881     
2495.594380 0.001000   1.000e-03   31 2 0 0 0 3 e 30 0 0 0 0 1 e 12LyKaJaLu.1882     
2496.303580 0.001000   1.000e-03   32 2 0 0 0 3 e 31 0 0 0 0 1 e 12LyKaJaLu.1883     
2497.012760 0.001000   1.000e-03   33 2 0 0 0 3 e 32 0 0 0 0 1 e 12LyKaJaLu.1884     
2497.721830 0.001000   1.000e-03   34 2 0 0 0 3 e 33 0 0 0 0 1 e 12LyKaJaLu.1885     
2498.429510 0.001000   1.000e-03   35 2 0 0 0 3 e 34 0 0 0 0 1 e 12LyKaJaLu.1886     
2499.842360 0.001000   1.000e-03   37 2 0 0 0 3 e 36 0 0 0 0 1 e 12LyKaJaLu.1887     
2500.549870 0.001000   1.000e-03   38 2 0 0 0 3 e 37 0 0 0 0 1 e 12LyKaJaLu.1888     
2501.254740 0.001000   1.000e-03   39 2 0 0 0 3 e 38 0 0 0 0 1 e 12LyKaJaLu.1889     
2501.959290 0.001000   1.000e-03   40 2 0 0 0 3 e 39 0 0 0 0 1 e 12LyKaJaLu.1890     
2502.663880 0.001000   1.000e-03   41 2 0 0 0 3 e 40 0 0 0 0 1 e 12LyKaJaLu.1891     
2503.366960 0.001000   1.000e-03   42 2 0 0 0 3 e 41 0 0 0 0 1 e 12LyKaJaLu.1892     
2504.069160 0.001000   1.000e-03   43 2 0 0 0 3 e 42 0 0 0 0 1 e 12LyKaJaLu.1893     
2504.770750 0.001000   1.000e-03   44 2 0 0 0 3 e 43 0 0 0 0 1 e 12LyKaJaLu.1894     
2505.472530 0.001000   1.000e-03   45 2 0 0 0 3 e 44 0 0 0 0 1 e 12LyKaJaLu.1895     
2506.171320 0.001000   1.000e-03   46 2 0 0 0 3 e 45 0 0 0 0 1 e 12LyKaJaLu.1896     
2506.871210 0.001000   1.000e-03   47 2 0 0 0 3 e 46 0 0 0 0 1 e 12LyKaJaLu.1897     
2507.568960 0.001000   1.000e-03   48 2 0 0 0 3 e 47 0 0 0 0 1 e 12LyKaJaLu.1898     
2508.265370 0.001000   1.000e-03   49 2 0 0 0 3 e 48 0 0 0 0 1 e 12LyKaJaLu.1899     
2586.381750 0.001000   1.000e-03   1 2 0 0 0 2 e  0 0 0 0 0 1 e  12LyKaJaLu.1900     
2587.093960 0.001000   1.000e-03   2 2 0 0 0 2 e  1 0 0 0 0 1 e  12LyKaJaLu.1901     
2587.805820 0.001000   1.000e-03   3 2 0 0 0 2 e  2 0 0 0 0 1 e  12LyKaJaLu.1902     
2588.517040 0.001000   1.000e-03   4 2 0 0 0 2 e  3 0 0 0 0 1 e  12LyKaJaLu.1903     
2589.227930 0.001000   1.000e-03   5 2 0 0 0 2 e  4 0 0 0 0 1 e  12LyKaJaLu.1904     
2589.938520 0.001000   1.000e-03   6 2 0 0 0 2 e  5 0 0 0 0 1 e  12LyKaJaLu.1905     
2590.648540 0.001000   1.000e-03   7 2 0 0 0 2 e  6 0 0 0 0 1 e  12LyKaJaLu.1906     
2591.357700 0.001000   1.000e-03   8 2 0 0 0 2 e  7 0 0 0 0 1 e  12LyKaJaLu.1907     
2592.066500 0.001000   1.000e-03   9 2 0 0 0 2 e  8 0 0 0 0 1 e  12LyKaJaLu.1908     
2592.774730 0.001000   1.000e-03   10 2 0 0 0 2 e 9 0 0 0 0 1 e  12LyKaJaLu.1909     
2593.482410 0.001000   1.000e-03   11 2 0 0 0 2 e 10 0 0 0 0 1 e 12LyKaJaLu.1910     
2594.189610 0.001000   1.000e-03   12 2 0 0 0 2 e 11 0 0 0 0 1 e 12LyKaJaLu.1911     
2594.896170 0.001000   1.000e-03   13 2 0 0 0 2 e 12 0 0 0 0 1 e 12LyKaJaLu.1912     
2595.601120 0.001000   1.000e-03   14 2 0 0 0 2 e 13 0 0 0 0 1 e 12LyKaJaLu.1913     
2596.306600 0.001000   1.000e-03   15 2 0 0 0 2 e 14 0 0 0 0 1 e 12LyKaJaLu.1914     
2597.011720 0.001000   1.000e-03   16 2 0 0 0 2 e 15 0 0 0 0 1 e 12LyKaJaLu.1915     
2597.716120 0.001000   1.000e-03   17 2 0 0 0 2 e 16 0 0 0 0 1 e 12LyKaJaLu.1916     
2598.419990 0.001000   1.000e-03   18 2 0 0 0 2 e 17 0 0 0 0 1 e 12LyKaJaLu.1917     
2599.122970 0.001000   1.000e-03   19 2 0 0 0 2 e 18 0 0 0 0 1 e 12LyKaJaLu.1918     
2599.825500 0.001000   1.000e-03   20 2 0 0 0 2 e 19 0 0 0 0 1 e 12LyKaJaLu.1919     
2600.527530 0.001000   1.000e-03   21 2 0 0 0 2 e 20 0 0 0 0 1 e 12LyKaJaLu.1920     
2601.228850 0.001000   1.000e-03   22 2 0 0 0 2 e 21 0 0 0 0 1 e 12LyKaJaLu.1921     
2601.930080 0.001000   1.000e-03   23 2 0 0 0 2 e 22 0 0 0 0 1 e 12LyKaJaLu.1922     
2602.630370 0.001000   1.000e-03   24 2 0 0 0 2 e 23 0 0 0 0 1 e 12LyKaJaLu.1923     
2603.330280 0.001000   1.000e-03   25 2 0 0 0 2 e 24 0 0 0 0 1 e 12LyKaJaLu.1924     
2604.029650 0.001000   1.000e-03   26 2 0 0 0 2 e 25 0 0 0 0 1 e 12LyKaJaLu.1925     
2604.728320 0.001000   1.000e-03   27 2 0 0 0 2 e 26 0 0 0 0 1 e 12LyKaJaLu.1926     
2605.426330 0.001000   1.000e-03   28 2 0 0 0 2 e 27 0 0 0 0 1 e 12LyKaJaLu.1927     
2606.124530 0.001000   1.000e-03   29 2 0 0 0 2 e 28 0 0 0 0 1 e 12LyKaJaLu.1928     
2606.821120 0.001000   1.000e-03   30 2 0 0 0 2 e 29 0 0 0 0 1 e 12LyKaJaLu.1929     
2607.518270 0.001000   1.000e-03   31 2 0 0 0 2 e 30 0 0 0 0 1 e 12LyKaJaLu.1930     
2608.214450 0.001000   1.000e-03   32 2 0 0 0 2 e 31 0 0 0 0 1 e 12LyKaJaLu.1931     
2608.910080 0.001000   1.000e-03   33 2 0 0 0 2 e 32 0 0 0 0 1 e 12LyKaJaLu.1932     
2609.605190 0.001000   1.000e-03   34 2 0 0 0 2 e 33 0 0 0 0 1 e 12LyKaJaLu.1933     
2610.300270 0.001000   1.000e-03   35 2 0 0 0 2 e 34 0 0 0 0 1 e 12LyKaJaLu.1934     
2610.994750 0.001000   1.000e-03   36 2 0 0 0 2 e 35 0 0 0 0 1 e 12LyKaJaLu.1935     
2611.688800 0.001000   1.000e-03   37 2 0 0 0 2 e 36 0 0 0 0 1 e 12LyKaJaLu.1936     
2612.381670 0.001000   1.000e-03   38 2 0 0 0 2 e 37 0 0 0 0 1 e 12LyKaJaLu.1937     
2613.074910 0.001000   1.000e-03   39 2 0 0 0 2 e 38 0 0 0 0 1 e 12LyKaJaLu.1938     
2613.767180 0.001000   1.000e-03   40 2 0 0 0 2 e 39 0 0 0 0 1 e 12LyKaJaLu.1939     
2614.459660 0.001000   1.000e-03   41 2 0 0 0 2 e 40 0 0 0 0 1 e 12LyKaJaLu.1940     
2615.151670 0.001000   1.000e-03   42 2 0 0 0 2 e 41 0 0 0 0 1 e 12LyKaJaLu.1941     
2615.842780 0.001000   1.000e-03   43 2 0 0 0 2 e 42 0 0 0 0 1 e 12LyKaJaLu.1942     
2616.533450 0.001000   1.000e-03   44 2 0 0 0 2 e 43 0 0 0 0 1 e 12LyKaJaLu.1943     
2739.674540 0.001000   1.000e-03   2 2 0 0 0 1 e  1 0 0 0 0 1 e  12LyKaJaLu.1944     
2740.395910 0.001000   1.000e-03   3 2 0 0 0 1 e  2 0 0 0 0 1 e  12LyKaJaLu.1945     
2741.117000 0.001000   1.000e-03   4 2 0 0 0 1 e  3 0 0 0 0 1 e  12LyKaJaLu.1946     
2741.841520 0.001000   1.000e-03   5 2 0 0 0 1 e  4 0 0 0 0 1 e  12LyKaJaLu.1947     
2742.568210 0.001000   1.000e-03   6 2 0 0 0 1 e  5 0 0 0 0 1 e  12LyKaJaLu.1948     
2743.296130 0.001000   1.000e-03   7 2 0 0 0 1 e  6 0 0 0 0 1 e  12LyKaJaLu.1949     
2744.025810 0.001000   1.000e-03   8 2 0 0 0 1 e  7 0 0 0 0 1 e  12LyKaJaLu.1950     
2744.758930 0.001000   1.000e-03   9 2 0 0 0 1 e  8 0 0 0 0 1 e  12LyKaJaLu.1951     
2745.493090 0.001000   1.000e-03   10 2 0 0 0 1 e 9 0 0 0 0 1 e  12LyKaJaLu.1952     
2746.229780 0.001000   1.000e-03   11 2 0 0 0 1 e 10 0 0 0 0 1 e 12LyKaJaLu.1953     
2746.968720 0.001000   1.000e-03   12 2 0 0 0 1 e 11 0 0 0 0 1 e 12LyKaJaLu.1954     
2747.709380 0.001000   1.000e-03   13 2 0 0 0 1 e 12 0 0 0 0 1 e 12LyKaJaLu.1955     
2749.197170 0.001000   1.000e-03   15 2 0 0 0 1 e 14 0 0 0 0 1 e 12LyKaJaLu.1956     
2749.943780 0.001000   1.000e-03   16 2 0 0 0 1 e 15 0 0 0 0 1 e 12LyKaJaLu.1957     
2750.694020 0.001000   1.000e-03   17 2 0 0 0 1 e 16 0 0 0 0 1 e 12LyKaJaLu.1958     
2751.444710 0.001000   1.000e-03   18 2 0 0 0 1 e 17 0 0 0 0 1 e 12LyKaJaLu.1959     
2752.197510 0.001000   1.000e-03   19 2 0 0 0 1 e 18 0 0 0 0 1 e 12LyKaJaLu.1960     
2752.954450 0.001000   1.000e-03   20 2 0 0 0 1 e 19 0 0 0 0 1 e 12LyKaJaLu.1961     
2753.711720 0.001000   1.000e-03   21 2 0 0 0 1 e 20 0 0 0 0 1 e 12LyKaJaLu.1962     
2754.471210 0.001000   1.000e-03   22 2 0 0 0 1 e 21 0 0 0 0 1 e 12LyKaJaLu.1963     
2755.233450 0.001000   1.000e-03   23 2 0 0 0 1 e 22 0 0 0 0 1 e 12LyKaJaLu.1964     
2755.998080 0.001000   1.000e-03   24 2 0 0 0 1 e 23 0 0 0 0 1 e 12LyKaJaLu.1965     
2756.765210 0.001000   1.000e-03   25 2 0 0 0 1 e 24 0 0 0 0 1 e 12LyKaJaLu.1966     
2757.533490 0.001000   1.000e-03   26 2 0 0 0 1 e 25 0 0 0 0 1 e 12LyKaJaLu.1967     
2758.303640 0.001000   1.000e-03   27 2 0 0 0 1 e 26 0 0 0 0 1 e 12LyKaJaLu.1968     
2759.077270 0.001000   1.000e-03   28 2 0 0 0 1 e 27 0 0 0 0 1 e 12LyKaJaLu.1969     
2759.853130 0.001000   1.000e-03   29 2 0 0 0 1 e 28 0 0 0 0 1 e 12LyKaJaLu.1970     
2760.631910 0.001000   1.000e-03   30 2 0 0 0 1 e 29 0 0 0 0 1 e 12LyKaJaLu.1971     
2761.411220 0.001000   1.000e-03   31 2 0 0 0 1 e 30 0 0 0 0 1 e 12LyKaJaLu.1972     
2762.194160 0.001000   1.000e-03   32 2 0 0 0 1 e 31 0 0 0 0 1 e 12LyKaJaLu.1973     
2762.979390 0.001000   1.000e-03   33 2 0 0 0 1 e 32 0 0 0 0 1 e 12LyKaJaLu.1974     
2763.766490 0.001000   1.000e-03   34 2 0 0 0 1 e 33 0 0 0 0 1 e 12LyKaJaLu.1975     
2764.555600 0.001000   1.000e-03   35 2 0 0 0 1 e 34 0 0 0 0 1 e 12LyKaJaLu.1976     
2765.348280 0.001000   1.000e-03   36 2 0 0 0 1 e 35 0 0 0 0 1 e 12LyKaJaLu.1977     
2311.538930 0.001000   1.000e-03   2 0 1 1 1 1 e  1 0 1 1 0 1 e  12LyKaJaLu.1978     
2312.237250 0.001000   1.000e-03   3 0 1 1 1 1 e  2 0 1 1 0 1 e  12LyKaJaLu.1979     
2312.929940 0.001000   2.350e-03   4 0 1 1 1 1 e  3 0 1 1 0 1 e  12LyKaJaLu.1980     
2313.617330 0.001000   1.000e-03   5 0 1 1 1 1 e  4 0 1 1 0 1 e  12LyKaJaLu.1981     
2314.299230 0.001000   4.040e-03   6 0 1 1 1 1 e  5 0 1 1 0 1 e  12LyKaJaLu.1982     
2314.974610 0.001000   1.630e-03   7 0 1 1 1 1 e  6 0 1 1 0 1 e  12LyKaJaLu.1983     
2315.643330 0.001000   1.000e-03   8 0 1 1 1 1 e  7 0 1 1 0 1 e  12LyKaJaLu.1984     
2316.307390 0.001000   1.000e-03   9 0 1 1 1 1 e  8 0 1 1 0 1 e  12LyKaJaLu.1985     
2316.965320 0.001000   1.000e-03   10 0 1 1 1 1 e 9 0 1 1 0 1 e  12LyKaJaLu.1986     
2317.618150 0.001000   1.000e-03   11 0 1 1 1 1 e 10 0 1 1 0 1 e 12LyKaJaLu.1987     
2318.265680 0.001000   1.000e-03   12 0 1 1 1 1 e 11 0 1 1 0 1 e 12LyKaJaLu.1988     
2318.909920 0.001000   1.000e-03   13 0 1 1 1 1 e 12 0 1 1 0 1 e 12LyKaJaLu.1989     
2319.544670 0.001000   1.000e-03   14 0 1 1 1 1 e 13 0 1 1 0 1 e 12LyKaJaLu.1990     
2320.175980 0.001000   1.711e-03   15 0 1 1 1 1 e 14 0 1 1 0 1 e 12LyKaJaLu.1991     
2320.800920 0.001000   1.648e-03   16 0 1 1 1 1 e 15 0 1 1 0 1 e 12LyKaJaLu.1992     
2321.420770 0.001000   1.000e-03   17 0 1 1 1 1 e 16 0 1 1 0 1 e 12LyKaJaLu.1993     
2322.035010 0.001000   1.000e-03   18 0 1 1 1 1 e 17 0 1 1 0 1 e 12LyKaJaLu.1994     
2322.643930 0.001000   1.000e-03   19 0 1 1 1 1 e 18 0 1 1 0 1 e 12LyKaJaLu.1995     
2323.246670 0.001000   1.000e-03   20 0 1 1 1 1 e 19 0 1 1 0 1 e 12LyKaJaLu.1996     
2323.845200 0.001000   1.187e-03   21 0 1 1 1 1 e 20 0 1 1 0 1 e 12LyKaJaLu.1997     
2324.435660 0.001000   1.151e-03   22 0 1 1 1 1 e 21 0 1 1 0 1 e 12LyKaJaLu.1998     
2325.021320 0.001000   1.000e-03   23 0 1 1 1 1 e 22 0 1 1 0 1 e 12LyKaJaLu.1999     
2325.602380 0.001000   1.000e-03   24 0 1 1 1 1 e 23 0 1 1 0 1 e 12LyKaJaLu.2000     
2326.176410 0.001000   1.000e-03   25 0 1 1 1 1 e 24 0 1 1 0 1 e 12LyKaJaLu.2001     
2326.745580 0.001000   1.000e-03   26 0 1 1 1 1 e 25 0 1 1 0 1 e 12LyKaJaLu.2002     
2327.309820 0.001000   1.000e-03   27 0 1 1 1 1 e 26 0 1 1 0 1 e 12LyKaJaLu.2003     
2327.866970 0.001000   1.000e-03   28 0 1 1 1 1 e 27 0 1 1 0 1 e 12LyKaJaLu.2004     
2328.419140 0.001000   1.790e-03   29 0 1 1 1 1 e 28 0 1 1 0 1 e 12LyKaJaLu.2005     
2328.965620 0.001000   1.000e-03   30 0 1 1 1 1 e 29 0 1 1 0 1 e 12LyKaJaLu.2006     
2329.506390 0.001000   1.000e-03   31 0 1 1 1 1 e 30 0 1 1 0 1 e 12LyKaJaLu.2007     
2330.042160 0.001000   1.000e-03   32 0 1 1 1 1 e 31 0 1 1 0 1 e 12LyKaJaLu.2008     
2330.572470 0.001000   1.000e-03   33 0 1 1 1 1 e 32 0 1 1 0 1 e 12LyKaJaLu.2009     
2331.097990 0.001000   1.252e-03   34 0 1 1 1 1 e 33 0 1 1 0 1 e 12LyKaJaLu.2010     
2331.613010 0.001000   1.645e-03   35 0 1 1 1 1 e 34 0 1 1 0 1 e 12LyKaJaLu.2011     
2332.126600 0.001000   1.000e-03   36 0 1 1 1 1 e 35 0 1 1 0 1 e 12LyKaJaLu.2012     
2332.633550 0.001000   1.000e-03   37 0 1 1 1 1 e 36 0 1 1 0 1 e 12LyKaJaLu.2013     
2333.134970 0.001000   1.000e-03   38 0 1 1 1 1 e 37 0 1 1 0 1 e 12LyKaJaLu.2014     
2333.630310 0.001000   1.000e-03   39 0 1 1 1 1 e 38 0 1 1 0 1 e 12LyKaJaLu.2015     
2334.118140 0.001000   1.000e-03   40 0 1 1 1 1 e 39 0 1 1 0 1 e 12LyKaJaLu.2016     
2334.605090 0.001000   1.000e-03   41 0 1 1 1 1 e 40 0 1 1 0 1 e 12LyKaJaLu.2017     
2335.084010 0.001000   1.000e-03   42 0 1 1 1 1 e 41 0 1 1 0 1 e 12LyKaJaLu.2018     
2335.556210 0.001000   1.000e-03   43 0 1 1 1 1 e 42 0 1 1 0 1 e 12LyKaJaLu.2019     
2336.027340 0.001000   1.593e-03   44 0 1 1 1 1 e 43 0 1 1 0 1 e 12LyKaJaLu.2020     
2337.392550 0.001000   1.000e-03   47 0 1 1 1 1 e 46 0 1 1 0 1 e 12LyKaJaLu.2021     
2337.831130 0.001000   2.498e-03   48 0 1 1 1 1 e 47 0 1 1 0 1 e 12LyKaJaLu.2022     
2338.708070 0.001000   1.000e-03   50 0 1 1 1 1 e 49 0 1 1 0 1 e 12LyKaJaLu.2023     
2339.136260 0.001000   1.000e-03   51 0 1 1 1 1 e 50 0 1 1 0 1 e 12LyKaJaLu.2024     
2339.974640 0.001000   1.000e-03   53 0 1 1 1 1 e 52 0 1 1 0 1 e 12LyKaJaLu.2025     
2340.384830 0.001000   1.000e-03   54 0 1 1 1 1 e 53 0 1 1 0 1 e 12LyKaJaLu.2026     
2340.789700 0.001000   1.000e-03   55 0 1 1 1 1 e 54 0 1 1 0 1 e 12LyKaJaLu.2027     
2341.969240 0.001000   1.000e-03   58 0 1 1 1 1 e 57 0 1 1 0 1 e 12LyKaJaLu.2028     
2311.538930 0.001000   1.000e-03   2 0 1 1 1 1 f  1 0 1 1 0 1 f  12LyKaJaLu.2029     
2312.237250 0.001000   2.162e-03   3 0 1 1 1 1 f  2 0 1 1 0 1 f  12LyKaJaLu.2030     
2312.929940 0.001000   3.036e-03   4 0 1 1 1 1 f  3 0 1 1 0 1 f  12LyKaJaLu.2031     
2313.617330 0.001000   1.000e-03   5 0 1 1 1 1 f  4 0 1 1 0 1 f  12LyKaJaLu.2032     
2314.304350 0.001000   1.000e-03   6 0 1 1 1 1 f  5 0 1 1 0 1 f  12LyKaJaLu.2033     
2314.975260 0.001000   1.000e-03   7 0 1 1 1 1 f  6 0 1 1 0 1 f  12LyKaJaLu.2034     
2315.653870 0.001000   2.457e-03   8 0 1 1 1 1 f  7 0 1 1 0 1 f  12LyKaJaLu.2035     
2316.313660 0.001000   1.000e-03   9 0 1 1 1 1 f  8 0 1 1 0 1 f  12LyKaJaLu.2036     
2316.974620 0.001000   1.000e-03   10 0 1 1 1 1 f 9 0 1 1 0 1 f  12LyKaJaLu.2037     
2317.628840 0.001000   1.000e-03   11 0 1 1 1 1 f 10 0 1 1 0 1 f 12LyKaJaLu.2038     
2318.277360 0.001000   1.000e-03   12 0 1 1 1 1 f 11 0 1 1 0 1 f 12LyKaJaLu.2039     
2318.919260 0.001000   1.301e-03   13 0 1 1 1 1 f 12 0 1 1 0 1 f 12LyKaJaLu.2040     
2319.556840 0.001000   1.000e-03   14 0 1 1 1 1 f 13 0 1 1 0 1 f 12LyKaJaLu.2041     
2320.188060 0.001000   1.000e-03   15 0 1 1 1 1 f 14 0 1 1 0 1 f 12LyKaJaLu.2042     
2320.814590 0.001000   1.000e-03   16 0 1 1 1 1 f 15 0 1 1 0 1 f 12LyKaJaLu.2043     
2321.434460 0.001000   1.000e-03   17 0 1 1 1 1 f 16 0 1 1 0 1 f 12LyKaJaLu.2044     
2322.049230 0.001000   1.000e-03   18 0 1 1 1 1 f 17 0 1 1 0 1 f 12LyKaJaLu.2045     
2322.658040 0.001000   1.000e-03   19 0 1 1 1 1 f 18 0 1 1 0 1 f 12LyKaJaLu.2046     
2323.261500 0.001000   1.000e-03   20 0 1 1 1 1 f 19 0 1 1 0 1 f 12LyKaJaLu.2047     
2323.859530 0.001000   1.000e-03   21 0 1 1 1 1 f 20 0 1 1 0 1 f 12LyKaJaLu.2048     
2324.451080 0.001000   1.000e-03   22 0 1 1 1 1 f 21 0 1 1 0 1 f 12LyKaJaLu.2049     
2325.037640 0.001000   1.000e-03   23 0 1 1 1 1 f 22 0 1 1 0 1 f 12LyKaJaLu.2050     
2325.618400 0.001000   1.000e-03   24 0 1 1 1 1 f 23 0 1 1 0 1 f 12LyKaJaLu.2051     
2326.190320 0.001000   1.747e-03   25 0 1 1 1 1 f 24 0 1 1 0 1 f 12LyKaJaLu.2052     
2326.762110 0.001000   1.000e-03   26 0 1 1 1 1 f 25 0 1 1 0 1 f 12LyKaJaLu.2053     
2327.326180 0.001000   1.000e-03   27 0 1 1 1 1 f 26 0 1 1 0 1 f 12LyKaJaLu.2054     
2327.884920 0.001000   1.000e-03   28 0 1 1 1 1 f 27 0 1 1 0 1 f 12LyKaJaLu.2055     
2328.437250 0.001000   1.000e-03   29 0 1 1 1 1 f 28 0 1 1 0 1 f 12LyKaJaLu.2056     
2328.982160 0.001000   1.000e-03   30 0 1 1 1 1 f 29 0 1 1 0 1 f 12LyKaJaLu.2057     
2329.525250 0.001000   1.000e-03   31 0 1 1 1 1 f 30 0 1 1 0 1 f 12LyKaJaLu.2058     
2330.060430 0.001000   1.000e-03   32 0 1 1 1 1 f 31 0 1 1 0 1 f 12LyKaJaLu.2059     
2330.590420 0.001000   1.000e-03   33 0 1 1 1 1 f 32 0 1 1 0 1 f 12LyKaJaLu.2060     
2331.113920 0.001000   1.000e-03   34 0 1 1 1 1 f 33 0 1 1 0 1 f 12LyKaJaLu.2061     
2331.634840 0.001000   1.000e-03   35 0 1 1 1 1 f 34 0 1 1 0 1 f 12LyKaJaLu.2062     
2332.145660 0.001000   1.219e-03   36 0 1 1 1 1 f 35 0 1 1 0 1 f 12LyKaJaLu.2063     
2332.650960 0.001000   1.000e-03   37 0 1 1 1 1 f 36 0 1 1 0 1 f 12LyKaJaLu.2064     
2333.154320 0.001000   1.000e-03   38 0 1 1 1 1 f 37 0 1 1 0 1 f 12LyKaJaLu.2065     
2333.649540 0.001000   1.000e-03   39 0 1 1 1 1 f 38 0 1 1 0 1 f 12LyKaJaLu.2066     
2334.139240 0.001000   1.000e-03   40 0 1 1 1 1 f 39 0 1 1 0 1 f 12LyKaJaLu.2067     
2334.624610 0.001000   1.000e-03   41 0 1 1 1 1 f 40 0 1 1 0 1 f 12LyKaJaLu.2068     
2335.103350 0.001000   1.000e-03   42 0 1 1 1 1 f 41 0 1 1 0 1 f 12LyKaJaLu.2069     
2335.571460 0.001000   2.171e-03   43 0 1 1 1 1 f 42 0 1 1 0 1 f 12LyKaJaLu.2070     
2336.043080 0.001000   1.000e-03   44 0 1 1 1 1 f 43 0 1 1 0 1 f 12LyKaJaLu.2071     
2336.503890 0.001000   1.000e-03   45 0 1 1 1 1 f 44 0 1 1 0 1 f 12LyKaJaLu.2072     
2337.409280 0.001000   1.000e-03   47 0 1 1 1 1 f 46 0 1 1 0 1 f 12LyKaJaLu.2073     
2337.854180 0.001000   1.000e-03   48 0 1 1 1 1 f 47 0 1 1 0 1 f 12LyKaJaLu.2074     
2338.727480 0.001000   1.111e-03   50 0 1 1 1 1 f 49 0 1 1 0 1 f 12LyKaJaLu.2075     
2339.156460 0.001000   1.416e-03   51 0 1 1 1 1 f 50 0 1 1 0 1 f 12LyKaJaLu.2076     
2339.988870 0.001000   1.000e-03   53 0 1 1 1 1 f 52 0 1 1 0 1 f 12LyKaJaLu.2077     
2340.399430 0.001000   1.000e-03   54 0 1 1 1 1 f 53 0 1 1 0 1 f 12LyKaJaLu.2078     
2340.803410 0.001000   1.000e-03   55 0 1 1 1 1 f 54 0 1 1 0 1 f 12LyKaJaLu.2079     
2341.982520 0.001000   1.000e-03   58 0 1 1 1 1 f 57 0 1 1 0 1 f 12LyKaJaLu.2080     
3105.161070 0.001000   1.000e-03   11 2 1 1 0 3 e 10 0 0 0 0 1 e 12LyKaJaLu.2081     
3105.878130 0.001000   1.000e-03   12 2 1 1 0 3 e 11 0 0 0 0 1 e 12LyKaJaLu.2082     
3106.605540 0.001000   1.000e-03   13 2 1 1 0 3 e 12 0 0 0 0 1 e 12LyKaJaLu.2083     
3107.324010 0.001000   1.000e-03   14 2 1 1 0 3 e 13 0 0 0 0 1 e 12LyKaJaLu.2084     
3108.043980 0.001000   1.000e-03   15 2 1 1 0 3 e 14 0 0 0 0 1 e 12LyKaJaLu.2085     
3108.767160 0.001000   1.000e-03   16 2 1 1 0 3 e 15 0 0 0 0 1 e 12LyKaJaLu.2086     
3109.489770 0.001000   1.000e-03   17 2 1 1 0 3 e 16 0 0 0 0 1 e 12LyKaJaLu.2087     
3110.214150 0.001000   1.000e-03   18 2 1 1 0 3 e 17 0 0 0 0 1 e 12LyKaJaLu.2088     
3110.938940 0.001000   1.000e-03   19 2 1 1 0 3 e 18 0 0 0 0 1 e 12LyKaJaLu.2089     
3111.659920 0.001000   1.000e-03   20 2 1 1 0 3 e 19 0 0 0 0 1 e 12LyKaJaLu.2090     
3112.384350 0.001000   1.000e-03   21 2 1 1 0 3 e 20 0 0 0 0 1 e 12LyKaJaLu.2091     
3113.110830 0.001000   1.000e-03   22 2 1 1 0 3 e 21 0 0 0 0 1 e 12LyKaJaLu.2092     
3113.834470 0.001000   1.000e-03   23 2 1 1 0 3 e 22 0 0 0 0 1 e 12LyKaJaLu.2093     
3114.560790 0.001000   1.000e-03   24 2 1 1 0 3 e 23 0 0 0 0 1 e 12LyKaJaLu.2094     
3115.285060 0.001000   1.000e-03   25 2 1 1 0 3 e 24 0 0 0 0 1 e 12LyKaJaLu.2095     
3116.012260 0.001000   1.000e-03   26 2 1 1 0 3 e 25 0 0 0 0 1 e 12LyKaJaLu.2096     
3116.738070 0.001000   1.000e-03   27 2 1 1 0 3 e 26 0 0 0 0 1 e 12LyKaJaLu.2097     
3117.464850 0.001000   1.000e-03   28 2 1 1 0 3 e 27 0 0 0 0 1 e 12LyKaJaLu.2098     
3118.190660 0.001000   1.000e-03   29 2 1 1 0 3 e 28 0 0 0 0 1 e 12LyKaJaLu.2099     
3118.919170 0.001000   1.000e-03   30 2 1 1 0 3 e 29 0 0 0 0 1 e 12LyKaJaLu.2100     
3119.645300 0.001000   1.000e-03   31 2 1 1 0 3 e 30 0 0 0 0 1 e 12LyKaJaLu.2101     
3120.373050 0.001000   1.000e-03   32 2 1 1 0 3 e 31 0 0 0 0 1 e 12LyKaJaLu.2102     
3121.100130 0.001000   1.000e-03   33 2 1 1 0 3 e 32 0 0 0 0 1 e 12LyKaJaLu.2103     
3121.827740 0.001000   1.000e-03   34 2 1 1 0 3 e 33 0 0 0 0 1 e 12LyKaJaLu.2104     
3122.556840 0.001000   1.000e-03   35 2 1 1 0 3 e 34 0 0 0 0 1 e 12LyKaJaLu.2105     
3123.284590 0.001000   1.000e-03   36 2 1 1 0 3 e 35 0 0 0 0 1 e 12LyKaJaLu.2106     
3124.012600 0.001000   1.000e-03   37 2 1 1 0 3 e 36 0 0 0 0 1 e 12LyKaJaLu.2107     
3124.740170 0.001000   1.000e-03   38 2 1 1 0 3 e 37 0 0 0 0 1 e 12LyKaJaLu.2108     
3125.467830 0.001000   1.000e-03   39 2 1 1 0 3 e 38 0 0 0 0 1 e 12LyKaJaLu.2109     
3126.196660 0.001000   1.000e-03   40 2 1 1 0 3 e 39 0 0 0 0 1 e 12LyKaJaLu.2110     
3126.925400 0.001000   1.000e-03   41 2 1 1 0 3 e 40 0 0 0 0 1 e 12LyKaJaLu.2111     
3127.655120 0.001000   1.000e-03   42 2 1 1 0 3 e 41 0 0 0 0 1 e 12LyKaJaLu.2112     
3128.381320 0.001000   1.000e-03   43 2 1 1 0 3 e 42 0 0 0 0 1 e 12LyKaJaLu.2113     
3129.111560 0.001000   1.000e-03   44 2 1 1 0 3 e 43 0 0 0 0 1 e 12LyKaJaLu.2114     
3129.838500 0.001000   1.000e-03   45 2 1 1 0 3 e 44 0 0 0 0 1 e 12LyKaJaLu.2115     
3130.567330 0.001000   1.000e-03   46 2 1 1 0 3 e 45 0 0 0 0 1 e 12LyKaJaLu.2116     
3131.295750 0.001000   1.000e-03   47 2 1 1 0 3 e 46 0 0 0 0 1 e 12LyKaJaLu.2117     
3132.022150 0.001000   1.000e-03   48 2 1 1 0 3 e 47 0 0 0 0 1 e 12LyKaJaLu.2118     
3256.128710 0.001000   1.000e-03   7 2 1 1 0 2 e  6 0 0 0 0 1 e  12LyKaJaLu.2119     
3256.843410 0.001000   1.025e-03   8 2 1 1 0 2 e  7 0 0 0 0 1 e  12LyKaJaLu.2120     
3257.559050 0.001000   1.000e-03   9 2 1 1 0 2 e  8 0 0 0 0 1 e  12LyKaJaLu.2121     
3258.272810 0.001000   1.000e-03   10 2 1 1 0 2 e 9 0 0 0 0 1 e  12LyKaJaLu.2122     
3258.988770 0.001000   1.000e-03   11 2 1 1 0 2 e 10 0 0 0 0 1 e 12LyKaJaLu.2123     
3259.702450 0.001000   1.000e-03   12 2 1 1 0 2 e 11 0 0 0 0 1 e 12LyKaJaLu.2124     
3260.418430 0.001000   1.000e-03   13 2 1 1 0 2 e 12 0 0 0 0 1 e 12LyKaJaLu.2125     
3261.133970 0.001000   1.000e-03   14 2 1 1 0 2 e 13 0 0 0 0 1 e 12LyKaJaLu.2126     
3261.849890 0.001000   1.000e-03   15 2 1 1 0 2 e 14 0 0 0 0 1 e 12LyKaJaLu.2127     
3262.564120 0.001000   1.000e-03   16 2 1 1 0 2 e 15 0 0 0 0 1 e 12LyKaJaLu.2128     
3263.278900 0.001000   1.000e-03   17 2 1 1 0 2 e 16 0 0 0 0 1 e 12LyKaJaLu.2129     
3263.994270 0.001000   1.000e-03   18 2 1 1 0 2 e 17 0 0 0 0 1 e 12LyKaJaLu.2130     
3264.710200 0.001000   1.000e-03   19 2 1 1 0 2 e 18 0 0 0 0 1 e 12LyKaJaLu.2131     
3265.425770 0.001000   1.000e-03   20 2 1 1 0 2 e 19 0 0 0 0 1 e 12LyKaJaLu.2132     
3266.140880 0.001000   1.000e-03   21 2 1 1 0 2 e 20 0 0 0 0 1 e 12LyKaJaLu.2133     
3266.856830 0.001000   1.000e-03   22 2 1 1 0 2 e 21 0 0 0 0 1 e 12LyKaJaLu.2134     
3267.572110 0.001000   1.000e-03   23 2 1 1 0 2 e 22 0 0 0 0 1 e 12LyKaJaLu.2135     
3268.288180 0.001000   1.000e-03   24 2 1 1 0 2 e 23 0 0 0 0 1 e 12LyKaJaLu.2136     
3269.003750 0.001000   1.000e-03   25 2 1 1 0 2 e 24 0 0 0 0 1 e 12LyKaJaLu.2137     
3269.719190 0.001000   1.000e-03   26 2 1 1 0 2 e 25 0 0 0 0 1 e 12LyKaJaLu.2138     
3270.435590 0.001000   1.000e-03   27 2 1 1 0 2 e 26 0 0 0 0 1 e 12LyKaJaLu.2139     
3271.151190 0.001000   1.000e-03   28 2 1 1 0 2 e 27 0 0 0 0 1 e 12LyKaJaLu.2140     
3271.867030 0.001000   1.000e-03   29 2 1 1 0 2 e 28 0 0 0 0 1 e 12LyKaJaLu.2141     
3272.583110 0.001000   1.000e-03   30 2 1 1 0 2 e 29 0 0 0 0 1 e 12LyKaJaLu.2142     
3273.299110 0.001000   1.000e-03   31 2 1 1 0 2 e 30 0 0 0 0 1 e 12LyKaJaLu.2143     
3274.014850 0.001000   1.000e-03   32 2 1 1 0 2 e 31 0 0 0 0 1 e 12LyKaJaLu.2144     
3274.730990 0.001000   1.000e-03   33 2 1 1 0 2 e 32 0 0 0 0 1 e 12LyKaJaLu.2145     
3275.446930 0.001000   1.000e-03   34 2 1 1 0 2 e 33 0 0 0 0 1 e 12LyKaJaLu.2146     
3276.163200 0.001000   1.000e-03   35 2 1 1 0 2 e 34 0 0 0 0 1 e 12LyKaJaLu.2147     
3276.879270 0.001000   1.000e-03   36 2 1 1 0 2 e 35 0 0 0 0 1 e 12LyKaJaLu.2148     
3277.595250 0.001000   1.000e-03   37 2 1 1 0 2 e 36 0 0 0 0 1 e 12LyKaJaLu.2149     
3278.313170 0.001000   1.610e-03   38 2 1 1 0 2 e 37 0 0 0 0 1 e 12LyKaJaLu.2150     
3279.029270 0.001000   1.280e-03   39 2 1 1 0 2 e 38 0 0 0 0 1 e 12LyKaJaLu.2151     
3279.743660 0.001000   1.000e-03   40 2 1 1 0 2 e 39 0 0 0 0 1 e 12LyKaJaLu.2152     
3280.460600 0.001000   1.000e-03   41 2 1 1 0 2 e 40 0 0 0 0 1 e 12LyKaJaLu.2153     
3281.176150 0.001000   1.000e-03   42 2 1 1 0 2 e 41 0 0 0 0 1 e 12LyKaJaLu.2154     
3281.892660 0.001000   1.000e-03   43 2 1 1 0 2 e 42 0 0 0 0 1 e 12LyKaJaLu.2155     
3282.608990 0.001000   1.000e-03   44 2 1 1 0 2 e 43 0 0 0 0 1 e 12LyKaJaLu.2156     
3283.325450 0.001000   1.000e-03   45 2 1 1 0 2 e 44 0 0 0 0 1 e 12LyKaJaLu.2157     
3284.041160 0.001000   1.000e-03   46 2 1 1 0 2 e 45 0 0 0 0 1 e 12LyKaJaLu.2158     
3284.758180 0.001000   1.000e-03   47 2 1 1 0 2 e 46 0 0 0 0 1 e 12LyKaJaLu.2159     
3285.474620 0.001000   1.000e-03   48 2 1 1 0 2 e 47 0 0 0 0 1 e 12LyKaJaLu.2160     
3286.191350 0.001000   1.000e-03   49 2 1 1 0 2 e 48 0 0 0 0 1 e 12LyKaJaLu.2161     
3286.906550 0.001000   1.000e-03   50 2 1 1 0 2 e 49 0 0 0 0 1 e 12LyKaJaLu.2162     
3287.624280 0.001000   1.000e-03   51 2 1 1 0 2 e 50 0 0 0 0 1 e 12LyKaJaLu.2163     
3288.341330 0.001000   1.000e-03   52 2 1 1 0 2 e 51 0 0 0 0 1 e 12LyKaJaLu.2164     
3289.056430 0.001000   1.000e-03   53 2 1 1 0 2 e 52 0 0 0 0 1 e 12LyKaJaLu.2165     
3289.775770 0.001000   1.000e-03   54 2 1 1 0 2 e 53 0 0 0 0 1 e 12LyKaJaLu.2166     
3290.487490 0.001000   1.000e-03   55 2 1 1 0 2 e 54 0 0 0 0 1 e 12LyKaJaLu.2167     
2305.485760 0.001000   1.000e-03   4 1 0 0 1 2 e  3 1 0 0 0 2 e  12LyKaJaLu.2168     
2307.527530 0.001000   1.000e-03   7 1 0 0 1 2 e  6 1 0 0 0 2 e  12LyKaJaLu.2169     
2308.861010 0.001000   1.000e-03   9 1 0 0 1 2 e  8 1 0 0 0 2 e  12LyKaJaLu.2170     
2310.820630 0.001000   1.000e-03   12 1 0 0 1 2 e 11 1 0 0 0 2 e 12LyKaJaLu.2171     
2311.462950 0.001000   1.000e-03   13 1 0 0 1 2 e 12 1 0 0 0 2 e 12LyKaJaLu.2172     
2312.728350 0.001000   1.732e-03   15 1 0 0 1 2 e 14 1 0 0 0 2 e 12LyKaJaLu.2173     
2313.357190 0.001000   1.216e-03   16 1 0 0 1 2 e 15 1 0 0 0 2 e 12LyKaJaLu.2174     
2313.975640 0.001000   1.000e-03   17 1 0 0 1 2 e 16 1 0 0 0 2 e 12LyKaJaLu.2175     
2314.588830 0.001000   1.638e-03   18 1 0 0 1 2 e 17 1 0 0 0 2 e 12LyKaJaLu.2176     
2315.201240 0.001000   1.646e-03   19 1 0 0 1 2 e 18 1 0 0 0 2 e 12LyKaJaLu.2177     
2316.992780 0.001000   1.000e-03   22 1 0 0 1 2 e 21 1 0 0 0 2 e 12LyKaJaLu.2178     
2317.580970 0.001000   1.000e-03   23 1 0 0 1 2 e 22 1 0 0 0 2 e 12LyKaJaLu.2179     
2318.157760 0.001000   3.544e-03   24 1 0 0 1 2 e 23 1 0 0 0 2 e 12LyKaJaLu.2180     
2318.736310 0.001000   1.000e-03   25 1 0 0 1 2 e 24 1 0 0 0 2 e 12LyKaJaLu.2181     
2319.871570 0.001000   1.000e-03   27 1 0 0 1 2 e 26 1 0 0 0 2 e 12LyKaJaLu.2182     
2320.430770 0.001000   1.000e-03   28 1 0 0 1 2 e 27 1 0 0 0 2 e 12LyKaJaLu.2183     
2320.984460 0.001000   1.000e-03   29 1 0 0 1 2 e 28 1 0 0 0 2 e 12LyKaJaLu.2184     
2321.532340 0.001000   1.000e-03   30 1 0 0 1 2 e 29 1 0 0 0 2 e 12LyKaJaLu.2185     
2322.074540 0.001000   1.000e-03   31 1 0 0 1 2 e 30 1 0 0 0 2 e 12LyKaJaLu.2186     
2322.611300 0.001000   1.000e-03   32 1 0 0 1 2 e 31 1 0 0 0 2 e 12LyKaJaLu.2187     
2323.668410 0.001000   1.000e-03   34 1 0 0 1 2 e 33 1 0 0 0 2 e 12LyKaJaLu.2188     
2324.702350 0.001000   1.000e-03   36 1 0 0 1 2 e 35 1 0 0 0 2 e 12LyKaJaLu.2189     
2325.210440 0.001000   1.000e-03   37 1 0 0 1 2 e 36 1 0 0 0 2 e 12LyKaJaLu.2190     
2325.713210 0.001000   1.243e-03   38 1 0 0 1 2 e 37 1 0 0 0 2 e 12LyKaJaLu.2191     
2326.211780 0.001000   1.000e-03   39 1 0 0 1 2 e 38 1 0 0 0 2 e 12LyKaJaLu.2192     
2326.703580 0.001000   1.000e-03   40 1 0 0 1 2 e 39 1 0 0 0 2 e 12LyKaJaLu.2193     
2327.672220 0.001000   1.000e-03   42 1 0 0 1 2 e 41 1 0 0 0 2 e 12LyKaJaLu.2194     
2329.538850 0.001000   1.000e-03   46 1 0 0 1 2 e 45 1 0 0 0 2 e 12LyKaJaLu.2195     
2329.992470 0.001000   1.799e-03   47 1 0 0 1 2 e 46 1 0 0 0 2 e 12LyKaJaLu.2196     
2330.880340 0.001000   1.231e-03   49 1 0 0 1 2 e 48 1 0 0 0 2 e 12LyKaJaLu.2197     
3547.988910 0.001000   1.000e-03   1 1 0 0 1 2 e  0 0 0 0 0 1 e  12LyKaJaLu.2198     
3548.691030 0.001000   1.000e-03   2 1 0 0 1 2 e  1 0 0 0 0 1 e  12LyKaJaLu.2199     
3549.387310 0.001000   1.000e-03   3 1 0 0 1 2 e  2 0 0 0 0 1 e  12LyKaJaLu.2200     
3550.077720 0.001000   1.000e-03   4 1 0 0 1 2 e  3 0 0 0 0 1 e  12LyKaJaLu.2201     
3550.762250 0.001000   1.000e-03   5 1 0 0 1 2 e  4 0 0 0 0 1 e  12LyKaJaLu.2202     
3551.441010 0.001000   1.000e-03   6 1 0 0 1 2 e  5 0 0 0 0 1 e  12LyKaJaLu.2203     
3552.113700 0.001000   1.000e-03   7 1 0 0 1 2 e  6 0 0 0 0 1 e  12LyKaJaLu.2204     
3552.780920 0.001000   1.000e-03   8 1 0 0 1 2 e  7 0 0 0 0 1 e  12LyKaJaLu.2205     
3553.441490 0.001000   1.000e-03   9 1 0 0 1 2 e  8 0 0 0 0 1 e  12LyKaJaLu.2206     
3554.096650 0.001000   1.000e-03   10 1 0 0 1 2 e 9 0 0 0 0 1 e  12LyKaJaLu.2207     
3554.745780 0.001000   1.000e-03   11 1 0 0 1 2 e 10 0 0 0 0 1 e 12LyKaJaLu.2208     
3555.389090 0.001000   1.000e-03   12 1 0 0 1 2 e 11 0 0 0 0 1 e 12LyKaJaLu.2209     
3556.029980 0.001000   3.640e-03   13 1 0 0 1 2 e 12 0 0 0 0 1 e 12LyKaJaLu.2210     
3556.657790 0.001000   1.000e-03   14 1 0 0 1 2 e 13 0 0 0 0 1 e 12LyKaJaLu.2211     
3557.283320 0.001000   1.000e-03   15 1 0 0 1 2 e 14 0 0 0 0 1 e 12LyKaJaLu.2212     
3557.902780 0.001000   1.000e-03   16 1 0 0 1 2 e 15 0 0 0 0 1 e 12LyKaJaLu.2213     
3558.516460 0.001000   1.000e-03   17 1 0 0 1 2 e 16 0 0 0 0 1 e 12LyKaJaLu.2214     
3559.124020 0.001000   1.000e-03   18 1 0 0 1 2 e 17 0 0 0 0 1 e 12LyKaJaLu.2215     
3559.725740 0.001000   1.000e-03   19 1 0 0 1 2 e 18 0 0 0 0 1 e 12LyKaJaLu.2216     
3560.321430 0.001000   1.000e-03   20 1 0 0 1 2 e 19 0 0 0 0 1 e 12LyKaJaLu.2217     
3560.911130 0.001000   1.000e-03   21 1 0 0 1 2 e 20 0 0 0 0 1 e 12LyKaJaLu.2218     
3561.494670 0.001000   1.000e-03   22 1 0 0 1 2 e 21 0 0 0 0 1 e 12LyKaJaLu.2219     
3562.072300 0.001000   1.000e-03   23 1 0 0 1 2 e 22 0 0 0 0 1 e 12LyKaJaLu.2220     
3562.643930 0.001000   1.000e-03   24 1 0 0 1 2 e 23 0 0 0 0 1 e 12LyKaJaLu.2221     
3563.210100 0.001000   1.000e-03   25 1 0 0 1 2 e 24 0 0 0 0 1 e 12LyKaJaLu.2222     
3563.769110 0.001000   1.000e-03   26 1 0 0 1 2 e 25 0 0 0 0 1 e 12LyKaJaLu.2223     
3564.322400 0.001000   1.000e-03   27 1 0 0 1 2 e 26 0 0 0 0 1 e 12LyKaJaLu.2224     
3564.870030 0.001000   1.000e-03   28 1 0 0 1 2 e 27 0 0 0 0 1 e 12LyKaJaLu.2225     
3565.411370 0.001000   1.000e-03   29 1 0 0 1 2 e 28 0 0 0 0 1 e 12LyKaJaLu.2226     
3565.946470 0.001000   1.000e-03   30 1 0 0 1 2 e 29 0 0 0 0 1 e 12LyKaJaLu.2227     
3566.475700 0.001000   1.000e-03   31 1 0 0 1 2 e 30 0 0 0 0 1 e 12LyKaJaLu.2228     
3566.998170 0.001000   1.000e-03   32 1 0 0 1 2 e 31 0 0 0 0 1 e 12LyKaJaLu.2229     
3567.515530 0.001000   1.000e-03   33 1 0 0 1 2 e 32 0 0 0 0 1 e 12LyKaJaLu.2230     
3568.026010 0.001000   1.000e-03   34 1 0 0 1 2 e 33 0 0 0 0 1 e 12LyKaJaLu.2231     
3568.530820 0.001000   1.000e-03   35 1 0 0 1 2 e 34 0 0 0 0 1 e 12LyKaJaLu.2232     
3569.029190 0.001000   1.000e-03   36 1 0 0 1 2 e 35 0 0 0 0 1 e 12LyKaJaLu.2233     
3569.521360 0.001000   1.000e-03   37 1 0 0 1 2 e 36 0 0 0 0 1 e 12LyKaJaLu.2234     
3570.007170 0.001000   1.000e-03   38 1 0 0 1 2 e 37 0 0 0 0 1 e 12LyKaJaLu.2235     
3570.486970 0.001000   1.000e-03   39 1 0 0 1 2 e 38 0 0 0 0 1 e 12LyKaJaLu.2236     
3570.960460 0.001000   1.000e-03   40 1 0 0 1 2 e 39 0 0 0 0 1 e 12LyKaJaLu.2237     
3571.427830 0.001000   1.000e-03   41 1 0 0 1 2 e 40 0 0 0 0 1 e 12LyKaJaLu.2238     
3571.888450 0.001000   1.000e-03   42 1 0 0 1 2 e 41 0 0 0 0 1 e 12LyKaJaLu.2239     
3572.343230 0.001000   1.000e-03   43 1 0 0 1 2 e 42 0 0 0 0 1 e 12LyKaJaLu.2240     
3572.791510 0.001000   1.000e-03   44 1 0 0 1 2 e 43 0 0 0 0 1 e 12LyKaJaLu.2241     
3573.233380 0.001000   1.000e-03   45 1 0 0 1 2 e 44 0 0 0 0 1 e 12LyKaJaLu.2242     
3573.669260 0.001000   1.000e-03   46 1 0 0 1 2 e 45 0 0 0 0 1 e 12LyKaJaLu.2243     
3574.098540 0.001000   1.000e-03   47 1 0 0 1 2 e 46 0 0 0 0 1 e 12LyKaJaLu.2244     
3574.521060 0.001000   1.000e-03   48 1 0 0 1 2 e 47 0 0 0 0 1 e 12LyKaJaLu.2245     
3574.937840 0.001000   1.000e-03   49 1 0 0 1 2 e 48 0 0 0 0 1 e 12LyKaJaLu.2246     
3575.344980 0.001000   2.901e-03   50 1 0 0 1 2 e 49 0 0 0 0 1 e 12LyKaJaLu.2247     
3575.751170 0.001000   1.000e-03   51 1 0 0 1 2 e 50 0 0 0 0 1 e 12LyKaJaLu.2248     
3576.148350 0.001000   1.000e-03   52 1 0 0 1 2 e 51 0 0 0 0 1 e 12LyKaJaLu.2249     
3576.538690 0.001000   1.000e-03   53 1 0 0 1 2 e 52 0 0 0 0 1 e 12LyKaJaLu.2250     
3576.924330 0.001000   1.000e-03   54 1 0 0 1 2 e 53 0 0 0 0 1 e 12LyKaJaLu.2251     
3577.301310 0.001000   1.000e-03   55 1 0 0 1 2 e 54 0 0 0 0 1 e 12LyKaJaLu.2252     
3577.672060 0.001000   1.000e-03   56 1 0 0 1 2 e 55 0 0 0 0 1 e 12LyKaJaLu.2253     
3578.036950 0.001000   1.000e-03   57 1 0 0 1 2 e 56 0 0 0 0 1 e 12LyKaJaLu.2254     
3578.394570 0.001000   1.000e-03   58 1 0 0 1 2 e 57 0 0 0 0 1 e 12LyKaJaLu.2255     
3578.753340 0.001000   7.330e-03   59 1 0 0 1 2 e 58 0 0 0 0 1 e 12LyKaJaLu.2256     
3579.091290 0.001000   1.000e-03   60 1 0 0 1 2 e 59 0 0 0 0 1 e 12LyKaJaLu.2257     
3579.760510 0.001000   1.000e-03   62 1 0 0 1 2 e 61 0 0 0 0 1 e 12LyKaJaLu.2258     
3580.401120 0.001000   2.752e-03   64 1 0 0 1 2 e 63 0 0 0 0 1 e 12LyKaJaLu.2259     
3581.608770 0.001000   1.000e-03   68 1 0 0 1 2 e 67 0 0 0 0 1 e 12LyKaJaLu.2260     
3581.893740 0.001000   1.073e-03   69 1 0 0 1 2 e 68 0 0 0 0 1 e 12LyKaJaLu.2261     
3582.167380 0.001000   2.475e-03   70 1 0 0 1 2 e 69 0 0 0 0 1 e 12LyKaJaLu.2262     
3582.442210 0.001000   1.043e-03   71 1 0 0 1 2 e 70 0 0 0 0 1 e 12LyKaJaLu.2263     
3582.703280 0.001000   1.018e-03   72 1 0 0 1 2 e 71 0 0 0 0 1 e 12LyKaJaLu.2264     
2299.950550 0.001000   1.000e-03   3 0 2 2 1 1 e  2 0 2 2 0 1 e  12LyKaJaLu.2265     
2300.645150 0.001000   1.000e-03   4 0 2 2 1 1 e  3 0 2 2 0 1 e  12LyKaJaLu.2266     
2302.017580 0.001000   1.000e-03   6 0 2 2 1 1 e  5 0 2 2 0 1 e  12LyKaJaLu.2267     
2302.694700 0.001000   1.000e-03   7 0 2 2 1 1 e  6 0 2 2 0 1 e  12LyKaJaLu.2268     
2303.366400 0.001000   1.000e-03   8 0 2 2 1 1 e  7 0 2 2 0 1 e  12LyKaJaLu.2269     
2304.033840 0.001000   1.000e-03   9 0 2 2 1 1 e  8 0 2 2 0 1 e  12LyKaJaLu.2270     
2304.694750 0.001000   1.000e-03   10 0 2 2 1 1 e 9 0 2 2 0 1 e  12LyKaJaLu.2271     
2305.350650 0.001000   1.000e-03   11 0 2 2 1 1 e 10 0 2 2 0 1 e 12LyKaJaLu.2272     
2306.000280 0.001000   1.000e-03   12 0 2 2 1 1 e 11 0 2 2 0 1 e 12LyKaJaLu.2273     
2306.644230 0.001000   1.000e-03   13 0 2 2 1 1 e 12 0 2 2 0 1 e 12LyKaJaLu.2274     
2307.283990 0.001000   1.000e-03   14 0 2 2 1 1 e 13 0 2 2 0 1 e 12LyKaJaLu.2275     
2308.543930 0.001000   1.036e-03   16 0 2 2 1 1 e 15 0 2 2 0 1 e 12LyKaJaLu.2276     
2309.165950 0.001000   1.000e-03   17 0 2 2 1 1 e 16 0 2 2 0 1 e 12LyKaJaLu.2277     
2309.782660 0.001000   1.000e-03   18 0 2 2 1 1 e 17 0 2 2 0 1 e 12LyKaJaLu.2278     
2310.389590 0.001000   1.367e-03   19 0 2 2 1 1 e 18 0 2 2 0 1 e 12LyKaJaLu.2279     
2310.997750 0.001000   1.000e-03   20 0 2 2 1 1 e 19 0 2 2 0 1 e 12LyKaJaLu.2280     
2311.597410 0.001000   1.000e-03   21 0 2 2 1 1 e 20 0 2 2 0 1 e 12LyKaJaLu.2281     
2312.193040 0.001000   1.000e-03   22 0 2 2 1 1 e 21 0 2 2 0 1 e 12LyKaJaLu.2282     
2312.777680 0.001000   1.827e-03   23 0 2 2 1 1 e 22 0 2 2 0 1 e 12LyKaJaLu.2283     
2313.362310 0.001000   1.000e-03   24 0 2 2 1 1 e 23 0 2 2 0 1 e 12LyKaJaLu.2284     
2313.941440 0.001000   1.000e-03   25 0 2 2 1 1 e 24 0 2 2 0 1 e 12LyKaJaLu.2285     
2314.511740 0.001000   1.000e-03   26 0 2 2 1 1 e 25 0 2 2 0 1 e 12LyKaJaLu.2286     
2315.078710 0.001000   1.000e-03   27 0 2 2 1 1 e 26 0 2 2 0 1 e 12LyKaJaLu.2287     
2315.633530 0.001000   1.000e-03   28 0 2 2 1 1 e 27 0 2 2 0 1 e 12LyKaJaLu.2288     
2316.193580 0.001000   1.000e-03   29 0 2 2 1 1 e 28 0 2 2 0 1 e 12LyKaJaLu.2289     
2317.287780 0.001000   1.000e-03   31 0 2 2 1 1 e 30 0 2 2 0 1 e 12LyKaJaLu.2290     
2317.824180 0.001000   1.000e-03   32 0 2 2 1 1 e 31 0 2 2 0 1 e 12LyKaJaLu.2291     
2318.357840 0.001000   1.325e-03   33 0 2 2 1 1 e 32 0 2 2 0 1 e 12LyKaJaLu.2292     
2318.882170 0.001000   1.000e-03   34 0 2 2 1 1 e 33 0 2 2 0 1 e 12LyKaJaLu.2293     
2319.407000 0.001000   1.834e-03   35 0 2 2 1 1 e 34 0 2 2 0 1 e 12LyKaJaLu.2294     
2320.430780 0.001000   1.166e-03   37 0 2 2 1 1 e 36 0 2 2 0 1 e 12LyKaJaLu.2295     
2320.934320 0.001000   1.000e-03   38 0 2 2 1 1 e 37 0 2 2 0 1 e 12LyKaJaLu.2296     
2321.927190 0.001000   2.076e-03   40 0 2 2 1 1 e 39 0 2 2 0 1 e 12LyKaJaLu.2297     
2322.413680 0.001000   1.000e-03   41 0 2 2 1 1 e 40 0 2 2 0 1 e 12LyKaJaLu.2298     
2324.305740 0.001000   1.000e-03   45 0 2 2 1 1 e 44 0 2 2 0 1 e 12LyKaJaLu.2299     
2324.766180 0.001000   1.000e-03   46 0 2 2 1 1 e 45 0 2 2 0 1 e 12LyKaJaLu.2300     
2325.666550 0.001000   1.000e-03   48 0 2 2 1 1 e 47 0 2 2 0 1 e 12LyKaJaLu.2301     
2299.950550 0.001000   1.000e-03   3 0 2 2 1 1 f  2 0 2 2 0 1 f  12LyKaJaLu.2302     
2300.645150 0.001000   1.000e-03   4 0 2 2 1 1 f  3 0 2 2 0 1 f  12LyKaJaLu.2303     
2302.017580 0.001000   1.000e-03   6 0 2 2 1 1 f  5 0 2 2 0 1 f  12LyKaJaLu.2304     
2302.694700 0.001000   1.000e-03   7 0 2 2 1 1 f  6 0 2 2 0 1 f  12LyKaJaLu.2305     
2303.366400 0.001000   1.000e-03   8 0 2 2 1 1 f  7 0 2 2 0 1 f  12LyKaJaLu.2306     
2304.033840 0.001000   1.000e-03   9 0 2 2 1 1 f  8 0 2 2 0 1 f  12LyKaJaLu.2307     
2304.694750 0.001000   1.000e-03   10 0 2 2 1 1 f 9 0 2 2 0 1 f  12LyKaJaLu.2308     
2305.350650 0.001000   1.000e-03   11 0 2 2 1 1 f 10 0 2 2 0 1 f 12LyKaJaLu.2309     
2306.000280 0.001000   1.000e-03   12 0 2 2 1 1 f 11 0 2 2 0 1 f 12LyKaJaLu.2310     
2306.644230 0.001000   1.000e-03   13 0 2 2 1 1 f 12 0 2 2 0 1 f 12LyKaJaLu.2311     
2307.283990 0.001000   1.000e-03   14 0 2 2 1 1 f 13 0 2 2 0 1 f 12LyKaJaLu.2312     
2308.543930 0.001000   1.047e-03   16 0 2 2 1 1 f 15 0 2 2 0 1 f 12LyKaJaLu.2313     
2309.165950 0.001000   1.000e-03   17 0 2 2 1 1 f 16 0 2 2 0 1 f 12LyKaJaLu.2314     
2309.782140 0.001000   1.000e-03   18 0 2 2 1 1 f 17 0 2 2 0 1 f 12LyKaJaLu.2315     
2310.389590 0.001000   1.809e-03   19 0 2 2 1 1 f 18 0 2 2 0 1 f 12LyKaJaLu.2316     
2310.997950 0.001000   1.000e-03   20 0 2 2 1 1 f 19 0 2 2 0 1 f 12LyKaJaLu.2317     
2311.597410 0.001000   1.130e-03   21 0 2 2 1 1 f 20 0 2 2 0 1 f 12LyKaJaLu.2318     
2312.193040 0.001000   1.000e-03   22 0 2 2 1 1 f 21 0 2 2 0 1 f 12LyKaJaLu.2319     
2312.778930 0.001000   1.000e-03   23 0 2 2 1 1 f 22 0 2 2 0 1 f 12LyKaJaLu.2320     
2313.362310 0.001000   1.000e-03   24 0 2 2 1 1 f 23 0 2 2 0 1 f 12LyKaJaLu.2321     
2313.941440 0.001000   1.000e-03   25 0 2 2 1 1 f 24 0 2 2 0 1 f 12LyKaJaLu.2322     
2314.512540 0.001000   1.000e-03   26 0 2 2 1 1 f 25 0 2 2 0 1 f 12LyKaJaLu.2323     
2315.078710 0.001000   1.000e-03   27 0 2 2 1 1 f 26 0 2 2 0 1 f 12LyKaJaLu.2324     
2315.643540 0.001000   1.000e-03   28 0 2 2 1 1 f 27 0 2 2 0 1 f 12LyKaJaLu.2325     
2316.193580 0.001000   1.000e-03   29 0 2 2 1 1 f 28 0 2 2 0 1 f 12LyKaJaLu.2326     
2317.287780 0.001000   1.000e-03   31 0 2 2 1 1 f 30 0 2 2 0 1 f 12LyKaJaLu.2327     
2317.824180 0.001000   1.000e-03   32 0 2 2 1 1 f 31 0 2 2 0 1 f 12LyKaJaLu.2328     
2318.358050 0.001000   1.000e-03   33 0 2 2 1 1 f 32 0 2 2 0 1 f 12LyKaJaLu.2329     
2318.882170 0.001000   1.168e-03   34 0 2 2 1 1 f 33 0 2 2 0 1 f 12LyKaJaLu.2330     
2319.407000 0.001000   1.325e-03   35 0 2 2 1 1 f 34 0 2 2 0 1 f 12LyKaJaLu.2331     
2320.431150 0.001000   1.000e-03   37 0 2 2 1 1 f 36 0 2 2 0 1 f 12LyKaJaLu.2332     
2320.934320 0.001000   1.000e-03   38 0 2 2 1 1 f 37 0 2 2 0 1 f 12LyKaJaLu.2333     
2321.925730 0.001000   1.000e-03   40 0 2 2 1 1 f 39 0 2 2 0 1 f 12LyKaJaLu.2334     
2322.413680 0.001000   1.000e-03   41 0 2 2 1 1 f 40 0 2 2 0 1 f 12LyKaJaLu.2335     
2324.305740 0.001000   1.000e-03   45 0 2 2 1 1 f 44 0 2 2 0 1 f 12LyKaJaLu.2336     
2324.766180 0.001000   1.000e-03   46 0 2 2 1 1 f 45 0 2 2 0 1 f 12LyKaJaLu.2337     
2325.666550 0.001000   1.000e-03   48 0 2 2 1 1 f 47 0 2 2 0 1 f 12LyKaJaLu.2338     
2300.177020 0.001000   1.000e-03   1 1 0 0 1 1 e  0 1 0 0 0 1 e  12LyKaJaLu.2339     
2300.879240 0.001000   1.000e-03   2 1 0 0 1 1 e  1 1 0 0 0 1 e  12LyKaJaLu.2340     
2302.956030 0.001000   1.000e-03   5 1 0 0 1 1 e  4 1 0 0 0 1 e  12LyKaJaLu.2341     
2304.311410 0.001000   1.000e-03   7 1 0 0 1 1 e  6 1 0 0 0 1 e  12LyKaJaLu.2342     
2306.303560 0.001000   1.000e-03   10 1 0 0 1 1 e 9 1 0 0 0 1 e  12LyKaJaLu.2343     
2307.601920 0.001000   1.000e-03   12 1 0 0 1 1 e 11 1 0 0 0 1 e 12LyKaJaLu.2344     
2308.241620 0.001000   1.167e-03   13 1 0 0 1 1 e 12 1 0 0 0 1 e 12LyKaJaLu.2345     
2310.131960 0.001000   1.679e-03   16 1 0 0 1 1 e 15 1 0 0 0 1 e 12LyKaJaLu.2346     
2310.746920 0.001000   1.811e-03   17 1 0 0 1 1 e 16 1 0 0 0 1 e 12LyKaJaLu.2347     
2311.361000 0.001000   1.000e-03   18 1 0 0 1 1 e 17 1 0 0 0 1 e 12LyKaJaLu.2348     
2312.567790 0.001000   1.000e-03   20 1 0 0 1 1 e 19 1 0 0 0 1 e 12LyKaJaLu.2349     
2313.752650 0.001000   1.000e-03   22 1 0 0 1 1 e 21 1 0 0 0 1 e 12LyKaJaLu.2350     
2314.914320 0.001000   1.000e-03   24 1 0 0 1 1 e 23 1 0 0 0 1 e 12LyKaJaLu.2351     
2315.486100 0.001000   1.000e-03   25 1 0 0 1 1 e 24 1 0 0 0 1 e 12LyKaJaLu.2352     
2316.051040 0.001000   1.026e-03   26 1 0 0 1 1 e 25 1 0 0 0 1 e 12LyKaJaLu.2353     
2316.612890 0.001000   1.000e-03   27 1 0 0 1 1 e 26 1 0 0 0 1 e 12LyKaJaLu.2354     
2317.167210 0.001000   1.000e-03   28 1 0 0 1 1 e 27 1 0 0 0 1 e 12LyKaJaLu.2355     
2317.717460 0.001000   1.000e-03   29 1 0 0 1 1 e 28 1 0 0 0 1 e 12LyKaJaLu.2356     
2319.327640 0.001000   2.112e-03   32 1 0 0 1 1 e 31 1 0 0 0 1 e 12LyKaJaLu.2357     
2319.856680 0.001000   1.000e-03   33 1 0 0 1 1 e 32 1 0 0 0 1 e 12LyKaJaLu.2358     
2320.375960 0.001000   1.000e-03   34 1 0 0 1 1 e 33 1 0 0 0 1 e 12LyKaJaLu.2359     
2320.891270 0.001000   1.000e-03   35 1 0 0 1 1 e 34 1 0 0 0 1 e 12LyKaJaLu.2360     
2321.903430 0.001000   1.000e-03   37 1 0 0 1 1 e 36 1 0 0 0 1 e 12LyKaJaLu.2361     
2322.401220 0.001000   1.000e-03   38 1 0 0 1 1 e 37 1 0 0 0 1 e 12LyKaJaLu.2362     
2324.332970 0.001000   1.000e-03   42 1 0 0 1 1 e 41 1 0 0 0 1 e 12LyKaJaLu.2363     
2327.058600 0.001000   1.000e-03   48 1 0 0 1 1 e 47 1 0 0 0 1 e 12LyKaJaLu.2364     
3655.831400 0.001000   1.000e-03   1 1 0 0 1 1 e  0 0 0 0 0 1 e  12LyKaJaLu.2365     
3656.535790 0.001000   1.000e-03   2 1 0 0 1 1 e  1 0 0 0 0 1 e  12LyKaJaLu.2366     
3657.235550 0.001000   1.000e-03   3 1 0 0 1 1 e  2 0 0 0 0 1 e  12LyKaJaLu.2367     
3657.930400 0.001000   1.000e-03   4 1 0 0 1 1 e  3 0 0 0 0 1 e  12LyKaJaLu.2368     
3658.620580 0.001000   1.000e-03   5 1 0 0 1 1 e  4 0 0 0 0 1 e  12LyKaJaLu.2369     
3659.306020 0.001000   1.000e-03   6 1 0 0 1 1 e  5 0 0 0 0 1 e  12LyKaJaLu.2370     
3659.986740 0.001000   1.000e-03   7 1 0 0 1 1 e  6 0 0 0 0 1 e  12LyKaJaLu.2371     
3660.662730 0.001000   1.000e-03   8 1 0 0 1 1 e  7 0 0 0 0 1 e  12LyKaJaLu.2372     
3661.334030 0.001000   1.000e-03   9 1 0 0 1 1 e  8 0 0 0 0 1 e  12LyKaJaLu.2373     
3662.000400 0.001000   1.000e-03   10 1 0 0 1 1 e 9 0 0 0 0 1 e  12LyKaJaLu.2374     
3662.662100 0.001000   1.000e-03   11 1 0 0 1 1 e 10 0 0 0 0 1 e 12LyKaJaLu.2375     
3663.319250 0.001000   1.000e-03   12 1 0 0 1 1 e 11 0 0 0 0 1 e 12LyKaJaLu.2376     
3663.971470 0.001000   1.000e-03   13 1 0 0 1 1 e 12 0 0 0 0 1 e 12LyKaJaLu.2377     
3664.618960 0.001000   1.000e-03   14 1 0 0 1 1 e 13 0 0 0 0 1 e 12LyKaJaLu.2378     
3665.261770 0.001000   1.000e-03   15 1 0 0 1 1 e 14 0 0 0 0 1 e 12LyKaJaLu.2379     
3665.901330 0.001000   1.599e-03   16 1 0 0 1 1 e 15 0 0 0 0 1 e 12LyKaJaLu.2380     
3666.533350 0.001000   1.000e-03   17 1 0 0 1 1 e 16 0 0 0 0 1 e 12LyKaJaLu.2381     
3667.161800 0.001000   1.000e-03   18 1 0 0 1 1 e 17 0 0 0 0 1 e 12LyKaJaLu.2382     
3667.785760 0.001000   1.000e-03   19 1 0 0 1 1 e 18 0 0 0 0 1 e 12LyKaJaLu.2383     
3668.404880 0.001000   1.000e-03   20 1 0 0 1 1 e 19 0 0 0 0 1 e 12LyKaJaLu.2384     
3669.019880 0.001000   1.000e-03   21 1 0 0 1 1 e 20 0 0 0 0 1 e 12LyKaJaLu.2385     
3669.629210 0.001000   1.000e-03   22 1 0 0 1 1 e 21 0 0 0 0 1 e 12LyKaJaLu.2386     
3670.234310 0.001000   1.000e-03   23 1 0 0 1 1 e 22 0 0 0 0 1 e 12LyKaJaLu.2387     
3670.834690 0.001000   1.000e-03   24 1 0 0 1 1 e 23 0 0 0 0 1 e 12LyKaJaLu.2388     
3671.430340 0.001000   1.000e-03   25 1 0 0 1 1 e 24 0 0 0 0 1 e 12LyKaJaLu.2389     
3672.021480 0.001000   1.000e-03   26 1 0 0 1 1 e 25 0 0 0 0 1 e 12LyKaJaLu.2390     
3672.607820 0.001000   1.000e-03   27 1 0 0 1 1 e 26 0 0 0 0 1 e 12LyKaJaLu.2391     
3673.189190 0.001000   1.000e-03   28 1 0 0 1 1 e 27 0 0 0 0 1 e 12LyKaJaLu.2392     
3673.767130 0.001000   1.000e-03   29 1 0 0 1 1 e 28 0 0 0 0 1 e 12LyKaJaLu.2393     
3674.339130 0.001000   1.000e-03   30 1 0 0 1 1 e 29 0 0 0 0 1 e 12LyKaJaLu.2394     
3674.906820 0.001000   1.000e-03   31 1 0 0 1 1 e 30 0 0 0 0 1 e 12LyKaJaLu.2395     
3675.469950 0.001000   1.000e-03   32 1 0 0 1 1 e 31 0 0 0 0 1 e 12LyKaJaLu.2396     
3676.028450 0.001000   1.000e-03   33 1 0 0 1 1 e 32 0 0 0 0 1 e 12LyKaJaLu.2397     
3676.583290 0.001000   1.000e-03   34 1 0 0 1 1 e 33 0 0 0 0 1 e 12LyKaJaLu.2398     
3677.676270 0.001000   1.000e-03   36 1 0 0 1 1 e 35 0 0 0 0 1 e 12LyKaJaLu.2399     
3678.216590 0.001000   1.000e-03   37 1 0 0 1 1 e 36 0 0 0 0 1 e 12LyKaJaLu.2400     
3678.752090 0.001000   1.000e-03   38 1 0 0 1 1 e 37 0 0 0 0 1 e 12LyKaJaLu.2401     
3679.283290 0.001000   1.000e-03   39 1 0 0 1 1 e 38 0 0 0 0 1 e 12LyKaJaLu.2402     
3679.809670 0.001000   1.000e-03   40 1 0 0 1 1 e 39 0 0 0 0 1 e 12LyKaJaLu.2403     
3680.331840 0.001000   1.000e-03   41 1 0 0 1 1 e 40 0 0 0 0 1 e 12LyKaJaLu.2404     
3680.849530 0.001000   1.000e-03   42 1 0 0 1 1 e 41 0 0 0 0 1 e 12LyKaJaLu.2405     
3681.362030 0.001000   1.000e-03   43 1 0 0 1 1 e 42 0 0 0 0 1 e 12LyKaJaLu.2406     
3681.870760 0.001000   1.000e-03   44 1 0 0 1 1 e 43 0 0 0 0 1 e 12LyKaJaLu.2407     
3682.374840 0.001000   1.000e-03   45 1 0 0 1 1 e 44 0 0 0 0 1 e 12LyKaJaLu.2408     
3682.873980 0.001000   1.000e-03   46 1 0 0 1 1 e 45 0 0 0 0 1 e 12LyKaJaLu.2409     
3683.369310 0.001000   1.000e-03   47 1 0 0 1 1 e 46 0 0 0 0 1 e 12LyKaJaLu.2410     
3683.860750 0.001000   1.000e-03   48 1 0 0 1 1 e 47 0 0 0 0 1 e 12LyKaJaLu.2411     
3684.346240 0.001000   1.000e-03   49 1 0 0 1 1 e 48 0 0 0 0 1 e 12LyKaJaLu.2412     
3684.828620 0.001000   1.000e-03   50 1 0 0 1 1 e 49 0 0 0 0 1 e 12LyKaJaLu.2413     
3685.306080 0.001000   1.000e-03   51 1 0 0 1 1 e 50 0 0 0 0 1 e 12LyKaJaLu.2414     
3685.778280 0.001000   1.000e-03   52 1 0 0 1 1 e 51 0 0 0 0 1 e 12LyKaJaLu.2415     
3686.247610 0.001000   1.000e-03   53 1 0 0 1 1 e 52 0 0 0 0 1 e 12LyKaJaLu.2416     
3687.172200 0.001000   1.000e-03   55 1 0 0 1 1 e 54 0 0 0 0 1 e 12LyKaJaLu.2417     
3687.627760 0.001000   1.000e-03   56 1 0 0 1 1 e 55 0 0 0 0 1 e 12LyKaJaLu.2418     
3688.079890 0.001000   1.000e-03   57 1 0 0 1 1 e 56 0 0 0 0 1 e 12LyKaJaLu.2419     
3688.527590 0.001000   1.000e-03   58 1 0 0 1 1 e 57 0 0 0 0 1 e 12LyKaJaLu.2420     
3688.970790 0.001000   1.000e-03   59 1 0 0 1 1 e 58 0 0 0 0 1 e 12LyKaJaLu.2421     
3689.404930 0.001000   4.843e-03   60 1 0 0 1 1 e 59 0 0 0 0 1 e 12LyKaJaLu.2422     
3689.843150 0.001000   1.334e-03   61 1 0 0 1 1 e 60 0 0 0 0 1 e 12LyKaJaLu.2423     
3690.274410 0.001000   1.000e-03   62 1 0 0 1 1 e 61 0 0 0 0 1 e 12LyKaJaLu.2424     
3690.700110 0.001000   1.525e-03   63 1 0 0 1 1 e 62 0 0 0 0 1 e 12LyKaJaLu.2425     
3691.124480 0.001000   1.000e-03   64 1 0 0 1 1 e 63 0 0 0 0 1 e 12LyKaJaLu.2426     
3814.874590 0.001000   1.000e-03   5 3 0 0 0 3 e  4 0 0 0 0 1 e  12LyKaJaLu.2427     
3815.577680 0.001000   1.000e-03   6 3 0 0 0 3 e  5 0 0 0 0 1 e  12LyKaJaLu.2428     
3816.280390 0.001000   1.000e-03   7 3 0 0 0 3 e  6 0 0 0 0 1 e  12LyKaJaLu.2429     
3816.979450 0.001000   1.000e-03   8 3 0 0 0 3 e  7 0 0 0 0 1 e  12LyKaJaLu.2430     
3817.676670 0.001000   1.000e-03   9 3 0 0 0 3 e  8 0 0 0 0 1 e  12LyKaJaLu.2431     
3818.373330 0.001000   1.000e-03   10 3 0 0 0 3 e 9 0 0 0 0 1 e  12LyKaJaLu.2432     
3819.067360 0.001000   1.000e-03   11 3 0 0 0 3 e 10 0 0 0 0 1 e 12LyKaJaLu.2433     
3819.760360 0.001000   1.000e-03   12 3 0 0 0 3 e 11 0 0 0 0 1 e 12LyKaJaLu.2434     
3820.451990 0.001000   1.000e-03   13 3 0 0 0 3 e 12 0 0 0 0 1 e 12LyKaJaLu.2435     
3821.140320 0.001000   1.000e-03   14 3 0 0 0 3 e 13 0 0 0 0 1 e 12LyKaJaLu.2436     
3821.827630 0.001000   1.000e-03   15 3 0 0 0 3 e 14 0 0 0 0 1 e 12LyKaJaLu.2437     
3822.513020 0.001000   1.000e-03   16 3 0 0 0 3 e 15 0 0 0 0 1 e 12LyKaJaLu.2438     
3823.197200 0.001000   1.000e-03   17 3 0 0 0 3 e 16 0 0 0 0 1 e 12LyKaJaLu.2439     
3823.878200 0.001000   1.000e-03   18 3 0 0 0 3 e 17 0 0 0 0 1 e 12LyKaJaLu.2440     
3824.559120 0.001000   1.000e-03   19 3 0 0 0 3 e 18 0 0 0 0 1 e 12LyKaJaLu.2441     
3825.237670 0.001000   1.000e-03   20 3 0 0 0 3 e 19 0 0 0 0 1 e 12LyKaJaLu.2442     
3825.913780 0.001000   1.000e-03   21 3 0 0 0 3 e 20 0 0 0 0 1 e 12LyKaJaLu.2443     
3826.588270 0.001000   1.000e-03   22 3 0 0 0 3 e 21 0 0 0 0 1 e 12LyKaJaLu.2444     
3827.260840 0.001000   1.000e-03   23 3 0 0 0 3 e 22 0 0 0 0 1 e 12LyKaJaLu.2445     
3827.932570 0.001000   1.000e-03   24 3 0 0 0 3 e 23 0 0 0 0 1 e 12LyKaJaLu.2446     
3828.600110 0.001000   1.000e-03   25 3 0 0 0 3 e 24 0 0 0 0 1 e 12LyKaJaLu.2447     
3829.268100 0.001000   1.000e-03   26 3 0 0 0 3 e 25 0 0 0 0 1 e 12LyKaJaLu.2448     
3829.937190 0.001000   3.851e-03   27 3 0 0 0 3 e 26 0 0 0 0 1 e 12LyKaJaLu.2449     
3830.596850 0.001000   1.000e-03   28 3 0 0 0 3 e 27 0 0 0 0 1 e 12LyKaJaLu.2450     
3831.258980 0.001000   1.000e-03   29 3 0 0 0 3 e 28 0 0 0 0 1 e 12LyKaJaLu.2451     
3831.918650 0.001000   1.000e-03   30 3 0 0 0 3 e 29 0 0 0 0 1 e 12LyKaJaLu.2452     
3832.575910 0.001000   1.000e-03   31 3 0 0 0 3 e 30 0 0 0 0 1 e 12LyKaJaLu.2453     
3833.232930 0.001000   1.000e-03   32 3 0 0 0 3 e 31 0 0 0 0 1 e 12LyKaJaLu.2454     
3833.887000 0.001000   1.000e-03   33 3 0 0 0 3 e 32 0 0 0 0 1 e 12LyKaJaLu.2455     
3834.539080 0.001000   1.000e-03   34 3 0 0 0 3 e 33 0 0 0 0 1 e 12LyKaJaLu.2456     
3835.189300 0.001000   1.000e-03   35 3 0 0 0 3 e 34 0 0 0 0 1 e 12LyKaJaLu.2457     
3835.838300 0.001000   1.000e-03   36 3 0 0 0 3 e 35 0 0 0 0 1 e 12LyKaJaLu.2458     
3836.483800 0.001000   1.000e-03   37 3 0 0 0 3 e 36 0 0 0 0 1 e 12LyKaJaLu.2459     
3837.129280 0.001000   1.000e-03   38 3 0 0 0 3 e 37 0 0 0 0 1 e 12LyKaJaLu.2460     
3837.770850 0.001000   1.000e-03   39 3 0 0 0 3 e 38 0 0 0 0 1 e 12LyKaJaLu.2461     
3838.411950 0.001000   1.000e-03   40 3 0 0 0 3 e 39 0 0 0 0 1 e 12LyKaJaLu.2462     
3516.780780 0.001000   1.000e-03   2 1 1 1 1 2 e  1 0 1 1 0 1 e  12LyKaJaLu.2463     
3517.479040 0.001000   2.777e-03   3 1 1 1 1 2 e  2 0 1 1 0 1 e  12LyKaJaLu.2464     
3518.170670 0.001000   2.949e-03   4 1 1 1 1 2 e  3 0 1 1 0 1 e  12LyKaJaLu.2465     
3518.853320 0.001000   1.000e-03   5 1 1 1 1 2 e  4 0 1 1 0 1 e  12LyKaJaLu.2466     
3520.209090 0.001000   1.000e-03   7 1 1 1 1 2 e  6 0 1 1 0 1 e  12LyKaJaLu.2467     
3520.876280 0.001000   1.000e-03   8 1 1 1 1 2 e  7 0 1 1 0 1 e  12LyKaJaLu.2468     
3522.195980 0.001000   1.000e-03   10 1 1 1 1 2 e 9 0 1 1 0 1 e  12LyKaJaLu.2469     
3522.847030 0.001000   1.000e-03   11 1 1 1 1 2 e 10 0 1 1 0 1 e 12LyKaJaLu.2470     
3523.492410 0.001000   1.000e-03   12 1 1 1 1 2 e 11 0 1 1 0 1 e 12LyKaJaLu.2471     
3524.131540 0.001000   1.000e-03   13 1 1 1 1 2 e 12 0 1 1 0 1 e 12LyKaJaLu.2472     
3524.765050 0.001000   1.000e-03   14 1 1 1 1 2 e 13 0 1 1 0 1 e 12LyKaJaLu.2473     
3525.392700 0.001000   1.000e-03   15 1 1 1 1 2 e 14 0 1 1 0 1 e 12LyKaJaLu.2474     
3526.015150 0.001000   1.000e-03   16 1 1 1 1 2 e 15 0 1 1 0 1 e 12LyKaJaLu.2475     
3526.630550 0.001000   1.000e-03   17 1 1 1 1 2 e 16 0 1 1 0 1 e 12LyKaJaLu.2476     
3527.247180 0.001000   5.981e-03   18 1 1 1 1 2 e 17 0 1 1 0 1 e 12LyKaJaLu.2477     
3527.845290 0.001000   1.000e-03   19 1 1 1 1 2 e 18 0 1 1 0 1 e 12LyKaJaLu.2478     
3528.443950 0.001000   1.000e-03   20 1 1 1 1 2 e 19 0 1 1 0 1 e 12LyKaJaLu.2479     
3529.036520 0.001000   1.000e-03   21 1 1 1 1 2 e 20 0 1 1 0 1 e 12LyKaJaLu.2480     
3529.623430 0.001000   1.000e-03   22 1 1 1 1 2 e 21 0 1 1 0 1 e 12LyKaJaLu.2481     
3530.204530 0.001000   1.000e-03   23 1 1 1 1 2 e 22 0 1 1 0 1 e 12LyKaJaLu.2482     
3530.779100 0.001000   1.000e-03   24 1 1 1 1 2 e 23 0 1 1 0 1 e 12LyKaJaLu.2483     
3531.348130 0.001000   1.000e-03   25 1 1 1 1 2 e 24 0 1 1 0 1 e 12LyKaJaLu.2484     
3531.910420 0.001000   1.000e-03   26 1 1 1 1 2 e 25 0 1 1 0 1 e 12LyKaJaLu.2485     
3532.467950 0.001000   1.000e-03   27 1 1 1 1 2 e 26 0 1 1 0 1 e 12LyKaJaLu.2486     
3533.019730 0.001000   1.000e-03   28 1 1 1 1 2 e 27 0 1 1 0 1 e 12LyKaJaLu.2487     
3533.565010 0.001000   1.000e-03   29 1 1 1 1 2 e 28 0 1 1 0 1 e 12LyKaJaLu.2488     
3534.104390 0.001000   1.000e-03   30 1 1 1 1 2 e 29 0 1 1 0 1 e 12LyKaJaLu.2489     
3534.640790 0.001000   2.698e-03   31 1 1 1 1 2 e 30 0 1 1 0 1 e 12LyKaJaLu.2490     
3535.686580 0.001000   1.000e-03   33 1 1 1 1 2 e 32 0 1 1 0 1 e 12LyKaJaLu.2491     
3536.200020 0.001000   2.091e-03   34 1 1 1 1 2 e 33 0 1 1 0 1 e 12LyKaJaLu.2492     
3536.711620 0.001000   1.000e-03   35 1 1 1 1 2 e 34 0 1 1 0 1 e 12LyKaJaLu.2493     
3537.215600 0.001000   1.000e-03   36 1 1 1 1 2 e 35 0 1 1 0 1 e 12LyKaJaLu.2494     
3537.711940 0.001000   1.000e-03   37 1 1 1 1 2 e 36 0 1 1 0 1 e 12LyKaJaLu.2495     
3538.204200 0.001000   1.000e-03   38 1 1 1 1 2 e 37 0 1 1 0 1 e 12LyKaJaLu.2496     
3538.688870 0.001000   1.000e-03   39 1 1 1 1 2 e 38 0 1 1 0 1 e 12LyKaJaLu.2497     
3539.168500 0.001000   1.000e-03   40 1 1 1 1 2 e 39 0 1 1 0 1 e 12LyKaJaLu.2498     
3539.641120 0.001000   1.000e-03   41 1 1 1 1 2 e 40 0 1 1 0 1 e 12LyKaJaLu.2499     
3540.569640 0.001000   1.000e-03   43 1 1 1 1 2 e 42 0 1 1 0 1 e 12LyKaJaLu.2500     
3541.025030 0.001000   1.000e-03   44 1 1 1 1 2 e 43 0 1 1 0 1 e 12LyKaJaLu.2501     
3541.473250 0.001000   1.000e-03   45 1 1 1 1 2 e 44 0 1 1 0 1 e 12LyKaJaLu.2502     
3541.917130 0.001000   1.000e-03   46 1 1 1 1 2 e 45 0 1 1 0 1 e 12LyKaJaLu.2503     
3542.351530 0.001000   1.844e-03   47 1 1 1 1 2 e 46 0 1 1 0 1 e 12LyKaJaLu.2504     
3542.783220 0.001000   1.000e-03   48 1 1 1 1 2 e 47 0 1 1 0 1 e 12LyKaJaLu.2505     
3543.207510 0.001000   1.000e-03   49 1 1 1 1 2 e 48 0 1 1 0 1 e 12LyKaJaLu.2506     
3543.625130 0.001000   1.000e-03   50 1 1 1 1 2 e 49 0 1 1 0 1 e 12LyKaJaLu.2507     
3544.443550 0.001000   1.000e-03   52 1 1 1 1 2 e 51 0 1 1 0 1 e 12LyKaJaLu.2508     
3545.236220 0.001000   1.000e-03   54 1 1 1 1 2 e 53 0 1 1 0 1 e 12LyKaJaLu.2509     
3545.623510 0.001000   1.000e-03   55 1 1 1 1 2 e 54 0 1 1 0 1 e 12LyKaJaLu.2510     
3546.378480 0.001000   1.000e-03   57 1 1 1 1 2 e 56 0 1 1 0 1 e 12LyKaJaLu.2511     
3516.780780 0.001000   1.000e-03   2 1 1 1 1 2 f  1 0 1 1 0 1 f  12LyKaJaLu.2512     
3517.479040 0.001000   2.848e-03   3 1 1 1 1 2 f  2 0 1 1 0 1 f  12LyKaJaLu.2513     
3518.173240 0.001000   2.858e-03   4 1 1 1 1 2 f  3 0 1 1 0 1 f  12LyKaJaLu.2514     
3518.864900 0.001000   1.000e-03   5 1 1 1 1 2 f  4 0 1 1 0 1 f  12LyKaJaLu.2515     
3520.226320 0.001000   1.000e-03   7 1 1 1 1 2 f  6 0 1 1 0 1 f  12LyKaJaLu.2516     
3520.898800 0.001000   1.000e-03   8 1 1 1 1 2 f  7 0 1 1 0 1 f  12LyKaJaLu.2517     
3521.565590 0.001000   1.000e-03   9 1 1 1 1 2 f  8 0 1 1 0 1 f  12LyKaJaLu.2518     
3522.227800 0.001000   1.000e-03   10 1 1 1 1 2 f 9 0 1 1 0 1 f  12LyKaJaLu.2519     
3523.534920 0.001000   1.000e-03   12 1 1 1 1 2 f 11 0 1 1 0 1 f 12LyKaJaLu.2520     
3524.180790 0.001000   1.000e-03   13 1 1 1 1 2 f 12 0 1 1 0 1 f 12LyKaJaLu.2521     
3524.820250 0.001000   1.000e-03   14 1 1 1 1 2 f 13 0 1 1 0 1 f 12LyKaJaLu.2522     
3525.457090 0.001000   1.955e-03   15 1 1 1 1 2 f 14 0 1 1 0 1 f 12LyKaJaLu.2523     
3526.084430 0.001000   1.000e-03   16 1 1 1 1 2 f 15 0 1 1 0 1 f 12LyKaJaLu.2524     
3526.707630 0.001000   1.000e-03   17 1 1 1 1 2 f 16 0 1 1 0 1 f 12LyKaJaLu.2525     
3527.325670 0.001000   1.000e-03   18 1 1 1 1 2 f 17 0 1 1 0 1 f 12LyKaJaLu.2526     
3527.935990 0.001000   2.367e-03   19 1 1 1 1 2 f 18 0 1 1 0 1 f 12LyKaJaLu.2527     
3528.546000 0.001000   1.000e-03   20 1 1 1 1 2 f 19 0 1 1 0 1 f 12LyKaJaLu.2528     
3529.147080 0.001000   1.000e-03   21 1 1 1 1 2 f 20 0 1 1 0 1 f 12LyKaJaLu.2529     
3529.743130 0.001000   1.000e-03   22 1 1 1 1 2 f 21 0 1 1 0 1 f 12LyKaJaLu.2530     
3530.333780 0.001000   1.000e-03   23 1 1 1 1 2 f 22 0 1 1 0 1 f 12LyKaJaLu.2531     
3530.919090 0.001000   1.000e-03   24 1 1 1 1 2 f 23 0 1 1 0 1 f 12LyKaJaLu.2532     
3531.498440 0.001000   1.000e-03   25 1 1 1 1 2 f 24 0 1 1 0 1 f 12LyKaJaLu.2533     
3532.071990 0.001000   1.000e-03   26 1 1 1 1 2 f 25 0 1 1 0 1 f 12LyKaJaLu.2534     
3532.640100 0.001000   1.000e-03   27 1 1 1 1 2 f 26 0 1 1 0 1 f 12LyKaJaLu.2535     
3533.202930 0.001000   1.000e-03   28 1 1 1 1 2 f 27 0 1 1 0 1 f 12LyKaJaLu.2536     
3533.760570 0.001000   1.000e-03   29 1 1 1 1 2 f 28 0 1 1 0 1 f 12LyKaJaLu.2537     
3534.312140 0.001000   1.000e-03   30 1 1 1 1 2 f 29 0 1 1 0 1 f 12LyKaJaLu.2538     
3534.858540 0.001000   1.000e-03   31 1 1 1 1 2 f 30 0 1 1 0 1 f 12LyKaJaLu.2539     
3535.397820 0.001000   1.000e-03   32 1 1 1 1 2 f 31 0 1 1 0 1 f 12LyKaJaLu.2540     
3535.931770 0.001000   1.242e-03   33 1 1 1 1 2 f 32 0 1 1 0 1 f 12LyKaJaLu.2541     
3536.461300 0.001000   1.000e-03   34 1 1 1 1 2 f 33 0 1 1 0 1 f 12LyKaJaLu.2542     
3536.985230 0.001000   1.000e-03   35 1 1 1 1 2 f 34 0 1 1 0 1 f 12LyKaJaLu.2543     
3537.503400 0.001000   1.000e-03   36 1 1 1 1 2 f 35 0 1 1 0 1 f 12LyKaJaLu.2544     
3538.520520 0.001000   1.000e-03   38 1 1 1 1 2 f 37 0 1 1 0 1 f 12LyKaJaLu.2545     
3540.005130 0.001000   1.000e-03   41 1 1 1 1 2 f 40 0 1 1 0 1 f 12LyKaJaLu.2546     
3540.487850 0.001000   1.000e-03   42 1 1 1 1 2 f 41 0 1 1 0 1 f 12LyKaJaLu.2547     
3540.961710 0.001000   2.652e-03   43 1 1 1 1 2 f 42 0 1 1 0 1 f 12LyKaJaLu.2548     
3541.436630 0.001000   1.000e-03   44 1 1 1 1 2 f 43 0 1 1 0 1 f 12LyKaJaLu.2549     
3541.903190 0.001000   1.000e-03   45 1 1 1 1 2 f 44 0 1 1 0 1 f 12LyKaJaLu.2550     
3542.362000 0.001000   1.000e-03   46 1 1 1 1 2 f 45 0 1 1 0 1 f 12LyKaJaLu.2551     
3542.816960 0.001000   1.000e-03   47 1 1 1 1 2 f 46 0 1 1 0 1 f 12LyKaJaLu.2552     
3543.263970 0.001000   1.000e-03   48 1 1 1 1 2 f 47 0 1 1 0 1 f 12LyKaJaLu.2553     
3543.706180 0.001000   1.000e-03   49 1 1 1 1 2 f 48 0 1 1 0 1 f 12LyKaJaLu.2554     
3544.142530 0.001000   1.000e-03   50 1 1 1 1 2 f 49 0 1 1 0 1 f 12LyKaJaLu.2555     
3544.572810 0.001000   1.000e-03   51 1 1 1 1 2 f 50 0 1 1 0 1 f 12LyKaJaLu.2556     
3544.997280 0.001000   1.000e-03   52 1 1 1 1 2 f 51 0 1 1 0 1 f 12LyKaJaLu.2557     
3547.029470 0.001000   1.000e-03   57 1 1 1 1 2 f 56 0 1 1 0 1 f 12LyKaJaLu.2558     
3547.418190 0.001000   1.003e-03   58 1 1 1 1 2 f 57 0 1 1 0 1 f 12LyKaJaLu.2559     
3547.799630 0.001000   1.220e-03   59 1 1 1 1 2 f 58 0 1 1 0 1 f 12LyKaJaLu.2560     
3664.950020 0.001000   1.788e-03   2 1 1 1 1 1 e  1 0 1 1 0 1 e  12LyKaJaLu.2561     
3665.651440 0.001000   3.687e-03   3 1 1 1 1 1 e  2 0 1 1 0 1 e  12LyKaJaLu.2562     
3666.338050 0.001000   2.882e-03   4 1 1 1 1 1 e  3 0 1 1 0 1 e  12LyKaJaLu.2563     
3667.029480 0.001000   1.000e-03   5 1 1 1 1 1 e  4 0 1 1 0 1 e  12LyKaJaLu.2564     
3667.712270 0.001000   1.679e-03   6 1 1 1 1 1 e  5 0 1 1 0 1 e  12LyKaJaLu.2565     
3668.389290 0.001000   1.000e-03   7 1 1 1 1 1 e  6 0 1 1 0 1 e  12LyKaJaLu.2566     
3669.061970 0.001000   1.000e-03   8 1 1 1 1 1 e  7 0 1 1 0 1 e  12LyKaJaLu.2567     
3670.391240 0.001000   1.000e-03   10 1 1 1 1 1 e 9 0 1 1 0 1 e  12LyKaJaLu.2568     
3671.047900 0.001000   1.000e-03   11 1 1 1 1 1 e 10 0 1 1 0 1 e 12LyKaJaLu.2569     
3671.698720 0.001000   1.000e-03   12 1 1 1 1 1 e 11 0 1 1 0 1 e 12LyKaJaLu.2570     
3672.344730 0.001000   1.000e-03   13 1 1 1 1 1 e 12 0 1 1 0 1 e 12LyKaJaLu.2571     
3672.982640 0.001000   2.238e-03   14 1 1 1 1 1 e 13 0 1 1 0 1 e 12LyKaJaLu.2572     
3674.250310 0.001000   1.000e-03   16 1 1 1 1 1 e 15 0 1 1 0 1 e 12LyKaJaLu.2573     
3675.494470 0.001000   1.000e-03   18 1 1 1 1 1 e 17 0 1 1 0 1 e 12LyKaJaLu.2574     
3676.717220 0.001000   1.000e-03   20 1 1 1 1 1 e 19 0 1 1 0 1 e 12LyKaJaLu.2575     
3677.320020 0.001000   1.000e-03   21 1 1 1 1 1 e 20 0 1 1 0 1 e 12LyKaJaLu.2576     
3677.919240 0.001000   1.000e-03   22 1 1 1 1 1 e 21 0 1 1 0 1 e 12LyKaJaLu.2577     
3678.512250 0.001000   1.000e-03   23 1 1 1 1 1 e 22 0 1 1 0 1 e 12LyKaJaLu.2578     
3679.100130 0.001000   1.000e-03   24 1 1 1 1 1 e 23 0 1 1 0 1 e 12LyKaJaLu.2579     
3679.682450 0.001000   1.000e-03   25 1 1 1 1 1 e 24 0 1 1 0 1 e 12LyKaJaLu.2580     
3680.258910 0.001000   1.000e-03   26 1 1 1 1 1 e 25 0 1 1 0 1 e 12LyKaJaLu.2581     
3681.399070 0.001000   1.910e-03   28 1 1 1 1 1 e 27 0 1 1 0 1 e 12LyKaJaLu.2582     
3681.958380 0.001000   1.000e-03   29 1 1 1 1 1 e 28 0 1 1 0 1 e 12LyKaJaLu.2583     
3682.514220 0.001000   1.000e-03   30 1 1 1 1 1 e 29 0 1 1 0 1 e 12LyKaJaLu.2584     
3683.610630 0.001000   1.000e-03   32 1 1 1 1 1 e 31 0 1 1 0 1 e 12LyKaJaLu.2585     
3684.150670 0.001000   1.000e-03   33 1 1 1 1 1 e 32 0 1 1 0 1 e 12LyKaJaLu.2586     
3684.683980 0.001000   1.731e-03   34 1 1 1 1 1 e 33 0 1 1 0 1 e 12LyKaJaLu.2587     
3685.214880 0.001000   1.000e-03   35 1 1 1 1 1 e 34 0 1 1 0 1 e 12LyKaJaLu.2588     
3685.740110 0.001000   1.000e-03   36 1 1 1 1 1 e 35 0 1 1 0 1 e 12LyKaJaLu.2589     
3686.262110 0.001000   3.211e-03   37 1 1 1 1 1 e 36 0 1 1 0 1 e 12LyKaJaLu.2590     
3686.772990 0.001000   1.000e-03   38 1 1 1 1 1 e 37 0 1 1 0 1 e 12LyKaJaLu.2591     
3687.281600 0.001000   1.000e-03   39 1 1 1 1 1 e 38 0 1 1 0 1 e 12LyKaJaLu.2592     
3688.282240 0.001000   1.095e-03   41 1 1 1 1 1 e 40 0 1 1 0 1 e 12LyKaJaLu.2593     
3664.950020 0.001000   1.000e-03   2 1 1 1 1 1 f  1 0 1 1 0 1 f  12LyKaJaLu.2594     
3665.651910 0.001000   1.874e-03   3 1 1 1 1 1 f  2 0 1 1 0 1 f  12LyKaJaLu.2595     
3666.349140 0.001000   2.256e-03   4 1 1 1 1 1 f  3 0 1 1 0 1 f  12LyKaJaLu.2596     
3667.043260 0.001000   1.000e-03   5 1 1 1 1 1 f  4 0 1 1 0 1 f  12LyKaJaLu.2597     
3667.731260 0.001000   1.000e-03   6 1 1 1 1 1 f  5 0 1 1 0 1 f  12LyKaJaLu.2598     
3669.758900 0.001000   6.056e-03   9 1 1 1 1 1 f  8 0 1 1 0 1 f  12LyKaJaLu.2599     
3670.433260 0.001000   1.000e-03   10 1 1 1 1 1 f 9 0 1 1 0 1 f  12LyKaJaLu.2600     
3671.097150 0.001000   1.000e-03   11 1 1 1 1 1 f 10 0 1 1 0 1 f 12LyKaJaLu.2601     
3671.757500 0.001000   1.000e-03   12 1 1 1 1 1 f 11 0 1 1 0 1 f 12LyKaJaLu.2602     
3672.411760 0.001000   1.000e-03   13 1 1 1 1 1 f 12 0 1 1 0 1 f 12LyKaJaLu.2603     
3673.061090 0.001000   1.000e-03   14 1 1 1 1 1 f 13 0 1 1 0 1 f 12LyKaJaLu.2604     
3673.705970 0.001000   1.000e-03   15 1 1 1 1 1 f 14 0 1 1 0 1 f 12LyKaJaLu.2605     
3674.982530 0.001000   1.000e-03   17 1 1 1 1 1 f 16 0 1 1 0 1 f 12LyKaJaLu.2606     
3675.613510 0.001000   1.000e-03   18 1 1 1 1 1 f 17 0 1 1 0 1 f 12LyKaJaLu.2607     
3676.240110 0.001000   1.000e-03   19 1 1 1 1 1 f 18 0 1 1 0 1 f 12LyKaJaLu.2608     
3676.860780 0.001000   1.000e-03   20 1 1 1 1 1 f 19 0 1 1 0 1 f 12LyKaJaLu.2609     
3677.478040 0.001000   1.000e-03   21 1 1 1 1 1 f 20 0 1 1 0 1 f 12LyKaJaLu.2610     
3678.090760 0.001000   1.188e-03   22 1 1 1 1 1 f 21 0 1 1 0 1 f 12LyKaJaLu.2611     
3678.697710 0.001000   1.000e-03   23 1 1 1 1 1 f 22 0 1 1 0 1 f 12LyKaJaLu.2612     
3679.302460 0.001000   1.535e-03   24 1 1 1 1 1 f 23 0 1 1 0 1 f 12LyKaJaLu.2613     
3679.900690 0.001000   1.840e-03   25 1 1 1 1 1 f 24 0 1 1 0 1 f 12LyKaJaLu.2614     
3680.492420 0.001000   1.000e-03   26 1 1 1 1 1 f 25 0 1 1 0 1 f 12LyKaJaLu.2615     
3681.081690 0.001000   1.000e-03   27 1 1 1 1 1 f 26 0 1 1 0 1 f 12LyKaJaLu.2616     
3681.665370 0.001000   1.000e-03   28 1 1 1 1 1 f 27 0 1 1 0 1 f 12LyKaJaLu.2617     
3682.819740 0.001000   1.000e-03   30 1 1 1 1 1 f 29 0 1 1 0 1 f 12LyKaJaLu.2618     
3683.389890 0.001000   1.000e-03   31 1 1 1 1 1 f 30 0 1 1 0 1 f 12LyKaJaLu.2619     
3683.955520 0.001000   1.000e-03   32 1 1 1 1 1 f 31 0 1 1 0 1 f 12LyKaJaLu.2620     
3684.516490 0.001000   1.000e-03   33 1 1 1 1 1 f 32 0 1 1 0 1 f 12LyKaJaLu.2621     
3685.072540 0.001000   1.000e-03   34 1 1 1 1 1 f 33 0 1 1 0 1 f 12LyKaJaLu.2622     
3685.624460 0.001000   1.000e-03   35 1 1 1 1 1 f 34 0 1 1 0 1 f 12LyKaJaLu.2623     
3686.171930 0.001000   1.000e-03   36 1 1 1 1 1 f 35 0 1 1 0 1 f 12LyKaJaLu.2624     
3687.252150 0.001000   1.000e-03   38 1 1 1 1 1 f 37 0 1 1 0 1 f 12LyKaJaLu.2625     
3688.313920 0.001000   1.000e-03   40 1 1 1 1 1 f 39 0 1 1 0 1 f 12LyKaJaLu.2626     
4621.722860 0.001000   1.000e-03   2 0 0 0 2 1 e  1 0 0 0 0 1 e  12LyKaJaLu.2627     
4622.404270 0.001000   1.000e-03   3 0 0 0 2 1 e  2 0 0 0 0 1 e  12LyKaJaLu.2628     
4623.073260 0.001000   1.000e-03   4 0 0 0 2 1 e  3 0 0 0 0 1 e  12LyKaJaLu.2629     
4623.730960 0.001000   1.000e-03   5 0 0 0 2 1 e  4 0 0 0 0 1 e  12LyKaJaLu.2630     
4624.376620 0.001000   1.000e-03   6 0 0 0 2 1 e  5 0 0 0 0 1 e  12LyKaJaLu.2631     
4625.012270 0.001000   1.000e-03   7 0 0 0 2 1 e  6 0 0 0 0 1 e  12LyKaJaLu.2632     
4625.636120 0.001000   1.000e-03   8 0 0 0 2 1 e  7 0 0 0 0 1 e  12LyKaJaLu.2633     
4626.248700 0.001000   1.000e-03   9 0 0 0 2 1 e  8 0 0 0 0 1 e  12LyKaJaLu.2634     
4626.850210 0.001000   1.000e-03   10 0 0 0 2 1 e 9 0 0 0 0 1 e  12LyKaJaLu.2635     
4627.440550 0.001000   1.000e-03   11 0 0 0 2 1 e 10 0 0 0 0 1 e 12LyKaJaLu.2636     
4628.019580 0.001000   1.000e-03   12 0 0 0 2 1 e 11 0 0 0 0 1 e 12LyKaJaLu.2637     
4628.587130 0.001000   1.000e-03   13 0 0 0 2 1 e 12 0 0 0 0 1 e 12LyKaJaLu.2638     
4629.143700 0.001000   1.000e-03   14 0 0 0 2 1 e 13 0 0 0 0 1 e 12LyKaJaLu.2639     
4629.688690 0.001000   1.000e-03   15 0 0 0 2 1 e 14 0 0 0 0 1 e 12LyKaJaLu.2640     
4630.222580 0.001000   1.000e-03   16 0 0 0 2 1 e 15 0 0 0 0 1 e 12LyKaJaLu.2641     
4630.746010 0.001000   1.000e-03   17 0 0 0 2 1 e 16 0 0 0 0 1 e 12LyKaJaLu.2642     
4631.256560 0.001000   1.000e-03   18 0 0 0 2 1 e 17 0 0 0 0 1 e 12LyKaJaLu.2643     
4631.756620 0.001000   1.000e-03   19 0 0 0 2 1 e 18 0 0 0 0 1 e 12LyKaJaLu.2644     
4632.245550 0.001000   1.000e-03   20 0 0 0 2 1 e 19 0 0 0 0 1 e 12LyKaJaLu.2645     
4632.723180 0.001000   1.000e-03   21 0 0 0 2 1 e 20 0 0 0 0 1 e 12LyKaJaLu.2646     
4633.189360 0.001000   1.000e-03   22 0 0 0 2 1 e 21 0 0 0 0 1 e 12LyKaJaLu.2647     
4633.644490 0.001000   1.000e-03   23 0 0 0 2 1 e 22 0 0 0 0 1 e 12LyKaJaLu.2648     
4634.088500 0.001000   1.000e-03   24 0 0 0 2 1 e 23 0 0 0 0 1 e 12LyKaJaLu.2649     
4634.520350 0.001000   1.000e-03   25 0 0 0 2 1 e 24 0 0 0 0 1 e 12LyKaJaLu.2650     
4634.941760 0.001000   1.000e-03   26 0 0 0 2 1 e 25 0 0 0 0 1 e 12LyKaJaLu.2651     
4635.351240 0.001000   1.000e-03   27 0 0 0 2 1 e 26 0 0 0 0 1 e 12LyKaJaLu.2652     
4635.749640 0.001000   1.000e-03   28 0 0 0 2 1 e 27 0 0 0 0 1 e 12LyKaJaLu.2653     
4636.136980 0.001000   1.000e-03   29 0 0 0 2 1 e 28 0 0 0 0 1 e 12LyKaJaLu.2654     
4636.512840 0.001000   1.000e-03   30 0 0 0 2 1 e 29 0 0 0 0 1 e 12LyKaJaLu.2655     
4636.877610 0.001000   1.000e-03   31 0 0 0 2 1 e 30 0 0 0 0 1 e 12LyKaJaLu.2656     
4637.230930 0.001000   1.000e-03   32 0 0 0 2 1 e 31 0 0 0 0 1 e 12LyKaJaLu.2657     
4637.572950 0.001000   1.000e-03   33 0 0 0 2 1 e 32 0 0 0 0 1 e 12LyKaJaLu.2658     
4637.904670 0.001000   1.000e-03   34 0 0 0 2 1 e 33 0 0 0 0 1 e 12LyKaJaLu.2659     
4638.222900 0.001000   1.000e-03   35 0 0 0 2 1 e 34 0 0 0 0 1 e 12LyKaJaLu.2660     
4638.531200 0.001000   1.000e-03   36 0 0 0 2 1 e 35 0 0 0 0 1 e 12LyKaJaLu.2661     
4638.827550 0.001000   1.000e-03   37 0 0 0 2 1 e 36 0 0 0 0 1 e 12LyKaJaLu.2662     
4639.113290 0.001000   1.000e-03   38 0 0 0 2 1 e 37 0 0 0 0 1 e 12LyKaJaLu.2663     
4639.387540 0.001000   1.000e-03   39 0 0 0 2 1 e 38 0 0 0 0 1 e 12LyKaJaLu.2664     
4639.649680 0.001000   1.000e-03   40 0 0 0 2 1 e 39 0 0 0 0 1 e 12LyKaJaLu.2665     
4639.902070 0.001000   1.000e-03   41 0 0 0 2 1 e 40 0 0 0 0 1 e 12LyKaJaLu.2666     
4640.141900 0.001000   1.000e-03   42 0 0 0 2 1 e 41 0 0 0 0 1 e 12LyKaJaLu.2667     
4640.370730 0.001000   1.000e-03   43 0 0 0 2 1 e 42 0 0 0 0 1 e 12LyKaJaLu.2668     
4640.587650 0.001000   1.000e-03   44 0 0 0 2 1 e 43 0 0 0 0 1 e 12LyKaJaLu.2669     
4640.793310 0.001000   1.049e-03   45 0 0 0 2 1 e 44 0 0 0 0 1 e 12LyKaJaLu.2670     
4640.988350 0.001000   1.000e-03   46 0 0 0 2 1 e 45 0 0 0 0 1 e 12LyKaJaLu.2671     
4756.266830 0.001000   1.000e-03   1 2 0 0 1 3 e  0 0 0 0 0 1 e  12LyKaJaLu.2672     
4756.970830 0.001000   1.000e-03   2 2 0 0 1 3 e  1 0 0 0 0 1 e  12LyKaJaLu.2673     
4757.668710 0.001000   1.000e-03   3 2 0 0 1 3 e  2 0 0 0 0 1 e  12LyKaJaLu.2674     
4758.361600 0.001000   1.000e-03   4 2 0 0 1 3 e  3 0 0 0 0 1 e  12LyKaJaLu.2675     
4759.049000 0.001000   1.000e-03   5 2 0 0 1 3 e  4 0 0 0 0 1 e  12LyKaJaLu.2676     
4759.731310 0.001000   1.000e-03   6 2 0 0 1 3 e  5 0 0 0 0 1 e  12LyKaJaLu.2677     
4760.408300 0.001000   1.000e-03   7 2 0 0 1 3 e  6 0 0 0 0 1 e  12LyKaJaLu.2678     
4761.079910 0.001000   1.000e-03   8 2 0 0 1 3 e  7 0 0 0 0 1 e  12LyKaJaLu.2679     
4761.746340 0.001000   1.000e-03   9 2 0 0 1 3 e  8 0 0 0 0 1 e  12LyKaJaLu.2680     
4762.407320 0.001000   1.000e-03   10 2 0 0 1 3 e 9 0 0 0 0 1 e  12LyKaJaLu.2681     
4763.063020 0.001000   1.000e-03   11 2 0 0 1 3 e 10 0 0 0 0 1 e 12LyKaJaLu.2682     
4763.713330 0.001000   1.000e-03   12 2 0 0 1 3 e 11 0 0 0 0 1 e 12LyKaJaLu.2683     
4764.358830 0.001000   1.000e-03   13 2 0 0 1 3 e 12 0 0 0 0 1 e 12LyKaJaLu.2684     
4764.997930 0.001000   1.000e-03   14 2 0 0 1 3 e 13 0 0 0 0 1 e 12LyKaJaLu.2685     
4765.632180 0.001000   1.000e-03   15 2 0 0 1 3 e 14 0 0 0 0 1 e 12LyKaJaLu.2686     
4766.260930 0.001000   1.000e-03   16 2 0 0 1 3 e 15 0 0 0 0 1 e 12LyKaJaLu.2687     
4766.886190 0.001000   1.513e-03   17 2 0 0 1 3 e 16 0 0 0 0 1 e 12LyKaJaLu.2688     
4767.502400 0.001000   1.000e-03   18 2 0 0 1 3 e 17 0 0 0 0 1 e 12LyKaJaLu.2689     
4768.114910 0.001000   1.000e-03   19 2 0 0 1 3 e 18 0 0 0 0 1 e 12LyKaJaLu.2690     
4768.722100 0.001000   1.000e-03   20 2 0 0 1 3 e 19 0 0 0 0 1 e 12LyKaJaLu.2691     
4769.323580 0.001000   1.000e-03   21 2 0 0 1 3 e 20 0 0 0 0 1 e 12LyKaJaLu.2692     
4769.919690 0.001000   1.000e-03   22 2 0 0 1 3 e 21 0 0 0 0 1 e 12LyKaJaLu.2693     
4770.509930 0.001000   1.000e-03   23 2 0 0 1 3 e 22 0 0 0 0 1 e 12LyKaJaLu.2694     
4771.095300 0.001000   1.000e-03   24 2 0 0 1 3 e 23 0 0 0 0 1 e 12LyKaJaLu.2695     
4771.674470 0.001000   1.000e-03   25 2 0 0 1 3 e 24 0 0 0 0 1 e 12LyKaJaLu.2696     
4772.246880 0.001000   1.409e-03   26 2 0 0 1 3 e 25 0 0 0 0 1 e 12LyKaJaLu.2697     
4772.816060 0.001000   1.000e-03   27 2 0 0 1 3 e 26 0 0 0 0 1 e 12LyKaJaLu.2698     
4773.378860 0.001000   1.000e-03   28 2 0 0 1 3 e 27 0 0 0 0 1 e 12LyKaJaLu.2699     
4773.935790 0.001000   1.000e-03   29 2 0 0 1 3 e 28 0 0 0 0 1 e 12LyKaJaLu.2700     
4774.486750 0.001000   1.000e-03   30 2 0 0 1 3 e 29 0 0 0 0 1 e 12LyKaJaLu.2701     
4775.032200 0.001000   1.000e-03   31 2 0 0 1 3 e 30 0 0 0 0 1 e 12LyKaJaLu.2702     
4775.571640 0.001000   1.000e-03   32 2 0 0 1 3 e 31 0 0 0 0 1 e 12LyKaJaLu.2703     
4776.105560 0.001000   1.000e-03   33 2 0 0 1 3 e 32 0 0 0 0 1 e 12LyKaJaLu.2704     
4776.633510 0.001000   1.000e-03   34 2 0 0 1 3 e 33 0 0 0 0 1 e 12LyKaJaLu.2705     
4777.155650 0.001000   1.000e-03   35 2 0 0 1 3 e 34 0 0 0 0 1 e 12LyKaJaLu.2706     
4777.671720 0.001000   1.000e-03   36 2 0 0 1 3 e 35 0 0 0 0 1 e 12LyKaJaLu.2707     
4778.182170 0.001000   1.000e-03   37 2 0 0 1 3 e 36 0 0 0 0 1 e 12LyKaJaLu.2708     
4778.686560 0.001000   1.000e-03   38 2 0 0 1 3 e 37 0 0 0 0 1 e 12LyKaJaLu.2709     
4779.184890 0.001000   1.000e-03   39 2 0 0 1 3 e 38 0 0 0 0 1 e 12LyKaJaLu.2710     
4779.677790 0.001000   1.000e-03   40 2 0 0 1 3 e 39 0 0 0 0 1 e 12LyKaJaLu.2711     
4780.163560 0.001000   1.000e-03   41 2 0 0 1 3 e 40 0 0 0 0 1 e 12LyKaJaLu.2712     
4780.643760 0.001000   1.000e-03   42 2 0 0 1 3 e 41 0 0 0 0 1 e 12LyKaJaLu.2713     
4781.118030 0.001000   1.000e-03   43 2 0 0 1 3 e 42 0 0 0 0 1 e 12LyKaJaLu.2714     
4781.586180 0.001000   1.000e-03   44 2 0 0 1 3 e 43 0 0 0 0 1 e 12LyKaJaLu.2715     
4782.047600 0.001000   1.000e-03   45 2 0 0 1 3 e 44 0 0 0 0 1 e 12LyKaJaLu.2716     
4782.503000 0.001000   1.000e-03   46 2 0 0 1 3 e 45 0 0 0 0 1 e 12LyKaJaLu.2717     
4782.952010 0.001000   1.000e-03   47 2 0 0 1 3 e 46 0 0 0 0 1 e 12LyKaJaLu.2718     
4783.394870 0.001000   1.000e-03   48 2 0 0 1 3 e 47 0 0 0 0 1 e 12LyKaJaLu.2719     
4783.831660 0.001000   1.000e-03   49 2 0 0 1 3 e 48 0 0 0 0 1 e 12LyKaJaLu.2720     
4784.261750 0.001000   1.000e-03   50 2 0 0 1 3 e 49 0 0 0 0 1 e 12LyKaJaLu.2721     
4784.685800 0.001000   1.000e-03   51 2 0 0 1 3 e 50 0 0 0 0 1 e 12LyKaJaLu.2722     
4785.102500 0.001000   1.000e-03   52 2 0 0 1 3 e 51 0 0 0 0 1 e 12LyKaJaLu.2723     
4785.512810 0.001000   1.000e-03   53 2 0 0 1 3 e 52 0 0 0 0 1 e 12LyKaJaLu.2724     
4785.917180 0.001000   1.000e-03   54 2 0 0 1 3 e 53 0 0 0 0 1 e 12LyKaJaLu.2725     
4786.315410 0.001000   1.000e-03   55 2 0 0 1 3 e 54 0 0 0 0 1 e 12LyKaJaLu.2726     
4786.704090 0.001000   2.265e-03   56 2 0 0 1 3 e 55 0 0 0 0 1 e 12LyKaJaLu.2727     
4787.088400 0.001000   1.588e-03   57 2 0 0 1 3 e 56 0 0 0 0 1 e 12LyKaJaLu.2728     
4787.089530 0.001000   1.000e-03   57 2 0 0 1 3 e 56 0 0 0 0 1 e 12LyKaJaLu.2729     
4787.467230 0.001000   1.000e-03   58 2 0 0 1 3 e 57 0 0 0 0 1 e 12LyKaJaLu.2730     
4787.837670 0.001000   1.000e-03   59 2 0 0 1 3 e 58 0 0 0 0 1 e 12LyKaJaLu.2731     
4788.201030 0.001000   1.000e-03   60 2 0 0 1 3 e 59 0 0 0 0 1 e 12LyKaJaLu.2732     
3491.031600 0.001000   1.000e-03   4 1 2 2 1 2 e  3 0 2 2 0 1 e  12LyKaJaLu.2733     
3491.719190 0.001000   1.000e-03   5 1 2 2 1 2 e  4 0 2 2 0 1 e  12LyKaJaLu.2734     
3492.404730 0.001000   1.000e-03   6 1 2 2 1 2 e  5 0 2 2 0 1 e  12LyKaJaLu.2735     
3493.082810 0.001000   1.000e-03   7 1 2 2 1 2 e  6 0 2 2 0 1 e  12LyKaJaLu.2736     
3494.424300 0.001000   1.000e-03   9 1 2 2 1 2 e  8 0 2 2 0 1 e  12LyKaJaLu.2737     
3495.086820 0.001000   1.000e-03   10 1 2 2 1 2 e 9 0 2 2 0 1 e  12LyKaJaLu.2738     
3496.396040 0.001000   1.000e-03   12 1 2 2 1 2 e 11 0 2 2 0 1 e 12LyKaJaLu.2739     
3497.041610 0.001000   1.326e-03   13 1 2 2 1 2 e 12 0 2 2 0 1 e 12LyKaJaLu.2740     
3497.683780 0.001000   1.000e-03   14 1 2 2 1 2 e 13 0 2 2 0 1 e 12LyKaJaLu.2741     
3498.949780 0.001000   1.000e-03   16 1 2 2 1 2 e 15 0 2 2 0 1 e 12LyKaJaLu.2742     
3499.572930 0.001000   1.089e-03   17 1 2 2 1 2 e 16 0 2 2 0 1 e 12LyKaJaLu.2743     
3500.194210 0.001000   1.000e-03   18 1 2 2 1 2 e 17 0 2 2 0 1 e 12LyKaJaLu.2744     
3501.417570 0.001000   1.000e-03   20 1 2 2 1 2 e 19 0 2 2 0 1 e 12LyKaJaLu.2745     
3502.021570 0.001000   1.000e-03   21 1 2 2 1 2 e 20 0 2 2 0 1 e 12LyKaJaLu.2746     
3502.619760 0.001000   1.000e-03   22 1 2 2 1 2 e 21 0 2 2 0 1 e 12LyKaJaLu.2747     
3503.212840 0.001000   1.948e-03   23 1 2 2 1 2 e 22 0 2 2 0 1 e 12LyKaJaLu.2748     
3503.802280 0.001000   1.000e-03   24 1 2 2 1 2 e 23 0 2 2 0 1 e 12LyKaJaLu.2749     
3504.965710 0.001000   1.000e-03   26 1 2 2 1 2 e 25 0 2 2 0 1 e 12LyKaJaLu.2750     
3505.540860 0.001000   1.000e-03   27 1 2 2 1 2 e 26 0 2 2 0 1 e 12LyKaJaLu.2751     
3506.111210 0.001000   1.000e-03   28 1 2 2 1 2 e 27 0 2 2 0 1 e 12LyKaJaLu.2752     
3506.681830 0.001000   1.000e-03   29 1 2 2 1 2 e 28 0 2 2 0 1 e 12LyKaJaLu.2753     
3507.248730 0.001000   1.000e-03   30 1 2 2 1 2 f 29 0 2 2 0 1 f 12LyKaJaLu.2754     
3491.031600 0.001000   1.000e-03   4 1 2 2 1 2 f  3 0 2 2 0 1 f  12LyKaJaLu.2755     
3491.719190 0.001000   1.000e-03   5 1 2 2 1 2 f  4 0 2 2 0 1 f  12LyKaJaLu.2756     
3492.404730 0.001000   1.000e-03   6 1 2 2 1 2 f  5 0 2 2 0 1 f  12LyKaJaLu.2757     
3493.082810 0.001000   1.000e-03   7 1 2 2 1 2 f  6 0 2 2 0 1 f  12LyKaJaLu.2758     
3494.424300 0.001000   1.000e-03   9 1 2 2 1 2 f  8 0 2 2 0 1 f  12LyKaJaLu.2759     
3495.086820 0.001000   1.000e-03   10 1 2 2 1 2 f 9 0 2 2 0 1 f  12LyKaJaLu.2760     
3496.396040 0.001000   1.000e-03   12 1 2 2 1 2 f 11 0 2 2 0 1 f 12LyKaJaLu.2761     
3497.041610 0.001000   1.334e-03   13 1 2 2 1 2 f 12 0 2 2 0 1 f 12LyKaJaLu.2762     
3497.683780 0.001000   1.000e-03   14 1 2 2 1 2 f 13 0 2 2 0 1 f 12LyKaJaLu.2763     
3498.949780 0.001000   1.000e-03   16 1 2 2 1 2 f 15 0 2 2 0 1 f 12LyKaJaLu.2764     
3499.572930 0.001000   1.105e-03   17 1 2 2 1 2 f 16 0 2 2 0 1 f 12LyKaJaLu.2765     
3500.194210 0.001000   1.000e-03   18 1 2 2 1 2 f 17 0 2 2 0 1 f 12LyKaJaLu.2766     
3501.417570 0.001000   1.000e-03   20 1 2 2 1 2 f 19 0 2 2 0 1 f 12LyKaJaLu.2767     
3502.021570 0.001000   1.000e-03   21 1 2 2 1 2 f 20 0 2 2 0 1 f 12LyKaJaLu.2768     
3502.619760 0.001000   1.000e-03   22 1 2 2 1 2 f 21 0 2 2 0 1 f 12LyKaJaLu.2769     
3503.212840 0.001000   1.811e-03   23 1 2 2 1 2 f 22 0 2 2 0 1 f 12LyKaJaLu.2770     
3503.802280 0.001000   1.000e-03   24 1 2 2 1 2 f 23 0 2 2 0 1 f 12LyKaJaLu.2771     
3504.965710 0.001000   1.000e-03   26 1 2 2 1 2 f 25 0 2 2 0 1 f 12LyKaJaLu.2772     
3505.540860 0.001000   1.000e-03   27 1 2 2 1 2 f 26 0 2 2 0 1 f 12LyKaJaLu.2773     
3506.111210 0.001000   1.000e-03   28 1 2 2 1 2 f 27 0 2 2 0 1 f 12LyKaJaLu.2774     
3506.681830 0.001000   1.000e-03   29 1 2 2 1 2 f 28 0 2 2 0 1 f 12LyKaJaLu.2775     
3507.248730 0.001000   1.000e-03   30 1 2 2 1 2 f 29 0 2 2 0 1 f 12LyKaJaLu.2776     
4867.609150 0.001000   1.000e-03   1 2 0 0 1 2 e  0 0 0 0 0 1 e  12LyKaJaLu.2777     
4868.310680 0.001000   1.000e-03   2 2 0 0 1 2 e  1 0 0 0 0 1 e  12LyKaJaLu.2778     
4869.005850 0.001000   1.000e-03   3 2 0 0 1 2 e  2 0 0 0 0 1 e  12LyKaJaLu.2779     
4869.694960 0.001000   1.000e-03   4 2 0 0 1 2 e  3 0 0 0 0 1 e  12LyKaJaLu.2780     
4870.377880 0.001000   1.000e-03   5 2 0 0 1 2 e  4 0 0 0 0 1 e  12LyKaJaLu.2781     
4871.054320 0.001000   1.000e-03   6 2 0 0 1 2 e  5 0 0 0 0 1 e  12LyKaJaLu.2782     
4871.724760 0.001000   1.000e-03   7 2 0 0 1 2 e  6 0 0 0 0 1 e  12LyKaJaLu.2783     
4872.388620 0.001000   1.000e-03   8 2 0 0 1 2 e  7 0 0 0 0 1 e  12LyKaJaLu.2784     
4873.046780 0.001000   1.000e-03   9 2 0 0 1 2 e  8 0 0 0 0 1 e  12LyKaJaLu.2785     
4873.698590 0.001000   1.000e-03   10 2 0 0 1 2 e 9 0 0 0 0 1 e  12LyKaJaLu.2786     
4874.344190 0.001000   1.000e-03   11 2 0 0 1 2 e 10 0 0 0 0 1 e 12LyKaJaLu.2787     
4874.983420 0.001000   1.000e-03   12 2 0 0 1 2 e 11 0 0 0 0 1 e 12LyKaJaLu.2788     
4875.616500 0.001000   1.000e-03   13 2 0 0 1 2 e 12 0 0 0 0 1 e 12LyKaJaLu.2789     
4876.243360 0.001000   1.000e-03   14 2 0 0 1 2 e 13 0 0 0 0 1 e 12LyKaJaLu.2790     
4876.864020 0.001000   1.000e-03   15 2 0 0 1 2 e 14 0 0 0 0 1 e 12LyKaJaLu.2791     
4877.478490 0.001000   1.000e-03   16 2 0 0 1 2 e 15 0 0 0 0 1 e 12LyKaJaLu.2792     
4878.086690 0.001000   1.000e-03   17 2 0 0 1 2 e 16 0 0 0 0 1 e 12LyKaJaLu.2793     
4878.688850 0.001000   1.000e-03   18 2 0 0 1 2 e 17 0 0 0 0 1 e 12LyKaJaLu.2794     
4879.284530 0.001000   1.000e-03   19 2 0 0 1 2 e 18 0 0 0 0 1 e 12LyKaJaLu.2795     
4879.874700 0.001000   1.000e-03   20 2 0 0 1 2 e 19 0 0 0 0 1 e 12LyKaJaLu.2796     
4880.457730 0.001000   1.000e-03   21 2 0 0 1 2 e 20 0 0 0 0 1 e 12LyKaJaLu.2797     
4881.035090 0.001000   1.000e-03   22 2 0 0 1 2 e 21 0 0 0 0 1 e 12LyKaJaLu.2798     
4881.605890 0.001000   1.000e-03   23 2 0 0 1 2 e 22 0 0 0 0 1 e 12LyKaJaLu.2799     
4882.171040 0.001000   1.000e-03   24 2 0 0 1 2 e 23 0 0 0 0 1 e 12LyKaJaLu.2800     
4882.729750 0.001000   1.000e-03   25 2 0 0 1 2 e 24 0 0 0 0 1 e 12LyKaJaLu.2801     
4883.282420 0.001000   1.000e-03   26 2 0 0 1 2 e 25 0 0 0 0 1 e 12LyKaJaLu.2802     
4883.828670 0.001000   1.000e-03   27 2 0 0 1 2 e 26 0 0 0 0 1 e 12LyKaJaLu.2803     
4884.368980 0.001000   1.000e-03   28 2 0 0 1 2 e 27 0 0 0 0 1 e 12LyKaJaLu.2804     
4884.903030 0.001000   1.000e-03   29 2 0 0 1 2 e 28 0 0 0 0 1 e 12LyKaJaLu.2805     
4885.431030 0.001000   1.000e-03   30 2 0 0 1 2 e 29 0 0 0 0 1 e 12LyKaJaLu.2806     
4885.948530 0.001000   4.375e-03   31 2 0 0 1 2 e 30 0 0 0 0 1 e 12LyKaJaLu.2807     
4886.468590 0.001000   1.000e-03   32 2 0 0 1 2 e 31 0 0 0 0 1 e 12LyKaJaLu.2808     
4886.978130 0.001000   1.000e-03   33 2 0 0 1 2 e 32 0 0 0 0 1 e 12LyKaJaLu.2809     
4887.481700 0.001000   1.000e-03   34 2 0 0 1 2 e 33 0 0 0 0 1 e 12LyKaJaLu.2810     
4887.979030 0.001000   1.000e-03   35 2 0 0 1 2 e 34 0 0 0 0 1 e 12LyKaJaLu.2811     
4888.470240 0.001000   1.000e-03   36 2 0 0 1 2 e 35 0 0 0 0 1 e 12LyKaJaLu.2812     
4888.955620 0.001000   1.000e-03   37 2 0 0 1 2 e 36 0 0 0 0 1 e 12LyKaJaLu.2813     
4889.434740 0.001000   1.000e-03   38 2 0 0 1 2 e 37 0 0 0 0 1 e 12LyKaJaLu.2814     
4889.907760 0.001000   1.000e-03   39 2 0 0 1 2 e 38 0 0 0 0 1 e 12LyKaJaLu.2815     
4890.375090 0.001000   1.000e-03   40 2 0 0 1 2 e 39 0 0 0 0 1 e 12LyKaJaLu.2816     
4890.836230 0.001000   1.000e-03   41 2 0 0 1 2 e 40 0 0 0 0 1 e 12LyKaJaLu.2817     
4891.291280 0.001000   1.000e-03   42 2 0 0 1 2 e 41 0 0 0 0 1 e 12LyKaJaLu.2818     
4891.740570 0.001000   1.000e-03   43 2 0 0 1 2 e 42 0 0 0 0 1 e 12LyKaJaLu.2819     
4892.183530 0.001000   1.000e-03   44 2 0 0 1 2 e 43 0 0 0 0 1 e 12LyKaJaLu.2820     
4892.620700 0.001000   1.000e-03   45 2 0 0 1 2 e 44 0 0 0 0 1 e 12LyKaJaLu.2821     
4893.052200 0.001000   1.000e-03   46 2 0 0 1 2 e 45 0 0 0 0 1 e 12LyKaJaLu.2822     
4893.477490 0.001000   1.000e-03   47 2 0 0 1 2 e 46 0 0 0 0 1 e 12LyKaJaLu.2823     
4893.897200 0.001000   1.000e-03   48 2 0 0 1 2 e 47 0 0 0 0 1 e 12LyKaJaLu.2824     
4894.310920 0.001000   1.000e-03   49 2 0 0 1 2 e 48 0 0 0 0 1 e 12LyKaJaLu.2825     
4894.718620 0.001000   1.000e-03   50 2 0 0 1 2 e 49 0 0 0 0 1 e 12LyKaJaLu.2826     
4895.121410 0.001000   1.000e-03   51 2 0 0 1 2 e 50 0 0 0 0 1 e 12LyKaJaLu.2827     
4895.518950 0.001000   1.688e-03   52 2 0 0 1 2 e 51 0 0 0 0 1 e 12LyKaJaLu.2828     
4895.905050 0.001000   3.058e-03   53 2 0 0 1 2 e 52 0 0 0 0 1 e 12LyKaJaLu.2829     
4896.293140 0.001000   1.000e-03   54 2 0 0 1 2 e 53 0 0 0 0 1 e 12LyKaJaLu.2830     
4896.672360 0.001000   1.000e-03   55 2 0 0 1 2 e 54 0 0 0 0 1 e 12LyKaJaLu.2831     
4897.046090 0.001000   1.000e-03   56 2 0 0 1 2 e 55 0 0 0 0 1 e 12LyKaJaLu.2832     
4897.414810 0.001000   1.000e-03   57 2 0 0 1 2 e 56 0 0 0 0 1 e 12LyKaJaLu.2833     
4897.778100 0.001000   1.000e-03   58 2 0 0 1 2 e 57 0 0 0 0 1 e 12LyKaJaLu.2834     
4898.488020 0.001000   1.000e-03   60 2 0 0 1 2 e 59 0 0 0 0 1 e 12LyKaJaLu.2835     
4899.176830 0.001000   1.000e-03   62 2 0 0 1 2 e 61 0 0 0 0 1 e 12LyKaJaLu.2836     
5014.655430 0.001000   1.000e-03   1 2 0 0 1 1 e  0 0 0 0 0 1 e  12LyKaJaLu.2837     
5015.362000 0.001000   1.000e-03   2 2 0 0 1 1 e  1 0 0 0 0 1 e  12LyKaJaLu.2838     
5016.065640 0.001000   1.000e-03   3 2 0 0 1 1 e  2 0 0 0 0 1 e  12LyKaJaLu.2839     
5016.765350 0.001000   1.000e-03   4 2 0 0 1 1 e  3 0 0 0 0 1 e  12LyKaJaLu.2840     
5017.461390 0.001000   1.000e-03   5 2 0 0 1 1 e  4 0 0 0 0 1 e  12LyKaJaLu.2841     
5018.154000 0.001000   1.000e-03   6 2 0 0 1 1 e  5 0 0 0 0 1 e  12LyKaJaLu.2842     
5018.842940 0.001000   1.000e-03   7 2 0 0 1 1 e  6 0 0 0 0 1 e  12LyKaJaLu.2843     
5019.528350 0.001000   1.000e-03   8 2 0 0 1 1 e  7 0 0 0 0 1 e  12LyKaJaLu.2844     
5020.210210 0.001000   1.000e-03   9 2 0 0 1 1 e  8 0 0 0 0 1 e  12LyKaJaLu.2845     
5020.888520 0.001000   1.000e-03   10 2 0 0 1 1 e 9 0 0 0 0 1 e  12LyKaJaLu.2846     
5021.563250 0.001000   1.000e-03   11 2 0 0 1 1 e 10 0 0 0 0 1 e 12LyKaJaLu.2847     
5022.234560 0.001000   1.000e-03   12 2 0 0 1 1 e 11 0 0 0 0 1 e 12LyKaJaLu.2848     
5022.902260 0.001000   1.000e-03   13 2 0 0 1 1 e 12 0 0 0 0 1 e 12LyKaJaLu.2849     
5023.566410 0.001000   1.000e-03   14 2 0 0 1 1 e 13 0 0 0 0 1 e 12LyKaJaLu.2850     
5024.227140 0.001000   1.000e-03   15 2 0 0 1 1 e 14 0 0 0 0 1 e 12LyKaJaLu.2851     
5024.884320 0.001000   1.000e-03   16 2 0 0 1 1 e 15 0 0 0 0 1 e 12LyKaJaLu.2852     
5025.534750 0.001000   3.182e-03   17 2 0 0 1 1 e 16 0 0 0 0 1 e 12LyKaJaLu.2853     
5026.188220 0.001000   1.000e-03   18 2 0 0 1 1 e 17 0 0 0 0 1 e 12LyKaJaLu.2854     
5026.834840 0.001000   1.000e-03   19 2 0 0 1 1 e 18 0 0 0 0 1 e 12LyKaJaLu.2855     
5027.478100 0.001000   1.000e-03   20 2 0 0 1 1 e 19 0 0 0 0 1 e 12LyKaJaLu.2856     
5028.117870 0.001000   1.000e-03   21 2 0 0 1 1 e 20 0 0 0 0 1 e 12LyKaJaLu.2857     
5028.754130 0.001000   1.000e-03   22 2 0 0 1 1 e 21 0 0 0 0 1 e 12LyKaJaLu.2858     
5029.387180 0.001000   1.000e-03   23 2 0 0 1 1 e 22 0 0 0 0 1 e 12LyKaJaLu.2859     
5030.016570 0.001000   1.000e-03   24 2 0 0 1 1 e 23 0 0 0 0 1 e 12LyKaJaLu.2860     
5030.642660 0.001000   1.000e-03   25 2 0 0 1 1 e 24 0 0 0 0 1 e 12LyKaJaLu.2861     
5031.265430 0.001000   1.000e-03   26 2 0 0 1 1 e 25 0 0 0 0 1 e 12LyKaJaLu.2862     
5031.884910 0.001000   1.000e-03   27 2 0 0 1 1 e 26 0 0 0 0 1 e 12LyKaJaLu.2863     
5032.500670 0.001000   1.000e-03   28 2 0 0 1 1 e 27 0 0 0 0 1 e 12LyKaJaLu.2864     
5033.113310 0.001000   1.000e-03   29 2 0 0 1 1 e 28 0 0 0 0 1 e 12LyKaJaLu.2865     
5033.722660 0.001000   1.000e-03   30 2 0 0 1 1 e 29 0 0 0 0 1 e 12LyKaJaLu.2866     
5034.328660 0.001000   1.000e-03   31 2 0 0 1 1 e 30 0 0 0 0 1 e 12LyKaJaLu.2867     
5034.931310 0.001000   1.000e-03   32 2 0 0 1 1 e 31 0 0 0 0 1 e 12LyKaJaLu.2868     
5035.530960 0.001000   1.000e-03   33 2 0 0 1 1 e 32 0 0 0 0 1 e 12LyKaJaLu.2869     
5036.127250 0.001000   1.000e-03   34 2 0 0 1 1 e 33 0 0 0 0 1 e 12LyKaJaLu.2870     
5036.720150 0.001000   1.000e-03   35 2 0 0 1 1 e 34 0 0 0 0 1 e 12LyKaJaLu.2871     
5037.310130 0.001000   1.000e-03   36 2 0 0 1 1 e 35 0 0 0 0 1 e 12LyKaJaLu.2872     
5038.480170 0.001000   1.000e-03   38 2 0 0 1 1 e 37 0 0 0 0 1 e 12LyKaJaLu.2873     
5039.060960 0.001000   1.000e-03   39 2 0 0 1 1 e 38 0 0 0 0 1 e 12LyKaJaLu.2874     
5039.638240 0.001000   1.000e-03   40 2 0 0 1 1 e 39 0 0 0 0 1 e 12LyKaJaLu.2875     
5040.212690 0.001000   1.000e-03   41 2 0 0 1 1 e 40 0 0 0 0 1 e 12LyKaJaLu.2876     
5040.784400 0.001000   1.000e-03   42 2 0 0 1 1 e 41 0 0 0 0 1 e 12LyKaJaLu.2877     
5041.352280 0.001000   1.000e-03   43 2 0 0 1 1 e 42 0 0 0 0 1 e 12LyKaJaLu.2878     
5041.917580 0.001000   1.000e-03   44 2 0 0 1 1 e 43 0 0 0 0 1 e 12LyKaJaLu.2879     
5042.480650 0.001000   1.000e-03   45 2 0 0 1 1 e 44 0 0 0 0 1 e 12LyKaJaLu.2880     
5043.039120 0.001000   1.000e-03   46 2 0 0 1 1 e 45 0 0 0 0 1 e 12LyKaJaLu.2881     
5043.596410 0.001000   1.000e-03   47 2 0 0 1 1 e 46 0 0 0 0 1 e 12LyKaJaLu.2882     
4709.131030 0.001000   4.840e-03   2 2 1 1 1 3 e  1 0 1 1 0 1 e  12LyKaJaLu.2883     
4709.831210 0.001000   3.017e-03   3 2 1 1 1 3 e  2 0 1 1 0 1 e  12LyKaJaLu.2884     
4710.524130 0.001000   2.342e-03   4 2 1 1 1 3 e  3 0 1 1 0 1 e  12LyKaJaLu.2885     
4711.212230 0.001000   1.000e-03   5 2 1 1 1 3 e  4 0 1 1 0 1 e  12LyKaJaLu.2886     
4711.893670 0.001000   1.667e-03   6 2 1 1 1 3 e  5 0 1 1 0 1 e  12LyKaJaLu.2887     
4712.568380 0.001000   1.000e-03   7 2 1 1 1 3 e  6 0 1 1 0 1 e  12LyKaJaLu.2888     
4713.238160 0.001000   1.000e-03   8 2 1 1 1 3 e  7 0 1 1 0 1 e  12LyKaJaLu.2889     
4713.902940 0.001000   1.000e-03   9 2 1 1 1 3 e  8 0 1 1 0 1 e  12LyKaJaLu.2890     
4714.561840 0.001000   1.000e-03   10 2 1 1 1 3 e 9 0 1 1 0 1 e  12LyKaJaLu.2891     
4715.214730 0.001000   1.000e-03   11 2 1 1 1 3 e 10 0 1 1 0 1 e 12LyKaJaLu.2892     
4715.861850 0.001000   1.000e-03   12 2 1 1 1 3 e 11 0 1 1 0 1 e 12LyKaJaLu.2893     
4716.504120 0.001000   1.000e-03   13 2 1 1 1 3 e 12 0 1 1 0 1 e 12LyKaJaLu.2894     
4717.139270 0.001000   1.000e-03   14 2 1 1 1 3 e 13 0 1 1 0 1 e 12LyKaJaLu.2895     
4717.769730 0.001000   1.000e-03   15 2 1 1 1 3 e 14 0 1 1 0 1 e 12LyKaJaLu.2896     
4718.394560 0.001000   1.000e-03   16 2 1 1 1 3 e 15 0 1 1 0 1 e 12LyKaJaLu.2897     
4719.013610 0.001000   1.000e-03   17 2 1 1 1 3 e 16 0 1 1 0 1 e 12LyKaJaLu.2898     
4719.627160 0.001000   1.000e-03   18 2 1 1 1 3 e 17 0 1 1 0 1 e 12LyKaJaLu.2899     
4720.236650 0.001000   2.096e-03   19 2 1 1 1 3 e 18 0 1 1 0 1 e 12LyKaJaLu.2900     
4720.836570 0.001000   1.000e-03   20 2 1 1 1 3 e 19 0 1 1 0 1 e 12LyKaJaLu.2901     
4721.431660 0.001000   1.000e-03   21 2 1 1 1 3 e 20 0 1 1 0 1 e 12LyKaJaLu.2902     
4722.022510 0.001000   1.000e-03   22 2 1 1 1 3 e 21 0 1 1 0 1 e 12LyKaJaLu.2903     
4722.607980 0.001000   1.000e-03   23 2 1 1 1 3 e 22 0 1 1 0 1 e 12LyKaJaLu.2904     
4723.186290 0.001000   1.000e-03   24 2 1 1 1 3 e 23 0 1 1 0 1 e 12LyKaJaLu.2905     
4723.759820 0.001000   1.000e-03   25 2 1 1 1 3 e 24 0 1 1 0 1 e 12LyKaJaLu.2906     
4724.326910 0.001000   1.000e-03   26 2 1 1 1 3 e 25 0 1 1 0 1 e 12LyKaJaLu.2907     
4724.887840 0.001000   1.000e-03   27 2 1 1 1 3 e 26 0 1 1 0 1 e 12LyKaJaLu.2908     
4725.443420 0.001000   1.000e-03   28 2 1 1 1 3 e 27 0 1 1 0 1 e 12LyKaJaLu.2909     
4725.992900 0.001000   1.000e-03   29 2 1 1 1 3 e 28 0 1 1 0 1 e 12LyKaJaLu.2910     
4726.536770 0.001000   1.000e-03   30 2 1 1 1 3 e 29 0 1 1 0 1 e 12LyKaJaLu.2911     
4727.077700 0.001000   2.469e-03   31 2 1 1 1 3 e 30 0 1 1 0 1 e 12LyKaJaLu.2912     
4727.606720 0.001000   1.000e-03   32 2 1 1 1 3 e 31 0 1 1 0 1 e 12LyKaJaLu.2913     
4728.132490 0.001000   1.000e-03   33 2 1 1 1 3 e 32 0 1 1 0 1 e 12LyKaJaLu.2914     
4728.655060 0.001000   2.282e-03   34 2 1 1 1 3 e 33 0 1 1 0 1 e 12LyKaJaLu.2915     
4709.131030 0.001000   6.631e-03   2 2 1 1 1 3 f  1 0 1 1 0 1 f  12LyKaJaLu.2916     
4709.839140 0.001000   1.094e-03   3 2 1 1 1 3 f  2 0 1 1 0 1 f  12LyKaJaLu.2917     
4710.537870 0.001000   1.000e-03   4 2 1 1 1 3 f  3 0 1 1 0 1 f  12LyKaJaLu.2918     
4711.229770 0.001000   1.000e-03   5 2 1 1 1 3 f  4 0 1 1 0 1 f  12LyKaJaLu.2919     
4711.923400 0.001000   5.553e-03   6 2 1 1 1 3 f  5 0 1 1 0 1 f  12LyKaJaLu.2920     
4712.600580 0.001000   1.000e-03   7 2 1 1 1 3 f  6 0 1 1 0 1 f  12LyKaJaLu.2921     
4713.278610 0.001000   1.000e-03   8 2 1 1 1 3 f  7 0 1 1 0 1 f  12LyKaJaLu.2922     
4713.952070 0.001000   1.000e-03   9 2 1 1 1 3 f  8 0 1 1 0 1 f  12LyKaJaLu.2923     
4714.620510 0.001000   1.000e-03   10 2 1 1 1 3 f 9 0 1 1 0 1 f  12LyKaJaLu.2924     
4715.284750 0.001000   1.000e-03   11 2 1 1 1 3 f 10 0 1 1 0 1 f 12LyKaJaLu.2925     
4715.943810 0.001000   1.000e-03   12 2 1 1 1 3 f 11 0 1 1 0 1 f 12LyKaJaLu.2926     
4716.598160 0.001000   1.000e-03   13 2 1 1 1 3 f 12 0 1 1 0 1 f 12LyKaJaLu.2927     
4717.247980 0.001000   1.000e-03   14 2 1 1 1 3 f 13 0 1 1 0 1 f 12LyKaJaLu.2928     
4717.891990 0.001000   1.000e-03   15 2 1 1 1 3 f 14 0 1 1 0 1 f 12LyKaJaLu.2929     
4718.537680 0.001000   5.168e-03   16 2 1 1 1 3 f 15 0 1 1 0 1 f 12LyKaJaLu.2930     
4719.167640 0.001000   1.000e-03   17 2 1 1 1 3 f 16 0 1 1 0 1 f 12LyKaJaLu.2931     
4719.797650 0.001000   1.000e-03   18 2 1 1 1 3 f 17 0 1 1 0 1 f 12LyKaJaLu.2932     
4720.423380 0.001000   1.000e-03   19 2 1 1 1 3 f 18 0 1 1 0 1 f 12LyKaJaLu.2933     
4721.043750 0.001000   1.000e-03   20 2 1 1 1 3 f 19 0 1 1 0 1 f 12LyKaJaLu.2934     
4721.659300 0.001000   1.000e-03   21 2 1 1 1 3 f 20 0 1 1 0 1 f 12LyKaJaLu.2935     
4722.269410 0.001000   1.000e-03   22 2 1 1 1 3 f 21 0 1 1 0 1 f 12LyKaJaLu.2936     
4722.875520 0.001000   1.000e-03   23 2 1 1 1 3 f 22 0 1 1 0 1 f 12LyKaJaLu.2937     
4723.476750 0.001000   1.000e-03   24 2 1 1 1 3 f 23 0 1 1 0 1 f 12LyKaJaLu.2938     
4724.072560 0.001000   1.000e-03   25 2 1 1 1 3 f 24 0 1 1 0 1 f 12LyKaJaLu.2939     
4724.663610 0.001000   1.000e-03   26 2 1 1 1 3 f 25 0 1 1 0 1 f 12LyKaJaLu.2940     
4725.249040 0.001000   1.000e-03   27 2 1 1 1 3 f 26 0 1 1 0 1 f 12LyKaJaLu.2941     
4725.830180 0.001000   1.000e-03   28 2 1 1 1 3 f 27 0 1 1 0 1 f 12LyKaJaLu.2942     
4726.405770 0.001000   1.000e-03   29 2 1 1 1 3 f 28 0 1 1 0 1 f 12LyKaJaLu.2943     
4726.975590 0.001000   1.000e-03   30 2 1 1 1 3 f 29 0 1 1 0 1 f 12LyKaJaLu.2944     
4727.541440 0.001000   1.000e-03   31 2 1 1 1 3 f 30 0 1 1 0 1 f 12LyKaJaLu.2945     
4728.101270 0.001000   1.610e-03   32 2 1 1 1 3 f 31 0 1 1 0 1 f 12LyKaJaLu.2946     
4728.655060 0.001000   2.578e-03   33 2 1 1 1 3 f 32 0 1 1 0 1 f 12LyKaJaLu.2947     
4861.211910 0.001000   2.310e-03   2 2 1 1 1 2 e  1 0 1 1 0 1 e  12LyKaJaLu.2948     
4861.909270 0.001000   3.724e-03   3 2 1 1 1 2 e  2 0 1 1 0 1 e  12LyKaJaLu.2949     
4862.594050 0.001000   1.229e-03   4 2 1 1 1 2 e  3 0 1 1 0 1 e  12LyKaJaLu.2950     
4863.953680 0.001000   1.000e-03   6 2 1 1 1 2 e  5 0 1 1 0 1 e  12LyKaJaLu.2951     
4864.625250 0.001000   1.000e-03   7 2 1 1 1 2 e  6 0 1 1 0 1 e  12LyKaJaLu.2952     
4865.289820 0.001000   1.000e-03   8 2 1 1 1 2 e  7 0 1 1 0 1 e  12LyKaJaLu.2953     
4865.948190 0.001000   1.000e-03   9 2 1 1 1 2 e  8 0 1 1 0 1 e  12LyKaJaLu.2954     
4866.599730 0.001000   1.000e-03   10 2 1 1 1 2 e 9 0 1 1 0 1 e  12LyKaJaLu.2955     
4867.242410 0.001000   3.688e-03   11 2 1 1 1 2 e 10 0 1 1 0 1 e 12LyKaJaLu.2956     
4867.885000 0.001000   1.000e-03   12 2 1 1 1 2 e 11 0 1 1 0 1 e 12LyKaJaLu.2957     
4868.512460 0.001000   5.631e-03   13 2 1 1 1 2 e 12 0 1 1 0 1 e 12LyKaJaLu.2958     
4869.144950 0.001000   1.000e-03   14 2 1 1 1 2 e 13 0 1 1 0 1 e 12LyKaJaLu.2959     
4869.766090 0.001000   1.000e-03   15 2 1 1 1 2 e 14 0 1 1 0 1 e 12LyKaJaLu.2960     
4870.987870 0.001000   1.000e-03   17 2 1 1 1 2 e 16 0 1 1 0 1 e 12LyKaJaLu.2961     
4871.590600 0.001000   1.040e-03   18 2 1 1 1 2 e 17 0 1 1 0 1 e 12LyKaJaLu.2962     
4872.184860 0.001000   1.000e-03   19 2 1 1 1 2 e 18 0 1 1 0 1 e 12LyKaJaLu.2963     
4872.773920 0.001000   1.000e-03   20 2 1 1 1 2 e 19 0 1 1 0 1 e 12LyKaJaLu.2964     
4873.357980 0.001000   1.936e-03   21 2 1 1 1 2 e 20 0 1 1 0 1 e 12LyKaJaLu.2965     
4873.933390 0.001000   1.000e-03   22 2 1 1 1 2 e 21 0 1 1 0 1 e 12LyKaJaLu.2966     
4874.503470 0.001000   1.000e-03   23 2 1 1 1 2 e 22 0 1 1 0 1 e 12LyKaJaLu.2967     
4875.067510 0.001000   1.000e-03   24 2 1 1 1 2 e 23 0 1 1 0 1 e 12LyKaJaLu.2968     
4876.176000 0.001000   1.000e-03   26 2 1 1 1 2 e 25 0 1 1 0 1 e 12LyKaJaLu.2969     
4876.721780 0.001000   1.000e-03   27 2 1 1 1 2 e 26 0 1 1 0 1 e 12LyKaJaLu.2970     
4877.260930 0.001000   1.000e-03   28 2 1 1 1 2 e 27 0 1 1 0 1 e 12LyKaJaLu.2971     
4877.792690 0.001000   1.000e-03   29 2 1 1 1 2 e 28 0 1 1 0 1 e 12LyKaJaLu.2972     
4878.318910 0.001000   1.000e-03   30 2 1 1 1 2 e 29 0 1 1 0 1 e 12LyKaJaLu.2973     
4878.841120 0.001000   1.775e-03   31 2 1 1 1 2 e 30 0 1 1 0 1 e 12LyKaJaLu.2974     
4879.352160 0.001000   1.000e-03   32 2 1 1 1 2 e 31 0 1 1 0 1 e 12LyKaJaLu.2975     
4880.361420 0.001000   1.000e-03   34 2 1 1 1 2 e 33 0 1 1 0 1 e 12LyKaJaLu.2976     
4880.855390 0.001000   1.000e-03   35 2 1 1 1 2 e 34 0 1 1 0 1 e 12LyKaJaLu.2977     
4881.343580 0.001000   1.000e-03   36 2 1 1 1 2 e 35 0 1 1 0 1 e 12LyKaJaLu.2978     
4881.826260 0.001000   1.000e-03   37 2 1 1 1 2 e 36 0 1 1 0 1 e 12LyKaJaLu.2979     
4882.302570 0.001000   1.000e-03   38 2 1 1 1 2 e 37 0 1 1 0 1 e 12LyKaJaLu.2980     
4883.235570 0.001000   1.000e-03   40 2 1 1 1 2 e 39 0 1 1 0 1 e 12LyKaJaLu.2981     
4884.147020 0.001000   3.833e-03   42 2 1 1 1 2 e 41 0 1 1 0 1 e 12LyKaJaLu.2982     
4884.587540 0.001000   1.000e-03   43 2 1 1 1 2 e 42 0 1 1 0 1 e 12LyKaJaLu.2983     
4885.025070 0.001000   1.364e-03   44 2 1 1 1 2 e 43 0 1 1 0 1 e 12LyKaJaLu.2984     
4861.211910 0.001000   1.000e-03   2 2 1 1 1 2 f  1 0 1 1 0 1 f  12LyKaJaLu.2985     
4861.909270 0.001000   2.359e-03   3 2 1 1 1 2 f  2 0 1 1 0 1 f  12LyKaJaLu.2986     
4862.606000 0.001000   1.000e-03   4 2 1 1 1 2 f  3 0 1 1 0 1 f  12LyKaJaLu.2987     
4863.979160 0.001000   1.000e-03   6 2 1 1 1 2 f  5 0 1 1 0 1 f  12LyKaJaLu.2988     
4864.656210 0.001000   1.000e-03   7 2 1 1 1 2 f  6 0 1 1 0 1 f  12LyKaJaLu.2989     
4865.328980 0.001000   1.000e-03   8 2 1 1 1 2 f  7 0 1 1 0 1 f  12LyKaJaLu.2990     
4865.996070 0.001000   1.000e-03   9 2 1 1 1 2 f  8 0 1 1 0 1 f  12LyKaJaLu.2991     
4866.657600 0.001000   1.000e-03   10 2 1 1 1 2 f 9 0 1 1 0 1 f  12LyKaJaLu.2992     
4867.313760 0.001000   1.000e-03   11 2 1 1 1 2 f 10 0 1 1 0 1 f 12LyKaJaLu.2993     
4867.964540 0.001000   1.000e-03   12 2 1 1 1 2 f 11 0 1 1 0 1 f 12LyKaJaLu.2994     
4868.609750 0.001000   1.000e-03   13 2 1 1 1 2 f 12 0 1 1 0 1 f 12LyKaJaLu.2995     
4869.884110 0.001000   1.000e-03   15 2 1 1 1 2 f 14 0 1 1 0 1 f 12LyKaJaLu.2996     
4870.513080 0.001000   1.000e-03   16 2 1 1 1 2 f 15 0 1 1 0 1 f 12LyKaJaLu.2997     
4871.136630 0.001000   1.000e-03   17 2 1 1 1 2 f 16 0 1 1 0 1 f 12LyKaJaLu.2998     
4871.754700 0.001000   1.000e-03   18 2 1 1 1 2 f 17 0 1 1 0 1 f 12LyKaJaLu.2999     
4872.974970 0.001000   1.000e-03   20 2 1 1 1 2 f 19 0 1 1 0 1 f 12LyKaJaLu.3000     
4873.577060 0.001000   1.000e-03   21 2 1 1 1 2 f 20 0 1 1 0 1 f 12LyKaJaLu.3001     
4874.764190 0.001000   1.000e-03   23 2 1 1 1 2 f 22 0 1 1 0 1 f 12LyKaJaLu.3002     
4875.349940 0.001000   1.000e-03   24 2 1 1 1 2 f 23 0 1 1 0 1 f 12LyKaJaLu.3003     
4875.929990 0.001000   1.000e-03   25 2 1 1 1 2 f 24 0 1 1 0 1 f 12LyKaJaLu.3004     
4876.505740 0.001000   1.000e-03   26 2 1 1 1 2 f 25 0 1 1 0 1 f 12LyKaJaLu.3005     
4877.638540 0.001000   1.000e-03   28 2 1 1 1 2 f 27 0 1 1 0 1 f 12LyKaJaLu.3006     
4878.196320 0.001000   1.000e-03   29 2 1 1 1 2 f 28 0 1 1 0 1 f 12LyKaJaLu.3007     
4878.749970 0.001000   1.000e-03   30 2 1 1 1 2 f 29 0 1 1 0 1 f 12LyKaJaLu.3008     
4879.295090 0.001000   2.664e-03   31 2 1 1 1 2 f 30 0 1 1 0 1 f 12LyKaJaLu.3009     
4879.840180 0.001000   1.000e-03   32 2 1 1 1 2 f 31 0 1 1 0 1 f 12LyKaJaLu.3010     
4880.375120 0.001000   1.000e-03   33 2 1 1 1 2 f 32 0 1 1 0 1 f 12LyKaJaLu.3011     
4880.907660 0.001000   1.000e-03   34 2 1 1 1 2 f 33 0 1 1 0 1 f 12LyKaJaLu.3012     
4881.433090 0.001000   1.000e-03   35 2 1 1 1 2 f 34 0 1 1 0 1 f 12LyKaJaLu.3013     
4882.978510 0.001000   1.000e-03   38 2 1 1 1 2 f 37 0 1 1 0 1 f 12LyKaJaLu.3014     
4883.482260 0.001000   1.406e-03   39 2 1 1 1 2 f 38 0 1 1 0 1 f 12LyKaJaLu.3015     
4883.981810 0.001000   1.000e-03   40 2 1 1 1 2 f 39 0 1 1 0 1 f 12LyKaJaLu.3016     
4884.963320 0.001000   1.000e-03   42 2 1 1 1 2 f 41 0 1 1 0 1 f 12LyKaJaLu.3017     
5036.497340 0.001000   1.233e-03   2 2 1 1 1 1 e  1 0 1 1 0 1 e  12LyKaJaLu.3018     
5037.196040 0.001000   1.000e-03   3 2 1 1 1 1 e  2 0 1 1 0 1 e  12LyKaJaLu.3019     
5038.581180 0.001000   1.000e-03   5 2 1 1 1 1 e  4 0 1 1 0 1 e  12LyKaJaLu.3020     
5039.267790 0.001000   1.000e-03   6 2 1 1 1 1 e  5 0 1 1 0 1 e  12LyKaJaLu.3021     
5039.949190 0.001000   1.000e-03   7 2 1 1 1 1 e  6 0 1 1 0 1 e  12LyKaJaLu.3022     
5041.297700 0.001000   1.000e-03   9 2 1 1 1 1 e  8 0 1 1 0 1 e  12LyKaJaLu.3023     
5041.964270 0.001000   1.000e-03   10 2 1 1 1 1 e 9 0 1 1 0 1 e  12LyKaJaLu.3024     
5042.626160 0.001000   1.000e-03   11 2 1 1 1 1 e 10 0 1 1 0 1 e 12LyKaJaLu.3025     
5043.284770 0.001000   1.000e-03   12 2 1 1 1 1 e 11 0 1 1 0 1 e 12LyKaJaLu.3026     
5043.937410 0.001000   1.000e-03   13 2 1 1 1 1 e 12 0 1 1 0 1 e 12LyKaJaLu.3027     
5044.584970 0.001000   1.000e-03   14 2 1 1 1 1 e 13 0 1 1 0 1 e 12LyKaJaLu.3028     
5045.227710 0.001000   1.000e-03   15 2 1 1 1 1 e 14 0 1 1 0 1 e 12LyKaJaLu.3029     
5045.866610 0.001000   1.000e-03   16 2 1 1 1 1 e 15 0 1 1 0 1 e 12LyKaJaLu.3030     
5047.129790 0.001000   1.000e-03   18 2 1 1 1 1 e 17 0 1 1 0 1 e 12LyKaJaLu.3031     
5048.987840 0.001000   1.000e-03   21 2 1 1 1 1 e 20 0 1 1 0 1 e 12LyKaJaLu.3032     
5049.599180 0.001000   1.000e-03   22 2 1 1 1 1 e 21 0 1 1 0 1 e 12LyKaJaLu.3033     
5050.204390 0.001000   1.000e-03   23 2 1 1 1 1 e 22 0 1 1 0 1 e 12LyKaJaLu.3034     
5050.805110 0.001000   1.000e-03   24 2 1 1 1 1 e 23 0 1 1 0 1 e 12LyKaJaLu.3035     
5051.403620 0.001000   2.628e-03   25 2 1 1 1 1 e 24 0 1 1 0 1 e 12LyKaJaLu.3036     
5051.992300 0.001000   1.000e-03   26 2 1 1 1 1 e 25 0 1 1 0 1 e 12LyKaJaLu.3037     
5052.577650 0.001000   1.000e-03   27 2 1 1 1 1 e 26 0 1 1 0 1 e 12LyKaJaLu.3038     
5054.318420 0.001000   7.321e-03   30 2 1 1 1 1 e 29 0 1 1 0 1 e 12LyKaJaLu.3039     
5054.878690 0.001000   1.000e-03   31 2 1 1 1 1 e 30 0 1 1 0 1 e 12LyKaJaLu.3040     
5036.497340 0.001000   1.000e-03   2 2 1 1 1 1 f  1 0 1 1 0 1 f  12LyKaJaLu.3041     
5037.201220 0.001000   1.270e-03   3 2 1 1 1 1 f  2 0 1 1 0 1 f  12LyKaJaLu.3042     
5038.606230 0.001000   1.000e-03   5 2 1 1 1 1 f  4 0 1 1 0 1 f  12LyKaJaLu.3043     
5039.990940 0.001000   1.000e-03   7 2 1 1 1 1 f  6 0 1 1 0 1 f  12LyKaJaLu.3044     
5040.679380 0.001000   1.000e-03   8 2 1 1 1 1 f  7 0 1 1 0 1 f  12LyKaJaLu.3045     
5041.364120 0.001000   1.000e-03   9 2 1 1 1 1 f  8 0 1 1 0 1 f  12LyKaJaLu.3046     
5042.041220 0.001000   3.299e-03   10 2 1 1 1 1 f 9 0 1 1 0 1 f  12LyKaJaLu.3047     
5042.721650 0.001000   1.000e-03   11 2 1 1 1 1 f 10 0 1 1 0 1 f 12LyKaJaLu.3048     
5043.395760 0.001000   1.000e-03   12 2 1 1 1 1 f 11 0 1 1 0 1 f 12LyKaJaLu.3049     
5044.065160 0.001000   1.000e-03   13 2 1 1 1 1 f 12 0 1 1 0 1 f 12LyKaJaLu.3050     
5044.732650 0.001000   1.000e-03   14 2 1 1 1 1 f 13 0 1 1 0 1 f 12LyKaJaLu.3051     
5045.395800 0.001000   1.000e-03   15 2 1 1 1 1 f 14 0 1 1 0 1 f 12LyKaJaLu.3052     
5046.055880 0.001000   1.000e-03   16 2 1 1 1 1 f 15 0 1 1 0 1 f 12LyKaJaLu.3053     
5046.712010 0.001000   1.000e-03   17 2 1 1 1 1 f 16 0 1 1 0 1 f 12LyKaJaLu.3054     
5047.367340 0.001000   2.004e-03   18 2 1 1 1 1 f 17 0 1 1 0 1 f 12LyKaJaLu.3055     
5048.015420 0.001000   1.000e-03   19 2 1 1 1 1 f 18 0 1 1 0 1 f 12LyKaJaLu.3056     
5048.660160 0.001000   1.008e-03   20 2 1 1 1 1 f 19 0 1 1 0 1 f 12LyKaJaLu.3057     
5049.303270 0.001000   1.000e-03   21 2 1 1 1 1 f 20 0 1 1 0 1 f 12LyKaJaLu.3058     
5051.840460 0.001000   1.000e-03   25 2 1 1 1 1 f 24 0 1 1 0 1 f 12LyKaJaLu.3059     
5053.092330 0.001000   4.274e-03   27 2 1 1 1 1 f 26 0 1 1 0 1 f 12LyKaJaLu.3060     
5053.710040 0.001000   3.126e-03   28 2 1 1 1 1 f 27 0 1 1 0 1 f 12LyKaJaLu.3061     
5054.320420 0.001000   2.197e-03   29 2 1 1 1 1 f 28 0 1 1 0 1 f 12LyKaJaLu.3062     
5054.933990 0.001000   1.000e-03   30 2 1 1 1 1 f 29 0 1 1 0 1 f 12LyKaJaLu.3063     
5949.791500 0.001000   1.000e-03   4 3 0 0 1 4 e  3 0 0 0 0 1 e  12LyKaJaLu.3064     
5950.483280 0.001000   1.000e-03   5 3 0 0 1 4 e  4 0 0 0 0 1 e  12LyKaJaLu.3065     
5951.173190 0.001000   1.000e-03   6 3 0 0 1 4 e  5 0 0 0 0 1 e  12LyKaJaLu.3066     
5951.856030 0.001000   1.153e-03   7 3 0 0 1 4 e  6 0 0 0 0 1 e  12LyKaJaLu.3067     
5952.537310 0.001000   1.000e-03   8 3 0 0 1 4 e  7 0 0 0 0 1 e  12LyKaJaLu.3068     
5953.212470 0.001000   1.000e-03   9 3 0 0 1 4 e  8 0 0 0 0 1 e  12LyKaJaLu.3069     
5953.884320 0.001000   1.000e-03   10 3 0 0 1 4 e 9 0 0 0 0 1 e  12LyKaJaLu.3070     
5954.550530 0.001000   1.000e-03   11 3 0 0 1 4 e 10 0 0 0 0 1 e 12LyKaJaLu.3071     
5955.212970 0.001000   1.000e-03   12 3 0 0 1 4 e 11 0 0 0 0 1 e 12LyKaJaLu.3072     
5955.872110 0.001000   1.000e-03   13 3 0 0 1 4 e 12 0 0 0 0 1 e 12LyKaJaLu.3073     
5956.525850 0.001000   1.000e-03   14 3 0 0 1 4 e 13 0 0 0 0 1 e 12LyKaJaLu.3074     
5957.175340 0.001000   1.000e-03   15 3 0 0 1 4 e 14 0 0 0 0 1 e 12LyKaJaLu.3075     
5957.820200 0.001000   1.000e-03   16 3 0 0 1 4 e 15 0 0 0 0 1 e 12LyKaJaLu.3076     
5958.460670 0.001000   1.000e-03   17 3 0 0 1 4 e 16 0 0 0 0 1 e 12LyKaJaLu.3077     
5959.096040 0.001000   1.000e-03   18 3 0 0 1 4 e 17 0 0 0 0 1 e 12LyKaJaLu.3078     
5959.728490 0.001000   1.000e-03   19 3 0 0 1 4 e 18 0 0 0 0 1 e 12LyKaJaLu.3079     
5960.355240 0.001000   1.000e-03   20 3 0 0 1 4 e 19 0 0 0 0 1 e 12LyKaJaLu.3080     
5960.978410 0.001000   1.000e-03   21 3 0 0 1 4 e 20 0 0 0 0 1 e 12LyKaJaLu.3081     
5961.596630 0.001000   1.000e-03   22 3 0 0 1 4 e 21 0 0 0 0 1 e 12LyKaJaLu.3082     
5962.209320 0.001000   1.000e-03   23 3 0 0 1 4 e 22 0 0 0 0 1 e 12LyKaJaLu.3083     
5962.817800 0.001000   1.000e-03   24 3 0 0 1 4 e 23 0 0 0 0 1 e 12LyKaJaLu.3084     
5963.423400 0.001000   1.000e-03   25 3 0 0 1 4 e 24 0 0 0 0 1 e 12LyKaJaLu.3085     
5964.022720 0.001000   1.000e-03   26 3 0 0 1 4 e 25 0 0 0 0 1 e 12LyKaJaLu.3086     
5964.616610 0.001000   1.000e-03   27 3 0 0 1 4 e 26 0 0 0 0 1 e 12LyKaJaLu.3087     
5965.206540 0.001000   1.000e-03   28 3 0 0 1 4 e 27 0 0 0 0 1 e 12LyKaJaLu.3088     
5965.791300 0.001000   1.000e-03   29 3 0 0 1 4 e 28 0 0 0 0 1 e 12LyKaJaLu.3089     
5966.371260 0.001000   1.000e-03   30 3 0 0 1 4 e 29 0 0 0 0 1 e 12LyKaJaLu.3090     
5966.943550 0.001000   2.826e-03   31 3 0 0 1 4 e 30 0 0 0 0 1 e 12LyKaJaLu.3091     
5967.516520 0.001000   1.000e-03   32 3 0 0 1 4 e 31 0 0 0 0 1 e 12LyKaJaLu.3092     
5968.082300 0.001000   1.000e-03   33 3 0 0 1 4 e 32 0 0 0 0 1 e 12LyKaJaLu.3093     
5968.642570 0.001000   1.000e-03   34 3 0 0 1 4 e 33 0 0 0 0 1 e 12LyKaJaLu.3094     
5969.197420 0.001000   1.000e-03   35 3 0 0 1 4 e 34 0 0 0 0 1 e 12LyKaJaLu.3095     
5969.746160 0.001000   1.352e-03   36 3 0 0 1 4 e 35 0 0 0 0 1 e 12LyKaJaLu.3096     
5970.291370 0.001000   1.000e-03   37 3 0 0 1 4 e 36 0 0 0 0 1 e 12LyKaJaLu.3097     
5970.830260 0.001000   1.000e-03   38 3 0 0 1 4 e 37 0 0 0 0 1 e 12LyKaJaLu.3098     
5971.365160 0.001000   1.000e-03   39 3 0 0 1 4 e 38 0 0 0 0 1 e 12LyKaJaLu.3099     
5972.417370 0.001000   1.000e-03   41 3 0 0 1 4 e 40 0 0 0 0 1 e 12LyKaJaLu.3100     
6075.861140 0.001000   1.610e-03   3 3 0 0 1 3 e  2 0 0 0 0 1 e  12LyKaJaLu.3101     
6076.544020 0.001000   1.000e-03   4 3 0 0 1 3 e  3 0 0 0 0 1 e  12LyKaJaLu.3102     
6077.221160 0.001000   1.000e-03   5 3 0 0 1 3 e  4 0 0 0 0 1 e  12LyKaJaLu.3103     
6077.892000 0.001000   1.000e-03   6 3 0 0 1 3 e  5 0 0 0 0 1 e  12LyKaJaLu.3104     
6078.555140 0.001000   1.000e-03   7 3 0 0 1 3 e  6 0 0 0 0 1 e  12LyKaJaLu.3105     
6079.211140 0.001000   1.000e-03   8 3 0 0 1 3 e  7 0 0 0 0 1 e  12LyKaJaLu.3106     
6079.859410 0.001000   1.000e-03   9 3 0 0 1 3 e  8 0 0 0 0 1 e  12LyKaJaLu.3107     
6080.500910 0.001000   1.000e-03   10 3 0 0 1 3 e 9 0 0 0 0 1 e  12LyKaJaLu.3108     
6081.135070 0.001000   1.000e-03   11 3 0 0 1 3 e 10 0 0 0 0 1 e 12LyKaJaLu.3109     
6081.761600 0.001000   1.000e-03   12 3 0 0 1 3 e 11 0 0 0 0 1 e 12LyKaJaLu.3110     
6082.993600 0.001000   1.000e-03   14 3 0 0 1 3 e 13 0 0 0 0 1 e 12LyKaJaLu.3111     
6083.598370 0.001000   1.000e-03   15 3 0 0 1 3 e 14 0 0 0 0 1 e 12LyKaJaLu.3112     
6084.196100 0.001000   1.000e-03   16 3 0 0 1 3 e 15 0 0 0 0 1 e 12LyKaJaLu.3113     
6084.786470 0.001000   1.000e-03   17 3 0 0 1 3 e 16 0 0 0 0 1 e 12LyKaJaLu.3114     
6085.369560 0.001000   1.000e-03   18 3 0 0 1 3 e 17 0 0 0 0 1 e 12LyKaJaLu.3115     
6085.945470 0.001000   1.000e-03   19 3 0 0 1 3 e 18 0 0 0 0 1 e 12LyKaJaLu.3116     
6086.513740 0.001000   1.000e-03   20 3 0 0 1 3 e 19 0 0 0 0 1 e 12LyKaJaLu.3117     
6087.074800 0.001000   1.000e-03   21 3 0 0 1 3 e 20 0 0 0 0 1 e 12LyKaJaLu.3118     
6087.628480 0.001000   1.000e-03   22 3 0 0 1 3 e 21 0 0 0 0 1 e 12LyKaJaLu.3119     
6088.174950 0.001000   1.000e-03   23 3 0 0 1 3 e 22 0 0 0 0 1 e 12LyKaJaLu.3120     
6088.714190 0.001000   1.000e-03   24 3 0 0 1 3 e 23 0 0 0 0 1 e 12LyKaJaLu.3121     
6089.245920 0.001000   1.000e-03   25 3 0 0 1 3 e 24 0 0 0 0 1 e 12LyKaJaLu.3122     
6089.770390 0.001000   1.000e-03   26 3 0 0 1 3 e 25 0 0 0 0 1 e 12LyKaJaLu.3123     
6090.797210 0.001000   1.000e-03   28 3 0 0 1 3 e 27 0 0 0 0 1 e 12LyKaJaLu.3124     
6091.300020 0.001000   1.000e-03   29 3 0 0 1 3 e 28 0 0 0 0 1 e 12LyKaJaLu.3125     
6091.796230 0.001000   1.000e-03   30 3 0 0 1 3 e 29 0 0 0 0 1 e 12LyKaJaLu.3126     
6092.287910 0.001000   1.000e-03   31 3 0 0 1 3 e 30 0 0 0 0 1 e 12LyKaJaLu.3127     
6093.231870 0.001000   1.000e-03   33 3 0 0 1 3 e 32 0 0 0 0 1 e 12LyKaJaLu.3128     
6093.697350 0.001000   1.000e-03   34 3 0 0 1 3 e 33 0 0 0 0 1 e 12LyKaJaLu.3129     
6094.155740 0.001000   1.000e-03   35 3 0 0 1 3 e 34 0 0 0 0 1 e 12LyKaJaLu.3130     
6095.049810 0.001000   1.000e-03   37 3 0 0 1 3 e 36 0 0 0 0 1 e 12LyKaJaLu.3131     
6095.485740 0.001000   1.000e-03   38 3 0 0 1 3 e 37 0 0 0 0 1 e 12LyKaJaLu.3132     
6095.914720 0.001000   1.000e-03   39 3 0 0 1 3 e 38 0 0 0 0 1 e 12LyKaJaLu.3133     
6096.335290 0.001000   1.000e-03   40 3 0 0 1 3 e 39 0 0 0 0 1 e 12LyKaJaLu.3134     
6096.748880 0.001000   1.000e-03   41 3 0 0 1 3 e 40 0 0 0 0 1 e 12LyKaJaLu.3135     
6097.154850 0.001000   1.000e-03   42 3 0 0 1 3 e 41 0 0 0 0 1 e 12LyKaJaLu.3136     
6097.554600 0.001000   1.000e-03   43 3 0 0 1 3 e 42 0 0 0 0 1 e 12LyKaJaLu.3137     
6097.945060 0.001000   1.000e-03   44 3 0 0 1 3 e 43 0 0 0 0 1 e 12LyKaJaLu.3138     
6098.329570 0.001000   1.000e-03   45 3 0 0 1 3 e 44 0 0 0 0 1 e 12LyKaJaLu.3139     
6098.703550 0.001000   1.000e-03   46 3 0 0 1 3 e 45 0 0 0 0 1 e 12LyKaJaLu.3140     
6099.075030 0.001000   1.104e-03   47 3 0 0 1 3 e 46 0 0 0 0 1 e 12LyKaJaLu.3141     
6099.433480 0.001000   1.000e-03   48 3 0 0 1 3 e 47 0 0 0 0 1 e 12LyKaJaLu.3142     
6099.789100 0.001000   1.000e-03   49 3 0 0 1 3 e 48 0 0 0 0 1 e 12LyKaJaLu.3143     
6100.140960 0.001000   5.105e-03   50 3 0 0 1 3 e 49 0 0 0 0 1 e 12LyKaJaLu.3144     
6100.476180 0.001000   1.000e-03   51 3 0 0 1 3 e 50 0 0 0 0 1 e 12LyKaJaLu.3145     
6211.254050 0.001000   1.000e-03   5 3 0 0 1 2 e  4 0 0 0 0 1 e  12LyKaJaLu.3146     
6211.938050 0.001000   1.000e-03   6 3 0 0 1 2 e  5 0 0 0 0 1 e  12LyKaJaLu.3147     
6212.616780 0.001000   1.000e-03   7 3 0 0 1 2 e  6 0 0 0 0 1 e  12LyKaJaLu.3148     
6213.289180 0.001000   1.000e-03   8 3 0 0 1 2 e  7 0 0 0 0 1 e  12LyKaJaLu.3149     
6213.958490 0.001000   1.000e-03   9 3 0 0 1 2 e  8 0 0 0 0 1 e  12LyKaJaLu.3150     
6214.622390 0.001000   1.000e-03   10 3 0 0 1 2 e 9 0 0 0 0 1 e  12LyKaJaLu.3151     
6215.280020 0.001000   1.000e-03   11 3 0 0 1 2 e 10 0 0 0 0 1 e 12LyKaJaLu.3152     
6215.933520 0.001000   1.000e-03   12 3 0 0 1 2 e 11 0 0 0 0 1 e 12LyKaJaLu.3153     
6216.582790 0.001000   1.000e-03   13 3 0 0 1 2 e 12 0 0 0 0 1 e 12LyKaJaLu.3154     
6217.225870 0.001000   1.000e-03   14 3 0 0 1 2 e 13 0 0 0 0 1 e 12LyKaJaLu.3155     
6217.863420 0.001000   1.000e-03   15 3 0 0 1 2 e 14 0 0 0 0 1 e 12LyKaJaLu.3156     
6218.497320 0.001000   1.000e-03   16 3 0 0 1 2 e 15 0 0 0 0 1 e 12LyKaJaLu.3157     
6219.125400 0.001000   1.000e-03   17 3 0 0 1 2 e 16 0 0 0 0 1 e 12LyKaJaLu.3158     
6219.749020 0.001000   1.000e-03   18 3 0 0 1 2 e 17 0 0 0 0 1 e 12LyKaJaLu.3159     
6220.367570 0.001000   1.000e-03   19 3 0 0 1 2 e 18 0 0 0 0 1 e 12LyKaJaLu.3160     
6220.981330 0.001000   1.000e-03   20 3 0 0 1 2 e 19 0 0 0 0 1 e 12LyKaJaLu.3161     
6221.589370 0.001000   1.000e-03   21 3 0 0 1 2 e 20 0 0 0 0 1 e 12LyKaJaLu.3162     
6222.193800 0.001000   1.000e-03   22 3 0 0 1 2 e 21 0 0 0 0 1 e 12LyKaJaLu.3163     
6222.791990 0.001000   1.000e-03   23 3 0 0 1 2 e 22 0 0 0 0 1 e 12LyKaJaLu.3164     
6223.386090 0.001000   1.000e-03   24 3 0 0 1 2 e 23 0 0 0 0 1 e 12LyKaJaLu.3165     
6223.975500 0.001000   1.000e-03   25 3 0 0 1 2 e 24 0 0 0 0 1 e 12LyKaJaLu.3166     
6225.139070 0.001000   1.000e-03   27 3 0 0 1 2 e 26 0 0 0 0 1 e 12LyKaJaLu.3167     
6225.713230 0.001000   1.000e-03   28 3 0 0 1 2 e 27 0 0 0 0 1 e 12LyKaJaLu.3168     
6226.283460 0.001000   1.000e-03   29 3 0 0 1 2 e 28 0 0 0 0 1 e 12LyKaJaLu.3169     
6226.848120 0.001000   1.000e-03   30 3 0 0 1 2 e 29 0 0 0 0 1 e 12LyKaJaLu.3170     
6227.407860 0.001000   1.000e-03   31 3 0 0 1 2 e 30 0 0 0 0 1 e 12LyKaJaLu.3171     
6227.963470 0.001000   1.000e-03   32 3 0 0 1 2 e 31 0 0 0 0 1 e 12LyKaJaLu.3172     
6228.514360 0.001000   1.000e-03   33 3 0 0 1 2 e 32 0 0 0 0 1 e 12LyKaJaLu.3173     
6229.061150 0.001000   1.000e-03   34 3 0 0 1 2 e 33 0 0 0 0 1 e 12LyKaJaLu.3174     
6229.601650 0.001000   1.000e-03   35 3 0 0 1 2 e 34 0 0 0 0 1 e 12LyKaJaLu.3175     
6230.139320 0.001000   1.000e-03   36 3 0 0 1 2 e 35 0 0 0 0 1 e 12LyKaJaLu.3176     
6230.670720 0.001000   1.000e-03   37 3 0 0 1 2 e 36 0 0 0 0 1 e 12LyKaJaLu.3177     
6894.408690 0.001000   1.000e-03   1 0 0 0 3 1 e  0 0 0 0 0 1 e  12LyKaJaLu.3178     
6895.090270 0.001000   1.000e-03   2 0 0 0 3 1 e  1 0 0 0 0 1 e  12LyKaJaLu.3179     
6895.752870 0.001000   1.000e-03   3 0 0 0 3 1 e  2 0 0 0 0 1 e  12LyKaJaLu.3180     
6896.399200 0.001000   1.000e-03   4 0 0 0 3 1 e  3 0 0 0 0 1 e  12LyKaJaLu.3181     
6897.028550 0.001000   1.000e-03   5 0 0 0 3 1 e  4 0 0 0 0 1 e  12LyKaJaLu.3182     
6897.641980 0.001000   1.000e-03   6 0 0 0 3 1 e  5 0 0 0 0 1 e  12LyKaJaLu.3183     
6898.237920 0.001000   1.000e-03   7 0 0 0 3 1 e  6 0 0 0 0 1 e  12LyKaJaLu.3184     
6898.816900 0.001000   1.000e-03   8 0 0 0 3 1 e  7 0 0 0 0 1 e  12LyKaJaLu.3185     
6899.379030 0.001000   1.000e-03   9 0 0 0 3 1 e  8 0 0 0 0 1 e  12LyKaJaLu.3186     
6900.452680 0.001000   1.000e-03   11 0 0 0 3 1 e 10 0 0 0 0 1 e 12LyKaJaLu.3187     
6900.964300 0.001000   1.000e-03   12 0 0 0 3 1 e 11 0 0 0 0 1 e 12LyKaJaLu.3188     
6901.459510 0.001000   1.000e-03   13 0 0 0 3 1 e 12 0 0 0 0 1 e 12LyKaJaLu.3189     
6901.939410 0.001000   1.571e-03   14 0 0 0 3 1 e 13 0 0 0 0 1 e 12LyKaJaLu.3190     
6902.398460 0.001000   1.000e-03   15 0 0 0 3 1 e 14 0 0 0 0 1 e 12LyKaJaLu.3191     
6903.269930 0.001000   1.000e-03   17 0 0 0 3 1 e 16 0 0 0 0 1 e 12LyKaJaLu.3192     
6903.680510 0.001000   1.000e-03   18 0 0 0 3 1 e 17 0 0 0 0 1 e 12LyKaJaLu.3193     
6904.073930 0.001000   1.000e-03   19 0 0 0 3 1 e 18 0 0 0 0 1 e 12LyKaJaLu.3194     
6904.450460 0.001000   1.000e-03   20 0 0 0 3 1 e 19 0 0 0 0 1 e 12LyKaJaLu.3195     
6904.810600 0.001000   1.000e-03   21 0 0 0 3 1 e 20 0 0 0 0 1 e 12LyKaJaLu.3196     
6905.153430 0.001000   1.000e-03   22 0 0 0 3 1 e 21 0 0 0 0 1 e 12LyKaJaLu.3197     
6905.479250 0.001000   1.000e-03   23 0 0 0 3 1 e 22 0 0 0 0 1 e 12LyKaJaLu.3198     
6905.788550 0.001000   1.000e-03   24 0 0 0 3 1 e 23 0 0 0 0 1 e 12LyKaJaLu.3199     
6906.080850 0.001000   1.000e-03   25 0 0 0 3 1 e 24 0 0 0 0 1 e 12LyKaJaLu.3200     
6906.356170 0.001000   1.000e-03   26 0 0 0 3 1 e 25 0 0 0 0 1 e 12LyKaJaLu.3201     
6906.614660 0.001000   1.000e-03   27 0 0 0 3 1 e 26 0 0 0 0 1 e 12LyKaJaLu.3202     
6906.856140 0.001000   1.000e-03   28 0 0 0 3 1 e 27 0 0 0 0 1 e 12LyKaJaLu.3203     
6907.288730 0.001000   1.000e-03   30 0 0 0 3 1 e 29 0 0 0 0 1 e 12LyKaJaLu.3204     
6907.479310 0.001000   1.000e-03   31 0 0 0 3 1 e 30 0 0 0 0 1 e 12LyKaJaLu.3205     
6907.653160 0.001000   1.000e-03   32 0 0 0 3 1 e 31 0 0 0 0 1 e 12LyKaJaLu.3206     
6907.810410 0.001000   1.000e-03   33 0 0 0 3 1 e 32 0 0 0 0 1 e 12LyKaJaLu.3207     
6907.950660 0.001000   1.000e-03   34 0 0 0 3 1 e 33 0 0 0 0 1 e 12LyKaJaLu.3208     
6908.073690 0.001000   1.000e-03   35 0 0 0 3 1 e 34 0 0 0 0 1 e 12LyKaJaLu.3209     
6908.179790 0.001000   1.000e-03   36 0 0 0 3 1 e 35 0 0 0 0 1 e 12LyKaJaLu.3210     
6908.269660 0.001000   1.000e-03   37 0 0 0 3 1 e 36 0 0 0 0 1 e 12LyKaJaLu.3211     
6908.397810 0.001000   1.000e-03   39 0 0 0 3 1 e 38 0 0 0 0 1 e 12LyKaJaLu.3212     
6908.435520 0.001000   1.000e-03   40 0 0 0 3 1 e 39 0 0 0 0 1 e 12LyKaJaLu.3213     
8144.098140 0.002000   2.000e-03   36 1 0 0 3 1 e 37 0 0 0 0 1 e 13GoHeLy.1          
8145.389950 0.002000   2.000e-03   35 1 0 0 3 1 e 36 0 0 0 0 1 e 13GoHeLy.2          
8146.665210 0.002000   2.000e-03   34 1 0 0 3 1 e 35 0 0 0 0 1 e 13GoHeLy.3          
8149.169560 0.002000   4.124e-03   32 1 0 0 3 1 e 33 0 0 0 0 1 e 13GoHeLy.4          
8150.392660 0.002000   2.000e-03   31 1 0 0 3 1 e 32 0 0 0 0 1 e 13GoHeLy.5          
8151.601530 0.002000   2.000e-03   30 1 0 0 3 1 e 31 0 0 0 0 1 e 13GoHeLy.6          
8152.800930 0.002000   2.000e-03   29 1 0 0 3 1 e 30 0 0 0 0 1 e 13GoHeLy.7          
8153.977400 0.002000   2.664e-03   28 1 0 0 3 1 e 29 0 0 0 0 1 e 13GoHeLy.8          
8155.138870 0.002000   2.000e-03   27 1 0 0 3 1 e 28 0 0 0 0 1 e 13GoHeLy.9          
8157.415680 0.002000   2.000e-03   25 1 0 0 3 1 e 26 0 0 0 0 1 e 13GoHeLy.10         
8158.531350 0.002000   2.000e-03   24 1 0 0 3 1 e 25 0 0 0 0 1 e 13GoHeLy.11         
8159.632310 0.002000   2.000e-03   23 1 0 0 3 1 e 24 0 0 0 0 1 e 13GoHeLy.12         
8160.714330 0.002000   2.000e-03   22 1 0 0 3 1 e 23 0 0 0 0 1 e 13GoHeLy.13         
8161.781280 0.002000   2.000e-03   21 1 0 0 3 1 e 22 0 0 0 0 1 e 13GoHeLy.14         
8162.829480 0.002000   2.617e-03   20 1 0 0 3 1 e 21 0 0 0 0 1 e 13GoHeLy.15         
8163.869140 0.002000   2.000e-03   19 1 0 0 3 1 e 20 0 0 0 0 1 e 13GoHeLy.16         
8164.887450 0.002000   2.000e-03   18 1 0 0 3 1 e 19 0 0 0 0 1 e 13GoHeLy.17         
8165.890150 0.002000   2.000e-03   17 1 0 0 3 1 e 18 0 0 0 0 1 e 13GoHeLy.18         
8166.878090 0.002000   2.000e-03   16 1 0 0 3 1 e 17 0 0 0 0 1 e 13GoHeLy.19         
8167.849140 0.002000   2.000e-03   15 1 0 0 3 1 e 16 0 0 0 0 1 e 13GoHeLy.20         
8168.804120 0.002000   2.000e-03   14 1 0 0 3 1 e 15 0 0 0 0 1 e 13GoHeLy.21         
8169.741910 0.002000   2.000e-03   13 1 0 0 3 1 e 14 0 0 0 0 1 e 13GoHeLy.22         
8171.572530 0.002000   2.000e-03   11 1 0 0 3 1 e 12 0 0 0 0 1 e 13GoHeLy.23         
8172.466050 0.002000   2.000e-03   10 1 0 0 3 1 e 11 0 0 0 0 1 e 13GoHeLy.24         
8173.339430 0.002000   6.773e-03   9 1 0 0 3 1 e  10 0 0 0 0 1 e 13GoHeLy.25         
8174.197440 0.002000   2.000e-03   8 1 0 0 3 1 e  9 0 0 0 0 1 e  13GoHeLy.26         
8175.042120 0.002000   2.000e-03   7 1 0 0 3 1 e  8 0 0 0 0 1 e  13GoHeLy.27         
8176.677460 0.002000   6.780e-03   5 1 0 0 3 1 e  6 0 0 0 0 1 e  13GoHeLy.28         
8177.474730 0.002000   2.000e-03   4 1 0 0 3 1 e  5 0 0 0 0 1 e  13GoHeLy.29         
8178.252020 0.002000   2.000e-03   3 1 0 0 3 1 e  4 0 0 0 0 1 e  13GoHeLy.30         
8035.745630 0.002000   2.000e-03   40 1 0 0 3 2 e 41 0 0 0 0 1 e 13GoHeLy.31         
8037.122190 0.002000   2.000e-03   39 1 0 0 3 2 e 40 0 0 0 0 1 e 13GoHeLy.32         
8039.848540 0.002000   2.000e-03   37 1 0 0 3 2 e 38 0 0 0 0 1 e 13GoHeLy.33         
8041.186160 0.002000   2.000e-03   36 1 0 0 3 2 e 37 0 0 0 0 1 e 13GoHeLy.34         
8042.501680 0.002000   2.360e-03   35 1 0 0 3 2 e 36 0 0 0 0 1 e 13GoHeLy.35         
8043.805480 0.002000   2.000e-03   34 1 0 0 3 2 e 35 0 0 0 0 1 e 13GoHeLy.36         
8045.089470 0.002000   2.000e-03   33 1 0 0 3 2 e 34 0 0 0 0 1 e 13GoHeLy.37         
8046.356020 0.002000   2.000e-03   32 1 0 0 3 2 e 33 0 0 0 0 1 e 13GoHeLy.38         
8047.607010 0.002000   2.000e-03   31 1 0 0 3 2 e 32 0 0 0 0 1 e 13GoHeLy.39         
8048.841900 0.002000   2.000e-03   30 1 0 0 3 2 e 31 0 0 0 0 1 e 13GoHeLy.40         
8050.058680 0.002000   2.000e-03   29 1 0 0 3 2 e 30 0 0 0 0 1 e 13GoHeLy.41         
8051.260450 0.002000   2.000e-03   28 1 0 0 3 2 e 29 0 0 0 0 1 e 13GoHeLy.42         
8052.442200 0.002000   2.000e-03   27 1 0 0 3 2 e 28 0 0 0 0 1 e 13GoHeLy.43         
8053.609110 0.002000   2.000e-03   26 1 0 0 3 2 e 27 0 0 0 0 1 e 13GoHeLy.44         
8054.757410 0.002000   2.000e-03   25 1 0 0 3 2 e 26 0 0 0 0 1 e 13GoHeLy.45         
8055.892060 0.002000   2.000e-03   24 1 0 0 3 2 e 25 0 0 0 0 1 e 13GoHeLy.46         
8057.006750 0.002000   2.000e-03   23 1 0 0 3 2 e 24 0 0 0 0 1 e 13GoHeLy.47         
8058.107290 0.002000   2.000e-03   22 1 0 0 3 2 e 23 0 0 0 0 1 e 13GoHeLy.48         
8059.189870 0.002000   2.000e-03   21 1 0 0 3 2 e 22 0 0 0 0 1 e 13GoHeLy.49         
8060.253940 0.002000   2.000e-03   20 1 0 0 3 2 e 21 0 0 0 0 1 e 13GoHeLy.50         
8061.304430 0.002000   2.000e-03   19 1 0 0 3 2 e 20 0 0 0 0 1 e 13GoHeLy.51         
8062.336580 0.002000   2.000e-03   18 1 0 0 3 2 e 19 0 0 0 0 1 e 13GoHeLy.52         
8063.351030 0.002000   2.000e-03   17 1 0 0 3 2 e 18 0 0 0 0 1 e 13GoHeLy.53         
8064.349170 0.002000   2.000e-03   16 1 0 0 3 2 e 17 0 0 0 0 1 e 13GoHeLy.54         
8065.331940 0.002000   2.000e-03   15 1 0 0 3 2 e 16 0 0 0 0 1 e 13GoHeLy.55         
8066.294630 0.002000   2.000e-03   14 1 0 0 3 2 e 15 0 0 0 0 1 e 13GoHeLy.56         
8067.243920 0.002000   2.000e-03   13 1 0 0 3 2 e 14 0 0 0 0 1 e 13GoHeLy.57         
8068.177200 0.002000   2.000e-03   12 1 0 0 3 2 e 13 0 0 0 0 1 e 13GoHeLy.58         
8069.089890 0.002000   2.000e-03   11 1 0 0 3 2 e 12 0 0 0 0 1 e 13GoHeLy.59         
8069.987520 0.002000   2.000e-03   10 1 0 0 3 2 e 11 0 0 0 0 1 e 13GoHeLy.60         
8070.870030 0.002000   2.000e-03   9 1 0 0 3 2 e  10 0 0 0 0 1 e 13GoHeLy.61         
8071.733300 0.002000   2.000e-03   8 1 0 0 3 2 e  9 0 0 0 0 1 e  13GoHeLy.62         
8072.582710 0.002000   2.000e-03   7 1 0 0 3 2 e  8 0 0 0 0 1 e  13GoHeLy.63         
8073.412340 0.002000   2.000e-03   6 1 0 0 3 2 e  7 0 0 0 0 1 e  13GoHeLy.64         
8074.229850 0.002000   2.058e-03   5 1 0 0 3 2 e  6 0 0 0 0 1 e  13GoHeLy.65         
8075.024810 0.002000   2.000e-03   4 1 0 0 3 2 e  5 0 0 0 0 1 e  13GoHeLy.66         
8075.803610 0.002000   2.000e-03   3 1 0 0 3 2 e  4 0 0 0 0 1 e  13GoHeLy.67         
8076.568480 0.002000   2.000e-03   2 1 0 0 3 2 e  3 0 0 0 0 1 e  13GoHeLy.68         
8077.316600 0.002000   2.000e-03   1 1 0 0 3 2 e  2 0 0 0 0 1 e  13GoHeLy.69         
8183.249410 0.002000   2.000e-03   3 1 0 0 3 1 e  2 0 0 0 0 1 e  13GoHeLy.70         
8183.898480 0.002000   2.000e-03   4 1 0 0 3 1 e  3 0 0 0 0 1 e  13GoHeLy.71         
8184.516380 0.002000   6.780e-03   5 1 0 0 3 1 e  4 0 0 0 0 1 e  13GoHeLy.72         
8185.149650 0.002000   2.638e-03   6 1 0 0 3 1 e  5 0 0 0 0 1 e  13GoHeLy.73         
8185.748020 0.002000   2.000e-03   7 1 0 0 3 1 e  6 0 0 0 0 1 e  13GoHeLy.74         
8186.335920 0.002000   3.137e-03   8 1 0 0 3 1 e  7 0 0 0 0 1 e  13GoHeLy.75         
8186.888650 0.002000   6.773e-03   9 1 0 0 3 1 e  8 0 0 0 0 1 e  13GoHeLy.76         
8187.454730 0.002000   2.000e-03   10 1 0 0 3 1 e 9 0 0 0 0 1 e  13GoHeLy.77         
8187.991320 0.002000   2.000e-03   11 1 0 0 3 1 e 10 0 0 0 0 1 e 13GoHeLy.78         
8188.511740 0.002000   2.000e-03   12 1 0 0 3 1 e 11 0 0 0 0 1 e 13GoHeLy.79         
8189.015890 0.002000   2.000e-03   13 1 0 0 3 1 e 12 0 0 0 0 1 e 13GoHeLy.80         
8189.503820 0.002000   2.000e-03   14 1 0 0 3 1 e 13 0 0 0 0 1 e 13GoHeLy.81         
8189.975860 0.002000   2.000e-03   15 1 0 0 3 1 e 14 0 0 0 0 1 e 13GoHeLy.82         
8190.431190 0.002000   2.000e-03   16 1 0 0 3 1 e 15 0 0 0 0 1 e 13GoHeLy.83         
8190.871250 0.002000   2.000e-03   17 1 0 0 3 1 e 16 0 0 0 0 1 e 13GoHeLy.84         
8191.295620 0.002000   2.000e-03   18 1 0 0 3 1 e 17 0 0 0 0 1 e 13GoHeLy.85         
8191.703650 0.002000   2.000e-03   19 1 0 0 3 1 e 18 0 0 0 0 1 e 13GoHeLy.86         
8192.095210 0.002000   2.532e-03   20 1 0 0 3 1 e 19 0 0 0 0 1 e 13GoHeLy.87         
8192.469440 0.002000   2.049e-03   21 1 0 0 3 1 e 20 0 0 0 0 1 e 13GoHeLy.88         
8192.828370 0.002000   2.000e-03   22 1 0 0 3 1 e 21 0 0 0 0 1 e 13GoHeLy.89         
8193.171610 0.002000   2.000e-03   23 1 0 0 3 1 e 22 0 0 0 0 1 e 13GoHeLy.90         
8193.497430 0.002000   2.000e-03   24 1 0 0 3 1 e 23 0 0 0 0 1 e 13GoHeLy.91         
8193.809850 0.002000   2.000e-03   25 1 0 0 3 1 e 24 0 0 0 0 1 e 13GoHeLy.92         
8194.104480 0.002000   2.000e-03   26 1 0 0 3 1 e 25 0 0 0 0 1 e 13GoHeLy.93         
8194.382680 0.002000   2.000e-03   27 1 0 0 3 1 e 26 0 0 0 0 1 e 13GoHeLy.94         
8194.644850 0.002000   2.000e-03   28 1 0 0 3 1 e 27 0 0 0 0 1 e 13GoHeLy.95         
8194.893070 0.002000   2.000e-03   29 1 0 0 3 1 e 28 0 0 0 0 1 e 13GoHeLy.96         
8195.121290 0.002000   2.000e-03   30 1 0 0 3 1 e 29 0 0 0 0 1 e 13GoHeLy.97         
8195.337110 0.002000   2.000e-03   31 1 0 0 3 1 e 30 0 0 0 0 1 e 13GoHeLy.98         
8195.535190 0.002000   2.000e-03   32 1 0 0 3 1 e 31 0 0 0 0 1 e 13GoHeLy.99         
8195.726090 0.002000   2.000e-03   33 1 0 0 3 1 e 32 0 0 0 0 1 e 13GoHeLy.100        
8195.885530 0.002000   2.000e-03   34 1 0 0 3 1 e 33 0 0 0 0 1 e 13GoHeLy.101        
8196.037830 0.002000   2.000e-03   35 1 0 0 3 1 e 34 0 0 0 0 1 e 13GoHeLy.102        
8196.289270 0.002000   2.000e-03   37 1 0 0 3 1 e 36 0 0 0 0 1 e 13GoHeLy.103        
8196.390430 0.002000   2.000e-03   38 1 0 0 3 1 e 37 0 0 0 0 1 e 13GoHeLy.104        
8196.481180 0.002000   2.000e-03   39 1 0 0 3 1 e 38 0 0 0 0 1 e 13GoHeLy.105        
8196.553430 0.002000   2.816e-03   40 1 0 0 3 1 e 39 0 0 0 0 1 e 13GoHeLy.106        
8196.606280 0.002000   2.000e-03   41 1 0 0 3 1 e 40 0 0 0 0 1 e 13GoHeLy.107        
8196.647020 0.002000   2.000e-03   42 1 0 0 3 1 e 41 0 0 0 0 1 e 13GoHeLy.108        
8196.671440 0.002000   2.000e-03   43 1 0 0 3 1 e 42 0 0 0 0 1 e 13GoHeLy.109        
8080.800260 0.002000   2.000e-03   3 1 0 0 3 2 e  2 0 0 0 0 1 e  13GoHeLy.110        
8081.451150 0.002000   2.000e-03   4 1 0 0 3 2 e  3 0 0 0 0 1 e  13GoHeLy.111        
8082.078120 0.002000   2.058e-03   5 1 0 0 3 2 e  4 0 0 0 0 1 e  13GoHeLy.112        
8082.695020 0.002000   2.000e-03   6 1 0 0 3 2 e  5 0 0 0 0 1 e  13GoHeLy.113        
8083.290830 0.002000   2.000e-03   7 1 0 0 3 2 e  6 0 0 0 0 1 e  13GoHeLy.114        
8083.869230 0.002000   2.000e-03   8 1 0 0 3 2 e  7 0 0 0 0 1 e  13GoHeLy.115        
8084.434550 0.002000   2.000e-03   9 1 0 0 3 2 e  8 0 0 0 0 1 e  13GoHeLy.116        
8084.979560 0.002000   2.000e-03   10 1 0 0 3 2 e 9 0 0 0 0 1 e  13GoHeLy.117        
8085.509080 0.002000   2.000e-03   11 1 0 0 3 2 e 10 0 0 0 0 1 e 13GoHeLy.118        
8086.019940 0.002000   2.000e-03   12 1 0 0 3 2 e 11 0 0 0 0 1 e 13GoHeLy.119        
8086.513710 0.002000   2.916e-03   13 1 0 0 3 2 e 12 0 0 0 0 1 e 13GoHeLy.120        
8086.993830 0.002000   2.000e-03   14 1 0 0 3 2 e 13 0 0 0 0 1 e 13GoHeLy.121        
8087.457310 0.002000   2.000e-03   15 1 0 0 3 2 e 14 0 0 0 0 1 e 13GoHeLy.122        
8087.903110 0.002000   2.000e-03   16 1 0 0 3 2 e 15 0 0 0 0 1 e 13GoHeLy.123        
8088.331830 0.002000   2.000e-03   17 1 0 0 3 2 e 16 0 0 0 0 1 e 13GoHeLy.124        
8088.742480 0.002000   2.000e-03   18 1 0 0 3 2 e 17 0 0 0 0 1 e 13GoHeLy.125        
8089.136870 0.002000   2.000e-03   19 1 0 0 3 2 e 18 0 0 0 0 1 e 13GoHeLy.126        
8089.514900 0.002000   2.000e-03   20 1 0 0 3 2 e 19 0 0 0 0 1 e 13GoHeLy.127        
8089.876450 0.002000   2.000e-03   21 1 0 0 3 2 e 20 0 0 0 0 1 e 13GoHeLy.128        
8090.220020 0.002000   2.000e-03   22 1 0 0 3 2 e 21 0 0 0 0 1 e 13GoHeLy.129        
8090.548630 0.002000   2.000e-03   23 1 0 0 3 2 e 22 0 0 0 0 1 e 13GoHeLy.130        
8090.858440 0.002000   2.000e-03   24 1 0 0 3 2 e 23 0 0 0 0 1 e 13GoHeLy.131        
8091.151670 0.002000   2.000e-03   25 1 0 0 3 2 e 24 0 0 0 0 1 e 13GoHeLy.132        
8091.429110 0.002000   2.000e-03   26 1 0 0 3 2 e 25 0 0 0 0 1 e 13GoHeLy.133        
8091.686430 0.002000   2.000e-03   27 1 0 0 3 2 e 26 0 0 0 0 1 e 13GoHeLy.134        
8091.927900 0.002000   2.000e-03   28 1 0 0 3 2 e 27 0 0 0 0 1 e 13GoHeLy.135        
8092.153430 0.002000   2.000e-03   29 1 0 0 3 2 e 28 0 0 0 0 1 e 13GoHeLy.136        
8092.359450 0.002000   3.289e-03   30 1 0 0 3 2 e 29 0 0 0 0 1 e 13GoHeLy.137        
8092.554430 0.002000   2.000e-03   31 1 0 0 3 2 e 30 0 0 0 0 1 e 13GoHeLy.138        
8092.728890 0.002000   2.000e-03   32 1 0 0 3 2 e 31 0 0 0 0 1 e 13GoHeLy.139        
8092.886330 0.002000   2.000e-03   33 1 0 0 3 2 e 32 0 0 0 0 1 e 13GoHeLy.140        
8093.026720 0.002000   2.000e-03   34 1 0 0 3 2 e 33 0 0 0 0 1 e 13GoHeLy.141        
8093.149380 0.002000   2.000e-03   35 1 0 0 3 2 e 34 0 0 0 0 1 e 13GoHeLy.142        
4618.154570 0.000300   3.000e-04   2 0 0 0 2 1 e  3 0 0 0 0 1 e  14BoJaLyTa.1        
4617.406890 0.000300   3.000e-04   3 0 0 0 2 1 e  4 0 0 0 0 1 e  14BoJaLyTa.2        
4616.648140 0.000300   3.000e-04   4 0 0 0 2 1 e  5 0 0 0 0 1 e  14BoJaLyTa.3        
4615.878050 0.000300   3.000e-04   5 0 0 0 2 1 e  6 0 0 0 0 1 e  14BoJaLyTa.4        
4615.096960 0.000300   3.000e-04   6 0 0 0 2 1 e  7 0 0 0 0 1 e  14BoJaLyTa.5        
4614.304590 0.000300   3.000e-04   7 0 0 0 2 1 e  8 0 0 0 0 1 e  14BoJaLyTa.6        
4613.500960 0.000300   3.000e-04   8 0 0 0 2 1 e  9 0 0 0 0 1 e  14BoJaLyTa.7        
4612.686140 0.000300   3.000e-04   9 0 0 0 2 1 e  10 0 0 0 0 1 e 14BoJaLyTa.8        
4611.860140 0.000300   3.000e-04   10 0 0 0 2 1 e 11 0 0 0 0 1 e 14BoJaLyTa.9        
4611.023020 0.000300   3.000e-04   11 0 0 0 2 1 e 12 0 0 0 0 1 e 14BoJaLyTa.10       
4610.174990 0.000300   3.000e-04   12 0 0 0 2 1 e 13 0 0 0 0 1 e 14BoJaLyTa.11       
4609.314970 0.000300   3.000e-04   13 0 0 0 2 1 e 14 0 0 0 0 1 e 14BoJaLyTa.12       
4608.444290 0.000300   3.000e-04   14 0 0 0 2 1 e 15 0 0 0 0 1 e 14BoJaLyTa.13       
4607.562290 0.000300   3.000e-04   15 0 0 0 2 1 e 16 0 0 0 0 1 e 14BoJaLyTa.14       
4606.669200 0.000300   3.000e-04   16 0 0 0 2 1 e 17 0 0 0 0 1 e 14BoJaLyTa.15       
4605.764880 0.000300   3.000e-04   17 0 0 0 2 1 e 18 0 0 0 0 1 e 14BoJaLyTa.16       
4604.849360 0.000300   3.000e-04   18 0 0 0 2 1 e 19 0 0 0 0 1 e 14BoJaLyTa.17       
4603.922710 0.000300   3.000e-04   19 0 0 0 2 1 e 20 0 0 0 0 1 e 14BoJaLyTa.18       
4602.984830 0.000300   3.000e-04   20 0 0 0 2 1 e 21 0 0 0 0 1 e 14BoJaLyTa.19       
4602.035920 0.000300   3.000e-04   21 0 0 0 2 1 e 22 0 0 0 0 1 e 14BoJaLyTa.20       
4601.075810 0.000300   3.000e-04   22 0 0 0 2 1 e 23 0 0 0 0 1 e 14BoJaLyTa.21       
4600.104440 0.000300   3.000e-04   23 0 0 0 2 1 e 24 0 0 0 0 1 e 14BoJaLyTa.22       
4599.121470 0.000300   3.000e-04   24 0 0 0 2 1 e 25 0 0 0 0 1 e 14BoJaLyTa.23       
4598.128260 0.000300   3.000e-04   25 0 0 0 2 1 e 26 0 0 0 0 1 e 14BoJaLyTa.24       
4597.123450 0.000300   3.000e-04   26 0 0 0 2 1 e 27 0 0 0 0 1 e 14BoJaLyTa.25       
4596.107490 0.000300   3.000e-04   27 0 0 0 2 1 e 28 0 0 0 0 1 e 14BoJaLyTa.26       
4595.080430 0.000300   3.000e-04   28 0 0 0 2 1 e 29 0 0 0 0 1 e 14BoJaLyTa.27       
4594.042150 0.000300   3.000e-04   29 0 0 0 2 1 e 30 0 0 0 0 1 e 14BoJaLyTa.28       
4592.992680 0.000300   3.000e-04   30 0 0 0 2 1 e 31 0 0 0 0 1 e 14BoJaLyTa.29       
4591.932260 0.000300   3.000e-04   31 0 0 0 2 1 e 32 0 0 0 0 1 e 14BoJaLyTa.30       
4590.859520 0.000300   9.463e-04   32 0 0 0 2 1 e 33 0 0 0 0 1 e 14BoJaLyTa.31       
4589.777780 0.000300   3.000e-04   33 0 0 0 2 1 e 34 0 0 0 0 1 e 14BoJaLyTa.32       
4588.684010 0.000300   3.000e-04   34 0 0 0 2 1 e 35 0 0 0 0 1 e 14BoJaLyTa.33       
4587.578900 0.000300   3.000e-04   35 0 0 0 2 1 e 36 0 0 0 0 1 e 14BoJaLyTa.34       
4586.462710 0.000300   3.000e-04   36 0 0 0 2 1 e 37 0 0 0 0 1 e 14BoJaLyTa.35       
4585.335420 0.000300   3.000e-04   37 0 0 0 2 1 e 38 0 0 0 0 1 e 14BoJaLyTa.36       
4584.196920 0.000300   3.000e-04   38 0 0 0 2 1 e 39 0 0 0 0 1 e 14BoJaLyTa.37       
4583.047270 0.000300   3.000e-04   39 0 0 0 2 1 e 40 0 0 0 0 1 e 14BoJaLyTa.38       
4581.886990 0.000300   3.000e-04   40 0 0 0 2 1 e 41 0 0 0 0 1 e 14BoJaLyTa.39       
4580.714700 0.000300   3.000e-04   41 0 0 0 2 1 e 42 0 0 0 0 1 e 14BoJaLyTa.40       
4579.531940 0.000300   3.000e-04   42 0 0 0 2 1 e 43 0 0 0 0 1 e 14BoJaLyTa.41       
4578.338520 0.000300   3.000e-04   43 0 0 0 2 1 e 44 0 0 0 0 1 e 14BoJaLyTa.42       
4577.133240 0.000300   3.000e-04   44 0 0 0 2 1 e 45 0 0 0 0 1 e 14BoJaLyTa.43       
4575.916790 0.000300   3.000e-04   45 0 0 0 2 1 e 46 0 0 0 0 1 e 14BoJaLyTa.44       
4574.689000 0.000300   3.000e-04   46 0 0 0 2 1 e 47 0 0 0 0 1 e 14BoJaLyTa.45       
4573.451400 0.000300   3.000e-04   47 0 0 0 2 1 e 48 0 0 0 0 1 e 14BoJaLyTa.46       
4572.202040 0.000300   3.000e-04   48 0 0 0 2 1 e 49 0 0 0 0 1 e 14BoJaLyTa.47       
4570.941660 0.000300   3.000e-04   49 0 0 0 2 1 e 50 0 0 0 0 1 e 14BoJaLyTa.48       
4569.669870 0.000300   3.000e-04   50 0 0 0 2 1 e 51 0 0 0 0 1 e 14BoJaLyTa.49       
4568.387550 0.000300   3.000e-04   51 0 0 0 2 1 e 52 0 0 0 0 1 e 14BoJaLyTa.50       
4567.093800 0.000300   3.000e-04   52 0 0 0 2 1 e 53 0 0 0 0 1 e 14BoJaLyTa.51       
4557.725990 0.000300   3.000e-04   59 0 0 0 2 1 e 60 0 0 0 0 1 e 14BoJaLyTa.52       
3653.689860 0.000300   3.000e-04   1 1 0 0 1 1 e  2 0 0 0 0 1 e  14BoJaLyTa.53       
3652.966510 0.000300   3.000e-04   2 1 0 0 1 1 e  3 0 0 0 0 1 e  14BoJaLyTa.54       
3652.238500 0.000300   3.000e-04   3 1 0 0 1 1 e  4 0 0 0 0 1 e  14BoJaLyTa.55       
3651.505720 0.000300   3.000e-04   4 1 0 0 1 1 e  5 0 0 0 0 1 e  14BoJaLyTa.56       
3650.768260 0.000300   3.000e-04   5 1 0 0 1 1 e  6 0 0 0 0 1 e  14BoJaLyTa.57       
3650.026060 0.000300   3.000e-04   6 1 0 0 1 1 e  7 0 0 0 0 1 e  14BoJaLyTa.58       
3648.527560 0.000300   3.000e-04   8 1 0 0 1 1 e  9 0 0 0 0 1 e  14BoJaLyTa.59       
3647.771280 0.000300   3.000e-04   9 1 0 0 1 1 e  10 0 0 0 0 1 e 14BoJaLyTa.60       
3647.010300 0.000300   3.000e-04   10 1 0 0 1 1 e 11 0 0 0 0 1 e 14BoJaLyTa.61       
3646.244620 0.000300   3.000e-04   11 1 0 0 1 1 e 12 0 0 0 0 1 e 14BoJaLyTa.62       
3645.474280 0.000300   3.000e-04   12 1 0 0 1 1 e 13 0 0 0 0 1 e 14BoJaLyTa.63       
3644.699280 0.000300   3.000e-04   13 1 0 0 1 1 e 14 0 0 0 0 1 e 14BoJaLyTa.64       
3643.919600 0.000300   3.000e-04   14 1 0 0 1 1 e 15 0 0 0 0 1 e 14BoJaLyTa.65       
3643.135300 0.000300   3.000e-04   15 1 0 0 1 1 e 16 0 0 0 0 1 e 14BoJaLyTa.66       
3642.346330 0.000300   3.000e-04   16 1 0 0 1 1 e 17 0 0 0 0 1 e 14BoJaLyTa.67       
3641.552720 0.000300   3.000e-04   17 1 0 0 1 1 e 18 0 0 0 0 1 e 14BoJaLyTa.68       
3640.754500 0.000300   3.000e-04   18 1 0 0 1 1 e 19 0 0 0 0 1 e 14BoJaLyTa.69       
3639.951630 0.000300   3.000e-04   19 1 0 0 1 1 e 20 0 0 0 0 1 e 14BoJaLyTa.70       
3639.144190 0.000300   3.000e-04   20 1 0 0 1 1 e 21 0 0 0 0 1 e 14BoJaLyTa.71       
3638.332130 0.000300   3.000e-04   21 1 0 0 1 1 e 22 0 0 0 0 1 e 14BoJaLyTa.72       
3637.515510 0.000300   3.000e-04   22 1 0 0 1 1 e 23 0 0 0 0 1 e 14BoJaLyTa.73       
3636.694270 0.000300   3.000e-04   23 1 0 0 1 1 e 24 0 0 0 0 1 e 14BoJaLyTa.74       
3635.868520 0.000300   3.000e-04   24 1 0 0 1 1 e 25 0 0 0 0 1 e 14BoJaLyTa.75       
3635.038190 0.000300   3.000e-04   25 1 0 0 1 1 e 26 0 0 0 0 1 e 14BoJaLyTa.76       
3634.203310 0.000300   3.000e-04   26 1 0 0 1 1 e 27 0 0 0 0 1 e 14BoJaLyTa.77       
3633.363930 0.000300   3.000e-04   27 1 0 0 1 1 e 28 0 0 0 0 1 e 14BoJaLyTa.78       
3632.520040 0.000300   3.000e-04   28 1 0 0 1 1 e 29 0 0 0 0 1 e 14BoJaLyTa.79       
3631.671590 0.000300   3.000e-04   29 1 0 0 1 1 e 30 0 0 0 0 1 e 14BoJaLyTa.80       
3630.818690 0.000300   3.000e-04   30 1 0 0 1 1 e 31 0 0 0 0 1 e 14BoJaLyTa.81       
3629.961290 0.000300   3.000e-04   31 1 0 0 1 1 e 32 0 0 0 0 1 e 14BoJaLyTa.82       
3629.099480 0.000300   3.000e-04   32 1 0 0 1 1 e 33 0 0 0 0 1 e 14BoJaLyTa.83       
3628.233220 0.000300   3.000e-04   33 1 0 0 1 1 e 34 0 0 0 0 1 e 14BoJaLyTa.84       
3627.362510 0.000300   3.000e-04   34 1 0 0 1 1 e 35 0 0 0 0 1 e 14BoJaLyTa.85       
3626.487400 0.000300   3.000e-04   35 1 0 0 1 1 e 36 0 0 0 0 1 e 14BoJaLyTa.86       
3625.607880 0.000300   3.000e-04   36 1 0 0 1 1 e 37 0 0 0 0 1 e 14BoJaLyTa.87       
3624.723990 0.000300   3.000e-04   37 1 0 0 1 1 e 38 0 0 0 0 1 e 14BoJaLyTa.88       
3623.835610 0.000300   3.000e-04   38 1 0 0 1 1 e 39 0 0 0 0 1 e 14BoJaLyTa.89       
3622.943080 0.000300   3.000e-04   39 1 0 0 1 1 e 40 0 0 0 0 1 e 14BoJaLyTa.90       
3622.046210 0.000300   3.000e-04   40 1 0 0 1 1 e 41 0 0 0 0 1 e 14BoJaLyTa.91       
3621.144960 0.000300   3.000e-04   41 1 0 0 1 1 e 42 0 0 0 0 1 e 14BoJaLyTa.92       
3620.239500 0.000300   3.000e-04   42 1 0 0 1 1 e 43 0 0 0 0 1 e 14BoJaLyTa.93       
3619.329620 0.000300   3.000e-04   43 1 0 0 1 1 e 44 0 0 0 0 1 e 14BoJaLyTa.94       
3618.415620 0.000300   3.000e-04   44 1 0 0 1 1 e 45 0 0 0 0 1 e 14BoJaLyTa.95       
3617.497280 0.000300   3.000e-04   45 1 0 0 1 1 e 46 0 0 0 0 1 e 14BoJaLyTa.96       
3616.574780 0.000300   3.000e-04   46 1 0 0 1 1 e 47 0 0 0 0 1 e 14BoJaLyTa.97       
3615.648090 0.000300   3.000e-04   47 1 0 0 1 1 e 48 0 0 0 0 1 e 14BoJaLyTa.98       
3614.717220 0.000300   3.000e-04   48 1 0 0 1 1 e 49 0 0 0 0 1 e 14BoJaLyTa.99       
3613.782210 0.000300   3.000e-04   49 1 0 0 1 1 e 50 0 0 0 0 1 e 14BoJaLyTa.100      
3612.843080 0.000300   3.000e-04   50 1 0 0 1 1 e 51 0 0 0 0 1 e 14BoJaLyTa.101      
3611.899840 0.000300   3.000e-04   51 1 0 0 1 1 e 52 0 0 0 0 1 e 14BoJaLyTa.102      
3610.952400 0.000300   3.000e-04   52 1 0 0 1 1 e 53 0 0 0 0 1 e 14BoJaLyTa.103      
3610.000930 0.000300   3.000e-04   53 1 0 0 1 1 e 54 0 0 0 0 1 e 14BoJaLyTa.104      
3609.045700 0.000300   3.000e-04   54 1 0 0 1 1 e 55 0 0 0 0 1 e 14BoJaLyTa.105      
3608.086360 0.000300   3.000e-04   55 1 0 0 1 1 e 56 0 0 0 0 1 e 14BoJaLyTa.106      
3606.155510 0.000300   3.000e-04   57 1 0 0 1 1 e 58 0 0 0 0 1 e 14BoJaLyTa.107      
3605.184160 0.000300   3.000e-04   58 1 0 0 1 1 e 59 0 0 0 0 1 e 14BoJaLyTa.108      
3604.208980 0.000300   3.000e-04   59 1 0 0 1 1 e 60 0 0 0 0 1 e 14BoJaLyTa.109      
3603.229810 0.000300   3.000e-04   60 1 0 0 1 1 e 61 0 0 0 0 1 e 14BoJaLyTa.110      
3602.246970 0.000300   3.000e-04   61 1 0 0 1 1 e 62 0 0 0 0 1 e 14BoJaLyTa.111      
3601.260500 0.000300   3.000e-04   62 1 0 0 1 1 e 63 0 0 0 0 1 e 14BoJaLyTa.112      
3600.268930 0.000300   7.387e-04   63 1 0 0 1 1 e 64 0 0 0 0 1 e 14BoJaLyTa.113      
3599.275300 0.000300   3.000e-04   64 1 0 0 1 1 e 65 0 0 0 0 1 e 14BoJaLyTa.114      
3598.277120 0.000300   3.000e-04   65 1 0 0 1 1 e 66 0 0 0 0 1 e 14BoJaLyTa.115      
3597.275130 0.000300   3.000e-04   66 1 0 0 1 1 e 67 0 0 0 0 1 e 14BoJaLyTa.116      
3596.269050 0.000300   3.000e-04   67 1 0 0 1 1 e 68 0 0 0 0 1 e 14BoJaLyTa.117      
3595.261460 0.000300   3.000e-04   68 1 0 0 1 1 e 69 0 0 0 0 1 e 14BoJaLyTa.118      
3592.211830 0.000300   3.000e-04   71 1 0 0 1 1 e 72 0 0 0 0 1 e 14BoJaLyTa.119      
3590.161050 0.000300   3.000e-04   73 1 0 0 1 1 e 74 0 0 0 0 1 e 14BoJaLyTa.120      
3545.847280 0.000300   3.000e-04   1 1 0 0 1 2 e  2 0 0 0 0 1 e  14BoJaLyTa.121      
3545.121690 0.000300   3.000e-04   2 1 0 0 1 2 e  3 0 0 0 0 1 e  14BoJaLyTa.122      
3544.390260 0.000300   3.000e-04   3 1 0 0 1 2 e  4 0 0 0 0 1 e  14BoJaLyTa.123      
3543.652990 0.000300   3.000e-04   4 1 0 0 1 2 e  5 0 0 0 0 1 e  14BoJaLyTa.124      
3542.909850 0.000300   3.000e-04   5 1 0 0 1 2 e  6 0 0 0 0 1 e  14BoJaLyTa.125      
3542.160860 0.000300   3.000e-04   6 1 0 0 1 2 e  7 0 0 0 0 1 e  14BoJaLyTa.126      
3541.406040 0.000300   3.000e-04   7 1 0 0 1 2 e  8 0 0 0 0 1 e  14BoJaLyTa.127      
3540.645340 0.000300   3.000e-04   8 1 0 0 1 2 e  9 0 0 0 0 1 e  14BoJaLyTa.128      
3539.878840 0.000300   3.000e-04   9 1 0 0 1 2 e  10 0 0 0 0 1 e 14BoJaLyTa.129      
3539.106460 0.000300   3.000e-04   10 1 0 0 1 2 e 11 0 0 0 0 1 e 14BoJaLyTa.130      
3538.328240 0.000300   3.000e-04   11 1 0 0 1 2 e 12 0 0 0 0 1 e 14BoJaLyTa.131      
3537.544170 0.000300   3.000e-04   12 1 0 0 1 2 e 13 0 0 0 0 1 e 14BoJaLyTa.132      
3536.754230 0.000300   3.000e-04   13 1 0 0 1 2 e 14 0 0 0 0 1 e 14BoJaLyTa.133      
3535.958440 0.000300   3.000e-04   14 1 0 0 1 2 e 15 0 0 0 0 1 e 14BoJaLyTa.134      
3535.156800 0.000300   3.000e-04   15 1 0 0 1 2 e 16 0 0 0 0 1 e 14BoJaLyTa.135      
3534.349300 0.000300   3.000e-04   16 1 0 0 1 2 e 17 0 0 0 0 1 e 14BoJaLyTa.136      
3533.535910 0.000300   3.000e-04   17 1 0 0 1 2 e 18 0 0 0 0 1 e 14BoJaLyTa.137      
3532.716670 0.000300   3.000e-04   18 1 0 0 1 2 e 19 0 0 0 0 1 e 14BoJaLyTa.138      
3531.891560 0.000300   3.000e-04   19 1 0 0 1 2 e 20 0 0 0 0 1 e 14BoJaLyTa.139      
3531.060570 0.000300   3.000e-04   20 1 0 0 1 2 e 21 0 0 0 0 1 e 14BoJaLyTa.140      
3530.223700 0.000300   3.000e-04   21 1 0 0 1 2 e 22 0 0 0 0 1 e 14BoJaLyTa.141      
3529.380930 0.000300   3.000e-04   22 1 0 0 1 2 e 23 0 0 0 0 1 e 14BoJaLyTa.142      
3528.532290 0.000300   3.000e-04   23 1 0 0 1 2 e 24 0 0 0 0 1 e 14BoJaLyTa.143      
3527.677740 0.000300   3.000e-04   24 1 0 0 1 2 e 25 0 0 0 0 1 e 14BoJaLyTa.144      
3526.817270 0.000300   3.000e-04   25 1 0 0 1 2 e 26 0 0 0 0 1 e 14BoJaLyTa.145      
3525.950900 0.000300   3.000e-04   26 1 0 0 1 2 e 27 0 0 0 0 1 e 14BoJaLyTa.146      
3525.078640 0.000300   3.000e-04   27 1 0 0 1 2 e 28 0 0 0 0 1 e 14BoJaLyTa.147      
3524.200450 0.000300   3.000e-04   28 1 0 0 1 2 e 29 0 0 0 0 1 e 14BoJaLyTa.148      
3523.316280 0.000300   3.000e-04   29 1 0 0 1 2 e 30 0 0 0 0 1 e 14BoJaLyTa.149      
3522.426210 0.000300   3.000e-04   30 1 0 0 1 2 e 31 0 0 0 0 1 e 14BoJaLyTa.150      
3521.530190 0.000300   3.000e-04   31 1 0 0 1 2 e 32 0 0 0 0 1 e 14BoJaLyTa.151      
3520.628190 0.000300   3.000e-04   32 1 0 0 1 2 e 33 0 0 0 0 1 e 14BoJaLyTa.152      
3519.720250 0.000300   3.000e-04   33 1 0 0 1 2 e 34 0 0 0 0 1 e 14BoJaLyTa.153      
3518.806350 0.000300   3.000e-04   34 1 0 0 1 2 e 35 0 0 0 0 1 e 14BoJaLyTa.154      
3517.886440 0.000300   3.000e-04   35 1 0 0 1 2 e 36 0 0 0 0 1 e 14BoJaLyTa.155      
3516.960530 0.000300   3.000e-04   36 1 0 0 1 2 e 37 0 0 0 0 1 e 14BoJaLyTa.156      
3516.028630 0.000300   3.000e-04   37 1 0 0 1 2 e 38 0 0 0 0 1 e 14BoJaLyTa.157      
3515.090710 0.000300   3.000e-04   38 1 0 0 1 2 e 39 0 0 0 0 1 e 14BoJaLyTa.158      
3514.146790 0.000300   3.000e-04   39 1 0 0 1 2 e 40 0 0 0 0 1 e 14BoJaLyTa.159      
3513.196810 0.000300   3.000e-04   40 1 0 0 1 2 e 41 0 0 0 0 1 e 14BoJaLyTa.160      
3512.240780 0.000300   3.000e-04   41 1 0 0 1 2 e 42 0 0 0 0 1 e 14BoJaLyTa.161      
3511.278690 0.000300   3.000e-04   42 1 0 0 1 2 e 43 0 0 0 0 1 e 14BoJaLyTa.162      
3510.310600 0.000300   3.000e-04   43 1 0 0 1 2 e 44 0 0 0 0 1 e 14BoJaLyTa.163      
3509.336360 0.000300   3.000e-04   44 1 0 0 1 2 e 45 0 0 0 0 1 e 14BoJaLyTa.164      
3508.356040 0.000300   3.000e-04   45 1 0 0 1 2 e 46 0 0 0 0 1 e 14BoJaLyTa.165      
3507.369580 0.000300   3.000e-04   46 1 0 0 1 2 e 47 0 0 0 0 1 e 14BoJaLyTa.166      
3506.377040 0.000300   3.000e-04   47 1 0 0 1 2 e 48 0 0 0 0 1 e 14BoJaLyTa.167      
3505.378410 0.000300   3.000e-04   48 1 0 0 1 2 e 49 0 0 0 0 1 e 14BoJaLyTa.168      
3504.373560 0.000300   3.000e-04   49 1 0 0 1 2 e 50 0 0 0 0 1 e 14BoJaLyTa.169      
3503.362640 0.000300   3.000e-04   50 1 0 0 1 2 e 51 0 0 0 0 1 e 14BoJaLyTa.170      
3502.345490 0.000300   3.000e-04   51 1 0 0 1 2 e 52 0 0 0 0 1 e 14BoJaLyTa.171      
3501.322170 0.000300   3.000e-04   52 1 0 0 1 2 e 53 0 0 0 0 1 e 14BoJaLyTa.172      
3500.292640 0.000300   3.000e-04   53 1 0 0 1 2 e 54 0 0 0 0 1 e 14BoJaLyTa.173      
3499.256920 0.000300   3.000e-04   54 1 0 0 1 2 e 55 0 0 0 0 1 e 14BoJaLyTa.174      
3498.214960 0.000300   3.000e-04   55 1 0 0 1 2 e 56 0 0 0 0 1 e 14BoJaLyTa.175      
3497.166740 0.000300   3.000e-04   56 1 0 0 1 2 e 57 0 0 0 0 1 e 14BoJaLyTa.176      
3496.112290 0.000300   3.000e-04   57 1 0 0 1 2 e 58 0 0 0 0 1 e 14BoJaLyTa.177      
3495.051560 0.000300   3.000e-04   58 1 0 0 1 2 e 59 0 0 0 0 1 e 14BoJaLyTa.178      
3493.984490 0.000300   3.000e-04   59 1 0 0 1 2 e 60 0 0 0 0 1 e 14BoJaLyTa.179      
3492.911260 0.000300   3.000e-04   60 1 0 0 1 2 e 61 0 0 0 0 1 e 14BoJaLyTa.180      
3491.831680 0.000300   3.000e-04   61 1 0 0 1 2 e 62 0 0 0 0 1 e 14BoJaLyTa.181      
3490.745670 0.000300   3.000e-04   62 1 0 0 1 2 e 63 0 0 0 0 1 e 14BoJaLyTa.182      
3489.653320 0.000300   3.000e-04   63 1 0 0 1 2 e 64 0 0 0 0 1 e 14BoJaLyTa.183      
3488.554660 0.000300   3.000e-04   64 1 0 0 1 2 e 65 0 0 0 0 1 e 14BoJaLyTa.184      
3487.449650 0.000300   3.000e-04   65 1 0 0 1 2 e 66 0 0 0 0 1 e 14BoJaLyTa.185      
3486.338530 0.000300   3.000e-04   66 1 0 0 1 2 e 67 0 0 0 0 1 e 14BoJaLyTa.186      
3485.220710 0.000300   3.000e-04   67 1 0 0 1 2 e 68 0 0 0 0 1 e 14BoJaLyTa.187      
3484.096050 0.000300   3.000e-04   68 1 0 0 1 2 e 69 0 0 0 0 1 e 14BoJaLyTa.188      
3482.965170 0.000300   3.000e-04   69 1 0 0 1 2 e 70 0 0 0 0 1 e 14BoJaLyTa.189      
3481.827990 0.000300   3.000e-04   70 1 0 0 1 2 e 71 0 0 0 0 1 e 14BoJaLyTa.190      
3479.534060 0.000300   3.000e-04   72 1 0 0 1 2 e 73 0 0 0 0 1 e 14BoJaLyTa.191      
3478.377090 0.000300   3.000e-04   73 1 0 0 1 2 e 74 0 0 0 0 1 e 14BoJaLyTa.192      
3477.214270 0.000300   3.000e-04   74 1 0 0 1 2 e 75 0 0 0 0 1 e 14BoJaLyTa.193      
3476.044200 0.000300   3.000e-04   75 1 0 0 1 2 e 76 0 0 0 0 1 e 14BoJaLyTa.194      
3471.299370 0.000300   3.000e-04   79 1 0 0 1 2 e 80 0 0 0 0 1 e 14BoJaLyTa.195      
3470.096770 0.000300   3.000e-04   80 1 0 0 1 2 e 81 0 0 0 0 1 e 14BoJaLyTa.196      
3468.887390 0.000300   3.000e-04   81 1 0 0 1 2 e 82 0 0 0 0 1 e 14BoJaLyTa.197      
3467.671270 0.000300   3.000e-04   82 1 0 0 1 2 e 83 0 0 0 0 1 e 14BoJaLyTa.198      
3661.374310 0.000300   3.000e-04   2 1 1 1 1 1 f  3 0 1 1 0 1 f  14BoJaLyTa.199      
3660.644330 0.000300   3.000e-04   3 1 1 1 1 1 e  4 0 1 1 0 1 e  14BoJaLyTa.200      
3660.644330 0.000300   3.000e-04   3 1 1 1 1 1 f  4 0 1 1 0 1 f  14BoJaLyTa.201      
3659.909150 0.000300   3.000e-04   4 1 1 1 1 1 e  5 0 1 1 0 1 e  14BoJaLyTa.202      
3659.909150 0.000300   1.110e-03   4 1 1 1 1 1 f  5 0 1 1 0 1 f  14BoJaLyTa.203      
3659.168650 0.000300   7.641e-04   5 1 1 1 1 1 e  6 0 1 1 0 1 e  14BoJaLyTa.204      
3659.168650 0.000300   1.653e-03   5 1 1 1 1 1 f  6 0 1 1 0 1 f  14BoJaLyTa.205      
3658.426420 0.000300   2.613e-03   6 1 1 1 1 1 e  7 0 1 1 0 1 e  14BoJaLyTa.206      
3658.421360 0.000300   5.212e-03   6 1 1 1 1 1 f  7 0 1 1 0 1 f  14BoJaLyTa.207      
3657.669650 0.000300   3.000e-04   7 1 1 1 1 1 e  8 0 1 1 0 1 e  14BoJaLyTa.208      
3657.677970 0.000300   3.000e-04   7 1 1 1 1 1 f  8 0 1 1 0 1 f  14BoJaLyTa.209      
3656.912930 0.000300   3.000e-04   8 1 1 1 1 1 e  9 0 1 1 0 1 e  14BoJaLyTa.210      
3656.924580 0.000300   3.000e-04   8 1 1 1 1 1 f  9 0 1 1 0 1 f  14BoJaLyTa.211      
3656.150920 0.000300   3.000e-04   9 1 1 1 1 1 e  10 0 1 1 0 1 e 14BoJaLyTa.212      
3656.166730 0.000300   3.000e-04   9 1 1 1 1 1 f  10 0 1 1 0 1 f 14BoJaLyTa.213      
3655.383570 0.000300   3.000e-04   10 1 1 1 1 1 e 11 0 1 1 0 1 e 14BoJaLyTa.214      
3655.404270 0.000300   3.000e-04   10 1 1 1 1 1 f 11 0 1 1 0 1 f 14BoJaLyTa.215      
3654.610900 0.000300   3.000e-04   11 1 1 1 1 1 e 12 0 1 1 0 1 e 14BoJaLyTa.216      
3654.636880 0.000300   4.105e-04   11 1 1 1 1 1 f 12 0 1 1 0 1 f 14BoJaLyTa.217      
3653.833110 0.000300   3.000e-04   12 1 1 1 1 1 e 13 0 1 1 0 1 e 14BoJaLyTa.218      
3653.865170 0.000300   3.000e-04   12 1 1 1 1 1 f 13 0 1 1 0 1 f 14BoJaLyTa.219      
3653.050050 0.000300   3.000e-04   13 1 1 1 1 1 e 14 0 1 1 0 1 e 14BoJaLyTa.220      
3653.088660 0.000300   3.000e-04   13 1 1 1 1 1 f 14 0 1 1 0 1 f 14BoJaLyTa.221      
3652.261750 0.000300   3.000e-04   14 1 1 1 1 1 e 15 0 1 1 0 1 e 14BoJaLyTa.222      
3652.307500 0.000300   3.000e-04   14 1 1 1 1 1 f 15 0 1 1 0 1 f 14BoJaLyTa.223      
3651.468270 0.000300   3.000e-04   15 1 1 1 1 1 e 16 0 1 1 0 1 e 14BoJaLyTa.224      
3651.521830 0.000300   3.000e-04   15 1 1 1 1 1 f 16 0 1 1 0 1 f 14BoJaLyTa.225      
3650.669540 0.000300   3.000e-04   16 1 1 1 1 1 e 17 0 1 1 0 1 e 14BoJaLyTa.226      
3650.731290 0.000300   3.000e-04   16 1 1 1 1 1 f 17 0 1 1 0 1 f 14BoJaLyTa.227      
3649.865650 0.000300   3.000e-04   17 1 1 1 1 1 e 18 0 1 1 0 1 e 14BoJaLyTa.228      
3649.936520 0.000300   3.000e-04   17 1 1 1 1 1 f 18 0 1 1 0 1 f 14BoJaLyTa.229      
3649.056470 0.000300   3.000e-04   18 1 1 1 1 1 e 19 0 1 1 0 1 e 14BoJaLyTa.230      
3649.136860 0.000300   3.000e-04   18 1 1 1 1 1 f 19 0 1 1 0 1 f 14BoJaLyTa.231      
3648.242140 0.000300   3.000e-04   19 1 1 1 1 1 e 20 0 1 1 0 1 e 14BoJaLyTa.232      
3648.332650 0.000300   3.000e-04   19 1 1 1 1 1 f 20 0 1 1 0 1 f 14BoJaLyTa.233      
3647.422620 0.000300   3.000e-04   20 1 1 1 1 1 e 21 0 1 1 0 1 e 14BoJaLyTa.234      
3647.523950 0.000300   3.000e-04   20 1 1 1 1 1 f 21 0 1 1 0 1 f 14BoJaLyTa.235      
3646.597960 0.000300   3.000e-04   21 1 1 1 1 1 e 22 0 1 1 0 1 e 14BoJaLyTa.236      
3646.710520 0.000300   3.000e-04   21 1 1 1 1 1 f 22 0 1 1 0 1 f 14BoJaLyTa.237      
3645.768010 0.000300   3.000e-04   22 1 1 1 1 1 e 23 0 1 1 0 1 e 14BoJaLyTa.238      
3645.892590 0.000300   3.000e-04   22 1 1 1 1 1 f 23 0 1 1 0 1 f 14BoJaLyTa.239      
3644.933030 0.000300   3.000e-04   23 1 1 1 1 1 e 24 0 1 1 0 1 e 14BoJaLyTa.240      
3645.070100 0.000300   3.000e-04   23 1 1 1 1 1 f 24 0 1 1 0 1 f 14BoJaLyTa.241      
3644.092700 0.000300   3.000e-04   24 1 1 1 1 1 e 25 0 1 1 0 1 e 14BoJaLyTa.242      
3644.243030 0.000300   3.000e-04   24 1 1 1 1 1 f 25 0 1 1 0 1 f 14BoJaLyTa.243      
3643.247480 0.000300   3.000e-04   25 1 1 1 1 1 e 26 0 1 1 0 1 e 14BoJaLyTa.244      
3643.411420 0.000300   3.000e-04   25 1 1 1 1 1 f 26 0 1 1 0 1 f 14BoJaLyTa.245      
3642.575490 0.000300   3.000e-04   26 1 1 1 1 1 f 27 0 1 1 0 1 f 14BoJaLyTa.246      
3641.541190 0.000300   3.000e-04   27 1 1 1 1 1 e 28 0 1 1 0 1 e 14BoJaLyTa.247      
3641.734630 0.000300   3.000e-04   27 1 1 1 1 1 f 28 0 1 1 0 1 f 14BoJaLyTa.248      
3640.680640 0.000300   3.000e-04   28 1 1 1 1 1 e 29 0 1 1 0 1 e 14BoJaLyTa.249      
3640.889540 0.000300   3.000e-04   28 1 1 1 1 1 f 29 0 1 1 0 1 f 14BoJaLyTa.250      
3639.814990 0.000300   3.000e-04   29 1 1 1 1 1 e 30 0 1 1 0 1 e 14BoJaLyTa.251      
3639.814990 0.000300   3.000e-04   29 1 1 1 1 1 e 30 0 1 1 0 1 e 14BoJaLyTa.252      
3640.039870 0.000300   3.000e-04   29 1 1 1 1 1 f 30 0 1 1 0 1 f 14BoJaLyTa.253      
3638.943040 0.000300   7.254e-04   30 1 1 1 1 1 e 31 0 1 1 0 1 e 14BoJaLyTa.254      
3639.185780 0.000300   4.939e-04   30 1 1 1 1 1 f 31 0 1 1 0 1 f 14BoJaLyTa.255      
3638.067720 0.000300   3.000e-04   31 1 1 1 1 1 e 32 0 1 1 0 1 e 14BoJaLyTa.256      
3638.326710 0.000300   3.000e-04   31 1 1 1 1 1 f 32 0 1 1 0 1 f 14BoJaLyTa.257      
3637.186550 0.000300   3.000e-04   32 1 1 1 1 1 e 33 0 1 1 0 1 e 14BoJaLyTa.258      
3637.463800 0.000300   3.000e-04   32 1 1 1 1 1 f 33 0 1 1 0 1 f 14BoJaLyTa.259      
3636.300310 0.000300   3.000e-04   33 1 1 1 1 1 e 34 0 1 1 0 1 e 14BoJaLyTa.260      
3636.596490 0.000300   3.000e-04   33 1 1 1 1 1 f 34 0 1 1 0 1 f 14BoJaLyTa.261      
3635.409010 0.000300   3.000e-04   34 1 1 1 1 1 e 35 0 1 1 0 1 e 14BoJaLyTa.262      
3635.724440 0.000300   3.000e-04   34 1 1 1 1 1 f 35 0 1 1 0 1 f 14BoJaLyTa.263      
3634.512750 0.000300   3.000e-04   35 1 1 1 1 1 e 36 0 1 1 0 1 e 14BoJaLyTa.264      
3634.848050 0.000300   3.000e-04   35 1 1 1 1 1 f 36 0 1 1 0 1 f 14BoJaLyTa.265      
3633.611200 0.000300   3.000e-04   36 1 1 1 1 1 e 37 0 1 1 0 1 e 14BoJaLyTa.266      
3633.967540 0.000300   3.000e-04   36 1 1 1 1 1 f 37 0 1 1 0 1 f 14BoJaLyTa.267      
3631.793340 0.000300   3.000e-04   38 1 1 1 1 1 e 39 0 1 1 0 1 e 14BoJaLyTa.268      
3632.192370 0.000300   3.000e-04   38 1 1 1 1 1 f 39 0 1 1 0 1 f 14BoJaLyTa.269      
3630.876730 0.000300   3.000e-04   39 1 1 1 1 1 e 40 0 1 1 0 1 e 14BoJaLyTa.270      
3631.298230 0.000300   3.000e-04   39 1 1 1 1 1 f 40 0 1 1 0 1 f 14BoJaLyTa.271      
3629.953990 0.000300   1.046e-03   40 1 1 1 1 1 e 41 0 1 1 0 1 e 14BoJaLyTa.272      
3630.399930 0.000300   3.000e-04   40 1 1 1 1 1 f 41 0 1 1 0 1 f 14BoJaLyTa.273      
3629.028790 0.000300   3.000e-04   41 1 1 1 1 1 e 42 0 1 1 0 1 e 14BoJaLyTa.274      
3629.497170 0.000300   3.000e-04   41 1 1 1 1 1 f 42 0 1 1 0 1 f 14BoJaLyTa.275      
3628.097330 0.000300   3.000e-04   42 1 1 1 1 1 e 43 0 1 1 0 1 e 14BoJaLyTa.276      
3627.160970 0.000300   3.000e-04   43 1 1 1 1 1 e 44 0 1 1 0 1 e 14BoJaLyTa.277      
3627.676550 0.000300   2.448e-03   43 1 1 1 1 1 f 44 0 1 1 0 1 f 14BoJaLyTa.278      
3626.219490 0.000300   3.000e-04   44 1 1 1 1 1 e 45 0 1 1 0 1 e 14BoJaLyTa.279      
3626.763120 0.000300   3.000e-04   44 1 1 1 1 1 f 45 0 1 1 0 1 f 14BoJaLyTa.280      
3625.843450 0.000300   3.000e-04   45 1 1 1 1 1 f 46 0 1 1 0 1 f 14BoJaLyTa.281      
3624.321860 0.000300   3.000e-04   46 1 1 1 1 1 e 47 0 1 1 0 1 e 14BoJaLyTa.282      
3623.365190 0.000300   3.000e-04   47 1 1 1 1 1 e 48 0 1 1 0 1 e 14BoJaLyTa.283      
3623.990190 0.000300   3.000e-04   47 1 1 1 1 1 f 48 0 1 1 0 1 f 14BoJaLyTa.284      
3622.404450 0.000300   3.000e-04   48 1 1 1 1 1 e 49 0 1 1 0 1 e 14BoJaLyTa.285      
3621.438640 0.000300   3.000e-04   49 1 1 1 1 1 e 50 0 1 1 0 1 e 14BoJaLyTa.286      
3622.121210 0.000300   3.000e-04   49 1 1 1 1 1 f 50 0 1 1 0 1 f 14BoJaLyTa.287      
3620.467750 0.000300   3.000e-04   50 1 1 1 1 1 e 51 0 1 1 0 1 e 14BoJaLyTa.288      
3621.179780 0.000300   3.000e-04   50 1 1 1 1 1 f 51 0 1 1 0 1 f 14BoJaLyTa.289      
3618.511460 0.000300   3.904e-04   52 1 1 1 1 1 e 53 0 1 1 0 1 e 14BoJaLyTa.290      
3619.285110 0.000300   3.000e-04   52 1 1 1 1 1 f 53 0 1 1 0 1 f 14BoJaLyTa.291      
3617.525990 0.000300   3.000e-04   53 1 1 1 1 1 e 54 0 1 1 0 1 e 14BoJaLyTa.292      
3618.331290 0.000300   3.000e-04   53 1 1 1 1 1 f 54 0 1 1 0 1 f 14BoJaLyTa.293      
3616.535800 0.000300   3.000e-04   54 1 1 1 1 1 e 55 0 1 1 0 1 e 14BoJaLyTa.294      
3617.373520 0.000300   3.000e-04   54 1 1 1 1 1 f 55 0 1 1 0 1 f 14BoJaLyTa.295      
3615.540540 0.000300   3.000e-04   55 1 1 1 1 1 e 56 0 1 1 0 1 e 14BoJaLyTa.296      
3616.412520 0.000300   3.000e-04   55 1 1 1 1 1 f 56 0 1 1 0 1 f 14BoJaLyTa.297      
3614.541510 0.000300   3.000e-04   56 1 1 1 1 1 e 57 0 1 1 0 1 e 14BoJaLyTa.298      
3613.536320 0.000300   3.000e-04   57 1 1 1 1 1 e 58 0 1 1 0 1 e 14BoJaLyTa.299      
3614.475260 0.000300   3.000e-04   57 1 1 1 1 1 f 58 0 1 1 0 1 f 14BoJaLyTa.300      
3613.500950 0.000300   3.000e-04   58 1 1 1 1 1 f 59 0 1 1 0 1 f 14BoJaLyTa.301      
3610.493870 0.000300   3.000e-04   60 1 1 1 1 1 e 61 0 1 1 0 1 e 14BoJaLyTa.302      
3609.470770 0.000300   3.000e-04   61 1 1 1 1 1 e 62 0 1 1 0 1 e 14BoJaLyTa.303      
3610.554490 0.000300   3.000e-04   61 1 1 1 1 1 f 62 0 1 1 0 1 f 14BoJaLyTa.304      
3608.568710 0.000300   3.000e-04   63 1 1 1 1 1 f 64 0 1 1 0 1 f 14BoJaLyTa.305      
3607.572260 0.000300   3.000e-04   64 1 1 1 1 1 f 65 0 1 1 0 1 f 14BoJaLyTa.306      
3513.203540 0.000300   3.000e-04   2 1 1 1 1 2 f  3 0 1 1 0 1 f  14BoJaLyTa.307      
3510.992080 0.000300   3.000e-04   5 1 1 1 1 2 e  6 0 1 1 0 1 e  14BoJaLyTa.308      
3510.992080 0.000300   3.000e-04   5 1 1 1 1 2 f  6 0 1 1 0 1 f  14BoJaLyTa.309      
3510.243520 0.000300   3.000e-04   6 1 1 1 1 2 e  7 0 1 1 0 1 e  14BoJaLyTa.310      
3510.243520 0.000300   3.000e-04   6 1 1 1 1 2 f  7 0 1 1 0 1 f  14BoJaLyTa.311      
3509.488030 0.000300   3.000e-04   7 1 1 1 1 2 e  8 0 1 1 0 1 e  14BoJaLyTa.312      
3509.490560 0.000300   3.000e-04   7 1 1 1 1 2 f  8 0 1 1 0 1 f  14BoJaLyTa.313      
3508.726310 0.000300   9.421e-04   8 1 1 1 1 2 e  9 0 1 1 0 1 e  14BoJaLyTa.314      
3508.731110 0.000300   3.932e-04   8 1 1 1 1 2 f  9 0 1 1 0 1 f  14BoJaLyTa.315      
3507.960750 0.000300   3.000e-04   9 1 1 1 1 2 e  10 0 1 1 0 1 e 14BoJaLyTa.316      
3507.967760 0.000300   3.000e-04   9 1 1 1 1 2 f  10 0 1 1 0 1 f 14BoJaLyTa.317      
3507.188360 0.000300   3.000e-04   10 1 1 1 1 2 e 11 0 1 1 0 1 e 14BoJaLyTa.318      
3507.198310 0.000300   3.000e-04   10 1 1 1 1 2 f 11 0 1 1 0 1 f 14BoJaLyTa.319      
3506.410470 0.000300   3.000e-04   11 1 1 1 1 2 e 12 0 1 1 0 1 e 14BoJaLyTa.320      
3506.423570 0.000300   3.000e-04   11 1 1 1 1 2 f 12 0 1 1 0 1 f 14BoJaLyTa.321      
3505.626710 0.000300   3.000e-04   12 1 1 1 1 2 e 13 0 1 1 0 1 e 14BoJaLyTa.322      
3505.643230 0.000300   3.000e-04   12 1 1 1 1 2 f 13 0 1 1 0 1 f 14BoJaLyTa.323      
3504.837090 0.000300   3.000e-04   13 1 1 1 1 2 e 14 0 1 1 0 1 e 14BoJaLyTa.324      
3504.857750 0.000300   3.000e-04   13 1 1 1 1 2 f 14 0 1 1 0 1 f 14BoJaLyTa.325      
3504.041850 0.000300   3.000e-04   14 1 1 1 1 2 e 15 0 1 1 0 1 e 14BoJaLyTa.326      
3504.066820 0.000300   3.000e-04   14 1 1 1 1 2 f 15 0 1 1 0 1 f 14BoJaLyTa.327      
3503.240830 0.000300   3.000e-04   15 1 1 1 1 2 e 16 0 1 1 0 1 e 14BoJaLyTa.328      
3503.270530 0.000300   3.000e-04   15 1 1 1 1 2 f 16 0 1 1 0 1 f 14BoJaLyTa.329      
3502.434030 0.000300   3.000e-04   16 1 1 1 1 2 e 17 0 1 1 0 1 e 14BoJaLyTa.330      
3502.468810 0.000300   3.000e-04   16 1 1 1 1 2 f 17 0 1 1 0 1 f 14BoJaLyTa.331      
3501.621420 0.000300   3.000e-04   17 1 1 1 1 2 e 18 0 1 1 0 1 e 14BoJaLyTa.332      
3501.661680 0.000300   3.000e-04   17 1 1 1 1 2 f 18 0 1 1 0 1 f 14BoJaLyTa.333      
3500.803360 0.000300   3.000e-04   18 1 1 1 1 2 e 19 0 1 1 0 1 e 14BoJaLyTa.334      
3500.849220 0.000300   3.000e-04   18 1 1 1 1 2 f 19 0 1 1 0 1 f 14BoJaLyTa.335      
3499.979130 0.000300   3.000e-04   19 1 1 1 1 2 e 20 0 1 1 0 1 e 14BoJaLyTa.336      
3500.031390 0.000300   3.000e-04   19 1 1 1 1 2 f 20 0 1 1 0 1 f 14BoJaLyTa.337      
3499.149260 0.000300   3.000e-04   20 1 1 1 1 2 e 21 0 1 1 0 1 e 14BoJaLyTa.338      
3499.208120 0.000300   3.000e-04   20 1 1 1 1 2 f 21 0 1 1 0 1 f 14BoJaLyTa.339      
3498.313830 0.000300   4.271e-04   21 1 1 1 1 2 e 22 0 1 1 0 1 e 14BoJaLyTa.340      
3498.379530 0.000300   3.000e-04   21 1 1 1 1 2 f 22 0 1 1 0 1 f 14BoJaLyTa.341      
3497.472320 0.000300   3.000e-04   22 1 1 1 1 2 e 23 0 1 1 0 1 e 14BoJaLyTa.342      
3497.545480 0.000300   3.000e-04   22 1 1 1 1 2 f 23 0 1 1 0 1 f 14BoJaLyTa.343      
3496.625240 0.000300   3.000e-04   23 1 1 1 1 2 e 24 0 1 1 0 1 e 14BoJaLyTa.344      
3496.706030 0.000300   3.000e-04   23 1 1 1 1 2 f 24 0 1 1 0 1 f 14BoJaLyTa.345      
3495.772370 0.000300   3.000e-04   24 1 1 1 1 2 e 25 0 1 1 0 1 e 14BoJaLyTa.346      
3495.861300 0.000300   3.000e-04   24 1 1 1 1 2 f 25 0 1 1 0 1 f 14BoJaLyTa.347      
3494.913660 0.000300   3.000e-04   25 1 1 1 1 2 e 26 0 1 1 0 1 e 14BoJaLyTa.348      
3495.010900 0.000300   3.000e-04   25 1 1 1 1 2 f 26 0 1 1 0 1 f 14BoJaLyTa.349      
3494.049490 0.000300   3.724e-04   26 1 1 1 1 2 e 27 0 1 1 0 1 e 14BoJaLyTa.350      
3494.155190 0.000300   3.000e-04   26 1 1 1 1 2 f 27 0 1 1 0 1 f 14BoJaLyTa.351      
3493.179040 0.000300   3.000e-04   27 1 1 1 1 2 e 28 0 1 1 0 1 e 14BoJaLyTa.352      
3493.293980 0.000300   3.000e-04   27 1 1 1 1 2 f 28 0 1 1 0 1 f 14BoJaLyTa.353      
3492.303040 0.000300   3.000e-04   28 1 1 1 1 2 e 29 0 1 1 0 1 e 14BoJaLyTa.354      
3492.427490 0.000300   3.000e-04   28 1 1 1 1 2 f 29 0 1 1 0 1 f 14BoJaLyTa.355      
3491.421260 0.000300   3.000e-04   29 1 1 1 1 2 e 30 0 1 1 0 1 e 14BoJaLyTa.356      
3491.555450 0.000300   3.000e-04   29 1 1 1 1 2 f 30 0 1 1 0 1 f 14BoJaLyTa.357      
3490.533710 0.000300   3.000e-04   30 1 1 1 1 2 e 31 0 1 1 0 1 e 14BoJaLyTa.358      
3490.678030 0.000300   4.154e-04   30 1 1 1 1 2 f 31 0 1 1 0 1 f 14BoJaLyTa.359      
3489.640180 0.000300   3.000e-04   31 1 1 1 1 2 e 32 0 1 1 0 1 e 14BoJaLyTa.360      
3489.795080 0.000300   3.000e-04   31 1 1 1 1 2 f 32 0 1 1 0 1 f 14BoJaLyTa.361      
3488.741280 0.000300   3.000e-04   32 1 1 1 1 2 e 33 0 1 1 0 1 e 14BoJaLyTa.362      
3488.906800 0.000300   3.000e-04   32 1 1 1 1 2 f 33 0 1 1 0 1 f 14BoJaLyTa.363      
3487.836240 0.000300   3.000e-04   33 1 1 1 1 2 e 34 0 1 1 0 1 e 14BoJaLyTa.364      
3488.012880 0.000300   3.000e-04   33 1 1 1 1 2 f 34 0 1 1 0 1 f 14BoJaLyTa.365      
3486.925470 0.000300   3.000e-04   34 1 1 1 1 2 e 35 0 1 1 0 1 e 14BoJaLyTa.366      
3487.113530 0.000300   3.000e-04   34 1 1 1 1 2 f 35 0 1 1 0 1 f 14BoJaLyTa.367      
3486.008870 0.000300   3.000e-04   35 1 1 1 1 2 e 36 0 1 1 0 1 e 14BoJaLyTa.368      
3486.208690 0.000300   3.000e-04   35 1 1 1 1 2 f 36 0 1 1 0 1 f 14BoJaLyTa.369      
3485.086410 0.000300   3.000e-04   36 1 1 1 1 2 e 37 0 1 1 0 1 e 14BoJaLyTa.370      
3485.298150 0.000300   3.000e-04   36 1 1 1 1 2 f 37 0 1 1 0 1 f 14BoJaLyTa.371      
3484.158260 0.000300   3.000e-04   37 1 1 1 1 2 e 38 0 1 1 0 1 e 14BoJaLyTa.372      
3484.382620 0.000300   3.000e-04   37 1 1 1 1 2 f 38 0 1 1 0 1 f 14BoJaLyTa.373      
3483.224220 0.000300   3.000e-04   38 1 1 1 1 2 e 39 0 1 1 0 1 e 14BoJaLyTa.374      
3483.461190 0.000300   3.000e-04   38 1 1 1 1 2 f 39 0 1 1 0 1 f 14BoJaLyTa.375      
3482.284220 0.000300   3.000e-04   39 1 1 1 1 2 e 40 0 1 1 0 1 e 14BoJaLyTa.376      
3482.534300 0.000300   3.000e-04   39 1 1 1 1 2 f 40 0 1 1 0 1 f 14BoJaLyTa.377      
3481.338600 0.000300   3.000e-04   40 1 1 1 1 2 e 41 0 1 1 0 1 e 14BoJaLyTa.378      
3481.601890 0.000300   3.000e-04   40 1 1 1 1 2 f 41 0 1 1 0 1 f 14BoJaLyTa.379      
3480.387070 0.000300   3.000e-04   41 1 1 1 1 2 e 42 0 1 1 0 1 e 14BoJaLyTa.380      
3479.429660 0.000300   3.000e-04   42 1 1 1 1 2 e 43 0 1 1 0 1 e 14BoJaLyTa.381      
3479.720420 0.000300   3.000e-04   42 1 1 1 1 2 f 43 0 1 1 0 1 f 14BoJaLyTa.382      
3478.466360 0.000300   3.000e-04   43 1 1 1 1 2 e 44 0 1 1 0 1 e 14BoJaLyTa.383      
3477.497180 0.000300   3.000e-04   44 1 1 1 1 2 e 45 0 1 1 0 1 e 14BoJaLyTa.384      
3477.816660 0.000300   3.000e-04   44 1 1 1 1 2 f 45 0 1 1 0 1 f 14BoJaLyTa.385      
3476.522190 0.000300   3.000e-04   45 1 1 1 1 2 e 46 0 1 1 0 1 e 14BoJaLyTa.386      
3476.856440 0.000300   3.000e-04   45 1 1 1 1 2 f 46 0 1 1 0 1 f 14BoJaLyTa.387      
3475.541310 0.000300   3.000e-04   46 1 1 1 1 2 e 47 0 1 1 0 1 e 14BoJaLyTa.388      
3475.890470 0.000300   3.000e-04   46 1 1 1 1 2 f 47 0 1 1 0 1 f 14BoJaLyTa.389      
3474.554410 0.000300   8.852e-04   47 1 1 1 1 2 e 48 0 1 1 0 1 e 14BoJaLyTa.390      
3474.918960 0.000300   3.000e-04   47 1 1 1 1 2 f 48 0 1 1 0 1 f 14BoJaLyTa.391      
3473.561790 0.000300   3.000e-04   48 1 1 1 1 2 e 49 0 1 1 0 1 e 14BoJaLyTa.392      
3472.563190 0.000300   3.000e-04   49 1 1 1 1 2 e 50 0 1 1 0 1 e 14BoJaLyTa.393      
3472.959110 0.000300   3.000e-04   49 1 1 1 1 2 f 50 0 1 1 0 1 f 14BoJaLyTa.394      
3471.558840 0.000300   3.000e-04   50 1 1 1 1 2 e 51 0 1 1 0 1 e 14BoJaLyTa.395      
3471.970570 0.000300   3.000e-04   50 1 1 1 1 2 f 51 0 1 1 0 1 f 14BoJaLyTa.396      
3470.547610 0.000300   3.000e-04   51 1 1 1 1 2 e 52 0 1 1 0 1 e 14BoJaLyTa.397      
3470.976550 0.000300   3.000e-04   51 1 1 1 1 2 f 52 0 1 1 0 1 f 14BoJaLyTa.398      
3469.532130 0.000300   3.000e-04   52 1 1 1 1 2 e 53 0 1 1 0 1 e 14BoJaLyTa.399      
3469.976760 0.000300   3.000e-04   52 1 1 1 1 2 f 53 0 1 1 0 1 f 14BoJaLyTa.400      
3468.509960 0.000300   3.000e-04   53 1 1 1 1 2 e 54 0 1 1 0 1 e 14BoJaLyTa.401      
3468.971230 0.000300   3.000e-04   53 1 1 1 1 2 f 54 0 1 1 0 1 f 14BoJaLyTa.402      
3467.481570 0.000300   3.000e-04   54 1 1 1 1 2 e 55 0 1 1 0 1 e 14BoJaLyTa.403      
3467.959980 0.000300   3.000e-04   54 1 1 1 1 2 f 55 0 1 1 0 1 f 14BoJaLyTa.404      
3466.447690 0.000300   3.000e-04   55 1 1 1 1 2 e 56 0 1 1 0 1 e 14BoJaLyTa.405      
3466.943170 0.000300   3.000e-04   55 1 1 1 1 2 f 56 0 1 1 0 1 f 14BoJaLyTa.406      
3465.407580 0.000300   3.000e-04   56 1 1 1 1 2 e 57 0 1 1 0 1 e 14BoJaLyTa.407      
3465.920360 0.000300   3.000e-04   56 1 1 1 1 2 f 57 0 1 1 0 1 f 14BoJaLyTa.408      
3464.361380 0.000300   3.000e-04   57 1 1 1 1 2 e 58 0 1 1 0 1 e 14BoJaLyTa.409      
3464.891990 0.000300   3.000e-04   57 1 1 1 1 2 f 58 0 1 1 0 1 f 14BoJaLyTa.410      
3463.309650 0.000300   3.000e-04   58 1 1 1 1 2 e 59 0 1 1 0 1 e 14BoJaLyTa.411      
3463.857790 0.000300   3.000e-04   58 1 1 1 1 2 f 59 0 1 1 0 1 f 14BoJaLyTa.412      
3462.252220 0.000300   3.000e-04   59 1 1 1 1 2 e 60 0 1 1 0 1 e 14BoJaLyTa.413      
3462.818110 0.000300   3.000e-04   59 1 1 1 1 2 f 60 0 1 1 0 1 f 14BoJaLyTa.414      
3461.187090 0.000300   3.000e-04   60 1 1 1 1 2 e 61 0 1 1 0 1 e 14BoJaLyTa.415      
3461.772120 0.000300   3.000e-04   60 1 1 1 1 2 f 61 0 1 1 0 1 f 14BoJaLyTa.416      
3460.117850 0.000300   3.000e-04   61 1 1 1 1 2 e 62 0 1 1 0 1 e 14BoJaLyTa.417      
3460.720390 0.000300   3.000e-04   61 1 1 1 1 2 f 62 0 1 1 0 1 f 14BoJaLyTa.418      
3459.041890 0.000300   3.000e-04   62 1 1 1 1 2 e 63 0 1 1 0 1 e 14BoJaLyTa.419      
3459.662940 0.000300   3.000e-04   62 1 1 1 1 2 f 63 0 1 1 0 1 f 14BoJaLyTa.420      
3457.960480 0.000300   3.000e-04   63 1 1 1 1 2 e 64 0 1 1 0 1 e 14BoJaLyTa.421      
3458.600060 0.000300   3.000e-04   63 1 1 1 1 2 f 64 0 1 1 0 1 f 14BoJaLyTa.422      
3455.778330 0.000300   3.000e-04   65 1 1 1 1 2 e 66 0 1 1 0 1 e 14BoJaLyTa.423      
3454.677970 0.000300   3.000e-04   66 1 1 1 1 2 e 67 0 1 1 0 1 e 14BoJaLyTa.424      
3455.374440 0.000300   3.000e-04   66 1 1 1 1 2 f 67 0 1 1 0 1 f 14BoJaLyTa.425      
3453.571490 0.000300   3.000e-04   67 1 1 1 1 2 e 68 0 1 1 0 1 e 14BoJaLyTa.426      
3454.287940 0.000300   3.000e-04   67 1 1 1 1 2 f 68 0 1 1 0 1 f 14BoJaLyTa.427      
3451.342330 0.000300   3.000e-04   69 1 1 1 1 2 e 70 0 1 1 0 1 e 14BoJaLyTa.428      
3449.883350 0.000300   3.000e-04   71 1 1 1 1 2 f 72 0 1 1 0 1 f 14BoJaLyTa.429      
3664.266620 0.000300   3.000e-04   3 1 2 2 1 1 f  4 0 2 2 0 1 f  14BoJaLyTa.430      
3662.039200 0.000300   3.000e-04   6 1 2 2 1 1 e  7 0 2 2 0 1 e  14BoJaLyTa.431      
3662.039200 0.000300   3.000e-04   6 1 2 2 1 1 f  7 0 2 2 0 1 f  14BoJaLyTa.432      
3659.767400 0.000300   3.000e-04   9 1 2 2 1 1 e  10 0 2 2 0 1 e 14BoJaLyTa.433      
3659.767400 0.000300   3.000e-04   9 1 2 2 1 1 f  10 0 2 2 0 1 f 14BoJaLyTa.434      
3658.999790 0.000300   3.000e-04   10 1 2 2 1 1 e 11 0 2 2 0 1 e 14BoJaLyTa.435      
3658.999790 0.000300   3.000e-04   10 1 2 2 1 1 f 11 0 2 2 0 1 f 14BoJaLyTa.436      
3658.227130 0.000300   3.000e-04   11 1 2 2 1 1 e 12 0 2 2 0 1 e 14BoJaLyTa.437      
3658.227130 0.000300   3.000e-04   11 1 2 2 1 1 f 12 0 2 2 0 1 f 14BoJaLyTa.438      
3657.449380 0.000300   3.000e-04   12 1 2 2 1 1 e 13 0 2 2 0 1 e 14BoJaLyTa.439      
3657.449380 0.000300   3.000e-04   12 1 2 2 1 1 f 13 0 2 2 0 1 f 14BoJaLyTa.440      
3655.086380 0.000300   3.000e-04   15 1 2 2 1 1 e 16 0 2 2 0 1 e 14BoJaLyTa.441      
3655.086380 0.000300   3.000e-04   15 1 2 2 1 1 f 16 0 2 2 0 1 f 14BoJaLyTa.442      
3654.288800 0.000300   3.000e-04   16 1 2 2 1 1 e 17 0 2 2 0 1 e 14BoJaLyTa.443      
3654.288800 0.000300   3.000e-04   16 1 2 2 1 1 f 17 0 2 2 0 1 f 14BoJaLyTa.444      
3653.484630 0.000300   3.000e-04   17 1 2 2 1 1 e 18 0 2 2 0 1 e 14BoJaLyTa.445      
3653.484630 0.000300   3.000e-04   17 1 2 2 1 1 f 18 0 2 2 0 1 f 14BoJaLyTa.446      
3652.676580 0.000300   3.000e-04   18 1 2 2 1 1 e 19 0 2 2 0 1 e 14BoJaLyTa.447      
3652.676580 0.000300   3.000e-04   18 1 2 2 1 1 f 19 0 2 2 0 1 f 14BoJaLyTa.448      
3651.862990 0.000300   3.000e-04   19 1 2 2 1 1 e 20 0 2 2 0 1 e 14BoJaLyTa.449      
3651.863720 0.000300   3.000e-04   19 1 2 2 1 1 f 20 0 2 2 0 1 f 14BoJaLyTa.450      
3651.044600 0.000300   2.454e-03   20 1 2 2 1 1 e 21 0 2 2 0 1 e 14BoJaLyTa.451      
3651.044600 0.000300   1.048e-03   20 1 2 2 1 1 f 21 0 2 2 0 1 f 14BoJaLyTa.452      
3650.221890 0.000300   7.599e-04   21 1 2 2 1 1 e 22 0 2 2 0 1 e 14BoJaLyTa.453      
3650.221890 0.000300   4.237e-04   21 1 2 2 1 1 f 22 0 2 2 0 1 f 14BoJaLyTa.454      
3649.391830 0.000300   3.000e-04   22 1 2 2 1 1 e 23 0 2 2 0 1 e 14BoJaLyTa.455      
3649.394760 0.000300   3.000e-04   22 1 2 2 1 1 f 23 0 2 2 0 1 f 14BoJaLyTa.456      
3647.721960 0.000300   3.000e-04   24 1 2 2 1 1 e 25 0 2 2 0 1 e 14BoJaLyTa.457      
3647.721960 0.000300   3.000e-04   24 1 2 2 1 1 f 25 0 2 2 0 1 f 14BoJaLyTa.458      
3646.877350 0.000300   4.565e-04   25 1 2 2 1 1 e 26 0 2 2 0 1 e 14BoJaLyTa.459      
3646.877350 0.000300   3.994e-03   25 1 2 2 1 1 f 26 0 2 2 0 1 f 14BoJaLyTa.460      
3645.173360 0.000300   3.000e-04   27 1 2 2 1 1 e 28 0 2 2 0 1 e 14BoJaLyTa.461      
3645.180480 0.000300   3.000e-04   27 1 2 2 1 1 f 28 0 2 2 0 1 f 14BoJaLyTa.462      
3644.314370 0.000300   3.000e-04   28 1 2 2 1 1 e 29 0 2 2 0 1 e 14BoJaLyTa.463      
3644.322070 0.000300   3.000e-04   28 1 2 2 1 1 f 29 0 2 2 0 1 f 14BoJaLyTa.464      
3643.459990 0.000300   3.553e-03   29 1 2 2 1 1 f 30 0 2 2 0 1 f 14BoJaLyTa.465      
3642.590140 0.000300   3.000e-04   30 1 2 2 1 1 f 31 0 2 2 0 1 f 14BoJaLyTa.466      
3641.707250 0.000300   3.000e-04   31 1 2 2 1 1 e 32 0 2 2 0 1 e 14BoJaLyTa.467      
3641.719480 0.000300   3.000e-04   31 1 2 2 1 1 f 32 0 2 2 0 1 f 14BoJaLyTa.468      
3640.828660 0.000300   3.000e-04   32 1 2 2 1 1 e 33 0 2 2 0 1 e 14BoJaLyTa.469      
3640.840610 0.000300   3.000e-04   32 1 2 2 1 1 f 33 0 2 2 0 1 f 14BoJaLyTa.470      
3638.160490 0.000300   3.000e-04   35 1 2 2 1 1 e 36 0 2 2 0 1 e 14BoJaLyTa.471      
3637.260400 0.000300   3.000e-04   36 1 2 2 1 1 e 37 0 2 2 0 1 e 14BoJaLyTa.472      
3637.281660 0.000300   3.000e-04   36 1 2 2 1 1 f 37 0 2 2 0 1 f 14BoJaLyTa.473      
3636.355610 0.000300   3.000e-04   37 1 2 2 1 1 e 38 0 2 2 0 1 e 14BoJaLyTa.474      
3636.379300 0.000300   3.109e-03   37 1 2 2 1 1 f 38 0 2 2 0 1 f 14BoJaLyTa.475      
3635.446220 0.000300   3.000e-04   38 1 2 2 1 1 e 39 0 2 2 0 1 e 14BoJaLyTa.476      
3635.473360 0.000300   3.000e-04   38 1 2 2 1 1 f 39 0 2 2 0 1 f 14BoJaLyTa.477      
3633.644480 0.000300   3.000e-04   40 1 2 2 1 1 f 41 0 2 2 0 1 f 14BoJaLyTa.478      
3632.722530 0.000300   3.000e-04   41 1 2 2 1 1 f 42 0 2 2 0 1 f 14BoJaLyTa.479      
3630.866010 0.000300   3.000e-04   43 1 2 2 1 1 f 44 0 2 2 0 1 f 14BoJaLyTa.480      
3629.930110 0.000300   3.000e-04   44 1 2 2 1 1 f 45 0 2 2 0 1 f 14BoJaLyTa.481      
3628.936550 0.000300   3.000e-04   45 1 2 2 1 1 e 46 0 2 2 0 1 e 14BoJaLyTa.482      
3628.044790 0.000300   3.000e-04   46 1 2 2 1 1 f 47 0 2 2 0 1 f 14BoJaLyTa.483      
3454.685860 0.000300   3.000e-04   11 1 3 3 1 2 f 12 0 3 3 0 1 f 14BoJaLyTa.484      
3453.905250 0.000300   3.000e-04   12 1 3 3 1 2 e 13 0 3 3 0 1 e 14BoJaLyTa.485      
3453.905250 0.000300   3.000e-04   12 1 3 3 1 2 f 13 0 3 3 0 1 f 14BoJaLyTa.486      
3453.116280 0.000300   3.000e-04   13 1 3 3 1 2 e 14 0 3 3 0 1 e 14BoJaLyTa.487      
3453.116280 0.000300   3.000e-04   13 1 3 3 1 2 f 14 0 3 3 0 1 f 14BoJaLyTa.488      
3452.325930 0.000300   3.000e-04   14 1 3 3 1 2 e 15 0 3 3 0 1 e 14BoJaLyTa.489      
3452.325930 0.000300   3.000e-04   14 1 3 3 1 2 f 15 0 3 3 0 1 f 14BoJaLyTa.490      
3449.918620 0.000300   3.000e-04   17 1 3 3 1 2 e 18 0 3 3 0 1 e 14BoJaLyTa.491      
3449.918620 0.000300   3.000e-04   17 1 3 3 1 2 f 18 0 3 3 0 1 f 14BoJaLyTa.492      
3448.284640 0.000300   3.000e-04   19 1 3 3 1 2 e 20 0 3 3 0 1 e 14BoJaLyTa.493      
3448.284640 0.000300   3.000e-04   19 1 3 3 1 2 f 20 0 3 3 0 1 f 14BoJaLyTa.494      
3447.463490 0.000300   3.000e-04   20 1 3 3 1 2 e 21 0 3 3 0 1 e 14BoJaLyTa.495      
3447.463490 0.000300   3.000e-04   20 1 3 3 1 2 f 21 0 3 3 0 1 f 14BoJaLyTa.496      
3446.634550 0.000300   3.000e-04   21 1 3 3 1 2 e 22 0 3 3 0 1 e 14BoJaLyTa.497      
3446.634550 0.000300   3.000e-04   21 1 3 3 1 2 f 22 0 3 3 0 1 f 14BoJaLyTa.498      
3445.800620 0.000300   3.000e-04   22 1 3 3 1 2 e 23 0 3 3 0 1 e 14BoJaLyTa.499      
3445.800620 0.000300   3.000e-04   22 1 3 3 1 2 f 23 0 3 3 0 1 f 14BoJaLyTa.500      
3444.959820 0.000300   3.000e-04   23 1 3 3 1 2 e 24 0 3 3 0 1 e 14BoJaLyTa.501      
3444.959820 0.000300   3.000e-04   23 1 3 3 1 2 f 24 0 3 3 0 1 f 14BoJaLyTa.502      
3444.115580 0.000300   3.000e-04   24 1 3 3 1 2 e 25 0 3 3 0 1 e 14BoJaLyTa.503      
3444.115580 0.000300   3.000e-04   24 1 3 3 1 2 f 25 0 3 3 0 1 f 14BoJaLyTa.504      
3443.265970 0.000300   3.000e-04   25 1 3 3 1 2 e 26 0 3 3 0 1 e 14BoJaLyTa.505      
3443.265970 0.000300   3.000e-04   25 1 3 3 1 2 f 26 0 3 3 0 1 f 14BoJaLyTa.506      
3442.410490 0.000300   3.000e-04   26 1 3 3 1 2 e 27 0 3 3 0 1 e 14BoJaLyTa.507      
3442.410490 0.000300   3.000e-04   26 1 3 3 1 2 f 27 0 3 3 0 1 f 14BoJaLyTa.508      
3440.683860 0.000300   3.000e-04   28 1 3 3 1 2 e 29 0 3 3 0 1 e 14BoJaLyTa.509      
3440.683860 0.000300   3.000e-04   28 1 3 3 1 2 f 29 0 3 3 0 1 f 14BoJaLyTa.510      
3438.935640 0.000300   3.000e-04   30 1 3 3 1 2 e 31 0 3 3 0 1 e 14BoJaLyTa.511      
3438.935640 0.000300   3.000e-04   30 1 3 3 1 2 f 31 0 3 3 0 1 f 14BoJaLyTa.512      
3438.052280 0.000300   3.000e-04   31 1 3 3 1 2 e 32 0 3 3 0 1 e 14BoJaLyTa.513      
3438.052280 0.000300   3.000e-04   31 1 3 3 1 2 f 32 0 3 3 0 1 f 14BoJaLyTa.514      
3434.471590 0.000300   3.000e-04   35 1 3 3 1 2 e 36 0 3 3 0 1 e 14BoJaLyTa.515      
3434.471590 0.000300   3.000e-04   35 1 3 3 1 2 f 36 0 3 3 0 1 f 14BoJaLyTa.516      
3433.564630 0.000300   3.000e-04   36 1 3 3 1 2 e 37 0 3 3 0 1 e 14BoJaLyTa.517      
3433.564630 0.000300   3.000e-04   36 1 3 3 1 2 f 37 0 3 3 0 1 f 14BoJaLyTa.518      
3654.672040 0.000300   3.000e-04   4 2 0 0 1 1 e  5 1 0 0 0 1 e  14BoJaLyTa.519      
3653.193240 0.000300   3.000e-04   6 2 0 0 1 1 e  7 1 0 0 0 1 e  14BoJaLyTa.520      
3652.446850 0.000300   3.000e-04   7 2 0 0 1 1 e  8 1 0 0 0 1 e  14BoJaLyTa.521      
3651.694870 0.000300   1.172e-03   8 2 0 0 1 1 e  9 1 0 0 0 1 e  14BoJaLyTa.522      
3650.940960 0.000300   3.000e-04   9 2 0 0 1 1 e  10 1 0 0 0 1 e 14BoJaLyTa.523      
3650.181100 0.000300   3.000e-04   10 2 0 0 1 1 e 11 1 0 0 0 1 e 14BoJaLyTa.524      
3648.647310 0.000300   1.297e-03   12 2 0 0 1 1 e 13 1 0 0 0 1 e 14BoJaLyTa.525      
3647.875560 0.000300   3.000e-04   13 2 0 0 1 1 e 14 1 0 0 0 1 e 14BoJaLyTa.526      
3647.098130 0.000300   4.025e-04   14 2 0 0 1 1 e 15 1 0 0 0 1 e 14BoJaLyTa.527      
3646.316040 0.000300   3.173e-04   15 2 0 0 1 1 e 16 1 0 0 0 1 e 14BoJaLyTa.528      
3645.530080 0.000300   3.000e-04   16 2 0 0 1 1 e 17 1 0 0 0 1 e 14BoJaLyTa.529      
3644.739070 0.000300   3.000e-04   17 2 0 0 1 1 e 18 1 0 0 0 1 e 14BoJaLyTa.530      
3643.145040 0.000300   6.542e-04   19 2 0 0 1 1 e 20 1 0 0 0 1 e 14BoJaLyTa.531      
3640.719600 0.000300   3.000e-04   22 2 0 0 1 1 e 23 1 0 0 0 1 e 14BoJaLyTa.532      
3639.902160 0.000300   3.912e-04   23 2 0 0 1 1 e 24 1 0 0 0 1 e 14BoJaLyTa.533      
3639.080030 0.000300   1.020e-03   24 2 0 0 1 1 e 25 1 0 0 0 1 e 14BoJaLyTa.534      
3637.425460 0.000300   3.000e-04   26 2 0 0 1 1 e 27 1 0 0 0 1 e 14BoJaLyTa.535      
3635.752490 0.000300   3.000e-04   28 2 0 0 1 1 e 29 1 0 0 0 1 e 14BoJaLyTa.536      
3634.909690 0.000300   3.000e-04   29 2 0 0 1 1 e 30 1 0 0 0 1 e 14BoJaLyTa.537      
3634.062280 0.000300   3.000e-04   30 2 0 0 1 1 e 31 1 0 0 0 1 e 14BoJaLyTa.538      
3633.210540 0.000300   3.838e-04   31 2 0 0 1 1 e 32 1 0 0 0 1 e 14BoJaLyTa.539      
3632.355200 0.000300   3.000e-04   32 2 0 0 1 1 e 33 1 0 0 0 1 e 14BoJaLyTa.540      
3630.630110 0.000300   8.079e-04   34 2 0 0 1 1 e 35 1 0 0 0 1 e 14BoJaLyTa.541      
3629.761880 0.000300   6.358e-04   35 2 0 0 1 1 e 36 1 0 0 0 1 e 14BoJaLyTa.542      
3628.890860 0.000300   3.000e-04   36 2 0 0 1 1 e 37 1 0 0 0 1 e 14BoJaLyTa.543      
3628.013220 0.000300   3.000e-04   37 2 0 0 1 1 e 38 1 0 0 0 1 e 14BoJaLyTa.544      
3627.132850 0.000300   3.903e-04   38 2 0 0 1 1 e 39 1 0 0 0 1 e 14BoJaLyTa.545      
3626.247520 0.000300   3.000e-04   39 2 0 0 1 1 e 40 1 0 0 0 1 e 14BoJaLyTa.546      
3624.465100 0.000300   3.000e-04   41 2 0 0 1 1 e 42 1 0 0 0 1 e 14BoJaLyTa.547      
3621.761050 0.000300   3.000e-04   44 2 0 0 1 1 e 45 1 0 0 0 1 e 14BoJaLyTa.548      
3619.020960 0.000300   3.000e-04   47 2 0 0 1 1 e 48 1 0 0 0 1 e 14BoJaLyTa.549      
3617.175400 0.000300   1.914e-03   49 2 0 0 1 1 e 50 1 0 0 0 1 e 14BoJaLyTa.550      
3616.245630 0.000300   3.000e-04   50 2 0 0 1 1 e 51 1 0 0 0 1 e 14BoJaLyTa.551      
3508.344960 0.000300   9.424e-04   3 2 0 0 1 2 e  4 1 0 0 0 1 e  14BoJaLyTa.552      
3507.600960 0.000300   6.296e-04   4 2 0 0 1 2 e  5 1 0 0 0 1 e  14BoJaLyTa.553      
3506.093050 0.000300   6.542e-04   6 2 0 0 1 2 e  7 1 0 0 0 1 e  14BoJaLyTa.554      
3502.992460 0.000300   1.344e-03   10 2 0 0 1 2 e 11 1 0 0 0 1 e 14BoJaLyTa.555      
3502.199180 0.000300   1.151e-03   11 2 0 0 1 2 e 12 1 0 0 0 1 e 14BoJaLyTa.556      
3500.589480 0.000300   3.000e-04   13 2 0 0 1 2 e 14 1 0 0 0 1 e 14BoJaLyTa.557      
3499.775130 0.000300   4.923e-04   14 2 0 0 1 2 e 15 1 0 0 0 1 e 14BoJaLyTa.558      
3498.124640 0.000300   7.751e-04   16 2 0 0 1 2 e 17 1 0 0 0 1 e 14BoJaLyTa.559      
3496.444750 0.000300   3.000e-04   18 2 0 0 1 2 e 19 1 0 0 0 1 e 14BoJaLyTa.560      
3495.594930 0.000300   8.740e-04   19 2 0 0 1 2 e 20 1 0 0 0 1 e 14BoJaLyTa.561      
3494.736860 0.000300   3.000e-04   20 2 0 0 1 2 e 21 1 0 0 0 1 e 14BoJaLyTa.562      
3492.121500 0.000300   3.000e-04   23 2 0 0 1 2 e 24 1 0 0 0 1 e 14BoJaLyTa.563      
3491.235660 0.000300   3.000e-04   24 2 0 0 1 2 e 25 1 0 0 0 1 e 14BoJaLyTa.564      
3490.342770 0.000300   3.000e-04   25 2 0 0 1 2 e 26 1 0 0 0 1 e 14BoJaLyTa.565      
3489.441910 0.000300   3.000e-04   26 2 0 0 1 2 e 27 1 0 0 0 1 e 14BoJaLyTa.566      
3488.535230 0.000300   3.000e-04   27 2 0 0 1 2 e 28 1 0 0 0 1 e 14BoJaLyTa.567      
3487.620890 0.000300   3.000e-04   28 2 0 0 1 2 e 29 1 0 0 0 1 e 14BoJaLyTa.568      
3485.770600 0.000300   3.000e-04   30 2 0 0 1 2 e 31 1 0 0 0 1 e 14BoJaLyTa.569      
3483.892440 0.000300   3.000e-04   32 2 0 0 1 2 e 33 1 0 0 0 1 e 14BoJaLyTa.570      
3482.941910 0.000300   3.000e-04   33 2 0 0 1 2 e 34 1 0 0 0 1 e 14BoJaLyTa.571      
3481.985510 0.000300   3.000e-04   34 2 0 0 1 2 e 35 1 0 0 0 1 e 14BoJaLyTa.572      
3480.051270 0.000300   3.000e-04   36 2 0 0 1 2 e 37 1 0 0 0 1 e 14BoJaLyTa.573      
3478.086630 0.000300   3.000e-04   38 2 0 0 1 2 e 39 1 0 0 0 1 e 14BoJaLyTa.574      
3476.095380 0.000300   3.000e-04   40 2 0 0 1 2 e 41 1 0 0 0 1 e 14BoJaLyTa.575      
3475.088550 0.000300   3.000e-04   41 2 0 0 1 2 e 42 1 0 0 0 1 e 14BoJaLyTa.576      
3474.075020 0.000300   3.000e-04   42 2 0 0 1 2 e 43 1 0 0 0 1 e 14BoJaLyTa.577      
3470.992070 0.000300   3.000e-04   45 2 0 0 1 2 e 46 1 0 0 0 1 e 14BoJaLyTa.578      
3469.950960 0.000300   3.000e-04   46 2 0 0 1 2 e 47 1 0 0 0 1 e 14BoJaLyTa.579      
3468.902210 0.000300   3.000e-04   47 2 0 0 1 2 e 48 1 0 0 0 1 e 14BoJaLyTa.580      
3467.847750 0.000300   3.000e-04   48 2 0 0 1 2 e 49 1 0 0 0 1 e 14BoJaLyTa.581      
3466.783210 0.000300   3.000e-04   49 2 0 0 1 2 e 50 1 0 0 0 1 e 14BoJaLyTa.582      
3620.874940 0.000300   3.000e-04   1 2 0 0 1 2 e  2 1 0 0 0 2 e  14BoJaLyTa.583      
3620.148720 0.000300   7.570e-04   2 2 0 0 1 2 e  3 1 0 0 0 2 e  14BoJaLyTa.584      
3619.418200 0.000300   4.065e-04   3 2 0 0 1 2 e  4 1 0 0 0 2 e  14BoJaLyTa.585      
3618.681750 0.000300   3.000e-04   4 2 0 0 1 2 e  5 1 0 0 0 2 e  14BoJaLyTa.586      
3617.939100 0.000300   3.000e-04   5 2 0 0 1 2 e  6 1 0 0 0 2 e  14BoJaLyTa.587      
3617.191070 0.000300   3.000e-04   6 2 0 0 1 2 e  7 1 0 0 0 2 e  14BoJaLyTa.588      
3616.436940 0.000300   3.000e-04   7 2 0 0 1 2 e  8 1 0 0 0 2 e  14BoJaLyTa.589      
3615.676900 0.000300   3.000e-04   8 2 0 0 1 2 e  9 1 0 0 0 2 e  14BoJaLyTa.590      
3614.911540 0.000300   3.000e-04   9 2 0 0 1 2 e  10 1 0 0 0 2 e 14BoJaLyTa.591      
3614.140050 0.000300   3.000e-04   10 2 0 0 1 2 e 11 1 0 0 0 2 e 14BoJaLyTa.592      
3613.363050 0.000300   3.000e-04   11 2 0 0 1 2 e 12 1 0 0 0 2 e 14BoJaLyTa.593      
3612.580030 0.000300   3.000e-04   12 2 0 0 1 2 e 13 1 0 0 0 2 e 14BoJaLyTa.594      
3610.997220 0.000300   3.000e-04   14 2 0 0 1 2 e 15 1 0 0 0 2 e 14BoJaLyTa.595      
3610.197030 0.000300   3.000e-04   15 2 0 0 1 2 e 16 1 0 0 0 2 e 14BoJaLyTa.596      
3609.391630 0.000300   3.000e-04   16 2 0 0 1 2 e 17 1 0 0 0 2 e 14BoJaLyTa.597      
3608.580150 0.000300   3.000e-04   17 2 0 0 1 2 e 18 1 0 0 0 2 e 14BoJaLyTa.598      
3607.761010 0.000300   2.172e-03   18 2 0 0 1 2 e 19 1 0 0 0 2 e 14BoJaLyTa.599      
3606.940410 0.000300   3.000e-04   19 2 0 0 1 2 e 20 1 0 0 0 2 e 14BoJaLyTa.600      
3606.112140 0.000300   3.000e-04   20 2 0 0 1 2 e 21 1 0 0 0 2 e 14BoJaLyTa.601      
3604.439070 0.000300   3.622e-04   22 2 0 0 1 2 e 23 1 0 0 0 2 e 14BoJaLyTa.602      
3603.593660 0.000300   3.000e-04   23 2 0 0 1 2 e 24 1 0 0 0 2 e 14BoJaLyTa.603      
3602.742920 0.000300   3.000e-04   24 2 0 0 1 2 e 25 1 0 0 0 2 e 14BoJaLyTa.604      
3601.888480 0.000300   1.603e-03   25 2 0 0 1 2 e 26 1 0 0 0 2 e 14BoJaLyTa.605      
3601.025490 0.000300   3.986e-04   26 2 0 0 1 2 e 27 1 0 0 0 2 e 14BoJaLyTa.606      
3600.157700 0.000300   3.000e-04   27 2 0 0 1 2 e 28 1 0 0 0 2 e 14BoJaLyTa.607      
3599.285080 0.000300   3.000e-04   28 2 0 0 1 2 e 29 1 0 0 0 2 e 14BoJaLyTa.608      
3598.406810 0.000300   3.000e-04   29 2 0 0 1 2 e 30 1 0 0 0 2 e 14BoJaLyTa.609      
3597.523270 0.000300   3.000e-04   30 2 0 0 1 2 e 31 1 0 0 0 2 e 14BoJaLyTa.610      
3596.634410 0.000300   3.000e-04   31 2 0 0 1 2 e 32 1 0 0 0 2 e 14BoJaLyTa.611      
3595.739830 0.000300   3.000e-04   32 2 0 0 1 2 e 33 1 0 0 0 2 e 14BoJaLyTa.612      
3594.840250 0.000300   3.000e-04   33 2 0 0 1 2 e 34 1 0 0 0 2 e 14BoJaLyTa.613      
3593.025040 0.000300   4.543e-04   35 2 0 0 1 2 e 36 1 0 0 0 2 e 14BoJaLyTa.614      
3590.262110 0.000300   3.000e-04   38 2 0 0 1 2 e 39 1 0 0 0 2 e 14BoJaLyTa.615      
3588.394250 0.000300   3.000e-04   40 2 0 0 1 2 e 41 1 0 0 0 2 e 14BoJaLyTa.616      
3587.452390 0.000300   4.356e-04   41 2 0 0 1 2 e 42 1 0 0 0 2 e 14BoJaLyTa.617      
3586.505650 0.000300   3.000e-04   42 2 0 0 1 2 e 43 1 0 0 0 2 e 14BoJaLyTa.618      
3393.247530 0.000300   3.000e-04   8 2 0 0 1 3 e  9 1 0 0 0 1 e  14BoJaLyTa.619      
3392.476720 0.000300   3.000e-04   9 2 0 0 1 3 e  10 1 0 0 0 1 e 14BoJaLyTa.620      
3391.699770 0.000300   3.000e-04   10 2 0 0 1 3 e 11 1 0 0 0 1 e 14BoJaLyTa.621      
3390.915060 0.000300   2.079e-03   11 2 0 0 1 3 e 12 1 0 0 0 1 e 14BoJaLyTa.622      
3390.127670 0.000300   3.000e-04   12 2 0 0 1 3 e 13 1 0 0 0 1 e 14BoJaLyTa.623      
3389.332840 0.000300   1.172e-03   13 2 0 0 1 3 e 14 1 0 0 0 1 e 14BoJaLyTa.624      
3388.528970 0.000300   4.466e-04   14 2 0 0 1 3 e 15 1 0 0 0 1 e 14BoJaLyTa.625      
3387.721250 0.000300   3.000e-04   15 2 0 0 1 3 e 16 1 0 0 0 1 e 14BoJaLyTa.626      
3386.906340 0.000300   4.149e-04   16 2 0 0 1 3 e 17 1 0 0 0 1 e 14BoJaLyTa.627      
3385.258370 0.000300   3.000e-04   18 2 0 0 1 3 e 19 1 0 0 0 1 e 14BoJaLyTa.628      
3384.425270 0.000300   6.303e-04   19 2 0 0 1 3 e 20 1 0 0 0 1 e 14BoJaLyTa.629      
3383.584550 0.000300   3.000e-04   20 2 0 0 1 3 e 21 1 0 0 0 1 e 14BoJaLyTa.630      
3382.737120 0.000300   9.012e-04   21 2 0 0 1 3 e 22 1 0 0 0 1 e 14BoJaLyTa.631      
3381.886210 0.000300   1.085e-03   22 2 0 0 1 3 e 23 1 0 0 0 1 e 14BoJaLyTa.632      
3381.026910 0.000300   1.161e-03   23 2 0 0 1 3 e 24 1 0 0 0 1 e 14BoJaLyTa.633      
3380.159600 0.000300   3.000e-04   24 2 0 0 1 3 e 25 1 0 0 0 1 e 14BoJaLyTa.634      
3379.285450 0.000300   2.171e-03   25 2 0 0 1 3 e 26 1 0 0 0 1 e 14BoJaLyTa.635      
3378.410920 0.000300   2.847e-03   26 2 0 0 1 3 e 27 1 0 0 0 1 e 14BoJaLyTa.636      
3377.523160 0.000300   3.000e-04   27 2 0 0 1 3 e 28 1 0 0 0 1 e 14BoJaLyTa.637      
3509.533120 0.000300   3.000e-04   1 2 0 0 1 3 e  2 1 0 0 0 2 e  14BoJaLyTa.638      
3508.809530 0.000300   3.000e-04   2 2 0 0 1 3 e  3 1 0 0 0 2 e  14BoJaLyTa.639      
3508.081800 0.000300   3.000e-04   3 2 0 0 1 3 e  4 1 0 0 0 2 e  14BoJaLyTa.640      
3507.348610 0.000300   3.000e-04   4 2 0 0 1 3 e  5 1 0 0 0 2 e  14BoJaLyTa.641      
3506.610890 0.000300   3.000e-04   5 2 0 0 1 3 e  6 1 0 0 0 2 e  14BoJaLyTa.642      
3505.867970 0.000300   3.000e-04   6 2 0 0 1 3 e  7 1 0 0 0 2 e  14BoJaLyTa.643      
3505.120700 0.000300   3.000e-04   7 2 0 0 1 3 e  8 1 0 0 0 2 e  14BoJaLyTa.644      
3504.367940 0.000300   3.614e-04   8 2 0 0 1 3 e  9 1 0 0 0 2 e  14BoJaLyTa.645      
3503.610990 0.000300   3.000e-04   9 2 0 0 1 3 e  10 1 0 0 0 2 e 14BoJaLyTa.646      
3502.082130 0.000300   3.000e-04   11 2 0 0 1 3 e 12 1 0 0 0 2 e 14BoJaLyTa.647      
3501.310280 0.000300   3.000e-04   12 2 0 0 1 3 e 13 1 0 0 0 2 e 14BoJaLyTa.648      
3500.533680 0.000300   4.187e-04   13 2 0 0 1 3 e 14 1 0 0 0 2 e 14BoJaLyTa.649      
3499.752030 0.000300   3.000e-04   14 2 0 0 1 3 e 15 1 0 0 0 2 e 14BoJaLyTa.650      
3498.965660 0.000300   3.000e-04   15 2 0 0 1 3 e 16 1 0 0 0 2 e 14BoJaLyTa.651      
3497.378040 0.000300   3.000e-04   17 2 0 0 1 3 e 18 1 0 0 0 2 e 14BoJaLyTa.652      
3496.576800 0.000300   3.000e-04   18 2 0 0 1 3 e 19 1 0 0 0 2 e 14BoJaLyTa.653      
3494.960180 0.000300   3.000e-04   20 2 0 0 1 3 e 21 1 0 0 0 2 e 14BoJaLyTa.654      
3493.323520 0.000300   3.000e-04   22 2 0 0 1 3 e 23 1 0 0 0 2 e 14BoJaLyTa.655      
3491.667170 0.000300   3.000e-04   24 2 0 0 1 3 e 25 1 0 0 0 2 e 14BoJaLyTa.656      
3489.991230 0.000300   3.000e-04   26 2 0 0 1 3 e 27 1 0 0 0 2 e 14BoJaLyTa.657      
3489.145710 0.000300   3.000e-04   27 2 0 0 1 3 e 28 1 0 0 0 2 e 14BoJaLyTa.658      
3488.295270 0.000300   3.000e-04   28 2 0 0 1 3 e 29 1 0 0 0 2 e 14BoJaLyTa.659      
3486.579410 0.000300   3.000e-04   30 2 0 0 1 3 e 31 1 0 0 0 2 e 14BoJaLyTa.660      
3485.713820 0.000300   3.000e-04   31 2 0 0 1 3 e 32 1 0 0 0 2 e 14BoJaLyTa.661      
3484.843470 0.000300   3.000e-04   32 2 0 0 1 3 e 33 1 0 0 0 2 e 14BoJaLyTa.662      
3483.967790 0.000300   3.000e-04   33 2 0 0 1 3 e 34 1 0 0 0 2 e 14BoJaLyTa.663      
3482.201860 0.000300   3.378e-04   35 2 0 0 1 3 e 36 1 0 0 0 2 e 14BoJaLyTa.664      
3480.414960 0.000300   3.000e-04   37 2 0 0 1 3 e 38 1 0 0 0 2 e 14BoJaLyTa.665      
3478.607770 0.000300   3.455e-04   39 2 0 0 1 3 e 40 1 0 0 0 2 e 14BoJaLyTa.666      
3475.858670 0.000300   3.000e-04   42 2 0 0 1 3 e 43 1 0 0 0 2 e 14BoJaLyTa.667      
3474.932110 0.000300   3.000e-04   43 2 0 0 1 3 e 44 1 0 0 0 2 e 14BoJaLyTa.668      
3474.000090 0.000300   3.882e-04   44 2 0 0 1 3 e 45 1 0 0 0 2 e 14BoJaLyTa.669      
3471.172640 0.000300   3.000e-04   47 2 0 0 1 3 e 48 1 0 0 0 2 e 14BoJaLyTa.670      
3470.219650 0.000300   3.000e-04   48 2 0 0 1 3 e 49 1 0 0 0 2 e 14BoJaLyTa.671      
3469.262910 0.000300   1.039e-03   49 2 0 0 1 3 e 50 1 0 0 0 2 e 14BoJaLyTa.672      
3466.354400 0.000300   3.000e-04   52 2 0 0 1 3 e 53 1 0 0 0 2 e 14BoJaLyTa.673      
3464.388580 0.000300   3.000e-04   54 2 0 0 1 3 e 55 1 0 0 0 2 e 14BoJaLyTa.674      
3462.402760 0.000300   3.000e-04   56 2 0 0 1 3 e 57 1 0 0 0 2 e 14BoJaLyTa.675      
3459.381680 0.000300   3.000e-04   59 2 0 0 1 3 e 60 1 0 0 0 2 e 14BoJaLyTa.676      
3236.874980 0.000300   4.620e-04   19 2 1 1 0 2 e 20 0 0 0 0 1 e 14BoJaLyTa.677      
3236.164160 0.000300   4.793e-04   20 2 1 1 0 2 e 21 0 0 0 0 1 e 14BoJaLyTa.678      
3235.455200 0.000300   1.393e-03   21 2 1 1 0 2 e 22 0 0 0 0 1 e 14BoJaLyTa.679      
3234.742940 0.000300   3.000e-04   22 2 1 1 0 2 e 23 0 0 0 0 1 e 14BoJaLyTa.680      
3234.032600 0.000300   3.000e-04   23 2 1 1 0 2 e 24 0 0 0 0 1 e 14BoJaLyTa.681      
3233.321660 0.000300   3.000e-04   24 2 1 1 0 2 e 25 0 0 0 0 1 e 14BoJaLyTa.682      
3232.611900 0.000300   3.000e-04   25 2 1 1 0 2 e 26 0 0 0 0 1 e 14BoJaLyTa.683      
3231.901340 0.000300   3.000e-04   26 2 1 1 0 2 e 27 0 0 0 0 1 e 14BoJaLyTa.684      
3231.191940 0.000300   3.000e-04   27 2 1 1 0 2 e 28 0 0 0 0 1 e 14BoJaLyTa.685      
3230.480890 0.000300   8.979e-04   28 2 1 1 0 2 e 29 0 0 0 0 1 e 14BoJaLyTa.686      
3229.772550 0.000300   3.000e-04   29 2 1 1 0 2 e 30 0 0 0 0 1 e 14BoJaLyTa.687      
3229.063870 0.000300   7.685e-04   30 2 1 1 0 2 e 31 0 0 0 0 1 e 14BoJaLyTa.688      
3228.352860 0.000300   4.587e-04   31 2 1 1 0 2 e 32 0 0 0 0 1 e 14BoJaLyTa.689      
3227.644870 0.000300   3.000e-04   32 2 1 1 0 2 e 33 0 0 0 0 1 e 14BoJaLyTa.690      
3226.936110 0.000300   3.000e-04   33 2 1 1 0 2 e 34 0 0 0 0 1 e 14BoJaLyTa.691      
3226.227180 0.000300   3.000e-04   34 2 1 1 0 2 e 35 0 0 0 0 1 e 14BoJaLyTa.692      
3225.519310 0.000300   3.000e-04   35 2 1 1 0 2 e 36 0 0 0 0 1 e 14BoJaLyTa.693      
3224.810360 0.000300   3.000e-04   36 2 1 1 0 2 e 37 0 0 0 0 1 e 14BoJaLyTa.694      
3224.103520 0.000300   3.000e-04   37 2 1 1 0 2 e 38 0 0 0 0 1 e 14BoJaLyTa.695      
3223.395010 0.000300   3.000e-04   38 2 1 1 0 2 e 39 0 0 0 0 1 e 14BoJaLyTa.696      
3222.688050 0.000300   3.000e-04   39 2 1 1 0 2 e 40 0 0 0 0 1 e 14BoJaLyTa.697      
3221.980700 0.000300   3.000e-04   40 2 1 1 0 2 e 41 0 0 0 0 1 e 14BoJaLyTa.698      
3221.275110 0.000300   1.038e-03   41 2 1 1 0 2 e 42 0 0 0 0 1 e 14BoJaLyTa.699      
3220.568220 0.000300   1.690e-03   42 2 1 1 0 2 e 43 0 0 0 0 1 e 14BoJaLyTa.700      
3219.860100 0.000300   3.000e-04   43 2 1 1 0 2 e 44 0 0 0 0 1 e 14BoJaLyTa.701      
3219.155650 0.000300   1.640e-03   44 2 1 1 0 2 e 45 0 0 0 0 1 e 14BoJaLyTa.702      
3218.449070 0.000300   7.219e-04   45 2 1 1 0 2 e 46 0 0 0 0 1 e 14BoJaLyTa.703      
3217.742800 0.000300   6.370e-04   46 2 1 1 0 2 e 47 0 0 0 0 1 e 14BoJaLyTa.704      
3217.036940 0.000300   3.000e-04   47 2 1 1 0 2 e 48 0 0 0 0 1 e 14BoJaLyTa.705      
3216.331800 0.000300   3.000e-04   48 2 1 1 0 2 e 49 0 0 0 0 1 e 14BoJaLyTa.706      
3215.628470 0.000300   1.686e-03   49 2 1 1 0 2 e 50 0 0 0 0 1 e 14BoJaLyTa.707      
3214.921190 0.000300   3.735e-04   50 2 1 1 0 2 e 51 0 0 0 0 1 e 14BoJaLyTa.708      
4680.737300 0.000300   3.000e-04   33 2 1 1 1 3 f 34 0 1 1 0 1 f 14BoJaLyTa.709      
4679.376010 0.000300   3.000e-04   34 2 1 1 1 3 e 35 0 1 1 0 1 e 14BoJaLyTa.710      
4679.858900 0.000300   3.000e-04   34 2 1 1 1 3 f 35 0 1 1 0 1 f 14BoJaLyTa.711      
4678.464210 0.000300   3.000e-04   35 2 1 1 1 3 e 36 0 1 1 0 1 e 14BoJaLyTa.712      
4678.976310 0.000300   4.552e-04   35 2 1 1 1 3 f 36 0 1 1 0 1 f 14BoJaLyTa.713      
4677.546360 0.000300   3.000e-04   36 2 1 1 1 3 e 37 0 1 1 0 1 e 14BoJaLyTa.714      
4678.087630 0.000300   3.000e-04   36 2 1 1 1 3 f 37 0 1 1 0 1 f 14BoJaLyTa.715      
4676.623140 0.000300   3.000e-04   37 2 1 1 1 3 e 38 0 1 1 0 1 e 14BoJaLyTa.716      
4677.193730 0.000300   3.000e-04   37 2 1 1 1 3 f 38 0 1 1 0 1 f 14BoJaLyTa.717      
4675.693650 0.000300   8.306e-04   38 2 1 1 1 3 e 39 0 1 1 0 1 e 14BoJaLyTa.718      
4676.295780 0.000300   3.000e-04   38 2 1 1 1 3 f 39 0 1 1 0 1 f 14BoJaLyTa.719      
4675.391490 0.000300   3.000e-04   39 2 1 1 1 3 f 40 0 1 1 0 1 f 14BoJaLyTa.720      
4673.817140 0.000300   3.000e-04   40 2 1 1 1 3 e 41 0 1 1 0 1 e 14BoJaLyTa.721      
4674.482680 0.000300   3.000e-04   40 2 1 1 1 3 f 41 0 1 1 0 1 f 14BoJaLyTa.722      
4672.870040 0.000300   1.555e-03   41 2 1 1 1 3 e 42 0 1 1 0 1 e 14BoJaLyTa.723      
4673.569990 0.000300   3.000e-04   41 2 1 1 1 3 f 42 0 1 1 0 1 f 14BoJaLyTa.724      
4671.917850 0.000300   4.259e-04   42 2 1 1 1 3 e 43 0 1 1 0 1 e 14BoJaLyTa.725      
4672.649960 0.000300   3.000e-04   42 2 1 1 1 3 f 43 0 1 1 0 1 f 14BoJaLyTa.726      
4670.958560 0.000300   3.000e-04   43 2 1 1 1 3 e 44 0 1 1 0 1 e 14BoJaLyTa.727      
4671.724750 0.000300   3.000e-04   43 2 1 1 1 3 f 44 0 1 1 0 1 f 14BoJaLyTa.728      
4669.860830 0.000300   2.392e-03   45 2 1 1 1 3 f 46 0 1 1 0 1 f 14BoJaLyTa.729      
4668.046890 0.000300   3.000e-04   46 2 1 1 1 3 e 47 0 1 1 0 1 e 14BoJaLyTa.730      
4668.920690 0.000300   3.000e-04   46 2 1 1 1 3 f 47 0 1 1 0 1 f 14BoJaLyTa.731      
4667.025020 0.000300   3.000e-04   48 2 1 1 1 3 f 49 0 1 1 0 1 f 14BoJaLyTa.732      
4665.086600 0.000300   3.000e-04   49 2 1 1 1 3 e 50 0 1 1 0 1 e 14BoJaLyTa.733      
4665.106880 0.000300   3.000e-04   50 2 1 1 1 3 f 51 0 1 1 0 1 f 14BoJaLyTa.734      
4663.072950 0.000300   3.000e-04   51 2 1 1 1 3 e 52 0 1 1 0 1 e 14BoJaLyTa.735      
4663.166640 0.000300   3.000e-04   52 2 1 1 1 3 f 53 0 1 1 0 1 f 14BoJaLyTa.736      
3477.587870 0.000300   3.000e-04   6 2 1 1 1 3 f  7 1 1 1 0 2 f  14BoJaLyTa.737      
3475.322020 0.000300   2.493e-03   9 2 1 1 1 3 e  10 1 1 1 0 2 e 14BoJaLyTa.738      
3474.563060 0.000300   3.000e-04   10 2 1 1 1 3 f 11 1 1 1 0 2 f 14BoJaLyTa.739      
3473.794590 0.000300   3.000e-04   11 2 1 1 1 3 f 12 1 1 1 0 2 f 14BoJaLyTa.740      
3473.003100 0.000300   3.000e-04   12 2 1 1 1 3 e 13 1 1 1 0 2 e 14BoJaLyTa.741      
3473.021420 0.000300   3.000e-04   12 2 1 1 1 3 f 13 1 1 1 0 2 f 14BoJaLyTa.742      
3472.243350 0.000300   3.000e-04   13 2 1 1 1 3 f 14 1 1 1 0 2 f 14BoJaLyTa.743      
3471.432260 0.000300   3.000e-04   14 2 1 1 1 3 e 15 1 1 1 0 2 e 14BoJaLyTa.744      
3469.840310 0.000300   3.329e-04   16 2 1 1 1 3 e 17 1 1 1 0 2 e 14BoJaLyTa.745      
3469.881470 0.000300   3.000e-04   16 2 1 1 1 3 f 17 1 1 1 0 2 f 14BoJaLyTa.746      
3469.037860 0.000300   3.000e-04   17 2 1 1 1 3 e 18 1 1 1 0 2 e 14BoJaLyTa.747      
3469.085820 0.000300   3.000e-04   17 2 1 1 1 3 f 18 1 1 1 0 2 f 14BoJaLyTa.748      
3468.229640 0.000300   3.000e-04   18 2 1 1 1 3 e 19 1 1 1 0 2 e 14BoJaLyTa.749      
3468.283230 0.000300   1.485e-03   18 2 1 1 1 3 f 19 1 1 1 0 2 f 14BoJaLyTa.750      
3467.414330 0.000300   9.726e-04   19 2 1 1 1 3 e 20 1 1 1 0 2 e 14BoJaLyTa.751      
3466.666050 0.000300   4.914e-04   20 2 1 1 1 3 f 21 1 1 1 0 2 f 14BoJaLyTa.752      
3464.940410 0.000300   3.000e-04   22 2 1 1 1 3 e 23 1 1 1 0 2 e 14BoJaLyTa.753      
3464.203910 0.000300   3.000e-04   23 2 1 1 1 3 f 24 1 1 1 0 2 f 14BoJaLyTa.754      
3463.265190 0.000300   3.000e-04   24 2 1 1 1 3 e 25 1 1 1 0 2 e 14BoJaLyTa.755      
3463.373380 0.000300   3.000e-04   24 2 1 1 1 3 f 25 1 1 1 0 2 f 14BoJaLyTa.756      
3462.421950 0.000300   1.678e-03   25 2 1 1 1 3 e 26 1 1 1 0 2 e 14BoJaLyTa.757      
3461.698510 0.000300   3.000e-04   26 2 1 1 1 3 f 27 1 1 1 0 2 f 14BoJaLyTa.758      
3459.850210 0.000300   1.326e-03   28 2 1 1 1 3 e 29 1 1 1 0 2 e 14BoJaLyTa.759      
3458.981870 0.000300   1.976e-03   29 2 1 1 1 3 e 30 1 1 1 0 2 e 14BoJaLyTa.760      
3459.149910 0.000300   3.000e-04   29 2 1 1 1 3 f 30 1 1 1 0 2 f 14BoJaLyTa.761      
3458.110850 0.000300   1.664e-03   30 2 1 1 1 3 e 31 1 1 1 0 2 e 14BoJaLyTa.762      
3457.236130 0.000300   3.000e-04   31 2 1 1 1 3 e 32 1 1 1 0 2 e 14BoJaLyTa.763      
3456.353120 0.000300   3.000e-04   32 2 1 1 1 3 e 33 1 1 1 0 2 e 14BoJaLyTa.764      
3456.555920 0.000300   3.000e-04   32 2 1 1 1 3 f 33 1 1 1 0 2 f 14BoJaLyTa.765      
3454.803600 0.000300   3.000e-04   34 2 1 1 1 3 f 35 1 1 1 0 2 f 14BoJaLyTa.766      
3453.669890 0.000300   1.180e-03   35 2 1 1 1 3 e 36 1 1 1 0 2 e 14BoJaLyTa.767      
3453.920420 0.000300   3.000e-04   35 2 1 1 1 3 f 36 1 1 1 0 2 f 14BoJaLyTa.768      
3453.030850 0.000300   3.000e-04   36 2 1 1 1 3 f 37 1 1 1 0 2 f 14BoJaLyTa.769      
3450.945280 0.000300   1.812e-03   38 2 1 1 1 3 e 39 1 1 1 0 2 e 14BoJaLyTa.770      
3451.238650 0.000300   3.000e-04   38 2 1 1 1 3 f 39 1 1 1 0 2 f 14BoJaLyTa.771      
4662.760430 0.000300   3.000e-04   6 2 2 2 1 3 f  7 0 2 2 0 1 f  14BoJaLyTa.772      
4661.256200 0.000300   3.000e-04   8 2 2 2 1 3 e  9 0 2 2 0 1 e  14BoJaLyTa.773      
4661.256200 0.000300   3.000e-04   8 2 2 2 1 3 f  9 0 2 2 0 1 f  14BoJaLyTa.774      
4660.493670 0.000300   3.000e-04   9 2 2 2 1 3 e  10 0 2 2 0 1 e 14BoJaLyTa.775      
4660.493670 0.000300   3.000e-04   9 2 2 2 1 3 f  10 0 2 2 0 1 f 14BoJaLyTa.776      
4659.731580 0.000300   3.000e-04   10 2 2 2 1 3 e 11 0 2 2 0 1 e 14BoJaLyTa.777      
4659.731580 0.000300   3.000e-04   10 2 2 2 1 3 f 11 0 2 2 0 1 f 14BoJaLyTa.778      
4658.963150 0.000300   3.000e-04   11 2 2 2 1 3 e 12 0 2 2 0 1 e 14BoJaLyTa.779      
4658.963150 0.000300   3.000e-04   11 2 2 2 1 3 f 12 0 2 2 0 1 f 14BoJaLyTa.780      
4657.417220 0.000300   7.727e-03   13 2 2 2 1 3 e 14 0 2 2 0 1 e 14BoJaLyTa.781      
4657.417220 0.000300   7.763e-03   13 2 2 2 1 3 f 14 0 2 2 0 1 f 14BoJaLyTa.782      
4656.632410 0.000300   3.000e-04   14 2 2 2 1 3 e 15 0 2 2 0 1 e 14BoJaLyTa.783      
4656.632410 0.000300   3.000e-04   14 2 2 2 1 3 f 15 0 2 2 0 1 f 14BoJaLyTa.784      
4655.060950 0.000300   3.000e-04   16 2 2 2 1 3 e 17 0 2 2 0 1 e 14BoJaLyTa.785      
4655.060950 0.000300   3.000e-04   16 2 2 2 1 3 f 17 0 2 2 0 1 f 14BoJaLyTa.786      
4651.100600 0.000300   1.977e-03   21 2 2 2 1 3 e 22 0 2 2 0 1 e 14BoJaLyTa.787      
4651.100600 0.000300   2.933e-03   21 2 2 2 1 3 f 22 0 2 2 0 1 f 14BoJaLyTa.788      
3944.535170 0.000300   3.000e-04   7 3 0 0 0 2 e  8 0 0 0 0 1 e  14BoJaLyTa.789      
3943.826440 0.000300   3.000e-04   8 3 0 0 0 2 e  9 0 0 0 0 1 e  14BoJaLyTa.790      
3943.118480 0.000300   3.494e-04   9 3 0 0 0 2 e  10 0 0 0 0 1 e 14BoJaLyTa.791      
3941.703130 0.000300   1.549e-03   11 3 0 0 0 2 e 12 0 0 0 0 1 e 14BoJaLyTa.792      
3940.999190 0.000300   3.000e-04   12 3 0 0 0 2 e 13 0 0 0 0 1 e 14BoJaLyTa.793      
3940.293300 0.000300   3.000e-04   13 3 0 0 0 2 e 14 0 0 0 0 1 e 14BoJaLyTa.794      
3939.589290 0.000300   3.000e-04   14 3 0 0 0 2 e 15 0 0 0 0 1 e 14BoJaLyTa.795      
3938.884860 0.000300   3.000e-04   15 3 0 0 0 2 e 16 0 0 0 0 1 e 14BoJaLyTa.796      
3938.183660 0.000300   1.168e-03   16 3 0 0 0 2 e 17 0 0 0 0 1 e 14BoJaLyTa.797      
3937.479850 0.000300   3.000e-04   17 3 0 0 0 2 e 18 0 0 0 0 1 e 14BoJaLyTa.798      
3936.779200 0.000300   3.000e-04   18 3 0 0 0 2 e 19 0 0 0 0 1 e 14BoJaLyTa.799      
3936.078660 0.000300   4.522e-04   19 3 0 0 0 2 e 20 0 0 0 0 1 e 14BoJaLyTa.800      
3935.379780 0.000300   7.525e-04   20 3 0 0 0 2 e 21 0 0 0 0 1 e 14BoJaLyTa.801      
3934.678640 0.000300   1.030e-03   21 3 0 0 0 2 e 22 0 0 0 0 1 e 14BoJaLyTa.802      
3933.982450 0.000300   3.000e-04   22 3 0 0 0 2 e 23 0 0 0 0 1 e 14BoJaLyTa.803      
3933.285190 0.000300   3.000e-04   23 3 0 0 0 2 e 24 0 0 0 0 1 e 14BoJaLyTa.804      
3931.891300 0.000300   2.027e-03   25 3 0 0 0 2 e 26 0 0 0 0 1 e 14BoJaLyTa.805      
3809.902920 0.000300   3.000e-04   1 3 0 0 0 3 e  2 0 0 0 0 1 e  14BoJaLyTa.806      
3809.184540 0.000300   3.000e-04   2 3 0 0 0 3 e  3 0 0 0 0 1 e  14BoJaLyTa.807      
3807.745100 0.000300   3.000e-04   4 3 0 0 0 3 e  5 0 0 0 0 1 e  14BoJaLyTa.808      
3806.297920 0.000300   3.000e-04   6 3 0 0 0 3 e  7 0 0 0 0 1 e  14BoJaLyTa.809      
3805.571870 0.000300   3.835e-04   7 3 0 0 0 3 e  8 0 0 0 0 1 e  14BoJaLyTa.810      
3804.844100 0.000300   3.000e-04   8 3 0 0 0 3 e  9 0 0 0 0 1 e  14BoJaLyTa.811      
3804.114550 0.000300   3.000e-04   9 3 0 0 0 3 e  10 0 0 0 0 1 e 14BoJaLyTa.812      
3803.383450 0.000300   3.000e-04   10 3 0 0 0 3 e 11 0 0 0 0 1 e 14BoJaLyTa.813      
3802.651150 0.000300   6.091e-04   11 3 0 0 0 3 e 12 0 0 0 0 1 e 14BoJaLyTa.814      
3801.915590 0.000300   3.000e-04   12 3 0 0 0 3 e 13 0 0 0 0 1 e 14BoJaLyTa.815      
3801.179810 0.000300   3.000e-04   13 3 0 0 0 3 e 14 0 0 0 0 1 e 14BoJaLyTa.816      
3799.701360 0.000300   3.000e-04   15 3 0 0 0 3 e 16 0 0 0 0 1 e 14BoJaLyTa.817      
3798.960390 0.000300   3.000e-04   16 3 0 0 0 3 e 17 0 0 0 0 1 e 14BoJaLyTa.818      
3798.216830 0.000300   3.000e-04   17 3 0 0 0 3 e 18 0 0 0 0 1 e 14BoJaLyTa.819      
3797.471710 0.000300   3.000e-04   18 3 0 0 0 3 e 19 0 0 0 0 1 e 14BoJaLyTa.820      
3796.725080 0.000300   3.000e-04   19 3 0 0 0 3 e 20 0 0 0 0 1 e 14BoJaLyTa.821      
3795.976600 0.000300   3.000e-04   20 3 0 0 0 3 e 21 0 0 0 0 1 e 14BoJaLyTa.822      
3795.226300 0.000300   3.000e-04   21 3 0 0 0 3 e 22 0 0 0 0 1 e 14BoJaLyTa.823      
3794.474510 0.000300   3.000e-04   22 3 0 0 0 3 e 23 0 0 0 0 1 e 14BoJaLyTa.824      
3792.966080 0.000300   3.000e-04   24 3 0 0 0 3 e 25 0 0 0 0 1 e 14BoJaLyTa.825      
3792.208700 0.000300   3.000e-04   25 3 0 0 0 3 e 26 0 0 0 0 1 e 14BoJaLyTa.826      
3791.450160 0.000300   3.000e-04   26 3 0 0 0 3 e 27 0 0 0 0 1 e 14BoJaLyTa.827      
3790.689240 0.000300   3.000e-04   27 3 0 0 0 3 e 28 0 0 0 0 1 e 14BoJaLyTa.828      
3789.927250 0.000300   3.000e-04   28 3 0 0 0 3 e 29 0 0 0 0 1 e 14BoJaLyTa.829      
3789.163470 0.000300   3.000e-04   29 3 0 0 0 3 e 30 0 0 0 0 1 e 14BoJaLyTa.830      
3788.397970 0.000300   3.000e-04   30 3 0 0 0 3 e 31 0 0 0 0 1 e 14BoJaLyTa.831      
3787.630910 0.000300   3.000e-04   31 3 0 0 0 3 e 32 0 0 0 0 1 e 14BoJaLyTa.832      
3786.091330 0.000300   3.000e-04   33 3 0 0 0 3 e 34 0 0 0 0 1 e 14BoJaLyTa.833      
3785.319260 0.000300   3.000e-04   34 3 0 0 0 3 e 35 0 0 0 0 1 e 14BoJaLyTa.834      
3784.545800 0.000300   7.797e-04   35 3 0 0 0 3 e 36 0 0 0 0 1 e 14BoJaLyTa.835      
3783.769630 0.000300   3.000e-04   36 3 0 0 0 3 e 37 0 0 0 0 1 e 14BoJaLyTa.836      
3782.991500 0.000300   3.000e-04   37 3 0 0 0 3 e 38 0 0 0 0 1 e 14BoJaLyTa.837      
3780.649000 0.000300   5.929e-04   40 3 0 0 0 3 e 41 0 0 0 0 1 e 14BoJaLyTa.838      
4680.946030 0.000300   3.000e-04   27 3 0 0 1 4 e 28 1 0 0 0 2 e 14BoJaLyTa.839      
4680.121760 0.000300   3.000e-04   28 3 0 0 1 4 e 29 1 0 0 0 2 e 14BoJaLyTa.840      
4679.294590 0.000300   3.000e-04   29 3 0 0 1 4 e 30 1 0 0 0 2 e 14BoJaLyTa.841      
4676.787930 0.000300   3.000e-04   32 3 0 0 1 4 e 33 1 0 0 0 2 e 14BoJaLyTa.842      
4675.095780 0.000300   3.000e-04   34 3 0 0 1 4 e 35 1 0 0 0 2 e 14BoJaLyTa.843      
3409.162680 0.000300   3.000e-04   31 2 1 1 0 1 e 32 0 0 0 0 1 e 14BoJaLyTa.844      
3408.500380 0.000300   3.000e-04   32 2 1 1 0 1 e 33 0 0 0 0 1 e 14BoJaLyTa.845      
3405.869220 0.000300   3.000e-04   36 2 1 1 0 1 e 37 0 0 0 0 1 e 14BoJaLyTa.846      
3403.923810 0.000300   3.000e-04   39 2 1 1 0 1 e 40 0 0 0 0 1 e 14BoJaLyTa.847      
3623.436480 0.000300   1.252e-03   14 2 1 1 1 2 e 15 1 1 1 0 2 e 14BoJaLyTa.848      
3623.463490 0.000300   3.000e-04   14 2 1 1 1 2 f 15 1 1 1 0 2 f 14BoJaLyTa.849      
3618.597900 0.000300   3.000e-04   20 2 1 1 1 2 f 21 1 1 1 0 2 f 14BoJaLyTa.850      
4591.281340 0.000300   3.000e-04   5 0 1 1 2 1 e  6 0 1 1 0 1 e  14BoJaLyTa.851      
4591.281340 0.000300   3.000e-04   5 0 1 1 2 1 f  6 0 1 1 0 1 f  14BoJaLyTa.852      
4590.496020 0.000300   3.000e-04   6 0 1 1 2 1 e  7 0 1 1 0 1 e  14BoJaLyTa.853      
4590.496020 0.000300   3.000e-04   6 0 1 1 2 1 f  7 0 1 1 0 1 f  14BoJaLyTa.854      
4589.703910 0.000300   3.000e-04   7 0 1 1 2 1 e  8 0 1 1 0 1 e  14BoJaLyTa.855      
4589.703910 0.000300   3.000e-04   7 0 1 1 2 1 f  8 0 1 1 0 1 f  14BoJaLyTa.856      
4588.896940 0.000300   7.365e-03   8 0 1 1 2 1 e  9 0 1 1 0 1 e  14BoJaLyTa.857      
4588.896940 0.000300   6.385e-03   8 0 1 1 2 1 f  9 0 1 1 0 1 f  14BoJaLyTa.858      
4586.426070 0.000300   3.000e-04   11 0 1 1 2 1 e 12 0 1 1 0 1 e 14BoJaLyTa.859      
4586.411030 0.000300   3.000e-04   11 0 1 1 2 1 f 12 0 1 1 0 1 f 14BoJaLyTa.860      
4584.719840 0.000300   3.000e-04   13 0 1 1 2 1 e 14 0 1 1 0 1 e 14BoJaLyTa.861      
4584.701650 0.000300   3.000e-04   13 0 1 1 2 1 f 14 0 1 1 0 1 f 14BoJaLyTa.862      
4583.850330 0.000300   3.000e-04   14 0 1 1 2 1 e 15 0 1 1 0 1 e 14BoJaLyTa.863      
4583.829180 0.000300   6.196e-04   14 0 1 1 2 1 f 15 0 1 1 0 1 f 14BoJaLyTa.864      
4582.968540 0.000300   3.000e-04   15 0 1 1 2 1 e 16 0 1 1 0 1 e 14BoJaLyTa.865      
4582.945430 0.000300   3.000e-04   15 0 1 1 2 1 f 16 0 1 1 0 1 f 14BoJaLyTa.866      
4582.050760 0.000300   3.000e-04   16 0 1 1 2 1 f 17 0 1 1 0 1 f 14BoJaLyTa.867      
4581.173520 0.000300   3.032e-03   17 0 1 1 2 1 e 18 0 1 1 0 1 e 14BoJaLyTa.868      
4581.146330 0.000300   3.000e-04   17 0 1 1 2 1 f 18 0 1 1 0 1 f 14BoJaLyTa.869      
4580.258390 0.000300   2.338e-03   18 0 1 1 2 1 e 19 0 1 1 0 1 e 14BoJaLyTa.870      
4580.227970 0.000300   3.000e-04   18 0 1 1 2 1 f 19 0 1 1 0 1 f 14BoJaLyTa.871      
4579.331590 0.000300   1.083e-03   19 0 1 1 2 1 e 20 0 1 1 0 1 e 14BoJaLyTa.872      
4579.303610 0.000300   3.000e-04   19 0 1 1 2 1 f 20 0 1 1 0 1 f 14BoJaLyTa.873      
4578.395920 0.000300   3.000e-04   20 0 1 1 2 1 e 21 0 1 1 0 1 e 14BoJaLyTa.874      
4578.363880 0.000300   1.634e-03   20 0 1 1 2 1 f 21 0 1 1 0 1 f 14BoJaLyTa.875      
4577.447250 0.000300   2.228e-03   21 0 1 1 2 1 e 22 0 1 1 0 1 e 14BoJaLyTa.876      
4577.413370 0.000300   3.000e-04   21 0 1 1 2 1 f 22 0 1 1 0 1 f 14BoJaLyTa.877      
4576.489620 0.000300   3.000e-04   22 0 1 1 2 1 e 23 0 1 1 0 1 e 14BoJaLyTa.878      
4576.452320 0.000300   3.000e-04   22 0 1 1 2 1 f 23 0 1 1 0 1 f 14BoJaLyTa.879      
4575.519830 0.000300   3.000e-04   23 0 1 1 2 1 e 24 0 1 1 0 1 e 14BoJaLyTa.880      
4575.480450 0.000300   3.000e-04   23 0 1 1 2 1 f 24 0 1 1 0 1 f 14BoJaLyTa.881      
4574.538840 0.000300   2.838e-03   24 0 1 1 2 1 e 25 0 1 1 0 1 e 14BoJaLyTa.882      
4574.494760 0.000300   3.000e-04   24 0 1 1 2 1 f 25 0 1 1 0 1 f 14BoJaLyTa.883      
4573.545760 0.000300   4.524e-04   25 0 1 1 2 1 e 26 0 1 1 0 1 e 14BoJaLyTa.884      
4571.527240 0.000300   3.141e-03   27 0 1 1 2 1 e 28 0 1 1 0 1 e 14BoJaLyTa.885      
4569.468220 0.000300   1.250e-03   29 0 1 1 2 1 e 30 0 1 1 0 1 e 14BoJaLyTa.886      
4569.414200 0.000300   3.000e-04   29 0 1 1 2 1 f 30 0 1 1 0 1 f 14BoJaLyTa.887      
4568.422120 0.000300   1.285e-03   30 0 1 1 2 1 e 31 0 1 1 0 1 e 14BoJaLyTa.888      
4568.363930 0.000300   3.000e-04   30 0 1 1 2 1 f 31 0 1 1 0 1 f 14BoJaLyTa.889      
4567.361820 0.000300   1.535e-03   31 0 1 1 2 1 e 32 0 1 1 0 1 e 14BoJaLyTa.890      
4567.302240 0.000300   3.000e-04   31 0 1 1 2 1 f 32 0 1 1 0 1 f 14BoJaLyTa.891      
3469.590590 0.000300   3.000e-04   17 2 1 1 1 2 e 18 1 1 1 0 1 e 14BoJaLyTa.892      
3469.590590 0.000300   3.000e-04   17 2 1 1 1 2 f 18 1 1 1 0 1 f 14BoJaLyTa.893      
3467.920600 0.000300   3.000e-04   19 2 1 1 1 2 e 20 1 1 1 0 1 e 14BoJaLyTa.894      
3467.920600 0.000300   3.000e-04   19 2 1 1 1 2 f 20 1 1 1 0 1 f 14BoJaLyTa.895      
3466.222300 0.000300   3.000e-04   21 2 1 1 1 2 e 22 1 1 1 0 1 e 14BoJaLyTa.896      
3466.228760 0.000300   3.000e-04   21 2 1 1 1 2 f 22 1 1 1 0 1 f 14BoJaLyTa.897      
3485.317310 0.000300   2.866e-03   3 1 2 2 1 2 f  4 0 2 2 0 1 f  14BoJaLyTa.898      
3485.317310 0.000300   2.824e-03   3 1 2 2 1 2 e  4 0 2 2 0 1 e  14BoJaLyTa.899      
3484.581340 0.000300   3.000e-04   4 1 2 2 1 2 f  5 0 2 2 0 1 f  14BoJaLyTa.900      
3484.581340 0.000300   3.000e-04   4 1 2 2 1 2 e  5 0 2 2 0 1 e  14BoJaLyTa.901      
3483.837480 0.000300   3.000e-04   5 1 2 2 1 2 e  6 0 2 2 0 1 e  14BoJaLyTa.902      
3483.837480 0.000300   3.000e-04   5 1 2 2 1 2 f  6 0 2 2 0 1 f  14BoJaLyTa.903      
3482.335130 0.000300   3.000e-04   7 1 2 2 1 2 f  8 0 2 2 0 1 f  14BoJaLyTa.904      
3482.335130 0.000300   3.000e-04   7 1 2 2 1 2 e  8 0 2 2 0 1 e  14BoJaLyTa.905      
3481.575740 0.000300   3.000e-04   8 1 2 2 1 2 f  9 0 2 2 0 1 f  14BoJaLyTa.906      
3481.575740 0.000300   3.000e-04   8 1 2 2 1 2 e  9 0 2 2 0 1 e  14BoJaLyTa.907      
3480.810710 0.000300   3.000e-04   9 1 2 2 1 2 e  10 0 2 2 0 1 e 14BoJaLyTa.908      
3480.810710 0.000300   3.000e-04   9 1 2 2 1 2 f  10 0 2 2 0 1 f 14BoJaLyTa.909      
3479.264860 0.000300   3.000e-04   11 1 2 2 1 2 f 12 0 2 2 0 1 f 14BoJaLyTa.910      
3479.264860 0.000300   3.000e-04   11 1 2 2 1 2 e 12 0 2 2 0 1 e 14BoJaLyTa.911      
3478.484100 0.000300   3.000e-04   12 1 2 2 1 2 f 13 0 2 2 0 1 f 14BoJaLyTa.912      
3478.484100 0.000300   3.000e-04   12 1 2 2 1 2 e 13 0 2 2 0 1 e 14BoJaLyTa.913      
3477.697810 0.000300   3.000e-04   13 1 2 2 1 2 f 14 0 2 2 0 1 f 14BoJaLyTa.914      
3477.697810 0.000300   3.000e-04   13 1 2 2 1 2 e 14 0 2 2 0 1 e 14BoJaLyTa.915      
3476.906450 0.000300   3.000e-04   14 1 2 2 1 2 f 15 0 2 2 0 1 f 14BoJaLyTa.916      
3476.906450 0.000300   3.000e-04   14 1 2 2 1 2 e 15 0 2 2 0 1 e 14BoJaLyTa.917      
3476.109490 0.000300   3.000e-04   15 1 2 2 1 2 e 16 0 2 2 0 1 e 14BoJaLyTa.918      
3476.109490 0.000300   3.000e-04   15 1 2 2 1 2 f 16 0 2 2 0 1 f 14BoJaLyTa.919      
3475.307630 0.000300   3.000e-04   16 1 2 2 1 2 f 17 0 2 2 0 1 f 14BoJaLyTa.920      
3475.307630 0.000300   3.000e-04   16 1 2 2 1 2 e 17 0 2 2 0 1 e 14BoJaLyTa.921      
3474.499900 0.000300   3.000e-04   17 1 2 2 1 2 f 18 0 2 2 0 1 f 14BoJaLyTa.922      
3474.499900 0.000300   3.000e-04   17 1 2 2 1 2 e 18 0 2 2 0 1 e 14BoJaLyTa.923      
3473.687620 0.000300   3.000e-04   18 1 2 2 1 2 e 19 0 2 2 0 1 e 14BoJaLyTa.924      
3473.687620 0.000300   3.000e-04   18 1 2 2 1 2 f 19 0 2 2 0 1 f 14BoJaLyTa.925      
3472.869980 0.000300   3.000e-04   19 1 2 2 1 2 f 20 0 2 2 0 1 f 14BoJaLyTa.926      
3472.869980 0.000300   3.000e-04   19 1 2 2 1 2 e 20 0 2 2 0 1 e 14BoJaLyTa.927      
3472.049210 0.000300   3.000e-04   20 1 2 2 1 2 f 21 0 2 2 0 1 f 14BoJaLyTa.928      
3472.049210 0.000300   3.000e-04   20 1 2 2 1 2 e 21 0 2 2 0 1 e 14BoJaLyTa.929      
3471.219390 0.000300   3.000e-04   21 1 2 2 1 2 e 22 0 2 2 0 1 e 14BoJaLyTa.930      
3471.218730 0.000300   3.000e-04   21 1 2 2 1 2 f 22 0 2 2 0 1 f 14BoJaLyTa.931      
3470.386030 0.000300   3.000e-04   22 1 2 2 1 2 f 23 0 2 2 0 1 f 14BoJaLyTa.932      
3470.386030 0.000300   3.000e-04   22 1 2 2 1 2 e 23 0 2 2 0 1 e 14BoJaLyTa.933      
3469.547080 0.000300   3.000e-04   23 1 2 2 1 2 f 24 0 2 2 0 1 f 14BoJaLyTa.934      
3469.548890 0.000300   3.000e-04   23 1 2 2 1 2 e 24 0 2 2 0 1 e 14BoJaLyTa.935      
3468.706330 0.000300   3.000e-04   24 1 2 2 1 2 f 25 0 2 2 0 1 f 14BoJaLyTa.936      
3468.706330 0.000300   3.000e-04   24 1 2 2 1 2 e 25 0 2 2 0 1 e 14BoJaLyTa.937      
3467.858170 0.000300   3.000e-04   25 1 2 2 1 2 f 26 0 2 2 0 1 f 14BoJaLyTa.938      
3467.858170 0.000300   3.000e-04   25 1 2 2 1 2 e 26 0 2 2 0 1 e 14BoJaLyTa.939      
3467.005890 0.000300   3.000e-04   26 1 2 2 1 2 e 27 0 2 2 0 1 e 14BoJaLyTa.940      
3467.005890 0.000300   3.000e-04   26 1 2 2 1 2 f 27 0 2 2 0 1 f 14BoJaLyTa.941      
3466.148300 0.000300   2.313e-03   27 1 2 2 1 2 f 28 0 2 2 0 1 f 14BoJaLyTa.942      
3466.151860 0.000300   3.000e-04   27 1 2 2 1 2 e 28 0 2 2 0 1 e 14BoJaLyTa.943      
3465.288820 0.000300   1.210e-03   28 1 2 2 1 2 f 29 0 2 2 0 1 f 14BoJaLyTa.944      
3465.293080 0.000300   2.115e-03   28 1 2 2 1 2 e 29 0 2 2 0 1 e 14BoJaLyTa.945      
3464.431290 0.000300   3.000e-04   29 1 2 2 1 2 e 30 0 2 2 0 1 e 14BoJaLyTa.946      
3464.426410 0.000300   3.000e-04   29 1 2 2 1 2 f 30 0 2 2 0 1 f 14BoJaLyTa.947      
3463.565360 0.000300   3.000e-04   30 1 2 2 1 2 f 31 0 2 2 0 1 f 14BoJaLyTa.948      
3463.570170 0.000300   3.000e-04   30 1 2 2 1 2 e 31 0 2 2 0 1 e 14BoJaLyTa.949      
3462.704780 0.000300   3.000e-04   31 1 2 2 1 2 f 32 0 2 2 0 1 f 14BoJaLyTa.950      
3461.855730 0.000300   3.000e-04   32 1 2 2 1 2 f 33 0 2 2 0 1 f 14BoJaLyTa.951      
3461.032560 0.000300   3.000e-04   33 1 2 2 1 2 e 34 0 2 2 0 1 e 14BoJaLyTa.952      
3461.025140 0.000300   3.000e-04   33 1 2 2 1 2 f 34 0 2 2 0 1 f 14BoJaLyTa.953      
3460.232570 0.000300   3.000e-04   34 1 2 2 1 2 f 35 0 2 2 0 1 f 14BoJaLyTa.954      
3460.239570 0.000300   3.000e-04   34 1 2 2 1 2 e 35 0 2 2 0 1 e 14BoJaLyTa.955      
3458.774800 0.000300   3.000e-04   35 1 2 2 1 2 f 36 0 2 2 0 1 f 14BoJaLyTa.956      
3458.783090 0.000300   3.000e-04   35 1 2 2 1 2 e 36 0 2 2 0 1 e 14BoJaLyTa.957      
3457.923420 0.000300   3.000e-04   36 1 2 2 1 2 f 37 0 2 2 0 1 f 14BoJaLyTa.958      
3457.933200 0.000300   3.000e-04   36 1 2 2 1 2 e 37 0 2 2 0 1 e 14BoJaLyTa.959      
3457.042780 0.000300   1.311e-03   37 1 2 2 1 2 f 38 0 2 2 0 1 f 14BoJaLyTa.960      
3457.054090 0.000300   3.000e-04   37 1 2 2 1 2 e 38 0 2 2 0 1 e 14BoJaLyTa.961      
3456.156970 0.000300   3.000e-04   38 1 2 2 1 2 e 39 0 2 2 0 1 e 14BoJaLyTa.962      
3456.144220 0.000300   3.000e-04   38 1 2 2 1 2 f 39 0 2 2 0 1 f 14BoJaLyTa.963      
3455.246530 0.000300   3.000e-04   39 1 2 2 1 2 e 40 0 2 2 0 1 e 14BoJaLyTa.964      
3454.309880 0.000300   3.000e-04   40 1 2 2 1 2 f 41 0 2 2 0 1 f 14BoJaLyTa.965      
3454.325590 0.000300   3.000e-04   40 1 2 2 1 2 e 41 0 2 2 0 1 e 14BoJaLyTa.966      
3453.396300 0.000300   3.000e-04   41 1 2 2 1 2 e 42 0 2 2 0 1 e 14BoJaLyTa.967      
3452.440360 0.000300   3.000e-04   42 1 2 2 1 2 f 43 0 2 2 0 1 f 14BoJaLyTa.968      
3451.495410 0.000300   3.000e-04   43 1 2 2 1 2 f 44 0 2 2 0 1 f 14BoJaLyTa.969      
3450.543120 0.000300   3.000e-04   44 1 2 2 1 2 f 45 0 2 2 0 1 f 14BoJaLyTa.970      
3450.566230 0.000300   3.000e-04   44 1 2 2 1 2 e 45 0 2 2 0 1 e 14BoJaLyTa.971      
3449.610790 0.000300   3.000e-04   45 1 2 2 1 2 e 46 0 2 2 0 1 e 14BoJaLyTa.972      
3449.584970 0.000300   3.000e-04   45 1 2 2 1 2 f 46 0 2 2 0 1 f 14BoJaLyTa.973      
3448.621150 0.000300   3.000e-04   46 1 2 2 1 2 f 47 0 2 2 0 1 f 14BoJaLyTa.974      
3447.651470 0.000300   3.000e-04   47 1 2 2 1 2 f 48 0 2 2 0 1 f 14BoJaLyTa.975      
3446.673790 0.000300   3.000e-04   48 1 2 2 1 2 f 49 0 2 2 0 1 f 14BoJaLyTa.976      
3446.706430 0.000300   3.000e-04   48 1 2 2 1 2 e 49 0 2 2 0 1 e 14BoJaLyTa.977      
3445.727300 0.000300   3.000e-04   49 1 2 2 1 2 e 50 0 2 2 0 1 e 14BoJaLyTa.978      
3444.704180 0.000300   3.000e-04   50 1 2 2 1 2 f 51 0 2 2 0 1 f 14BoJaLyTa.979      
3444.741830 0.000300   3.000e-04   50 1 2 2 1 2 e 51 0 2 2 0 1 e 14BoJaLyTa.980      
3442.710120 0.000300   3.000e-04   52 1 2 2 1 2 f 53 0 2 2 0 1 f 14BoJaLyTa.981      
3663.187460 0.000300   5.551e-04   10 1 1 1 1 1 e 10 0 1 1 0 1 f 14BoJaLyTa.982      
3663.118310 0.000300   3.318e-04   11 1 1 1 1 1 e 11 0 1 1 0 1 f 14BoJaLyTa.983      
3663.201970 0.000300   4.899e-04   13 1 1 1 1 1 f 13 0 1 1 0 1 e 14BoJaLyTa.984      
3663.097040 0.000300   3.000e-04   15 1 1 1 1 1 f 15 0 1 1 0 1 e 14BoJaLyTa.985      
3662.976980 0.000300   3.699e-04   17 1 1 1 1 1 f 17 0 1 1 0 1 e 14BoJaLyTa.986      
3662.331240 0.000300   3.238e-03   19 1 1 1 1 1 e 19 0 1 1 0 1 f 14BoJaLyTa.987      
3515.362310 0.000300   3.000e-04   1 1 1 1 1 2 f  1 0 1 1 0 1 e  14BoJaLyTa.988      
3515.360270 0.000300   3.000e-04   1 1 1 1 1 2 e  1 0 1 1 0 1 f  14BoJaLyTa.989      
3515.353550 0.000300   3.000e-04   2 1 1 1 1 2 f  2 0 1 1 0 1 e  14BoJaLyTa.990      
3515.346390 0.000300   3.000e-04   2 1 1 1 1 2 e  2 0 1 1 0 1 f  14BoJaLyTa.991      
3515.340670 0.000300   3.000e-04   3 1 1 1 1 2 f  3 0 1 1 0 1 e  14BoJaLyTa.992      
3515.326650 0.000300   3.000e-04   3 1 1 1 1 2 e  3 0 1 1 0 1 f  14BoJaLyTa.993      
3515.324400 0.000300   2.234e-03   4 1 1 1 1 2 f  4 0 1 1 0 1 e  14BoJaLyTa.994      
3515.299250 0.000300   3.000e-04   4 1 1 1 1 2 e  4 0 1 1 0 1 f  14BoJaLyTa.995      
3515.301280 0.000300   3.000e-04   5 1 1 1 1 2 f  5 0 1 1 0 1 e  14BoJaLyTa.996      
3515.264110 0.000300   3.000e-04   5 1 1 1 1 2 e  5 0 1 1 0 1 f  14BoJaLyTa.997      
3515.275410 0.000300   3.000e-04   6 1 1 1 1 2 f  6 0 1 1 0 1 e  14BoJaLyTa.998      
3515.120270 0.000300   1.109e-03   8 1 1 1 1 2 e  8 0 1 1 0 1 f  14BoJaLyTa.999      
3514.992870 0.000300   1.071e-03   10 1 1 1 1 2 e 10 0 1 1 0 1 f 14BoJaLyTa.1000     
3515.078570 0.000300   1.927e-03   11 1 1 1 1 2 f 11 0 1 1 0 1 e 14BoJaLyTa.1001     
3514.916980 0.000300   4.955e-04   11 1 1 1 1 2 e 11 0 1 1 0 1 f 14BoJaLyTa.1002     
3514.836280 0.000300   7.055e-04   12 1 1 1 1 2 e 12 0 1 1 0 1 f 14BoJaLyTa.1003     
3514.971190 0.000300   3.214e-04   13 1 1 1 1 2 f 13 0 1 1 0 1 e 14BoJaLyTa.1004     
3514.909660 0.000300   9.634e-04   14 1 1 1 1 2 f 14 0 1 1 0 1 e 14BoJaLyTa.1005     
3514.651310 0.000300   3.000e-04   14 1 1 1 1 2 e 14 0 1 1 0 1 f 14BoJaLyTa.1006     
3514.846010 0.000300   3.673e-04   15 1 1 1 1 2 f 15 0 1 1 0 1 e 14BoJaLyTa.1007     
3514.623310 0.000300   3.000e-04   18 1 1 1 1 2 f 18 0 1 1 0 1 e 14BoJaLyTa.1008     
3514.542800 0.000300   2.583e-03   19 1 1 1 1 2 f 19 0 1 1 0 1 e 14BoJaLyTa.1009     
3513.791110 0.000300   3.000e-04   21 1 1 1 1 2 e 21 0 1 1 0 1 f 14BoJaLyTa.1010     
3667.111680 0.000300   3.000e-04   4 1 2 2 1 1 f  4 0 2 2 0 1 e  14BoJaLyTa.1011     
3667.111680 0.000300   3.000e-04   4 1 2 2 1 1 e  4 0 2 2 0 1 f  14BoJaLyTa.1012     
3667.018610 0.000300   3.000e-04   7 1 2 2 1 1 f  7 0 2 2 0 1 e  14BoJaLyTa.1013     
3667.018610 0.000300   3.000e-04   7 1 2 2 1 1 e  7 0 2 2 0 1 f  14BoJaLyTa.1014     
3488.201760 0.000300   3.000e-04   2 1 2 2 1 2 f  2 0 2 2 0 1 e  14BoJaLyTa.1015     
3488.201760 0.000300   3.000e-04   2 1 2 2 1 2 e  2 0 2 2 0 1 f  14BoJaLyTa.1016     
3488.187070 0.000300   3.000e-04   3 1 2 2 1 2 f  3 0 2 2 0 1 e  14BoJaLyTa.1017     
3488.187070 0.000300   3.000e-04   3 1 2 2 1 2 e  3 0 2 2 0 1 f  14BoJaLyTa.1018     
3488.163630 0.000300   3.000e-04   4 1 2 2 1 2 f  4 0 2 2 0 1 e  14BoJaLyTa.1019     
3488.163630 0.000300   3.000e-04   4 1 2 2 1 2 e  4 0 2 2 0 1 f  14BoJaLyTa.1020     
3488.104560 0.000300   3.000e-04   6 1 2 2 1 2 f  6 0 2 2 0 1 e  14BoJaLyTa.1021     
3488.104560 0.000300   3.000e-04   6 1 2 2 1 2 e  6 0 2 2 0 1 f  14BoJaLyTa.1022     
3488.066540 0.000300   3.000e-04   7 1 2 2 1 2 f  7 0 2 2 0 1 e  14BoJaLyTa.1023     
3488.066540 0.000300   3.000e-04   7 1 2 2 1 2 e  7 0 2 2 0 1 f  14BoJaLyTa.1024     
3487.975190 0.000300   3.000e-04   9 1 2 2 1 2 f  9 0 2 2 0 1 e  14BoJaLyTa.1025     
3487.975190 0.000300   3.000e-04   9 1 2 2 1 2 e  9 0 2 2 0 1 f  14BoJaLyTa.1026     
3487.922160 0.000300   3.000e-04   10 1 2 2 1 2 f 10 0 2 2 0 1 e 14BoJaLyTa.1027     
3487.922160 0.000300   3.000e-04   10 1 2 2 1 2 e 10 0 2 2 0 1 f 14BoJaLyTa.1028     
3487.728400 0.000300   3.000e-04   13 1 2 2 1 2 f 13 0 2 2 0 1 e 14BoJaLyTa.1029     
3487.728400 0.000300   3.000e-04   13 1 2 2 1 2 e 13 0 2 2 0 1 f 14BoJaLyTa.1030     
3487.486090 0.000300   3.000e-04   16 1 2 2 1 2 f 16 0 2 2 0 1 e 14BoJaLyTa.1031     
3487.486090 0.000300   3.000e-04   16 1 2 2 1 2 e 16 0 2 2 0 1 f 14BoJaLyTa.1032     
4621.031630 0.000300   3.000e-04   1 0 0 0 2 1 e  0 0 0 0 0 1 e  14BoJaLyTa.1033     
4621.723610 0.000300   3.000e-04   2 0 0 0 2 1 e  1 0 0 0 0 1 e  14BoJaLyTa.1034     
4622.403890 0.000300   3.000e-04   3 0 0 0 2 1 e  2 0 0 0 0 1 e  14BoJaLyTa.1035     
4623.072980 0.000300   3.000e-04   4 0 0 0 2 1 e  3 0 0 0 0 1 e  14BoJaLyTa.1036     
4623.730630 0.000300   3.000e-04   5 0 0 0 2 1 e  4 0 0 0 0 1 e  14BoJaLyTa.1037     
4624.376730 0.000300   3.000e-04   6 0 0 0 2 1 e  5 0 0 0 0 1 e  14BoJaLyTa.1038     
4625.012050 0.000300   3.000e-04   7 0 0 0 2 1 e  6 0 0 0 0 1 e  14BoJaLyTa.1039     
4625.635880 0.000300   3.000e-04   8 0 0 0 2 1 e  7 0 0 0 0 1 e  14BoJaLyTa.1040     
4626.248840 0.000300   3.000e-04   9 0 0 0 2 1 e  8 0 0 0 0 1 e  14BoJaLyTa.1041     
4626.850220 0.000300   3.000e-04   10 0 0 0 2 1 e 9 0 0 0 0 1 e  14BoJaLyTa.1042     
4627.440430 0.000300   3.000e-04   11 0 0 0 2 1 e 10 0 0 0 0 1 e 14BoJaLyTa.1043     
4628.019540 0.000300   3.000e-04   12 0 0 0 2 1 e 11 0 0 0 0 1 e 14BoJaLyTa.1044     
4628.587120 0.000300   3.000e-04   13 0 0 0 2 1 e 12 0 0 0 0 1 e 14BoJaLyTa.1045     
4629.143650 0.000300   3.000e-04   14 0 0 0 2 1 e 13 0 0 0 0 1 e 14BoJaLyTa.1046     
4629.688720 0.000300   3.000e-04   15 0 0 0 2 1 e 14 0 0 0 0 1 e 14BoJaLyTa.1047     
4630.222680 0.000300   3.000e-04   16 0 0 0 2 1 e 15 0 0 0 0 1 e 14BoJaLyTa.1048     
4630.745800 0.000300   3.000e-04   17 0 0 0 2 1 e 16 0 0 0 0 1 e 14BoJaLyTa.1049     
4631.256610 0.000300   3.000e-04   18 0 0 0 2 1 e 17 0 0 0 0 1 e 14BoJaLyTa.1050     
4631.756760 0.000300   3.000e-04   19 0 0 0 2 1 e 18 0 0 0 0 1 e 14BoJaLyTa.1051     
4632.245560 0.000300   3.000e-04   20 0 0 0 2 1 e 19 0 0 0 0 1 e 14BoJaLyTa.1052     
4632.723050 0.000300   3.000e-04   21 0 0 0 2 1 e 20 0 0 0 0 1 e 14BoJaLyTa.1053     
4633.189390 0.000300   3.000e-04   22 0 0 0 2 1 e 21 0 0 0 0 1 e 14BoJaLyTa.1054     
4633.644780 0.000300   3.000e-04   23 0 0 0 2 1 e 22 0 0 0 0 1 e 14BoJaLyTa.1055     
4634.088000 0.000300   3.000e-04   24 0 0 0 2 1 e 23 0 0 0 0 1 e 14BoJaLyTa.1056     
4634.520370 0.000300   3.000e-04   25 0 0 0 2 1 e 24 0 0 0 0 1 e 14BoJaLyTa.1057     
4634.941660 0.000300   3.000e-04   26 0 0 0 2 1 e 25 0 0 0 0 1 e 14BoJaLyTa.1058     
4635.351170 0.000300   3.000e-04   27 0 0 0 2 1 e 26 0 0 0 0 1 e 14BoJaLyTa.1059     
4635.749910 0.000300   3.000e-04   28 0 0 0 2 1 e 27 0 0 0 0 1 e 14BoJaLyTa.1060     
4636.137090 0.000300   3.000e-04   29 0 0 0 2 1 e 28 0 0 0 0 1 e 14BoJaLyTa.1061     
4636.512990 0.000300   3.000e-04   30 0 0 0 2 1 e 29 0 0 0 0 1 e 14BoJaLyTa.1062     
4636.877670 0.000300   3.000e-04   31 0 0 0 2 1 e 30 0 0 0 0 1 e 14BoJaLyTa.1063     
4637.231010 0.000300   3.000e-04   32 0 0 0 2 1 e 31 0 0 0 0 1 e 14BoJaLyTa.1064     
4637.572880 0.000300   3.000e-04   33 0 0 0 2 1 e 32 0 0 0 0 1 e 14BoJaLyTa.1065     
4637.904680 0.000300   6.120e-04   34 0 0 0 2 1 e 33 0 0 0 0 1 e 14BoJaLyTa.1066     
4638.223100 0.000300   3.000e-04   35 0 0 0 2 1 e 34 0 0 0 0 1 e 14BoJaLyTa.1067     
4638.530890 0.000300   3.000e-04   36 0 0 0 2 1 e 35 0 0 0 0 1 e 14BoJaLyTa.1068     
4638.827830 0.000300   3.000e-04   37 0 0 0 2 1 e 36 0 0 0 0 1 e 14BoJaLyTa.1069     
4639.113140 0.000300   3.000e-04   38 0 0 0 2 1 e 37 0 0 0 0 1 e 14BoJaLyTa.1070     
4639.387550 0.000300   3.000e-04   39 0 0 0 2 1 e 38 0 0 0 0 1 e 14BoJaLyTa.1071     
4639.650280 0.000300   3.000e-04   40 0 0 0 2 1 e 39 0 0 0 0 1 e 14BoJaLyTa.1072     
4639.902030 0.000300   3.000e-04   41 0 0 0 2 1 e 40 0 0 0 0 1 e 14BoJaLyTa.1073     
4640.142090 0.000300   3.000e-04   42 0 0 0 2 1 e 41 0 0 0 0 1 e 14BoJaLyTa.1074     
4640.370900 0.000300   3.000e-04   43 0 0 0 2 1 e 42 0 0 0 0 1 e 14BoJaLyTa.1075     
4640.587950 0.000300   3.000e-04   44 0 0 0 2 1 e 43 0 0 0 0 1 e 14BoJaLyTa.1076     
4640.794430 0.000300   3.000e-04   45 0 0 0 2 1 e 44 0 0 0 0 1 e 14BoJaLyTa.1077     
4640.988860 0.000300   3.000e-04   46 0 0 0 2 1 e 45 0 0 0 0 1 e 14BoJaLyTa.1078     
4641.172570 0.000300   3.000e-04   47 0 0 0 2 1 e 46 0 0 0 0 1 e 14BoJaLyTa.1079     
4641.344310 0.000300   3.292e-04   48 0 0 0 2 1 e 47 0 0 0 0 1 e 14BoJaLyTa.1080     
4641.505870 0.000300   3.000e-04   49 0 0 0 2 1 e 48 0 0 0 0 1 e 14BoJaLyTa.1081     
4641.792940 0.000300   3.000e-04   51 0 0 0 2 1 e 50 0 0 0 0 1 e 14BoJaLyTa.1082     
4641.920570 0.000300   3.000e-04   52 0 0 0 2 1 e 51 0 0 0 0 1 e 14BoJaLyTa.1083     
4642.036960 0.000300   3.000e-04   53 0 0 0 2 1 e 52 0 0 0 0 1 e 14BoJaLyTa.1084     
4642.139610 0.000300   3.000e-04   54 0 0 0 2 1 e 53 0 0 0 0 1 e 14BoJaLyTa.1085     
3655.831460 0.000300   3.000e-04   1 1 0 0 1 1 e  0 0 0 0 0 1 e  14BoJaLyTa.1086     
3656.535830 0.000300   3.000e-04   2 1 0 0 1 1 e  1 0 0 0 0 1 e  14BoJaLyTa.1087     
3657.235490 0.000300   3.000e-04   3 1 0 0 1 1 e  2 0 0 0 0 1 e  14BoJaLyTa.1088     
3657.930400 0.000300   3.000e-04   4 1 0 0 1 1 e  3 0 0 0 0 1 e  14BoJaLyTa.1089     
3658.620590 0.000300   3.000e-04   5 1 0 0 1 1 e  4 0 0 0 0 1 e  14BoJaLyTa.1090     
3659.306020 0.000300   3.000e-04   6 1 0 0 1 1 e  5 0 0 0 0 1 e  14BoJaLyTa.1091     
3659.986720 0.000300   3.000e-04   7 1 0 0 1 1 e  6 0 0 0 0 1 e  14BoJaLyTa.1092     
3660.662690 0.000300   3.000e-04   8 1 0 0 1 1 e  7 0 0 0 0 1 e  14BoJaLyTa.1093     
3661.333890 0.000300   3.000e-04   9 1 0 0 1 1 e  8 0 0 0 0 1 e  14BoJaLyTa.1094     
3662.000370 0.000300   3.000e-04   10 1 0 0 1 1 e 9 0 0 0 0 1 e  14BoJaLyTa.1095     
3662.662120 0.000300   3.000e-04   11 1 0 0 1 1 e 10 0 0 0 0 1 e 14BoJaLyTa.1096     
3663.971370 0.000300   3.000e-04   13 1 0 0 1 1 e 12 0 0 0 0 1 e 14BoJaLyTa.1097     
3664.618900 0.000300   3.000e-04   14 1 0 0 1 1 e 13 0 0 0 0 1 e 14BoJaLyTa.1098     
3665.261710 0.000300   3.000e-04   15 1 0 0 1 1 e 14 0 0 0 0 1 e 14BoJaLyTa.1099     
3665.899680 0.000300   3.000e-04   16 1 0 0 1 1 e 15 0 0 0 0 1 e 14BoJaLyTa.1100     
3666.533160 0.000300   3.000e-04   17 1 0 0 1 1 e 16 0 0 0 0 1 e 14BoJaLyTa.1101     
3667.161740 0.000300   3.000e-04   18 1 0 0 1 1 e 17 0 0 0 0 1 e 14BoJaLyTa.1102     
3667.785680 0.000300   3.000e-04   19 1 0 0 1 1 e 18 0 0 0 0 1 e 14BoJaLyTa.1103     
3668.404860 0.000300   3.000e-04   20 1 0 0 1 1 e 19 0 0 0 0 1 e 14BoJaLyTa.1104     
3669.019370 0.000300   3.000e-04   21 1 0 0 1 1 e 20 0 0 0 0 1 e 14BoJaLyTa.1105     
3669.629160 0.000300   3.000e-04   22 1 0 0 1 1 e 21 0 0 0 0 1 e 14BoJaLyTa.1106     
3670.234260 0.000300   3.000e-04   23 1 0 0 1 1 e 22 0 0 0 0 1 e 14BoJaLyTa.1107     
3670.834670 0.000300   3.000e-04   24 1 0 0 1 1 e 23 0 0 0 0 1 e 14BoJaLyTa.1108     
3671.430380 0.000300   3.000e-04   25 1 0 0 1 1 e 24 0 0 0 0 1 e 14BoJaLyTa.1109     
3672.021420 0.000300   3.000e-04   26 1 0 0 1 1 e 25 0 0 0 0 1 e 14BoJaLyTa.1110     
3672.607750 0.000300   3.000e-04   27 1 0 0 1 1 e 26 0 0 0 0 1 e 14BoJaLyTa.1111     
3673.189500 0.000300   3.000e-04   28 1 0 0 1 1 e 27 0 0 0 0 1 e 14BoJaLyTa.1112     
3673.766560 0.000300   3.000e-04   29 1 0 0 1 1 e 28 0 0 0 0 1 e 14BoJaLyTa.1113     
3674.339010 0.000300   3.000e-04   30 1 0 0 1 1 e 29 0 0 0 0 1 e 14BoJaLyTa.1114     
3674.906780 0.000300   3.000e-04   31 1 0 0 1 1 e 30 0 0 0 0 1 e 14BoJaLyTa.1115     
3675.469930 0.000300   3.000e-04   32 1 0 0 1 1 e 31 0 0 0 0 1 e 14BoJaLyTa.1116     
3676.582310 0.000300   3.000e-04   34 1 0 0 1 1 e 33 0 0 0 0 1 e 14BoJaLyTa.1117     
3677.676480 0.000300   3.000e-04   36 1 0 0 1 1 e 35 0 0 0 0 1 e 14BoJaLyTa.1118     
3678.216590 0.000300   3.000e-04   37 1 0 0 1 1 e 36 0 0 0 0 1 e 14BoJaLyTa.1119     
3678.752240 0.000300   3.000e-04   38 1 0 0 1 1 e 37 0 0 0 0 1 e 14BoJaLyTa.1120     
3679.283290 0.000300   3.000e-04   39 1 0 0 1 1 e 38 0 0 0 0 1 e 14BoJaLyTa.1121     
3679.809780 0.000300   3.000e-04   40 1 0 0 1 1 e 39 0 0 0 0 1 e 14BoJaLyTa.1122     
3680.331840 0.000300   3.000e-04   41 1 0 0 1 1 e 40 0 0 0 0 1 e 14BoJaLyTa.1123     
3680.849280 0.000300   3.000e-04   42 1 0 0 1 1 e 41 0 0 0 0 1 e 14BoJaLyTa.1124     
3681.362270 0.000300   3.000e-04   43 1 0 0 1 1 e 42 0 0 0 0 1 e 14BoJaLyTa.1125     
3681.870740 0.000300   3.000e-04   44 1 0 0 1 1 e 43 0 0 0 0 1 e 14BoJaLyTa.1126     
3682.374730 0.000300   3.000e-04   45 1 0 0 1 1 e 44 0 0 0 0 1 e 14BoJaLyTa.1127     
3682.874270 0.000300   3.000e-04   46 1 0 0 1 1 e 45 0 0 0 0 1 e 14BoJaLyTa.1128     
3683.369380 0.000300   3.000e-04   47 1 0 0 1 1 e 46 0 0 0 0 1 e 14BoJaLyTa.1129     
3683.860130 0.000300   3.000e-04   48 1 0 0 1 1 e 47 0 0 0 0 1 e 14BoJaLyTa.1130     
3684.346400 0.000300   3.000e-04   49 1 0 0 1 1 e 48 0 0 0 0 1 e 14BoJaLyTa.1131     
3684.828300 0.000300   3.000e-04   50 1 0 0 1 1 e 49 0 0 0 0 1 e 14BoJaLyTa.1132     
3685.305850 0.000300   3.000e-04   51 1 0 0 1 1 e 50 0 0 0 0 1 e 14BoJaLyTa.1133     
3685.778920 0.000300   3.000e-04   52 1 0 0 1 1 e 51 0 0 0 0 1 e 14BoJaLyTa.1134     
3686.247830 0.000300   3.000e-04   53 1 0 0 1 1 e 52 0 0 0 0 1 e 14BoJaLyTa.1135     
3687.172510 0.000300   3.000e-04   55 1 0 0 1 1 e 54 0 0 0 0 1 e 14BoJaLyTa.1136     
3687.628390 0.000300   3.000e-04   56 1 0 0 1 1 e 55 0 0 0 0 1 e 14BoJaLyTa.1137     
3688.080090 0.000300   3.000e-04   57 1 0 0 1 1 e 56 0 0 0 0 1 e 14BoJaLyTa.1138     
3688.527490 0.000300   3.000e-04   58 1 0 0 1 1 e 57 0 0 0 0 1 e 14BoJaLyTa.1139     
3688.970730 0.000300   3.000e-04   59 1 0 0 1 1 e 58 0 0 0 0 1 e 14BoJaLyTa.1140     
3689.409680 0.000300   3.000e-04   60 1 0 0 1 1 e 59 0 0 0 0 1 e 14BoJaLyTa.1141     
3689.844400 0.000300   3.000e-04   61 1 0 0 1 1 e 60 0 0 0 0 1 e 14BoJaLyTa.1142     
3690.275270 0.000300   3.000e-04   62 1 0 0 1 1 e 61 0 0 0 0 1 e 14BoJaLyTa.1143     
3690.701710 0.000300   3.000e-04   63 1 0 0 1 1 e 62 0 0 0 0 1 e 14BoJaLyTa.1144     
3691.124440 0.000300   3.000e-04   64 1 0 0 1 1 e 63 0 0 0 0 1 e 14BoJaLyTa.1145     
3692.365390 0.000300   3.000e-04   67 1 0 0 1 1 e 66 0 0 0 0 1 e 14BoJaLyTa.1146     
3692.773230 0.000300   3.000e-04   68 1 0 0 1 1 e 67 0 0 0 0 1 e 14BoJaLyTa.1147     
3693.175330 0.000300   3.000e-04   69 1 0 0 1 1 e 68 0 0 0 0 1 e 14BoJaLyTa.1148     
3693.573650 0.000300   3.000e-04   70 1 0 0 1 1 e 69 0 0 0 0 1 e 14BoJaLyTa.1149     
3693.967930 0.000300   3.000e-04   71 1 0 0 1 1 e 70 0 0 0 0 1 e 14BoJaLyTa.1150     
3694.744980 0.000300   3.000e-04   73 1 0 0 1 1 e 72 0 0 0 0 1 e 14BoJaLyTa.1151     
3547.988860 0.000300   3.000e-04   1 1 0 0 1 2 e  0 0 0 0 0 1 e  14BoJaLyTa.1152     
3548.690990 0.000300   3.000e-04   2 1 0 0 1 2 e  1 0 0 0 0 1 e  14BoJaLyTa.1153     
3549.387260 0.000300   3.000e-04   3 1 0 0 1 2 e  2 0 0 0 0 1 e  14BoJaLyTa.1154     
3550.077650 0.000300   3.000e-04   4 1 0 0 1 2 e  3 0 0 0 0 1 e  14BoJaLyTa.1155     
3550.762190 0.000300   3.000e-04   5 1 0 0 1 2 e  4 0 0 0 0 1 e  14BoJaLyTa.1156     
3551.440860 0.000300   3.000e-04   6 1 0 0 1 2 e  5 0 0 0 0 1 e  14BoJaLyTa.1157     
3552.113590 0.000300   3.000e-04   7 1 0 0 1 2 e  6 0 0 0 0 1 e  14BoJaLyTa.1158     
3552.780550 0.000300   3.000e-04   8 1 0 0 1 2 e  7 0 0 0 0 1 e  14BoJaLyTa.1159     
3553.441470 0.000300   3.000e-04   9 1 0 0 1 2 e  8 0 0 0 0 1 e  14BoJaLyTa.1160     
3554.096550 0.000300   3.000e-04   10 1 0 0 1 2 e 9 0 0 0 0 1 e  14BoJaLyTa.1161     
3554.745730 0.000300   3.000e-04   11 1 0 0 1 2 e 10 0 0 0 0 1 e 14BoJaLyTa.1162     
3555.388990 0.000300   3.000e-04   12 1 0 0 1 2 e 11 0 0 0 0 1 e 14BoJaLyTa.1163     
3556.026310 0.000300   3.000e-04   13 1 0 0 1 2 e 12 0 0 0 0 1 e 14BoJaLyTa.1164     
3556.657750 0.000300   3.000e-04   14 1 0 0 1 2 e 13 0 0 0 0 1 e 14BoJaLyTa.1165     
3557.283230 0.000300   3.000e-04   15 1 0 0 1 2 e 14 0 0 0 0 1 e 14BoJaLyTa.1166     
3557.902750 0.000300   3.000e-04   16 1 0 0 1 2 e 15 0 0 0 0 1 e 14BoJaLyTa.1167     
3558.516330 0.000300   3.000e-04   17 1 0 0 1 2 e 16 0 0 0 0 1 e 14BoJaLyTa.1168     
3559.123940 0.000300   3.000e-04   18 1 0 0 1 2 e 17 0 0 0 0 1 e 14BoJaLyTa.1169     
3559.725580 0.000300   3.000e-04   19 1 0 0 1 2 e 18 0 0 0 0 1 e 14BoJaLyTa.1170     
3560.321250 0.000300   3.000e-04   20 1 0 0 1 2 e 19 0 0 0 0 1 e 14BoJaLyTa.1171     
3560.911000 0.000300   3.000e-04   21 1 0 0 1 2 e 20 0 0 0 0 1 e 14BoJaLyTa.1172     
3561.494590 0.000300   3.000e-04   22 1 0 0 1 2 e 21 0 0 0 0 1 e 14BoJaLyTa.1173     
3562.072260 0.000300   3.000e-04   23 1 0 0 1 2 e 22 0 0 0 0 1 e 14BoJaLyTa.1174     
3562.643880 0.000300   3.000e-04   24 1 0 0 1 2 e 23 0 0 0 0 1 e 14BoJaLyTa.1175     
3563.209080 0.000300   3.000e-04   25 1 0 0 1 2 e 24 0 0 0 0 1 e 14BoJaLyTa.1176     
3563.769030 0.000300   3.000e-04   26 1 0 0 1 2 e 25 0 0 0 0 1 e 14BoJaLyTa.1177     
3564.322520 0.000300   3.000e-04   27 1 0 0 1 2 e 26 0 0 0 0 1 e 14BoJaLyTa.1178     
3564.869950 0.000300   3.000e-04   28 1 0 0 1 2 e 27 0 0 0 0 1 e 14BoJaLyTa.1179     
3565.411260 0.000300   3.000e-04   29 1 0 0 1 2 e 28 0 0 0 0 1 e 14BoJaLyTa.1180     
3565.946520 0.000300   3.000e-04   30 1 0 0 1 2 e 29 0 0 0 0 1 e 14BoJaLyTa.1181     
3566.475640 0.000300   3.000e-04   31 1 0 0 1 2 e 30 0 0 0 0 1 e 14BoJaLyTa.1182     
3567.515500 0.000300   3.000e-04   33 1 0 0 1 2 e 32 0 0 0 0 1 e 14BoJaLyTa.1183     
3568.026250 0.000300   3.000e-04   34 1 0 0 1 2 e 33 0 0 0 0 1 e 14BoJaLyTa.1184     
3568.530740 0.000300   3.000e-04   35 1 0 0 1 2 e 34 0 0 0 0 1 e 14BoJaLyTa.1185     
3569.029100 0.000300   3.000e-04   36 1 0 0 1 2 e 35 0 0 0 0 1 e 14BoJaLyTa.1186     
3569.521270 0.000300   3.000e-04   37 1 0 0 1 2 e 36 0 0 0 0 1 e 14BoJaLyTa.1187     
3570.007220 0.000300   3.000e-04   38 1 0 0 1 2 e 37 0 0 0 0 1 e 14BoJaLyTa.1188     
3570.486920 0.000300   3.000e-04   39 1 0 0 1 2 e 38 0 0 0 0 1 e 14BoJaLyTa.1189     
3570.960430 0.000300   3.000e-04   40 1 0 0 1 2 e 39 0 0 0 0 1 e 14BoJaLyTa.1190     
3571.427640 0.000300   3.000e-04   41 1 0 0 1 2 e 40 0 0 0 0 1 e 14BoJaLyTa.1191     
3571.888530 0.000300   3.000e-04   42 1 0 0 1 2 e 41 0 0 0 0 1 e 14BoJaLyTa.1192     
3572.343180 0.000300   3.000e-04   43 1 0 0 1 2 e 42 0 0 0 0 1 e 14BoJaLyTa.1193     
3572.791520 0.000300   3.000e-04   44 1 0 0 1 2 e 43 0 0 0 0 1 e 14BoJaLyTa.1194     
3573.233500 0.000300   3.000e-04   45 1 0 0 1 2 e 44 0 0 0 0 1 e 14BoJaLyTa.1195     
3573.669130 0.000300   3.000e-04   46 1 0 0 1 2 e 45 0 0 0 0 1 e 14BoJaLyTa.1196     
3574.098410 0.000300   3.000e-04   47 1 0 0 1 2 e 46 0 0 0 0 1 e 14BoJaLyTa.1197     
3574.521300 0.000300   3.000e-04   48 1 0 0 1 2 e 47 0 0 0 0 1 e 14BoJaLyTa.1198     
3574.937800 0.000300   3.000e-04   49 1 0 0 1 2 e 48 0 0 0 0 1 e 14BoJaLyTa.1199     
3575.751450 0.000300   3.000e-04   51 1 0 0 1 2 e 50 0 0 0 0 1 e 14BoJaLyTa.1200     
3576.148640 0.000300   3.000e-04   52 1 0 0 1 2 e 51 0 0 0 0 1 e 14BoJaLyTa.1201     
3576.539330 0.000300   3.000e-04   53 1 0 0 1 2 e 52 0 0 0 0 1 e 14BoJaLyTa.1202     
3576.923650 0.000300   3.000e-04   54 1 0 0 1 2 e 53 0 0 0 0 1 e 14BoJaLyTa.1203     
3577.301150 0.000300   3.000e-04   55 1 0 0 1 2 e 54 0 0 0 0 1 e 14BoJaLyTa.1204     
3577.672310 0.000300   3.000e-04   56 1 0 0 1 2 e 55 0 0 0 0 1 e 14BoJaLyTa.1205     
3578.036880 0.000300   3.000e-04   57 1 0 0 1 2 e 56 0 0 0 0 1 e 14BoJaLyTa.1206     
3578.394900 0.000300   3.000e-04   58 1 0 0 1 2 e 57 0 0 0 0 1 e 14BoJaLyTa.1207     
3578.746110 0.000300   3.000e-04   59 1 0 0 1 2 e 58 0 0 0 0 1 e 14BoJaLyTa.1208     
3579.091070 0.000300   3.000e-04   60 1 0 0 1 2 e 59 0 0 0 0 1 e 14BoJaLyTa.1209     
3579.760660 0.000300   3.000e-04   62 1 0 0 1 2 e 61 0 0 0 0 1 e 14BoJaLyTa.1210     
3580.085260 0.000300   3.000e-04   63 1 0 0 1 2 e 62 0 0 0 0 1 e 14BoJaLyTa.1211     
3580.403930 0.000300   3.000e-04   64 1 0 0 1 2 e 63 0 0 0 0 1 e 14BoJaLyTa.1212     
3580.713960 0.000300   5.168e-04   65 1 0 0 1 2 e 64 0 0 0 0 1 e 14BoJaLyTa.1213     
3581.019630 0.000300   3.000e-04   66 1 0 0 1 2 e 65 0 0 0 0 1 e 14BoJaLyTa.1214     
3581.608440 0.000300   3.000e-04   68 1 0 0 1 2 e 67 0 0 0 0 1 e 14BoJaLyTa.1215     
3581.892620 0.000300   3.000e-04   69 1 0 0 1 2 e 68 0 0 0 0 1 e 14BoJaLyTa.1216     
3582.169870 0.000300   3.000e-04   70 1 0 0 1 2 e 69 0 0 0 0 1 e 14BoJaLyTa.1217     
3582.441140 0.000300   3.000e-04   71 1 0 0 1 2 e 70 0 0 0 0 1 e 14BoJaLyTa.1218     
3582.704300 0.000300   3.000e-04   72 1 0 0 1 2 e 71 0 0 0 0 1 e 14BoJaLyTa.1219     
3582.961370 0.000300   3.000e-04   73 1 0 0 1 2 e 72 0 0 0 0 1 e 14BoJaLyTa.1220     
3583.210460 0.000300   3.000e-04   74 1 0 0 1 2 e 73 0 0 0 0 1 e 14BoJaLyTa.1221     
3583.689740 0.000300   3.000e-04   76 1 0 0 1 2 e 75 0 0 0 0 1 e 14BoJaLyTa.1222     
3583.918820 0.000300   3.000e-04   77 1 0 0 1 2 e 76 0 0 0 0 1 e 14BoJaLyTa.1223     
3584.140510 0.000300   3.000e-04   78 1 0 0 1 2 e 77 0 0 0 0 1 e 14BoJaLyTa.1224     
3664.948130 0.000300   3.000e-04   2 1 1 1 1 1 e  1 0 1 1 0 1 e  14BoJaLyTa.1225     
3664.952450 0.000300   1.638e-03   2 1 1 1 1 1 f  1 0 1 1 0 1 f  14BoJaLyTa.1226     
3665.647790 0.000300   3.000e-04   3 1 1 1 1 1 e  2 0 1 1 0 1 e  14BoJaLyTa.1227     
3665.653790 0.000300   3.000e-04   3 1 1 1 1 1 f  2 0 1 1 0 1 f  14BoJaLyTa.1228     
3666.340920 0.000300   3.000e-04   4 1 1 1 1 1 e  3 0 1 1 0 1 e  14BoJaLyTa.1229     
3666.350960 0.000300   4.176e-04   4 1 1 1 1 1 f  3 0 1 1 0 1 f  14BoJaLyTa.1230     
3667.029210 0.000300   3.000e-04   5 1 1 1 1 1 e  4 0 1 1 0 1 e  14BoJaLyTa.1231     
3667.043220 0.000300   3.000e-04   5 1 1 1 1 1 f  4 0 1 1 0 1 f  14BoJaLyTa.1232     
3667.712190 0.000300   1.759e-03   6 1 1 1 1 1 e  5 0 1 1 0 1 e  14BoJaLyTa.1233     
3667.730830 0.000300   3.000e-04   6 1 1 1 1 1 f  5 0 1 1 0 1 f  14BoJaLyTa.1234     
3668.389900 0.000300   3.000e-04   7 1 1 1 1 1 e  6 0 1 1 0 1 e  14BoJaLyTa.1235     
3669.062210 0.000300   3.000e-04   8 1 1 1 1 1 e  7 0 1 1 0 1 e  14BoJaLyTa.1236     
3669.764850 0.000300   3.000e-04   9 1 1 1 1 1 f  8 0 1 1 0 1 f  14BoJaLyTa.1237     
3670.390820 0.000300   3.000e-04   10 1 1 1 1 1 e 9 0 1 1 0 1 e  14BoJaLyTa.1238     
3670.433590 0.000300   3.000e-04   10 1 1 1 1 1 f 9 0 1 1 0 1 f  14BoJaLyTa.1239     
3671.047490 0.000300   3.000e-04   11 1 1 1 1 1 e 10 0 1 1 0 1 e 14BoJaLyTa.1240     
3671.097550 0.000300   3.000e-04   11 1 1 1 1 1 f 10 0 1 1 0 1 f 14BoJaLyTa.1241     
3671.698840 0.000300   3.000e-04   12 1 1 1 1 1 e 11 0 1 1 0 1 e 14BoJaLyTa.1242     
3671.756760 0.000300   3.000e-04   12 1 1 1 1 1 f 11 0 1 1 0 1 f 14BoJaLyTa.1243     
3672.344530 0.000300   3.000e-04   13 1 1 1 1 1 e 12 0 1 1 0 1 e 14BoJaLyTa.1244     
3672.411300 0.000300   3.000e-04   13 1 1 1 1 1 f 12 0 1 1 0 1 f 14BoJaLyTa.1245     
3672.984610 0.000300   3.000e-04   14 1 1 1 1 1 e 13 0 1 1 0 1 e 14BoJaLyTa.1246     
3673.061070 0.000300   3.000e-04   14 1 1 1 1 1 f 13 0 1 1 0 1 f 14BoJaLyTa.1247     
3673.620560 0.000300   3.000e-04   15 1 1 1 1 1 e 14 0 1 1 0 1 e 14BoJaLyTa.1248     
3673.706210 0.000300   3.000e-04   15 1 1 1 1 1 f 14 0 1 1 0 1 f 14BoJaLyTa.1249     
3674.346550 0.000300   3.000e-04   16 1 1 1 1 1 f 15 0 1 1 0 1 f 14BoJaLyTa.1250     
3674.875040 0.000300   3.000e-04   17 1 1 1 1 1 e 16 0 1 1 0 1 e 14BoJaLyTa.1251     
3674.982320 0.000300   3.000e-04   17 1 1 1 1 1 f 16 0 1 1 0 1 f 14BoJaLyTa.1252     
3675.494350 0.000300   3.000e-04   18 1 1 1 1 1 e 17 0 1 1 0 1 e 14BoJaLyTa.1253     
3675.613390 0.000300   3.000e-04   18 1 1 1 1 1 f 17 0 1 1 0 1 f 14BoJaLyTa.1254     
3676.108260 0.000300   3.000e-04   19 1 1 1 1 1 e 18 0 1 1 0 1 e 14BoJaLyTa.1255     
3676.239590 0.000300   3.000e-04   19 1 1 1 1 1 f 18 0 1 1 0 1 f 14BoJaLyTa.1256     
3676.717210 0.000300   3.000e-04   20 1 1 1 1 1 e 19 0 1 1 0 1 e 14BoJaLyTa.1257     
3676.861180 0.000300   3.000e-04   20 1 1 1 1 1 f 19 0 1 1 0 1 f 14BoJaLyTa.1258     
3677.320780 0.000300   6.739e-04   21 1 1 1 1 1 e 20 0 1 1 0 1 e 14BoJaLyTa.1259     
3677.478040 0.000300   3.000e-04   21 1 1 1 1 1 f 20 0 1 1 0 1 f 14BoJaLyTa.1260     
3677.918930 0.000300   3.000e-04   22 1 1 1 1 1 e 21 0 1 1 0 1 e 14BoJaLyTa.1261     
3678.090290 0.000300   7.134e-04   22 1 1 1 1 1 f 21 0 1 1 0 1 f 14BoJaLyTa.1262     
3678.511850 0.000300   3.000e-04   23 1 1 1 1 1 e 22 0 1 1 0 1 e 14BoJaLyTa.1263     
3678.697820 0.000300   3.000e-04   23 1 1 1 1 1 f 22 0 1 1 0 1 f 14BoJaLyTa.1264     
3679.099440 0.000300   3.000e-04   24 1 1 1 1 1 e 23 0 1 1 0 1 e 14BoJaLyTa.1265     
3679.301120 0.000300   3.000e-04   24 1 1 1 1 1 f 23 0 1 1 0 1 f 14BoJaLyTa.1266     
3679.681770 0.000300   3.000e-04   25 1 1 1 1 1 e 24 0 1 1 0 1 e 14BoJaLyTa.1267     
3679.898950 0.000300   3.000e-04   25 1 1 1 1 1 f 24 0 1 1 0 1 f 14BoJaLyTa.1268     
3680.258860 0.000300   3.000e-04   26 1 1 1 1 1 e 25 0 1 1 0 1 e 14BoJaLyTa.1269     
3680.492340 0.000300   3.000e-04   26 1 1 1 1 1 f 25 0 1 1 0 1 f 14BoJaLyTa.1270     
3681.081150 0.000300   3.000e-04   27 1 1 1 1 1 f 26 0 1 1 0 1 f 14BoJaLyTa.1271     
3681.665320 0.000300   3.000e-04   28 1 1 1 1 1 f 27 0 1 1 0 1 f 14BoJaLyTa.1272     
3681.958380 0.000300   3.000e-04   29 1 1 1 1 1 e 28 0 1 1 0 1 e 14BoJaLyTa.1273     
3682.244670 0.000300   3.000e-04   29 1 1 1 1 1 f 28 0 1 1 0 1 f 14BoJaLyTa.1274     
3682.514330 0.000300   3.000e-04   30 1 1 1 1 1 e 29 0 1 1 0 1 e 14BoJaLyTa.1275     
3682.819700 0.000300   5.369e-04   30 1 1 1 1 1 f 29 0 1 1 0 1 f 14BoJaLyTa.1276     
3683.389930 0.000300   3.000e-04   31 1 1 1 1 1 f 30 0 1 1 0 1 f 14BoJaLyTa.1277     
3683.610490 0.000300   3.000e-04   32 1 1 1 1 1 e 31 0 1 1 0 1 e 14BoJaLyTa.1278     
3683.955520 0.000300   3.000e-04   32 1 1 1 1 1 f 31 0 1 1 0 1 f 14BoJaLyTa.1279     
3684.150600 0.000300   3.000e-04   33 1 1 1 1 1 e 32 0 1 1 0 1 e 14BoJaLyTa.1280     
3684.516440 0.000300   3.000e-04   33 1 1 1 1 1 f 32 0 1 1 0 1 f 14BoJaLyTa.1281     
3684.685640 0.000300   3.000e-04   34 1 1 1 1 1 e 33 0 1 1 0 1 e 14BoJaLyTa.1282     
3685.072750 0.000300   3.000e-04   34 1 1 1 1 1 f 33 0 1 1 0 1 f 14BoJaLyTa.1283     
3685.215290 0.000300   3.000e-04   35 1 1 1 1 1 e 34 0 1 1 0 1 e 14BoJaLyTa.1284     
3685.624460 0.000300   3.000e-04   35 1 1 1 1 1 f 34 0 1 1 0 1 f 14BoJaLyTa.1285     
3685.739790 0.000300   3.000e-04   36 1 1 1 1 1 e 35 0 1 1 0 1 e 14BoJaLyTa.1286     
3686.171590 0.000300   3.000e-04   36 1 1 1 1 1 f 35 0 1 1 0 1 f 14BoJaLyTa.1287     
3686.258940 0.000300   3.000e-04   37 1 1 1 1 1 e 36 0 1 1 0 1 e 14BoJaLyTa.1288     
3686.772950 0.000300   3.000e-04   38 1 1 1 1 1 e 37 0 1 1 0 1 e 14BoJaLyTa.1289     
3687.251960 0.000300   3.000e-04   38 1 1 1 1 1 f 37 0 1 1 0 1 f 14BoJaLyTa.1290     
3687.281620 0.000300   3.000e-04   39 1 1 1 1 1 e 38 0 1 1 0 1 e 14BoJaLyTa.1291     
3687.786000 0.000300   6.186e-04   39 1 1 1 1 1 f 38 0 1 1 0 1 f 14BoJaLyTa.1292     
3687.784760 0.000300   3.000e-04   40 1 1 1 1 1 e 39 0 1 1 0 1 e 14BoJaLyTa.1293     
3688.313940 0.000300   3.000e-04   40 1 1 1 1 1 f 39 0 1 1 0 1 f 14BoJaLyTa.1294     
3688.276230 0.000300   7.165e-03   41 1 1 1 1 1 e 40 0 1 1 0 1 e 14BoJaLyTa.1295     
3688.776430 0.000300   3.000e-04   42 1 1 1 1 1 e 41 0 1 1 0 1 e 14BoJaLyTa.1296     
3689.872840 0.000300   3.000e-04   43 1 1 1 1 1 f 42 0 1 1 0 1 f 14BoJaLyTa.1297     
3689.747150 0.000300   3.000e-04   44 1 1 1 1 1 e 43 0 1 1 0 1 e 14BoJaLyTa.1298     
3690.383190 0.000300   3.000e-04   44 1 1 1 1 1 f 43 0 1 1 0 1 f 14BoJaLyTa.1299     
3690.889360 0.000300   3.000e-04   45 1 1 1 1 1 f 44 0 1 1 0 1 f 14BoJaLyTa.1300     
3690.697350 0.000300   3.000e-04   46 1 1 1 1 1 e 45 0 1 1 0 1 e 14BoJaLyTa.1301     
3691.390840 0.000300   3.000e-04   46 1 1 1 1 1 f 45 0 1 1 0 1 f 14BoJaLyTa.1302     
3691.166820 0.000300   1.788e-03   47 1 1 1 1 1 e 46 0 1 1 0 1 e 14BoJaLyTa.1303     
3691.887990 0.000300   3.000e-04   47 1 1 1 1 1 f 46 0 1 1 0 1 f 14BoJaLyTa.1304     
3692.380670 0.000300   3.000e-04   48 1 1 1 1 1 f 47 0 1 1 0 1 f 14BoJaLyTa.1305     
3692.083440 0.000300   3.000e-04   49 1 1 1 1 1 e 48 0 1 1 0 1 e 14BoJaLyTa.1306     
3692.867440 0.000300   3.000e-04   49 1 1 1 1 1 f 48 0 1 1 0 1 f 14BoJaLyTa.1307     
3692.535150 0.000300   3.000e-04   50 1 1 1 1 1 e 49 0 1 1 0 1 e 14BoJaLyTa.1308     
3693.351670 0.000300   3.000e-04   50 1 1 1 1 1 f 49 0 1 1 0 1 f 14BoJaLyTa.1309     
3692.981890 0.000300   3.000e-04   51 1 1 1 1 1 e 50 0 1 1 0 1 e 14BoJaLyTa.1310     
3693.830860 0.000300   3.000e-04   51 1 1 1 1 1 f 50 0 1 1 0 1 f 14BoJaLyTa.1311     
3693.426770 0.000300   3.477e-03   52 1 1 1 1 1 e 51 0 1 1 0 1 e 14BoJaLyTa.1312     
3694.305990 0.000300   3.000e-04   52 1 1 1 1 1 f 51 0 1 1 0 1 f 14BoJaLyTa.1313     
3693.859590 0.000300   3.000e-04   53 1 1 1 1 1 e 52 0 1 1 0 1 e 14BoJaLyTa.1314     
3694.776250 0.000300   3.000e-04   53 1 1 1 1 1 f 52 0 1 1 0 1 f 14BoJaLyTa.1315     
3694.290560 0.000300   3.000e-04   54 1 1 1 1 1 e 53 0 1 1 0 1 e 14BoJaLyTa.1316     
3694.716930 0.000300   3.000e-04   55 1 1 1 1 1 e 54 0 1 1 0 1 e 14BoJaLyTa.1317     
3695.701110 0.000300   1.009e-03   55 1 1 1 1 1 f 54 0 1 1 0 1 f 14BoJaLyTa.1318     
3695.554530 0.000300   3.000e-04   57 1 1 1 1 1 e 56 0 1 1 0 1 e 14BoJaLyTa.1319     
3695.964880 0.000300   3.000e-04   58 1 1 1 1 1 e 57 0 1 1 0 1 e 14BoJaLyTa.1320     
3696.371090 0.000300   3.000e-04   59 1 1 1 1 1 e 58 0 1 1 0 1 e 14BoJaLyTa.1321     
3517.476260 0.000300   3.000e-04   3 1 1 1 1 2 e  2 0 1 1 0 1 e  14BoJaLyTa.1322     
3517.481790 0.000300   3.000e-04   3 1 1 1 1 2 f  2 0 1 1 0 1 f  14BoJaLyTa.1323     
3518.167960 0.000300   3.000e-04   4 1 1 1 1 2 e  3 0 1 1 0 1 e  14BoJaLyTa.1324     
3518.176040 0.000300   3.000e-04   4 1 1 1 1 2 f  3 0 1 1 0 1 f  14BoJaLyTa.1325     
3518.853780 0.000300   3.000e-04   5 1 1 1 1 2 e  4 0 1 1 0 1 e  14BoJaLyTa.1326     
3518.864850 0.000300   3.000e-04   5 1 1 1 1 2 f  4 0 1 1 0 1 f  14BoJaLyTa.1327     
3519.533830 0.000300   3.000e-04   6 1 1 1 1 2 e  5 0 1 1 0 1 e  14BoJaLyTa.1328     
3519.548230 0.000300   4.357e-04   6 1 1 1 1 2 f  5 0 1 1 0 1 f  14BoJaLyTa.1329     
3520.208120 0.000300   3.000e-04   7 1 1 1 1 2 e  6 0 1 1 0 1 e  14BoJaLyTa.1330     
3520.226240 0.000300   3.000e-04   7 1 1 1 1 2 f  6 0 1 1 0 1 f  14BoJaLyTa.1331     
3520.876610 0.000300   3.149e-04   8 1 1 1 1 2 e  7 0 1 1 0 1 e  14BoJaLyTa.1332     
3520.898760 0.000300   3.000e-04   8 1 1 1 1 2 f  7 0 1 1 0 1 f  14BoJaLyTa.1333     
3521.539330 0.000300   3.000e-04   9 1 1 1 1 2 e  8 0 1 1 0 1 e  14BoJaLyTa.1334     
3521.565960 0.000300   3.000e-04   9 1 1 1 1 2 f  8 0 1 1 0 1 f  14BoJaLyTa.1335     
3522.195950 0.000300   3.000e-04   10 1 1 1 1 2 e 9 0 1 1 0 1 e  14BoJaLyTa.1336     
3522.227690 0.000300   3.000e-04   10 1 1 1 1 2 f 9 0 1 1 0 1 f  14BoJaLyTa.1337     
3522.847080 0.000300   3.000e-04   11 1 1 1 1 2 e 10 0 1 1 0 1 e 14BoJaLyTa.1338     
3522.884100 0.000300   3.000e-04   11 1 1 1 1 2 f 10 0 1 1 0 1 f 14BoJaLyTa.1339     
3523.492200 0.000300   3.000e-04   12 1 1 1 1 2 e 11 0 1 1 0 1 e 14BoJaLyTa.1340     
3523.534910 0.000300   3.000e-04   12 1 1 1 1 2 f 11 0 1 1 0 1 f 14BoJaLyTa.1341     
3524.131690 0.000300   3.000e-04   13 1 1 1 1 2 e 12 0 1 1 0 1 e 14BoJaLyTa.1342     
3524.180350 0.000300   3.000e-04   13 1 1 1 1 2 f 12 0 1 1 0 1 f 14BoJaLyTa.1343     
3524.765160 0.000300   3.000e-04   14 1 1 1 1 2 e 13 0 1 1 0 1 e 14BoJaLyTa.1344     
3524.820350 0.000300   3.000e-04   14 1 1 1 1 2 f 13 0 1 1 0 1 f 14BoJaLyTa.1345     
3525.392890 0.000300   3.000e-04   15 1 1 1 1 2 e 14 0 1 1 0 1 e 14BoJaLyTa.1346     
3525.455000 0.000300   3.000e-04   15 1 1 1 1 2 f 14 0 1 1 0 1 f 14BoJaLyTa.1347     
3526.015120 0.000300   3.000e-04   16 1 1 1 1 2 e 15 0 1 1 0 1 e 14BoJaLyTa.1348     
3526.083970 0.000300   3.000e-04   16 1 1 1 1 2 f 15 0 1 1 0 1 f 14BoJaLyTa.1349     
3526.630870 0.000300   3.000e-04   17 1 1 1 1 2 e 16 0 1 1 0 1 e 14BoJaLyTa.1350     
3526.707550 0.000300   3.000e-04   17 1 1 1 1 2 f 16 0 1 1 0 1 f 14BoJaLyTa.1351     
3527.240970 0.000300   3.000e-04   18 1 1 1 1 2 e 17 0 1 1 0 1 e 14BoJaLyTa.1352     
3527.325700 0.000300   3.000e-04   18 1 1 1 1 2 f 17 0 1 1 0 1 f 14BoJaLyTa.1353     
3527.845430 0.000300   3.000e-04   19 1 1 1 1 2 e 18 0 1 1 0 1 e 14BoJaLyTa.1354     
3527.938400 0.000300   3.000e-04   19 1 1 1 1 2 f 18 0 1 1 0 1 f 14BoJaLyTa.1355     
3528.443850 0.000300   3.000e-04   20 1 1 1 1 2 e 19 0 1 1 0 1 e 14BoJaLyTa.1356     
3528.545470 0.000300   3.000e-04   20 1 1 1 1 2 f 19 0 1 1 0 1 f 14BoJaLyTa.1357     
3529.036490 0.000300   3.000e-04   21 1 1 1 1 2 e 20 0 1 1 0 1 e 14BoJaLyTa.1358     
3529.147080 0.000300   3.000e-04   21 1 1 1 1 2 f 20 0 1 1 0 1 f 14BoJaLyTa.1359     
3529.623170 0.000300   3.000e-04   22 1 1 1 1 2 e 21 0 1 1 0 1 e 14BoJaLyTa.1360     
3529.743150 0.000300   6.157e-04   22 1 1 1 1 2 f 21 0 1 1 0 1 f 14BoJaLyTa.1361     
3530.204060 0.000300   3.000e-04   23 1 1 1 1 2 e 22 0 1 1 0 1 e 14BoJaLyTa.1362     
3530.333760 0.000300   3.000e-04   23 1 1 1 1 2 f 22 0 1 1 0 1 f 14BoJaLyTa.1363     
3530.779020 0.000300   3.000e-04   24 1 1 1 1 2 e 23 0 1 1 0 1 e 14BoJaLyTa.1364     
3530.918800 0.000300   3.000e-04   24 1 1 1 1 2 f 23 0 1 1 0 1 f 14BoJaLyTa.1365     
3531.348010 0.000300   3.000e-04   25 1 1 1 1 2 e 24 0 1 1 0 1 e 14BoJaLyTa.1366     
3531.911100 0.000300   3.000e-04   26 1 1 1 1 2 e 25 0 1 1 0 1 e 14BoJaLyTa.1367     
3532.071980 0.000300   3.000e-04   26 1 1 1 1 2 f 25 0 1 1 0 1 f 14BoJaLyTa.1368     
3532.468300 0.000300   3.000e-04   27 1 1 1 1 2 e 26 0 1 1 0 1 e 14BoJaLyTa.1369     
3532.640490 0.000300   3.000e-04   27 1 1 1 1 2 f 26 0 1 1 0 1 f 14BoJaLyTa.1370     
3533.019550 0.000300   3.000e-04   28 1 1 1 1 2 e 27 0 1 1 0 1 e 14BoJaLyTa.1371     
3533.203310 0.000300   3.000e-04   28 1 1 1 1 2 f 27 0 1 1 0 1 f 14BoJaLyTa.1372     
3533.564900 0.000300   3.000e-04   29 1 1 1 1 2 e 28 0 1 1 0 1 e 14BoJaLyTa.1373     
3533.760460 0.000300   3.000e-04   29 1 1 1 1 2 f 28 0 1 1 0 1 f 14BoJaLyTa.1374     
3534.104260 0.000300   3.000e-04   30 1 1 1 1 2 e 29 0 1 1 0 1 e 14BoJaLyTa.1375     
3534.312010 0.000300   7.649e-04   30 1 1 1 1 2 f 29 0 1 1 0 1 f 14BoJaLyTa.1376     
3534.638570 0.000300   4.557e-04   31 1 1 1 1 2 e 30 0 1 1 0 1 e 14BoJaLyTa.1377     
3534.857860 0.000300   3.000e-04   31 1 1 1 1 2 f 30 0 1 1 0 1 f 14BoJaLyTa.1378     
3535.165230 0.000300   3.000e-04   32 1 1 1 1 2 e 31 0 1 1 0 1 e 14BoJaLyTa.1379     
3535.398260 0.000300   3.000e-04   32 1 1 1 1 2 f 31 0 1 1 0 1 f 14BoJaLyTa.1380     
3535.686510 0.000300   3.000e-04   33 1 1 1 1 2 e 32 0 1 1 0 1 e 14BoJaLyTa.1381     
3535.932860 0.000300   3.000e-04   33 1 1 1 1 2 f 32 0 1 1 0 1 f 14BoJaLyTa.1382     
3536.201960 0.000300   3.000e-04   34 1 1 1 1 2 e 33 0 1 1 0 1 e 14BoJaLyTa.1383     
3536.461840 0.000300   3.000e-04   34 1 1 1 1 2 f 33 0 1 1 0 1 f 14BoJaLyTa.1384     
3536.711520 0.000300   3.000e-04   35 1 1 1 1 2 e 34 0 1 1 0 1 e 14BoJaLyTa.1385     
3536.985150 0.000300   3.000e-04   35 1 1 1 1 2 f 34 0 1 1 0 1 f 14BoJaLyTa.1386     
3537.214980 0.000300   3.000e-04   36 1 1 1 1 2 e 35 0 1 1 0 1 e 14BoJaLyTa.1387     
3537.502770 0.000300   3.000e-04   36 1 1 1 1 2 f 35 0 1 1 0 1 f 14BoJaLyTa.1388     
3537.712450 0.000300   3.000e-04   37 1 1 1 1 2 e 36 0 1 1 0 1 e 14BoJaLyTa.1389     
3538.014500 0.000300   3.000e-04   37 1 1 1 1 2 f 36 0 1 1 0 1 f 14BoJaLyTa.1390     
3538.520790 0.000300   3.000e-04   38 1 1 1 1 2 f 37 0 1 1 0 1 f 14BoJaLyTa.1391     
3538.689220 0.000300   3.000e-04   39 1 1 1 1 2 e 38 0 1 1 0 1 e 14BoJaLyTa.1392     
3539.168560 0.000300   3.000e-04   40 1 1 1 1 2 e 39 0 1 1 0 1 e 14BoJaLyTa.1393     
3539.641800 0.000300   3.000e-04   41 1 1 1 1 2 e 40 0 1 1 0 1 e 14BoJaLyTa.1394     
3540.004810 0.000300   3.000e-04   41 1 1 1 1 2 f 40 0 1 1 0 1 f 14BoJaLyTa.1395     
3540.108520 0.000300   3.000e-04   42 1 1 1 1 2 e 41 0 1 1 0 1 e 14BoJaLyTa.1396     
3540.487910 0.000300   3.000e-04   42 1 1 1 1 2 f 41 0 1 1 0 1 f 14BoJaLyTa.1397     
3540.570100 0.000300   3.000e-04   43 1 1 1 1 2 e 42 0 1 1 0 1 e 14BoJaLyTa.1398     
3540.964340 0.000300   3.000e-04   43 1 1 1 1 2 f 42 0 1 1 0 1 f 14BoJaLyTa.1399     
3541.024970 0.000300   3.000e-04   44 1 1 1 1 2 e 43 0 1 1 0 1 e 14BoJaLyTa.1400     
3541.436770 0.000300   3.000e-04   44 1 1 1 1 2 f 43 0 1 1 0 1 f 14BoJaLyTa.1401     
3541.473810 0.000300   3.000e-04   45 1 1 1 1 2 e 44 0 1 1 0 1 e 14BoJaLyTa.1402     
3541.902500 0.000300   3.000e-04   45 1 1 1 1 2 f 44 0 1 1 0 1 f 14BoJaLyTa.1403     
3541.916650 0.000300   3.000e-04   46 1 1 1 1 2 e 45 0 1 1 0 1 e 14BoJaLyTa.1404     
3542.362170 0.000300   3.000e-04   46 1 1 1 1 2 f 45 0 1 1 0 1 f 14BoJaLyTa.1405     
3542.353260 0.000300   3.000e-04   47 1 1 1 1 2 e 46 0 1 1 0 1 e 14BoJaLyTa.1406     
3542.816200 0.000300   3.000e-04   47 1 1 1 1 2 f 46 0 1 1 0 1 f 14BoJaLyTa.1407     
3542.783670 0.000300   3.000e-04   48 1 1 1 1 2 e 47 0 1 1 0 1 e 14BoJaLyTa.1408     
3543.264190 0.000300   3.000e-04   48 1 1 1 1 2 f 47 0 1 1 0 1 f 14BoJaLyTa.1409     
3543.207920 0.000300   3.000e-04   49 1 1 1 1 2 e 48 0 1 1 0 1 e 14BoJaLyTa.1410     
3543.706320 0.000300   3.000e-04   49 1 1 1 1 2 f 48 0 1 1 0 1 f 14BoJaLyTa.1411     
3544.142580 0.000300   3.000e-04   50 1 1 1 1 2 f 49 0 1 1 0 1 f 14BoJaLyTa.1412     
3544.573080 0.000300   3.000e-04   51 1 1 1 1 2 f 50 0 1 1 0 1 f 14BoJaLyTa.1413     
3544.443890 0.000300   3.000e-04   52 1 1 1 1 2 e 51 0 1 1 0 1 e 14BoJaLyTa.1414     
3544.997240 0.000300   3.000e-04   52 1 1 1 1 2 f 51 0 1 1 0 1 f 14BoJaLyTa.1415     
3544.844970 0.000300   1.178e-03   53 1 1 1 1 2 e 52 0 1 1 0 1 e 14BoJaLyTa.1416     
3545.236390 0.000300   3.000e-04   54 1 1 1 1 2 e 53 0 1 1 0 1 e 14BoJaLyTa.1417     
3546.004620 0.000300   3.000e-04   56 1 1 1 1 2 e 55 0 1 1 0 1 e 14BoJaLyTa.1418     
3546.636110 0.000300   3.000e-04   56 1 1 1 1 2 f 55 0 1 1 0 1 f 14BoJaLyTa.1419     
3546.379100 0.000300   3.000e-04   57 1 1 1 1 2 e 56 0 1 1 0 1 e 14BoJaLyTa.1420     
3547.028670 0.000300   3.000e-04   57 1 1 1 1 2 f 56 0 1 1 0 1 f 14BoJaLyTa.1421     
3547.417150 0.000300   3.000e-04   58 1 1 1 1 2 f 57 0 1 1 0 1 f 14BoJaLyTa.1422     
3547.108680 0.000300   3.000e-04   59 1 1 1 1 2 e 58 0 1 1 0 1 e 14BoJaLyTa.1423     
3547.798350 0.000300   3.000e-04   59 1 1 1 1 2 f 58 0 1 1 0 1 f 14BoJaLyTa.1424     
3548.174570 0.000300   3.000e-04   60 1 1 1 1 2 f 59 0 1 1 0 1 f 14BoJaLyTa.1425     
3548.157330 0.000300   3.000e-04   62 1 1 1 1 2 e 61 0 1 1 0 1 e 14BoJaLyTa.1426     
3548.908010 0.000300   3.000e-04   62 1 1 1 1 2 f 61 0 1 1 0 1 f 14BoJaLyTa.1427     
3548.824580 0.000300   3.000e-04   64 1 1 1 1 2 e 63 0 1 1 0 1 e 14BoJaLyTa.1428     
3549.618300 0.000300   3.000e-04   64 1 1 1 1 2 f 63 0 1 1 0 1 f 14BoJaLyTa.1429     
3549.962000 0.000300   3.000e-04   65 1 1 1 1 2 f 64 0 1 1 0 1 f 14BoJaLyTa.1430     
3669.978320 0.000300   3.000e-04   4 1 2 2 1 1 e  3 0 2 2 0 1 e  14BoJaLyTa.1431     
3669.978320 0.000300   3.000e-04   4 1 2 2 1 1 f  3 0 2 2 0 1 f  14BoJaLyTa.1432     
3670.668400 0.000300   3.000e-04   5 1 2 2 1 1 e  4 0 2 2 0 1 e  14BoJaLyTa.1433     
3670.668400 0.000300   3.000e-04   5 1 2 2 1 1 f  4 0 2 2 0 1 f  14BoJaLyTa.1434     
3671.354520 0.000300   3.000e-04   6 1 2 2 1 1 e  5 0 2 2 0 1 e  14BoJaLyTa.1435     
3671.354520 0.000300   3.000e-04   6 1 2 2 1 1 f  5 0 2 2 0 1 f  14BoJaLyTa.1436     
3672.034810 0.000300   3.000e-04   7 1 2 2 1 1 e  6 0 2 2 0 1 e  14BoJaLyTa.1437     
3672.034810 0.000300   3.000e-04   7 1 2 2 1 1 f  6 0 2 2 0 1 f  14BoJaLyTa.1438     
3673.381050 0.000300   3.000e-04   9 1 2 2 1 1 e  8 0 2 2 0 1 e  14BoJaLyTa.1439     
3673.381050 0.000300   3.000e-04   9 1 2 2 1 1 f  8 0 2 2 0 1 f  14BoJaLyTa.1440     
3674.046190 0.000300   3.000e-04   10 1 2 2 1 1 e 9 0 2 2 0 1 e  14BoJaLyTa.1441     
3674.046190 0.000300   3.000e-04   10 1 2 2 1 1 f 9 0 2 2 0 1 f  14BoJaLyTa.1442     
3674.706320 0.000300   3.000e-04   11 1 2 2 1 1 e 10 0 2 2 0 1 e 14BoJaLyTa.1443     
3674.706320 0.000300   3.000e-04   11 1 2 2 1 1 f 10 0 2 2 0 1 f 14BoJaLyTa.1444     
3675.361260 0.000300   3.000e-04   12 1 2 2 1 1 e 11 0 2 2 0 1 e 14BoJaLyTa.1445     
3675.361260 0.000300   3.000e-04   12 1 2 2 1 1 f 11 0 2 2 0 1 f 14BoJaLyTa.1446     
3676.655140 0.000300   3.000e-04   14 1 2 2 1 1 e 13 0 2 2 0 1 e 14BoJaLyTa.1447     
3676.655140 0.000300   3.000e-04   14 1 2 2 1 1 f 13 0 2 2 0 1 f 14BoJaLyTa.1448     
3677.295580 0.000300   3.000e-04   15 1 2 2 1 1 e 14 0 2 2 0 1 e 14BoJaLyTa.1449     
3677.295580 0.000300   3.000e-04   15 1 2 2 1 1 f 14 0 2 2 0 1 f 14BoJaLyTa.1450     
3677.929840 0.000300   3.000e-04   16 1 2 2 1 1 e 15 0 2 2 0 1 e 14BoJaLyTa.1451     
3677.929840 0.000300   3.000e-04   16 1 2 2 1 1 f 15 0 2 2 0 1 f 14BoJaLyTa.1452     
3679.183360 0.000300   3.000e-04   18 1 2 2 1 1 e 17 0 2 2 0 1 e 14BoJaLyTa.1453     
3679.183360 0.000300   3.000e-04   18 1 2 2 1 1 f 17 0 2 2 0 1 f 14BoJaLyTa.1454     
3679.801000 0.000300   3.000e-04   19 1 2 2 1 1 e 18 0 2 2 0 1 e 14BoJaLyTa.1455     
3679.801000 0.000300   3.000e-04   19 1 2 2 1 1 f 18 0 2 2 0 1 f 14BoJaLyTa.1456     
3680.415420 0.000300   3.000e-04   20 1 2 2 1 1 e 19 0 2 2 0 1 e 14BoJaLyTa.1457     
3680.415420 0.000300   1.048e-03   20 1 2 2 1 1 f 19 0 2 2 0 1 f 14BoJaLyTa.1458     
3681.023120 0.000300   3.000e-04   21 1 2 2 1 1 e 20 0 2 2 0 1 e 14BoJaLyTa.1459     
3681.025610 0.000300   4.237e-04   21 1 2 2 1 1 f 20 0 2 2 0 1 f 14BoJaLyTa.1460     
3681.627730 0.000300   1.665e-03   22 1 2 2 1 1 e 21 0 2 2 0 1 e 14BoJaLyTa.1461     
3681.627730 0.000300   1.027e-03   22 1 2 2 1 1 f 21 0 2 2 0 1 f 14BoJaLyTa.1462     
3683.404430 0.000300   3.000e-04   25 1 2 2 1 1 e 24 0 2 2 0 1 e 14BoJaLyTa.1463     
3683.409790 0.000300   3.000e-04   25 1 2 2 1 1 f 24 0 2 2 0 1 f 14BoJaLyTa.1464     
3684.565170 0.000300   2.710e-03   27 1 2 2 1 1 e 26 0 2 2 0 1 e 14BoJaLyTa.1465     
3684.570530 0.000300   3.000e-04   27 1 2 2 1 1 f 26 0 2 2 0 1 f 14BoJaLyTa.1466     
3685.135520 0.000300   3.000e-04   28 1 2 2 1 1 e 27 0 2 2 0 1 e 14BoJaLyTa.1467     
3685.144110 0.000300   3.000e-04   28 1 2 2 1 1 f 27 0 2 2 0 1 f 14BoJaLyTa.1468     
3685.701930 0.000300   3.000e-04   29 1 2 2 1 1 e 28 0 2 2 0 1 e 14BoJaLyTa.1469     
3685.711810 0.000300   3.000e-04   29 1 2 2 1 1 f 28 0 2 2 0 1 f 14BoJaLyTa.1470     
3686.819750 0.000300   3.000e-04   31 1 2 2 1 1 e 30 0 2 2 0 1 e 14BoJaLyTa.1471     
3686.833270 0.000300   3.000e-04   31 1 2 2 1 1 f 30 0 2 2 0 1 f 14BoJaLyTa.1472     
3687.385510 0.000300   3.000e-04   32 1 2 2 1 1 f 31 0 2 2 0 1 f 14BoJaLyTa.1473     
3688.992250 0.000300   3.000e-04   35 1 2 2 1 1 e 34 0 2 2 0 1 e 14BoJaLyTa.1474     
3690.047930 0.000300   3.131e-03   37 1 2 2 1 1 e 36 0 2 2 0 1 e 14BoJaLyTa.1475     
3690.076390 0.000300   3.109e-03   37 1 2 2 1 1 f 36 0 2 2 0 1 f 14BoJaLyTa.1476     
3690.593040 0.000300   3.000e-04   38 1 2 2 1 1 f 37 0 2 2 0 1 f 14BoJaLyTa.1477     
3692.092650 0.000300   3.000e-04   41 1 2 2 1 1 e 40 0 2 2 0 1 e 14BoJaLyTa.1478     
3693.131520 0.000300   3.000e-04   43 1 2 2 1 1 f 42 0 2 2 0 1 f 14BoJaLyTa.1479     
3471.850040 0.000300   3.000e-04   12 1 3 3 1 2 e 11 0 3 3 0 1 e 14BoJaLyTa.1480     
3471.850040 0.000300   3.000e-04   12 1 3 3 1 2 f 11 0 3 3 0 1 f 14BoJaLyTa.1481     
3473.141370 0.000300   3.000e-04   14 1 3 3 1 2 e 13 0 3 3 0 1 e 14BoJaLyTa.1482     
3473.141370 0.000300   3.000e-04   14 1 3 3 1 2 f 13 0 3 3 0 1 f 14BoJaLyTa.1483     
3474.411800 0.000300   3.000e-04   16 1 3 3 1 2 e 15 0 3 3 0 1 e 14BoJaLyTa.1484     
3474.411800 0.000300   3.000e-04   16 1 3 3 1 2 f 15 0 3 3 0 1 f 14BoJaLyTa.1485     
3476.888800 0.000300   3.000e-04   20 1 3 3 1 2 e 19 0 3 3 0 1 e 14BoJaLyTa.1486     
3476.888800 0.000300   3.000e-04   20 1 3 3 1 2 f 19 0 3 3 0 1 f 14BoJaLyTa.1487     
3479.861240 0.000300   3.000e-04   25 1 3 3 1 2 e 24 0 3 3 0 1 e 14BoJaLyTa.1488     
3479.861240 0.000300   3.000e-04   25 1 3 3 1 2 f 24 0 3 3 0 1 f 14BoJaLyTa.1489     
3480.439860 0.000300   3.000e-04   26 1 3 3 1 2 e 25 0 3 3 0 1 e 14BoJaLyTa.1490     
3480.439860 0.000300   3.000e-04   26 1 3 3 1 2 f 25 0 3 3 0 1 f 14BoJaLyTa.1491     
3485.920670 0.000300   3.000e-04   36 1 3 3 1 2 e 35 0 3 3 0 1 e 14BoJaLyTa.1492     
3485.920670 0.000300   3.000e-04   36 1 3 3 1 2 f 35 0 3 3 0 1 f 14BoJaLyTa.1493     
3659.708470 0.000300   2.589e-03   2 2 0 0 1 1 e  1 1 0 0 0 1 e  14BoJaLyTa.1494     
3660.408950 0.000300   3.000e-04   3 2 0 0 1 1 e  2 1 0 0 0 1 e  14BoJaLyTa.1495     
3661.796500 0.000300   3.000e-04   5 2 0 0 1 1 e  4 1 0 0 0 1 e  14BoJaLyTa.1496     
3662.485520 0.000300   3.000e-04   6 2 0 0 1 1 e  5 1 0 0 0 1 e  14BoJaLyTa.1497     
3664.521480 0.000300   3.000e-04   9 2 0 0 1 1 e  8 1 0 0 0 1 e  14BoJaLyTa.1498     
3665.191160 0.000300   3.000e-04   10 2 0 0 1 1 e 9 1 0 0 0 1 e  14BoJaLyTa.1499     
3667.173800 0.000300   3.000e-04   13 2 0 0 1 1 e 12 1 0 0 0 1 e 14BoJaLyTa.1500     
3669.114310 0.000300   4.942e-04   16 2 0 0 1 1 e 15 1 0 0 0 1 e 14BoJaLyTa.1501     
3671.016500 0.000300   3.000e-04   19 2 0 0 1 1 e 18 1 0 0 0 1 e 14BoJaLyTa.1502     
3671.641320 0.000300   3.000e-04   20 2 0 0 1 1 e 19 1 0 0 0 1 e 14BoJaLyTa.1503     
3672.261440 0.000300   3.000e-04   21 2 0 0 1 1 e 20 1 0 0 0 1 e 14BoJaLyTa.1504     
3673.488970 0.000300   3.762e-04   23 2 0 0 1 1 e 22 1 0 0 0 1 e 14BoJaLyTa.1505     
3674.095740 0.000300   3.000e-04   24 2 0 0 1 1 e 23 1 0 0 0 1 e 14BoJaLyTa.1506     
3674.697960 0.000300   3.000e-04   25 2 0 0 1 1 e 24 1 0 0 0 1 e 14BoJaLyTa.1507     
3675.296180 0.000300   3.000e-04   26 2 0 0 1 1 e 25 1 0 0 0 1 e 14BoJaLyTa.1508     
3675.889630 0.000300   3.000e-04   27 2 0 0 1 1 e 26 1 0 0 0 1 e 14BoJaLyTa.1509     
3676.478560 0.000300   3.000e-04   28 2 0 0 1 1 e 27 1 0 0 0 1 e 14BoJaLyTa.1510     
3677.062580 0.000300   9.799e-04   29 2 0 0 1 1 e 28 1 0 0 0 1 e 14BoJaLyTa.1511     
3678.791160 0.000300   3.000e-04   32 2 0 0 1 1 e 31 1 0 0 0 1 e 14BoJaLyTa.1512     
3679.358250 0.000300   4.102e-04   33 2 0 0 1 1 e 32 1 0 0 0 1 e 14BoJaLyTa.1513     
3679.920830 0.000300   4.642e-04   34 2 0 0 1 1 e 33 1 0 0 0 1 e 14BoJaLyTa.1514     
3680.479770 0.000300   3.000e-04   35 2 0 0 1 1 e 34 1 0 0 0 1 e 14BoJaLyTa.1515     
3682.128940 0.000300   6.267e-04   38 2 0 0 1 1 e 37 1 0 0 0 1 e 14BoJaLyTa.1516     
3682.669860 0.000300   3.000e-04   39 2 0 0 1 1 e 38 1 0 0 0 1 e 14BoJaLyTa.1517     
3685.828730 0.000300   5.000e-04   45 2 0 0 1 1 e 44 1 0 0 0 1 e 14BoJaLyTa.1518     
3775.629290 0.000300   6.850e-04   9 2 0 0 1 1 e  8 1 0 0 0 2 e  14BoJaLyTa.1519     
3776.311920 0.000300   3.000e-04   10 2 0 0 1 1 e 9 1 0 0 0 2 e  14BoJaLyTa.1520     
3776.990480 0.000300   3.000e-04   11 2 0 0 1 1 e 10 1 0 0 0 2 e 14BoJaLyTa.1521     
3777.667400 0.000300   1.204e-03   12 2 0 0 1 1 e 11 1 0 0 0 2 e 14BoJaLyTa.1522     
3779.008310 0.000300   3.000e-04   14 2 0 0 1 1 e 13 1 0 0 0 2 e 14BoJaLyTa.1523     
3779.673760 0.000300   3.000e-04   15 2 0 0 1 1 e 14 1 0 0 0 2 e 14BoJaLyTa.1524     
3780.337110 0.000300   3.652e-04   16 2 0 0 1 1 e 15 1 0 0 0 2 e 14BoJaLyTa.1525     
3780.997770 0.000300   3.000e-04   17 2 0 0 1 1 e 16 1 0 0 0 2 e 14BoJaLyTa.1526     
3781.654490 0.000300   3.000e-04   18 2 0 0 1 1 e 17 1 0 0 0 2 e 14BoJaLyTa.1527     
3782.960170 0.000300   4.367e-04   20 2 0 0 1 1 e 19 1 0 0 0 2 e 14BoJaLyTa.1528     
3783.607850 0.000300   3.000e-04   21 2 0 0 1 1 e 20 1 0 0 0 2 e 14BoJaLyTa.1529     
3784.253180 0.000300   4.312e-04   22 2 0 0 1 1 e 21 1 0 0 0 2 e 14BoJaLyTa.1530     
3784.895360 0.000300   5.110e-04   23 2 0 0 1 1 e 22 1 0 0 0 2 e 14BoJaLyTa.1531     
3785.534650 0.000300   6.613e-04   24 2 0 0 1 1 e 23 1 0 0 0 2 e 14BoJaLyTa.1532     
3514.035100 0.000300   3.000e-04   4 2 0 0 1 2 e  3 1 0 0 0 1 e  14BoJaLyTa.1533     
3514.712860 0.000300   3.000e-04   5 2 0 0 1 2 e  4 1 0 0 0 1 e  14BoJaLyTa.1534     
3516.051320 0.000300   1.025e-03   7 2 0 0 1 2 e  6 1 0 0 0 1 e  14BoJaLyTa.1535     
3516.707980 0.000300   3.000e-04   8 2 0 0 1 2 e  7 1 0 0 0 1 e  14BoJaLyTa.1536     
3517.358420 0.000300   3.000e-04   9 2 0 0 1 2 e  8 1 0 0 0 1 e  14BoJaLyTa.1537     
3519.266230 0.000300   3.000e-04   12 2 0 0 1 2 e 11 1 0 0 0 1 e 14BoJaLyTa.1538     
3521.709560 0.000300   7.076e-04   16 2 0 0 1 2 e 15 1 0 0 0 1 e 14BoJaLyTa.1539     
3522.303870 0.000300   1.599e-03   17 2 0 0 1 2 e 16 1 0 0 0 1 e 14BoJaLyTa.1540     
3523.466410 0.000300   3.000e-04   19 2 0 0 1 2 e 18 1 0 0 0 1 e 14BoJaLyTa.1541     
3524.037480 0.000300   3.000e-04   20 2 0 0 1 2 e 19 1 0 0 0 1 e 14BoJaLyTa.1542     
3524.601560 0.000300   3.000e-04   21 2 0 0 1 2 e 20 1 0 0 0 1 e 14BoJaLyTa.1543     
3525.707810 0.000300   3.000e-04   23 2 0 0 1 2 e 22 1 0 0 0 1 e 14BoJaLyTa.1544     
3526.250020 0.000300   3.000e-04   24 2 0 0 1 2 e 23 1 0 0 0 1 e 14BoJaLyTa.1545     
3527.312980 0.000300   3.000e-04   26 2 0 0 1 2 e 25 1 0 0 0 1 e 14BoJaLyTa.1546     
3527.833630 0.000300   3.000e-04   27 2 0 0 1 2 e 26 1 0 0 0 1 e 14BoJaLyTa.1547     
3528.347150 0.000300   3.000e-04   28 2 0 0 1 2 e 27 1 0 0 0 1 e 14BoJaLyTa.1548     
3529.844320 0.000300   3.000e-04   31 2 0 0 1 2 e 30 1 0 0 0 1 e 14BoJaLyTa.1549     
3530.804970 0.000300   8.533e-04   33 2 0 0 1 2 e 32 1 0 0 0 1 e 14BoJaLyTa.1550     
3532.193970 0.000300   3.000e-04   36 2 0 0 1 2 e 35 1 0 0 0 1 e 14BoJaLyTa.1551     
3533.943770 0.000300   3.000e-04   40 2 0 0 1 2 e 39 1 0 0 0 1 e 14BoJaLyTa.1552     
3534.774460 0.000300   6.458e-04   42 2 0 0 1 2 e 41 1 0 0 0 1 e 14BoJaLyTa.1553     
3538.832550 0.000300   1.992e-03   53 2 0 0 1 2 e 52 1 0 0 0 1 e 14BoJaLyTa.1554     
3623.015450 0.000300   3.000e-04   1 2 0 0 1 2 e  0 1 0 0 0 2 e  14BoJaLyTa.1555     
3623.716910 0.000300   3.000e-04   2 2 0 0 1 2 e  1 1 0 0 0 2 e  14BoJaLyTa.1556     
3625.103290 0.000300   3.000e-04   4 2 0 0 1 2 e  3 1 0 0 0 2 e  14BoJaLyTa.1557     
3625.787390 0.000300   3.000e-04   5 2 0 0 1 2 e  4 1 0 0 0 2 e  14BoJaLyTa.1558     
3626.465060 0.000300   9.554e-04   6 2 0 0 1 2 e  5 1 0 0 0 2 e  14BoJaLyTa.1559     
3627.138490 0.000300   3.000e-04   7 2 0 0 1 2 e  6 1 0 0 0 2 e  14BoJaLyTa.1560     
3627.805560 0.000300   3.000e-04   8 2 0 0 1 2 e  7 1 0 0 0 2 e  14BoJaLyTa.1561     
3628.466410 0.000300   3.000e-04   9 2 0 0 1 2 e  8 1 0 0 0 2 e  14BoJaLyTa.1562     
3629.121960 0.000300   3.000e-04   10 2 0 0 1 2 e 9 1 0 0 0 2 e  14BoJaLyTa.1563     
3629.771450 0.000300   3.000e-04   11 2 0 0 1 2 e 10 1 0 0 0 2 e 14BoJaLyTa.1564     
3630.414740 0.000300   3.000e-04   12 2 0 0 1 2 e 11 1 0 0 0 2 e 14BoJaLyTa.1565     
3631.052860 0.000300   3.000e-04   13 2 0 0 1 2 e 12 1 0 0 0 2 e 14BoJaLyTa.1566     
3631.684900 0.000300   3.000e-04   14 2 0 0 1 2 e 13 1 0 0 0 2 e 14BoJaLyTa.1567     
3632.311030 0.000300   3.000e-04   15 2 0 0 1 2 e 14 1 0 0 0 2 e 14BoJaLyTa.1568     
3632.931750 0.000300   3.000e-04   16 2 0 0 1 2 e 15 1 0 0 0 2 e 14BoJaLyTa.1569     
3633.546420 0.000300   3.000e-04   17 2 0 0 1 2 e 16 1 0 0 0 2 e 14BoJaLyTa.1570     
3634.155390 0.000300   3.000e-04   18 2 0 0 1 2 e 17 1 0 0 0 2 e 14BoJaLyTa.1571     
3635.947070 0.000300   5.577e-04   21 2 0 0 1 2 e 20 1 0 0 0 2 e 14BoJaLyTa.1572     
3637.113890 0.000300   3.000e-04   23 2 0 0 1 2 e 22 1 0 0 0 2 e 14BoJaLyTa.1573     
3637.688390 0.000300   3.000e-04   24 2 0 0 1 2 e 23 1 0 0 0 2 e 14BoJaLyTa.1574     
3638.820530 0.000300   3.000e-04   26 2 0 0 1 2 e 25 1 0 0 0 2 e 14BoJaLyTa.1575     
3639.377940 0.000300   3.000e-04   27 2 0 0 1 2 e 26 1 0 0 0 2 e 14BoJaLyTa.1576     
3639.930040 0.000300   3.000e-04   28 2 0 0 1 2 e 27 1 0 0 0 2 e 14BoJaLyTa.1577     
3641.016730 0.000300   3.000e-04   30 2 0 0 1 2 e 29 1 0 0 0 2 e 14BoJaLyTa.1578     
3642.081220 0.000300   3.000e-04   32 2 0 0 1 2 e 31 1 0 0 0 2 e 14BoJaLyTa.1579     
3643.123000 0.000300   3.786e-04   34 2 0 0 1 2 e 33 1 0 0 0 2 e 14BoJaLyTa.1580     
3643.636350 0.000300   3.000e-04   35 2 0 0 1 2 e 34 1 0 0 0 2 e 14BoJaLyTa.1581     
3644.144010 0.000300   3.000e-04   36 2 0 0 1 2 e 35 1 0 0 0 2 e 14BoJaLyTa.1582     
3645.141840 0.000300   3.000e-04   38 2 0 0 1 2 e 37 1 0 0 0 2 e 14BoJaLyTa.1583     
3645.633320 0.000300   3.000e-04   39 2 0 0 1 2 e 38 1 0 0 0 2 e 14BoJaLyTa.1584     
3646.119080 0.000300   3.000e-04   40 2 0 0 1 2 e 39 1 0 0 0 2 e 14BoJaLyTa.1585     
3647.075260 0.000300   1.122e-03   42 2 0 0 1 2 e 41 1 0 0 0 2 e 14BoJaLyTa.1586     
3648.005370 0.000300   2.500e-03   44 2 0 0 1 2 e 43 1 0 0 0 2 e 14BoJaLyTa.1587     
3649.814840 0.000300   3.000e-04   48 2 0 0 1 2 e 47 1 0 0 0 2 e 14BoJaLyTa.1588     
3404.060680 0.000300   2.160e-03   6 2 0 0 1 3 e  5 1 0 0 0 1 e  14BoJaLyTa.1589     
3405.397640 0.000300   1.837e-03   8 2 0 0 1 3 e  7 1 0 0 0 1 e  14BoJaLyTa.1590     
3406.058450 0.000300   4.656e-04   9 2 0 0 1 3 e  8 1 0 0 0 1 e  14BoJaLyTa.1591     
3406.710230 0.000300   3.000e-04   10 2 0 0 1 3 e 9 1 0 0 0 1 e  14BoJaLyTa.1592     
3407.359890 0.000300   3.641e-03   11 2 0 0 1 3 e 10 1 0 0 0 1 e 14BoJaLyTa.1593     
3409.255730 0.000300   1.225e-03   14 2 0 0 1 3 e 13 1 0 0 0 1 e 14BoJaLyTa.1594     
3409.877850 0.000300   3.000e-04   15 2 0 0 1 3 e 14 1 0 0 0 1 e 14BoJaLyTa.1595     
3411.100660 0.000300   4.488e-04   17 2 0 0 1 3 e 16 1 0 0 0 1 e 14BoJaLyTa.1596     
3411.700600 0.000300   9.262e-04   18 2 0 0 1 3 e 17 1 0 0 0 1 e 14BoJaLyTa.1597     
3412.885210 0.000300   3.000e-04   20 2 0 0 1 3 e 19 1 0 0 0 1 e 14BoJaLyTa.1598     
3414.042110 0.000300   7.761e-04   22 2 0 0 1 3 e 21 1 0 0 0 1 e 14BoJaLyTa.1599     
3416.819550 0.000300   2.127e-03   27 2 0 0 1 3 e 26 1 0 0 0 1 e 14BoJaLyTa.1600     
3417.358810 0.000300   1.807e-03   28 2 0 0 1 3 e 27 1 0 0 0 1 e 14BoJaLyTa.1601     
3511.673390 0.000300   3.000e-04   1 2 0 0 1 3 e  0 1 0 0 0 2 e  14BoJaLyTa.1602     
3512.377830 0.000300   6.624e-04   2 2 0 0 1 3 e  1 1 0 0 0 2 e  14BoJaLyTa.1603     
3513.075880 0.000300   3.000e-04   3 2 0 0 1 3 e  2 1 0 0 0 2 e  14BoJaLyTa.1604     
3516.498470 0.000300   1.666e-03   8 2 0 0 1 3 e  7 1 0 0 0 2 e  14BoJaLyTa.1605     
3517.166340 0.000300   3.000e-04   9 2 0 0 1 3 e  8 1 0 0 0 2 e  14BoJaLyTa.1606     
3519.145080 0.000300   3.000e-04   12 2 0 0 1 3 e 11 1 0 0 0 2 e 14BoJaLyTa.1607     
3519.795070 0.000300   3.000e-04   13 2 0 0 1 3 e 12 1 0 0 0 2 e 14BoJaLyTa.1608     
3520.439900 0.000300   3.000e-04   14 2 0 0 1 3 e 13 1 0 0 0 2 e 14BoJaLyTa.1609     
3521.079680 0.000300   5.339e-04   15 2 0 0 1 3 e 14 1 0 0 0 2 e 14BoJaLyTa.1610     
3521.714400 0.000300   3.000e-04   16 2 0 0 1 3 e 15 1 0 0 0 2 e 14BoJaLyTa.1611     
3522.344320 0.000300   3.000e-04   17 2 0 0 1 3 e 16 1 0 0 0 2 e 14BoJaLyTa.1612     
3522.969190 0.000300   3.000e-04   18 2 0 0 1 3 e 17 1 0 0 0 2 e 14BoJaLyTa.1613     
3523.589030 0.000300   3.000e-04   19 2 0 0 1 3 e 18 1 0 0 0 2 e 14BoJaLyTa.1614     
3524.813530 0.000300   3.000e-04   21 2 0 0 1 3 e 20 1 0 0 0 2 e 14BoJaLyTa.1615     
3525.418370 0.000300   3.000e-04   22 2 0 0 1 3 e 21 1 0 0 0 2 e 14BoJaLyTa.1616     
3526.612880 0.000300   3.000e-04   24 2 0 0 1 3 e 23 1 0 0 0 2 e 14BoJaLyTa.1617     
3527.202410 0.000300   3.000e-04   25 2 0 0 1 3 e 24 1 0 0 0 2 e 14BoJaLyTa.1618     
3528.365800 0.000300   3.000e-04   27 2 0 0 1 3 e 26 1 0 0 0 2 e 14BoJaLyTa.1619     
3528.939340 0.000300   6.348e-04   28 2 0 0 1 3 e 27 1 0 0 0 2 e 14BoJaLyTa.1620     
3529.508840 0.000300   3.000e-04   29 2 0 0 1 3 e 28 1 0 0 0 2 e 14BoJaLyTa.1621     
3530.631290 0.000300   3.000e-04   31 2 0 0 1 3 e 30 1 0 0 0 2 e 14BoJaLyTa.1622     
3531.732900 0.000300   3.000e-04   33 2 0 0 1 3 e 32 1 0 0 0 2 e 14BoJaLyTa.1623     
3532.813010 0.000300   3.000e-04   35 2 0 0 1 3 e 34 1 0 0 0 2 e 14BoJaLyTa.1624     
3533.346090 0.000300   3.641e-04   36 2 0 0 1 3 e 35 1 0 0 0 2 e 14BoJaLyTa.1625     
3533.873140 0.000300   9.149e-04   37 2 0 0 1 3 e 36 1 0 0 0 2 e 14BoJaLyTa.1626     
3534.394230 0.000300   3.000e-04   38 2 0 0 1 3 e 37 1 0 0 0 2 e 14BoJaLyTa.1627     
3534.910470 0.000300   3.000e-04   39 2 0 0 1 3 e 38 1 0 0 0 2 e 14BoJaLyTa.1628     
3535.421390 0.000300   3.000e-04   40 2 0 0 1 3 e 39 1 0 0 0 2 e 14BoJaLyTa.1629     
3536.425220 0.000300   1.696e-03   42 2 0 0 1 3 e 41 1 0 0 0 2 e 14BoJaLyTa.1630     
3536.921460 0.000300   3.000e-04   43 2 0 0 1 3 e 42 1 0 0 0 2 e 14BoJaLyTa.1631     
3538.844970 0.000300   3.000e-04   47 2 0 0 1 3 e 46 1 0 0 0 2 e 14BoJaLyTa.1632     
3539.312530 0.000300   3.000e-04   48 2 0 0 1 3 e 47 1 0 0 0 2 e 14BoJaLyTa.1633     
3256.129410 0.000300   3.000e-04   7 2 1 1 0 2 e  6 0 0 0 0 1 e  14BoJaLyTa.1634     
3256.844510 0.000300   3.000e-04   8 2 1 1 0 2 e  7 0 0 0 0 1 e  14BoJaLyTa.1635     
3257.558530 0.000300   3.000e-04   9 2 1 1 0 2 e  8 0 0 0 0 1 e  14BoJaLyTa.1636     
3258.273710 0.000300   3.000e-04   10 2 1 1 0 2 e 9 0 0 0 0 1 e  14BoJaLyTa.1637     
3258.988770 0.000300   3.000e-04   11 2 1 1 0 2 e 10 0 0 0 0 1 e 14BoJaLyTa.1638     
3259.702660 0.000300   3.000e-04   12 2 1 1 0 2 e 11 0 0 0 0 1 e 14BoJaLyTa.1639     
3260.419100 0.000300   3.000e-04   13 2 1 1 0 2 e 12 0 0 0 0 1 e 14BoJaLyTa.1640     
3261.133440 0.000300   3.000e-04   14 2 1 1 0 2 e 13 0 0 0 0 1 e 14BoJaLyTa.1641     
3261.849420 0.000300   3.000e-04   15 2 1 1 0 2 e 14 0 0 0 0 1 e 14BoJaLyTa.1642     
3262.564120 0.000300   3.000e-04   16 2 1 1 0 2 e 15 0 0 0 0 1 e 14BoJaLyTa.1643     
3263.279590 0.000300   3.000e-04   17 2 1 1 0 2 e 16 0 0 0 0 1 e 14BoJaLyTa.1644     
3263.994740 0.000300   3.000e-04   18 2 1 1 0 2 e 17 0 0 0 0 1 e 14BoJaLyTa.1645     
3264.710210 0.000300   9.124e-04   19 2 1 1 0 2 e 18 0 0 0 0 1 e 14BoJaLyTa.1646     
3265.425470 0.000300   3.000e-04   20 2 1 1 0 2 e 19 0 0 0 0 1 e 14BoJaLyTa.1647     
3266.141060 0.000300   3.000e-04   21 2 1 1 0 2 e 20 0 0 0 0 1 e 14BoJaLyTa.1648     
3266.856930 0.000300   3.000e-04   22 2 1 1 0 2 e 21 0 0 0 0 1 e 14BoJaLyTa.1649     
3267.572470 0.000300   3.000e-04   23 2 1 1 0 2 e 22 0 0 0 0 1 e 14BoJaLyTa.1650     
3268.288160 0.000300   3.000e-04   24 2 1 1 0 2 e 23 0 0 0 0 1 e 14BoJaLyTa.1651     
3269.003700 0.000300   3.000e-04   25 2 1 1 0 2 e 24 0 0 0 0 1 e 14BoJaLyTa.1652     
3269.719540 0.000300   3.000e-04   26 2 1 1 0 2 e 25 0 0 0 0 1 e 14BoJaLyTa.1653     
3270.435590 0.000300   3.000e-04   27 2 1 1 0 2 e 26 0 0 0 0 1 e 14BoJaLyTa.1654     
3271.151440 0.000300   3.000e-04   28 2 1 1 0 2 e 27 0 0 0 0 1 e 14BoJaLyTa.1655     
3271.867440 0.000300   3.000e-04   29 2 1 1 0 2 e 28 0 0 0 0 1 e 14BoJaLyTa.1656     
3272.583370 0.000300   3.000e-04   30 2 1 1 0 2 e 29 0 0 0 0 1 e 14BoJaLyTa.1657     
3273.299060 0.000300   3.516e-04   31 2 1 1 0 2 e 30 0 0 0 0 1 e 14BoJaLyTa.1658     
3274.014910 0.000300   3.000e-04   32 2 1 1 0 2 e 31 0 0 0 0 1 e 14BoJaLyTa.1659     
3274.730850 0.000300   3.000e-04   33 2 1 1 0 2 e 32 0 0 0 0 1 e 14BoJaLyTa.1660     
3275.447380 0.000300   3.000e-04   34 2 1 1 0 2 e 33 0 0 0 0 1 e 14BoJaLyTa.1661     
3276.163380 0.000300   3.000e-04   35 2 1 1 0 2 e 34 0 0 0 0 1 e 14BoJaLyTa.1662     
3276.879460 0.000300   3.362e-04   36 2 1 1 0 2 e 35 0 0 0 0 1 e 14BoJaLyTa.1663     
3277.595730 0.000300   3.000e-04   37 2 1 1 0 2 e 36 0 0 0 0 1 e 14BoJaLyTa.1664     
3279.027770 0.000300   3.000e-04   39 2 1 1 0 2 e 38 0 0 0 0 1 e 14BoJaLyTa.1665     
3279.744250 0.000300   3.000e-04   40 2 1 1 0 2 e 39 0 0 0 0 1 e 14BoJaLyTa.1666     
3280.460810 0.000300   3.000e-04   41 2 1 1 0 2 e 40 0 0 0 0 1 e 14BoJaLyTa.1667     
3281.176290 0.000300   3.000e-04   42 2 1 1 0 2 e 41 0 0 0 0 1 e 14BoJaLyTa.1668     
3281.893200 0.000300   3.000e-04   43 2 1 1 0 2 e 42 0 0 0 0 1 e 14BoJaLyTa.1669     
3282.609180 0.000300   3.000e-04   44 2 1 1 0 2 e 43 0 0 0 0 1 e 14BoJaLyTa.1670     
3283.325810 0.000300   3.000e-04   45 2 1 1 0 2 e 44 0 0 0 0 1 e 14BoJaLyTa.1671     
3284.041580 0.000300   3.000e-04   46 2 1 1 0 2 e 45 0 0 0 0 1 e 14BoJaLyTa.1672     
3284.758240 0.000300   3.000e-04   47 2 1 1 0 2 e 46 0 0 0 0 1 e 14BoJaLyTa.1673     
3285.475440 0.000300   6.775e-04   48 2 1 1 0 2 e 47 0 0 0 0 1 e 14BoJaLyTa.1674     
3286.190870 0.000300   3.101e-04   49 2 1 1 0 2 e 48 0 0 0 0 1 e 14BoJaLyTa.1675     
3286.907020 0.000300   3.000e-04   50 2 1 1 0 2 e 49 0 0 0 0 1 e 14BoJaLyTa.1676     
3287.624610 0.000300   3.000e-04   51 2 1 1 0 2 e 50 0 0 0 0 1 e 14BoJaLyTa.1677     
3288.340620 0.000300   3.000e-04   52 2 1 1 0 2 e 51 0 0 0 0 1 e 14BoJaLyTa.1678     
3289.056260 0.000300   3.000e-04   53 2 1 1 0 2 e 52 0 0 0 0 1 e 14BoJaLyTa.1679     
3289.773700 0.000300   1.390e-03   54 2 1 1 0 2 e 53 0 0 0 0 1 e 14BoJaLyTa.1680     
3290.488160 0.000300   3.000e-04   55 2 1 1 0 2 e 54 0 0 0 0 1 e 14BoJaLyTa.1681     
3485.511810 0.000300   3.000e-04   4 2 1 1 1 3 f  3 1 1 1 0 2 f  14BoJaLyTa.1682     
3486.192030 0.000300   3.000e-04   5 2 1 1 1 3 e  4 1 1 1 0 2 e  14BoJaLyTa.1683     
3486.874330 0.000300   3.000e-04   6 2 1 1 1 3 e  5 1 1 1 0 2 e  14BoJaLyTa.1684     
3486.893780 0.000300   3.000e-04   6 2 1 1 1 3 f  5 1 1 1 0 2 f  14BoJaLyTa.1685     
3488.925040 0.000300   3.000e-04   9 2 1 1 1 3 f  8 1 1 1 0 2 f  14BoJaLyTa.1686     
3489.552630 0.000300   3.000e-04   10 2 1 1 1 3 e 9 1 1 1 0 2 e  14BoJaLyTa.1687     
3490.859200 0.000300   3.000e-04   12 2 1 1 1 3 e 11 1 1 1 0 2 e 14BoJaLyTa.1688     
3490.915300 0.000300   3.000e-04   12 2 1 1 1 3 f 11 1 1 1 0 2 f 14BoJaLyTa.1689     
3491.505150 0.000300   3.000e-04   13 2 1 1 1 3 e 12 1 1 1 0 2 e 14BoJaLyTa.1690     
3492.145950 0.000300   3.000e-04   14 2 1 1 1 3 e 13 1 1 1 0 2 e 14BoJaLyTa.1691     
3492.216680 0.000300   4.983e-04   14 2 1 1 1 3 f 13 1 1 1 0 2 f 14BoJaLyTa.1692     
3492.860200 0.000300   3.000e-04   15 2 1 1 1 3 f 14 1 1 1 0 2 f 14BoJaLyTa.1693     
3494.132020 0.000300   6.017e-04   17 2 1 1 1 3 f 16 1 1 1 0 2 f 14BoJaLyTa.1694     
3494.654880 0.000300   1.231e-03   18 2 1 1 1 3 e 17 1 1 1 0 2 e 14BoJaLyTa.1695     
3495.268560 0.000300   3.571e-04   19 2 1 1 1 3 e 18 1 1 1 0 2 e 14BoJaLyTa.1696     
3495.387320 0.000300   3.000e-04   19 2 1 1 1 3 f 18 1 1 1 0 2 f 14BoJaLyTa.1697     
3496.006910 0.000300   3.000e-04   20 2 1 1 1 3 f 19 1 1 1 0 2 f 14BoJaLyTa.1698     
3496.478800 0.000300   3.000e-04   21 2 1 1 1 3 e 20 1 1 1 0 2 e 14BoJaLyTa.1699     
3497.229680 0.000300   3.000e-04   22 2 1 1 1 3 f 21 1 1 1 0 2 f 14BoJaLyTa.1700     
3497.668220 0.000300   3.000e-04   23 2 1 1 1 3 e 22 1 1 1 0 2 e 14BoJaLyTa.1701     
3497.834230 0.000300   3.000e-04   23 2 1 1 1 3 f 22 1 1 1 0 2 f 14BoJaLyTa.1702     
3498.836620 0.000300   3.000e-04   25 2 1 1 1 3 e 24 1 1 1 0 2 e 14BoJaLyTa.1703     
3499.028070 0.000300   3.000e-04   25 2 1 1 1 3 f 24 1 1 1 0 2 f 14BoJaLyTa.1704     
3499.412830 0.000300   3.682e-04   26 2 1 1 1 3 e 25 1 1 1 0 2 e 14BoJaLyTa.1705     
3499.616100 0.000300   1.749e-03   26 2 1 1 1 3 f 25 1 1 1 0 2 f 14BoJaLyTa.1706     
3500.547580 0.000300   3.000e-04   28 2 1 1 1 3 e 27 1 1 1 0 2 e 14BoJaLyTa.1707     
3501.107570 0.000300   3.000e-04   29 2 1 1 1 3 e 28 1 1 1 0 2 e 14BoJaLyTa.1708     
4672.759540 0.000300   3.000e-04   7 2 2 2 1 3 e  6 0 2 2 0 1 e  14BoJaLyTa.1709     
4672.759540 0.000300   3.000e-04   7 2 2 2 1 3 f  6 0 2 2 0 1 f  14BoJaLyTa.1710     
4675.442130 0.000300   3.000e-04   11 2 2 2 1 3 e 10 0 2 2 0 1 e 14BoJaLyTa.1711     
4675.442130 0.000300   3.000e-04   11 2 2 2 1 3 f 10 0 2 2 0 1 f 14BoJaLyTa.1712     
4676.754680 0.000300   5.691e-04   13 2 2 2 1 3 e 12 0 2 2 0 1 e 14BoJaLyTa.1713     
4676.754680 0.000300   5.579e-04   13 2 2 2 1 3 f 12 0 2 2 0 1 f 14BoJaLyTa.1714     
4677.410570 0.000300   9.349e-04   14 2 2 2 1 3 e 13 0 2 2 0 1 e 14BoJaLyTa.1715     
4677.410570 0.000300   9.915e-04   14 2 2 2 1 3 f 13 0 2 2 0 1 f 14BoJaLyTa.1716     
4678.059240 0.000300   3.000e-04   15 2 2 2 1 3 e 14 0 2 2 0 1 e 14BoJaLyTa.1717     
4678.059240 0.000300   3.000e-04   15 2 2 2 1 3 f 14 0 2 2 0 1 f 14BoJaLyTa.1718     
4679.983610 0.000300   3.000e-04   18 2 2 2 1 3 e 17 0 2 2 0 1 e 14BoJaLyTa.1719     
4679.983610 0.000300   3.000e-04   18 2 2 2 1 3 f 17 0 2 2 0 1 f 14BoJaLyTa.1720     
4680.621900 0.000300   3.000e-04   19 2 2 2 1 3 e 18 0 2 2 0 1 e 14BoJaLyTa.1721     
4680.621900 0.000300   3.000e-04   19 2 2 2 1 3 f 18 0 2 2 0 1 f 14BoJaLyTa.1722     
4681.260390 0.000300   3.000e-04   20 2 2 2 1 3 e 19 0 2 2 0 1 e 14BoJaLyTa.1723     
4681.260390 0.000300   3.000e-04   20 2 2 2 1 3 f 19 0 2 2 0 1 f 14BoJaLyTa.1724     
3954.525430 0.000300   3.000e-04   6 3 0 0 0 2 e  5 0 0 0 0 1 e  14BoJaLyTa.1725     
3955.242980 0.000300   3.000e-04   7 3 0 0 0 2 e  6 0 0 0 0 1 e  14BoJaLyTa.1726     
3955.962570 0.000300   8.536e-04   8 3 0 0 0 2 e  7 0 0 0 0 1 e  14BoJaLyTa.1727     
3956.680420 0.000300   3.494e-04   9 3 0 0 0 2 e  8 0 0 0 0 1 e  14BoJaLyTa.1728     
3957.400820 0.000300   3.000e-04   10 3 0 0 0 2 e 9 0 0 0 0 1 e  14BoJaLyTa.1729     
3958.122210 0.000300   3.000e-04   11 3 0 0 0 2 e 10 0 0 0 0 1 e 14BoJaLyTa.1730     
3958.845250 0.000300   1.168e-03   12 3 0 0 0 2 e 11 0 0 0 0 1 e 14BoJaLyTa.1731     
3959.564670 0.000300   6.433e-04   13 3 0 0 0 2 e 12 0 0 0 0 1 e 14BoJaLyTa.1732     
3960.287450 0.000300   1.002e-03   14 3 0 0 0 2 e 13 0 0 0 0 1 e 14BoJaLyTa.1733     
3961.011370 0.000300   3.000e-04   15 3 0 0 0 2 e 14 0 0 0 0 1 e 14BoJaLyTa.1734     
3961.735810 0.000300   3.000e-04   16 3 0 0 0 2 e 15 0 0 0 0 1 e 14BoJaLyTa.1735     
3962.459120 0.000300   1.156e-03   17 3 0 0 0 2 e 16 0 0 0 0 1 e 14BoJaLyTa.1736     
3963.185970 0.000300   3.000e-04   18 3 0 0 0 2 e 17 0 0 0 0 1 e 14BoJaLyTa.1737     
3963.911800 0.000300   4.522e-04   19 3 0 0 0 2 e 18 0 0 0 0 1 e 14BoJaLyTa.1738     
3964.639570 0.000300   3.000e-04   20 3 0 0 0 2 e 19 0 0 0 0 1 e 14BoJaLyTa.1739     
3965.367910 0.000300   1.030e-03   21 3 0 0 0 2 e 20 0 0 0 0 1 e 14BoJaLyTa.1740     
3966.097120 0.000300   9.334e-04   22 3 0 0 0 2 e 21 0 0 0 0 1 e 14BoJaLyTa.1741     
3966.824970 0.000300   3.000e-04   23 3 0 0 0 2 e 22 0 0 0 0 1 e 14BoJaLyTa.1742     
3967.554380 0.000300   3.000e-04   24 3 0 0 0 2 e 23 0 0 0 0 1 e 14BoJaLyTa.1743     
3968.285530 0.000300   3.000e-04   25 3 0 0 0 2 e 24 0 0 0 0 1 e 14BoJaLyTa.1744     
3969.016850 0.000300   3.000e-04   26 3 0 0 0 2 e 25 0 0 0 0 1 e 14BoJaLyTa.1745     
3969.748580 0.000300   3.000e-04   27 3 0 0 0 2 e 26 0 0 0 0 1 e 14BoJaLyTa.1746     
3970.483330 0.000300   3.000e-04   28 3 0 0 0 2 e 27 0 0 0 0 1 e 14BoJaLyTa.1747     
3971.216140 0.000300   3.000e-04   29 3 0 0 0 2 e 28 0 0 0 0 1 e 14BoJaLyTa.1748     
3971.951310 0.000300   3.000e-04   30 3 0 0 0 2 e 29 0 0 0 0 1 e 14BoJaLyTa.1749     
3972.688600 0.000300   3.000e-04   31 3 0 0 0 2 e 30 0 0 0 0 1 e 14BoJaLyTa.1750     
3974.161960 0.000300   3.000e-04   33 3 0 0 0 2 e 32 0 0 0 0 1 e 14BoJaLyTa.1751     
3814.875790 0.000300   6.309e-04   5 3 0 0 0 3 e  4 0 0 0 0 1 e  14BoJaLyTa.1752     
3815.577740 0.000300   3.000e-04   6 3 0 0 0 3 e  5 0 0 0 0 1 e  14BoJaLyTa.1753     
3816.280060 0.000300   3.000e-04   7 3 0 0 0 3 e  6 0 0 0 0 1 e  14BoJaLyTa.1754     
3816.979490 0.000300   3.000e-04   8 3 0 0 0 3 e  7 0 0 0 0 1 e  14BoJaLyTa.1755     
3817.677060 0.000300   3.000e-04   9 3 0 0 0 3 e  8 0 0 0 0 1 e  14BoJaLyTa.1756     
3818.373410 0.000300   3.000e-04   10 3 0 0 0 3 e 9 0 0 0 0 1 e  14BoJaLyTa.1757     
3819.067950 0.000300   3.000e-04   11 3 0 0 0 3 e 10 0 0 0 0 1 e 14BoJaLyTa.1758     
3819.760550 0.000300   3.000e-04   12 3 0 0 0 3 e 11 0 0 0 0 1 e 14BoJaLyTa.1759     
3820.451630 0.000300   3.000e-04   13 3 0 0 0 3 e 12 0 0 0 0 1 e 14BoJaLyTa.1760     
3821.140890 0.000300   3.000e-04   14 3 0 0 0 3 e 13 0 0 0 0 1 e 14BoJaLyTa.1761     
3821.827860 0.000300   3.000e-04   15 3 0 0 0 3 e 14 0 0 0 0 1 e 14BoJaLyTa.1762     
3822.513490 0.000300   3.000e-04   16 3 0 0 0 3 e 15 0 0 0 0 1 e 14BoJaLyTa.1763     
3823.197210 0.000300   3.000e-04   17 3 0 0 0 3 e 16 0 0 0 0 1 e 14BoJaLyTa.1764     
3823.878860 0.000300   3.000e-04   18 3 0 0 0 3 e 17 0 0 0 0 1 e 14BoJaLyTa.1765     
3824.559140 0.000300   3.000e-04   19 3 0 0 0 3 e 18 0 0 0 0 1 e 14BoJaLyTa.1766     
3825.237640 0.000300   3.000e-04   20 3 0 0 0 3 e 19 0 0 0 0 1 e 14BoJaLyTa.1767     
3825.913420 0.000300   3.000e-04   21 3 0 0 0 3 e 20 0 0 0 0 1 e 14BoJaLyTa.1768     
3826.588080 0.000300   3.000e-04   22 3 0 0 0 3 e 21 0 0 0 0 1 e 14BoJaLyTa.1769     
3827.260780 0.000300   3.000e-04   23 3 0 0 0 3 e 22 0 0 0 0 1 e 14BoJaLyTa.1770     
3827.931670 0.000300   4.995e-04   24 3 0 0 0 3 e 23 0 0 0 0 1 e 14BoJaLyTa.1771     
3828.600590 0.000300   3.000e-04   25 3 0 0 0 3 e 24 0 0 0 0 1 e 14BoJaLyTa.1772     
3829.268350 0.000300   3.000e-04   26 3 0 0 0 3 e 25 0 0 0 0 1 e 14BoJaLyTa.1773     
3829.933640 0.000300   3.000e-04   27 3 0 0 0 3 e 26 0 0 0 0 1 e 14BoJaLyTa.1774     
3830.596890 0.000300   3.000e-04   28 3 0 0 0 3 e 27 0 0 0 0 1 e 14BoJaLyTa.1775     
3831.258810 0.000300   3.000e-04   29 3 0 0 0 3 e 28 0 0 0 0 1 e 14BoJaLyTa.1776     
3831.918630 0.000300   3.000e-04   30 3 0 0 0 3 e 29 0 0 0 0 1 e 14BoJaLyTa.1777     
3832.576200 0.000300   3.000e-04   31 3 0 0 0 3 e 30 0 0 0 0 1 e 14BoJaLyTa.1778     
3833.233140 0.000300   3.000e-04   32 3 0 0 0 3 e 31 0 0 0 0 1 e 14BoJaLyTa.1779     
3833.886780 0.000300   3.000e-04   33 3 0 0 0 3 e 32 0 0 0 0 1 e 14BoJaLyTa.1780     
3834.539060 0.000300   3.000e-04   34 3 0 0 0 3 e 33 0 0 0 0 1 e 14BoJaLyTa.1781     
3835.189180 0.000300   3.000e-04   35 3 0 0 0 3 e 34 0 0 0 0 1 e 14BoJaLyTa.1782     
3835.838340 0.000300   3.000e-04   36 3 0 0 0 3 e 35 0 0 0 0 1 e 14BoJaLyTa.1783     
3836.484250 0.000300   3.000e-04   37 3 0 0 0 3 e 36 0 0 0 0 1 e 14BoJaLyTa.1784     
3837.128790 0.000300   3.000e-04   38 3 0 0 0 3 e 37 0 0 0 0 1 e 14BoJaLyTa.1785     
3838.411870 0.000300   3.000e-04   40 3 0 0 0 3 e 39 0 0 0 0 1 e 14BoJaLyTa.1786     
3647.329010 0.000300   2.977e-03   19 2 1 1 1 2 f 18 1 1 1 0 2 f 14BoJaLyTa.1787     
3508.314400 0.000300   3.000e-04   33 2 3 3 0 1 e 32 0 2 2 0 1 e 14BoJaLyTa.1788     
3508.314400 0.000300   3.000e-04   33 2 3 3 0 1 f 32 0 2 2 0 1 f 14BoJaLyTa.1789     
3508.986810 0.000300   3.000e-04   34 2 3 3 0 1 f 33 0 2 2 0 1 f 14BoJaLyTa.1790     
4601.057790 0.000300   4.463e-03   8 0 1 1 2 1 e  7 0 1 1 0 1 e  14BoJaLyTa.1791     
4601.057790 0.000300   3.000e-04   8 0 1 1 2 1 f  7 0 1 1 0 1 f  14BoJaLyTa.1792     
4601.671030 0.000300   3.000e-04   9 0 1 1 2 1 e  8 0 1 1 0 1 e  14BoJaLyTa.1793     
4601.671030 0.000300   3.000e-04   9 0 1 1 2 1 f  8 0 1 1 0 1 f  14BoJaLyTa.1794     
4602.274790 0.000300   3.000e-04   10 0 1 1 2 1 e 9 0 1 1 0 1 e  14BoJaLyTa.1795     
4602.274790 0.000300   3.000e-04   10 0 1 1 2 1 f 9 0 1 1 0 1 f  14BoJaLyTa.1796     
4602.867190 0.000300   4.415e-03   11 0 1 1 2 1 e 10 0 1 1 0 1 e 14BoJaLyTa.1797     
4603.449820 0.000300   3.000e-04   12 0 1 1 2 1 e 11 0 1 1 0 1 e 14BoJaLyTa.1798     
4603.449820 0.000300   3.000e-04   12 0 1 1 2 1 f 11 0 1 1 0 1 f 14BoJaLyTa.1799     
4604.015510 0.000300   1.390e-03   13 0 1 1 2 1 e 12 0 1 1 0 1 e 14BoJaLyTa.1800     
4604.024680 0.000300   3.000e-04   13 0 1 1 2 1 f 12 0 1 1 0 1 f 14BoJaLyTa.1801     
4604.579670 0.000300   5.968e-03   14 0 1 1 2 1 e 13 0 1 1 0 1 e 14BoJaLyTa.1802     
4604.579670 0.000300   2.581e-03   14 0 1 1 2 1 f 13 0 1 1 0 1 f 14BoJaLyTa.1803     
4605.125140 0.000300   4.528e-03   15 0 1 1 2 1 e 14 0 1 1 0 1 e 14BoJaLyTa.1804     
4605.125140 0.000300   4.939e-03   15 0 1 1 2 1 f 14 0 1 1 0 1 f 14BoJaLyTa.1805     
4605.662150 0.000300   3.000e-04   16 0 1 1 2 1 e 15 0 1 1 0 1 e 14BoJaLyTa.1806     
4605.662150 0.000300   3.975e-03   16 0 1 1 2 1 f 15 0 1 1 0 1 f 14BoJaLyTa.1807     
4606.189000 0.000300   3.032e-03   17 0 1 1 2 1 e 16 0 1 1 0 1 e 14BoJaLyTa.1808     
4606.189000 0.000300   3.115e-03   17 0 1 1 2 1 f 16 0 1 1 0 1 f 14BoJaLyTa.1809     
4606.701090 0.000300   2.338e-03   18 0 1 1 2 1 e 17 0 1 1 0 1 e 14BoJaLyTa.1810     
4606.701090 0.000300   3.186e-03   18 0 1 1 2 1 f 17 0 1 1 0 1 f 14BoJaLyTa.1811     
4607.204490 0.000300   5.828e-03   19 0 1 1 2 1 e 18 0 1 1 0 1 e 14BoJaLyTa.1812     
4607.695920 0.000300   5.350e-03   20 0 1 1 2 1 e 19 0 1 1 0 1 e 14BoJaLyTa.1813     
4607.695920 0.000300   3.868e-03   20 0 1 1 2 1 f 19 0 1 1 0 1 f 14BoJaLyTa.1814     
4608.174650 0.000300   3.248e-03   21 0 1 1 2 1 e 20 0 1 1 0 1 e 14BoJaLyTa.1815     
4608.174650 0.000300   6.468e-03   21 0 1 1 2 1 f 20 0 1 1 0 1 f 14BoJaLyTa.1816     
4608.645130 0.000300   4.839e-03   22 0 1 1 2 1 e 21 0 1 1 0 1 e 14BoJaLyTa.1817     
4609.551040 0.000300   2.838e-03   24 0 1 1 2 1 e 23 0 1 1 0 1 e 14BoJaLyTa.1818     
4609.551040 0.000300   1.465e-03   24 0 1 1 2 1 f 23 0 1 1 0 1 f 14BoJaLyTa.1819     
4609.985640 0.000300   5.560e-03   25 0 1 1 2 1 e 24 0 1 1 0 1 e 14BoJaLyTa.1820     
4609.985640 0.000300   3.000e-04   25 0 1 1 2 1 f 24 0 1 1 0 1 f 14BoJaLyTa.1821     
4610.411000 0.000300   3.000e-04   26 0 1 1 2 1 e 25 0 1 1 0 1 e 14BoJaLyTa.1822     
4610.411000 0.000300   3.000e-04   26 0 1 1 2 1 f 25 0 1 1 0 1 f 14BoJaLyTa.1823     
4610.822820 0.000300   3.141e-03   27 0 1 1 2 1 e 26 0 1 1 0 1 e 14BoJaLyTa.1824     
4610.822820 0.000300   3.000e-04   27 0 1 1 2 1 f 26 0 1 1 0 1 f 14BoJaLyTa.1825     
4611.223790 0.000300   3.000e-04   28 0 1 1 2 1 e 27 0 1 1 0 1 e 14BoJaLyTa.1826     
4611.223790 0.000300   3.000e-04   28 0 1 1 2 1 f 27 0 1 1 0 1 f 14BoJaLyTa.1827     
4611.614250 0.000300   1.250e-03   29 0 1 1 2 1 e 28 0 1 1 0 1 e 14BoJaLyTa.1828     
4611.614250 0.000300   4.843e-03   29 0 1 1 2 1 f 28 0 1 1 0 1 f 14BoJaLyTa.1829     
4611.995180 0.000300   1.285e-03   30 0 1 1 2 1 e 29 0 1 1 0 1 e 14BoJaLyTa.1830     
4611.995180 0.000300   1.674e-03   30 0 1 1 2 1 f 29 0 1 1 0 1 f 14BoJaLyTa.1831     
4612.362730 0.000300   1.535e-03   31 0 1 1 2 1 e 30 0 1 1 0 1 e 14BoJaLyTa.1832     
4612.362730 0.000300   2.723e-03   31 0 1 1 2 1 f 30 0 1 1 0 1 f 14BoJaLyTa.1833     
4613.065000 0.000300   3.000e-04   33 0 1 1 2 1 e 32 0 1 1 0 1 e 14BoJaLyTa.1834     
4613.065000 0.000300   3.000e-04   33 0 1 1 2 1 f 32 0 1 1 0 1 f 14BoJaLyTa.1835     
4613.401740 0.000300   3.000e-04   34 0 1 1 2 1 e 33 0 1 1 0 1 e 14BoJaLyTa.1836     
4613.401740 0.000300   3.000e-04   34 0 1 1 2 1 f 33 0 1 1 0 1 f 14BoJaLyTa.1837     
4614.034490 0.000300   3.000e-04   36 0 1 1 2 1 e 35 0 1 1 0 1 e 14BoJaLyTa.1838     
4614.034490 0.000300   3.000e-04   36 0 1 1 2 1 f 35 0 1 1 0 1 f 14BoJaLyTa.1839     
3490.335920 0.000300   3.000e-04   3 1 2 2 1 2 e  2 0 2 2 0 1 e  14BoJaLyTa.1840     
3490.335920 0.000300   3.000e-04   3 1 2 2 1 2 f  2 0 2 2 0 1 f  14BoJaLyTa.1841     
3491.030880 0.000300   3.000e-04   4 1 2 2 1 2 e  3 0 2 2 0 1 e  14BoJaLyTa.1842     
3491.030880 0.000300   3.000e-04   4 1 2 2 1 2 f  3 0 2 2 0 1 f  14BoJaLyTa.1843     
3491.719450 0.000300   3.000e-04   5 1 2 2 1 2 e  4 0 2 2 0 1 e  14BoJaLyTa.1844     
3491.719450 0.000300   3.000e-04   5 1 2 2 1 2 f  4 0 2 2 0 1 f  14BoJaLyTa.1845     
3492.404200 0.000300   3.000e-04   6 1 2 2 1 2 e  5 0 2 2 0 1 e  14BoJaLyTa.1846     
3492.404200 0.000300   3.000e-04   6 1 2 2 1 2 f  5 0 2 2 0 1 f  14BoJaLyTa.1847     
3493.082950 0.000300   3.000e-04   7 1 2 2 1 2 e  6 0 2 2 0 1 e  14BoJaLyTa.1848     
3493.082950 0.000300   3.000e-04   7 1 2 2 1 2 f  6 0 2 2 0 1 f  14BoJaLyTa.1849     
3494.424350 0.000300   3.000e-04   9 1 2 2 1 2 e  8 0 2 2 0 1 e  14BoJaLyTa.1850     
3494.424350 0.000300   3.000e-04   9 1 2 2 1 2 f  8 0 2 2 0 1 f  14BoJaLyTa.1851     
3495.087040 0.000300   3.000e-04   10 1 2 2 1 2 e 9 0 2 2 0 1 e  14BoJaLyTa.1852     
3495.087040 0.000300   3.000e-04   10 1 2 2 1 2 f 9 0 2 2 0 1 f  14BoJaLyTa.1853     
3496.396020 0.000300   3.000e-04   12 1 2 2 1 2 e 11 0 2 2 0 1 e 14BoJaLyTa.1854     
3496.396020 0.000300   3.000e-04   12 1 2 2 1 2 f 11 0 2 2 0 1 f 14BoJaLyTa.1855     
3497.042950 0.000300   3.000e-04   13 1 2 2 1 2 e 12 0 2 2 0 1 e 14BoJaLyTa.1856     
3497.042950 0.000300   3.000e-04   13 1 2 2 1 2 f 12 0 2 2 0 1 f 14BoJaLyTa.1857     
3497.683500 0.000300   3.000e-04   14 1 2 2 1 2 e 13 0 2 2 0 1 e 14BoJaLyTa.1858     
3497.683500 0.000300   3.000e-04   14 1 2 2 1 2 f 13 0 2 2 0 1 f 14BoJaLyTa.1859     
3498.948970 0.000300   3.000e-04   16 1 2 2 1 2 e 15 0 2 2 0 1 e 14BoJaLyTa.1860     
3498.948970 0.000300   3.000e-04   16 1 2 2 1 2 f 15 0 2 2 0 1 f 14BoJaLyTa.1861     
3499.574170 0.000300   3.000e-04   17 1 2 2 1 2 e 16 0 2 2 0 1 e 14BoJaLyTa.1862     
3499.574170 0.000300   3.000e-04   17 1 2 2 1 2 f 16 0 2 2 0 1 f 14BoJaLyTa.1863     
3500.194090 0.000300   3.000e-04   18 1 2 2 1 2 e 17 0 2 2 0 1 e 14BoJaLyTa.1864     
3500.194090 0.000300   3.000e-04   18 1 2 2 1 2 f 17 0 2 2 0 1 f 14BoJaLyTa.1865     
3501.417490 0.000300   3.000e-04   20 1 2 2 1 2 e 19 0 2 2 0 1 e 14BoJaLyTa.1866     
3501.417490 0.000300   3.000e-04   20 1 2 2 1 2 f 19 0 2 2 0 1 f 14BoJaLyTa.1867     
3502.021500 0.000300   3.000e-04   21 1 2 2 1 2 e 20 0 2 2 0 1 e 14BoJaLyTa.1868     
3502.021500 0.000300   3.000e-04   21 1 2 2 1 2 f 20 0 2 2 0 1 f 14BoJaLyTa.1869     
3502.620070 0.000300   3.000e-04   22 1 2 2 1 2 e 21 0 2 2 0 1 e 14BoJaLyTa.1870     
3502.620070 0.000300   3.000e-04   22 1 2 2 1 2 f 21 0 2 2 0 1 f 14BoJaLyTa.1871     
3503.214870 0.000300   3.000e-04   23 1 2 2 1 2 e 22 0 2 2 0 1 e 14BoJaLyTa.1872     
3503.211010 0.000300   3.000e-04   23 1 2 2 1 2 f 22 0 2 2 0 1 f 14BoJaLyTa.1873     
3503.802060 0.000300   3.000e-04   24 1 2 2 1 2 e 23 0 2 2 0 1 e 14BoJaLyTa.1874     
3503.802060 0.000300   3.000e-04   24 1 2 2 1 2 f 23 0 2 2 0 1 f 14BoJaLyTa.1875     
3504.965560 0.000300   3.000e-04   26 1 2 2 1 2 e 25 0 2 2 0 1 e 14BoJaLyTa.1876     
3504.965560 0.000300   3.000e-04   26 1 2 2 1 2 f 25 0 2 2 0 1 f 14BoJaLyTa.1877     
3505.540840 0.000300   3.000e-04   27 1 2 2 1 2 e 26 0 2 2 0 1 e 14BoJaLyTa.1878     
3505.540840 0.000300   3.000e-04   27 1 2 2 1 2 f 26 0 2 2 0 1 f 14BoJaLyTa.1879     
3506.112030 0.000300   3.000e-04   28 1 2 2 1 2 e 27 0 2 2 0 1 e 14BoJaLyTa.1880     
3506.112030 0.000300   3.000e-04   28 1 2 2 1 2 f 27 0 2 2 0 1 f 14BoJaLyTa.1881     
3506.681820 0.000300   3.000e-04   29 1 2 2 1 2 e 28 0 2 2 0 1 e 14BoJaLyTa.1882     
3506.681820 0.000300   3.000e-04   29 1 2 2 1 2 f 28 0 2 2 0 1 f 14BoJaLyTa.1883     
3507.252510 0.000300   3.000e-04   30 1 2 2 1 2 e 29 0 2 2 0 1 e 14BoJaLyTa.1884     
3507.247890 0.000300   3.000e-04   30 1 2 2 1 2 f 29 0 2 2 0 1 f 14BoJaLyTa.1885     
3507.824200 0.000300   3.000e-04   31 1 2 2 1 2 e 30 0 2 2 0 1 e 14BoJaLyTa.1886     
3507.819100 0.000300   3.000e-04   31 1 2 2 1 2 f 30 0 2 2 0 1 f 14BoJaLyTa.1887     
3509.004190 0.000300   3.000e-04   33 1 2 2 1 2 e 32 0 2 2 0 1 e 14BoJaLyTa.1888     
3508.997960 0.000300   3.000e-04   33 1 2 2 1 2 f 32 0 2 2 0 1 f 14BoJaLyTa.1889     
3509.642550 0.000300   3.000e-04   34 1 2 2 1 2 e 33 0 2 2 0 1 e 14BoJaLyTa.1890     
3509.636980 0.000300   3.000e-04   34 1 2 2 1 2 f 33 0 2 2 0 1 f 14BoJaLyTa.1891     
3509.615210 0.000300   3.000e-04   35 1 2 2 1 2 e 34 0 2 2 0 1 e 14BoJaLyTa.1892     
3509.608190 0.000300   3.000e-04   35 1 2 2 1 2 f 34 0 2 2 0 1 f 14BoJaLyTa.1893     
3510.187430 0.000300   3.000e-04   36 1 2 2 1 2 f 35 0 2 2 0 1 f 14BoJaLyTa.1894     
3510.743070 0.000300   3.000e-04   37 1 2 2 1 2 e 36 0 2 2 0 1 e 14BoJaLyTa.1895     
3510.731460 0.000300   1.311e-03   37 1 2 2 1 2 f 36 0 2 2 0 1 f 14BoJaLyTa.1896     
3512.302490 0.000300   3.000e-04   40 1 2 2 1 2 e 39 0 2 2 0 1 e 14BoJaLyTa.1897     
3512.289160 0.000300   3.000e-04   40 1 2 2 1 2 f 39 0 2 2 0 1 f 14BoJaLyTa.1898     
3512.801050 0.000300   3.000e-04   41 1 2 2 1 2 e 40 0 2 2 0 1 e 14BoJaLyTa.1899     
3512.786300 0.000300   3.000e-04   41 1 2 2 1 2 f 40 0 2 2 0 1 f 14BoJaLyTa.1900     
3513.292490 0.000300   3.000e-04   42 1 2 2 1 2 e 41 0 2 2 0 1 e 14BoJaLyTa.1901     
3513.277460 0.000300   3.000e-04   42 1 2 2 1 2 f 41 0 2 2 0 1 f 14BoJaLyTa.1902     
3513.778650 0.000300   3.000e-04   43 1 2 2 1 2 e 42 0 2 2 0 1 e 14BoJaLyTa.1903     
3515.649070 0.000300   3.000e-04   47 1 2 2 1 2 e 46 0 2 2 0 1 e 14BoJaLyTa.1904     
3515.623770 0.000300   3.000e-04   47 1 2 2 1 2 f 46 0 2 2 0 1 f 14BoJaLyTa.1905     
2268.716185 0.000003   3.000e-06   60 0 0 0 1 1 e 61 0 0 0 0 1 e 14ElSuMi.1          
2277.931307 0.000003   3.000e-06   51 0 0 0 1 1 e 52 0 0 0 0 1 e 14ElSuMi.2          
2281.884860 0.000003   3.000e-06   47 0 0 0 1 1 e 48 0 0 0 0 1 e 14ElSuMi.3          
2282.859555 0.000003   3.000e-06   46 0 0 0 1 1 e 47 0 0 0 0 1 e 14ElSuMi.4          
2283.828759 0.000003   3.000e-06   45 0 0 0 1 1 e 46 0 0 0 0 1 e 14ElSuMi.5          
2285.750709 0.000003   3.000e-06   43 0 0 0 1 1 e 44 0 0 0 0 1 e 14ElSuMi.6          
2289.528674 0.000003   3.000e-06   39 0 0 0 1 1 e 40 0 0 0 0 1 e 14ElSuMi.7          
2290.459412 0.000003   3.000e-06   38 0 0 0 1 1 e 39 0 0 0 0 1 e 14ElSuMi.8          
2291.384647 0.000003   3.000e-06   37 0 0 0 1 1 e 38 0 0 0 0 1 e 14ElSuMi.9          
2292.304371 0.000003   3.000e-06   36 0 0 0 1 1 e 37 0 0 0 0 1 e 14ElSuMi.10         
2295.030447 0.000003   3.000e-06   33 0 0 0 1 1 e 34 0 0 0 0 1 e 14ElSuMi.11         
2298.587902 0.000003   3.000e-06   29 0 0 0 1 1 e 30 0 0 0 0 1 e 14ElSuMi.12         
2301.197904 0.000003   3.000e-06   26 0 0 0 1 1 e 27 0 0 0 0 1 e 14ElSuMi.13         
2302.056823 0.000003   3.000e-06   25 0 0 0 1 1 e 26 0 0 0 0 1 e 14ElSuMi.14         
2303.758034 0.000003   3.000e-06   23 0 0 0 1 1 e 24 0 0 0 0 1 e 14ElSuMi.15         
2305.437040 0.000003   3.000e-06   21 0 0 0 1 1 e 22 0 0 0 0 1 e 14ElSuMi.16         
2306.268212 0.000003   3.000e-06   20 0 0 0 1 1 e 21 0 0 0 0 1 e 14ElSuMi.17         
2307.093820 0.000003   3.000e-06   19 0 0 0 1 1 e 20 0 0 0 0 1 e 14ElSuMi.18         
2307.913884 0.000003   3.000e-06   18 0 0 0 1 1 e 19 0 0 0 0 1 e 14ElSuMi.19         
2311.138416 0.000003   3.000e-06   14 0 0 0 1 1 e 15 0 0 0 0 1 e 14ElSuMi.20         
2311.930617 0.000003   3.000e-06   13 0 0 0 1 1 e 14 0 0 0 0 1 e 14ElSuMi.21         
2312.717245 0.000003   3.000e-06   12 0 0 0 1 1 e 13 0 0 0 0 1 e 14ElSuMi.22         
2313.498290 0.000003   3.000e-06   11 0 0 0 1 1 e 12 0 0 0 0 1 e 14ElSuMi.23         
2315.043623 0.000003   3.000e-06   9 0 0 0 1 1 e  10 0 0 0 0 1 e 14ElSuMi.24         
2321.001193 0.000003   3.000e-06   1 0 0 0 1 1 e  2 0 0 0 0 1 e  14ElSuMi.25         
2325.233796 0.000003   3.000e-06   4 0 0 0 1 1 e  3 0 0 0 0 1 e  14ElSuMi.26         
2327.943026 0.000003   3.000e-06   8 0 0 0 1 1 e  7 0 0 0 0 1 e  14ElSuMi.27         
2328.606254 0.000003   3.000e-06   9 0 0 0 1 1 e  8 0 0 0 0 1 e  14ElSuMi.28         
2329.263835 0.000003   3.000e-06   10 0 0 0 1 1 e 9 0 0 0 0 1 e  14ElSuMi.29         
2329.915774 0.000003   3.000e-06   11 0 0 0 1 1 e 10 0 0 0 0 1 e 14ElSuMi.30         
2332.467057 0.000003   3.000e-06   15 0 0 0 1 1 e 14 0 0 0 0 1 e 14ElSuMi.31         
2333.090751 0.000003   3.000e-06   16 0 0 0 1 1 e 15 0 0 0 0 1 e 14ElSuMi.32         
2333.708780 0.000003   3.000e-06   17 0 0 0 1 1 e 16 0 0 0 0 1 e 14ElSuMi.33         
2334.321146 0.000003   3.000e-06   18 0 0 0 1 1 e 17 0 0 0 0 1 e 14ElSuMi.34         
2334.927857 0.000003   3.000e-06   19 0 0 0 1 1 e 18 0 0 0 0 1 e 14ElSuMi.35         
2336.124272 0.000003   3.000e-06   21 0 0 0 1 1 e 20 0 0 0 0 1 e 14ElSuMi.36         
2336.713971 0.000003   3.000e-06   22 0 0 0 1 1 e 21 0 0 0 0 1 e 14ElSuMi.37         
2337.297997 0.000003   3.000e-06   23 0 0 0 1 1 e 22 0 0 0 0 1 e 14ElSuMi.38         
2337.876348 0.000003   3.000e-06   24 0 0 0 1 1 e 23 0 0 0 0 1 e 14ElSuMi.39         
2339.016019 0.000003   3.000e-06   26 0 0 0 1 1 e 25 0 0 0 0 1 e 14ElSuMi.40         
2340.132953 0.000003   3.000e-06   28 0 0 0 1 1 e 27 0 0 0 0 1 e 14ElSuMi.41         
2340.682889 0.000003   3.000e-06   29 0 0 0 1 1 e 28 0 0 0 0 1 e 14ElSuMi.42         
2341.227134 0.000003   3.000e-06   30 0 0 0 1 1 e 29 0 0 0 0 1 e 14ElSuMi.43         
2341.765685 0.000003   3.000e-06   31 0 0 0 1 1 e 30 0 0 0 0 1 e 14ElSuMi.44         
2342.298539 0.000003   3.000e-06   32 0 0 0 1 1 e 31 0 0 0 0 1 e 14ElSuMi.45         
2343.347152 0.000003   3.000e-06   34 0 0 0 1 1 e 33 0 0 0 0 1 e 14ElSuMi.46         
2343.862903 0.000003   3.000e-06   35 0 0 0 1 1 e 34 0 0 0 0 1 e 14ElSuMi.47         
2345.375917 0.000003   3.000e-06   38 0 0 0 1 1 e 37 0 0 0 0 1 e 14ElSuMi.48         
2346.356037 0.000003   3.000e-06   40 0 0 0 1 1 e 39 0 0 0 0 1 e 14ElSuMi.49         
2347.313284 0.000003   3.000e-06   42 0 0 0 1 1 e 41 0 0 0 0 1 e 14ElSuMi.50         
2347.783317 0.000003   3.000e-06   43 0 0 0 1 1 e 42 0 0 0 0 1 e 14ElSuMi.51         
2349.606194 0.000003   3.000e-06   47 0 0 0 1 1 e 46 0 0 0 0 1 e 14ElSuMi.52         
2352.168421 0.000003   3.000e-06   53 0 0 0 1 1 e 52 0 0 0 0 1 e 14ElSuMi.53         
2353.761633 0.000003   3.000e-06   57 0 0 0 1 1 e 56 0 0 0 0 1 e 14ElSuMi.54         
2355.623576 0.000003   3.000e-06   62 0 0 0 1 1 e 61 0 0 0 0 1 e 14ElSuMi.55         
6891.520400 0.001000   1.000e-03   2 0 0 0 3 1 e  3 0 0 0 0 1 e  14KaCaMoKa.1        
6890.755700 0.001000   1.000e-03   3 0 0 0 3 1 e  4 0 0 0 0 1 e  14KaCaMoKa.2        
6889.974700 0.001000   1.000e-03   4 0 0 0 3 1 e  5 0 0 0 0 1 e  14KaCaMoKa.3        
6889.176100 0.001000   1.000e-03   5 0 0 0 3 1 e  6 0 0 0 0 1 e  14KaCaMoKa.4        
6888.361800 0.001000   1.000e-03   6 0 0 0 3 1 e  7 0 0 0 0 1 e  14KaCaMoKa.5        
6887.529600 0.001000   1.000e-03   7 0 0 0 3 1 e  8 0 0 0 0 1 e  14KaCaMoKa.6        
6886.681400 0.001000   1.000e-03   8 0 0 0 3 1 e  9 0 0 0 0 1 e  14KaCaMoKa.7        
6885.816500 0.001000   1.000e-03   9 0 0 0 3 1 e  10 0 0 0 0 1 e 14KaCaMoKa.8        
6884.934600 0.001000   1.000e-03   10 0 0 0 3 1 e 11 0 0 0 0 1 e 14KaCaMoKa.9        
6884.035600 0.001000   1.000e-03   11 0 0 0 3 1 e 12 0 0 0 0 1 e 14KaCaMoKa.10       
6883.119600 0.001000   1.000e-03   12 0 0 0 3 1 e 13 0 0 0 0 1 e 14KaCaMoKa.11       
6882.187600 0.001000   1.000e-03   13 0 0 0 3 1 e 14 0 0 0 0 1 e 14KaCaMoKa.12       
6881.238600 0.001000   1.000e-03   14 0 0 0 3 1 e 15 0 0 0 0 1 e 14KaCaMoKa.13       
6880.272700 0.001000   1.000e-03   15 0 0 0 3 1 e 16 0 0 0 0 1 e 14KaCaMoKa.14       
6879.289600 0.001000   1.000e-03   16 0 0 0 3 1 e 17 0 0 0 0 1 e 14KaCaMoKa.15       
6878.289900 0.001000   1.000e-03   17 0 0 0 3 1 e 18 0 0 0 0 1 e 14KaCaMoKa.16       
6877.274100 0.001000   1.000e-03   18 0 0 0 3 1 e 19 0 0 0 0 1 e 14KaCaMoKa.17       
6876.240700 0.001000   1.000e-03   19 0 0 0 3 1 e 20 0 0 0 0 1 e 14KaCaMoKa.18       
6875.190900 0.001000   1.000e-03   20 0 0 0 3 1 e 21 0 0 0 0 1 e 14KaCaMoKa.19       
6874.123500 0.001000   1.000e-03   21 0 0 0 3 1 e 22 0 0 0 0 1 e 14KaCaMoKa.20       
6873.039700 0.001000   1.000e-03   22 0 0 0 3 1 e 23 0 0 0 0 1 e 14KaCaMoKa.21       
6871.939800 0.001000   1.000e-03   23 0 0 0 3 1 e 24 0 0 0 0 1 e 14KaCaMoKa.22       
6870.822800 0.001000   1.000e-03   24 0 0 0 3 1 e 25 0 0 0 0 1 e 14KaCaMoKa.23       
6869.689600 0.001000   1.000e-03   25 0 0 0 3 1 e 26 0 0 0 0 1 e 14KaCaMoKa.24       
6868.539100 0.001000   1.000e-03   26 0 0 0 3 1 e 27 0 0 0 0 1 e 14KaCaMoKa.25       
6867.371100 0.001000   1.000e-03   27 0 0 0 3 1 e 28 0 0 0 0 1 e 14KaCaMoKa.26       
6866.188100 0.001000   1.312e-03   28 0 0 0 3 1 e 29 0 0 0 0 1 e 14KaCaMoKa.27       
6864.986100 0.001000   1.000e-03   29 0 0 0 3 1 e 30 0 0 0 0 1 e 14KaCaMoKa.28       
6863.769000 0.001000   1.000e-03   30 0 0 0 3 1 e 31 0 0 0 0 1 e 14KaCaMoKa.29       
6862.535000 0.001000   1.000e-03   31 0 0 0 3 1 e 32 0 0 0 0 1 e 14KaCaMoKa.30       
6861.282900 0.001000   1.000e-03   32 0 0 0 3 1 e 33 0 0 0 0 1 e 14KaCaMoKa.31       
6860.015300 0.001000   1.000e-03   33 0 0 0 3 1 e 34 0 0 0 0 1 e 14KaCaMoKa.32       
6858.731100 0.001000   1.000e-03   34 0 0 0 3 1 e 35 0 0 0 0 1 e 14KaCaMoKa.33       
6857.429600 0.001000   1.000e-03   35 0 0 0 3 1 e 36 0 0 0 0 1 e 14KaCaMoKa.34       
6856.111500 0.001000   1.000e-03   36 0 0 0 3 1 e 37 0 0 0 0 1 e 14KaCaMoKa.35       
6854.776900 0.001000   1.000e-03   37 0 0 0 3 1 e 38 0 0 0 0 1 e 14KaCaMoKa.36       
6853.426200 0.001000   1.000e-03   38 0 0 0 3 1 e 39 0 0 0 0 1 e 14KaCaMoKa.37       
6852.057600 0.001000   1.000e-03   39 0 0 0 3 1 e 40 0 0 0 0 1 e 14KaCaMoKa.38       
6850.673100 0.001000   1.000e-03   40 0 0 0 3 1 e 41 0 0 0 0 1 e 14KaCaMoKa.39       
6849.271000 0.001000   1.000e-03   41 0 0 0 3 1 e 42 0 0 0 0 1 e 14KaCaMoKa.40       
6847.853000 0.001000   1.000e-03   42 0 0 0 3 1 e 43 0 0 0 0 1 e 14KaCaMoKa.41       
6846.417600 0.001000   1.000e-03   43 0 0 0 3 1 e 44 0 0 0 0 1 e 14KaCaMoKa.42       
6843.499200 0.001000   1.000e-03   45 0 0 0 3 1 e 46 0 0 0 0 1 e 14KaCaMoKa.43       
6840.510900 0.001000   1.000e-03   47 0 0 0 3 1 e 48 0 0 0 0 1 e 14KaCaMoKa.44       
6838.992500 0.001000   1.000e-03   48 0 0 0 3 1 e 49 0 0 0 0 1 e 14KaCaMoKa.45       
6837.457400 0.001000   1.000e-03   49 0 0 0 3 1 e 50 0 0 0 0 1 e 14KaCaMoKa.46       
6835.905500 0.001000   1.000e-03   50 0 0 0 3 1 e 51 0 0 0 0 1 e 14KaCaMoKa.47       
6834.336900 0.001000   1.000e-03   51 0 0 0 3 1 e 52 0 0 0 0 1 e 14KaCaMoKa.48       
6832.751900 0.001000   1.000e-03   52 0 0 0 3 1 e 53 0 0 0 0 1 e 14KaCaMoKa.49       
6829.531400 0.001000   1.000e-03   54 0 0 0 3 1 e 55 0 0 0 0 1 e 14KaCaMoKa.50       
6826.244700 0.001000   1.000e-03   56 0 0 0 3 1 e 57 0 0 0 0 1 e 14KaCaMoKa.51       
6824.576700 0.001000   1.000e-03   57 0 0 0 3 1 e 58 0 0 0 0 1 e 14KaCaMoKa.52       
6821.190200 0.001000   1.000e-03   59 0 0 0 3 1 e 60 0 0 0 0 1 e 14KaCaMoKa.53       
6819.471500 0.001000   1.000e-03   60 0 0 0 3 1 e 61 0 0 0 0 1 e 14KaCaMoKa.54       
6817.734900 0.001000   1.000e-03   61 0 0 0 3 1 e 62 0 0 0 0 1 e 14KaCaMoKa.55       
6815.984500 0.001000   1.000e-03   62 0 0 0 3 1 e 63 0 0 0 0 1 e 14KaCaMoKa.56       
6814.216300 0.001000   1.000e-03   63 0 0 0 3 1 e 64 0 0 0 0 1 e 14KaCaMoKa.57       
6812.432100 0.001000   1.000e-03   64 0 0 0 3 1 e 65 0 0 0 0 1 e 14KaCaMoKa.58       
6810.629900 0.001000   1.000e-03   65 0 0 0 3 1 e 66 0 0 0 0 1 e 14KaCaMoKa.59       
6805.125500 0.001000   1.000e-03   68 0 0 0 3 1 e 69 0 0 0 0 1 e 14KaCaMoKa.60       
6795.620600 0.001000   1.000e-03   73 0 0 0 3 1 e 74 0 0 0 0 1 e 14KaCaMoKa.61       
6801.372800 0.001000   1.000e-03   70 0 0 0 3 1 e 71 0 0 0 0 1 e 14KaCaMoKa.62       
6793.668500 0.001000   1.000e-03   74 0 0 0 3 1 e 75 0 0 0 0 1 e 14KaCaMoKa.63       
6781.616200 0.001000   1.000e-03   80 0 0 0 3 1 e 81 0 0 0 0 1 e 14KaCaMoKa.64       
6855.418000 0.001000   1.000e-03   1 0 1 1 3 1 e  2 0 1 1 0 1 e  14KaCaMoKa.65       
6854.670500 0.001000   1.000e-03   2 0 1 1 3 1 e  3 0 1 1 0 1 e  14KaCaMoKa.66       
6853.903800 0.001000   1.000e-03   3 0 1 1 3 1 e  4 0 1 1 0 1 e  14KaCaMoKa.67       
6852.323100 0.001000   2.685e-03   5 0 1 1 3 1 e  6 0 1 1 0 1 e  14KaCaMoKa.68       
6851.510500 0.001000   1.000e-03   6 0 1 1 3 1 e  7 0 1 1 0 1 e  14KaCaMoKa.69       
6849.831000 0.001000   1.000e-03   8 0 1 1 3 1 e  9 0 1 1 0 1 e  14KaCaMoKa.70       
6848.967900 0.001000   1.000e-03   9 0 1 1 3 1 e  10 0 1 1 0 1 e 14KaCaMoKa.71       
6848.086500 0.001000   1.000e-03   10 0 1 1 3 1 e 11 0 1 1 0 1 e 14KaCaMoKa.72       
6847.188200 0.001000   1.000e-03   11 0 1 1 3 1 e 12 0 1 1 0 1 e 14KaCaMoKa.73       
6846.273500 0.001000   1.000e-03   12 0 1 1 3 1 e 13 0 1 1 0 1 e 14KaCaMoKa.74       
6845.342500 0.001000   1.651e-03   13 0 1 1 3 1 e 14 0 1 1 0 1 e 14KaCaMoKa.75       
6843.430100 0.001000   1.000e-03   15 0 1 1 3 1 e 16 0 1 1 0 1 e 14KaCaMoKa.76       
6842.449000 0.001000   1.000e-03   16 0 1 1 3 1 e 17 0 1 1 0 1 e 14KaCaMoKa.77       
6841.450100 0.001000   1.000e-03   17 0 1 1 3 1 e 18 0 1 1 0 1 e 14KaCaMoKa.78       
6840.435600 0.001000   1.000e-03   18 0 1 1 3 1 e 19 0 1 1 0 1 e 14KaCaMoKa.79       
6836.211100 0.001000   1.000e-03   22 0 1 1 3 1 e 23 0 1 1 0 1 e 14KaCaMoKa.80       
6835.113600 0.001000   1.000e-03   23 0 1 1 3 1 e 24 0 1 1 0 1 e 14KaCaMoKa.81       
6833.999000 0.001000   1.000e-03   24 0 1 1 3 1 e 25 0 1 1 0 1 e 14KaCaMoKa.82       
6832.868300 0.001000   1.000e-03   25 0 1 1 3 1 e 26 0 1 1 0 1 e 14KaCaMoKa.83       
6831.720300 0.001000   1.000e-03   26 0 1 1 3 1 e 27 0 1 1 0 1 e 14KaCaMoKa.84       
6830.556200 0.001000   1.000e-03   27 0 1 1 3 1 e 28 0 1 1 0 1 e 14KaCaMoKa.85       
6829.374600 0.001000   1.000e-03   28 0 1 1 3 1 e 29 0 1 1 0 1 e 14KaCaMoKa.86       
6828.178700 0.001000   1.000e-03   29 0 1 1 3 1 e 30 0 1 1 0 1 e 14KaCaMoKa.87       
6826.963600 0.001000   1.000e-03   30 0 1 1 3 1 e 31 0 1 1 0 1 e 14KaCaMoKa.88       
6825.734300 0.001000   1.000e-03   31 0 1 1 3 1 e 32 0 1 1 0 1 e 14KaCaMoKa.89       
6824.487300 0.001000   1.000e-03   32 0 1 1 3 1 e 33 0 1 1 0 1 e 14KaCaMoKa.90       
6823.223600 0.001000   1.000e-03   33 0 1 1 3 1 e 34 0 1 1 0 1 e 14KaCaMoKa.91       
6821.942900 0.001000   1.248e-03   34 0 1 1 3 1 e 35 0 1 1 0 1 e 14KaCaMoKa.92       
6820.646000 0.001000   1.000e-03   35 0 1 1 3 1 e 36 0 1 1 0 1 e 14KaCaMoKa.93       
6819.331600 0.001000   1.000e-03   36 0 1 1 3 1 e 37 0 1 1 0 1 e 14KaCaMoKa.94       
6818.002400 0.001000   1.000e-03   37 0 1 1 3 1 e 38 0 1 1 0 1 e 14KaCaMoKa.95       
6816.655800 0.001000   1.000e-03   38 0 1 1 3 1 e 39 0 1 1 0 1 e 14KaCaMoKa.96       
6813.913200 0.001000   1.000e-03   40 0 1 1 3 1 e 41 0 1 1 0 1 e 14KaCaMoKa.97       
6812.517400 0.001000   1.000e-03   41 0 1 1 3 1 e 42 0 1 1 0 1 e 14KaCaMoKa.98       
6811.105000 0.001000   1.000e-03   42 0 1 1 3 1 e 43 0 1 1 0 1 e 14KaCaMoKa.99       
6809.674600 0.001000   1.000e-03   43 0 1 1 3 1 e 44 0 1 1 0 1 e 14KaCaMoKa.100      
6808.229000 0.001000   1.000e-03   44 0 1 1 3 1 e 45 0 1 1 0 1 e 14KaCaMoKa.101      
6806.766300 0.001000   1.000e-03   45 0 1 1 3 1 e 46 0 1 1 0 1 e 14KaCaMoKa.102      
6803.791500 0.001000   1.000e-03   47 0 1 1 3 1 e 48 0 1 1 0 1 e 14KaCaMoKa.103      
6800.750800 0.001000   1.000e-03   49 0 1 1 3 1 e 50 0 1 1 0 1 e 14KaCaMoKa.104      
6799.208000 0.001000   1.000e-03   50 0 1 1 3 1 e 51 0 1 1 0 1 e 14KaCaMoKa.105      
6792.860800 0.001000   1.000e-03   54 0 1 1 3 1 e 55 0 1 1 0 1 e 14KaCaMoKa.106      
6791.234400 0.001000   1.000e-03   55 0 1 1 3 1 e 56 0 1 1 0 1 e 14KaCaMoKa.107      
6789.588900 0.001000   1.000e-03   56 0 1 1 3 1 e 57 0 1 1 0 1 e 14KaCaMoKa.108      
6786.253500 0.001000   1.000e-03   58 0 1 1 3 1 e 59 0 1 1 0 1 e 14KaCaMoKa.109      
6784.557600 0.001000   1.000e-03   59 0 1 1 3 1 e 60 0 1 1 0 1 e 14KaCaMoKa.110      
6779.378400 0.001000   1.000e-03   62 0 1 1 3 1 e 63 0 1 1 0 1 e 14KaCaMoKa.111      
6777.618200 0.001000   1.000e-03   63 0 1 1 3 1 e 64 0 1 1 0 1 e 14KaCaMoKa.112      
6855.418000 0.001000   1.000e-03   1 0 1 1 3 1 f  2 0 1 1 0 1 f  14KaCaMoKa.113      
6854.667800 0.001000   1.798e-03   2 0 1 1 3 1 f  3 0 1 1 0 1 f  14KaCaMoKa.114      
6853.903800 0.001000   1.000e-03   3 0 1 1 3 1 f  4 0 1 1 0 1 f  14KaCaMoKa.115      
6852.321000 0.001000   1.000e-03   5 0 1 1 3 1 f  6 0 1 1 0 1 f  14KaCaMoKa.116      
6851.505500 0.001000   2.065e-03   6 0 1 1 3 1 f  7 0 1 1 0 1 f  14KaCaMoKa.117      
6849.821800 0.001000   1.000e-03   8 0 1 1 3 1 f  9 0 1 1 0 1 f  14KaCaMoKa.118      
6848.954700 0.001000   1.000e-03   9 0 1 1 3 1 f  10 0 1 1 0 1 f 14KaCaMoKa.119      
6848.070100 0.001000   1.000e-03   10 0 1 1 3 1 f 11 0 1 1 0 1 f 14KaCaMoKa.120      
6847.170500 0.001000   1.126e-03   11 0 1 1 3 1 f 12 0 1 1 0 1 f 14KaCaMoKa.121      
6845.320800 0.001000   1.351e-03   13 0 1 1 3 1 f 14 0 1 1 0 1 f 14KaCaMoKa.122      
6843.404500 0.001000   1.000e-03   15 0 1 1 3 1 f 16 0 1 1 0 1 f 14KaCaMoKa.123      
6841.419800 0.001000   1.000e-03   17 0 1 1 3 1 f 18 0 1 1 0 1 f 14KaCaMoKa.124      
6840.402700 0.001000   1.000e-03   18 0 1 1 3 1 f 19 0 1 1 0 1 f 14KaCaMoKa.125      
6836.168200 0.001000   1.144e-03   22 0 1 1 3 1 f 23 0 1 1 0 1 f 14KaCaMoKa.126      
6835.067100 0.001000   1.000e-03   23 0 1 1 3 1 f 24 0 1 1 0 1 f 14KaCaMoKa.127      
6833.950600 0.001000   1.000e-03   24 0 1 1 3 1 f 25 0 1 1 0 1 f 14KaCaMoKa.128      
6832.815800 0.001000   1.000e-03   25 0 1 1 3 1 f 26 0 1 1 0 1 f 14KaCaMoKa.129      
6831.665700 0.001000   1.000e-03   26 0 1 1 3 1 f 27 0 1 1 0 1 f 14KaCaMoKa.130      
6830.499700 0.001000   1.000e-03   27 0 1 1 3 1 f 28 0 1 1 0 1 f 14KaCaMoKa.131      
6829.314000 0.001000   1.121e-03   28 0 1 1 3 1 f 29 0 1 1 0 1 f 14KaCaMoKa.132      
6828.114400 0.001000   1.000e-03   29 0 1 1 3 1 f 30 0 1 1 0 1 f 14KaCaMoKa.133      
6826.896200 0.001000   1.609e-03   30 0 1 1 3 1 f 31 0 1 1 0 1 f 14KaCaMoKa.134      
6825.662600 0.001000   1.000e-03   31 0 1 1 3 1 f 32 0 1 1 0 1 f 14KaCaMoKa.135      
6824.412000 0.001000   1.000e-03   32 0 1 1 3 1 f 33 0 1 1 0 1 f 14KaCaMoKa.136      
6823.144400 0.001000   1.000e-03   33 0 1 1 3 1 f 34 0 1 1 0 1 f 14KaCaMoKa.137      
6821.860800 0.001000   1.000e-03   34 0 1 1 3 1 f 35 0 1 1 0 1 f 14KaCaMoKa.138      
6820.559900 0.001000   1.000e-03   35 0 1 1 3 1 f 36 0 1 1 0 1 f 14KaCaMoKa.139      
6817.909100 0.001000   1.000e-03   37 0 1 1 3 1 f 38 0 1 1 0 1 f 14KaCaMoKa.140      
6816.559300 0.001000   1.000e-03   38 0 1 1 3 1 f 39 0 1 1 0 1 f 14KaCaMoKa.141      
6815.191300 0.001000   1.000e-03   39 0 1 1 3 1 f 40 0 1 1 0 1 f 14KaCaMoKa.142      
6813.807200 0.001000   1.000e-03   40 0 1 1 3 1 f 41 0 1 1 0 1 f 14KaCaMoKa.143      
6810.990700 0.001000   1.000e-03   42 0 1 1 3 1 f 43 0 1 1 0 1 f 14KaCaMoKa.144      
6809.556300 0.001000   1.000e-03   43 0 1 1 3 1 f 44 0 1 1 0 1 f 14KaCaMoKa.145      
6808.105000 0.001000   1.000e-03   44 0 1 1 3 1 f 45 0 1 1 0 1 f 14KaCaMoKa.146      
6806.638100 0.001000   1.000e-03   45 0 1 1 3 1 f 46 0 1 1 0 1 f 14KaCaMoKa.147      
6805.154800 0.001000   1.000e-03   46 0 1 1 3 1 f 47 0 1 1 0 1 f 14KaCaMoKa.148      
6802.137700 0.001000   1.000e-03   48 0 1 1 3 1 f 49 0 1 1 0 1 f 14KaCaMoKa.149      
6800.604500 0.001000   1.000e-03   49 0 1 1 3 1 f 50 0 1 1 0 1 f 14KaCaMoKa.150      
6797.487300 0.001000   1.000e-03   51 0 1 1 3 1 f 52 0 1 1 0 1 f 14KaCaMoKa.151      
6795.903500 0.001000   1.000e-03   52 0 1 1 3 1 f 53 0 1 1 0 1 f 14KaCaMoKa.152      
6794.303700 0.001000   1.000e-03   53 0 1 1 3 1 f 54 0 1 1 0 1 f 14KaCaMoKa.153      
6792.689900 0.001000   1.000e-03   54 0 1 1 3 1 f 55 0 1 1 0 1 f 14KaCaMoKa.154      
6789.405300 0.001000   1.000e-03   56 0 1 1 3 1 f 57 0 1 1 0 1 f 14KaCaMoKa.155      
6787.741200 0.001000   1.000e-03   57 0 1 1 3 1 f 58 0 1 1 0 1 f 14KaCaMoKa.156      
6784.356900 0.001000   1.000e-03   59 0 1 1 3 1 f 60 0 1 1 0 1 f 14KaCaMoKa.157      
6780.908200 0.001000   1.000e-03   61 0 1 1 3 1 f 62 0 1 1 0 1 f 14KaCaMoKa.158      
6777.392600 0.001000   1.000e-03   63 0 1 1 3 1 f 64 0 1 1 0 1 f 14KaCaMoKa.159      
6771.995900 0.001000   1.000e-03   66 0 1 1 3 1 f 67 0 1 1 0 1 f 14KaCaMoKa.160      
6817.879900 0.001000   1.000e-03   2 0 2 2 3 1 e  3 0 2 2 0 1 e  14KaCaMoKa.161      
6817.112800 0.001000   1.000e-03   3 0 2 2 3 1 e  4 0 2 2 0 1 e  14KaCaMoKa.162      
6815.530300 0.001000   1.000e-03   5 0 2 2 3 1 e  6 0 2 2 0 1 e  14KaCaMoKa.163      
6814.713400 0.001000   1.000e-03   6 0 2 2 3 1 e  7 0 2 2 0 1 e  14KaCaMoKa.164      
6813.880900 0.001000   1.000e-03   7 0 2 2 3 1 e  8 0 2 2 0 1 e  14KaCaMoKa.165      
6813.032700 0.001000   1.000e-03   8 0 2 2 3 1 e  9 0 2 2 0 1 e  14KaCaMoKa.166      
6810.384500 0.001000   1.000e-03   11 0 2 2 3 1 e 12 0 2 2 0 1 e 14KaCaMoKa.167      
6808.537300 0.001000   1.000e-03   13 0 2 2 3 1 e 14 0 2 2 0 1 e 14KaCaMoKa.168      
6807.588400 0.001000   1.000e-03   14 0 2 2 3 1 e 15 0 2 2 0 1 e 14KaCaMoKa.169      
6806.622600 0.001000   1.000e-03   15 0 2 2 3 1 e 16 0 2 2 0 1 e 14KaCaMoKa.170      
6805.641600 0.001000   1.000e-03   16 0 2 2 3 1 e 17 0 2 2 0 1 e 14KaCaMoKa.171      
6803.628400 0.001000   1.000e-03   18 0 2 2 3 1 e 19 0 2 2 0 1 e 14KaCaMoKa.172      
6802.595900 0.001000   1.000e-03   19 0 2 2 3 1 e 20 0 2 2 0 1 e 14KaCaMoKa.173      
6801.548300 0.001000   1.000e-03   20 0 2 2 3 1 e 21 0 2 2 0 1 e 14KaCaMoKa.174      
6798.305000 0.001000   1.000e-03   23 0 2 2 3 1 e 24 0 2 2 0 1 e 14KaCaMoKa.175      
6797.191400 0.001000   1.000e-03   24 0 2 2 3 1 e 25 0 2 2 0 1 e 14KaCaMoKa.176      
6796.061000 0.001000   1.000e-03   25 0 2 2 3 1 e 26 0 2 2 0 1 e 14KaCaMoKa.177      
6793.750000 0.001000   1.000e-03   27 0 2 2 3 1 e 28 0 2 2 0 1 e 14KaCaMoKa.178      
6792.569800 0.001000   1.000e-03   28 0 2 2 3 1 e 29 0 2 2 0 1 e 14KaCaMoKa.179      
6790.161600 0.001000   1.000e-03   30 0 2 2 3 1 e 31 0 2 2 0 1 e 14KaCaMoKa.180      
6788.930200 0.001000   1.000e-03   31 0 2 2 3 1 e 32 0 2 2 0 1 e 14KaCaMoKa.181      
6785.143100 0.001000   1.000e-03   34 0 2 2 3 1 e 35 0 2 2 0 1 e 14KaCaMoKa.182      
6782.534500 0.001000   1.000e-03   36 0 2 2 3 1 e 37 0 2 2 0 1 e 14KaCaMoKa.183      
6781.205600 0.001000   1.000e-03   37 0 2 2 3 1 e 38 0 2 2 0 1 e 14KaCaMoKa.184      
6779.860800 0.001000   1.000e-03   38 0 2 2 3 1 e 39 0 2 2 0 1 e 14KaCaMoKa.185      
6817.879900 0.001000   1.000e-03   2 0 2 2 3 1 f  3 0 2 2 0 1 f  14KaCaMoKa.186      
6817.112800 0.001000   1.000e-03   3 0 2 2 3 1 f  4 0 2 2 0 1 f  14KaCaMoKa.187      
6815.530300 0.001000   1.000e-03   5 0 2 2 3 1 f  6 0 2 2 0 1 f  14KaCaMoKa.188      
6814.713400 0.001000   1.000e-03   6 0 2 2 3 1 f  7 0 2 2 0 1 f  14KaCaMoKa.189      
6813.880900 0.001000   1.000e-03   7 0 2 2 3 1 f  8 0 2 2 0 1 f  14KaCaMoKa.190      
6813.032700 0.001000   1.000e-03   8 0 2 2 3 1 f  9 0 2 2 0 1 f  14KaCaMoKa.191      
6810.384500 0.001000   1.000e-03   11 0 2 2 3 1 f 12 0 2 2 0 1 f 14KaCaMoKa.192      
6808.537300 0.001000   1.000e-03   13 0 2 2 3 1 f 14 0 2 2 0 1 f 14KaCaMoKa.193      
6807.588400 0.001000   1.000e-03   14 0 2 2 3 1 f 15 0 2 2 0 1 f 14KaCaMoKa.194      
6806.622600 0.001000   1.000e-03   15 0 2 2 3 1 f 16 0 2 2 0 1 f 14KaCaMoKa.195      
6805.641600 0.001000   1.000e-03   16 0 2 2 3 1 f 17 0 2 2 0 1 f 14KaCaMoKa.196      
6803.628400 0.001000   1.000e-03   18 0 2 2 3 1 f 19 0 2 2 0 1 f 14KaCaMoKa.197      
6802.595900 0.001000   1.000e-03   19 0 2 2 3 1 f 20 0 2 2 0 1 f 14KaCaMoKa.198      
6801.548300 0.001000   1.000e-03   20 0 2 2 3 1 f 21 0 2 2 0 1 f 14KaCaMoKa.199      
6798.305000 0.001000   1.000e-03   23 0 2 2 3 1 f 24 0 2 2 0 1 f 14KaCaMoKa.200      
6797.191400 0.001000   1.000e-03   24 0 2 2 3 1 f 25 0 2 2 0 1 f 14KaCaMoKa.201      
6796.061000 0.001000   1.000e-03   25 0 2 2 3 1 f 26 0 2 2 0 1 f 14KaCaMoKa.202      
6793.750000 0.001000   1.000e-03   27 0 2 2 3 1 f 28 0 2 2 0 1 f 14KaCaMoKa.203      
6792.569800 0.001000   1.000e-03   28 0 2 2 3 1 f 29 0 2 2 0 1 f 14KaCaMoKa.204      
6790.161600 0.001000   1.000e-03   30 0 2 2 3 1 f 31 0 2 2 0 1 f 14KaCaMoKa.205      
6788.930200 0.001000   1.000e-03   31 0 2 2 3 1 f 32 0 2 2 0 1 f 14KaCaMoKa.206      
6785.143100 0.001000   1.000e-03   34 0 2 2 3 1 f 35 0 2 2 0 1 f 14KaCaMoKa.207      
6782.534500 0.001000   1.000e-03   36 0 2 2 3 1 f 37 0 2 2 0 1 f 14KaCaMoKa.208      
6781.205600 0.001000   1.000e-03   37 0 2 2 3 1 f 38 0 2 2 0 1 f 14KaCaMoKa.209      
6779.860800 0.001000   1.000e-03   38 0 2 2 3 1 f 39 0 2 2 0 1 f 14KaCaMoKa.210      
6775.429700 0.001000   1.000e-03   9 0 3 3 3 1 e  10 0 3 3 0 1 e 14KaCaMoKa.211      
6772.736300 0.001000   1.000e-03   12 0 3 3 3 1 e 13 0 3 3 0 1 e 14KaCaMoKa.212      
6771.805700 0.001000   1.000e-03   13 0 3 3 3 1 e 14 0 3 3 0 1 e 14KaCaMoKa.213      
6764.823200 0.001000   1.000e-03   20 0 3 3 3 1 e 21 0 3 3 0 1 e 14KaCaMoKa.214      
6762.678200 0.001000   1.000e-03   22 0 3 3 3 1 e 23 0 3 3 0 1 e 14KaCaMoKa.215      
6760.470900 0.001000   1.000e-03   24 0 3 3 3 1 e 25 0 3 3 0 1 e 14KaCaMoKa.216      
6758.197800 0.001000   1.000e-03   26 0 3 3 3 1 e 27 0 3 3 0 1 e 14KaCaMoKa.217      
6755.858400 0.001000   1.000e-03   28 0 3 3 3 1 e 29 0 3 3 0 1 e 14KaCaMoKa.218      
6754.665000 0.001000   1.000e-03   29 0 3 3 3 1 e 30 0 3 3 0 1 e 14KaCaMoKa.219      
6753.455100 0.001000   1.000e-03   30 0 3 3 3 1 e 31 0 3 3 0 1 e 14KaCaMoKa.220      
6750.984400 0.001000   1.000e-03   32 0 3 3 3 1 e 33 0 3 3 0 1 e 14KaCaMoKa.221      
6775.429700 0.001000   1.000e-03   9 0 3 3 3 1 f  10 0 3 3 0 1 f 14KaCaMoKa.222      
6772.736300 0.001000   1.000e-03   12 0 3 3 3 1 f 13 0 3 3 0 1 f 14KaCaMoKa.223      
6771.805700 0.001000   1.000e-03   13 0 3 3 3 1 f 14 0 3 3 0 1 f 14KaCaMoKa.224      
6764.823200 0.001000   1.000e-03   20 0 3 3 3 1 f 21 0 3 3 0 1 f 14KaCaMoKa.225      
6762.678200 0.001000   1.000e-03   22 0 3 3 3 1 f 23 0 3 3 0 1 f 14KaCaMoKa.226      
6760.470900 0.001000   1.000e-03   24 0 3 3 3 1 f 25 0 3 3 0 1 f 14KaCaMoKa.227      
6758.197800 0.001000   1.000e-03   26 0 3 3 3 1 f 27 0 3 3 0 1 f 14KaCaMoKa.228      
6755.858400 0.001000   1.000e-03   28 0 3 3 3 1 f 29 0 3 3 0 1 f 14KaCaMoKa.229      
6754.665000 0.001000   1.000e-03   29 0 3 3 3 1 f 30 0 3 3 0 1 f 14KaCaMoKa.230      
6753.455100 0.001000   1.000e-03   30 0 3 3 3 1 f 31 0 3 3 0 1 f 14KaCaMoKa.231      
6750.984400 0.001000   1.000e-03   32 0 3 3 3 1 f 33 0 3 3 0 1 f 14KaCaMoKa.232      
5929.575200 0.001000   1.000e-03   0 1 0 0 2 1 e  1 0 0 0 0 1 e  14KaCaMoKa.233      
5928.850600 0.001000   1.000e-03   1 1 0 0 2 1 e  2 0 0 0 0 1 e  14KaCaMoKa.234      
5928.116200 0.001000   1.000e-03   2 1 0 0 2 1 e  3 0 0 0 0 1 e  14KaCaMoKa.235      
5927.371400 0.001000   1.000e-03   3 1 0 0 2 1 e  4 0 0 0 0 1 e  14KaCaMoKa.236      
5926.616200 0.001000   1.000e-03   4 1 0 0 2 1 e  5 0 0 0 0 1 e  14KaCaMoKa.237      
5925.073400 0.001000   1.000e-03   6 1 0 0 2 1 e  7 0 0 0 0 1 e  14KaCaMoKa.238      
5924.287100 0.001000   1.000e-03   7 1 0 0 2 1 e  8 0 0 0 0 1 e  14KaCaMoKa.239      
5923.489100 0.001000   1.000e-03   8 1 0 0 2 1 e  9 0 0 0 0 1 e  14KaCaMoKa.240      
5922.681800 0.001000   1.000e-03   9 1 0 0 2 1 e  10 0 0 0 0 1 e 14KaCaMoKa.241      
5921.863800 0.001000   1.000e-03   10 1 0 0 2 1 e 11 0 0 0 0 1 e 14KaCaMoKa.242      
5920.197300 0.001000   1.000e-03   12 1 0 0 2 1 e 13 0 0 0 0 1 e 14KaCaMoKa.243      
5919.347900 0.001000   1.000e-03   13 1 0 0 2 1 e 14 0 0 0 0 1 e 14KaCaMoKa.244      
5918.488600 0.001000   1.000e-03   14 1 0 0 2 1 e 15 0 0 0 0 1 e 14KaCaMoKa.245      
5917.618400 0.001000   1.000e-03   15 1 0 0 2 1 e 16 0 0 0 0 1 e 14KaCaMoKa.246      
5914.947300 0.001000   1.000e-03   18 1 0 0 2 1 e 19 0 0 0 0 1 e 14KaCaMoKa.247      
5914.036400 0.001000   1.000e-03   19 1 0 0 2 1 e 20 0 0 0 0 1 e 14KaCaMoKa.248      
5913.115500 0.001000   1.000e-03   20 1 0 0 2 1 e 21 0 0 0 0 1 e 14KaCaMoKa.249      
5912.184100 0.001000   1.000e-03   21 1 0 0 2 1 e 22 0 0 0 0 1 e 14KaCaMoKa.250      
5911.242000 0.001000   1.000e-03   22 1 0 0 2 1 e 23 0 0 0 0 1 e 14KaCaMoKa.251      
5910.291300 0.001000   1.000e-03   23 1 0 0 2 1 e 24 0 0 0 0 1 e 14KaCaMoKa.252      
5909.327300 0.001000   1.000e-03   24 1 0 0 2 1 e 25 0 0 0 0 1 e 14KaCaMoKa.253      
5908.355100 0.001000   1.000e-03   25 1 0 0 2 1 e 26 0 0 0 0 1 e 14KaCaMoKa.254      
5907.371800 0.001000   1.000e-03   26 1 0 0 2 1 e 27 0 0 0 0 1 e 14KaCaMoKa.255      
5906.380400 0.001000   1.000e-03   27 1 0 0 2 1 e 28 0 0 0 0 1 e 14KaCaMoKa.256      
5904.361800 0.001000   1.000e-03   29 1 0 0 2 1 e 30 0 0 0 0 1 e 14KaCaMoKa.257      
5901.261700 0.001000   1.000e-03   32 1 0 0 2 1 e 33 0 0 0 0 1 e 14KaCaMoKa.258      
5894.785200 0.001000   1.000e-03   38 1 0 0 2 1 e 39 0 0 0 0 1 e 14KaCaMoKa.259      
5890.269000 0.001000   1.000e-03   42 1 0 0 2 1 e 43 0 0 0 0 1 e 14KaCaMoKa.260      
5886.776900 0.001000   1.000e-03   45 1 0 0 2 1 e 46 0 0 0 0 1 e 14KaCaMoKa.261      
6815.845200 0.001000   1.000e-03   11 1 0 0 3 1 e 12 1 0 0 0 1 e 14KaCaMoKa.262      
6814.924800 0.001000   1.000e-03   12 1 0 0 3 1 e 13 1 0 0 0 1 e 14KaCaMoKa.263      
6809.050800 0.001000   1.000e-03   18 1 0 0 3 1 e 19 1 0 0 0 1 e 14KaCaMoKa.264      
6808.012200 0.001000   1.000e-03   19 1 0 0 3 1 e 20 1 0 0 0 1 e 14KaCaMoKa.265      
6806.955100 0.001000   1.000e-03   20 1 0 0 3 1 e 21 1 0 0 0 1 e 14KaCaMoKa.266      
6805.880900 0.001000   1.000e-03   21 1 0 0 3 1 e 22 1 0 0 0 1 e 14KaCaMoKa.267      
6802.562000 0.001000   1.000e-03   24 1 0 0 3 1 e 25 1 0 0 0 1 e 14KaCaMoKa.268      
6801.421200 0.001000   1.000e-03   25 1 0 0 3 1 e 26 1 0 0 0 1 e 14KaCaMoKa.269      
6800.263200 0.001000   1.000e-03   26 1 0 0 3 1 e 27 1 0 0 0 1 e 14KaCaMoKa.270      
6799.088600 0.001000   1.000e-03   27 1 0 0 3 1 e 28 1 0 0 0 1 e 14KaCaMoKa.271      
6797.895500 0.001000   1.000e-03   28 1 0 0 3 1 e 29 1 0 0 0 1 e 14KaCaMoKa.272      
6792.959500 0.001000   1.000e-03   32 1 0 0 3 1 e 33 1 0 0 0 1 e 14KaCaMoKa.273      
6790.389200 0.001000   1.000e-03   34 1 0 0 3 1 e 35 1 0 0 0 1 e 14KaCaMoKa.274      
6782.270500 0.001000   1.000e-03   40 1 0 0 3 1 e 41 1 0 0 0 1 e 14KaCaMoKa.275      
6775.040300 0.001000   1.000e-03   45 1 0 0 3 1 e 46 1 0 0 0 1 e 14KaCaMoKa.276      
6772.029300 0.001000   1.000e-03   47 1 0 0 3 1 e 48 1 0 0 0 1 e 14KaCaMoKa.277      
6765.803700 0.001000   1.000e-03   51 1 0 0 3 1 e 52 1 0 0 0 1 e 14KaCaMoKa.278      
6828.002200 0.001000   1.000e-03   7 1 0 0 3 2 e  8 1 0 0 0 2 e  14KaCaMoKa.279      
6823.617600 0.001000   1.000e-03   12 1 0 0 3 2 e 13 1 0 0 0 2 e 14KaCaMoKa.280      
6822.691200 0.001000   1.000e-03   13 1 0 0 3 2 e 14 1 0 0 0 2 e 14KaCaMoKa.281      
6821.749400 0.001000   1.000e-03   14 1 0 0 3 2 e 15 1 0 0 0 2 e 14KaCaMoKa.282      
6819.816000 0.001000   1.000e-03   16 1 0 0 3 2 e 17 1 0 0 0 2 e 14KaCaMoKa.283      
6818.825100 0.001000   1.000e-03   17 1 0 0 3 2 e 18 1 0 0 0 2 e 14KaCaMoKa.284      
6817.817600 0.001000   1.000e-03   18 1 0 0 3 2 e 19 1 0 0 0 2 e 14KaCaMoKa.285      
6816.792900 0.001000   1.000e-03   19 1 0 0 3 2 e 20 1 0 0 0 2 e 14KaCaMoKa.286      
6814.697800 0.001000   1.000e-03   21 1 0 0 3 2 e 22 1 0 0 0 2 e 14KaCaMoKa.287      
6813.625300 0.001000   1.000e-03   22 1 0 0 3 2 e 23 1 0 0 0 2 e 14KaCaMoKa.288      
6812.535500 0.001000   1.000e-03   23 1 0 0 3 2 e 24 1 0 0 0 2 e 14KaCaMoKa.289      
6811.429900 0.001000   1.000e-03   24 1 0 0 3 2 e 25 1 0 0 0 2 e 14KaCaMoKa.290      
6809.170400 0.001000   1.000e-03   26 1 0 0 3 2 e 27 1 0 0 0 2 e 14KaCaMoKa.291      
6806.845600 0.001000   1.000e-03   28 1 0 0 3 2 e 29 1 0 0 0 2 e 14KaCaMoKa.292      
6805.659400 0.001000   1.000e-03   29 1 0 0 3 2 e 30 1 0 0 0 2 e 14KaCaMoKa.293      
6804.455500 0.001000   1.000e-03   30 1 0 0 3 2 e 31 1 0 0 0 2 e 14KaCaMoKa.294      
6583.215000 0.001000   1.000e-03   3 1 1 1 2 1 e  4 0 0 0 0 1 e  14KaCaMoKa.295      
6581.697500 0.001000   1.000e-03   5 1 1 1 2 1 e  6 0 0 0 0 1 e  14KaCaMoKa.296      
6580.924000 0.001000   1.000e-03   6 1 1 1 2 1 e  7 0 0 0 0 1 e  14KaCaMoKa.297      
6580.140100 0.001000   1.000e-03   7 1 1 1 2 1 e  8 0 0 0 0 1 e  14KaCaMoKa.298      
6578.542700 0.001000   1.000e-03   9 1 1 1 2 1 e  10 0 0 0 0 1 e 14KaCaMoKa.299      
6577.728300 0.001000   1.000e-03   10 1 1 1 2 1 e 11 0 0 0 0 1 e 14KaCaMoKa.300      
6576.070300 0.001000   1.000e-03   12 1 1 1 2 1 e 13 0 0 0 0 1 e 14KaCaMoKa.301      
6575.227100 0.001000   1.000e-03   13 1 1 1 2 1 e 14 0 0 0 0 1 e 14KaCaMoKa.302      
6571.750400 0.001000   1.000e-03   17 1 1 1 2 1 e 18 0 0 0 0 1 e 14KaCaMoKa.303      
6570.857900 0.001000   1.000e-03   18 1 1 1 2 1 e 19 0 0 0 0 1 e 14KaCaMoKa.304      
6569.954600 0.001000   1.000e-03   19 1 1 1 2 1 e 20 0 0 0 0 1 e 14KaCaMoKa.305      
6568.116700 0.001000   1.000e-03   21 1 1 1 2 1 e 22 0 0 0 0 1 e 14KaCaMoKa.306      
6565.286600 0.001000   1.000e-03   24 1 1 1 2 1 e 25 0 0 0 0 1 e 14KaCaMoKa.307      
6561.375000 0.001000   1.000e-03   28 1 1 1 2 1 e 29 0 0 0 0 1 e 14KaCaMoKa.308      
6560.371600 0.001000   1.000e-03   29 1 1 1 2 1 e 30 0 0 0 0 1 e 14KaCaMoKa.309      
6559.359900 0.001000   1.000e-03   30 1 1 1 2 1 e 31 0 0 0 0 1 e 14KaCaMoKa.310      
6558.337400 0.001000   1.000e-03   31 1 1 1 2 1 e 32 0 0 0 0 1 e 14KaCaMoKa.311      
6557.305100 0.001000   1.000e-03   32 1 1 1 2 1 e 33 0 0 0 0 1 e 14KaCaMoKa.312      
6556.263200 0.001000   1.000e-03   33 1 1 1 2 1 e 34 0 0 0 0 1 e 14KaCaMoKa.313      
6555.209500 0.001000   1.000e-03   34 1 1 1 2 1 e 35 0 0 0 0 1 e 14KaCaMoKa.314      
6548.691900 0.001000   1.011e-03   40 1 1 1 2 1 e 41 0 0 0 0 1 e 14KaCaMoKa.315      
5914.571300 0.001000   1.000e-03   14 1 1 1 2 1 e 15 0 1 1 0 1 e 14KaCaMoKa.316      
5913.694800 0.001000   1.000e-03   15 1 1 1 2 1 e 16 0 1 1 0 1 e 14KaCaMoKa.317      
5906.289600 0.001000   1.000e-03   23 1 1 1 2 1 e 24 0 1 1 0 1 e 14KaCaMoKa.318      
5905.316900 0.001000   1.000e-03   24 1 1 1 2 1 e 25 0 1 1 0 1 e 14KaCaMoKa.319      
5910.153300 0.001000   1.000e-03   19 1 1 1 2 1 f 20 0 1 1 0 1 f 14KaCaMoKa.320      
6438.668500 0.001000   1.000e-03   2 1 1 1 2 2 e  3 0 0 0 0 1 e  14KaCaMoKa.321      
6437.168000 0.001000   1.000e-03   4 1 1 1 2 2 e  5 0 0 0 0 1 e  14KaCaMoKa.322      
6433.236800 0.001000   1.000e-03   9 1 1 1 2 2 e  10 0 0 0 0 1 e 14KaCaMoKa.323      
6431.593300 0.001000   1.431e-03   11 1 1 1 2 2 e 12 0 0 0 0 1 e 14KaCaMoKa.324      
6430.753400 0.001000   1.000e-03   12 1 1 1 2 2 e 13 0 0 0 0 1 e 14KaCaMoKa.325      
6429.045400 0.001000   1.000e-03   14 1 1 1 2 2 e 15 0 0 0 0 1 e 14KaCaMoKa.326      
6428.176200 0.001000   1.000e-03   15 1 1 1 2 2 e 16 0 0 0 0 1 e 14KaCaMoKa.327      
6426.405900 0.001000   1.000e-03   17 1 1 1 2 2 e 18 0 0 0 0 1 e 14KaCaMoKa.328      
6425.508300 0.001000   2.804e-03   18 1 1 1 2 2 e 19 0 0 0 0 1 e 14KaCaMoKa.329      
6424.593900 0.001000   1.037e-03   19 1 1 1 2 2 e 20 0 0 0 0 1 e 14KaCaMoKa.330      
6423.673800 0.001000   1.000e-03   20 1 1 1 2 2 e 21 0 0 0 0 1 e 14KaCaMoKa.331      
6419.884800 0.001000   1.000e-03   24 1 1 1 2 2 e 25 0 0 0 0 1 e 14KaCaMoKa.332      
6418.909200 0.001000   1.316e-03   25 1 1 1 2 2 e 26 0 0 0 0 1 e 14KaCaMoKa.333      
6417.927200 0.001000   1.000e-03   26 1 1 1 2 2 e 27 0 0 0 0 1 e 14KaCaMoKa.334      
6416.933600 0.001000   1.000e-03   27 1 1 1 2 2 e 28 0 0 0 0 1 e 14KaCaMoKa.335      
6415.928600 0.001000   1.000e-03   28 1 1 1 2 2 e 29 0 0 0 0 1 e 14KaCaMoKa.336      
6414.914600 0.001000   1.000e-03   29 1 1 1 2 2 e 30 0 0 0 0 1 e 14KaCaMoKa.337      
6411.806200 0.001000   2.022e-03   32 1 1 1 2 2 e 33 0 0 0 0 1 e 14KaCaMoKa.338      
6410.751400 0.001000   1.667e-03   33 1 1 1 2 2 e 34 0 0 0 0 1 e 14KaCaMoKa.339      
6409.683100 0.001000   1.635e-03   34 1 1 1 2 2 e 35 0 0 0 0 1 e 14KaCaMoKa.340      
6784.918500 0.001000   1.000e-03   14 1 1 1 3 2 e 15 1 1 1 0 2 e 14KaCaMoKa.341      
6783.960900 0.001000   1.000e-03   15 1 1 1 3 2 e 16 1 1 1 0 2 e 14KaCaMoKa.342      
6778.922900 0.001000   1.000e-03   20 1 1 1 3 2 e 21 1 1 1 0 2 e 14KaCaMoKa.343      
6785.835400 0.001000   1.000e-03   13 1 1 1 3 2 f 14 1 1 1 0 2 f 14KaCaMoKa.344      
6783.930700 0.001000   1.000e-03   15 1 1 1 3 2 f 16 1 1 1 0 2 f 14KaCaMoKa.345      
6782.954100 0.001000   1.000e-03   16 1 1 1 3 2 f 17 1 1 1 0 2 f 14KaCaMoKa.346      
6778.880100 0.001000   1.000e-03   20 1 1 1 3 2 f 21 1 1 1 0 2 f 14KaCaMoKa.347      
6776.750000 0.001000   1.000e-03   22 1 1 1 3 2 f 23 1 1 1 0 2 f 14KaCaMoKa.348      
6594.009800 0.001000   1.630e-03   14 2 0 0 2 1 e 15 0 1 1 0 1 e 14KaCaMoKa.349      
6602.103800 0.001000   1.000e-03   4 2 0 0 2 1 e  5 0 1 1 0 1 e  14KaCaMoKa.350      
6591.388700 0.001000   1.000e-03   17 2 0 0 2 1 e 18 0 1 1 0 1 e 14KaCaMoKa.351      
6391.246900 0.001000   1.000e-03   0 3 0 0 1 1 e  1 0 0 0 0 1 e  14KaCaMoKa.352      
6390.531000 0.001000   1.000e-03   1 3 0 0 1 1 e  2 0 0 0 0 1 e  14KaCaMoKa.353      
6389.091700 0.001000   1.000e-03   3 3 0 0 1 1 e  4 0 0 0 0 1 e  14KaCaMoKa.354      
6388.367700 0.001000   1.000e-03   4 3 0 0 1 1 e  5 0 0 0 0 1 e  14KaCaMoKa.355      
6387.640900 0.001000   1.000e-03   5 3 0 0 1 1 e  6 0 0 0 0 1 e  14KaCaMoKa.356      
6386.911600 0.001000   1.000e-03   6 3 0 0 1 1 e  7 0 0 0 0 1 e  14KaCaMoKa.357      
6386.180200 0.001000   1.000e-03   7 3 0 0 1 1 e  8 0 0 0 0 1 e  14KaCaMoKa.358      
6385.446400 0.001000   1.000e-03   8 3 0 0 1 1 e  9 0 0 0 0 1 e  14KaCaMoKa.359      
6384.710500 0.001000   1.000e-03   9 3 0 0 1 1 e  10 0 0 0 0 1 e 14KaCaMoKa.360      
6383.972200 0.001000   1.000e-03   10 3 0 0 1 1 e 11 0 0 0 0 1 e 14KaCaMoKa.361      
6383.230500 0.001000   1.000e-03   11 3 0 0 1 1 e 12 0 0 0 0 1 e 14KaCaMoKa.362      
6382.486700 0.001000   1.000e-03   12 3 0 0 1 1 e 13 0 0 0 0 1 e 14KaCaMoKa.363      
6381.740900 0.001000   1.000e-03   13 3 0 0 1 1 e 14 0 0 0 0 1 e 14KaCaMoKa.364      
6380.992700 0.001000   1.000e-03   14 3 0 0 1 1 e 15 0 0 0 0 1 e 14KaCaMoKa.365      
6380.242000 0.001000   1.000e-03   15 3 0 0 1 1 e 16 0 0 0 0 1 e 14KaCaMoKa.366      
6379.489100 0.001000   1.000e-03   16 3 0 0 1 1 e 17 0 0 0 0 1 e 14KaCaMoKa.367      
6378.733400 0.001000   1.000e-03   17 3 0 0 1 1 e 18 0 0 0 0 1 e 14KaCaMoKa.368      
6377.976100 0.001000   1.000e-03   18 3 0 0 1 1 e 19 0 0 0 0 1 e 14KaCaMoKa.369      
6377.216100 0.001000   1.000e-03   19 3 0 0 1 1 e 20 0 0 0 0 1 e 14KaCaMoKa.370      
6376.454300 0.001000   1.000e-03   20 3 0 0 1 1 e 21 0 0 0 0 1 e 14KaCaMoKa.371      
6375.690000 0.001000   1.000e-03   21 3 0 0 1 1 e 22 0 0 0 0 1 e 14KaCaMoKa.372      
6374.923600 0.001000   1.000e-03   22 3 0 0 1 1 e 23 0 0 0 0 1 e 14KaCaMoKa.373      
6374.155100 0.001000   1.000e-03   23 3 0 0 1 1 e 24 0 0 0 0 1 e 14KaCaMoKa.374      
6373.384500 0.001000   1.000e-03   24 3 0 0 1 1 e 25 0 0 0 0 1 e 14KaCaMoKa.375      
6372.611800 0.001000   1.000e-03   25 3 0 0 1 1 e 26 0 0 0 0 1 e 14KaCaMoKa.376      
6371.837000 0.001000   1.000e-03   26 3 0 0 1 1 e 27 0 0 0 0 1 e 14KaCaMoKa.377      
6369.500700 0.001000   1.000e-03   29 3 0 0 1 1 e 30 0 0 0 0 1 e 14KaCaMoKa.378      
6368.718200 0.001000   1.000e-03   30 3 0 0 1 1 e 31 0 0 0 0 1 e 14KaCaMoKa.379      
6367.934200 0.001000   1.000e-03   31 3 0 0 1 1 e 32 0 0 0 0 1 e 14KaCaMoKa.380      
6367.149000 0.001000   1.000e-03   32 3 0 0 1 1 e 33 0 0 0 0 1 e 14KaCaMoKa.381      
6366.360800 0.001000   1.000e-03   33 3 0 0 1 1 e 34 0 0 0 0 1 e 14KaCaMoKa.382      
6365.570800 0.001000   1.000e-03   34 3 0 0 1 1 e 35 0 0 0 0 1 e 14KaCaMoKa.383      
6364.779900 0.001000   1.000e-03   35 3 0 0 1 1 e 36 0 0 0 0 1 e 14KaCaMoKa.384      
6363.986900 0.001000   1.000e-03   36 3 0 0 1 1 e 37 0 0 0 0 1 e 14KaCaMoKa.385      
6363.192900 0.001000   1.000e-03   37 3 0 0 1 1 e 38 0 0 0 0 1 e 14KaCaMoKa.386      
6362.397700 0.001000   1.000e-03   38 3 0 0 1 1 e 39 0 0 0 0 1 e 14KaCaMoKa.387      
6360.802700 0.001000   1.161e-03   40 3 0 0 1 1 e 41 0 0 0 0 1 e 14KaCaMoKa.388      
6359.202100 0.001000   1.089e-03   42 3 0 0 1 1 e 43 0 0 0 0 1 e 14KaCaMoKa.389      
6358.399500 0.001000   1.000e-03   43 3 0 0 1 1 e 44 0 0 0 0 1 e 14KaCaMoKa.390      
6357.595200 0.001000   1.000e-03   44 3 0 0 1 1 e 45 0 0 0 0 1 e 14KaCaMoKa.391      
6355.179200 0.001000   1.178e-03   47 3 0 0 1 1 e 48 0 0 0 0 1 e 14KaCaMoKa.392      
6354.371600 0.001000   1.000e-03   48 3 0 0 1 1 e 49 0 0 0 0 1 e 14KaCaMoKa.393      
6353.563000 0.001000   1.000e-03   49 3 0 0 1 1 e 50 0 0 0 0 1 e 14KaCaMoKa.394      
6352.753400 0.001000   1.000e-03   50 3 0 0 1 1 e 51 0 0 0 0 1 e 14KaCaMoKa.395      
6350.324200 0.001000   1.000e-03   53 3 0 0 1 1 e 54 0 0 0 0 1 e 14KaCaMoKa.396      
6347.891100 0.001000   1.000e-03   56 3 0 0 1 1 e 57 0 0 0 0 1 e 14KaCaMoKa.397      
6347.078100 0.001000   1.000e-03   57 3 0 0 1 1 e 58 0 0 0 0 1 e 14KaCaMoKa.398      
6207.046000 0.001000   1.000e-03   0 3 0 0 1 2 e  1 0 0 0 0 1 e  14KaCaMoKa.399      
6205.603300 0.001000   1.000e-03   2 3 0 0 1 2 e  3 0 0 0 0 1 e  14KaCaMoKa.400      
6204.874700 0.001000   1.000e-03   3 3 0 0 1 2 e  4 0 0 0 0 1 e  14KaCaMoKa.401      
6204.141500 0.001000   1.000e-03   4 3 0 0 1 2 e  5 0 0 0 0 1 e  14KaCaMoKa.402      
6202.658300 0.001000   1.000e-03   6 3 0 0 1 2 e  7 0 0 0 0 1 e  14KaCaMoKa.403      
6197.311500 0.001000   1.606e-03   13 3 0 0 1 2 e 14 0 0 0 0 1 e 14KaCaMoKa.404      
6196.525900 0.001000   1.000e-03   14 3 0 0 1 2 e 15 0 0 0 0 1 e 14KaCaMoKa.405      
6195.737900 0.001000   1.000e-03   15 3 0 0 1 2 e 16 0 0 0 0 1 e 14KaCaMoKa.406      
6194.943900 0.001000   1.000e-03   16 3 0 0 1 2 e 17 0 0 0 0 1 e 14KaCaMoKa.407      
6194.145000 0.001000   1.000e-03   17 3 0 0 1 2 e 18 0 0 0 0 1 e 14KaCaMoKa.408      
6192.534100 0.001000   1.000e-03   19 3 0 0 1 2 e 20 0 0 0 0 1 e 14KaCaMoKa.409      
6191.720900 0.001000   1.000e-03   20 3 0 0 1 2 e 21 0 0 0 0 1 e 14KaCaMoKa.410      
6190.902600 0.001000   1.000e-03   21 3 0 0 1 2 e 22 0 0 0 0 1 e 14KaCaMoKa.411      
6190.080300 0.001000   1.000e-03   22 3 0 0 1 2 e 23 0 0 0 0 1 e 14KaCaMoKa.412      
6189.252500 0.001000   1.000e-03   23 3 0 0 1 2 e 24 0 0 0 0 1 e 14KaCaMoKa.413      
6188.420800 0.001000   1.000e-03   24 3 0 0 1 2 e 25 0 0 0 0 1 e 14KaCaMoKa.414      
6187.583700 0.001000   1.000e-03   25 3 0 0 1 2 e 26 0 0 0 0 1 e 14KaCaMoKa.415      
6186.741700 0.001000   1.000e-03   26 3 0 0 1 2 e 27 0 0 0 0 1 e 14KaCaMoKa.416      
6185.895500 0.001000   1.000e-03   27 3 0 0 1 2 e 28 0 0 0 0 1 e 14KaCaMoKa.417      
6185.044400 0.001000   1.000e-03   28 3 0 0 1 2 e 29 0 0 0 0 1 e 14KaCaMoKa.418      
6184.188500 0.001000   1.000e-03   29 3 0 0 1 2 e 30 0 0 0 0 1 e 14KaCaMoKa.419      
6183.327900 0.001000   1.000e-03   30 3 0 0 1 2 e 31 0 0 0 0 1 e 14KaCaMoKa.420      
6182.463000 0.001000   1.000e-03   31 3 0 0 1 2 e 32 0 0 0 0 1 e 14KaCaMoKa.421      
6181.593400 0.001000   1.000e-03   32 3 0 0 1 2 e 33 0 0 0 0 1 e 14KaCaMoKa.422      
6180.719500 0.001000   1.000e-03   33 3 0 0 1 2 e 34 0 0 0 0 1 e 14KaCaMoKa.423      
6179.841000 0.001000   1.000e-03   34 3 0 0 1 2 e 35 0 0 0 0 1 e 14KaCaMoKa.424      
6178.070200 0.001000   1.000e-03   36 3 0 0 1 2 e 37 0 0 0 0 1 e 14KaCaMoKa.425      
6177.178300 0.001000   1.000e-03   37 3 0 0 1 2 e 38 0 0 0 0 1 e 14KaCaMoKa.426      
6176.281700 0.001000   1.000e-03   38 3 0 0 1 2 e 39 0 0 0 0 1 e 14KaCaMoKa.427      
6175.381400 0.001000   2.086e-03   39 3 0 0 1 2 e 40 0 0 0 0 1 e 14KaCaMoKa.428      
6174.475800 0.001000   1.000e-03   40 3 0 0 1 2 e 41 0 0 0 0 1 e 14KaCaMoKa.429      
6173.566600 0.001000   1.000e-03   41 3 0 0 1 2 e 42 0 0 0 0 1 e 14KaCaMoKa.430      
6172.653400 0.001000   1.000e-03   42 3 0 0 1 2 e 43 0 0 0 0 1 e 14KaCaMoKa.431      
6171.735500 0.001000   1.000e-03   43 3 0 0 1 2 e 44 0 0 0 0 1 e 14KaCaMoKa.432      
6170.813500 0.001000   1.000e-03   44 3 0 0 1 2 e 45 0 0 0 0 1 e 14KaCaMoKa.433      
6169.887600 0.001000   1.000e-03   45 3 0 0 1 2 e 46 0 0 0 0 1 e 14KaCaMoKa.434      
6168.957100 0.001000   1.000e-03   46 3 0 0 1 2 e 47 0 0 0 0 1 e 14KaCaMoKa.435      
6168.022800 0.001000   1.000e-03   47 3 0 0 1 2 e 48 0 0 0 0 1 e 14KaCaMoKa.436      
6167.084900 0.001000   2.462e-03   48 3 0 0 1 2 e 49 0 0 0 0 1 e 14KaCaMoKa.437      
6166.142100 0.001000   1.000e-03   49 3 0 0 1 2 e 50 0 0 0 0 1 e 14KaCaMoKa.438      
6165.195000 0.001000   1.000e-03   50 3 0 0 1 2 e 51 0 0 0 0 1 e 14KaCaMoKa.439      
6164.246100 0.001000   1.000e-03   51 3 0 0 1 2 e 52 0 0 0 0 1 e 14KaCaMoKa.440      
6163.293800 0.001000   1.000e-03   52 3 0 0 1 2 e 53 0 0 0 0 1 e 14KaCaMoKa.441      
6161.372600 0.001000   1.000e-03   54 3 0 0 1 2 e 55 0 0 0 0 1 e 14KaCaMoKa.442      
6160.408700 0.001000   1.000e-03   55 3 0 0 1 2 e 56 0 0 0 0 1 e 14KaCaMoKa.443      
6158.466300 0.001000   1.000e-03   57 3 0 0 1 2 e 58 0 0 0 0 1 e 14KaCaMoKa.444      
6157.491200 0.001000   1.000e-03   58 3 0 0 1 2 e 59 0 0 0 0 1 e 14KaCaMoKa.445      
6155.530500 0.001000   1.514e-03   60 3 0 0 1 2 e 61 0 0 0 0 1 e 14KaCaMoKa.446      
6154.542300 0.001000   1.000e-03   61 3 0 0 1 2 e 62 0 0 0 0 1 e 14KaCaMoKa.447      
6152.561500 0.001000   1.000e-03   63 3 0 0 1 2 e 64 0 0 0 0 1 e 14KaCaMoKa.448      
6149.562000 0.001000   1.000e-03   66 3 0 0 1 2 e 67 0 0 0 0 1 e 14KaCaMoKa.449      
6148.558100 0.001000   1.000e-03   67 3 0 0 1 2 e 68 0 0 0 0 1 e 14KaCaMoKa.450      
6073.047100 0.001000   1.000e-03   0 3 0 0 1 3 e  1 0 0 0 0 1 e  14KaCaMoKa.451      
6072.326300 0.001000   1.000e-03   1 3 0 0 1 3 e  2 0 0 0 0 1 e  14KaCaMoKa.452      
6071.597600 0.001000   1.000e-03   2 3 0 0 1 3 e  3 0 0 0 0 1 e  14KaCaMoKa.453      
6070.862500 0.001000   1.000e-03   3 3 0 0 1 3 e  4 0 0 0 0 1 e  14KaCaMoKa.454      
6070.119600 0.001000   1.000e-03   4 3 0 0 1 3 e  5 0 0 0 0 1 e  14KaCaMoKa.455      
6069.369400 0.001000   1.000e-03   5 3 0 0 1 3 e  6 0 0 0 0 1 e  14KaCaMoKa.456      
6068.612000 0.001000   1.000e-03   6 3 0 0 1 3 e  7 0 0 0 0 1 e  14KaCaMoKa.457      
6067.846600 0.001000   1.000e-03   7 3 0 0 1 3 e  8 0 0 0 0 1 e  14KaCaMoKa.458      
6067.075800 0.001000   1.000e-03   8 3 0 0 1 3 e  9 0 0 0 0 1 e  14KaCaMoKa.459      
6066.296900 0.001000   1.000e-03   9 3 0 0 1 3 e  10 0 0 0 0 1 e 14KaCaMoKa.460      
6065.510800 0.001000   1.000e-03   10 3 0 0 1 3 e 11 0 0 0 0 1 e 14KaCaMoKa.461      
6064.717400 0.001000   1.000e-03   11 3 0 0 1 3 e 12 0 0 0 0 1 e 14KaCaMoKa.462      
6063.917500 0.001000   1.000e-03   12 3 0 0 1 3 e 13 0 0 0 0 1 e 14KaCaMoKa.463      
6063.109400 0.001000   1.000e-03   13 3 0 0 1 3 e 14 0 0 0 0 1 e 14KaCaMoKa.464      
6062.294600 0.001000   1.000e-03   14 3 0 0 1 3 e 15 0 0 0 0 1 e 14KaCaMoKa.465      
6061.472400 0.001000   1.000e-03   15 3 0 0 1 3 e 16 0 0 0 0 1 e 14KaCaMoKa.466      
6060.643100 0.001000   1.000e-03   16 3 0 0 1 3 e 17 0 0 0 0 1 e 14KaCaMoKa.467      
6059.806300 0.001000   1.000e-03   17 3 0 0 1 3 e 18 0 0 0 0 1 e 14KaCaMoKa.468      
6058.962300 0.001000   1.000e-03   18 3 0 0 1 3 e 19 0 0 0 0 1 e 14KaCaMoKa.469      
6058.111400 0.001000   1.000e-03   19 3 0 0 1 3 e 20 0 0 0 0 1 e 14KaCaMoKa.470      
6057.253200 0.001000   1.000e-03   20 3 0 0 1 3 e 21 0 0 0 0 1 e 14KaCaMoKa.471      
6056.387700 0.001000   1.000e-03   21 3 0 0 1 3 e 22 0 0 0 0 1 e 14KaCaMoKa.472      
6055.515000 0.001000   1.000e-03   22 3 0 0 1 3 e 23 0 0 0 0 1 e 14KaCaMoKa.473      
6054.635400 0.001000   1.000e-03   23 3 0 0 1 3 e 24 0 0 0 0 1 e 14KaCaMoKa.474      
6053.748000 0.001000   1.000e-03   24 3 0 0 1 3 e 25 0 0 0 0 1 e 14KaCaMoKa.475      
6052.854000 0.001000   1.000e-03   25 3 0 0 1 3 e 26 0 0 0 0 1 e 14KaCaMoKa.476      
6051.952500 0.001000   1.000e-03   26 3 0 0 1 3 e 27 0 0 0 0 1 e 14KaCaMoKa.477      
6051.044100 0.001000   1.000e-03   27 3 0 0 1 3 e 28 0 0 0 0 1 e 14KaCaMoKa.478      
6050.128400 0.001000   1.000e-03   28 3 0 0 1 3 e 29 0 0 0 0 1 e 14KaCaMoKa.479      
6049.205200 0.001000   1.000e-03   29 3 0 0 1 3 e 30 0 0 0 0 1 e 14KaCaMoKa.480      
6048.276200 0.001000   1.000e-03   30 3 0 0 1 3 e 31 0 0 0 0 1 e 14KaCaMoKa.481      
6047.342800 0.001000   1.000e-03   31 3 0 0 1 3 e 32 0 0 0 0 1 e 14KaCaMoKa.482      
6046.381200 0.001000   1.000e-03   32 3 0 0 1 3 e 33 0 0 0 0 1 e 14KaCaMoKa.483      
6045.435800 0.001000   1.000e-03   33 3 0 0 1 3 e 34 0 0 0 0 1 e 14KaCaMoKa.484      
6044.477800 0.001000   1.000e-03   34 3 0 0 1 3 e 35 0 0 0 0 1 e 14KaCaMoKa.485      
6043.512100 0.001000   1.000e-03   35 3 0 0 1 3 e 36 0 0 0 0 1 e 14KaCaMoKa.486      
6042.538200 0.001000   1.000e-03   36 3 0 0 1 3 e 37 0 0 0 0 1 e 14KaCaMoKa.487      
6041.557200 0.001000   1.000e-03   37 3 0 0 1 3 e 38 0 0 0 0 1 e 14KaCaMoKa.488      
6040.569400 0.001000   1.000e-03   38 3 0 0 1 3 e 39 0 0 0 0 1 e 14KaCaMoKa.489      
6038.572100 0.001000   1.000e-03   40 3 0 0 1 3 e 41 0 0 0 0 1 e 14KaCaMoKa.490      
6037.562200 0.001000   1.000e-03   41 3 0 0 1 3 e 42 0 0 0 0 1 e 14KaCaMoKa.491      
6036.545100 0.001000   1.000e-03   42 3 0 0 1 3 e 43 0 0 0 0 1 e 14KaCaMoKa.492      
6035.521200 0.001000   1.000e-03   43 3 0 0 1 3 e 44 0 0 0 0 1 e 14KaCaMoKa.493      
6034.490100 0.001000   1.000e-03   44 3 0 0 1 3 e 45 0 0 0 0 1 e 14KaCaMoKa.494      
6033.451500 0.001000   1.000e-03   45 3 0 0 1 3 e 46 0 0 0 0 1 e 14KaCaMoKa.495      
6032.406300 0.001000   1.608e-03   46 3 0 0 1 3 e 47 0 0 0 0 1 e 14KaCaMoKa.496      
6031.352500 0.001000   1.000e-03   47 3 0 0 1 3 e 48 0 0 0 0 1 e 14KaCaMoKa.497      
6030.292700 0.001000   1.342e-03   48 3 0 0 1 3 e 49 0 0 0 0 1 e 14KaCaMoKa.498      
6029.225400 0.001000   1.000e-03   49 3 0 0 1 3 e 50 0 0 0 0 1 e 14KaCaMoKa.499      
6028.150400 0.001000   1.000e-03   50 3 0 0 1 3 e 51 0 0 0 0 1 e 14KaCaMoKa.500      
6027.070100 0.001000   1.000e-03   51 3 0 0 1 3 e 52 0 0 0 0 1 e 14KaCaMoKa.501      
6025.981300 0.001000   1.000e-03   52 3 0 0 1 3 e 53 0 0 0 0 1 e 14KaCaMoKa.502      
6023.782000 0.001000   1.000e-03   54 3 0 0 1 3 e 55 0 0 0 0 1 e 14KaCaMoKa.503      
6021.554400 0.001000   1.000e-03   56 3 0 0 1 3 e 57 0 0 0 0 1 e 14KaCaMoKa.504      
6020.429300 0.001000   1.000e-03   57 3 0 0 1 3 e 58 0 0 0 0 1 e 14KaCaMoKa.505      
6019.298000 0.001000   1.000e-03   58 3 0 0 1 3 e 59 0 0 0 0 1 e 14KaCaMoKa.506      
6018.160300 0.001000   1.000e-03   59 3 0 0 1 3 e 60 0 0 0 0 1 e 14KaCaMoKa.507      
6017.014900 0.001000   1.000e-03   60 3 0 0 1 3 e 61 0 0 0 0 1 e 14KaCaMoKa.508      
6015.861300 0.001000   1.000e-03   61 3 0 0 1 3 e 62 0 0 0 0 1 e 14KaCaMoKa.509      
6014.703300 0.001000   1.000e-03   62 3 0 0 1 3 e 63 0 0 0 0 1 e 14KaCaMoKa.510      
6012.363900 0.001000   1.000e-03   64 3 0 0 1 3 e 65 0 0 0 0 1 e 14KaCaMoKa.511      
5946.264700 0.001000   1.000e-03   0 3 0 0 1 4 e  1 0 0 0 0 1 e  14KaCaMoKa.512      
5944.097800 0.001000   1.000e-03   3 3 0 0 1 4 e  4 0 0 0 0 1 e  14KaCaMoKa.513      
5943.366900 0.001000   1.000e-03   4 3 0 0 1 4 e  5 0 0 0 0 1 e  14KaCaMoKa.514      
5942.632100 0.001000   1.000e-03   5 3 0 0 1 4 e  6 0 0 0 0 1 e  14KaCaMoKa.515      
5941.893000 0.001000   1.000e-03   6 3 0 0 1 4 e  7 0 0 0 0 1 e  14KaCaMoKa.516      
5941.149800 0.001000   1.000e-03   7 3 0 0 1 4 e  8 0 0 0 0 1 e  14KaCaMoKa.517      
5940.402300 0.001000   1.000e-03   8 3 0 0 1 4 e  9 0 0 0 0 1 e  14KaCaMoKa.518      
5939.649600 0.001000   1.000e-03   9 3 0 0 1 4 e  10 0 0 0 0 1 e 14KaCaMoKa.519      
5938.893900 0.001000   1.000e-03   10 3 0 0 1 4 e 11 0 0 0 0 1 e 14KaCaMoKa.520      
5938.134000 0.001000   1.000e-03   11 3 0 0 1 4 e 12 0 0 0 0 1 e 14KaCaMoKa.521      
5937.367900 0.001000   1.000e-03   12 3 0 0 1 4 e 13 0 0 0 0 1 e 14KaCaMoKa.522      
5936.599500 0.001000   1.000e-03   13 3 0 0 1 4 e 14 0 0 0 0 1 e 14KaCaMoKa.523      
5935.826400 0.001000   1.000e-03   14 3 0 0 1 4 e 15 0 0 0 0 1 e 14KaCaMoKa.524      
5935.048600 0.001000   1.000e-03   15 3 0 0 1 4 e 16 0 0 0 0 1 e 14KaCaMoKa.525      
5934.266800 0.001000   1.000e-03   16 3 0 0 1 4 e 17 0 0 0 0 1 e 14KaCaMoKa.526      
5933.480600 0.001000   1.000e-03   17 3 0 0 1 4 e 18 0 0 0 0 1 e 14KaCaMoKa.527      
5932.689600 0.001000   1.000e-03   18 3 0 0 1 4 e 19 0 0 0 0 1 e 14KaCaMoKa.528      
5931.894700 0.001000   1.000e-03   19 3 0 0 1 4 e 20 0 0 0 0 1 e 14KaCaMoKa.529      
5931.095200 0.001000   1.000e-03   20 3 0 0 1 4 e 21 0 0 0 0 1 e 14KaCaMoKa.530      
5930.291000 0.001000   1.000e-03   21 3 0 0 1 4 e 22 0 0 0 0 1 e 14KaCaMoKa.531      
5929.482600 0.001000   1.000e-03   22 3 0 0 1 4 e 23 0 0 0 0 1 e 14KaCaMoKa.532      
5928.669800 0.001000   1.000e-03   23 3 0 0 1 4 e 24 0 0 0 0 1 e 14KaCaMoKa.533      
5927.852600 0.001000   1.000e-03   24 3 0 0 1 4 e 25 0 0 0 0 1 e 14KaCaMoKa.534      
5927.031600 0.001000   1.000e-03   25 3 0 0 1 4 e 26 0 0 0 0 1 e 14KaCaMoKa.535      
5926.204000 0.001000   1.000e-03   26 3 0 0 1 4 e 27 0 0 0 0 1 e 14KaCaMoKa.536      
5925.373500 0.001000   1.000e-03   27 3 0 0 1 4 e 28 0 0 0 0 1 e 14KaCaMoKa.537      
5924.536800 0.001000   1.000e-03   28 3 0 0 1 4 e 29 0 0 0 0 1 e 14KaCaMoKa.538      
5923.696100 0.001000   1.000e-03   29 3 0 0 1 4 e 30 0 0 0 0 1 e 14KaCaMoKa.539      
5922.851200 0.001000   1.000e-03   30 3 0 0 1 4 e 31 0 0 0 0 1 e 14KaCaMoKa.540      
5922.001200 0.001000   1.000e-03   31 3 0 0 1 4 e 32 0 0 0 0 1 e 14KaCaMoKa.541      
5921.146500 0.001000   1.000e-03   32 3 0 0 1 4 e 33 0 0 0 0 1 e 14KaCaMoKa.542      
5920.286800 0.001000   1.000e-03   33 3 0 0 1 4 e 34 0 0 0 0 1 e 14KaCaMoKa.543      
5919.422600 0.001000   1.000e-03   34 3 0 0 1 4 e 35 0 0 0 0 1 e 14KaCaMoKa.544      
5918.553200 0.001000   1.000e-03   35 3 0 0 1 4 e 36 0 0 0 0 1 e 14KaCaMoKa.545      
5917.679900 0.001000   1.000e-03   36 3 0 0 1 4 e 37 0 0 0 0 1 e 14KaCaMoKa.546      
5916.800000 0.001000   1.000e-03   37 3 0 0 1 4 e 38 0 0 0 0 1 e 14KaCaMoKa.547      
5915.026100 0.001000   1.000e-03   39 3 0 0 1 4 e 40 0 0 0 0 1 e 14KaCaMoKa.548      
5914.131900 0.001000   1.000e-03   40 3 0 0 1 4 e 41 0 0 0 0 1 e 14KaCaMoKa.549      
5913.231900 0.001000   1.000e-03   41 3 0 0 1 4 e 42 0 0 0 0 1 e 14KaCaMoKa.550      
5911.416700 0.001000   1.000e-03   43 3 0 0 1 4 e 44 0 0 0 0 1 e 14KaCaMoKa.551      
5909.581000 0.001000   1.000e-03   45 3 0 0 1 4 e 46 0 0 0 0 1 e 14KaCaMoKa.552      
5908.654600 0.001000   1.133e-03   46 3 0 0 1 4 e 47 0 0 0 0 1 e 14KaCaMoKa.553      
5907.724100 0.001000   1.000e-03   47 3 0 0 1 4 e 48 0 0 0 0 1 e 14KaCaMoKa.554      
5906.786100 0.001000   1.000e-03   48 3 0 0 1 4 e 49 0 0 0 0 1 e 14KaCaMoKa.555      
5905.844300 0.001000   1.000e-03   49 3 0 0 1 4 e 50 0 0 0 0 1 e 14KaCaMoKa.556      
5904.894300 0.001000   1.000e-03   50 3 0 0 1 4 e 51 0 0 0 0 1 e 14KaCaMoKa.557      
5903.940100 0.001000   1.000e-03   51 3 0 0 1 4 e 52 0 0 0 0 1 e 14KaCaMoKa.558      
5902.980500 0.001000   1.000e-03   52 3 0 0 1 4 e 53 0 0 0 0 1 e 14KaCaMoKa.559      
5902.015200 0.001000   1.000e-03   53 3 0 0 1 4 e 54 0 0 0 0 1 e 14KaCaMoKa.560      
5901.042800 0.001000   1.000e-03   54 3 0 0 1 4 e 55 0 0 0 0 1 e 14KaCaMoKa.561      
5895.088900 0.001000   1.000e-03   60 3 0 0 1 4 e 61 0 0 0 0 1 e 14KaCaMoKa.562      
5894.073700 0.001000   1.000e-03   61 3 0 0 1 4 e 62 0 0 0 0 1 e 14KaCaMoKa.563      
5890.992700 0.001000   1.000e-03   64 3 0 0 1 4 e 65 0 0 0 0 1 e 14KaCaMoKa.564      
6420.459500 0.001000   1.000e-03   1 3 1 1 1 1 e  2 0 1 1 0 1 e  14KaCaMoKa.565      
6419.738300 0.001000   1.000e-03   2 3 1 1 1 1 e  3 0 1 1 0 1 e  14KaCaMoKa.566      
6418.278300 0.001000   1.000e-03   4 3 1 1 1 1 e  5 0 1 1 0 1 e  14KaCaMoKa.567      
6416.803600 0.001000   1.000e-03   6 3 1 1 1 1 e  7 0 1 1 0 1 e  14KaCaMoKa.568      
6415.311800 0.001000   1.000e-03   8 3 1 1 1 1 e  9 0 1 1 0 1 e  14KaCaMoKa.569      
6414.559400 0.001000   1.000e-03   9 3 1 1 1 1 e  10 0 1 1 0 1 e 14KaCaMoKa.570      
6413.803500 0.001000   1.000e-03   10 3 1 1 1 1 e 11 0 1 1 0 1 e 14KaCaMoKa.571      
6411.509000 0.001000   1.000e-03   13 3 1 1 1 1 e 14 0 1 1 0 1 e 14KaCaMoKa.572      
6410.739100 0.001000   1.000e-03   14 3 1 1 1 1 e 15 0 1 1 0 1 e 14KaCaMoKa.573      
6409.962200 0.001000   1.000e-03   15 3 1 1 1 1 e 16 0 1 1 0 1 e 14KaCaMoKa.574      
6409.179300 0.001000   1.000e-03   16 3 1 1 1 1 e 17 0 1 1 0 1 e 14KaCaMoKa.575      
6408.395900 0.001000   1.000e-03   17 3 1 1 1 1 e 18 0 1 1 0 1 e 14KaCaMoKa.576      
6407.608400 0.001000   1.000e-03   18 3 1 1 1 1 e 19 0 1 1 0 1 e 14KaCaMoKa.577      
6406.815600 0.001000   1.000e-03   19 3 1 1 1 1 e 20 0 1 1 0 1 e 14KaCaMoKa.578      
6406.018300 0.001000   1.000e-03   20 3 1 1 1 1 e 21 0 1 1 0 1 e 14KaCaMoKa.579      
6404.413600 0.001000   1.000e-03   22 3 1 1 1 1 e 23 0 1 1 0 1 e 14KaCaMoKa.580      
6403.605300 0.001000   1.000e-03   23 3 1 1 1 1 e 24 0 1 1 0 1 e 14KaCaMoKa.581      
6401.975600 0.001000   1.000e-03   25 3 1 1 1 1 e 26 0 1 1 0 1 e 14KaCaMoKa.582      
6401.155600 0.001000   1.000e-03   26 3 1 1 1 1 e 27 0 1 1 0 1 e 14KaCaMoKa.583      
6399.505900 0.001000   1.061e-03   28 3 1 1 1 1 e 29 0 1 1 0 1 e 14KaCaMoKa.584      
6397.834000 0.001000   1.507e-03   30 3 1 1 1 1 e 31 0 1 1 0 1 e 14KaCaMoKa.585      
6396.154300 0.001000   1.000e-03   32 3 1 1 1 1 e 33 0 1 1 0 1 e 14KaCaMoKa.586      
6393.603000 0.001000   1.000e-03   35 3 1 1 1 1 e 36 0 1 1 0 1 e 14KaCaMoKa.587      
6392.745100 0.001000   1.000e-03   36 3 1 1 1 1 e 37 0 1 1 0 1 e 14KaCaMoKa.588      
6391.017600 0.001000   1.000e-03   38 3 1 1 1 1 e 39 0 1 1 0 1 e 14KaCaMoKa.589      
6390.149400 0.001000   1.000e-03   39 3 1 1 1 1 e 40 0 1 1 0 1 e 14KaCaMoKa.590      
6389.277300 0.001000   1.000e-03   40 3 1 1 1 1 e 41 0 1 1 0 1 e 14KaCaMoKa.591      
6418.292600 0.001000   1.000e-03   4 3 1 1 1 1 f  5 0 1 1 0 1 f  14KaCaMoKa.592      
6417.565900 0.001000   1.000e-03   5 3 1 1 1 1 f  6 0 1 1 0 1 f  14KaCaMoKa.593      
6416.105800 0.001000   1.000e-03   7 3 1 1 1 1 f  8 0 1 1 0 1 f  14KaCaMoKa.594      
6412.416700 0.001000   1.000e-03   12 3 1 1 1 1 f 13 0 1 1 0 1 f 14KaCaMoKa.595      
6411.673500 0.001000   1.000e-03   13 3 1 1 1 1 f 14 0 1 1 0 1 f 14KaCaMoKa.596      
6410.926500 0.001000   1.000e-03   14 3 1 1 1 1 f 15 0 1 1 0 1 f 14KaCaMoKa.597      
6409.426800 0.001000   1.000e-03   16 3 1 1 1 1 f 17 0 1 1 0 1 f 14KaCaMoKa.598      
6408.674300 0.001000   1.000e-03   17 3 1 1 1 1 f 18 0 1 1 0 1 f 14KaCaMoKa.599      
6406.402900 0.001000   1.000e-03   20 3 1 1 1 1 f 21 0 1 1 0 1 f 14KaCaMoKa.600      
6405.646000 0.001000   1.000e-03   21 3 1 1 1 1 f 22 0 1 1 0 1 f 14KaCaMoKa.601      
6404.114200 0.001000   1.000e-03   23 3 1 1 1 1 f 24 0 1 1 0 1 f 14KaCaMoKa.602      
6402.582700 0.001000   1.075e-03   25 3 1 1 1 1 f 26 0 1 1 0 1 f 14KaCaMoKa.603      
6401.810300 0.001000   1.000e-03   26 3 1 1 1 1 f 27 0 1 1 0 1 f 14KaCaMoKa.604      
6401.037400 0.001000   1.000e-03   27 3 1 1 1 1 f 28 0 1 1 0 1 f 14KaCaMoKa.605      
6399.486100 0.001000   1.000e-03   29 3 1 1 1 1 f 30 0 1 1 0 1 f 14KaCaMoKa.606      
6397.929000 0.001000   1.000e-03   31 3 1 1 1 1 f 32 0 1 1 0 1 f 14KaCaMoKa.607      
6397.147500 0.001000   1.000e-03   32 3 1 1 1 1 f 33 0 1 1 0 1 f 14KaCaMoKa.608      
6396.364300 0.001000   1.000e-03   33 3 1 1 1 1 f 34 0 1 1 0 1 f 14KaCaMoKa.609      
6390.036400 0.001000   1.000e-03   41 3 1 1 1 1 f 42 0 1 1 0 1 f 14KaCaMoKa.610      
6388.438500 0.001000   1.000e-03   43 3 1 1 1 1 f 44 0 1 1 0 1 f 14KaCaMoKa.611      
6386.838100 0.001000   1.000e-03   45 3 1 1 1 1 f 46 0 1 1 0 1 f 14KaCaMoKa.612      
6385.227100 0.001000   1.000e-03   47 3 1 1 1 1 f 48 0 1 1 0 1 f 14KaCaMoKa.613      
6217.193900 0.001000   1.000e-03   1 3 1 1 1 2 e  2 0 1 1 0 1 e  14KaCaMoKa.614      
6216.468300 0.001000   1.000e-03   2 3 1 1 1 2 e  3 0 1 1 0 1 e  14KaCaMoKa.615      
6215.736500 0.001000   1.000e-03   3 3 1 1 1 2 e  4 0 1 1 0 1 e  14KaCaMoKa.616      
6214.997600 0.001000   1.000e-03   4 3 1 1 1 2 e  5 0 1 1 0 1 e  14KaCaMoKa.617      
6214.252400 0.001000   1.000e-03   5 3 1 1 1 2 e  6 0 1 1 0 1 e  14KaCaMoKa.618      
6213.501500 0.001000   1.000e-03   6 3 1 1 1 2 e  7 0 1 1 0 1 e  14KaCaMoKa.619      
6212.745200 0.001000   1.000e-03   7 3 1 1 1 2 e  8 0 1 1 0 1 e  14KaCaMoKa.620      
6211.982800 0.001000   1.000e-03   8 3 1 1 1 2 e  9 0 1 1 0 1 e  14KaCaMoKa.621      
6211.214900 0.001000   1.000e-03   9 3 1 1 1 2 e  10 0 1 1 0 1 e 14KaCaMoKa.622      
6210.439800 0.001000   1.000e-03   10 3 1 1 1 2 e 11 0 1 1 0 1 e 14KaCaMoKa.623      
6209.659900 0.001000   1.000e-03   11 3 1 1 1 2 e 12 0 1 1 0 1 e 14KaCaMoKa.624      
6208.874500 0.001000   1.000e-03   12 3 1 1 1 2 e 13 0 1 1 0 1 e 14KaCaMoKa.625      
6208.082500 0.001000   1.000e-03   13 3 1 1 1 2 e 14 0 1 1 0 1 e 14KaCaMoKa.626      
6207.284300 0.001000   1.000e-03   14 3 1 1 1 2 e 15 0 1 1 0 1 e 14KaCaMoKa.627      
6206.480900 0.001000   1.000e-03   15 3 1 1 1 2 e 16 0 1 1 0 1 e 14KaCaMoKa.628      
6205.671200 0.001000   1.000e-03   16 3 1 1 1 2 e 17 0 1 1 0 1 e 14KaCaMoKa.629      
6204.856500 0.001000   1.000e-03   17 3 1 1 1 2 e 18 0 1 1 0 1 e 14KaCaMoKa.630      
6204.035000 0.001000   1.000e-03   18 3 1 1 1 2 e 19 0 1 1 0 1 e 14KaCaMoKa.631      
6203.208200 0.001000   1.000e-03   19 3 1 1 1 2 e 20 0 1 1 0 1 e 14KaCaMoKa.632      
6202.375400 0.001000   1.000e-03   20 3 1 1 1 2 e 21 0 1 1 0 1 e 14KaCaMoKa.633      
6197.255400 0.001000   1.000e-03   26 3 1 1 1 2 e 27 0 1 1 0 1 e 14KaCaMoKa.634      
6196.381300 0.001000   1.000e-03   27 3 1 1 1 2 e 28 0 1 1 0 1 e 14KaCaMoKa.635      
6193.727200 0.001000   1.000e-03   30 3 1 1 1 2 e 31 0 1 1 0 1 e 14KaCaMoKa.636      
6192.830600 0.001000   1.000e-03   31 3 1 1 1 2 e 32 0 1 1 0 1 e 14KaCaMoKa.637      
6191.020000 0.001000   1.000e-03   33 3 1 1 1 2 e 34 0 1 1 0 1 e 14KaCaMoKa.638      
6188.262700 0.001000   1.000e-03   36 3 1 1 1 2 e 37 0 1 1 0 1 e 14KaCaMoKa.639      
6187.332000 0.001000   1.000e-03   37 3 1 1 1 2 e 38 0 1 1 0 1 e 14KaCaMoKa.640      
6184.506900 0.001000   1.000e-03   40 3 1 1 1 2 e 41 0 1 1 0 1 e 14KaCaMoKa.641      
6183.555300 0.001000   1.000e-03   41 3 1 1 1 2 e 42 0 1 1 0 1 e 14KaCaMoKa.642      
6181.633000 0.001000   1.000e-03   43 3 1 1 1 2 e 44 0 1 1 0 1 e 14KaCaMoKa.643      
6180.663900 0.001000   1.000e-03   44 3 1 1 1 2 e 45 0 1 1 0 1 e 14KaCaMoKa.644      
6179.689500 0.001000   1.000e-03   45 3 1 1 1 2 e 46 0 1 1 0 1 e 14KaCaMoKa.645      
6178.710500 0.001000   1.000e-03   46 3 1 1 1 2 e 47 0 1 1 0 1 e 14KaCaMoKa.646      
6176.732900 0.001000   1.000e-03   48 3 1 1 1 2 e 49 0 1 1 0 1 e 14KaCaMoKa.647      
6175.735300 0.001000   1.000e-03   49 3 1 1 1 2 e 50 0 1 1 0 1 e 14KaCaMoKa.648      
6174.736300 0.001000   1.000e-03   50 3 1 1 1 2 e 51 0 1 1 0 1 e 14KaCaMoKa.649      
6170.675300 0.001000   1.000e-03   54 3 1 1 1 2 e 55 0 1 1 0 1 e 14KaCaMoKa.650      
6167.575700 0.001000   1.000e-03   57 3 1 1 1 2 e 58 0 1 1 0 1 e 14KaCaMoKa.651      
6217.193900 0.001000   1.000e-03   1 3 1 1 1 2 f  2 0 1 1 0 1 f  14KaCaMoKa.652      
6216.468300 0.001000   1.000e-03   2 3 1 1 1 2 f  3 0 1 1 0 1 f  14KaCaMoKa.653      
6215.737800 0.001000   1.000e-03   3 3 1 1 1 2 f  4 0 1 1 0 1 f  14KaCaMoKa.654      
6214.268100 0.001000   1.000e-03   5 3 1 1 1 2 f  6 0 1 1 0 1 f  14KaCaMoKa.655      
6213.525200 0.001000   1.000e-03   6 3 1 1 1 2 f  7 0 1 1 0 1 f  14KaCaMoKa.656      
6212.027000 0.001000   1.000e-03   8 3 1 1 1 2 f  9 0 1 1 0 1 f  14KaCaMoKa.657      
6211.272000 0.001000   1.000e-03   9 3 1 1 1 2 f  10 0 1 1 0 1 f 14KaCaMoKa.658      
6210.510900 0.001000   1.000e-03   10 3 1 1 1 2 f 11 0 1 1 0 1 f 14KaCaMoKa.659      
6209.746200 0.001000   1.000e-03   11 3 1 1 1 2 f 12 0 1 1 0 1 f 14KaCaMoKa.660      
6208.977200 0.001000   1.000e-03   12 3 1 1 1 2 f 13 0 1 1 0 1 f 14KaCaMoKa.661      
6208.203900 0.001000   1.000e-03   13 3 1 1 1 2 f 14 0 1 1 0 1 f 14KaCaMoKa.662      
6207.425200 0.001000   1.000e-03   14 3 1 1 1 2 f 15 0 1 1 0 1 f 14KaCaMoKa.663      
6206.644000 0.001000   1.000e-03   15 3 1 1 1 2 f 16 0 1 1 0 1 f 14KaCaMoKa.664      
6205.856600 0.001000   1.000e-03   16 3 1 1 1 2 f 17 0 1 1 0 1 f 14KaCaMoKa.665      
6205.067400 0.001000   1.000e-03   17 3 1 1 1 2 f 18 0 1 1 0 1 f 14KaCaMoKa.666      
6204.271900 0.001000   1.000e-03   18 3 1 1 1 2 f 19 0 1 1 0 1 f 14KaCaMoKa.667      
6203.470400 0.001000   1.000e-03   19 3 1 1 1 2 f 20 0 1 1 0 1 f 14KaCaMoKa.668      
6196.916500 0.001000   1.000e-03   27 3 1 1 1 2 f 28 0 1 1 0 1 f 14KaCaMoKa.669      
6196.078900 0.001000   1.000e-03   28 3 1 1 1 2 f 29 0 1 1 0 1 f 14KaCaMoKa.670      
6194.389600 0.001000   1.000e-03   30 3 1 1 1 2 f 31 0 1 1 0 1 f 14KaCaMoKa.671      
6193.539100 0.001000   1.000e-03   31 3 1 1 1 2 f 32 0 1 1 0 1 f 14KaCaMoKa.672      
6192.683600 0.001000   1.000e-03   32 3 1 1 1 2 f 33 0 1 1 0 1 f 14KaCaMoKa.673      
6191.824100 0.001000   1.000e-03   33 3 1 1 1 2 f 34 0 1 1 0 1 f 14KaCaMoKa.674      
6190.960900 0.001000   1.000e-03   34 3 1 1 1 2 f 35 0 1 1 0 1 f 14KaCaMoKa.675      
6187.467300 0.001000   1.000e-03   38 3 1 1 1 2 f 39 0 1 1 0 1 f 14KaCaMoKa.676      
6186.584000 0.001000   1.000e-03   39 3 1 1 1 2 f 40 0 1 1 0 1 f 14KaCaMoKa.677      
6185.695500 0.001000   1.000e-03   40 3 1 1 1 2 f 41 0 1 1 0 1 f 14KaCaMoKa.678      
6183.908200 0.001000   1.000e-03   42 3 1 1 1 2 f 43 0 1 1 0 1 f 14KaCaMoKa.679      
6183.008500 0.001000   1.000e-03   43 3 1 1 1 2 f 44 0 1 1 0 1 f 14KaCaMoKa.680      
6180.286100 0.001000   1.000e-03   46 3 1 1 1 2 f 47 0 1 1 0 1 f 14KaCaMoKa.681      
6178.452300 0.001000   1.000e-03   48 3 1 1 1 2 f 49 0 1 1 0 1 f 14KaCaMoKa.682      
6176.603500 0.001000   1.000e-03   50 3 1 1 1 2 f 51 0 1 1 0 1 f 14KaCaMoKa.683      
6047.519700 0.001000   1.000e-03   1 3 1 1 1 3 e  2 0 1 1 0 1 e  14KaCaMoKa.684      
6046.791800 0.001000   1.000e-03   2 3 1 1 1 3 e  3 0 1 1 0 1 e  14KaCaMoKa.685      
6046.057100 0.001000   1.000e-03   3 3 1 1 1 3 e  4 0 1 1 0 1 e  14KaCaMoKa.686      
6045.313000 0.001000   1.000e-03   4 3 1 1 1 3 e  5 0 1 1 0 1 e  14KaCaMoKa.687      
6043.806500 0.001000   1.000e-03   6 3 1 1 1 3 e  7 0 1 1 0 1 e  14KaCaMoKa.688      
6043.042300 0.001000   1.000e-03   7 3 1 1 1 3 e  8 0 1 1 0 1 e  14KaCaMoKa.689      
6042.273600 0.001000   1.000e-03   8 3 1 1 1 3 e  9 0 1 1 0 1 e  14KaCaMoKa.690      
6041.494200 0.001000   1.000e-03   9 3 1 1 1 3 e  10 0 1 1 0 1 e 14KaCaMoKa.691      
6039.918200 0.001000   1.000e-03   11 3 1 1 1 3 e 12 0 1 1 0 1 e 14KaCaMoKa.692      
6039.119500 0.001000   1.000e-03   12 3 1 1 1 3 e 13 0 1 1 0 1 e 14KaCaMoKa.693      
6038.313800 0.001000   1.000e-03   13 3 1 1 1 3 e 14 0 1 1 0 1 e 14KaCaMoKa.694      
6037.501500 0.001000   1.000e-03   14 3 1 1 1 3 e 15 0 1 1 0 1 e 14KaCaMoKa.695      
6036.682100 0.001000   1.000e-03   15 3 1 1 1 3 e 16 0 1 1 0 1 e 14KaCaMoKa.696      
6035.855400 0.001000   1.000e-03   16 3 1 1 1 3 e 17 0 1 1 0 1 e 14KaCaMoKa.697      
6035.021200 0.001000   1.000e-03   17 3 1 1 1 3 e 18 0 1 1 0 1 e 14KaCaMoKa.698      
6034.181500 0.001000   1.000e-03   18 3 1 1 1 3 e 19 0 1 1 0 1 e 14KaCaMoKa.699      
6033.334300 0.001000   1.000e-03   19 3 1 1 1 3 e 20 0 1 1 0 1 e 14KaCaMoKa.700      
6032.479800 0.001000   1.000e-03   20 3 1 1 1 3 e 21 0 1 1 0 1 e 14KaCaMoKa.701      
6030.751400 0.001000   1.000e-03   22 3 1 1 1 3 e 23 0 1 1 0 1 e 14KaCaMoKa.702      
6029.875500 0.001000   1.000e-03   23 3 1 1 1 3 e 24 0 1 1 0 1 e 14KaCaMoKa.703      
6028.993700 0.001000   1.000e-03   24 3 1 1 1 3 e 25 0 1 1 0 1 e 14KaCaMoKa.704      
6027.208400 0.001000   1.000e-03   26 3 1 1 1 3 e 27 0 1 1 0 1 e 14KaCaMoKa.705      
6024.480100 0.001000   1.000e-03   29 3 1 1 1 3 e 30 0 1 1 0 1 e 14KaCaMoKa.706      
6023.557500 0.001000   1.000e-03   30 3 1 1 1 3 e 31 0 1 1 0 1 e 14KaCaMoKa.707      
6020.743900 0.001000   1.000e-03   33 3 1 1 1 3 e 34 0 1 1 0 1 e 14KaCaMoKa.708      
6019.793600 0.001000   1.000e-03   34 3 1 1 1 3 e 35 0 1 1 0 1 e 14KaCaMoKa.709      
6016.898200 0.001000   1.000e-03   37 3 1 1 1 3 e 38 0 1 1 0 1 e 14KaCaMoKa.710      
6015.919700 0.001000   1.000e-03   38 3 1 1 1 3 e 39 0 1 1 0 1 e 14KaCaMoKa.711      
6014.934600 0.001000   1.000e-03   39 3 1 1 1 3 e 40 0 1 1 0 1 e 14KaCaMoKa.712      
6012.942100 0.001000   1.000e-03   41 3 1 1 1 3 e 42 0 1 1 0 1 e 14KaCaMoKa.713      
6007.841300 0.001000   1.000e-03   46 3 1 1 1 3 e 47 0 1 1 0 1 e 14KaCaMoKa.714      
6004.696800 0.001000   1.000e-03   49 3 1 1 1 3 e 50 0 1 1 0 1 e 14KaCaMoKa.715      
6047.519700 0.001000   1.000e-03   1 3 1 1 1 3 f  2 0 1 1 0 1 f  14KaCaMoKa.716      
6046.791800 0.001000   1.000e-03   2 3 1 1 1 3 f  3 0 1 1 0 1 f  14KaCaMoKa.717      
6046.057100 0.001000   1.868e-03   3 3 1 1 1 3 f  4 0 1 1 0 1 f  14KaCaMoKa.718      
6045.318000 0.001000   1.000e-03   4 3 1 1 1 3 f  5 0 1 1 0 1 f  14KaCaMoKa.719      
6044.574400 0.001000   1.000e-03   5 3 1 1 1 3 f  6 0 1 1 0 1 f  14KaCaMoKa.720      
6043.825100 0.001000   1.000e-03   6 3 1 1 1 3 f  7 0 1 1 0 1 f  14KaCaMoKa.721      
6043.068400 0.001000   1.000e-03   7 3 1 1 1 3 f  8 0 1 1 0 1 f  14KaCaMoKa.722      
6042.306700 0.001000   1.000e-03   8 3 1 1 1 3 f  9 0 1 1 0 1 f  14KaCaMoKa.723      
6040.765300 0.001000   1.000e-03   10 3 1 1 1 3 f 11 0 1 1 0 1 f 14KaCaMoKa.724      
6039.985900 0.001000   1.000e-03   11 3 1 1 1 3 f 12 0 1 1 0 1 f 14KaCaMoKa.725      
6039.200700 0.001000   1.000e-03   12 3 1 1 1 3 f 13 0 1 1 0 1 f 14KaCaMoKa.726      
6038.410000 0.001000   1.000e-03   13 3 1 1 1 3 f 14 0 1 1 0 1 f 14KaCaMoKa.727      
6037.613800 0.001000   1.000e-03   14 3 1 1 1 3 f 15 0 1 1 0 1 f 14KaCaMoKa.728      
6036.002600 0.001000   1.000e-03   16 3 1 1 1 3 f 17 0 1 1 0 1 f 14KaCaMoKa.729      
6035.189300 0.001000   1.000e-03   17 3 1 1 1 3 f 18 0 1 1 0 1 f 14KaCaMoKa.730      
6034.369000 0.001000   1.000e-03   18 3 1 1 1 3 f 19 0 1 1 0 1 f 14KaCaMoKa.731      
6033.543900 0.001000   1.000e-03   19 3 1 1 1 3 f 20 0 1 1 0 1 f 14KaCaMoKa.732      
6031.875300 0.001000   1.000e-03   21 3 1 1 1 3 f 22 0 1 1 0 1 f 14KaCaMoKa.733      
6031.033200 0.001000   1.000e-03   22 3 1 1 1 3 f 23 0 1 1 0 1 f 14KaCaMoKa.734      
6030.184500 0.001000   1.000e-03   23 3 1 1 1 3 f 24 0 1 1 0 1 f 14KaCaMoKa.735      
6029.330600 0.001000   1.000e-03   24 3 1 1 1 3 f 25 0 1 1 0 1 f 14KaCaMoKa.736      
6026.734200 0.001000   1.000e-03   27 3 1 1 1 3 f 28 0 1 1 0 1 f 14KaCaMoKa.737      
6025.856900 0.001000   1.000e-03   28 3 1 1 1 3 f 29 0 1 1 0 1 f 14KaCaMoKa.738      
6024.085900 0.001000   1.000e-03   30 3 1 1 1 3 f 31 0 1 1 0 1 f 14KaCaMoKa.739      
6023.191800 0.001000   1.000e-03   31 3 1 1 1 3 f 32 0 1 1 0 1 f 14KaCaMoKa.740      
6022.291400 0.001000   1.000e-03   32 3 1 1 1 3 f 33 0 1 1 0 1 f 14KaCaMoKa.741      
6021.385700 0.001000   1.000e-03   33 3 1 1 1 3 f 34 0 1 1 0 1 f 14KaCaMoKa.742      
6020.474300 0.001000   1.000e-03   34 3 1 1 1 3 f 35 0 1 1 0 1 f 14KaCaMoKa.743      
6019.555000 0.001000   1.000e-03   35 3 1 1 1 3 f 36 0 1 1 0 1 f 14KaCaMoKa.744      
6018.633600 0.001000   1.000e-03   36 3 1 1 1 3 f 37 0 1 1 0 1 f 14KaCaMoKa.745      
6017.704500 0.001000   1.000e-03   37 3 1 1 1 3 f 38 0 1 1 0 1 f 14KaCaMoKa.746      
6016.770300 0.001000   1.015e-03   38 3 1 1 1 3 f 39 0 1 1 0 1 f 14KaCaMoKa.747      
6015.829900 0.001000   1.000e-03   39 3 1 1 1 3 f 40 0 1 1 0 1 f 14KaCaMoKa.748      
6014.883900 0.001000   1.000e-03   40 3 1 1 1 3 f 41 0 1 1 0 1 f 14KaCaMoKa.749      
6012.974100 0.001000   1.000e-03   42 3 1 1 1 3 f 43 0 1 1 0 1 f 14KaCaMoKa.750      
6012.012000 0.001000   1.000e-03   43 3 1 1 1 3 f 44 0 1 1 0 1 f 14KaCaMoKa.751      
6009.086400 0.001000   1.000e-03   46 3 1 1 1 3 f 47 0 1 1 0 1 f 14KaCaMoKa.752      
5885.368200 0.001000   1.000e-03   2 3 1 1 1 4 e  3 0 1 1 0 1 e  14KaCaMoKa.753      
5883.161900 0.001000   1.000e-03   5 3 1 1 1 4 e  6 0 1 1 0 1 e  14KaCaMoKa.754      
5881.668000 0.001000   1.000e-03   7 3 1 1 1 4 e  8 0 1 1 0 1 e  14KaCaMoKa.755      
5879.385400 0.001000   1.000e-03   10 3 1 1 1 4 e 11 0 1 1 0 1 e 14KaCaMoKa.756      
5878.613800 0.001000   1.000e-03   11 3 1 1 1 4 e 12 0 1 1 0 1 e 14KaCaMoKa.757      
5877.837300 0.001000   1.000e-03   12 3 1 1 1 4 e 13 0 1 1 0 1 e 14KaCaMoKa.758      
5877.055200 0.001000   1.000e-03   13 3 1 1 1 4 e 14 0 1 1 0 1 e 14KaCaMoKa.759      
5874.681600 0.001000   1.000e-03   16 3 1 1 1 4 e 17 0 1 1 0 1 e 14KaCaMoKa.760      
5873.880700 0.001000   1.000e-03   17 3 1 1 1 4 e 18 0 1 1 0 1 e 14KaCaMoKa.761      
5873.073300 0.001000   1.000e-03   18 3 1 1 1 4 e 19 0 1 1 0 1 e 14KaCaMoKa.762      
5871.443900 0.001000   1.000e-03   20 3 1 1 1 4 e 21 0 1 1 0 1 e 14KaCaMoKa.763      
5870.620100 0.001000   1.000e-03   21 3 1 1 1 4 e 22 0 1 1 0 1 e 14KaCaMoKa.764      
5869.792200 0.001000   1.000e-03   22 3 1 1 1 4 e 23 0 1 1 0 1 e 14KaCaMoKa.765      
5868.121600 0.001000   1.000e-03   24 3 1 1 1 4 e 25 0 1 1 0 1 e 14KaCaMoKa.766      
5886.094500 0.001000   1.000e-03   1 3 1 1 1 4 f  2 0 1 1 0 1 f  14KaCaMoKa.767      
5885.368200 0.001000   1.000e-03   2 3 1 1 1 4 f  3 0 1 1 0 1 f  14KaCaMoKa.768      
5884.640600 0.001000   1.000e-03   3 3 1 1 1 4 f  4 0 1 1 0 1 f  14KaCaMoKa.769      
5883.175500 0.001000   1.734e-03   5 3 1 1 1 4 f  6 0 1 1 0 1 f  14KaCaMoKa.770      
5882.440800 0.001000   1.000e-03   6 3 1 1 1 4 f  7 0 1 1 0 1 f  14KaCaMoKa.771      
5880.955000 0.001000   1.000e-03   8 3 1 1 1 4 f  9 0 1 1 0 1 f  14KaCaMoKa.772      
5880.205600 0.001000   1.000e-03   9 3 1 1 1 4 f  10 0 1 1 0 1 f 14KaCaMoKa.773      
5879.454000 0.001000   1.000e-03   10 3 1 1 1 4 f 11 0 1 1 0 1 f 14KaCaMoKa.774      
5878.696400 0.001000   1.000e-03   11 3 1 1 1 4 f 12 0 1 1 0 1 f 14KaCaMoKa.775      
5877.173500 0.001000   1.000e-03   13 3 1 1 1 4 f 14 0 1 1 0 1 f 14KaCaMoKa.776      
5876.405500 0.001000   1.000e-03   14 3 1 1 1 4 f 15 0 1 1 0 1 f 14KaCaMoKa.777      
5875.634900 0.001000   1.000e-03   15 3 1 1 1 4 f 16 0 1 1 0 1 f 14KaCaMoKa.778      
5874.859500 0.001000   1.000e-03   16 3 1 1 1 4 f 17 0 1 1 0 1 f 14KaCaMoKa.779      
5874.080900 0.001000   1.000e-03   17 3 1 1 1 4 f 18 0 1 1 0 1 f 14KaCaMoKa.780      
5873.297900 0.001000   1.000e-03   18 3 1 1 1 4 f 19 0 1 1 0 1 f 14KaCaMoKa.781      
5872.512100 0.001000   1.000e-03   19 3 1 1 1 4 f 20 0 1 1 0 1 f 14KaCaMoKa.782      
5871.722400 0.001000   1.000e-03   20 3 1 1 1 4 f 21 0 1 1 0 1 f 14KaCaMoKa.783      
5870.927500 0.001000   1.000e-03   21 3 1 1 1 4 f 22 0 1 1 0 1 f 14KaCaMoKa.784      
5870.130100 0.001000   1.000e-03   22 3 1 1 1 4 f 23 0 1 1 0 1 f 14KaCaMoKa.785      
5868.522800 0.001000   1.000e-03   24 3 1 1 1 4 f 25 0 1 1 0 1 f 14KaCaMoKa.786      
6213.623500 0.001000   1.000e-03   1 4 0 0 1 2 e  2 1 0 0 0 1 e  14KaCaMoKa.787      
6212.168000 0.001000   1.000e-03   3 4 0 0 1 2 e  4 1 0 0 0 1 e  14KaCaMoKa.788      
6211.436300 0.001000   1.000e-03   4 4 0 0 1 2 e  5 1 0 0 0 1 e  14KaCaMoKa.789      
6204.615200 0.001000   1.000e-03   13 4 0 0 1 2 e 14 1 0 0 0 1 e 14KaCaMoKa.790      
6202.259300 0.001000   1.000e-03   16 4 0 0 1 2 e 17 1 0 0 0 1 e 14KaCaMoKa.791      
6194.105000 0.001000   1.000e-03   26 4 0 0 1 2 e 27 1 0 0 0 1 e 14KaCaMoKa.792      
6191.571800 0.001000   1.000e-03   29 4 0 0 1 2 e 30 1 0 0 0 1 e 14KaCaMoKa.793      
6189.863300 0.001000   1.000e-03   31 4 0 0 1 2 e 32 1 0 0 0 1 e 14KaCaMoKa.794      
6040.309100 0.001000   1.000e-03   4 4 0 0 1 3 e  5 1 0 0 0 1 e  14KaCaMoKa.795      
6038.025400 0.001000   1.000e-03   7 4 0 0 1 3 e  8 1 0 0 0 1 e  14KaCaMoKa.796      
6037.247100 0.001000   1.000e-03   8 4 0 0 1 3 e  9 1 0 0 0 1 e  14KaCaMoKa.797      
6034.869900 0.001000   1.000e-03   11 4 0 0 1 3 e 12 1 0 0 0 1 e 14KaCaMoKa.798      
6033.246100 0.001000   1.000e-03   13 4 0 0 1 3 e 14 1 0 0 0 1 e 14KaCaMoKa.799      
6151.388600 0.001000   1.000e-03   4 4 0 0 1 3 e  5 1 0 0 0 2 e  14KaCaMoKa.800      
6150.643000 0.001000   1.000e-03   5 4 0 0 1 3 e  6 1 0 0 0 2 e  14KaCaMoKa.801      
6147.596700 0.001000   1.000e-03   9 4 0 0 1 3 e  10 1 0 0 0 2 e 14KaCaMoKa.802      
6146.034900 0.001000   1.000e-03   11 4 0 0 1 3 e 12 1 0 0 0 2 e 14KaCaMoKa.803      
6145.244800 0.001000   1.000e-03   12 4 0 0 1 3 e 13 1 0 0 0 2 e 14KaCaMoKa.804      
6144.448900 0.001000   1.000e-03   13 4 0 0 1 3 e 14 1 0 0 0 2 e 14KaCaMoKa.805      
6143.645400 0.001000   1.000e-03   14 4 0 0 1 3 e 15 1 0 0 0 2 e 14KaCaMoKa.806      
6141.198800 0.001000   1.000e-03   17 4 0 0 1 3 e 18 1 0 0 0 2 e 14KaCaMoKa.807      
6139.536800 0.001000   1.000e-03   19 4 0 0 1 3 e 20 1 0 0 0 2 e 14KaCaMoKa.808      
6136.138200 0.001000   1.000e-03   23 4 0 0 1 3 e 24 1 0 0 0 2 e 14KaCaMoKa.809      
6134.403400 0.001000   1.000e-03   25 4 0 0 1 3 e 26 1 0 0 0 2 e 14KaCaMoKa.810      
6025.560600 0.001000   1.000e-03   1 4 0 0 1 4 e  2 1 0 0 0 2 e  14KaCaMoKa.811      
6024.100200 0.001000   1.000e-03   3 4 0 0 1 4 e  4 1 0 0 0 2 e  14KaCaMoKa.812      
6023.360800 0.001000   2.652e-03   4 4 0 0 1 4 e  5 1 0 0 0 2 e  14KaCaMoKa.813      
6022.611800 0.001000   1.409e-03   5 4 0 0 1 4 e  6 1 0 0 0 2 e  14KaCaMoKa.814      
6021.854500 0.001000   1.000e-03   6 4 0 0 1 4 e  7 1 0 0 0 2 e  14KaCaMoKa.815      
6021.093000 0.001000   1.000e-03   7 4 0 0 1 4 e  8 1 0 0 0 2 e  14KaCaMoKa.816      
6020.324300 0.001000   1.000e-03   8 4 0 0 1 4 e  9 1 0 0 0 2 e  14KaCaMoKa.817      
6017.975000 0.001000   1.000e-03   11 4 0 0 1 4 e 12 1 0 0 0 2 e 14KaCaMoKa.818      
6017.179400 0.001000   1.000e-03   12 4 0 0 1 4 e 13 1 0 0 0 2 e 14KaCaMoKa.819      
6016.375500 0.001000   1.000e-03   13 4 0 0 1 4 e 14 1 0 0 0 2 e 14KaCaMoKa.820      
6015.565800 0.001000   1.000e-03   14 4 0 0 1 4 e 15 1 0 0 0 2 e 14KaCaMoKa.821      
6014.748200 0.001000   1.000e-03   15 4 0 0 1 4 e 16 1 0 0 0 2 e 14KaCaMoKa.822      
6013.092900 0.001000   1.000e-03   17 4 0 0 1 4 e 18 1 0 0 0 2 e 14KaCaMoKa.823      
6012.254000 0.001000   1.000e-03   18 4 0 0 1 4 e 19 1 0 0 0 2 e 14KaCaMoKa.824      
6010.556600 0.001000   1.000e-03   20 4 0 0 1 4 e 21 1 0 0 0 2 e 14KaCaMoKa.825      
6009.697400 0.001000   1.000e-03   21 4 0 0 1 4 e 22 1 0 0 0 2 e 14KaCaMoKa.826      
6007.957200 0.001000   1.000e-03   23 4 0 0 1 4 e 24 1 0 0 0 2 e 14KaCaMoKa.827      
6005.297400 0.001000   1.000e-03   26 4 0 0 1 4 e 27 1 0 0 0 2 e 14KaCaMoKa.828      
6004.395500 0.001000   1.000e-03   27 4 0 0 1 4 e 28 1 0 0 0 2 e 14KaCaMoKa.829      
6002.572800 0.001000   1.000e-03   29 4 0 0 1 4 e 30 1 0 0 0 2 e 14KaCaMoKa.830      
5995.964400 0.001000   1.000e-03   36 4 0 0 1 4 e 37 1 0 0 0 2 e 14KaCaMoKa.831      
5990.024900 0.001000   1.000e-03   42 4 0 0 1 4 e 43 1 0 0 0 2 e 14KaCaMoKa.832      
5989.008300 0.001000   1.000e-03   43 4 0 0 1 4 e 44 1 0 0 0 2 e 14KaCaMoKa.833      
5987.986600 0.001000   1.000e-03   44 4 0 0 1 4 e 45 1 0 0 0 2 e 14KaCaMoKa.834      
5985.921900 0.001000   1.000e-03   46 4 0 0 1 4 e 47 1 0 0 0 2 e 14KaCaMoKa.835      
5984.876000 0.001000   1.000e-03   47 4 0 0 1 4 e 48 1 0 0 0 2 e 14KaCaMoKa.836      
6856.598600 0.001000   1.000e-03   5 0 1 1 3 1 e  5 0 1 1 0 1 f  14KaCaMoKa.837      
6856.492200 0.001000   1.000e-03   6 0 1 1 3 1 e  6 0 1 1 0 1 f  14KaCaMoKa.838      
6856.368200 0.001000   1.634e-03   7 0 1 1 3 1 e  7 0 1 1 0 1 f  14KaCaMoKa.839      
6820.028800 0.001000   1.000e-03   2 0 2 2 3 1 e  2 0 2 2 0 1 f  14KaCaMoKa.840      
6819.979300 0.001000   1.000e-03   3 0 2 2 3 1 e  3 0 2 2 0 1 f  14KaCaMoKa.841      
6819.912600 0.001000   1.000e-03   4 0 2 2 3 1 e  4 0 2 2 0 1 f  14KaCaMoKa.842      
6820.028800 0.001000   1.000e-03   2 0 2 2 3 1 f  2 0 2 2 0 1 e  14KaCaMoKa.843      
6819.979300 0.001000   1.000e-03   3 0 2 2 3 1 f  3 0 2 2 0 1 e  14KaCaMoKa.844      
6819.912600 0.001000   1.000e-03   4 0 2 2 3 1 f  4 0 2 2 0 1 e  14KaCaMoKa.845      
6586.122600 0.001000   1.000e-03   1 1 1 1 2 1 f  1 0 0 0 0 1 e  14KaCaMoKa.846      
6585.953600 0.001000   1.000e-03   6 1 1 1 2 1 f  6 0 0 0 0 1 e  14KaCaMoKa.847      
6585.894000 0.001000   1.000e-03   7 1 1 1 2 1 f  7 0 0 0 0 1 e  14KaCaMoKa.848      
6585.826700 0.001000   1.000e-03   8 1 1 1 2 1 f  8 0 0 0 0 1 e  14KaCaMoKa.849      
6585.749500 0.001000   1.000e-03   9 1 1 1 2 1 f  9 0 0 0 0 1 e  14KaCaMoKa.850      
6585.665000 0.001000   1.000e-03   10 1 1 1 2 1 f 10 0 0 0 0 1 e 14KaCaMoKa.851      
6585.359900 0.001000   1.000e-03   13 1 1 1 2 1 f 13 0 0 0 0 1 e 14KaCaMoKa.852      
6585.241200 0.001000   1.000e-03   14 1 1 1 2 1 f 14 0 0 0 0 1 e 14KaCaMoKa.853      
6585.114100 0.001000   1.000e-03   15 1 1 1 2 1 f 15 0 0 0 0 1 e 14KaCaMoKa.854      
6584.978800 0.001000   1.000e-03   16 1 1 1 2 1 f 16 0 0 0 0 1 e 14KaCaMoKa.855      
6584.834600 0.001000   1.000e-03   17 1 1 1 2 1 f 17 0 0 0 0 1 e 14KaCaMoKa.856      
6584.682400 0.001000   1.000e-03   18 1 1 1 2 1 f 18 0 0 0 0 1 e 14KaCaMoKa.857      
6584.352100 0.001000   1.000e-03   20 1 1 1 2 1 f 20 0 0 0 0 1 e 14KaCaMoKa.858      
6584.174300 0.001000   1.051e-03   21 1 1 1 2 1 f 21 0 0 0 0 1 e 14KaCaMoKa.859      
6583.987800 0.001000   1.000e-03   22 1 1 1 2 1 f 22 0 0 0 0 1 e 14KaCaMoKa.860      
6583.793700 0.001000   1.000e-03   23 1 1 1 2 1 f 23 0 0 0 0 1 e 14KaCaMoKa.861      
6583.590300 0.001000   1.000e-03   24 1 1 1 2 1 f 24 0 0 0 0 1 e 14KaCaMoKa.862      
6583.379400 0.001000   1.000e-03   25 1 1 1 2 1 f 25 0 0 0 0 1 e 14KaCaMoKa.863      
6582.931200 0.001000   1.000e-03   27 1 1 1 2 1 f 27 0 0 0 0 1 e 14KaCaMoKa.864      
6582.694800 0.001000   1.000e-03   28 1 1 1 2 1 f 28 0 0 0 0 1 e 14KaCaMoKa.865      
6582.450200 0.001000   1.000e-03   29 1 1 1 2 1 f 29 0 0 0 0 1 e 14KaCaMoKa.866      
6582.196800 0.001000   1.000e-03   30 1 1 1 2 1 f 30 0 0 0 0 1 e 14KaCaMoKa.867      
6581.934600 0.001000   1.000e-03   31 1 1 1 2 1 f 31 0 0 0 0 1 e 14KaCaMoKa.868      
6581.665000 0.001000   1.000e-03   32 1 1 1 2 1 f 32 0 0 0 0 1 e 14KaCaMoKa.869      
6581.386600 0.001000   1.000e-03   33 1 1 1 2 1 f 33 0 0 0 0 1 e 14KaCaMoKa.870      
6581.099800 0.001000   1.000e-03   34 1 1 1 2 1 f 34 0 0 0 0 1 e 14KaCaMoKa.871      
6580.804200 0.001000   1.000e-03   35 1 1 1 2 1 f 35 0 0 0 0 1 e 14KaCaMoKa.872      
6580.502300 0.001000   1.000e-03   36 1 1 1 2 1 f 36 0 0 0 0 1 e 14KaCaMoKa.873      
6580.189900 0.001000   1.000e-03   37 1 1 1 2 1 f 37 0 0 0 0 1 e 14KaCaMoKa.874      
6579.870400 0.001000   1.000e-03   38 1 1 1 2 1 f 38 0 0 0 0 1 e 14KaCaMoKa.875      
6579.542000 0.001000   1.000e-03   39 1 1 1 2 1 f 39 0 0 0 0 1 e 14KaCaMoKa.876      
6579.204600 0.001000   1.000e-03   40 1 1 1 2 1 f 40 0 0 0 0 1 e 14KaCaMoKa.877      
6578.507800 0.001000   1.000e-03   42 1 1 1 2 1 f 42 0 0 0 0 1 e 14KaCaMoKa.878      
6577.776900 0.001000   1.000e-03   44 1 1 1 2 1 f 44 0 0 0 0 1 e 14KaCaMoKa.879      
6576.618500 0.001000   1.000e-03   47 1 1 1 2 1 f 47 0 0 0 0 1 e 14KaCaMoKa.880      
6576.216300 0.001000   1.000e-03   48 1 1 1 2 1 f 48 0 0 0 0 1 e 14KaCaMoKa.881      
6575.387200 0.001000   1.000e-03   50 1 1 1 2 1 f 50 0 0 0 0 1 e 14KaCaMoKa.882      
6573.630700 0.001000   1.000e-03   54 1 1 1 2 1 f 54 0 0 0 0 1 e 14KaCaMoKa.883      
6572.703600 0.001000   1.000e-03   56 1 1 1 2 1 f 56 0 0 0 0 1 e 14KaCaMoKa.884      
6440.833500 0.001000   1.000e-03   1 1 1 1 2 2 f  1 0 0 0 0 1 e  14KaCaMoKa.885      
6440.788300 0.001000   1.000e-03   3 1 1 1 2 2 f  3 0 0 0 0 1 e  14KaCaMoKa.886      
6440.708100 0.001000   1.000e-03   5 1 1 1 2 2 f  5 0 0 0 0 1 e  14KaCaMoKa.887      
6440.654300 0.001000   1.000e-03   6 1 1 1 2 2 f  6 0 0 0 0 1 e  14KaCaMoKa.888      
6440.349200 0.001000   1.000e-03   10 1 1 1 2 2 f 10 0 0 0 0 1 e 14KaCaMoKa.889      
6440.250500 0.001000   1.000e-03   11 1 1 1 2 2 f 11 0 0 0 0 1 e 14KaCaMoKa.890      
6440.142600 0.001000   1.000e-03   12 1 1 1 2 2 f 12 0 0 0 0 1 e 14KaCaMoKa.891      
6440.025900 0.001000   1.000e-03   13 1 1 1 2 2 f 13 0 0 0 0 1 e 14KaCaMoKa.892      
6439.900200 0.001000   1.000e-03   14 1 1 1 2 2 f 14 0 0 0 0 1 e 14KaCaMoKa.893      
6439.765800 0.001000   1.000e-03   15 1 1 1 2 2 f 15 0 0 0 0 1 e 14KaCaMoKa.894      
6439.622100 0.001000   1.000e-03   16 1 1 1 2 2 f 16 0 0 0 0 1 e 14KaCaMoKa.895      
6439.469200 0.001000   1.000e-03   17 1 1 1 2 2 f 17 0 0 0 0 1 e 14KaCaMoKa.896      
6439.307900 0.001000   1.000e-03   18 1 1 1 2 2 f 18 0 0 0 0 1 e 14KaCaMoKa.897      
6439.136200 0.001000   1.000e-03   19 1 1 1 2 2 f 19 0 0 0 0 1 e 14KaCaMoKa.898      
6438.956800 0.001000   1.000e-03   20 1 1 1 2 2 f 20 0 0 0 0 1 e 14KaCaMoKa.899      
6438.768600 0.001000   1.253e-03   21 1 1 1 2 2 f 21 0 0 0 0 1 e 14KaCaMoKa.900      
6438.362800 0.001000   1.000e-03   23 1 1 1 2 2 f 23 0 0 0 0 1 e 14KaCaMoKa.901      
6438.147200 0.001000   1.000e-03   24 1 1 1 2 2 f 24 0 0 0 0 1 e 14KaCaMoKa.902      
6437.922400 0.001000   1.477e-03   25 1 1 1 2 2 f 25 0 0 0 0 1 e 14KaCaMoKa.903      
6437.687800 0.001000   1.000e-03   26 1 1 1 2 2 f 26 0 0 0 0 1 e 14KaCaMoKa.904      
6437.444800 0.001000   1.639e-03   27 1 1 1 2 2 f 27 0 0 0 0 1 e 14KaCaMoKa.905      
6437.190900 0.001000   1.000e-03   28 1 1 1 2 2 f 28 0 0 0 0 1 e 14KaCaMoKa.906      
6436.659600 0.001000   2.330e-03   30 1 1 1 2 2 f 30 0 0 0 0 1 e 14KaCaMoKa.907      
6435.792400 0.001000   1.000e-03   33 1 1 1 2 2 f 33 0 0 0 0 1 e 14KaCaMoKa.908      
6435.483800 0.001000   1.000e-03   34 1 1 1 2 2 f 34 0 0 0 0 1 e 14KaCaMoKa.909      
6435.167600 0.001000   1.000e-03   35 1 1 1 2 2 f 35 0 0 0 0 1 e 14KaCaMoKa.910      
6434.841900 0.001000   1.000e-03   36 1 1 1 2 2 f 36 0 0 0 0 1 e 14KaCaMoKa.911      
6434.506800 0.001000   1.000e-03   37 1 1 1 2 2 f 37 0 0 0 0 1 e 14KaCaMoKa.912      
6434.163100 0.001000   1.000e-03   38 1 1 1 2 2 f 38 0 0 0 0 1 e 14KaCaMoKa.913      
6433.808100 0.001000   1.000e-03   39 1 1 1 2 2 f 39 0 0 0 0 1 e 14KaCaMoKa.914      
6432.300800 0.001000   1.000e-03   43 1 1 1 2 2 f 43 0 0 0 0 1 e 14KaCaMoKa.915      
6431.901400 0.001000   1.000e-03   44 1 1 1 2 2 f 44 0 0 0 0 1 e 14KaCaMoKa.916      
6431.491500 0.001000   1.000e-03   45 1 1 1 2 2 f 45 0 0 0 0 1 e 14KaCaMoKa.917      
6431.073000 0.001000   1.000e-03   46 1 1 1 2 2 f 46 0 0 0 0 1 e 14KaCaMoKa.918      
6429.302700 0.001000   1.948e-03   50 1 1 1 2 2 f 50 0 0 0 0 1 e 14KaCaMoKa.919      
6577.526400 0.001000   1.000e-03   8 1 2 2 2 1 f  8 0 1 1 0 1 e  14KaCaMoKa.920      
6577.358200 0.001000   1.000e-03   10 1 2 2 2 1 f 10 0 1 1 0 1 e 14KaCaMoKa.921      
6577.261200 0.001000   1.000e-03   11 1 2 2 2 1 f 11 0 1 1 0 1 e 14KaCaMoKa.922      
6577.155200 0.001000   1.000e-03   12 1 2 2 2 1 f 12 0 1 1 0 1 e 14KaCaMoKa.923      
6576.786700 0.001000   1.000e-03   15 1 2 2 2 1 f 15 0 1 1 0 1 e 14KaCaMoKa.924      
6576.646000 0.001000   1.000e-03   16 1 2 2 2 1 f 16 0 1 1 0 1 e 14KaCaMoKa.925      
6575.993500 0.001000   1.000e-03   20 1 2 2 2 1 f 20 0 1 1 0 1 e 14KaCaMoKa.926      
6575.414100 0.001000   1.000e-03   23 1 2 2 2 1 f 23 0 1 1 0 1 e 14KaCaMoKa.927      
6574.755600 0.001000   1.000e-03   26 1 2 2 2 1 f 26 0 1 1 0 1 e 14KaCaMoKa.928      
6573.754200 0.001000   1.000e-03   30 1 2 2 2 1 f 30 0 1 1 0 1 e 14KaCaMoKa.929      
6573.484500 0.001000   1.000e-03   31 1 2 2 2 1 f 31 0 1 1 0 1 e 14KaCaMoKa.930      
6572.915300 0.001000   1.000e-03   33 1 2 2 2 1 f 33 0 1 1 0 1 e 14KaCaMoKa.931      
6576.945800 0.001000   1.000e-03   13 1 2 2 2 1 e 13 0 1 1 0 1 f 14KaCaMoKa.932      
6576.660900 0.001000   1.000e-03   15 1 2 2 2 1 e 15 0 1 1 0 1 f 14KaCaMoKa.933      
6575.775400 0.001000   1.000e-03   20 1 2 2 2 1 e 20 0 1 1 0 1 f 14KaCaMoKa.934      
6574.886700 0.001000   1.000e-03   24 1 2 2 2 1 e 24 0 1 1 0 1 f 14KaCaMoKa.935      
6574.639200 0.001000   1.000e-03   25 1 2 2 2 1 e 25 0 1 1 0 1 f 14KaCaMoKa.936      
6574.114700 0.001000   1.000e-03   27 1 2 2 2 1 e 27 0 1 1 0 1 f 14KaCaMoKa.937      
6571.629900 0.001000   1.000e-03   35 1 2 2 2 1 e 35 0 1 1 0 1 f 14KaCaMoKa.938      
6604.617200 0.001000   1.000e-03   14 2 0 0 2 1 e 14 0 1 1 0 1 f 14KaCaMoKa.939      
6603.890100 0.001000   2.505e-03   18 2 0 0 2 1 e 18 0 1 1 0 1 f 14KaCaMoKa.940      
6603.229000 0.001000   1.000e-03   21 2 0 0 2 1 e 21 0 1 1 0 1 f 14KaCaMoKa.941      
6894.408900 0.001000   1.000e-03   1 0 0 0 3 1 e  0 0 0 0 0 1 e  14KaCaMoKa.942      
6895.089300 0.001000   1.000e-03   2 0 0 0 3 1 e  1 0 0 0 0 1 e  14KaCaMoKa.943      
6895.752900 0.001000   1.000e-03   3 0 0 0 3 1 e  2 0 0 0 0 1 e  14KaCaMoKa.944      
6896.399100 0.001000   1.000e-03   4 0 0 0 3 1 e  3 0 0 0 0 1 e  14KaCaMoKa.945      
6897.028700 0.001000   1.000e-03   5 0 0 0 3 1 e  4 0 0 0 0 1 e  14KaCaMoKa.946      
6897.641600 0.001000   1.000e-03   6 0 0 0 3 1 e  5 0 0 0 0 1 e  14KaCaMoKa.947      
6898.239000 0.001000   1.000e-03   7 0 0 0 3 1 e  6 0 0 0 0 1 e  14KaCaMoKa.948      
6898.816400 0.001000   1.000e-03   8 0 0 0 3 1 e  7 0 0 0 0 1 e  14KaCaMoKa.949      
6899.379100 0.001000   1.000e-03   9 0 0 0 3 1 e  8 0 0 0 0 1 e  14KaCaMoKa.950      
6899.923800 0.001000   1.000e-03   10 0 0 0 3 1 e 9 0 0 0 0 1 e  14KaCaMoKa.951      
6900.453100 0.001000   1.000e-03   11 0 0 0 3 1 e 10 0 0 0 0 1 e 14KaCaMoKa.952      
6900.964600 0.001000   1.000e-03   12 0 0 0 3 1 e 11 0 0 0 0 1 e 14KaCaMoKa.953      
6901.459400 0.001000   1.000e-03   13 0 0 0 3 1 e 12 0 0 0 0 1 e 14KaCaMoKa.954      
6901.937900 0.001000   1.000e-03   14 0 0 0 3 1 e 13 0 0 0 0 1 e 14KaCaMoKa.955      
6902.398400 0.001000   1.000e-03   15 0 0 0 3 1 e 14 0 0 0 0 1 e 14KaCaMoKa.956      
6902.843400 0.001000   1.000e-03   16 0 0 0 3 1 e 15 0 0 0 0 1 e 14KaCaMoKa.957      
6903.269800 0.001000   1.000e-03   17 0 0 0 3 1 e 16 0 0 0 0 1 e 14KaCaMoKa.958      
6903.681200 0.001000   1.000e-03   18 0 0 0 3 1 e 17 0 0 0 0 1 e 14KaCaMoKa.959      
6904.074200 0.001000   1.000e-03   19 0 0 0 3 1 e 18 0 0 0 0 1 e 14KaCaMoKa.960      
6904.450600 0.001000   1.000e-03   20 0 0 0 3 1 e 19 0 0 0 0 1 e 14KaCaMoKa.961      
6904.810400 0.001000   1.000e-03   21 0 0 0 3 1 e 20 0 0 0 0 1 e 14KaCaMoKa.962      
6905.153400 0.001000   1.000e-03   22 0 0 0 3 1 e 21 0 0 0 0 1 e 14KaCaMoKa.963      
6905.479400 0.001000   1.000e-03   23 0 0 0 3 1 e 22 0 0 0 0 1 e 14KaCaMoKa.964      
6905.788200 0.001000   1.000e-03   24 0 0 0 3 1 e 23 0 0 0 0 1 e 14KaCaMoKa.965      
6906.080700 0.001000   1.000e-03   25 0 0 0 3 1 e 24 0 0 0 0 1 e 14KaCaMoKa.966      
6906.356500 0.001000   1.000e-03   26 0 0 0 3 1 e 25 0 0 0 0 1 e 14KaCaMoKa.967      
6906.614900 0.001000   1.000e-03   27 0 0 0 3 1 e 26 0 0 0 0 1 e 14KaCaMoKa.968      
6906.856200 0.001000   1.000e-03   28 0 0 0 3 1 e 27 0 0 0 0 1 e 14KaCaMoKa.969      
6907.081000 0.001000   1.000e-03   29 0 0 0 3 1 e 28 0 0 0 0 1 e 14KaCaMoKa.970      
6907.289100 0.001000   1.000e-03   30 0 0 0 3 1 e 29 0 0 0 0 1 e 14KaCaMoKa.971      
6907.479600 0.001000   1.000e-03   31 0 0 0 3 1 e 30 0 0 0 0 1 e 14KaCaMoKa.972      
6907.653400 0.001000   1.000e-03   32 0 0 0 3 1 e 31 0 0 0 0 1 e 14KaCaMoKa.973      
6907.810800 0.001000   1.000e-03   33 0 0 0 3 1 e 32 0 0 0 0 1 e 14KaCaMoKa.974      
6907.950500 0.001000   1.000e-03   34 0 0 0 3 1 e 33 0 0 0 0 1 e 14KaCaMoKa.975      
6908.074000 0.001000   1.000e-03   35 0 0 0 3 1 e 34 0 0 0 0 1 e 14KaCaMoKa.976      
6908.179900 0.001000   1.000e-03   36 0 0 0 3 1 e 35 0 0 0 0 1 e 14KaCaMoKa.977      
6908.269700 0.001000   1.000e-03   37 0 0 0 3 1 e 36 0 0 0 0 1 e 14KaCaMoKa.978      
6908.397500 0.001000   1.000e-03   39 0 0 0 3 1 e 38 0 0 0 0 1 e 14KaCaMoKa.979      
6908.436000 0.001000   1.000e-03   40 0 0 0 3 1 e 39 0 0 0 0 1 e 14KaCaMoKa.980      
6908.421200 0.001000   1.000e-03   44 0 0 0 3 1 e 43 0 0 0 0 1 e 14KaCaMoKa.981      
6908.311500 0.001000   1.000e-03   46 0 0 0 3 1 e 45 0 0 0 0 1 e 14KaCaMoKa.982      
6908.232100 0.001000   1.000e-03   47 0 0 0 3 1 e 46 0 0 0 0 1 e 14KaCaMoKa.983      
6908.135200 0.001000   1.000e-03   48 0 0 0 3 1 e 47 0 0 0 0 1 e 14KaCaMoKa.984      
6908.021400 0.001000   1.000e-03   49 0 0 0 3 1 e 48 0 0 0 0 1 e 14KaCaMoKa.985      
6907.891000 0.001000   1.000e-03   50 0 0 0 3 1 e 49 0 0 0 0 1 e 14KaCaMoKa.986      
6907.743400 0.001000   1.000e-03   51 0 0 0 3 1 e 50 0 0 0 0 1 e 14KaCaMoKa.987      
6907.578000 0.001000   1.000e-03   52 0 0 0 3 1 e 51 0 0 0 0 1 e 14KaCaMoKa.988      
6907.396400 0.001000   1.000e-03   53 0 0 0 3 1 e 52 0 0 0 0 1 e 14KaCaMoKa.989      
6907.198500 0.001000   1.000e-03   54 0 0 0 3 1 e 53 0 0 0 0 1 e 14KaCaMoKa.990      
6906.982500 0.001000   1.000e-03   55 0 0 0 3 1 e 54 0 0 0 0 1 e 14KaCaMoKa.991      
6906.750700 0.001000   1.000e-03   56 0 0 0 3 1 e 55 0 0 0 0 1 e 14KaCaMoKa.992      
6906.500900 0.001000   1.000e-03   57 0 0 0 3 1 e 56 0 0 0 0 1 e 14KaCaMoKa.993      
6906.235600 0.001000   1.000e-03   58 0 0 0 3 1 e 57 0 0 0 0 1 e 14KaCaMoKa.994      
6905.650500 0.001000   1.000e-03   60 0 0 0 3 1 e 59 0 0 0 0 1 e 14KaCaMoKa.995      
6905.333800 0.001000   1.000e-03   61 0 0 0 3 1 e 60 0 0 0 0 1 e 14KaCaMoKa.996      
6904.647800 0.001000   1.000e-03   63 0 0 0 3 1 e 62 0 0 0 0 1 e 14KaCaMoKa.997      
6903.895000 0.001000   1.000e-03   65 0 0 0 3 1 e 64 0 0 0 0 1 e 14KaCaMoKa.998      
6903.493200 0.001000   1.000e-03   66 0 0 0 3 1 e 65 0 0 0 0 1 e 14KaCaMoKa.999      
6902.638100 0.001000   1.000e-03   68 0 0 0 3 1 e 67 0 0 0 0 1 e 14KaCaMoKa.1000     
6858.244100 0.001000   1.000e-03   2 0 1 1 3 1 e  1 0 1 1 0 1 e  14KaCaMoKa.1001     
6860.186900 0.001000   1.000e-03   5 0 1 1 3 1 e  4 0 1 1 0 1 e  14KaCaMoKa.1002     
6860.799400 0.001000   1.304e-03   6 0 1 1 3 1 e  5 0 1 1 0 1 e  14KaCaMoKa.1003     
6861.397100 0.001000   1.634e-03   7 0 1 1 3 1 e  6 0 1 1 0 1 e  14KaCaMoKa.1004     
6861.978500 0.001000   1.000e-03   8 0 1 1 3 1 e  7 0 1 1 0 1 e  14KaCaMoKa.1005     
6863.625100 0.001000   1.000e-03   11 0 1 1 3 1 e 10 0 1 1 0 1 e 14KaCaMoKa.1006     
6864.633500 0.001000   1.651e-03   13 0 1 1 3 1 e 12 0 1 1 0 1 e 14KaCaMoKa.1007     
6865.117700 0.001000   1.000e-03   14 0 1 1 3 1 e 13 0 1 1 0 1 e 14KaCaMoKa.1008     
6865.581600 0.001000   1.000e-03   15 0 1 1 3 1 e 14 0 1 1 0 1 e 14KaCaMoKa.1009     
6866.459500 0.001000   1.000e-03   17 0 1 1 3 1 e 16 0 1 1 0 1 e 14KaCaMoKa.1010     
6866.872800 0.001000   1.000e-03   18 0 1 1 3 1 e 17 0 1 1 0 1 e 14KaCaMoKa.1011     
6867.271600 0.001000   1.000e-03   19 0 1 1 3 1 e 18 0 1 1 0 1 e 14KaCaMoKa.1012     
6868.013500 0.001000   1.000e-03   21 0 1 1 3 1 e 20 0 1 1 0 1 e 14KaCaMoKa.1013     
6868.361800 0.001000   1.000e-03   22 0 1 1 3 1 e 21 0 1 1 0 1 e 14KaCaMoKa.1014     
6868.691000 0.001000   1.000e-03   23 0 1 1 3 1 e 22 0 1 1 0 1 e 14KaCaMoKa.1015     
6869.303300 0.001000   1.000e-03   25 0 1 1 3 1 e 24 0 1 1 0 1 e 14KaCaMoKa.1016     
6869.581500 0.001000   1.000e-03   26 0 1 1 3 1 e 25 0 1 1 0 1 e 14KaCaMoKa.1017     
6869.845400 0.001000   1.000e-03   27 0 1 1 3 1 e 26 0 1 1 0 1 e 14KaCaMoKa.1018     
6870.092200 0.001000   1.000e-03   28 0 1 1 3 1 e 27 0 1 1 0 1 e 14KaCaMoKa.1019     
6870.532300 0.001000   1.000e-03   30 0 1 1 3 1 e 29 0 1 1 0 1 e 14KaCaMoKa.1020     
6870.728700 0.001000   3.196e-03   31 0 1 1 3 1 e 30 0 1 1 0 1 e 14KaCaMoKa.1021     
6870.910600 0.001000   1.000e-03   32 0 1 1 3 1 e 31 0 1 1 0 1 e 14KaCaMoKa.1022     
6871.072000 0.001000   1.000e-03   33 0 1 1 3 1 e 32 0 1 1 0 1 e 14KaCaMoKa.1023     
6871.217200 0.001000   1.248e-03   34 0 1 1 3 1 e 33 0 1 1 0 1 e 14KaCaMoKa.1024     
6871.348100 0.001000   1.000e-03   35 0 1 1 3 1 e 34 0 1 1 0 1 e 14KaCaMoKa.1025     
6871.555700 0.001000   1.000e-03   37 0 1 1 3 1 e 36 0 1 1 0 1 e 14KaCaMoKa.1026     
6871.634800 0.001000   1.000e-03   38 0 1 1 3 1 e 37 0 1 1 0 1 e 14KaCaMoKa.1027     
6871.697800 0.001000   1.000e-03   39 0 1 1 3 1 e 38 0 1 1 0 1 e 14KaCaMoKa.1028     
6871.665000 0.001000   1.000e-03   46 0 1 1 3 1 e 45 0 1 1 0 1 e 14KaCaMoKa.1029     
6871.590300 0.001000   1.000e-03   47 0 1 1 3 1 e 46 0 1 1 0 1 e 14KaCaMoKa.1030     
6858.247900 0.001000   1.798e-03   2 0 1 1 3 1 f  1 0 1 1 0 1 f  14KaCaMoKa.1031     
6860.192100 0.001000   1.000e-03   5 0 1 1 3 1 f  4 0 1 1 0 1 f  14KaCaMoKa.1032     
6860.805700 0.001000   2.065e-03   6 0 1 1 3 1 f  5 0 1 1 0 1 f  14KaCaMoKa.1033     
6861.403800 0.001000   1.000e-03   7 0 1 1 3 1 f  6 0 1 1 0 1 f  14KaCaMoKa.1034     
6861.987000 0.001000   1.000e-03   8 0 1 1 3 1 f  7 0 1 1 0 1 f  14KaCaMoKa.1035     
6863.632800 0.001000   1.126e-03   11 0 1 1 3 1 f 10 0 1 1 0 1 f 14KaCaMoKa.1036     
6864.640900 0.001000   1.351e-03   13 0 1 1 3 1 f 12 0 1 1 0 1 f 14KaCaMoKa.1037     
6865.124500 0.001000   1.000e-03   14 0 1 1 3 1 f 13 0 1 1 0 1 f 14KaCaMoKa.1038     
6865.588800 0.001000   1.000e-03   15 0 1 1 3 1 f 14 0 1 1 0 1 f 14KaCaMoKa.1039     
6866.466100 0.001000   1.000e-03   17 0 1 1 3 1 f 16 0 1 1 0 1 f 14KaCaMoKa.1040     
6866.878400 0.001000   1.000e-03   18 0 1 1 3 1 f 17 0 1 1 0 1 f 14KaCaMoKa.1041     
6867.279200 0.001000   1.000e-03   19 0 1 1 3 1 f 18 0 1 1 0 1 f 14KaCaMoKa.1042     
6868.018600 0.001000   1.000e-03   21 0 1 1 3 1 f 20 0 1 1 0 1 f 14KaCaMoKa.1043     
6868.367300 0.001000   1.144e-03   22 0 1 1 3 1 f 21 0 1 1 0 1 f 14KaCaMoKa.1044     
6868.696100 0.001000   1.000e-03   23 0 1 1 3 1 f 22 0 1 1 0 1 f 14KaCaMoKa.1045     
6869.303300 0.001000   1.000e-03   25 0 1 1 3 1 f 24 0 1 1 0 1 f 14KaCaMoKa.1046     
6869.585800 0.001000   2.681e-03   26 0 1 1 3 1 f 25 0 1 1 0 1 f 14KaCaMoKa.1047     
6869.845400 0.001000   1.000e-03   27 0 1 1 3 1 f 26 0 1 1 0 1 f 14KaCaMoKa.1048     
6870.092200 0.001000   1.121e-03   28 0 1 1 3 1 f 27 0 1 1 0 1 f 14KaCaMoKa.1049     
6870.320800 0.001000   1.000e-03   29 0 1 1 3 1 f 28 0 1 1 0 1 f 14KaCaMoKa.1050     
6870.532300 0.001000   1.609e-03   30 0 1 1 3 1 f 29 0 1 1 0 1 f 14KaCaMoKa.1051     
6870.728700 0.001000   2.584e-03   31 0 1 1 3 1 f 30 0 1 1 0 1 f 14KaCaMoKa.1052     
6870.904700 0.001000   1.000e-03   32 0 1 1 3 1 f 31 0 1 1 0 1 f 14KaCaMoKa.1053     
6871.062900 0.001000   1.000e-03   33 0 1 1 3 1 f 32 0 1 1 0 1 f 14KaCaMoKa.1054     
6871.206600 0.001000   2.227e-03   34 0 1 1 3 1 f 33 0 1 1 0 1 f 14KaCaMoKa.1055     
6871.619100 0.001000   1.000e-03   38 0 1 1 3 1 f 37 0 1 1 0 1 f 14KaCaMoKa.1056     
6822.128400 0.001000   1.000e-03   3 0 2 2 3 1 e  2 0 2 2 0 1 e  14KaCaMoKa.1057     
6822.779300 0.001000   1.000e-03   4 0 2 2 3 1 e  3 0 2 2 0 1 e  14KaCaMoKa.1058     
6824.028800 0.001000   1.000e-03   6 0 2 2 3 1 e  5 0 2 2 0 1 e  14KaCaMoKa.1059     
6825.213400 0.001000   1.000e-03   8 0 2 2 3 1 e  7 0 2 2 0 1 e  14KaCaMoKa.1060     
6826.330600 0.001000   1.000e-03   10 0 2 2 3 1 e 9 0 2 2 0 1 e  14KaCaMoKa.1061     
6827.381300 0.001000   1.000e-03   12 0 2 2 3 1 e 11 0 2 2 0 1 e 14KaCaMoKa.1062     
6828.365400 0.001000   1.000e-03   14 0 2 2 3 1 e 13 0 2 2 0 1 e 14KaCaMoKa.1063     
6828.832700 0.001000   1.000e-03   15 0 2 2 3 1 e 14 0 2 2 0 1 e 14KaCaMoKa.1064     
6829.283700 0.001000   1.000e-03   16 0 2 2 3 1 e 15 0 2 2 0 1 e 14KaCaMoKa.1065     
6831.636400 0.001000   1.000e-03   22 0 2 2 3 1 e 21 0 2 2 0 1 e 14KaCaMoKa.1066     
6832.588600 0.001000   1.000e-03   25 0 2 2 3 1 e 24 0 2 2 0 1 e 14KaCaMoKa.1067     
6833.139200 0.001000   1.000e-03   27 0 2 2 3 1 e 26 0 2 2 0 1 e 14KaCaMoKa.1068     
6833.390300 0.001000   1.000e-03   28 0 2 2 3 1 e 27 0 2 2 0 1 e 14KaCaMoKa.1069     
6833.842800 0.001000   1.000e-03   30 0 2 2 3 1 e 29 0 2 2 0 1 e 14KaCaMoKa.1070     
6834.043900 0.001000   1.000e-03   31 0 2 2 3 1 e 30 0 2 2 0 1 e 14KaCaMoKa.1071     
6834.545400 0.001000   1.000e-03   34 0 2 2 3 1 e 33 0 2 2 0 1 e 14KaCaMoKa.1072     
6834.678700 0.001000   1.000e-03   35 0 2 2 3 1 e 34 0 2 2 0 1 e 14KaCaMoKa.1073     
6834.796900 0.001000   1.000e-03   36 0 2 2 3 1 e 35 0 2 2 0 1 e 14KaCaMoKa.1074     
6822.128400 0.001000   1.000e-03   3 0 2 2 3 1 f  2 0 2 2 0 1 f  14KaCaMoKa.1075     
6822.779300 0.001000   1.000e-03   4 0 2 2 3 1 f  3 0 2 2 0 1 f  14KaCaMoKa.1076     
6824.028800 0.001000   1.000e-03   6 0 2 2 3 1 f  5 0 2 2 0 1 f  14KaCaMoKa.1077     
6825.213400 0.001000   1.000e-03   8 0 2 2 3 1 f  7 0 2 2 0 1 f  14KaCaMoKa.1078     
6826.330600 0.001000   1.000e-03   10 0 2 2 3 1 f 9 0 2 2 0 1 f  14KaCaMoKa.1079     
6827.381300 0.001000   1.000e-03   12 0 2 2 3 1 f 11 0 2 2 0 1 f 14KaCaMoKa.1080     
6828.365400 0.001000   1.000e-03   14 0 2 2 3 1 f 13 0 2 2 0 1 f 14KaCaMoKa.1081     
6828.832700 0.001000   1.000e-03   15 0 2 2 3 1 f 14 0 2 2 0 1 f 14KaCaMoKa.1082     
6829.283700 0.001000   1.000e-03   16 0 2 2 3 1 f 15 0 2 2 0 1 f 14KaCaMoKa.1083     
6831.636400 0.001000   1.000e-03   22 0 2 2 3 1 f 21 0 2 2 0 1 f 14KaCaMoKa.1084     
6832.588600 0.001000   1.000e-03   25 0 2 2 3 1 f 24 0 2 2 0 1 f 14KaCaMoKa.1085     
6833.139200 0.001000   1.000e-03   27 0 2 2 3 1 f 26 0 2 2 0 1 f 14KaCaMoKa.1086     
6833.390300 0.001000   1.000e-03   28 0 2 2 3 1 f 27 0 2 2 0 1 f 14KaCaMoKa.1087     
6833.842800 0.001000   1.000e-03   30 0 2 2 3 1 f 29 0 2 2 0 1 f 14KaCaMoKa.1088     
6834.043900 0.001000   1.000e-03   31 0 2 2 3 1 f 30 0 2 2 0 1 f 14KaCaMoKa.1089     
6834.545400 0.001000   1.000e-03   34 0 2 2 3 1 f 33 0 2 2 0 1 f 14KaCaMoKa.1090     
6834.678700 0.001000   1.000e-03   35 0 2 2 3 1 f 34 0 2 2 0 1 f 14KaCaMoKa.1091     
6834.796900 0.001000   1.000e-03   36 0 2 2 3 1 f 35 0 2 2 0 1 f 14KaCaMoKa.1092     
5932.369100 0.001000   1.000e-03   3 1 0 0 2 1 e  2 0 0 0 0 1 e  14KaCaMoKa.1093     
5933.040800 0.001000   1.000e-03   4 1 0 0 2 1 e  3 0 0 0 0 1 e  14KaCaMoKa.1094     
5933.701900 0.001000   1.000e-03   5 1 0 0 2 1 e  4 0 0 0 0 1 e  14KaCaMoKa.1095     
5934.352900 0.001000   1.000e-03   6 1 0 0 2 1 e  5 0 0 0 0 1 e  14KaCaMoKa.1096     
5934.993900 0.001000   1.000e-03   7 1 0 0 2 1 e  6 0 0 0 0 1 e  14KaCaMoKa.1097     
5935.624200 0.001000   1.000e-03   8 1 0 0 2 1 e  7 0 0 0 0 1 e  14KaCaMoKa.1098     
5936.245100 0.001000   1.000e-03   9 1 0 0 2 1 e  8 0 0 0 0 1 e  14KaCaMoKa.1099     
5936.854300 0.001000   1.000e-03   10 1 0 0 2 1 e 9 0 0 0 0 1 e  14KaCaMoKa.1100     
5937.452600 0.001000   1.000e-03   11 1 0 0 2 1 e 10 0 0 0 0 1 e 14KaCaMoKa.1101     
5938.619900 0.001000   1.000e-03   13 1 0 0 2 1 e 12 0 0 0 0 1 e 14KaCaMoKa.1102     
5939.187800 0.001000   1.000e-03   14 1 0 0 2 1 e 13 0 0 0 0 1 e 14KaCaMoKa.1103     
5939.745400 0.001000   1.000e-03   15 1 0 0 2 1 e 14 0 0 0 0 1 e 14KaCaMoKa.1104     
5940.829300 0.001000   1.000e-03   17 1 0 0 2 1 e 16 0 0 0 0 1 e 14KaCaMoKa.1105     
5941.354300 0.001000   1.000e-03   18 1 0 0 2 1 e 17 0 0 0 0 1 e 14KaCaMoKa.1106     
5941.870900 0.001000   1.000e-03   19 1 0 0 2 1 e 18 0 0 0 0 1 e 14KaCaMoKa.1107     
5942.376000 0.001000   1.000e-03   20 1 0 0 2 1 e 19 0 0 0 0 1 e 14KaCaMoKa.1108     
5942.871100 0.001000   1.000e-03   21 1 0 0 2 1 e 20 0 0 0 0 1 e 14KaCaMoKa.1109     
5943.354500 0.001000   1.000e-03   22 1 0 0 2 1 e 21 0 0 0 0 1 e 14KaCaMoKa.1110     
5944.293000 0.001000   1.000e-03   24 1 0 0 2 1 e 23 0 0 0 0 1 e 14KaCaMoKa.1111     
5944.747100 0.001000   1.000e-03   25 1 0 0 2 1 e 24 0 0 0 0 1 e 14KaCaMoKa.1112     
5945.623200 0.001000   1.000e-03   27 1 0 0 2 1 e 26 0 0 0 0 1 e 14KaCaMoKa.1113     
5946.045100 0.001000   1.000e-03   28 1 0 0 2 1 e 27 0 0 0 0 1 e 14KaCaMoKa.1114     
5946.457500 0.001000   1.000e-03   29 1 0 0 2 1 e 28 0 0 0 0 1 e 14KaCaMoKa.1115     
5946.860400 0.001000   1.000e-03   30 1 0 0 2 1 e 29 0 0 0 0 1 e 14KaCaMoKa.1116     
5947.250800 0.001000   1.000e-03   31 1 0 0 2 1 e 30 0 0 0 0 1 e 14KaCaMoKa.1117     
5948.002700 0.001000   1.000e-03   33 1 0 0 2 1 e 32 0 0 0 0 1 e 14KaCaMoKa.1118     
5948.363300 0.001000   1.000e-03   34 1 0 0 2 1 e 33 0 0 0 0 1 e 14KaCaMoKa.1119     
5948.713400 0.001000   1.000e-03   35 1 0 0 2 1 e 34 0 0 0 0 1 e 14KaCaMoKa.1120     
5949.053000 0.001000   1.000e-03   36 1 0 0 2 1 e 35 0 0 0 0 1 e 14KaCaMoKa.1121     
5949.383100 0.001000   1.000e-03   37 1 0 0 2 1 e 36 0 0 0 0 1 e 14KaCaMoKa.1122     
5950.012000 0.001000   1.000e-03   39 1 0 0 2 1 e 38 0 0 0 0 1 e 14KaCaMoKa.1123     
5950.598600 0.001000   1.000e-03   41 1 0 0 2 1 e 40 0 0 0 0 1 e 14KaCaMoKa.1124     
5950.878400 0.001000   1.000e-03   42 1 0 0 2 1 e 41 0 0 0 0 1 e 14KaCaMoKa.1125     
5951.146500 0.001000   1.000e-03   43 1 0 0 2 1 e 42 0 0 0 0 1 e 14KaCaMoKa.1126     
5951.404800 0.001000   1.000e-03   44 1 0 0 2 1 e 43 0 0 0 0 1 e 14KaCaMoKa.1127     
6827.589800 0.001000   1.000e-03   3 1 0 0 3 1 e  2 1 0 0 0 1 e  14KaCaMoKa.1128     
6828.237300 0.001000   1.000e-03   4 1 0 0 3 1 e  3 1 0 0 0 1 e  14KaCaMoKa.1129     
6829.478000 0.001000   1.000e-03   6 1 0 0 3 1 e  5 1 0 0 0 1 e  14KaCaMoKa.1130     
6830.651900 0.001000   1.000e-03   8 1 0 0 3 1 e  7 1 0 0 0 1 e  14KaCaMoKa.1131     
6835.492500 0.001000   1.000e-03   18 1 0 0 3 1 e 17 1 0 0 0 1 e 14KaCaMoKa.1132     
6836.951700 0.001000   1.000e-03   22 1 0 0 3 1 e 21 1 0 0 0 1 e 14KaCaMoKa.1133     
6838.135500 0.001000   1.000e-03   26 1 0 0 3 1 e 25 1 0 0 0 1 e 14KaCaMoKa.1134     
6838.105000 0.001000   1.000e-03   6 1 0 0 3 2 e  5 1 0 0 0 2 e  14KaCaMoKa.1135     
6841.953600 0.001000   1.000e-03   13 1 0 0 3 2 e 12 1 0 0 0 2 e 14KaCaMoKa.1136     
6842.904300 0.001000   1.000e-03   15 1 0 0 3 2 e 14 1 0 0 0 2 e 14KaCaMoKa.1137     
6844.211900 0.001000   1.781e-03   18 1 0 0 3 2 e 17 1 0 0 0 2 e 14KaCaMoKa.1138     
6846.965300 0.001000   1.000e-03   26 1 0 0 3 2 e 25 1 0 0 0 2 e 14KaCaMoKa.1139     
6847.489700 0.001000   1.000e-03   28 1 0 0 3 2 e 27 1 0 0 0 2 e 14KaCaMoKa.1140     
6848.150900 0.001000   1.000e-03   31 1 0 0 3 2 e 30 1 0 0 0 2 e 14KaCaMoKa.1141     
6848.341300 0.001000   1.000e-03   32 1 0 0 3 2 e 31 1 0 0 0 2 e 14KaCaMoKa.1142     
6848.668500 0.001000   1.000e-03   34 1 0 0 3 2 e 33 1 0 0 0 2 e 14KaCaMoKa.1143     
6848.805700 0.001000   1.000e-03   35 1 0 0 3 2 e 34 1 0 0 0 2 e 14KaCaMoKa.1144     
6587.529300 0.001000   1.000e-03   2 1 1 1 2 1 e  1 0 0 0 0 1 e  14KaCaMoKa.1145     
6588.213400 0.001000   1.000e-03   3 1 1 1 2 1 e  2 0 0 0 0 1 e  14KaCaMoKa.1146     
6588.886700 0.001000   1.000e-03   4 1 1 1 2 1 e  3 0 0 0 0 1 e  14KaCaMoKa.1147     
6589.550300 0.001000   1.000e-03   5 1 1 1 2 1 e  4 0 0 0 0 1 e  14KaCaMoKa.1148     
6590.204100 0.001000   1.000e-03   6 1 1 1 2 1 e  5 0 0 0 0 1 e  14KaCaMoKa.1149     
6590.847500 0.001000   1.000e-03   7 1 1 1 2 1 e  6 0 0 0 0 1 e  14KaCaMoKa.1150     
6591.481600 0.001000   1.000e-03   8 1 1 1 2 1 e  7 0 0 0 0 1 e  14KaCaMoKa.1151     
6592.105000 0.001000   1.000e-03   9 1 1 1 2 1 e  8 0 0 0 0 1 e  14KaCaMoKa.1152     
6593.322000 0.001000   1.000e-03   11 1 1 1 2 1 e 10 0 0 0 0 1 e 14KaCaMoKa.1153     
6593.915500 0.001000   1.000e-03   12 1 1 1 2 1 e 11 0 0 0 0 1 e 14KaCaMoKa.1154     
6594.498200 0.001000   1.000e-03   13 1 1 1 2 1 e 12 0 0 0 0 1 e 14KaCaMoKa.1155     
6595.634800 0.001000   1.000e-03   15 1 1 1 2 1 e 14 0 0 0 0 1 e 14KaCaMoKa.1156     
6596.189900 0.001000   1.351e-03   16 1 1 1 2 1 e 15 0 0 0 0 1 e 14KaCaMoKa.1157     
6596.731400 0.001000   1.000e-03   17 1 1 1 2 1 e 16 0 0 0 0 1 e 14KaCaMoKa.1158     
6597.788100 0.001000   1.000e-03   19 1 1 1 2 1 e 18 0 0 0 0 1 e 14KaCaMoKa.1159     
6598.300500 0.001000   1.000e-03   20 1 1 1 2 1 e 19 0 0 0 0 1 e 14KaCaMoKa.1160     
6599.297700 0.001000   1.000e-03   22 1 1 1 2 1 e 21 0 0 0 0 1 e 14KaCaMoKa.1161     
6599.780000 0.001000   1.000e-03   23 1 1 1 2 1 e 22 0 0 0 0 1 e 14KaCaMoKa.1162     
6600.252900 0.001000   1.000e-03   24 1 1 1 2 1 e 23 0 0 0 0 1 e 14KaCaMoKa.1163     
6600.714400 0.001000   1.000e-03   25 1 1 1 2 1 e 24 0 0 0 0 1 e 14KaCaMoKa.1164     
6601.168500 0.001000   1.000e-03   26 1 1 1 2 1 e 25 0 0 0 0 1 e 14KaCaMoKa.1165     
6601.611500 0.001000   1.000e-03   27 1 1 1 2 1 e 26 0 0 0 0 1 e 14KaCaMoKa.1166     
6602.044100 0.001000   1.000e-03   28 1 1 1 2 1 e 27 0 0 0 0 1 e 14KaCaMoKa.1167     
6602.879900 0.001000   1.000e-03   30 1 1 1 2 1 e 29 0 0 0 0 1 e 14KaCaMoKa.1168     
6603.282400 0.001000   1.000e-03   31 1 1 1 2 1 e 30 0 0 0 0 1 e 14KaCaMoKa.1169     
6604.793500 0.001000   1.000e-03   35 1 1 1 2 1 e 34 0 0 0 0 1 e 14KaCaMoKa.1170     
6605.488300 0.001000   1.000e-03   37 1 1 1 2 1 e 36 0 0 0 0 1 e 14KaCaMoKa.1171     
6606.457500 0.001000   1.011e-03   40 1 1 1 2 1 e 39 0 0 0 0 1 e 14KaCaMoKa.1172     
6606.760700 0.001000   1.000e-03   41 1 1 1 2 1 e 40 0 0 0 0 1 e 14KaCaMoKa.1173     
6607.336200 0.001000   1.000e-03   43 1 1 1 2 1 e 42 0 0 0 0 1 e 14KaCaMoKa.1174     
6608.126500 0.001000   1.000e-03   46 1 1 1 2 1 e 45 0 0 0 0 1 e 14KaCaMoKa.1175     
6608.369600 0.001000   1.000e-03   47 1 1 1 2 1 e 46 0 0 0 0 1 e 14KaCaMoKa.1176     
6608.370300 0.001000   1.000e-03   47 1 1 1 2 1 e 46 0 0 0 0 1 e 14KaCaMoKa.1177     
6608.826700 0.001000   1.000e-03   49 1 1 1 2 1 e 48 0 0 0 0 1 e 14KaCaMoKa.1178     
6609.245800 0.001000   1.000e-03   51 1 1 1 2 1 e 50 0 0 0 0 1 e 14KaCaMoKa.1179     
5933.574700 0.001000   1.000e-03   11 1 1 1 2 1 e 10 0 1 1 0 1 e 14KaCaMoKa.1180     
5936.387200 0.001000   1.351e-03   16 1 1 1 2 1 e 15 0 1 1 0 1 e 14KaCaMoKa.1181     
5937.944100 0.001000   1.000e-03   19 1 1 1 2 1 e 18 0 1 1 0 1 e 14KaCaMoKa.1182     
5938.443400 0.001000   1.000e-03   20 1 1 1 2 1 e 19 0 1 1 0 1 e 14KaCaMoKa.1183     
5938.929200 0.001000   1.000e-03   21 1 1 1 2 1 e 20 0 1 1 0 1 e 14KaCaMoKa.1184     
5939.405000 0.001000   1.000e-03   22 1 1 1 2 1 e 21 0 1 1 0 1 e 14KaCaMoKa.1185     
5939.869300 0.001000   1.000e-03   23 1 1 1 2 1 e 22 0 1 1 0 1 e 14KaCaMoKa.1186     
5942.820100 0.001000   1.000e-03   30 1 1 1 2 1 e 29 0 1 1 0 1 e 14KaCaMoKa.1187     
5933.621100 0.001000   1.000e-03   11 1 1 1 2 1 f 10 0 1 1 0 1 f 14KaCaMoKa.1188     
5934.793600 0.001000   1.000e-03   13 1 1 1 2 1 f 12 0 1 1 0 1 f 14KaCaMoKa.1189     
5936.472200 0.001000   1.000e-03   16 1 1 1 2 1 f 15 0 1 1 0 1 f 14KaCaMoKa.1190     
5937.014200 0.001000   1.000e-03   17 1 1 1 2 1 f 16 0 1 1 0 1 f 14KaCaMoKa.1191     
5938.570300 0.001000   1.000e-03   20 1 1 1 2 1 f 19 0 1 1 0 1 f 14KaCaMoKa.1192     
5939.069800 0.001000   1.051e-03   21 1 1 1 2 1 f 20 0 1 1 0 1 f 14KaCaMoKa.1193     
5939.554900 0.001000   1.000e-03   22 1 1 1 2 1 f 21 0 1 1 0 1 f 14KaCaMoKa.1194     
5940.034500 0.001000   1.000e-03   23 1 1 1 2 1 f 22 0 1 1 0 1 f 14KaCaMoKa.1195     
6442.922400 0.001000   1.331e-03   3 1 1 1 2 2 e  2 0 0 0 0 1 e  14KaCaMoKa.1196     
6443.592700 0.001000   1.000e-03   4 1 1 1 2 2 e  3 0 0 0 0 1 e  14KaCaMoKa.1197     
6444.254300 0.001000   1.000e-03   5 1 1 1 2 2 e  4 0 0 0 0 1 e  14KaCaMoKa.1198     
6444.907200 0.001000   1.000e-03   6 1 1 1 2 2 e  5 0 0 0 0 1 e  14KaCaMoKa.1199     
6445.548200 0.001000   1.000e-03   7 1 1 1 2 2 e  6 0 0 0 0 1 e  14KaCaMoKa.1200     
6446.179200 0.001000   1.000e-03   8 1 1 1 2 2 e  7 0 0 0 0 1 e  14KaCaMoKa.1201     
6446.798500 0.001000   1.000e-03   9 1 1 1 2 2 e  8 0 0 0 0 1 e  14KaCaMoKa.1202     
6447.409200 0.001000   1.000e-03   10 1 1 1 2 2 e 9 0 0 0 0 1 e  14KaCaMoKa.1203     
6448.009100 0.001000   1.000e-03   11 1 1 1 2 2 e 10 0 0 0 0 1 e 14KaCaMoKa.1204     
6448.598600 0.001000   1.000e-03   12 1 1 1 2 2 e 11 0 0 0 0 1 e 14KaCaMoKa.1205     
6449.175800 0.001000   1.000e-03   13 1 1 1 2 2 e 12 0 0 0 0 1 e 14KaCaMoKa.1206     
6450.302500 0.001000   1.000e-03   15 1 1 1 2 2 e 14 0 0 0 0 1 e 14KaCaMoKa.1207     
6451.386800 0.001000   1.000e-03   17 1 1 1 2 2 e 16 0 0 0 0 1 e 14KaCaMoKa.1208     
6451.913100 0.001000   1.000e-03   18 1 1 1 2 2 e 17 0 0 0 0 1 e 14KaCaMoKa.1209     
6453.429900 0.001000   1.000e-03   21 1 1 1 2 2 e 20 0 0 0 0 1 e 14KaCaMoKa.1210     
6453.914200 0.001000   1.000e-03   22 1 1 1 2 2 e 21 0 0 0 0 1 e 14KaCaMoKa.1211     
6454.388200 0.001000   1.145e-03   23 1 1 1 2 2 e 22 0 0 0 0 1 e 14KaCaMoKa.1212     
6454.851200 0.001000   1.000e-03   24 1 1 1 2 2 e 23 0 0 0 0 1 e 14KaCaMoKa.1213     
6455.304300 0.001000   1.738e-03   25 1 1 1 2 2 e 24 0 0 0 0 1 e 14KaCaMoKa.1214     
6456.179300 0.001000   1.501e-03   27 1 1 1 2 2 e 26 0 0 0 0 1 e 14KaCaMoKa.1215     
6456.599700 0.001000   1.382e-03   28 1 1 1 2 2 e 27 0 0 0 0 1 e 14KaCaMoKa.1216     
6457.009800 0.001000   1.000e-03   29 1 1 1 2 2 e 28 0 0 0 0 1 e 14KaCaMoKa.1217     
6457.410900 0.001000   1.000e-03   30 1 1 1 2 2 e 29 0 0 0 0 1 e 14KaCaMoKa.1218     
6457.800200 0.001000   1.000e-03   31 1 1 1 2 2 e 30 0 0 0 0 1 e 14KaCaMoKa.1219     
6458.178600 0.001000   1.000e-03   32 1 1 1 2 2 e 31 0 0 0 0 1 e 14KaCaMoKa.1220     
6458.548500 0.001000   1.000e-03   33 1 1 1 2 2 e 32 0 0 0 0 1 e 14KaCaMoKa.1221     
6458.904400 0.001000   1.000e-03   34 1 1 1 2 2 e 33 0 0 0 0 1 e 14KaCaMoKa.1222     
6459.588000 0.001000   1.000e-03   36 1 1 1 2 2 e 35 0 0 0 0 1 e 14KaCaMoKa.1223     
6460.827100 0.001000   1.000e-03   40 1 1 1 2 2 e 39 0 0 0 0 1 e 14KaCaMoKa.1224     
6461.643600 0.001000   1.000e-03   43 1 1 1 2 2 e 42 0 0 0 0 1 e 14KaCaMoKa.1225     
6462.583000 0.001000   1.000e-03   47 1 1 1 2 2 e 46 0 0 0 0 1 e 14KaCaMoKa.1226     
6462.985400 0.001000   1.036e-03   49 1 1 1 2 2 e 48 0 0 0 0 1 e 14KaCaMoKa.1227     
6463.810100 0.001000   1.805e-03   54 1 1 1 2 2 e 53 0 0 0 0 1 e 14KaCaMoKa.1228     
6582.599600 0.001000   1.000e-03   7 1 2 2 2 1 e  6 0 1 1 0 1 e  14KaCaMoKa.1229     
6583.878900 0.001000   1.000e-03   9 1 2 2 2 1 e  8 0 1 1 0 1 e  14KaCaMoKa.1230     
6586.331100 0.001000   1.000e-03   13 1 2 2 2 1 e 12 0 1 1 0 1 e 14KaCaMoKa.1231     
6589.198200 0.001000   1.000e-03   18 1 2 2 2 1 e 17 0 1 1 0 1 e 14KaCaMoKa.1232     
6592.345700 0.001000   1.000e-03   24 1 2 2 2 1 e 23 0 1 1 0 1 e 14KaCaMoKa.1233     
6583.840300 0.001000   1.000e-03   9 1 2 2 2 1 f  8 0 1 1 0 1 f  14KaCaMoKa.1234     
6586.251000 0.001000   1.000e-03   13 1 2 2 2 1 f 12 0 1 1 0 1 f 14KaCaMoKa.1235     
6588.500500 0.001000   1.000e-03   17 1 2 2 2 1 f 16 0 1 1 0 1 f 14KaCaMoKa.1236     
6590.085900 0.001000   1.000e-03   20 1 2 2 2 1 f 19 0 1 1 0 1 f 14KaCaMoKa.1237     
6591.583000 0.001000   1.000e-03   23 1 2 2 2 1 f 22 0 1 1 0 1 f 14KaCaMoKa.1238     
6592.991700 0.001000   1.000e-03   26 1 2 2 2 1 f 25 0 1 1 0 1 f 14KaCaMoKa.1239     
6594.312000 0.001000   1.000e-03   29 1 2 2 2 1 f 28 0 1 1 0 1 f 14KaCaMoKa.1240     
6595.543000 0.001000   1.000e-03   32 1 2 2 2 1 f 31 0 1 1 0 1 f 14KaCaMoKa.1241     
6596.688000 0.001000   1.000e-03   35 1 2 2 2 1 f 34 0 1 1 0 1 f 14KaCaMoKa.1242     
6614.731200 0.001000   1.000e-03   14 2 0 0 2 1 e 13 0 1 1 0 1 e 14KaCaMoKa.1243     
6620.853500 0.001000   1.000e-03   26 2 0 0 2 1 e 25 0 1 1 0 1 e 14KaCaMoKa.1244     
6621.733400 0.001000   1.000e-03   28 2 0 0 2 1 e 27 0 1 1 0 1 e 14KaCaMoKa.1245     
6392.673600 0.001000   1.000e-03   1 3 0 0 1 1 e  0 0 0 0 0 1 e  14KaCaMoKa.1246     
6393.380700 0.001000   1.000e-03   2 3 0 0 1 1 e  1 0 0 0 0 1 e  14KaCaMoKa.1247     
6394.791700 0.001000   1.000e-03   4 3 0 0 1 1 e  3 0 0 0 0 1 e  14KaCaMoKa.1248     
6395.493200 0.001000   1.000e-03   5 3 0 0 1 1 e  4 0 0 0 0 1 e  14KaCaMoKa.1249     
6396.191700 0.001000   1.000e-03   6 3 0 0 1 1 e  5 0 0 0 0 1 e  14KaCaMoKa.1250     
6396.888200 0.001000   1.000e-03   7 3 0 0 1 1 e  6 0 0 0 0 1 e  14KaCaMoKa.1251     
6397.581400 0.001000   1.000e-03   8 3 0 0 1 1 e  7 0 0 0 0 1 e  14KaCaMoKa.1252     
6398.273100 0.001000   1.000e-03   9 3 0 0 1 1 e  8 0 0 0 0 1 e  14KaCaMoKa.1253     
6398.961500 0.001000   1.000e-03   10 3 0 0 1 1 e 9 0 0 0 0 1 e  14KaCaMoKa.1254     
6399.647600 0.001000   1.000e-03   11 3 0 0 1 1 e 10 0 0 0 0 1 e 14KaCaMoKa.1255     
6400.331600 0.001000   1.000e-03   12 3 0 0 1 1 e 11 0 0 0 0 1 e 14KaCaMoKa.1256     
6401.012800 0.001000   1.000e-03   13 3 0 0 1 1 e 12 0 0 0 0 1 e 14KaCaMoKa.1257     
6401.691600 0.001000   1.000e-03   14 3 0 0 1 1 e 13 0 0 0 0 1 e 14KaCaMoKa.1258     
6402.367900 0.001000   1.000e-03   15 3 0 0 1 1 e 14 0 0 0 0 1 e 14KaCaMoKa.1259     
6403.042300 0.001000   1.000e-03   16 3 0 0 1 1 e 15 0 0 0 0 1 e 14KaCaMoKa.1260     
6403.714300 0.001000   1.000e-03   17 3 0 0 1 1 e 16 0 0 0 0 1 e 14KaCaMoKa.1261     
6404.383000 0.001000   1.000e-03   18 3 0 0 1 1 e 17 0 0 0 0 1 e 14KaCaMoKa.1262     
6405.049800 0.001000   1.000e-03   19 3 0 0 1 1 e 18 0 0 0 0 1 e 14KaCaMoKa.1263     
6405.714400 0.001000   1.000e-03   20 3 0 0 1 1 e 19 0 0 0 0 1 e 14KaCaMoKa.1264     
6406.376000 0.001000   1.000e-03   21 3 0 0 1 1 e 20 0 0 0 0 1 e 14KaCaMoKa.1265     
6407.036800 0.001000   1.000e-03   22 3 0 0 1 1 e 21 0 0 0 0 1 e 14KaCaMoKa.1266     
6407.694500 0.001000   1.000e-03   23 3 0 0 1 1 e 22 0 0 0 0 1 e 14KaCaMoKa.1267     
6408.350200 0.001000   1.000e-03   24 3 0 0 1 1 e 23 0 0 0 0 1 e 14KaCaMoKa.1268     
6409.003400 0.001000   1.000e-03   25 3 0 0 1 1 e 24 0 0 0 0 1 e 14KaCaMoKa.1269     
6409.654700 0.001000   1.000e-03   26 3 0 0 1 1 e 25 0 0 0 0 1 e 14KaCaMoKa.1270     
6410.303900 0.001000   1.000e-03   27 3 0 0 1 1 e 26 0 0 0 0 1 e 14KaCaMoKa.1271     
6410.950600 0.001000   1.000e-03   28 3 0 0 1 1 e 27 0 0 0 0 1 e 14KaCaMoKa.1272     
6411.595200 0.001000   1.000e-03   29 3 0 0 1 1 e 28 0 0 0 0 1 e 14KaCaMoKa.1273     
6412.238300 0.001000   1.000e-03   30 3 0 0 1 1 e 29 0 0 0 0 1 e 14KaCaMoKa.1274     
6412.879400 0.001000   1.000e-03   31 3 0 0 1 1 e 30 0 0 0 0 1 e 14KaCaMoKa.1275     
6413.518100 0.001000   1.000e-03   32 3 0 0 1 1 e 31 0 0 0 0 1 e 14KaCaMoKa.1276     
6414.154800 0.001000   1.000e-03   33 3 0 0 1 1 e 32 0 0 0 0 1 e 14KaCaMoKa.1277     
6414.790500 0.001000   1.000e-03   34 3 0 0 1 1 e 33 0 0 0 0 1 e 14KaCaMoKa.1278     
6415.424000 0.001000   1.000e-03   35 3 0 0 1 1 e 34 0 0 0 0 1 e 14KaCaMoKa.1279     
6416.054800 0.001000   1.000e-03   36 3 0 0 1 1 e 35 0 0 0 0 1 e 14KaCaMoKa.1280     
6416.685200 0.001000   1.000e-03   37 3 0 0 1 1 e 36 0 0 0 0 1 e 14KaCaMoKa.1281     
6417.313100 0.001000   1.000e-03   38 3 0 0 1 1 e 37 0 0 0 0 1 e 14KaCaMoKa.1282     
6417.939700 0.001000   1.000e-03   39 3 0 0 1 1 e 38 0 0 0 0 1 e 14KaCaMoKa.1283     
6418.564000 0.001000   1.161e-03   40 3 0 0 1 1 e 39 0 0 0 0 1 e 14KaCaMoKa.1284     
6419.187100 0.001000   1.000e-03   41 3 0 0 1 1 e 40 0 0 0 0 1 e 14KaCaMoKa.1285     
6419.809800 0.001000   1.089e-03   42 3 0 0 1 1 e 41 0 0 0 0 1 e 14KaCaMoKa.1286     
6420.430700 0.001000   1.000e-03   43 3 0 0 1 1 e 42 0 0 0 0 1 e 14KaCaMoKa.1287     
6421.049500 0.001000   1.000e-03   44 3 0 0 1 1 e 43 0 0 0 0 1 e 14KaCaMoKa.1288     
6422.283700 0.001000   1.000e-03   46 3 0 0 1 1 e 45 0 0 0 0 1 e 14KaCaMoKa.1289     
6422.898200 0.001000   1.178e-03   47 3 0 0 1 1 e 46 0 0 0 0 1 e 14KaCaMoKa.1290     
6423.515100 0.001000   1.000e-03   48 3 0 0 1 1 e 47 0 0 0 0 1 e 14KaCaMoKa.1291     
6424.128200 0.001000   1.000e-03   49 3 0 0 1 1 e 48 0 0 0 0 1 e 14KaCaMoKa.1292     
6424.737500 0.001000   1.000e-03   50 3 0 0 1 1 e 49 0 0 0 0 1 e 14KaCaMoKa.1293     
6426.569800 0.001000   1.000e-03   53 3 0 0 1 1 e 52 0 0 0 0 1 e 14KaCaMoKa.1294     
6208.469800 0.001000   1.000e-03   1 3 0 0 1 2 e  0 0 0 0 0 1 e  14KaCaMoKa.1295     
6209.173200 0.001000   1.000e-03   2 3 0 0 1 2 e  1 0 0 0 0 1 e  14KaCaMoKa.1296     
6209.871800 0.001000   1.000e-03   3 3 0 0 1 2 e  2 0 0 0 0 1 e  14KaCaMoKa.1297     
6210.565900 0.001000   1.000e-03   4 3 0 0 1 2 e  3 0 0 0 0 1 e  14KaCaMoKa.1298     
6212.616400 0.001000   1.000e-03   7 3 0 0 1 2 e  6 0 0 0 0 1 e  14KaCaMoKa.1299     
6213.290100 0.001000   1.000e-03   8 3 0 0 1 2 e  7 0 0 0 0 1 e  14KaCaMoKa.1300     
6213.958000 0.001000   1.000e-03   9 3 0 0 1 2 e  8 0 0 0 0 1 e  14KaCaMoKa.1301     
6214.621700 0.001000   1.000e-03   10 3 0 0 1 2 e 9 0 0 0 0 1 e  14KaCaMoKa.1302     
6215.280500 0.001000   1.000e-03   11 3 0 0 1 2 e 10 0 0 0 0 1 e 14KaCaMoKa.1303     
6215.933500 0.001000   1.000e-03   12 3 0 0 1 2 e 11 0 0 0 0 1 e 14KaCaMoKa.1304     
6216.581900 0.001000   1.000e-03   13 3 0 0 1 2 e 12 0 0 0 0 1 e 14KaCaMoKa.1305     
6217.224200 0.001000   1.000e-03   14 3 0 0 1 2 e 13 0 0 0 0 1 e 14KaCaMoKa.1306     
6217.864100 0.001000   1.000e-03   15 3 0 0 1 2 e 14 0 0 0 0 1 e 14KaCaMoKa.1307     
6218.497100 0.001000   1.000e-03   16 3 0 0 1 2 e 15 0 0 0 0 1 e 14KaCaMoKa.1308     
6219.125800 0.001000   1.000e-03   17 3 0 0 1 2 e 16 0 0 0 0 1 e 14KaCaMoKa.1309     
6219.749600 0.001000   1.000e-03   18 3 0 0 1 2 e 17 0 0 0 0 1 e 14KaCaMoKa.1310     
6220.367800 0.001000   1.000e-03   19 3 0 0 1 2 e 18 0 0 0 0 1 e 14KaCaMoKa.1311     
6220.981300 0.001000   1.000e-03   20 3 0 0 1 2 e 19 0 0 0 0 1 e 14KaCaMoKa.1312     
6221.590200 0.001000   1.000e-03   21 3 0 0 1 2 e 20 0 0 0 0 1 e 14KaCaMoKa.1313     
6222.193400 0.001000   1.000e-03   22 3 0 0 1 2 e 21 0 0 0 0 1 e 14KaCaMoKa.1314     
6222.792500 0.001000   1.000e-03   23 3 0 0 1 2 e 22 0 0 0 0 1 e 14KaCaMoKa.1315     
6223.386900 0.001000   1.000e-03   24 3 0 0 1 2 e 23 0 0 0 0 1 e 14KaCaMoKa.1316     
6223.975200 0.001000   1.000e-03   25 3 0 0 1 2 e 24 0 0 0 0 1 e 14KaCaMoKa.1317     
6224.559900 0.001000   1.000e-03   26 3 0 0 1 2 e 25 0 0 0 0 1 e 14KaCaMoKa.1318     
6225.139500 0.001000   1.000e-03   27 3 0 0 1 2 e 26 0 0 0 0 1 e 14KaCaMoKa.1319     
6225.713300 0.001000   1.000e-03   28 3 0 0 1 2 e 27 0 0 0 0 1 e 14KaCaMoKa.1320     
6226.282900 0.001000   1.000e-03   29 3 0 0 1 2 e 28 0 0 0 0 1 e 14KaCaMoKa.1321     
6226.848600 0.001000   1.000e-03   30 3 0 0 1 2 e 29 0 0 0 0 1 e 14KaCaMoKa.1322     
6227.408200 0.001000   1.000e-03   31 3 0 0 1 2 e 30 0 0 0 0 1 e 14KaCaMoKa.1323     
6227.963400 0.001000   1.000e-03   32 3 0 0 1 2 e 31 0 0 0 0 1 e 14KaCaMoKa.1324     
6228.514700 0.001000   1.000e-03   33 3 0 0 1 2 e 32 0 0 0 0 1 e 14KaCaMoKa.1325     
6229.060600 0.001000   1.000e-03   34 3 0 0 1 2 e 33 0 0 0 0 1 e 14KaCaMoKa.1326     
6229.601800 0.001000   1.000e-03   35 3 0 0 1 2 e 34 0 0 0 0 1 e 14KaCaMoKa.1327     
6230.138500 0.001000   1.000e-03   36 3 0 0 1 2 e 35 0 0 0 0 1 e 14KaCaMoKa.1328     
6230.670800 0.001000   1.000e-03   37 3 0 0 1 2 e 36 0 0 0 0 1 e 14KaCaMoKa.1329     
6231.198000 0.001000   1.000e-03   38 3 0 0 1 2 e 37 0 0 0 0 1 e 14KaCaMoKa.1330     
6232.239700 0.001000   1.000e-03   40 3 0 0 1 2 e 39 0 0 0 0 1 e 14KaCaMoKa.1331     
6232.752900 0.001000   1.000e-03   41 3 0 0 1 2 e 40 0 0 0 0 1 e 14KaCaMoKa.1332     
6233.263000 0.001000   1.000e-03   42 3 0 0 1 2 e 41 0 0 0 0 1 e 14KaCaMoKa.1333     
6234.268400 0.001000   1.000e-03   44 3 0 0 1 2 e 43 0 0 0 0 1 e 14KaCaMoKa.1334     
6234.764800 0.001000   1.000e-03   45 3 0 0 1 2 e 44 0 0 0 0 1 e 14KaCaMoKa.1335     
6235.256400 0.001000   1.000e-03   46 3 0 0 1 2 e 45 0 0 0 0 1 e 14KaCaMoKa.1336     
6235.744200 0.001000   1.000e-03   47 3 0 0 1 2 e 46 0 0 0 0 1 e 14KaCaMoKa.1337     
6236.706400 0.001000   1.000e-03   49 3 0 0 1 2 e 48 0 0 0 0 1 e 14KaCaMoKa.1338     
6237.181300 0.001000   1.000e-03   50 3 0 0 1 2 e 49 0 0 0 0 1 e 14KaCaMoKa.1339     
6237.651400 0.001000   1.000e-03   51 3 0 0 1 2 e 50 0 0 0 0 1 e 14KaCaMoKa.1340     
6238.118700 0.001000   1.000e-03   52 3 0 0 1 2 e 51 0 0 0 0 1 e 14KaCaMoKa.1341     
6238.582000 0.001000   1.000e-03   53 3 0 0 1 2 e 52 0 0 0 0 1 e 14KaCaMoKa.1342     
6239.040000 0.001000   1.000e-03   54 3 0 0 1 2 e 53 0 0 0 0 1 e 14KaCaMoKa.1343     
6239.494100 0.001000   1.000e-03   55 3 0 0 1 2 e 54 0 0 0 0 1 e 14KaCaMoKa.1344     
6240.834000 0.001000   1.000e-03   58 3 0 0 1 2 e 57 0 0 0 0 1 e 14KaCaMoKa.1345     
6241.707500 0.001000   1.514e-03   60 3 0 0 1 2 e 59 0 0 0 0 1 e 14KaCaMoKa.1346     
6242.567900 0.001000   1.000e-03   62 3 0 0 1 2 e 61 0 0 0 0 1 e 14KaCaMoKa.1347     
6244.656000 0.001000   1.000e-03   67 3 0 0 1 2 e 66 0 0 0 0 1 e 14KaCaMoKa.1348     
6074.467600 0.001000   1.000e-03   1 3 0 0 1 3 e  0 0 0 0 0 1 e  14KaCaMoKa.1349     
6075.167500 0.001000   1.000e-03   2 3 0 0 1 3 e  1 0 0 0 0 1 e  14KaCaMoKa.1350     
6075.859400 0.001000   1.000e-03   3 3 0 0 1 3 e  2 0 0 0 0 1 e  14KaCaMoKa.1351     
6076.544300 0.001000   1.000e-03   4 3 0 0 1 3 e  3 0 0 0 0 1 e  14KaCaMoKa.1352     
6077.221800 0.001000   1.000e-03   5 3 0 0 1 3 e  4 0 0 0 0 1 e  14KaCaMoKa.1353     
6077.892200 0.001000   1.000e-03   6 3 0 0 1 3 e  5 0 0 0 0 1 e  14KaCaMoKa.1354     
6078.555400 0.001000   1.000e-03   7 3 0 0 1 3 e  6 0 0 0 0 1 e  14KaCaMoKa.1355     
6079.211500 0.001000   1.000e-03   8 3 0 0 1 3 e  7 0 0 0 0 1 e  14KaCaMoKa.1356     
6079.860000 0.001000   1.000e-03   9 3 0 0 1 3 e  8 0 0 0 0 1 e  14KaCaMoKa.1357     
6080.501200 0.001000   1.000e-03   10 3 0 0 1 3 e 9 0 0 0 0 1 e  14KaCaMoKa.1358     
6081.135400 0.001000   1.000e-03   11 3 0 0 1 3 e 10 0 0 0 0 1 e 14KaCaMoKa.1359     
6081.762100 0.001000   1.000e-03   12 3 0 0 1 3 e 11 0 0 0 0 1 e 14KaCaMoKa.1360     
6082.381500 0.001000   1.000e-03   13 3 0 0 1 3 e 12 0 0 0 0 1 e 14KaCaMoKa.1361     
6082.993700 0.001000   1.000e-03   14 3 0 0 1 3 e 13 0 0 0 0 1 e 14KaCaMoKa.1362     
6083.598800 0.001000   1.000e-03   15 3 0 0 1 3 e 14 0 0 0 0 1 e 14KaCaMoKa.1363     
6084.196600 0.001000   1.000e-03   16 3 0 0 1 3 e 15 0 0 0 0 1 e 14KaCaMoKa.1364     
6084.787000 0.001000   1.000e-03   17 3 0 0 1 3 e 16 0 0 0 0 1 e 14KaCaMoKa.1365     
6085.369800 0.001000   1.000e-03   18 3 0 0 1 3 e 17 0 0 0 0 1 e 14KaCaMoKa.1366     
6085.945400 0.001000   1.000e-03   19 3 0 0 1 3 e 18 0 0 0 0 1 e 14KaCaMoKa.1367     
6086.514000 0.001000   1.000e-03   20 3 0 0 1 3 e 19 0 0 0 0 1 e 14KaCaMoKa.1368     
6087.075200 0.001000   1.000e-03   21 3 0 0 1 3 e 20 0 0 0 0 1 e 14KaCaMoKa.1369     
6087.629100 0.001000   1.000e-03   22 3 0 0 1 3 e 21 0 0 0 0 1 e 14KaCaMoKa.1370     
6088.175000 0.001000   1.000e-03   23 3 0 0 1 3 e 22 0 0 0 0 1 e 14KaCaMoKa.1371     
6088.714400 0.001000   1.000e-03   24 3 0 0 1 3 e 23 0 0 0 0 1 e 14KaCaMoKa.1372     
6089.246000 0.001000   1.000e-03   25 3 0 0 1 3 e 24 0 0 0 0 1 e 14KaCaMoKa.1373     
6089.770200 0.001000   1.000e-03   26 3 0 0 1 3 e 25 0 0 0 0 1 e 14KaCaMoKa.1374     
6090.797500 0.001000   1.000e-03   28 3 0 0 1 3 e 27 0 0 0 0 1 e 14KaCaMoKa.1375     
6091.300300 0.001000   1.000e-03   29 3 0 0 1 3 e 28 0 0 0 0 1 e 14KaCaMoKa.1376     
6092.288200 0.001000   1.000e-03   31 3 0 0 1 3 e 30 0 0 0 0 1 e 14KaCaMoKa.1377     
6092.751000 0.001000   1.000e-03   32 3 0 0 1 3 e 31 0 0 0 0 1 e 14KaCaMoKa.1378     
6093.230900 0.001000   1.000e-03   33 3 0 0 1 3 e 32 0 0 0 0 1 e 14KaCaMoKa.1379     
6093.697200 0.001000   1.000e-03   34 3 0 0 1 3 e 33 0 0 0 0 1 e 14KaCaMoKa.1380     
6094.156600 0.001000   1.000e-03   35 3 0 0 1 3 e 34 0 0 0 0 1 e 14KaCaMoKa.1381     
6094.606900 0.001000   1.000e-03   36 3 0 0 1 3 e 35 0 0 0 0 1 e 14KaCaMoKa.1382     
6095.049900 0.001000   1.000e-03   37 3 0 0 1 3 e 36 0 0 0 0 1 e 14KaCaMoKa.1383     
6095.486500 0.001000   1.000e-03   38 3 0 0 1 3 e 37 0 0 0 0 1 e 14KaCaMoKa.1384     
6095.914700 0.001000   1.000e-03   39 3 0 0 1 3 e 38 0 0 0 0 1 e 14KaCaMoKa.1385     
6096.336300 0.001000   1.000e-03   40 3 0 0 1 3 e 39 0 0 0 0 1 e 14KaCaMoKa.1386     
6096.749100 0.001000   1.000e-03   41 3 0 0 1 3 e 40 0 0 0 0 1 e 14KaCaMoKa.1387     
6097.155200 0.001000   1.000e-03   42 3 0 0 1 3 e 41 0 0 0 0 1 e 14KaCaMoKa.1388     
6097.553900 0.001000   1.000e-03   43 3 0 0 1 3 e 42 0 0 0 0 1 e 14KaCaMoKa.1389     
6097.945100 0.001000   1.000e-03   44 3 0 0 1 3 e 43 0 0 0 0 1 e 14KaCaMoKa.1390     
6098.328800 0.001000   1.000e-03   45 3 0 0 1 3 e 44 0 0 0 0 1 e 14KaCaMoKa.1391     
6098.705300 0.001000   1.059e-03   46 3 0 0 1 3 e 45 0 0 0 0 1 e 14KaCaMoKa.1392     
6099.074000 0.001000   1.000e-03   47 3 0 0 1 3 e 46 0 0 0 0 1 e 14KaCaMoKa.1393     
6099.436000 0.001000   1.851e-03   48 3 0 0 1 3 e 47 0 0 0 0 1 e 14KaCaMoKa.1394     
6099.790500 0.001000   1.184e-03   49 3 0 0 1 3 e 48 0 0 0 0 1 e 14KaCaMoKa.1395     
6100.135500 0.001000   1.000e-03   50 3 0 0 1 3 e 49 0 0 0 0 1 e 14KaCaMoKa.1396     
6100.475400 0.001000   1.000e-03   51 3 0 0 1 3 e 50 0 0 0 0 1 e 14KaCaMoKa.1397     
6100.807000 0.001000   1.000e-03   52 3 0 0 1 3 e 51 0 0 0 0 1 e 14KaCaMoKa.1398     
6101.131500 0.001000   1.000e-03   53 3 0 0 1 3 e 52 0 0 0 0 1 e 14KaCaMoKa.1399     
6101.448300 0.001000   1.000e-03   54 3 0 0 1 3 e 53 0 0 0 0 1 e 14KaCaMoKa.1400     
6102.059700 0.001000   1.000e-03   56 3 0 0 1 3 e 55 0 0 0 0 1 e 14KaCaMoKa.1401     
6102.354500 0.001000   1.000e-03   57 3 0 0 1 3 e 56 0 0 0 0 1 e 14KaCaMoKa.1402     
6102.642100 0.001000   1.000e-03   58 3 0 0 1 3 e 57 0 0 0 0 1 e 14KaCaMoKa.1403     
6102.921900 0.001000   1.000e-03   59 3 0 0 1 3 e 58 0 0 0 0 1 e 14KaCaMoKa.1404     
6103.718600 0.001000   1.000e-03   62 3 0 0 1 3 e 61 0 0 0 0 1 e 14KaCaMoKa.1405     
6103.968600 0.001000   1.000e-03   63 3 0 0 1 3 e 62 0 0 0 0 1 e 14KaCaMoKa.1406     
6104.212200 0.001000   1.000e-03   64 3 0 0 1 3 e 63 0 0 0 0 1 e 14KaCaMoKa.1407     
6104.447700 0.001000   1.000e-03   65 3 0 0 1 3 e 64 0 0 0 0 1 e 14KaCaMoKa.1408     
6104.677300 0.001000   1.000e-03   66 3 0 0 1 3 e 65 0 0 0 0 1 e 14KaCaMoKa.1409     
6105.111500 0.001000   1.000e-03   68 3 0 0 1 3 e 67 0 0 0 0 1 e 14KaCaMoKa.1410     
5947.688000 0.001000   1.000e-03   1 3 0 0 1 4 e  0 0 0 0 0 1 e  14KaCaMoKa.1411     
5948.393500 0.001000   1.000e-03   2 3 0 0 1 4 e  1 0 0 0 0 1 e  14KaCaMoKa.1412     
5949.095000 0.001000   1.000e-03   3 3 0 0 1 4 e  2 0 0 0 0 1 e  14KaCaMoKa.1413     
5949.791800 0.001000   1.000e-03   4 3 0 0 1 4 e  3 0 0 0 0 1 e  14KaCaMoKa.1414     
5950.484400 0.001000   1.000e-03   5 3 0 0 1 4 e  4 0 0 0 0 1 e  14KaCaMoKa.1415     
5951.173000 0.001000   1.000e-03   6 3 0 0 1 4 e  5 0 0 0 0 1 e  14KaCaMoKa.1416     
5951.856900 0.001000   1.000e-03   7 3 0 0 1 4 e  6 0 0 0 0 1 e  14KaCaMoKa.1417     
5952.537200 0.001000   1.000e-03   8 3 0 0 1 4 e  7 0 0 0 0 1 e  14KaCaMoKa.1418     
5953.212600 0.001000   1.000e-03   9 3 0 0 1 4 e  8 0 0 0 0 1 e  14KaCaMoKa.1419     
5953.884000 0.001000   1.000e-03   10 3 0 0 1 4 e 9 0 0 0 0 1 e  14KaCaMoKa.1420     
5954.551600 0.001000   1.000e-03   11 3 0 0 1 4 e 10 0 0 0 0 1 e 14KaCaMoKa.1421     
5955.213600 0.001000   1.000e-03   12 3 0 0 1 4 e 11 0 0 0 0 1 e 14KaCaMoKa.1422     
5955.871700 0.001000   1.000e-03   13 3 0 0 1 4 e 12 0 0 0 0 1 e 14KaCaMoKa.1423     
5956.525200 0.001000   1.000e-03   14 3 0 0 1 4 e 13 0 0 0 0 1 e 14KaCaMoKa.1424     
5957.175200 0.001000   1.000e-03   15 3 0 0 1 4 e 14 0 0 0 0 1 e 14KaCaMoKa.1425     
5957.820200 0.001000   1.000e-03   16 3 0 0 1 4 e 15 0 0 0 0 1 e 14KaCaMoKa.1426     
5959.096200 0.001000   1.000e-03   18 3 0 0 1 4 e 17 0 0 0 0 1 e 14KaCaMoKa.1427     
5959.727700 0.001000   1.134e-03   19 3 0 0 1 4 e 18 0 0 0 0 1 e 14KaCaMoKa.1428     
5960.355800 0.001000   1.000e-03   20 3 0 0 1 4 e 19 0 0 0 0 1 e 14KaCaMoKa.1429     
5960.978000 0.001000   1.000e-03   21 3 0 0 1 4 e 20 0 0 0 0 1 e 14KaCaMoKa.1430     
5961.596200 0.001000   1.000e-03   22 3 0 0 1 4 e 21 0 0 0 0 1 e 14KaCaMoKa.1431     
5962.209700 0.001000   1.000e-03   23 3 0 0 1 4 e 22 0 0 0 0 1 e 14KaCaMoKa.1432     
5962.818300 0.001000   1.000e-03   24 3 0 0 1 4 e 23 0 0 0 0 1 e 14KaCaMoKa.1433     
5963.422300 0.001000   1.000e-03   25 3 0 0 1 4 e 24 0 0 0 0 1 e 14KaCaMoKa.1434     
5964.022100 0.001000   1.000e-03   26 3 0 0 1 4 e 25 0 0 0 0 1 e 14KaCaMoKa.1435     
5964.616000 0.001000   1.000e-03   27 3 0 0 1 4 e 26 0 0 0 0 1 e 14KaCaMoKa.1436     
5965.205700 0.001000   1.000e-03   28 3 0 0 1 4 e 27 0 0 0 0 1 e 14KaCaMoKa.1437     
5965.791300 0.001000   1.000e-03   29 3 0 0 1 4 e 28 0 0 0 0 1 e 14KaCaMoKa.1438     
5966.371300 0.001000   1.000e-03   30 3 0 0 1 4 e 29 0 0 0 0 1 e 14KaCaMoKa.1439     
5966.946400 0.001000   1.000e-03   31 3 0 0 1 4 e 30 0 0 0 0 1 e 14KaCaMoKa.1440     
5967.516600 0.001000   1.000e-03   32 3 0 0 1 4 e 31 0 0 0 0 1 e 14KaCaMoKa.1441     
5968.082000 0.001000   1.000e-03   33 3 0 0 1 4 e 32 0 0 0 0 1 e 14KaCaMoKa.1442     
5968.643500 0.001000   1.158e-03   34 3 0 0 1 4 e 33 0 0 0 0 1 e 14KaCaMoKa.1443     
5969.197300 0.001000   1.000e-03   35 3 0 0 1 4 e 34 0 0 0 0 1 e 14KaCaMoKa.1444     
5969.746900 0.001000   1.000e-03   36 3 0 0 1 4 e 35 0 0 0 0 1 e 14KaCaMoKa.1445     
5970.291800 0.001000   1.000e-03   37 3 0 0 1 4 e 36 0 0 0 0 1 e 14KaCaMoKa.1446     
5970.831300 0.001000   1.000e-03   38 3 0 0 1 4 e 37 0 0 0 0 1 e 14KaCaMoKa.1447     
5971.365600 0.001000   1.000e-03   39 3 0 0 1 4 e 38 0 0 0 0 1 e 14KaCaMoKa.1448     
5971.894700 0.001000   1.000e-03   40 3 0 0 1 4 e 39 0 0 0 0 1 e 14KaCaMoKa.1449     
5972.419000 0.001000   1.000e-03   41 3 0 0 1 4 e 40 0 0 0 0 1 e 14KaCaMoKa.1450     
5972.935500 0.001000   1.000e-03   42 3 0 0 1 4 e 41 0 0 0 0 1 e 14KaCaMoKa.1451     
5973.449500 0.001000   1.000e-03   43 3 0 0 1 4 e 42 0 0 0 0 1 e 14KaCaMoKa.1452     
5973.955600 0.001000   1.000e-03   44 3 0 0 1 4 e 43 0 0 0 0 1 e 14KaCaMoKa.1453     
5974.951900 0.001000   1.133e-03   46 3 0 0 1 4 e 45 0 0 0 0 1 e 14KaCaMoKa.1454     
5975.445100 0.001000   1.000e-03   47 3 0 0 1 4 e 46 0 0 0 0 1 e 14KaCaMoKa.1455     
5975.928000 0.001000   1.000e-03   48 3 0 0 1 4 e 47 0 0 0 0 1 e 14KaCaMoKa.1456     
5976.407600 0.001000   1.000e-03   49 3 0 0 1 4 e 48 0 0 0 0 1 e 14KaCaMoKa.1457     
5977.807200 0.001000   1.000e-03   52 3 0 0 1 4 e 51 0 0 0 0 1 e 14KaCaMoKa.1458     
5978.261800 0.001000   1.000e-03   53 3 0 0 1 4 e 52 0 0 0 0 1 e 14KaCaMoKa.1459     
5978.709900 0.001000   1.000e-03   54 3 0 0 1 4 e 53 0 0 0 0 1 e 14KaCaMoKa.1460     
5979.154100 0.001000   1.000e-03   55 3 0 0 1 4 e 54 0 0 0 0 1 e 14KaCaMoKa.1461     
5979.588600 0.001000   1.000e-03   56 3 0 0 1 4 e 55 0 0 0 0 1 e 14KaCaMoKa.1462     
5980.018000 0.001000   1.000e-03   57 3 0 0 1 4 e 56 0 0 0 0 1 e 14KaCaMoKa.1463     
5980.441400 0.001000   1.000e-03   58 3 0 0 1 4 e 57 0 0 0 0 1 e 14KaCaMoKa.1464     
5980.858900 0.001000   1.000e-03   59 3 0 0 1 4 e 58 0 0 0 0 1 e 14KaCaMoKa.1465     
5981.269000 0.001000   1.000e-03   60 3 0 0 1 4 e 59 0 0 0 0 1 e 14KaCaMoKa.1466     
6425.404200 0.001000   1.000e-03   5 3 1 1 1 1 e  4 0 1 1 0 1 e  14KaCaMoKa.1467     
6426.781700 0.001000   1.000e-03   7 3 1 1 1 1 e  6 0 1 1 0 1 e  14KaCaMoKa.1468     
6427.459000 0.001000   1.000e-03   8 3 1 1 1 1 e  7 0 1 1 0 1 e  14KaCaMoKa.1469     
6428.139600 0.001000   1.000e-03   9 3 1 1 1 1 e  8 0 1 1 0 1 e  14KaCaMoKa.1470     
6429.481000 0.001000   1.000e-03   11 3 1 1 1 1 e 10 0 1 1 0 1 e 14KaCaMoKa.1471     
6430.145200 0.001000   1.000e-03   12 3 1 1 1 1 e 11 0 1 1 0 1 e 14KaCaMoKa.1472     
6431.462300 0.001000   1.000e-03   14 3 1 1 1 1 e 13 0 1 1 0 1 e 14KaCaMoKa.1473     
6432.112800 0.001000   1.000e-03   15 3 1 1 1 1 e 14 0 1 1 0 1 e 14KaCaMoKa.1474     
6433.407300 0.001000   1.000e-03   17 3 1 1 1 1 e 16 0 1 1 0 1 e 14KaCaMoKa.1475     
6434.045700 0.001000   1.000e-03   18 3 1 1 1 1 e 17 0 1 1 0 1 e 14KaCaMoKa.1476     
6435.313100 0.001000   1.000e-03   20 3 1 1 1 1 e 19 0 1 1 0 1 e 14KaCaMoKa.1477     
6437.798300 0.001000   1.000e-03   24 3 1 1 1 1 e 23 0 1 1 0 1 e 14KaCaMoKa.1478     
6439.017600 0.001000   1.000e-03   26 3 1 1 1 1 e 25 0 1 1 0 1 e 14KaCaMoKa.1479     
6440.220300 0.001000   1.061e-03   28 3 1 1 1 1 e 27 0 1 1 0 1 e 14KaCaMoKa.1480     
6441.407500 0.001000   1.507e-03   30 3 1 1 1 1 e 29 0 1 1 0 1 e 14KaCaMoKa.1481     
6441.994600 0.001000   1.000e-03   31 3 1 1 1 1 e 30 0 1 1 0 1 e 14KaCaMoKa.1482     
6443.158700 0.001000   1.000e-03   33 3 1 1 1 1 e 32 0 1 1 0 1 e 14KaCaMoKa.1483     
6426.142100 0.001000   1.000e-03   6 3 1 1 1 1 f  5 0 1 1 0 1 f  14KaCaMoKa.1484     
6426.842400 0.001000   1.000e-03   7 3 1 1 1 1 f  6 0 1 1 0 1 f  14KaCaMoKa.1485     
6427.540200 0.001000   1.000e-03   8 3 1 1 1 1 f  7 0 1 1 0 1 f  14KaCaMoKa.1486     
6428.235600 0.001000   1.000e-03   9 3 1 1 1 1 f  8 0 1 1 0 1 f  14KaCaMoKa.1487     
6428.929400 0.001000   1.000e-03   10 3 1 1 1 1 f 9 0 1 1 0 1 f  14KaCaMoKa.1488     
6429.620100 0.001000   1.000e-03   11 3 1 1 1 1 f 10 0 1 1 0 1 f 14KaCaMoKa.1489     
6430.306600 0.001000   1.000e-03   12 3 1 1 1 1 f 11 0 1 1 0 1 f 14KaCaMoKa.1490     
6430.995800 0.001000   1.000e-03   13 3 1 1 1 1 f 12 0 1 1 0 1 f 14KaCaMoKa.1491     
6431.679300 0.001000   1.000e-03   14 3 1 1 1 1 f 13 0 1 1 0 1 f 14KaCaMoKa.1492     
6433.043400 0.001000   1.000e-03   16 3 1 1 1 1 f 15 0 1 1 0 1 f 14KaCaMoKa.1493     
6433.720400 0.001000   1.000e-03   17 3 1 1 1 1 f 16 0 1 1 0 1 f 14KaCaMoKa.1494     
6434.396900 0.001000   1.000e-03   18 3 1 1 1 1 f 17 0 1 1 0 1 f 14KaCaMoKa.1495     
6435.070400 0.001000   1.000e-03   19 3 1 1 1 1 f 18 0 1 1 0 1 f 14KaCaMoKa.1496     
6438.409300 0.001000   1.000e-03   24 3 1 1 1 1 f 23 0 1 1 0 1 f 14KaCaMoKa.1497     
6439.067900 0.001000   1.075e-03   25 3 1 1 1 1 f 24 0 1 1 0 1 f 14KaCaMoKa.1498     
6439.727700 0.001000   1.000e-03   26 3 1 1 1 1 f 25 0 1 1 0 1 f 14KaCaMoKa.1499     
6440.384600 0.001000   1.000e-03   27 3 1 1 1 1 f 26 0 1 1 0 1 f 14KaCaMoKa.1500     
6441.038600 0.001000   1.000e-03   28 3 1 1 1 1 f 27 0 1 1 0 1 f 14KaCaMoKa.1501     
6441.692000 0.001000   1.000e-03   29 3 1 1 1 1 f 28 0 1 1 0 1 f 14KaCaMoKa.1502     
6442.343900 0.001000   1.000e-03   30 3 1 1 1 1 f 29 0 1 1 0 1 f 14KaCaMoKa.1503     
6443.638700 0.001000   1.000e-03   32 3 1 1 1 1 f 31 0 1 1 0 1 f 14KaCaMoKa.1504     
6444.284800 0.001000   1.000e-03   33 3 1 1 1 1 f 32 0 1 1 0 1 f 14KaCaMoKa.1505     
6444.927000 0.001000   1.000e-03   34 3 1 1 1 1 f 33 0 1 1 0 1 f 14KaCaMoKa.1506     
6446.207000 0.001000   1.000e-03   36 3 1 1 1 1 f 35 0 1 1 0 1 f 14KaCaMoKa.1507     
6446.844300 0.001000   1.000e-03   37 3 1 1 1 1 f 36 0 1 1 0 1 f 14KaCaMoKa.1508     
6449.377000 0.001000   1.000e-03   41 3 1 1 1 1 f 40 0 1 1 0 1 f 14KaCaMoKa.1509     
6450.632800 0.001000   1.000e-03   43 3 1 1 1 1 f 42 0 1 1 0 1 f 14KaCaMoKa.1510     
6220.042500 0.001000   1.000e-03   2 3 1 1 1 2 e  1 0 1 1 0 1 e  14KaCaMoKa.1511     
6221.428300 0.001000   1.000e-03   4 3 1 1 1 2 e  3 0 1 1 0 1 e  14KaCaMoKa.1512     
6222.113500 0.001000   1.000e-03   5 3 1 1 1 2 e  4 0 1 1 0 1 e  14KaCaMoKa.1513     
6223.466000 0.001000   1.000e-03   7 3 1 1 1 2 e  6 0 1 1 0 1 e  14KaCaMoKa.1514     
6224.131400 0.001000   1.000e-03   8 3 1 1 1 2 e  7 0 1 1 0 1 e  14KaCaMoKa.1515     
6224.791800 0.001000   1.000e-03   9 3 1 1 1 2 e  8 0 1 1 0 1 e  14KaCaMoKa.1516     
6226.098000 0.001000   1.000e-03   11 3 1 1 1 2 e 10 0 1 1 0 1 e 14KaCaMoKa.1517     
6226.740100 0.001000   1.000e-03   12 3 1 1 1 2 e 11 0 1 1 0 1 e 14KaCaMoKa.1518     
6227.376900 0.001000   1.000e-03   13 3 1 1 1 2 e 12 0 1 1 0 1 e 14KaCaMoKa.1519     
6228.008100 0.001000   1.000e-03   14 3 1 1 1 2 e 13 0 1 1 0 1 e 14KaCaMoKa.1520     
6228.633400 0.001000   1.000e-03   15 3 1 1 1 2 e 14 0 1 1 0 1 e 14KaCaMoKa.1521     
6229.252000 0.001000   1.000e-03   16 3 1 1 1 2 e 15 0 1 1 0 1 e 14KaCaMoKa.1522     
6229.866800 0.001000   1.000e-03   17 3 1 1 1 2 e 16 0 1 1 0 1 e 14KaCaMoKa.1523     
6230.472500 0.001000   1.000e-03   18 3 1 1 1 2 e 17 0 1 1 0 1 e 14KaCaMoKa.1524     
6231.074200 0.001000   1.000e-03   19 3 1 1 1 2 e 18 0 1 1 0 1 e 14KaCaMoKa.1525     
6231.670400 0.001000   1.000e-03   20 3 1 1 1 2 e 19 0 1 1 0 1 e 14KaCaMoKa.1526     
6232.259400 0.001000   1.000e-03   21 3 1 1 1 2 e 20 0 1 1 0 1 e 14KaCaMoKa.1527     
6232.842500 0.001000   1.000e-03   22 3 1 1 1 2 e 21 0 1 1 0 1 e 14KaCaMoKa.1528     
6233.419800 0.001000   1.000e-03   23 3 1 1 1 2 e 22 0 1 1 0 1 e 14KaCaMoKa.1529     
6233.991700 0.001000   1.000e-03   24 3 1 1 1 2 e 23 0 1 1 0 1 e 14KaCaMoKa.1530     
6234.557900 0.001000   1.000e-03   25 3 1 1 1 2 e 24 0 1 1 0 1 e 14KaCaMoKa.1531     
6235.117500 0.001000   1.000e-03   26 3 1 1 1 2 e 25 0 1 1 0 1 e 14KaCaMoKa.1532     
6235.670100 0.001000   1.000e-03   27 3 1 1 1 2 e 26 0 1 1 0 1 e 14KaCaMoKa.1533     
6236.761200 0.001000   1.000e-03   29 3 1 1 1 2 e 28 0 1 1 0 1 e 14KaCaMoKa.1534     
6237.296400 0.001000   1.000e-03   30 3 1 1 1 2 e 29 0 1 1 0 1 e 14KaCaMoKa.1535     
6237.827100 0.001000   1.000e-03   31 3 1 1 1 2 e 30 0 1 1 0 1 e 14KaCaMoKa.1536     
6238.351000 0.001000   1.000e-03   32 3 1 1 1 2 e 31 0 1 1 0 1 e 14KaCaMoKa.1537     
6239.383600 0.001000   1.000e-03   34 3 1 1 1 2 e 33 0 1 1 0 1 e 14KaCaMoKa.1538     
6241.859000 0.001000   1.000e-03   39 3 1 1 1 2 e 38 0 1 1 0 1 e 14KaCaMoKa.1539     
6242.337900 0.001000   1.000e-03   40 3 1 1 1 2 e 39 0 1 1 0 1 e 14KaCaMoKa.1540     
6242.808600 0.001000   1.000e-03   41 3 1 1 1 2 e 40 0 1 1 0 1 e 14KaCaMoKa.1541     
6243.276400 0.001000   1.000e-03   42 3 1 1 1 2 e 41 0 1 1 0 1 e 14KaCaMoKa.1542     
6244.191400 0.001000   1.000e-03   44 3 1 1 1 2 e 43 0 1 1 0 1 e 14KaCaMoKa.1543     
6244.641100 0.001000   1.000e-03   45 3 1 1 1 2 e 44 0 1 1 0 1 e 14KaCaMoKa.1544     
6245.521500 0.001000   1.000e-03   47 3 1 1 1 2 e 46 0 1 1 0 1 e 14KaCaMoKa.1545     
6246.801800 0.001000   1.000e-03   50 3 1 1 1 2 e 49 0 1 1 0 1 e 14KaCaMoKa.1546     
6247.216600 0.001000   1.000e-03   51 3 1 1 1 2 e 50 0 1 1 0 1 e 14KaCaMoKa.1547     
6248.031200 0.001000   1.000e-03   53 3 1 1 1 2 e 52 0 1 1 0 1 e 14KaCaMoKa.1548     
6220.748500 0.001000   1.000e-03   3 3 1 1 1 2 f  2 0 1 1 0 1 f  14KaCaMoKa.1549     
6221.448500 0.001000   1.000e-03   4 3 1 1 1 2 f  3 0 1 1 0 1 f  14KaCaMoKa.1550     
6222.140000 0.001000   1.000e-03   5 3 1 1 1 2 f  4 0 1 1 0 1 f  14KaCaMoKa.1551     
6222.830100 0.001000   1.000e-03   6 3 1 1 1 2 f  5 0 1 1 0 1 f  14KaCaMoKa.1552     
6223.514800 0.001000   1.000e-03   7 3 1 1 1 2 f  6 0 1 1 0 1 f  14KaCaMoKa.1553     
6224.869100 0.001000   1.000e-03   9 3 1 1 1 2 f  8 0 1 1 0 1 f  14KaCaMoKa.1554     
6225.540300 0.001000   1.000e-03   10 3 1 1 1 2 f 9 0 1 1 0 1 f  14KaCaMoKa.1555     
6226.206600 0.001000   1.000e-03   11 3 1 1 1 2 f 10 0 1 1 0 1 f 14KaCaMoKa.1556     
6226.869300 0.001000   1.000e-03   12 3 1 1 1 2 f 11 0 1 1 0 1 f 14KaCaMoKa.1557     
6227.526600 0.001000   1.000e-03   13 3 1 1 1 2 f 12 0 1 1 0 1 f 14KaCaMoKa.1558     
6228.178300 0.001000   1.000e-03   14 3 1 1 1 2 f 13 0 1 1 0 1 f 14KaCaMoKa.1559     
6228.827200 0.001000   1.000e-03   15 3 1 1 1 2 f 14 0 1 1 0 1 f 14KaCaMoKa.1560     
6229.472000 0.001000   1.000e-03   16 3 1 1 1 2 f 15 0 1 1 0 1 f 14KaCaMoKa.1561     
6230.111600 0.001000   1.000e-03   17 3 1 1 1 2 f 16 0 1 1 0 1 f 14KaCaMoKa.1562     
6230.746500 0.001000   1.000e-03   18 3 1 1 1 2 f 17 0 1 1 0 1 f 14KaCaMoKa.1563     
6231.377400 0.001000   1.000e-03   19 3 1 1 1 2 f 18 0 1 1 0 1 f 14KaCaMoKa.1564     
6232.625800 0.001000   1.000e-03   21 3 1 1 1 2 f 20 0 1 1 0 1 f 14KaCaMoKa.1565     
6233.242900 0.001000   1.000e-03   22 3 1 1 1 2 f 21 0 1 1 0 1 f 14KaCaMoKa.1566     
6233.855800 0.001000   1.000e-03   23 3 1 1 1 2 f 22 0 1 1 0 1 f 14KaCaMoKa.1567     
6235.068300 0.001000   1.000e-03   25 3 1 1 1 2 f 24 0 1 1 0 1 f 14KaCaMoKa.1568     
6236.263800 0.001000   1.000e-03   27 3 1 1 1 2 f 26 0 1 1 0 1 f 14KaCaMoKa.1569     
6236.854600 0.001000   1.000e-03   28 3 1 1 1 2 f 27 0 1 1 0 1 f 14KaCaMoKa.1570     
6238.023800 0.001000   1.000e-03   30 3 1 1 1 2 f 29 0 1 1 0 1 f 14KaCaMoKa.1571     
6238.601200 0.001000   1.000e-03   31 3 1 1 1 2 f 30 0 1 1 0 1 f 14KaCaMoKa.1572     
6239.175200 0.001000   1.000e-03   32 3 1 1 1 2 f 31 0 1 1 0 1 f 14KaCaMoKa.1573     
6239.744800 0.001000   1.000e-03   33 3 1 1 1 2 f 32 0 1 1 0 1 f 14KaCaMoKa.1574     
6241.978800 0.001000   1.000e-03   37 3 1 1 1 2 f 36 0 1 1 0 1 f 14KaCaMoKa.1575     
6242.526400 0.001000   1.000e-03   38 3 1 1 1 2 f 37 0 1 1 0 1 f 14KaCaMoKa.1576     
6243.070300 0.001000   1.000e-03   39 3 1 1 1 2 f 38 0 1 1 0 1 f 14KaCaMoKa.1577     
6244.144000 0.001000   1.000e-03   41 3 1 1 1 2 f 40 0 1 1 0 1 f 14KaCaMoKa.1578     
6244.676300 0.001000   1.000e-03   42 3 1 1 1 2 f 41 0 1 1 0 1 f 14KaCaMoKa.1579     
6246.242700 0.001000   1.000e-03   45 3 1 1 1 2 f 44 0 1 1 0 1 f 14KaCaMoKa.1580     
6248.277800 0.001000   1.000e-03   49 3 1 1 1 2 f 48 0 1 1 0 1 f 14KaCaMoKa.1581     
6248.775900 0.001000   1.000e-03   50 3 1 1 1 2 f 49 0 1 1 0 1 f 14KaCaMoKa.1582     
6250.244600 0.001000   1.000e-03   53 3 1 1 1 2 f 52 0 1 1 0 1 f 14KaCaMoKa.1583     
6050.366300 0.001000   1.000e-03   2 3 1 1 1 3 e  1 0 1 1 0 1 e  14KaCaMoKa.1584     
6051.060100 0.001000   1.000e-03   3 3 1 1 1 3 e  2 0 1 1 0 1 e  14KaCaMoKa.1585     
6051.745000 0.001000   1.000e-03   4 3 1 1 1 3 e  3 0 1 1 0 1 e  14KaCaMoKa.1586     
6052.426100 0.001000   1.000e-03   5 3 1 1 1 3 e  4 0 1 1 0 1 e  14KaCaMoKa.1587     
6053.763000 0.001000   1.000e-03   7 3 1 1 1 3 e  6 0 1 1 0 1 e  14KaCaMoKa.1588     
6055.072000 0.001000   1.000e-03   9 3 1 1 1 3 e  8 0 1 1 0 1 e  14KaCaMoKa.1589     
6055.717300 0.001000   1.000e-03   10 3 1 1 1 3 e 9 0 1 1 0 1 e  14KaCaMoKa.1590     
6056.354600 0.001000   1.000e-03   11 3 1 1 1 3 e 10 0 1 1 0 1 e 14KaCaMoKa.1591     
6056.985200 0.001000   1.000e-03   12 3 1 1 1 3 e 11 0 1 1 0 1 e 14KaCaMoKa.1592     
6057.608400 0.001000   1.000e-03   13 3 1 1 1 3 e 12 0 1 1 0 1 e 14KaCaMoKa.1593     
6058.833700 0.001000   1.000e-03   15 3 1 1 1 3 e 14 0 1 1 0 1 e 14KaCaMoKa.1594     
6059.436400 0.001000   1.000e-03   16 3 1 1 1 3 e 15 0 1 1 0 1 e 14KaCaMoKa.1595     
6060.031300 0.001000   1.000e-03   17 3 1 1 1 3 e 16 0 1 1 0 1 e 14KaCaMoKa.1596     
6060.618500 0.001000   1.000e-03   18 3 1 1 1 3 e 17 0 1 1 0 1 e 14KaCaMoKa.1597     
6061.200000 0.001000   1.000e-03   19 3 1 1 1 3 e 18 0 1 1 0 1 e 14KaCaMoKa.1598     
6061.774300 0.001000   1.000e-03   20 3 1 1 1 3 e 19 0 1 1 0 1 e 14KaCaMoKa.1599     
6062.341600 0.001000   1.000e-03   21 3 1 1 1 3 e 20 0 1 1 0 1 e 14KaCaMoKa.1600     
6062.901800 0.001000   1.000e-03   22 3 1 1 1 3 e 21 0 1 1 0 1 e 14KaCaMoKa.1601     
6063.454400 0.001000   1.000e-03   23 3 1 1 1 3 e 22 0 1 1 0 1 e 14KaCaMoKa.1602     
6064.000400 0.001000   1.000e-03   24 3 1 1 1 3 e 23 0 1 1 0 1 e 14KaCaMoKa.1603     
6064.540400 0.001000   1.000e-03   25 3 1 1 1 3 e 24 0 1 1 0 1 e 14KaCaMoKa.1604     
6065.070900 0.001000   1.000e-03   26 3 1 1 1 3 e 25 0 1 1 0 1 e 14KaCaMoKa.1605     
6065.595300 0.001000   1.000e-03   27 3 1 1 1 3 e 26 0 1 1 0 1 e 14KaCaMoKa.1606     
6066.112900 0.001000   1.000e-03   28 3 1 1 1 3 e 27 0 1 1 0 1 e 14KaCaMoKa.1607     
6066.623600 0.001000   1.000e-03   29 3 1 1 1 3 e 28 0 1 1 0 1 e 14KaCaMoKa.1608     
6067.623100 0.001000   1.000e-03   31 3 1 1 1 3 e 30 0 1 1 0 1 e 14KaCaMoKa.1609     
6068.595000 0.001000   1.000e-03   33 3 1 1 1 3 e 32 0 1 1 0 1 e 14KaCaMoKa.1610     
6069.538200 0.001000   1.000e-03   35 3 1 1 1 3 e 34 0 1 1 0 1 e 14KaCaMoKa.1611     
6069.999600 0.001000   1.000e-03   36 3 1 1 1 3 e 35 0 1 1 0 1 e 14KaCaMoKa.1612     
6070.453100 0.001000   1.000e-03   37 3 1 1 1 3 e 36 0 1 1 0 1 e 14KaCaMoKa.1613     
6070.899900 0.001000   1.000e-03   38 3 1 1 1 3 e 37 0 1 1 0 1 e 14KaCaMoKa.1614     
6071.772700 0.001000   1.000e-03   40 3 1 1 1 3 e 39 0 1 1 0 1 e 14KaCaMoKa.1615     
6072.195900 0.001000   1.000e-03   41 3 1 1 1 3 e 40 0 1 1 0 1 e 14KaCaMoKa.1616     
6073.025900 0.001000   1.000e-03   43 3 1 1 1 3 e 42 0 1 1 0 1 e 14KaCaMoKa.1617     
6073.430200 0.001000   1.000e-03   44 3 1 1 1 3 e 43 0 1 1 0 1 e 14KaCaMoKa.1618     
6073.827900 0.001000   1.000e-03   45 3 1 1 1 3 e 44 0 1 1 0 1 e 14KaCaMoKa.1619     
6074.218000 0.001000   1.000e-03   46 3 1 1 1 3 e 45 0 1 1 0 1 e 14KaCaMoKa.1620     
6074.599600 0.001000   1.000e-03   47 3 1 1 1 3 e 46 0 1 1 0 1 e 14KaCaMoKa.1621     
6074.974800 0.001000   1.000e-03   48 3 1 1 1 3 e 47 0 1 1 0 1 e 14KaCaMoKa.1622     
6075.342300 0.001000   1.000e-03   49 3 1 1 1 3 e 48 0 1 1 0 1 e 14KaCaMoKa.1623     
6075.702600 0.001000   1.000e-03   50 3 1 1 1 3 e 49 0 1 1 0 1 e 14KaCaMoKa.1624     
6076.056100 0.001000   1.000e-03   51 3 1 1 1 3 e 50 0 1 1 0 1 e 14KaCaMoKa.1625     
6077.717300 0.001000   1.000e-03   56 3 1 1 1 3 e 55 0 1 1 0 1 e 14KaCaMoKa.1626     
6078.912600 0.001000   1.000e-03   60 3 1 1 1 3 e 59 0 1 1 0 1 e 14KaCaMoKa.1627     
6050.368800 0.001000   1.000e-03   2 3 1 1 1 3 f  1 0 1 1 0 1 f  14KaCaMoKa.1628     
6051.070300 0.001000   1.868e-03   3 3 1 1 1 3 f  2 0 1 1 0 1 f  14KaCaMoKa.1629     
6051.761600 0.001000   1.000e-03   4 3 1 1 1 3 f  3 0 1 1 0 1 f  14KaCaMoKa.1630     
6053.128700 0.001000   1.000e-03   6 3 1 1 1 3 f  5 0 1 1 0 1 f  14KaCaMoKa.1631     
6053.804300 0.001000   1.000e-03   7 3 1 1 1 3 f  6 0 1 1 0 1 f  14KaCaMoKa.1632     
6054.474300 0.001000   1.000e-03   8 3 1 1 1 3 f  7 0 1 1 0 1 f  14KaCaMoKa.1633     
6055.136000 0.001000   1.000e-03   9 3 1 1 1 3 f  8 0 1 1 0 1 f  14KaCaMoKa.1634     
6055.794500 0.001000   1.000e-03   10 3 1 1 1 3 f 9 0 1 1 0 1 f  14KaCaMoKa.1635     
6056.446100 0.001000   1.000e-03   11 3 1 1 1 3 f 10 0 1 1 0 1 f 14KaCaMoKa.1636     
6057.093000 0.001000   1.000e-03   12 3 1 1 1 3 f 11 0 1 1 0 1 f 14KaCaMoKa.1637     
6057.732300 0.001000   1.000e-03   13 3 1 1 1 3 f 12 0 1 1 0 1 f 14KaCaMoKa.1638     
6058.366600 0.001000   1.000e-03   14 3 1 1 1 3 f 13 0 1 1 0 1 f 14KaCaMoKa.1639     
6059.617300 0.001000   1.000e-03   16 3 1 1 1 3 f 15 0 1 1 0 1 f 14KaCaMoKa.1640     
6060.234500 0.001000   1.000e-03   17 3 1 1 1 3 f 16 0 1 1 0 1 f 14KaCaMoKa.1641     
6061.451500 0.001000   1.000e-03   19 3 1 1 1 3 f 18 0 1 1 0 1 f 14KaCaMoKa.1642     
6062.050100 0.001000   1.000e-03   20 3 1 1 1 3 f 19 0 1 1 0 1 f 14KaCaMoKa.1643     
6062.643100 0.001000   1.000e-03   21 3 1 1 1 3 f 20 0 1 1 0 1 f 14KaCaMoKa.1644     
6063.812500 0.001000   1.000e-03   23 3 1 1 1 3 f 22 0 1 1 0 1 f 14KaCaMoKa.1645     
6064.388600 0.001000   1.000e-03   24 3 1 1 1 3 f 23 0 1 1 0 1 f 14KaCaMoKa.1646     
6064.958200 0.001000   1.000e-03   25 3 1 1 1 3 f 24 0 1 1 0 1 f 14KaCaMoKa.1647     
6066.080800 0.001000   1.000e-03   27 3 1 1 1 3 f 26 0 1 1 0 1 f 14KaCaMoKa.1648     
6066.633200 0.001000   1.000e-03   28 3 1 1 1 3 f 27 0 1 1 0 1 f 14KaCaMoKa.1649     
6067.178200 0.001000   1.000e-03   29 3 1 1 1 3 f 28 0 1 1 0 1 f 14KaCaMoKa.1650     
6067.720100 0.001000   1.000e-03   30 3 1 1 1 3 f 29 0 1 1 0 1 f 14KaCaMoKa.1651     
6068.254500 0.001000   1.000e-03   31 3 1 1 1 3 f 30 0 1 1 0 1 f 14KaCaMoKa.1652     
6068.782800 0.001000   1.000e-03   32 3 1 1 1 3 f 31 0 1 1 0 1 f 14KaCaMoKa.1653     
6069.305400 0.001000   1.000e-03   33 3 1 1 1 3 f 32 0 1 1 0 1 f 14KaCaMoKa.1654     
6070.333300 0.001000   1.000e-03   35 3 1 1 1 3 f 34 0 1 1 0 1 f 14KaCaMoKa.1655     
6070.838700 0.001000   1.000e-03   36 3 1 1 1 3 f 35 0 1 1 0 1 f 14KaCaMoKa.1656     
6071.338100 0.001000   1.000e-03   37 3 1 1 1 3 f 36 0 1 1 0 1 f 14KaCaMoKa.1657     
6071.831700 0.001000   1.015e-03   38 3 1 1 1 3 f 37 0 1 1 0 1 f 14KaCaMoKa.1658     
6072.798100 0.001000   1.000e-03   40 3 1 1 1 3 f 39 0 1 1 0 1 f 14KaCaMoKa.1659     
6073.741700 0.001000   1.000e-03   42 3 1 1 1 3 f 41 0 1 1 0 1 f 14KaCaMoKa.1660     
6074.205900 0.001000   1.000e-03   43 3 1 1 1 3 f 42 0 1 1 0 1 f 14KaCaMoKa.1661     
6074.663700 0.001000   1.000e-03   44 3 1 1 1 3 f 43 0 1 1 0 1 f 14KaCaMoKa.1662     
6075.111800 0.001000   1.000e-03   45 3 1 1 1 3 f 44 0 1 1 0 1 f 14KaCaMoKa.1663     
6075.557100 0.001000   1.000e-03   46 3 1 1 1 3 f 45 0 1 1 0 1 f 14KaCaMoKa.1664     
6077.694300 0.001000   1.000e-03   51 3 1 1 1 3 f 50 0 1 1 0 1 f 14KaCaMoKa.1665     
5891.024700 0.001000   1.000e-03   5 3 1 1 1 4 e  4 0 1 1 0 1 e  14KaCaMoKa.1666     
5891.708600 0.001000   1.000e-03   6 3 1 1 1 4 e  5 0 1 1 0 1 e  14KaCaMoKa.1667     
5892.387200 0.001000   1.000e-03   7 3 1 1 1 4 e  6 0 1 1 0 1 e  14KaCaMoKa.1668     
5893.729600 0.001000   1.000e-03   9 3 1 1 1 4 e  8 0 1 1 0 1 e  14KaCaMoKa.1669     
5895.050500 0.001000   1.000e-03   11 3 1 1 1 4 e 10 0 1 1 0 1 e 14KaCaMoKa.1670     
5895.703800 0.001000   1.000e-03   12 3 1 1 1 4 e 11 0 1 1 0 1 e 14KaCaMoKa.1671     
5896.352500 0.001000   2.345e-03   13 3 1 1 1 4 e 12 0 1 1 0 1 e 14KaCaMoKa.1672     
5896.992200 0.001000   1.769e-03   14 3 1 1 1 4 e 13 0 1 1 0 1 e 14KaCaMoKa.1673     
5897.630900 0.001000   1.000e-03   15 3 1 1 1 4 e 14 0 1 1 0 1 e 14KaCaMoKa.1674     
5898.263000 0.001000   1.000e-03   16 3 1 1 1 4 e 15 0 1 1 0 1 e 14KaCaMoKa.1675     
5898.889400 0.001000   1.000e-03   17 3 1 1 1 4 e 16 0 1 1 0 1 e 14KaCaMoKa.1676     
5900.127500 0.001000   1.000e-03   19 3 1 1 1 4 e 18 0 1 1 0 1 e 14KaCaMoKa.1677     
5900.737700 0.001000   1.000e-03   20 3 1 1 1 4 e 19 0 1 1 0 1 e 14KaCaMoKa.1678     
5902.537900 0.001000   1.000e-03   23 3 1 1 1 4 e 22 0 1 1 0 1 e 14KaCaMoKa.1679     
5903.127600 0.001000   1.000e-03   24 3 1 1 1 4 e 23 0 1 1 0 1 e 14KaCaMoKa.1680     
5904.290000 0.001000   1.000e-03   26 3 1 1 1 4 e 25 0 1 1 0 1 e 14KaCaMoKa.1681     
5904.863000 0.001000   1.000e-03   27 3 1 1 1 4 e 26 0 1 1 0 1 e 14KaCaMoKa.1682     
5906.549500 0.001000   1.000e-03   30 3 1 1 1 4 e 29 0 1 1 0 1 e 14KaCaMoKa.1683     
5907.102000 0.001000   1.000e-03   31 3 1 1 1 4 e 30 0 1 1 0 1 e 14KaCaMoKa.1684     
5908.186000 0.001000   1.000e-03   33 3 1 1 1 4 e 32 0 1 1 0 1 e 14KaCaMoKa.1685     
5908.720700 0.001000   1.000e-03   34 3 1 1 1 4 e 33 0 1 1 0 1 e 14KaCaMoKa.1686     
5909.251000 0.001000   1.000e-03   35 3 1 1 1 4 e 34 0 1 1 0 1 e 14KaCaMoKa.1687     
5909.772000 0.001000   1.000e-03   36 3 1 1 1 4 e 35 0 1 1 0 1 e 14KaCaMoKa.1688     
5910.801800 0.001000   1.000e-03   38 3 1 1 1 4 e 37 0 1 1 0 1 e 14KaCaMoKa.1689     
5911.809600 0.001000   1.000e-03   40 3 1 1 1 4 e 39 0 1 1 0 1 e 14KaCaMoKa.1690     
5912.303700 0.001000   1.000e-03   41 3 1 1 1 4 e 40 0 1 1 0 1 e 14KaCaMoKa.1691     
5913.276900 0.001000   1.292e-03   43 3 1 1 1 4 e 42 0 1 1 0 1 e 14KaCaMoKa.1692     
5889.650900 0.001000   1.000e-03   3 3 1 1 1 4 f  2 0 1 1 0 1 f  14KaCaMoKa.1693     
5891.051800 0.001000   1.734e-03   5 3 1 1 1 4 f  4 0 1 1 0 1 f  14KaCaMoKa.1694     
5891.744400 0.001000   1.000e-03   6 3 1 1 1 4 f  5 0 1 1 0 1 f  14KaCaMoKa.1695     
5892.435200 0.001000   1.000e-03   7 3 1 1 1 4 f  6 0 1 1 0 1 f  14KaCaMoKa.1696     
5893.120800 0.001000   1.000e-03   8 3 1 1 1 4 f  7 0 1 1 0 1 f  14KaCaMoKa.1697     
5893.803500 0.001000   1.000e-03   9 3 1 1 1 4 f  8 0 1 1 0 1 f  14KaCaMoKa.1698     
5894.482700 0.001000   1.000e-03   10 3 1 1 1 4 f 9 0 1 1 0 1 f  14KaCaMoKa.1699     
5895.157400 0.001000   1.000e-03   11 3 1 1 1 4 f 10 0 1 1 0 1 f 14KaCaMoKa.1700     
5895.828000 0.001000   1.000e-03   12 3 1 1 1 4 f 11 0 1 1 0 1 f 14KaCaMoKa.1701     
5896.495400 0.001000   1.000e-03   13 3 1 1 1 4 f 12 0 1 1 0 1 f 14KaCaMoKa.1702     
5897.159600 0.001000   1.000e-03   14 3 1 1 1 4 f 13 0 1 1 0 1 f 14KaCaMoKa.1703     
5898.475100 0.001000   1.000e-03   16 3 1 1 1 4 f 15 0 1 1 0 1 f 14KaCaMoKa.1704     
5899.127500 0.001000   1.000e-03   17 3 1 1 1 4 f 16 0 1 1 0 1 f 14KaCaMoKa.1705     
5899.775100 0.001000   1.000e-03   18 3 1 1 1 4 f 17 0 1 1 0 1 f 14KaCaMoKa.1706     
5900.419200 0.001000   1.000e-03   19 3 1 1 1 4 f 18 0 1 1 0 1 f 14KaCaMoKa.1707     
5901.695500 0.001000   1.000e-03   21 3 1 1 1 4 f 20 0 1 1 0 1 f 14KaCaMoKa.1708     
5902.328100 0.001000   1.000e-03   22 3 1 1 1 4 f 21 0 1 1 0 1 f 14KaCaMoKa.1709     
5902.955800 0.001000   1.000e-03   23 3 1 1 1 4 f 22 0 1 1 0 1 f 14KaCaMoKa.1710     
5903.580400 0.001000   1.000e-03   24 3 1 1 1 4 f 23 0 1 1 0 1 f 14KaCaMoKa.1711     
5904.200400 0.001000   1.000e-03   25 3 1 1 1 4 f 24 0 1 1 0 1 f 14KaCaMoKa.1712     
5904.817900 0.001000   1.000e-03   26 3 1 1 1 4 f 25 0 1 1 0 1 f 14KaCaMoKa.1713     
5906.036000 0.001000   1.000e-03   28 3 1 1 1 4 f 27 0 1 1 0 1 f 14KaCaMoKa.1714     
5906.640100 0.001000   1.000e-03   29 3 1 1 1 4 f 28 0 1 1 0 1 f 14KaCaMoKa.1715     
5907.835400 0.001000   1.000e-03   31 3 1 1 1 4 f 30 0 1 1 0 1 f 14KaCaMoKa.1716     
5908.425500 0.001000   1.000e-03   32 3 1 1 1 4 f 31 0 1 1 0 1 f 14KaCaMoKa.1717     
5909.593300 0.001000   1.000e-03   34 3 1 1 1 4 f 33 0 1 1 0 1 f 14KaCaMoKa.1718     
5910.170400 0.001000   1.000e-03   35 3 1 1 1 4 f 34 0 1 1 0 1 f 14KaCaMoKa.1719     
5910.744100 0.001000   1.000e-03   36 3 1 1 1 4 f 35 0 1 1 0 1 f 14KaCaMoKa.1720     
5911.309600 0.001000   1.000e-03   37 3 1 1 1 4 f 36 0 1 1 0 1 f 14KaCaMoKa.1721     
5911.875000 0.001000   1.000e-03   38 3 1 1 1 4 f 37 0 1 1 0 1 f 14KaCaMoKa.1722     
5912.435500 0.001000   1.000e-03   39 3 1 1 1 4 f 38 0 1 1 0 1 f 14KaCaMoKa.1723     
5912.990700 0.001000   1.000e-03   40 3 1 1 1 4 f 39 0 1 1 0 1 f 14KaCaMoKa.1724     
5913.541500 0.001000   1.000e-03   41 3 1 1 1 4 f 40 0 1 1 0 1 f 14KaCaMoKa.1725     
5915.697100 0.001000   1.000e-03   45 3 1 1 1 4 f 44 0 1 1 0 1 f 14KaCaMoKa.1726     
6219.245100 0.001000   1.000e-03   6 4 0 0 1 2 e  5 1 0 0 0 1 e  14KaCaMoKa.1727     
6219.928000 0.001000   1.000e-03   7 4 0 0 1 2 e  6 1 0 0 0 1 e  14KaCaMoKa.1728     
6221.940900 0.001000   1.380e-03   10 4 0 0 1 2 e 9 1 0 0 0 1 e  14KaCaMoKa.1729     
6223.263500 0.001000   1.000e-03   12 4 0 0 1 2 e 11 1 0 0 0 1 e 14KaCaMoKa.1730     
6223.913600 0.001000   1.000e-03   13 4 0 0 1 2 e 12 1 0 0 0 1 e 14KaCaMoKa.1731     
6225.845200 0.001000   1.000e-03   16 4 0 0 1 2 e 15 1 0 0 0 1 e 14KaCaMoKa.1732     
6227.107900 0.001000   1.000e-03   18 4 0 0 1 2 e 17 1 0 0 0 1 e 14KaCaMoKa.1733     
6228.351100 0.001000   2.067e-03   20 4 0 0 1 2 e 19 1 0 0 0 1 e 14KaCaMoKa.1734     
6232.564000 0.001000   1.000e-03   27 4 0 0 1 2 e 26 1 0 0 0 1 e 14KaCaMoKa.1735     
6234.299300 0.001000   2.327e-03   30 4 0 0 1 2 e 29 1 0 0 0 1 e 14KaCaMoKa.1736     
6239.274900 0.001000   2.211e-03   39 4 0 0 1 2 e 38 1 0 0 0 1 e 14KaCaMoKa.1737     
6054.338400 0.001000   1.000e-03   16 4 0 0 1 3 e 15 1 0 0 0 1 e 14KaCaMoKa.1738     
6054.920900 0.001000   1.000e-03   17 4 0 0 1 3 e 16 1 0 0 0 1 e 14KaCaMoKa.1739     
6056.624200 0.001000   1.881e-03   20 4 0 0 1 3 e 19 1 0 0 0 1 e 14KaCaMoKa.1740     
6057.174300 0.001000   1.000e-03   21 4 0 0 1 3 e 20 1 0 0 0 1 e 14KaCaMoKa.1741     
6057.718500 0.001000   1.000e-03   22 4 0 0 1 3 e 21 1 0 0 0 1 e 14KaCaMoKa.1742     
6058.252900 0.001000   1.000e-03   23 4 0 0 1 3 e 22 1 0 0 0 1 e 14KaCaMoKa.1743     
6059.302200 0.001000   1.000e-03   25 4 0 0 1 3 e 24 1 0 0 0 1 e 14KaCaMoKa.1744     
6060.320100 0.001000   1.000e-03   27 4 0 0 1 3 e 26 1 0 0 0 1 e 14KaCaMoKa.1745     
6062.732900 0.001000   1.000e-03   32 4 0 0 1 3 e 31 1 0 0 0 1 e 14KaCaMoKa.1746     
6063.642600 0.001000   1.000e-03   34 4 0 0 1 3 e 33 1 0 0 0 1 e 14KaCaMoKa.1747     
6066.984900 0.001000   1.000e-03   42 4 0 0 1 3 e 41 1 0 0 0 1 e 14KaCaMoKa.1748     
6067.368700 0.001000   1.000e-03   43 4 0 0 1 3 e 42 1 0 0 0 1 e 14KaCaMoKa.1749     
6163.078900 0.001000   1.000e-03   12 4 0 0 1 3 e 11 1 0 0 0 2 e 14KaCaMoKa.1750     
6163.710100 0.001000   1.000e-03   13 4 0 0 1 3 e 12 1 0 0 0 2 e 14KaCaMoKa.1751     
6165.562000 0.001000   1.000e-03   16 4 0 0 1 3 e 15 1 0 0 0 2 e 14KaCaMoKa.1752     
6166.763100 0.001000   1.000e-03   18 4 0 0 1 3 e 17 1 0 0 0 2 e 14KaCaMoKa.1753     
6167.354900 0.001000   1.000e-03   19 4 0 0 1 3 e 18 1 0 0 0 2 e 14KaCaMoKa.1754     
6167.940900 0.001000   1.000e-03   20 4 0 0 1 3 e 19 1 0 0 0 2 e 14KaCaMoKa.1755     
6169.093000 0.001000   1.000e-03   22 4 0 0 1 3 e 21 1 0 0 0 2 e 14KaCaMoKa.1756     
6169.659200 0.001000   1.000e-03   23 4 0 0 1 3 e 22 1 0 0 0 2 e 14KaCaMoKa.1757     
6172.931200 0.001000   1.000e-03   29 4 0 0 1 3 e 28 1 0 0 0 2 e 14KaCaMoKa.1758     
6173.454700 0.001000   1.000e-03   30 4 0 0 1 3 e 29 1 0 0 0 2 e 14KaCaMoKa.1759     
6175.489300 0.001000   1.000e-03   34 4 0 0 1 3 e 33 1 0 0 0 2 e 14KaCaMoKa.1760     
6176.954300 0.001000   1.000e-03   37 4 0 0 1 3 e 36 1 0 0 0 2 e 14KaCaMoKa.1761     
6177.902600 0.001000   1.000e-03   39 4 0 0 1 3 e 38 1 0 0 0 2 e 14KaCaMoKa.1762     
6178.368500 0.001000   1.000e-03   40 4 0 0 1 3 e 39 1 0 0 0 2 e 14KaCaMoKa.1763     
6178.829400 0.001000   1.000e-03   41 4 0 0 1 3 e 40 1 0 0 0 2 e 14KaCaMoKa.1764     
6029.778000 0.001000   1.272e-03   4 4 0 0 1 4 e  3 1 0 0 0 2 e  14KaCaMoKa.1765     
6031.129800 0.001000   1.000e-03   6 4 0 0 1 4 e  5 1 0 0 0 2 e  14KaCaMoKa.1766     
6031.795800 0.001000   1.000e-03   7 4 0 0 1 4 e  6 1 0 0 0 2 e  14KaCaMoKa.1767     
6032.455200 0.001000   2.158e-03   8 4 0 0 1 4 e  7 1 0 0 0 2 e  14KaCaMoKa.1768     
6033.103000 0.001000   1.000e-03   9 4 0 0 1 4 e  8 1 0 0 0 2 e  14KaCaMoKa.1769     
6033.748500 0.001000   1.000e-03   10 4 0 0 1 4 e 9 1 0 0 0 2 e  14KaCaMoKa.1770     
6034.383900 0.001000   1.000e-03   11 4 0 0 1 4 e 10 1 0 0 0 2 e 14KaCaMoKa.1771     
6036.861700 0.001000   1.000e-03   15 4 0 0 1 4 e 14 1 0 0 0 2 e 14KaCaMoKa.1772     
6038.058800 0.001000   1.000e-03   17 4 0 0 1 4 e 16 1 0 0 0 2 e 14KaCaMoKa.1773     
6038.647700 0.001000   1.071e-03   18 4 0 0 1 4 e 17 1 0 0 0 2 e 14KaCaMoKa.1774     
6039.227500 0.001000   1.000e-03   19 4 0 0 1 4 e 18 1 0 0 0 2 e 14KaCaMoKa.1775     
6039.800300 0.001000   1.000e-03   20 4 0 0 1 4 e 19 1 0 0 0 2 e 14KaCaMoKa.1776     
6040.366900 0.001000   1.000e-03   21 4 0 0 1 4 e 20 1 0 0 0 2 e 14KaCaMoKa.1777     
6041.478000 0.001000   1.000e-03   23 4 0 0 1 4 e 22 1 0 0 0 2 e 14KaCaMoKa.1778     
6042.023300 0.001000   1.000e-03   24 4 0 0 1 4 e 23 1 0 0 0 2 e 14KaCaMoKa.1779     
6043.616700 0.001000   1.000e-03   27 4 0 0 1 4 e 26 1 0 0 0 2 e 14KaCaMoKa.1780     
6044.131300 0.001000   1.000e-03   28 4 0 0 1 4 e 27 1 0 0 0 2 e 14KaCaMoKa.1781     
6044.640600 0.001000   1.000e-03   29 4 0 0 1 4 e 28 1 0 0 0 2 e 14KaCaMoKa.1782     
6045.636500 0.001000   1.000e-03   31 4 0 0 1 4 e 30 1 0 0 0 2 e 14KaCaMoKa.1783     
6046.602200 0.001000   1.482e-03   33 4 0 0 1 4 e 32 1 0 0 0 2 e 14KaCaMoKa.1784     
6047.076600 0.001000   1.000e-03   34 4 0 0 1 4 e 33 1 0 0 0 2 e 14KaCaMoKa.1785     
6047.542500 0.001000   1.000e-03   35 4 0 0 1 4 e 34 1 0 0 0 2 e 14KaCaMoKa.1786     
4681.611180 0.000090   9.000e-05   32 2 1 1 1 3 f 33 0 1 1 0 1 f 15BoJaLyTa.1        
4681.764779 0.000490   4.900e-04   26 3 0 0 1 4 e 27 1 0 0 0 2 e 15BoJaLyTa.2        
4682.077382 0.000080   8.000e-05   31 2 1 1 1 3 e 32 0 1 1 0 1 e 15BoJaLyTa.3        
4682.479071 0.000080   8.000e-05   31 2 1 1 1 3 f 32 0 1 1 0 1 f 15BoJaLyTa.4        
4682.579290 0.000540   8.846e-04   25 3 0 0 1 4 e 26 1 0 0 0 2 e 15BoJaLyTa.5        
4682.966250 0.000080   8.000e-05   30 2 1 1 1 3 e 31 0 1 1 0 1 e 15BoJaLyTa.6        
4683.342529 0.000070   7.000e-05   30 2 1 1 1 3 f 31 0 1 1 0 1 f 15BoJaLyTa.7        
4683.389904 0.000350   3.500e-04   24 3 0 0 1 4 e 25 1 0 0 0 2 e 15BoJaLyTa.8        
4683.849420 0.000070   7.000e-05   29 2 1 1 1 3 e 30 0 1 1 0 1 e 15BoJaLyTa.9        
4684.200602 0.000060   6.000e-05   29 2 1 1 1 3 f 30 0 1 1 0 1 f 15BoJaLyTa.10       
4684.726772 0.000070   7.000e-05   28 2 1 1 1 3 e 29 0 1 1 0 1 e 15BoJaLyTa.11       
4685.000194 0.000440   4.400e-04   22 3 0 0 1 4 e 23 1 0 0 0 2 e 15BoJaLyTa.12       
4685.054027 0.000070   7.000e-05   28 2 1 1 1 3 f 29 0 1 1 0 1 f 15BoJaLyTa.13       
4685.598458 0.000070   7.000e-05   27 2 1 1 1 3 e 28 0 1 1 0 1 e 15BoJaLyTa.14       
4685.798760 0.000290   2.900e-04   21 3 0 0 1 4 e 22 1 0 0 0 2 e 15BoJaLyTa.15       
4685.902558 0.000060   6.000e-05   27 2 1 1 1 3 f 28 0 1 1 0 1 f 15BoJaLyTa.16       
4686.464653 0.000070   4.301e-04   26 2 1 1 1 3 e 27 0 1 1 0 1 e 15BoJaLyTa.17       
4686.592635 0.000360   9.420e-04   20 3 0 0 1 4 e 21 1 0 0 0 2 e 15BoJaLyTa.18       
4686.746319 0.000060   6.000e-05   26 2 1 1 1 3 f 27 0 1 1 0 1 f 15BoJaLyTa.19       
4687.324825 0.000060   6.000e-05   25 2 1 1 1 3 e 26 0 1 1 0 1 e 15BoJaLyTa.20       
4687.384859 0.000360   3.600e-04   19 3 0 0 1 4 e 20 1 0 0 0 2 e 15BoJaLyTa.21       
4687.585071 0.000060   1.683e-04   25 2 1 1 1 3 f 26 0 1 1 0 1 f 15BoJaLyTa.22       
4688.178930 0.000060   6.000e-05   24 2 1 1 1 3 e 25 0 1 1 0 1 e 15BoJaLyTa.23       
4688.418858 0.000050   5.000e-05   24 2 1 1 1 3 f 25 0 1 1 0 1 f 15BoJaLyTa.24       
4688.954679 0.000400   4.000e-04   17 3 0 0 1 4 e 18 1 0 0 0 2 e 15BoJaLyTa.25       
4689.028649 0.000060   6.000e-05   23 2 1 1 1 3 e 24 0 1 1 0 1 e 15BoJaLyTa.26       
4689.248076 0.000060   7.306e-05   23 2 1 1 1 3 f 24 0 1 1 0 1 f 15BoJaLyTa.27       
4689.733912 0.000360   3.600e-04   16 3 0 0 1 4 e 17 1 0 0 0 2 e 15BoJaLyTa.28       
4689.872101 0.000060   6.000e-05   22 2 1 1 1 3 e 23 0 1 1 0 1 e 15BoJaLyTa.29       
4690.072341 0.000050   5.000e-05   22 2 1 1 1 3 f 23 0 1 1 0 1 f 15BoJaLyTa.30       
4690.508344 0.000310   3.100e-04   15 3 0 0 1 4 e 16 1 0 0 0 2 e 15BoJaLyTa.31       
4690.709750 0.000050   5.000e-05   21 2 1 1 1 3 e 22 0 1 1 0 1 e 15BoJaLyTa.32       
4690.891682 0.000050   5.000e-05   21 2 1 1 1 3 f 22 0 1 1 0 1 f 15BoJaLyTa.33       
4691.279181 0.000260   2.600e-04   14 3 0 0 1 4 e 15 1 0 0 0 2 e 15BoJaLyTa.34       
4691.541832 0.000050   5.000e-05   20 2 1 1 1 3 e 21 0 1 1 0 1 e 15BoJaLyTa.35       
4691.706240 0.000050   5.000e-05   20 2 1 1 1 3 f 21 0 1 1 0 1 f 15BoJaLyTa.36       
4692.046685 0.000330   3.300e-04   13 3 0 0 1 4 e 14 1 0 0 0 2 e 15BoJaLyTa.37       
4692.368290 0.000040   4.000e-05   19 2 1 1 1 3 e 20 0 1 1 0 1 e 15BoJaLyTa.38       
4692.516230 0.000050   5.000e-05   19 2 1 1 1 3 f 20 0 1 1 0 1 f 15BoJaLyTa.39       
4692.809895 0.000350   3.500e-04   12 3 0 0 1 4 e 13 1 0 0 0 2 e 15BoJaLyTa.40       
4693.188928 0.000050   5.000e-05   18 2 1 1 1 3 e 19 0 1 1 0 1 e 15BoJaLyTa.41       
4693.321862 0.000050   3.174e-04   18 2 1 1 1 3 f 19 0 1 1 0 1 f 15BoJaLyTa.42       
4693.570245 0.000350   3.500e-04   11 3 0 0 1 4 e 12 1 0 0 0 2 e 15BoJaLyTa.43       
4694.004435 0.000040   4.000e-05   17 2 1 1 1 3 e 18 0 1 1 0 1 e 15BoJaLyTa.44       
4694.121721 0.000050   5.000e-05   17 2 1 1 1 3 f 18 0 1 1 0 1 f 15BoJaLyTa.45       
4694.325527 0.000440   4.400e-04   10 3 0 0 1 4 e 11 1 0 0 0 2 e 15BoJaLyTa.46       
4694.813819 0.000050   5.000e-05   16 2 1 1 1 3 e 17 0 1 1 0 1 e 15BoJaLyTa.47       
4694.917130 0.000050   5.000e-05   16 2 1 1 1 3 f 17 0 1 1 0 1 f 15BoJaLyTa.48       
4695.078072 0.000370   3.700e-04   9 3 0 0 1 4 e  10 1 0 0 0 2 e 15BoJaLyTa.49       
4695.556126 0.000500   5.000e-04   66 2 0 0 1 3 e 67 0 0 0 0 1 e 15BoJaLyTa.50       
4695.617795 0.000040   4.000e-05   15 2 1 1 1 3 e 16 0 1 1 0 1 e 15BoJaLyTa.51       
4695.707708 0.000040   4.000e-05   15 2 1 1 1 3 f 16 0 1 1 0 1 f 15BoJaLyTa.52       
4696.416158 0.000040   4.000e-05   14 2 1 1 1 3 e 15 0 1 1 0 1 e 15BoJaLyTa.53       
4696.494264 0.000050   5.000e-05   14 2 1 1 1 3 f 15 0 1 1 0 1 f 15BoJaLyTa.54       
4696.569640 0.000580   5.800e-04   7 3 0 0 1 4 e  8 1 0 0 0 2 e  15BoJaLyTa.55       
4696.650485 0.000510   5.100e-04   65 2 0 0 1 3 e 66 0 0 0 0 1 e 15BoJaLyTa.56       
4697.275493 0.000050   5.000e-05   13 2 1 1 1 3 f 14 0 1 1 0 1 f 15BoJaLyTa.57       
4697.737359 0.000370   3.700e-04   64 2 0 0 1 3 e 65 0 0 0 0 1 e 15BoJaLyTa.58       
4697.996220 0.000050   5.000e-05   12 2 1 1 1 3 e 13 0 1 1 0 1 e 15BoJaLyTa.59       
4698.051965 0.000040   4.000e-05   12 2 1 1 1 3 f 13 0 1 1 0 1 f 15BoJaLyTa.60       
4698.777920 0.000050   5.000e-05   11 2 1 1 1 3 e 12 0 1 1 0 1 e 15BoJaLyTa.61       
4699.553798 0.000070   7.000e-05   10 2 1 1 1 3 e 11 0 1 1 0 1 e 15BoJaLyTa.62       
4699.591628 0.000050   5.000e-05   10 2 1 1 1 3 f 11 0 1 1 0 1 f 15BoJaLyTa.63       
4699.893309 0.000250   2.500e-04   62 2 0 0 1 3 e 63 0 0 0 0 1 e 15BoJaLyTa.64       
4700.324389 0.000060   1.165e-04   9 2 1 1 1 3 e  10 0 1 1 0 1 e 15BoJaLyTa.65       
4700.354007 0.000070   5.085e-04   9 2 1 1 1 3 f  10 0 1 1 0 1 f 15BoJaLyTa.66       
4700.960508 0.000180   1.800e-04   61 2 0 0 1 3 e 62 0 0 0 0 1 e 15BoJaLyTa.67       
4701.089619 0.000070   7.000e-05   8 2 1 1 1 3 e  9 0 1 1 0 1 e  15BoJaLyTa.68       
4701.111570 0.000070   7.000e-05   8 2 1 1 1 3 f  9 0 1 1 0 1 f  15BoJaLyTa.69       
4701.848340 0.000080   8.000e-05   7 2 1 1 1 3 e  8 0 1 1 0 1 e  15BoJaLyTa.70       
4701.865176 0.000080   8.000e-05   7 2 1 1 1 3 f  8 0 1 1 0 1 f  15BoJaLyTa.71       
4702.021603 0.000160   1.600e-04   60 2 0 0 1 3 e 61 0 0 0 0 1 e 15BoJaLyTa.72       
4702.601993 0.000090   9.000e-05   6 2 1 1 1 3 e  7 0 1 1 0 1 e  15BoJaLyTa.73       
4702.613613 0.000100   1.000e-04   6 2 1 1 1 3 f  7 0 1 1 0 1 f  15BoJaLyTa.74       
4703.076172 0.000150   1.500e-04   59 2 0 0 1 3 e 60 0 0 0 0 1 e 15BoJaLyTa.75       
4703.350157 0.000200   2.000e-04   5 2 1 1 1 3 e  6 0 1 1 0 1 e  15BoJaLyTa.76       
4703.357355 0.000200   2.000e-04   5 2 1 1 1 3 f  6 0 1 1 0 1 f  15BoJaLyTa.77       
4704.123882 0.000130   1.300e-04   58 2 0 0 1 3 e 59 0 0 0 0 1 e 15BoJaLyTa.78       
4705.164604 0.000090   6.306e-04   57 2 0 0 1 3 e 58 0 0 0 0 1 e 15BoJaLyTa.79       
4708.250962 0.000080   8.000e-05   54 2 0 0 1 3 e 55 0 0 0 0 1 e 15BoJaLyTa.80       
4710.276267 0.000040   4.000e-05   52 2 0 0 1 3 e 53 0 0 0 0 1 e 15BoJaLyTa.81       
4711.279667 0.000040   4.000e-05   51 2 0 0 1 3 e 52 0 0 0 0 1 e 15BoJaLyTa.82       
4712.276748 0.000030   3.000e-05   50 2 0 0 1 3 e 51 0 0 0 0 1 e 15BoJaLyTa.83       
4713.267724 0.000040   4.000e-05   49 2 0 0 1 3 e 50 0 0 0 0 1 e 15BoJaLyTa.84       
4714.252407 0.000020   2.000e-05   48 2 0 0 1 3 e 49 0 0 0 0 1 e 15BoJaLyTa.85       
4715.231417 0.000020   8.920e-05   47 2 0 0 1 3 e 48 0 0 0 0 1 e 15BoJaLyTa.86       
4716.203672 0.000030   3.000e-05   46 2 0 0 1 3 e 47 0 0 0 0 1 e 15BoJaLyTa.87       
4717.170539 0.000020   2.288e-04   45 2 0 0 1 3 e 46 0 0 0 0 1 e 15BoJaLyTa.88       
4718.131034 0.000020   1.791e-04   44 2 0 0 1 3 e 45 0 0 0 0 1 e 15BoJaLyTa.89       
4720.034199 0.000010   1.000e-05   42 2 0 0 1 3 e 43 0 0 0 0 1 e 15BoJaLyTa.90       
4720.977040 0.000010   1.000e-05   41 2 0 0 1 3 e 42 0 0 0 0 1 e 15BoJaLyTa.91       
4721.914058 0.000020   6.769e-05   40 2 0 0 1 3 e 41 0 0 0 0 1 e 15BoJaLyTa.92       
4722.845032 0.000010   1.000e-05   39 2 0 0 1 3 e 40 0 0 0 0 1 e 15BoJaLyTa.93       
4723.770281 0.000010   2.373e-05   38 2 0 0 1 3 e 39 0 0 0 0 1 e 15BoJaLyTa.94       
4724.689788 0.000010   1.000e-05   37 2 0 0 1 3 e 38 0 0 0 0 1 e 15BoJaLyTa.95       
4725.603800 0.000010   1.000e-05   36 2 0 0 1 3 e 37 0 0 0 0 1 e 15BoJaLyTa.96       
4726.511630 0.000010   1.000e-05   35 2 0 0 1 3 e 36 0 0 0 0 1 e 15BoJaLyTa.97       
4727.413832 0.000010   1.000e-05   34 2 0 0 1 3 e 35 0 0 0 0 1 e 15BoJaLyTa.98       
4728.310517 0.000010   1.000e-05   33 2 0 0 1 3 e 34 0 0 0 0 1 e 15BoJaLyTa.99       
4729.201516 0.000010   1.000e-05   32 2 0 0 1 3 e 33 0 0 0 0 1 e 15BoJaLyTa.100      
4730.086908 0.000010   1.000e-05   31 2 0 0 1 3 e 32 0 0 0 0 1 e 15BoJaLyTa.101      
4730.966686 0.000010   1.000e-05   30 2 0 0 1 3 e 31 0 0 0 0 1 e 15BoJaLyTa.102      
4731.840910 0.000010   1.000e-05   29 2 0 0 1 3 e 30 0 0 0 0 1 e 15BoJaLyTa.103      
4732.709550 0.000010   1.000e-05   28 2 0 0 1 3 e 29 0 0 0 0 1 e 15BoJaLyTa.104      
4733.572733 0.000010   1.000e-05   27 2 0 0 1 3 e 28 0 0 0 0 1 e 15BoJaLyTa.105      
4734.430260 0.000200   2.000e-04   26 2 0 0 1 3 e 27 0 0 0 0 1 e 15BoJaLyTa.106      
4735.282530 0.000010   1.000e-05   25 2 0 0 1 3 e 26 0 0 0 0 1 e 15BoJaLyTa.107      
4736.129141 0.000010   1.000e-05   24 2 0 0 1 3 e 25 0 0 0 0 1 e 15BoJaLyTa.108      
4736.970389 0.000200   2.000e-04   23 2 0 0 1 3 e 24 0 0 0 0 1 e 15BoJaLyTa.109      
4737.806161 0.000200   2.000e-04   22 2 0 0 1 3 e 23 0 0 0 0 1 e 15BoJaLyTa.110      
4738.636532 0.000200   2.000e-04   21 2 0 0 1 3 e 22 0 0 0 0 1 e 15BoJaLyTa.111      
4739.461490 0.000200   2.000e-04   20 2 0 0 1 3 e 21 0 0 0 0 1 e 15BoJaLyTa.112      
4740.281113 0.000200   2.000e-04   19 2 0 0 1 3 e 20 0 0 0 0 1 e 15BoJaLyTa.113      
4741.095357 0.000200   2.000e-04   18 2 0 0 1 3 e 19 0 0 0 0 1 e 15BoJaLyTa.114      
4741.904239 0.000200   2.000e-04   17 2 0 0 1 3 e 18 0 0 0 0 1 e 15BoJaLyTa.115      
4742.707807 0.000010   1.000e-05   16 2 0 0 1 3 e 17 0 0 0 0 1 e 15BoJaLyTa.116      
4743.505959 0.000010   1.000e-05   15 2 0 0 1 3 e 16 0 0 0 0 1 e 15BoJaLyTa.117      
4744.298861 0.000010   1.000e-05   14 2 0 0 1 3 e 15 0 0 0 0 1 e 15BoJaLyTa.118      
4745.086418 0.000010   1.000e-05   13 2 0 0 1 3 e 14 0 0 0 0 1 e 15BoJaLyTa.119      
4745.868714 0.000010   1.000e-05   12 2 0 0 1 3 e 13 0 0 0 0 1 e 15BoJaLyTa.120      
4746.645682 0.000200   2.000e-04   11 2 0 0 1 3 e 12 0 0 0 0 1 e 15BoJaLyTa.121      
4747.417415 0.000200   2.000e-04   10 2 0 0 1 3 e 11 0 0 0 0 1 e 15BoJaLyTa.122      
4748.183818 0.000010   1.372e-05   9 2 0 0 1 3 e  10 0 0 0 0 1 e 15BoJaLyTa.123      
4748.944980 0.000010   6.501e-05   8 2 0 0 1 3 e  9 0 0 0 0 1 e  15BoJaLyTa.124      
4749.700880 0.000010   1.000e-05   7 2 0 0 1 3 e  8 0 0 0 0 1 e  15BoJaLyTa.125      
4750.451517 0.000010   1.000e-05   6 2 0 0 1 3 e  7 0 0 0 0 1 e  15BoJaLyTa.126      
4751.196896 0.000010   1.000e-05   5 2 0 0 1 3 e  6 0 0 0 0 1 e  15BoJaLyTa.127      
4751.937033 0.000010   1.000e-05   4 2 0 0 1 3 e  5 0 0 0 0 1 e  15BoJaLyTa.128      
4752.671992 0.000010   6.749e-05   3 2 0 0 1 3 e  4 0 0 0 0 1 e  15BoJaLyTa.129      
4753.401359 0.000040   2.095e-04   2 2 0 0 1 3 e  3 0 0 0 0 1 e  15BoJaLyTa.130      
4754.125909 0.000010   1.000e-05   1 2 0 0 1 3 e  2 0 0 0 0 1 e  15BoJaLyTa.131      
4754.845132 0.000020   2.000e-05   0 2 0 0 1 3 e  1 0 0 0 0 1 e  15BoJaLyTa.132      
4799.199943 0.000580   1.569e-03   35 3 0 0 1 3 e 36 1 0 0 0 2 e 15BoJaLyTa.133      
4800.151141 0.000560   5.600e-04   34 3 0 0 1 3 e 35 1 0 0 0 2 e 15BoJaLyTa.134      
4802.022108 0.000560   5.600e-04   32 3 0 0 1 3 e 33 1 0 0 0 2 e 15BoJaLyTa.135      
4803.888377 0.000580   5.800e-04   30 3 0 0 1 3 e 31 1 0 0 0 2 e 15BoJaLyTa.136      
4805.713205 0.000300   3.000e-04   28 3 0 0 1 3 e 29 1 0 0 0 2 e 15BoJaLyTa.137      
4805.821568 0.000320   3.200e-04   66 2 0 0 1 2 e 67 0 0 0 0 1 e 15BoJaLyTa.138      
4806.616982 0.000330   3.300e-04   27 3 0 0 1 3 e 28 1 0 0 0 2 e 15BoJaLyTa.139      
4806.912003 0.000550   8.596e-04   65 2 0 0 1 2 e 66 0 0 0 0 1 e 15BoJaLyTa.140      
4807.514527 0.000440   1.206e-03   26 3 0 0 1 3 e 27 1 0 0 0 2 e 15BoJaLyTa.141      
4808.000746 0.000390   3.900e-04   64 2 0 0 1 2 e 65 0 0 0 0 1 e 15BoJaLyTa.142      
4808.403743 0.000290   6.111e-04   25 3 0 0 1 3 e 26 1 0 0 0 2 e 15BoJaLyTa.143      
4809.289321 0.000440   3.215e-03   24 3 0 0 1 3 e 25 1 0 0 0 2 e 15BoJaLyTa.144      
4811.032240 0.000220   2.200e-04   22 3 0 0 1 3 e 23 1 0 0 0 2 e 15BoJaLyTa.145      
4811.237019 0.000210   2.100e-04   61 2 0 0 1 2 e 62 0 0 0 0 1 e 15BoJaLyTa.146      
4811.895583 0.000250   2.500e-04   21 3 0 0 1 3 e 22 1 0 0 0 2 e 15BoJaLyTa.147      
4812.307724 0.000170   1.700e-04   60 2 0 0 1 2 e 61 0 0 0 0 1 e 15BoJaLyTa.148      
4812.752226 0.000280   8.065e-04   20 3 0 0 1 3 e 21 1 0 0 0 2 e 15BoJaLyTa.149      
4813.374730 0.000300   8.305e-04   59 2 0 0 1 2 e 60 0 0 0 0 1 e 15BoJaLyTa.150      
4813.601198 0.000190   1.900e-04   19 3 0 0 1 3 e 20 1 0 0 0 2 e 15BoJaLyTa.151      
4814.433263 0.000130   1.286e-03   58 2 0 0 1 2 e 59 0 0 0 0 1 e 15BoJaLyTa.152      
4815.280313 0.000230   2.300e-04   17 3 0 0 1 3 e 18 1 0 0 0 2 e 15BoJaLyTa.153      
4815.457535 0.000830   8.300e-04   50 2 1 1 1 2 e 51 0 1 1 0 1 e 15BoJaLyTa.154      
4815.490120 0.000080   8.000e-05   57 2 0 0 1 2 e 58 0 0 0 0 1 e 15BoJaLyTa.155      
4816.479972 0.000420   4.200e-04   49 2 1 1 1 2 e 50 0 1 1 0 1 e 15BoJaLyTa.156      
4816.502990 0.000550   5.500e-04   50 2 1 1 1 2 f 51 0 1 1 0 1 f 15BoJaLyTa.157      
4816.540674 0.000060   6.000e-05   56 2 0 0 1 2 e 57 0 0 0 0 1 e 15BoJaLyTa.158      
4816.929671 0.000170   2.068e-03   15 3 0 0 1 3 e 16 1 0 0 0 2 e 15BoJaLyTa.159      
4817.497402 0.000340   3.400e-04   48 2 1 1 1 2 e 49 0 1 1 0 1 e 15BoJaLyTa.160      
4817.586222 0.000050   5.000e-05   55 2 0 0 1 2 e 56 0 0 0 0 1 e 15BoJaLyTa.161      
4817.747252 0.000230   2.300e-04   14 3 0 0 1 3 e 15 1 0 0 0 2 e 15BoJaLyTa.162      
4818.504706 0.000360   3.600e-04   47 2 1 1 1 2 e 48 0 1 1 0 1 e 15BoJaLyTa.163      
4818.555301 0.000190   1.900e-04   13 3 0 0 1 3 e 14 1 0 0 0 2 e 15BoJaLyTa.164      
4818.626458 0.000050   5.000e-05   54 2 0 0 1 2 e 55 0 0 0 0 1 e 15BoJaLyTa.165      
4819.358846 0.000260   2.600e-04   12 3 0 0 1 3 e 13 1 0 0 0 2 e 15BoJaLyTa.166      
4819.428151 0.000510   1.978e-03   47 2 1 1 1 2 f 48 0 1 1 0 1 f 15BoJaLyTa.167      
4819.508676 0.000270   2.700e-04   46 2 1 1 1 2 e 47 0 1 1 0 1 e 15BoJaLyTa.168      
4820.390987 0.000260   2.600e-04   46 2 1 1 1 2 f 47 0 1 1 0 1 f 15BoJaLyTa.169      
4820.507066 0.000240   2.400e-04   45 2 1 1 1 2 e 46 0 1 1 0 1 e 15BoJaLyTa.170      
4820.690794 0.000030   3.000e-05   52 2 0 0 1 2 e 53 0 0 0 0 1 e 15BoJaLyTa.171      
4820.943380 0.000190   7.565e-04   10 3 0 0 1 3 e 11 1 0 0 0 2 e 15BoJaLyTa.172      
4821.349105 0.000230   2.300e-04   45 2 1 1 1 2 f 46 0 1 1 0 1 f 15BoJaLyTa.173      
4821.498302 0.000210   2.100e-04   44 2 1 1 1 2 e 45 0 1 1 0 1 e 15BoJaLyTa.174      
4821.715010 0.000040   4.000e-05   51 2 0 0 1 2 e 52 0 0 0 0 1 e 15BoJaLyTa.175      
4821.725453 0.000370   6.127e-04   9 3 0 0 1 3 e  10 1 0 0 0 2 e 15BoJaLyTa.176      
4822.303933 0.000210   2.100e-04   44 2 1 1 1 2 f 45 0 1 1 0 1 f 15BoJaLyTa.177      
4822.483992 0.000210   2.100e-04   43 2 1 1 1 2 e 44 0 1 1 0 1 e 15BoJaLyTa.178      
4822.733481 0.000020   2.000e-05   50 2 0 0 1 2 e 51 0 0 0 0 1 e 15BoJaLyTa.179      
4823.252885 0.000190   1.900e-04   43 2 1 1 1 2 f 44 0 1 1 0 1 f 15BoJaLyTa.180      
4823.464295 0.000170   1.700e-04   42 2 1 1 1 2 e 43 0 1 1 0 1 e 15BoJaLyTa.181      
4823.746246 0.000050   3.839e-04   49 2 0 0 1 2 e 50 0 0 0 0 1 e 15BoJaLyTa.182      
4824.029987 0.000930   1.365e-03   6 3 0 0 1 3 e  7 1 0 0 0 2 e  15BoJaLyTa.183      
4824.196173 0.000150   1.500e-04   42 2 1 1 1 2 f 43 0 1 1 0 1 f 15BoJaLyTa.184      
4824.438235 0.000150   1.500e-04   41 2 1 1 1 2 e 42 0 1 1 0 1 e 15BoJaLyTa.185      
4824.754322 0.000020   2.000e-05   48 2 0 0 1 2 e 49 0 0 0 0 1 e 15BoJaLyTa.186      
4825.134511 0.000190   1.900e-04   41 2 1 1 1 2 f 42 0 1 1 0 1 f 15BoJaLyTa.187      
4825.406304 0.000140   1.400e-04   40 2 1 1 1 2 e 41 0 1 1 0 1 e 15BoJaLyTa.188      
4825.756284 0.000020   2.690e-05   47 2 0 0 1 2 e 48 0 0 0 0 1 e 15BoJaLyTa.189      
4826.068913 0.000370   8.258e-04   40 2 1 1 1 2 f 41 0 1 1 0 1 f 15BoJaLyTa.190      
4826.272928 0.000590   6.857e-04   3 3 0 0 1 3 e  4 1 0 0 0 2 e  15BoJaLyTa.191      
4826.367206 0.000130   1.300e-04   39 2 1 1 1 2 e 40 0 1 1 0 1 e 15BoJaLyTa.192      
4826.752616 0.000020   2.000e-05   46 2 0 0 1 2 e 47 0 0 0 0 1 e 15BoJaLyTa.193      
4826.996673 0.000110   1.100e-04   39 2 1 1 1 2 f 40 0 1 1 0 1 f 15BoJaLyTa.194      
4827.323076 0.000150   1.500e-04   38 2 1 1 1 2 e 39 0 1 1 0 1 e 15BoJaLyTa.195      
4827.743347 0.000010   1.000e-05   45 2 0 0 1 2 e 46 0 0 0 0 1 e 15BoJaLyTa.196      
4827.919346 0.000100   1.000e-04   38 2 1 1 1 2 f 39 0 1 1 0 1 f 15BoJaLyTa.197      
4828.272564 0.000130   1.300e-04   37 2 1 1 1 2 e 38 0 1 1 0 1 e 15BoJaLyTa.198      
4828.728448 0.000010   1.000e-05   44 2 0 0 1 2 e 45 0 0 0 0 1 e 15BoJaLyTa.199      
4829.215821 0.000080   8.000e-05   36 2 1 1 1 2 e 37 0 1 1 0 1 e 15BoJaLyTa.200      
4829.707827 0.000010   1.000e-05   43 2 0 0 1 2 e 44 0 0 0 0 1 e 15BoJaLyTa.201      
4829.750624 0.000110   1.100e-04   36 2 1 1 1 2 f 37 0 1 1 0 1 f 15BoJaLyTa.202      
4830.153259 0.000120   1.200e-04   35 2 1 1 1 2 e 36 0 1 1 0 1 e 15BoJaLyTa.203      
4830.681440 0.000010   1.000e-05   42 2 0 0 1 2 e 43 0 0 0 0 1 e 15BoJaLyTa.204      
4831.084492 0.000160   1.600e-04   34 2 1 1 1 2 e 35 0 1 1 0 1 e 15BoJaLyTa.205      
4831.559418 0.000120   1.200e-04   34 2 1 1 1 2 f 35 0 1 1 0 1 f 15BoJaLyTa.206      
4832.455280 0.000070   7.000e-05   33 2 1 1 1 2 f 34 0 1 1 0 1 f 15BoJaLyTa.207      
4832.611454 0.000010   1.000e-05   40 2 0 0 1 2 e 41 0 0 0 0 1 e 15BoJaLyTa.208      
4832.928712 0.000080   8.000e-05   32 2 1 1 1 2 e 33 0 1 1 0 1 e 15BoJaLyTa.209      
4833.348059 0.000060   6.000e-05   32 2 1 1 1 2 f 33 0 1 1 0 1 f 15BoJaLyTa.210      
4833.567785 0.000010   1.000e-05   39 2 0 0 1 2 e 40 0 0 0 0 1 e 15BoJaLyTa.211      
4833.841479 0.000200   2.000e-04   31 2 1 1 1 2 e 32 0 1 1 0 1 e 15BoJaLyTa.212      
4834.234535 0.000080   8.000e-05   31 2 1 1 1 2 f 32 0 1 1 0 1 f 15BoJaLyTa.213      
4834.518243 0.000010   1.000e-05   38 2 0 0 1 2 e 39 0 0 0 0 1 e 15BoJaLyTa.214      
4834.748580 0.000070   7.000e-05   30 2 1 1 1 2 e 31 0 1 1 0 1 e 15BoJaLyTa.215      
4835.008005 0.000690   3.896e-03   21 3 0 0 1 2 e 22 1 0 0 0 1 e 15BoJaLyTa.216      
4835.116944 0.000060   6.000e-05   30 2 1 1 1 2 f 31 0 1 1 0 1 f 15BoJaLyTa.217      
4835.463047 0.000010   1.000e-05   37 2 0 0 1 2 e 38 0 0 0 0 1 e 15BoJaLyTa.218      
4835.649370 0.000070   7.000e-05   29 2 1 1 1 2 e 30 0 1 1 0 1 e 15BoJaLyTa.219      
4835.991651 0.000040   4.000e-05   29 2 1 1 1 2 f 30 0 1 1 0 1 f 15BoJaLyTa.220      
4836.401751 0.000010   1.243e-04   36 2 0 0 1 2 e 37 0 0 0 0 1 e 15BoJaLyTa.221      
4836.543928 0.000060   6.000e-05   28 2 1 1 1 2 e 29 0 1 1 0 1 e 15BoJaLyTa.222      
4836.675915 0.000550   9.604e-04   19 3 0 0 1 2 e 20 1 0 0 0 1 e 15BoJaLyTa.223      
4836.862203 0.000040   4.000e-05   28 2 1 1 1 2 f 29 0 1 1 0 1 f 15BoJaLyTa.224      
4837.334691 0.000010   1.000e-05   35 2 0 0 1 2 e 36 0 0 0 0 1 e 15BoJaLyTa.225      
4837.432233 0.000110   1.100e-04   27 2 1 1 1 2 e 28 0 1 1 0 1 e 15BoJaLyTa.226      
4837.503959 0.000570   7.690e-04   18 3 0 0 1 2 e 19 1 0 0 0 1 e 15BoJaLyTa.227      
4837.727755 0.000090   5.449e-04   27 2 1 1 1 2 f 28 0 1 1 0 1 f 15BoJaLyTa.228      
4838.261776 0.000010   1.000e-05   34 2 0 0 1 2 e 35 0 0 0 0 1 e 15BoJaLyTa.229      
4838.314694 0.000070   7.000e-05   26 2 1 1 1 2 e 27 0 1 1 0 1 e 15BoJaLyTa.230      
4838.587871 0.000040   4.000e-05   26 2 1 1 1 2 f 27 0 1 1 0 1 f 15BoJaLyTa.231      
4839.142953 0.001170   1.170e-03   16 3 0 0 1 2 e 17 1 0 0 0 1 e 15BoJaLyTa.232      
4839.182984 0.000010   5.351e-05   33 2 0 0 1 2 e 34 0 0 0 0 1 e 15BoJaLyTa.233      
4839.192462 0.000150   9.702e-04   25 2 1 1 1 2 e 26 0 1 1 0 1 e 15BoJaLyTa.234      
4839.442804 0.000050   5.000e-05   25 2 1 1 1 2 f 26 0 1 1 0 1 f 15BoJaLyTa.235      
4839.953794 0.000500   7.802e-04   15 3 0 0 1 2 e 16 1 0 0 0 1 e 15BoJaLyTa.236      
4840.060931 0.000050   5.000e-05   24 2 1 1 1 2 e 25 0 1 1 0 1 e 15BoJaLyTa.237      
4840.098134 0.000010   1.000e-05   32 2 0 0 1 2 e 33 0 0 0 0 1 e 15BoJaLyTa.238      
4840.292202 0.000050   5.000e-05   24 2 1 1 1 2 f 25 0 1 1 0 1 f 15BoJaLyTa.239      
4840.757499 0.001230   1.230e-03   14 3 0 0 1 2 e 15 1 0 0 0 1 e 15BoJaLyTa.240      
4840.924751 0.000050   5.000e-05   23 2 1 1 1 2 e 24 0 1 1 0 1 e 15BoJaLyTa.241      
4841.007401 0.000010   1.000e-05   31 2 0 0 1 2 e 32 0 0 0 0 1 e 15BoJaLyTa.242      
4841.136773 0.000050   9.862e-04   23 2 1 1 1 2 f 24 0 1 1 0 1 f 15BoJaLyTa.243      
4841.555237 0.000660   6.600e-04   13 3 0 0 1 2 e 14 1 0 0 0 1 e 15BoJaLyTa.244      
4841.782558 0.000050   5.000e-05   22 2 1 1 1 2 e 23 0 1 1 0 1 e 15BoJaLyTa.245      
4841.910733 0.000010   1.000e-05   30 2 0 0 1 2 e 31 0 0 0 0 1 e 15BoJaLyTa.246      
4841.975669 0.000050   5.000e-05   22 2 1 1 1 2 f 23 0 1 1 0 1 f 15BoJaLyTa.247      
4842.347242 0.000560   5.600e-04   12 3 0 0 1 2 e 13 1 0 0 0 1 e 15BoJaLyTa.248      
4842.634023 0.000050   5.000e-05   21 2 1 1 1 2 e 22 0 1 1 0 1 e 15BoJaLyTa.249      
4842.808152 0.000010   6.109e-05   29 2 0 0 1 2 e 30 0 0 0 0 1 e 15BoJaLyTa.250      
4843.479456 0.000040   4.000e-05   20 2 1 1 1 2 e 21 0 1 1 0 1 e 15BoJaLyTa.251      
4843.637836 0.000050   5.000e-05   20 2 1 1 1 2 f 21 0 1 1 0 1 f 15BoJaLyTa.252      
4843.699466 0.000200   2.000e-04   28 2 0 0 1 2 e 29 0 0 0 0 1 e 15BoJaLyTa.253      
4844.318676 0.000040   4.000e-05   19 2 1 1 1 2 e 20 0 1 1 0 1 e 15BoJaLyTa.254      
4844.460914 0.000040   4.000e-05   19 2 1 1 1 2 f 20 0 1 1 0 1 f 15BoJaLyTa.255      
4844.584821 0.000200   2.000e-04   27 2 0 0 1 2 e 28 0 0 0 0 1 e 15BoJaLyTa.256      
4845.151491 0.000040   4.000e-05   18 2 1 1 1 2 e 19 0 1 1 0 1 e 15BoJaLyTa.257      
4845.278694 0.000040   4.000e-05   18 2 1 1 1 2 f 19 0 1 1 0 1 f 15BoJaLyTa.258      
4845.464162 0.000010   5.608e-05   26 2 0 0 1 2 e 27 0 0 0 0 1 e 15BoJaLyTa.259      
4845.978458 0.000030   3.000e-05   17 2 1 1 1 2 e 18 0 1 1 0 1 e 15BoJaLyTa.260      
4846.091020 0.000030   3.000e-05   17 2 1 1 1 2 f 18 0 1 1 0 1 f 15BoJaLyTa.261      
4846.337554 0.000200   2.000e-04   25 2 0 0 1 2 e 26 0 0 0 0 1 e 15BoJaLyTa.262      
4846.799120 0.000040   4.000e-05   16 2 1 1 1 2 e 17 0 1 1 0 1 e 15BoJaLyTa.263      
4846.897949 0.000040   4.000e-05   16 2 1 1 1 2 f 17 0 1 1 0 1 f 15BoJaLyTa.264      
4847.204877 0.000200   2.000e-04   24 2 0 0 1 2 e 25 0 0 0 0 1 e 15BoJaLyTa.265      
4847.612991 0.000070   1.126e-03   15 2 1 1 1 2 e 16 0 1 1 0 1 e 15BoJaLyTa.266      
4847.699730 0.000030   3.000e-05   15 2 1 1 1 2 f 16 0 1 1 0 1 f 15BoJaLyTa.267      
4848.066154 0.000200   2.000e-04   23 2 0 0 1 2 e 24 0 0 0 0 1 e 15BoJaLyTa.268      
4848.421745 0.002640   2.640e-03   14 2 1 1 1 2 e 15 0 1 1 0 1 e 15BoJaLyTa.269      
4848.496202 0.000030   3.000e-05   14 2 1 1 1 2 f 15 0 1 1 0 1 f 15BoJaLyTa.270      
4848.921386 0.000200   2.000e-04   22 2 0 0 1 2 e 23 0 0 0 0 1 e 15BoJaLyTa.271      
4849.223784 0.000040   4.000e-05   13 2 1 1 1 2 e 14 0 1 1 0 1 e 15BoJaLyTa.272      
4849.770531 0.000200   2.000e-04   21 2 0 0 1 2 e 22 0 0 0 0 1 e 15BoJaLyTa.273      
4850.019566 0.000030   3.000e-05   12 2 1 1 1 2 e 13 0 1 1 0 1 e 15BoJaLyTa.274      
4850.072800 0.000030   3.000e-05   12 2 1 1 1 2 f 13 0 1 1 0 1 f 15BoJaLyTa.275      
4850.613616 0.000200   2.000e-04   20 2 0 0 1 2 e 21 0 0 0 0 1 e 15BoJaLyTa.276      
4850.809129 0.000040   4.000e-05   11 2 1 1 1 2 e 12 0 1 1 0 1 e 15BoJaLyTa.277      
4850.853620 0.000040   4.000e-05   11 2 1 1 1 2 f 12 0 1 1 0 1 f 15BoJaLyTa.278      
4851.450629 0.000200   2.000e-04   19 2 0 0 1 2 e 20 0 0 0 0 1 e 15BoJaLyTa.279      
4851.592391 0.000050   5.000e-05   10 2 1 1 1 2 e 11 0 1 1 0 1 e 15BoJaLyTa.280      
4852.281543 0.000200   2.000e-04   18 2 0 0 1 2 e 19 0 0 0 0 1 e 15BoJaLyTa.281      
4852.369475 0.000050   5.000e-05   9 2 1 1 1 2 e  10 0 1 1 0 1 e 15BoJaLyTa.282      
4852.397837 0.000050   5.000e-05   9 2 1 1 1 2 f  10 0 1 1 0 1 f 15BoJaLyTa.283      
4853.106329 0.000200   2.000e-04   17 2 0 0 1 2 e 18 0 0 0 0 1 e 15BoJaLyTa.284      
4853.140774 0.000090   9.000e-05   8 2 1 1 1 2 e  9 0 1 1 0 1 e  15BoJaLyTa.285      
4853.161986 0.000060   6.000e-05   8 2 1 1 1 2 f  9 0 1 1 0 1 f  15BoJaLyTa.286      
4853.904928 0.000080   2.422e-04   7 2 1 1 1 2 e  8 0 1 1 0 1 e  15BoJaLyTa.287      
4853.924926 0.000010   1.000e-05   16 2 0 0 1 2 e 17 0 0 0 0 1 e 15BoJaLyTa.288      
4854.663668 0.000090   9.000e-05   6 2 1 1 1 2 e  7 0 1 1 0 1 e  15BoJaLyTa.289      
4854.674520 0.000090   9.000e-05   6 2 1 1 1 2 f  7 0 1 1 0 1 f  15BoJaLyTa.290      
4854.737608 0.000200   2.000e-04   15 2 0 0 1 2 e 16 0 0 0 0 1 e 15BoJaLyTa.291      
4855.415854 0.000260   5.957e-04   5 2 1 1 1 2 e  6 0 1 1 0 1 e  15BoJaLyTa.292      
4855.422012 0.000250   2.500e-04   5 2 1 1 1 2 f  6 0 1 1 0 1 f  15BoJaLyTa.293      
4855.544066 0.000200   2.000e-04   14 2 0 0 1 2 e 15 0 0 0 0 1 e 15BoJaLyTa.294      
4856.344385 0.000200   2.000e-04   13 2 0 0 1 2 e 14 0 0 0 0 1 e 15BoJaLyTa.295      
4857.138562 0.000200   2.000e-04   12 2 0 0 1 2 e 13 0 0 0 0 1 e 15BoJaLyTa.296      
4857.926599 0.000200   2.000e-04   11 2 0 0 1 2 e 12 0 0 0 0 1 e 15BoJaLyTa.297      
4858.708481 0.000200   2.000e-04   10 2 0 0 1 2 e 11 0 0 0 0 1 e 15BoJaLyTa.298      
4859.484196 0.000200   2.000e-04   9 2 0 0 1 2 e  10 0 0 0 0 1 e 15BoJaLyTa.299      
4860.253796 0.000200   2.000e-04   8 2 0 0 1 2 e  9 0 0 0 0 1 e  15BoJaLyTa.300      
4861.017163 0.000200   2.000e-04   7 2 0 0 1 2 e  8 0 0 0 0 1 e  15BoJaLyTa.301      
4861.774349 0.000010   1.000e-05   6 2 0 0 1 2 e  7 0 0 0 0 1 e  15BoJaLyTa.302      
4862.525396 0.000010   1.000e-05   5 2 0 0 1 2 e  6 0 0 0 0 1 e  15BoJaLyTa.303      
4863.270260 0.000010   1.000e-05   4 2 0 0 1 2 e  5 0 0 0 0 1 e  15BoJaLyTa.304      
4864.008906 0.000010   1.000e-05   3 2 0 0 1 2 e  4 0 0 0 0 1 e  15BoJaLyTa.305      
4864.741406 0.000010   1.000e-05   2 2 0 0 1 2 e  3 0 0 0 0 1 e  15BoJaLyTa.306      
4865.467659 0.000010   1.000e-05   1 2 0 0 1 2 e  2 0 0 0 0 1 e  15BoJaLyTa.307      
4866.187793 0.000020   2.000e-05   0 2 0 0 1 2 e  1 0 0 0 0 1 e  15BoJaLyTa.308      
4967.089018 0.000660   6.600e-04   57 2 0 0 1 1 e 58 0 0 0 0 1 e 15BoJaLyTa.309      
4968.864363 0.000570   5.700e-04   55 2 0 0 1 1 e 56 0 0 0 0 1 e 15BoJaLyTa.310      
4969.750979 0.001450   2.233e-03   54 2 0 0 1 1 e 55 0 0 0 0 1 e 15BoJaLyTa.311      
4970.630838 0.000220   2.200e-04   53 2 0 0 1 1 e 54 0 0 0 0 1 e 15BoJaLyTa.312      
4971.510578 0.000480   7.751e-04   52 2 0 0 1 1 e 53 0 0 0 0 1 e 15BoJaLyTa.313      
4972.388523 0.000150   1.500e-04   51 2 0 0 1 1 e 52 0 0 0 0 1 e 15BoJaLyTa.314      
4974.136870 0.000120   1.200e-04   49 2 0 0 1 1 e 50 0 0 0 0 1 e 15BoJaLyTa.315      
4975.007072 0.000140   1.400e-04   48 2 0 0 1 1 e 49 0 0 0 0 1 e 15BoJaLyTa.316      
4975.874488 0.000070   5.206e-04   47 2 0 0 1 1 e 48 0 0 0 0 1 e 15BoJaLyTa.317      
4976.739908 0.000160   1.600e-04   46 2 0 0 1 1 e 47 0 0 0 0 1 e 15BoJaLyTa.318      
4977.602535 0.000070   7.000e-05   45 2 0 0 1 1 e 46 0 0 0 0 1 e 15BoJaLyTa.319      
4978.462486 0.000070   7.000e-05   44 2 0 0 1 1 e 45 0 0 0 0 1 e 15BoJaLyTa.320      
4979.319634 0.000050   5.000e-05   43 2 0 0 1 1 e 44 0 0 0 0 1 e 15BoJaLyTa.321      
4980.174081 0.000060   3.851e-04   42 2 0 0 1 1 e 43 0 0 0 0 1 e 15BoJaLyTa.322      
4981.025794 0.000040   7.305e-05   41 2 0 0 1 1 e 42 0 0 0 0 1 e 15BoJaLyTa.323      
4981.874753 0.000030   3.000e-05   40 2 0 0 1 1 e 41 0 0 0 0 1 e 15BoJaLyTa.324      
4982.720768 0.000030   3.000e-05   39 2 0 0 1 1 e 40 0 0 0 0 1 e 15BoJaLyTa.325      
4983.563906 0.000030   6.359e-05   38 2 0 0 1 1 e 39 0 0 0 0 1 e 15BoJaLyTa.326      
4984.404252 0.000040   4.000e-05   37 2 0 0 1 1 e 38 0 0 0 0 1 e 15BoJaLyTa.327      
4985.241683 0.000020   2.000e-05   36 2 0 0 1 1 e 37 0 0 0 0 1 e 15BoJaLyTa.328      
4986.075981 0.000030   3.000e-05   35 2 0 0 1 1 e 36 0 0 0 0 1 e 15BoJaLyTa.329      
4986.907368 0.000020   5.272e-05   34 2 0 0 1 1 e 35 0 0 0 0 1 e 15BoJaLyTa.330      
4987.735772 0.000020   2.000e-05   33 2 0 0 1 1 e 34 0 0 0 0 1 e 15BoJaLyTa.331      
4988.561043 0.000030   3.000e-05   32 2 0 0 1 1 e 33 0 0 0 0 1 e 15BoJaLyTa.332      
4989.383259 0.000020   2.000e-05   31 2 0 0 1 1 e 32 0 0 0 0 1 e 15BoJaLyTa.333      
4990.202416 0.000020   2.731e-05   30 2 0 0 1 1 e 31 0 0 0 0 1 e 15BoJaLyTa.334      
4991.018351 0.000020   4.286e-05   29 2 0 0 1 1 e 30 0 0 0 0 1 e 15BoJaLyTa.335      
4991.831203 0.000010   1.000e-05   28 2 0 0 1 1 e 29 0 0 0 0 1 e 15BoJaLyTa.336      
4992.640858 0.000020   2.000e-05   27 2 0 0 1 1 e 28 0 0 0 0 1 e 15BoJaLyTa.337      
4993.447475 0.000020   1.630e-04   26 2 0 0 1 1 e 27 0 0 0 0 1 e 15BoJaLyTa.338      
4994.250542 0.000010   1.000e-05   25 2 0 0 1 1 e 26 0 0 0 0 1 e 15BoJaLyTa.339      
4995.050538 0.000020   1.327e-04   24 2 0 0 1 1 e 25 0 0 0 0 1 e 15BoJaLyTa.340      
4995.847182 0.000020   2.000e-05   23 2 0 0 1 1 e 24 0 0 0 0 1 e 15BoJaLyTa.341      
4996.640580 0.000010   1.000e-05   22 2 0 0 1 1 e 23 0 0 0 0 1 e 15BoJaLyTa.342      
4997.430700 0.000010   1.402e-05   21 2 0 0 1 1 e 22 0 0 0 0 1 e 15BoJaLyTa.343      
4998.217518 0.000010   1.000e-05   20 2 0 0 1 1 e 21 0 0 0 0 1 e 15BoJaLyTa.344      
4999.000861 0.000010   1.000e-05   19 2 0 0 1 1 e 20 0 0 0 0 1 e 15BoJaLyTa.345      
4999.780907 0.000010   1.000e-05   18 2 0 0 1 1 e 19 0 0 0 0 1 e 15BoJaLyTa.346      
5000.147101 0.000480   4.800e-04   42 2 1 1 1 1 e 43 0 1 1 0 1 e 15BoJaLyTa.347      
5000.557410 0.000020   2.000e-05   17 2 0 0 1 1 e 18 0 0 0 0 1 e 15BoJaLyTa.348      
5001.330866 0.000010   1.000e-05   16 2 0 0 1 1 e 17 0 0 0 0 1 e 15BoJaLyTa.349      
5002.100833 0.000010   1.000e-05   15 2 0 0 1 1 e 16 0 0 0 0 1 e 15BoJaLyTa.350      
5002.851880 0.000470   1.960e-03   39 2 1 1 1 1 e 40 0 1 1 0 1 e 15BoJaLyTa.351      
5002.867180 0.000010   1.000e-05   14 2 0 0 1 1 e 15 0 0 0 0 1 e 15BoJaLyTa.352      
5003.630187 0.000010   1.000e-05   13 2 0 0 1 1 e 14 0 0 0 0 1 e 15BoJaLyTa.353      
5003.747517 0.000680   6.800e-04   38 2 1 1 1 1 e 39 0 1 1 0 1 e 15BoJaLyTa.354      
5003.808256 0.000450   4.500e-04   39 2 1 1 1 1 f 40 0 1 1 0 1 f 15BoJaLyTa.355      
5004.389747 0.000010   1.000e-05   12 2 0 0 1 1 e 13 0 0 0 0 1 e 15BoJaLyTa.356      
5005.145902 0.000020   6.394e-05   11 2 0 0 1 1 e 12 0 0 0 0 1 e 15BoJaLyTa.357      
5005.494016 0.000320   3.200e-04   37 2 1 1 1 1 f 38 0 1 1 0 1 f 15BoJaLyTa.358      
5005.522041 0.000300   3.000e-04   36 2 1 1 1 1 e 37 0 1 1 0 1 e 15BoJaLyTa.359      
5005.898470 0.000010   1.000e-05   10 2 0 0 1 1 e 11 0 0 0 0 1 e 15BoJaLyTa.360      
5006.333571 0.000400   4.000e-04   36 2 1 1 1 1 f 37 0 1 1 0 1 f 15BoJaLyTa.361      
5006.402842 0.000340   3.400e-04   35 2 1 1 1 1 e 36 0 1 1 0 1 e 15BoJaLyTa.362      
5006.647560 0.000010   1.000e-05   9 2 0 0 1 1 e  10 0 0 0 0 1 e 15BoJaLyTa.363      
5007.169307 0.000300   3.000e-04   35 2 1 1 1 1 f 36 0 1 1 0 1 f 15BoJaLyTa.364      
5007.278829 0.000300   3.000e-04   34 2 1 1 1 1 e 35 0 1 1 0 1 e 15BoJaLyTa.365      
5007.393212 0.000010   1.000e-05   8 2 0 0 1 1 e  9 0 0 0 0 1 e  15BoJaLyTa.366      
5008.135382 0.000010   1.000e-05   7 2 0 0 1 1 e  8 0 0 0 0 1 e  15BoJaLyTa.367      
5008.152101 0.000240   2.400e-04   33 2 1 1 1 1 e 34 0 1 1 0 1 e 15BoJaLyTa.368      
5008.831364 0.000320   5.050e-04   33 2 1 1 1 1 f 34 0 1 1 0 1 f 15BoJaLyTa.369      
5008.873950 0.000020   1.380e-04   6 2 0 0 1 1 e  7 0 0 0 0 1 e  15BoJaLyTa.370      
5009.018665 0.000240   2.400e-04   32 2 1 1 1 1 e 33 0 1 1 0 1 e 15BoJaLyTa.371      
5009.609080 0.000010   1.000e-05   5 2 0 0 1 1 e  6 0 0 0 0 1 e  15BoJaLyTa.372      
5009.658995 0.000220   2.200e-04   32 2 1 1 1 1 f 33 0 1 1 0 1 f 15BoJaLyTa.373      
5009.882102 0.000200   5.345e-04   31 2 1 1 1 1 e 32 0 1 1 0 1 e 15BoJaLyTa.374      
5010.340656 0.000020   2.000e-05   4 2 0 0 1 1 e  5 0 0 0 0 1 e  15BoJaLyTa.375      
5010.480619 0.000220   2.200e-04   31 2 1 1 1 1 f 32 0 1 1 0 1 f 15BoJaLyTa.376      
5010.740728 0.000180   1.800e-04   30 2 1 1 1 1 e 31 0 1 1 0 1 e 15BoJaLyTa.377      
5011.068709 0.000020   2.000e-05   3 2 0 0 1 1 e  4 0 0 0 0 1 e  15BoJaLyTa.378      
5011.298605 0.000270   2.825e-03   30 2 1 1 1 1 f 31 0 1 1 0 1 f 15BoJaLyTa.379      
5011.594641 0.000190   1.900e-04   29 2 1 1 1 1 e 30 0 1 1 0 1 e 15BoJaLyTa.380      
5011.793125 0.000040   4.000e-05   2 2 0 0 1 1 e  3 0 0 0 0 1 e  15BoJaLyTa.381      
5012.117710 0.000210   2.100e-04   29 2 1 1 1 1 f 30 0 1 1 0 1 f 15BoJaLyTa.382      
5012.444909 0.000170   1.700e-04   28 2 1 1 1 1 e 29 0 1 1 0 1 e 15BoJaLyTa.383      
5012.514190 0.000040   4.000e-05   1 2 0 0 1 1 e  2 0 0 0 0 1 e  15BoJaLyTa.384      
5012.930914 0.000180   1.800e-04   28 2 1 1 1 1 f 29 0 1 1 0 1 f 15BoJaLyTa.385      
5013.231786 0.000080   8.000e-05   0 2 0 0 1 1 e  1 0 0 0 0 1 e  15BoJaLyTa.386      
5013.289962 0.000180   7.178e-04   27 2 1 1 1 1 e 28 0 1 1 0 1 e 15BoJaLyTa.387      
5013.741667 0.000160   1.600e-04   27 2 1 1 1 1 f 28 0 1 1 0 1 f 15BoJaLyTa.388      
5014.130709 0.000160   1.600e-04   26 2 1 1 1 1 e 27 0 1 1 0 1 e 15BoJaLyTa.389      
5014.548990 0.000170   1.700e-04   26 2 1 1 1 1 f 27 0 1 1 0 1 f 15BoJaLyTa.390      
5014.966803 0.000150   1.500e-04   25 2 1 1 1 1 e 26 0 1 1 0 1 e 15BoJaLyTa.391      
5015.352524 0.000290   2.900e-04   25 2 1 1 1 1 f 26 0 1 1 0 1 f 15BoJaLyTa.392      
5015.798801 0.000150   1.500e-04   24 2 1 1 1 1 e 25 0 1 1 0 1 e 15BoJaLyTa.393      
5016.153216 0.000160   1.600e-04   24 2 1 1 1 1 f 25 0 1 1 0 1 f 15BoJaLyTa.394      
5016.625285 0.000140   1.400e-04   23 2 1 1 1 1 e 24 0 1 1 0 1 e 15BoJaLyTa.395      
5016.950937 0.000140   1.400e-04   23 2 1 1 1 1 f 24 0 1 1 0 1 f 15BoJaLyTa.396      
5017.447576 0.000160   4.712e-04   22 2 1 1 1 1 e 23 0 1 1 0 1 e 15BoJaLyTa.397      
5017.745434 0.000120   1.200e-04   22 2 1 1 1 1 f 23 0 1 1 0 1 f 15BoJaLyTa.398      
5018.266182 0.000150   1.500e-04   21 2 1 1 1 1 e 22 0 1 1 0 1 e 15BoJaLyTa.399      
5018.536460 0.000110   1.100e-04   21 2 1 1 1 1 f 22 0 1 1 0 1 f 15BoJaLyTa.400      
5019.079010 0.000140   4.095e-04   20 2 1 1 1 1 e 21 0 1 1 0 1 e 15BoJaLyTa.401      
5019.323772 0.000120   1.200e-04   20 2 1 1 1 1 f 21 0 1 1 0 1 f 15BoJaLyTa.402      
5019.887919 0.000150   5.122e-04   19 2 1 1 1 1 e 20 0 1 1 0 1 e 15BoJaLyTa.403      
5020.108318 0.000110   1.100e-04   19 2 1 1 1 1 f 20 0 1 1 0 1 f 15BoJaLyTa.404      
5021.491095 0.000130   1.300e-04   17 2 1 1 1 1 e 18 0 1 1 0 1 e 15BoJaLyTa.405      
5021.666357 0.000250   2.500e-04   17 2 1 1 1 1 f 18 0 1 1 0 1 f 15BoJaLyTa.406      
5022.440917 0.000140   1.400e-04   16 2 1 1 1 1 f 17 0 1 1 0 1 f 15BoJaLyTa.407      
5023.077029 0.000140   6.068e-04   15 2 1 1 1 1 e 16 0 1 1 0 1 e 15BoJaLyTa.408      
5023.211457 0.000150   1.500e-04   15 2 1 1 1 1 f 16 0 1 1 0 1 f 15BoJaLyTa.409      
5023.861928 0.000140   2.372e-04   14 2 1 1 1 1 e 15 0 1 1 0 1 e 15BoJaLyTa.410      
5023.979079 0.000150   1.500e-04   14 2 1 1 1 1 f 15 0 1 1 0 1 f 15BoJaLyTa.411      
5024.642207 0.000160   6.932e-04   13 2 1 1 1 1 e 14 0 1 1 0 1 e 15BoJaLyTa.412      
5024.743658 0.000170   9.307e-04   13 2 1 1 1 1 f 14 0 1 1 0 1 f 15BoJaLyTa.413      
5025.418726 0.000150   7.542e-04   12 2 1 1 1 1 e 13 0 1 1 0 1 e 15BoJaLyTa.414      
5025.504509 0.000140   1.992e-04   12 2 1 1 1 1 f 13 0 1 1 0 1 f 15BoJaLyTa.415      
5026.956688 0.000160   1.600e-04   10 2 1 1 1 1 e 11 0 1 1 0 1 e 15BoJaLyTa.416      
5027.015136 0.000160   1.600e-04   10 2 1 1 1 1 f 11 0 1 1 0 1 f 15BoJaLyTa.417      
5027.718608 0.000170   1.700e-04   9 2 1 1 1 1 e  10 0 1 1 0 1 e 15BoJaLyTa.418      
5027.765311 0.000180   1.800e-04   9 2 1 1 1 1 f  10 0 1 1 0 1 f 15BoJaLyTa.419      
5028.476528 0.000190   7.274e-04   8 2 1 1 1 1 e  9 0 1 1 0 1 e  15BoJaLyTa.420      
5028.512378 0.000140   1.400e-04   8 2 1 1 1 1 f  9 0 1 1 0 1 f  15BoJaLyTa.421      
5029.229433 0.000200   2.000e-04   7 2 1 1 1 1 e  8 0 1 1 0 1 e  15BoJaLyTa.422      
5029.255898 0.000250   2.500e-04   7 2 1 1 1 1 f  8 0 1 1 0 1 f  15BoJaLyTa.423      
5029.976050 0.000180   1.840e-03   6 2 1 1 1 1 e  7 0 1 1 0 1 e  15BoJaLyTa.424      
5029.995717 0.000180   1.800e-04   6 2 1 1 1 1 f  7 0 1 1 0 1 f  15BoJaLyTa.425      
5030.719924 0.000270   2.700e-04   5 2 1 1 1 1 e  6 0 1 1 0 1 e  15BoJaLyTa.426      
5030.732803 0.000290   2.900e-04   5 2 1 1 1 1 f  6 0 1 1 0 1 f  15BoJaLyTa.427      
5031.458393 0.000490   4.900e-04   4 2 1 1 1 1 e  5 0 1 1 0 1 e  15BoJaLyTa.428      
5031.466430 0.000420   4.200e-04   4 2 1 1 1 1 f  5 0 1 1 0 1 f  15BoJaLyTa.429      
5243.652024 0.001030   1.618e-03   14 0 1 1 2 1 e 15 0 0 0 0 1 e 15BoJaLyTa.430      
5244.507497 0.001920   1.920e-03   13 0 1 1 2 1 e 14 0 0 0 0 1 e 15BoJaLyTa.431      
5247.021749 0.001060   1.060e-03   10 0 1 1 2 1 e 11 0 0 0 0 1 e 15BoJaLyTa.432      
5247.836315 0.001670   2.734e-03   9 0 1 1 2 1 e  10 0 0 0 0 1 e 15BoJaLyTa.433      
5249.569409 0.001320   1.320e-03   35 0 1 1 2 1 f 35 0 0 0 0 1 e 15BoJaLyTa.434      
5249.896557 0.001230   1.230e-03   34 0 1 1 2 1 f 34 0 0 0 0 1 e 15BoJaLyTa.435      
5250.521492 0.001230   1.230e-03   32 0 1 1 2 1 f 32 0 0 0 0 1 e 15BoJaLyTa.436      
5250.819837 0.000730   1.494e-03   31 0 1 1 2 1 f 31 0 0 0 0 1 e 15BoJaLyTa.437      
5251.108700 0.000800   1.939e-03   30 0 1 1 2 1 f 30 0 0 0 0 1 e 15BoJaLyTa.438      
5251.386633 0.000900   9.000e-04   29 0 1 1 2 1 f 29 0 0 0 0 1 e 15BoJaLyTa.439      
5251.658591 0.000810   5.874e-03   28 0 1 1 2 1 f 28 0 0 0 0 1 e 15BoJaLyTa.440      
5251.918474 0.000580   4.316e-03   27 0 1 1 2 1 f 27 0 0 0 0 1 e 15BoJaLyTa.441      
5252.168685 0.000790   1.939e-03   26 0 1 1 2 1 f 26 0 0 0 0 1 e 15BoJaLyTa.442      
5252.411297 0.000710   3.520e-03   25 0 1 1 2 1 f 25 0 0 0 0 1 e 15BoJaLyTa.443      
5252.644467 0.000580   1.850e-03   24 0 1 1 2 1 f 24 0 0 0 0 1 e 15BoJaLyTa.444      
5252.868876 0.000670   6.700e-04   23 0 1 1 2 1 f 23 0 0 0 0 1 e 15BoJaLyTa.445      
5253.287688 0.000530   5.300e-04   21 0 1 1 2 1 f 21 0 0 0 0 1 e 15BoJaLyTa.446      
5253.482694 0.000620   6.200e-04   20 0 1 1 2 1 f 20 0 0 0 0 1 e 15BoJaLyTa.447      
5253.669587 0.000540   1.176e-03   19 0 1 1 2 1 f 19 0 0 0 0 1 e 15BoJaLyTa.448      
5253.847154 0.000590   2.086e-03   18 0 1 1 2 1 f 18 0 0 0 0 1 e 15BoJaLyTa.449      
5254.013566 0.000540   5.400e-04   17 0 1 1 2 1 f 17 0 0 0 0 1 e 15BoJaLyTa.450      
5254.171663 0.000580   5.800e-04   16 0 1 1 2 1 f 16 0 0 0 0 1 e 15BoJaLyTa.451      
5254.321396 0.000610   8.380e-04   15 0 1 1 2 1 f 15 0 0 0 0 1 e 15BoJaLyTa.452      
5254.460705 0.000540   5.400e-04   14 0 1 1 2 1 f 14 0 0 0 0 1 e 15BoJaLyTa.453      
5254.590020 0.000580   1.545e-03   13 0 1 1 2 1 f 13 0 0 0 0 1 e 15BoJaLyTa.454      
5254.712747 0.000790   3.891e-03   12 0 1 1 2 1 f 12 0 0 0 0 1 e 15BoJaLyTa.455      
5254.926224 0.000550   4.276e-03   10 0 1 1 2 1 f 10 0 0 0 0 1 e 15BoJaLyTa.456      
5255.019632 0.000740   4.963e-03   9 0 1 1 2 1 f  9 0 0 0 0 1 e  15BoJaLyTa.457      
5255.099711 0.000890   8.900e-04   8 0 1 1 2 1 f  8 0 0 0 0 1 e  15BoJaLyTa.458      
5255.180507 0.000920   2.250e-03   7 0 1 1 2 1 f  7 0 0 0 0 1 e  15BoJaLyTa.459      
5255.241991 0.000780   4.346e-03   6 0 1 1 2 1 f  6 0 0 0 0 1 e  15BoJaLyTa.460      
4709.307326 0.000410   4.100e-04   10 3 0 0 1 4 e 9 1 0 0 0 2 e  15BoJaLyTa.461      
4709.840917 0.000240   7.155e-04   3 2 1 1 1 3 f  2 0 1 1 0 1 f  15BoJaLyTa.462      
4710.524379 0.000140   2.090e-03   4 2 1 1 1 3 e  3 0 1 1 0 1 e  15BoJaLyTa.463      
4710.538015 0.000140   1.400e-04   4 2 1 1 1 3 f  3 0 1 1 0 1 f  15BoJaLyTa.464      
4710.645308 0.000300   3.923e-04   12 3 0 0 1 4 e 11 1 0 0 0 2 e 15BoJaLyTa.465      
4711.211698 0.000100   1.000e-04   5 2 1 1 1 3 e  4 0 1 1 0 1 e  15BoJaLyTa.466      
4711.230288 0.000110   1.100e-04   5 2 1 1 1 3 f  4 0 1 1 0 1 f  15BoJaLyTa.467      
4711.966880 0.000340   3.400e-04   14 3 0 0 1 4 e 13 1 0 0 0 2 e 15BoJaLyTa.468      
4712.568449 0.000080   8.000e-05   7 2 1 1 1 3 e  6 0 1 1 0 1 e  15BoJaLyTa.469      
4712.600815 0.000080   8.000e-05   7 2 1 1 1 3 f  6 0 1 1 0 1 f  15BoJaLyTa.470      
4712.621931 0.000340   3.400e-04   15 3 0 0 1 4 e 14 1 0 0 0 2 e 15BoJaLyTa.471      
4713.238782 0.000110   1.100e-04   8 2 1 1 1 3 e  7 0 1 1 0 1 e  15BoJaLyTa.472      
4713.278777 0.000090   9.000e-05   8 2 1 1 1 3 f  7 0 1 1 0 1 f  15BoJaLyTa.473      
4713.902909 0.000060   1.686e-04   9 2 1 1 1 3 e  8 0 1 1 0 1 e  15BoJaLyTa.474      
4713.919170 0.000350   1.520e-03   17 3 0 0 1 4 e 16 1 0 0 0 2 e 15BoJaLyTa.475      
4713.952736 0.000060   6.000e-05   9 2 1 1 1 3 f  8 0 1 1 0 1 f  15BoJaLyTa.476      
4714.621025 0.000070   7.000e-05   10 2 1 1 1 3 f 9 0 1 1 0 1 f  15BoJaLyTa.477      
4715.214084 0.000080   7.583e-04   11 2 1 1 1 3 e 10 0 1 1 0 1 e 15BoJaLyTa.478      
4715.284739 0.000060   6.000e-05   11 2 1 1 1 3 f 10 0 1 1 0 1 f 15BoJaLyTa.479      
4715.837389 0.000280   2.800e-04   20 3 0 0 1 4 e 19 1 0 0 0 2 e 15BoJaLyTa.480      
4715.861697 0.000050   5.000e-05   12 2 1 1 1 3 e 11 0 1 1 0 1 e 15BoJaLyTa.481      
4715.943625 0.000060   1.003e-04   12 2 1 1 1 3 f 11 0 1 1 0 1 f 15BoJaLyTa.482      
4716.467822 0.000430   4.300e-04   21 3 0 0 1 4 e 20 1 0 0 0 2 e 15BoJaLyTa.483      
4716.504634 0.000040   4.000e-05   13 2 1 1 1 3 e 12 0 1 1 0 1 e 15BoJaLyTa.484      
4716.598257 0.000050   5.000e-05   13 2 1 1 1 3 f 12 0 1 1 0 1 f 15BoJaLyTa.485      
4717.094507 0.000310   3.100e-04   22 3 0 0 1 4 e 21 1 0 0 0 2 e 15BoJaLyTa.486      
4717.139584 0.000050   5.000e-05   14 2 1 1 1 3 e 13 0 1 1 0 1 e 15BoJaLyTa.487      
4717.247754 0.000050   5.000e-05   14 2 1 1 1 3 f 13 0 1 1 0 1 f 15BoJaLyTa.488      
4717.769892 0.000040   4.000e-05   15 2 1 1 1 3 e 14 0 1 1 0 1 e 15BoJaLyTa.489      
4718.394688 0.000050   5.000e-05   16 2 1 1 1 3 e 15 0 1 1 0 1 e 15BoJaLyTa.490      
4718.950649 0.000330   3.300e-04   25 3 0 0 1 4 e 24 1 0 0 0 2 e 15BoJaLyTa.491      
4719.013579 0.000050   3.259e-04   17 2 1 1 1 3 e 16 0 1 1 0 1 e 15BoJaLyTa.492      
4719.167540 0.000040   4.000e-05   17 2 1 1 1 3 f 16 0 1 1 0 1 f 15BoJaLyTa.493      
4719.626986 0.000070   7.000e-05   18 2 1 1 1 3 e 17 0 1 1 0 1 e 15BoJaLyTa.494      
4719.797801 0.000050   5.000e-05   18 2 1 1 1 3 f 17 0 1 1 0 1 f 15BoJaLyTa.495      
4720.423193 0.000050   5.000e-05   19 2 1 1 1 3 f 18 0 1 1 0 1 f 15BoJaLyTa.496      
4720.836497 0.000090   9.000e-05   20 2 1 1 1 3 e 19 0 1 1 0 1 e 15BoJaLyTa.497      
4721.043752 0.000060   6.000e-05   20 2 1 1 1 3 f 19 0 1 1 0 1 f 15BoJaLyTa.498      
4721.431723 0.000040   4.000e-05   21 2 1 1 1 3 e 20 0 1 1 0 1 e 15BoJaLyTa.499      
4721.659406 0.000040   4.000e-05   21 2 1 1 1 3 f 20 0 1 1 0 1 f 15BoJaLyTa.500      
4722.022868 0.000050   5.000e-05   22 2 1 1 1 3 e 21 0 1 1 0 1 e 15BoJaLyTa.501      
4722.269103 0.000040   4.000e-05   22 2 1 1 1 3 f 21 0 1 1 0 1 f 15BoJaLyTa.502      
4722.875981 0.000050   6.286e-05   23 2 1 1 1 3 f 22 0 1 1 0 1 f 15BoJaLyTa.503      
4723.186091 0.000070   5.679e-04   24 2 1 1 1 3 e 23 0 1 1 0 1 e 15BoJaLyTa.504      
4723.476620 0.000060   6.000e-05   24 2 1 1 1 3 f 23 0 1 1 0 1 f 15BoJaLyTa.505      
4723.758876 0.000080   8.000e-05   25 2 1 1 1 3 e 24 0 1 1 0 1 e 15BoJaLyTa.506      
4724.072586 0.000050   5.000e-05   25 2 1 1 1 3 f 24 0 1 1 0 1 f 15BoJaLyTa.507      
4724.327180 0.000050   5.000e-05   26 2 1 1 1 3 e 25 0 1 1 0 1 e 15BoJaLyTa.508      
4724.663426 0.000060   6.000e-05   26 2 1 1 1 3 f 25 0 1 1 0 1 f 15BoJaLyTa.509      
4724.887788 0.000060   6.000e-05   27 2 1 1 1 3 e 26 0 1 1 0 1 e 15BoJaLyTa.510      
4725.249008 0.000060   6.000e-05   27 2 1 1 1 3 f 26 0 1 1 0 1 f 15BoJaLyTa.511      
4725.443384 0.000060   6.000e-05   28 2 1 1 1 3 e 27 0 1 1 0 1 e 15BoJaLyTa.512      
4725.829981 0.000060   6.000e-05   28 2 1 1 1 3 f 27 0 1 1 0 1 f 15BoJaLyTa.513      
4725.992906 0.000070   7.000e-05   29 2 1 1 1 3 e 28 0 1 1 0 1 e 15BoJaLyTa.514      
4726.405575 0.000080   8.000e-05   29 2 1 1 1 3 f 28 0 1 1 0 1 f 15BoJaLyTa.515      
4727.541183 0.000120   1.053e-03   31 2 1 1 1 3 f 30 0 1 1 0 1 f 15BoJaLyTa.516      
4727.606442 0.000070   7.000e-05   32 2 1 1 1 3 e 31 0 1 1 0 1 e 15BoJaLyTa.517      
4728.132703 0.000080   8.000e-05   33 2 1 1 1 3 e 32 0 1 1 0 1 e 15BoJaLyTa.518      
4729.675296 0.000120   1.200e-04   36 2 1 1 1 3 e 35 0 1 1 0 1 e 15BoJaLyTa.519      
4729.752193 0.000140   1.400e-04   35 2 1 1 1 3 f 34 0 1 1 0 1 f 15BoJaLyTa.520      
4730.177184 0.000140   1.400e-04   37 2 1 1 1 3 e 36 0 1 1 0 1 e 15BoJaLyTa.521      
4730.291901 0.000130   1.300e-04   36 2 1 1 1 3 f 35 0 1 1 0 1 f 15BoJaLyTa.522      
4730.673597 0.000100   1.000e-04   38 2 1 1 1 3 e 37 0 1 1 0 1 e 15BoJaLyTa.523      
4730.825889 0.000230   2.300e-04   37 2 1 1 1 3 f 36 0 1 1 0 1 f 15BoJaLyTa.524      
4731.162576 0.000140   1.400e-04   39 2 1 1 1 3 e 38 0 1 1 0 1 e 15BoJaLyTa.525      
4731.878881 0.000170   1.700e-04   39 2 1 1 1 3 f 38 0 1 1 0 1 f 15BoJaLyTa.526      
4732.126158 0.000160   1.600e-04   41 2 1 1 1 3 e 40 0 1 1 0 1 e 15BoJaLyTa.527      
4732.596304 0.000190   1.900e-04   42 2 1 1 1 3 e 41 0 1 1 0 1 e 15BoJaLyTa.528      
4733.062043 0.000220   2.200e-04   43 2 1 1 1 3 e 42 0 1 1 0 1 e 15BoJaLyTa.529      
4733.417765 0.000240   2.400e-04   42 2 1 1 1 3 f 41 0 1 1 0 1 f 15BoJaLyTa.530      
4733.521525 0.000270   2.700e-04   44 2 1 1 1 3 e 43 0 1 1 0 1 e 15BoJaLyTa.531      
4733.918729 0.000350   3.500e-04   43 2 1 1 1 3 f 42 0 1 1 0 1 f 15BoJaLyTa.532      
4733.973540 0.000250   2.500e-04   45 2 1 1 1 3 e 44 0 1 1 0 1 e 15BoJaLyTa.533      
4734.862553 0.000400   4.000e-04   47 2 1 1 1 3 e 46 0 1 1 0 1 e 15BoJaLyTa.534      
4734.909226 0.000290   2.900e-04   45 2 1 1 1 3 f 44 0 1 1 0 1 f 15BoJaLyTa.535      
4735.392552 0.000500   5.000e-04   46 2 1 1 1 3 f 45 0 1 1 0 1 f 15BoJaLyTa.536      
4735.872586 0.000330   3.300e-04   47 2 1 1 1 3 f 46 0 1 1 0 1 f 15BoJaLyTa.537      
4736.816114 0.000450   4.500e-04   49 2 1 1 1 3 f 48 0 1 1 0 1 f 15BoJaLyTa.538      
4756.267548 0.000030   6.660e-05   1 2 0 0 1 3 e  0 0 0 0 0 1 e  15BoJaLyTa.539      
4756.970861 0.000010   1.000e-05   2 2 0 0 1 3 e  1 0 0 0 0 1 e  15BoJaLyTa.540      
4757.668909 0.000010   1.341e-05   3 2 0 0 1 3 e  2 0 0 0 0 1 e  15BoJaLyTa.541      
4758.361735 0.000010   1.000e-05   4 2 0 0 1 3 e  3 0 0 0 0 1 e  15BoJaLyTa.542      
4759.049248 0.000010   1.000e-05   5 2 0 0 1 3 e  4 0 0 0 0 1 e  15BoJaLyTa.543      
4759.731490 0.000010   1.000e-05   6 2 0 0 1 3 e  5 0 0 0 0 1 e  15BoJaLyTa.544      
4760.408475 0.000010   1.000e-05   7 2 0 0 1 3 e  6 0 0 0 0 1 e  15BoJaLyTa.545      
4761.080109 0.000010   1.000e-05   8 2 0 0 1 3 e  7 0 0 0 0 1 e  15BoJaLyTa.546      
4761.746497 0.000010   4.377e-05   9 2 0 0 1 3 e  8 0 0 0 0 1 e  15BoJaLyTa.547      
4762.407487 0.000010   1.000e-05   10 2 0 0 1 3 e 9 0 0 0 0 1 e  15BoJaLyTa.548      
4763.063185 0.000200   2.000e-04   11 2 0 0 1 3 e 10 0 0 0 0 1 e 15BoJaLyTa.549      
4763.713524 0.000200   2.000e-04   12 2 0 0 1 3 e 11 0 0 0 0 1 e 15BoJaLyTa.550      
4764.358522 0.000010   1.000e-05   13 2 0 0 1 3 e 12 0 0 0 0 1 e 15BoJaLyTa.551      
4764.998149 0.000200   2.000e-04   14 2 0 0 1 3 e 13 0 0 0 0 1 e 15BoJaLyTa.552      
4765.632381 0.000200   2.000e-04   15 2 0 0 1 3 e 14 0 0 0 0 1 e 15BoJaLyTa.553      
4766.261185 0.000010   1.000e-05   16 2 0 0 1 3 e 15 0 0 0 0 1 e 15BoJaLyTa.554      
4766.884597 0.000200   2.000e-04   17 2 0 0 1 3 e 16 0 0 0 0 1 e 15BoJaLyTa.555      
4767.502598 0.000200   2.000e-04   18 2 0 0 1 3 e 17 0 0 0 0 1 e 15BoJaLyTa.556      
4768.115149 0.000200   2.000e-04   19 2 0 0 1 3 e 18 0 0 0 0 1 e 15BoJaLyTa.557      
4768.722227 0.000010   1.000e-05   20 2 0 0 1 3 e 19 0 0 0 0 1 e 15BoJaLyTa.558      
4769.323782 0.000010   1.000e-05   21 2 0 0 1 3 e 20 0 0 0 0 1 e 15BoJaLyTa.559      
4769.919832 0.000200   2.000e-04   22 2 0 0 1 3 e 21 0 0 0 0 1 e 15BoJaLyTa.560      
4770.510349 0.000010   1.000e-05   23 2 0 0 1 3 e 22 0 0 0 0 1 e 15BoJaLyTa.561      
4771.095368 0.000010   1.000e-05   24 2 0 0 1 3 e 23 0 0 0 0 1 e 15BoJaLyTa.562      
4771.674678 0.000200   2.000e-04   25 2 0 0 1 3 e 24 0 0 0 0 1 e 15BoJaLyTa.563      
4772.248273 0.000020   2.000e-05   26 2 0 0 1 3 e 25 0 0 0 0 1 e 15BoJaLyTa.564      
4772.816583 0.000010   1.000e-05   27 2 0 0 1 3 e 26 0 0 0 0 1 e 15BoJaLyTa.565      
4773.379079 0.000010   1.000e-05   28 2 0 0 1 3 e 27 0 0 0 0 1 e 15BoJaLyTa.566      
4773.935752 0.000310   3.100e-04   29 2 0 0 1 3 e 28 0 0 0 0 1 e 15BoJaLyTa.567      
4774.486987 0.000010   1.000e-05   30 2 0 0 1 3 e 29 0 0 0 0 1 e 15BoJaLyTa.568      
4775.032361 0.000010   1.000e-05   31 2 0 0 1 3 e 30 0 0 0 0 1 e 15BoJaLyTa.569      
4775.571954 0.000010   1.000e-05   32 2 0 0 1 3 e 31 0 0 0 0 1 e 15BoJaLyTa.570      
4776.105757 0.000010   1.000e-05   33 2 0 0 1 3 e 32 0 0 0 0 1 e 15BoJaLyTa.571      
4776.633740 0.000010   1.000e-05   34 2 0 0 1 3 e 33 0 0 0 0 1 e 15BoJaLyTa.572      
4777.155870 0.000010   5.159e-05   35 2 0 0 1 3 e 34 0 0 0 0 1 e 15BoJaLyTa.573      
4777.672077 0.000010   2.341e-04   36 2 0 0 1 3 e 35 0 0 0 0 1 e 15BoJaLyTa.574      
4778.182429 0.000010   9.334e-05   37 2 0 0 1 3 e 36 0 0 0 0 1 e 15BoJaLyTa.575      
4778.686822 0.000010   1.664e-05   38 2 0 0 1 3 e 37 0 0 0 0 1 e 15BoJaLyTa.576      
4779.185203 0.000010   1.000e-05   39 2 0 0 1 3 e 38 0 0 0 0 1 e 15BoJaLyTa.577      
4779.677588 0.000010   1.000e-05   40 2 0 0 1 3 e 39 0 0 0 0 1 e 15BoJaLyTa.578      
4780.163835 0.000010   1.000e-05   41 2 0 0 1 3 e 40 0 0 0 0 1 e 15BoJaLyTa.579      
4780.644046 0.000010   1.000e-05   42 2 0 0 1 3 e 41 0 0 0 0 1 e 15BoJaLyTa.580      
4781.118117 0.000010   1.000e-05   43 2 0 0 1 3 e 42 0 0 0 0 1 e 15BoJaLyTa.581      
4781.586000 0.000010   1.000e-05   44 2 0 0 1 3 e 43 0 0 0 0 1 e 15BoJaLyTa.582      
4782.047805 0.000020   2.000e-05   45 2 0 0 1 3 e 44 0 0 0 0 1 e 15BoJaLyTa.583      
4782.503247 0.000010   1.000e-05   46 2 0 0 1 3 e 45 0 0 0 0 1 e 15BoJaLyTa.584      
4782.952001 0.000030   7.295e-04   47 2 0 0 1 3 e 46 0 0 0 0 1 e 15BoJaLyTa.585      
4783.395322 0.000020   1.205e-04   48 2 0 0 1 3 e 47 0 0 0 0 1 e 15BoJaLyTa.586      
4783.831955 0.000030   3.000e-05   49 2 0 0 1 3 e 48 0 0 0 0 1 e 15BoJaLyTa.587      
4784.261946 0.000020   2.000e-05   50 2 0 0 1 3 e 49 0 0 0 0 1 e 15BoJaLyTa.588      
4784.685595 0.000030   3.000e-05   51 2 0 0 1 3 e 50 0 0 0 0 1 e 15BoJaLyTa.589      
4785.102748 0.000030   3.000e-05   52 2 0 0 1 3 e 51 0 0 0 0 1 e 15BoJaLyTa.590      
4785.917548 0.000040   4.000e-05   54 2 0 0 1 3 e 53 0 0 0 0 1 e 15BoJaLyTa.591      
4786.315069 0.000050   5.000e-05   55 2 0 0 1 3 e 54 0 0 0 0 1 e 15BoJaLyTa.592      
4786.706363 0.000170   1.700e-04   56 2 0 0 1 3 e 55 0 0 0 0 1 e 15BoJaLyTa.593      
4787.089985 0.000070   7.000e-05   57 2 0 0 1 3 e 56 0 0 0 0 1 e 15BoJaLyTa.594      
4787.467139 0.000100   1.000e-04   58 2 0 0 1 3 e 57 0 0 0 0 1 e 15BoJaLyTa.595      
4787.837726 0.000110   1.100e-04   59 2 0 0 1 3 e 58 0 0 0 0 1 e 15BoJaLyTa.596      
4788.201484 0.000110   1.100e-04   60 2 0 0 1 3 e 59 0 0 0 0 1 e 15BoJaLyTa.597      
4788.558169 0.000140   1.400e-04   61 2 0 0 1 3 e 60 0 0 0 0 1 e 15BoJaLyTa.598      
4788.911374 0.000570   3.142e-03   62 2 0 0 1 3 e 61 0 0 0 0 1 e 15BoJaLyTa.599      
4789.251029 0.000210   2.100e-04   63 2 0 0 1 3 e 62 0 0 0 0 1 e 15BoJaLyTa.600      
4789.587954 0.000430   1.373e-03   64 2 0 0 1 3 e 63 0 0 0 0 1 e 15BoJaLyTa.601      
4789.915329 0.000360   3.600e-04   65 2 0 0 1 3 e 64 0 0 0 0 1 e 15BoJaLyTa.602      
4831.951290 0.000750   7.500e-04   4 3 0 0 1 3 e  3 1 0 0 0 2 e  15BoJaLyTa.603      
4832.630975 0.000350   3.500e-04   5 3 0 0 1 3 e  4 1 0 0 0 2 e  15BoJaLyTa.604      
4833.967981 0.000240   5.293e-04   7 3 0 0 1 3 e  6 1 0 0 0 2 e  15BoJaLyTa.605      
4834.628265 0.000440   4.400e-04   8 3 0 0 1 3 e  7 1 0 0 0 2 e  15BoJaLyTa.606      
4835.280072 0.000200   2.000e-04   9 3 0 0 1 3 e  8 1 0 0 0 2 e  15BoJaLyTa.607      
4835.924559 0.000300   3.000e-04   10 3 0 0 1 3 e 9 1 0 0 0 2 e  15BoJaLyTa.608      
4836.562785 0.000180   1.800e-04   11 3 0 0 1 3 e 10 1 0 0 0 2 e 15BoJaLyTa.609      
4837.194593 0.000380   1.014e-03   12 3 0 0 1 3 e 11 1 0 0 0 2 e 15BoJaLyTa.610      
4837.817991 0.000280   8.883e-04   13 3 0 0 1 3 e 12 1 0 0 0 2 e 15BoJaLyTa.611      
4838.434647 0.000230   2.519e-04   14 3 0 0 1 3 e 13 1 0 0 0 2 e 15BoJaLyTa.612      
4839.045893 0.000330   6.054e-04   15 3 0 0 1 3 e 14 1 0 0 0 2 e 15BoJaLyTa.613      
4839.649511 0.000240   2.400e-04   16 3 0 0 1 3 e 15 1 0 0 0 2 e 15BoJaLyTa.614      
4840.836926 0.000240   7.820e-04   18 3 0 0 1 3 e 17 1 0 0 0 2 e 15BoJaLyTa.615      
4841.420122 0.000260   7.838e-04   19 3 0 0 1 3 e 18 1 0 0 0 2 e 15BoJaLyTa.616      
4841.994912 0.000310   3.100e-04   20 3 0 0 1 3 e 19 1 0 0 0 2 e 15BoJaLyTa.617      
4842.565106 0.000270   2.700e-04   21 3 0 0 1 3 e 20 1 0 0 0 2 e 15BoJaLyTa.618      
4843.128464 0.000200   1.426e-03   22 3 0 0 1 3 e 21 1 0 0 0 2 e 15BoJaLyTa.619      
4843.682057 0.000210   5.443e-04   23 3 0 0 1 3 e 22 1 0 0 0 2 e 15BoJaLyTa.620      
4844.232285 0.000310   6.596e-04   24 3 0 0 1 3 e 23 1 0 0 0 2 e 15BoJaLyTa.621      
4844.773513 0.000310   3.100e-04   25 3 0 0 1 3 e 24 1 0 0 0 2 e 15BoJaLyTa.622      
4845.308815 0.000310   3.100e-04   26 3 0 0 1 3 e 25 1 0 0 0 2 e 15BoJaLyTa.623      
4845.837217 0.000320   3.200e-04   27 3 0 0 1 3 e 26 1 0 0 0 2 e 15BoJaLyTa.624      
4846.356706 0.000250   1.385e-03   28 3 0 0 1 3 e 27 1 0 0 0 2 e 15BoJaLyTa.625      
4847.382216 0.000540   5.400e-04   30 3 0 0 1 3 e 29 1 0 0 0 2 e 15BoJaLyTa.626      
4847.887316 0.000450   4.500e-04   31 3 0 0 1 3 e 30 1 0 0 0 2 e 15BoJaLyTa.627      
4848.858963 0.000430   9.121e-04   33 3 0 0 1 3 e 32 1 0 0 0 2 e 15BoJaLyTa.628      
4849.339822 0.000510   6.406e-04   34 3 0 0 1 3 e 33 1 0 0 0 2 e 15BoJaLyTa.629      
4850.281171 0.000510   5.100e-04   36 3 0 0 1 3 e 35 1 0 0 0 2 e 15BoJaLyTa.630      
4850.738777 0.000770   8.748e-04   37 3 0 0 1 3 e 36 1 0 0 0 2 e 15BoJaLyTa.631      
4856.941451 0.001310   1.310e-03   7 3 0 0 1 2 e  6 1 0 0 0 1 e  15BoJaLyTa.632      
4860.217621 0.000690   1.641e-03   12 3 0 0 1 2 e 11 1 0 0 0 1 e 15BoJaLyTa.633      
4860.853457 0.000680   6.800e-04   13 3 0 0 1 2 e 12 1 0 0 0 1 e 15BoJaLyTa.634      
4861.904770 0.000270   8.330e-04   3 2 1 1 1 2 e  2 0 1 1 0 1 e  15BoJaLyTa.635      
4861.913927 0.000310   2.344e-03   3 2 1 1 1 2 f  2 0 1 1 0 1 f  15BoJaLyTa.636      
4862.109226 0.000390   3.900e-04   15 3 0 0 1 2 e 14 1 0 0 0 1 e 15BoJaLyTa.637      
4862.594083 0.000150   1.195e-03   4 2 1 1 1 2 e  3 0 1 1 0 1 e  15BoJaLyTa.638      
4862.606645 0.000140   1.400e-04   4 2 1 1 1 2 f  3 0 1 1 0 1 f  15BoJaLyTa.639      
4862.728020 0.000620   6.200e-04   16 3 0 0 1 2 e 15 1 0 0 0 1 e 15BoJaLyTa.640      
4863.276666 0.000180   1.800e-04   5 2 1 1 1 2 e  4 0 1 1 0 1 e  15BoJaLyTa.641      
4863.295002 0.000110   1.100e-04   5 2 1 1 1 2 f  4 0 1 1 0 1 f  15BoJaLyTa.642      
4863.953622 0.000090   9.000e-05   6 2 1 1 1 2 e  5 0 1 1 0 1 e  15BoJaLyTa.643      
4863.948348 0.000760   7.600e-04   18 3 0 0 1 2 e 17 1 0 0 0 1 e 15BoJaLyTa.644-typo?
4863.978814 0.000060   6.000e-05   6 2 1 1 1 2 f  5 0 1 1 0 1 f  15BoJaLyTa.645      
4864.549372 0.000440   4.400e-04   19 3 0 0 1 2 e 18 1 0 0 0 1 e 15BoJaLyTa.646      
4864.625311 0.000050   5.000e-05   7 2 1 1 1 2 e  6 0 1 1 0 1 e  15BoJaLyTa.647      
4864.656426 0.000050   5.000e-05   7 2 1 1 1 2 f  6 0 1 1 0 1 f  15BoJaLyTa.648      
4865.144423 0.000490   4.900e-04   20 3 0 0 1 2 e 19 1 0 0 0 1 e 15BoJaLyTa.649      
4865.289869 0.000040   4.000e-05   8 2 1 1 1 2 e  7 0 1 1 0 1 e  15BoJaLyTa.650      
4865.329041 0.000040   4.000e-05   8 2 1 1 1 2 f  7 0 1 1 0 1 f  15BoJaLyTa.651      
4865.733599 0.000580   5.800e-04   21 3 0 0 1 2 e 20 1 0 0 0 1 e 15BoJaLyTa.652      
4865.948277 0.000050   5.000e-05   9 2 1 1 1 2 e  8 0 1 1 0 1 e  15BoJaLyTa.653      
4865.996054 0.000060   6.000e-05   9 2 1 1 1 2 f  8 0 1 1 0 1 f  15BoJaLyTa.654      
4866.316823 0.000650   6.500e-04   22 3 0 0 1 2 e 21 1 0 0 0 1 e 15BoJaLyTa.655      
4866.599950 0.000040   4.000e-05   10 2 1 1 1 2 e 9 0 1 1 0 1 e  15BoJaLyTa.656      
4866.657636 0.000040   4.000e-05   10 2 1 1 1 2 f 9 0 1 1 0 1 f  15BoJaLyTa.657      
4866.893697 0.000530   5.300e-04   23 3 0 0 1 2 e 22 1 0 0 0 1 e 15BoJaLyTa.658      
4867.246075 0.000040   4.000e-05   11 2 1 1 1 2 e 10 0 1 1 0 1 e 15BoJaLyTa.659      
4867.313668 0.000030   3.000e-05   11 2 1 1 1 2 f 10 0 1 1 0 1 f 15BoJaLyTa.660      
4867.465607 0.001000   1.000e-03   24 3 0 0 1 2 e 23 1 0 0 0 1 e 15BoJaLyTa.661      
4867.609228 0.000020   2.000e-05   1 2 0 0 1 2 e  0 0 0 0 0 1 e  15BoJaLyTa.662      
4867.885131 0.000040   4.000e-05   12 2 1 1 1 2 e 11 0 1 1 0 1 e 15BoJaLyTa.663      
4867.964597 0.000030   3.000e-05   12 2 1 1 1 2 f 11 0 1 1 0 1 f 15BoJaLyTa.664      
4868.310701 0.000010   1.000e-05   2 2 0 0 1 2 e  1 0 0 0 0 1 e  15BoJaLyTa.665      
4868.518018 0.000040   4.000e-05   13 2 1 1 1 2 e 12 0 1 1 0 1 e 15BoJaLyTa.666      
4868.609708 0.000040   4.000e-05   13 2 1 1 1 2 f 12 0 1 1 0 1 f 15BoJaLyTa.667      
4869.005893 0.000010   1.000e-05   3 2 0 0 1 2 e  2 0 0 0 0 1 e  15BoJaLyTa.668      
4869.145064 0.000040   4.000e-05   14 2 1 1 1 2 e 13 0 1 1 0 1 e 15BoJaLyTa.669      
4869.694922 0.000010   4.075e-05   4 2 0 0 1 2 e  3 0 0 0 0 1 e  15BoJaLyTa.670      
4869.766206 0.000030   3.000e-05   15 2 1 1 1 2 e 14 0 1 1 0 1 e 15BoJaLyTa.671      
4869.884229 0.000040   4.000e-05   15 2 1 1 1 2 f 14 0 1 1 0 1 f 15BoJaLyTa.672      
4870.377900 0.000010   1.584e-04   5 2 0 0 1 2 e  4 0 0 0 0 1 e  15BoJaLyTa.673      
4870.513393 0.000040   4.000e-05   16 2 1 1 1 2 f 15 0 1 1 0 1 f 15BoJaLyTa.674      
4870.987932 0.000030   3.000e-05   17 2 1 1 1 2 e 16 0 1 1 0 1 e 15BoJaLyTa.675      
4871.054321 0.000200   2.000e-04   6 2 0 0 1 2 e  5 0 0 0 0 1 e  15BoJaLyTa.676      
4871.136884 0.000040   4.000e-05   17 2 1 1 1 2 f 16 0 1 1 0 1 f 15BoJaLyTa.677      
4871.589775 0.000160   2.068e-04   18 2 1 1 1 2 e 17 0 1 1 0 1 e 15BoJaLyTa.678      
4871.724724 0.000010   1.000e-05   7 2 0 0 1 2 e  6 0 0 0 0 1 e  15BoJaLyTa.679      
4871.754941 0.000040   4.000e-05   18 2 1 1 1 2 f 17 0 1 1 0 1 f 15BoJaLyTa.680      
4872.184948 0.000040   4.000e-05   19 2 1 1 1 2 e 18 0 1 1 0 1 e 15BoJaLyTa.681      
4872.388842 0.000010   1.000e-05   8 2 0 0 1 2 e  7 0 0 0 0 1 e  15BoJaLyTa.682      
4872.774123 0.000030   3.000e-05   20 2 1 1 1 2 e 19 0 1 1 0 1 e 15BoJaLyTa.683      
4872.975189 0.000050   5.000e-05   20 2 1 1 1 2 f 19 0 1 1 0 1 f 15BoJaLyTa.684      
4873.046835 0.000010   1.000e-05   9 2 0 0 1 2 e  8 0 0 0 0 1 e  15BoJaLyTa.685      
4873.357214 0.000070   1.162e-03   21 2 1 1 1 2 e 20 0 1 1 0 1 e 15BoJaLyTa.686      
4873.577018 0.000040   4.000e-05   21 2 1 1 1 2 f 20 0 1 1 0 1 f 15BoJaLyTa.687      
4873.698578 0.000200   2.000e-04   10 2 0 0 1 2 e 9 0 0 0 0 1 e  15BoJaLyTa.688      
4873.933341 0.000030   3.000e-05   22 2 1 1 1 2 e 21 0 1 1 0 1 e 15BoJaLyTa.689      
4874.172903 0.000200   3.978e-04   22 2 1 1 1 2 f 21 0 1 1 0 1 f 15BoJaLyTa.690      
4874.344094 0.000010   1.000e-05   11 2 0 0 1 2 e 10 0 0 0 0 1 e 15BoJaLyTa.691      
4874.503312 0.000050   5.000e-05   23 2 1 1 1 2 e 22 0 1 1 0 1 e 15BoJaLyTa.692      
4874.763642 0.000030   3.000e-05   23 2 1 1 1 2 f 22 0 1 1 0 1 f 15BoJaLyTa.693      
4874.983392 0.000200   2.000e-04   12 2 0 0 1 2 e 11 0 0 0 0 1 e 15BoJaLyTa.694      
4875.067506 0.000050   5.000e-05   24 2 1 1 1 2 e 23 0 1 1 0 1 e 15BoJaLyTa.695      
4875.349898 0.000030   3.000e-05   24 2 1 1 1 2 f 23 0 1 1 0 1 f 15BoJaLyTa.696      
4875.616543 0.000010   1.000e-05   13 2 0 0 1 2 e 12 0 0 0 0 1 e 15BoJaLyTa.697      
4875.627602 0.000110   1.100e-04   25 2 1 1 1 2 e 24 0 1 1 0 1 e 15BoJaLyTa.698      
4875.930095 0.000040   4.000e-05   25 2 1 1 1 2 f 24 0 1 1 0 1 f 15BoJaLyTa.699      
4876.176824 0.000050   5.000e-05   26 2 1 1 1 2 e 25 0 1 1 0 1 e 15BoJaLyTa.700      
4876.243371 0.000200   2.000e-04   14 2 0 0 1 2 e 13 0 0 0 0 1 e 15BoJaLyTa.701      
4876.504943 0.000040   4.000e-05   26 2 1 1 1 2 f 25 0 1 1 0 1 f 15BoJaLyTa.702      
4876.721620 0.000040   4.000e-05   27 2 1 1 1 2 e 26 0 1 1 0 1 e 15BoJaLyTa.703      
4876.864040 0.000010   1.000e-05   15 2 0 0 1 2 e 14 0 0 0 0 1 e 15BoJaLyTa.704      
4877.073657 0.000070   7.000e-05   27 2 1 1 1 2 f 26 0 1 1 0 1 f 15BoJaLyTa.705      
4877.260355 0.000040   4.000e-05   28 2 1 1 1 2 e 27 0 1 1 0 1 e 15BoJaLyTa.706      
4877.478509 0.000200   2.028e-04   16 2 0 0 1 2 e 15 0 0 0 0 1 e 15BoJaLyTa.707      
4877.792953 0.000040   4.000e-05   29 2 1 1 1 2 e 28 0 1 1 0 1 e 15BoJaLyTa.708      
4878.086763 0.000010   1.000e-05   17 2 0 0 1 2 e 16 0 0 0 0 1 e 15BoJaLyTa.709      
4878.196591 0.000060   6.000e-05   29 2 1 1 1 2 f 28 0 1 1 0 1 f 15BoJaLyTa.710      
4878.319088 0.000080   8.000e-05   30 2 1 1 1 2 e 29 0 1 1 0 1 e 15BoJaLyTa.711      
4878.688849 0.000200   2.000e-04   18 2 0 0 1 2 e 17 0 0 0 0 1 e 15BoJaLyTa.712      
4878.749743 0.000080   8.000e-05   30 2 1 1 1 2 f 29 0 1 1 0 1 f 15BoJaLyTa.713      
4878.839361 0.000070   7.000e-05   31 2 1 1 1 2 e 30 0 1 1 0 1 e 15BoJaLyTa.714      
4879.284561 0.000010   1.000e-05   19 2 0 0 1 2 e 18 0 0 0 0 1 e 15BoJaLyTa.715      
4879.297765 0.000090   9.000e-05   31 2 1 1 1 2 f 30 0 1 1 0 1 f 15BoJaLyTa.716      
4879.352816 0.000080   8.000e-05   32 2 1 1 1 2 e 31 0 1 1 0 1 e 15BoJaLyTa.717      
4879.839746 0.000080   8.000e-05   32 2 1 1 1 2 f 31 0 1 1 0 1 f 15BoJaLyTa.718      
4879.859365 0.000100   1.000e-04   33 2 1 1 1 2 e 32 0 1 1 0 1 e 15BoJaLyTa.719      
4879.874374 0.000010   1.000e-05   20 2 0 0 1 2 e 19 0 0 0 0 1 e 15BoJaLyTa.720      
4880.361266 0.000080   8.000e-05   34 2 1 1 1 2 e 33 0 1 1 0 1 e 15BoJaLyTa.721      
4880.375698 0.000070   7.000e-05   33 2 1 1 1 2 f 32 0 1 1 0 1 f 15BoJaLyTa.722      
4880.457674 0.000200   2.000e-04   21 2 0 0 1 2 e 20 0 0 0 0 1 e 15BoJaLyTa.723      
4880.855662 0.000110   1.100e-04   35 2 1 1 1 2 e 34 0 1 1 0 1 e 15BoJaLyTa.724      
4880.907869 0.000110   1.100e-04   34 2 1 1 1 2 f 33 0 1 1 0 1 f 15BoJaLyTa.725      
4881.035008 0.000010   1.000e-05   22 2 0 0 1 2 e 21 0 0 0 0 1 e 15BoJaLyTa.726      
4881.344393 0.000070   7.000e-05   36 2 1 1 1 2 e 35 0 1 1 0 1 e 15BoJaLyTa.727      
4881.433551 0.000100   1.000e-04   35 2 1 1 1 2 f 34 0 1 1 0 1 f 15BoJaLyTa.728      
4881.606078 0.000010   1.000e-05   23 2 0 0 1 2 e 22 0 0 0 0 1 e 15BoJaLyTa.729      
4881.826566 0.000110   1.100e-04   37 2 1 1 1 2 e 36 0 1 1 0 1 e 15BoJaLyTa.730      
4881.952716 0.000180   2.332e-03   36 2 1 1 1 2 f 35 0 1 1 0 1 f 15BoJaLyTa.731      
4882.171037 0.000200   2.000e-04   24 2 0 0 1 2 e 23 0 0 0 0 1 e 15BoJaLyTa.732      
4882.301925 0.000120   1.200e-04   38 2 1 1 1 2 e 37 0 1 1 0 1 e 15BoJaLyTa.733      
4882.729752 0.000200   2.000e-04   25 2 0 0 1 2 e 24 0 0 0 0 1 e 15BoJaLyTa.734      
4882.771943 0.000240   2.400e-04   39 2 1 1 1 2 e 38 0 1 1 0 1 e 15BoJaLyTa.735      
4882.978637 0.000100   1.000e-04   38 2 1 1 1 2 f 37 0 1 1 0 1 f 15BoJaLyTa.736      
4883.235728 0.000180   1.800e-04   40 2 1 1 1 2 e 39 0 1 1 0 1 e 15BoJaLyTa.737      
4883.282338 0.000010   1.694e-05   26 2 0 0 1 2 e 25 0 0 0 0 1 e 15BoJaLyTa.738      
4883.483525 0.000190   1.900e-04   39 2 1 1 1 2 f 38 0 1 1 0 1 f 15BoJaLyTa.739      
4883.828717 0.000200   2.000e-04   27 2 0 0 1 2 e 26 0 0 0 0 1 e 15BoJaLyTa.740      
4883.982073 0.000120   1.200e-04   40 2 1 1 1 2 f 39 0 1 1 0 1 f 15BoJaLyTa.741      
4884.144122 0.000570   9.062e-04   42 2 1 1 1 2 e 41 0 1 1 0 1 e 15BoJaLyTa.742      
4884.368993 0.000010   1.000e-05   28 2 0 0 1 2 e 27 0 0 0 0 1 e 15BoJaLyTa.743      
4884.475324 0.000190   1.900e-04   41 2 1 1 1 2 f 40 0 1 1 0 1 f 15BoJaLyTa.744      
4884.587948 0.000150   1.500e-04   43 2 1 1 1 2 e 42 0 1 1 0 1 e 15BoJaLyTa.745      
4884.903070 0.000010   2.394e-05   29 2 0 0 1 2 e 28 0 0 0 0 1 e 15BoJaLyTa.746      
4884.962045 0.000170   1.853e-03   42 2 1 1 1 2 f 41 0 1 1 0 1 f 15BoJaLyTa.747      
4885.026680 0.000290   2.900e-04   44 2 1 1 1 2 e 43 0 1 1 0 1 e 15BoJaLyTa.748      
4885.431019 0.000010   1.000e-05   30 2 0 0 1 2 e 29 0 0 0 0 1 e 15BoJaLyTa.749      
4885.459361 0.000440   4.400e-04   45 2 1 1 1 2 e 44 0 1 1 0 1 e 15BoJaLyTa.750      
4885.953213 0.000050   3.549e-04   31 2 0 0 1 2 e 30 0 0 0 0 1 e 15BoJaLyTa.751      
4886.304907 0.000320   3.200e-04   47 2 1 1 1 2 e 46 0 1 1 0 1 e 15BoJaLyTa.752      
4886.394797 0.000320   3.200e-04   45 2 1 1 1 2 f 44 0 1 1 0 1 f 15BoJaLyTa.753      
4886.468590 0.000200   2.000e-04   32 2 0 0 1 2 e 31 0 0 0 0 1 e 15BoJaLyTa.754      
4886.716863 0.000550   2.368e-03   48 2 1 1 1 2 e 47 0 1 1 0 1 e 15BoJaLyTa.755      
4886.862434 0.000370   3.700e-04   46 2 1 1 1 2 f 45 0 1 1 0 1 f 15BoJaLyTa.756      
4886.978166 0.000010   1.000e-05   33 2 0 0 1 2 e 32 0 0 0 0 1 e 15BoJaLyTa.757      
4887.323581 0.000440   4.400e-04   47 2 1 1 1 2 f 46 0 1 1 0 1 f 15BoJaLyTa.758      
4887.481656 0.000010   1.000e-05   34 2 0 0 1 2 e 33 0 0 0 0 1 e 15BoJaLyTa.759      
4887.524025 0.000780   7.800e-04   50 2 1 1 1 2 e 49 0 1 1 0 1 e 15BoJaLyTa.760      
4887.778239 0.000290   2.900e-04   48 2 1 1 1 2 f 47 0 1 1 0 1 f 15BoJaLyTa.761      
4887.920719 0.001430   1.430e-03   51 2 1 1 1 2 e 50 0 1 1 0 1 e 15BoJaLyTa.762      
4887.978987 0.000010   1.000e-05   35 2 0 0 1 2 e 34 0 0 0 0 1 e 15BoJaLyTa.763      
4888.229239 0.000390   3.900e-04   49 2 1 1 1 2 f 48 0 1 1 0 1 f 15BoJaLyTa.764      
4888.470382 0.000010   2.775e-05   36 2 0 0 1 2 e 35 0 0 0 0 1 e 15BoJaLyTa.765      
4888.674006 0.000520   5.200e-04   50 2 1 1 1 2 f 49 0 1 1 0 1 f 15BoJaLyTa.766      
4888.955593 0.000010   1.000e-05   37 2 0 0 1 2 e 36 0 0 0 0 1 e 15BoJaLyTa.767      
4889.114233 0.000390   3.900e-04   51 2 1 1 1 2 f 50 0 1 1 0 1 f 15BoJaLyTa.768      
4889.434787 0.000010   3.574e-05   38 2 0 0 1 2 e 37 0 0 0 0 1 e 15BoJaLyTa.769      
4889.907734 0.000010   2.271e-04   39 2 0 0 1 2 e 38 0 0 0 0 1 e 15BoJaLyTa.770      
4890.375061 0.000010   1.000e-05   40 2 0 0 1 2 e 39 0 0 0 0 1 e 15BoJaLyTa.771      
4890.836191 0.000010   1.000e-05   41 2 0 0 1 2 e 40 0 0 0 0 1 e 15BoJaLyTa.772      
4891.291305 0.000010   1.000e-05   42 2 0 0 1 2 e 41 0 0 0 0 1 e 15BoJaLyTa.773      
4891.740438 0.000010   1.000e-05   43 2 0 0 1 2 e 42 0 0 0 0 1 e 15BoJaLyTa.774      
4892.183596 0.000010   1.000e-05   44 2 0 0 1 2 e 43 0 0 0 0 1 e 15BoJaLyTa.775      
4892.620846 0.000020   2.000e-05   45 2 0 0 1 2 e 44 0 0 0 0 1 e 15BoJaLyTa.776      
4893.052153 0.000010   1.000e-05   46 2 0 0 1 2 e 45 0 0 0 0 1 e 15BoJaLyTa.777      
4893.477571 0.000020   2.295e-05   47 2 0 0 1 2 e 46 0 0 0 0 1 e 15BoJaLyTa.778      
4893.897107 0.000020   2.000e-05   48 2 0 0 1 2 e 47 0 0 0 0 1 e 15BoJaLyTa.779      
4894.310855 0.000020   2.000e-05   49 2 0 0 1 2 e 48 0 0 0 0 1 e 15BoJaLyTa.780      
4894.718759 0.000040   4.152e-05   50 2 0 0 1 2 e 49 0 0 0 0 1 e 15BoJaLyTa.781      
4895.120847 0.000020   2.000e-05   51 2 0 0 1 2 e 50 0 0 0 0 1 e 15BoJaLyTa.782      
4895.517276 0.000120   1.200e-04   52 2 0 0 1 2 e 51 0 0 0 0 1 e 15BoJaLyTa.783      
4895.908079 0.000060   6.000e-05   53 2 0 0 1 2 e 52 0 0 0 0 1 e 15BoJaLyTa.784      
4896.293083 0.000040   4.000e-05   54 2 0 0 1 2 e 53 0 0 0 0 1 e 15BoJaLyTa.785      
4896.672475 0.000030   3.000e-05   55 2 0 0 1 2 e 54 0 0 0 0 1 e 15BoJaLyTa.786      
4897.046145 0.000030   3.000e-05   56 2 0 0 1 2 e 55 0 0 0 0 1 e 15BoJaLyTa.787      
4897.414886 0.000070   7.000e-05   57 2 0 0 1 2 e 56 0 0 0 0 1 e 15BoJaLyTa.788      
4897.777817 0.000050   5.000e-05   58 2 0 0 1 2 e 57 0 0 0 0 1 e 15BoJaLyTa.789      
4898.135444 0.000100   1.000e-04   59 2 0 0 1 2 e 58 0 0 0 0 1 e 15BoJaLyTa.790      
4898.487918 0.000080   8.000e-05   60 2 0 0 1 2 e 59 0 0 0 0 1 e 15BoJaLyTa.791      
4899.177482 0.000150   1.500e-04   62 2 0 0 1 2 e 61 0 0 0 0 1 e 15BoJaLyTa.792      
4899.512305 0.000650   6.500e-04   63 2 0 0 1 2 e 62 0 0 0 0 1 e 15BoJaLyTa.793      
4899.849725 0.000160   1.600e-04   64 2 0 0 1 2 e 63 0 0 0 0 1 e 15BoJaLyTa.794      
4900.177770 0.000340   3.400e-04   65 2 0 0 1 2 e 64 0 0 0 0 1 e 15BoJaLyTa.795      
4900.824799 0.000370   3.700e-04   67 2 0 0 1 2 e 66 0 0 0 0 1 e 15BoJaLyTa.796      
4901.143221 0.000530   5.300e-04   68 2 0 0 1 2 e 67 0 0 0 0 1 e 15BoJaLyTa.797      
5014.655622 0.000080   1.279e-04   1 2 0 0 1 1 e  0 0 0 0 0 1 e  15BoJaLyTa.798      
5015.362305 0.000070   1.012e-04   2 2 0 0 1 1 e  1 0 0 0 0 1 e  15BoJaLyTa.799      
5016.065712 0.000030   3.000e-05   3 2 0 0 1 1 e  2 0 0 0 0 1 e  15BoJaLyTa.800      
5016.765388 0.000020   2.000e-05   4 2 0 0 1 1 e  3 0 0 0 0 1 e  15BoJaLyTa.801      
5017.461408 0.000020   2.000e-05   5 2 0 0 1 1 e  4 0 0 0 0 1 e  15BoJaLyTa.802      
5018.154068 0.000020   2.525e-05   6 2 0 0 1 1 e  5 0 0 0 0 1 e  15BoJaLyTa.803      
5018.842952 0.000020   2.000e-05   7 2 0 0 1 1 e  6 0 0 0 0 1 e  15BoJaLyTa.804      
5019.528409 0.000010   1.000e-05   8 2 0 0 1 1 e  7 0 0 0 0 1 e  15BoJaLyTa.805      
5020.210273 0.000010   8.088e-05   9 2 0 0 1 1 e  8 0 0 0 0 1 e  15BoJaLyTa.806      
5020.888570 0.000010   1.000e-05   10 2 0 0 1 1 e 9 0 0 0 0 1 e  15BoJaLyTa.807      
5021.563321 0.000010   1.000e-05   11 2 0 0 1 1 e 10 0 0 0 0 1 e 15BoJaLyTa.808      
5022.234575 0.000010   1.000e-05   12 2 0 0 1 1 e 11 0 0 0 0 1 e 15BoJaLyTa.809      
5022.902307 0.000010   1.000e-05   13 2 0 0 1 1 e 12 0 0 0 0 1 e 15BoJaLyTa.810      
5023.566414 0.000010   1.000e-05   14 2 0 0 1 1 e 13 0 0 0 0 1 e 15BoJaLyTa.811      
5024.227170 0.000010   1.000e-05   15 2 0 0 1 1 e 14 0 0 0 0 1 e 15BoJaLyTa.812      
5024.884340 0.000010   9.290e-05   16 2 0 0 1 1 e 15 0 0 0 0 1 e 15BoJaLyTa.813      
5025.538553 0.000110   6.592e-04   17 2 0 0 1 1 e 16 0 0 0 0 1 e 15BoJaLyTa.814      
5026.188294 0.000010   1.254e-04   18 2 0 0 1 1 e 17 0 0 0 0 1 e 15BoJaLyTa.815      
5026.834882 0.000010   1.000e-05   19 2 0 0 1 1 e 18 0 0 0 0 1 e 15BoJaLyTa.816      
5027.478144 0.000010   1.000e-05   20 2 0 0 1 1 e 19 0 0 0 0 1 e 15BoJaLyTa.817      
5028.117903 0.000010   1.385e-05   21 2 0 0 1 1 e 20 0 0 0 0 1 e 15BoJaLyTa.818      
5028.754236 0.000010   1.000e-05   22 2 0 0 1 1 e 21 0 0 0 0 1 e 15BoJaLyTa.819      
5029.387134 0.000010   1.000e-05   23 2 0 0 1 1 e 22 0 0 0 0 1 e 15BoJaLyTa.820      
5030.016631 0.000010   1.000e-05   24 2 0 0 1 1 e 23 0 0 0 0 1 e 15BoJaLyTa.821      
5030.642712 0.000010   1.000e-05   25 2 0 0 1 1 e 24 0 0 0 0 1 e 15BoJaLyTa.822      
5031.265428 0.000010   1.000e-05   26 2 0 0 1 1 e 25 0 0 0 0 1 e 15BoJaLyTa.823      
5031.884724 0.000010   1.000e-05   27 2 0 0 1 1 e 26 0 0 0 0 1 e 15BoJaLyTa.824      
5032.500735 0.000010   1.000e-05   28 2 0 0 1 1 e 27 0 0 0 0 1 e 15BoJaLyTa.825      
5033.113383 0.000010   1.000e-05   29 2 0 0 1 1 e 28 0 0 0 0 1 e 15BoJaLyTa.826      
5033.722676 0.000010   1.000e-05   30 2 0 0 1 1 e 29 0 0 0 0 1 e 15BoJaLyTa.827      
5034.328737 0.000010   1.000e-05   31 2 0 0 1 1 e 30 0 0 0 0 1 e 15BoJaLyTa.828      
5034.931470 0.000020   2.000e-05   32 2 0 0 1 1 e 31 0 0 0 0 1 e 15BoJaLyTa.829      
5035.531011 0.000020   2.000e-05   33 2 0 0 1 1 e 32 0 0 0 0 1 e 15BoJaLyTa.830      
5036.127204 0.000020   2.000e-05   34 2 0 0 1 1 e 33 0 0 0 0 1 e 15BoJaLyTa.831      
5036.720287 0.000020   2.000e-05   35 2 0 0 1 1 e 34 0 0 0 0 1 e 15BoJaLyTa.832      
5037.195099 0.000790   7.900e-04   3 2 1 1 1 1 e  2 0 1 1 0 1 e  15BoJaLyTa.833      
5037.205680 0.001040   3.235e-03   3 2 1 1 1 1 f  2 0 1 1 0 1 f  15BoJaLyTa.834      
5037.310174 0.000020   2.000e-05   36 2 0 0 1 1 e 35 0 0 0 0 1 e 15BoJaLyTa.835      
5038.480343 0.000020   2.000e-05   38 2 0 0 1 1 e 37 0 0 0 0 1 e 15BoJaLyTa.836      
5038.581260 0.000320   3.200e-04   5 2 1 1 1 1 e  4 0 1 1 0 1 e  15BoJaLyTa.837      
5038.605786 0.000300   3.000e-04   5 2 1 1 1 1 f  4 0 1 1 0 1 f  15BoJaLyTa.838      
5039.060976 0.000030   3.000e-05   39 2 0 0 1 1 e 38 0 0 0 0 1 e 15BoJaLyTa.839      
5039.267927 0.000170   1.700e-04   6 2 1 1 1 1 e  5 0 1 1 0 1 e  15BoJaLyTa.840      
5039.299630 0.000360   3.600e-04   6 2 1 1 1 1 f  5 0 1 1 0 1 f  15BoJaLyTa.841      
5039.638312 0.000030   3.000e-05   40 2 0 0 1 1 e 39 0 0 0 0 1 e 15BoJaLyTa.842      
5039.949386 0.000180   1.800e-04   7 2 1 1 1 1 e  6 0 1 1 0 1 e  15BoJaLyTa.843      
5039.991883 0.000180   1.800e-04   7 2 1 1 1 1 f  6 0 1 1 0 1 f  15BoJaLyTa.844      
5040.212678 0.000030   3.000e-05   41 2 0 0 1 1 e 40 0 0 0 0 1 e 15BoJaLyTa.845      
5040.624911 0.000160   1.600e-04   8 2 1 1 1 1 e  7 0 1 1 0 1 e  15BoJaLyTa.846      
5040.678773 0.000180   6.880e-04   8 2 1 1 1 1 f  7 0 1 1 0 1 f  15BoJaLyTa.847      
5040.784321 0.000030   3.000e-05   42 2 0 0 1 1 e 41 0 0 0 0 1 e 15BoJaLyTa.848      
5041.297461 0.000170   1.700e-04   9 2 1 1 1 1 e  8 0 1 1 0 1 e  15BoJaLyTa.849      
5041.352352 0.000060   7.915e-05   43 2 0 0 1 1 e 42 0 0 0 0 1 e 15BoJaLyTa.850      
5041.363513 0.000280   2.800e-04   9 2 1 1 1 1 f  8 0 1 1 0 1 f  15BoJaLyTa.851      
5041.917619 0.000040   4.000e-05   44 2 0 0 1 1 e 43 0 0 0 0 1 e 15BoJaLyTa.852      
5041.964066 0.000130   1.300e-04   10 2 1 1 1 1 e 9 0 1 1 0 1 e  15BoJaLyTa.853      
5042.044278 0.000380   3.800e-04   10 2 1 1 1 1 f 9 0 1 1 0 1 f  15BoJaLyTa.854      
5042.480033 0.000060   6.000e-05   45 2 0 0 1 1 e 44 0 0 0 0 1 e 15BoJaLyTa.855      
5042.626606 0.000130   1.300e-04   11 2 1 1 1 1 e 10 0 1 1 0 1 e 15BoJaLyTa.856      
5042.721669 0.000130   1.300e-04   11 2 1 1 1 1 f 10 0 1 1 0 1 f 15BoJaLyTa.857      
5043.039341 0.000060   6.000e-05   46 2 0 0 1 1 e 45 0 0 0 0 1 e 15BoJaLyTa.858      
5043.285041 0.000130   1.300e-04   12 2 1 1 1 1 e 11 0 1 1 0 1 e 15BoJaLyTa.859      
5043.395680 0.000140   5.261e-04   12 2 1 1 1 1 f 11 0 1 1 0 1 f 15BoJaLyTa.860      
5043.596346 0.000070   7.000e-05   47 2 0 0 1 1 e 46 0 0 0 0 1 e 15BoJaLyTa.861      
5043.937190 0.000130   1.300e-04   13 2 1 1 1 1 e 12 0 1 1 0 1 e 15BoJaLyTa.862      
5044.065484 0.000190   1.900e-04   13 2 1 1 1 1 f 12 0 1 1 0 1 f 15BoJaLyTa.863      
5044.149899 0.000090   9.000e-05   48 2 0 0 1 1 e 47 0 0 0 0 1 e 15BoJaLyTa.864      
5044.584991 0.000130   1.300e-04   14 2 1 1 1 1 e 13 0 1 1 0 1 e 15BoJaLyTa.865      
5044.701034 0.000090   9.000e-05   49 2 0 0 1 1 e 48 0 0 0 0 1 e 15BoJaLyTa.866      
5044.732799 0.000120   1.200e-04   14 2 1 1 1 1 f 13 0 1 1 0 1 f 15BoJaLyTa.867      
5045.228517 0.000140   1.400e-04   15 2 1 1 1 1 e 14 0 1 1 0 1 e 15BoJaLyTa.868      
5045.249356 0.000110   1.100e-04   50 2 0 0 1 1 e 49 0 0 0 0 1 e 15BoJaLyTa.869      
5045.395990 0.000110   1.100e-04   15 2 1 1 1 1 f 14 0 1 1 0 1 f 15BoJaLyTa.870      
5045.866987 0.000160   1.600e-04   16 2 1 1 1 1 e 15 0 1 1 0 1 e 15BoJaLyTa.871      
5046.056034 0.000160   2.151e-04   16 2 1 1 1 1 f 15 0 1 1 0 1 f 15BoJaLyTa.872      
5046.337871 0.000180   1.800e-04   52 2 0 0 1 1 e 51 0 0 0 0 1 e 15BoJaLyTa.873      
5046.502656 0.000180   2.104e-03   17 2 1 1 1 1 e 16 0 1 1 0 1 e 15BoJaLyTa.874      
5046.712377 0.000130   1.300e-04   17 2 1 1 1 1 f 16 0 1 1 0 1 f 15BoJaLyTa.875      
5046.877071 0.000160   1.600e-04   53 2 0 0 1 1 e 52 0 0 0 0 1 e 15BoJaLyTa.876      
5047.129865 0.000130   1.300e-04   18 2 1 1 1 1 e 17 0 1 1 0 1 e 15BoJaLyTa.877      
5047.365349 0.000120   1.200e-04   18 2 1 1 1 1 f 17 0 1 1 0 1 f 15BoJaLyTa.878      
5047.415368 0.000170   1.700e-04   54 2 0 0 1 1 e 53 0 0 0 0 1 e 15BoJaLyTa.879      
5047.753478 0.000150   3.332e-04   19 2 1 1 1 1 e 18 0 1 1 0 1 e 15BoJaLyTa.880      
5047.950625 0.000390   3.900e-04   55 2 0 0 1 1 e 54 0 0 0 0 1 e 15BoJaLyTa.881      
5048.015099 0.000160   1.600e-04   19 2 1 1 1 1 f 18 0 1 1 0 1 f 15BoJaLyTa.882      
5048.374122 0.000110   1.100e-04   20 2 1 1 1 1 e 19 0 1 1 0 1 e 15BoJaLyTa.883      
5048.482051 0.000440   4.400e-04   56 2 0 0 1 1 e 55 0 0 0 0 1 e 15BoJaLyTa.884      
5048.660712 0.000170   4.505e-04   20 2 1 1 1 1 f 19 0 1 1 0 1 f 15BoJaLyTa.885      
5048.988321 0.000080   8.000e-05   21 2 1 1 1 1 e 20 0 1 1 0 1 e 15BoJaLyTa.886      
5049.303913 0.000150   1.500e-04   21 2 1 1 1 1 f 20 0 1 1 0 1 f 15BoJaLyTa.887      
5049.541117 0.000530   5.300e-04   58 2 0 0 1 1 e 57 0 0 0 0 1 e 15BoJaLyTa.888      
5049.598844 0.000150   1.500e-04   22 2 1 1 1 1 e 21 0 1 1 0 1 e 15BoJaLyTa.889      
5050.065870 0.000590   5.900e-04   59 2 0 0 1 1 e 58 0 0 0 0 1 e 15BoJaLyTa.890      
5050.204226 0.000190   2.019e-04   23 2 1 1 1 1 e 22 0 1 1 0 1 e 15BoJaLyTa.891      
5050.805240 0.000110   1.100e-04   24 2 1 1 1 1 e 23 0 1 1 0 1 e 15BoJaLyTa.892      
5051.211238 0.000160   1.600e-04   24 2 1 1 1 1 f 23 0 1 1 0 1 f 15BoJaLyTa.893      
5051.401730 0.000200   7.196e-04   25 2 1 1 1 1 e 24 0 1 1 0 1 e 15BoJaLyTa.894      
5051.840104 0.000190   1.900e-04   25 2 1 1 1 1 f 24 0 1 1 0 1 f 15BoJaLyTa.895      
5051.992353 0.000210   3.681e-04   26 2 1 1 1 1 e 25 0 1 1 0 1 e 15BoJaLyTa.896      
5052.578596 0.000170   1.700e-04   27 2 1 1 1 1 e 26 0 1 1 0 1 e 15BoJaLyTa.897      
5053.161442 0.000210   2.100e-04   28 2 1 1 1 1 e 27 0 1 1 0 1 e 15BoJaLyTa.898      
5053.707639 0.000210   7.013e-04   28 2 1 1 1 1 f 27 0 1 1 0 1 f 15BoJaLyTa.899      
5054.311084 0.000230   2.300e-04   30 2 1 1 1 1 e 29 0 1 1 0 1 e 15BoJaLyTa.900      
5054.322053 0.000230   5.480e-04   29 2 1 1 1 1 f 28 0 1 1 0 1 f 15BoJaLyTa.901      
5054.879400 0.000200   2.000e-04   31 2 1 1 1 1 e 30 0 1 1 0 1 e 15BoJaLyTa.902      
5054.934338 0.000180   1.800e-04   30 2 1 1 1 1 f 29 0 1 1 0 1 f 15BoJaLyTa.903      
5055.441282 0.000200   1.456e-03   32 2 1 1 1 1 e 31 0 1 1 0 1 e 15BoJaLyTa.904      
5055.543788 0.000300   3.000e-04   31 2 1 1 1 1 f 30 0 1 1 0 1 f 15BoJaLyTa.905      
5056.001927 0.000250   2.500e-04   33 2 1 1 1 1 e 32 0 1 1 0 1 e 15BoJaLyTa.906      
5056.555810 0.000230   2.300e-04   34 2 1 1 1 1 e 33 0 1 1 0 1 e 15BoJaLyTa.907      
5056.751139 0.000200   2.000e-04   33 2 1 1 1 1 f 32 0 1 1 0 1 f 15BoJaLyTa.908      
5057.350194 0.000250   2.500e-04   34 2 1 1 1 1 f 33 0 1 1 0 1 f 15BoJaLyTa.909      
5057.650367 0.000290   2.900e-04   36 2 1 1 1 1 e 35 0 1 1 0 1 e 15BoJaLyTa.910      
5057.945197 0.000880   8.800e-04   35 2 1 1 1 1 f 34 0 1 1 0 1 f 15BoJaLyTa.911      
5058.190951 0.000430   4.300e-04   37 2 1 1 1 1 e 36 0 1 1 0 1 e 15BoJaLyTa.912      
5058.537564 0.000350   3.500e-04   36 2 1 1 1 1 f 35 0 1 1 0 1 f 15BoJaLyTa.913      
5059.127478 0.000400   1.270e-03   37 2 1 1 1 1 f 36 0 1 1 0 1 f 15BoJaLyTa.914      
5059.258793 0.000380   3.800e-04   39 2 1 1 1 1 e 38 0 1 1 0 1 e 15BoJaLyTa.915      
5059.713613 0.000480   4.800e-04   38 2 1 1 1 1 f 37 0 1 1 0 1 f 15BoJaLyTa.916      
5059.784778 0.000390   3.900e-04   40 2 1 1 1 1 e 39 0 1 1 0 1 e 15BoJaLyTa.917      
5060.825708 0.000770   7.700e-04   42 2 1 1 1 1 e 41 0 1 1 0 1 e 15BoJaLyTa.918      
5060.875025 0.000470   4.700e-04   40 2 1 1 1 1 f 39 0 1 1 0 1 f 15BoJaLyTa.919      
5061.451037 0.000500   5.000e-04   41 2 1 1 1 1 f 40 0 1 1 0 1 f 15BoJaLyTa.920      
5062.024541 0.001570   1.570e-03   42 2 1 1 1 1 f 41 0 1 1 0 1 f 15BoJaLyTa.921      
5260.148684 0.001090   6.536e-03   7 0 1 1 2 1 e  6 0 0 0 0 1 e  15BoJaLyTa.922      
5260.777034 0.001380   1.380e-03   8 0 1 1 2 1 e  7 0 0 0 0 1 e  15BoJaLyTa.923      
5261.399695 0.001640   1.978e-03   9 0 1 1 2 1 e  8 0 0 0 0 1 e  15BoJaLyTa.924      
5262.609019 0.000900   9.000e-04   11 0 1 1 2 1 e 10 0 0 0 0 1 e 15BoJaLyTa.925      
5263.780166 0.001030   1.030e-03   13 0 1 1 2 1 e 12 0 0 0 0 1 e 15BoJaLyTa.926      
5264.909055 0.000850   8.500e-04   15 0 1 1 2 1 e 14 0 0 0 0 1 e 15BoJaLyTa.927      
5265.459600 0.001080   2.565e-03   16 0 1 1 2 1 e 15 0 0 0 0 1 e 15BoJaLyTa.928      
5267.042397 0.000960   9.600e-04   19 0 1 1 2 1 e 18 0 0 0 0 1 e 15BoJaLyTa.929      
5267.549045 0.001030   1.030e-03   20 0 1 1 2 1 e 19 0 0 0 0 1 e 15BoJaLyTa.930      
5268.046992 0.001030   1.030e-03   21 0 1 1 2 1 e 20 0 0 0 0 1 e 15BoJaLyTa.931      
5268.531878 0.000970   9.700e-04   22 0 1 1 2 1 e 21 0 0 0 0 1 e 15BoJaLyTa.932      
5269.007419 0.000930   1.244e-03   23 0 1 1 2 1 e 22 0 0 0 0 1 e 15BoJaLyTa.933      
5269.929552 0.000780   7.800e-04   25 0 1 1 2 1 e 24 0 0 0 0 1 e 15BoJaLyTa.934      
5270.375045 0.001170   5.828e-03   26 0 1 1 2 1 e 25 0 0 0 0 1 e 15BoJaLyTa.935      
4704.094687 0.000060   6.000e-05   4 2 1 1 1 3 e  5 0 1 1 0 1 e  15BoJaLyTa.937      
4704.830721 0.000080   8.000e-05   3 2 1 1 1 3 e  4 0 1 1 0 1 e  15BoJaLyTa.938      
4705.561065 0.000100   1.000e-04   2 2 1 1 1 3 e  3 0 1 1 0 1 e  15BoJaLyTa.939      
4706.286435 0.000170   1.700e-04   1 2 1 1 1 3 e  2 0 1 1 0 1 e  15BoJaLyTa.940      
4834.923404 0.000820   8.200e-04   19 2 2 2 1 2 e 20 0 2 2 0 1 e 15BoJaLyTa.941      
4837.374827 0.000720   7.200e-04   16 2 2 2 1 2 e 17 0 2 2 0 1 e 15BoJaLyTa.942      
4839.774775 0.000340   3.400e-04   13 2 2 2 1 2 e 14 0 2 2 0 1 e 15BoJaLyTa.943      
4846.670558 0.000570   5.700e-04   4 2 2 2 1 2 e  5 0 2 2 0 1 e  15BoJaLyTa.944      
4856.163491 0.000050   5.000e-05   4 2 1 1 1 2 e  5 0 1 1 0 1 e  15BoJaLyTa.945      
4856.902106 0.000060   6.000e-05   3 2 1 1 1 2 e  4 0 1 1 0 1 e  15BoJaLyTa.946      
4857.634863 0.000080   8.000e-05   2 2 1 1 1 2 e  3 0 1 1 0 1 e  15BoJaLyTa.947      
4858.361627 0.000120   1.200e-04   1 2 1 1 1 2 e  2 0 1 1 0 1 e  15BoJaLyTa.948      
5032.921329 0.000240   2.400e-04   2 2 1 1 1 1 e  3 0 1 1 0 1 e  15BoJaLyTa.949      
4681.260391 0.000660   6.600e-04   20 2 2 2 1 3 e 19 0 2 2 0 1 e 15BoJaLyTa.950      
4681.900521 0.000690   6.900e-04   21 2 2 2 1 3 e 20 0 2 2 0 1 e 15BoJaLyTa.951      
4683.205410 0.000770   7.700e-04   23 2 2 2 1 3 e 22 0 2 2 0 1 e 15BoJaLyTa.952      
4709.135889 0.000300   3.000e-04   2 2 1 1 1 3 e  1 0 1 1 0 1 e  15BoJaLyTa.953      
4861.211276 0.000260   1.669e-03   2 2 1 1 1 2 e  1 0 1 1 0 1 e  15BoJaLyTa.954      
4861.637690 0.000410   4.100e-04   17 2 2 2 1 2 e 16 0 2 2 0 1 e 15BoJaLyTa.955      
4862.861583 0.000310   3.100e-04   19 2 2 2 1 2 e 18 0 2 2 0 1 e 15BoJaLyTa.956      
4863.464482 0.000560   5.600e-04   20 2 2 2 1 2 e 19 0 2 2 0 1 e 15BoJaLyTa.957      
4864.061191 0.000390   3.900e-04   21 2 2 2 1 2 e 20 0 2 2 0 1 e 15BoJaLyTa.958      
4865.241556 0.000450   4.500e-04   23 2 2 2 1 2 e 22 0 2 2 0 1 e 15BoJaLyTa.959      
4865.823369 0.000350   3.500e-04   24 2 2 2 1 2 e 23 0 2 2 0 1 e 15BoJaLyTa.960      
4704.094687 0.000060   6.000e-05   4 2 1 1 1 3 f  5 0 1 1 0 1 f  15BoJaLyTa.961      
4704.830721 0.000080   8.000e-05   3 2 1 1 1 3 f  4 0 1 1 0 1 f  15BoJaLyTa.962      
4705.561065 0.000100   1.000e-04   2 2 1 1 1 3 f  3 0 1 1 0 1 f  15BoJaLyTa.963      
4706.286435 0.000170   1.700e-04   1 2 1 1 1 3 f  2 0 1 1 0 1 f  15BoJaLyTa.964      
4834.923404 0.000820   8.200e-04   19 2 2 2 1 2 f 20 0 2 2 0 1 f 15BoJaLyTa.965      
4837.374827 0.000720   7.200e-04   16 2 2 2 1 2 f 17 0 2 2 0 1 f 15BoJaLyTa.966      
4839.774775 0.000340   3.400e-04   13 2 2 2 1 2 f 14 0 2 2 0 1 f 15BoJaLyTa.967      
4846.670558 0.000570   5.700e-04   4 2 2 2 1 2 f  5 0 2 2 0 1 f  15BoJaLyTa.968      
4856.163491 0.000050   5.000e-05   4 2 1 1 1 2 f  5 0 1 1 0 1 f  15BoJaLyTa.969      
4856.902106 0.000060   6.000e-05   3 2 1 1 1 2 f  4 0 1 1 0 1 f  15BoJaLyTa.970      
4857.634863 0.000080   8.000e-05   2 2 1 1 1 2 f  3 0 1 1 0 1 f  15BoJaLyTa.971      
4858.361627 0.000120   1.200e-04   1 2 1 1 1 2 f  2 0 1 1 0 1 f  15BoJaLyTa.972      
5032.921329 0.000240   2.400e-04   2 2 1 1 1 1 f  3 0 1 1 0 1 f  15BoJaLyTa.973      
4681.260391 0.000660   6.600e-04   20 2 2 2 1 3 f 19 0 2 2 0 1 f 15BoJaLyTa.974      
4681.900521 0.000690   6.900e-04   21 2 2 2 1 3 f 20 0 2 2 0 1 f 15BoJaLyTa.975      
4683.205410 0.000770   7.700e-04   23 2 2 2 1 3 f 22 0 2 2 0 1 f 15BoJaLyTa.976      
4709.135889 0.000300   1.723e-03   2 2 1 1 1 3 f  1 0 1 1 0 1 f  15BoJaLyTa.977      
4861.211276 0.000260   2.600e-04   2 2 1 1 1 2 f  1 0 1 1 0 1 f  15BoJaLyTa.978      
4861.637690 0.000410   4.100e-04   17 2 2 2 1 2 f 16 0 2 2 0 1 f 15BoJaLyTa.979      
4862.861583 0.000310   3.100e-04   19 2 2 2 1 2 f 18 0 2 2 0 1 f 15BoJaLyTa.980      
4863.464482 0.000560   5.600e-04   20 2 2 2 1 2 f 19 0 2 2 0 1 f 15BoJaLyTa.981      
4864.061191 0.000390   3.900e-04   21 2 2 2 1 2 f 20 0 2 2 0 1 f 15BoJaLyTa.982      
4865.241556 0.000450   4.500e-04   23 2 2 2 1 2 f 22 0 2 2 0 1 f 15BoJaLyTa.983      
4865.823369 0.000350   3.500e-04   24 2 2 2 1 2 f 23 0 2 2 0 1 f 15BoJaLyTa.984      
6167.082338 0.000560   5.600e-04   48 3 0 0 1 2 e 49 0 0 0 0 1 e 15JaBoLyTa.1        
6169.887532 0.000560   5.600e-04   45 3 0 0 1 2 e 46 0 0 0 0 1 e 15JaBoLyTa.2        
6170.814933 0.000560   1.743e-03   44 3 0 0 1 2 e 45 0 0 0 0 1 e 15JaBoLyTa.3        
6174.475435 0.000560   5.600e-04   40 3 0 0 1 2 e 41 0 0 0 0 1 e 15JaBoLyTa.4        
6175.379188 0.000560   5.600e-04   39 3 0 0 1 2 e 40 0 0 0 0 1 e 15JaBoLyTa.5        
6176.281219 0.000560   5.600e-04   38 3 0 0 1 2 e 39 0 0 0 0 1 e 15JaBoLyTa.6        
6177.178268 0.000560   5.600e-04   37 3 0 0 1 2 e 38 0 0 0 0 1 e 15JaBoLyTa.7        
6178.069991 0.000560   5.600e-04   36 3 0 0 1 2 e 37 0 0 0 0 1 e 15JaBoLyTa.8        
6179.839704 0.000560   9.314e-04   34 3 0 0 1 2 e 35 0 0 0 0 1 e 15JaBoLyTa.9        
6180.718839 0.000560   5.600e-04   33 3 0 0 1 2 e 34 0 0 0 0 1 e 15JaBoLyTa.10       
6181.593041 0.000560   5.600e-04   32 3 0 0 1 2 e 33 0 0 0 0 1 e 15JaBoLyTa.11       
6182.462280 0.000560   5.600e-04   31 3 0 0 1 2 e 32 0 0 0 0 1 e 15JaBoLyTa.12       
6183.327424 0.000560   5.600e-04   30 3 0 0 1 2 e 31 0 0 0 0 1 e 15JaBoLyTa.13       
6184.187528 0.000560   5.600e-04   29 3 0 0 1 2 e 30 0 0 0 0 1 e 15JaBoLyTa.14       
6185.043505 0.000560   5.600e-04   28 3 0 0 1 2 e 29 0 0 0 0 1 e 15JaBoLyTa.15       
6185.894781 0.000560   5.600e-04   27 3 0 0 1 2 e 28 0 0 0 0 1 e 15JaBoLyTa.16       
6186.741693 0.000560   5.600e-04   26 3 0 0 1 2 e 27 0 0 0 0 1 e 15JaBoLyTa.17       
6187.583015 0.000560   5.600e-04   25 3 0 0 1 2 e 26 0 0 0 0 1 e 15JaBoLyTa.18       
6188.420058 0.000560   5.600e-04   24 3 0 0 1 2 e 25 0 0 0 0 1 e 15JaBoLyTa.19       
6189.252466 0.000560   5.600e-04   23 3 0 0 1 2 e 24 0 0 0 0 1 e 15JaBoLyTa.20       
6190.079924 0.000560   5.600e-04   22 3 0 0 1 2 e 23 0 0 0 0 1 e 15JaBoLyTa.21       
6190.902770 0.000560   5.600e-04   21 3 0 0 1 2 e 22 0 0 0 0 1 e 15JaBoLyTa.22       
6191.720103 0.000560   5.600e-04   20 3 0 0 1 2 e 21 0 0 0 0 1 e 15JaBoLyTa.23       
6192.532811 0.000560   5.600e-04   19 3 0 0 1 2 e 20 0 0 0 0 1 e 15JaBoLyTa.24       
6193.341500 0.000560   5.600e-04   18 3 0 0 1 2 e 19 0 0 0 0 1 e 15JaBoLyTa.25       
6194.145339 0.000560   5.600e-04   17 3 0 0 1 2 e 18 0 0 0 0 1 e 15JaBoLyTa.26       
6194.943411 0.000560   5.600e-04   16 3 0 0 1 2 e 17 0 0 0 0 1 e 15JaBoLyTa.27       
6195.736905 0.000560   5.992e-04   15 3 0 0 1 2 e 16 0 0 0 0 1 e 15JaBoLyTa.28       
6196.525764 0.000560   5.600e-04   14 3 0 0 1 2 e 15 0 0 0 0 1 e 15JaBoLyTa.29       
6197.309467 0.000560   5.600e-04   13 3 0 0 1 2 e 14 0 0 0 0 1 e 15JaBoLyTa.30       
6198.088690 0.000560   5.600e-04   12 3 0 0 1 2 e 13 0 0 0 0 1 e 15JaBoLyTa.31       
6198.862556 0.000560   5.600e-04   11 3 0 0 1 2 e 12 0 0 0 0 1 e 15JaBoLyTa.32       
6199.631576 0.000560   5.600e-04   10 3 0 0 1 2 e 11 0 0 0 0 1 e 15JaBoLyTa.33       
6200.395248 0.000560   5.600e-04   9 3 0 0 1 2 e  10 0 0 0 0 1 e 15JaBoLyTa.34       
6201.154538 0.000560   5.600e-04   8 3 0 0 1 2 e  9 0 0 0 0 1 e  15JaBoLyTa.35       
6201.908538 0.000560   5.600e-04   7 3 0 0 1 2 e  8 0 0 0 0 1 e  15JaBoLyTa.36       
6202.658099 0.000560   5.600e-04   6 3 0 0 1 2 e  7 0 0 0 0 1 e  15JaBoLyTa.37       
6204.140501 0.000560   8.593e-04   4 3 0 0 1 2 e  5 0 0 0 0 1 e  15JaBoLyTa.38       
6204.874239 0.000560   5.600e-04   3 3 0 0 1 2 e  4 0 0 0 0 1 e  15JaBoLyTa.39       
6205.603094 0.000560   5.600e-04   2 3 0 0 1 2 e  3 0 0 0 0 1 e  15JaBoLyTa.40       
6027.066087 0.000560   3.840e-03   51 3 0 0 1 3 e 52 0 0 0 0 1 e 15JaBoLyTa.41       
6028.150782 0.000560   5.600e-04   50 3 0 0 1 3 e 51 0 0 0 0 1 e 15JaBoLyTa.42       
6029.224930 0.000560   5.600e-04   49 3 0 0 1 3 e 50 0 0 0 0 1 e 15JaBoLyTa.43       
6030.291134 0.000560   5.600e-04   48 3 0 0 1 3 e 49 0 0 0 0 1 e 15JaBoLyTa.44       
6031.352561 0.000560   5.600e-04   47 3 0 0 1 3 e 48 0 0 0 0 1 e 15JaBoLyTa.45       
6032.404906 0.000560   5.600e-04   46 3 0 0 1 3 e 47 0 0 0 0 1 e 15JaBoLyTa.46       
6035.522458 0.000560   5.600e-04   43 3 0 0 1 3 e 44 0 0 0 0 1 e 15JaBoLyTa.47       
6036.545180 0.000560   5.600e-04   42 3 0 0 1 3 e 43 0 0 0 0 1 e 15JaBoLyTa.48       
6038.571620 0.000560   5.600e-04   40 3 0 0 1 3 e 41 0 0 0 0 1 e 15JaBoLyTa.49       
6040.569615 0.000560   5.600e-04   38 3 0 0 1 3 e 39 0 0 0 0 1 e 15JaBoLyTa.50       
6041.556915 0.000560   5.600e-04   37 3 0 0 1 3 e 38 0 0 0 0 1 e 15JaBoLyTa.51       
6042.538890 0.000560   5.600e-04   36 3 0 0 1 3 e 37 0 0 0 0 1 e 15JaBoLyTa.52       
6043.511542 0.000560   5.600e-04   35 3 0 0 1 3 e 36 0 0 0 0 1 e 15JaBoLyTa.53       
6044.477319 0.000560   5.600e-04   34 3 0 0 1 3 e 35 0 0 0 0 1 e 15JaBoLyTa.54       
6045.435397 0.000560   5.600e-04   33 3 0 0 1 3 e 34 0 0 0 0 1 e 15JaBoLyTa.55       
6046.380732 0.000560   5.600e-04   32 3 0 0 1 3 e 33 0 0 0 0 1 e 15JaBoLyTa.56       
6047.342273 0.000560   5.600e-04   31 3 0 0 1 3 e 32 0 0 0 0 1 e 15JaBoLyTa.57       
6048.275647 0.000560   5.600e-04   30 3 0 0 1 3 e 31 0 0 0 0 1 e 15JaBoLyTa.58       
6049.204909 0.000560   5.600e-04   29 3 0 0 1 3 e 30 0 0 0 0 1 e 15JaBoLyTa.59       
6050.127664 0.000560   5.600e-04   28 3 0 0 1 3 e 29 0 0 0 0 1 e 15JaBoLyTa.60       
6051.043589 0.000560   5.600e-04   27 3 0 0 1 3 e 28 0 0 0 0 1 e 15JaBoLyTa.61       
6051.952195 0.000560   5.600e-04   26 3 0 0 1 3 e 27 0 0 0 0 1 e 15JaBoLyTa.62       
6052.853540 0.000560   5.600e-04   25 3 0 0 1 3 e 26 0 0 0 0 1 e 15JaBoLyTa.63       
6053.747808 0.000560   5.600e-04   24 3 0 0 1 3 e 25 0 0 0 0 1 e 15JaBoLyTa.64       
6054.635021 0.000560   5.600e-04   23 3 0 0 1 3 e 24 0 0 0 0 1 e 15JaBoLyTa.65       
6055.514615 0.000560   5.600e-04   22 3 0 0 1 3 e 23 0 0 0 0 1 e 15JaBoLyTa.66       
6056.387383 0.000560   5.600e-04   21 3 0 0 1 3 e 22 0 0 0 0 1 e 15JaBoLyTa.67       
6057.252829 0.000560   5.600e-04   20 3 0 0 1 3 e 21 0 0 0 0 1 e 15JaBoLyTa.68       
6058.110973 0.000560   5.600e-04   19 3 0 0 1 3 e 20 0 0 0 0 1 e 15JaBoLyTa.69       
6058.962098 0.000560   5.600e-04   18 3 0 0 1 3 e 19 0 0 0 0 1 e 15JaBoLyTa.70       
6059.805872 0.000560   5.600e-04   17 3 0 0 1 3 e 18 0 0 0 0 1 e 15JaBoLyTa.71       
6060.642665 0.000560   5.600e-04   16 3 0 0 1 3 e 17 0 0 0 0 1 e 15JaBoLyTa.72       
6061.471814 0.000560   5.600e-04   15 3 0 0 1 3 e 16 0 0 0 0 1 e 15JaBoLyTa.73       
6062.294055 0.000560   5.600e-04   14 3 0 0 1 3 e 15 0 0 0 0 1 e 15JaBoLyTa.74       
6063.109074 0.000560   5.600e-04   13 3 0 0 1 3 e 14 0 0 0 0 1 e 15JaBoLyTa.75       
6063.916899 0.000560   5.600e-04   12 3 0 0 1 3 e 13 0 0 0 0 1 e 15JaBoLyTa.76       
6064.717323 0.000560   5.600e-04   11 3 0 0 1 3 e 12 0 0 0 0 1 e 15JaBoLyTa.77       
6065.510758 0.000560   5.600e-04   10 3 0 0 1 3 e 11 0 0 0 0 1 e 15JaBoLyTa.78       
6066.296939 0.000560   6.113e-04   9 3 0 0 1 3 e  10 0 0 0 0 1 e 15JaBoLyTa.79       
6067.075881 0.000560   5.600e-04   8 3 0 0 1 3 e  9 0 0 0 0 1 e  15JaBoLyTa.80       
6067.847168 0.000560   5.600e-04   7 3 0 0 1 3 e  8 0 0 0 0 1 e  15JaBoLyTa.81       
6068.611689 0.000560   5.600e-04   6 3 0 0 1 3 e  7 0 0 0 0 1 e  15JaBoLyTa.82       
6069.368559 0.000560   5.600e-04   5 3 0 0 1 3 e  6 0 0 0 0 1 e  15JaBoLyTa.83       
6070.119003 0.000560   5.600e-04   4 3 0 0 1 3 e  5 0 0 0 0 1 e  15JaBoLyTa.84       
6070.861819 0.000560   7.880e-04   3 3 0 0 1 3 e  4 0 0 0 0 1 e  15JaBoLyTa.85       
6071.597094 0.000560   5.600e-04   2 3 0 0 1 3 e  3 0 0 0 0 1 e  15JaBoLyTa.86       
6072.325122 0.000560   5.600e-04   1 3 0 0 1 3 e  2 0 0 0 0 1 e  15JaBoLyTa.87       
6073.048141 0.000560   5.600e-04   0 3 0 0 1 3 e  1 0 0 0 0 1 e  15JaBoLyTa.88       
6209.171620 0.000560   7.083e-04   2 3 0 0 1 2 e  1 0 0 0 0 1 e  15JaBoLyTa.89       
6209.870784 0.000560   5.600e-04   3 3 0 0 1 2 e  2 0 0 0 0 1 e  15JaBoLyTa.90       
6210.566222 0.000560   5.600e-04   4 3 0 0 1 2 e  3 0 0 0 0 1 e  15JaBoLyTa.91       
6211.937365 0.000560   5.600e-04   6 3 0 0 1 2 e  5 0 0 0 0 1 e  15JaBoLyTa.92       
6212.616005 0.000560   5.600e-04   7 3 0 0 1 2 e  6 0 0 0 0 1 e  15JaBoLyTa.93       
6213.289614 0.000560   5.600e-04   8 3 0 0 1 2 e  7 0 0 0 0 1 e  15JaBoLyTa.94       
6213.957716 0.000560   5.600e-04   9 3 0 0 1 2 e  8 0 0 0 0 1 e  15JaBoLyTa.95       
6214.621309 0.000560   5.600e-04   10 3 0 0 1 2 e 9 0 0 0 0 1 e  15JaBoLyTa.96       
6215.279617 0.000560   5.600e-04   11 3 0 0 1 2 e 10 0 0 0 0 1 e 15JaBoLyTa.97       
6215.933086 0.000560   5.600e-04   12 3 0 0 1 2 e 11 0 0 0 0 1 e 15JaBoLyTa.98       
6216.582025 0.000560   5.600e-04   13 3 0 0 1 2 e 12 0 0 0 0 1 e 15JaBoLyTa.99       
6217.224935 0.000560   5.600e-04   14 3 0 0 1 2 e 13 0 0 0 0 1 e 15JaBoLyTa.100      
6217.863573 0.000560   5.600e-04   15 3 0 0 1 2 e 14 0 0 0 0 1 e 15JaBoLyTa.101      
6218.497328 0.000560   5.600e-04   16 3 0 0 1 2 e 15 0 0 0 0 1 e 15JaBoLyTa.102      
6219.125477 0.000560   5.600e-04   17 3 0 0 1 2 e 16 0 0 0 0 1 e 15JaBoLyTa.103      
6219.748949 0.000560   5.600e-04   18 3 0 0 1 2 e 17 0 0 0 0 1 e 15JaBoLyTa.104      
6220.367259 0.000560   5.600e-04   19 3 0 0 1 2 e 18 0 0 0 0 1 e 15JaBoLyTa.105      
6220.981013 0.000560   5.600e-04   20 3 0 0 1 2 e 19 0 0 0 0 1 e 15JaBoLyTa.106      
6221.589793 0.000560   5.600e-04   21 3 0 0 1 2 e 20 0 0 0 0 1 e 15JaBoLyTa.107      
6222.193573 0.000560   5.600e-04   22 3 0 0 1 2 e 21 0 0 0 0 1 e 15JaBoLyTa.108      
6222.791644 0.000560   5.784e-04   23 3 0 0 1 2 e 22 0 0 0 0 1 e 15JaBoLyTa.109      
6223.385928 0.000560   5.600e-04   24 3 0 0 1 2 e 23 0 0 0 0 1 e 15JaBoLyTa.110      
6223.975396 0.000560   5.600e-04   25 3 0 0 1 2 e 24 0 0 0 0 1 e 15JaBoLyTa.111      
6225.138552 0.000560   5.600e-04   27 3 0 0 1 2 e 26 0 0 0 0 1 e 15JaBoLyTa.112      
6225.712998 0.000560   5.600e-04   28 3 0 0 1 2 e 27 0 0 0 0 1 e 15JaBoLyTa.113      
6226.283125 0.000560   5.600e-04   29 3 0 0 1 2 e 28 0 0 0 0 1 e 15JaBoLyTa.114      
6226.848081 0.000560   5.600e-04   30 3 0 0 1 2 e 29 0 0 0 0 1 e 15JaBoLyTa.115      
6227.407886 0.000560   5.600e-04   31 3 0 0 1 2 e 30 0 0 0 0 1 e 15JaBoLyTa.116      
6227.963325 0.000560   5.600e-04   32 3 0 0 1 2 e 31 0 0 0 0 1 e 15JaBoLyTa.117      
6228.514089 0.000560   5.600e-04   33 3 0 0 1 2 e 32 0 0 0 0 1 e 15JaBoLyTa.118      
6229.060482 0.000560   5.600e-04   34 3 0 0 1 2 e 33 0 0 0 0 1 e 15JaBoLyTa.119      
6229.600965 0.000560   5.600e-04   35 3 0 0 1 2 e 34 0 0 0 0 1 e 15JaBoLyTa.120      
6230.138101 0.000560   5.600e-04   36 3 0 0 1 2 e 35 0 0 0 0 1 e 15JaBoLyTa.121      
6230.669622 0.000560   1.039e-03   37 3 0 0 1 2 e 36 0 0 0 0 1 e 15JaBoLyTa.122      
6231.197275 0.000560   5.600e-04   38 3 0 0 1 2 e 37 0 0 0 0 1 e 15JaBoLyTa.123      
6232.239029 0.000560   5.600e-04   40 3 0 0 1 2 e 39 0 0 0 0 1 e 15JaBoLyTa.124      
6232.753000 0.000560   5.600e-04   41 3 0 0 1 2 e 40 0 0 0 0 1 e 15JaBoLyTa.125      
6233.261881 0.000560   5.600e-04   42 3 0 0 1 2 e 41 0 0 0 0 1 e 15JaBoLyTa.126      
6233.768683 0.000560   5.600e-04   43 3 0 0 1 2 e 42 0 0 0 0 1 e 15JaBoLyTa.127      
6234.267061 0.000560   1.376e-03   44 3 0 0 1 2 e 43 0 0 0 0 1 e 15JaBoLyTa.128      
6235.255560 0.000560   5.600e-04   46 3 0 0 1 2 e 45 0 0 0 0 1 e 15JaBoLyTa.129      
6075.167439 0.000560   5.600e-04   2 3 0 0 1 3 e  1 0 0 0 0 1 e  15JaBoLyTa.130      
6076.543569 0.000560   5.600e-04   4 3 0 0 1 3 e  3 0 0 0 0 1 e  15JaBoLyTa.131      
6077.221372 0.000560   5.600e-04   5 3 0 0 1 3 e  4 0 0 0 0 1 e  15JaBoLyTa.132      
6077.891735 0.000560   5.600e-04   6 3 0 0 1 3 e  5 0 0 0 0 1 e  15JaBoLyTa.133      
6078.554889 0.000560   5.600e-04   7 3 0 0 1 3 e  6 0 0 0 0 1 e  15JaBoLyTa.134      
6079.210925 0.000560   5.600e-04   8 3 0 0 1 3 e  7 0 0 0 0 1 e  15JaBoLyTa.135      
6079.859298 0.000560   8.869e-04   9 3 0 0 1 3 e  8 0 0 0 0 1 e  15JaBoLyTa.136      
6080.500731 0.000560   5.600e-04   10 3 0 0 1 3 e 9 0 0 0 0 1 e  15JaBoLyTa.137      
6081.134775 0.000560   5.761e-04   11 3 0 0 1 3 e 10 0 0 0 0 1 e 15JaBoLyTa.138      
6081.761676 0.000560   5.600e-04   12 3 0 0 1 3 e 11 0 0 0 0 1 e 15JaBoLyTa.139      
6082.993397 0.000560   5.600e-04   14 3 0 0 1 3 e 13 0 0 0 0 1 e 15JaBoLyTa.140      
6083.598222 0.000560   5.600e-04   15 3 0 0 1 3 e 14 0 0 0 0 1 e 15JaBoLyTa.141      
6084.195928 0.000560   5.600e-04   16 3 0 0 1 3 e 15 0 0 0 0 1 e 15JaBoLyTa.142      
6084.786375 0.000560   5.600e-04   17 3 0 0 1 3 e 16 0 0 0 0 1 e 15JaBoLyTa.143      
6085.369423 0.000560   5.600e-04   18 3 0 0 1 3 e 17 0 0 0 0 1 e 15JaBoLyTa.144      
6085.945238 0.000560   5.600e-04   19 3 0 0 1 3 e 18 0 0 0 0 1 e 15JaBoLyTa.145      
6086.513560 0.000560   5.600e-04   20 3 0 0 1 3 e 19 0 0 0 0 1 e 15JaBoLyTa.146      
6087.074586 0.000560   5.600e-04   21 3 0 0 1 3 e 20 0 0 0 0 1 e 15JaBoLyTa.147      
6087.628334 0.000560   5.600e-04   22 3 0 0 1 3 e 21 0 0 0 0 1 e 15JaBoLyTa.148      
6088.174922 0.000560   5.600e-04   23 3 0 0 1 3 e 22 0 0 0 0 1 e 15JaBoLyTa.149      
6088.713928 0.000560   5.600e-04   24 3 0 0 1 3 e 23 0 0 0 0 1 e 15JaBoLyTa.150      
6089.245769 0.000560   5.600e-04   25 3 0 0 1 3 e 24 0 0 0 0 1 e 15JaBoLyTa.151      
6089.770155 0.000560   5.600e-04   26 3 0 0 1 3 e 25 0 0 0 0 1 e 15JaBoLyTa.152      
6090.287660 0.000560   5.600e-04   27 3 0 0 1 3 e 26 0 0 0 0 1 e 15JaBoLyTa.153      
6090.797319 0.000560   5.600e-04   28 3 0 0 1 3 e 27 0 0 0 0 1 e 15JaBoLyTa.154      
6091.299966 0.000560   5.600e-04   29 3 0 0 1 3 e 28 0 0 0 0 1 e 15JaBoLyTa.155      
6092.287678 0.000560   5.600e-04   31 3 0 0 1 3 e 30 0 0 0 0 1 e 15JaBoLyTa.156      
6092.750873 0.000560   5.600e-04   32 3 0 0 1 3 e 31 0 0 0 0 1 e 15JaBoLyTa.157      
6093.230908 0.000560   5.600e-04   33 3 0 0 1 3 e 32 0 0 0 0 1 e 15JaBoLyTa.158      
6093.697188 0.000560   5.600e-04   34 3 0 0 1 3 e 33 0 0 0 0 1 e 15JaBoLyTa.159      
6094.155559 0.000560   5.600e-04   35 3 0 0 1 3 e 34 0 0 0 0 1 e 15JaBoLyTa.160      
6094.606902 0.000560   5.600e-04   36 3 0 0 1 3 e 35 0 0 0 0 1 e 15JaBoLyTa.161      
6095.050045 0.000560   5.600e-04   37 3 0 0 1 3 e 36 0 0 0 0 1 e 15JaBoLyTa.162      
6095.485642 0.000560   5.600e-04   38 3 0 0 1 3 e 37 0 0 0 0 1 e 15JaBoLyTa.163      
6095.914115 0.000560   5.600e-04   39 3 0 0 1 3 e 38 0 0 0 0 1 e 15JaBoLyTa.164      
6096.335059 0.000560   5.600e-04   40 3 0 0 1 3 e 39 0 0 0 0 1 e 15JaBoLyTa.165      
6096.748629 0.000560   5.600e-04   41 3 0 0 1 3 e 40 0 0 0 0 1 e 15JaBoLyTa.166      
6097.154505 0.000560   5.600e-04   42 3 0 0 1 3 e 41 0 0 0 0 1 e 15JaBoLyTa.167      
6097.945027 0.000560   5.600e-04   44 3 0 0 1 3 e 43 0 0 0 0 1 e 15JaBoLyTa.168      
6098.703417 0.000560   8.784e-04   46 3 0 0 1 3 e 45 0 0 0 0 1 e 15JaBoLyTa.169      
6099.434304 0.000560   5.600e-04   48 3 0 0 1 3 e 47 0 0 0 0 1 e 15JaBoLyTa.170      
6099.789391 0.000560   5.600e-04   49 3 0 0 1 3 e 48 0 0 0 0 1 e 15JaBoLyTa.171      
4298.102500 0.002000   2.000e-03   19 3 1 1 0 4 f 19 0 0 0 0 1 e 16VaKoMoKa.1        
4298.400600 0.002000   2.000e-03   23 3 1 1 0 4 f 23 0 0 0 0 1 e 16VaKoMoKa.2        
4298.645200 0.002000   2.000e-03   26 3 1 1 0 4 f 26 0 0 0 0 1 e 16VaKoMoKa.3        
4299.033100 0.002000   2.000e-03   30 3 1 1 0 4 f 30 0 0 0 0 1 e 16VaKoMoKa.4        
4299.133700 0.002000   2.000e-03   31 3 1 1 0 4 f 31 0 0 0 0 1 e 16VaKoMoKa.5        
4299.440100 0.002000   2.000e-03   34 3 1 1 0 4 f 34 0 0 0 0 1 e 16VaKoMoKa.6        
4299.555200 0.002000   2.000e-03   35 3 1 1 0 4 f 35 0 0 0 0 1 e 16VaKoMoKa.7        
4301.081900 0.002000   2.000e-03   5 3 1 1 0 4 e  4 0 0 0 0 1 e  16VaKoMoKa.8        
4301.787200 0.002000   2.000e-03   6 3 1 1 0 4 e  5 0 0 0 0 1 e  16VaKoMoKa.9        
4303.235600 0.002000   2.000e-03   8 3 1 1 0 4 e  7 0 0 0 0 1 e  16VaKoMoKa.10       
4303.947700 0.002000   2.000e-03   9 3 1 1 0 4 e  8 0 0 0 0 1 e  16VaKoMoKa.11       
4304.667000 0.002000   2.000e-03   10 3 1 1 0 4 e 9 0 0 0 0 1 e  16VaKoMoKa.12       
4306.117700 0.002000   2.000e-03   12 3 1 1 0 4 e 11 0 0 0 0 1 e 16VaKoMoKa.13       
4306.839000 0.002000   2.000e-03   13 3 1 1 0 4 e 12 0 0 0 0 1 e 16VaKoMoKa.14       
4307.567300 0.002000   2.000e-03   14 3 1 1 0 4 e 13 0 0 0 0 1 e 16VaKoMoKa.15       
4308.292400 0.002000   2.000e-03   15 3 1 1 0 4 e 14 0 0 0 0 1 e 16VaKoMoKa.16       
4309.746800 0.002000   2.000e-03   17 3 1 1 0 4 e 16 0 0 0 0 1 e 16VaKoMoKa.17       
4310.473000 0.002000   2.000e-03   18 3 1 1 0 4 e 17 0 0 0 0 1 e 16VaKoMoKa.18       
4311.204100 0.002000   2.000e-03   19 3 1 1 0 4 e 18 0 0 0 0 1 e 16VaKoMoKa.19       
4312.664100 0.002000   2.000e-03   21 3 1 1 0 4 e 20 0 0 0 0 1 e 16VaKoMoKa.20       
4314.859300 0.002000   2.000e-03   24 3 1 1 0 4 e 23 0 0 0 0 1 e 16VaKoMoKa.21       
4315.593600 0.002000   2.000e-03   25 3 1 1 0 4 e 24 0 0 0 0 1 e 16VaKoMoKa.22       
4317.061400 0.002000   2.000e-03   27 3 1 1 0 4 e 26 0 0 0 0 1 e 16VaKoMoKa.23       
4317.793400 0.002000   2.000e-03   28 3 1 1 0 4 e 27 0 0 0 0 1 e 16VaKoMoKa.24       
4318.528300 0.002000   2.000e-03   29 3 1 1 0 4 e 28 0 0 0 0 1 e 16VaKoMoKa.25       
4319.263700 0.002000   2.000e-03   30 3 1 1 0 4 e 29 0 0 0 0 1 e 16VaKoMoKa.26       
4319.998500 0.002000   2.000e-03   31 3 1 1 0 4 e 30 0 0 0 0 1 e 16VaKoMoKa.27       
4320.734700 0.002000   2.000e-03   32 3 1 1 0 4 e 31 0 0 0 0 1 e 16VaKoMoKa.28       
4321.474600 0.002000   2.000e-03   33 3 1 1 0 4 e 32 0 0 0 0 1 e 16VaKoMoKa.29       
4322.205600 0.002000   2.000e-03   34 3 1 1 0 4 e 33 0 0 0 0 1 e 16VaKoMoKa.30       
4322.942100 0.002000   2.000e-03   35 3 1 1 0 4 e 34 0 0 0 0 1 e 16VaKoMoKa.31       
4323.678600 0.002000   2.000e-03   36 3 1 1 0 4 e 35 0 0 0 0 1 e 16VaKoMoKa.32       
4325.155200 0.002000   2.000e-03   38 3 1 1 0 4 e 37 0 0 0 0 1 e 16VaKoMoKa.33       
4325.893300 0.002000   2.000e-03   39 3 1 1 0 4 e 38 0 0 0 0 1 e 16VaKoMoKa.34       
4328.106400 0.002000   2.000e-03   42 3 1 1 0 4 e 41 0 0 0 0 1 e 16VaKoMoKa.35       
4329.581800 0.002000   2.000e-03   44 3 1 1 0 4 e 43 0 0 0 0 1 e 16VaKoMoKa.36       
4330.347400 0.002000   2.000e-03   45 3 1 1 0 4 e 44 0 0 0 0 1 e 16VaKoMoKa.37       
4332.534200 0.002000   2.000e-03   48 3 1 1 0 4 e 47 0 0 0 0 1 e 16VaKoMoKa.38       
4333.271200 0.002000   2.000e-03   49 3 1 1 0 4 e 48 0 0 0 0 1 e 16VaKoMoKa.39       
4334.007500 0.002000   2.000e-03   50 3 1 1 0 4 e 49 0 0 0 0 1 e 16VaKoMoKa.40       
4335.480600 0.002000   2.000e-03   52 3 1 1 0 4 e 51 0 0 0 0 1 e 16VaKoMoKa.41       
4338.460200 0.002000   2.000e-03   56 3 1 1 0 4 e 55 0 0 0 0 1 e 16VaKoMoKa.42       
4340.654900 0.002000   2.000e-03   59 3 1 1 0 4 e 58 0 0 0 0 1 e 16VaKoMoKa.43       
4342.856800 0.002000   2.000e-03   62 3 1 1 0 4 e 61 0 0 0 0 1 e 16VaKoMoKa.44       
7007.677700 0.001000   1.000e-03   6 2 0 0 2 3 e  7 0 0 0 0 1 e  17KaCaKaTa.1        
7005.284900 0.001000   2.942e-03   9 2 0 0 2 3 e  10 0 0 0 0 1 e 17KaCaKaTa.2        
7003.634600 0.001000   1.000e-03   11 2 0 0 2 3 e 12 0 0 0 0 1 e 17KaCaKaTa.3        
7001.081200 0.001000   1.000e-03   14 2 0 0 2 3 e 15 0 0 0 0 1 e 17KaCaKaTa.4        
7000.210100 0.001000   1.252e-03   15 2 0 0 2 3 e 16 0 0 0 0 1 e 17KaCaKaTa.5        
6999.326200 0.001000   1.000e-03   16 2 0 0 2 3 e 17 0 0 0 0 1 e 17KaCaKaTa.6        
6996.614800 0.001000   1.000e-03   19 2 0 0 2 3 e 20 0 0 0 0 1 e 17KaCaKaTa.7        
7117.039400 0.001000   1.000e-03   8 2 0 0 2 2 e  9 0 0 0 0 1 e  17KaCaKaTa.8        
7114.543300 0.001000   1.000e-03   11 2 0 0 2 2 e 12 0 0 0 0 1 e 17KaCaKaTa.9        
7112.819500 0.001000   1.000e-03   13 2 0 0 2 2 e 14 0 0 0 0 1 e 17KaCaKaTa.10       
7111.049400 0.001000   1.000e-03   15 2 0 0 2 2 e 16 0 0 0 0 1 e 17KaCaKaTa.11       
7110.146100 0.001000   1.000e-03   16 2 0 0 2 2 e 17 0 0 0 0 1 e 17KaCaKaTa.12       
7109.231300 0.001000   1.000e-03   17 2 0 0 2 2 e 18 0 0 0 0 1 e 17KaCaKaTa.13       
7107.367000 0.001000   1.000e-03   19 2 0 0 2 2 e 20 0 0 0 0 1 e 17KaCaKaTa.14       
7106.416600 0.001000   1.000e-03   20 2 0 0 2 2 e 21 0 0 0 0 1 e 17KaCaKaTa.15       
7105.454200 0.001000   1.000e-03   21 2 0 0 2 2 e 22 0 0 0 0 1 e 17KaCaKaTa.16       
7104.480400 0.001000   1.000e-03   22 2 0 0 2 2 e 23 0 0 0 0 1 e 17KaCaKaTa.17       
7103.496300 0.001000   1.000e-03   23 2 0 0 2 2 e 24 0 0 0 0 1 e 17KaCaKaTa.18       
7101.491100 0.001000   1.000e-03   25 2 0 0 2 2 e 26 0 0 0 0 1 e 17KaCaKaTa.19       
7100.469200 0.001000   1.000e-03   26 2 0 0 2 2 e 27 0 0 0 0 1 e 17KaCaKaTa.20       
7099.437500 0.001000   1.000e-03   27 2 0 0 2 2 e 28 0 0 0 0 1 e 17KaCaKaTa.21       
7098.393000 0.001000   1.000e-03   28 2 0 0 2 2 e 29 0 0 0 0 1 e 17KaCaKaTa.22       
7096.270500 0.001000   1.000e-03   30 2 0 0 2 2 e 31 0 0 0 0 1 e 17KaCaKaTa.23       
7095.191700 0.001000   1.000e-03   31 2 0 0 2 2 e 32 0 0 0 0 1 e 17KaCaKaTa.24       
7092.998300 0.001000   1.000e-03   33 2 0 0 2 2 e 34 0 0 0 0 1 e 17KaCaKaTa.25       
7091.885500 0.001000   1.000e-03   34 2 0 0 2 2 e 35 0 0 0 0 1 e 17KaCaKaTa.26       
7089.624000 0.001000   1.000e-03   36 2 0 0 2 2 e 37 0 0 0 0 1 e 17KaCaKaTa.27       
7088.475900 0.001000   1.000e-03   37 2 0 0 2 2 e 38 0 0 0 0 1 e 17KaCaKaTa.28       
7087.315200 0.001000   1.000e-03   38 2 0 0 2 2 e 39 0 0 0 0 1 e 17KaCaKaTa.29       
7086.142900 0.001000   1.000e-03   39 2 0 0 2 2 e 40 0 0 0 0 1 e 17KaCaKaTa.30       
7083.768000 0.001000   1.000e-03   41 2 0 0 2 2 e 42 0 0 0 0 1 e 17KaCaKaTa.31       
7082.560900 0.001000   1.000e-03   42 2 0 0 2 2 e 43 0 0 0 0 1 e 17KaCaKaTa.32       
7076.359200 0.001000   1.000e-03   47 2 0 0 2 2 e 48 0 0 0 0 1 e 17KaCaKaTa.33       
7259.515000 0.001000   1.000e-03   7 2 0 0 2 1 e  8 0 0 0 0 1 e  17KaCaKaTa.34       
7258.727900 0.001000   1.000e-03   8 2 0 0 2 1 e  9 0 0 0 0 1 e  17KaCaKaTa.35       
7257.929600 0.001000   1.000e-03   9 2 0 0 2 1 e  10 0 0 0 0 1 e 17KaCaKaTa.36       
7257.124600 0.001000   1.000e-03   10 2 0 0 2 1 e 11 0 0 0 0 1 e 17KaCaKaTa.37       
7256.311600 0.001000   1.000e-03   11 2 0 0 2 1 e 12 0 0 0 0 1 e 17KaCaKaTa.38       
7253.812700 0.001000   4.519e-03   14 2 0 0 2 1 e 15 0 0 0 0 1 e 17KaCaKaTa.39       
7252.102600 0.001000   1.000e-03   16 2 0 0 2 1 e 17 0 0 0 0 1 e 17KaCaKaTa.40       
7248.569900 0.001000   1.000e-03   20 2 0 0 2 1 e 21 0 0 0 0 1 e 17KaCaKaTa.41       
7246.750700 0.001000   1.000e-03   22 2 0 0 2 1 e 23 0 0 0 0 1 e 17KaCaKaTa.42       
7244.894200 0.001000   1.000e-03   24 2 0 0 2 1 e 25 0 0 0 0 1 e 17KaCaKaTa.43       
7242.044600 0.001000   1.000e-03   27 2 0 0 2 1 e 28 0 0 0 0 1 e 17KaCaKaTa.44       
7122.286000 0.001000   1.000e-03   1 4 0 0 1 5 e  2 0 0 0 0 1 e  17KaCaKaTa.45       
7120.114900 0.001000   1.000e-03   4 4 0 0 1 5 e  5 0 0 0 0 1 e  17KaCaKaTa.46       
7117.919600 0.001000   1.000e-03   7 4 0 0 1 5 e  8 0 0 0 0 1 e  17KaCaKaTa.47       
7117.181200 0.001000   1.000e-03   8 4 0 0 1 5 e  9 0 0 0 0 1 e  17KaCaKaTa.48       
7116.437000 0.001000   1.000e-03   9 4 0 0 1 5 e  10 0 0 0 0 1 e 17KaCaKaTa.49       
7115.691500 0.001000   1.000e-03   10 4 0 0 1 5 e 11 0 0 0 0 1 e 17KaCaKaTa.50       
7114.191200 0.001000   1.000e-03   12 4 0 0 1 5 e 13 0 0 0 0 1 e 17KaCaKaTa.51       
7113.434300 0.001000   1.000e-03   13 4 0 0 1 5 e 14 0 0 0 0 1 e 17KaCaKaTa.52       
7112.677100 0.001000   1.000e-03   14 4 0 0 1 5 e 15 0 0 0 0 1 e 17KaCaKaTa.53       
7111.152000 0.001000   1.606e-03   16 4 0 0 1 5 e 17 0 0 0 0 1 e 17KaCaKaTa.54       
7110.381900 0.001000   1.000e-03   17 4 0 0 1 5 e 18 0 0 0 0 1 e 17KaCaKaTa.55       
7109.610600 0.001000   1.000e-03   18 4 0 0 1 5 e 19 0 0 0 0 1 e 17KaCaKaTa.56       
7108.835300 0.001000   1.000e-03   19 4 0 0 1 5 e 20 0 0 0 0 1 e 17KaCaKaTa.57       
7108.057200 0.001000   1.000e-03   20 4 0 0 1 5 e 21 0 0 0 0 1 e 17KaCaKaTa.58       
7107.274700 0.001000   1.000e-03   21 4 0 0 1 5 e 22 0 0 0 0 1 e 17KaCaKaTa.59       
7106.489400 0.001000   1.000e-03   22 4 0 0 1 5 e 23 0 0 0 0 1 e 17KaCaKaTa.60       
7105.701900 0.001000   1.507e-03   23 4 0 0 1 5 e 24 0 0 0 0 1 e 17KaCaKaTa.61       
7104.908200 0.001000   1.000e-03   24 4 0 0 1 5 e 25 0 0 0 0 1 e 17KaCaKaTa.62       
7104.112000 0.001000   1.000e-03   25 4 0 0 1 5 e 26 0 0 0 0 1 e 17KaCaKaTa.63       
7103.312400 0.001000   1.000e-03   26 4 0 0 1 5 e 27 0 0 0 0 1 e 17KaCaKaTa.64       
7101.702800 0.001000   1.000e-03   28 4 0 0 1 5 e 29 0 0 0 0 1 e 17KaCaKaTa.65       
7100.890600 0.001000   1.000e-03   29 4 0 0 1 5 e 30 0 0 0 0 1 e 17KaCaKaTa.66       
7100.075400 0.001000   1.000e-03   30 4 0 0 1 5 e 31 0 0 0 0 1 e 17KaCaKaTa.67       
7099.255500 0.001000   1.000e-03   31 4 0 0 1 5 e 32 0 0 0 0 1 e 17KaCaKaTa.68       
7098.434000 0.001000   1.000e-03   32 4 0 0 1 5 e 33 0 0 0 0 1 e 17KaCaKaTa.69       
7097.607500 0.001000   1.000e-03   33 4 0 0 1 5 e 34 0 0 0 0 1 e 17KaCaKaTa.70       
7094.259800 0.001000   1.000e-03   37 4 0 0 1 5 e 38 0 0 0 0 1 e 17KaCaKaTa.71       
7093.412600 0.001000   1.113e-03   38 4 0 0 1 5 e 39 0 0 0 0 1 e 17KaCaKaTa.72       
7091.703600 0.001000   1.000e-03   40 4 0 0 1 5 e 41 0 0 0 0 1 e 17KaCaKaTa.73       
7089.978500 0.001000   1.000e-03   42 4 0 0 1 5 e 43 0 0 0 0 1 e 17KaCaKaTa.74       
7089.109600 0.001000   1.000e-03   43 4 0 0 1 5 e 44 0 0 0 0 1 e 17KaCaKaTa.75       
7088.234200 0.001000   1.000e-03   44 4 0 0 1 5 e 45 0 0 0 0 1 e 17KaCaKaTa.76       
7086.473400 0.001000   3.776e-03   46 4 0 0 1 5 e 47 0 0 0 0 1 e 17KaCaKaTa.77       
7085.582100 0.001000   1.000e-03   47 4 0 0 1 5 e 48 0 0 0 0 1 e 17KaCaKaTa.78       
7081.979200 0.001000   1.375e-03   51 4 0 0 1 5 e 52 0 0 0 0 1 e 17KaCaKaTa.79       
7270.875900 0.001000   1.000e-03   0 4 0 0 1 4 e  1 0 0 0 0 1 e  17KaCaKaTa.80       
7270.154400 0.001000   1.000e-03   1 4 0 0 1 4 e  2 0 0 0 0 1 e  17KaCaKaTa.81       
7269.425800 0.001000   1.000e-03   2 4 0 0 1 4 e  3 0 0 0 0 1 e  17KaCaKaTa.82       
7268.689700 0.001000   1.000e-03   3 4 0 0 1 4 e  4 0 0 0 0 1 e  17KaCaKaTa.83       
7267.946700 0.001000   1.000e-03   4 4 0 0 1 4 e  5 0 0 0 0 1 e  17KaCaKaTa.84       
7267.196200 0.001000   1.000e-03   5 4 0 0 1 4 e  6 0 0 0 0 1 e  17KaCaKaTa.85       
7266.438100 0.001000   1.000e-03   6 4 0 0 1 4 e  7 0 0 0 0 1 e  17KaCaKaTa.86       
7265.673600 0.001000   1.000e-03   7 4 0 0 1 4 e  8 0 0 0 0 1 e  17KaCaKaTa.87       
7264.901100 0.001000   1.000e-03   8 4 0 0 1 4 e  9 0 0 0 0 1 e  17KaCaKaTa.88       
7264.121400 0.001000   1.000e-03   9 4 0 0 1 4 e  10 0 0 0 0 1 e 17KaCaKaTa.89       
7263.334200 0.001000   1.000e-03   10 4 0 0 1 4 e 11 0 0 0 0 1 e 17KaCaKaTa.90       
7262.539900 0.001000   1.000e-03   11 4 0 0 1 4 e 12 0 0 0 0 1 e 17KaCaKaTa.91       
7261.739200 0.001000   1.000e-03   12 4 0 0 1 4 e 13 0 0 0 0 1 e 17KaCaKaTa.92       
7260.929300 0.001000   1.000e-03   13 4 0 0 1 4 e 14 0 0 0 0 1 e 17KaCaKaTa.93       
7260.112500 0.001000   1.000e-03   14 4 0 0 1 4 e 15 0 0 0 0 1 e 17KaCaKaTa.94       
7259.288800 0.001000   1.000e-03   15 4 0 0 1 4 e 16 0 0 0 0 1 e 17KaCaKaTa.95       
7258.457800 0.001000   1.000e-03   16 4 0 0 1 4 e 17 0 0 0 0 1 e 17KaCaKaTa.96       
7257.618700 0.001000   1.000e-03   17 4 0 0 1 4 e 18 0 0 0 0 1 e 17KaCaKaTa.97       
7256.772700 0.001000   1.000e-03   18 4 0 0 1 4 e 19 0 0 0 0 1 e 17KaCaKaTa.98       
7255.919300 0.001000   1.000e-03   19 4 0 0 1 4 e 20 0 0 0 0 1 e 17KaCaKaTa.99       
7255.058400 0.001000   1.000e-03   20 4 0 0 1 4 e 21 0 0 0 0 1 e 17KaCaKaTa.100      
7254.190000 0.001000   1.000e-03   21 4 0 0 1 4 e 22 0 0 0 0 1 e 17KaCaKaTa.101      
7253.314000 0.001000   1.000e-03   22 4 0 0 1 4 e 23 0 0 0 0 1 e 17KaCaKaTa.102      
7252.430700 0.001000   1.000e-03   23 4 0 0 1 4 e 24 0 0 0 0 1 e 17KaCaKaTa.103      
7251.540000 0.001000   1.000e-03   24 4 0 0 1 4 e 25 0 0 0 0 1 e 17KaCaKaTa.104      
7250.641900 0.001000   1.000e-03   25 4 0 0 1 4 e 26 0 0 0 0 1 e 17KaCaKaTa.105      
7249.735800 0.001000   1.000e-03   26 4 0 0 1 4 e 27 0 0 0 0 1 e 17KaCaKaTa.106      
7248.822000 0.001000   1.000e-03   27 4 0 0 1 4 e 28 0 0 0 0 1 e 17KaCaKaTa.107      
7247.901300 0.001000   1.000e-03   28 4 0 0 1 4 e 29 0 0 0 0 1 e 17KaCaKaTa.108      
7246.972900 0.001000   1.000e-03   29 4 0 0 1 4 e 30 0 0 0 0 1 e 17KaCaKaTa.109      
7246.036500 0.001000   1.000e-03   30 4 0 0 1 4 e 31 0 0 0 0 1 e 17KaCaKaTa.110      
7245.092600 0.001000   1.000e-03   31 4 0 0 1 4 e 32 0 0 0 0 1 e 17KaCaKaTa.111      
7244.141200 0.001000   1.000e-03   32 4 0 0 1 4 e 33 0 0 0 0 1 e 17KaCaKaTa.112      
7243.182900 0.001000   1.482e-03   33 4 0 0 1 4 e 34 0 0 0 0 1 e 17KaCaKaTa.113      
7242.214900 0.001000   1.000e-03   34 4 0 0 1 4 e 35 0 0 0 0 1 e 17KaCaKaTa.114      
7241.240300 0.001000   1.000e-03   35 4 0 0 1 4 e 36 0 0 0 0 1 e 17KaCaKaTa.115      
7240.258300 0.001000   1.000e-03   36 4 0 0 1 4 e 37 0 0 0 0 1 e 17KaCaKaTa.116      
7239.268200 0.001000   1.000e-03   37 4 0 0 1 4 e 38 0 0 0 0 1 e 17KaCaKaTa.117      
7238.270300 0.001000   1.000e-03   38 4 0 0 1 4 e 39 0 0 0 0 1 e 17KaCaKaTa.118      
7237.264500 0.001000   1.000e-03   39 4 0 0 1 4 e 40 0 0 0 0 1 e 17KaCaKaTa.119      
7233.162600 0.001000   1.000e-03   43 4 0 0 1 4 e 44 0 0 0 0 1 e 17KaCaKaTa.120      
7231.064200 0.001000   1.000e-03   45 4 0 0 1 4 e 46 0 0 0 0 1 e 17KaCaKaTa.121      
7230.003900 0.001000   1.000e-03   46 4 0 0 1 4 e 47 0 0 0 0 1 e 17KaCaKaTa.122      
7228.933600 0.001000   1.000e-03   47 4 0 0 1 4 e 48 0 0 0 0 1 e 17KaCaKaTa.123      
7227.855400 0.001000   1.000e-03   48 4 0 0 1 4 e 49 0 0 0 0 1 e 17KaCaKaTa.124      
7225.678300 0.001000   1.000e-03   50 4 0 0 1 4 e 51 0 0 0 0 1 e 17KaCaKaTa.125      
7224.574700 0.001000   1.000e-03   51 4 0 0 1 4 e 52 0 0 0 0 1 e 17KaCaKaTa.126      
7223.467000 0.001000   1.000e-03   52 4 0 0 1 4 e 53 0 0 0 0 1 e 17KaCaKaTa.127      
7221.223000 0.001000   1.000e-03   54 4 0 0 1 4 e 55 0 0 0 0 1 e 17KaCaKaTa.128      
7218.945200 0.001000   1.000e-03   56 4 0 0 1 4 e 57 0 0 0 0 1 e 17KaCaKaTa.129      
7217.792300 0.001000   1.000e-03   57 4 0 0 1 4 e 58 0 0 0 0 1 e 17KaCaKaTa.130      
7216.632300 0.001000   1.000e-03   58 4 0 0 1 4 e 59 0 0 0 0 1 e 17KaCaKaTa.131      
7398.900900 0.001000   1.000e-03   0 4 0 0 1 3 e  1 0 0 0 0 1 e  17KaCaKaTa.132      
7398.179900 0.001000   1.000e-03   1 4 0 0 1 3 e  2 0 0 0 0 1 e  17KaCaKaTa.133      
7397.452800 0.001000   1.000e-03   2 4 0 0 1 3 e  3 0 0 0 0 1 e  17KaCaKaTa.134      
7396.718400 0.001000   1.000e-03   3 4 0 0 1 3 e  4 0 0 0 0 1 e  17KaCaKaTa.135      
7395.977100 0.001000   1.000e-03   4 4 0 0 1 3 e  5 0 0 0 0 1 e  17KaCaKaTa.136      
7395.229100 0.001000   1.000e-03   5 4 0 0 1 3 e  6 0 0 0 0 1 e  17KaCaKaTa.137      
7394.473300 0.001000   1.000e-03   6 4 0 0 1 3 e  7 0 0 0 0 1 e  17KaCaKaTa.138      
7393.712800 0.001000   1.000e-03   7 4 0 0 1 3 e  8 0 0 0 0 1 e  17KaCaKaTa.139      
7392.944500 0.001000   1.000e-03   8 4 0 0 1 3 e  9 0 0 0 0 1 e  17KaCaKaTa.140      
7392.169300 0.001000   1.000e-03   9 4 0 0 1 3 e  10 0 0 0 0 1 e 17KaCaKaTa.141      
7391.387200 0.001000   1.000e-03   10 4 0 0 1 3 e 11 0 0 0 0 1 e 17KaCaKaTa.142      
7390.598400 0.001000   1.000e-03   11 4 0 0 1 3 e 12 0 0 0 0 1 e 17KaCaKaTa.143      
7389.803100 0.001000   1.000e-03   12 4 0 0 1 3 e 13 0 0 0 0 1 e 17KaCaKaTa.144      
7389.001200 0.001000   1.000e-03   13 4 0 0 1 3 e 14 0 0 0 0 1 e 17KaCaKaTa.145      
7388.192600 0.001000   1.000e-03   14 4 0 0 1 3 e 15 0 0 0 0 1 e 17KaCaKaTa.146      
7387.376400 0.001000   1.000e-03   15 4 0 0 1 3 e 16 0 0 0 0 1 e 17KaCaKaTa.147      
7386.553900 0.001000   1.000e-03   16 4 0 0 1 3 e 17 0 0 0 0 1 e 17KaCaKaTa.148      
7385.726900 0.001000   1.880e-03   17 4 0 0 1 3 e 18 0 0 0 0 1 e 17KaCaKaTa.149      
7384.888700 0.001000   1.000e-03   18 4 0 0 1 3 e 19 0 0 0 0 1 e 17KaCaKaTa.150      
7384.047000 0.001000   1.000e-03   19 4 0 0 1 3 e 20 0 0 0 0 1 e 17KaCaKaTa.151      
7383.198300 0.001000   1.000e-03   20 4 0 0 1 3 e 21 0 0 0 0 1 e 17KaCaKaTa.152      
7382.343300 0.001000   1.000e-03   21 4 0 0 1 3 e 22 0 0 0 0 1 e 17KaCaKaTa.153      
7381.480600 0.001000   1.000e-03   22 4 0 0 1 3 e 23 0 0 0 0 1 e 17KaCaKaTa.154      
7380.611700 0.001000   1.000e-03   23 4 0 0 1 3 e 24 0 0 0 0 1 e 17KaCaKaTa.155      
7379.736400 0.001000   1.000e-03   24 4 0 0 1 3 e 25 0 0 0 0 1 e 17KaCaKaTa.156      
7378.854600 0.001000   1.000e-03   25 4 0 0 1 3 e 26 0 0 0 0 1 e 17KaCaKaTa.157      
7377.966200 0.001000   1.000e-03   26 4 0 0 1 3 e 27 0 0 0 0 1 e 17KaCaKaTa.158      
7377.071500 0.001000   1.000e-03   27 4 0 0 1 3 e 28 0 0 0 0 1 e 17KaCaKaTa.159      
7376.170300 0.001000   1.000e-03   28 4 0 0 1 3 e 29 0 0 0 0 1 e 17KaCaKaTa.160      
7375.262500 0.001000   1.000e-03   29 4 0 0 1 3 e 30 0 0 0 0 1 e 17KaCaKaTa.161      
7374.348500 0.001000   1.000e-03   30 4 0 0 1 3 e 31 0 0 0 0 1 e 17KaCaKaTa.162      
7373.427800 0.001000   1.000e-03   31 4 0 0 1 3 e 32 0 0 0 0 1 e 17KaCaKaTa.163      
7372.501100 0.001000   1.000e-03   32 4 0 0 1 3 e 33 0 0 0 0 1 e 17KaCaKaTa.164      
7371.567500 0.001000   1.000e-03   33 4 0 0 1 3 e 34 0 0 0 0 1 e 17KaCaKaTa.165      
7370.629200 0.001000   1.000e-03   34 4 0 0 1 3 e 35 0 0 0 0 1 e 17KaCaKaTa.166      
7369.682600 0.001000   1.000e-03   35 4 0 0 1 3 e 36 0 0 0 0 1 e 17KaCaKaTa.167      
7367.771900 0.001000   1.000e-03   37 4 0 0 1 3 e 38 0 0 0 0 1 e 17KaCaKaTa.168      
7366.808600 0.001000   1.000e-03   38 4 0 0 1 3 e 39 0 0 0 0 1 e 17KaCaKaTa.169      
7365.838200 0.001000   1.000e-03   39 4 0 0 1 3 e 40 0 0 0 0 1 e 17KaCaKaTa.170      
7364.862100 0.001000   1.000e-03   40 4 0 0 1 3 e 41 0 0 0 0 1 e 17KaCaKaTa.171      
7363.877700 0.001000   1.302e-03   41 4 0 0 1 3 e 42 0 0 0 0 1 e 17KaCaKaTa.172      
7362.890500 0.001000   1.000e-03   42 4 0 0 1 3 e 43 0 0 0 0 1 e 17KaCaKaTa.173      
7361.895700 0.001000   1.000e-03   43 4 0 0 1 3 e 44 0 0 0 0 1 e 17KaCaKaTa.174      
7360.895100 0.001000   1.000e-03   44 4 0 0 1 3 e 45 0 0 0 0 1 e 17KaCaKaTa.175      
7359.890100 0.001000   1.000e-03   45 4 0 0 1 3 e 46 0 0 0 0 1 e 17KaCaKaTa.176      
7358.875200 0.001000   1.000e-03   46 4 0 0 1 3 e 47 0 0 0 0 1 e 17KaCaKaTa.177      
7357.857200 0.001000   1.000e-03   47 4 0 0 1 3 e 48 0 0 0 0 1 e 17KaCaKaTa.178      
7356.834400 0.001000   1.000e-03   48 4 0 0 1 3 e 49 0 0 0 0 1 e 17KaCaKaTa.179      
7351.629500 0.001000   1.000e-03   53 4 0 0 1 3 e 54 0 0 0 0 1 e 17KaCaKaTa.180      
7350.572000 0.001000   1.000e-03   54 4 0 0 1 3 e 55 0 0 0 0 1 e 17KaCaKaTa.181      
7569.999400 0.001000   1.000e-03   0 4 0 0 1 2 e  1 0 0 0 0 1 e  17KaCaKaTa.182      
7569.280000 0.001000   1.000e-03   1 4 0 0 1 2 e  2 0 0 0 0 1 e  17KaCaKaTa.183      
7568.560500 0.001000   1.000e-03   2 4 0 0 1 2 e  3 0 0 0 0 1 e  17KaCaKaTa.184      
7567.834200 0.001000   1.000e-03   3 4 0 0 1 2 e  4 0 0 0 0 1 e  17KaCaKaTa.185      
7566.370900 0.001000   1.000e-03   5 4 0 0 1 2 e  6 0 0 0 0 1 e  17KaCaKaTa.186      
7565.634500 0.001000   1.000e-03   6 4 0 0 1 2 e  7 0 0 0 0 1 e  17KaCaKaTa.187      
7564.894400 0.001000   1.000e-03   7 4 0 0 1 2 e  8 0 0 0 0 1 e  17KaCaKaTa.188      
7563.401800 0.001000   1.000e-03   9 4 0 0 1 2 e  10 0 0 0 0 1 e 17KaCaKaTa.189      
7562.649400 0.001000   1.000e-03   10 4 0 0 1 2 e 11 0 0 0 0 1 e 17KaCaKaTa.190      
7561.894500 0.001000   1.000e-03   11 4 0 0 1 2 e 12 0 0 0 0 1 e 17KaCaKaTa.191      
7561.135200 0.001000   1.000e-03   12 4 0 0 1 2 e 13 0 0 0 0 1 e 17KaCaKaTa.192      
7560.372300 0.001000   1.513e-03   13 4 0 0 1 2 e 14 0 0 0 0 1 e 17KaCaKaTa.193      
7559.605700 0.001000   1.000e-03   14 4 0 0 1 2 e 15 0 0 0 0 1 e 17KaCaKaTa.194      
7558.061500 0.001000   1.000e-03   16 4 0 0 1 2 e 17 0 0 0 0 1 e 17KaCaKaTa.195      
7555.718100 0.001000   1.000e-03   19 4 0 0 1 2 e 20 0 0 0 0 1 e 17KaCaKaTa.196      
7554.930000 0.001000   1.000e-03   20 4 0 0 1 2 e 21 0 0 0 0 1 e 17KaCaKaTa.197      
7554.138000 0.001000   1.000e-03   21 4 0 0 1 2 e 22 0 0 0 0 1 e 17KaCaKaTa.198      
7551.742200 0.001000   1.000e-03   24 4 0 0 1 2 e 25 0 0 0 0 1 e 17KaCaKaTa.199      
7550.936700 0.001000   1.000e-03   25 4 0 0 1 2 e 26 0 0 0 0 1 e 17KaCaKaTa.200      
7550.127800 0.001000   1.000e-03   26 4 0 0 1 2 e 27 0 0 0 0 1 e 17KaCaKaTa.201      
7549.316000 0.001000   1.000e-03   27 4 0 0 1 2 e 28 0 0 0 0 1 e 17KaCaKaTa.202      
7548.501400 0.001000   1.000e-03   28 4 0 0 1 2 e 29 0 0 0 0 1 e 17KaCaKaTa.203      
7546.860500 0.001000   1.000e-03   30 4 0 0 1 2 e 31 0 0 0 0 1 e 17KaCaKaTa.204      
7544.376500 0.001000   1.000e-03   33 4 0 0 1 2 e 34 0 0 0 0 1 e 17KaCaKaTa.205      
7543.542200 0.001000   1.000e-03   34 4 0 0 1 2 e 35 0 0 0 0 1 e 17KaCaKaTa.206      
7542.707200 0.001000   1.108e-03   35 4 0 0 1 2 e 36 0 0 0 0 1 e 17KaCaKaTa.207      
7541.865500 0.001000   1.000e-03   36 4 0 0 1 2 e 37 0 0 0 0 1 e 17KaCaKaTa.208      
7540.179500 0.001000   1.417e-03   38 4 0 0 1 2 e 39 0 0 0 0 1 e 17KaCaKaTa.209      
7539.328400 0.001000   1.000e-03   39 4 0 0 1 2 e 40 0 0 0 0 1 e 17KaCaKaTa.210      
7538.476900 0.001000   1.000e-03   40 4 0 0 1 2 e 41 0 0 0 0 1 e 17KaCaKaTa.211      
7535.910300 0.001000   1.014e-03   43 4 0 0 1 2 e 44 0 0 0 0 1 e 17KaCaKaTa.212      
7535.047200 0.001000   1.000e-03   44 4 0 0 1 2 e 45 0 0 0 0 1 e 17KaCaKaTa.213      
7533.318400 0.001000   1.487e-03   46 4 0 0 1 2 e 47 0 0 0 0 1 e 17KaCaKaTa.214      
7046.898800 0.001000   1.000e-03   11 4 1 1 1 5 e 12 0 1 1 0 1 e 17KaCaKaTa.215      
7046.124100 0.001000   1.503e-03   12 4 1 1 1 5 e 13 0 1 1 0 1 e 17KaCaKaTa.216      
7045.347500 0.001000   2.061e-03   13 4 1 1 1 5 e 14 0 1 1 0 1 e 17KaCaKaTa.217      
7043.782700 0.001000   1.000e-03   15 4 1 1 1 5 e 16 0 1 1 0 1 e 17KaCaKaTa.218      
7042.992800 0.001000   2.041e-03   16 4 1 1 1 5 e 17 0 1 1 0 1 e 17KaCaKaTa.219      
7041.391800 0.001000   1.281e-03   18 4 1 1 1 5 e 19 0 1 1 0 1 e 17KaCaKaTa.220      
7035.654200 0.001000   1.010e-03   25 4 1 1 1 5 e 26 0 1 1 0 1 e 17KaCaKaTa.221      
7049.991200 0.001000   1.000e-03   7 4 1 1 1 5 f  8 0 1 1 0 1 f  17KaCaKaTa.222      
7047.777100 0.001000   1.677e-03   10 4 1 1 1 5 f 11 0 1 1 0 1 f 17KaCaKaTa.223      
7046.284400 0.001000   1.496e-03   12 4 1 1 1 5 f 13 0 1 1 0 1 f 17KaCaKaTa.224      
7043.278900 0.001000   1.000e-03   16 4 1 1 1 5 f 17 0 1 1 0 1 f 17KaCaKaTa.225      
7040.991400 0.001000   1.000e-03   19 4 1 1 1 5 f 20 0 1 1 0 1 f 17KaCaKaTa.226      
7780.902700 0.001000   1.000e-03   4 4 0 0 1 1 e  5 0 0 0 0 1 e  17KaCaKaTa.227      
7778.732200 0.001000   1.000e-03   7 4 0 0 1 1 e  8 0 0 0 0 1 e  17KaCaKaTa.228      
7775.822000 0.001000   1.000e-03   11 4 0 0 1 1 e 12 0 0 0 0 1 e 17KaCaKaTa.229      
7775.095600 0.001000   1.000e-03   12 4 0 0 1 1 e 13 0 0 0 0 1 e 17KaCaKaTa.230      
7774.361800 0.001000   1.105e-03   13 4 0 0 1 1 e 14 0 0 0 0 1 e 17KaCaKaTa.231      
7772.160900 0.001000   1.000e-03   16 4 0 0 1 1 e 17 0 0 0 0 1 e 17KaCaKaTa.232      
7769.946600 0.001000   1.000e-03   19 4 0 0 1 1 e 20 0 0 0 0 1 e 17KaCaKaTa.233      
7769.208800 0.001000   1.000e-03   20 4 0 0 1 1 e 21 0 0 0 0 1 e 17KaCaKaTa.234      
7768.465400 0.001000   1.000e-03   21 4 0 0 1 1 e 22 0 0 0 0 1 e 17KaCaKaTa.235      
7227.537700 0.001000   1.000e-03   2 4 1 1 1 4 e  3 0 1 1 0 1 e  17KaCaKaTa.236      
7226.801400 0.001000   1.000e-03   3 4 1 1 1 4 e  4 0 1 1 0 1 e  17KaCaKaTa.237      
7224.543500 0.001000   1.000e-03   6 4 1 1 1 4 e  7 0 1 1 0 1 e  17KaCaKaTa.238      
7223.003500 0.001000   1.000e-03   8 4 1 1 1 4 e  9 0 1 1 0 1 e  17KaCaKaTa.239      
7222.221900 0.001000   1.000e-03   9 4 1 1 1 4 e  10 0 1 1 0 1 e 17KaCaKaTa.240      
7220.636300 0.001000   1.000e-03   11 4 1 1 1 4 e 12 0 1 1 0 1 e 17KaCaKaTa.241      
7219.831800 0.001000   1.000e-03   12 4 1 1 1 4 e 13 0 1 1 0 1 e 17KaCaKaTa.242      
7219.019200 0.001000   1.000e-03   13 4 1 1 1 4 e 14 0 1 1 0 1 e 17KaCaKaTa.243      
7215.699500 0.001000   1.000e-03   17 4 1 1 1 4 e 18 0 1 1 0 1 e 17KaCaKaTa.244      
7214.851200 0.001000   1.000e-03   18 4 1 1 1 4 e 19 0 1 1 0 1 e 17KaCaKaTa.245      
7213.994700 0.001000   1.000e-03   19 4 1 1 1 4 e 20 0 1 1 0 1 e 17KaCaKaTa.246      
7213.135100 0.001000   1.000e-03   20 4 1 1 1 4 e 21 0 1 1 0 1 e 17KaCaKaTa.247      
7212.261400 0.001000   1.000e-03   21 4 1 1 1 4 e 22 0 1 1 0 1 e 17KaCaKaTa.248      
7210.500200 0.001000   1.000e-03   23 4 1 1 1 4 e 24 0 1 1 0 1 e 17KaCaKaTa.249      
7209.606200 0.001000   1.000e-03   24 4 1 1 1 4 e 25 0 1 1 0 1 e 17KaCaKaTa.250      
7208.708100 0.001000   1.000e-03   25 4 1 1 1 4 e 26 0 1 1 0 1 e 17KaCaKaTa.251      
7207.801300 0.001000   1.000e-03   26 4 1 1 1 4 e 27 0 1 1 0 1 e 17KaCaKaTa.252      
7206.885800 0.001000   1.000e-03   27 4 1 1 1 4 e 28 0 1 1 0 1 e 17KaCaKaTa.253      
7205.965000 0.001000   1.000e-03   28 4 1 1 1 4 e 29 0 1 1 0 1 e 17KaCaKaTa.254      
7204.097600 0.001000   1.000e-03   30 4 1 1 1 4 e 31 0 1 1 0 1 e 17KaCaKaTa.255      
7203.152900 0.001000   1.000e-03   31 4 1 1 1 4 e 32 0 1 1 0 1 e 17KaCaKaTa.256      
7201.245900 0.001000   1.000e-03   33 4 1 1 1 4 e 34 0 1 1 0 1 e 17KaCaKaTa.257      
7200.279900 0.001000   1.000e-03   34 4 1 1 1 4 e 35 0 1 1 0 1 e 17KaCaKaTa.258      
7223.814500 0.001000   1.000e-03   7 4 1 1 1 4 f  8 0 1 1 0 1 f  17KaCaKaTa.259      
7221.511500 0.001000   1.000e-03   10 4 1 1 1 4 f 11 0 1 1 0 1 f 17KaCaKaTa.260      
7219.947500 0.001000   1.000e-03   12 4 1 1 1 4 f 13 0 1 1 0 1 f 17KaCaKaTa.261      
7219.157800 0.001000   1.000e-03   13 4 1 1 1 4 f 14 0 1 1 0 1 f 17KaCaKaTa.262      
7218.360200 0.001000   1.000e-03   14 4 1 1 1 4 f 15 0 1 1 0 1 f 17KaCaKaTa.263      
7217.557800 0.001000   1.000e-03   15 4 1 1 1 4 f 16 0 1 1 0 1 f 17KaCaKaTa.264      
7215.116400 0.001000   1.000e-03   18 4 1 1 1 4 f 19 0 1 1 0 1 f 17KaCaKaTa.265      
7214.291400 0.001000   1.000e-03   19 4 1 1 1 4 f 20 0 1 1 0 1 f 17KaCaKaTa.266      
7213.459900 0.001000   1.000e-03   20 4 1 1 1 4 f 21 0 1 1 0 1 f 17KaCaKaTa.267      
7212.624400 0.001000   1.051e-03   21 4 1 1 1 4 f 22 0 1 1 0 1 f 17KaCaKaTa.268      
7211.780200 0.001000   1.000e-03   22 4 1 1 1 4 f 23 0 1 1 0 1 f 17KaCaKaTa.269      
7210.078900 0.001000   1.291e-03   24 4 1 1 1 4 f 25 0 1 1 0 1 f 17KaCaKaTa.270      
7209.219500 0.001000   1.000e-03   25 4 1 1 1 4 f 26 0 1 1 0 1 f 17KaCaKaTa.271      
7207.482600 0.001000   1.000e-03   27 4 1 1 1 4 f 28 0 1 1 0 1 f 17KaCaKaTa.272      
7206.605500 0.001000   1.000e-03   28 4 1 1 1 4 f 29 0 1 1 0 1 f 17KaCaKaTa.273      
7205.723200 0.001000   1.000e-03   29 4 1 1 1 4 f 30 0 1 1 0 1 f 17KaCaKaTa.274      
7204.834000 0.001000   1.000e-03   30 4 1 1 1 4 f 31 0 1 1 0 1 f 17KaCaKaTa.275      
7202.132200 0.001000   1.000e-03   33 4 1 1 1 4 f 34 0 1 1 0 1 f 17KaCaKaTa.276      
7201.221100 0.001000   1.000e-03   34 4 1 1 1 4 f 35 0 1 1 0 1 f 17KaCaKaTa.277      
7200.303200 0.001000   1.000e-03   35 4 1 1 1 4 f 36 0 1 1 0 1 f 17KaCaKaTa.278      
7197.514700 0.001000   1.510e-03   38 4 1 1 1 4 f 39 0 1 1 0 1 f 17KaCaKaTa.279      
7396.565000 0.001000   1.000e-03   1 4 1 1 1 3 e  2 0 1 1 0 1 e  17KaCaKaTa.280      
7395.835400 0.001000   1.000e-03   2 4 1 1 1 3 e  3 0 1 1 0 1 e  17KaCaKaTa.281      
7395.101000 0.001000   1.000e-03   3 4 1 1 1 3 e  4 0 1 1 0 1 e  17KaCaKaTa.282      
7393.603100 0.001000   1.000e-03   5 4 1 1 1 3 e  6 0 1 1 0 1 e  17KaCaKaTa.283      
7392.080700 0.001000   1.297e-03   7 4 1 1 1 3 e  8 0 1 1 0 1 e  17KaCaKaTa.284      
7391.310300 0.001000   1.000e-03   8 4 1 1 1 3 e  9 0 1 1 0 1 e  17KaCaKaTa.285      
7390.531400 0.001000   1.000e-03   9 4 1 1 1 3 e  10 0 1 1 0 1 e 17KaCaKaTa.286      
7389.743700 0.001000   1.000e-03   10 4 1 1 1 3 e 11 0 1 1 0 1 e 17KaCaKaTa.287      
7387.342800 0.001000   1.000e-03   13 4 1 1 1 3 e 14 0 1 1 0 1 e 17KaCaKaTa.288      
7380.626100 0.001000   1.000e-03   21 4 1 1 1 3 e 22 0 1 1 0 1 e 17KaCaKaTa.289      
7379.756700 0.001000   1.000e-03   22 4 1 1 1 3 e 23 0 1 1 0 1 e 17KaCaKaTa.290      
7378.877700 0.001000   1.000e-03   23 4 1 1 1 3 e 24 0 1 1 0 1 e 17KaCaKaTa.291      
7377.993200 0.001000   1.000e-03   24 4 1 1 1 3 e 25 0 1 1 0 1 e 17KaCaKaTa.292      
7377.100900 0.001000   1.000e-03   25 4 1 1 1 3 e 26 0 1 1 0 1 e 17KaCaKaTa.293      
7376.203300 0.001000   1.000e-03   26 4 1 1 1 3 e 27 0 1 1 0 1 e 17KaCaKaTa.294      
7375.295200 0.001000   1.000e-03   27 4 1 1 1 3 e 28 0 1 1 0 1 e 17KaCaKaTa.295      
7374.378600 0.001000   1.312e-03   28 4 1 1 1 3 e 29 0 1 1 0 1 e 17KaCaKaTa.296      
7371.598200 0.001000   1.000e-03   31 4 1 1 1 3 e 32 0 1 1 0 1 e 17KaCaKaTa.297      
7394.365200 0.001000   1.000e-03   4 4 1 1 1 3 f  5 0 1 1 0 1 f  17KaCaKaTa.298      
7392.876000 0.001000   1.000e-03   6 4 1 1 1 3 f  7 0 1 1 0 1 f  17KaCaKaTa.299      
7391.362600 0.001000   1.000e-03   8 4 1 1 1 3 f  9 0 1 1 0 1 f  17KaCaKaTa.300      
7389.829700 0.001000   1.260e-03   10 4 1 1 1 3 f 11 0 1 1 0 1 f 17KaCaKaTa.301      
7389.053500 0.001000   1.000e-03   11 4 1 1 1 3 f 12 0 1 1 0 1 f 17KaCaKaTa.302      
7388.272800 0.001000   1.000e-03   12 4 1 1 1 3 f 13 0 1 1 0 1 f 17KaCaKaTa.303      
7387.486800 0.001000   1.000e-03   13 4 1 1 1 3 f 14 0 1 1 0 1 f 17KaCaKaTa.304      
7386.695400 0.001000   1.000e-03   14 4 1 1 1 3 f 15 0 1 1 0 1 f 17KaCaKaTa.305      
7385.897900 0.001000   1.000e-03   15 4 1 1 1 3 f 16 0 1 1 0 1 f 17KaCaKaTa.306      
7384.288500 0.001000   1.000e-03   17 4 1 1 1 3 f 18 0 1 1 0 1 f 17KaCaKaTa.307      
7382.657600 0.001000   1.000e-03   19 4 1 1 1 3 f 20 0 1 1 0 1 f 17KaCaKaTa.308      
7381.834500 0.001000   1.000e-03   20 4 1 1 1 3 f 21 0 1 1 0 1 f 17KaCaKaTa.309      
7380.173300 0.001000   1.000e-03   22 4 1 1 1 3 f 23 0 1 1 0 1 f 17KaCaKaTa.310      
7379.331500 0.001000   1.000e-03   23 4 1 1 1 3 f 24 0 1 1 0 1 f 17KaCaKaTa.311      
7378.487000 0.001000   1.000e-03   24 4 1 1 1 3 f 25 0 1 1 0 1 f 17KaCaKaTa.312      
7376.782800 0.001000   1.000e-03   26 4 1 1 1 3 f 27 0 1 1 0 1 f 17KaCaKaTa.313      
7375.921100 0.001000   1.187e-03   27 4 1 1 1 3 f 28 0 1 1 0 1 f 17KaCaKaTa.314      
7374.186900 0.001000   1.000e-03   29 4 1 1 1 3 f 30 0 1 1 0 1 f 17KaCaKaTa.315      
7373.308900 0.001000   1.000e-03   30 4 1 1 1 3 f 31 0 1 1 0 1 f 17KaCaKaTa.316      
7372.429800 0.001000   1.000e-03   31 4 1 1 1 3 f 32 0 1 1 0 1 f 17KaCaKaTa.317      
7369.751000 0.001000   1.000e-03   34 4 1 1 1 3 f 35 0 1 1 0 1 f 17KaCaKaTa.318      
7366.112800 0.001000   1.000e-03   38 4 1 1 1 3 f 39 0 1 1 0 1 f 17KaCaKaTa.319      
7580.673900 0.001000   1.000e-03   15 4 1 1 1 2 e 16 0 1 1 0 1 e 17KaCaKaTa.320      
7579.874100 0.001000   1.000e-03   16 4 1 1 1 2 e 17 0 1 1 0 1 e 17KaCaKaTa.321      
7577.441600 0.001000   1.119e-03   19 4 1 1 1 2 e 20 0 1 1 0 1 e 17KaCaKaTa.322      
7576.623000 0.001000   1.000e-03   20 4 1 1 1 2 e 21 0 1 1 0 1 e 17KaCaKaTa.323      
7573.283800 0.001000   1.000e-03   24 4 1 1 1 2 e 25 0 1 1 0 1 e 17KaCaKaTa.324      
7571.583600 0.001000   1.000e-03   26 4 1 1 1 2 e 27 0 1 1 0 1 e 17KaCaKaTa.325      
7567.247000 0.001000   1.000e-03   31 4 1 1 1 2 e 32 0 1 1 0 1 e 17KaCaKaTa.326      
7579.382000 0.001000   1.387e-03   17 4 1 1 1 2 f 18 0 1 1 0 1 f 17KaCaKaTa.327      
7578.610000 0.001000   1.000e-03   18 4 1 1 1 2 f 19 0 1 1 0 1 f 17KaCaKaTa.328      
7577.831800 0.001000   1.000e-03   19 4 1 1 1 2 f 20 0 1 1 0 1 f 17KaCaKaTa.329      
7205.748000 0.001000   1.251e-03   8 5 0 0 1 5 e  9 1 0 0 0 2 e  17KaCaKaTa.330      
7201.843500 0.001000   1.000e-03   13 5 0 0 1 5 e 14 1 0 0 0 2 e 17KaCaKaTa.331      
7190.062000 0.001000   1.000e-03   27 5 0 0 1 5 e 28 1 0 0 0 2 e 17KaCaKaTa.332      
7763.326700 0.001000   1.000e-03   7 2 1 1 2 2 f  7 0 0 0 0 1 e  17KaCaKaTa.333      
7763.167800 0.001000   1.000e-03   9 2 1 1 2 2 f  9 0 0 0 0 1 e  17KaCaKaTa.334      
7763.074800 0.001000   1.000e-03   10 2 1 1 2 2 f 10 0 0 0 0 1 e 17KaCaKaTa.335      
7762.741500 0.001000   1.000e-03   13 2 1 1 2 2 f 13 0 0 0 0 1 e 17KaCaKaTa.336      
7762.470700 0.001000   1.000e-03   15 2 1 1 2 2 f 15 0 0 0 0 1 e 17KaCaKaTa.337      
7762.321500 0.001000   1.000e-03   16 2 1 1 2 2 f 16 0 0 0 0 1 e 17KaCaKaTa.338      
7762.000900 0.001000   1.000e-03   18 2 1 1 2 2 f 18 0 0 0 0 1 e 17KaCaKaTa.339      
7761.824500 0.001000   1.000e-03   19 2 1 1 2 2 f 19 0 0 0 0 1 e 17KaCaKaTa.340      
7761.639900 0.001000   1.000e-03   20 2 1 1 2 2 f 20 0 0 0 0 1 e 17KaCaKaTa.341      
7760.813000 0.001000   1.000e-03   24 2 1 1 2 2 f 24 0 0 0 0 1 e 17KaCaKaTa.342      
7760.584000 0.001000   1.000e-03   25 2 1 1 2 2 f 25 0 0 0 0 1 e 17KaCaKaTa.343      
7760.343600 0.001000   1.000e-03   26 2 1 1 2 2 f 26 0 0 0 0 1 e 17KaCaKaTa.344      
7759.021300 0.001000   1.000e-03   31 2 1 1 2 2 f 31 0 0 0 0 1 e 17KaCaKaTa.345      
7758.427100 0.001000   1.000e-03   33 2 1 1 2 2 f 33 0 0 0 0 1 e 17KaCaKaTa.346      
7758.119500 0.001000   1.000e-03   34 2 1 1 2 2 f 34 0 0 0 0 1 e 17KaCaKaTa.347      
7014.974400 0.001000   1.000e-03   3 2 0 0 2 3 e  2 0 0 0 0 1 e  17KaCaKaTa.348      
7016.307400 0.001000   1.059e-03   5 2 0 0 2 3 e  4 0 0 0 0 1 e  17KaCaKaTa.349      
7016.958500 0.001000   1.000e-03   6 2 0 0 2 3 e  5 0 0 0 0 1 e  17KaCaKaTa.350      
7018.227700 0.001000   1.000e-03   8 2 0 0 2 3 e  7 0 0 0 0 1 e  17KaCaKaTa.351      
7019.454100 0.001000   1.000e-03   10 2 0 0 2 3 e 9 0 0 0 0 1 e  17KaCaKaTa.352      
7020.052700 0.001000   1.000e-03   11 2 0 0 2 3 e 10 0 0 0 0 1 e 17KaCaKaTa.353      
7020.638700 0.001000   1.000e-03   12 2 0 0 2 3 e 11 0 0 0 0 1 e 17KaCaKaTa.354      
7021.214200 0.001000   1.000e-03   13 2 0 0 2 3 e 12 0 0 0 0 1 e 17KaCaKaTa.355      
7022.334300 0.001000   1.000e-03   15 2 0 0 2 3 e 14 0 0 0 0 1 e 17KaCaKaTa.356      
7022.880400 0.001000   1.000e-03   16 2 0 0 2 3 e 15 0 0 0 0 1 e 17KaCaKaTa.357      
7023.936700 0.001000   1.000e-03   18 2 0 0 2 3 e 17 0 0 0 0 1 e 17KaCaKaTa.358      
7024.447700 0.001000   1.000e-03   19 2 0 0 2 3 e 18 0 0 0 0 1 e 17KaCaKaTa.359      
7024.951000 0.001000   1.587e-03   20 2 0 0 2 3 e 19 0 0 0 0 1 e 17KaCaKaTa.360      
7025.442300 0.001000   1.000e-03   21 2 0 0 2 3 e 20 0 0 0 0 1 e 17KaCaKaTa.361      
7025.920100 0.001000   1.000e-03   22 2 0 0 2 3 e 21 0 0 0 0 1 e 17KaCaKaTa.362      
7026.391600 0.001000   1.000e-03   23 2 0 0 2 3 e 22 0 0 0 0 1 e 17KaCaKaTa.363      
7026.847600 0.001000   1.000e-03   24 2 0 0 2 3 e 23 0 0 0 0 1 e 17KaCaKaTa.364      
7027.293200 0.001000   1.000e-03   25 2 0 0 2 3 e 24 0 0 0 0 1 e 17KaCaKaTa.365      
7027.731400 0.001000   1.000e-03   26 2 0 0 2 3 e 25 0 0 0 0 1 e 17KaCaKaTa.366      
7028.570500 0.001000   1.000e-03   28 2 0 0 2 3 e 27 0 0 0 0 1 e 17KaCaKaTa.367      
7028.974900 0.001000   1.000e-03   29 2 0 0 2 3 e 28 0 0 0 0 1 e 17KaCaKaTa.368      
7029.748200 0.001000   1.000e-03   31 2 0 0 2 3 e 30 0 0 0 0 1 e 17KaCaKaTa.369      
7030.120100 0.001000   1.000e-03   32 2 0 0 2 3 e 31 0 0 0 0 1 e 17KaCaKaTa.370      
7030.479900 0.001000   1.244e-03   33 2 0 0 2 3 e 32 0 0 0 0 1 e 17KaCaKaTa.371      
7030.825100 0.001000   1.000e-03   34 2 0 0 2 3 e 33 0 0 0 0 1 e 17KaCaKaTa.372      
7031.163700 0.001000   1.000e-03   35 2 0 0 2 3 e 34 0 0 0 0 1 e 17KaCaKaTa.373      
7031.804100 0.001000   1.000e-03   37 2 0 0 2 3 e 36 0 0 0 0 1 e 17KaCaKaTa.374      
7032.109900 0.001000   1.000e-03   38 2 0 0 2 3 e 37 0 0 0 0 1 e 17KaCaKaTa.375      
7032.400800 0.001000   1.000e-03   39 2 0 0 2 3 e 38 0 0 0 0 1 e 17KaCaKaTa.376      
7032.680900 0.001000   1.000e-03   40 2 0 0 2 3 e 39 0 0 0 0 1 e 17KaCaKaTa.377      
7033.207700 0.001000   1.000e-03   42 2 0 0 2 3 e 41 0 0 0 0 1 e 17KaCaKaTa.378      
7033.456100 0.001000   1.000e-03   43 2 0 0 2 3 e 42 0 0 0 0 1 e 17KaCaKaTa.379      
7124.594100 0.001000   1.000e-03   1 2 0 0 2 2 e  0 0 0 0 0 1 e  17KaCaKaTa.380      
7125.284400 0.001000   1.000e-03   2 2 0 0 2 2 e  1 0 0 0 0 1 e  17KaCaKaTa.381      
7128.554100 0.001000   1.000e-03   7 2 0 0 2 2 e  6 0 0 0 0 1 e  17KaCaKaTa.382      
7129.781000 0.001000   1.000e-03   9 2 0 0 2 2 e  8 0 0 0 0 1 e  17KaCaKaTa.383      
7130.960500 0.001000   1.000e-03   11 2 0 0 2 2 e 10 0 0 0 0 1 e 17KaCaKaTa.384      
7132.639300 0.001000   1.000e-03   14 2 0 0 2 2 e 13 0 0 0 0 1 e 17KaCaKaTa.385      
7133.175700 0.001000   1.000e-03   15 2 0 0 2 2 e 14 0 0 0 0 1 e 17KaCaKaTa.386      
7134.211600 0.001000   1.000e-03   17 2 0 0 2 2 e 16 0 0 0 0 1 e 17KaCaKaTa.387      
7135.200200 0.001000   1.000e-03   19 2 0 0 2 2 e 18 0 0 0 0 1 e 17KaCaKaTa.388      
7135.677400 0.001000   1.000e-03   20 2 0 0 2 2 e 19 0 0 0 0 1 e 17KaCaKaTa.389      
7136.143400 0.001000   1.000e-03   21 2 0 0 2 2 e 20 0 0 0 0 1 e 17KaCaKaTa.390      
7136.594500 0.001000   1.000e-03   22 2 0 0 2 2 e 21 0 0 0 0 1 e 17KaCaKaTa.391      
7137.467200 0.001000   1.986e-03   24 2 0 0 2 2 e 23 0 0 0 0 1 e 17KaCaKaTa.392      
7138.681200 0.001000   1.000e-03   27 2 0 0 2 2 e 26 0 0 0 0 1 e 17KaCaKaTa.393      
7139.433100 0.001000   1.000e-03   29 2 0 0 2 2 e 28 0 0 0 0 1 e 17KaCaKaTa.394      
7139.790600 0.001000   1.000e-03   30 2 0 0 2 2 e 29 0 0 0 0 1 e 17KaCaKaTa.395      
7140.472300 0.001000   1.000e-03   32 2 0 0 2 2 e 31 0 0 0 0 1 e 17KaCaKaTa.396      
7140.793700 0.001000   1.000e-03   33 2 0 0 2 2 e 32 0 0 0 0 1 e 17KaCaKaTa.397      
7141.693200 0.001000   1.000e-03   36 2 0 0 2 2 e 35 0 0 0 0 1 e 17KaCaKaTa.398      
7141.969100 0.001000   1.000e-03   37 2 0 0 2 2 e 36 0 0 0 0 1 e 17KaCaKaTa.399      
7142.483300 0.001000   1.000e-03   39 2 0 0 2 2 e 38 0 0 0 0 1 e 17KaCaKaTa.400      
7143.171600 0.001000   1.000e-03   42 2 0 0 2 2 e 41 0 0 0 0 1 e 17KaCaKaTa.401      
7143.377200 0.001000   1.000e-03   43 2 0 0 2 2 e 42 0 0 0 0 1 e 17KaCaKaTa.402      
7144.364400 0.001000   1.000e-03   49 2 0 0 2 2 e 48 0 0 0 0 1 e 17KaCaKaTa.403      
7269.570500 0.001000   1.000e-03   6 2 0 0 2 1 e  5 0 0 0 0 1 e  17KaCaKaTa.404      
7270.219800 0.001000   2.409e-03   7 2 0 0 2 1 e  6 0 0 0 0 1 e  17KaCaKaTa.405      
7271.492100 0.001000   1.000e-03   9 2 0 0 2 1 e  8 0 0 0 0 1 e  17KaCaKaTa.406      
7272.114600 0.001000   1.000e-03   10 2 0 0 2 1 e 9 0 0 0 0 1 e  17KaCaKaTa.407      
7272.729700 0.001000   1.000e-03   11 2 0 0 2 1 e 10 0 0 0 0 1 e 17KaCaKaTa.408      
7273.927200 0.001000   1.000e-03   13 2 0 0 2 1 e 12 0 0 0 0 1 e 17KaCaKaTa.409      
7275.088700 0.001000   1.000e-03   15 2 0 0 2 1 e 14 0 0 0 0 1 e 17KaCaKaTa.410      
7276.212400 0.001000   1.000e-03   17 2 0 0 2 1 e 16 0 0 0 0 1 e 17KaCaKaTa.411      
7276.762600 0.001000   2.505e-03   18 2 0 0 2 1 e 17 0 0 0 0 1 e 17KaCaKaTa.412      
7277.830000 0.001000   1.000e-03   20 2 0 0 2 1 e 19 0 0 0 0 1 e 17KaCaKaTa.413      
7279.861700 0.001000   1.000e-03   24 2 0 0 2 1 e 23 0 0 0 0 1 e 17KaCaKaTa.414      
7124.426200 0.001000   1.000e-03   1 4 0 0 1 5 e  0 0 0 0 0 1 e  17KaCaKaTa.415      
7125.838700 0.001000   1.000e-03   3 4 0 0 1 5 e  2 0 0 0 0 1 e  17KaCaKaTa.416      
7126.540300 0.001000   1.000e-03   4 4 0 0 1 5 e  3 0 0 0 0 1 e  17KaCaKaTa.417      
7130.681200 0.001000   1.000e-03   10 4 0 0 1 5 e 9 0 0 0 0 1 e  17KaCaKaTa.418      
7131.360200 0.001000   1.000e-03   11 4 0 0 1 5 e 10 0 0 0 0 1 e 17KaCaKaTa.419      
7132.035600 0.001000   1.000e-03   12 4 0 0 1 5 e 11 0 0 0 0 1 e 17KaCaKaTa.420      
7132.708800 0.001000   1.761e-03   13 4 0 0 1 5 e 12 0 0 0 0 1 e 17KaCaKaTa.421      
7133.376900 0.001000   1.000e-03   14 4 0 0 1 5 e 13 0 0 0 0 1 e 17KaCaKaTa.422      
7134.042000 0.001000   1.000e-03   15 4 0 0 1 5 e 14 0 0 0 0 1 e 17KaCaKaTa.423      
7135.362800 0.001000   1.000e-03   17 4 0 0 1 5 e 16 0 0 0 0 1 e 17KaCaKaTa.424      
7136.017500 0.001000   1.000e-03   18 4 0 0 1 5 e 17 0 0 0 0 1 e 17KaCaKaTa.425      
7137.318500 0.001000   1.000e-03   20 4 0 0 1 5 e 19 0 0 0 0 1 e 17KaCaKaTa.426      
7137.962700 0.001000   1.000e-03   21 4 0 0 1 5 e 20 0 0 0 0 1 e 17KaCaKaTa.427      
7138.603300 0.001000   1.000e-03   22 4 0 0 1 5 e 21 0 0 0 0 1 e 17KaCaKaTa.428      
7139.874400 0.001000   1.000e-03   24 4 0 0 1 5 e 23 0 0 0 0 1 e 17KaCaKaTa.429      
7140.504300 0.001000   1.000e-03   25 4 0 0 1 5 e 24 0 0 0 0 1 e 17KaCaKaTa.430      
7141.752600 0.001000   1.000e-03   27 4 0 0 1 5 e 26 0 0 0 0 1 e 17KaCaKaTa.431      
7142.372300 0.001000   1.000e-03   28 4 0 0 1 5 e 27 0 0 0 0 1 e 17KaCaKaTa.432      
7142.985300 0.001000   1.000e-03   29 4 0 0 1 5 e 28 0 0 0 0 1 e 17KaCaKaTa.433      
7143.595400 0.001000   1.000e-03   30 4 0 0 1 5 e 29 0 0 0 0 1 e 17KaCaKaTa.434      
7144.202700 0.001000   1.000e-03   31 4 0 0 1 5 e 30 0 0 0 0 1 e 17KaCaKaTa.435      
7145.403000 0.001000   1.000e-03   33 4 0 0 1 5 e 32 0 0 0 0 1 e 17KaCaKaTa.436      
7145.996500 0.001000   1.000e-03   34 4 0 0 1 5 e 33 0 0 0 0 1 e 17KaCaKaTa.437      
7146.586000 0.001000   1.000e-03   35 4 0 0 1 5 e 34 0 0 0 0 1 e 17KaCaKaTa.438      
7147.171600 0.001000   1.000e-03   36 4 0 0 1 5 e 35 0 0 0 0 1 e 17KaCaKaTa.439      
7148.327900 0.001000   1.000e-03   38 4 0 0 1 5 e 37 0 0 0 0 1 e 17KaCaKaTa.440      
7149.467900 0.001000   1.000e-03   40 4 0 0 1 5 e 39 0 0 0 0 1 e 17KaCaKaTa.441      
7150.030200 0.001000   1.000e-03   41 4 0 0 1 5 e 40 0 0 0 0 1 e 17KaCaKaTa.442      
7150.588100 0.001000   1.000e-03   42 4 0 0 1 5 e 41 0 0 0 0 1 e 17KaCaKaTa.443      
7151.141500 0.001000   1.000e-03   43 4 0 0 1 5 e 42 0 0 0 0 1 e 17KaCaKaTa.444      
7152.232400 0.001000   1.000e-03   45 4 0 0 1 5 e 44 0 0 0 0 1 e 17KaCaKaTa.445      
7152.769200 0.001000   1.000e-03   46 4 0 0 1 5 e 45 0 0 0 0 1 e 17KaCaKaTa.446      
7153.304200 0.001000   1.000e-03   47 4 0 0 1 5 e 46 0 0 0 0 1 e 17KaCaKaTa.447      
7272.296000 0.001000   1.000e-03   1 4 0 0 1 4 e  0 0 0 0 0 1 e  17KaCaKaTa.448      
7273.685800 0.001000   1.000e-03   3 4 0 0 1 4 e  2 0 0 0 0 1 e  17KaCaKaTa.449      
7274.371400 0.001000   1.000e-03   4 4 0 0 1 4 e  3 0 0 0 0 1 e  17KaCaKaTa.450      
7275.048700 0.001000   1.000e-03   5 4 0 0 1 4 e  4 0 0 0 0 1 e  17KaCaKaTa.451      
7275.718700 0.001000   1.000e-03   6 4 0 0 1 4 e  5 0 0 0 0 1 e  17KaCaKaTa.452      
7276.381100 0.001000   1.000e-03   7 4 0 0 1 4 e  6 0 0 0 0 1 e  17KaCaKaTa.453      
7277.036200 0.001000   1.000e-03   8 4 0 0 1 4 e  7 0 0 0 0 1 e  17KaCaKaTa.454      
7277.684500 0.001000   1.000e-03   9 4 0 0 1 4 e  8 0 0 0 0 1 e  17KaCaKaTa.455      
7278.324300 0.001000   1.000e-03   10 4 0 0 1 4 e 9 0 0 0 0 1 e  17KaCaKaTa.456      
7278.957300 0.001000   1.000e-03   11 4 0 0 1 4 e 10 0 0 0 0 1 e 17KaCaKaTa.457      
7279.582800 0.001000   1.000e-03   12 4 0 0 1 4 e 11 0 0 0 0 1 e 17KaCaKaTa.458      
7280.200900 0.001000   1.000e-03   13 4 0 0 1 4 e 12 0 0 0 0 1 e 17KaCaKaTa.459      
7280.811700 0.001000   1.000e-03   14 4 0 0 1 4 e 13 0 0 0 0 1 e 17KaCaKaTa.460      
7281.415300 0.001000   1.000e-03   15 4 0 0 1 4 e 14 0 0 0 0 1 e 17KaCaKaTa.461      
7282.010700 0.001000   1.000e-03   16 4 0 0 1 4 e 15 0 0 0 0 1 e 17KaCaKaTa.462      
7282.599000 0.001000   1.000e-03   17 4 0 0 1 4 e 16 0 0 0 0 1 e 17KaCaKaTa.463      
7283.179800 0.001000   1.000e-03   18 4 0 0 1 4 e 17 0 0 0 0 1 e 17KaCaKaTa.464      
7283.753100 0.001000   1.000e-03   19 4 0 0 1 4 e 18 0 0 0 0 1 e 17KaCaKaTa.465      
7284.318900 0.001000   1.000e-03   20 4 0 0 1 4 e 19 0 0 0 0 1 e 17KaCaKaTa.466      
7284.877200 0.001000   1.000e-03   21 4 0 0 1 4 e 20 0 0 0 0 1 e 17KaCaKaTa.467      
7285.429400 0.001000   1.000e-03   22 4 0 0 1 4 e 21 0 0 0 0 1 e 17KaCaKaTa.468      
7285.970600 0.001000   1.000e-03   23 4 0 0 1 4 e 22 0 0 0 0 1 e 17KaCaKaTa.469      
7286.506000 0.001000   1.000e-03   24 4 0 0 1 4 e 23 0 0 0 0 1 e 17KaCaKaTa.470      
7287.553800 0.001000   1.000e-03   26 4 0 0 1 4 e 25 0 0 0 0 1 e 17KaCaKaTa.471      
7288.570800 0.001000   1.000e-03   28 4 0 0 1 4 e 27 0 0 0 0 1 e 17KaCaKaTa.472      
7289.067400 0.001000   1.000e-03   29 4 0 0 1 4 e 28 0 0 0 0 1 e 17KaCaKaTa.473      
7289.556900 0.001000   1.000e-03   30 4 0 0 1 4 e 29 0 0 0 0 1 e 17KaCaKaTa.474      
7290.038100 0.001000   1.000e-03   31 4 0 0 1 4 e 30 0 0 0 0 1 e 17KaCaKaTa.475      
7291.434600 0.001000   1.000e-03   34 4 0 0 1 4 e 33 0 0 0 0 1 e 17KaCaKaTa.476      
7291.884900 0.001000   1.000e-03   35 4 0 0 1 4 e 34 0 0 0 0 1 e 17KaCaKaTa.477      
7292.328600 0.001000   2.156e-03   36 4 0 0 1 4 e 35 0 0 0 0 1 e 17KaCaKaTa.478      
7292.760800 0.001000   1.000e-03   37 4 0 0 1 4 e 36 0 0 0 0 1 e 17KaCaKaTa.479      
7293.604600 0.001000   1.000e-03   39 4 0 0 1 4 e 38 0 0 0 0 1 e 17KaCaKaTa.480      
7294.013200 0.001000   1.000e-03   40 4 0 0 1 4 e 39 0 0 0 0 1 e 17KaCaKaTa.481      
7294.416000 0.001000   1.000e-03   41 4 0 0 1 4 e 40 0 0 0 0 1 e 17KaCaKaTa.482      
7294.809700 0.001000   1.000e-03   42 4 0 0 1 4 e 41 0 0 0 0 1 e 17KaCaKaTa.483      
7295.194900 0.001000   1.000e-03   43 4 0 0 1 4 e 42 0 0 0 0 1 e 17KaCaKaTa.484      
7295.572700 0.001000   1.000e-03   44 4 0 0 1 4 e 43 0 0 0 0 1 e 17KaCaKaTa.485      
7295.941800 0.001000   1.000e-03   45 4 0 0 1 4 e 44 0 0 0 0 1 e 17KaCaKaTa.486      
7296.302400 0.001000   1.000e-03   46 4 0 0 1 4 e 45 0 0 0 0 1 e 17KaCaKaTa.487      
7296.999400 0.001000   1.000e-03   48 4 0 0 1 4 e 47 0 0 0 0 1 e 17KaCaKaTa.488      
7297.662700 0.001000   1.000e-03   50 4 0 0 1 4 e 49 0 0 0 0 1 e 17KaCaKaTa.489      
7298.594500 0.001000   1.000e-03   53 4 0 0 1 4 e 52 0 0 0 0 1 e 17KaCaKaTa.490      
7298.888500 0.001000   1.000e-03   54 4 0 0 1 4 e 53 0 0 0 0 1 e 17KaCaKaTa.491      
7300.228500 0.001000   1.000e-03   59 4 0 0 1 4 e 58 0 0 0 0 1 e 17KaCaKaTa.492      
7300.702800 0.001000   1.000e-03   61 4 0 0 1 4 e 60 0 0 0 0 1 e 17KaCaKaTa.493      
7301.350600 0.001000   1.000e-03   64 4 0 0 1 4 e 63 0 0 0 0 1 e 17KaCaKaTa.494      
7400.321400 0.001000   1.000e-03   1 4 0 0 1 3 e  0 0 0 0 0 1 e  17KaCaKaTa.495      
7401.021000 0.001000   1.000e-03   2 4 0 0 1 3 e  1 0 0 0 0 1 e  17KaCaKaTa.496      
7401.715100 0.001000   1.000e-03   3 4 0 0 1 3 e  2 0 0 0 0 1 e  17KaCaKaTa.497      
7402.401900 0.001000   1.000e-03   4 4 0 0 1 3 e  3 0 0 0 0 1 e  17KaCaKaTa.498      
7403.081500 0.001000   1.000e-03   5 4 0 0 1 3 e  4 0 0 0 0 1 e  17KaCaKaTa.499      
7403.754500 0.001000   1.000e-03   6 4 0 0 1 3 e  5 0 0 0 0 1 e  17KaCaKaTa.500      
7404.420200 0.001000   1.000e-03   7 4 0 0 1 3 e  6 0 0 0 0 1 e  17KaCaKaTa.501      
7405.079400 0.001000   1.000e-03   8 4 0 0 1 3 e  7 0 0 0 0 1 e  17KaCaKaTa.502      
7405.731900 0.001000   1.000e-03   9 4 0 0 1 3 e  8 0 0 0 0 1 e  17KaCaKaTa.503      
7406.377400 0.001000   1.000e-03   10 4 0 0 1 3 e 9 0 0 0 0 1 e  17KaCaKaTa.504      
7407.017300 0.001000   1.066e-03   11 4 0 0 1 3 e 10 0 0 0 0 1 e 17KaCaKaTa.505      
7407.648000 0.001000   1.000e-03   12 4 0 0 1 3 e 11 0 0 0 0 1 e 17KaCaKaTa.506      
7408.273100 0.001000   1.000e-03   13 4 0 0 1 3 e 12 0 0 0 0 1 e 17KaCaKaTa.507      
7408.889800 0.001000   1.516e-03   14 4 0 0 1 3 e 13 0 0 0 0 1 e 17KaCaKaTa.508      
7409.502500 0.001000   1.000e-03   15 4 0 0 1 3 e 14 0 0 0 0 1 e 17KaCaKaTa.509      
7410.107500 0.001000   1.000e-03   16 4 0 0 1 3 e 15 0 0 0 0 1 e 17KaCaKaTa.510      
7410.705400 0.001000   1.000e-03   17 4 0 0 1 3 e 16 0 0 0 0 1 e 17KaCaKaTa.511      
7411.296800 0.001000   1.000e-03   18 4 0 0 1 3 e 17 0 0 0 0 1 e 17KaCaKaTa.512      
7411.881200 0.001000   1.000e-03   19 4 0 0 1 3 e 18 0 0 0 0 1 e 17KaCaKaTa.513      
7412.458900 0.001000   1.000e-03   20 4 0 0 1 3 e 19 0 0 0 0 1 e 17KaCaKaTa.514      
7413.029300 0.001000   1.000e-03   21 4 0 0 1 3 e 20 0 0 0 0 1 e 17KaCaKaTa.515      
7413.594100 0.001000   1.000e-03   22 4 0 0 1 3 e 21 0 0 0 0 1 e 17KaCaKaTa.516      
7414.150600 0.001000   1.000e-03   23 4 0 0 1 3 e 22 0 0 0 0 1 e 17KaCaKaTa.517      
7414.702600 0.001000   1.000e-03   24 4 0 0 1 3 e 23 0 0 0 0 1 e 17KaCaKaTa.518      
7415.246900 0.001000   1.000e-03   25 4 0 0 1 3 e 24 0 0 0 0 1 e 17KaCaKaTa.519      
7415.784400 0.001000   1.000e-03   26 4 0 0 1 3 e 25 0 0 0 0 1 e 17KaCaKaTa.520      
7417.357700 0.001000   1.000e-03   29 4 0 0 1 3 e 28 0 0 0 0 1 e 17KaCaKaTa.521      
7417.868900 0.001000   1.000e-03   30 4 0 0 1 3 e 29 0 0 0 0 1 e 17KaCaKaTa.522      
7418.373600 0.001000   1.000e-03   31 4 0 0 1 3 e 30 0 0 0 0 1 e 17KaCaKaTa.523      
7419.363400 0.001000   1.000e-03   33 4 0 0 1 3 e 32 0 0 0 0 1 e 17KaCaKaTa.524      
7419.847300 0.001000   1.000e-03   34 4 0 0 1 3 e 33 0 0 0 0 1 e 17KaCaKaTa.525      
7420.327400 0.001000   1.000e-03   35 4 0 0 1 3 e 34 0 0 0 0 1 e 17KaCaKaTa.526      
7420.799500 0.001000   1.000e-03   36 4 0 0 1 3 e 35 0 0 0 0 1 e 17KaCaKaTa.527      
7421.265200 0.001000   1.000e-03   37 4 0 0 1 3 e 36 0 0 0 0 1 e 17KaCaKaTa.528      
7421.725200 0.001000   1.000e-03   38 4 0 0 1 3 e 37 0 0 0 0 1 e 17KaCaKaTa.529      
7422.178300 0.001000   1.000e-03   39 4 0 0 1 3 e 38 0 0 0 0 1 e 17KaCaKaTa.530      
7422.627100 0.001000   1.615e-03   40 4 0 0 1 3 e 39 0 0 0 0 1 e 17KaCaKaTa.531      
7423.066000 0.001000   1.000e-03   41 4 0 0 1 3 e 40 0 0 0 0 1 e 17KaCaKaTa.532      
7423.500000 0.001000   1.000e-03   42 4 0 0 1 3 e 41 0 0 0 0 1 e 17KaCaKaTa.533      
7423.928200 0.001000   1.000e-03   43 4 0 0 1 3 e 42 0 0 0 0 1 e 17KaCaKaTa.534      
7424.350300 0.001000   1.000e-03   44 4 0 0 1 3 e 43 0 0 0 0 1 e 17KaCaKaTa.535      
7424.766400 0.001000   1.000e-03   45 4 0 0 1 3 e 44 0 0 0 0 1 e 17KaCaKaTa.536      
7425.176000 0.001000   1.000e-03   46 4 0 0 1 3 e 45 0 0 0 0 1 e 17KaCaKaTa.537      
7425.580100 0.001000   1.000e-03   47 4 0 0 1 3 e 46 0 0 0 0 1 e 17KaCaKaTa.538      
7426.369100 0.001000   1.000e-03   49 4 0 0 1 3 e 48 0 0 0 0 1 e 17KaCaKaTa.539      
7426.755900 0.001000   1.000e-03   50 4 0 0 1 3 e 49 0 0 0 0 1 e 17KaCaKaTa.540      
7427.509000 0.001000   1.000e-03   52 4 0 0 1 3 e 51 0 0 0 0 1 e 17KaCaKaTa.541      
7427.876900 0.001000   1.000e-03   53 4 0 0 1 3 e 52 0 0 0 0 1 e 17KaCaKaTa.542      
7428.237600 0.001000   1.000e-03   54 4 0 0 1 3 e 53 0 0 0 0 1 e 17KaCaKaTa.543      
7428.947200 0.001000   1.000e-03   56 4 0 0 1 3 e 55 0 0 0 0 1 e 17KaCaKaTa.544      
7429.292700 0.001000   1.000e-03   57 4 0 0 1 3 e 56 0 0 0 0 1 e 17KaCaKaTa.545      
7429.967100 0.001000   1.000e-03   59 4 0 0 1 3 e 58 0 0 0 0 1 e 17KaCaKaTa.546      
7430.294900 0.001000   1.000e-03   60 4 0 0 1 3 e 59 0 0 0 0 1 e 17KaCaKaTa.547      
7572.128700 0.001000   1.000e-03   2 4 0 0 1 2 e  1 0 0 0 0 1 e  17KaCaKaTa.548      
7572.830400 0.001000   1.000e-03   3 4 0 0 1 2 e  2 0 0 0 0 1 e  17KaCaKaTa.549      
7574.224000 0.001000   1.000e-03   5 4 0 0 1 2 e  4 0 0 0 0 1 e  17KaCaKaTa.550      
7574.914800 0.001000   1.000e-03   6 4 0 0 1 2 e  5 0 0 0 0 1 e  17KaCaKaTa.551      
7575.601600 0.001000   1.000e-03   7 4 0 0 1 2 e  6 0 0 0 0 1 e  17KaCaKaTa.552      
7576.283700 0.001000   1.000e-03   8 4 0 0 1 2 e  7 0 0 0 0 1 e  17KaCaKaTa.553      
7576.964300 0.001000   1.000e-03   9 4 0 0 1 2 e  8 0 0 0 0 1 e  17KaCaKaTa.554      
7577.640100 0.001000   1.000e-03   10 4 0 0 1 2 e 9 0 0 0 0 1 e  17KaCaKaTa.555      
7578.312200 0.001000   1.000e-03   11 4 0 0 1 2 e 10 0 0 0 0 1 e 17KaCaKaTa.556      
7578.980300 0.001000   1.000e-03   12 4 0 0 1 2 e 11 0 0 0 0 1 e 17KaCaKaTa.557      
7579.643900 0.001000   1.000e-03   13 4 0 0 1 2 e 12 0 0 0 0 1 e 17KaCaKaTa.558      
7580.305000 0.001000   1.000e-03   14 4 0 0 1 2 e 13 0 0 0 0 1 e 17KaCaKaTa.559      
7581.614700 0.001000   1.000e-03   16 4 0 0 1 2 e 15 0 0 0 0 1 e 17KaCaKaTa.560      
7582.262800 0.001000   1.000e-03   17 4 0 0 1 2 e 16 0 0 0 0 1 e 17KaCaKaTa.561      
7582.908500 0.001000   1.000e-03   18 4 0 0 1 2 e 17 0 0 0 0 1 e 17KaCaKaTa.562      
7583.552000 0.001000   1.000e-03   19 4 0 0 1 2 e 18 0 0 0 0 1 e 17KaCaKaTa.563      
7584.189900 0.001000   1.000e-03   20 4 0 0 1 2 e 19 0 0 0 0 1 e 17KaCaKaTa.564      
7584.826500 0.001000   1.000e-03   21 4 0 0 1 2 e 20 0 0 0 0 1 e 17KaCaKaTa.565      
7586.084000 0.001000   1.000e-03   23 4 0 0 1 2 e 22 0 0 0 0 1 e 17KaCaKaTa.566      
7586.708400 0.001000   1.000e-03   24 4 0 0 1 2 e 23 0 0 0 0 1 e 17KaCaKaTa.567      
7587.328900 0.001000   1.000e-03   25 4 0 0 1 2 e 24 0 0 0 0 1 e 17KaCaKaTa.568      
7587.946000 0.001000   1.000e-03   26 4 0 0 1 2 e 25 0 0 0 0 1 e 17KaCaKaTa.569      
7588.559700 0.001000   1.000e-03   27 4 0 0 1 2 e 26 0 0 0 0 1 e 17KaCaKaTa.570      
7589.776800 0.001000   1.000e-03   29 4 0 0 1 2 e 28 0 0 0 0 1 e 17KaCaKaTa.571      
7590.380300 0.001000   1.000e-03   30 4 0 0 1 2 e 29 0 0 0 0 1 e 17KaCaKaTa.572      
7590.981000 0.001000   1.000e-03   31 4 0 0 1 2 e 30 0 0 0 0 1 e 17KaCaKaTa.573      
7591.577600 0.001000   1.000e-03   32 4 0 0 1 2 e 31 0 0 0 0 1 e 17KaCaKaTa.574      
7592.761700 0.001000   1.000e-03   34 4 0 0 1 2 e 33 0 0 0 0 1 e 17KaCaKaTa.575      
7593.349300 0.001000   1.108e-03   35 4 0 0 1 2 e 34 0 0 0 0 1 e 17KaCaKaTa.576      
7593.932900 0.001000   1.000e-03   36 4 0 0 1 2 e 35 0 0 0 0 1 e 17KaCaKaTa.577      
7594.516000 0.001000   1.000e-03   37 4 0 0 1 2 e 36 0 0 0 0 1 e 17KaCaKaTa.578      
7595.093200 0.001000   1.417e-03   38 4 0 0 1 2 e 37 0 0 0 0 1 e 17KaCaKaTa.579      
7595.668300 0.001000   1.000e-03   39 4 0 0 1 2 e 38 0 0 0 0 1 e 17KaCaKaTa.580      
7596.241600 0.001000   1.000e-03   40 4 0 0 1 2 e 39 0 0 0 0 1 e 17KaCaKaTa.581      
7597.376700 0.001000   1.000e-03   42 4 0 0 1 2 e 41 0 0 0 0 1 e 17KaCaKaTa.582      
7597.940900 0.001000   1.014e-03   43 4 0 0 1 2 e 42 0 0 0 0 1 e 17KaCaKaTa.583      
7598.503300 0.001000   1.000e-03   44 4 0 0 1 2 e 43 0 0 0 0 1 e 17KaCaKaTa.584      
7599.062000 0.001000   1.000e-03   45 4 0 0 1 2 e 44 0 0 0 0 1 e 17KaCaKaTa.585      
7599.615000 0.001000   1.487e-03   46 4 0 0 1 2 e 45 0 0 0 0 1 e 17KaCaKaTa.586      
7600.171200 0.001000   1.000e-03   47 4 0 0 1 2 e 46 0 0 0 0 1 e 17KaCaKaTa.587      
7624.605900 0.001000   1.000e-03   19 2 1 1 2 3 e 18 0 0 0 0 1 e 17KaCaKaTa.588      
7625.116600 0.001000   1.000e-03   20 2 1 1 2 3 e 19 0 0 0 0 1 e 17KaCaKaTa.589      
7625.618900 0.001000   1.000e-03   21 2 1 1 2 3 e 20 0 0 0 0 1 e 17KaCaKaTa.590      
7626.593400 0.001000   1.000e-03   23 2 1 1 2 3 e 22 0 0 0 0 1 e 17KaCaKaTa.591      
7627.063200 0.001000   1.000e-03   24 2 1 1 2 3 e 23 0 0 0 0 1 e 17KaCaKaTa.592      
7627.970300 0.001000   1.000e-03   26 2 1 1 2 3 e 25 0 0 0 0 1 e 17KaCaKaTa.593      
7628.408700 0.001000   1.000e-03   27 2 1 1 2 3 e 26 0 0 0 0 1 e 17KaCaKaTa.594      
7064.644000 0.001000   1.000e-03   13 4 1 1 1 5 e 12 0 1 1 0 1 e 17KaCaKaTa.595      
7065.290900 0.001000   1.000e-03   14 4 1 1 1 5 e 13 0 1 1 0 1 e 17KaCaKaTa.596      
7066.571400 0.001000   1.000e-03   16 4 1 1 1 5 e 15 0 1 1 0 1 e 17KaCaKaTa.597      
7060.027700 0.001000   1.000e-03   6 4 1 1 1 5 f  5 0 1 1 0 1 f  17KaCaKaTa.598      
7066.217300 0.001000   1.000e-03   15 4 1 1 1 5 f 14 0 1 1 0 1 f 17KaCaKaTa.599      
7066.894100 0.001000   1.000e-03   16 4 1 1 1 5 f 15 0 1 1 0 1 f 17KaCaKaTa.600      
7069.561600 0.001000   1.000e-03   20 4 1 1 1 5 f 19 0 1 1 0 1 f 17KaCaKaTa.601      
7070.221500 0.001000   1.000e-03   21 4 1 1 1 5 f 20 0 1 1 0 1 f 17KaCaKaTa.602      
7072.186100 0.001000   1.000e-03   24 4 1 1 1 5 f 23 0 1 1 0 1 f 17KaCaKaTa.603      
7075.395700 0.001000   1.712e-03   29 4 1 1 1 5 f 28 0 1 1 0 1 f 17KaCaKaTa.604      
7077.908500 0.001000   1.000e-03   33 4 1 1 1 5 f 32 0 1 1 0 1 f 17KaCaKaTa.605      
7768.892600 0.001000   1.000e-03   8 2 1 1 2 2 e  7 0 0 0 0 1 e  17KaCaKaTa.606      
7770.699400 0.001000   1.000e-03   11 2 1 1 2 2 e 10 0 0 0 0 1 e 17KaCaKaTa.607      
7771.280300 0.001000   1.000e-03   12 2 1 1 2 2 e 11 0 0 0 0 1 e 17KaCaKaTa.608      
7771.850800 0.001000   1.000e-03   13 2 1 1 2 2 e 12 0 0 0 0 1 e 17KaCaKaTa.609      
7772.409300 0.001000   1.000e-03   14 2 1 1 2 2 e 13 0 0 0 0 1 e 17KaCaKaTa.610      
7772.955300 0.001000   1.000e-03   15 2 1 1 2 2 e 14 0 0 0 0 1 e 17KaCaKaTa.611      
7773.490000 0.001000   1.000e-03   16 2 1 1 2 2 e 15 0 0 0 0 1 e 17KaCaKaTa.612      
7774.014200 0.001000   1.000e-03   17 2 1 1 2 2 e 16 0 0 0 0 1 e 17KaCaKaTa.613      
7774.528700 0.001000   1.000e-03   18 2 1 1 2 2 e 17 0 0 0 0 1 e 17KaCaKaTa.614      
7775.032800 0.001000   1.000e-03   19 2 1 1 2 2 e 18 0 0 0 0 1 e 17KaCaKaTa.615      
7775.526300 0.001000   1.000e-03   20 2 1 1 2 2 e 19 0 0 0 0 1 e 17KaCaKaTa.616      
7776.005500 0.001000   1.000e-03   21 2 1 1 2 2 e 20 0 0 0 0 1 e 17KaCaKaTa.617      
7776.477600 0.001000   1.000e-03   22 2 1 1 2 2 e 21 0 0 0 0 1 e 17KaCaKaTa.618      
7776.934500 0.001000   1.000e-03   23 2 1 1 2 2 e 22 0 0 0 0 1 e 17KaCaKaTa.619      
7777.383900 0.001000   1.000e-03   24 2 1 1 2 2 e 23 0 0 0 0 1 e 17KaCaKaTa.620      
7777.820700 0.001000   1.000e-03   25 2 1 1 2 2 e 24 0 0 0 0 1 e 17KaCaKaTa.621      
7778.249700 0.001000   1.000e-03   26 2 1 1 2 2 e 25 0 0 0 0 1 e 17KaCaKaTa.622      
7778.663000 0.001000   1.000e-03   27 2 1 1 2 2 e 26 0 0 0 0 1 e 17KaCaKaTa.623      
7779.460300 0.001000   1.000e-03   29 2 1 1 2 2 e 28 0 0 0 0 1 e 17KaCaKaTa.624      
7779.844500 0.001000   1.000e-03   30 2 1 1 2 2 e 29 0 0 0 0 1 e 17KaCaKaTa.625      
7780.215500 0.001000   1.000e-03   31 2 1 1 2 2 e 30 0 0 0 0 1 e 17KaCaKaTa.626      
7780.926000 0.001000   1.000e-03   33 2 1 1 2 2 e 32 0 0 0 0 1 e 17KaCaKaTa.627      
7784.278900 0.001000   1.000e-03   45 2 1 1 2 2 e 44 0 0 0 0 1 e 17KaCaKaTa.628      
7784.487100 0.001000   1.000e-03   46 2 1 1 2 2 e 45 0 0 0 0 1 e 17KaCaKaTa.629      
7791.542500 0.001000   1.000e-03   10 4 0 0 1 1 e 9 0 0 0 0 1 e  17KaCaKaTa.630      
7793.636100 0.001000   1.105e-03   13 4 0 0 1 1 e 12 0 0 0 0 1 e 17KaCaKaTa.631      
7794.327500 0.001000   1.000e-03   14 4 0 0 1 1 e 13 0 0 0 0 1 e 17KaCaKaTa.632      
7795.021700 0.001000   1.000e-03   15 4 0 0 1 1 e 14 0 0 0 0 1 e 17KaCaKaTa.633      
7795.713200 0.001000   1.000e-03   16 4 0 0 1 1 e 15 0 0 0 0 1 e 17KaCaKaTa.634      
7797.092500 0.001000   1.000e-03   18 4 0 0 1 1 e 17 0 0 0 0 1 e 17KaCaKaTa.635      
7797.780700 0.001000   1.000e-03   19 4 0 0 1 1 e 18 0 0 0 0 1 e 17KaCaKaTa.636      
7799.154400 0.001000   1.000e-03   21 4 0 0 1 1 e 20 0 0 0 0 1 e 17KaCaKaTa.637      
7799.839800 0.001000   1.000e-03   22 4 0 0 1 1 e 21 0 0 0 0 1 e 17KaCaKaTa.638      
7800.523600 0.001000   1.000e-03   23 4 0 0 1 1 e 22 0 0 0 0 1 e 17KaCaKaTa.639      
7801.887400 0.001000   1.000e-03   25 4 0 0 1 1 e 24 0 0 0 0 1 e 17KaCaKaTa.640      
7803.249900 0.001000   1.000e-03   27 4 0 0 1 1 e 26 0 0 0 0 1 e 17KaCaKaTa.641      
7804.608700 0.001000   1.000e-03   29 4 0 0 1 1 e 28 0 0 0 0 1 e 17KaCaKaTa.642      
7805.965400 0.001000   1.000e-03   31 4 0 0 1 1 e 30 0 0 0 0 1 e 17KaCaKaTa.643      
7806.640600 0.001000   1.000e-03   32 4 0 0 1 1 e 31 0 0 0 0 1 e 17KaCaKaTa.644      
7808.670200 0.001000   1.000e-03   35 4 0 0 1 1 e 34 0 0 0 0 1 e 17KaCaKaTa.645      
7234.495600 0.001000   1.000e-03   7 4 1 1 1 4 e  6 0 1 1 0 1 e  17KaCaKaTa.646      
7237.072300 0.001000   1.000e-03   11 4 1 1 1 4 e 10 0 1 1 0 1 e 17KaCaKaTa.647      
7237.696200 0.001000   1.000e-03   12 4 1 1 1 4 e 11 0 1 1 0 1 e 17KaCaKaTa.648      
7238.313900 0.001000   1.000e-03   13 4 1 1 1 4 e 12 0 1 1 0 1 e 17KaCaKaTa.649      
7238.926100 0.001000   1.000e-03   14 4 1 1 1 4 e 13 0 1 1 0 1 e 17KaCaKaTa.650      
7239.526200 0.001000   1.000e-03   15 4 1 1 1 4 e 14 0 1 1 0 1 e 17KaCaKaTa.651      
7240.120800 0.001000   1.000e-03   16 4 1 1 1 4 e 15 0 1 1 0 1 e 17KaCaKaTa.652      
7240.709100 0.001000   1.000e-03   17 4 1 1 1 4 e 16 0 1 1 0 1 e 17KaCaKaTa.653      
7241.289800 0.001000   1.000e-03   18 4 1 1 1 4 e 17 0 1 1 0 1 e 17KaCaKaTa.654      
7241.861900 0.001000   1.000e-03   19 4 1 1 1 4 e 18 0 1 1 0 1 e 17KaCaKaTa.655      
7243.536000 0.001000   1.000e-03   22 4 1 1 1 4 e 21 0 1 1 0 1 e 17KaCaKaTa.656      
7244.078600 0.001000   1.000e-03   23 4 1 1 1 4 e 22 0 1 1 0 1 e 17KaCaKaTa.657      
7244.613800 0.001000   1.000e-03   24 4 1 1 1 4 e 23 0 1 1 0 1 e 17KaCaKaTa.658      
7245.663600 0.001000   1.000e-03   26 4 1 1 1 4 e 25 0 1 1 0 1 e 17KaCaKaTa.659      
7246.175700 0.001000   1.000e-03   27 4 1 1 1 4 e 26 0 1 1 0 1 e 17KaCaKaTa.660      
7246.681200 0.001000   1.000e-03   28 4 1 1 1 4 e 27 0 1 1 0 1 e 17KaCaKaTa.661      
7247.175500 0.001000   1.000e-03   29 4 1 1 1 4 e 28 0 1 1 0 1 e 17KaCaKaTa.662      
7247.668300 0.001000   1.000e-03   30 4 1 1 1 4 e 29 0 1 1 0 1 e 17KaCaKaTa.663      
7248.628200 0.001000   1.000e-03   32 4 1 1 1 4 e 31 0 1 1 0 1 e 17KaCaKaTa.664      
7249.095900 0.001000   1.000e-03   33 4 1 1 1 4 e 32 0 1 1 0 1 e 17KaCaKaTa.665      
7249.556300 0.001000   1.000e-03   34 4 1 1 1 4 e 33 0 1 1 0 1 e 17KaCaKaTa.666      
7250.454300 0.001000   1.000e-03   36 4 1 1 1 4 e 35 0 1 1 0 1 e 17KaCaKaTa.667      
7250.893800 0.001000   1.000e-03   37 4 1 1 1 4 e 36 0 1 1 0 1 e 17KaCaKaTa.668      
7251.743600 0.001000   1.000e-03   39 4 1 1 1 4 e 38 0 1 1 0 1 e 17KaCaKaTa.669      
7252.157300 0.001000   1.000e-03   40 4 1 1 1 4 e 39 0 1 1 0 1 e 17KaCaKaTa.670      
7252.963000 0.001000   1.000e-03   42 4 1 1 1 4 e 41 0 1 1 0 1 e 17KaCaKaTa.671      
7253.357900 0.001000   1.000e-03   43 4 1 1 1 4 e 42 0 1 1 0 1 e 17KaCaKaTa.672      
7253.740200 0.001000   1.000e-03   44 4 1 1 1 4 e 43 0 1 1 0 1 e 17KaCaKaTa.673      
7254.845100 0.001000   1.000e-03   47 4 1 1 1 4 e 46 0 1 1 0 1 e 17KaCaKaTa.674      
7256.210100 0.001000   1.000e-03   51 4 1 1 1 4 e 50 0 1 1 0 1 e 17KaCaKaTa.675      
7234.550700 0.001000   1.000e-03   7 4 1 1 1 4 f  6 0 1 1 0 1 f  17KaCaKaTa.676      
7235.883900 0.001000   1.000e-03   9 4 1 1 1 4 f  8 0 1 1 0 1 f  17KaCaKaTa.677      
7236.540900 0.001000   1.000e-03   10 4 1 1 1 4 f 9 0 1 1 0 1 f  17KaCaKaTa.678      
7237.189400 0.001000   1.000e-03   11 4 1 1 1 4 f 10 0 1 1 0 1 f 17KaCaKaTa.679      
7237.838900 0.001000   1.000e-03   12 4 1 1 1 4 f 11 0 1 1 0 1 f 17KaCaKaTa.680      
7239.114000 0.001000   1.000e-03   14 4 1 1 1 4 f 13 0 1 1 0 1 f 17KaCaKaTa.681      
7239.741900 0.001000   1.000e-03   15 4 1 1 1 4 f 14 0 1 1 0 1 f 17KaCaKaTa.682      
7240.983800 0.001000   1.000e-03   17 4 1 1 1 4 f 16 0 1 1 0 1 f 17KaCaKaTa.683      
7242.797700 0.001000   1.000e-03   20 4 1 1 1 4 f 19 0 1 1 0 1 f 17KaCaKaTa.684      
7243.390000 0.001000   1.051e-03   21 4 1 1 1 4 f 20 0 1 1 0 1 f 17KaCaKaTa.685      
7245.139200 0.001000   1.291e-03   24 4 1 1 1 4 f 23 0 1 1 0 1 f 17KaCaKaTa.686      
7246.270100 0.001000   1.000e-03   26 4 1 1 1 4 f 25 0 1 1 0 1 f 17KaCaKaTa.687      
7246.828700 0.001000   1.000e-03   27 4 1 1 1 4 f 26 0 1 1 0 1 f 17KaCaKaTa.688      
7247.380600 0.001000   1.000e-03   28 4 1 1 1 4 f 27 0 1 1 0 1 f 17KaCaKaTa.689      
7247.926600 0.001000   1.000e-03   29 4 1 1 1 4 f 28 0 1 1 0 1 f 17KaCaKaTa.690      
7248.467500 0.001000   1.000e-03   30 4 1 1 1 4 f 29 0 1 1 0 1 f 17KaCaKaTa.691      
7249.003400 0.001000   1.000e-03   31 4 1 1 1 4 f 30 0 1 1 0 1 f 17KaCaKaTa.692      
7249.530900 0.001000   1.000e-03   32 4 1 1 1 4 f 31 0 1 1 0 1 f 17KaCaKaTa.693      
7250.051900 0.001000   1.000e-03   33 4 1 1 1 4 f 32 0 1 1 0 1 f 17KaCaKaTa.694      
7250.569200 0.001000   1.000e-03   34 4 1 1 1 4 f 33 0 1 1 0 1 f 17KaCaKaTa.695      
7251.077700 0.001000   1.000e-03   35 4 1 1 1 4 f 34 0 1 1 0 1 f 17KaCaKaTa.696      
7251.583200 0.001000   1.000e-03   36 4 1 1 1 4 f 35 0 1 1 0 1 f 17KaCaKaTa.697      
7252.081900 0.001000   1.000e-03   37 4 1 1 1 4 f 36 0 1 1 0 1 f 17KaCaKaTa.698      
7252.571100 0.001000   1.510e-03   38 4 1 1 1 4 f 37 0 1 1 0 1 f 17KaCaKaTa.699      
7255.845500 0.001000   1.000e-03   45 4 1 1 1 4 f 44 0 1 1 0 1 f 17KaCaKaTa.700      
7257.153800 0.001000   1.000e-03   48 4 1 1 1 4 f 47 0 1 1 0 1 f 17KaCaKaTa.701      
7400.786600 0.001000   1.000e-03   4 4 1 1 1 3 e  3 0 1 1 0 1 e  17KaCaKaTa.702      
7402.136400 0.001000   1.000e-03   6 4 1 1 1 3 e  5 0 1 1 0 1 e  17KaCaKaTa.703      
7402.803400 0.001000   1.297e-03   7 4 1 1 1 3 e  6 0 1 1 0 1 e  17KaCaKaTa.704      
7403.460800 0.001000   1.000e-03   8 4 1 1 1 3 e  7 0 1 1 0 1 e  17KaCaKaTa.705      
7404.110700 0.001000   1.000e-03   9 4 1 1 1 3 e  8 0 1 1 0 1 e  17KaCaKaTa.706      
7404.752200 0.001000   1.000e-03   10 4 1 1 1 3 e 9 0 1 1 0 1 e  17KaCaKaTa.707      
7406.638000 0.001000   1.000e-03   13 4 1 1 1 3 e 12 0 1 1 0 1 e 17KaCaKaTa.708      
7407.252000 0.001000   1.000e-03   14 4 1 1 1 3 e 13 0 1 1 0 1 e 17KaCaKaTa.709      
7407.859500 0.001000   1.000e-03   15 4 1 1 1 3 e 14 0 1 1 0 1 e 17KaCaKaTa.710      
7408.459200 0.001000   1.000e-03   16 4 1 1 1 3 e 15 0 1 1 0 1 e 17KaCaKaTa.711      
7409.051800 0.001000   1.000e-03   17 4 1 1 1 3 e 16 0 1 1 0 1 e 17KaCaKaTa.712      
7410.215500 0.001000   1.000e-03   19 4 1 1 1 3 e 18 0 1 1 0 1 e 17KaCaKaTa.713      
7410.786900 0.001000   1.000e-03   20 4 1 1 1 3 e 19 0 1 1 0 1 e 17KaCaKaTa.714      
7411.906700 0.001000   1.000e-03   22 4 1 1 1 3 e 21 0 1 1 0 1 e 17KaCaKaTa.715      
7414.063500 0.001000   1.000e-03   26 4 1 1 1 3 e 25 0 1 1 0 1 e 17KaCaKaTa.716      
7415.097700 0.001000   1.312e-03   28 4 1 1 1 3 e 27 0 1 1 0 1 e 17KaCaKaTa.717      
7416.104400 0.001000   1.000e-03   30 4 1 1 1 3 e 29 0 1 1 0 1 e 17KaCaKaTa.718      
7416.596600 0.001000   1.000e-03   31 4 1 1 1 3 e 30 0 1 1 0 1 e 17KaCaKaTa.719      
7418.495200 0.001000   1.000e-03   35 4 1 1 1 3 e 34 0 1 1 0 1 e 17KaCaKaTa.720      
7418.951600 0.001000   1.000e-03   36 4 1 1 1 3 e 35 0 1 1 0 1 e 17KaCaKaTa.721      
7419.403300 0.001000   1.000e-03   37 4 1 1 1 3 e 36 0 1 1 0 1 e 17KaCaKaTa.722      
7420.281600 0.001000   1.000e-03   39 4 1 1 1 3 e 38 0 1 1 0 1 e 17KaCaKaTa.723      
7400.808300 0.001000   1.000e-03   4 4 1 1 1 3 f  3 0 1 1 0 1 f  17KaCaKaTa.724      
7401.497800 0.001000   1.000e-03   5 4 1 1 1 3 f  4 0 1 1 0 1 f  17KaCaKaTa.725      
7403.530000 0.001000   1.000e-03   8 4 1 1 1 3 f  7 0 1 1 0 1 f  17KaCaKaTa.726      
7404.197700 0.001000   1.000e-03   9 4 1 1 1 3 f  8 0 1 1 0 1 f  17KaCaKaTa.727      
7404.856600 0.001000   1.260e-03   10 4 1 1 1 3 f 9 0 1 1 0 1 f  17KaCaKaTa.728      
7406.164200 0.001000   1.000e-03   12 4 1 1 1 3 f 11 0 1 1 0 1 f 17KaCaKaTa.729      
7406.809600 0.001000   1.000e-03   13 4 1 1 1 3 f 12 0 1 1 0 1 f 17KaCaKaTa.730      
7407.448900 0.001000   1.000e-03   14 4 1 1 1 3 f 13 0 1 1 0 1 f 17KaCaKaTa.731      
7408.083100 0.001000   1.000e-03   15 4 1 1 1 3 f 14 0 1 1 0 1 f 17KaCaKaTa.732      
7409.334600 0.001000   1.000e-03   17 4 1 1 1 3 f 16 0 1 1 0 1 f 17KaCaKaTa.733      
7409.952700 0.001000   1.000e-03   18 4 1 1 1 3 f 17 0 1 1 0 1 f 17KaCaKaTa.734      
7410.564800 0.001000   1.000e-03   19 4 1 1 1 3 f 18 0 1 1 0 1 f 17KaCaKaTa.735      
7411.172100 0.001000   1.000e-03   20 4 1 1 1 3 f 19 0 1 1 0 1 f 17KaCaKaTa.736      
7412.369100 0.001000   1.000e-03   22 4 1 1 1 3 f 21 0 1 1 0 1 f 17KaCaKaTa.737      
7414.125200 0.001000   1.000e-03   25 4 1 1 1 3 f 24 0 1 1 0 1 f 17KaCaKaTa.738      
7415.269900 0.001000   1.187e-03   27 4 1 1 1 3 f 26 0 1 1 0 1 f 17KaCaKaTa.739      
7415.830500 0.001000   1.000e-03   28 4 1 1 1 3 f 27 0 1 1 0 1 f 17KaCaKaTa.740      
7416.390800 0.001000   1.000e-03   29 4 1 1 1 3 f 28 0 1 1 0 1 f 17KaCaKaTa.741      
7416.943300 0.001000   1.000e-03   30 4 1 1 1 3 f 29 0 1 1 0 1 f 17KaCaKaTa.742      
7418.571100 0.001000   1.000e-03   33 4 1 1 1 3 f 32 0 1 1 0 1 f 17KaCaKaTa.743      
7419.626300 0.001000   1.000e-03   35 4 1 1 1 3 f 34 0 1 1 0 1 f 17KaCaKaTa.744      
7423.642800 0.001000   1.000e-03   43 4 1 1 1 3 f 42 0 1 1 0 1 f 17KaCaKaTa.745      
7598.277900 0.001000   1.000e-03   8 4 1 1 1 2 e  7 0 1 1 0 1 e  17KaCaKaTa.746      
7602.194700 0.001000   1.000e-03   14 4 1 1 1 2 e 13 0 1 1 0 1 e 17KaCaKaTa.747      
7603.454800 0.001000   1.000e-03   16 4 1 1 1 2 e 15 0 1 1 0 1 e 17KaCaKaTa.748      
7605.310100 0.001000   1.119e-03   19 4 1 1 1 2 e 18 0 1 1 0 1 e 17KaCaKaTa.749      
7612.787200 0.001000   1.000e-03   32 4 1 1 1 2 e 31 0 1 1 0 1 e 17KaCaKaTa.750      
7599.730600 0.001000   1.000e-03   10 4 1 1 1 2 f 9 0 1 1 0 1 f  17KaCaKaTa.751      
7604.425100 0.001000   1.387e-03   17 4 1 1 1 2 f 16 0 1 1 0 1 f 17KaCaKaTa.752      
7611.492700 0.001000   1.000e-03   28 4 1 1 1 2 f 27 0 1 1 0 1 f 17KaCaKaTa.753      
7612.735000 0.001000   1.000e-03   30 4 1 1 1 2 f 29 0 1 1 0 1 f 17KaCaKaTa.754      
7615.795600 0.001000   1.000e-03   35 4 1 1 1 2 f 34 0 1 1 0 1 f 17KaCaKaTa.755      
7215.865200 0.001000   1.000e-03   5 5 0 0 1 5 e  4 1 0 0 0 2 e  17KaCaKaTa.756      
7217.879000 0.001000   1.251e-03   8 5 0 0 1 5 e  7 1 0 0 0 2 e  17KaCaKaTa.757      
7219.186400 0.001000   1.000e-03   10 5 0 0 1 5 e 9 1 0 0 0 2 e  17KaCaKaTa.758      
7220.473200 0.001000   1.000e-03   12 5 0 0 1 5 e 11 1 0 0 0 2 e 17KaCaKaTa.759      
7224.173300 0.001000   1.000e-03   18 5 0 0 1 5 e 17 1 0 0 0 2 e 17KaCaKaTa.760      
7226.509300 0.001000   1.000e-03   22 5 0 0 1 5 e 21 1 0 0 0 2 e 17KaCaKaTa.761      
5824.617940 0.001000   1.000e-03   0 1 0 0 2 2 e  1 0 0 0 0 1 e  18KaCeMoKa.1        
5823.892480 0.001000   1.000e-03   1 1 0 0 2 2 e  2 0 0 0 0 1 e  18KaCeMoKa.2        
5823.156330 0.001000   1.000e-03   2 1 0 0 2 2 e  3 0 0 0 0 1 e  18KaCeMoKa.3        
5822.408640 0.001000   1.000e-03   3 1 0 0 2 2 e  4 0 0 0 0 1 e  18KaCeMoKa.4        
5821.649640 0.001000   1.000e-03   4 1 0 0 2 2 e  5 0 0 0 0 1 e  18KaCeMoKa.5        
5820.097520 0.001000   1.000e-03   6 1 0 0 2 2 e  7 0 0 0 0 1 e  18KaCeMoKa.6        
5819.304220 0.001000   1.000e-03   7 1 0 0 2 2 e  8 0 0 0 0 1 e  18KaCeMoKa.7        
5817.683910 0.001000   1.000e-03   9 1 0 0 2 2 e  10 0 0 0 0 1 e 18KaCeMoKa.8        
5816.857370 0.001000   1.000e-03   10 1 0 0 2 2 e 11 0 0 0 0 1 e 18KaCeMoKa.9        
5816.018710 0.001000   1.000e-03   11 1 0 0 2 2 e 12 0 0 0 0 1 e 18KaCeMoKa.10       
5815.170460 0.001000   1.302e-03   12 1 0 0 2 2 e 13 0 0 0 0 1 e 18KaCeMoKa.11       
5814.308600 0.001000   1.000e-03   13 1 0 0 2 2 e 14 0 0 0 0 1 e 18KaCeMoKa.12       
5813.436980 0.001000   1.000e-03   14 1 0 0 2 2 e 15 0 0 0 0 1 e 18KaCeMoKa.13       
5812.552730 0.001000   1.000e-03   15 1 0 0 2 2 e 16 0 0 0 0 1 e 18KaCeMoKa.14       
5811.658080 0.001000   1.000e-03   16 1 0 0 2 2 e 17 0 0 0 0 1 e 18KaCeMoKa.15       
5810.750400 0.001000   1.549e-03   17 1 0 0 2 2 e 18 0 0 0 0 1 e 18KaCeMoKa.16       
5806.052320 0.001000   1.000e-03   22 1 0 0 2 2 e 23 0 0 0 0 1 e 18KaCeMoKa.17       
5805.078140 0.001000   1.000e-03   23 1 0 0 2 2 e 24 0 0 0 0 1 e 18KaCeMoKa.18       
5804.092090 0.001000   1.000e-03   24 1 0 0 2 2 e 25 0 0 0 0 1 e 18KaCeMoKa.19       
5803.095140 0.001000   1.000e-03   25 1 0 0 2 2 e 26 0 0 0 0 1 e 18KaCeMoKa.20       
5801.067460 0.001000   1.000e-03   27 1 0 0 2 2 e 28 0 0 0 0 1 e 18KaCeMoKa.21       
5800.036310 0.001000   1.000e-03   28 1 0 0 2 2 e 29 0 0 0 0 1 e 18KaCeMoKa.22       
5798.993770 0.001000   1.000e-03   29 1 0 0 2 2 e 30 0 0 0 0 1 e 18KaCeMoKa.23       
5797.939890 0.001000   1.000e-03   30 1 0 0 2 2 e 31 0 0 0 0 1 e 18KaCeMoKa.24       
5796.875030 0.001000   1.000e-03   31 1 0 0 2 2 e 32 0 0 0 0 1 e 18KaCeMoKa.25       
5795.798140 0.001000   1.000e-03   32 1 0 0 2 2 e 33 0 0 0 0 1 e 18KaCeMoKa.26       
5792.500140 0.001000   1.000e-03   35 1 0 0 2 2 e 36 0 0 0 0 1 e 18KaCeMoKa.27       
5791.377680 0.001000   1.000e-03   36 1 0 0 2 2 e 37 0 0 0 0 1 e 18KaCeMoKa.28       
5790.243490 0.001000   1.000e-03   37 1 0 0 2 2 e 38 0 0 0 0 1 e 18KaCeMoKa.29       
5789.098380 0.001000   1.000e-03   38 1 0 0 2 2 e 39 0 0 0 0 1 e 18KaCeMoKa.30       
5787.941530 0.001000   1.000e-03   39 1 0 0 2 2 e 40 0 0 0 0 1 e 18KaCeMoKa.31       
5786.773110 0.001000   1.000e-03   40 1 0 0 2 2 e 41 0 0 0 0 1 e 18KaCeMoKa.32       
5785.593180 0.001000   1.000e-03   41 1 0 0 2 2 e 42 0 0 0 0 1 e 18KaCeMoKa.33       
5784.399760 0.001000   1.616e-03   42 1 0 0 2 2 e 43 0 0 0 0 1 e 18KaCeMoKa.34       
5783.199050 0.001000   1.000e-03   43 1 0 0 2 2 e 44 0 0 0 0 1 e 18KaCeMoKa.35       
5781.984420 0.001000   1.000e-03   44 1 0 0 2 2 e 45 0 0 0 0 1 e 18KaCeMoKa.36       
5780.758540 0.001000   1.000e-03   45 1 0 0 2 2 e 46 0 0 0 0 1 e 18KaCeMoKa.37       
5779.520900 0.001000   1.000e-03   46 1 0 0 2 2 e 47 0 0 0 0 1 e 18KaCeMoKa.38       
5778.271210 0.001000   1.000e-03   47 1 0 0 2 2 e 48 0 0 0 0 1 e 18KaCeMoKa.39       
5777.010550 0.001000   1.000e-03   48 1 0 0 2 2 e 49 0 0 0 0 1 e 18KaCeMoKa.40       
5775.738000 0.001000   1.000e-03   49 1 0 0 2 2 e 50 0 0 0 0 1 e 18KaCeMoKa.41       
5774.453640 0.001000   1.000e-03   50 1 0 0 2 2 e 51 0 0 0 0 1 e 18KaCeMoKa.42       
5773.157390 0.001000   1.000e-03   51 1 0 0 2 2 e 52 0 0 0 0 1 e 18KaCeMoKa.43       
5771.850420 0.001000   1.000e-03   52 1 0 0 2 2 e 53 0 0 0 0 1 e 18KaCeMoKa.44       
5770.531130 0.001000   1.000e-03   53 1 0 0 2 2 e 54 0 0 0 0 1 e 18KaCeMoKa.45       
5769.200290 0.001000   1.000e-03   54 1 0 0 2 2 e 55 0 0 0 0 1 e 18KaCeMoKa.46       
5767.857680 0.001000   1.000e-03   55 1 0 0 2 2 e 56 0 0 0 0 1 e 18KaCeMoKa.47       
5766.503700 0.001000   1.000e-03   56 1 0 0 2 2 e 57 0 0 0 0 1 e 18KaCeMoKa.48       
5765.136630 0.001000   1.000e-03   57 1 0 0 2 2 e 58 0 0 0 0 1 e 18KaCeMoKa.49       
5763.759720 0.001000   1.000e-03   58 1 0 0 2 2 e 59 0 0 0 0 1 e 18KaCeMoKa.50       
5762.369610 0.001000   1.000e-03   59 1 0 0 2 2 e 60 0 0 0 0 1 e 18KaCeMoKa.51       
5760.967630 0.001000   1.000e-03   60 1 0 0 2 2 e 61 0 0 0 0 1 e 18KaCeMoKa.52       
5759.555340 0.001000   1.000e-03   61 1 0 0 2 2 e 62 0 0 0 0 1 e 18KaCeMoKa.53       
5758.129840 0.001000   1.000e-03   62 1 0 0 2 2 e 63 0 0 0 0 1 e 18KaCeMoKa.54       
5756.692810 0.001000   1.000e-03   63 1 0 0 2 2 e 64 0 0 0 0 1 e 18KaCeMoKa.55       
5752.310870 0.001000   1.000e-03   66 1 0 0 2 2 e 67 0 0 0 0 1 e 18KaCeMoKa.56       
5747.820610 0.001000   1.000e-03   69 1 0 0 2 2 e 70 0 0 0 0 1 e 18KaCeMoKa.57       
5779.699030 0.001000   1.000e-03   1 1 1 1 2 2 e  2 0 1 1 0 1 e  18KaCeMoKa.58       
5778.214100 0.001000   1.000e-03   3 1 1 1 2 2 e  4 0 1 1 0 1 e  18KaCeMoKa.59       
5776.684370 0.001000   1.000e-03   5 1 1 1 2 2 e  6 0 1 1 0 1 e  18KaCeMoKa.60       
5773.488870 0.001000   1.000e-03   9 1 1 1 2 2 e  10 0 1 1 0 1 e 18KaCeMoKa.61       
5771.825710 0.001000   1.000e-03   11 1 1 1 2 2 e 12 0 1 1 0 1 e 18KaCeMoKa.62       
5770.116340 0.001000   1.000e-03   13 1 1 1 2 2 e 14 0 1 1 0 1 e 18KaCeMoKa.63       
5769.245380 0.001000   1.000e-03   14 1 1 1 2 2 e 15 0 1 1 0 1 e 18KaCeMoKa.64       
5768.362050 0.001000   1.000e-03   15 1 1 1 2 2 e 16 0 1 1 0 1 e 18KaCeMoKa.65       
5767.468300 0.001000   1.000e-03   16 1 1 1 2 2 e 17 0 1 1 0 1 e 18KaCeMoKa.66       
5766.562920 0.001000   1.000e-03   17 1 1 1 2 2 e 18 0 1 1 0 1 e 18KaCeMoKa.67       
5765.646680 0.001000   1.000e-03   18 1 1 1 2 2 e 19 0 1 1 0 1 e 18KaCeMoKa.68       
5764.719450 0.001000   1.000e-03   19 1 1 1 2 2 e 20 0 1 1 0 1 e 18KaCeMoKa.69       
5763.780450 0.001000   1.000e-03   20 1 1 1 2 2 e 21 0 1 1 0 1 e 18KaCeMoKa.70       
5762.831000 0.001000   1.000e-03   21 1 1 1 2 2 e 22 0 1 1 0 1 e 18KaCeMoKa.71       
5761.869780 0.001000   1.000e-03   22 1 1 1 2 2 e 23 0 1 1 0 1 e 18KaCeMoKa.72       
5760.897450 0.001000   1.000e-03   23 1 1 1 2 2 e 24 0 1 1 0 1 e 18KaCeMoKa.73       
5759.914430 0.001000   1.000e-03   24 1 1 1 2 2 e 25 0 1 1 0 1 e 18KaCeMoKa.74       
5757.913910 0.001000   1.000e-03   26 1 1 1 2 2 e 27 0 1 1 0 1 e 18KaCeMoKa.75       
5756.897290 0.001000   1.000e-03   27 1 1 1 2 2 e 28 0 1 1 0 1 e 18KaCeMoKa.76       
5755.867700 0.001000   1.000e-03   28 1 1 1 2 2 e 29 0 1 1 0 1 e 18KaCeMoKa.77       
5754.828550 0.001000   1.000e-03   29 1 1 1 2 2 e 30 0 1 1 0 1 e 18KaCeMoKa.78       
5753.778410 0.001000   1.000e-03   30 1 1 1 2 2 e 31 0 1 1 0 1 e 18KaCeMoKa.79       
5752.716870 0.001000   1.000e-03   31 1 1 1 2 2 e 32 0 1 1 0 1 e 18KaCeMoKa.80       
5751.643930 0.001000   1.000e-03   32 1 1 1 2 2 e 33 0 1 1 0 1 e 18KaCeMoKa.81       
5749.463320 0.001000   1.000e-03   34 1 1 1 2 2 e 35 0 1 1 0 1 e 18KaCeMoKa.82       
5748.356090 0.001000   1.000e-03   35 1 1 1 2 2 e 36 0 1 1 0 1 e 18KaCeMoKa.83       
5747.237770 0.001000   1.000e-03   36 1 1 1 2 2 e 37 0 1 1 0 1 e 18KaCeMoKa.84       
5744.968060 0.001000   1.000e-03   38 1 1 1 2 2 e 39 0 1 1 0 1 e 18KaCeMoKa.85       
5743.815620 0.001000   1.000e-03   39 1 1 1 2 2 e 40 0 1 1 0 1 e 18KaCeMoKa.86       
5742.652370 0.001000   1.000e-03   40 1 1 1 2 2 e 41 0 1 1 0 1 e 18KaCeMoKa.87       
5740.291270 0.001000   1.000e-03   42 1 1 1 2 2 e 43 0 1 1 0 1 e 18KaCeMoKa.88       
5739.094000 0.001000   1.000e-03   43 1 1 1 2 2 e 44 0 1 1 0 1 e 18KaCeMoKa.89       
5736.666740 0.001000   1.000e-03   45 1 1 1 2 2 e 46 0 1 1 0 1 e 18KaCeMoKa.90       
5735.433290 0.001000   1.219e-03   46 1 1 1 2 2 e 47 0 1 1 0 1 e 18KaCeMoKa.91       
5734.192650 0.001000   1.000e-03   47 1 1 1 2 2 e 48 0 1 1 0 1 e 18KaCeMoKa.92       
5732.938010 0.001000   1.000e-03   48 1 1 1 2 2 e 49 0 1 1 0 1 e 18KaCeMoKa.93       
5727.811210 0.001000   1.486e-03   52 1 1 1 2 2 e 53 0 1 1 0 1 e 18KaCeMoKa.94       
5714.192880 0.001000   1.000e-03   62 1 1 1 2 2 e 63 0 1 1 0 1 e 18KaCeMoKa.95       
5712.767080 0.001000   1.000e-03   63 1 1 1 2 2 e 64 0 1 1 0 1 e 18KaCeMoKa.96       
5775.902840 0.001000   1.272e-03   6 1 1 1 2 2 f  7 0 1 1 0 1 f  18KaCeMoKa.97       
5775.110110 0.001000   1.138e-03   7 1 1 1 2 2 f  8 0 1 1 0 1 f  18KaCeMoKa.98       
5774.307340 0.001000   1.997e-03   8 1 1 1 2 2 f  9 0 1 1 0 1 f  18KaCeMoKa.99       
5773.496500 0.001000   1.000e-03   9 1 1 1 2 2 f  10 0 1 1 0 1 f 18KaCeMoKa.100      
5771.837310 0.001000   1.000e-03   11 1 1 1 2 2 f 12 0 1 1 0 1 f 18KaCeMoKa.101      
5770.991650 0.001000   1.000e-03   12 1 1 1 2 2 f 13 0 1 1 0 1 f 18KaCeMoKa.102      
5769.268350 0.001000   1.000e-03   14 1 1 1 2 2 f 15 0 1 1 0 1 f 18KaCeMoKa.103      
5768.389650 0.001000   1.000e-03   15 1 1 1 2 2 f 16 0 1 1 0 1 f 18KaCeMoKa.104      
5767.500750 0.001000   1.000e-03   16 1 1 1 2 2 f 17 0 1 1 0 1 f 18KaCeMoKa.105      
5766.600900 0.001000   1.000e-03   17 1 1 1 2 2 f 18 0 1 1 0 1 f 18KaCeMoKa.106      
5765.690150 0.001000   1.000e-03   18 1 1 1 2 2 f 19 0 1 1 0 1 f 18KaCeMoKa.107      
5764.768500 0.001000   1.000e-03   19 1 1 1 2 2 f 20 0 1 1 0 1 f 18KaCeMoKa.108      
5763.835990 0.001000   1.000e-03   20 1 1 1 2 2 f 21 0 1 1 0 1 f 18KaCeMoKa.109      
5762.893020 0.001000   1.000e-03   21 1 1 1 2 2 f 22 0 1 1 0 1 f 18KaCeMoKa.110      
5761.938870 0.001000   1.000e-03   22 1 1 1 2 2 f 23 0 1 1 0 1 f 18KaCeMoKa.111      
5760.973620 0.001000   1.000e-03   23 1 1 1 2 2 f 24 0 1 1 0 1 f 18KaCeMoKa.112      
5759.011250 0.001000   1.000e-03   25 1 1 1 2 2 f 26 0 1 1 0 1 f 18KaCeMoKa.113      
5758.013770 0.001000   1.000e-03   26 1 1 1 2 2 f 27 0 1 1 0 1 f 18KaCeMoKa.114      
5757.003960 0.001000   1.420e-03   27 1 1 1 2 2 f 28 0 1 1 0 1 f 18KaCeMoKa.115      
5754.955320 0.001000   1.000e-03   29 1 1 1 2 2 f 30 0 1 1 0 1 f 18KaCeMoKa.116      
5753.914350 0.001000   1.000e-03   30 1 1 1 2 2 f 31 0 1 1 0 1 f 18KaCeMoKa.117      
5752.862520 0.001000   1.000e-03   31 1 1 1 2 2 f 32 0 1 1 0 1 f 18KaCeMoKa.118      
5751.799610 0.001000   1.000e-03   32 1 1 1 2 2 f 33 0 1 1 0 1 f 18KaCeMoKa.119      
5750.725850 0.001000   1.000e-03   33 1 1 1 2 2 f 34 0 1 1 0 1 f 18KaCeMoKa.120      
5749.640790 0.001000   1.000e-03   34 1 1 1 2 2 f 35 0 1 1 0 1 f 18KaCeMoKa.121      
5748.544700 0.001000   1.000e-03   35 1 1 1 2 2 f 36 0 1 1 0 1 f 18KaCeMoKa.122      
5747.439580 0.001000   1.000e-03   36 1 1 1 2 2 f 37 0 1 1 0 1 f 18KaCeMoKa.123      
5746.321260 0.001000   1.000e-03   37 1 1 1 2 2 f 38 0 1 1 0 1 f 18KaCeMoKa.124      
5745.192540 0.001000   1.000e-03   38 1 1 1 2 2 f 39 0 1 1 0 1 f 18KaCeMoKa.125      
5744.051470 0.001000   1.000e-03   39 1 1 1 2 2 f 40 0 1 1 0 1 f 18KaCeMoKa.126      
5741.739840 0.001000   1.000e-03   41 1 1 1 2 2 f 42 0 1 1 0 1 f 18KaCeMoKa.127      
5739.384320 0.001000   1.000e-03   43 1 1 1 2 2 f 44 0 1 1 0 1 f 18KaCeMoKa.128      
5738.189350 0.001000   1.000e-03   44 1 1 1 2 2 f 45 0 1 1 0 1 f 18KaCeMoKa.129      
5736.982350 0.001000   1.000e-03   45 1 1 1 2 2 f 46 0 1 1 0 1 f 18KaCeMoKa.130      
5734.539470 0.001000   1.623e-03   47 1 1 1 2 2 f 48 0 1 1 0 1 f 18KaCeMoKa.131      
5733.298870 0.001000   1.000e-03   48 1 1 1 2 2 f 49 0 1 1 0 1 f 18KaCeMoKa.132      
5732.048960 0.001000   1.000e-03   49 1 1 1 2 2 f 50 0 1 1 0 1 f 18KaCeMoKa.133      
5726.936020 0.001000   1.000e-03   53 1 1 1 2 2 f 54 0 1 1 0 1 f 18KaCeMoKa.134      
5734.162670 0.001000   1.106e-03   9 1 2 2 2 2 e  10 0 2 2 0 1 e 18KaCeMoKa.135      
5729.049180 0.001000   1.000e-03   15 1 2 2 2 2 e 16 0 2 2 0 1 e 18KaCeMoKa.136      
5717.662490 0.001000   1.000e-03   27 1 2 2 2 2 e 28 0 2 2 0 1 e 18KaCeMoKa.137      
5714.572620 0.001000   1.077e-03   30 1 2 2 2 2 e 31 0 2 2 0 1 e 18KaCeMoKa.138      
5713.521520 0.001000   1.000e-03   31 1 2 2 2 2 e 32 0 2 2 0 1 e 18KaCeMoKa.139      
5710.300370 0.001000   1.000e-03   34 1 2 2 2 2 e 35 0 2 2 0 1 e 18KaCeMoKa.140      
5706.980540 0.001000   1.000e-03   37 1 2 2 2 2 e 38 0 2 2 0 1 e 18KaCeMoKa.141      
5704.716560 0.001000   1.000e-03   39 1 2 2 2 2 e 40 0 2 2 0 1 e 18KaCeMoKa.142      
5731.654990 0.001000   1.000e-03   12 1 2 2 2 2 f 13 0 2 2 0 1 f 18KaCeMoKa.143      
5729.930880 0.001000   3.030e-03   14 1 2 2 2 2 f 15 0 2 2 0 1 f 18KaCeMoKa.144      
5725.426890 0.001000   1.000e-03   19 1 2 2 2 2 f 20 0 2 2 0 1 f 18KaCeMoKa.145      
5724.495150 0.001000   1.000e-03   20 1 2 2 2 2 f 21 0 2 2 0 1 f 18KaCeMoKa.146      
5760.512590 0.001000   1.000e-03   9 2 0 0 2 2 e  10 1 0 0 0 1 e 18KaCeMoKa.147      
5758.812960 0.001000   1.203e-03   11 2 0 0 2 2 e 12 1 0 0 0 1 e 18KaCeMoKa.148      
5754.344900 0.001000   1.000e-03   16 2 0 0 2 2 e 17 1 0 0 0 1 e 18KaCeMoKa.149      
5752.468710 0.001000   1.063e-03   18 2 0 0 2 2 e 19 1 0 0 0 1 e 18KaCeMoKa.150      
5748.557150 0.001000   1.944e-03   22 2 0 0 2 2 e 23 1 0 0 0 1 e 18KaCeMoKa.151      
5745.492760 0.001000   2.481e-03   25 2 0 0 2 2 e 26 1 0 0 0 1 e 18KaCeMoKa.152      
5743.387320 0.001000   1.000e-03   27 2 0 0 2 2 e 28 1 0 0 0 1 e 18KaCeMoKa.153      
5742.312780 0.001000   1.000e-03   28 2 0 0 2 2 e 29 1 0 0 0 1 e 18KaCeMoKa.154      
5739.018010 0.001000   1.000e-03   31 2 0 0 2 2 e 32 1 0 0 0 1 e 18KaCeMoKa.155      
5732.082360 0.001000   2.349e-03   37 2 0 0 2 2 e 38 1 0 0 0 1 e 18KaCeMoKa.156      
5725.951550 0.001000   3.198e-03   42 2 0 0 2 2 e 43 1 0 0 0 1 e 18KaCeMoKa.157      
5763.867350 0.001000   1.000e-03   5 2 0 0 2 3 e  6 1 0 0 0 2 e  18KaCeMoKa.158      
5762.308220 0.001000   1.000e-03   7 2 0 0 2 3 e  8 1 0 0 0 2 e  18KaCeMoKa.159      
5759.894830 0.001000   1.000e-03   10 2 0 0 2 3 e 11 1 0 0 0 2 e 18KaCeMoKa.160      
5759.069500 0.001000   1.162e-03   11 2 0 0 2 3 e 12 1 0 0 0 2 e 18KaCeMoKa.161      
5758.233540 0.001000   1.397e-03   12 2 0 0 2 3 e 13 1 0 0 0 2 e 18KaCeMoKa.162      
5755.667720 0.001000   1.000e-03   15 2 0 0 2 3 e 16 1 0 0 0 2 e 18KaCeMoKa.163      
5754.792070 0.001000   1.000e-03   16 2 0 0 2 3 e 17 1 0 0 0 2 e 18KaCeMoKa.164      
5753.010150 0.001000   1.000e-03   18 2 0 0 2 3 e 19 1 0 0 0 2 e 18KaCeMoKa.165      
5751.186760 0.001000   1.000e-03   20 2 0 0 2 3 e 21 1 0 0 0 2 e 18KaCeMoKa.166      
5750.262300 0.001000   1.000e-03   21 2 0 0 2 3 e 22 1 0 0 0 2 e 18KaCeMoKa.167      
5749.323390 0.001000   1.000e-03   22 2 0 0 2 3 e 23 1 0 0 0 2 e 18KaCeMoKa.168      
5748.378190 0.001000   1.000e-03   23 2 0 0 2 3 e 24 1 0 0 0 2 e 18KaCeMoKa.169      
5745.473440 0.001000   1.000e-03   26 2 0 0 2 3 e 27 1 0 0 0 2 e 18KaCeMoKa.170      
5744.484030 0.001000   3.014e-03   27 2 0 0 2 3 e 28 1 0 0 0 2 e 18KaCeMoKa.171      
5743.486500 0.001000   1.000e-03   28 2 0 0 2 3 e 29 1 0 0 0 2 e 18KaCeMoKa.172      
5731.823340 0.001000   1.000e-03   39 2 0 0 2 3 e 40 1 0 0 0 2 e 18KaCeMoKa.173      
5730.699860 0.001000   1.000e-03   40 2 0 0 2 3 e 41 1 0 0 0 2 e 18KaCeMoKa.174      
5728.420520 0.001000   1.107e-03   42 2 0 0 2 3 e 43 1 0 0 0 2 e 18KaCeMoKa.175      
5878.613830 0.001000   1.000e-03   11 3 1 1 1 4 e 12 0 1 1 0 1 e 18KaCeMoKa.176      
5877.838180 0.001000   1.000e-03   12 3 1 1 1 4 e 13 0 1 1 0 1 e 18KaCeMoKa.177      
5877.056200 0.001000   1.000e-03   13 3 1 1 1 4 e 14 0 1 1 0 1 e 18KaCeMoKa.178      
5876.272340 0.001000   1.769e-03   14 3 1 1 1 4 e 15 0 1 1 0 1 e 18KaCeMoKa.179      
5874.681630 0.001000   1.000e-03   16 3 1 1 1 4 e 17 0 1 1 0 1 e 18KaCeMoKa.180      
5873.880220 0.001000   1.000e-03   17 3 1 1 1 4 e 18 0 1 1 0 1 e 18KaCeMoKa.181      
5873.072990 0.001000   1.000e-03   18 3 1 1 1 4 e 19 0 1 1 0 1 e 18KaCeMoKa.182      
5871.442650 0.001000   1.000e-03   20 3 1 1 1 4 e 21 0 1 1 0 1 e 18KaCeMoKa.183      
5870.620270 0.001000   1.000e-03   21 3 1 1 1 4 e 22 0 1 1 0 1 e 18KaCeMoKa.184      
5869.792040 0.001000   1.000e-03   22 3 1 1 1 4 e 23 0 1 1 0 1 e 18KaCeMoKa.185      
5868.958630 0.001000   1.000e-03   23 3 1 1 1 4 e 24 0 1 1 0 1 e 18KaCeMoKa.186      
5868.120360 0.001000   1.000e-03   24 3 1 1 1 4 e 25 0 1 1 0 1 e 18KaCeMoKa.187      
5851.170560 0.001000   1.292e-03   43 3 1 1 1 4 e 44 0 1 1 0 1 e 18KaCeMoKa.188      
5848.312050 0.001000   1.000e-03   46 3 1 1 1 4 e 47 0 1 1 0 1 e 18KaCeMoKa.189      
5847.349740 0.001000   1.000e-03   47 3 1 1 1 4 e 48 0 1 1 0 1 e 18KaCeMoKa.190      
5846.379680 0.001000   1.000e-03   48 3 1 1 1 4 e 49 0 1 1 0 1 e 18KaCeMoKa.191      
5845.405600 0.001000   1.000e-03   49 3 1 1 1 4 e 50 0 1 1 0 1 e 18KaCeMoKa.192      
5844.423350 0.001000   1.000e-03   50 3 1 1 1 4 e 51 0 1 1 0 1 e 18KaCeMoKa.193      
5878.696730 0.001000   1.000e-03   11 3 1 1 1 4 f 12 0 1 1 0 1 f 18KaCeMoKa.194      
5877.936750 0.001000   1.000e-03   12 3 1 1 1 4 f 13 0 1 1 0 1 f 18KaCeMoKa.195      
5877.173390 0.001000   1.000e-03   13 3 1 1 1 4 f 14 0 1 1 0 1 f 18KaCeMoKa.196      
5876.405980 0.001000   1.000e-03   14 3 1 1 1 4 f 15 0 1 1 0 1 f 18KaCeMoKa.197      
5875.634720 0.001000   1.000e-03   15 3 1 1 1 4 f 16 0 1 1 0 1 f 18KaCeMoKa.198      
5874.859900 0.001000   1.000e-03   16 3 1 1 1 4 f 17 0 1 1 0 1 f 18KaCeMoKa.199      
5874.081050 0.001000   1.000e-03   17 3 1 1 1 4 f 18 0 1 1 0 1 f 18KaCeMoKa.200      
5873.298830 0.001000   1.000e-03   18 3 1 1 1 4 f 19 0 1 1 0 1 f 18KaCeMoKa.201      
5872.511990 0.001000   1.000e-03   19 3 1 1 1 4 f 20 0 1 1 0 1 f 18KaCeMoKa.202      
5871.721840 0.001000   1.000e-03   20 3 1 1 1 4 f 21 0 1 1 0 1 f 18KaCeMoKa.203      
5870.927980 0.001000   1.000e-03   21 3 1 1 1 4 f 22 0 1 1 0 1 f 18KaCeMoKa.204      
5870.129970 0.001000   1.000e-03   22 3 1 1 1 4 f 23 0 1 1 0 1 f 18KaCeMoKa.205      
5868.522300 0.001000   1.000e-03   24 3 1 1 1 4 f 25 0 1 1 0 1 f 18KaCeMoKa.206      
5848.841610 0.001000   1.000e-03   47 3 1 1 1 4 f 48 0 1 1 0 1 f 18KaCeMoKa.207      
5847.932400 0.001000   1.000e-03   48 3 1 1 1 4 f 49 0 1 1 0 1 f 18KaCeMoKa.208      
5847.018380 0.001000   1.000e-03   49 3 1 1 1 4 f 50 0 1 1 0 1 f 18KaCeMoKa.209      
5846.101070 0.001000   1.744e-03   50 3 1 1 1 4 f 51 0 1 1 0 1 f 18KaCeMoKa.210      
5845.175740 0.001000   1.000e-03   51 3 1 1 1 4 f 52 0 1 1 0 1 f 18KaCeMoKa.211      
5843.311640 0.001000   1.000e-03   53 3 1 1 1 4 f 54 0 1 1 0 1 f 18KaCeMoKa.212      
5829.094140 0.001000   1.000e-03   10 3 2 2 1 4 e 11 0 2 2 0 1 e 18KaCeMoKa.213      
5827.555820 0.001000   1.000e-03   12 3 2 2 1 4 e 13 0 2 2 0 1 e 18KaCeMoKa.214      
5825.998590 0.001000   1.000e-03   14 3 2 2 1 4 e 15 0 2 2 0 1 e 18KaCeMoKa.215      
5825.215160 0.001000   1.000e-03   15 3 2 2 1 4 e 16 0 2 2 0 1 e 18KaCeMoKa.216      
5824.425500 0.001000   1.000e-03   16 3 2 2 1 4 e 17 0 2 2 0 1 e 18KaCeMoKa.217      
5822.833390 0.001000   1.000e-03   18 3 2 2 1 4 e 19 0 2 2 0 1 e 18KaCeMoKa.218      
5817.950960 0.001000   1.005e-03   24 3 2 2 1 4 e 25 0 2 2 0 1 e 18KaCeMoKa.219      
5814.610140 0.001000   1.000e-03   28 3 2 2 1 4 e 29 0 2 2 0 1 e 18KaCeMoKa.220      
5813.763070 0.001000   1.000e-03   29 3 2 2 1 4 e 30 0 2 2 0 1 e 18KaCeMoKa.221      
5810.329730 0.001000   1.000e-03   33 3 2 2 1 4 e 34 0 2 2 0 1 e 18KaCeMoKa.222      
5804.152520 0.001000   1.000e-03   40 3 2 2 1 4 e 41 0 2 2 0 1 e 18KaCeMoKa.223      
5829.094140 0.001000   1.000e-03   10 3 2 2 1 4 f 11 0 2 2 0 1 f 18KaCeMoKa.224      
5827.555820 0.001000   1.000e-03   12 3 2 2 1 4 f 13 0 2 2 0 1 f 18KaCeMoKa.225      
5825.998590 0.001000   1.000e-03   14 3 2 2 1 4 f 15 0 2 2 0 1 f 18KaCeMoKa.226      
5825.215160 0.001000   1.000e-03   15 3 2 2 1 4 f 16 0 2 2 0 1 f 18KaCeMoKa.227      
5824.425500 0.001000   1.000e-03   16 3 2 2 1 4 f 17 0 2 2 0 1 f 18KaCeMoKa.228      
5821.221870 0.001000   1.000e-03   20 3 2 2 1 4 f 21 0 2 2 0 1 f 18KaCeMoKa.229      
5820.409710 0.001000   1.390e-03   21 3 2 2 1 4 f 22 0 2 2 0 1 f 18KaCeMoKa.230      
5815.434680 0.001000   1.000e-03   27 3 2 2 1 4 f 28 0 2 2 0 1 f 18KaCeMoKa.231      
5814.588880 0.001000   1.000e-03   28 3 2 2 1 4 f 29 0 2 2 0 1 f 18KaCeMoKa.232      
5810.293280 0.001000   1.141e-03   33 3 2 2 1 4 f 34 0 2 2 0 1 f 18KaCeMoKa.233      
5809.418050 0.001000   1.000e-03   34 3 2 2 1 4 f 35 0 2 2 0 1 f 18KaCeMoKa.234      
5875.529250 0.001000   2.107e-03   4 4 0 0 1 5 e  5 1 0 0 0 2 e  18KaCeMoKa.235      
5873.338780 0.001000   1.000e-03   7 4 0 0 1 5 e  8 1 0 0 0 2 e  18KaCeMoKa.236      
5871.862980 0.001000   1.000e-03   9 4 0 0 1 5 e  10 1 0 0 0 2 e 18KaCeMoKa.237      
5871.122030 0.001000   1.000e-03   10 4 0 0 1 5 e 11 1 0 0 0 2 e 18KaCeMoKa.238      
5868.881880 0.001000   1.000e-03   13 4 0 0 1 5 e 14 1 0 0 0 2 e 18KaCeMoKa.239      
5868.130430 0.001000   1.000e-03   14 4 0 0 1 5 e 15 1 0 0 0 2 e 18KaCeMoKa.240      
5849.155330 0.001000   1.000e-03   38 4 0 0 1 5 e 39 1 0 0 0 2 e 18KaCeMoKa.241      
5847.485920 0.001000   1.000e-03   40 4 0 0 1 5 e 41 1 0 0 0 2 e 18KaCeMoKa.242      
5844.102480 0.001000   1.000e-03   44 4 0 0 1 5 e 45 1 0 0 0 2 e 18KaCeMoKa.243      
5843.246550 0.001000   1.000e-03   45 4 0 0 1 5 e 46 1 0 0 0 2 e 18KaCeMoKa.244      
5842.386320 0.001000   1.000e-03   46 4 0 0 1 5 e 47 1 0 0 0 2 e 18KaCeMoKa.245      
5841.521630 0.001000   1.767e-03   47 4 0 0 1 5 e 48 1 0 0 0 2 e 18KaCeMoKa.246      
5826.034620 0.001000   1.000e-03   1 1 0 0 2 2 e  0 0 0 0 0 1 e  18KaCeMoKa.247      
5826.725230 0.001000   1.000e-03   2 1 0 0 2 2 e  1 0 0 0 0 1 e  18KaCeMoKa.248      
5827.405180 0.001000   1.000e-03   3 1 0 0 2 2 e  2 0 0 0 0 1 e  18KaCeMoKa.249      
5828.074200 0.001000   1.000e-03   4 1 0 0 2 2 e  3 0 0 0 0 1 e  18KaCeMoKa.250      
5829.377160 0.001000   1.000e-03   6 1 0 0 2 2 e  5 0 0 0 0 1 e  18KaCeMoKa.251      
5830.011690 0.001000   1.000e-03   7 1 0 0 2 2 e  6 0 0 0 0 1 e  18KaCeMoKa.252      
5830.634860 0.001000   1.000e-03   8 1 0 0 2 2 e  7 0 0 0 0 1 e  18KaCeMoKa.253      
5831.248750 0.001000   1.619e-03   9 1 0 0 2 2 e  8 0 0 0 0 1 e  18KaCeMoKa.254      
5831.847580 0.001000   1.000e-03   10 1 0 0 2 2 e 9 0 0 0 0 1 e  18KaCeMoKa.255      
5832.436530 0.001000   1.000e-03   11 1 0 0 2 2 e 10 0 0 0 0 1 e 18KaCeMoKa.256      
5833.012710 0.001000   1.302e-03   12 1 0 0 2 2 e 11 0 0 0 0 1 e 18KaCeMoKa.257      
5833.580790 0.001000   1.000e-03   13 1 0 0 2 2 e 12 0 0 0 0 1 e 18KaCeMoKa.258      
5834.135540 0.001000   1.000e-03   14 1 0 0 2 2 e 13 0 0 0 0 1 e 18KaCeMoKa.259      
5834.679090 0.001000   1.000e-03   15 1 0 0 2 2 e 14 0 0 0 0 1 e 18KaCeMoKa.260      
5835.212250 0.001000   1.000e-03   16 1 0 0 2 2 e 15 0 0 0 0 1 e 18KaCeMoKa.261      
5835.732520 0.001000   1.000e-03   17 1 0 0 2 2 e 16 0 0 0 0 1 e 18KaCeMoKa.262      
5836.242010 0.001000   1.000e-03   18 1 0 0 2 2 e 17 0 0 0 0 1 e 18KaCeMoKa.263      
5836.739900 0.001000   1.000e-03   19 1 0 0 2 2 e 18 0 0 0 0 1 e 18KaCeMoKa.264      
5837.701520 0.001000   1.000e-03   21 1 0 0 2 2 e 20 0 0 0 0 1 e 18KaCeMoKa.265      
5838.165040 0.001000   1.000e-03   22 1 0 0 2 2 e 21 0 0 0 0 1 e 18KaCeMoKa.266      
5838.617300 0.001000   1.000e-03   23 1 0 0 2 2 e 22 0 0 0 0 1 e 18KaCeMoKa.267      
5839.057810 0.001000   1.000e-03   24 1 0 0 2 2 e 23 0 0 0 0 1 e 18KaCeMoKa.268      
5839.487010 0.001000   1.000e-03   25 1 0 0 2 2 e 24 0 0 0 0 1 e 18KaCeMoKa.269      
5839.904750 0.001000   1.000e-03   26 1 0 0 2 2 e 25 0 0 0 0 1 e 18KaCeMoKa.270      
5840.310910 0.001000   1.000e-03   27 1 0 0 2 2 e 26 0 0 0 0 1 e 18KaCeMoKa.271      
5840.704870 0.001000   1.000e-03   28 1 0 0 2 2 e 27 0 0 0 0 1 e 18KaCeMoKa.272      
5841.088040 0.001000   1.000e-03   29 1 0 0 2 2 e 28 0 0 0 0 1 e 18KaCeMoKa.273      
5841.819490 0.001000   1.000e-03   31 1 0 0 2 2 e 30 0 0 0 0 1 e 18KaCeMoKa.274      
5842.168160 0.001000   1.000e-03   32 1 0 0 2 2 e 31 0 0 0 0 1 e 18KaCeMoKa.275      
5842.504960 0.001000   1.000e-03   33 1 0 0 2 2 e 32 0 0 0 0 1 e 18KaCeMoKa.276      
5842.829620 0.001000   1.000e-03   34 1 0 0 2 2 e 33 0 0 0 0 1 e 18KaCeMoKa.277      
5843.143490 0.001000   1.000e-03   35 1 0 0 2 2 e 34 0 0 0 0 1 e 18KaCeMoKa.278      
5843.445280 0.001000   1.000e-03   36 1 0 0 2 2 e 35 0 0 0 0 1 e 18KaCeMoKa.279      
5843.735770 0.001000   1.000e-03   37 1 0 0 2 2 e 36 0 0 0 0 1 e 18KaCeMoKa.280      
5844.013920 0.001000   1.000e-03   38 1 0 0 2 2 e 37 0 0 0 0 1 e 18KaCeMoKa.281      
5844.280990 0.001000   1.000e-03   39 1 0 0 2 2 e 38 0 0 0 0 1 e 18KaCeMoKa.282      
5844.536070 0.001000   1.000e-03   40 1 0 0 2 2 e 39 0 0 0 0 1 e 18KaCeMoKa.283      
5844.779410 0.001000   1.000e-03   41 1 0 0 2 2 e 40 0 0 0 0 1 e 18KaCeMoKa.284      
5845.011050 0.001000   1.000e-03   42 1 0 0 2 2 e 41 0 0 0 0 1 e 18KaCeMoKa.285      
5845.231030 0.001000   1.000e-03   43 1 0 0 2 2 e 42 0 0 0 0 1 e 18KaCeMoKa.286      
5845.438820 0.001000   1.000e-03   44 1 0 0 2 2 e 43 0 0 0 0 1 e 18KaCeMoKa.287      
5845.635170 0.001000   1.000e-03   45 1 0 0 2 2 e 44 0 0 0 0 1 e 18KaCeMoKa.288      
5845.819870 0.001000   1.000e-03   46 1 0 0 2 2 e 45 0 0 0 0 1 e 18KaCeMoKa.289      
5845.992180 0.001000   1.000e-03   47 1 0 0 2 2 e 46 0 0 0 0 1 e 18KaCeMoKa.290      
5846.152590 0.001000   1.000e-03   48 1 0 0 2 2 e 47 0 0 0 0 1 e 18KaCeMoKa.291      
5846.300890 0.001000   1.088e-03   49 1 0 0 2 2 e 48 0 0 0 0 1 e 18KaCeMoKa.292      
5846.438330 0.001000   1.000e-03   50 1 0 0 2 2 e 49 0 0 0 0 1 e 18KaCeMoKa.293      
5846.563720 0.001000   1.000e-03   51 1 0 0 2 2 e 50 0 0 0 0 1 e 18KaCeMoKa.294      
5846.777000 0.001000   1.000e-03   53 1 0 0 2 2 e 52 0 0 0 0 1 e 18KaCeMoKa.295      
5846.867530 0.001000   1.000e-03   54 1 0 0 2 2 e 53 0 0 0 0 1 e 18KaCeMoKa.296      
5846.942930 0.001000   1.000e-03   55 1 0 0 2 2 e 54 0 0 0 0 1 e 18KaCeMoKa.297      
5847.009040 0.001000   1.000e-03   56 1 0 0 2 2 e 55 0 0 0 0 1 e 18KaCeMoKa.298      
5847.060290 0.001000   1.000e-03   57 1 0 0 2 2 e 56 0 0 0 0 1 e 18KaCeMoKa.299      
5847.101420 0.001000   1.167e-03   58 1 0 0 2 2 e 57 0 0 0 0 1 e 18KaCeMoKa.300      
5847.129720 0.001000   1.000e-03   59 1 0 0 2 2 e 58 0 0 0 0 1 e 18KaCeMoKa.301      
5847.046480 0.001000   1.778e-03   65 1 0 0 2 2 e 64 0 0 0 0 1 e 18KaCeMoKa.302      
5846.992830 0.001000   1.000e-03   66 1 0 0 2 2 e 65 0 0 0 0 1 e 18KaCeMoKa.303      
5784.546830 0.001000   1.000e-03   5 1 1 1 2 2 e  4 0 1 1 0 1 e  18KaCeMoKa.304      
5785.194240 0.001000   1.000e-03   6 1 1 1 2 2 e  5 0 1 1 0 1 e  18KaCeMoKa.305      
5786.454900 0.001000   1.000e-03   8 1 1 1 2 2 e  7 0 1 1 0 1 e  18KaCeMoKa.306      
5787.671060 0.001000   1.000e-03   10 1 1 1 2 2 e 9 0 1 1 0 1 e  18KaCeMoKa.307      
5788.262170 0.001000   1.000e-03   11 1 1 1 2 2 e 10 0 1 1 0 1 e 18KaCeMoKa.308      
5788.841890 0.001000   1.000e-03   12 1 1 1 2 2 e 11 0 1 1 0 1 e 18KaCeMoKa.309      
5789.411100 0.001000   1.000e-03   13 1 1 1 2 2 e 12 0 1 1 0 1 e 18KaCeMoKa.310      
5789.969130 0.001000   1.000e-03   14 1 1 1 2 2 e 13 0 1 1 0 1 e 18KaCeMoKa.311      
5791.047590 0.001000   1.218e-03   16 1 1 1 2 2 e 15 0 1 1 0 1 e 18KaCeMoKa.312      
5791.573850 0.001000   1.159e-03   17 1 1 1 2 2 e 16 0 1 1 0 1 e 18KaCeMoKa.313      
5792.587600 0.001000   1.855e-03   19 1 1 1 2 2 e 18 0 1 1 0 1 e 18KaCeMoKa.314      
5793.075980 0.001000   1.000e-03   20 1 1 1 2 2 e 19 0 1 1 0 1 e 18KaCeMoKa.315      
5793.553540 0.001000   1.000e-03   21 1 1 1 2 2 e 20 0 1 1 0 1 e 18KaCeMoKa.316      
5795.353890 0.001000   1.000e-03   25 1 1 1 2 2 e 24 0 1 1 0 1 e 18KaCeMoKa.317      
5796.187580 0.001000   1.000e-03   27 1 1 1 2 2 e 26 0 1 1 0 1 e 18KaCeMoKa.318      
5796.972650 0.001000   1.000e-03   29 1 1 1 2 2 e 28 0 1 1 0 1 e 18KaCeMoKa.319      
5797.348700 0.001000   1.000e-03   30 1 1 1 2 2 e 29 0 1 1 0 1 e 18KaCeMoKa.320      
5798.740210 0.001000   1.000e-03   34 1 1 1 2 2 e 33 0 1 1 0 1 e 18KaCeMoKa.321      
5799.060830 0.001000   2.061e-03   35 1 1 1 2 2 e 34 0 1 1 0 1 e 18KaCeMoKa.322      
5800.483410 0.001000   1.000e-03   40 1 1 1 2 2 e 39 0 1 1 0 1 e 18KaCeMoKa.323      
5800.733200 0.001000   1.000e-03   41 1 1 1 2 2 e 40 0 1 1 0 1 e 18KaCeMoKa.324      
5801.413830 0.001000   1.000e-03   44 1 1 1 2 2 e 43 0 1 1 0 1 e 18KaCeMoKa.325      
5802.464790 0.001000   1.000e-03   50 1 1 1 2 2 e 49 0 1 1 0 1 e 18KaCeMoKa.326      
5802.598510 0.001000   1.000e-03   51 1 1 1 2 2 e 50 0 1 1 0 1 e 18KaCeMoKa.327      
5782.538560 0.001000   1.000e-03   2 1 1 1 2 2 f  1 0 1 1 0 1 f  18KaCeMoKa.328      
5783.218740 0.001000   4.358e-03   3 1 1 1 2 2 f  2 0 1 1 0 1 f  18KaCeMoKa.329      
5785.209620 0.001000   1.244e-03   6 1 1 1 2 2 f  5 0 1 1 0 1 f  18KaCeMoKa.330      
5785.847300 0.001000   1.000e-03   7 1 1 1 2 2 f  6 0 1 1 0 1 f  18KaCeMoKa.331      
5786.475760 0.001000   1.000e-03   8 1 1 1 2 2 f  7 0 1 1 0 1 f  18KaCeMoKa.332      
5787.094740 0.001000   1.000e-03   9 1 1 1 2 2 f  8 0 1 1 0 1 f  18KaCeMoKa.333      
5788.297580 0.001000   1.000e-03   11 1 1 1 2 2 f 10 0 1 1 0 1 f 18KaCeMoKa.334      
5788.883010 0.001000   1.000e-03   12 1 1 1 2 2 f 11 0 1 1 0 1 f 18KaCeMoKa.335      
5789.457940 0.001000   1.000e-03   13 1 1 1 2 2 f 12 0 1 1 0 1 f 18KaCeMoKa.336      
5790.021770 0.001000   1.000e-03   14 1 1 1 2 2 f 13 0 1 1 0 1 f 18KaCeMoKa.337      
5791.116260 0.001000   1.000e-03   16 1 1 1 2 2 f 15 0 1 1 0 1 f 18KaCeMoKa.338      
5791.646390 0.001000   1.000e-03   17 1 1 1 2 2 f 16 0 1 1 0 1 f 18KaCeMoKa.339      
5792.677750 0.001000   1.651e-03   19 1 1 1 2 2 f 18 0 1 1 0 1 f 18KaCeMoKa.340      
5793.173780 0.001000   1.000e-03   20 1 1 1 2 2 f 19 0 1 1 0 1 f 18KaCeMoKa.341      
5795.055450 0.001000   1.000e-03   24 1 1 1 2 2 f 23 0 1 1 0 1 f 18KaCeMoKa.342      
5795.498270 0.001000   1.000e-03   25 1 1 1 2 2 f 24 0 1 1 0 1 f 18KaCeMoKa.343      
5795.931170 0.001000   1.000e-03   26 1 1 1 2 2 f 25 0 1 1 0 1 f 18KaCeMoKa.344      
5796.761020 0.001000   1.000e-03   28 1 1 1 2 2 f 27 0 1 1 0 1 f 18KaCeMoKa.345      
5797.161490 0.001000   1.000e-03   29 1 1 1 2 2 f 28 0 1 1 0 1 f 18KaCeMoKa.346      
5797.925690 0.001000   1.000e-03   31 1 1 1 2 2 f 30 0 1 1 0 1 f 18KaCeMoKa.347      
5798.291670 0.001000   1.000e-03   32 1 1 1 2 2 f 31 0 1 1 0 1 f 18KaCeMoKa.348      
5798.646620 0.001000   1.000e-03   33 1 1 1 2 2 f 32 0 1 1 0 1 f 18KaCeMoKa.349      
5799.323110 0.001000   1.568e-03   35 1 1 1 2 2 f 34 0 1 1 0 1 f 18KaCeMoKa.350      
5799.950280 0.001000   2.542e-03   37 1 1 1 2 2 f 36 0 1 1 0 1 f 18KaCeMoKa.351      
5801.334620 0.001000   1.000e-03   42 1 1 1 2 2 f 41 0 1 1 0 1 f 18KaCeMoKa.352      
5801.577470 0.001000   1.000e-03   43 1 1 1 2 2 f 42 0 1 1 0 1 f 18KaCeMoKa.353      
5801.809330 0.001000   1.000e-03   44 1 1 1 2 2 f 43 0 1 1 0 1 f 18KaCeMoKa.354      
5802.435480 0.001000   1.000e-03   47 1 1 1 2 2 f 46 0 1 1 0 1 f 18KaCeMoKa.355      
5802.619600 0.001000   1.000e-03   48 1 1 1 2 2 f 47 0 1 1 0 1 f 18KaCeMoKa.356      
5746.526840 0.001000   1.000e-03   7 1 2 2 2 2 e  6 0 2 2 0 1 e  18KaCeMoKa.357      
5748.981210 0.001000   1.000e-03   11 1 2 2 2 2 e 10 0 2 2 0 1 e 18KaCeMoKa.358      
5750.140360 0.001000   1.000e-03   13 1 2 2 2 2 e 12 0 2 2 0 1 e 18KaCeMoKa.359      
5750.705680 0.001000   1.000e-03   14 1 2 2 2 2 e 13 0 2 2 0 1 e 18KaCeMoKa.360      
5751.259260 0.001000   1.000e-03   15 1 2 2 2 2 e 14 0 2 2 0 1 e 18KaCeMoKa.361      
5753.364960 0.001000   1.000e-03   19 1 2 2 2 2 e 18 0 2 2 0 1 e 18KaCeMoKa.362      
5754.353490 0.001000   1.000e-03   21 1 2 2 2 2 e 20 0 2 2 0 1 e 18KaCeMoKa.363      
5756.630450 0.001000   1.000e-03   26 1 2 2 2 2 e 25 0 2 2 0 1 e 18KaCeMoKa.364      
5743.896600 0.001000   1.349e-03   3 1 2 2 2 2 f  2 0 2 2 0 1 f  18KaCeMoKa.365      
5744.572340 0.001000   1.000e-03   4 1 2 2 2 2 f  3 0 2 2 0 1 f  18KaCeMoKa.366      
5747.774100 0.001000   1.000e-03   9 1 2 2 2 2 f  8 0 2 2 0 1 f  18KaCeMoKa.367      
5755.751630 0.001000   1.000e-03   24 1 2 2 2 2 f 23 0 2 2 0 1 f 18KaCeMoKa.368      
5756.196180 0.001000   1.000e-03   25 1 2 2 2 2 f 24 0 2 2 0 1 f 18KaCeMoKa.369      
5776.362630 0.001000   1.000e-03   13 2 0 0 2 2 e 12 1 0 0 0 1 e 18KaCeMoKa.370      
5781.544450 0.001000   1.000e-03   24 2 0 0 2 2 e 23 1 0 0 0 1 e 18KaCeMoKa.371      
5783.381930 0.001000   1.139e-03   29 2 0 0 2 2 e 28 1 0 0 0 1 e 18KaCeMoKa.372      
5771.715530 0.001000   1.000e-03   5 2 0 0 2 3 e  4 1 0 0 0 2 e  18KaCeMoKa.373      
5774.877150 0.001000   1.000e-03   10 2 0 0 2 3 e 9 1 0 0 0 2 e  18KaCeMoKa.374      
5775.479280 0.001000   1.000e-03   11 2 0 0 2 3 e 10 1 0 0 0 2 e 18KaCeMoKa.375      
5777.219660 0.001000   2.248e-03   14 2 0 0 2 3 e 13 1 0 0 0 2 e 18KaCeMoKa.376      
5777.783270 0.001000   1.230e-03   15 2 0 0 2 3 e 14 1 0 0 0 2 e 18KaCeMoKa.377      
5779.924420 0.001000   1.957e-03   19 2 0 0 2 3 e 18 1 0 0 0 2 e 18KaCeMoKa.378      
5780.932220 0.001000   1.000e-03   21 2 0 0 2 3 e 20 1 0 0 0 2 e 18KaCeMoKa.379      
5781.419250 0.001000   1.000e-03   22 2 0 0 2 3 e 21 1 0 0 0 2 e 18KaCeMoKa.380      
5782.365130 0.001000   1.000e-03   24 2 0 0 2 3 e 23 1 0 0 0 2 e 18KaCeMoKa.381      
5783.707500 0.001000   1.000e-03   27 2 0 0 2 3 e 26 1 0 0 0 2 e 18KaCeMoKa.382      
5784.131150 0.001000   1.000e-03   28 2 0 0 2 3 e 27 1 0 0 0 2 e 18KaCeMoKa.383      
5784.952450 0.001000   1.000e-03   30 2 0 0 2 3 e 29 1 0 0 0 2 e 18KaCeMoKa.384      
5785.731460 0.001000   1.000e-03   32 2 0 0 2 3 e 31 1 0 0 0 2 e 18KaCeMoKa.385      
5786.105200 0.001000   1.000e-03   33 2 0 0 2 3 e 32 1 0 0 0 2 e 18KaCeMoKa.386      
5841.428380 0.001000   1.000e-03   6 3 2 2 1 4 e  5 0 2 2 0 1 e  18KaCeMoKa.387      
5843.469200 0.001000   1.000e-03   9 3 2 2 1 4 e  8 0 2 2 0 1 e  18KaCeMoKa.388      
5845.468280 0.001000   1.000e-03   12 3 2 2 1 4 e 11 0 2 2 0 1 e 18KaCeMoKa.389      
5847.424190 0.001000   1.000e-03   15 3 2 2 1 4 e 14 0 2 2 0 1 e 18KaCeMoKa.390      
5850.592890 0.001000   1.084e-03   20 3 2 2 1 4 e 19 0 2 2 0 1 e 18KaCeMoKa.391      
5841.428380 0.001000   1.000e-03   6 3 2 2 1 4 f  5 0 2 2 0 1 f  18KaCeMoKa.392      
5843.469200 0.001000   1.000e-03   9 3 2 2 1 4 f  8 0 2 2 0 1 f  18KaCeMoKa.393      
5845.468280 0.001000   1.000e-03   12 3 2 2 1 4 f 11 0 2 2 0 1 f 18KaCeMoKa.394      
5847.424190 0.001000   1.000e-03   15 3 2 2 1 4 f 14 0 2 2 0 1 f 18KaCeMoKa.395      
5849.969530 0.001000   1.000e-03   19 3 2 2 1 4 f 18 0 2 2 0 1 f 18KaCeMoKa.396      
5851.210760 0.001000   1.000e-03   21 3 2 2 1 4 f 20 0 2 2 0 1 f 18KaCeMoKa.397      
3643.244072    0.005   5.000e-03   8 0 2 2 1 1 f  0 0 0 0 0 1 e  19CDSD.1            
5057.608247    0.005   5.000e-03   26 1 2 2 1 2 f 0 0 0 0 0 1 e  19CDSD.2            
4200.367838    0.005   5.000e-03   40 0 2 2 1 1 f 0 0 0 0 0 1 e  19CDSD.3            
6062.425028    0.005   5.000e-03   14 2 2 2 1 3 f 0 0 0 0 0 1 e  19CDSD.4            
6096.599397    0.005   5.000e-03   17 2 2 2 1 3 e 0 0 0 0 0 1 e  19CDSD.5            
8146.891831    0.005   5.000e-03   4 0 2 2 3 1 f  0 0 0 0 0 1 e  19CDSD.6            
6266.808995    0.005   5.000e-03   16 2 2 2 1 2 f 0 0 0 0 0 1 e  19CDSD.7            
7426.103559    0.005   5.000e-03   27 3 2 2 1 4 e 0 0 0 0 0 1 e  19CDSD.8            
7446.011850    0.005   5.000e-03   28 3 2 2 1 4 f 0 0 0 0 0 1 e  19CDSD.9            
7242.469184    0.005   5.000e-03   15 3 2 2 1 4 e 0 0 0 0 0 1 e  19CDSD.10           
3643.244057    0.005   5.000e-03   8 0 2 2 1 1 e  0 0 0 0 0 1 e  19CDSD.11           
3621.914327    0.005   5.000e-03   3 0 2 2 1 1 f  0 0 0 0 0 1 e  19CDSD.12           
5039.122469    0.005   5.000e-03   25 1 2 2 1 2 f 0 0 0 0 0 1 e  19CDSD.13           
3752.723727    0.005   5.000e-03   19 0 2 2 1 1 f 0 0 0 0 0 1 e  19CDSD.14           
6013.311654    0.005   5.000e-03   8 2 2 2 1 3 e  0 0 0 0 0 1 e  19CDSD.15           
4994.092820    0.005   5.000e-03   4 1 2 2 1 1 e  0 0 0 0 0 1 e  19CDSD.16           
5136.357584    0.005   5.000e-03   20 1 2 2 1 1 e 0 0 0 0 0 1 e  19CDSD.17           
6137.200762    0.005   5.000e-03   20 2 2 2 1 3 e 0 0 0 0 0 1 e  19CDSD.18           
8144.092091    0.005   5.000e-03   3 0 2 2 3 1 f  0 0 0 0 0 1 e  19CDSD.19           
7161.310423    0.005   5.000e-03   3 3 2 2 1 4 f  0 0 0 0 0 1 e  19CDSD.20           
4229.487581    0.005   5.000e-03   41 0 2 2 1 1 f 0 0 0 0 0 1 e  19CDSD.21           
5659.613736    0.005   5.000e-03   43 1 2 2 1 1 f 0 0 0 0 0 1 e  19CDSD.22           
5513.879700    0.005   5.000e-03   38 1 2 2 1 1 e 0 0 0 0 0 1 e  19CDSD.23           
4200.358440    0.005   5.000e-03   40 0 2 2 1 1 e 0 0 0 0 0 1 e  19CDSD.24           
5690.880672    0.005   5.000e-03   44 1 2 2 1 1 f 0 0 0 0 0 1 e  19CDSD.25           
4385.713464    0.005   5.000e-03   46 0 2 2 1 1 f 0 0 0 0 0 1 e  19CDSD.26           
5824.618220 0.001000   1.000e-03   0 1 0 0 2 2 e  1 0 0 0 0 1 e  19MoKaPeTa.1        
5823.893100 0.001000   1.000e-03   1 1 0 0 2 2 e  2 0 0 0 0 1 e  19MoKaPeTa.2        
5823.156530 0.001000   1.000e-03   2 1 0 0 2 2 e  3 0 0 0 0 1 e  19MoKaPeTa.3        
5822.408210 0.001000   1.000e-03   3 1 0 0 2 2 e  4 0 0 0 0 1 e  19MoKaPeTa.4        
5821.649070 0.001000   1.000e-03   4 1 0 0 2 2 e  5 0 0 0 0 1 e  19MoKaPeTa.5        
5807.966480 0.001000   1.000e-03   20 1 0 0 2 2 e 21 0 0 0 0 1 e 19MoKaPeTa.6        
5807.015420 0.001000   1.000e-03   21 1 0 0 2 2 e 22 0 0 0 0 1 e 19MoKaPeTa.7        
5806.052330 0.001000   1.000e-03   22 1 0 0 2 2 e 23 0 0 0 0 1 e 19MoKaPeTa.8        
5805.077930 0.001000   1.000e-03   23 1 0 0 2 2 e 24 0 0 0 0 1 e 19MoKaPeTa.9        
5804.092560 0.001000   1.000e-03   24 1 0 0 2 2 e 25 0 0 0 0 1 e 19MoKaPeTa.10       
5803.095860 0.001000   1.000e-03   25 1 0 0 2 2 e 26 0 0 0 0 1 e 19MoKaPeTa.11       
5801.068260 0.001000   1.000e-03   27 1 0 0 2 2 e 28 0 0 0 0 1 e 19MoKaPeTa.12       
5800.036790 0.001000   1.000e-03   28 1 0 0 2 2 e 29 0 0 0 0 1 e 19MoKaPeTa.13       
5798.994480 0.001000   1.000e-03   29 1 0 0 2 2 e 30 0 0 0 0 1 e 19MoKaPeTa.14       
5797.940790 0.001000   1.000e-03   30 1 0 0 2 2 e 31 0 0 0 0 1 e 19MoKaPeTa.15       
5796.874990 0.001000   1.000e-03   31 1 0 0 2 2 e 32 0 0 0 0 1 e 19MoKaPeTa.16       
5795.798590 0.001000   1.000e-03   32 1 0 0 2 2 e 33 0 0 0 0 1 e 19MoKaPeTa.17       
5794.710600 0.001000   1.000e-03   33 1 0 0 2 2 e 34 0 0 0 0 1 e 19MoKaPeTa.18       
5792.500330 0.001000   1.000e-03   35 1 0 0 2 2 e 36 0 0 0 0 1 e 19MoKaPeTa.19       
5790.243780 0.001000   1.000e-03   37 1 0 0 2 2 e 38 0 0 0 0 1 e 19MoKaPeTa.20       
5789.098610 0.001000   1.000e-03   38 1 0 0 2 2 e 39 0 0 0 0 1 e 19MoKaPeTa.21       
5787.941920 0.001000   1.000e-03   39 1 0 0 2 2 e 40 0 0 0 0 1 e 19MoKaPeTa.22       
5786.773070 0.001000   1.000e-03   40 1 0 0 2 2 e 41 0 0 0 0 1 e 19MoKaPeTa.23       
5785.593680 0.001000   1.000e-03   41 1 0 0 2 2 e 42 0 0 0 0 1 e 19MoKaPeTa.24       
5784.402130 0.001000   1.000e-03   42 1 0 0 2 2 e 43 0 0 0 0 1 e 19MoKaPeTa.25       
5781.984240 0.001000   1.000e-03   44 1 0 0 2 2 e 45 0 0 0 0 1 e 19MoKaPeTa.26       
5780.758270 0.001000   1.000e-03   45 1 0 0 2 2 e 46 0 0 0 0 1 e 19MoKaPeTa.27       
5779.521060 0.001000   1.000e-03   46 1 0 0 2 2 e 47 0 0 0 0 1 e 19MoKaPeTa.28       
5778.271710 0.001000   1.000e-03   47 1 0 0 2 2 e 48 0 0 0 0 1 e 19MoKaPeTa.29       
5775.738370 0.001000   1.000e-03   49 1 0 0 2 2 e 50 0 0 0 0 1 e 19MoKaPeTa.30       
5774.453570 0.001000   1.000e-03   50 1 0 0 2 2 e 51 0 0 0 0 1 e 19MoKaPeTa.31       
5771.850110 0.001000   1.000e-03   52 1 0 0 2 2 e 53 0 0 0 0 1 e 19MoKaPeTa.32       
5769.200270 0.001000   1.000e-03   54 1 0 0 2 2 e 55 0 0 0 0 1 e 19MoKaPeTa.33       
5767.857660 0.001000   1.000e-03   55 1 0 0 2 2 e 56 0 0 0 0 1 e 19MoKaPeTa.34       
5766.503200 0.001000   1.000e-03   56 1 0 0 2 2 e 57 0 0 0 0 1 e 19MoKaPeTa.35       
5765.137520 0.001000   1.208e-03   57 1 0 0 2 2 e 58 0 0 0 0 1 e 19MoKaPeTa.36       
5763.759390 0.001000   1.000e-03   58 1 0 0 2 2 e 59 0 0 0 0 1 e 19MoKaPeTa.37       
5762.369090 0.001000   1.000e-03   59 1 0 0 2 2 e 60 0 0 0 0 1 e 19MoKaPeTa.38       
5760.967290 0.001000   1.000e-03   60 1 0 0 2 2 e 61 0 0 0 0 1 e 19MoKaPeTa.39       
5758.129700 0.001000   1.000e-03   62 1 0 0 2 2 e 63 0 0 0 0 1 e 19MoKaPeTa.40       
5756.692920 0.001000   1.000e-03   63 1 0 0 2 2 e 64 0 0 0 0 1 e 19MoKaPeTa.41       
5755.244400 0.001000   1.000e-03   64 1 0 0 2 2 e 65 0 0 0 0 1 e 19MoKaPeTa.42       
5752.310040 0.001000   1.010e-03   66 1 0 0 2 2 e 67 0 0 0 0 1 e 19MoKaPeTa.43       
5750.826580 0.001000   1.000e-03   67 1 0 0 2 2 e 68 0 0 0 0 1 e 19MoKaPeTa.44       
5749.330200 0.001000   1.000e-03   68 1 0 0 2 2 e 69 0 0 0 0 1 e 19MoKaPeTa.45       
5747.819630 0.001000   1.000e-03   69 1 0 0 2 2 e 70 0 0 0 0 1 e 19MoKaPeTa.46       
5743.221580 0.001000   1.000e-03   72 1 0 0 2 2 e 73 0 0 0 0 1 e 19MoKaPeTa.47       
5740.097000 0.001000   1.000e-03   74 1 0 0 2 2 e 75 0 0 0 0 1 e 19MoKaPeTa.48       
5764.536390 0.001000   1.000e-03   4 2 0 0 2 2 e  5 1 0 0 0 1 e  19MoKaPeTa.49       
5760.512490 0.001000   1.000e-03   9 2 0 0 2 2 e  10 1 0 0 0 1 e 19MoKaPeTa.50       
5759.669220 0.001000   1.000e-03   10 2 0 0 2 2 e 11 1 0 0 0 1 e 19MoKaPeTa.51       
5758.812600 0.001000   1.567e-03   11 2 0 0 2 2 e 12 1 0 0 0 1 e 19MoKaPeTa.52       
5757.065050 0.001000   1.000e-03   13 2 0 0 2 2 e 14 1 0 0 0 1 e 19MoKaPeTa.53       
5756.169970 0.001000   1.000e-03   14 2 0 0 2 2 e 15 1 0 0 0 1 e 19MoKaPeTa.54       
5755.265270 0.001000   1.000e-03   15 2 0 0 2 2 e 16 1 0 0 0 1 e 19MoKaPeTa.55       
5754.345450 0.001000   1.000e-03   16 2 0 0 2 2 e 17 1 0 0 0 1 e 19MoKaPeTa.56       
5752.467650 0.001000   1.000e-03   18 2 0 0 2 2 e 19 1 0 0 0 1 e 19MoKaPeTa.57       
5751.508120 0.001000   1.736e-03   19 2 0 0 2 2 e 20 1 0 0 0 1 e 19MoKaPeTa.58       
5750.537160 0.001000   2.402e-03   20 2 0 0 2 2 e 21 1 0 0 0 1 e 19MoKaPeTa.59       
5748.558110 0.001000   1.000e-03   22 2 0 0 2 2 e 23 1 0 0 0 1 e 19MoKaPeTa.60       
5747.550420 0.001000   1.000e-03   23 2 0 0 2 2 e 24 1 0 0 0 1 e 19MoKaPeTa.61       
5742.313650 0.001000   1.000e-03   28 2 0 0 2 2 e 29 1 0 0 0 1 e 19MoKaPeTa.62       
5740.130240 0.001000   1.000e-03   30 2 0 0 2 2 e 31 1 0 0 0 1 e 19MoKaPeTa.63       
5739.018690 0.001000   1.000e-03   31 2 0 0 2 2 e 32 1 0 0 0 1 e 19MoKaPeTa.64       
5734.446910 0.001000   1.000e-03   35 2 0 0 2 2 e 36 1 0 0 0 1 e 19MoKaPeTa.65       
5732.083430 0.001000   1.268e-03   37 2 0 0 2 2 e 38 1 0 0 0 1 e 19MoKaPeTa.66       
5729.669330 0.001000   1.000e-03   39 2 0 0 2 2 e 40 1 0 0 0 1 e 19MoKaPeTa.67       
5728.443060 0.001000   1.000e-03   40 2 0 0 2 2 e 41 1 0 0 0 1 e 19MoKaPeTa.68       
5727.205300 0.001000   1.000e-03   41 2 0 0 2 2 e 42 1 0 0 0 1 e 19MoKaPeTa.69       
5766.130980 0.001000   1.000e-03   2 2 0 0 2 3 e  3 1 0 0 0 2 e  19MoKaPeTa.70       
5765.386950 0.001000   1.000e-03   3 2 0 0 2 3 e  4 1 0 0 0 2 e  19MoKaPeTa.71       
5764.632220 0.001000   1.000e-03   4 2 0 0 2 3 e  5 1 0 0 0 2 e  19MoKaPeTa.72       
5763.868340 0.001000   1.000e-03   5 2 0 0 2 3 e  6 1 0 0 0 2 e  19MoKaPeTa.73       
5762.308930 0.001000   1.000e-03   7 2 0 0 2 3 e  8 1 0 0 0 2 e  19MoKaPeTa.74       
5760.708510 0.001000   1.000e-03   9 2 0 0 2 3 e  10 1 0 0 0 2 e 19MoKaPeTa.75       
5759.894260 0.001000   1.000e-03   10 2 0 0 2 3 e 11 1 0 0 0 2 e 19MoKaPeTa.76       
5759.070210 0.001000   1.000e-03   11 2 0 0 2 3 e 12 1 0 0 0 2 e 19MoKaPeTa.77       
5758.234980 0.001000   1.000e-03   12 2 0 0 2 3 e 13 1 0 0 0 2 e 19MoKaPeTa.78       
5757.389270 0.001000   1.000e-03   13 2 0 0 2 3 e 14 1 0 0 0 2 e 19MoKaPeTa.79       
5756.534280 0.001000   1.000e-03   14 2 0 0 2 3 e 15 1 0 0 0 2 e 19MoKaPeTa.80       
5755.668050 0.001000   1.000e-03   15 2 0 0 2 3 e 16 1 0 0 0 2 e 19MoKaPeTa.81       
5754.792320 0.001000   1.000e-03   16 2 0 0 2 3 e 17 1 0 0 0 2 e 19MoKaPeTa.82       
5753.906230 0.001000   1.000e-03   17 2 0 0 2 3 e 18 1 0 0 0 2 e 19MoKaPeTa.83       
5753.009380 0.001000   1.000e-03   18 2 0 0 2 3 e 19 1 0 0 0 2 e 19MoKaPeTa.84       
5751.186330 0.001000   1.000e-03   20 2 0 0 2 3 e 21 1 0 0 0 2 e 19MoKaPeTa.85       
5750.259350 0.001000   2.894e-03   21 2 0 0 2 3 e 22 1 0 0 0 2 e 19MoKaPeTa.86       
5749.323090 0.001000   1.000e-03   22 2 0 0 2 3 e 23 1 0 0 0 2 e 19MoKaPeTa.87       
5748.377720 0.001000   1.000e-03   23 2 0 0 2 3 e 24 1 0 0 0 2 e 19MoKaPeTa.88       
5747.419440 0.001000   1.000e-03   24 2 0 0 2 3 e 25 1 0 0 0 2 e 19MoKaPeTa.89       
5745.472100 0.001000   1.655e-03   26 2 0 0 2 3 e 27 1 0 0 0 2 e 19MoKaPeTa.90       
5743.486280 0.001000   1.000e-03   28 2 0 0 2 3 e 29 1 0 0 0 2 e 19MoKaPeTa.91       
5742.478000 0.001000   1.000e-03   29 2 0 0 2 3 e 30 1 0 0 0 2 e 19MoKaPeTa.92       
5741.459970 0.001000   1.000e-03   30 2 0 0 2 3 e 31 1 0 0 0 2 e 19MoKaPeTa.93       
5740.428930 0.001000   1.000e-03   31 2 0 0 2 3 e 32 1 0 0 0 2 e 19MoKaPeTa.94       
5739.388930 0.001000   1.496e-03   32 2 0 0 2 3 e 33 1 0 0 0 2 e 19MoKaPeTa.95       
5738.340350 0.001000   1.000e-03   33 2 0 0 2 3 e 34 1 0 0 0 2 e 19MoKaPeTa.96       
5737.277890 0.001000   1.000e-03   34 2 0 0 2 3 e 35 1 0 0 0 2 e 19MoKaPeTa.97       
5735.127560 0.001000   1.000e-03   36 2 0 0 2 3 e 37 1 0 0 0 2 e 19MoKaPeTa.98       
5731.821740 0.001000   1.016e-03   39 2 0 0 2 3 e 40 1 0 0 0 2 e 19MoKaPeTa.99       
5730.698980 0.001000   1.000e-03   40 2 0 0 2 3 e 41 1 0 0 0 2 e 19MoKaPeTa.100      
5729.566090 0.001000   1.000e-03   41 2 0 0 2 3 e 42 1 0 0 0 2 e 19MoKaPeTa.101      
5728.422020 0.001000   1.000e-03   42 2 0 0 2 3 e 43 1 0 0 0 2 e 19MoKaPeTa.102      
5764.446820 0.001000   1.000e-03   4 4 0 0 1 5 e  5 1 0 0 0 1 e  19MoKaPeTa.103      
5763.712050 0.001000   1.000e-03   5 4 0 0 1 5 e  6 1 0 0 0 1 e  19MoKaPeTa.104      
5762.230720 0.001000   1.000e-03   7 4 0 0 1 5 e  8 1 0 0 0 1 e  19MoKaPeTa.105      
5759.213020 0.001000   1.000e-03   11 4 0 0 1 5 e 12 1 0 0 0 1 e 19MoKaPeTa.106      
5758.447680 0.001000   1.917e-03   12 4 0 0 1 5 e 13 1 0 0 0 1 e 19MoKaPeTa.107      
5755.348550 0.001000   1.000e-03   16 4 0 0 1 5 e 17 1 0 0 0 1 e 19MoKaPeTa.108      
5754.563550 0.001000   1.000e-03   17 4 0 0 1 5 e 18 1 0 0 0 1 e 19MoKaPeTa.109      
5752.977820 0.001000   1.000e-03   19 4 0 0 1 5 e 20 1 0 0 0 1 e 19MoKaPeTa.110      
5751.376490 0.001000   1.000e-03   21 4 0 0 1 5 e 22 1 0 0 0 1 e 19MoKaPeTa.111      
5749.754290 0.001000   1.507e-03   23 4 0 0 1 5 e 24 1 0 0 0 1 e 19MoKaPeTa.112      
5741.366550 0.001000   1.000e-03   33 4 0 0 1 5 e 34 1 0 0 0 1 e 19MoKaPeTa.113      
5849.154500 0.001000   1.000e-03   38 4 0 0 1 5 e 39 1 0 0 0 2 e 19MoKaPeTa.114      
5848.321950 0.001000   1.000e-03   39 4 0 0 1 5 e 40 1 0 0 0 2 e 19MoKaPeTa.115      
5847.486350 0.001000   1.000e-03   40 4 0 0 1 5 e 41 1 0 0 0 2 e 19MoKaPeTa.116      
5844.954490 0.001000   1.000e-03   43 4 0 0 1 5 e 44 1 0 0 0 2 e 19MoKaPeTa.117      
5844.102670 0.001000   1.000e-03   44 4 0 0 1 5 e 45 1 0 0 0 2 e 19MoKaPeTa.118      
5843.246300 0.001000   1.000e-03   45 4 0 0 1 5 e 46 1 0 0 0 2 e 19MoKaPeTa.119      
5842.387710 0.001000   1.000e-03   46 4 0 0 1 5 e 47 1 0 0 0 2 e 19MoKaPeTa.120      
5841.522950 0.001000   1.000e-03   47 4 0 0 1 5 e 48 1 0 0 0 2 e 19MoKaPeTa.121      
5840.655060 0.001000   1.000e-03   48 4 0 0 1 5 e 49 1 0 0 0 2 e 19MoKaPeTa.122      
5839.782640 0.001000   1.000e-03   49 4 0 0 1 5 e 50 1 0 0 0 2 e 19MoKaPeTa.123      
5838.906690 0.001000   1.000e-03   50 4 0 0 1 5 e 51 1 0 0 0 2 e 19MoKaPeTa.124      
5838.025650 0.001000   1.375e-03   51 4 0 0 1 5 e 52 1 0 0 0 2 e 19MoKaPeTa.125      
5834.458500 0.001000   1.000e-03   55 4 0 0 1 5 e 56 1 0 0 0 2 e 19MoKaPeTa.126      
5779.699530 0.001000   1.000e-03   1 1 1 1 2 2 e  2 0 1 1 0 1 e  19MoKaPeTa.127      
5778.962550 0.001000   1.000e-03   2 1 1 1 2 2 e  3 0 1 1 0 1 e  19MoKaPeTa.128      
5778.214120 0.001000   1.000e-03   3 1 1 1 2 2 e  4 0 1 1 0 1 e  19MoKaPeTa.129      
5777.455570 0.001000   1.000e-03   4 1 1 1 2 2 e  5 0 1 1 0 1 e  19MoKaPeTa.130      
5776.685230 0.001000   1.000e-03   5 1 1 1 2 2 e  6 0 1 1 0 1 e  19MoKaPeTa.131      
5774.305150 0.001000   1.000e-03   8 1 1 1 2 2 e  9 0 1 1 0 1 e  19MoKaPeTa.132      
5773.490090 0.001000   1.000e-03   9 1 1 1 2 2 e  10 0 1 1 0 1 e 19MoKaPeTa.133      
5772.662150 0.001000   1.296e-03   10 1 1 1 2 2 e 11 0 1 1 0 1 e 19MoKaPeTa.134      
5771.825580 0.001000   1.000e-03   11 1 1 1 2 2 e 12 0 1 1 0 1 e 19MoKaPeTa.135      
5770.977010 0.001000   1.000e-03   12 1 1 1 2 2 e 13 0 1 1 0 1 e 19MoKaPeTa.136      
5770.115860 0.001000   1.000e-03   13 1 1 1 2 2 e 14 0 1 1 0 1 e 19MoKaPeTa.137      
5769.244660 0.001000   1.000e-03   14 1 1 1 2 2 e 15 0 1 1 0 1 e 19MoKaPeTa.138      
5768.362160 0.001000   1.000e-03   15 1 1 1 2 2 e 16 0 1 1 0 1 e 19MoKaPeTa.139      
5767.467930 0.001000   1.000e-03   16 1 1 1 2 2 e 17 0 1 1 0 1 e 19MoKaPeTa.140      
5766.563350 0.001000   1.000e-03   17 1 1 1 2 2 e 18 0 1 1 0 1 e 19MoKaPeTa.141      
5765.646760 0.001000   1.000e-03   18 1 1 1 2 2 e 19 0 1 1 0 1 e 19MoKaPeTa.142      
5764.719510 0.001000   1.000e-03   19 1 1 1 2 2 e 20 0 1 1 0 1 e 19MoKaPeTa.143      
5763.780690 0.001000   1.000e-03   20 1 1 1 2 2 e 21 0 1 1 0 1 e 19MoKaPeTa.144      
5762.830830 0.001000   1.000e-03   21 1 1 1 2 2 e 22 0 1 1 0 1 e 19MoKaPeTa.145      
5761.869480 0.001000   1.000e-03   22 1 1 1 2 2 e 23 0 1 1 0 1 e 19MoKaPeTa.146      
5760.897830 0.001000   1.000e-03   23 1 1 1 2 2 e 24 0 1 1 0 1 e 19MoKaPeTa.147      
5759.914530 0.001000   1.000e-03   24 1 1 1 2 2 e 25 0 1 1 0 1 e 19MoKaPeTa.148      
5757.914110 0.001000   1.000e-03   26 1 1 1 2 2 e 27 0 1 1 0 1 e 19MoKaPeTa.149      
5756.897200 0.001000   1.000e-03   27 1 1 1 2 2 e 28 0 1 1 0 1 e 19MoKaPeTa.150      
5755.867520 0.001000   1.000e-03   28 1 1 1 2 2 e 29 0 1 1 0 1 e 19MoKaPeTa.151      
5754.829320 0.001000   1.000e-03   29 1 1 1 2 2 e 30 0 1 1 0 1 e 19MoKaPeTa.152      
5753.777720 0.001000   1.000e-03   30 1 1 1 2 2 e 31 0 1 1 0 1 e 19MoKaPeTa.153      
5752.715440 0.001000   1.212e-03   31 1 1 1 2 2 e 32 0 1 1 0 1 e 19MoKaPeTa.154      
5751.642290 0.001000   1.277e-03   32 1 1 1 2 2 e 33 0 1 1 0 1 e 19MoKaPeTa.155      
5750.558230 0.001000   2.563e-03   33 1 1 1 2 2 e 34 0 1 1 0 1 e 19MoKaPeTa.156      
5749.463130 0.001000   1.000e-03   34 1 1 1 2 2 e 35 0 1 1 0 1 e 19MoKaPeTa.157      
5748.355490 0.001000   1.000e-03   35 1 1 1 2 2 e 36 0 1 1 0 1 e 19MoKaPeTa.158      
5747.236720 0.001000   1.000e-03   36 1 1 1 2 2 e 37 0 1 1 0 1 e 19MoKaPeTa.159      
5742.651990 0.001000   1.078e-03   40 1 1 1 2 2 e 41 0 1 1 0 1 e 19MoKaPeTa.160      
5741.478760 0.001000   1.000e-03   41 1 1 1 2 2 e 42 0 1 1 0 1 e 19MoKaPeTa.161      
5740.291940 0.001000   1.000e-03   42 1 1 1 2 2 e 43 0 1 1 0 1 e 19MoKaPeTa.162      
5737.885960 0.001000   1.000e-03   44 1 1 1 2 2 e 45 0 1 1 0 1 e 19MoKaPeTa.163      
5736.666570 0.001000   1.000e-03   45 1 1 1 2 2 e 46 0 1 1 0 1 e 19MoKaPeTa.164      
5735.434570 0.001000   1.000e-03   46 1 1 1 2 2 e 47 0 1 1 0 1 e 19MoKaPeTa.165      
5734.192010 0.001000   1.000e-03   47 1 1 1 2 2 e 48 0 1 1 0 1 e 19MoKaPeTa.166      
5732.936910 0.001000   1.000e-03   48 1 1 1 2 2 e 49 0 1 1 0 1 e 19MoKaPeTa.167      
5731.674240 0.001000   1.036e-03   49 1 1 1 2 2 e 50 0 1 1 0 1 e 19MoKaPeTa.168      
5730.399140 0.001000   1.000e-03   50 1 1 1 2 2 e 51 0 1 1 0 1 e 19MoKaPeTa.169      
5727.809510 0.001000   1.000e-03   52 1 1 1 2 2 e 53 0 1 1 0 1 e 19MoKaPeTa.170      
5726.500160 0.001000   1.000e-03   53 1 1 1 2 2 e 54 0 1 1 0 1 e 19MoKaPeTa.171      
5725.177200 0.001000   1.805e-03   54 1 1 1 2 2 e 55 0 1 1 0 1 e 19MoKaPeTa.172      
5775.903200 0.001000   1.000e-03   6 1 1 1 2 2 f  7 0 1 1 0 1 f  19MoKaPeTa.173      
5775.110970 0.001000   1.000e-03   7 1 1 1 2 2 f  8 0 1 1 0 1 f  19MoKaPeTa.174      
5774.310180 0.001000   1.000e-03   8 1 1 1 2 2 f  9 0 1 1 0 1 f  19MoKaPeTa.175      
5773.496570 0.001000   1.000e-03   9 1 1 1 2 2 f  10 0 1 1 0 1 f 19MoKaPeTa.176      
5772.672020 0.001000   1.000e-03   10 1 1 1 2 2 f 11 0 1 1 0 1 f 19MoKaPeTa.177      
5771.837470 0.001000   1.000e-03   11 1 1 1 2 2 f 12 0 1 1 0 1 f 19MoKaPeTa.178      
5770.990780 0.001000   1.000e-03   12 1 1 1 2 2 f 13 0 1 1 0 1 f 19MoKaPeTa.179      
5770.135370 0.001000   1.000e-03   13 1 1 1 2 2 f 14 0 1 1 0 1 f 19MoKaPeTa.180      
5769.267740 0.001000   1.000e-03   14 1 1 1 2 2 f 15 0 1 1 0 1 f 19MoKaPeTa.181      
5768.389670 0.001000   1.000e-03   15 1 1 1 2 2 f 16 0 1 1 0 1 f 19MoKaPeTa.182      
5767.500780 0.001000   1.000e-03   16 1 1 1 2 2 f 17 0 1 1 0 1 f 19MoKaPeTa.183      
5766.600790 0.001000   1.000e-03   17 1 1 1 2 2 f 18 0 1 1 0 1 f 19MoKaPeTa.184      
5765.690070 0.001000   1.000e-03   18 1 1 1 2 2 f 19 0 1 1 0 1 f 19MoKaPeTa.185      
5764.768790 0.001000   1.000e-03   19 1 1 1 2 2 f 20 0 1 1 0 1 f 19MoKaPeTa.186      
5763.836170 0.001000   1.000e-03   20 1 1 1 2 2 f 21 0 1 1 0 1 f 19MoKaPeTa.187      
5762.892500 0.001000   1.000e-03   21 1 1 1 2 2 f 22 0 1 1 0 1 f 19MoKaPeTa.188      
5761.938570 0.001000   1.000e-03   22 1 1 1 2 2 f 23 0 1 1 0 1 f 19MoKaPeTa.189      
5760.973890 0.001000   1.000e-03   23 1 1 1 2 2 f 24 0 1 1 0 1 f 19MoKaPeTa.190      
5759.011380 0.001000   1.000e-03   25 1 1 1 2 2 f 26 0 1 1 0 1 f 19MoKaPeTa.191      
5758.014170 0.001000   1.000e-03   26 1 1 1 2 2 f 27 0 1 1 0 1 f 19MoKaPeTa.192      
5757.005000 0.001000   1.000e-03   27 1 1 1 2 2 f 28 0 1 1 0 1 f 19MoKaPeTa.193      
5755.986120 0.001000   1.000e-03   28 1 1 1 2 2 f 29 0 1 1 0 1 f 19MoKaPeTa.194      
5754.955760 0.001000   1.000e-03   29 1 1 1 2 2 f 30 0 1 1 0 1 f 19MoKaPeTa.195      
5753.914060 0.001000   1.000e-03   30 1 1 1 2 2 f 31 0 1 1 0 1 f 19MoKaPeTa.196      
5752.861470 0.001000   1.000e-03   31 1 1 1 2 2 f 32 0 1 1 0 1 f 19MoKaPeTa.197      
5751.799690 0.001000   1.000e-03   32 1 1 1 2 2 f 33 0 1 1 0 1 f 19MoKaPeTa.198      
5750.724260 0.001000   1.820e-03   33 1 1 1 2 2 f 34 0 1 1 0 1 f 19MoKaPeTa.199      
5749.639640 0.001000   1.057e-03   34 1 1 1 2 2 f 35 0 1 1 0 1 f 19MoKaPeTa.200      
5748.544370 0.001000   1.000e-03   35 1 1 1 2 2 f 36 0 1 1 0 1 f 19MoKaPeTa.201      
5747.437680 0.001000   1.459e-03   36 1 1 1 2 2 f 37 0 1 1 0 1 f 19MoKaPeTa.202      
5746.320040 0.001000   1.000e-03   37 1 1 1 2 2 f 38 0 1 1 0 1 f 19MoKaPeTa.203      
5745.189800 0.001000   3.258e-03   38 1 1 1 2 2 f 39 0 1 1 0 1 f 19MoKaPeTa.204      
5744.051140 0.001000   1.000e-03   39 1 1 1 2 2 f 40 0 1 1 0 1 f 19MoKaPeTa.205      
5741.740410 0.001000   1.000e-03   41 1 1 1 2 2 f 42 0 1 1 0 1 f 19MoKaPeTa.206      
5740.567130 0.001000   1.000e-03   42 1 1 1 2 2 f 43 0 1 1 0 1 f 19MoKaPeTa.207      
5739.383560 0.001000   1.000e-03   43 1 1 1 2 2 f 44 0 1 1 0 1 f 19MoKaPeTa.208      
5738.188790 0.001000   1.000e-03   44 1 1 1 2 2 f 45 0 1 1 0 1 f 19MoKaPeTa.209      
5736.982630 0.001000   1.000e-03   45 1 1 1 2 2 f 46 0 1 1 0 1 f 19MoKaPeTa.210      
5734.536980 0.001000   1.000e-03   47 1 1 1 2 2 f 48 0 1 1 0 1 f 19MoKaPeTa.211      
5733.297600 0.001000   1.046e-03   48 1 1 1 2 2 f 49 0 1 1 0 1 f 19MoKaPeTa.212      
5732.047480 0.001000   1.000e-03   49 1 1 1 2 2 f 50 0 1 1 0 1 f 19MoKaPeTa.213      
5730.785590 0.001000   1.948e-03   50 1 1 1 2 2 f 51 0 1 1 0 1 f 19MoKaPeTa.214      
5729.513890 0.001000   1.000e-03   51 1 1 1 2 2 f 52 0 1 1 0 1 f 19MoKaPeTa.215      
5728.229730 0.001000   1.000e-03   52 1 1 1 2 2 f 53 0 1 1 0 1 f 19MoKaPeTa.216      
5726.934030 0.001000   1.733e-03   53 1 1 1 2 2 f 54 0 1 1 0 1 f 19MoKaPeTa.217      
5722.983960 0.001000   1.000e-03   56 1 1 1 2 2 f 57 0 1 1 0 1 f 19MoKaPeTa.218      
5737.352150 0.001000   1.000e-03   5 1 2 2 2 2 e  6 0 2 2 0 1 e  19MoKaPeTa.219      
5736.570430 0.001000   1.000e-03   6 1 2 2 2 2 e  7 0 2 2 0 1 e  19MoKaPeTa.220      
5734.160480 0.001000   1.106e-03   9 1 2 2 2 2 e  10 0 2 2 0 1 e 19MoKaPeTa.221      
5726.348960 0.001000   1.000e-03   18 1 2 2 2 2 e 19 0 2 2 0 1 e 19MoKaPeTa.222      
5724.495400 0.001000   1.000e-03   20 1 2 2 2 2 e 21 0 2 2 0 1 e 19MoKaPeTa.223      
5723.549730 0.001000   1.000e-03   21 1 2 2 2 2 e 22 0 2 2 0 1 e 19MoKaPeTa.224      
5722.596370 0.001000   1.000e-03   22 1 2 2 2 2 e 23 0 2 2 0 1 e 19MoKaPeTa.225      
5714.571180 0.001000   1.000e-03   30 1 2 2 2 2 e 31 0 2 2 0 1 e 19MoKaPeTa.226      
5713.522480 0.001000   1.000e-03   31 1 2 2 2 2 e 32 0 2 2 0 1 e 19MoKaPeTa.227      
5738.883520 0.001000   1.349e-03   3 1 2 2 2 2 f  4 0 2 2 0 1 f  19MoKaPeTa.228      
5731.654170 0.001000   1.000e-03   12 1 2 2 2 2 f 13 0 2 2 0 1 f 19MoKaPeTa.229      
5729.928100 0.001000   1.000e-03   14 1 2 2 2 2 f 15 0 2 2 0 1 f 19MoKaPeTa.230      
5728.160520 0.001000   1.000e-03   16 1 2 2 2 2 f 17 0 2 2 0 1 f 19MoKaPeTa.231      
5727.260120 0.001000   1.000e-03   17 1 2 2 2 2 f 18 0 2 2 0 1 f 19MoKaPeTa.232      
5725.426320 0.001000   1.000e-03   19 1 2 2 2 2 f 20 0 2 2 0 1 f 19MoKaPeTa.233      
5724.491800 0.001000   3.673e-03   20 1 2 2 2 2 f 21 0 2 2 0 1 f 19MoKaPeTa.234      
5713.515220 0.001000   1.000e-03   31 1 2 2 2 2 f 32 0 2 2 0 1 f 19MoKaPeTa.235      
5706.976900 0.001000   1.000e-03   37 1 2 2 2 2 f 38 0 2 2 0 1 f 19MoKaPeTa.236      
5848.312630 0.001000   1.000e-03   46 3 1 1 1 4 e 47 0 1 1 0 1 e 19MoKaPeTa.237      
5846.379170 0.001000   1.000e-03   48 3 1 1 1 4 e 49 0 1 1 0 1 e 19MoKaPeTa.238      
5845.404280 0.001000   1.000e-03   49 3 1 1 1 4 e 50 0 1 1 0 1 e 19MoKaPeTa.239      
5844.424080 0.001000   1.000e-03   50 3 1 1 1 4 e 51 0 1 1 0 1 e 19MoKaPeTa.240      
5840.445930 0.001000   1.000e-03   54 3 1 1 1 4 e 55 0 1 1 0 1 e 19MoKaPeTa.241      
5839.436860 0.001000   1.000e-03   55 3 1 1 1 4 e 56 0 1 1 0 1 e 19MoKaPeTa.242      
5838.422400 0.001000   1.000e-03   56 3 1 1 1 4 e 57 0 1 1 0 1 e 19MoKaPeTa.243      
5836.375520 0.001000   1.000e-03   58 3 1 1 1 4 e 59 0 1 1 0 1 e 19MoKaPeTa.244      
5848.841210 0.001000   1.000e-03   47 3 1 1 1 4 f 48 0 1 1 0 1 f 19MoKaPeTa.245      
5847.931610 0.001000   1.000e-03   48 3 1 1 1 4 f 49 0 1 1 0 1 f 19MoKaPeTa.246      
5847.017700 0.001000   1.000e-03   49 3 1 1 1 4 f 50 0 1 1 0 1 f 19MoKaPeTa.247      
5846.097620 0.001000   1.740e-03   50 3 1 1 1 4 f 51 0 1 1 0 1 f 19MoKaPeTa.248      
5845.175990 0.001000   1.000e-03   51 3 1 1 1 4 f 52 0 1 1 0 1 f 19MoKaPeTa.249      
5844.244940 0.001000   1.000e-03   52 3 1 1 1 4 f 53 0 1 1 0 1 f 19MoKaPeTa.250      
5843.311860 0.001000   1.000e-03   53 3 1 1 1 4 f 54 0 1 1 0 1 f 19MoKaPeTa.251      
5842.373010 0.001000   1.000e-03   54 3 1 1 1 4 f 55 0 1 1 0 1 f 19MoKaPeTa.252      
5840.476110 0.001000   1.000e-03   56 3 1 1 1 4 f 57 0 1 1 0 1 f 19MoKaPeTa.253      
5838.565030 0.001000   1.000e-03   58 3 1 1 1 4 f 59 0 1 1 0 1 f 19MoKaPeTa.254      
5835.650780 0.001000   1.000e-03   61 3 1 1 1 4 f 62 0 1 1 0 1 f 19MoKaPeTa.255      
5833.682970 0.001000   1.000e-03   63 3 1 1 1 4 f 64 0 1 1 0 1 f 19MoKaPeTa.256      
5828.661580 0.001000   1.000e-03   68 3 1 1 1 4 f 69 0 1 1 0 1 f 19MoKaPeTa.257      
5834.333110 0.001000   1.000e-03   3 3 2 2 1 4 e  4 0 2 2 0 1 e  19MoKaPeTa.258      
5832.858650 0.001000   1.000e-03   5 3 2 2 1 4 e  6 0 2 2 0 1 e  19MoKaPeTa.259      
5829.094110 0.001000   1.000e-03   10 3 2 2 1 4 e 11 0 2 2 0 1 e 19MoKaPeTa.260      
5827.556110 0.001000   1.000e-03   12 3 2 2 1 4 e 13 0 2 2 0 1 e 19MoKaPeTa.261      
5825.999810 0.001000   1.000e-03   14 3 2 2 1 4 e 15 0 2 2 0 1 e 19MoKaPeTa.262      
5825.215710 0.001000   1.000e-03   15 3 2 2 1 4 e 16 0 2 2 0 1 e 19MoKaPeTa.263      
5824.425730 0.001000   1.000e-03   16 3 2 2 1 4 e 17 0 2 2 0 1 e 19MoKaPeTa.264      
5822.833290 0.001000   1.000e-03   18 3 2 2 1 4 e 19 0 2 2 0 1 e 19MoKaPeTa.265      
5821.226680 0.001000   1.084e-03   20 3 2 2 1 4 e 21 0 2 2 0 1 e 19MoKaPeTa.266      
5820.414770 0.001000   1.000e-03   21 3 2 2 1 4 e 22 0 2 2 0 1 e 19MoKaPeTa.267      
5817.952950 0.001000   1.005e-03   24 3 2 2 1 4 e 25 0 2 2 0 1 e 19MoKaPeTa.268      
5815.451790 0.001000   1.000e-03   27 3 2 2 1 4 e 28 0 2 2 0 1 e 19MoKaPeTa.269      
5814.609800 0.001000   1.000e-03   28 3 2 2 1 4 e 29 0 2 2 0 1 e 19MoKaPeTa.270      
5812.911630 0.001000   1.000e-03   30 3 2 2 1 4 e 31 0 2 2 0 1 e 19MoKaPeTa.271      
5812.054070 0.001000   1.000e-03   31 3 2 2 1 4 e 32 0 2 2 0 1 e 19MoKaPeTa.272      
5810.330330 0.001000   1.000e-03   33 3 2 2 1 4 e 34 0 2 2 0 1 e 19MoKaPeTa.273      
5809.460670 0.001000   1.000e-03   34 3 2 2 1 4 e 35 0 2 2 0 1 e 19MoKaPeTa.274      
5807.708690 0.001000   1.000e-03   36 3 2 2 1 4 e 37 0 2 2 0 1 e 19MoKaPeTa.275      
5806.828660 0.001000   1.000e-03   37 3 2 2 1 4 e 38 0 2 2 0 1 e 19MoKaPeTa.276      
5805.942910 0.001000   1.000e-03   38 3 2 2 1 4 e 39 0 2 2 0 1 e 19MoKaPeTa.277      
5834.333110 0.001000   1.000e-03   3 3 2 2 1 4 f  4 0 2 2 0 1 f  19MoKaPeTa.278      
5832.858650 0.001000   1.000e-03   5 3 2 2 1 4 f  6 0 2 2 0 1 f  19MoKaPeTa.279      
5829.094110 0.001000   1.000e-03   10 3 2 2 1 4 f 11 0 2 2 0 1 f 19MoKaPeTa.280      
5827.556110 0.001000   1.000e-03   12 3 2 2 1 4 f 13 0 2 2 0 1 f 19MoKaPeTa.281      
5825.999810 0.001000   1.000e-03   14 3 2 2 1 4 f 15 0 2 2 0 1 f 19MoKaPeTa.282      
5825.215710 0.001000   1.000e-03   15 3 2 2 1 4 f 16 0 2 2 0 1 f 19MoKaPeTa.283      
5824.425730 0.001000   1.000e-03   16 3 2 2 1 4 f 17 0 2 2 0 1 f 19MoKaPeTa.284      
5822.833290 0.001000   1.000e-03   18 3 2 2 1 4 f 19 0 2 2 0 1 f 19MoKaPeTa.285      
5821.220110 0.001000   1.000e-03   20 3 2 2 1 4 f 21 0 2 2 0 1 f 19MoKaPeTa.286      
5820.408110 0.001000   1.000e-03   21 3 2 2 1 4 f 22 0 2 2 0 1 f 19MoKaPeTa.287      
5817.941780 0.001000   1.000e-03   24 3 2 2 1 4 f 25 0 2 2 0 1 f 19MoKaPeTa.288      
5815.434380 0.001000   1.000e-03   27 3 2 2 1 4 f 28 0 2 2 0 1 f 19MoKaPeTa.289      
5814.588690 0.001000   1.000e-03   28 3 2 2 1 4 f 29 0 2 2 0 1 f 19MoKaPeTa.290      
5812.886190 0.001000   1.000e-03   30 3 2 2 1 4 f 31 0 2 2 0 1 f 19MoKaPeTa.291      
5812.024880 0.001000   1.000e-03   31 3 2 2 1 4 f 32 0 2 2 0 1 f 19MoKaPeTa.292      
5811.160000 0.001000   1.000e-03   32 3 2 2 1 4 f 33 0 2 2 0 1 f 19MoKaPeTa.293      
5810.291020 0.001000   1.141e-03   33 3 2 2 1 4 f 34 0 2 2 0 1 f 19MoKaPeTa.294      
5809.416940 0.001000   1.000e-03   34 3 2 2 1 4 f 35 0 2 2 0 1 f 19MoKaPeTa.295      
5807.656870 0.001000   1.000e-03   36 3 2 2 1 4 f 37 0 2 2 0 1 f 19MoKaPeTa.296      
5806.768470 0.001000   1.000e-03   37 3 2 2 1 4 f 38 0 2 2 0 1 f 19MoKaPeTa.297      
5805.874460 0.001000   1.000e-03   38 3 2 2 1 4 f 39 0 2 2 0 1 f 19MoKaPeTa.298      
5825.669330 0.001000   1.000e-03   6 4 1 1 1 5 e  7 1 1 1 0 2 e  19MoKaPeTa.299      
5821.898490 0.001000   1.000e-03   11 4 1 1 1 5 e 12 1 1 1 0 2 e 19MoKaPeTa.300      
5820.360320 0.001000   1.000e-03   13 4 1 1 1 5 e 14 1 1 1 0 2 e 19MoKaPeTa.301      
5817.228410 0.001000   1.000e-03   17 4 1 1 1 5 e 18 1 1 1 0 2 e 19MoKaPeTa.302      
5816.435040 0.001000   1.281e-03   18 4 1 1 1 5 e 19 1 1 1 0 2 e 19MoKaPeTa.303      
5825.697500 0.001000   1.000e-03   6 4 1 1 1 5 f  7 1 1 1 0 2 f  19MoKaPeTa.304      
5824.964060 0.001000   1.000e-03   7 4 1 1 1 5 f  8 1 1 1 0 2 f  19MoKaPeTa.305      
5823.487980 0.001000   1.000e-03   9 4 1 1 1 5 f  10 1 1 1 0 2 f 19MoKaPeTa.306      
5822.746800 0.001000   1.000e-03   10 4 1 1 1 5 f 11 1 1 1 0 2 f 19MoKaPeTa.307      
5821.256770 0.001000   1.496e-03   12 4 1 1 1 5 f 13 1 1 1 0 2 f 19MoKaPeTa.308      
5819.753540 0.001000   1.000e-03   14 4 1 1 1 5 f 15 1 1 1 0 2 f 19MoKaPeTa.309      
5818.997740 0.001000   1.000e-03   15 4 1 1 1 5 f 16 1 1 1 0 2 f 19MoKaPeTa.310      
5818.241510 0.001000   1.209e-03   16 4 1 1 1 5 f 17 1 1 1 0 2 f 19MoKaPeTa.311      
5817.480110 0.001000   1.000e-03   17 4 1 1 1 5 f 18 1 1 1 0 2 f 19MoKaPeTa.312      
5816.716820 0.001000   1.000e-03   18 4 1 1 1 5 f 19 1 1 1 0 2 f 19MoKaPeTa.313      
5812.080820 0.001000   1.000e-03   24 4 1 1 1 5 f 25 1 1 1 0 2 f 19MoKaPeTa.314      
5808.136630 0.001000   1.712e-03   29 4 1 1 1 5 f 30 1 1 1 0 2 f 19MoKaPeTa.315      
5807.341300 0.001000   1.000e-03   30 4 1 1 1 5 f 31 1 1 1 0 2 f 19MoKaPeTa.316      
5806.540540 0.001000   1.000e-03   31 4 1 1 1 5 f 32 1 1 1 0 2 f 19MoKaPeTa.317      
5781.130440 0.001000   1.000e-03   1 1 1 1 2 2 f  1 0 1 1 0 1 e  19MoKaPeTa.318      
5781.111030 0.001000   1.000e-03   2 1 1 1 2 2 f  2 0 1 1 0 1 e  19MoKaPeTa.319      
5781.043140 0.001000   1.000e-03   4 1 1 1 2 2 f  4 0 1 1 0 1 e  19MoKaPeTa.320      
5780.994560 0.001000   1.000e-03   5 1 1 1 2 2 f  5 0 1 1 0 1 e  19MoKaPeTa.321      
5780.700140 0.001000   1.000e-03   9 1 1 1 2 2 f  9 0 1 1 0 1 e  19MoKaPeTa.322      
5781.102900 0.001000   1.000e-03   2 1 1 1 2 2 e  2 0 1 1 0 1 f  19MoKaPeTa.323      
5781.069520 0.001000   1.000e-03   3 1 1 1 2 2 e  3 0 1 1 0 1 f  19MoKaPeTa.324      
5781.016610 0.001000   1.521e-03   4 1 1 1 2 2 e  4 0 1 1 0 1 f  19MoKaPeTa.325      
5780.957060 0.001000   1.000e-03   5 1 1 1 2 2 e  5 0 1 1 0 1 f  19MoKaPeTa.326      
5837.021390 0.001000   1.000e-03   9 3 2 2 1 4 e  9 0 2 2 0 1 f  19MoKaPeTa.327      
5837.021390 0.001000   1.000e-03   9 3 2 2 1 4 f  9 0 2 2 0 1 e  19MoKaPeTa.328      
5836.871490 0.001000   1.000e-03   12 3 2 2 1 4 f 12 0 2 2 0 1 e 19MoKaPeTa.329      
5836.871490 0.001000   1.000e-03   12 3 2 2 1 4 e 12 0 2 2 0 1 f 19MoKaPeTa.330      
5826.034220 0.001000   1.000e-03   1 1 0 0 2 2 e  0 0 0 0 0 1 e  19MoKaPeTa.331      
5826.725500 0.001000   1.000e-03   2 1 0 0 2 2 e  1 0 0 0 0 1 e  19MoKaPeTa.332      
5827.405400 0.001000   1.000e-03   3 1 0 0 2 2 e  2 0 0 0 0 1 e  19MoKaPeTa.333      
5828.074060 0.001000   1.000e-03   4 1 0 0 2 2 e  3 0 0 0 0 1 e  19MoKaPeTa.334      
5828.730200 0.001000   1.000e-03   5 1 0 0 2 2 e  4 0 0 0 0 1 e  19MoKaPeTa.335      
5829.377300 0.001000   1.000e-03   6 1 0 0 2 2 e  5 0 0 0 0 1 e  19MoKaPeTa.336      
5830.635150 0.001000   1.000e-03   8 1 0 0 2 2 e  7 0 0 0 0 1 e  19MoKaPeTa.337      
5831.847000 0.001000   1.000e-03   10 1 0 0 2 2 e 9 0 0 0 0 1 e  19MoKaPeTa.338      
5832.435770 0.001000   1.000e-03   11 1 0 0 2 2 e 10 0 0 0 0 1 e 19MoKaPeTa.339      
5833.580850 0.001000   1.000e-03   13 1 0 0 2 2 e 12 0 0 0 0 1 e 19MoKaPeTa.340      
5834.679180 0.001000   1.000e-03   15 1 0 0 2 2 e 14 0 0 0 0 1 e 19MoKaPeTa.341      
5835.211300 0.001000   1.000e-03   16 1 0 0 2 2 e 15 0 0 0 0 1 e 19MoKaPeTa.342      
5835.732960 0.001000   1.000e-03   17 1 0 0 2 2 e 16 0 0 0 0 1 e 19MoKaPeTa.343      
5836.739770 0.001000   1.000e-03   19 1 0 0 2 2 e 18 0 0 0 0 1 e 19MoKaPeTa.344      
5838.618410 0.001000   1.000e-03   23 1 0 0 2 2 e 22 0 0 0 0 1 e 19MoKaPeTa.345      
5839.058480 0.001000   1.000e-03   24 1 0 0 2 2 e 23 0 0 0 0 1 e 19MoKaPeTa.346      
5839.905100 0.001000   1.000e-03   26 1 0 0 2 2 e 25 0 0 0 0 1 e 19MoKaPeTa.347      
5840.311440 0.001000   1.000e-03   27 1 0 0 2 2 e 26 0 0 0 0 1 e 19MoKaPeTa.348      
5840.705660 0.001000   1.000e-03   28 1 0 0 2 2 e 27 0 0 0 0 1 e 19MoKaPeTa.349      
5841.088860 0.001000   1.000e-03   29 1 0 0 2 2 e 28 0 0 0 0 1 e 19MoKaPeTa.350      
5841.820330 0.001000   1.000e-03   31 1 0 0 2 2 e 30 0 0 0 0 1 e 19MoKaPeTa.351      
5842.168150 0.001000   1.000e-03   32 1 0 0 2 2 e 31 0 0 0 0 1 e 19MoKaPeTa.352      
5843.144070 0.001000   1.000e-03   35 1 0 0 2 2 e 34 0 0 0 0 1 e 19MoKaPeTa.353      
5843.445730 0.001000   1.000e-03   36 1 0 0 2 2 e 35 0 0 0 0 1 e 19MoKaPeTa.354      
5843.735480 0.001000   1.000e-03   37 1 0 0 2 2 e 36 0 0 0 0 1 e 19MoKaPeTa.355      
5844.014650 0.001000   1.000e-03   38 1 0 0 2 2 e 37 0 0 0 0 1 e 19MoKaPeTa.356      
5844.281420 0.001000   1.000e-03   39 1 0 0 2 2 e 38 0 0 0 0 1 e 19MoKaPeTa.357      
5844.536320 0.001000   1.000e-03   40 1 0 0 2 2 e 39 0 0 0 0 1 e 19MoKaPeTa.358      
5845.231310 0.001000   1.000e-03   43 1 0 0 2 2 e 42 0 0 0 0 1 e 19MoKaPeTa.359      
5845.438930 0.001000   1.000e-03   44 1 0 0 2 2 e 43 0 0 0 0 1 e 19MoKaPeTa.360      
5845.635170 0.001000   1.000e-03   45 1 0 0 2 2 e 44 0 0 0 0 1 e 19MoKaPeTa.361      
5845.991660 0.001000   1.000e-03   47 1 0 0 2 2 e 46 0 0 0 0 1 e 19MoKaPeTa.362      
5846.151700 0.001000   1.000e-03   48 1 0 0 2 2 e 47 0 0 0 0 1 e 19MoKaPeTa.363      
5846.438720 0.001000   1.000e-03   50 1 0 0 2 2 e 49 0 0 0 0 1 e 19MoKaPeTa.364      
5846.563150 0.001000   1.000e-03   51 1 0 0 2 2 e 50 0 0 0 0 1 e 19MoKaPeTa.365      
5846.776760 0.001000   1.000e-03   53 1 0 0 2 2 e 52 0 0 0 0 1 e 19MoKaPeTa.366      
5846.866300 0.001000   1.000e-03   54 1 0 0 2 2 e 53 0 0 0 0 1 e 19MoKaPeTa.367      
5846.943840 0.001000   1.000e-03   55 1 0 0 2 2 e 54 0 0 0 0 1 e 19MoKaPeTa.368      
5847.008710 0.001000   1.000e-03   56 1 0 0 2 2 e 55 0 0 0 0 1 e 19MoKaPeTa.369      
5847.060720 0.001000   1.000e-03   57 1 0 0 2 2 e 56 0 0 0 0 1 e 19MoKaPeTa.370      
5847.102900 0.001000   1.000e-03   58 1 0 0 2 2 e 57 0 0 0 0 1 e 19MoKaPeTa.371      
5847.129900 0.001000   1.000e-03   59 1 0 0 2 2 e 58 0 0 0 0 1 e 19MoKaPeTa.372      
5847.148300 0.001000   1.000e-03   60 1 0 0 2 2 e 59 0 0 0 0 1 e 19MoKaPeTa.373      
5847.093530 0.001000   1.000e-03   64 1 0 0 2 2 e 63 0 0 0 0 1 e 19MoKaPeTa.374      
5847.050000 0.001000   1.778e-03   65 1 0 0 2 2 e 64 0 0 0 0 1 e 19MoKaPeTa.375      
5846.993230 0.001000   1.000e-03   66 1 0 0 2 2 e 65 0 0 0 0 1 e 19MoKaPeTa.376      
5846.924110 0.001000   1.000e-03   67 1 0 0 2 2 e 66 0 0 0 0 1 e 19MoKaPeTa.377      
5846.844220 0.001000   1.000e-03   68 1 0 0 2 2 e 67 0 0 0 0 1 e 19MoKaPeTa.378      
5846.525170 0.001000   1.000e-03   71 1 0 0 2 2 e 70 0 0 0 0 1 e 19MoKaPeTa.379      
5846.392200 0.001000   1.000e-03   72 1 0 0 2 2 e 71 0 0 0 0 1 e 19MoKaPeTa.380      
5845.927370 0.001000   1.000e-03   75 1 0 0 2 2 e 74 0 0 0 0 1 e 19MoKaPeTa.381      
5772.880810 0.001000   1.000e-03   7 2 0 0 2 2 e  6 1 0 0 0 1 e  19MoKaPeTa.382      
5774.678800 0.001000   1.000e-03   10 2 0 0 2 2 e 9 1 0 0 0 1 e  19MoKaPeTa.383      
5775.253840 0.001000   1.000e-03   11 2 0 0 2 2 e 10 1 0 0 0 1 e 19MoKaPeTa.384      
5776.363650 0.001000   1.000e-03   13 2 0 0 2 2 e 12 1 0 0 0 1 e 19MoKaPeTa.385      
5776.896830 0.001000   1.000e-03   14 2 0 0 2 2 e 13 1 0 0 0 1 e 19MoKaPeTa.386      
5778.909640 0.001000   1.133e-03   18 2 0 0 2 2 e 17 1 0 0 0 1 e 19MoKaPeTa.387      
5780.717240 0.001000   1.000e-03   22 2 0 0 2 2 e 21 1 0 0 0 1 e 19MoKaPeTa.388      
5781.543480 0.001000   1.000e-03   24 2 0 0 2 2 e 23 1 0 0 0 1 e 19MoKaPeTa.389      
5781.937130 0.001000   1.000e-03   25 2 0 0 2 2 e 24 1 0 0 0 1 e 19MoKaPeTa.390      
5782.317380 0.001000   1.000e-03   26 2 0 0 2 2 e 25 1 0 0 0 1 e 19MoKaPeTa.391      
5783.383710 0.001000   1.000e-03   29 2 0 0 2 2 e 28 1 0 0 0 1 e 19MoKaPeTa.392      
5784.332580 0.001000   1.000e-03   32 2 0 0 2 2 e 31 1 0 0 0 1 e 19MoKaPeTa.393      
5784.623460 0.001000   1.964e-03   33 2 0 0 2 2 e 32 1 0 0 0 1 e 19MoKaPeTa.394      
5785.415530 0.001000   1.000e-03   36 2 0 0 2 2 e 35 1 0 0 0 1 e 19MoKaPeTa.395      
5785.655160 0.001000   1.000e-03   37 2 0 0 2 2 e 36 1 0 0 0 1 e 19MoKaPeTa.396      
5771.715530 0.001000   1.000e-03   5 2 0 0 2 3 e  4 1 0 0 0 2 e  19MoKaPeTa.397      
5774.264840 0.001000   1.000e-03   9 2 0 0 2 3 e  8 1 0 0 0 2 e  19MoKaPeTa.398      
5775.478800 0.001000   1.000e-03   11 2 0 0 2 3 e 10 1 0 0 0 2 e 19MoKaPeTa.399      
5776.651770 0.001000   1.000e-03   13 2 0 0 2 3 e 12 1 0 0 0 2 e 19MoKaPeTa.400      
5777.221990 0.001000   1.000e-03   14 2 0 0 2 3 e 13 1 0 0 0 2 e 19MoKaPeTa.401      
5777.782550 0.001000   1.000e-03   15 2 0 0 2 3 e 14 1 0 0 0 2 e 19MoKaPeTa.402      
5778.873590 0.001000   1.000e-03   17 2 0 0 2 3 e 16 1 0 0 0 2 e 19MoKaPeTa.403      
5779.922420 0.001000   1.000e-03   19 2 0 0 2 3 e 18 1 0 0 0 2 e 19MoKaPeTa.404      
5780.431940 0.001000   1.000e-03   20 2 0 0 2 3 e 19 1 0 0 0 2 e 19MoKaPeTa.405      
5780.930690 0.001000   1.000e-03   21 2 0 0 2 3 e 20 1 0 0 0 2 e 19MoKaPeTa.406      
5781.418490 0.001000   1.000e-03   22 2 0 0 2 3 e 21 1 0 0 0 2 e 19MoKaPeTa.407      
5782.364640 0.001000   1.000e-03   24 2 0 0 2 3 e 23 1 0 0 0 2 e 19MoKaPeTa.408      
5782.821960 0.001000   1.000e-03   25 2 0 0 2 3 e 24 1 0 0 0 2 e 19MoKaPeTa.409      
5783.269510 0.001000   1.000e-03   26 2 0 0 2 3 e 25 1 0 0 0 2 e 19MoKaPeTa.410      
5783.707320 0.001000   1.000e-03   27 2 0 0 2 3 e 26 1 0 0 0 2 e 19MoKaPeTa.411      
5784.132080 0.001000   1.000e-03   28 2 0 0 2 3 e 27 1 0 0 0 2 e 19MoKaPeTa.412      
5785.347570 0.001000   1.000e-03   31 2 0 0 2 3 e 30 1 0 0 0 2 e 19MoKaPeTa.413      
5785.731810 0.001000   1.000e-03   32 2 0 0 2 3 e 31 1 0 0 0 2 e 19MoKaPeTa.414      
5786.105660 0.001000   1.000e-03   33 2 0 0 2 3 e 32 1 0 0 0 2 e 19MoKaPeTa.415      
5786.820930 0.001000   1.000e-03   35 2 0 0 2 3 e 34 1 0 0 0 2 e 19MoKaPeTa.416      
5787.161860 0.001000   1.000e-03   36 2 0 0 2 3 e 35 1 0 0 0 2 e 19MoKaPeTa.417      
5788.124590 0.001000   1.000e-03   39 2 0 0 2 3 e 38 1 0 0 0 2 e 19MoKaPeTa.418      
5788.713510 0.001000   1.000e-03   41 2 0 0 2 3 e 40 1 0 0 0 2 e 19MoKaPeTa.419      
5777.635310 0.001000   1.000e-03   14 4 0 0 1 5 e 13 1 0 0 0 1 e 19MoKaPeTa.420      
5778.934540 0.001000   1.000e-03   16 4 0 0 1 5 e 15 1 0 0 0 1 e 19MoKaPeTa.421      
5780.850010 0.001000   1.000e-03   19 4 0 0 1 5 e 18 1 0 0 0 1 e 19MoKaPeTa.422      
5781.480810 0.001000   1.000e-03   20 4 0 0 1 5 e 19 1 0 0 0 1 e 19MoKaPeTa.423      
5782.107050 0.001000   1.000e-03   21 4 0 0 1 5 e 20 1 0 0 0 1 e 19MoKaPeTa.424      
5785.757830 0.001000   1.000e-03   27 4 0 0 1 5 e 26 1 0 0 0 1 e 19MoKaPeTa.425      
5789.791310 0.001000   1.000e-03   34 4 0 0 1 5 e 33 1 0 0 0 1 e 19MoKaPeTa.426      
5790.343740 0.001000   1.000e-03   35 4 0 0 1 5 e 34 1 0 0 0 1 e 19MoKaPeTa.427      
5783.219130 0.001000   1.000e-03   3 1 1 1 2 2 e  2 0 1 1 0 1 e  19MoKaPeTa.428      
5783.888480 0.001000   2.125e-03   4 1 1 1 2 2 e  3 0 1 1 0 1 e  19MoKaPeTa.429      
5784.546370 0.001000   1.000e-03   5 1 1 1 2 2 e  4 0 1 1 0 1 e  19MoKaPeTa.430      
5785.194330 0.001000   1.000e-03   6 1 1 1 2 2 e  5 0 1 1 0 1 e  19MoKaPeTa.431      
5785.831220 0.001000   1.000e-03   7 1 1 1 2 2 e  6 0 1 1 0 1 e  19MoKaPeTa.432      
5786.454440 0.001000   1.000e-03   8 1 1 1 2 2 e  7 0 1 1 0 1 e  19MoKaPeTa.433      
5787.069720 0.001000   1.294e-03   9 1 1 1 2 2 e  8 0 1 1 0 1 e  19MoKaPeTa.434      
5787.671150 0.001000   1.000e-03   10 1 1 1 2 2 e 9 0 1 1 0 1 e  19MoKaPeTa.435      
5788.262460 0.001000   1.000e-03   11 1 1 1 2 2 e 10 0 1 1 0 1 e 19MoKaPeTa.436      
5788.842440 0.001000   1.000e-03   12 1 1 1 2 2 e 11 0 1 1 0 1 e 19MoKaPeTa.437      
5789.410660 0.001000   1.000e-03   13 1 1 1 2 2 e 12 0 1 1 0 1 e 19MoKaPeTa.438      
5789.968090 0.001000   1.000e-03   14 1 1 1 2 2 e 13 0 1 1 0 1 e 19MoKaPeTa.439      
5790.515550 0.001000   1.210e-03   15 1 1 1 2 2 e 14 0 1 1 0 1 e 19MoKaPeTa.440      
5791.049240 0.001000   1.000e-03   16 1 1 1 2 2 e 15 0 1 1 0 1 e 19MoKaPeTa.441      
5791.572600 0.001000   1.000e-03   17 1 1 1 2 2 e 16 0 1 1 0 1 e 19MoKaPeTa.442      
5792.085590 0.001000   1.000e-03   18 1 1 1 2 2 e 17 0 1 1 0 1 e 19MoKaPeTa.443      
5792.586230 0.001000   1.000e-03   19 1 1 1 2 2 e 18 0 1 1 0 1 e 19MoKaPeTa.444      
5793.076130 0.001000   1.000e-03   20 1 1 1 2 2 e 19 0 1 1 0 1 e 19MoKaPeTa.445      
5793.553960 0.001000   1.000e-03   21 1 1 1 2 2 e 20 0 1 1 0 1 e 19MoKaPeTa.446      
5794.021080 0.001000   1.000e-03   22 1 1 1 2 2 e 21 0 1 1 0 1 e 19MoKaPeTa.447      
5794.477220 0.001000   1.000e-03   23 1 1 1 2 2 e 22 0 1 1 0 1 e 19MoKaPeTa.448      
5794.921700 0.001000   1.000e-03   24 1 1 1 2 2 e 23 0 1 1 0 1 e 19MoKaPeTa.449      
5795.353820 0.001000   1.000e-03   25 1 1 1 2 2 e 24 0 1 1 0 1 e 19MoKaPeTa.450      
5795.776150 0.001000   1.000e-03   26 1 1 1 2 2 e 25 0 1 1 0 1 e 19MoKaPeTa.451      
5796.186620 0.001000   1.000e-03   27 1 1 1 2 2 e 26 0 1 1 0 1 e 19MoKaPeTa.452      
5796.587160 0.001000   2.657e-03   28 1 1 1 2 2 e 27 0 1 1 0 1 e 19MoKaPeTa.453      
5796.973520 0.001000   1.000e-03   29 1 1 1 2 2 e 28 0 1 1 0 1 e 19MoKaPeTa.454      
5797.350040 0.001000   1.000e-03   30 1 1 1 2 2 e 29 0 1 1 0 1 e 19MoKaPeTa.455      
5797.714350 0.001000   1.000e-03   31 1 1 1 2 2 e 30 0 1 1 0 1 e 19MoKaPeTa.456      
5798.068520 0.001000   1.000e-03   32 1 1 1 2 2 e 31 0 1 1 0 1 e 19MoKaPeTa.457      
5798.411620 0.001000   1.000e-03   33 1 1 1 2 2 e 32 0 1 1 0 1 e 19MoKaPeTa.458      
5798.740400 0.001000   1.000e-03   34 1 1 1 2 2 e 33 0 1 1 0 1 e 19MoKaPeTa.459      
5799.059360 0.001000   1.000e-03   35 1 1 1 2 2 e 34 0 1 1 0 1 e 19MoKaPeTa.460      
5799.664530 0.001000   1.000e-03   37 1 1 1 2 2 e 36 0 1 1 0 1 e 19MoKaPeTa.461      
5799.947600 0.001000   1.000e-03   38 1 1 1 2 2 e 37 0 1 1 0 1 e 19MoKaPeTa.462      
5800.220880 0.001000   1.000e-03   39 1 1 1 2 2 e 38 0 1 1 0 1 e 19MoKaPeTa.463      
5800.484140 0.001000   1.453e-03   40 1 1 1 2 2 e 39 0 1 1 0 1 e 19MoKaPeTa.464      
5800.733520 0.001000   1.000e-03   41 1 1 1 2 2 e 40 0 1 1 0 1 e 19MoKaPeTa.465      
5801.414730 0.001000   1.000e-03   44 1 1 1 2 2 e 43 0 1 1 0 1 e 19MoKaPeTa.466      
5801.811490 0.001000   1.479e-03   46 1 1 1 2 2 e 45 0 1 1 0 1 e 19MoKaPeTa.467      
5802.465070 0.001000   1.000e-03   50 1 1 1 2 2 e 49 0 1 1 0 1 e 19MoKaPeTa.468      
5802.599510 0.001000   1.000e-03   51 1 1 1 2 2 e 50 0 1 1 0 1 e 19MoKaPeTa.469      
5802.721130 0.001000   1.000e-03   52 1 1 1 2 2 e 51 0 1 1 0 1 e 19MoKaPeTa.470      
5782.538300 0.001000   1.000e-03   2 1 1 1 2 2 f  1 0 1 1 0 1 f  19MoKaPeTa.471      
5783.223520 0.001000   1.000e-03   3 1 1 1 2 2 f  2 0 1 1 0 1 f  19MoKaPeTa.472      
5783.896150 0.001000   1.000e-03   4 1 1 1 2 2 f  3 0 1 1 0 1 f  19MoKaPeTa.473      
5784.557640 0.001000   1.000e-03   5 1 1 1 2 2 f  4 0 1 1 0 1 f  19MoKaPeTa.474      
5785.209370 0.001000   1.000e-03   6 1 1 1 2 2 f  5 0 1 1 0 1 f  19MoKaPeTa.475      
5785.847680 0.001000   1.000e-03   7 1 1 1 2 2 f  6 0 1 1 0 1 f  19MoKaPeTa.476      
5786.476710 0.001000   1.000e-03   8 1 1 1 2 2 f  7 0 1 1 0 1 f  19MoKaPeTa.477      
5787.094680 0.001000   1.000e-03   9 1 1 1 2 2 f  8 0 1 1 0 1 f  19MoKaPeTa.478      
5787.701360 0.001000   1.000e-03   10 1 1 1 2 2 f 9 0 1 1 0 1 f  19MoKaPeTa.479      
5788.298030 0.001000   1.000e-03   11 1 1 1 2 2 f 10 0 1 1 0 1 f 19MoKaPeTa.480      
5788.883720 0.001000   1.000e-03   12 1 1 1 2 2 f 11 0 1 1 0 1 f 19MoKaPeTa.481      
5789.458270 0.001000   1.000e-03   13 1 1 1 2 2 f 12 0 1 1 0 1 f 19MoKaPeTa.482      
5790.022220 0.001000   1.000e-03   14 1 1 1 2 2 f 13 0 1 1 0 1 f 19MoKaPeTa.483      
5791.116560 0.001000   1.000e-03   16 1 1 1 2 2 f 15 0 1 1 0 1 f 19MoKaPeTa.484      
5791.647170 0.001000   1.000e-03   17 1 1 1 2 2 f 16 0 1 1 0 1 f 19MoKaPeTa.485      
5792.165480 0.001000   1.000e-03   18 1 1 1 2 2 f 17 0 1 1 0 1 f 19MoKaPeTa.486      
5792.676790 0.001000   1.000e-03   19 1 1 1 2 2 f 18 0 1 1 0 1 f 19MoKaPeTa.487      
5793.174000 0.001000   1.000e-03   20 1 1 1 2 2 f 19 0 1 1 0 1 f 19MoKaPeTa.488      
5793.660730 0.001000   1.000e-03   21 1 1 1 2 2 f 20 0 1 1 0 1 f 19MoKaPeTa.489      
5794.136870 0.001000   1.000e-03   22 1 1 1 2 2 f 21 0 1 1 0 1 f 19MoKaPeTa.490      
5794.601400 0.001000   1.000e-03   23 1 1 1 2 2 f 22 0 1 1 0 1 f 19MoKaPeTa.491      
5795.056210 0.001000   1.000e-03   24 1 1 1 2 2 f 23 0 1 1 0 1 f 19MoKaPeTa.492      
5795.499020 0.001000   1.000e-03   25 1 1 1 2 2 f 24 0 1 1 0 1 f 19MoKaPeTa.493      
5795.931640 0.001000   1.000e-03   26 1 1 1 2 2 f 25 0 1 1 0 1 f 19MoKaPeTa.494      
5796.352310 0.001000   1.000e-03   27 1 1 1 2 2 f 26 0 1 1 0 1 f 19MoKaPeTa.495      
5796.762760 0.001000   1.000e-03   28 1 1 1 2 2 f 27 0 1 1 0 1 f 19MoKaPeTa.496      
5797.925970 0.001000   1.000e-03   31 1 1 1 2 2 f 30 0 1 1 0 1 f 19MoKaPeTa.497      
5798.292230 0.001000   1.000e-03   32 1 1 1 2 2 f 31 0 1 1 0 1 f 19MoKaPeTa.498      
5798.646570 0.001000   1.000e-03   33 1 1 1 2 2 f 32 0 1 1 0 1 f 19MoKaPeTa.499      
5799.322340 0.001000   1.000e-03   35 1 1 1 2 2 f 34 0 1 1 0 1 f 19MoKaPeTa.500      
5799.643410 0.001000   1.000e-03   36 1 1 1 2 2 f 35 0 1 1 0 1 f 19MoKaPeTa.501      
5799.953340 0.001000   1.000e-03   37 1 1 1 2 2 f 36 0 1 1 0 1 f 19MoKaPeTa.502      
5800.540740 0.001000   2.183e-03   39 1 1 1 2 2 f 38 0 1 1 0 1 f 19MoKaPeTa.503      
5800.816760 0.001000   1.000e-03   40 1 1 1 2 2 f 39 0 1 1 0 1 f 19MoKaPeTa.504      
5801.334980 0.001000   1.000e-03   42 1 1 1 2 2 f 41 0 1 1 0 1 f 19MoKaPeTa.505      
5801.578140 0.001000   1.000e-03   43 1 1 1 2 2 f 42 0 1 1 0 1 f 19MoKaPeTa.506      
5801.808130 0.001000   1.089e-03   44 1 1 1 2 2 f 43 0 1 1 0 1 f 19MoKaPeTa.507      
5802.029510 0.001000   1.000e-03   45 1 1 1 2 2 f 44 0 1 1 0 1 f 19MoKaPeTa.508      
5802.238210 0.001000   1.000e-03   46 1 1 1 2 2 f 45 0 1 1 0 1 f 19MoKaPeTa.509      
5802.435500 0.001000   1.000e-03   47 1 1 1 2 2 f 46 0 1 1 0 1 f 19MoKaPeTa.510      
5802.620550 0.001000   1.000e-03   48 1 1 1 2 2 f 47 0 1 1 0 1 f 19MoKaPeTa.511      
5803.380950 0.001000   1.000e-03   53 1 1 1 2 2 f 52 0 1 1 0 1 f 19MoKaPeTa.512      
5747.155010 0.001000   1.000e-03   8 1 2 2 2 2 e  7 0 2 2 0 1 e  19MoKaPeTa.513      
5751.258470 0.001000   1.000e-03   15 1 2 2 2 2 e 14 0 2 2 0 1 e 19MoKaPeTa.514      
5752.332610 0.001000   1.000e-03   17 1 2 2 2 2 e 16 0 2 2 0 1 e 19MoKaPeTa.515      
5754.352560 0.001000   1.000e-03   21 1 2 2 2 2 e 20 0 2 2 0 1 e 19MoKaPeTa.516      
5755.295950 0.001000   1.000e-03   23 1 2 2 2 2 e 22 0 2 2 0 1 e 19MoKaPeTa.517      
5756.195710 0.001000   1.000e-03   25 1 2 2 2 2 e 24 0 2 2 0 1 e 19MoKaPeTa.518      
5756.630300 0.001000   1.000e-03   26 1 2 2 2 2 e 25 0 2 2 0 1 e 19MoKaPeTa.519      
5758.253130 0.001000   1.000e-03   30 1 2 2 2 2 e 29 0 2 2 0 1 e 19MoKaPeTa.520      
5750.140040 0.001000   1.000e-03   13 1 2 2 2 2 f 12 0 2 2 0 1 f 19MoKaPeTa.521      
5750.704460 0.001000   1.000e-03   14 1 2 2 2 2 f 13 0 2 2 0 1 f 19MoKaPeTa.522      
5753.864780 0.001000   1.000e-03   20 1 2 2 2 2 f 19 0 2 2 0 1 f 19MoKaPeTa.523      
5755.752250 0.001000   1.000e-03   24 1 2 2 2 2 f 23 0 2 2 0 1 f 19MoKaPeTa.524      
5757.051670 0.001000   1.000e-03   27 1 2 2 2 2 f 26 0 2 2 0 1 f 19MoKaPeTa.525      
5840.739790 0.001000   1.000e-03   5 3 2 2 1 4 e  4 0 2 2 0 1 e  19MoKaPeTa.526      
5841.428730 0.001000   1.000e-03   6 3 2 2 1 4 e  5 0 2 2 0 1 e  19MoKaPeTa.527      
5843.469200 0.001000   1.000e-03   9 3 2 2 1 4 e  8 0 2 2 0 1 e  19MoKaPeTa.528      
5844.805450 0.001000   1.000e-03   11 3 2 2 1 4 e 10 0 2 2 0 1 e 19MoKaPeTa.529      
5846.124240 0.001000   1.000e-03   13 3 2 2 1 4 e 12 0 2 2 0 1 e 19MoKaPeTa.530      
5847.423550 0.001000   1.000e-03   15 3 2 2 1 4 e 14 0 2 2 0 1 e 19MoKaPeTa.531      
5848.066130 0.001000   1.000e-03   16 3 2 2 1 4 e 15 0 2 2 0 1 e 19MoKaPeTa.532      
5849.339300 0.001000   1.000e-03   18 3 2 2 1 4 e 17 0 2 2 0 1 e 19MoKaPeTa.533      
5849.968130 0.001000   1.000e-03   19 3 2 2 1 4 e 18 0 2 2 0 1 e 19MoKaPeTa.534      
5840.739790 0.001000   1.000e-03   5 3 2 2 1 4 f  4 0 2 2 0 1 f  19MoKaPeTa.535      
5841.428730 0.001000   1.000e-03   6 3 2 2 1 4 f  5 0 2 2 0 1 f  19MoKaPeTa.536      
5843.469200 0.001000   1.000e-03   9 3 2 2 1 4 f  8 0 2 2 0 1 f  19MoKaPeTa.537      
5844.805450 0.001000   1.000e-03   11 3 2 2 1 4 f 10 0 2 2 0 1 f 19MoKaPeTa.538      
5846.124240 0.001000   1.000e-03   13 3 2 2 1 4 f 12 0 2 2 0 1 f 19MoKaPeTa.539      
5847.423550 0.001000   1.000e-03   15 3 2 2 1 4 f 14 0 2 2 0 1 f 19MoKaPeTa.540      
5848.066130 0.001000   1.000e-03   16 3 2 2 1 4 f 15 0 2 2 0 1 f 19MoKaPeTa.541      
5849.339300 0.001000   1.000e-03   18 3 2 2 1 4 f 17 0 2 2 0 1 f 19MoKaPeTa.542      
5835.638220 0.001000   1.000e-03   7 4 1 1 1 5 e  6 1 1 1 0 2 e  19MoKaPeTa.543      
5836.318520 0.001000   1.000e-03   8 4 1 1 1 5 e  7 1 1 1 0 2 e  19MoKaPeTa.544      
5836.992290 0.001000   1.000e-03   9 4 1 1 1 5 e  8 1 1 1 0 2 e  19MoKaPeTa.545      
5837.661850 0.001000   1.000e-03   10 4 1 1 1 5 e 9 1 1 1 0 2 e  19MoKaPeTa.546      
5838.328230 0.001000   2.438e-03   11 4 1 1 1 5 e 10 1 1 1 0 2 e 19MoKaPeTa.547      
5838.990220 0.001000   1.503e-03   12 4 1 1 1 5 e 11 1 1 1 0 2 e 19MoKaPeTa.548      
5839.644980 0.001000   1.000e-03   13 4 1 1 1 5 e 12 1 1 1 0 2 e 19MoKaPeTa.549      
5840.944970 0.001000   1.000e-03   15 4 1 1 1 5 e 14 1 1 1 0 2 e 19MoKaPeTa.550      
5841.587430 0.001000   1.000e-03   16 4 1 1 1 5 e 15 1 1 1 0 2 e 19MoKaPeTa.551      
5842.225620 0.001000   1.000e-03   17 4 1 1 1 5 e 16 1 1 1 0 2 e 19MoKaPeTa.552      
5844.113020 0.001000   1.000e-03   20 4 1 1 1 5 e 19 1 1 1 0 2 e 19MoKaPeTa.553      
5845.959220 0.001000   1.000e-03   23 4 1 1 1 5 e 22 1 1 1 0 2 e 19MoKaPeTa.554      
5847.168070 0.001000   1.010e-03   25 4 1 1 1 5 e 24 1 1 1 0 2 e 19MoKaPeTa.555      
5847.763840 0.001000   1.000e-03   26 4 1 1 1 5 e 25 1 1 1 0 2 e 19MoKaPeTa.556      
5837.777490 0.001000   1.000e-03   10 4 1 1 1 5 f 9 1 1 1 0 2 f  19MoKaPeTa.557      
5838.464300 0.001000   1.000e-03   11 4 1 1 1 5 f 10 1 1 1 0 2 f 19MoKaPeTa.558      
5839.829070 0.001000   1.000e-03   13 4 1 1 1 5 f 12 1 1 1 0 2 f 19MoKaPeTa.559      
5843.194530 0.001000   1.000e-03   18 4 1 1 1 5 f 17 1 1 1 0 2 f 19MoKaPeTa.560      
5846.489830 0.001000   1.000e-03   23 4 1 1 1 5 f 22 1 1 1 0 2 f 19MoKaPeTa.561      
5847.786150 0.001000   1.000e-03   25 4 1 1 1 5 f 24 1 1 1 0 2 f 19MoKaPeTa.562      
5849.071320 0.001000   1.000e-03   27 4 1 1 1 5 f 26 1 1 1 0 2 f 19MoKaPeTa.563      